DE_model	contrast	gene_name	gene_id	domain8426_logFC	domain8426_tstat	domain8426_P.Value	domain8426_adj.P.Val	domain12199_logFC	domain12199_tstat	domain12199_P.Value	domain12199_adj.P.Val	domain16119_logFC	domain16119_tstat	domain16119_P.Value	domain16119_adj.P.Val	domain20079_logFC	domain20079_tstat	domain20079_P.Value	domain20079_adj.P.Val	domain8492_logFC	domain8492_tstat	domain8492_P.Value	domain8492_adj.P.Val	domain12412_logFC	domain12412_tstat	domain12412_P.Value	domain12412_adj.P.Val
E2E4label	LCdom_E4vE2	ABCC9	ENSG00000069431	0.04823	0.33089	0.74104	0.89267	0.02314	0.15901	0.87381	0.93806	0.04823	0.33089	0.74104	0.89267	-0.04349	-0.28481	0.77606	0.89775	-0.00167	-0.00936	0.99254	0.99796	-0.02696	-0.15346	0.8781	0.96299
E2E4label	LCdom_E4vE2	ACHE	ENSG00000087085	-0.08224	-0.70385	0.48226	0.77971	-0.04707	-0.40262	0.68762	0.84717	-0.08224	-0.70385	0.48226	0.77971	-0.1818	-1.51485	0.13125	0.38324	0.10313	0.96743	0.33378	0.60537	-0.02188	-0.20022	0.84138	0.93712
E2E4label	LCdom_E4vE2	ADAMTS12	ENSG00000151388	0.38454	2.08673	0.03805	0.2277	0.39288	2.17442	0.03073	0.15158	0.38454	2.08673	0.03805	0.2277	0.35306	1.84636	0.06619	0.24905	0.45646	1.86224	0.06313	0.23147	0.36832	1.55943	0.1195	0.34982
E2E4label	LCdom_E4vE2	ADAMTS16	ENSG00000145536	0.09157	0.41353	0.67962	0.87158	0.00592	0.0269	0.97857	0.98125	0.09157	0.41353	0.67962	0.87158	0.33108	1.43692	0.15216	0.39447	0.07829	0.24145	0.8093	0.89001	0.07346	0.2341	0.815	0.92942
E2E4label	LCdom_E4vE2	ADAMTS3	ENSG00000156140	-0.06846	-0.30735	0.75887	0.8971	0.07732	0.35508	0.72287	0.85967	-0.06846	-0.30735	0.75887	0.8971	-0.01866	-0.08298	0.93395	0.96025	0.10108	0.34861	0.72752	0.85744	0.0358	0.12708	0.89892	0.97116
E2E4label	LCdom_E4vE2	ADCYAP1	ENSG00000141433	-0.30503	-1.31866	0.18865	0.50261	-0.25972	-1.13555	0.25738	0.5399	-0.30503	-1.31866	0.18865	0.50261	-0.64865	-2.62418	0.0093	0.0867	-0.34669	-1.59229	0.11192	0.33301	-0.42318	-1.95042	0.05166	0.20802
E2E4label	LCdom_E4vE2	ADRA1A	ENSG00000120907	-0.16984	-1.69761	0.09098	0.34324	-0.2091	-2.07465	0.03917	0.17021	-0.16984	-1.69761	0.09098	0.34324	-0.15009	-1.4316	0.15368	0.39447	-0.01855	-0.15353	0.87804	0.92924	-0.13028	-1.09274	0.27501	0.56401
E2E4label	LCdom_E4vE2	ADRA1B	ENSG00000170214	-0.15731	-0.90652	0.36564	0.71119	-0.17539	-0.99106	0.32273	0.60101	-0.15731	-0.90652	0.36564	0.71119	-0.19032	-1.07916	0.2817	0.54514	0.00987	0.0449	0.9642	0.98502	-0.05585	-0.26108	0.79413	0.9189
E2E4label	LCdom_E4vE2	ADRA2A	ENSG00000150594	0.16163	0.84075	0.40139	0.72529	0.23589	1.20919	0.22788	0.50409	0.16163	0.84075	0.40139	0.72529	0.06698	0.32764	0.7435	0.88825	0.29509	2.03984	0.04187	0.18414	0.17858	1.20049	0.23049	0.51071
E2E4label	LCdom_E4vE2	AIF1	ENSG00000204472	-0.21306	-1.46397	0.14462	0.43624	-0.27161	-1.85447	0.065	0.22382	-0.21306	-1.46397	0.14462	0.43624	-0.26269	-1.69819	0.09089	0.30957	-0.29048	-1.78677	0.07455	0.25531	-0.32575	-2.16935	0.0305	0.14964
E2E4label	LCdom_E4vE2	ALDOC	ENSG00000109107	-0.07619	-0.81749	0.41453	0.73451	-0.0701	-0.74448	0.45737	0.73494	-0.07619	-0.81749	0.41453	0.73451	-0.15583	-1.62102	0.10645	0.33785	-0.01949	-0.23854	0.81155	0.89001	-0.08019	-0.93145	0.35205	0.64542
E2E4label	LCdom_E4vE2	ALK	ENSG00000171094	0.09568	0.74028	0.45991	0.764	0.16011	1.21412	0.22599	0.50297	0.09568	0.74028	0.45991	0.764	0.03208	0.23857	0.81166	0.90663	0.25657	1.96004	0.05052	0.20092	0.13484	1.03024	0.30337	0.59561
E2E4label	LCdom_E4vE2	ANGPT1	ENSG00000154188	-0.07655	-0.59488	0.55253	0.81039	-0.05521	-0.4315	0.66653	0.84717	-0.07655	-0.59488	0.55253	0.81039	-0.11859	-0.88093	0.37932	0.65617	0.04491	0.28777	0.77364	0.86545	-0.06403	-0.42341	0.67217	0.89045
E2E4label	LCdom_E4vE2	ANK1	ENSG00000029534	-0.26968	-2.58047	0.01051	0.11989	-0.26529	-2.52743	0.01219	0.09318	-0.26968	-2.58047	0.01051	0.11989	-0.30446	-2.78383	0.00584	0.06662	-0.13774	-1.15061	0.25042	0.52242	-0.26374	-2.18799	0.02911	0.14504
E2E4label	LCdom_E4vE2	ANKRD18A	ENSG00000180071	0.30245	1.99874	0.04686	0.2474	0.30715	2.05465	0.04109	0.17437	0.30245	1.99874	0.04686	0.2474	0.24587	1.54792	0.12308	0.36824	0.42658	2.63913	0.00856	0.07768	0.35146	2.19298	0.02875	0.14504
E2E4label	LCdom_E4vE2	ANO3	ENSG00000134343	0.06428	0.44785	0.6547	0.85958	0.05756	0.40736	0.68414	0.84717	0.06428	0.44785	0.6547	0.85958	-0.16728	-1.11204	0.26734	0.53634	0.18812	0.97676	0.32914	0.60342	0.06614	0.34901	0.72722	0.90276
E2E4label	LCdom_E4vE2	ANXA1	ENSG00000135046	0.03997	0.2352	0.81427	0.93757	0.03437	0.2	0.84167	0.91704	0.03997	0.2352	0.81427	0.93757	0.03329	0.18437	0.8539	0.91904	0.06143	0.29806	0.76577	0.86545	0.06041	0.29441	0.76856	0.90876
E2E4label	LCdom_E4vE2	APLP1	ENSG00000105290	0.06647	0.63343	0.5271	0.79831	0.07809	0.75034	0.45385	0.73386	0.06647	0.63343	0.5271	0.79831	-0.02426	-0.22091	0.82537	0.90818	0.14824	1.61501	0.10691	0.3234	0.05988	0.68847	0.49146	0.7635
E2E4label	LCdom_E4vE2	APOC1	ENSG00000130208	-0.09437	-0.61471	0.53938	0.80356	-0.06946	-0.45044	0.65284	0.842	-0.09437	-0.61471	0.53938	0.80356	-0.1682	-1.07457	0.28374	0.54514	-0.10082	-0.64181	0.52128	0.763	-0.19609	-1.26973	0.20474	0.47339
E2E4label	LCdom_E4vE2	APOE	ENSG00000130203	0.16021	1.25287	0.21157	0.5196	0.13736	1.07848	0.28199	0.55494	0.16021	1.25287	0.21157	0.5196	0.07857	0.5967	0.55132	0.78914	0.05826	0.54842	0.58364	0.7789	0.02917	0.26887	0.78814	0.9189
E2E4label	LCdom_E4vE2	APOLD1	ENSG00000178878	0.25498	1.09561	0.27444	0.61101	0.20293	0.87567	0.38216	0.67034	0.25498	1.09561	0.27444	0.61101	0.21297	0.87015	0.38517	0.66315	0.21282	0.90548	0.36562	0.6358	0.25288	1.10926	0.26783	0.55874
E2E4label	LCdom_E4vE2	APP	ENSG00000142192	-0.03466	-0.51016	0.61045	0.83957	-0.03556	-0.5335	0.59422	0.80929	-0.03466	-0.51016	0.61045	0.83957	-0.10267	-1.47084	0.14276	0.39447	0.05707	0.86706	0.38631	0.63764	-0.02991	-0.47344	0.63609	0.85912
E2E4label	LCdom_E4vE2	AQP4	ENSG00000171885	-0.09389	-0.78657	0.43237	0.74092	-0.14603	-1.23741	0.21724	0.50017	-0.09389	-0.78657	0.43237	0.74092	-0.16669	-1.33732	0.1825	0.4279	-0.16601	-1.50111	0.13393	0.37397	-0.19278	-1.64455	0.10066	0.32308
E2E4label	LCdom_E4vE2	ARHGAP24	ENSG00000138639	0.0071	0.0555	0.95579	0.98828	0.06149	0.47574	0.63473	0.83638	0.0071	0.0555	0.95579	0.98828	-0.09239	-0.69544	0.48752	0.754	0.11014	0.91489	0.36067	0.63571	-0.01711	-0.14527	0.88455	0.96568
E2E4label	LCdom_E4vE2	ARL8B	ENSG00000134108	0.01801	0.19007	0.84943	0.96286	0.03586	0.37531	0.70779	0.85544	0.01801	0.19007	0.84943	0.96286	-0.06139	-0.60969	0.5427	0.78914	0.1643	1.82679	0.0683	0.2384	0.06414	0.73486	0.46276	0.74507
E2E4label	LCdom_E4vE2	ASTN1	ENSG00000152092	-0.13453	-1.55514	0.12134	0.39137	-0.17939	-2.10886	0.03608	0.16693	-0.13453	-1.55514	0.12134	0.39137	-0.22724	-2.56353	0.01103	0.09585	-0.08983	-1.07554	0.28263	0.55758	-0.14553	-1.70748	0.08833	0.29147
E2E4label	LCdom_E4vE2	ATF4	ENSG00000128272	0.05506	0.65442	0.51352	0.79422	0.05749	0.68075	0.49674	0.75847	0.05506	0.65442	0.51352	0.79422	-0.01448	-0.16716	0.8674	0.92355	0.13124	1.69349	0.09096	0.28631	0.05808	0.80668	0.42022	0.70327
E2E4label	LCdom_E4vE2	ATN1	ENSG00000111676	-0.05596	-0.79934	0.42495	0.73595	-0.07622	-1.11311	0.26687	0.54281	-0.05596	-0.79934	0.42495	0.73595	-0.09675	-1.31871	0.18864	0.43304	-0.04013	-0.61263	0.54039	0.77664	-0.09441	-1.45262	0.14693	0.38452
E2E4label	LCdom_E4vE2	ATP2C2	ENSG00000064270	0.10804	0.7473	0.45568	0.76294	0.14577	1.03689	0.30092	0.58355	0.10804	0.7473	0.45568	0.76294	0.07047	0.46579	0.64183	0.85499	0.1736	1.00994	0.31299	0.58565	0.13302	0.78574	0.43238	0.71342
E2E4label	LCdom_E4vE2	AVP	ENSG00000101200	-0.03138	-0.07265	0.94215	0.98828	0.01533	0.03534	0.97184	0.97911	-0.03138	-0.07265	0.94215	0.98828	-0.15598	-0.34068	0.73367	0.88825								
E2E4label	LCdom_E4vE2	AZIN1	ENSG00000155096	0.04475	0.58832	0.55691	0.81275	0.06928	0.88734	0.37586	0.66275	0.04475	0.58832	0.55691	0.81275	-0.01307	-0.16175	0.87165	0.92486	0.15786	2.32222	0.0206	0.12676	0.07464	1.16362	0.24511	0.53278
E2E4label	LCdom_E4vE2	B4GALNT1	ENSG00000135454	0.0706	0.62816	0.53055	0.80021	0.09416	0.83547	0.40435	0.69618	0.0706	0.62816	0.53055	0.80021	0.00158	0.01358	0.98918	0.98918	0.26633	2.27384	0.02338	0.13479	0.16052	1.38244	0.16743	0.41914
E2E4label	LCdom_E4vE2	BAG3	ENSG00000151929	0.00106	0.00777	0.99381	0.99654	-0.00894	-0.06492	0.94829	0.96954	0.00106	0.00777	0.99381	0.99654	-0.03989	-0.28007	0.77969	0.89775	0.0697	0.5755	0.5652	0.7768	0.00368	0.03026	0.97587	0.98939
E2E4label	LCdom_E4vE2	BCAN	ENSG00000132692	0.05304	0.46184	0.64465	0.84945	0.0335	0.30146	0.76334	0.88451	0.05304	0.46184	0.64465	0.84945	-0.03316	-0.28518	0.77577	0.89775	0.04592	0.38649	0.69929	0.83501	0.00634	0.05278	0.95793	0.98786
E2E4label	LCdom_E4vE2	BRINP3	ENSG00000162670	-0.34376	-3.09438	0.00223	0.04513	-0.34616	-3.0642	0.00245	0.04477	-0.34376	-3.09438	0.00223	0.04513	-0.43607	-3.86114	0.00015	0.01084	-0.19575	-1.65746	0.09802	0.30155	-0.2867	-2.4099	0.0163	0.10017
E2E4label	LCdom_E4vE2	BTBD11	ENSG00000151136	-0.47982	-3.78123	2e-04	0.01465	-0.5199	-4.13261	5e-05	0.00309	-0.47982	-3.78123	2e-04	0.01465	-0.60868	-4.48198	1e-05	0.00145	-0.33262	-2.51419	0.01223	0.09059	-0.42991	-3.17257	0.0016	0.02419
E2E4label	LCdom_E4vE2	C1QA	ENSG00000173372	-0.07317	-0.54678	0.58508	0.83419	-0.07132	-0.54094	0.58909	0.80531	-0.07317	-0.54678	0.58508	0.83419	-0.07591	-0.54319	0.58755	0.81853	-0.04754	-0.43058	0.66695	0.82014	-0.06492	-0.58986	0.55554	0.80988
E2E4label	LCdom_E4vE2	C1QB	ENSG00000173369	-0.02804	-0.23035	0.81803	0.93894	-0.0431	-0.35177	0.72535	0.85967	-0.02804	-0.23035	0.81803	0.93894	-0.0328	-0.25187	0.80138	0.90663	-0.03252	-0.26881	0.78818	0.87764	-0.09454	-0.82241	0.41122	0.70081
E2E4label	LCdom_E4vE2	C1QL3	ENSG00000165985	-0.18046	-1.09405	0.27512	0.61101	-0.18229	-1.08144	0.28068	0.55494	-0.18046	-1.09405	0.27512	0.61101	-0.38427	-2.18332	0.03007	0.16304	0.03856	0.2063	0.83663	0.91201	-0.1684	-0.89014	0.3738	0.66776
E2E4label	LCdom_E4vE2	C1orf162	ENSG00000143110	-0.0936	-0.84172	0.40085	0.72529	-0.17169	-1.55608	0.12112	0.35366	-0.0936	-0.84172	0.40085	0.72529	-0.15349	-1.31988	0.18825	0.43304	-0.09234	-0.62193	0.53426	0.77575	-0.11622	-0.80146	0.42323	0.70327
E2E4label	LCdom_E4vE2	C3	ENSG00000125730	-0.34211	-2.10823	0.03613	0.22353	-0.41583	-2.57264	0.01075	0.093	-0.34211	-2.10823	0.03613	0.22353	-0.38498	-2.23107	0.02669	0.1546	-0.40245	-2.66465	0.00794	0.07589	-0.43415	-3.03476	0.00253	0.03397
E2E4label	LCdom_E4vE2	CABLES1	ENSG00000134508	-0.37706	-3.22953	0.00143	0.03475	-0.40237	-3.46894	0.00063	0.01636	-0.37706	-3.22953	0.00143	0.03475	-0.37977	-3.12579	0.00201	0.04081	-0.36251	-3.00919	0.00275	0.03984	-0.39971	-3.22547	0.00134	0.02216
E2E4label	LCdom_E4vE2	CALCRL	ENSG00000064989	-0.29572	-2.14924	0.0327	0.21312	-0.35121	-2.54186	0.01171	0.093	-0.29572	-2.14924	0.0327	0.21312	-0.41087	-2.87412	0.00445	0.06246	-0.3474	-2.37421	0.01795	0.11632	-0.38457	-2.6466	0.00837	0.06756
E2E4label	LCdom_E4vE2	CAPG	ENSG00000042493	-0.05313	-0.42028	0.67469	0.87018	-0.09682	-0.76872	0.44287	0.73386	-0.05313	-0.42028	0.67469	0.87018	-0.08478	-0.64329	0.52071	0.77028	-0.13711	-0.99754	0.31896	0.59376	-0.13786	-1.01957	0.3084	0.59561
E2E4label	LCdom_E4vE2	CAPN3	ENSG00000092529	0.43695	3.40115	8e-04	0.02454	0.39133	3.13452	0.00195	0.03754	0.43695	3.40115	8e-04	0.02454	0.35037	2.61893	0.00943	0.0867	0.43594	3.29278	0.00106	0.02023	0.4212	3.30539	0.00101	0.01839
E2E4label	LCdom_E4vE2	CARTPT	ENSG00000164326	0.97431	3.45527	0.00066	0.02454	1.01952	3.47387	0.00062	0.01636	0.97431	3.45527	0.00066	0.02454	0.71814	2.3991	0.01728	0.12614	0.91088	3.85691	0.00013	0.00469	0.79475	3.34107	0.00089	0.01778
E2E4label	LCdom_E4vE2	CAV1	ENSG00000105974	0.04692	0.28971	0.77231	0.90641	-0.05422	-0.33654	0.73679	0.85967	0.04692	0.28971	0.77231	0.90641	0.06208	0.36441	0.7159	0.88825	0.0317	0.16175	0.87157	0.92807	-0.00149	-0.00772	0.99384	0.99659
E2E4label	LCdom_E4vE2	CCK	ENSG00000187094	-0.45161	-1.86352	0.06371	0.26819	-0.52214	-2.18773	0.02973	0.14867	-0.45161	-1.86352	0.06371	0.26819	-0.41737	-1.66988	0.09637	0.31688	-0.56746	-2.51923	0.01206	0.09059	-0.65651	-2.91061	0.00376	0.0455
E2E4label	LCdom_E4vE2	CCL4	ENSG00000275302	0.42211	1.43793	0.15186	0.43992	0.35004	1.18442	0.23751	0.51912	0.42211	1.43793	0.15186	0.43992	0.20048	0.6502	0.51624	0.76955	0.32736	0.87336	0.38287	0.63764	0.52772	1.44569	0.14886	0.38598
E2E4label	LCdom_E4vE2	CCL5	ENSG00000271503	-0.0197	-0.06577	0.94762	0.98828	0.22883	0.73973	0.46025	0.73494	-0.0197	-0.06577	0.94762	0.98828	-0.13523	-0.43126	0.6667	0.866	0.45268	1.31079	0.1905	0.45495	0.47808	1.42866	0.1537	0.39569
E2E4label	LCdom_E4vE2	CCNA1	ENSG00000133101	0.06026	0.3605	0.71881	0.8924	0.12216	0.71017	0.47834	0.74704	0.06026	0.3605	0.71881	0.8924	-0.0515	-0.2964	0.76721	0.89775	0.24824	1.4329	0.15248	0.4011	0.14008	0.82475	0.40989	0.70081
E2E4label	LCdom_E4vE2	CCNB2	ENSG00000157456	0.13618	0.63575	0.52559	0.79831	0.12455	0.59517	0.55234	0.78743	0.13618	0.63575	0.52559	0.79831	0.14391	0.64972	0.51655	0.76955	0.28709	1.01954	0.30842	0.5831	0.26159	0.95317	0.34094	0.63958
E2E4label	LCdom_E4vE2	CD14	ENSG00000170458	0.26345	1.3813	0.16858	0.47325	0.26724	1.40026	0.16283	0.42151	0.26345	1.3813	0.16858	0.47325	0.30095	1.49108	0.13738	0.38817	0.1654	0.77132	0.44087	0.68376	0.1153	0.57514	0.56544	0.81564
E2E4label	LCdom_E4vE2	CD163	ENSG00000177575	0.52233	2.01143	0.04549	0.2474	0.5002	1.94805	0.05267	0.20452	0.52233	2.01143	0.04549	0.2474	0.51512	1.87531	0.06208	0.24905	0.54875	1.88698	0.05972	0.22347	0.45221	1.63346	0.10297	0.32504
E2E4label	LCdom_E4vE2	CD2	ENSG00000116824	0.15923	1.04115	0.29894	0.62709	0.20097	1.32034	0.18808	0.45767	0.15923	1.04115	0.29894	0.62709	0.12448	0.78445	0.43362	0.70973	0.18448	0.89367	0.37191	0.6358	0.07762	0.38061	0.70365	0.89166
E2E4label	LCdom_E4vE2	CD36	ENSG00000135218	-0.29184	-0.57387	0.56664	0.81749	-0.38504	-0.7546	0.4513	0.73386	-0.29184	-0.57387	0.56664	0.81749	-0.18921	-0.3482	0.72803	0.88825	0.14632	0.32285	0.74693	0.86545	-0.07428	-0.16609	0.86815	0.95595
E2E4label	LCdom_E4vE2	CD3G	ENSG00000160654	-0.0636	-0.24098	0.8098	0.93537	0.01199	0.04576	0.96355	0.97422	-0.0636	-0.24098	0.8098	0.93537	-0.05885	-0.21042	0.83353	0.90818	0.14624	0.47502	0.63497	0.80612	0.01971	0.06692	0.94667	0.98071
E2E4label	LCdom_E4vE2	CD4	ENSG00000010610	-0.07024	-0.4786	0.63269	0.83975	-0.15269	-1.0342	0.30217	0.58355	-0.07024	-0.4786	0.63269	0.83975	-0.12882	-0.81996	0.41313	0.68855	-0.25467	-1.69139	0.09136	0.28631	-0.29859	-2.09604	0.03656	0.16383
E2E4label	LCdom_E4vE2	CD48	ENSG00000117091	0.00226	0.01989	0.98415	0.99561	0.00378	0.03294	0.97375	0.97911	0.00226	0.01989	0.98415	0.99561	-0.02003	-0.16654	0.86789	0.92355	0.08345	0.65156	0.51497	0.7599	0.03888	0.31034	0.75643	0.90276
E2E4label	LCdom_E4vE2	CD52	ENSG00000169442	-0.24602	-1.03581	0.30142	0.62867	-0.09579	-0.4132	0.67986	0.84717	-0.24602	-1.03581	0.30142	0.62867	-0.24281	-0.93202	0.35235	0.62735	0.14971	0.45308	0.65068	0.81447	-0.05743	-0.1836	0.8544	0.94557
E2E4label	LCdom_E4vE2	CD68	ENSG00000129226	0.02857	0.17599	0.86046	0.96637	-0.04086	-0.25465	0.79923	0.90197	0.02857	0.17599	0.86046	0.96637	-0.05829	-0.33409	0.73863	0.88825	-0.02198	-0.12732	0.89874	0.94289	-0.06331	-0.38672	0.69912	0.89045
E2E4label	LCdom_E4vE2	CD74	ENSG00000019582	0.01653	0.1047	0.91671	0.97267	-0.05954	-0.37811	0.70571	0.85544	0.01653	0.1047	0.91671	0.97267	-0.00675	-0.04043	0.96779	0.97907	-0.17223	-1.33037	0.18398	0.44522	-0.21222	-1.77544	0.0764	0.26668
E2E4label	LCdom_E4vE2	CD83	ENSG00000112149	-0.20167	-1.80875	0.07184	0.29137	-0.18729	-1.67928	0.09451	0.30289	-0.20167	-1.80875	0.07184	0.29137	-0.30777	-2.66023	0.00838	0.08501	-0.13576	-0.98472	0.32522	0.60232	-0.24779	-1.80571	0.07154	0.25212
E2E4label	LCdom_E4vE2	CD86	ENSG00000114013	-0.37176	-1.68061	0.09425	0.34716	-0.43379	-1.97818	0.04915	0.19713	-0.37176	-1.68061	0.09425	0.34716	-0.35683	-1.5282	0.1279	0.37649	-0.4955	-2.38826	0.01728	0.11632	-0.49629	-2.50351	0.0126	0.08746
E2E4label	LCdom_E4vE2	CDH1	ENSG00000039068	0.41759	2.78914	0.00574	0.07391	0.4112	2.71552	0.00714	0.08237	0.41759	2.78914	0.00574	0.07391	0.3582	2.24375	0.02585	0.1546	0.45667	2.52628	0.01182	0.09059	0.35035	2.01255	0.04467	0.19078
E2E4label	LCdom_E4vE2	CDH12	ENSG00000154162	-0.36314	-2.38509	0.01792	0.16348	-0.41242	-2.69251	0.00763	0.08237	-0.36314	-2.38509	0.01792	0.16348	-0.44583	-2.80638	0.00546	0.06662	-0.27166	-1.44037	0.15036	0.4011	-0.35756	-1.9242	0.05487	0.21188
E2E4label	LCdom_E4vE2	CDH4	ENSG00000179242	-0.30736	-1.88415	0.06085	0.26819	-0.34418	-2.09001	0.03776	0.16771	-0.30736	-1.88415	0.06085	0.26819	-0.33585	-1.97759	0.04923	0.22182	-0.29019	-1.66416	0.09668	0.29995	-0.43319	-2.4987	0.01277	0.08746
E2E4label	LCdom_E4vE2	CDH6	ENSG00000113361	0.09924	0.85254	0.39483	0.725	0.08791	0.77251	0.44063	0.73386	0.09924	0.85254	0.39483	0.725	-0.01309	-0.11056	0.91207	0.94921	0.16008	1.26325	0.20706	0.4793	0.08309	0.684	0.49428	0.7635
E2E4label	LCdom_E4vE2	CDK1	ENSG00000170312	-0.03539	-0.18238	0.85545	0.96637	-0.0992	-0.51123	0.6097	0.81517	-0.03539	-0.18238	0.85545	0.96637	-0.21972	-1.07452	0.28377	0.54514	0.09904	0.28937	0.77242	0.86545	0.12073	0.37192	0.7101	0.89166
E2E4label	LCdom_E4vE2	CEMIP	ENSG00000103888	0.04615	0.27908	0.78044	0.91301	0.09969	0.61804	0.53718	0.78429	0.04615	0.27908	0.78044	0.91301	0.0774	0.44059	0.65994	0.86337	0.15553	0.76803	0.44282	0.68376	0.06165	0.31495	0.75293	0.90276
E2E4label	LCdom_E4vE2	CEMIP2	ENSG00000135048	0.21899	1.86201	0.06392	0.26819	0.23138	1.99506	0.04726	0.19297	0.21899	1.86201	0.06392	0.26819	0.19849	1.594	0.11237	0.35359	0.2494	1.49487	0.13555	0.37561	0.25085	1.59974	0.11026	0.33634
E2E4label	LCdom_E4vE2	CENPF	ENSG00000117724	0.11652	0.6602	0.50981	0.79315	0.12365	0.71052	0.47813	0.74704	0.11652	0.6602	0.50981	0.79315	0.1014	0.55359	0.58043	0.81797	0.21768	0.89223	0.37268	0.6358	0.29748	1.23435	0.21762	0.49731
E2E4label	LCdom_E4vE2	CHAC1	ENSG00000128965	-0.13515	-0.96482	0.33568	0.68069	-0.10828	-0.78697	0.43214	0.73023	-0.13515	-0.96482	0.33568	0.68069	-0.19692	-1.35132	0.17798	0.42343	-0.00197	-0.01043	0.99169	0.99796	-0.05837	-0.31835	0.75034	0.90276
E2E4label	LCdom_E4vE2	CHGB	ENSG00000089199	0.09553	0.68935	0.49132	0.77971	0.16816	1.17254	0.24224	0.52147	0.09553	0.68935	0.49132	0.77971	0.00944	0.06265	0.9501	0.97139	0.25237	2.06965	0.03897	0.17904	0.14623	1.15171	0.24996	0.5369
E2E4label	LCdom_E4vE2	CHODL	ENSG00000154645	0.48281	2.14005	0.03345	0.21417	0.58888	2.51807	0.01251	0.09318	0.48281	2.14005	0.03345	0.21417	0.32463	1.31907	0.18853	0.43304	0.59351	2.99724	0.00285	0.03984	0.44635	2.29027	0.0224	0.12511
E2E4label	LCdom_E4vE2	CLDN11	ENSG00000013297	0.49688	3.42066	0.00074	0.02454	0.49785	3.47051	0.00062	0.01636	0.49688	3.42066	0.00074	0.02454	0.50112	3.2794	0.00121	0.03055	0.56799	4.20653	3e-05	0.00184	0.48668	3.77425	0.00018	0.00649
E2E4label	LCdom_E4vE2	CNDP1	ENSG00000150656	0.3522	2.48439	0.01372	0.14682	0.33192	2.40088	0.01718	0.11198	0.3522	2.48439	0.01372	0.14682	0.30953	2.12996	0.03429	0.1676	0.40543	3.1555	0.00169	0.02922	0.35411	2.82859	0.00485	0.05176
E2E4label	LCdom_E4vE2	CNTN2	ENSG00000184144	0.28155	2.44292	0.01535	0.14745	0.29643	2.60541	0.0098	0.0894	0.28155	2.44292	0.01535	0.14745	0.20901	1.72574	0.0858	0.29545	0.37946	3.81005	0.00016	0.00513	0.29032	3.06439	0.00229	0.03202
E2E4label	LCdom_E4vE2	CNTNAP3B	ENSG00000154529	0.08573	0.58204	0.56113	0.81275	0.08212	0.56597	0.57199	0.80298	0.08573	0.58204	0.56113	0.81275	0.05816	0.38056	0.7039	0.88302	0.19849	1.08391	0.2789	0.55323	0.11429	0.65419	0.51327	0.76991
E2E4label	LCdom_E4vE2	COL12A1	ENSG00000111799	-0.00369	-0.01911	0.98477	0.99561	-0.05181	-0.26813	0.78885	0.89698	-0.00369	-0.01911	0.98477	0.99561	-0.10246	-0.49914	0.61818	0.83569	0.02867	0.14044	0.88837	0.93472	-0.11745	-0.58232	0.5606	0.81399
E2E4label	LCdom_E4vE2	COL25A1	ENSG00000188517	-0.37436	-2.34513	0.0199	0.17718	-0.39276	-2.52524	0.01226	0.09318	-0.37436	-2.34513	0.0199	0.17718	-0.29269	-1.72593	0.08577	0.29545	-0.28027	-1.5374	0.1248	0.35671	-0.27895	-1.54267	0.12351	0.35321
E2E4label	LCdom_E4vE2	CORO1A	ENSG00000102879	-0.07463	-0.48503	0.62813	0.83975	-0.11661	-0.75865	0.44887	0.73386	-0.07463	-0.48503	0.62813	0.83975	-0.18872	-1.1707	0.24299	0.52219	-0.06967	-0.47836	0.63259	0.80612	-0.12271	-0.872	0.38361	0.67301
E2E4label	LCdom_E4vE2	CP	ENSG00000047457	0.51556	2.12349	0.03482	0.21913	0.45488	1.86981	0.06283	0.22382	0.51556	2.12349	0.03482	0.21913	0.43714	1.69028	0.09239	0.30957	0.38934	1.4364	0.15148	0.4011	0.41785	1.5721	0.11653	0.34961
E2E4label	LCdom_E4vE2	CPEB4	ENSG00000113742	-0.1092	-1.09156	0.27621	0.61101	-0.12825	-1.26894	0.20579	0.48151	-0.1092	-1.09156	0.27621	0.61101	-0.17473	-1.67505	0.09535	0.31638	-0.05623	-0.57384	0.56632	0.7768	-0.10691	-1.1321	0.25811	0.55114
E2E4label	LCdom_E4vE2	CRH	ENSG00000147571	0.40151	1.44701	0.14931	0.43951	0.17926	0.69709	0.48648	0.74922	0.40151	1.44701	0.14931	0.43951	0.3092	1.12396	0.26227	0.53303	0.75689	2.75261	0.00612	0.06531	0.55138	2.04331	0.04152	0.17943
E2E4label	LCdom_E4vE2	CRHBP	ENSG00000145708	-0.17067	-0.87405	0.38304	0.71916	-0.18224	-0.9291	0.35385	0.64271	-0.17067	-0.87405	0.38304	0.71916	-0.44429	-2.15968	0.03188	0.16304	-0.20136	-0.97927	0.3279	0.60342	-0.28391	-1.39071	0.1649	0.4157
E2E4label	LCdom_E4vE2	CRHR1	ENSG00000120088	-0.05431	-0.42843	0.66875	0.86657	-0.02061	-0.16223	0.87127	0.93806	-0.05431	-0.42843	0.66875	0.86657	-0.07703	-0.58025	0.56234	0.79865	0.05918	0.58192	0.56087	0.7768	-0.00665	-0.06489	0.94829	0.98071
E2E4label	LCdom_E4vE2	CRYM	ENSG00000103316	-0.10581	-0.49883	0.61839	0.83957	0.01413	0.06674	0.94685	0.96954	-0.10581	-0.49883	0.61839	0.83957	-0.16698	-0.75975	0.44822	0.71722	0.00124	0.00551	0.99561	0.99796	-0.1219	-0.55157	0.58148	0.81625
E2E4label	LCdom_E4vE2	CSPG4	ENSG00000173546	-0.00225	-0.01737	0.98616	0.99561	-0.00751	-0.05931	0.95276	0.96984	-0.00225	-0.01737	0.98616	0.99561	-0.0545	-0.41022	0.68204	0.87044	0.0663	0.44231	0.65845	0.82014	0.05787	0.3978	0.69094	0.89045
E2E4label	LCdom_E4vE2	CSTB	ENSG00000160213	0.01355	0.1614	0.87192	0.96778	0.00876	0.10235	0.91858	0.95794	0.01355	0.1614	0.87192	0.96778	-0.09064	-1.0378	0.3005	0.56915	0.09073	0.91472	0.36076	0.63571	0.02735	0.28461	0.77605	0.91464
E2E4label	LCdom_E4vE2	CTNNA3	ENSG00000183230	0.43384	3.89116	0.00013	0.01204	0.47256	4.2258	3e-05	0.00254	0.43384	3.89116	0.00013	0.01204	0.45171	3.86153	0.00015	0.01084	0.50266	3.67604	0.00026	0.0079	0.43879	3.32973	0.00093	0.01778
E2E4label	LCdom_E4vE2	CTSH	ENSG00000103811	0.0502	0.3351	0.73787	0.89267	-0.03437	-0.23028	0.81809	0.90486	0.0502	0.3351	0.73787	0.89267	0.02875	0.17914	0.85799	0.91904	-0.05721	-0.37899	0.70485	0.83888	-0.05451	-0.36891	0.71234	0.89166
E2E4label	LCdom_E4vE2	CTSS	ENSG00000163131	-0.11644	-0.82971	0.40759	0.72927	-0.17841	-1.27688	0.20298	0.47799	-0.11644	-0.82971	0.40759	0.72927	-0.17121	-1.14904	0.25179	0.52954	-0.16966	-1.02907	0.30392	0.58087	-0.23266	-1.4848	0.1382	0.37085
E2E4label	LCdom_E4vE2	CUX2	ENSG00000111249	-0.04371	-0.33257	0.73978	0.89267	-0.0116	-0.08883	0.9293	0.96362	-0.04371	-0.33257	0.73978	0.89267	-0.18212	-1.35781	0.17592	0.42343	0.08579	0.54953	0.58288	0.7789	-0.00417	-0.02698	0.97848	0.98939
E2E4label	LCdom_E4vE2	CX3CR1	ENSG00000168329	-0.10051	-0.80714	0.42045	0.73451	-0.12733	-1.02355	0.30716	0.58393	-0.10051	-0.80714	0.42045	0.73451	-0.11016	-0.82856	0.40825	0.68855	-0.13767	-1.27779	0.20189	0.47281	-0.16279	-1.55323	0.12097	0.3513
E2E4label	LCdom_E4vE2	CXCL14	ENSG00000145824	-0.31883	-2.23294	0.02655	0.18637	-0.30974	-2.14707	0.03287	0.15787	-0.31883	-2.23294	0.02655	0.18637	-0.35047	-2.37901	0.01822	0.12786	-0.30366	-2.18276	0.0295	0.15268	-0.33931	-2.41636	0.01602	0.10017
E2E4label	LCdom_E4vE2	CXCR4	ENSG00000121966	-0.00472	-0.02299	0.98168	0.99561	-0.02667	-0.13181	0.89525	0.94715	-0.00472	-0.02299	0.98168	0.99561	-0.02361	-0.11145	0.91136	0.94921	-0.07061	-0.29854	0.76541	0.86545	-0.0749	-0.32583	0.74469	0.90276
E2E4label	LCdom_E4vE2	CYTIP	ENSG00000115165	-0.12958	-0.70698	0.48032	0.77971	-0.044	-0.23928	0.81111	0.90197	-0.12958	-0.70698	0.48032	0.77971	-0.14917	-0.76717	0.4438	0.71676	-0.01076	-0.04776	0.96193	0.98502	-0.01502	-0.07042	0.94389	0.98071
E2E4label	LCdom_E4vE2	DBH	ENSG00000123454	0.22338	0.85169	0.39531	0.725	0.33344	1.23573	0.21788	0.50017	0.22338	0.85169	0.39531	0.725	0.0937	0.31966	0.74953	0.88825	0.29658	1.25892	0.20862	0.4793	0.16722	0.66733	0.50485	0.7658
E2E4label	LCdom_E4vE2	DCN	ENSG00000011465	-0.04462	-0.24468	0.80693	0.93501	-0.16227	-0.92056	0.35828	0.6442	-0.04462	-0.24468	0.80693	0.93501	-0.14723	-0.76755	0.44358	0.71676	-0.07184	-0.34298	0.73175	0.85963	-0.1642	-0.80233	0.42273	0.70327
E2E4label	LCdom_E4vE2	DDC	ENSG00000132437	0.02114	0.10728	0.91467	0.97267	0.09173	0.45143	0.65212	0.842	0.02114	0.10728	0.91467	0.97267	-0.06173	-0.29325	0.76961	0.89775	0.18385	0.86665	0.38653	0.63764	0.0647	0.30759	0.75852	0.90276
E2E4label	LCdom_E4vE2	DDIT3	ENSG00000175197	0.11217	1.13363	0.25817	0.59601	0.11271	1.13155	0.25905	0.5403	0.11217	1.13363	0.25817	0.59601	0.02627	0.258	0.79665	0.90663	0.15248	1.54193	0.12369	0.35671	0.08332	0.88595	0.37605	0.66776
E2E4label	LCdom_E4vE2	DDR2	ENSG00000162733	-0.02753	-0.26187	0.79366	0.92485	-0.0356	-0.33599	0.73719	0.85967	-0.02753	-0.26187	0.79366	0.92485	-0.03687	-0.33117	0.74083	0.88825	0.00621	0.03977	0.96829	0.98502	0.00131	0.00874	0.99303	0.99659
E2E4label	LCdom_E4vE2	DNAJB1	ENSG00000132002	-0.00827	-0.05742	0.95426	0.98828	-0.01829	-0.1267	0.89929	0.94868	-0.00827	-0.05742	0.95426	0.98828	-0.08961	-0.60045	0.54883	0.78914	0.06001	0.5292	0.59689	0.78638	-0.02819	-0.25694	0.79733	0.9189
E2E4label	LCdom_E4vE2	DNAJC6	ENSG00000116675	-0.00654	-0.07028	0.94404	0.98828	0.01291	0.13749	0.89077	0.94514	-0.00654	-0.07028	0.94404	0.98828	-0.09687	-1.01218	0.31257	0.58808	0.09528	1.12201	0.26237	0.53572	-0.00858	-0.10125	0.91939	0.97584
E2E4label	LCdom_E4vE2	DNER	ENSG00000187957	-0.00081	-0.00858	0.99316	0.99654	-0.02621	-0.28149	0.77859	0.89367	-0.00081	-0.00858	0.99316	0.99654	-0.07649	-0.77551	0.43887	0.71512	0.07471	0.90323	0.36682	0.6358	-0.00341	-0.04262	0.96602	0.98826
E2E4label	LCdom_E4vE2	DUSP1	ENSG00000120129	0.14326	0.76347	0.446	0.75716	0.09192	0.49213	0.62312	0.82405	0.14326	0.76347	0.446	0.75716	0.19147	0.96145	0.33739	0.62196	0.06397	0.29889	0.76514	0.86545	0.08803	0.4175	0.67648	0.89045
E2E4label	LCdom_E4vE2	EFHD1	ENSG00000115468	0.20778	1.68769	0.09287	0.34591	0.19557	1.58703	0.11393	0.33536	0.20778	1.68769	0.09287	0.34591	0.17557	1.35048	0.17825	0.42343	0.21057	1.97668	0.0486	0.20048	0.15373	1.48766	0.13744	0.37085
E2E4label	LCdom_E4vE2	EGFR	ENSG00000146648	-0.23949	-2.09547	0.03726	0.22668	-0.28563	-2.47389	0.01412	0.10102	-0.23949	-2.09547	0.03726	0.22668	-0.26326	-2.20072	0.0288	0.15926	-0.24163	-2.06454	0.03946	0.17904	-0.27454	-2.25508	0.02454	0.131
E2E4label	LCdom_E4vE2	ELOVL2	ENSG00000197977	-0.33115	-2.03057	0.04349	0.24422	-0.38093	-2.35071	0.01961	0.12239	-0.33115	-2.03057	0.04349	0.24422	-0.44245	-2.62565	0.00926	0.0867	-0.36516	-2.22621	0.02642	0.14432	-0.43183	-2.70487	0.00706	0.06403
E2E4label	LCdom_E4vE2	ENC1	ENSG00000171617	0.1059	0.79849	0.42544	0.73595	0.17303	1.29029	0.19829	0.47387	0.1059	0.79849	0.42544	0.73595	0.04154	0.30949	0.75724	0.89323	0.29296	2.40955	0.01632	0.1139	0.18935	1.51984	0.12915	0.36627
E2E4label	LCdom_E4vE2	ENHO	ENSG00000168913	-0.1227	-0.96809	0.33405	0.68069	-0.13539	-1.07668	0.28279	0.55494	-0.1227	-0.96809	0.33405	0.68069	-0.09462	-0.71434	0.47577	0.74425	-0.09339	-0.93696	0.34921	0.62754	-0.12699	-1.2338	0.21783	0.49731
E2E4label	LCdom_E4vE2	ERBB3	ENSG00000065361	0.33173	2.51008	0.01278	0.1414	0.35484	2.69885	0.00749	0.08237	0.33173	2.51008	0.01278	0.1414	0.31541	2.27898	0.02363	0.15131	0.41189	3.2989	0.00104	0.02023	0.34392	2.84689	0.00459	0.05047
E2E4label	LCdom_E4vE2	ERMN	ENSG00000136541	0.36937	2.8655	0.00456	0.07075	0.37597	2.95346	0.00348	0.05082	0.36937	2.8655	0.00456	0.07075	0.34203	2.51524	0.01261	0.10236	0.50835	4.45943	1e-05	0.00091	0.42655	3.88395	0.00012	0.00526
E2E4label	LCdom_E4vE2	EYA4	ENSG00000112319	-0.0774	-0.34081	0.73357	0.89267	-0.09274	-0.40723	0.68423	0.84717	-0.0774	-0.34081	0.73357	0.89267	-0.1206	-0.5033	0.61526	0.83569	-0.06499	-0.3033	0.76178	0.86545	-0.00086	-0.004	0.99681	0.99681
E2E4label	LCdom_E4vE2	F13A1	ENSG00000124491	-0.01525	-0.03852	0.96931	0.99561	-0.06009	-0.15481	0.87712	0.93885	-0.01525	-0.03852	0.96931	0.99561	0.24796	0.597	0.55113	0.78914	0.05592	0.16062	0.87246	0.92807	0.08653	0.25365	0.79987	0.9189
E2E4label	LCdom_E4vE2	FASLG	ENSG00000117560	0.18444	0.89113	0.37383	0.71119	0.29305	1.41095	0.15966	0.41626	0.18444	0.89113	0.37383	0.71119	0.4367	1.97011	0.05008	0.22293	0.28457	0.91961	0.3582	0.63571	0.33226	1.09821	0.27262	0.56227
E2E4label	LCdom_E4vE2	FBLN1	ENSG00000077942	-0.04245	-0.30657	0.75946	0.8971	-0.03737	-0.26965	0.78768	0.89698	-0.04245	-0.30657	0.75946	0.8971	-0.09742	-0.6692	0.50407	0.76343	-0.03362	-0.19457	0.84581	0.91601	-0.03487	-0.20481	0.8378	0.93712
E2E4label	LCdom_E4vE2	FCER1G	ENSG00000158869	-0.02071	-0.13313	0.89421	0.97267	-0.03715	-0.24153	0.80937	0.90197	-0.02071	-0.13313	0.89421	0.97267	0.01671	0.10113	0.91954	0.9508	-0.08098	-0.48954	0.62466	0.80408	-0.12582	-0.81325	0.41644	0.70327
E2E4label	LCdom_E4vE2	FCGR1A	ENSG00000150337	-0.15408	-0.6909	0.49035	0.77971	-0.16421	-0.735	0.46311	0.73494	-0.15408	-0.6909	0.49035	0.77971	-0.17178	-0.72797	0.46741	0.74175	-0.19262	-0.80632	0.42043	0.66044	-0.23811	-1.04271	0.29756	0.59025
E2E4label	LCdom_E4vE2	FCGR3A	ENSG00000203747	-0.31074	-1.49147	0.13726	0.41749	-0.3427	-1.65066	0.10022	0.30903	-0.31074	-1.49147	0.13726	0.41749	-0.42207	-1.92533	0.05548	0.24397	-0.34078	-1.69308	0.09104	0.28631	-0.4052	-2.09699	0.03647	0.16383
E2E4label	LCdom_E4vE2	FGFR2	ENSG00000066468	0.21999	1.97738	0.04924	0.2474	0.20422	1.89007	0.06005	0.22141	0.21999	1.97738	0.04924	0.2474	0.15622	1.35125	0.17801	0.42343	0.248	2.5339	0.01157	0.09059	0.17623	1.87808	0.06092	0.22444
E2E4label	LCdom_E4vE2	FGFR3	ENSG00000068078	-0.22212	-1.62749	0.10505	0.3671	-0.27786	-2.06558	0.04003	0.1719	-0.22212	-1.62749	0.10505	0.3671	-0.25934	-1.84709	0.06608	0.24905	-0.28268	-2.29087	0.02237	0.1331	-0.32008	-2.4687	0.01388	0.08996
E2E4label	LCdom_E4vE2	FILIP1	ENSG00000118407	-0.19345	-1.33985	0.18167	0.49117	-0.19834	-1.38986	0.16597	0.4266	-0.19345	-1.33985	0.18167	0.49117	-0.18528	-1.22113	0.22335	0.49109	-0.09796	-0.47778	0.63301	0.80612	-0.14516	-0.7211	0.47117	0.75015
E2E4label	LCdom_E4vE2	FKBP2	ENSG00000173486	-0.04089	-0.62349	0.5336	0.8015	-0.02932	-0.44705	0.65527	0.84217	-0.04089	-0.62349	0.5336	0.8015	-0.11799	-1.72984	0.08506	0.29545	0.03781	0.45342	0.65044	0.81447	-0.02864	-0.35567	0.72223	0.90092
E2E4label	LCdom_E4vE2	FLT1	ENSG00000102755	0.26006	1.9711	0.04996	0.2474	0.17209	1.34225	0.18089	0.44914	0.26006	1.9711	0.04996	0.2474	0.29609	2.15566	0.0322	0.16304	0.3269	1.96778	0.04962	0.20092	0.31685	1.94634	0.05215	0.20802
E2E4label	LCdom_E4vE2	FSTL4	ENSG00000053108	-0.2585	-1.96935	0.05016	0.2474	-0.21248	-1.62938	0.10465	0.31569	-0.2585	-1.96935	0.05016	0.2474	-0.24485	-1.85072	0.06555	0.24905	-0.08342	-0.53366	0.5938	0.78638	-0.18974	-1.21867	0.22352	0.50396
E2E4label	LCdom_E4vE2	GAD1	ENSG00000128683	-0.44162	-2.0203	0.04456	0.24643	-0.52577	-2.42011	0.01633	0.11071	-0.44162	-2.0203	0.04456	0.24643	-0.36278	-1.49426	0.13656	0.38817	-0.38096	-2.21724	0.02704	0.14432	-0.44338	-2.58281	0.01007	0.07615
E2E4label	LCdom_E4vE2	GAD2	ENSG00000136750	-0.2843	-1.34182	0.18103	0.49117	-0.42299	-2.01759	0.04484	0.18599	-0.2843	-1.34182	0.18103	0.49117	-0.28848	-1.24309	0.21517	0.47598	-0.39327	-2.08039	0.03797	0.17673	-0.45057	-2.38709	0.01734	0.1015
E2E4label	LCdom_E4vE2	GAL	ENSG00000069482	0.16037	0.67008	0.5035	0.78875	0.09203	0.38609	0.6998	0.85427	0.16037	0.67008	0.5035	0.78875	0.05914	0.23522	0.81426	0.90663	0.28815	1.02424	0.3062	0.58193	0.06887	0.23912	0.8111	0.9288
E2E4label	LCdom_E4vE2	GAS2L3	ENSG00000139354	0.24118	1.33178	0.1843	0.49462	0.25828	1.37914	0.16924	0.43198	0.24118	1.33178	0.1843	0.49462	0.1126	0.55755	0.57772	0.81732	-0.046	-0.17243	0.86316	0.92701	0.07974	0.30998	0.7567	0.90276
E2E4label	LCdom_E4vE2	GASK1B	ENSG00000164125	-0.12414	-0.97534	0.33045	0.67762	-0.1376	-1.08615	0.27859	0.55494	-0.12414	-0.97534	0.33045	0.67762	-0.15209	-1.14045	0.25534	0.52954	-0.09292	-0.69387	0.48807	0.7333	-0.13688	-1.02392	0.30635	0.59561
E2E4label	LCdom_E4vE2	GJA1	ENSG00000152661	-0.1846	-1.37716	0.16985	0.47325	-0.23663	-1.7969	0.07371	0.24912	-0.1846	-1.37716	0.16985	0.47325	-0.21708	-1.56001	0.1202	0.36258	-0.2025	-1.60998	0.108	0.32401	-0.25561	-1.93308	0.05376	0.20986
E2E4label	LCdom_E4vE2	GLUL	ENSG00000135821	-0.03428	-0.34161	0.73297	0.89267	-0.06852	-0.68156	0.49623	0.75847	-0.03428	-0.34161	0.73297	0.89267	-0.05372	-0.50711	0.61259	0.83569	-0.07996	-0.8636	0.3882	0.63764	-0.11151	-1.19987	0.23073	0.51071
E2E4label	LCdom_E4vE2	GNLY	ENSG00000115523	-0.22739	-0.73933	0.46049	0.764	-0.08648	-0.28538	0.77562	0.89306	-0.22739	-0.73933	0.46049	0.764	-0.16185	-0.5017	0.61638	0.83569	-0.09813	-0.26088	0.79429	0.88173	0.20669	0.56323	0.57352	0.81564
E2E4label	LCdom_E4vE2	GPAA1	ENSG00000197858	-0.00756	-0.1013	0.9194	0.9727	-0.02017	-0.27146	0.78629	0.89698	-0.00756	-0.1013	0.9194	0.9727	-0.07503	-0.96795	0.33413	0.62196	0.06804	0.86877	0.38537	0.63764	-0.02758	-0.37021	0.71137	0.89166
E2E4label	LCdom_E4vE2	GPNMB	ENSG00000136235	0.16865	0.81111	0.41817	0.73451	0.12725	0.61854	0.53685	0.78429	0.16865	0.81111	0.41817	0.73451	0.02837	0.12694	0.89911	0.94303	0.14274	0.57898	0.56285	0.7768	0.02456	0.10325	0.91781	0.97584
E2E4label	LCdom_E4vE2	GPR183	ENSG00000169508	-0.3547	-1.617	0.1073	0.36789	-0.36965	-1.65582	0.09917	0.30903	-0.3547	-1.617	0.1073	0.36789	-0.33459	-1.42109	0.15671	0.39447	-0.33298	-1.32638	0.18529	0.44544	-0.40916	-1.69405	0.09085	0.2971
E2E4label	LCdom_E4vE2	GPR34	ENSG00000171659	-0.37999	-1.98804	0.04804	0.2474	-0.45182	-2.341	0.02012	0.12239	-0.37999	-1.98804	0.04804	0.2474	-0.45977	-2.26153	0.02471	0.15284	-0.4609	-2.37947	0.01769	0.11632	-0.50768	-2.76123	0.00596	0.05848
E2E4label	LCdom_E4vE2	GPX3	ENSG00000211445	0.16782	1.34401	0.18032	0.49117	0.21579	1.67879	0.0946	0.30289	0.16782	1.34401	0.18032	0.49117	0.05546	0.42217	0.67331	0.86841	0.287	2.59425	0.00975	0.08628	0.18906	1.71869	0.08626	0.28889
E2E4label	LCdom_E4vE2	GPX4	ENSG00000167468	0.10592	1.42985	0.15417	0.44307	0.11115	1.49127	0.13731	0.38273	0.10592	1.42985	0.15417	0.44307	0.0179	0.23575	0.81385	0.90663	0.21075	3.14232	0.00177	0.02922	0.13508	2.065	0.03941	0.17237
E2E4label	LCdom_E4vE2	GRID2	ENSG00000152208	-0.25991	-2.25899	0.02486	0.18523	-0.29646	-2.61267	0.0096	0.0894	-0.25991	-2.25899	0.02486	0.18523	-0.32756	-2.78872	0.00576	0.06662	-0.27628	-2.18332	0.02945	0.15268	-0.33676	-2.59267	0.00979	0.07615
E2E4label	LCdom_E4vE2	GZMA	ENSG00000145649	0.1453	0.72202	0.47104	0.77797	0.07355	0.36719	0.71383	0.85804	0.1453	0.72202	0.47104	0.77797	-0.04448	-0.20526	0.83756	0.90863	0.19925	0.74675	0.45555	0.6919	0.08441	0.32868	0.74253	0.90276
E2E4label	LCdom_E4vE2	HCRTR1	ENSG00000121764	0.21124	1.1579	0.24815	0.5806	0.26633	1.43437	0.15288	0.40729	0.21124	1.1579	0.24815	0.5806	0.08792	0.45039	0.65287	0.86028	0.46603	2.24642	0.02509	0.14013	0.35552	1.75109	0.08051	0.27835
E2E4label	LCdom_E4vE2	HES1	ENSG00000114315	0.10173	0.52479	0.60026	0.83944	0.05771	0.29725	0.76655	0.88542	0.10173	0.52479	0.60026	0.83944	0.06809	0.33323	0.73928	0.88825	0.11729	0.55496	0.57916	0.7789	0.10503	0.49749	0.61905	0.84798
E2E4label	LCdom_E4vE2	HHATL	ENSG00000010282	0.01102	0.07378	0.94125	0.98828	-0.01832	-0.12279	0.90238	0.94919	0.01102	0.07378	0.94125	0.98828	-0.05414	-0.34207	0.73262	0.88825	-0.021	-0.16286	0.87069	0.92807	-0.06623	-0.51278	0.60832	0.83962
E2E4label	LCdom_E4vE2	HILPDA	ENSG00000135245	-0.12013	-0.65027	0.51619	0.79498	-0.15409	-0.836	0.40405	0.69618	-0.12013	-0.65027	0.51619	0.79498	-0.14596	-0.7568	0.44998	0.71722	-0.09598	-0.56955	0.56922	0.7768	-0.13363	-0.81117	0.41764	0.70327
E2E4label	LCdom_E4vE2	HLA-DMB	ENSG00000242574	-0.08714	-0.49257	0.6228	0.83957	-0.13368	-0.74944	0.45439	0.73386	-0.08714	-0.49257	0.6228	0.83957	-0.08485	-0.45163	0.65198	0.86028	-0.24134	-1.36893	0.17161	0.42961	-0.28801	-1.73369	0.08356	0.28616
E2E4label	LCdom_E4vE2	HLA-DQA1	ENSG00000196735	-0.07468	-0.34888	0.72751	0.89267	-0.23606	-1.08989	0.27695	0.55494	-0.07468	-0.34888	0.72751	0.89267	-0.12237	-0.53498	0.5932	0.82327	-0.3562	-1.63839	0.10194	0.31096	-0.3099	-1.48312	0.13864	0.37085
E2E4label	LCdom_E4vE2	HLA-DRA	ENSG00000204287	-0.02086	-0.12485	0.90075	0.97267	-0.10133	-0.60682	0.54459	0.78624	-0.02086	-0.12485	0.90075	0.97267	-0.04262	-0.23918	0.81119	0.90663	-0.21661	-1.5228	0.12841	0.36218	-0.2443	-1.83276	0.06741	0.24447
E2E4label	LCdom_E4vE2	HS3ST2	ENSG00000122254	-0.25901	-1.4963	0.136	0.41713	-0.25136	-1.49107	0.13736	0.38273	-0.25901	-1.4963	0.136	0.41713	-0.32049	-1.85639	0.06474	0.24905	-0.1195	-0.63224	0.5275	0.76901	-0.28199	-1.50799	0.13216	0.37046
E2E4label	LCdom_E4vE2	HS3ST4	ENSG00000182601	-0.16766	-1.07176	0.28499	0.62289	-0.16367	-1.05623	0.29201	0.56997	-0.16766	-1.07176	0.28499	0.62289	-0.18239	-1.13375	0.25814	0.52967	-0.03963	-0.24555	0.80612	0.88943	-0.12419	-0.76666	0.44363	0.72868
E2E4label	LCdom_E4vE2	HSP90AB1	ENSG00000096384	0.03539	0.46448	0.64276	0.84945	0.05402	0.69725	0.48638	0.74922	0.03539	0.46448	0.64276	0.84945	-0.07419	-0.94321	0.34661	0.62735	0.13638	1.76428	0.07827	0.26065	0.05273	0.6843	0.49409	0.7635
E2E4label	LCdom_E4vE2	HSPH1	ENSG00000120694	-0.06574	-0.68938	0.49131	0.77971	-0.05056	-0.51879	0.60442	0.81186	-0.06574	-0.68938	0.49131	0.77971	-0.15511	-1.56223	0.11967	0.36258	0.07131	0.84	0.40129	0.64479	-0.04104	-0.47897	0.63216	0.85912
E2E4label	LCdom_E4vE2	HTR2A	ENSG00000102468	-0.1188	-0.79052	0.43007	0.74045	-0.08916	-0.59202	0.55444	0.78743	-0.1188	-0.79052	0.43007	0.74045	-0.19775	-1.28363	0.20062	0.45202	0.02513	0.14983	0.88096	0.92961	-0.06815	-0.40494	0.68569	0.89045
E2E4label	LCdom_E4vE2	HTR2C	ENSG00000147246	-0.09698	-0.53298	0.59458	0.83792	-0.1802	-1.02545	0.30627	0.58393	-0.09698	-0.53298	0.59458	0.83792	-0.09219	-0.48552	0.62779	0.84555	-0.09629	-0.58669	0.55766	0.7768	-0.03248	-0.20131	0.84053	0.93712
E2E4label	LCdom_E4vE2	IDH1	ENSG00000138413	-0.04267	-0.49911	0.6182	0.83957	-0.03457	-0.39712	0.69166	0.84717	-0.04267	-0.49911	0.6182	0.83957	-0.12216	-1.36627	0.17325	0.42343	0.05943	0.61793	0.53689	0.77646	-0.00616	-0.06505	0.94816	0.98071
E2E4label	LCdom_E4vE2	IDH2	ENSG00000182054	-0.16754	-1.8137	0.07108	0.29137	-0.21331	-2.31867	0.02132	0.12722	-0.16754	-1.8137	0.07108	0.29137	-0.23163	-2.38838	0.01777	0.12717	-0.21995	-2.98448	0.00297	0.03997	-0.26937	-3.49479	0.00051	0.01437
E2E4label	LCdom_E4vE2	IDO1	ENSG00000131203	0.05358	0.30924	0.75743	0.8971	0.12548	0.70594	0.48097	0.74704	0.05358	0.30924	0.75743	0.8971	0.07308	0.39598	0.69251	0.87765	0.18898	0.81222	0.41703	0.65819	0.19208	0.84667	0.39756	0.68722
E2E4label	LCdom_E4vE2	IFITM3	ENSG00000142089	0.13651	1.08437	0.27938	0.61429	0.08717	0.70791	0.47974	0.74704	0.13651	1.08437	0.27938	0.61429	0.09106	0.68738	0.49257	0.7586	0.08278	0.5811	0.56142	0.7768	0.06579	0.47266	0.63665	0.85912
E2E4label	LCdom_E4vE2	IGFBP3	ENSG00000146674	-0.70276	-2.44305	0.01535	0.14745	-0.65154	-2.27257	0.02402	0.13152	-0.70276	-2.44305	0.01535	0.14745	-0.81583	-2.70311	0.00741	0.07728	-0.50151	-1.93732	0.05324	0.20782	-0.53707	-2.10115	0.0361	0.16383
E2E4label	LCdom_E4vE2	IGFBP4	ENSG00000141753	0.11233	0.89482	0.37185	0.71119	0.05665	0.45925	0.64651	0.83977	0.11233	0.89482	0.37185	0.71119	0.14449	1.08352	0.27976	0.54514	0.13102	0.9043	0.36625	0.6358	0.09815	0.69775	0.48565	0.7635
E2E4label	LCdom_E4vE2	IGFBP5	ENSG00000115461	-0.20703	-1.4391	0.15153	0.43992	-0.16191	-1.11819	0.2647	0.54281	-0.20703	-1.4391	0.15153	0.43992	-0.14175	-0.91539	0.36099	0.63653	-0.04419	-0.28945	0.77235	0.86545	-0.09776	-0.64768	0.51747	0.77302
E2E4label	LCdom_E4vE2	IL7R	ENSG00000168685	-0.52397	-1.75294	0.08099	0.31449	-0.30536	-0.97599	0.33013	0.61	-0.52397	-1.75294	0.08099	0.31449	-0.17766	-0.54497	0.58633	0.81853	-0.14832	-0.45865	0.64667	0.81447	-0.28038	-0.90277	0.36706	0.66622
E2E4label	LCdom_E4vE2	INA	ENSG00000148798	0.02457	0.20113	0.84078	0.95902	0.06108	0.49979	0.61772	0.81988	0.02457	0.20113	0.84078	0.95902	-0.04106	-0.32418	0.74611	0.88825	0.1763	1.54049	0.12405	0.35671	0.06351	0.54045	0.58912	0.82124
E2E4label	LCdom_E4vE2	ISCU	ENSG00000136003	0.03545	0.43206	0.66612	0.86657	0.01944	0.23683	0.81301	0.90197	0.03545	0.43206	0.66612	0.86657	-0.03147	-0.36593	0.71477	0.88825	0.11254	1.39727	0.16292	0.41779	0.00761	0.09431	0.9249	0.97883
E2E4label	LCdom_E4vE2	ITGA8	ENSG00000077943	-0.46775	-2.3013	0.0223	0.1809	-0.46627	-2.23406	0.02648	0.13604	-0.46775	-2.3013	0.0223	0.1809	-0.30082	-1.38407	0.16774	0.4165	-0.39169	-1.80641	0.07143	0.24693	-0.42655	-1.99921	0.0461	0.19129
E2E4label	LCdom_E4vE2	ITGAM	ENSG00000169896	-0.31347	-2.07996	0.03868	0.2277	-0.33778	-2.23052	0.02671	0.13604	-0.31347	-2.07996	0.03868	0.2277	-0.2981	-1.86431	0.06361	0.24905	-0.39997	-2.36591	0.01835	0.11632	-0.42493	-2.67833	0.00763	0.06595
E2E4label	LCdom_E4vE2	ITGAX	ENSG00000140678	-0.19639	-1.15306	0.25013	0.5815	-0.25413	-1.5062	0.13344	0.38051	-0.19639	-1.15306	0.25013	0.5815	-0.28229	-1.58399	0.11464	0.35762	-0.32527	-1.96607	0.04982	0.20092	-0.30145	-1.93697	0.05329	0.20986
E2E4label	LCdom_E4vE2	ITGB2	ENSG00000160255	-0.21648	-1.52721	0.12813	0.39854	-0.24219	-1.71701	0.08737	0.28992	-0.21648	-1.52721	0.12813	0.39854	-0.22195	-1.48372	0.13932	0.38817	-0.26427	-1.55175	0.12132	0.35517	-0.30546	-1.91553	0.05597	0.21188
E2E4label	LCdom_E4vE2	ITGB8	ENSG00000105855	-0.26658	-2.24238	0.02593	0.18555	-0.316	-2.6531	0.00855	0.08437	-0.26658	-2.24238	0.02593	0.18555	-0.36433	-2.8979	0.00414	0.0604	-0.29014	-2.85069	0.00453	0.05142	-0.3192	-3.13778	0.0018	0.02611
E2E4label	LCdom_E4vE2	KCNH5	ENSG00000140015	-0.4078	-2.59091	0.01021	0.11989	-0.40893	-2.68239	0.00786	0.08237	-0.4078	-2.59091	0.01021	0.11989	-0.45716	-2.78957	0.00574	0.06662	-0.2562	-1.39558	0.16343	0.41779	-0.3438	-1.876	0.06121	0.22444
E2E4label	LCdom_E4vE2	KIT	ENSG00000157404	-0.29285	-1.65273	0.0998	0.35857	-0.39017	-2.22872	0.02684	0.13604	-0.29285	-1.65273	0.0998	0.35857	-0.40643	-2.16663	0.03134	0.16304	-0.38856	-2.27359	0.02339	0.13479	-0.38637	-2.28141	0.02292	0.12567
E2E4label	LCdom_E4vE2	KLF2	ENSG00000127528	0.12135	0.68408	0.49464	0.78126	0.01949	0.11044	0.91216	0.95398	0.12135	0.68408	0.49464	0.78126	0.16152	0.8571	0.39232	0.67229	0.14595	0.68852	0.49143	0.7333	0.21854	1.05262	0.293	0.58439
E2E4label	LCdom_E4vE2	KLF4	ENSG00000136826	0.07801	0.33749	0.73606	0.89267	0.01609	0.06966	0.94452	0.96954	0.07801	0.33749	0.73606	0.89267	0.07565	0.30766	0.75863	0.89323	0.12631	0.4246	0.6713	0.82014	0.13974	0.48619	0.62704	0.85569
E2E4label	LCdom_E4vE2	KLK6	ENSG00000167755	0.47027	3.57421	0.00043	0.02247	0.50842	3.94329	0.00011	0.00492	0.47027	3.57421	0.00043	0.02247	0.44694	3.25237	0.00132	0.03055	0.51912	3.43371	0.00064	0.01458	0.42837	2.97674	0.00305	0.03838
E2E4label	LCdom_E4vE2	KLRB1	ENSG00000111796	0.00497	0.02043	0.98372	0.99561	0.15953	0.64375	0.52041	0.77483	0.00497	0.02043	0.98372	0.99561	0.05422	0.21451	0.83035	0.90818	0.11943	0.4225	0.67284	0.82014	0.20589	0.74814	0.45472	0.73689
E2E4label	LCdom_E4vE2	LAMA2	ENSG00000196569	0.2181	1.65076	0.1002	0.35857	0.18359	1.41963	0.15712	0.41258	0.2181	1.65076	0.1002	0.35857	0.19073	1.36808	0.17268	0.42343	0.22067	1.19588	0.23228	0.49599	0.16482	0.93263	0.35144	0.64542
E2E4label	LCdom_E4vE2	LAMP5	ENSG00000125869	-0.21866	-1.26113	0.20858	0.5196	-0.20548	-1.19464	0.2335	0.51343	-0.21866	-1.26113	0.20858	0.5196	-0.23505	-1.30276	0.19402	0.43986	-0.09529	-0.59951	0.54909	0.7768	-0.24765	-1.56194	0.1189	0.34982
E2E4label	LCdom_E4vE2	LAPTM5	ENSG00000162511	-0.34524	-2.00267	0.04643	0.2474	-0.3736	-2.15662	0.03211	0.15627	-0.34524	-2.00267	0.04643	0.2474	-0.34981	-1.89926	0.05884	0.24736	-0.39468	-2.50223	0.01265	0.0918	-0.43687	-2.97487	0.00307	0.03838
E2E4label	LCdom_E4vE2	LDLR	ENSG00000130164	0.07054	0.48448	0.62852	0.83975	0.08365	0.58129	0.56164	0.79149	0.07054	0.48448	0.62852	0.83975	-0.02841	-0.18725	0.85164	0.91904	0.12925	1.06259	0.28846	0.566	0.05209	0.4473	0.65485	0.88041
E2E4label	LCdom_E4vE2	LHX6	ENSG00000106852	-0.03502	-0.19699	0.84402	0.95971	-0.03579	-0.20779	0.83558	0.91336	-0.03502	-0.19699	0.84402	0.95971	0.0194	0.10602	0.91566	0.94948	0.0468	0.19504	0.84544	0.91601	0.04467	0.19223	0.84764	0.94095
E2E4label	LCdom_E4vE2	LONRF2	ENSG00000170500	0.01572	0.17251	0.86319	0.96646	0.03194	0.34843	0.72785	0.85967	0.01572	0.17251	0.86319	0.96646	-0.077	-0.8203	0.41293	0.68855	0.155	1.8546	0.06422	0.2331	0.05647	0.66647	0.5054	0.7658
E2E4label	LCdom_E4vE2	LOX	ENSG00000113083	-0.76512	-2.3139	0.02159	0.1791	-0.80949	-2.49524	0.01332	0.09721	-0.76512	-2.3139	0.02159	0.1791	-0.80733	-2.40397	0.01705	0.12614	-0.43303	-1.429	0.1536	0.40112	-0.47803	-1.60301	0.10954	0.33634
E2E4label	LCdom_E4vE2	LRRK1	ENSG00000154237	-0.28915	-1.45291	0.14766	0.43909	-0.32891	-1.65723	0.09889	0.30903	-0.28915	-1.45291	0.14766	0.43909	-0.39168	-1.85194	0.06538	0.24905	-0.32475	-1.7145	0.08703	0.28461	-0.398	-2.18722	0.02917	0.14504
E2E4label	LCdom_E4vE2	LRRK2	ENSG00000188906	-0.10921	-1.12728	0.26084	0.59601	-0.15773	-1.64397	0.1016	0.30903	-0.10921	-1.12728	0.26084	0.59601	-0.20088	-1.98919	0.04792	0.22182	-0.07427	-0.54884	0.58335	0.7789	-0.15198	-1.15782	0.24746	0.5347
E2E4label	LCdom_E4vE2	LY86	ENSG00000112799	-0.1966	-1.04444	0.29742	0.62709	-0.22685	-1.22036	0.22362	0.50194	-0.1966	-1.04444	0.29742	0.62709	-0.22944	-1.15431	0.24963	0.52954	-0.35371	-1.69068	0.09149	0.28631	-0.41661	-2.08312	0.03772	0.167
E2E4label	LCdom_E4vE2	LYPD6	ENSG00000187123	-0.4449	-3.12293	0.00203	0.04357	-0.42448	-3.01074	0.00291	0.04681	-0.4449	-3.12293	0.00203	0.04357	-0.51942	-3.60511	0.00039	0.01762	-0.33388	-2.09195	0.03692	0.17407	-0.4001	-2.51396	0.01224	0.0871
E2E4label	LCdom_E4vE2	LYPD6B	ENSG00000150556	-0.53985	-2.79685	0.00561	0.07391	-0.51548	-2.65603	0.00848	0.08437	-0.53985	-2.79685	0.00561	0.07391	-0.6559	-3.2491	0.00134	0.03055	-0.45165	-1.98172	0.04803	0.20041	-0.56829	-2.53613	0.0115	0.08347
E2E4label	LCdom_E4vE2	LYVE1	ENSG00000133800	0.18435	0.91612	0.3606	0.71119	0.13114	0.6512	0.51559	0.77445	0.18435	0.91612	0.3606	0.71119	0.15293	0.70895	0.4791	0.74425	0.09059	0.35284	0.72435	0.85648	0.01646	0.0671	0.94653	0.98071
E2E4label	LCdom_E4vE2	MAG	ENSG00000105695	0.41836	3.15688	0.00182	0.04143	0.42267	3.2555	0.00131	0.02795	0.41836	3.15688	0.00182	0.04143	0.37625	2.72282	0.00699	0.07507	0.5097	4.07203	5e-05	0.00217	0.44744	3.66467	0.00027	0.00825
E2E4label	LCdom_E4vE2	MAL	ENSG00000172005	0.20115	1.61447	0.10785	0.36789	0.20306	1.64585	0.10121	0.30903	0.20115	1.61447	0.10785	0.36789	0.14774	1.13335	0.2583	0.52967	0.22883	2.0485	0.04101	0.18378	0.18701	1.71804	0.08638	0.28889
E2E4label	LCdom_E4vE2	MAOA	ENSG00000189221	0.07192	0.55472	0.57964	0.83295	0.15028	1.11839	0.26461	0.54281	0.07192	0.55472	0.57964	0.83295	-0.0554	-0.41333	0.67977	0.87044	0.22412	2.13778	0.033	0.16408	0.11628	1.06785	0.28608	0.58015
E2E4label	LCdom_E4vE2	MAP1LC3B	ENSG00000140941	0.04471	0.49354	0.62212	0.83957	0.0698	0.75255	0.45252	0.73386	0.04471	0.49354	0.62212	0.83957	-0.04486	-0.47415	0.63586	0.85062	0.16745	1.84762	0.06522	0.23441	0.07933	0.90646	0.36511	0.66601
E2E4label	LCdom_E4vE2	MCTP1	ENSG00000175471	0.11144	0.86371	0.38868	0.72246	0.17263	1.28931	0.19864	0.47387	0.11144	0.86371	0.38868	0.72246	0.02798	0.2035	0.83893	0.90863	0.22566	2.15908	0.0313	0.15779	0.10152	0.95145	0.34181	0.63958
E2E4label	LCdom_E4vE2	MCTP2	ENSG00000140563	0.14044	0.8354	0.40439	0.72711	0.37126	2.27043	0.02414	0.13152	0.14044	0.8354	0.40439	0.72711	0.2675	1.4941	0.13659	0.38817	0.26302	1.09937	0.27211	0.54721	0.20671	0.88399	0.37711	0.66776
E2E4label	LCdom_E4vE2	MEIS2	ENSG00000134138	0.05131	0.36594	0.71476	0.8924	0.09844	0.67754	0.49877	0.75847	0.05131	0.36594	0.71476	0.8924	-0.09468	-0.6703	0.50337	0.76343	0.15269	1.21499	0.22492	0.48878	0.03892	0.30945	0.7571	0.90276
E2E4label	LCdom_E4vE2	MEPE	ENSG00000152595	-0.02952	-0.16242	0.87112	0.96778	0.0437	0.24274	0.80843	0.90197	-0.02952	-0.16242	0.87112	0.96778	-0.06871	-0.38042	0.704	0.88302	0.14315	0.52774	0.59791	0.78638	0.02003	0.07584	0.93958	0.98071
E2E4label	LCdom_E4vE2	MGST1	ENSG00000008394	-0.13045	-0.89061	0.37411	0.71119	-0.1636	-1.11344	0.26673	0.54281	-0.13045	-0.89061	0.37411	0.71119	-0.22126	-1.4377	0.15194	0.39447	-0.1758	-1.37715	0.16906	0.42616	-0.20614	-1.54242	0.12357	0.35321
E2E4label	LCdom_E4vE2	MKI67	ENSG00000148773	-0.03149	-0.1588	0.87397	0.96778	-0.00987	-0.05029	0.95993	0.97327	-0.03149	-0.1588	0.87397	0.96778	-0.05942	-0.28448	0.77631	0.89775	0.1839	0.7547	0.45077	0.68751	0.24361	1.0111	0.31243	0.60007
E2E4label	LCdom_E4vE2	MOBP	ENSG00000168314	0.18747	1.60172	0.11064	0.37049	0.21397	1.85464	0.06498	0.22382	0.18747	1.60172	0.11064	0.37049	0.18087	1.46435	0.14453	0.39447	0.31783	3.25647	0.0012	0.0218	0.26656	2.7487	0.00619	0.05913
E2E4label	LCdom_E4vE2	MOG	ENSG00000204655	0.36399	2.46448	0.01448	0.14682	0.39037	2.68071	0.0079	0.08237	0.36399	2.46448	0.01448	0.14682	0.36113	2.32498	0.02099	0.14185	0.50555	3.62935	0.00031	0.00849	0.46634	3.41941	0.00068	0.01754
E2E4label	LCdom_E4vE2	MS4A6A	ENSG00000110077	0.13452	0.65888	0.51066	0.79315	0.0817	0.39759	0.69132	0.84717	0.13452	0.65888	0.51066	0.79315	0.06073	0.28039	0.77944	0.89775	-0.07046	-0.33353	0.73887	0.86519	-0.11087	-0.55023	0.5824	0.81625
E2E4label	LCdom_E4vE2	MT1E	ENSG00000169715	0.29579	1.57262	0.11723	0.38205	0.27157	1.44694	0.14933	0.40076	0.29579	1.57262	0.11723	0.38205	0.2291	1.16658	0.24464	0.52219	0.22809	1.47252	0.14148	0.38331	0.20591	1.32381	0.18614	0.44454
E2E4label	LCdom_E4vE2	MT1X	ENSG00000187193	0.27703	1.30052	0.19477	0.5042	0.25959	1.22731	0.22101	0.50194	0.27703	1.30052	0.19477	0.5042	0.11434	0.51689	0.60575	0.83569	0.1191	0.58412	0.55939	0.7768	0.10831	0.53166	0.59518	0.82462
E2E4label	LCdom_E4vE2	MYO16	ENSG00000041515	0.28905	1.76361	0.07917	0.31074	0.38422	2.24028	0.02606	0.13604	0.28905	1.76361	0.07917	0.31074	0.14452	0.83296	0.40577	0.68855	0.4432	2.88438	0.00408	0.04941	0.36787	2.47893	0.01349	0.08904
E2E4label	LCdom_E4vE2	MYO5B	ENSG00000167306	-0.50299	-2.79453	0.00565	0.07391	-0.49198	-2.7518	0.00642	0.08237	-0.50299	-2.79453	0.00565	0.07391	-0.42734	-2.3563	0.01934	0.13318	-0.28072	-1.16166	0.2459	0.51597	-0.36666	-1.57208	0.11654	0.34961
E2E4label	LCdom_E4vE2	MYRF	ENSG00000124920	0.46683	3.40313	0.00079	0.02454	0.45945	3.38633	0.00084	0.01921	0.46683	3.40313	0.00079	0.02454	0.44252	3.10137	0.00218	0.04185	0.53136	4.13934	4e-05	0.00184	0.46444	3.73625	0.00021	0.00684
E2E4label	LCdom_E4vE2	NCSTN	ENSG00000162736	0.02997	0.38651	0.69949	0.88371	0.03264	0.42063	0.67444	0.84717	0.02997	0.38651	0.69949	0.88371	-0.07821	-0.96476	0.33572	0.62196	0.11491	1.20861	0.22736	0.48878	0.03603	0.39192	0.69528	0.89045
E2E4label	LCdom_E4vE2	NDST4	ENSG00000138653	-0.74105	-3.73085	0.00024	0.01475	-0.90357	-4.61845	1e-05	8e-04	-0.74105	-3.73085	0.00024	0.01475	-0.924	-4.64884	1e-05	0.00145	-0.74086	-3.30035	0.00103	0.02023	-0.9746	-4.37067	1e-05	0.00109
E2E4label	LCdom_E4vE2	NES	ENSG00000132688	0.17995	1.53186	0.12698	0.39854	0.10751	0.91504	0.36116	0.6462	0.17995	1.53186	0.12698	0.39854	0.21793	1.77126	0.0779	0.28153	0.13294	0.97048	0.33226	0.60537	0.10589	0.79963	0.42429	0.70327
E2E4label	LCdom_E4vE2	NFE2L2	ENSG00000116044	-0.04461	-0.41226	0.68055	0.87158	-0.07929	-0.73697	0.46192	0.73494	-0.04461	-0.41226	0.68055	0.87158	-0.14591	-1.30695	0.1926	0.43936	-0.0493	-0.52192	0.60195	0.78686	-0.1068	-1.18211	0.2377	0.52293
E2E4label	LCdom_E4vE2	NKG7	ENSG00000105374	-0.16568	-0.48007	0.63165	0.83975	0.00556	0.01574	0.98746	0.98746	-0.16568	-0.48007	0.63165	0.83975	-0.12079	-0.3228	0.74715	0.88825	0.09934	0.24977	0.80287	0.88854	0.40379	1.05809	0.29053	0.58439
E2E4label	LCdom_E4vE2	NMB	ENSG00000197696	0.01374	0.10475	0.91667	0.97267	0.04769	0.36609	0.71465	0.85804	0.01374	0.10475	0.91667	0.97267	-0.03625	-0.2687	0.78841	0.9021	0.18712	1.19079	0.23428	0.49732	0.08404	0.53847	0.59048	0.82124
E2E4label	LCdom_E4vE2	NNAT	ENSG00000053438	-0.55486	-2.15683	0.0321	0.21302	-0.58293	-2.27733	0.02373	0.13152	-0.55486	-2.15683	0.0321	0.21302	-0.69912	-2.61664	0.0095	0.0867	-0.53546	-2.71411	0.00686	0.07108	-0.66798	-3.37118	8e-04	0.01778
E2E4label	LCdom_E4vE2	NOTCH1	ENSG00000148400	0.11439	1.19044	0.23515	0.55733	0.05703	0.59279	0.55393	0.78743	0.11439	1.19044	0.23515	0.55733	0.06053	0.59311	0.55372	0.78948	-0.00025	-0.00256	0.99796	0.99796	0.003	0.03096	0.97531	0.98939
E2E4label	LCdom_E4vE2	NPFFR2	ENSG00000056291	-0.35129	-1.1985	0.232	0.55347	-0.4443	-1.54006	0.12497	0.35917	-0.35129	-1.1985	0.232	0.55347	-0.60147	-2.01295	0.04534	0.21492	-0.32264	-1.08928	0.27653	0.55154	-0.39437	-1.36145	0.17396	0.42666
E2E4label	LCdom_E4vE2	NPNT	ENSG00000168743	-0.45506	-2.31852	0.02133	0.1791	-0.42353	-2.08583	0.03814	0.16771	-0.45506	-2.31852	0.02133	0.1791	-0.46187	-2.15618	0.03216	0.16304	-0.23516	-1.01449	0.31082	0.5846	-0.38118	-1.64216	0.10116	0.32308
E2E4label	LCdom_E4vE2	NPTN	ENSG00000156642	-0.1369	-1.60946	0.10894	0.36817	-0.16119	-1.88331	0.06097	0.22153	-0.1369	-1.60946	0.10894	0.36817	-0.19304	-2.1505	0.03261	0.16304	-0.03971	-0.50841	0.61138	0.79545	-0.14993	-1.91502	0.05603	0.21188
E2E4label	LCdom_E4vE2	NPY	ENSG00000122585	-2.10906	-3.89758	0.00013	0.01204	-2.34406	-4.29559	3e-05	0.00239	-2.10906	-3.89758	0.00013	0.01204	-1.93626	-3.45614	0.00066	0.02673	-2.31811	-5.03368	0	0.00012	-2.38219	-5.17617	0	4e-05
E2E4label	LCdom_E4vE2	NPY1R	ENSG00000164128	-0.56537	-3.39722	0.00081	0.02454	-0.60118	-3.64813	0.00033	0.01202	-0.56537	-3.39722	0.00081	0.02454	-0.67751	-3.80272	0.00019	0.01128	-0.53522	-3.1037	0.00201	0.03179	-0.6912	-4.00492	7e-05	0.00368
E2E4label	LCdom_E4vE2	NR2F2	ENSG00000185551	-0.01434	-0.10855	0.91366	0.97267	-0.0849	-0.64056	0.52247	0.77483	-0.01434	-0.10855	0.91366	0.97267	-0.00666	-0.04664	0.96284	0.97907	-0.00374	-0.02476	0.98025	0.99117	-0.02045	-0.13653	0.89145	0.96886
E2E4label	LCdom_E4vE2	NR4A2	ENSG00000153234	0.10709	0.34332	0.73168	0.89267	0.16222	0.52087	0.60298	0.81186	0.10709	0.34332	0.73168	0.89267	0.15576	0.47366	0.63621	0.85062	0.27762	0.96457	0.3352	0.60537	0.10676	0.37771	0.7058	0.89166
E2E4label	LCdom_E4vE2	NRN1	ENSG00000124785	0.00731	0.06006	0.95216	0.98828	0.06819	0.55496	0.57948	0.80507	0.00731	0.06006	0.95216	0.98828	-0.02741	-0.2162	0.82904	0.90818	0.08124	0.6478	0.5174	0.76039	-0.00888	-0.07057	0.94377	0.98071
E2E4label	LCdom_E4vE2	NRP1	ENSG00000099250	-0.06139	-0.50112	0.61678	0.83957	-0.05331	-0.43599	0.66327	0.84717	-0.06139	-0.50112	0.61678	0.83957	-0.15011	-1.16672	0.24459	0.52219	-0.04821	-0.29976	0.76448	0.86545	-0.10096	-0.63798	0.52376	0.77603
E2E4label	LCdom_E4vE2	NTNG1	ENSG00000162631	-0.19775	-1.59253	0.11269	0.37056	-0.25736	-2.1089	0.03607	0.16693	-0.19775	-1.59253	0.11269	0.37056	-0.18504	-1.43262	0.15339	0.39447	-0.07705	-0.57195	0.5676	0.7768	-0.14112	-1.05285	0.29289	0.58439
E2E4label	LCdom_E4vE2	NTNG2	ENSG00000196358	0.14293	1.04442	0.29743	0.62709	0.16926	1.28228	0.20108	0.47659	0.14293	1.04442	0.29743	0.62709	0.07346	0.51305	0.60843	0.83569	0.10942	0.88612	0.37596	0.6358	0.06831	0.56074	0.57522	0.81564
E2E4label	LCdom_E4vE2	NTSR2	ENSG00000169006	-0.21815	-1.97413	0.04961	0.2474	-0.23419	-2.09928	0.03692	0.16693	-0.21815	-1.97413	0.04961	0.2474	-0.28797	-2.47948	0.01391	0.10802	-0.22752	-2.29805	0.02195	0.13281	-0.29876	-2.81958	0.00499	0.05176
E2E4label	LCdom_E4vE2	NWD2	ENSG00000174145	-0.12313	-0.69614	0.48707	0.77971	-0.07387	-0.40966	0.68245	0.84717	-0.12313	-0.69614	0.48707	0.77971	-0.2086	-1.14273	0.25439	0.52954	0.07661	0.4157	0.6778	0.82014	-0.04761	-0.25717	0.79715	0.9189
E2E4label	LCdom_E4vE2	NXPH2	ENSG00000144227	-0.74326	-3.33465	0.001	0.02609	-0.88435	-3.98223	9e-05	0.00483	-0.74326	-3.33465	0.001	0.02609	-0.80248	-3.35311	0.00094	0.02862	-0.77385	-3.50766	0.00049	0.01188	-0.90638	-4.18157	3e-05	0.00205
E2E4label	LCdom_E4vE2	OLIG1	ENSG00000184221	0.04127	0.36285	0.71707	0.8924	0.05719	0.50691	0.61272	0.81622	0.04127	0.36285	0.71707	0.8924	0.02815	0.23461	0.81473	0.90663	0.06249	0.60802	0.54343	0.77664	0.0309	0.31283	0.75454	0.90276
E2E4label	LCdom_E4vE2	OLIG2	ENSG00000205927	0.08039	0.6454	0.51934	0.79646	0.06889	0.55404	0.58011	0.80507	0.08039	0.6454	0.51934	0.79646	0.05286	0.39609	0.69242	0.87765	0.10387	0.8305	0.40663	0.64479	0.06959	0.57188	0.56765	0.81564
E2E4label	LCdom_E4vE2	OPALIN	ENSG00000197430	0.21631	1.55137	0.12224	0.39137	0.2062	1.49565	0.13617	0.38273	0.21631	1.55137	0.12224	0.39137	0.18413	1.27514	0.20361	0.45315	0.28436	2.01279	0.04465	0.19067	0.20443	1.48989	0.13685	0.37085
E2E4label	LCdom_E4vE2	OTOGL	ENSG00000165899	-0.37905	-1.54569	0.1236	0.39231	-0.39964	-1.66437	0.09745	0.30903	-0.37905	-1.54569	0.1236	0.39231	-0.34145	-1.33615	0.18288	0.4279	-0.3105	-1.2503	0.21175	0.48343	-0.31573	-1.28513	0.19932	0.46678
E2E4label	LCdom_E4vE2	P2RY12	ENSG00000169313	-0.83726	-4.4392	1e-05	0.00519	-0.90695	-4.83535	0	0.00045	-0.83726	-4.4392	1e-05	0.00519	-0.91273	-4.56491	1e-05	0.00145	-0.88032	-4.74771	0	0.00032	-0.95102	-5.30932	0	3e-05
E2E4label	LCdom_E4vE2	P2RY13	ENSG00000181631	-0.5203	-2.91502	0.00392	0.06809	-0.57638	-3.2401	0.00138	0.02795	-0.5203	-2.91502	0.00392	0.06809	-0.59594	-3.14882	0.00187	0.04009	-0.56339	-2.90468	0.00383	0.04796	-0.62402	-3.34647	0.00088	0.01778
E2E4label	LCdom_E4vE2	PAX6	ENSG00000007372	-0.20677	-1.24752	0.21352	0.5196	-0.17984	-1.08861	0.27751	0.55494	-0.20677	-1.24752	0.21352	0.5196	-0.24759	-1.44131	0.15092	0.39447	-0.21916	-1.23261	0.21827	0.48609	-0.27923	-1.56729	0.11765	0.34982
E2E4label	LCdom_E4vE2	PCNA	ENSG00000132646	-0.00766	-0.11232	0.91067	0.97267	-0.05169	-0.7649	0.44515	0.73386	-0.00766	-0.11232	0.91067	0.97267	-0.10099	-1.42314	0.15611	0.39447	0.03053	0.40296	0.68714	0.82593	-0.05312	-0.73303	0.46387	0.74507
E2E4label	LCdom_E4vE2	PCSK1	ENSG00000175426	0.23011	1.45181	0.14797	0.43909	0.24218	1.54049	0.12487	0.35917	0.23011	1.45181	0.14797	0.43909	0.02457	0.15184	0.87945	0.92775	0.32179	1.8399	0.06635	0.23612	0.1923	1.12644	0.2605	0.55298
E2E4label	LCdom_E4vE2	PCSK1N	ENSG00000102109	-0.09467	-0.42738	0.66951	0.86657	-0.08778	-0.39763	0.69128	0.84717	-0.09467	-0.42738	0.66951	0.86657	-0.27681	-1.21679	0.22499	0.49174	-0.08162	-0.328	0.74304	0.86545	-0.13689	-0.5633	0.57347	0.81564
E2E4label	LCdom_E4vE2	PCSK6	ENSG00000140479	0.24904	1.767	0.0786	0.31074	0.25674	1.86652	0.06329	0.22382	0.24904	1.767	0.0786	0.31074	0.16277	1.1118	0.26744	0.53634	0.32476	2.56044	0.01073	0.09059	0.24465	2.00341	0.04565	0.19129
E2E4label	LCdom_E4vE2	PDGFD	ENSG00000170962	0.11042	0.69244	0.48939	0.77971	0.22038	1.3277	0.18564	0.45767	0.11042	0.69244	0.48939	0.77971	0.04045	0.23646	0.8133	0.90663	0.278	2.17784	0.02986	0.15268	0.1432	1.09985	0.2719	0.56227
E2E4label	LCdom_E4vE2	PDGFRA	ENSG00000134853	-0.12121	-0.89838	0.36995	0.71119	-0.17543	-1.28935	0.19862	0.47387	-0.12121	-0.89838	0.36995	0.71119	-0.23805	-1.63797	0.10286	0.32933	-0.17933	-1.28542	0.19921	0.46958	-0.20326	-1.50599	0.13267	0.37046
E2E4label	LCdom_E4vE2	PECAM1	ENSG00000261371	0.24188	1.93804	0.05389	0.25443	0.1813	1.48556	0.13881	0.38384	0.24188	1.93804	0.05389	0.25443	0.24861	1.89836	0.05896	0.24736	0.20219	1.35918	0.17468	0.43134	0.21013	1.4836	0.13851	0.37085
E2E4label	LCdom_E4vE2	PENK	ENSG00000181195	-0.88168	-4.221	4e-05	0.00649	-1.03795	-4.98976	0	0.00045	-0.88168	-4.221	4e-05	0.00649	-0.83126	-3.64266	0.00034	0.01758	-1.01994	-5.59828	0	1e-05	-1.02047	-5.4337	0	3e-05
E2E4label	LCdom_E4vE2	PGRMC1	ENSG00000101856	-0.08968	-0.86143	0.38993	0.72246	-0.05888	-0.56021	0.5759	0.80507	-0.08968	-0.86143	0.38993	0.72246	-0.1839	-1.69	0.09245	0.30957	0.03558	0.39973	0.68952	0.82605	-0.07546	-0.87168	0.38378	0.67301
E2E4label	LCdom_E4vE2	PHLDB2	ENSG00000144824	0.07026	0.63953	0.52314	0.79831	0.0647	0.60919	0.54302	0.78624	0.07026	0.63953	0.52314	0.79831	0.17467	1.4908	0.13745	0.38817	0.05185	0.35628	0.72177	0.85622	0.05836	0.41629	0.67736	0.89045
E2E4label	LCdom_E4vE2	PLCE1	ENSG00000138193	-0.09603	-0.681	0.49658	0.78126	-0.07209	-0.51796	0.605	0.81186	-0.09603	-0.681	0.49658	0.78126	-0.03159	-0.21327	0.83131	0.90818	0.01017	0.06263	0.95008	0.97977	-0.09	-0.56708	0.5709	0.81564
E2E4label	LCdom_E4vE2	PLCH1	ENSG00000114805	-0.32141	-2.05321	0.04123	0.23884	-0.42839	-2.72474	0.00695	0.08237	-0.32141	-2.05321	0.04123	0.23884	-0.37795	-2.30222	0.02226	0.14508	-0.2269	-1.4832	0.13862	0.38121	-0.3642	-2.36305	0.01849	0.10653
E2E4label	LCdom_E4vE2	PLD5	ENSG00000180287	-0.08103	-0.69264	0.48926	0.77971	-0.10845	-0.92894	0.35393	0.64271	-0.08103	-0.69264	0.48926	0.77971	-0.12766	-1.04455	0.29738	0.56829	0.00451	0.03581	0.97145	0.98502	-0.08276	-0.66558	0.50597	0.7658
E2E4label	LCdom_E4vE2	PLPP3	ENSG00000162407	-0.34743	-3.00414	0.00297	0.05704	-0.39236	-3.38478	0.00084	0.01921	-0.34743	-3.00414	0.00297	0.05704	-0.40014	-3.30182	0.00112	0.03055	-0.39078	-4.15493	4e-05	0.00184	-0.43419	-4.44775	1e-05	0.00096
E2E4label	LCdom_E4vE2	POSTN	ENSG00000133110	-0.23726	-0.80828	0.4198	0.73451	-0.01686	-0.05787	0.9539	0.96984	-0.23726	-0.80828	0.4198	0.73451	0.02005	0.0652	0.94807	0.97139	0.02722	0.08762	0.93021	0.96752	0.04337	0.1436	0.88587	0.96568
E2E4label	LCdom_E4vE2	POU6F2	ENSG00000106536	-0.17472	-1.27283	0.20441	0.51742	-0.14139	-1.00934	0.31391	0.59061	-0.17472	-1.27283	0.20441	0.51742	-0.05519	-0.3826	0.70238	0.88302	-0.17697	-0.92898	0.35333	0.63182	-0.31429	-1.71603	0.08675	0.28889
E2E4label	LCdom_E4vE2	PPME1	ENSG00000214517	-0.00206	-0.02516	0.97995	0.99561	0.0172	0.20753	0.83579	0.91336	-0.00206	-0.02516	0.97995	0.99561	-0.09191	-1.0921	0.27598	0.54514	0.11931	1.56188	0.11892	0.35096	0.00858	0.11519	0.90834	0.97553
E2E4label	LCdom_E4vE2	PPP1R15A	ENSG00000087074	0.07984	0.52124	0.60272	0.83957	0.11907	0.77775	0.43755	0.73259	0.07984	0.52124	0.60272	0.83957	0.02108	0.13357	0.89387	0.94024	0.19204	1.3605	0.17426	0.43134	0.0931	0.68531	0.49345	0.7635
E2E4label	LCdom_E4vE2	PRCP	ENSG00000137509	0.01875	0.22061	0.8256	0.94465	-0.01243	-0.14579	0.88422	0.94093	0.01875	0.22061	0.8256	0.94465	-0.07944	-0.88916	0.37489	0.65159	0.08268	0.88497	0.37658	0.6358	0.0282	0.30137	0.76325	0.90543
E2E4label	LCdom_E4vE2	PROX1	ENSG00000117707	0.29411	2.1925	0.02938	0.19861	0.28114	2.10428	0.03648	0.16693	0.29411	2.1925	0.02938	0.19861	0.29947	2.12816	0.03444	0.1676	0.37056	3.08263	0.00216	0.03267	0.31734	2.72519	0.00664	0.06181
E2E4label	LCdom_E4vE2	PSEN1	ENSG00000080815	0.10794	1.21442	0.22588	0.5424	0.10303	1.16739	0.24431	0.52147	0.10794	1.21442	0.22588	0.5424	0.05846	0.63068	0.52891	0.77531	0.12117	1.47034	0.14207	0.38331	0.0753	0.99818	0.31865	0.60604
E2E4label	LCdom_E4vE2	PSEN2	ENSG00000143801	-0.02803	-0.31527	0.75285	0.8971	-0.02997	-0.34224	0.73249	0.85967	-0.02803	-0.31527	0.75285	0.8971	-0.10444	-1.14682	0.2527	0.52954	0.12751	1.09768	0.27285	0.54721	0.02658	0.23183	0.81676	0.92942
E2E4label	LCdom_E4vE2	PSENEN	ENSG00000205155	-0.08626	-0.92931	0.35374	0.7072	-0.07692	-0.81051	0.41851	0.71217	-0.08626	-0.92931	0.35374	0.7072	-0.14017	-1.43102	0.15384	0.39447	0.06031	0.57782	0.56363	0.7768	-0.05044	-0.50876	0.61114	0.84031
E2E4label	LCdom_E4vE2	PTCHD4	ENSG00000244694	-0.00236	-0.01577	0.98743	0.99561	-0.03268	-0.22363	0.82325	0.90781	-0.00236	-0.01577	0.98743	0.99561	-0.19671	-1.2773	0.20284	0.45315	-0.1345	-0.67697	0.49873	0.73893	-0.19688	-0.99771	0.31888	0.60604
E2E4label	LCdom_E4vE2	PTPRC	ENSG00000081237	-0.1565	-0.90548	0.36619	0.71119	-0.16897	-0.97443	0.33091	0.61	-0.1565	-0.90548	0.36619	0.71119	-0.21401	-1.1713	0.24275	0.52219	-0.23655	-1.23372	0.21786	0.48609	-0.26565	-1.47817	0.13996	0.37085
E2E4label	LCdom_E4vE2	PTPRZ1	ENSG00000106278	-0.21735	-2.03602	0.04294	0.24422	-0.27243	-2.55413	0.01132	0.093	-0.21735	-2.03602	0.04294	0.24422	-0.31447	-2.80357	0.00551	0.06662	-0.25124	-2.56252	0.01067	0.09059	-0.27889	-2.78394	0.00556	0.05611
E2E4label	LCdom_E4vE2	PVALB	ENSG00000100362	-0.57675	-2.22248	0.02726	0.18775	-0.49126	-1.93159	0.05468	0.20792	-0.57675	-2.22248	0.02726	0.18775	-0.38813	-1.44984	0.14853	0.39447	-0.39109	-1.417	0.15708	0.40728	-0.50377	-1.82865	0.06802	0.24447
E2E4label	LCdom_E4vE2	RALA	ENSG00000006451	-0.03182	-0.32566	0.74499	0.89448	-0.02136	-0.21617	0.82906	0.91146	-0.03182	-0.32566	0.74499	0.89448	-0.13628	-1.34922	0.17865	0.42343	0.06432	0.80342	0.4221	0.66044	-0.03302	-0.43775	0.66174	0.8812
E2E4label	LCdom_E4vE2	RASD1	ENSG00000108551	0.2181	1.06288	0.28899	0.62709	0.24057	1.17312	0.24201	0.52147	0.2181	1.06288	0.28899	0.62709	0.16223	0.75761	0.44949	0.71722	0.2285	1.2086	0.22736	0.48878	0.20477	1.11143	0.26689	0.55874
E2E4label	LCdom_E4vE2	RASGRP1	ENSG00000172575	-0.24883	-1.24749	0.21353	0.5196	-0.12109	-0.60623	0.54498	0.78624	-0.24883	-1.24749	0.21353	0.5196	-0.08751	-0.42568	0.67076	0.86818	-0.04854	-0.18606	0.85247	0.91824	-0.07758	-0.31105	0.75589	0.90276
E2E4label	LCdom_E4vE2	REEP1	ENSG00000068615	0.07856	0.6156	0.53879	0.80356	0.13366	1.01708	0.31022	0.58669	0.07856	0.6156	0.53879	0.80356	0.0059	0.04366	0.96521	0.97907	0.29258	2.70515	0.00705	0.07108	0.17753	1.64069	0.10146	0.32308
E2E4label	LCdom_E4vE2	RELN	ENSG00000189056	-0.32147	-1.35302	0.17743	0.49063	-0.54226	-2.34664	0.01983	0.12239	-0.32147	-1.35302	0.17743	0.49063	-0.53143	-2.26505	0.02449	0.15284	-0.39074	-1.83053	0.06774	0.2384	-0.47935	-2.24694	0.02506	0.13183
E2E4label	LCdom_E4vE2	RFTN1	ENSG00000131378	-0.1568	-1.27658	0.20309	0.51742	-0.2137	-1.73653	0.08386	0.28081	-0.1568	-1.27658	0.20309	0.51742	-0.20299	-1.56089	0.11999	0.36258	-0.13733	-0.85908	0.39069	0.63803	-0.15835	-1.02773	0.30455	0.59561
E2E4label	LCdom_E4vE2	RGMA	ENSG00000182175	-0.09983	-0.75464	0.45126	0.76255	-0.15089	-1.14509	0.25341	0.53464	-0.09983	-0.75464	0.45126	0.76255	-0.12372	-0.90155	0.36828	0.64621	-0.10874	-0.84986	0.39579	0.64139	-0.12456	-0.94207	0.34659	0.64519
E2E4label	LCdom_E4vE2	RGS10	ENSG00000148908	-0.3517	-1.9285	0.05507	0.25443	-0.44633	-2.46054	0.01464	0.10274	-0.3517	-1.9285	0.05507	0.25443	-0.42365	-2.22743	0.02693	0.1546	-0.41078	-2.12417	0.03412	0.1662	-0.44495	-2.40284	0.01661	0.10017
E2E4label	LCdom_E4vE2	RGS16	ENSG00000143333	0.15336	0.80691	0.42058	0.73451	0.17335	0.9007	0.36873	0.65651	0.15336	0.80691	0.42058	0.73451	0.06589	0.3259	0.74481	0.88825	0.14038	0.60833	0.54323	0.77664	0.01977	0.08863	0.92941	0.98071
E2E4label	LCdom_E4vE2	RIT2	ENSG00000152214	0.16956	1.30934	0.19177	0.5042	0.16291	1.22135	0.22325	0.50194	0.16956	1.30934	0.19177	0.5042	0.10943	0.8024	0.42319	0.70211	0.28874	2.11623	0.0348	0.1662	0.18724	1.36188	0.17382	0.42666
E2E4label	LCdom_E4vE2	RNASET2	ENSG00000026297	-0.28857	-1.83434	0.06794	0.28181	-0.32787	-2.09791	0.03705	0.16693	-0.28857	-1.83434	0.06794	0.28181	-0.36807	-2.22485	0.02711	0.1546	-0.32067	-2.53423	0.01156	0.09059	-0.39152	-3.22393	0.00134	0.02216
E2E4label	LCdom_E4vE2	RNF144B	ENSG00000137393	0.12975	1.1124	0.26717	0.60196	0.08283	0.72101	0.47167	0.74527	0.12975	1.1124	0.26717	0.60196	0.11597	0.94014	0.34818	0.62735	0.14819	0.83729	0.40282	0.64479	0.15721	0.93178	0.35189	0.64542
E2E4label	LCdom_E4vE2	RORB	ENSG00000198963	-0.21641	-1.28103	0.20152	0.51742	-0.31854	-1.88087	0.0613	0.22153	-0.21641	-1.28103	0.20152	0.51742	-0.30937	-1.73271	0.08455	0.29545	-0.3428	-1.90832	0.0569	0.21514	-0.3789	-2.1024	0.03599	0.16383
E2E4label	LCdom_E4vE2	ROS1	ENSG00000047936	0.02302	0.11732	0.90671	0.97267	-0.02367	-0.118	0.90617	0.95044	0.02302	0.11732	0.90671	0.97267	-0.02308	-0.10963	0.9128	0.94921	0.31728	1.11778	0.26417	0.53572	0.18937	0.67524	0.49982	0.7658
E2E4label	LCdom_E4vE2	RSPO2	ENSG00000147655	-0.22031	-1.12242	0.2629	0.59601	-0.12837	-0.64392	0.52029	0.77483	-0.22031	-1.12242	0.2629	0.59601	-0.19324	-0.94341	0.34651	0.62735	0.01096	0.04754	0.9621	0.98502	-0.09424	-0.41203	0.68048	0.89045
E2E4label	LCdom_E4vE2	RXFP1	ENSG00000171509	-0.38029	-1.25534	0.21068	0.5196	-0.28777	-0.95963	0.33829	0.62048	-0.38029	-1.25534	0.21068	0.5196	-0.22601	-0.71093	0.47788	0.74425	-0.29972	-0.83026	0.40677	0.64479	-0.03757	-0.10606	0.91558	0.97584
E2E4label	LCdom_E4vE2	RYR3	ENSG00000198838	-0.3271	-2.2689	0.02424	0.18523	-0.34804	-2.4119	0.01668	0.11072	-0.3271	-2.2689	0.02424	0.18523	-0.3328	-2.20681	0.02836	0.15926	-0.3233	-2.37165	0.01807	0.11632	-0.34027	-2.47901	0.01349	0.08904
E2E4label	LCdom_E4vE2	S100A4	ENSG00000196154	-0.11984	-0.84816	0.39726	0.725	-0.0756	-0.55084	0.5823	0.80507	-0.11984	-0.84816	0.39726	0.725	0.0055	0.03739	0.97021	0.97907	-0.04773	-0.30163	0.76305	0.86545	-0.0384	-0.25357	0.79992	0.9189
E2E4label	LCdom_E4vE2	SAMD5	ENSG00000203727	-0.02026	-0.15191	0.8794	0.96973	0.0325	0.243	0.80823	0.90197	-0.02026	-0.15191	0.8794	0.96973	-0.07608	-0.54696	0.58496	0.81853	0.16207	1.38859	0.16555	0.42023	0.07704	0.66505	0.50631	0.7658
E2E4label	LCdom_E4vE2	SARAF	ENSG00000133872	-0.04336	-0.52778	0.59818	0.83944	-0.03788	-0.46142	0.64495	0.83977	-0.04336	-0.52778	0.59818	0.83944	-0.11986	-1.40435	0.16163	0.40407	0.03445	0.4169	0.67692	0.82014	-0.05293	-0.65543	0.51248	0.76991
E2E4label	LCdom_E4vE2	SDK1	ENSG00000146555	-0.08361	-0.50566	0.61359	0.83957	-0.0273	-0.16303	0.87064	0.93806	-0.08361	-0.50566	0.61359	0.83957	-0.18626	-1.08978	0.27701	0.54514	0.19596	1.05059	0.29393	0.57364	0.07083	0.39079	0.69611	0.89045
E2E4label	LCdom_E4vE2	SEMA5A	ENSG00000112902	-0.03963	-0.33962	0.73447	0.89267	-0.07825	-0.67107	0.50287	0.75847	-0.03963	-0.33962	0.73447	0.89267	-0.08846	-0.71983	0.47239	0.74425	0.05202	0.43085	0.66676	0.82014	-0.01533	-0.1293	0.89717	0.97116
E2E4label	LCdom_E4vE2	SERPINA3	ENSG00000196136	0.81764	2.84947	0.00479	0.07075	0.84837	3.01869	0.00284	0.04681	0.81764	2.84947	0.00479	0.07075	0.54261	1.78657	0.0754	0.2752	0.71742	2.65372	0.0082	0.07635	0.68665	2.56727	0.01053	0.07798
E2E4label	LCdom_E4vE2	SEZ6L2	ENSG00000174938	-0.13282	-1.59451	0.11225	0.37056	-0.11757	-1.41994	0.15703	0.41258	-0.13282	-1.59451	0.11225	0.37056	-0.19564	-2.25335	0.02522	0.15345	-0.00629	-0.07515	0.94012	0.97425	-0.10082	-1.17829	0.23922	0.52311
E2E4label	LCdom_E4vE2	SFRP2	ENSG00000145423	-0.09893	-0.39907	0.69022	0.87781	-0.14216	-0.58337	0.56024	0.79149	-0.09893	-0.39907	0.69022	0.87781	-0.19943	-0.79172	0.42938	0.70726	-0.04297	-0.15817	0.87438	0.92807	-0.22851	-0.86665	0.38653	0.67457
E2E4label	LCdom_E4vE2	SLC17A6	ENSG00000091664	-0.34954	-2.26125	0.02471	0.18523	-0.34443	-2.23793	0.02622	0.13604	-0.34954	-2.26125	0.02471	0.18523	-0.47688	-2.96601	0.00335	0.05561	-0.2344	-1.46855	0.14255	0.38331	-0.3513	-2.10871	0.03544	0.16383
E2E4label	LCdom_E4vE2	SLC17A7	ENSG00000104888	-0.21988	-0.54015	0.58964	0.83743	-0.0997	-0.25334	0.80024	0.90197	-0.21988	-0.54015	0.58964	0.83743	-0.0151	-0.03636	0.97103	0.97907	-0.38919	-0.88993	0.37391	0.6358	-0.42355	-0.99326	0.32104	0.60697
E2E4label	LCdom_E4vE2	SLC18A2	ENSG00000165646	0.15834	0.74748	0.45557	0.76294	0.24313	1.11121	0.26769	0.54281	0.15834	0.74748	0.45557	0.76294	0.0368	0.15358	0.87808	0.92775	0.26946	1.30596	0.19214	0.45586	0.13601	0.63976	0.52261	0.77603
E2E4label	LCdom_E4vE2	SLC24A3	ENSG00000185052	-0.19873	-1.93148	0.0547	0.25443	-0.23669	-2.31351	0.02161	0.12722	-0.19873	-1.93148	0.0547	0.25443	-0.3185	-2.96587	0.00335	0.05561	-0.13093	-1.22138	0.22249	0.48878	-0.21863	-1.9967	0.04637	0.19129
E2E4label	LCdom_E4vE2	SLC26A4	ENSG00000091137	-0.15385	-0.90732	0.36522	0.71119	-0.22543	-1.34444	0.18018	0.44914	-0.15385	-0.90732	0.36522	0.71119	-0.15951	-0.89828	0.37002	0.64621	0.07202	0.30023	0.76412	0.86545	0.04762	0.20531	0.83741	0.93712
E2E4label	LCdom_E4vE2	SLC6A2	ENSG00000103546	0.21712	0.92772	0.35457	0.7072	0.33224	1.36528	0.17356	0.4369	0.21712	0.92772	0.35457	0.7072	0.10807	0.41181	0.68089	0.87044	0.34795	1.77439	0.07658	0.25739	0.23373	1.11749	0.2643	0.55779
E2E4label	LCdom_E4vE2	SLC6A3	ENSG00000142319	0.0679	0.5343	0.59367	0.83792	0.05814	0.465	0.64239	0.83977	0.0679	0.5343	0.59367	0.83792	-0.03063	-0.23888	0.81142	0.90663	0.13721	0.88746	0.37524	0.6358	0.11725	0.75371	0.45136	0.73473
E2E4label	LCdom_E4vE2	SLC6A4	ENSG00000108576	-0.48081	-1.52439	0.12884	0.39854	-0.93134	-2.93871	0.00365	0.05122	-0.48081	-1.52439	0.12884	0.39854	-0.7515	-2.31653	0.02146	0.14242	-0.55322	-1.9114	0.0565	0.21514	-0.40981	-1.41494	0.15768	0.40308
E2E4label	LCdom_E4vE2	SLC7A11	ENSG00000151012	-0.17617	-1.41256	0.15919	0.45393	-0.18377	-1.47008	0.14296	0.39015	-0.17617	-1.41256	0.15919	0.45393	-0.21665	-1.64355	0.1017	0.3285	-0.13525	-1.04018	0.29873	0.5799	-0.17683	-1.36562	0.17264	0.42666
E2E4label	LCdom_E4vE2	SLIT3	ENSG00000184347	0.1277	0.87189	0.38421	0.71916	0.11491	0.8088	0.4195	0.71217	0.1277	0.87189	0.38421	0.71916	0.17266	1.08671	0.27835	0.54514	0.13661	0.6867	0.49258	0.7333	0.10717	0.55715	0.57766	0.81592
E2E4label	LCdom_E4vE2	SNCB	ENSG00000074317	-0.0586	-0.49179	0.62335	0.83957	-0.0509	-0.42864	0.6686	0.84717	-0.0586	-0.49179	0.62335	0.83957	-0.11454	-0.9322	0.35226	0.62735	0.01962	0.19192	0.84788	0.91601	-0.0641	-0.6034	0.5465	0.80642
E2E4label	LCdom_E4vE2	SNCG	ENSG00000173267	-0.01688	-0.11013	0.91241	0.97267	0.02245	0.14602	0.88404	0.94093	-0.01688	-0.11013	0.91241	0.97267	-0.06852	-0.43444	0.6644	0.866	0.10231	0.68617	0.49291	0.7333	0.00586	0.03863	0.9692	0.98826
E2E4label	LCdom_E4vE2	SNTB2	ENSG00000168807	0.00018	0.00219	0.99825	0.99825	-0.02722	-0.33652	0.7368	0.85967	0.00018	0.00219	0.99825	0.99825	-0.07907	-0.94741	0.34447	0.62735	0.03451	0.28618	0.77485	0.86545	0.00128	0.01108	0.99117	0.99659
E2E4label	LCdom_E4vE2	SORCS1	ENSG00000108018	0.28116	1.92137	0.05597	0.25535	0.29175	1.96468	0.0507	0.20115	0.28116	1.92137	0.05597	0.25535	0.16617	1.09728	0.27372	0.54514	0.43232	2.52324	0.01192	0.09059	0.35954	2.12741	0.03385	0.16169
E2E4label	LCdom_E4vE2	SOX10	ENSG00000100146	0.24068	2.25241	0.02527	0.18523	0.23957	2.30173	0.02228	0.12907	0.24068	2.25241	0.02527	0.18523	0.17208	1.53375	0.12653	0.37548	0.29335	2.95085	0.00331	0.04292	0.25344	2.65438	0.00819	0.06754
E2E4label	LCdom_E4vE2	SOX11	ENSG00000176887	-0.31676	-2.90998	0.00398	0.06809	-0.39402	-3.7213	0.00025	0.01019	-0.31676	-2.90998	0.00398	0.06809	-0.38181	-3.378	0.00086	0.02862	-0.2645	-2.01529	0.04438	0.19067	-0.30584	-2.35632	0.01882	0.10677
E2E4label	LCdom_E4vE2	SOX2	ENSG00000181449	-0.05386	-0.38405	0.70131	0.88371	-0.11376	-0.81019	0.4187	0.71217	-0.05386	-0.38405	0.70131	0.88371	-0.09857	-0.66475	0.50691	0.76455	-0.1363	-1.16725	0.24364	0.51419	-0.16594	-1.39297	0.16422	0.4157
E2E4label	LCdom_E4vE2	SOX4	ENSG00000124766	-0.14772	-1.21648	0.2251	0.5424	-0.22539	-1.89996	0.05874	0.21876	-0.14772	-1.21648	0.2251	0.5424	-0.2254	-1.81515	0.07086	0.26393	-0.14074	-0.85678	0.39196	0.63803	-0.21217	-1.29466	0.19601	0.46372
E2E4label	LCdom_E4vE2	SOX9	ENSG00000125398	-0.18354	-1.05574	0.29223	0.62709	-0.25384	-1.45545	0.14696	0.39733	-0.18354	-1.05574	0.29223	0.62709	-0.26478	-1.45939	0.14589	0.39447	-0.26636	-1.70077	0.08958	0.28631	-0.30544	-1.88034	0.06062	0.22444
E2E4label	LCdom_E4vE2	SPARC	ENSG00000113140	-0.23226	-2.25086	0.02537	0.18523	-0.25948	-2.58529	0.01037	0.09232	-0.23226	-2.25086	0.02537	0.18523	-0.2616	-2.4316	0.01583	0.1204	-0.25992	-2.84085	0.00467	0.05142	-0.26984	-2.89268	0.00398	0.04659
E2E4label	LCdom_E4vE2	SPHKAP	ENSG00000153820	-0.18346	-1.30481	0.19331	0.5042	-0.16448	-1.1695	0.24346	0.52147	-0.18346	-1.30481	0.19331	0.5042	-0.28077	-1.89084	0.05996	0.2487	-0.04477	-0.31052	0.75629	0.86545	-0.12111	-0.83029	0.40675	0.69976
E2E4label	LCdom_E4vE2	SPI1	ENSG00000066336	-0.12017	-1.04325	0.29797	0.62709	-0.18214	-1.58747	0.11383	0.33536	-0.12017	-1.04325	0.29797	0.62709	-0.19127	-1.57275	0.11722	0.36258	-0.12871	-1.02988	0.30354	0.58087	-0.17898	-1.4793	0.13966	0.37085
E2E4label	LCdom_E4vE2	SPON1	ENSG00000262655	-0.18075	-1.40073	0.16269	0.46033	-0.24828	-1.94913	0.05254	0.20452	-0.18075	-1.40073	0.16269	0.46033	-0.22278	-1.66084	0.09817	0.31994	-0.24352	-2.11894	0.03457	0.1662	-0.27837	-2.27689	0.02319	0.12567
E2E4label	LCdom_E4vE2	SREBF1	ENSG00000072310	0.10005	0.94959	0.34335	0.6924	0.06548	0.62559	0.53223	0.78332	0.10005	0.94959	0.34335	0.6924	-0.00956	-0.08659	0.93108	0.96001	0.0471	0.49004	0.62431	0.80408	0.00452	0.04733	0.96227	0.98826
E2E4label	LCdom_E4vE2	SSR4	ENSG00000180879	-0.01966	-0.29254	0.77015	0.90641	-0.02724	-0.40921	0.68278	0.84717	-0.01966	-0.29254	0.77015	0.90641	-0.10016	-1.44467	0.14998	0.39447	0.05484	0.76196	0.44642	0.68376	-0.02994	-0.43641	0.66272	0.8812
E2E4label	LCdom_E4vE2	SST	ENSG00000157005	-0.56471	-2.31899	0.02131	0.1791	-0.62225	-2.60834	0.00972	0.0894	-0.56471	-2.31899	0.02131	0.1791	-0.58124	-2.15736	0.03207	0.16304	-0.61034	-2.36112	0.01859	0.11632	-0.73729	-2.87695	0.00418	0.0474
E2E4label	LCdom_E4vE2	ST18	ENSG00000147488	0.33445	2.46762	0.01436	0.14682	0.36496	2.7295	0.00685	0.08237	0.33445	2.46762	0.01436	0.14682	0.35274	2.48725	0.01362	0.10802	0.44554	3.61645	0.00033	0.00849	0.37625	3.20086	0.00145	0.02294
E2E4label	LCdom_E4vE2	STAT3	ENSG00000168610	0.08297	1.00831	0.3144	0.64835	0.05488	0.67151	0.50259	0.75847	0.08297	1.00831	0.3144	0.64835	-0.03079	-0.3612	0.7183	0.88825	0.09614	1.13688	0.25611	0.52822	0.02645	0.32952	0.74189	0.90276
E2E4label	LCdom_E4vE2	STK32B	ENSG00000152953	-0.30597	-2.84571	0.00485	0.07075	-0.32214	-3.00623	0.00295	0.04681	-0.30597	-2.84571	0.00485	0.07075	-0.39048	-3.37055	0.00089	0.02862	-0.27365	-2.24851	0.02496	0.14013	-0.40305	-3.34311	0.00089	0.01778
E2E4label	LCdom_E4vE2	STXBP2	ENSG00000076944	0.01712	0.1485	0.88208	0.96976	0.05333	0.46673	0.64115	0.83977	0.01712	0.1485	0.88208	0.96976	-0.00228	-0.01882	0.985	0.98856	0.0565	0.4169	0.67692	0.82014	0.05208	0.401	0.68858	0.89045
E2E4label	LCdom_E4vE2	SULF1	ENSG00000137573	0.06613	0.38295	0.70212	0.88371	0.16593	0.92495	0.356	0.64326	0.06613	0.38295	0.70212	0.88371	-0.06284	-0.34571	0.72989	0.88825	0.3524	2.22006	0.02684	0.14432	0.20031	1.2773	0.20206	0.47019
E2E4label	LCdom_E4vE2	SYNPR	ENSG00000163630	-0.27735	-1.67618	0.09511	0.34716	-0.37615	-2.27564	0.02382	0.13152	-0.27735	-1.67618	0.09511	0.34716	-0.53557	-3.0506	0.00256	0.04681	-0.29659	-2.03749	0.0421	0.18414	-0.35742	-2.39801	0.01683	0.10017
E2E4label	LCdom_E4vE2	TAC1	ENSG00000006128	-0.44251	-1.87794	0.06171	0.26819	-0.567	-2.37457	0.01843	0.11803	-0.44251	-1.87794	0.06171	0.26819	-0.76872	-2.92727	0.00378	0.06004	-0.42773	-1.98464	0.04771	0.20041	-0.58196	-2.68846	0.00741	0.06558
E2E4label	LCdom_E4vE2	TACR1	ENSG00000115353	0.04442	0.36641	0.71441	0.8924	0.11022	0.8924	0.37315	0.66116	0.04442	0.36641	0.71441	0.8924	-0.07956	-0.6386	0.52375	0.77084	0.22175	1.754	0.08001	0.26405	0.09136	0.72233	0.47041	0.75015
E2E4label	LCdom_E4vE2	TAGLN	ENSG00000149591	-0.0833	-0.55073	0.58238	0.8336	-0.11338	-0.78016	0.43613	0.73259	-0.0833	-0.55073	0.58238	0.8336	0.09687	0.60571	0.54534	0.78914	-0.03697	-0.22915	0.81884	0.8953	-0.06084	-0.38843	0.69786	0.89045
E2E4label	LCdom_E4vE2	TENM1	ENSG00000009694	-0.30714	-2.42781	0.01599	0.14962	-0.3221	-2.54152	0.01172	0.093	-0.30714	-2.42781	0.01599	0.14962	-0.33258	-2.51909	0.01248	0.10236	-0.16272	-1.20808	0.22756	0.48878	-0.29336	-2.13394	0.03331	0.16122
E2E4label	LCdom_E4vE2	TENM2	ENSG00000145934	-0.08099	-0.68973	0.49109	0.77971	-0.11839	-1.00149	0.31768	0.59464	-0.08099	-0.68973	0.49109	0.77971	-0.17178	-1.42813	0.15467	0.39447	0.09293	0.73911	0.46017	0.69601	-0.021	-0.16495	0.86905	0.95595
E2E4label	LCdom_E4vE2	TESPA1	ENSG00000135426	-0.04186	-0.25932	0.79563	0.92485	-0.01169	-0.07154	0.94303	0.96954	-0.04186	-0.25932	0.79563	0.92485	0.10949	0.62634	0.53174	0.77635	0.30709	1.33466	0.18257	0.44478	0.27997	1.21204	0.22604	0.50651
E2E4label	LCdom_E4vE2	TGFB1	ENSG00000105329	-0.0131	-0.10677	0.91507	0.97267	-0.06636	-0.54668	0.58515	0.80531	-0.0131	-0.10677	0.91507	0.97267	-0.06599	-0.50939	0.61099	0.83569	-0.06194	-0.4748	0.63513	0.80612	-0.09586	-0.75873	0.44836	0.73312
E2E4label	LCdom_E4vE2	TGFB2	ENSG00000092969	-0.01965	-0.15752	0.87498	0.96778	-0.04253	-0.34134	0.73317	0.85967	-0.01965	-0.15752	0.87498	0.96778	-0.11884	-0.91956	0.35881	0.63576	0.0696	0.52887	0.59712	0.78638	-0.02783	-0.2077	0.83555	0.93712
E2E4label	LCdom_E4vE2	TGFBI	ENSG00000120708	0.15794	0.87952	0.38007	0.71879	0.11609	0.63769	0.52434	0.77483	0.15794	0.87952	0.38007	0.71879	0.15364	0.79037	0.43017	0.70726	0.14045	0.59351	0.5531	0.7768	0.07707	0.33491	0.73783	0.90276
E2E4label	LCdom_E4vE2	TH	ENSG00000180176	0.20683	0.89996	0.36912	0.71119	0.2927	1.236	0.21778	0.50017	0.20683	0.89996	0.36912	0.71119	0.08112	0.32056	0.74885	0.88825	0.26629	1.52161	0.12871	0.36218	0.16378	0.88519	0.37646	0.66776
E2E4label	LCdom_E4vE2	THBS1	ENSG00000137801	0.03051	0.1375	0.89076	0.97267	0.01676	0.07683	0.93883	0.96954	0.03051	0.1375	0.89076	0.97267	-0.10242	-0.44068	0.65988	0.86337	0.07648	0.29633	0.7671	0.86545	0.01005	0.04031	0.96786	0.98826
E2E4label	LCdom_E4vE2	THEMIS	ENSG00000172673	0.21217	1.17029	0.24314	0.57255	0.36559	2.02726	0.04383	0.18389	0.21217	1.17029	0.24314	0.57255	0.18804	0.99089	0.32283	0.60427	0.26682	1.11858	0.26383	0.53572	0.2811	1.22063	0.22277	0.50396
E2E4label	LCdom_E4vE2	THRA	ENSG00000126351	-0.00475	-0.03924	0.96873	0.99561	-0.01101	-0.09132	0.92732	0.96362	-0.00475	-0.03924	0.96873	0.99561	-0.08138	-0.64244	0.52126	0.77028	0.01139	0.07274	0.94204	0.97425	-0.03283	-0.2168	0.82845	0.93712
E2E4label	LCdom_E4vE2	THSD4	ENSG00000187720	0.37363	2.90022	0.0041	0.06809	0.31024	2.41878	0.01638	0.11071	0.37363	2.90022	0.0041	0.06809	0.39484	2.91071	0.00398	0.0604	0.39138	2.41309	0.01616	0.1139	0.4214	2.66078	0.00803	0.06754
E2E4label	LCdom_E4vE2	THSD7B	ENSG00000144229	0.51473	3.35642	0.00093	0.02608	0.53378	3.57666	0.00043	0.01418	0.51473	3.35642	0.00093	0.02608	0.42451	2.79027	0.00573	0.06662	0.57673	2.87021	0.00427	0.04997	0.48083	2.454	0.01445	0.09204
E2E4label	LCdom_E4vE2	TMEM132C	ENSG00000181234	0.06341	0.60819	0.54368	0.80669	0.05713	0.54307	0.58763	0.80531	0.06341	0.60819	0.54368	0.80669	-0.02512	-0.2288	0.81923	0.90818	0.14352	1.23348	0.21795	0.48609	0.06737	0.5924	0.55384	0.80988
E2E4label	LCdom_E4vE2	TMEM163	ENSG00000152128	-0.20587	-1.69638	0.09122	0.34324	-0.17832	-1.46905	0.14323	0.39015	-0.20587	-1.69638	0.09122	0.34324	-0.31997	-2.51498	0.01262	0.10236	-0.01684	-0.11008	0.91239	0.95172	-0.10772	-0.70869	0.47883	0.75903
E2E4label	LCdom_E4vE2	TMEM35A	ENSG00000126950	-0.01188	-0.10911	0.91322	0.97267	0.0196	0.1777	0.85912	0.93327	-0.01188	-0.10911	0.91322	0.97267	-0.08084	-0.70884	0.47917	0.74425	0.13592	1.34263	0.17997	0.44142	0.01294	0.12243	0.90261	0.97225
E2E4label	LCdom_E4vE2	TMIGD3	ENSG00000121933	-0.34099	-1.88786	0.06035	0.26819	-0.36116	-1.99214	0.04758	0.19297	-0.34099	-1.88786	0.06035	0.26819	-0.36473	-1.91058	0.05736	0.24736	-0.24963	-1.21071	0.22655	0.48878	-0.28537	-1.4515	0.14724	0.38452
E2E4label	LCdom_E4vE2	TMSB4X	ENSG00000205542	0.10634	1.3011	0.19457	0.5042	0.10843	1.3232	0.18713	0.45767	0.10634	1.3011	0.19457	0.5042	-0.00149	-0.01776	0.98585	0.98856	0.1445	1.88057	0.06058	0.22441	0.07693	1.07351	0.28354	0.57823
E2E4label	LCdom_E4vE2	TMSB4Y	ENSG00000154620	0.08084	0.40206	0.68802	0.87781	0.07722	0.38201	0.70282	0.8551	0.08084	0.40206	0.68802	0.87781	0.06805	0.32741	0.74367	0.88825	0.09761	0.52097	0.60261	0.78686	0.04988	0.27069	0.78673	0.9189
E2E4label	LCdom_E4vE2	TOP2A	ENSG00000131747	0.68856	1.93245	0.05458	0.25443	0.65278	1.85734	0.06459	0.22382	0.68856	1.93245	0.05458	0.25443	0.37143	1.03684	0.30095	0.56915	0.65552	1.77847	0.07591	0.25739	0.59224	1.61997	0.10585	0.33123
E2E4label	LCdom_E4vE2	TP53	ENSG00000141510	-0.00555	-0.05993	0.95227	0.98828	-0.03814	-0.40855	0.68327	0.84717	-0.00555	-0.05993	0.95227	0.98828	-0.027	-0.27552	0.78318	0.89893	-0.04823	-0.43941	0.66055	0.82014	-0.09217	-0.86281	0.38864	0.675
E2E4label	LCdom_E4vE2	TPH2	ENSG00000139287	-0.54104	-1.71012	0.08865	0.3406	-0.82135	-2.56057	0.01112	0.093	-0.54104	-1.71012	0.08865	0.3406	-0.60953	-1.84675	0.06614	0.24905	-0.35146	-1.1468	0.25199	0.5227	-0.40346	-1.32794	0.18478	0.4442
E2E4label	LCdom_E4vE2	TRAC	ENSG00000277734	-0.36132	-1.94731	0.05276	0.25443	-0.30329	-1.62422	0.10575	0.31638	-0.36132	-1.94731	0.05276	0.25443	-0.38447	-1.98241	0.04868	0.22182	-0.19699	-0.88147	0.37847	0.63603	-0.34228	-1.59973	0.11026	0.33634
E2E4label	LCdom_E4vE2	TREM2	ENSG00000095970	-0.0918	-0.42829	0.66886	0.86657	-0.18816	-0.87258	0.38384	0.67034	-0.0918	-0.42829	0.66886	0.86657	-0.18625	-0.82734	0.40894	0.68855	-0.27035	-1.2352	0.21731	0.48609	-0.28281	-1.33154	0.18359	0.4442
E2E4label	LCdom_E4vE2	TRH	ENSG00000170893	-0.47966	-1.86638	0.06331	0.26819	-0.45032	-1.68935	0.09256	0.30164	-0.47966	-1.86638	0.06331	0.26819	-0.48315	-1.75437	0.08076	0.289	-0.38166	-1.26054	0.20804	0.4793	-0.40168	-1.35101	0.17727	0.43188
E2E4label	LCdom_E4vE2	TRHDE	ENSG00000072657	-0.38138	-1.86293	0.06379	0.26819	-0.38601	-1.90413	0.05819	0.21876	-0.38138	-1.86293	0.06379	0.26819	-0.54117	-2.58364	0.01042	0.0928	-0.242	-1.02882	0.30404	0.58087	-0.45241	-1.96771	0.04963	0.20241
E2E4label	LCdom_E4vE2	TRIL	ENSG00000255690	-0.21123	-1.6249	0.1056	0.3671	-0.25085	-1.93568	0.05418	0.20792	-0.21123	-1.6249	0.1056	0.3671	-0.26978	-1.98564	0.04832	0.22182	-0.22159	-1.95664	0.05092	0.20092	-0.26449	-2.22679	0.02639	0.13683
E2E4label	LCdom_E4vE2	TRPC5	ENSG00000072315	-0.06346	-0.49482	0.62122	0.83957	-0.03209	-0.24772	0.80458	0.90197	-0.06346	-0.49482	0.62122	0.83957	-0.12611	-0.936	0.3503	0.62735	0.07675	0.50313	0.61508	0.79741	-0.0305	-0.19995	0.8416	0.93712
E2E4label	LCdom_E4vE2	TRPC6	ENSG00000137672	-0.59321	-2.78173	0.00587	0.07391	-0.62646	-2.95569	0.00346	0.05082	-0.59321	-2.78173	0.00587	0.07391	-0.59794	-2.74241	0.0066	0.07302	-0.46176	-1.93041	0.0541	0.2089	-0.42179	-1.80652	0.07141	0.25212
E2E4label	LCdom_E4vE2	TSHZ2	ENSG00000182463	0.22493	1.79823	0.0735	0.29481	0.23151	1.84246	0.06674	0.22767	0.22493	1.79823	0.0735	0.29481	0.24906	1.9087	0.0576	0.24736	0.3414	2.67504	0.00771	0.0756	0.32629	2.58912	0.00989	0.07615
E2E4label	LCdom_E4vE2	TTYH1	ENSG00000167614	0.03339	0.31748	0.75118	0.8971	-0.01792	-0.17222	0.86342	0.93516	0.03339	0.31748	0.75118	0.8971	-0.07419	-0.67789	0.49856	0.76139	-0.0743	-0.83473	0.40425	0.64479	-0.11749	-1.29257	0.19673	0.46372
E2E4label	LCdom_E4vE2	UGP2	ENSG00000169764	-0.09187	-1.04815	0.29571	0.62709	-0.10182	-1.15573	0.24903	0.52847	-0.09187	-1.04815	0.29571	0.62709	-0.16569	-1.79626	0.07383	0.27219	0.03836	0.46822	0.63982	0.80926	-0.04858	-0.59099	0.55478	0.80988
E2E4label	LCdom_E4vE2	UGT8	ENSG00000174607	0.33419	2.64452	0.00876	0.10664	0.33581	2.74496	0.00655	0.08237	0.33419	2.64452	0.00876	0.10664	0.26972	2.06709	0.0399	0.19161	0.46592	4.26433	2e-05	0.00173	0.40415	3.83797	0.00014	0.00561
E2E4label	LCdom_E4vE2	UNC5B	ENSG00000107731	0.06523	0.59441	0.55284	0.81039	0.03881	0.35687	0.72153	0.85967	0.06523	0.59441	0.55284	0.81039	0.02541	0.22078	0.82547	0.90818	0.08784	0.77203	0.44045	0.68376	0.03757	0.34316	0.73161	0.90276
E2E4label	LCdom_E4vE2	VCAN	ENSG00000038427	-0.02294	-0.17754	0.85925	0.96637	-0.12957	-1.02822	0.30497	0.58393	-0.02294	-0.17754	0.85925	0.96637	-0.09004	-0.65435	0.51357	0.76955	-0.06115	-0.4226	0.67276	0.82014	-0.09935	-0.68655	0.49267	0.7635
E2E4label	LCdom_E4vE2	VIP	ENSG00000146469	-0.26899	-0.77008	0.44208	0.75401	-0.20852	-0.59375	0.55329	0.78743	-0.26899	-0.77008	0.44208	0.75401	-0.30349	-0.82278	0.41153	0.68855	0.0387	0.11208	0.9108	0.95172	-0.03662	-0.10927	0.91303	0.97584
E2E4label	LCdom_E4vE2	VWC2L	ENSG00000174453	-0.20833	-1.64262	0.10188	0.36103	-0.21495	-1.68971	0.09249	0.30164	-0.20833	-1.64262	0.10188	0.36103	-0.24353	-1.85058	0.06557	0.24905	-0.06796	-0.41033	0.68173	0.82216	-0.1659	-1.01943	0.30847	0.59561
E2E4label	LCdom_E4vE2	WIF1	ENSG00000156076	-0.11583	-0.60255	0.54743	0.80895	-0.0615	-0.31316	0.75446	0.877	-0.11583	-0.60255	0.54743	0.80895	-0.09788	-0.45764	0.64766	0.85962	-0.13478	-0.55718	0.57765	0.7789	-0.09468	-0.40218	0.68771	0.89045
E2E4label	LCdom_E4vE2	XBP1s	XBP1s	0.46862	1.26961	0.20555	0.51742	0.45423	1.21896	0.22415	0.50194	0.46862	1.26961	0.20555	0.51742	0.27504	0.684	0.4947	0.75867								
E2E4label	LCdom_E4vE2	XBP1u	XBP1u	0.07974	0.58471	0.55934	0.81275	0.06972	0.51858	0.60457	0.81186	0.07974	0.58471	0.55934	0.81275	-0.02541	-0.17836	0.85861	0.91904	0.13755	0.76397	0.44523	0.68376	0.04757	0.27529	0.7832	0.9189
E2E4label	LCdom_E4vE2	ZBBX	ENSG00000169064	-0.43336	-1.12628	0.26127	0.59601	-0.53029	-1.37202	0.17146	0.4346	-0.43336	-1.12628	0.26127	0.59601	-0.60296	-1.48504	0.13898	0.38817	-0.1652	-0.55825	0.57691	0.7789	-0.25996	-0.88914	0.37433	0.66776
E2E4label	LCdom_E4vE2	ZDHHC23	ENSG00000184307	-0.19748	-1.01827	0.30966	0.64219	-0.16573	-0.83704	0.40347	0.69618	-0.19748	-1.01827	0.30966	0.64219	-0.23333	-1.12252	0.26286	0.53303	-0.01081	-0.03815	0.96959	0.98502	-0.1191	-0.44079	0.65955	0.8812
YRIAPOlabel	LCdom_E2YRI_vs_E2CEU	ABCC9	ENSG00000069431	-0.3032	-1.34189	0.18145	0.61761	-0.28084	-1.21039	0.22784	0.72978	-0.3032	-1.34189	0.18145	0.61761	-0.24322	-0.99019	0.32353	0.76678	-0.21641	-0.72704	0.46764	0.95674	-0.21822	-0.73275	0.46415	0.91045
YRIAPOlabel	LCdom_E2YRI_vs_E2CEU	ACHE	ENSG00000087085	-0.18857	-0.98324	0.32691	0.71904	-0.13918	-0.72813	0.46756	0.84662	-0.18857	-0.98324	0.32691	0.71904	-0.04417	-0.22084	0.82549	0.97319	-0.15753	-0.86799	0.38593	0.92622	-0.20677	-1.16066	0.24649	0.85148
YRIAPOlabel	LCdom_E2YRI_vs_E2CEU	ADAMTS12	ENSG00000151388	0.13077	0.39142	0.69598	0.90501	-0.03181	-0.09394	0.92527	0.99241	0.13077	0.39142	0.69598	0.90501	0.27317	0.79793	0.42606	0.8406	-0.10012	-0.23418	0.81497	0.97683	-0.46084	-1.09855	0.27265	0.85148
YRIAPOlabel	LCdom_E2YRI_vs_E2CEU	ADAMTS16	ENSG00000145536	-0.14852	-0.3904	0.69674	0.90501	0.19017	0.49265	0.62291	0.87406	-0.14852	-0.3904	0.69674	0.90501	0.77601	1.93676	0.05448	0.50731	-0.17779	-0.31241	0.75489	0.96921	-0.67011	-1.19374	0.23331	0.85148
YRIAPOlabel	LCdom_E2YRI_vs_E2CEU	ADAMTS3	ENSG00000156140	-0.33462	-0.87601	0.38228	0.7618	-0.47465	-1.28662	0.20001	0.68629	-0.33462	-0.87601	0.38228	0.7618	0.38541	0.98603	0.32556	0.76678	-0.20363	-0.39542	0.69275	0.95674	-0.6839	-1.32602	0.18562	0.85148
YRIAPOlabel	LCdom_E2YRI_vs_E2CEU	ADCYAP1	ENSG00000141433	0.20021	0.55293	0.58105	0.88737	0.55612	1.56409	0.11969	0.57528	0.20021	0.55293	0.58105	0.88737	0.63859	1.65589	0.09965	0.60618	0.54717	1.54757	0.12253	0.79866	0.27899	0.81075	0.418	0.86688
YRIAPOlabel	LCdom_E2YRI_vs_E2CEU	ADRA1A	ENSG00000120907	-0.27685	-1.50465	0.1343	0.58085	-0.11999	-0.64852	0.51754	0.84662	-0.27685	-1.50465	0.1343	0.58085	-0.25558	-1.34183	0.18149	0.71936	-0.07981	-0.34898	0.72729	0.96921	-0.22072	-0.98009	0.32765	0.85148
YRIAPOlabel	LCdom_E2YRI_vs_E2CEU	ADRA1B	ENSG00000170214	-0.3068	-1.03039	0.30432	0.70448	-0.23117	-0.7715	0.4415	0.84247	-0.3068	-1.03039	0.30432	0.70448	-0.16979	-0.56229	0.57468	0.90653	-0.2465	-0.68451	0.49406	0.95674	-0.38448	-1.06612	0.28703	0.85148
YRIAPOlabel	LCdom_E2YRI_vs_E2CEU	ADRA2A	ENSG00000150594	-0.34973	-1.12345	0.26286	0.69025	-0.48809	-1.55335	0.12223	0.57528	-0.34973	-1.12345	0.26286	0.69025	-0.44566	-1.45561	0.1474	0.71936	-0.27847	-1.18718	0.23588	0.84267	-0.26994	-1.18544	0.23657	0.85148
YRIAPOlabel	LCdom_E2YRI_vs_E2CEU	AIF1	ENSG00000204472	-0.01676	-0.0737	0.94134	0.99017	-0.09471	-0.40534	0.68574	0.88658	-0.01676	-0.0737	0.94134	0.99017	-0.00965	-0.03509	0.97205	0.98011	0.00462	0.01587	0.98734	0.99157	0.0091	0.03221	0.97432	0.99366
YRIAPOlabel	LCdom_E2YRI_vs_E2CEU	ALDOC	ENSG00000109107	-0.15915	-1.02245	0.30805	0.70448	-0.09259	-0.60288	0.5474	0.84662	-0.15915	-1.02245	0.30805	0.70448	-0.08571	-0.61229	0.54119	0.89382	0.0315	0.21188	0.83231	0.97683	0.04075	0.29862	0.76539	0.98423
YRIAPOlabel	LCdom_E2YRI_vs_E2CEU	ALK	ENSG00000171094	-0.32086	-1.42895	0.15489	0.60171	-0.33173	-1.4688	0.14377	0.59103	-0.32086	-1.42895	0.15489	0.60171	-0.33251	-1.4984	0.13593	0.71334	-0.29306	-1.27356	0.20358	0.83477	-0.31563	-1.41909	0.15667	0.80541
YRIAPOlabel	LCdom_E2YRI_vs_E2CEU	ANGPT1	ENSG00000154188	-0.09086	-0.39282	0.69495	0.90501	-0.15596	-0.67931	0.49788	0.84662	-0.09086	-0.39282	0.69495	0.90501	-0.14416	-0.63916	0.52361	0.8911	-0.09544	-0.3457	0.72976	0.96921	-0.17842	-0.66691	0.50522	0.92175
YRIAPOlabel	LCdom_E2YRI_vs_E2CEU	ANK1	ENSG00000029534	-0.11023	-0.68988	0.49123	0.83889	0.02853	0.17479	0.86145	0.95572	-0.11023	-0.68988	0.49123	0.83889	-0.01045	-0.05805	0.95378	0.98011	0.16918	0.79783	0.42545	0.94144	0.04525	0.21921	0.8266	0.98423
YRIAPOlabel	LCdom_E2YRI_vs_E2CEU	ANKRD18A	ENSG00000180071	-0.27881	-1.0457	0.29721	0.70448	-0.10757	-0.40308	0.6874	0.88658	-0.27881	-1.0457	0.29721	0.70448	-0.17762	-0.63959	0.52332	0.8911	-0.20471	-0.69155	0.48963	0.95674	-0.26862	-0.93073	0.35257	0.85148
YRIAPOlabel	LCdom_E2YRI_vs_E2CEU	ANO3	ENSG00000134343	0.14532	0.53772	0.59149	0.89262	-0.00435	-0.01647	0.98688	0.99506	0.14532	0.53772	0.59149	0.89262	0.35953	1.34292	0.18114	0.71936	0.32319	0.92603	0.355	0.92561	0.18726	0.54918	0.58319	0.93201
YRIAPOlabel	LCdom_E2YRI_vs_E2CEU	ANXA1	ENSG00000135046	-0.00257	-0.00918	0.99268	0.99541	-0.12932	-0.4546	0.64999	0.87406	-0.00257	-0.00918	0.99268	0.99541	0.26205	0.86415	0.38876	0.81235	-0.39783	-1.14895	0.25128	0.84595	-0.4169	-1.21542	0.22494	0.85148
YRIAPOlabel	LCdom_E2YRI_vs_E2CEU	APLP1	ENSG00000105290	0.22933	1.3257	0.18675	0.61761	0.36489	2.11892	0.03558	0.31527	0.22933	1.3257	0.18675	0.61761	0.423	2.44848	0.01539	0.29565	0.23889	1.4526	0.14714	0.80502	0.16555	1.13628	0.25654	0.85148
YRIAPOlabel	LCdom_E2YRI_vs_E2CEU	APOC1	ENSG00000130208	-0.64479	-2.23738	0.02658	0.36793	-0.56949	-1.99241	0.04796	0.3767	-0.64479	-2.23738	0.02658	0.36793	-0.34784	-1.21117	0.22756	0.73097	-0.3936	-1.38844	0.16579	0.80502	-0.37348	-1.35205	0.17714	0.85148
YRIAPOlabel	LCdom_E2YRI_vs_E2CEU	APOE	ENSG00000130203	-0.21432	-1.01876	0.30979	0.70448	-0.14877	-0.7194	0.4729	0.84662	-0.21432	-1.01876	0.30979	0.70448	-0.07673	-0.37867	0.70542	0.9662	-0.11481	-0.62269	0.53385	0.95674	-0.09684	-0.52933	0.59688	0.93367
YRIAPOlabel	LCdom_E2YRI_vs_E2CEU	APOLD1	ENSG00000178878	0.71334	1.61733	0.1077	0.56657	0.64161	1.46161	0.14573	0.59103	0.71334	1.61733	0.1077	0.56657	0.75685	1.67316	0.0962	0.59514	0.42803	0.96597	0.33466	0.8948	0.45107	1.03917	0.29937	0.85148
YRIAPOlabel	LCdom_E2YRI_vs_E2CEU	APP	ENSG00000142192	-0.01549	-0.13856	0.88996	0.97842	0.08054	0.71952	0.47283	0.84662	-0.01549	-0.13856	0.88996	0.97842	0.07362	0.66705	0.50567	0.8911	0.06176	0.51789	0.60483	0.95674	0.01185	0.10554	0.916	0.99166
YRIAPOlabel	LCdom_E2YRI_vs_E2CEU	AQP4	ENSG00000171885	-0.22012	-1.07931	0.282	0.70448	-0.15595	-0.77673	0.43842	0.84247	-0.22012	-1.07931	0.282	0.70448	-0.19717	-0.98071	0.32817	0.76678	-0.09184	-0.48213	0.62998	0.95674	-0.08878	-0.46091	0.64512	0.9577
YRIAPOlabel	LCdom_E2YRI_vs_E2CEU	ARHGAP24	ENSG00000138639	0.11415	0.60934	0.54313	0.86192	0.05802	0.29704	0.7668	0.89584	0.11415	0.60934	0.54313	0.86192	0.10356	0.49204	0.62334	0.92488	0.16979	0.8365	0.40338	0.92622	0.16275	0.81668	0.41461	0.86688
YRIAPOlabel	LCdom_E2YRI_vs_E2CEU	ARL8B	ENSG00000134108	0.09565	0.56306	0.57415	0.88727	0.16239	0.99596	0.32071	0.77452	0.09565	0.56306	0.57415	0.88727	0.03253	0.20495	0.83786	0.97319	0.20703	1.23581	0.21727	0.83477	0.14169	0.92187	0.35717	0.85148
YRIAPOlabel	LCdom_E2YRI_vs_E2CEU	ASTN1	ENSG00000152092	-0.26495	-1.69723	0.09152	0.52492	-0.11511	-0.75718	0.45001	0.84247	-0.26495	-1.69723	0.09152	0.52492	-0.19179	-1.31441	0.19053	0.71936	0.01476	0.0998	0.92055	0.98643	-0.05488	-0.36565	0.71482	0.98082
YRIAPOlabel	LCdom_E2YRI_vs_E2CEU	ATF4	ENSG00000128272	-0.10547	-0.66314	0.50815	0.84528	-0.06265	-0.41895	0.67579	0.88094	-0.10547	-0.66314	0.50815	0.84528	-0.07256	-0.49777	0.61931	0.92488	-0.12639	-0.87194	0.38377	0.92622	-0.19832	-1.50972	0.13192	0.75408
YRIAPOlabel	LCdom_E2YRI_vs_E2CEU	ATN1	ENSG00000111676	-0.14207	-1.13532	0.25787	0.69025	-0.05945	-0.47879	0.63272	0.87406	-0.14207	-1.13532	0.25787	0.69025	-0.0805	-0.62221	0.53466	0.8911	0.01718	0.1472	0.88305	0.98643	-0.00095	-0.00795	0.99366	0.99366
YRIAPOlabel	LCdom_E2YRI_vs_E2CEU	ATP2C2	ENSG00000064270	-0.4109	-1.548	0.12352	0.58025	-0.30628	-1.17678	0.24096	0.74534	-0.4109	-1.548	0.12352	0.58025	0.06882	0.264	0.79211	0.97319	-0.31728	-1.01726	0.30966	0.88754	-0.35397	-1.14753	0.25186	0.85148
YRIAPOlabel	LCdom_E2YRI_vs_E2CEU	AVP	ENSG00000101200	-1.26813	-1.68719	0.09343	0.52492	-1.04033	-1.33866	0.1825	0.66613	-1.26813	-1.68719	0.09343	0.52492	-0.75516	-0.92867	0.35441	0.78879	-1.21609	-1.6157	0.10707	0.75926	-1.7951	-2.36307	0.01868	0.29637
YRIAPOlabel	LCdom_E2YRI_vs_E2CEU	AZIN1	ENSG00000155096	-0.0201	-0.14035	0.88855	0.97842	-0.0102	-0.07753	0.9383	0.99241	-0.0201	-0.14035	0.88855	0.97842	-0.02201	-0.17067	0.86469	0.97319	0.03114	0.24095	0.80972	0.97683	-0.01731	-0.15365	0.87797	0.98819
YRIAPOlabel	LCdom_E2YRI_vs_E2CEU	B4GALNT1	ENSG00000135454	0.03206	0.17402	0.86206	0.96519	0.06786	0.37103	0.71109	0.89584	0.03206	0.17402	0.86206	0.96519	-5e-05	-0.00025	0.9998	0.9998	0.05277	0.26973	0.78751	0.97209	-0.01876	-0.10002	0.92038	0.99166
YRIAPOlabel	LCdom_E2YRI_vs_E2CEU	BAG3	ENSG00000151929	-0.31239	-1.33001	0.18533	0.61761	-0.27891	-1.21435	0.22633	0.72978	-0.31239	-1.33001	0.18533	0.61761	-0.26399	-1.11791	0.26523	0.75802	-0.24988	-1.20303	0.22969	0.84267	-0.21672	-1.06136	0.28918	0.85148
YRIAPOlabel	LCdom_E2YRI_vs_E2CEU	BCAN	ENSG00000132692	-0.23435	-1.12697	0.26137	0.69025	-0.08841	-0.43708	0.66262	0.87629	-0.23435	-1.12697	0.26137	0.69025	0.01	0.05311	0.95771	0.98011	-0.03799	-0.17242	0.8632	0.98581	-0.08135	-0.37166	0.71034	0.98082
YRIAPOlabel	LCdom_E2YRI_vs_E2CEU	BRINP3	ENSG00000162670	0.0165	0.08127	0.93533	0.98873	0.11081	0.54226	0.58836	0.86593	0.0165	0.08127	0.93533	0.98873	-0.03133	-0.16469	0.86939	0.97319	0.28179	1.31254	0.19011	0.80685	0.13936	0.65739	0.51132	0.92183
YRIAPOlabel	LCdom_E2YRI_vs_E2CEU	BTBD11	ENSG00000151136	0.5089	2.65206	0.00877	0.2668	0.63049	3.22879	0.0015	0.07207	0.5089	2.65206	0.00877	0.2668	0.3266	1.4362	0.15283	0.71936	0.60823	2.60231	0.00961	0.17589	0.55813	2.42702	0.01567	0.28605
YRIAPOlabel	LCdom_E2YRI_vs_E2CEU	C1QA	ENSG00000173372	0.08734	0.42593	0.67071	0.89673	0.00811	0.03933	0.96867	0.99241	0.08734	0.42593	0.67071	0.89673	0.12512	0.53767	0.59153	0.91486	0.11407	0.56921	0.56954	0.95674	0.11029	0.5797	0.56245	0.93201
YRIAPOlabel	LCdom_E2YRI_vs_E2CEU	C1QB	ENSG00000173369	0.1565	0.80566	0.42158	0.78912	0.06174	0.31281	0.75482	0.89584	0.1565	0.80566	0.42158	0.78912	0.18466	0.8245	0.41085	0.81997	0.10975	0.51313	0.60815	0.95674	0.08713	0.42544	0.67075	0.96173
YRIAPOlabel	LCdom_E2YRI_vs_E2CEU	C1QL3	ENSG00000165985	0.47413	1.77144	0.07831	0.50401	0.85301	3.08371	0.00239	0.08735	0.47413	1.77144	0.07831	0.50401	0.34564	1.13999	0.25594	0.75802	0.59415	1.87568	0.06144	0.54699	0.36599	1.18412	0.23708	0.85148
YRIAPOlabel	LCdom_E2YRI_vs_E2CEU	C1orf162	ENSG00000143110	0.19001	0.97232	0.3323	0.72195	0.16743	0.90996	0.36416	0.80519	0.19001	0.97232	0.3323	0.72195	0.21333	1.04239	0.29875	0.75802	-0.0084	-0.03184	0.97461	0.99157	0.00638	0.02467	0.98033	0.99366
YRIAPOlabel	LCdom_E2YRI_vs_E2CEU	C3	ENSG00000125730	0.02988	0.11303	0.91014	0.9864	0.01653	0.06274	0.95005	0.99241	0.02988	0.11303	0.91014	0.9864	-0.18757	-0.63633	0.52544	0.8911	-0.01928	-0.07276	0.94203	0.98643	-0.02539	-0.09866	0.92146	0.99166
YRIAPOlabel	LCdom_E2YRI_vs_E2CEU	CABLES1	ENSG00000134508	-0.3928	-1.86916	0.06335	0.4534	-0.3142	-1.51493	0.13168	0.57528	-0.3928	-1.86916	0.06335	0.4534	-0.41859	-2.03755	0.04319	0.47673	-0.16557	-0.76935	0.44215	0.95674	-0.16558	-0.75501	0.4507	0.91045
YRIAPOlabel	LCdom_E2YRI_vs_E2CEU	CALCRL	ENSG00000064989	-0.12471	-0.48209	0.63037	0.89262	0.06709	0.26156	0.79398	0.92001	-0.12471	-0.48209	0.63037	0.89262	0.07332	0.28908	0.77288	0.97319	0.08552	0.33008	0.74152	0.96921	-0.05329	-0.20926	0.83435	0.98556
YRIAPOlabel	LCdom_E2YRI_vs_E2CEU	CAPG	ENSG00000042493	0.11844	0.63028	0.52937	0.84528	0.18966	1.02	0.30921	0.76733	0.11844	0.63028	0.52937	0.84528	0.17739	0.82038	0.41318	0.81997	0.15959	0.67771	0.49836	0.95674	0.12464	0.53866	0.59043	0.93367
YRIAPOlabel	LCdom_E2YRI_vs_E2CEU	CAPN3	ENSG00000092529	0.57445	2.45274	0.01521	0.33997	0.72752	3.23241	0.00148	0.07207	0.57445	2.45274	0.01521	0.33997	0.63411	2.60457	0.01004	0.24423	0.45577	1.89375	0.059	0.53836	0.34317	1.53303	0.12608	0.75408
YRIAPOlabel	LCdom_E2YRI_vs_E2CEU	CARTPT	ENSG00000164326	0.49284	1.05086	0.29484	0.70448	0.05789	0.11421	0.90921	0.97894	0.49284	1.05086	0.29484	0.70448	0.45202	0.88225	0.37893	0.80876	0.34136	0.85198	0.39475	0.92622	0.37364	0.95352	0.34092	0.85148
YRIAPOlabel	LCdom_E2YRI_vs_E2CEU	CAV1	ENSG00000105974	0.30188	1.0479	0.2962	0.70448	0.16498	0.56246	0.57456	0.85808	0.30188	1.0479	0.2962	0.70448	0.26174	0.87905	0.38065	0.80876	0.16626	0.4768	0.63377	0.95674	0.03175	0.09237	0.92645	0.99166
YRIAPOlabel	LCdom_E2YRI_vs_E2CEU	CCK	ENSG00000187094	0.08427	0.21059	0.83347	0.95995	0.19684	0.4925	0.62302	0.87406	0.08427	0.21059	0.83347	0.95995	0.22803	0.51858	0.60475	0.92488	0.43712	1.17342	0.24135	0.84267	0.38092	1.01745	0.30958	0.85148
YRIAPOlabel	LCdom_E2YRI_vs_E2CEU	CCL4	ENSG00000275302	0.2445	0.4713	0.63805	0.89262	0.30921	0.58655	0.5583	0.8518	0.2445	0.4713	0.63805	0.89262	0.62298	1.17569	0.24141	0.75143	0.25792	0.39755	0.69119	0.95674	0.06339	0.09809	0.92192	0.99166
YRIAPOlabel	LCdom_E2YRI_vs_E2CEU	CCL5	ENSG00000271503	-0.44659	-0.90732	0.36554	0.75809	-0.73123	-1.40074	0.16315	0.62031	-0.44659	-0.90732	0.36554	0.75809	-0.08216	-0.1578	0.87481	0.97319	-0.9137	-1.49092	0.13679	0.80502	-1.10344	-1.81246	0.07069	0.65864
YRIAPOlabel	LCdom_E2YRI_vs_E2CEU	CCNA1	ENSG00000133101	-0.19629	-0.76016	0.44823	0.80593	-0.23608	-0.8965	0.37128	0.80918	-0.19629	-0.76016	0.44823	0.80593	-0.26369	-1.01614	0.31105	0.76678	-0.25419	-0.90623	0.36539	0.92622	-0.35673	-1.29906	0.19471	0.85148
YRIAPOlabel	LCdom_E2YRI_vs_E2CEU	CCNB2	ENSG00000157456	-0.48835	-1.32778	0.18606	0.61761	-0.44104	-1.2461	0.21448	0.71167	-0.48835	-1.32778	0.18606	0.61761	-0.19369	-0.51449	0.60759	0.92488	-0.29062	-0.59127	0.55469	0.95674	-0.2839	-0.57234	0.56743	0.93201
YRIAPOlabel	LCdom_E2YRI_vs_E2CEU	CD14	ENSG00000170458	-0.08769	-0.27324	0.78501	0.95192	-0.21756	-0.65601	0.51272	0.84662	-0.08769	-0.27324	0.78501	0.95192	-0.26147	-0.71691	0.47444	0.86949	-0.16718	-0.44774	0.65459	0.95674	-0.0683	-0.18478	0.8535	0.98592
YRIAPOlabel	LCdom_E2YRI_vs_E2CEU	CD163	ENSG00000177575	-0.55701	-1.3439	0.1808	0.61761	-0.77057	-1.84386	0.06698	0.42149	-0.55701	-1.3439	0.1808	0.61761	-0.02273	-0.05239	0.95828	0.98011	-0.61648	-1.25821	0.20908	0.83477	-0.61621	-1.2784	0.20188	0.85148
YRIAPOlabel	LCdom_E2YRI_vs_E2CEU	CD2	ENSG00000116824	-0.61261	-2.26336	0.0249	0.36793	-0.38122	-1.42175	0.15697	0.6095	-0.61261	-2.26336	0.0249	0.36793	-0.29732	-1.05587	0.29257	0.75802	-0.27306	-0.75287	0.45198	0.95674	-0.33927	-0.95584	0.33975	0.85148
YRIAPOlabel	LCdom_E2YRI_vs_E2CEU	CD36	ENSG00000135218	-0.21444	-0.31441	0.7536	0.93994	0.01728	0.02478	0.98026	0.99241	-0.21444	-0.31441	0.7536	0.93994	0.43258	0.56218	0.57476	0.90653	-0.50612	-0.73165	0.46482	0.95674	-0.39765	-0.5956	0.55179	0.93201
YRIAPOlabel	LCdom_E2YRI_vs_E2CEU	CD3G	ENSG00000160654	-0.20742	-0.46057	0.64571	0.89262	-0.01264	-0.02802	0.97768	0.99241	-0.20742	-0.46057	0.64571	0.89262	0.24177	0.51361	0.60821	0.92488	-0.57109	-1.06442	0.28781	0.87584	-0.47443	-0.91774	0.35934	0.85148
YRIAPOlabel	LCdom_E2YRI_vs_E2CEU	CD4	ENSG00000010610	-0.07145	-0.306	0.75999	0.94032	-0.09526	-0.389	0.69777	0.89364	-0.07145	-0.306	0.75999	0.94032	-0.16209	-0.57646	0.56509	0.90464	-0.01011	-0.03769	0.96995	0.99157	-0.05245	-0.20169	0.84027	0.98592
YRIAPOlabel	LCdom_E2YRI_vs_E2CEU	CD48	ENSG00000117091	-0.46067	-2.26196	0.02499	0.36793	-0.46892	-2.33648	0.02065	0.2513	-0.46067	-2.26196	0.02499	0.36793	-0.24468	-1.20922	0.2283	0.73097	-0.46616	-1.98807	0.0475	0.50993	-0.49765	-2.23343	0.02609	0.32832
YRIAPOlabel	LCdom_E2YRI_vs_E2CEU	CD52	ENSG00000169442	-0.44667	-1.03461	0.30235	0.70448	-0.29894	-0.70996	0.47872	0.84662	-0.44667	-1.03461	0.30235	0.70448	0.03395	0.07373	0.94131	0.98011	-1.00624	-1.71993	0.08626	0.68444	-1.17887	-2.02601	0.04346	0.44065
YRIAPOlabel	LCdom_E2YRI_vs_E2CEU	CD68	ENSG00000129226	0.12882	0.48213	0.63035	0.89262	-0.05967	-0.22139	0.82506	0.93788	0.12882	0.48213	0.63035	0.89262	0.09493	0.30723	0.75906	0.97319	-0.08644	-0.28551	0.77541	0.97009	-0.24484	-0.82178	0.4117	0.86688
YRIAPOlabel	LCdom_E2YRI_vs_E2CEU	CD74	ENSG00000019582	0.13226	0.55928	0.57672	0.88727	0.07904	0.33368	0.73904	0.89584	0.13226	0.55928	0.57672	0.88727	0.06686	0.23952	0.811	0.97319	0.14848	0.66843	0.50425	0.95674	0.08195	0.37928	0.70469	0.98082
YRIAPOlabel	LCdom_E2YRI_vs_E2CEU	CD83	ENSG00000112149	0.03733	0.21447	0.83044	0.95995	0.11966	0.66591	0.50639	0.84662	0.03733	0.21447	0.83044	0.95995	0.05586	0.28806	0.77366	0.97319	0.27218	1.1779	0.23955	0.84267	0.20804	0.88749	0.37536	0.85148
YRIAPOlabel	LCdom_E2YRI_vs_E2CEU	CD86	ENSG00000114013	0.26707	0.71406	0.47619	0.83329	0.21861	0.5963	0.55178	0.84719	0.26707	0.71406	0.47619	0.83329	0.08072	0.18692	0.85195	0.97319	0.14919	0.40325	0.68699	0.95674	0.07994	0.22053	0.82557	0.98423
YRIAPOlabel	LCdom_E2YRI_vs_E2CEU	CDH1	ENSG00000039068	0.30181	1.10219	0.27197	0.69655	0.5369	1.92919	0.0554	0.3767	0.30181	1.10219	0.27197	0.69655	0.45678	1.55712	0.12135	0.70213	0.48044	1.44746	0.14858	0.80502	0.54352	1.69816	0.09028	0.65907
YRIAPOlabel	LCdom_E2YRI_vs_E2CEU	CDH12	ENSG00000154162	-0.34532	-1.26284	0.20841	0.6206	0.11596	0.42362	0.67239	0.88094	-0.34532	-1.26284	0.20841	0.6206	-0.15529	-0.56005	0.5762	0.90653	0.22436	0.71989	0.47202	0.95674	0.15579	0.51001	0.61034	0.93932
YRIAPOlabel	LCdom_E2YRI_vs_E2CEU	CDH4	ENSG00000179242	-0.18723	-0.70237	0.48343	0.83626	0.02381	0.08826	0.92977	0.99241	-0.18723	-0.70237	0.48343	0.83626	-0.09544	-0.33019	0.74168	0.97319	0.07706	0.25701	0.79731	0.97619	-0.0051	-0.01665	0.98672	0.99366
YRIAPOlabel	LCdom_E2YRI_vs_E2CEU	CDH6	ENSG00000113361	-0.10322	-0.44654	0.65578	0.89314	-0.15479	-0.67552	0.50028	0.84662	-0.10322	-0.44654	0.65578	0.89314	-0.02848	-0.13304	0.89433	0.97319	-0.03376	-0.1442	0.88542	0.98643	0.01136	0.05103	0.95933	0.99366
YRIAPOlabel	LCdom_E2YRI_vs_E2CEU	CDK1	ENSG00000170312	0.1564	0.46431	0.64303	0.89262	0.27805	0.81241	0.41771	0.84247	0.1564	0.46431	0.64303	0.89262	0.35631	0.99598	0.32072	0.76678	0.1967	0.32684	0.74397	0.96921	0.19164	0.32892	0.7424	0.9834
YRIAPOlabel	LCdom_E2YRI_vs_E2CEU	CEMIP	ENSG00000103888	0.00289	0.00952	0.99242	0.99541	-0.22769	-0.76074	0.44789	0.84247	0.00289	0.00952	0.99242	0.99541	-0.16613	-0.5423	0.58834	0.91381	-0.29365	-0.84256	0.4	0.92622	-0.51658	-1.49754	0.13507	0.75408
YRIAPOlabel	LCdom_E2YRI_vs_E2CEU	CEMIP2	ENSG00000135048	-0.04027	-0.18866	0.85059	0.96508	-0.18538	-0.89431	0.37245	0.80918	-0.04027	-0.18866	0.85059	0.96508	-0.03024	-0.14281	0.88662	0.97319	-0.25664	-0.87002	0.38482	0.92622	-0.32536	-1.12474	0.26139	0.85148
YRIAPOlabel	LCdom_E2YRI_vs_E2CEU	CENPF	ENSG00000117724	0.19072	0.6822	0.49606	0.84065	0.25643	0.93367	0.35182	0.8004	0.19072	0.6822	0.49606	0.84065	0.17316	0.58226	0.56118	0.90342	-0.04917	-0.11415	0.90918	0.98643	-0.00371	-0.0088	0.99298	0.99366
YRIAPOlabel	LCdom_E2YRI_vs_E2CEU	CHAC1	ENSG00000128965	-0.35121	-1.4173	0.15826	0.60171	-0.34046	-1.42314	0.15656	0.6095	-0.35121	-1.4173	0.15826	0.60171	-0.28022	-1.10547	0.27056	0.75802	-0.51276	-1.61019	0.10817	0.75926	-0.51747	-1.61304	0.10755	0.72462
YRIAPOlabel	LCdom_E2YRI_vs_E2CEU	CHGB	ENSG00000089199	-0.49009	-2.21341	0.02822	0.36793	-0.50426	-2.25524	0.02542	0.27287	-0.49009	-2.21341	0.02822	0.36793	-0.42745	-1.87914	0.06198	0.50731	-0.56231	-2.76117	0.00603	0.17589	-0.56185	-2.88914	0.00408	0.1405
YRIAPOlabel	LCdom_E2YRI_vs_E2CEU	CHODL	ENSG00000154645	-0.65065	-1.69404	0.09212	0.52492	-0.72772	-1.86695	0.06367	0.40769	-0.65065	-1.69404	0.09212	0.52492	-0.38195	-0.97076	0.33309	0.76678	-0.8134	-2.3865	0.01748	0.24544	-0.89343	-2.78581	0.0056	0.15721
YRIAPOlabel	LCdom_E2YRI_vs_E2CEU	CLDN11	ENSG00000013297	-0.00483	-0.01829	0.98543	0.99541	0.19678	0.76945	0.44271	0.84247	-0.00483	-0.01829	0.98543	0.99541	0.07382	0.27516	0.78353	0.97319	-0.04264	-0.17105	0.86427	0.98581	-0.10185	-0.44274	0.6582	0.96173
YRIAPOlabel	LCdom_E2YRI_vs_E2CEU	CNDP1	ENSG00000150656	0.64459	2.66105	0.00855	0.2668	0.76422	3.23815	0.00145	0.07207	0.64459	2.66105	0.00855	0.2668	0.68401	2.83766	0.00511	0.2046	0.58193	2.47678	0.01368	0.22695	0.53861	2.48822	0.01325	0.25815
YRIAPOlabel	LCdom_E2YRI_vs_E2CEU	CNTN2	ENSG00000184144	0.24893	1.26554	0.20744	0.6206	0.37753	1.94656	0.05327	0.3767	0.24893	1.26554	0.20744	0.6206	0.40752	2.01193	0.04585	0.47673	0.25435	1.36669	0.17251	0.80502	0.19917	1.19534	0.23268	0.85148
YRIAPOlabel	LCdom_E2YRI_vs_E2CEU	CNTNAP3B	ENSG00000154529	-0.14501	-0.65002	0.51657	0.84528	-0.1078	-0.4896	0.62506	0.87406	-0.14501	-0.65002	0.51657	0.84528	-0.06457	-0.28433	0.77651	0.97319	-0.12811	-0.42334	0.67228	0.95674	-0.07835	-0.27041	0.78699	0.98423
YRIAPOlabel	LCdom_E2YRI_vs_E2CEU	COL12A1	ENSG00000111799	-0.03484	-0.09705	0.9228	0.9864	-0.21446	-0.59535	0.55242	0.84719	-0.03484	-0.09705	0.9228	0.9864	-0.39735	-1.07586	0.28356	0.75802	-0.03331	-0.08796	0.92995	0.98643	0.0556	0.14761	0.88273	0.98819
YRIAPOlabel	LCdom_E2YRI_vs_E2CEU	COL25A1	ENSG00000188517	-0.05859	-0.21574	0.82945	0.95995	0.1371	0.52631	0.59938	0.87178	-0.05859	-0.21574	0.82945	0.95995	0.07987	0.27009	0.78743	0.97319	0.0797	0.26521	0.79099	0.97209	-0.17616	-0.58572	0.55841	0.93201
YRIAPOlabel	LCdom_E2YRI_vs_E2CEU	CORO1A	ENSG00000102879	-0.02201	-0.10139	0.91937	0.9864	-0.15066	-0.66391	0.50766	0.84662	-0.02201	-0.10139	0.91937	0.9864	0.05248	0.19724	0.84388	0.97319	-0.10208	-0.40923	0.6826	0.95674	-0.06597	-0.26006	0.79495	0.98423
YRIAPOlabel	LCdom_E2YRI_vs_E2CEU	CP	ENSG00000047457	-0.34837	-0.91085	0.36369	0.75809	-0.37747	-0.96623	0.33533	0.77959	-0.34837	-0.91085	0.36369	0.75809	-0.02658	-0.06306	0.9498	0.98011	-0.54489	-1.15262	0.24977	0.84595	-0.52786	-1.13618	0.25658	0.85148
YRIAPOlabel	LCdom_E2YRI_vs_E2CEU	CPEB4	ENSG00000113742	0.03997	0.21027	0.83371	0.95995	0.11191	0.61116	0.54193	0.84662	0.03997	0.21027	0.83371	0.95995	0.02939	0.16696	0.8676	0.97319	0.09078	0.49889	0.61813	0.95674	0.02278	0.13405	0.89344	0.98819
YRIAPOlabel	LCdom_E2YRI_vs_E2CEU	CRH	ENSG00000147571	-0.12561	-0.25488	0.79913	0.95995	0.51819	1.19379	0.23426	0.73439	-0.12561	-0.25488	0.79913	0.95995	0.36959	0.77792	0.43774	0.85414	0.48082	1.01468	0.31089	0.88754	0.75186	1.67473	0.09479	0.6784
YRIAPOlabel	LCdom_E2YRI_vs_E2CEU	CRHBP	ENSG00000145708	0.11847	0.36981	0.71199	0.91967	0.13399	0.42352	0.67246	0.88094	0.11847	0.36981	0.71199	0.91967	0.63303	1.90925	0.05796	0.50731	0.14768	0.42426	0.67161	0.95674	-0.1769	-0.50694	0.61249	0.93932
YRIAPOlabel	LCdom_E2YRI_vs_E2CEU	CRHR1	ENSG00000120088	-0.34614	-1.77108	0.07837	0.50401	-0.34045	-1.74845	0.08223	0.48407	-0.34614	-1.77108	0.07837	0.50401	-0.18592	-0.87819	0.38111	0.80876	-0.46038	-2.60623	0.0095	0.17589	-0.43701	-2.51177	0.01241	0.25815
YRIAPOlabel	LCdom_E2YRI_vs_E2CEU	CRYM	ENSG00000103316	-0.55822	-1.52788	0.12843	0.58085	-0.56884	-1.55026	0.12297	0.57528	-0.55822	-1.52788	0.12843	0.58085	-0.12852	-0.34553	0.73013	0.97286	-0.57176	-1.415	0.15786	0.80502	-0.59541	-1.50149	0.13403	0.75408
YRIAPOlabel	LCdom_E2YRI_vs_E2CEU	CSPG4	ENSG00000173546	-0.22898	-0.96342	0.33673	0.72298	-0.14794	-0.6318	0.52838	0.84662	-0.22898	-0.96342	0.33673	0.72298	0.02246	0.0968	0.923	0.98011	-0.16873	-0.60246	0.54722	0.95674	-0.24643	-0.87776	0.38061	0.85148
YRIAPOlabel	LCdom_E2YRI_vs_E2CEU	CSTB	ENSG00000160213	0.04054	0.27607	0.78284	0.95192	0.06647	0.4618	0.64482	0.87406	0.04054	0.27607	0.78284	0.95192	0.0874	0.63044	0.52928	0.8911	0.11046	0.62229	0.53411	0.95674	0.04333	0.25857	0.7961	0.98423
YRIAPOlabel	LCdom_E2YRI_vs_E2CEU	CTNNA3	ENSG00000183230	0.14784	0.72681	0.46836	0.83172	0.40184	1.98314	0.04899	0.3767	0.14784	0.72681	0.46836	0.83172	0.34582	1.61882	0.10739	0.63223	0.15621	0.61317	0.54012	0.95674	0.10319	0.43532	0.66357	0.96173
YRIAPOlabel	LCdom_E2YRI_vs_E2CEU	CTSH	ENSG00000103811	0.0201	0.07884	0.93726	0.98873	-0.09275	-0.35945	0.71972	0.89584	0.0201	0.07884	0.93726	0.98873	-0.32774	-1.18211	0.23886	0.75143	-0.06109	-0.22569	0.82156	0.97683	-0.11825	-0.43146	0.66637	0.96173
YRIAPOlabel	LCdom_E2YRI_vs_E2CEU	CTSS	ENSG00000163131	0.28077	1.33949	0.18223	0.61761	0.16541	0.75319	0.4524	0.84247	0.28077	1.33949	0.18223	0.61761	0.23397	0.90822	0.36508	0.80274	0.15513	0.54447	0.58643	0.95674	0.06198	0.21417	0.83053	0.98423
YRIAPOlabel	LCdom_E2YRI_vs_E2CEU	CUX2	ENSG00000111249	-0.15668	-0.69059	0.49078	0.83889	-0.21977	-0.98007	0.32847	0.77452	-0.15668	-0.69059	0.49078	0.83889	-0.01689	-0.07279	0.94206	0.98011	-0.16871	-0.64303	0.52058	0.95674	-0.2478	-0.96035	0.33747	0.85148
YRIAPOlabel	LCdom_E2YRI_vs_E2CEU	CX3CR1	ENSG00000168329	-0.28897	-1.50092	0.13527	0.58085	-0.37954	-1.88002	0.06185	0.40313	-0.28897	-1.50092	0.13527	0.58085	-0.44264	-1.80682	0.07261	0.50965	-0.32903	-1.57535	0.11598	0.77022	-0.38258	-1.93596	0.05359	0.52869
YRIAPOlabel	LCdom_E2YRI_vs_E2CEU	CXCL14	ENSG00000145824	-0.16903	-0.67995	0.49748	0.84065	-0.16122	-0.65401	0.51401	0.84662	-0.16903	-0.67995	0.49748	0.84065	-0.18809	-0.76231	0.44696	0.85414	0.09689	0.39388	0.69388	0.95674	0.08911	0.36907	0.71228	0.98082
YRIAPOlabel	LCdom_E2YRI_vs_E2CEU	CXCR4	ENSG00000121966	0.16252	0.45834	0.6473	0.89262	0.36214	1.0418	0.29901	0.76733	0.16252	0.45834	0.6473	0.89262	0.42938	1.21854	0.22476	0.73097	0.24059	0.57596	0.56498	0.95674	0.21691	0.52689	0.59857	0.93367
YRIAPOlabel	LCdom_E2YRI_vs_E2CEU	CYTIP	ENSG00000115165	0.38678	1.27817	0.20297	0.6206	0.33874	1.09492	0.27513	0.75599	0.38678	1.27817	0.20297	0.6206	0.42901	1.24819	0.21373	0.71936	0.01493	0.03709	0.97044	0.99157	0.04128	0.10661	0.91516	0.99166
YRIAPOlabel	LCdom_E2YRI_vs_E2CEU	DBH	ENSG00000123454	-0.61469	-1.56854	0.11865	0.58025	-0.63062	-1.57163	0.11793	0.57528	-0.61469	-1.56854	0.11865	0.58025	-0.46	-1.0867	0.27876	0.75802	-0.55367	-1.44309	0.1498	0.80502	-0.54961	-1.45404	0.14674	0.76515
YRIAPOlabel	LCdom_E2YRI_vs_E2CEU	DCN	ENSG00000011465	0.14847	0.45728	0.64807	0.89262	0.14859	0.46853	0.64002	0.87406	0.14847	0.45728	0.64807	0.89262	0.07443	0.21513	0.82993	0.97319	0.04161	0.11066	0.91194	0.98643	0.02501	0.06854	0.94539	0.99366
YRIAPOlabel	LCdom_E2YRI_vs_E2CEU	DDC	ENSG00000132437	-0.42857	-1.36674	0.17354	0.61761	-0.41098	-1.27811	0.20299	0.68629	-0.42857	-1.36674	0.17354	0.61761	-0.23842	-0.72013	0.47246	0.86949	-0.30173	-0.85537	0.39288	0.92622	-0.33413	-0.99271	0.32147	0.85148
YRIAPOlabel	LCdom_E2YRI_vs_E2CEU	DDIT3	ENSG00000175197	-0.01617	-0.08809	0.92991	0.98668	0.00512	0.02961	0.97642	0.99241	-0.01617	-0.08809	0.92991	0.98668	-0.03048	-0.1741	0.862	0.97319	-0.01765	-0.10026	0.92019	0.98643	-0.01675	-0.09819	0.92183	0.99166
YRIAPOlabel	LCdom_E2YRI_vs_E2CEU	DDR2	ENSG00000162733	-0.24551	-1.27428	0.20433	0.6206	-0.31746	-1.58283	0.11536	0.57528	-0.24551	-1.27428	0.20433	0.6206	-0.2793	-1.36479	0.17417	0.71936	-0.35734	-1.34397	0.17974	0.80502	-0.40678	-1.52212	0.12879	0.75408
YRIAPOlabel	LCdom_E2YRI_vs_E2CEU	DNAJB1	ENSG00000132002	0.07389	0.32157	0.74818	0.93844	0.10668	0.47409	0.63606	0.87406	0.07389	0.32157	0.74818	0.93844	0.10184	0.45569	0.64921	0.94032	0.01498	0.07751	0.93825	0.98643	-0.02695	-0.14267	0.88662	0.98819
YRIAPOlabel	LCdom_E2YRI_vs_E2CEU	DNAJC6	ENSG00000116675	0.00678	0.04203	0.96653	0.99541	0.06361	0.40712	0.68444	0.88658	0.00678	0.04203	0.96653	0.99541	0.08719	0.58352	0.56034	0.90342	0.04241	0.2775	0.78154	0.97172	0.03057	0.21611	0.82902	0.98423
YRIAPOlabel	LCdom_E2YRI_vs_E2CEU	DNER	ENSG00000187957	0.03036	0.18312	0.85493	0.96508	0.17702	1.11752	0.26538	0.75586	0.03036	0.18312	0.85493	0.96508	0.10266	0.65897	0.51083	0.8911	0.16211	1.08527	0.27847	0.87584	0.09053	0.63622	0.52501	0.93023
YRIAPOlabel	LCdom_E2YRI_vs_E2CEU	DUSP1	ENSG00000120129	0.67978	1.97757	0.04962	0.38537	0.5152	1.50105	0.13524	0.57528	0.67978	1.97757	0.04962	0.38537	0.67697	1.87518	0.06254	0.50731	0.51408	1.36923	0.17171	0.80502	0.39125	1.05524	0.29197	0.85148
YRIAPOlabel	LCdom_E2YRI_vs_E2CEU	EFHD1	ENSG00000115468	0.16315	0.78664	0.43261	0.79006	0.23337	1.13937	0.25618	0.75586	0.16315	0.78664	0.43261	0.79006	0.28916	1.42026	0.15741	0.71936	0.09921	0.51893	0.6041	0.95674	0.09869	0.55429	0.5797	0.93201
YRIAPOlabel	LCdom_E2YRI_vs_E2CEU	EGFR	ENSG00000146648	-0.2481	-1.29584	0.19682	0.6206	-0.18245	-0.93801	0.34959	0.8004	-0.2481	-1.29584	0.19682	0.6206	-0.39081	-2.00395	0.04671	0.47673	-0.02047	-0.09527	0.92415	0.98643	-0.03202	-0.14509	0.88472	0.98819
YRIAPOlabel	LCdom_E2YRI_vs_E2CEU	ELOVL2	ENSG00000197977	-0.04733	-0.1548	0.87717	0.97315	0.07475	0.25137	0.80184	0.92385	-0.04733	-0.1548	0.87717	0.97315	0.10367	0.34529	0.73031	0.97286	0.05671	0.19034	0.84915	0.98	-0.0112	-0.03869	0.96916	0.99366
YRIAPOlabel	LCdom_E2YRI_vs_E2CEU	ENC1	ENSG00000171617	-0.1703	-0.80966	0.41929	0.78886	-0.18763	-0.88134	0.3794	0.81367	-0.1703	-0.80966	0.41929	0.78886	-0.28075	-1.31919	0.18893	0.71936	-0.1807	-0.89091	0.37352	0.92622	-0.17884	-0.89321	0.37229	0.85148
YRIAPOlabel	LCdom_E2YRI_vs_E2CEU	ENHO	ENSG00000168913	-0.81956	-4.33729	2e-05	0.00908	-0.72539	-3.92231	0.00013	0.02457	-0.81956	-4.33729	2e-05	0.00908	-0.79153	-3.96031	0.00011	0.02716	-0.68894	-4.16871	4e-05	0.00689	-0.65491	-4.16034	4e-05	0.00713
YRIAPOlabel	LCdom_E2YRI_vs_E2CEU	ERBB3	ENSG00000065361	0.51767	2.3332	0.02083	0.36793	0.64024	2.90909	0.00412	0.09828	0.51767	2.3332	0.02083	0.36793	0.6461	2.85449	0.00486	0.2046	0.44379	1.93313	0.05394	0.51811	0.37125	1.75272	0.08043	0.65907
YRIAPOlabel	LCdom_E2YRI_vs_E2CEU	ERMN	ENSG00000136541	0.72196	3.2852	0.00124	0.1345	0.83577	3.9088	0.00013	0.02457	0.72196	3.2852	0.00124	0.1345	0.85709	3.88308	0.00015	0.02716	0.67685	3.16786	0.00166	0.08503	0.54702	2.91683	0.00374	0.1405
YRIAPOlabel	LCdom_E2YRI_vs_E2CEU	EYA4	ENSG00000112319	0.48698	1.37021	0.17246	0.61761	0.57065	1.62188	0.10672	0.57282	0.48698	1.37021	0.17246	0.61761	0.66135	1.78303	0.07642	0.52626	0.21553	0.57735	0.56404	0.95674	0.01083	0.02904	0.97684	0.99366
YRIAPOlabel	LCdom_E2YRI_vs_E2CEU	F13A1	ENSG00000124491	0.0101	0.01457	0.98839	0.99541	-0.00126	-0.00185	0.99852	0.99945	0.0101	0.01457	0.98839	0.99541	-0.30439	-0.40171	0.68842	0.96019	-0.36121	-0.5763	0.56474	0.95674	-0.569	-0.9229	0.35663	0.85148
YRIAPOlabel	LCdom_E2YRI_vs_E2CEU	FASLG	ENSG00000117560	-0.46504	-1.3234	0.18751	0.61761	-0.11934	-0.33301	0.73954	0.89584	-0.46504	-1.3234	0.18751	0.61761	-0.04301	-0.11578	0.90796	0.9776	-0.01065	-0.01934	0.98458	0.99157	0.2408	0.4424	0.65845	0.96173
YRIAPOlabel	LCdom_E2YRI_vs_E2CEU	FBLN1	ENSG00000077942	0.116	0.49367	0.62219	0.89262	-0.05052	-0.21179	0.83253	0.93788	0.116	0.49367	0.62219	0.89262	0.19777	0.82026	0.41325	0.81997	0.00746	0.02333	0.9814	0.99157	-0.08445	-0.27261	0.7853	0.98423
YRIAPOlabel	LCdom_E2YRI_vs_E2CEU	FCER1G	ENSG00000158869	0.13681	0.53363	0.59431	0.89262	0.07749	0.30673	0.75943	0.89584	0.13681	0.53363	0.59431	0.89262	0.26034	0.89884	0.37004	0.80876	0.24937	0.83202	0.40591	0.92622	0.20465	0.7096	0.47837	0.91045
YRIAPOlabel	LCdom_E2YRI_vs_E2CEU	FCGR1A	ENSG00000150337	-0.16145	-0.43565	0.66365	0.89664	-0.30482	-0.80659	0.42105	0.84247	-0.16145	-0.43565	0.66365	0.89664	-0.35248	-0.82999	0.40774	0.81997	-0.32146	-0.7259	0.46833	0.95674	-0.39707	-0.91051	0.36311	0.85148
YRIAPOlabel	LCdom_E2YRI_vs_E2CEU	FCGR3A	ENSG00000203747	0.19308	0.57392	0.56679	0.88102	0.25333	0.76179	0.44726	0.84247	0.19308	0.57392	0.56679	0.88102	0.35886	0.93724	0.35	0.78692	0.13042	0.37028	0.71138	0.96921	0.15898	0.46284	0.64374	0.9577
YRIAPOlabel	LCdom_E2YRI_vs_E2CEU	FGFR2	ENSG00000066468	0.02792	0.1344	0.89324	0.97908	0.22843	1.14937	0.25205	0.75586	0.02792	0.1344	0.89324	0.97908	0.20122	1.00809	0.31489	0.76678	0.0373	0.19404	0.84624	0.98	-0.03706	-0.21545	0.82953	0.98423
YRIAPOlabel	LCdom_E2YRI_vs_E2CEU	FGFR3	ENSG00000068078	-0.31431	-1.35128	0.17843	0.61761	-0.24437	-1.05465	0.29311	0.76733	-0.31431	-1.35128	0.17843	0.61761	-0.32741	-1.38722	0.16724	0.71936	-0.12215	-0.55286	0.58067	0.95674	-0.09769	-0.43769	0.66185	0.96173
YRIAPOlabel	LCdom_E2YRI_vs_E2CEU	FILIP1	ENSG00000118407	0.07065	0.28453	0.77636	0.95091	-0.00059	-0.00237	0.99811	0.99945	0.07065	0.28453	0.77636	0.95091	0.13538	0.50564	0.61379	0.92488	-0.14851	-0.40805	0.68346	0.95674	-0.24725	-0.69116	0.48988	0.9155
YRIAPOlabel	LCdom_E2YRI_vs_E2CEU	FKBP2	ENSG00000173486	0.11419	0.96815	0.33437	0.72216	0.11792	1.03052	0.30426	0.76733	0.11419	0.96815	0.33437	0.72216	0.27598	2.30978	0.02214	0.33674	0.12652	0.83198	0.40592	0.92622	0.07799	0.5343	0.59344	0.93367
YRIAPOlabel	LCdom_E2YRI_vs_E2CEU	FLT1	ENSG00000102755	0.48033	2.04519	0.04241	0.37781	0.32724	1.42808	0.15514	0.6095	0.48033	2.04519	0.04241	0.37781	0.37728	1.62683	0.10568	0.63223	0.16595	0.57551	0.56528	0.95674	0.09775	0.35123	0.7256	0.98091
YRIAPOlabel	LCdom_E2YRI_vs_E2CEU	FSTL4	ENSG00000053108	0.07197	0.32726	0.74388	0.93627	0.03495	0.15405	0.87775	0.9568	0.07197	0.32726	0.74388	0.93627	-0.09411	-0.39748	0.69152	0.96019	0.10721	0.41242	0.68025	0.95674	0.16007	0.62268	0.53386	0.93201
YRIAPOlabel	LCdom_E2YRI_vs_E2CEU	GAD1	ENSG00000128683	1.03595	3.05919	0.00259	0.15732	1.02812	3.02309	0.0029	0.08815	1.03595	3.05919	0.00259	0.15732	0.89753	2.23105	0.02703	0.36544	1.04575	3.63687	0.00031	0.03806	0.82098	2.84889	0.00462	0.1405
YRIAPOlabel	LCdom_E2YRI_vs_E2CEU	GAD2	ENSG00000136750	0.45992	1.34701	0.1798	0.61761	0.57663	1.72185	0.08695	0.49589	0.45992	1.34701	0.1798	0.61761	0.52353	1.31036	0.1919	0.71936	0.77143	2.42929	0.01558	0.22746	0.4736	1.47098	0.14211	0.76277
YRIAPOlabel	LCdom_E2YRI_vs_E2CEU	GAL	ENSG00000069482	1.27651	3.23348	0.00147	0.1345	0.89933	2.2674	0.02465	0.27287	1.27651	3.23348	0.00147	0.1345	1.13586	2.65961	0.00859	0.24423	1.54476	3.35372	0.00088	0.06403	1.45765	3.12785	0.0019	0.11529
YRIAPOlabel	LCdom_E2YRI_vs_E2CEU	GAS2L3	ENSG00000139354	0.14393	0.46044	0.6458	0.89262	-0.01742	-0.05381	0.95715	0.99241	0.14393	0.46044	0.6458	0.89262	0.38712	1.08233	0.28068	0.75802	0.11651	0.24883	0.80362	0.97619	0.06375	0.13718	0.89096	0.98819
YRIAPOlabel	LCdom_E2YRI_vs_E2CEU	GASK1B	ENSG00000164125	-0.41641	-1.87386	0.0627	0.4534	-0.46778	-2.12717	0.03488	0.31527	-0.41641	-1.87386	0.0627	0.4534	-0.52027	-2.24054	0.02639	0.36544	-0.44147	-1.91637	0.05605	0.52453	-0.48081	-2.08361	0.03784	0.41858
YRIAPOlabel	LCdom_E2YRI_vs_E2CEU	GJA1	ENSG00000152661	-0.03584	-0.15908	0.8738	0.97237	0.00981	0.04451	0.96455	0.99241	-0.03584	-0.15908	0.8738	0.97237	-0.14154	-0.62953	0.52987	0.8911	0.06827	0.31671	0.75163	0.96921	0.06067	0.27691	0.782	0.98423
YRIAPOlabel	LCdom_E2YRI_vs_E2CEU	GLUL	ENSG00000135821	-0.08551	-0.47003	0.63895	0.89262	-0.00417	-0.02318	0.98153	0.99241	-0.08551	-0.47003	0.63895	0.89262	-0.08953	-0.49284	0.62278	0.92488	0.0316	0.18438	0.85381	0.98	0.03497	0.21777	0.82772	0.98423
YRIAPOlabel	LCdom_E2YRI_vs_E2CEU	GNLY	ENSG00000115523	1.43717	2.77783	0.0061	0.22261	1.05706	1.9997	0.04716	0.3767	1.43717	2.77783	0.0061	0.22261	2.00658	3.65486	0.00035	0.042	0.65281	0.98877	0.32339	0.88754	0.4753	0.72409	0.46944	0.91045
YRIAPOlabel	LCdom_E2YRI_vs_E2CEU	GPAA1	ENSG00000197858	-0.13704	-1.02618	0.30629	0.70448	-0.05545	-0.42188	0.67366	0.88094	-0.13704	-1.02618	0.30629	0.70448	-0.1116	-0.88533	0.37726	0.80876	-0.0771	-0.5577	0.57737	0.95674	-0.13713	-1.04619	0.29612	0.85148
YRIAPOlabel	LCdom_E2YRI_vs_E2CEU	GPNMB	ENSG00000136235	-0.63909	-1.69111	0.09268	0.52492	-0.77929	-2.07868	0.03918	0.33255	-0.63909	-1.69111	0.09268	0.52492	-0.41705	-1.04719	0.29654	0.75802	-0.54254	-1.25043	0.21189	0.83477	-0.76971	-1.80289	0.07218	0.65864
YRIAPOlabel	LCdom_E2YRI_vs_E2CEU	GPR183	ENSG00000169508	0.23375	0.64495	0.51985	0.84528	0.39818	1.08155	0.28101	0.75978	0.23375	0.64495	0.51985	0.84528	0.32403	0.76609	0.44471	0.85414	0.12171	0.27599	0.7827	0.97172	0.14015	0.32247	0.74727	0.9834
YRIAPOlabel	LCdom_E2YRI_vs_E2CEU	GPR34	ENSG00000171659	0.49086	1.66497	0.09779	0.52492	0.33549	1.09414	0.27547	0.75599	0.49086	1.66497	0.09779	0.52492	0.16712	0.47901	0.63256	0.93188	0.34857	0.99762	0.31908	0.88754	0.40954	1.20344	0.22953	0.85148
YRIAPOlabel	LCdom_E2YRI_vs_E2CEU	GPX3	ENSG00000211445	-0.22725	-1.10479	0.27084	0.69655	-0.22811	-1.11852	0.26496	0.75586	-0.22725	-1.10479	0.27084	0.69655	-0.21999	-1.09858	0.27355	0.75802	-0.17533	-0.89286	0.37248	0.92622	-0.16842	-0.92233	0.35692	0.85148
YRIAPOlabel	LCdom_E2YRI_vs_E2CEU	GPX4	ENSG00000167468	-0.03824	-0.2987	0.76554	0.94298	-0.04858	-0.39974	0.68986	0.88662	-0.03824	-0.2987	0.76554	0.94298	-0.03439	-0.29133	0.77117	0.97319	-0.01217	-0.09763	0.92227	0.98643	-0.06907	-0.60368	0.54641	0.93201
YRIAPOlabel	LCdom_E2YRI_vs_E2CEU	GRID2	ENSG00000152208	-0.206	-1.0318	0.30366	0.70448	-0.12342	-0.60938	0.5431	0.84662	-0.206	-1.0318	0.30366	0.70448	-0.21768	-1.06278	0.28943	0.75802	-0.07051	-0.31173	0.75541	0.96921	-0.08142	-0.3585	0.72017	0.98082
YRIAPOlabel	LCdom_E2YRI_vs_E2CEU	GZMA	ENSG00000145649	0.22819	0.64561	0.51942	0.84528	0.24047	0.66486	0.50706	0.84662	0.22819	0.64561	0.51942	0.84528	0.50969	1.30428	0.19395	0.71936	-0.19436	-0.40182	0.68804	0.95674	0.03912	0.08467	0.93257	0.99366
YRIAPOlabel	LCdom_E2YRI_vs_E2CEU	HCRTR1	ENSG00000121764	0.35051	1.03958	0.30004	0.70448	0.11415	0.33959	0.73459	0.89584	0.35051	1.03958	0.30004	0.70448	0.43038	1.26982	0.20593	0.71936	0.02529	0.07409	0.94098	0.98643	0.00626	0.01904	0.98482	0.99366
YRIAPOlabel	LCdom_E2YRI_vs_E2CEU	HES1	ENSG00000114315	0.07108	0.22054	0.82572	0.95995	-0.0537	-0.16575	0.86856	0.9568	0.07108	0.22054	0.82572	0.95995	0.07436	0.22412	0.82294	0.97319	0.0354	0.10123	0.91942	0.98643	-0.04981	-0.13972	0.88895	0.98819
YRIAPOlabel	LCdom_E2YRI_vs_E2CEU	HHATL	ENSG00000010282	-0.0552	-0.21948	0.82654	0.95995	0.01827	0.07296	0.94192	0.99241	-0.0552	-0.21948	0.82654	0.95995	-0.06519	-0.2505	0.80251	0.97319	0.0726	0.29946	0.76475	0.96921	0.00797	0.03441	0.97257	0.99366
YRIAPOlabel	LCdom_E2YRI_vs_E2CEU	HILPDA	ENSG00000135245	-0.33641	-1.01675	0.31075	0.70448	-0.27066	-0.83681	0.4039	0.83762	-0.33641	-1.01675	0.31075	0.70448	-0.35183	-1.06668	0.28767	0.75802	-0.1706	-0.60845	0.54324	0.95674	-0.14876	-0.54724	0.58452	0.93201
YRIAPOlabel	LCdom_E2YRI_vs_E2CEU	HLA-DMB	ENSG00000242574	0.17537	0.63019	0.52943	0.84528	0.05148	0.18171	0.85603	0.95495	0.17537	0.63019	0.52943	0.84528	0.13362	0.41122	0.68144	0.96019	0.12284	0.39288	0.69462	0.95674	0.07088	0.23138	0.81714	0.98423
YRIAPOlabel	LCdom_E2YRI_vs_E2CEU	HLA-DQA1	ENSG00000196735	0.16118	0.49383	0.62208	0.89262	0.07472	0.22567	0.82173	0.93788	0.16118	0.49383	0.62208	0.89262	-0.02169	-0.05781	0.95397	0.98011	0.30816	0.8005	0.42391	0.94144	0.12074	0.31998	0.74915	0.9834
YRIAPOlabel	LCdom_E2YRI_vs_E2CEU	HLA-DRA	ENSG00000204287	0.28545	1.13465	0.25815	0.69025	0.273	1.08439	0.27976	0.75978	0.28545	1.13465	0.25815	0.69025	0.22604	0.76848	0.4433	0.85414	0.33798	1.38243	0.16763	0.80502	0.29931	1.27484	0.20312	0.85148
YRIAPOlabel	LCdom_E2YRI_vs_E2CEU	HS3ST2	ENSG00000122254	-0.62537	-2.13038	0.0346	0.37781	-0.2528	-0.87391	0.38343	0.81367	-0.62537	-2.13038	0.0346	0.37781	-0.27309	-0.9104	0.36394	0.80274	-0.09419	-0.28558	0.77535	0.97009	-0.3069	-0.93823	0.34871	0.85148
YRIAPOlabel	LCdom_E2YRI_vs_E2CEU	HS3ST4	ENSG00000182601	0.04229	0.17882	0.85829	0.96508	0.13904	0.56493	0.57288	0.85808	0.04229	0.17882	0.85829	0.96508	-0.19839	-0.71368	0.47643	0.86949	0.22302	0.82734	0.40855	0.92622	0.35348	1.29524	0.196	0.85148
YRIAPOlabel	LCdom_E2YRI_vs_E2CEU	HSP90AB1	ENSG00000096384	-0.07765	-0.62882	0.53033	0.84528	-0.03573	-0.29608	0.76753	0.89584	-0.07765	-0.62882	0.53033	0.84528	-0.00225	-0.01915	0.98475	0.99017	-0.00768	-0.05276	0.95795	0.99157	-0.03596	-0.26915	0.78796	0.98423
YRIAPOlabel	LCdom_E2YRI_vs_E2CEU	HSPH1	ENSG00000120694	0.31522	2.12759	0.03484	0.37781	0.36534	2.50059	0.01336	0.18761	0.31522	2.12759	0.03484	0.37781	0.39485	2.61833	0.00966	0.24423	0.35799	2.32283	0.0207	0.26094	0.32188	2.16823	0.03074	0.35067
YRIAPOlabel	LCdom_E2YRI_vs_E2CEU	HTR2A	ENSG00000102468	0.01673	0.06555	0.94782	0.99412	0.03144	0.12432	0.90121	0.9732	0.01673	0.06555	0.94782	0.99412	-0.04865	-0.19013	0.84944	0.97319	0.24264	0.87739	0.38082	0.92622	0.12335	0.45285	0.65091	0.96173
YRIAPOlabel	LCdom_E2YRI_vs_E2CEU	HTR2C	ENSG00000147246	0.29519	0.98303	0.32701	0.71904	0.44749	1.48722	0.13884	0.5825	0.29519	0.98303	0.32701	0.71904	0.51757	1.52527	0.1291	0.70374	0.75752	2.7744	0.0058	0.17589	0.472	1.72893	0.08461	0.65907
YRIAPOlabel	LCdom_E2YRI_vs_E2CEU	IDH1	ENSG00000138413	0.06171	0.35115	0.72592	0.92321	0.05857	0.33875	0.73523	0.89584	0.06171	0.35115	0.72592	0.92321	0.11364	0.73342	0.46434	0.86472	0.13563	0.73571	0.46235	0.95674	0.01175	0.06668	0.94687	0.99366
YRIAPOlabel	LCdom_E2YRI_vs_E2CEU	IDH2	ENSG00000182054	-0.21584	-1.31234	0.19121	0.61761	-0.11098	-0.69734	0.48656	0.84662	-0.21584	-1.31234	0.19121	0.61761	-0.16582	-1.07493	0.28397	0.75802	-0.00468	-0.03509	0.97202	0.99157	-0.00581	-0.04369	0.96518	0.99366
YRIAPOlabel	LCdom_E2YRI_vs_E2CEU	IDO1	ENSG00000131203	-0.70482	-2.52784	0.01241	0.32342	-0.66988	-2.29051	0.02324	0.27287	-0.70482	-2.52784	0.01241	0.32342	-0.35334	-1.16594	0.24532	0.75245	-0.6571	-1.69179	0.09149	0.70831	-0.84111	-2.18169	0.02973	0.35005
YRIAPOlabel	LCdom_E2YRI_vs_E2CEU	IFITM3	ENSG00000142089	0.00831	0.04103	0.96732	0.99541	-0.05944	-0.30426	0.76131	0.89584	0.00831	0.04103	0.96732	0.99541	-0.00963	-0.04727	0.96236	0.98011	-0.09979	-0.42304	0.6725	0.95674	-0.15898	-0.7047	0.48141	0.91045
YRIAPOlabel	LCdom_E2YRI_vs_E2CEU	IGFBP3	ENSG00000146674	0.69932	1.29605	0.19675	0.6206	0.82997	1.56318	0.11991	0.57528	0.69932	1.29605	0.19675	0.6206	1.02793	1.89606	0.05971	0.50731	0.00339	0.00741	0.99409	0.99409	0.01902	0.04258	0.96606	0.99366
YRIAPOlabel	LCdom_E2YRI_vs_E2CEU	IGFBP4	ENSG00000141753	-0.11553	-0.51681	0.60597	0.89262	-0.16497	-0.76045	0.44806	0.84247	-0.11553	-0.51681	0.60597	0.89262	-0.33575	-1.42457	0.15616	0.71936	-0.05124	-0.20212	0.83993	0.97947	-0.22126	-0.87391	0.38271	0.85148
YRIAPOlabel	LCdom_E2YRI_vs_E2CEU	IGFBP5	ENSG00000115461	-0.19145	-0.78612	0.43291	0.79006	-0.30489	-1.2737	0.20454	0.68629	-0.19145	-0.78612	0.43291	0.79006	-0.01166	-0.04486	0.96428	0.98011	-0.18517	-0.6995	0.48465	0.95674	-0.22903	-0.87685	0.3811	0.85148
YRIAPOlabel	LCdom_E2YRI_vs_E2CEU	IL7R	ENSG00000168685	-0.35265	-0.64995	0.51662	0.84528	-0.36125	-0.64701	0.51852	0.84662	-0.35265	-0.64995	0.51662	0.84528	-0.08496	-0.14846	0.88216	0.97319	-0.29328	-0.50886	0.61115	0.95674	-0.64463	-1.15564	0.24858	0.85148
YRIAPOlabel	LCdom_E2YRI_vs_E2CEU	INA	ENSG00000148798	0.09168	0.47662	0.63426	0.89262	0.10888	0.56879	0.57027	0.85808	0.09168	0.47662	0.63426	0.89262	0.06611	0.32993	0.74187	0.97319	0.22884	1.17688	0.23996	0.84267	0.19337	1.03006	0.30362	0.85148
YRIAPOlabel	LCdom_E2YRI_vs_E2CEU	ISCU	ENSG00000136003	0.05546	0.42744	0.66961	0.89673	0.13607	1.05378	0.29351	0.76733	0.05546	0.42744	0.66961	0.89673	0.14649	1.0557	0.29265	0.75802	0.20037	1.3594	0.1748	0.80502	0.11959	0.85481	0.39318	0.85423
YRIAPOlabel	LCdom_E2YRI_vs_E2CEU	ITGA8	ENSG00000077943	0.84659	2.40224	0.01739	0.33997	0.75622	2.05665	0.04128	0.34242	0.84659	2.40224	0.01739	0.33997	0.97762	2.51021	0.01303	0.27973	1.05774	2.81253	0.00516	0.17589	0.86558	2.33446	0.02008	0.30534
YRIAPOlabel	LCdom_E2YRI_vs_E2CEU	ITGAM	ENSG00000169896	0.13969	0.64925	0.51707	0.84528	0.01155	0.05077	0.95957	0.99241	0.13969	0.64925	0.51707	0.84528	-0.03171	-0.11824	0.90602	0.9776	0.13837	0.45287	0.65089	0.95674	0.07734	0.25797	0.79657	0.98423
YRIAPOlabel	LCdom_E2YRI_vs_E2CEU	ITGAX	ENSG00000140678	0.23857	0.87792	0.38125	0.7618	0.13242	0.48004	0.63183	0.87406	0.23857	0.87792	0.38125	0.7618	0.11611	0.3636	0.71662	0.96876	0.04816	0.16271	0.87083	0.98643	-0.00766	-0.02664	0.97876	0.99366
YRIAPOlabel	LCdom_E2YRI_vs_E2CEU	ITGB2	ENSG00000160255	0.18574	0.84757	0.39789	0.77251	0.06457	0.2952	0.76821	0.89584	0.18574	0.84757	0.39789	0.77251	0.31244	1.2143	0.22636	0.73097	0.00542	0.01728	0.98622	0.99157	-0.00307	-0.01009	0.99195	0.99366
YRIAPOlabel	LCdom_E2YRI_vs_E2CEU	ITGB8	ENSG00000105855	0.1016	0.47898	0.63258	0.89262	0.19101	0.92893	0.35427	0.8004	0.1016	0.47898	0.63258	0.89262	0.12103	0.58127	0.56185	0.90342	0.1288	0.67698	0.49882	0.95674	0.02541	0.13657	0.89144	0.98819
YRIAPOlabel	LCdom_E2YRI_vs_E2CEU	KCNH5	ENSG00000140015	0.16896	0.63009	0.5295	0.84528	0.29993	1.10551	0.27053	0.75586	0.16896	0.63009	0.5295	0.84528	0.3492	1.14698	0.25305	0.75802	0.38224	1.16757	0.2437	0.84267	0.31546	0.95216	0.34162	0.85148
YRIAPOlabel	LCdom_E2YRI_vs_E2CEU	KIT	ENSG00000157404	0.68119	2.3243	0.02131	0.36793	0.85152	2.9486	0.00365	0.09828	0.68119	2.3243	0.02131	0.36793	0.46666	1.48808	0.13863	0.71334	0.93403	3.10173	0.00206	0.08503	0.83702	2.86397	0.00441	0.1405
YRIAPOlabel	LCdom_E2YRI_vs_E2CEU	KLF2	ENSG00000127528	0.894	2.78496	0.00597	0.22261	0.69418	2.15993	0.03221	0.30935	0.894	2.78496	0.00597	0.22261	0.77579	2.34791	0.02006	0.33674	0.43296	1.17114	0.24226	0.84267	0.38734	1.06605	0.28706	0.85148
YRIAPOlabel	LCdom_E2YRI_vs_E2CEU	KLF4	ENSG00000136826	0.83564	2.07569	0.03946	0.37781	0.61765	1.54324	0.12467	0.57528	0.83564	2.07569	0.03946	0.37781	0.70709	1.69727	0.09153	0.59422	0.25307	0.49116	0.6236	0.95674	0.39511	0.77274	0.44015	0.90256
YRIAPOlabel	LCdom_E2YRI_vs_E2CEU	KLK6	ENSG00000167755	0.2811	1.19692	0.23303	0.66451	0.37713	1.63253	0.10445	0.56904	0.2811	1.19692	0.23303	0.66451	0.34621	1.39795	0.164	0.71936	0.1781	0.61006	0.54218	0.95674	0.05068	0.18507	0.85327	0.98592
YRIAPOlabel	LCdom_E2YRI_vs_E2CEU	KLRB1	ENSG00000111796	0.0841	0.21125	0.83295	0.95995	0.08014	0.19544	0.84528	0.94641	0.0841	0.21125	0.83295	0.95995	0.74577	1.83144	0.06883	0.50965	-0.23897	-0.47587	0.63444	0.95674	-0.27399	-0.54694	0.58474	0.93201
YRIAPOlabel	LCdom_E2YRI_vs_E2CEU	LAMA2	ENSG00000196569	0.09668	0.39873	0.6906	0.90501	0.07921	0.33319	0.73941	0.89584	0.09668	0.39873	0.6906	0.90501	0.06282	0.25185	0.80147	0.97319	-0.1207	-0.35005	0.72649	0.96921	-0.21357	-0.64307	0.52056	0.92684
YRIAPOlabel	LCdom_E2YRI_vs_E2CEU	LAMP5	ENSG00000125869	-0.50128	-1.67606	0.0956	0.52492	-0.26512	-0.87757	0.38144	0.81367	-0.50128	-1.67606	0.0956	0.52492	-0.2043	-0.64898	0.51725	0.8911	-0.34069	-1.20187	0.23014	0.84267	-0.31439	-1.1192	0.26374	0.85148
YRIAPOlabel	LCdom_E2YRI_vs_E2CEU	LAPTM5	ENSG00000162511	0.15983	0.59998	0.54933	0.86425	0.08593	0.32024	0.74918	0.89584	0.15983	0.59998	0.54933	0.86425	-0.06433	-0.201	0.84095	0.97319	0.10355	0.35476	0.72296	0.96921	0.11385	0.40945	0.68243	0.96173
YRIAPOlabel	LCdom_E2YRI_vs_E2CEU	LDLR	ENSG00000130164	0.04854	0.1858	0.85283	0.96508	0.0597	0.23478	0.81466	0.93507	0.04854	0.1858	0.85283	0.96508	0.17417	0.66269	0.50845	0.8911	0.04953	0.22294	0.8237	0.97683	0.07097	0.33788	0.73563	0.9834
YRIAPOlabel	LCdom_E2YRI_vs_E2CEU	LHX6	ENSG00000106852	0.39519	1.3176	0.18944	0.61761	0.25534	0.86575	0.38787	0.81834	0.39519	1.3176	0.18944	0.61761	0.13614	0.43227	0.66611	0.95345	-0.05472	-0.142	0.88715	0.98643	-0.0919	-0.24158	0.80924	0.98423
YRIAPOlabel	LCdom_E2YRI_vs_E2CEU	LONRF2	ENSG00000170500	0.01622	0.10597	0.91573	0.9864	0.08501	0.56539	0.57257	0.85808	0.01622	0.10597	0.91573	0.9864	0.00615	0.042	0.96655	0.98011	0.14977	1.00433	0.31584	0.88754	0.10551	0.7512	0.45298	0.91045
YRIAPOlabel	LCdom_E2YRI_vs_E2CEU	LOX	ENSG00000113083	-0.08536	-0.17752	0.85932	0.96508	0.42435	0.90609	0.3662	0.80519	-0.08536	-0.17752	0.85932	0.96508	0.69121	1.39915	0.16364	0.71936	0.27465	0.5658	0.57186	0.95674	0.02646	0.05513	0.95607	0.99366
YRIAPOlabel	LCdom_E2YRI_vs_E2CEU	LRRK1	ENSG00000154237	0.24875	0.81327	0.41722	0.78886	0.14822	0.46065	0.64565	0.87406	0.24875	0.81327	0.41722	0.78886	0.17318	0.45719	0.64814	0.94032	0.21043	0.65244	0.5145	0.95674	0.18307	0.55453	0.57953	0.93201
YRIAPOlabel	LCdom_E2YRI_vs_E2CEU	LRRK2	ENSG00000188906	0.07863	0.45028	0.65309	0.89281	0.10385	0.58389	0.56009	0.8518	0.07863	0.45028	0.65309	0.89281	0.05111	0.29507	0.76831	0.97319	0.13274	0.55067	0.58217	0.95674	0.06072	0.25083	0.80207	0.98423
YRIAPOlabel	LCdom_E2YRI_vs_E2CEU	LY86	ENSG00000112799	0.10992	0.3534	0.72423	0.92321	0.10158	0.33078	0.74123	0.89584	0.10992	0.3534	0.72423	0.92321	-0.075	-0.20471	0.83805	0.97319	0.01049	0.02754	0.97804	0.99157	0.036	0.09558	0.92391	0.99166
YRIAPOlabel	LCdom_E2YRI_vs_E2CEU	LYPD6	ENSG00000187123	-0.27646	-1.15596	0.24935	0.69025	-0.14514	-0.60547	0.54569	0.84662	-0.27646	-1.15596	0.24935	0.69025	-0.26503	-1.11185	0.26782	0.75802	0.01766	0.06791	0.94589	0.98643	-0.17594	-0.68212	0.49556	0.9155
YRIAPOlabel	LCdom_E2YRI_vs_E2CEU	LYPD6B	ENSG00000150556	-0.16163	-0.50541	0.61394	0.89262	-0.10245	-0.31578	0.75256	0.89584	-0.16163	-0.50541	0.61394	0.89262	-0.23783	-0.681	0.49682	0.88726	0.19208	0.51079	0.60979	0.95674	-0.07344	-0.19428	0.84606	0.98592
YRIAPOlabel	LCdom_E2YRI_vs_E2CEU	LYVE1	ENSG00000133800	-0.26455	-0.71966	0.47274	0.83329	-0.50126	-1.34798	0.17949	0.66176	-0.26455	-0.71966	0.47274	0.83329	-0.36383	-0.96887	0.33402	0.76678	-0.26029	-0.59031	0.55533	0.95674	-0.15414	-0.35328	0.72407	0.98091
YRIAPOlabel	LCdom_E2YRI_vs_E2CEU	MAG	ENSG00000105695	0.37832	1.61289	0.10866	0.56657	0.50513	2.23815	0.02653	0.27672	0.37832	1.61289	0.10866	0.56657	0.48348	2.05238	0.04171	0.47673	0.26723	1.08963	0.27655	0.87584	0.17557	0.7807	0.43545	0.89796
YRIAPOlabel	LCdom_E2YRI_vs_E2CEU	MAL	ENSG00000172005	0.25412	1.14446	0.25407	0.69025	0.41531	1.91074	0.05775	0.38328	0.25412	1.14446	0.25407	0.69025	0.40109	1.84214	0.06725	0.50965	0.21181	0.97883	0.32827	0.88754	0.097	0.49085	0.62381	0.9487
YRIAPOlabel	LCdom_E2YRI_vs_E2CEU	MAOA	ENSG00000189221	-0.27996	-1.2561	0.21084	0.6206	-0.33609	-1.50108	0.13523	0.57528	-0.27996	-1.2561	0.21084	0.6206	-0.20352	-1.00786	0.31499	0.76678	-0.29356	-1.63743	0.10234	0.74711	-0.28274	-1.63448	0.10296	0.70908
YRIAPOlabel	LCdom_E2YRI_vs_E2CEU	MAP1LC3B	ENSG00000140941	-0.08013	-0.48976	0.62494	0.89262	-0.07102	-0.45333	0.6509	0.87406	-0.08013	-0.48976	0.62494	0.89262	-0.06481	-0.44341	0.65805	0.94562	-0.02587	-0.15731	0.87508	0.98643	-0.0481	-0.32789	0.74317	0.9834
YRIAPOlabel	LCdom_E2YRI_vs_E2CEU	MCTP1	ENSG00000175471	-0.20793	-0.92103	0.35836	0.75609	-0.25151	-1.11267	0.26745	0.75586	-0.20793	-0.92103	0.35836	0.75609	-0.32859	-1.54889	0.12332	0.70213	-0.14564	-0.7691	0.4423	0.95674	-0.18505	-1.04164	0.29822	0.85148
YRIAPOlabel	LCdom_E2YRI_vs_E2CEU	MCTP2	ENSG00000140563	-0.11384	-0.36838	0.71306	0.91967	-0.06374	-0.21408	0.83074	0.93788	-0.11384	-0.36838	0.71306	0.91967	-0.12427	-0.3712	0.71096	0.967	-0.1796	-0.42757	0.6692	0.95674	-0.52152	-1.24159	0.21513	0.85148
YRIAPOlabel	LCdom_E2YRI_vs_E2CEU	MEIS2	ENSG00000134138	-0.15671	-0.62981	0.52968	0.84528	-0.17544	-0.69754	0.48644	0.84662	-0.15671	-0.62981	0.52968	0.84528	-0.04459	-0.18998	0.84956	0.97319	-0.23926	-1.06099	0.28935	0.87584	-0.32094	-1.48473	0.13842	0.75408
YRIAPOlabel	LCdom_E2YRI_vs_E2CEU	MEPE	ENSG00000152595	0.01234	0.03992	0.96821	0.99541	0.14615	0.47598	0.63471	0.87406	0.01234	0.03992	0.96821	0.99541	-0.06944	-0.22003	0.82612	0.97319	-0.15921	-0.34056	0.73361	0.96921	-0.15381	-0.33284	0.73943	0.9834
YRIAPOlabel	LCdom_E2YRI_vs_E2CEU	MGST1	ENSG00000008394	-0.69334	-2.95458	0.00358	0.1635	-0.59457	-2.52875	0.01238	0.18068	-0.69334	-2.95458	0.00358	0.1635	-0.67265	-2.81698	0.00544	0.2046	-0.48742	-2.33456	0.02007	0.26094	-0.47304	-2.24905	0.02507	0.32779
YRIAPOlabel	LCdom_E2YRI_vs_E2CEU	MKI67	ENSG00000148773	-0.12061	-0.34141	0.73323	0.92605	-0.22466	-0.63603	0.52563	0.84662	-0.12061	-0.34141	0.73323	0.92605	-0.06682	-0.17608	0.86045	0.97319	-0.11667	-0.26824	0.78865	0.97209	-0.30895	-0.71917	0.47247	0.91045
YRIAPOlabel	LCdom_E2YRI_vs_E2CEU	MOBP	ENSG00000168314	0.43235	2.0792	0.03913	0.37781	0.54581	2.68453	0.008	0.15361	0.43235	2.0792	0.03913	0.37781	0.5746	2.71745	0.00728	0.24154	0.31886	1.65466	0.09879	0.73592	0.18735	1.12037	0.26325	0.85148
YRIAPOlabel	LCdom_E2YRI_vs_E2CEU	MOG	ENSG00000204655	0.66382	2.46169	0.01484	0.33997	0.82541	3.13919	0.002	0.08127	0.66382	2.46169	0.01484	0.33997	0.77945	2.80676	0.00561	0.2046	0.56664	2.11787	0.03482	0.39711	0.44295	1.81395	0.07045	0.65864
YRIAPOlabel	LCdom_E2YRI_vs_E2CEU	MS4A6A	ENSG00000110077	-0.56927	-1.76907	0.07871	0.50401	-0.73162	-2.1783	0.03079	0.30372	-0.56927	-1.76907	0.07871	0.50401	-0.42642	-1.15482	0.24983	0.75802	-0.47601	-1.25529	0.21012	0.83477	-0.49716	-1.34845	0.17829	0.85148
YRIAPOlabel	LCdom_E2YRI_vs_E2CEU	MT1E	ENSG00000169715	-0.91026	-2.98137	0.0033	0.1635	-0.8867	-2.9145	0.00405	0.09828	-0.91026	-2.98137	0.0033	0.1635	-0.95479	-3.08859	0.00236	0.17223	-0.92644	-3.54651	0.00044	0.03993	-0.99714	-3.84176	0.00014	0.01734
YRIAPOlabel	LCdom_E2YRI_vs_E2CEU	MT1X	ENSG00000187193	-1.17697	-3.11039	0.0022	0.15732	-1.08716	-2.87155	0.00462	0.09909	-1.17697	-3.11039	0.0022	0.15732	-1.09496	-2.8428	0.00504	0.2046	-0.98872	-2.71367	0.00695	0.17589	-1.05285	-2.85749	0.0045	0.1405
YRIAPOlabel	LCdom_E2YRI_vs_E2CEU	MYO16	ENSG00000041515	-0.52626	-1.74517	0.0828	0.51221	-0.68976	-2.26367	0.02488	0.27287	-0.52626	-1.74517	0.0828	0.51221	-0.50014	-1.73075	0.08536	0.57698	-0.71016	-2.60134	0.00964	0.17589	-0.86396	-3.36336	0.00085	0.0772
YRIAPOlabel	LCdom_E2YRI_vs_E2CEU	MYO5B	ENSG00000167306	-0.14265	-0.47903	0.63254	0.89262	-0.17949	-0.60405	0.54663	0.84662	-0.14265	-0.47903	0.63254	0.89262	-0.01885	-0.06023	0.95205	0.98011	-0.12817	-0.30428	0.76108	0.96921	-0.21289	-0.52279	0.60142	0.93412
YRIAPOlabel	LCdom_E2YRI_vs_E2CEU	MYRF	ENSG00000124920	0.19851	0.86725	0.38705	0.76364	0.37195	1.64935	0.10096	0.55832	0.19851	0.86725	0.38705	0.76364	0.34469	1.47874	0.14111	0.71535	0.17861	0.75541	0.45046	0.95674	0.14635	0.67599	0.49944	0.91607
YRIAPOlabel	LCdom_E2YRI_vs_E2CEU	NCSTN	ENSG00000162736	0.00271	0.01743	0.98611	0.99541	0.07372	0.49309	0.6226	0.87406	0.00271	0.01743	0.98611	0.99541	0.04579	0.32141	0.7483	0.97319	0.02506	0.14351	0.88596	0.98643	-0.04262	-0.25615	0.79797	0.98423
YRIAPOlabel	LCdom_E2YRI_vs_E2CEU	NDST4	ENSG00000138653	0.55822	1.7055	0.08996	0.52492	0.85529	2.58354	0.01064	0.17647	0.55822	1.7055	0.08996	0.52492	0.42885	1.21957	0.22436	0.73097	0.91136	2.43302	0.01543	0.22746	0.83669	2.24801	0.02515	0.32779
YRIAPOlabel	LCdom_E2YRI_vs_E2CEU	NES	ENSG00000132688	-0.04825	-0.22334	0.82354	0.95995	-0.07709	-0.35786	0.7209	0.89584	-0.04825	-0.22334	0.82354	0.95995	-0.03639	-0.17033	0.86496	0.97319	-0.28727	-1.14568	0.25263	0.84595	-0.35871	-1.49234	0.13642	0.75408
YRIAPOlabel	LCdom_E2YRI_vs_E2CEU	NFE2L2	ENSG00000116044	0.17958	0.89652	0.37126	0.75835	0.24243	1.27255	0.20495	0.68629	0.17958	0.89652	0.37126	0.75835	0.25837	1.35459	0.1774	0.71936	0.16969	0.96095	0.33717	0.8948	0.09083	0.55861	0.57675	0.93201
YRIAPOlabel	LCdom_E2YRI_vs_E2CEU	NKG7	ENSG00000105374	1.14608	1.99265	0.04793	0.38031	0.46768	0.75975	0.44848	0.84247	1.14608	1.99265	0.04793	0.38031	1.66405	2.60843	0.00993	0.24423	-0.15623	-0.21623	0.82894	0.97683	-0.34469	-0.48668	0.62679	0.94929
YRIAPOlabel	LCdom_E2YRI_vs_E2CEU	NMB	ENSG00000197696	-0.26543	-1.18043	0.23951	0.67768	-0.2211	-1.01639	0.31092	0.76733	-0.26543	-1.18043	0.23951	0.67768	-0.26043	-1.17188	0.24293	0.75143	-0.15281	-0.59502	0.55218	0.95674	-0.16804	-0.68044	0.49663	0.9155
YRIAPOlabel	LCdom_E2YRI_vs_E2CEU	NNAT	ENSG00000053438	-0.40127	-1.03095	0.30406	0.70448	-0.25153	-0.62587	0.53226	0.84662	-0.40127	-1.03095	0.30406	0.70448	-0.24556	-0.55275	0.58118	0.90655	-0.46566	-1.41038	0.15922	0.80502	-0.44065	-1.30605	0.1923	0.85148
YRIAPOlabel	LCdom_E2YRI_vs_E2CEU	NOTCH1	ENSG00000148400	-0.01578	-0.09299	0.92602	0.9864	-0.01236	-0.07165	0.94296	0.99241	-0.01578	-0.09299	0.92602	0.9864	-0.02212	-0.13108	0.89587	0.97319	-0.02759	-0.15361	0.878	0.98643	-0.09193	-0.51221	0.60879	0.93932
YRIAPOlabel	LCdom_E2YRI_vs_E2CEU	NPFFR2	ENSG00000056291	0.35492	0.6889	0.49184	0.83889	0.52356	1.03958	0.30004	0.76733	0.35492	0.6889	0.49184	0.83889	0.67605	1.25463	0.21138	0.71936	0.52501	1.06239	0.28872	0.87584	0.62718	1.28441	0.19976	0.85148
YRIAPOlabel	LCdom_E2YRI_vs_E2CEU	NPNT	ENSG00000168743	0.1649	0.49017	0.62465	0.89262	0.19295	0.56038	0.57597	0.85808	0.1649	0.49017	0.62465	0.89262	0.08844	0.23519	0.81435	0.97319	0.72613	1.86239	0.0633	0.55013	0.19906	0.50235	0.61571	0.9403
YRIAPOlabel	LCdom_E2YRI_vs_E2CEU	NPTN	ENSG00000156642	0.27146	2.0446	0.04246	0.37781	0.3666	2.64035	0.00907	0.15762	0.27146	2.0446	0.04246	0.37781	0.29705	2.00107	0.04702	0.47673	0.44404	3.09685	0.0021	0.08503	0.36301	2.60153	0.00963	0.2344
YRIAPOlabel	LCdom_E2YRI_vs_E2CEU	NPY	ENSG00000122585	-1.40369	-1.48088	0.14055	0.59651	-0.28919	-0.29888	0.76541	0.89584	-1.40369	-1.48088	0.14055	0.59651	-1.9022	-1.88717	0.0609	0.50731	0.51464	0.66679	0.50531	0.95674	0.62311	0.81268	0.41691	0.86688
YRIAPOlabel	LCdom_E2YRI_vs_E2CEU	NPY1R	ENSG00000164128	0.24232	0.87279	0.38403	0.7618	0.48104	1.72329	0.08669	0.49589	0.24232	0.87279	0.38403	0.7618	0.3948	1.25718	0.21046	0.71936	0.29149	0.98276	0.32633	0.88754	0.16659	0.55911	0.57641	0.93201
YRIAPOlabel	LCdom_E2YRI_vs_E2CEU	NR2F2	ENSG00000185551	0.3181	1.31645	0.18983	0.61761	0.03767	0.15353	0.87816	0.9568	0.3181	1.31645	0.18983	0.61761	-0.12629	-0.47816	0.63317	0.93188	0.15038	0.53494	0.593	0.95674	-0.02279	-0.08274	0.9341	0.99366
YRIAPOlabel	LCdom_E2YRI_vs_E2CEU	NR4A2	ENSG00000153234	0.46212	0.82093	0.41285	0.78886	0.73255	1.29729	0.19633	0.68629	0.46212	0.82093	0.41285	0.78886	0.74636	1.27022	0.2058	0.71936	0.71843	1.35442	0.17639	0.80502	0.82197	1.59303	0.11197	0.72977
YRIAPOlabel	LCdom_E2YRI_vs_E2CEU	NRN1	ENSG00000124785	0.00447	0.02195	0.98252	0.99541	-0.005	-0.02391	0.98095	0.99241	0.00447	0.02195	0.98252	0.99541	-0.00063	-0.00303	0.99759	0.9998	-0.04115	-0.18555	0.85289	0.98	-0.0542	-0.25299	0.80041	0.98423
YRIAPOlabel	LCdom_E2YRI_vs_E2CEU	NRP1	ENSG00000099250	0.11989	0.60501	0.54599	0.86271	0.18164	0.92704	0.35525	0.8004	0.11989	0.60501	0.54599	0.86271	0.16914	0.84544	0.39909	0.81997	0.28125	1.05546	0.29186	0.87584	0.07227	0.27409	0.78416	0.98423
YRIAPOlabel	LCdom_E2YRI_vs_E2CEU	NTNG1	ENSG00000162631	0.44228	2.05639	0.0413	0.37781	0.3775	1.78517	0.07605	0.47049	0.44228	2.05639	0.0413	0.37781	0.13953	0.63582	0.52577	0.8911	0.44904	1.94457	0.05254	0.51811	0.26368	1.14047	0.25479	0.85148
YRIAPOlabel	LCdom_E2YRI_vs_E2CEU	NTNG2	ENSG00000196358	-0.38605	-1.59378	0.11288	0.5727	-0.20911	-0.90759	0.3654	0.80519	-0.38605	-1.59378	0.11288	0.5727	-0.03604	-0.14314	0.88635	0.97319	-0.2647	-1.11327	0.26628	0.87148	-0.35688	-1.53135	0.12649	0.75408
YRIAPOlabel	LCdom_E2YRI_vs_E2CEU	NTSR2	ENSG00000169006	-0.27064	-1.37798	0.17005	0.61761	-0.20266	-1.04355	0.2982	0.76733	-0.27064	-1.37798	0.17005	0.61761	-0.34743	-1.84103	0.06741	0.50965	-0.02284	-0.1273	0.89877	0.98643	-0.02238	-0.12415	0.90126	0.99166
YRIAPOlabel	LCdom_E2YRI_vs_E2CEU	NWD2	ENSG00000174145	-0.28873	-0.95903	0.33893	0.72345	-0.3042	-1.00799	0.31492	0.76733	-0.28873	-0.95903	0.33893	0.72345	-0.4224	-1.36967	0.17265	0.71936	-0.27016	-0.89674	0.37041	0.92622	-0.28423	-0.95212	0.34163	0.85148
YRIAPOlabel	LCdom_E2YRI_vs_E2CEU	NXPH2	ENSG00000144227	-0.58788	-1.53945	0.12559	0.58025	-0.19966	-0.51576	0.60671	0.87406	-0.58788	-1.53945	0.12559	0.58025	-0.53436	-1.27384	0.20451	0.71936	-0.13167	-0.34292	0.73185	0.96921	-0.19919	-0.53024	0.59624	0.93367
YRIAPOlabel	LCdom_E2YRI_vs_E2CEU	OLIG1	ENSG00000184221	0.04254	0.20418	0.83846	0.96238	0.20101	0.97716	0.32991	0.77452	0.04254	0.20418	0.83846	0.96238	0.21863	1.08082	0.28135	0.75802	0.14654	0.74391	0.45738	0.95674	0.07679	0.41963	0.67499	0.96173
YRIAPOlabel	LCdom_E2YRI_vs_E2CEU	OLIG2	ENSG00000205927	-0.03294	-0.14038	0.88853	0.97842	0.1288	0.55443	0.58002	0.86061	-0.03294	-0.14038	0.88853	0.97842	0.16853	0.72252	0.471	0.86949	0.01668	0.06988	0.94432	0.98643	-0.0414	-0.18125	0.85626	0.98592
YRIAPOlabel	LCdom_E2YRI_vs_E2CEU	OPALIN	ENSG00000197430	0.07615	0.31319	0.75453	0.93994	0.32663	1.34832	0.17938	0.66176	0.07615	0.31319	0.75453	0.93994	0.11127	0.42257	0.67315	0.95708	0.16342	0.6155	0.53858	0.95674	0.17734	0.70657	0.48025	0.91045
YRIAPOlabel	LCdom_E2YRI_vs_E2CEU	OTOGL	ENSG00000165899	-0.09472	-0.22581	0.82163	0.95995	-0.14384	-0.34371	0.7315	0.89584	-0.09472	-0.22581	0.82163	0.95995	-0.15795	-0.35074	0.72623	0.97286	-0.22436	-0.52432	0.60036	0.95674	-0.28855	-0.68497	0.49378	0.9155
YRIAPOlabel	LCdom_E2YRI_vs_E2CEU	P2RY12	ENSG00000169313	0.57964	1.85032	0.06603	0.45476	0.48065	1.528	0.12841	0.57528	0.57964	1.85032	0.06603	0.45476	0.31216	0.86505	0.38826	0.81235	0.39055	1.16502	0.24472	0.84267	0.32266	0.98263	0.3264	0.85148
YRIAPOlabel	LCdom_E2YRI_vs_E2CEU	P2RY13	ENSG00000181631	0.40687	1.4427	0.15098	0.60171	0.28182	0.97489	0.33103	0.77452	0.40687	1.4427	0.15098	0.60171	0.04744	0.13835	0.89013	0.97319	0.26676	0.75539	0.45047	0.95674	0.25937	0.74808	0.45486	0.91045
YRIAPOlabel	LCdom_E2YRI_vs_E2CEU	PAX6	ENSG00000007372	-0.41765	-1.54188	0.125	0.58025	-0.27406	-1.01078	0.31359	0.76733	-0.41765	-1.54188	0.125	0.58025	-0.30829	-1.13287	0.25891	0.75802	-0.32449	-1.06199	0.2889	0.87584	-0.30966	-1.01215	0.31209	0.85148
YRIAPOlabel	LCdom_E2YRI_vs_E2CEU	PCNA	ENSG00000132646	0.11714	0.89838	0.37028	0.75835	0.18462	1.46672	0.14434	0.59103	0.11714	0.89838	0.37028	0.75835	0.16768	1.34084	0.18181	0.71936	0.14135	0.95868	0.33831	0.8948	0.08617	0.62984	0.52917	0.93201
YRIAPOlabel	LCdom_E2YRI_vs_E2CEU	PCSK1	ENSG00000175426	-0.45721	-1.68264	0.09431	0.52492	-0.36747	-1.38466	0.16801	0.63219	-0.45721	-1.68264	0.09431	0.52492	-0.26681	-1.00439	0.31666	0.76678	-0.4113	-1.33469	0.18275	0.80502	-0.3818	-1.31261	0.19009	0.85148
YRIAPOlabel	LCdom_E2YRI_vs_E2CEU	PCSK1N	ENSG00000102109	-0.64614	-1.74934	0.08207	0.51221	-0.79268	-2.11083	0.03628	0.31527	-0.64614	-1.74934	0.08207	0.51221	-0.65646	-1.68371	0.09412	0.59422	-0.73205	-1.82446	0.06886	0.57182	-0.70371	-1.74006	0.08265	0.65907
YRIAPOlabel	LCdom_E2YRI_vs_E2CEU	PCSK6	ENSG00000140479	0.27033	1.13962	0.25608	0.69025	0.44028	1.94368	0.05362	0.3767	0.27033	1.13962	0.25608	0.69025	0.53704	2.30968	0.02214	0.33674	0.19339	0.82979	0.40716	0.92622	0.05244	0.24768	0.80451	0.98423
YRIAPOlabel	LCdom_E2YRI_vs_E2CEU	PDGFD	ENSG00000170962	-0.26663	-1.00141	0.31808	0.71225	-0.30587	-1.12666	0.26151	0.75586	-0.26663	-1.00141	0.31808	0.71225	-0.19782	-0.77406	0.44	0.85414	-0.23437	-1.04807	0.29525	0.87616	-0.18165	-0.83822	0.40242	0.86402
YRIAPOlabel	LCdom_E2YRI_vs_E2CEU	PDGFRA	ENSG00000134853	-0.00033	-0.00134	0.99894	0.99894	0.17493	0.69713	0.48669	0.84662	-0.00033	-0.00134	0.99894	0.99894	0.25883	1.04983	0.29533	0.75802	0.35796	1.33375	0.18306	0.80502	0.31777	1.24908	0.21238	0.85148
YRIAPOlabel	LCdom_E2YRI_vs_E2CEU	PECAM1	ENSG00000261371	0.09307	0.4178	0.67663	0.89807	-0.03298	-0.15726	0.87523	0.9568	0.09307	0.4178	0.67663	0.89807	-0.03724	-0.16922	0.86583	0.97319	-0.08556	-0.31728	0.7512	0.96921	-0.22325	-0.85918	0.39077	0.85408
YRIAPOlabel	LCdom_E2YRI_vs_E2CEU	PENK	ENSG00000181195	-0.86553	-2.59366	0.01034	0.2903	-0.16735	-0.49114	0.62397	0.87406	-0.86553	-2.59366	0.01034	0.2903	-0.53917	-1.39545	0.16477	0.71936	-0.07894	-0.24702	0.80502	0.97619	-0.23099	-0.71378	0.47579	0.91045
YRIAPOlabel	LCdom_E2YRI_vs_E2CEU	PGRMC1	ENSG00000101856	0.084	0.46377	0.64342	0.89262	0.11382	0.65225	0.51514	0.84662	0.084	0.46377	0.64342	0.89262	0.05647	0.32875	0.74276	0.97319	0.09888	0.59901	0.54951	0.95674	0.06879	0.46043	0.64547	0.9577
YRIAPOlabel	LCdom_E2YRI_vs_E2CEU	PHLDB2	ENSG00000144824	0.17363	0.852	0.39543	0.77184	-0.08807	-0.44573	0.65637	0.87437	0.17363	0.852	0.39543	0.77184	-0.01576	-0.07514	0.94019	0.98011	-0.15051	-0.57117	0.56821	0.95674	-0.24427	-0.95335	0.341	0.85148
YRIAPOlabel	LCdom_E2YRI_vs_E2CEU	PLCE1	ENSG00000138193	0.13756	0.55659	0.57855	0.88727	-0.04109	-0.16246	0.87114	0.9568	0.13756	0.55659	0.57855	0.88727	0.01287	0.04895	0.96102	0.98011	0.145	0.51584	0.60626	0.95674	0.18394	0.65133	0.51522	0.92183
YRIAPOlabel	LCdom_E2YRI_vs_E2CEU	PLCH1	ENSG00000114805	0.5108	2.21369	0.02821	0.36793	0.70879	3.03263	0.00281	0.08815	0.5108	2.21369	0.02821	0.36793	0.37632	1.51015	0.13291	0.71334	0.6812	2.63843	0.00866	0.17589	0.56217	2.19298	0.0289	0.35005
YRIAPOlabel	LCdom_E2YRI_vs_E2CEU	PLD5	ENSG00000180287	0.38731	1.99811	0.04733	0.38031	0.49329	2.54835	0.01173	0.17833	0.38731	1.99811	0.04733	0.38031	0.46252	2.29091	0.02323	0.33917	0.55714	2.45697	0.01444	0.22746	0.44492	2.03777	0.04225	0.44056
YRIAPOlabel	LCdom_E2YRI_vs_E2CEU	PLPP3	ENSG00000162407	-0.28255	-1.42657	0.15557	0.60171	-0.19741	-1.01308	0.31249	0.76733	-0.28255	-1.42657	0.15557	0.60171	-0.27162	-1.40249	0.16264	0.71936	-0.03692	-0.21494	0.82993	0.97683	-0.03965	-0.2305	0.81782	0.98423
YRIAPOlabel	LCdom_E2YRI_vs_E2CEU	POSTN	ENSG00000133110	-0.76178	-1.43184	0.15406	0.60171	-0.75677	-1.40454	0.16202	0.62031	-0.76178	-1.43184	0.15406	0.60171	-0.70949	-1.27245	0.205	0.71936	-0.82858	-1.46712	0.14316	0.80502	-0.82928	-1.51331	0.13102	0.75408
YRIAPOlabel	LCdom_E2YRI_vs_E2CEU	POU6F2	ENSG00000106536	-0.24056	-1.05444	0.2932	0.70448	-0.14534	-0.61184	0.54148	0.84662	-0.24056	-1.05444	0.2932	0.70448	-0.46253	-1.81212	0.07178	0.50965	0.14442	0.43993	0.66023	0.95674	0.30572	0.92746	0.35426	0.85148
YRIAPOlabel	LCdom_E2YRI_vs_E2CEU	PPME1	ENSG00000214517	0.0017	0.01238	0.99014	0.99541	0.04055	0.30009	0.76448	0.89584	0.0017	0.01238	0.99014	0.99541	0.09144	0.69516	0.48793	0.88165	0.07443	0.53616	0.59215	0.95674	0.0405	0.32128	0.74817	0.9834
YRIAPOlabel	LCdom_E2YRI_vs_E2CEU	PPP1R15A	ENSG00000087074	-0.19871	-0.79884	0.42552	0.78943	-0.20934	-0.86007	0.39098	0.82016	-0.19871	-0.79884	0.42552	0.78943	-0.09087	-0.358	0.7208	0.97082	-0.38654	-1.57502	0.11606	0.77022	-0.36852	-1.54312	0.12361	0.75408
YRIAPOlabel	LCdom_E2YRI_vs_E2CEU	PRCP	ENSG00000137509	-0.07494	-0.48304	0.6297	0.89262	-0.11679	-0.77745	0.438	0.84247	-0.07494	-0.48304	0.6297	0.89262	-0.10673	-0.75064	0.45394	0.85433	-0.05029	-0.30039	0.76404	0.96921	-0.09951	-0.60525	0.54536	0.93201
YRIAPOlabel	LCdom_E2YRI_vs_E2CEU	PROX1	ENSG00000117707	0.34333	1.4411	0.15143	0.60171	0.56341	2.4254	0.01636	0.21324	0.34333	1.4411	0.15143	0.60171	0.56077	2.34296	0.02032	0.33674	0.33812	1.51121	0.13154	0.80502	0.25784	1.24526	0.21378	0.85148
YRIAPOlabel	LCdom_E2YRI_vs_E2CEU	PSEN1	ENSG00000080815	0.17123	1.0318	0.30366	0.70448	0.27472	1.666	0.09759	0.548	0.17123	1.0318	0.30366	0.70448	0.2731	1.68217	0.09442	0.59422	0.21556	1.41866	0.15679	0.80502	0.139	1.01842	0.30911	0.85148
YRIAPOlabel	LCdom_E2YRI_vs_E2CEU	PSEN2	ENSG00000143801	-0.05982	-0.39528	0.69314	0.90501	-0.05547	-0.3705	0.71148	0.89584	-0.05982	-0.39528	0.69314	0.90501	-0.08513	-0.58135	0.5618	0.90342	-0.07764	-0.39342	0.69422	0.95674	-0.143	-0.73887	0.46043	0.91045
YRIAPOlabel	LCdom_E2YRI_vs_E2CEU	PSENEN	ENSG00000205155	-0.03832	-0.24387	0.80763	0.95995	-0.02049	-0.13528	0.89255	0.96671	-0.03832	-0.24387	0.80763	0.95995	0.03289	0.21322	0.83142	0.97319	0.00779	0.0423	0.96628	0.99157	-0.02314	-0.13498	0.8927	0.98819
YRIAPOlabel	LCdom_E2YRI_vs_E2CEU	PTCHD4	ENSG00000244694	0.0561	0.22654	0.82106	0.95995	0.13069	0.52612	0.5995	0.87178	0.0561	0.22654	0.82106	0.95995	0.02023	0.07728	0.93849	0.98011	0.32971	1.02545	0.30579	0.88754	0.28571	0.87975	0.37955	0.85148
YRIAPOlabel	LCdom_E2YRI_vs_E2CEU	PTPRC	ENSG00000081237	0.32972	1.28025	0.20223	0.6206	0.31346	1.21015	0.22793	0.72978	0.32972	1.28025	0.20223	0.6206	0.28608	0.93448	0.35142	0.78692	0.05029	0.15166	0.87953	0.98643	0.00731	0.02278	0.98184	0.99366
YRIAPOlabel	LCdom_E2YRI_vs_E2CEU	PTPRZ1	ENSG00000106278	-0.30082	-1.51912	0.13062	0.58085	-0.18716	-0.94496	0.34604	0.7994	-0.30082	-1.51912	0.13062	0.58085	-0.23195	-1.27083	0.20558	0.71936	-0.07468	-0.40249	0.68754	0.95674	-0.1277	-0.69464	0.48769	0.9155
YRIAPOlabel	LCdom_E2YRI_vs_E2CEU	PVALB	ENSG00000100362	-0.59308	-1.43441	0.15333	0.60171	-0.24647	-0.60871	0.54355	0.84662	-0.59308	-1.43441	0.15333	0.60171	-0.49078	-1.05734	0.2919	0.75802	-0.44244	-0.85249	0.39447	0.92622	-0.56508	-1.09768	0.27303	0.85148
YRIAPOlabel	LCdom_E2YRI_vs_E2CEU	RALA	ENSG00000006451	0.02334	0.12563	0.90018	0.98373	0.0548	0.29622	0.76743	0.89584	0.02334	0.12563	0.90018	0.98373	0.00788	0.04581	0.96352	0.98011	0.06629	0.44812	0.65432	0.95674	0.03201	0.24196	0.80894	0.98423
YRIAPOlabel	LCdom_E2YRI_vs_E2CEU	RASD1	ENSG00000108551	-0.42752	-1.10005	0.2729	0.69655	-0.57527	-1.49984	0.13555	0.57528	-0.42752	-1.10005	0.2729	0.69655	-0.26445	-0.67863	0.49832	0.88726	-0.45071	-1.31832	0.18817	0.80685	-0.34853	-1.0514	0.29373	0.85148
YRIAPOlabel	LCdom_E2YRI_vs_E2CEU	RASGRP1	ENSG00000172575	-0.42377	-1.27759	0.20317	0.6206	-0.16317	-0.48291	0.6298	0.87406	-0.42377	-1.27759	0.20317	0.6206	-0.15193	-0.4487	0.65424	0.94386	-0.14947	-0.33052	0.74119	0.96921	-0.26264	-0.59004	0.55552	0.93201
YRIAPOlabel	LCdom_E2YRI_vs_E2CEU	REEP1	ENSG00000068615	-0.1621	-0.77897	0.4371	0.79374	-0.15007	-0.72508	0.46942	0.84662	-0.1621	-0.77897	0.4371	0.79374	-0.20307	-0.99031	0.32347	0.76678	-0.1118	-0.57809	0.56353	0.95674	-0.13249	-0.73352	0.46368	0.91045
YRIAPOlabel	LCdom_E2YRI_vs_E2CEU	RELN	ENSG00000189056	-0.452	-1.06022	0.29058	0.70448	0.19061	0.46572	0.64202	0.87406	-0.452	-1.06022	0.29058	0.70448	-0.01529	-0.03558	0.97166	0.98011	0.30072	0.79761	0.42558	0.94144	0.24292	0.65412	0.51342	0.92183
YRIAPOlabel	LCdom_E2YRI_vs_E2CEU	RFTN1	ENSG00000131378	0.00723	0.03337	0.97342	0.99541	-0.03914	-0.17901	0.85815	0.95495	0.00723	0.03337	0.97342	0.99541	-0.24226	-1.04309	0.29843	0.75802	-0.05163	-0.18633	0.85228	0.98	0.01983	0.072	0.94264	0.99366
YRIAPOlabel	LCdom_E2YRI_vs_E2CEU	RGMA	ENSG00000182175	-0.04446	-0.19441	0.84609	0.96508	-0.03586	-0.16201	0.8715	0.9568	-0.04446	-0.19441	0.84609	0.96508	-0.14724	-0.64644	0.51889	0.8911	0.17125	0.73757	0.46122	0.95674	0.16898	0.72861	0.46668	0.91045
YRIAPOlabel	LCdom_E2YRI_vs_E2CEU	RGS10	ENSG00000148908	0.52889	1.87195	0.06296	0.4534	0.40928	1.42725	0.15538	0.6095	0.52889	1.87195	0.06296	0.4534	0.28281	0.83149	0.40689	0.81997	0.13536	0.39392	0.69386	0.95674	-0.00634	-0.01858	0.98519	0.99366
YRIAPOlabel	LCdom_E2YRI_vs_E2CEU	RGS16	ENSG00000143333	-0.15293	-0.46287	0.64406	0.89262	-0.34442	-1.01503	0.31156	0.76733	-0.15293	-0.46287	0.64406	0.89262	-0.27375	-0.75041	0.45407	0.85433	-0.2279	-0.5619	0.57451	0.95674	-0.25098	-0.62475	0.5325	0.93201
YRIAPOlabel	LCdom_E2YRI_vs_E2CEU	RIT2	ENSG00000152214	0.18647	0.81436	0.4166	0.78886	0.25671	1.11555	0.26622	0.75586	0.18647	0.81436	0.4166	0.78886	0.16833	0.73439	0.46375	0.86472	0.26478	1.11062	0.26741	0.87148	0.2347	1.04281	0.29768	0.85148
YRIAPOlabel	LCdom_E2YRI_vs_E2CEU	RNASET2	ENSG00000026297	0.14369	0.65765	0.51167	0.84528	0.06006	0.26171	0.79387	0.92001	0.14369	0.65765	0.51167	0.84528	0.05348	0.19411	0.84633	0.97319	0.02642	0.12557	0.90013	0.98643	0.02952	0.1367	0.89134	0.98819
YRIAPOlabel	LCdom_E2YRI_vs_E2CEU	RNF144B	ENSG00000137393	-0.01136	-0.05244	0.95824	0.99541	-0.01574	-0.0758	0.93967	0.99241	-0.01136	-0.05244	0.95824	0.99541	-0.08781	-0.40525	0.68581	0.96019	-0.18379	-0.60389	0.54627	0.95674	-0.27819	-0.933	0.3514	0.85148
YRIAPOlabel	LCdom_E2YRI_vs_E2CEU	RORB	ENSG00000198963	0.16536	0.57327	0.56723	0.88102	0.22772	0.77921	0.43696	0.84247	0.16536	0.57327	0.56723	0.88102	-0.02563	-0.08472	0.93258	0.98011	0.5169	1.68312	0.09315	0.70831	0.40939	1.33139	0.18384	0.85148
YRIAPOlabel	LCdom_E2YRI_vs_E2CEU	ROS1	ENSG00000047936	0.2847	0.83144	0.40692	0.78584	0.31625	0.90871	0.36481	0.80519	0.2847	0.83144	0.40692	0.78584	0.40211	1.08099	0.28128	0.75802	-0.05128	-0.10233	0.91854	0.98643	-0.0164	-0.03364	0.97318	0.99366
YRIAPOlabel	LCdom_E2YRI_vs_E2CEU	RSPO2	ENSG00000147655	-0.73913	-2.02697	0.04426	0.37781	-0.13161	-0.3633	0.71684	0.89584	-0.73913	-2.02697	0.04426	0.37781	-0.0925	-0.23954	0.81098	0.97319	0.21178	0.54304	0.58741	0.95674	0.31519	0.81594	0.41503	0.86688
YRIAPOlabel	LCdom_E2YRI_vs_E2CEU	RXFP1	ENSG00000171509	-0.40398	-0.79787	0.42608	0.78943	-0.25799	-0.50994	0.61077	0.87406	-0.40398	-0.79787	0.42608	0.78943	-0.07647	-0.13699	0.89121	0.97319	-0.35206	-0.56177	0.57461	0.95674	-0.5862	-0.92144	0.35742	0.85148
YRIAPOlabel	LCdom_E2YRI_vs_E2CEU	RYR3	ENSG00000198838	-0.09939	-0.40939	0.68278	0.90295	-0.19211	-0.76025	0.44818	0.84247	-0.09939	-0.40939	0.68278	0.90295	-0.43155	-1.70765	0.08958	0.59422	0.00853	0.03475	0.9723	0.99157	-0.00859	-0.03542	0.97176	0.99366
YRIAPOlabel	LCdom_E2YRI_vs_E2CEU	S100A4	ENSG00000196154	0.00638	0.02587	0.97939	0.99541	-0.13065	-0.55009	0.58299	0.86151	0.00638	0.02587	0.97939	0.99541	0.14363	0.55607	0.57892	0.90655	-0.13319	-0.47092	0.63796	0.95674	-0.18354	-0.6632	0.50759	0.92175
YRIAPOlabel	LCdom_E2YRI_vs_E2CEU	SAMD5	ENSG00000203727	-0.49536	-2.04258	0.04267	0.37781	-0.44622	-1.92659	0.05573	0.3767	-0.49536	-2.04258	0.04267	0.37781	-0.50324	-2.19005	0.02992	0.37658	-0.40783	-1.948	0.05213	0.51811	-0.45289	-2.3674	0.0184	0.29637
YRIAPOlabel	LCdom_E2YRI_vs_E2CEU	SARAF	ENSG00000133872	-0.20506	-1.47452	0.14223	0.59669	-0.13176	-0.97759	0.32969	0.77452	-0.20506	-1.47452	0.14223	0.59669	-0.14192	-1.04174	0.29905	0.75802	-0.053	-0.34845	0.72769	0.96921	-0.08424	-0.6056	0.54513	0.93201
YRIAPOlabel	LCdom_E2YRI_vs_E2CEU	SDK1	ENSG00000146555	-0.22402	-0.79188	0.42955	0.79006	-0.19595	-0.68288	0.49563	0.84662	-0.22402	-0.79188	0.42955	0.79006	0.03186	0.10626	0.9155	0.98011	-0.43403	-1.42098	0.15613	0.80502	-0.30255	-0.99764	0.31908	0.85148
YRIAPOlabel	LCdom_E2YRI_vs_E2CEU	SEMA5A	ENSG00000112902	0.20416	0.98796	0.3246	0.71904	0.17406	0.80665	0.42102	0.84247	0.20416	0.98796	0.3246	0.71904	0.13622	0.61775	0.53759	0.89192	0.05137	0.23456	0.81467	0.97683	-0.10169	-0.46219	0.6442	0.9577
YRIAPOlabel	LCdom_E2YRI_vs_E2CEU	SERPINA3	ENSG00000196136	-0.58183	-1.1668	0.24495	0.68775	-0.55264	-1.13379	0.25851	0.75586	-0.58183	-1.1668	0.24495	0.68775	0.18661	0.37684	0.70678	0.9662	-0.67533	-1.40868	0.15972	0.80502	-0.60184	-1.27526	0.20297	0.85148
YRIAPOlabel	LCdom_E2YRI_vs_E2CEU	SEZ6L2	ENSG00000174938	-0.03298	-0.24178	0.80925	0.95995	0.02654	0.19582	0.84499	0.94641	-0.03298	-0.24178	0.80925	0.95995	0.08812	0.62302	0.53413	0.8911	0.06059	0.41154	0.6809	0.95674	0.027	0.18987	0.84951	0.98592
YRIAPOlabel	LCdom_E2YRI_vs_E2CEU	SFRP2	ENSG00000145423	-0.38664	-0.81462	0.41645	0.78886	-0.01629	-0.03551	0.97171	0.99241	-0.38664	-0.81462	0.41645	0.78886	-0.06786	-0.15059	0.88048	0.97319	-0.11284	-0.22582	0.82146	0.97683	-0.13569	-0.28102	0.77884	0.98423
YRIAPOlabel	LCdom_E2YRI_vs_E2CEU	SLC17A6	ENSG00000091664	0.57762	2.29285	0.0231	0.36793	0.84493	3.28241	0.00125	0.07207	0.57762	2.29285	0.0231	0.36793	0.57511	2.07269	0.03975	0.47673	0.89234	3.25647	0.00123	0.0746	0.89482	3.25555	0.00123	0.08981
YRIAPOlabel	LCdom_E2YRI_vs_E2CEU	SLC17A7	ENSG00000104888	-1.3086	-1.85573	0.06526	0.45476	-0.56884	-0.82567	0.41017	0.84247	-1.3086	-1.85573	0.06526	0.45476	-0.46065	-0.59922	0.54986	0.90342	-0.95904	-1.20393	0.22935	0.84267	-1.21717	-1.55381	0.12104	0.75408
YRIAPOlabel	LCdom_E2YRI_vs_E2CEU	SLC18A2	ENSG00000165646	-0.72417	-2.11247	0.03613	0.37781	-0.67979	-1.94712	0.0532	0.3767	-0.72417	-2.11247	0.03613	0.37781	-0.4729	-1.30092	0.19511	0.71936	-0.7084	-2.0577	0.04028	0.44556	-0.68705	-2.05306	0.04073	0.4373
YRIAPOlabel	LCdom_E2YRI_vs_E2CEU	SLC24A3	ENSG00000185052	-0.17574	-0.97515	0.3309	0.72195	-0.00543	-0.02957	0.97645	0.99241	-0.17574	-0.97515	0.3309	0.72195	-0.07385	-0.39703	0.69186	0.96019	-0.01491	-0.08153	0.93506	0.98643	-0.07538	-0.41121	0.68114	0.96173
YRIAPOlabel	LCdom_E2YRI_vs_E2CEU	SLC26A4	ENSG00000091137	-0.17363	-0.59101	0.55531	0.86991	-0.29731	-1.00711	0.31534	0.76733	-0.17363	-0.59101	0.55531	0.86991	-0.14768	-0.47116	0.63815	0.93544	-0.50273	-1.19562	0.23259	0.84267	-0.39019	-0.9511	0.34216	0.85148
YRIAPOlabel	LCdom_E2YRI_vs_E2CEU	SLC6A2	ENSG00000103546	-0.5499	-1.57697	0.11669	0.58025	-0.63123	-1.76826	0.07885	0.4718	-0.5499	-1.57697	0.11669	0.58025	-0.53914	-1.45743	0.14691	0.71936	-0.5948	-1.82391	0.06893	0.57182	-0.57265	-1.78573	0.07492	0.65907
YRIAPOlabel	LCdom_E2YRI_vs_E2CEU	SLC6A3	ENSG00000142319	-0.52994	-2.40535	0.01725	0.33997	-0.33311	-1.57972	0.11607	0.57528	-0.52994	-2.40535	0.01725	0.33997	-0.02539	-0.11681	0.90715	0.9776	-0.37079	-1.23986	0.21577	0.83477	-0.48868	-1.71537	0.08707	0.65907
YRIAPOlabel	LCdom_E2YRI_vs_E2CEU	SLC6A4	ENSG00000108576	-1.12537	-2.04042	0.04288	0.37781	-0.83364	-1.51403	0.13192	0.57528	-1.12537	-2.04042	0.04288	0.37781	0.07974	0.13801	0.8904	0.97319	0.16999	0.32605	0.74456	0.96921	-0.92728	-1.7065	0.08871	0.65907
YRIAPOlabel	LCdom_E2YRI_vs_E2CEU	SLC7A11	ENSG00000151012	-0.09455	-0.46924	0.63951	0.89262	-0.08821	-0.43757	0.66227	0.87629	-0.09455	-0.46924	0.63951	0.89262	-0.18204	-0.88414	0.37791	0.80876	-0.18633	-0.86515	0.38748	0.92622	-0.18723	-0.86558	0.38725	0.85148
YRIAPOlabel	LCdom_E2YRI_vs_E2CEU	SLIT3	ENSG00000184347	0.11875	0.47493	0.63545	0.89262	0.21769	0.88619	0.37679	0.81367	0.11875	0.47493	0.63545	0.89262	0.50748	1.82301	0.07011	0.50965	0.31826	0.9831	0.32616	0.88754	0.13768	0.41228	0.68036	0.96173
YRIAPOlabel	LCdom_E2YRI_vs_E2CEU	SNCB	ENSG00000074317	-0.24116	-1.3506	0.17865	0.61761	-0.23306	-1.28773	0.19962	0.68629	-0.24116	-1.3506	0.17865	0.61761	-0.19985	-0.97499	0.33099	0.76678	-0.22036	-1.305	0.19266	0.80828	-0.25194	-1.46196	0.14456	0.76468
YRIAPOlabel	LCdom_E2YRI_vs_E2CEU	SNCG	ENSG00000173267	-0.51254	-2.19805	0.02932	0.36905	-0.60568	-2.55638	0.01147	0.17833	-0.51254	-2.19805	0.02932	0.36905	-0.38613	-1.4876	0.13876	0.71334	-0.66169	-2.64307	0.00855	0.17589	-0.6366	-2.55825	0.0109	0.24856
YRIAPOlabel	LCdom_E2YRI_vs_E2CEU	SNTB2	ENSG00000168807	-0.06737	-0.45184	0.65197	0.89281	0.07518	0.51908	0.6044	0.87406	-0.06737	-0.45184	0.65197	0.89281	0.02918	0.2136	0.83113	0.97319	0.07037	0.3508	0.72593	0.96921	-0.06197	-0.31663	0.75169	0.9834
YRIAPOlabel	LCdom_E2YRI_vs_E2CEU	SORCS1	ENSG00000108018	-0.09735	-0.34172	0.73299	0.92605	-0.199	-0.70562	0.48141	0.84662	-0.09735	-0.34172	0.73299	0.92605	0.17724	0.67928	0.49791	0.88726	-0.13363	-0.46644	0.64116	0.95674	-0.2491	-0.88553	0.37641	0.85148
YRIAPOlabel	LCdom_E2YRI_vs_E2CEU	SOX10	ENSG00000100146	0.14362	0.72509	0.46941	0.83172	0.30261	1.59531	0.11254	0.57528	0.14362	0.72509	0.46941	0.83172	0.36706	1.92598	0.05582	0.50731	0.20038	1.05637	0.29145	0.87584	0.12913	0.73892	0.4604	0.91045
YRIAPOlabel	LCdom_E2YRI_vs_E2CEU	SOX11	ENSG00000176887	0.17218	0.88722	0.37624	0.75871	0.36324	1.94663	0.05326	0.3767	0.17218	0.88722	0.37624	0.75871	0.48033	2.42746	0.01628	0.29707	0.32156	1.35292	0.17686	0.80502	0.39984	1.76879	0.07771	0.65907
YRIAPOlabel	LCdom_E2YRI_vs_E2CEU	SOX2	ENSG00000181449	-0.28103	-1.14038	0.25576	0.69025	-0.18069	-0.75399	0.45192	0.84247	-0.28103	-1.14038	0.25576	0.69025	-0.23021	-0.942	0.34757	0.78692	-0.0595	-0.28464	0.77607	0.97009	-0.12054	-0.57053	0.56865	0.93201
YRIAPOlabel	LCdom_E2YRI_vs_E2CEU	SOX4	ENSG00000124766	-0.07215	-0.35321	0.72438	0.92321	0.07545	0.37353	0.70923	0.89584	-0.07215	-0.35321	0.72438	0.92321	0.05051	0.24112	0.80976	0.97319	0.29688	1.04188	0.29811	0.8775	0.24971	0.86724	0.38634	0.85148
YRIAPOlabel	LCdom_E2YRI_vs_E2CEU	SOX9	ENSG00000125398	-0.57075	-2.01467	0.04554	0.37781	-0.50144	-1.77509	0.07771	0.4718	-0.57075	-2.01467	0.04554	0.37781	-0.55325	-1.9468	0.05325	0.50731	-0.35957	-1.35278	0.17691	0.80502	-0.31933	-1.18322	0.23744	0.85148
YRIAPOlabel	LCdom_E2YRI_vs_E2CEU	SPARC	ENSG00000113140	-0.188	-1.12345	0.26286	0.69025	-0.1279	-0.75948	0.44864	0.84247	-0.188	-1.12345	0.26286	0.69025	-0.24143	-1.38513	0.16788	0.71936	-0.17407	-1.05353	0.29275	0.87584	-0.17871	-1.0947	0.27432	0.85148
YRIAPOlabel	LCdom_E2YRI_vs_E2CEU	SPHKAP	ENSG00000153820	0.25076	1.07151	0.28549	0.70448	0.35994	1.51332	0.13209	0.57528	0.25076	1.07151	0.28549	0.70448	0.10729	0.42157	0.67389	0.95708	0.34688	1.40755	0.16006	0.80502	0.24529	1.02621	0.30543	0.85148
YRIAPOlabel	LCdom_E2YRI_vs_E2CEU	SPI1	ENSG00000066336	0.23974	1.34169	0.18152	0.61761	0.20716	1.1664	0.24512	0.75184	0.23974	1.34169	0.18152	0.61761	0.25555	1.24917	0.21337	0.71936	0.25826	1.13292	0.25794	0.85589	0.21691	0.98362	0.32591	0.85148
YRIAPOlabel	LCdom_E2YRI_vs_E2CEU	SPON1	ENSG00000262655	-0.19688	-0.90995	0.36416	0.75809	-0.09542	-0.44845	0.65441	0.87437	-0.19688	-0.90995	0.36416	0.75809	-0.22978	-1.10402	0.27119	0.75802	0.0993	0.49524	0.62071	0.95674	0.11957	0.58673	0.55772	0.93201
YRIAPOlabel	LCdom_E2YRI_vs_E2CEU	SREBF1	ENSG00000072310	-0.22154	-1.20578	0.22961	0.6599	-0.0983	-0.53591	0.59273	0.86887	-0.22154	-1.20578	0.22961	0.6599	-0.09125	-0.49656	0.62016	0.92488	-0.05913	-0.33923	0.73462	0.96921	-0.06615	-0.39076	0.69618	0.97359
YRIAPOlabel	LCdom_E2YRI_vs_E2CEU	SSR4	ENSG00000180879	-0.0195	-0.16254	0.87108	0.9723	0.03809	0.3179	0.75096	0.89584	-0.0195	-0.16254	0.87108	0.9723	0.00442	0.03876	0.96912	0.98011	0.05163	0.38857	0.6978	0.95751	-0.01764	-0.14092	0.88801	0.98819
YRIAPOlabel	LCdom_E2YRI_vs_E2CEU	SST	ENSG00000157005	-0.47591	-1.10707	0.26986	0.69655	-0.05706	-0.13546	0.89241	0.96671	-0.47591	-1.10707	0.26986	0.69655	0.36235	0.75041	0.45408	0.85433	0.21703	0.50522	0.61369	0.95674	0.41613	0.98819	0.32367	0.85148
YRIAPOlabel	LCdom_E2YRI_vs_E2CEU	ST18	ENSG00000147488	0.47092	2.04971	0.04196	0.37781	0.7077	3.21245	0.00158	0.07207	0.47092	2.04971	0.04196	0.37781	0.71991	3.10603	0.00223	0.17223	0.4338	1.96692	0.0499	0.51811	0.34663	1.72995	0.08443	0.65907
YRIAPOlabel	LCdom_E2YRI_vs_E2CEU	STAT3	ENSG00000168610	-0.05382	-0.35283	0.72466	0.92321	-0.0313	-0.2159	0.82933	0.93788	-0.05382	-0.35283	0.72466	0.92321	0.02677	0.18915	0.85021	0.97319	0.07913	0.50521	0.6137	0.95674	0.03977	0.27031	0.78706	0.98423
YRIAPOlabel	LCdom_E2YRI_vs_E2CEU	STK32B	ENSG00000152953	-0.0826	-0.42116	0.67418	0.89807	0.16445	0.84084	0.40164	0.83762	-0.0826	-0.42116	0.67418	0.89807	0.06636	0.3223	0.74763	0.97319	0.18359	0.81235	0.41709	0.93973	0.19945	0.90058	0.36837	0.85148
YRIAPOlabel	LCdom_E2YRI_vs_E2CEU	STXBP2	ENSG00000076944	-0.41899	-2.39565	0.0177	0.33997	-0.42973	-2.39597	0.01768	0.22257	-0.41899	-2.39565	0.0177	0.33997	-0.25683	-1.26139	0.20894	0.71936	-0.51822	-2.18339	0.0296	0.34857	-0.57995	-2.48331	0.01344	0.25815
YRIAPOlabel	LCdom_E2YRI_vs_E2CEU	SULF1	ENSG00000137573	-0.1352	-0.44057	0.6601	0.89567	-0.19816	-0.64412	0.52038	0.84662	-0.1352	-0.44057	0.6601	0.89567	0.29259	1.01462	0.31177	0.76678	-0.37523	-1.40375	0.16119	0.80502	-0.357	-1.36595	0.17274	0.85148
YRIAPOlabel	LCdom_E2YRI_vs_E2CEU	SYNPR	ENSG00000163630	0.01304	0.04863	0.96127	0.99541	0.18292	0.69254	0.48956	0.84662	0.01304	0.04863	0.96127	0.99541	0.06519	0.22905	0.81911	0.97319	0.59084	2.32223	0.02073	0.26094	0.39916	1.60551	0.10919	0.72462
YRIAPOlabel	LCdom_E2YRI_vs_E2CEU	TAC1	ENSG00000006128	0.03679	0.09183	0.92694	0.9864	0.44941	1.1232	0.26297	0.75586	0.03679	0.09183	0.92694	0.9864	0.1233	0.27175	0.78616	0.97319	0.85815	2.29946	0.022	0.26772	0.63648	1.71994	0.08623	0.65907
YRIAPOlabel	LCdom_E2YRI_vs_E2CEU	TACR1	ENSG00000115353	-0.15363	-0.7616	0.44737	0.80593	-0.1643	-0.82064	0.41302	0.84247	-0.15363	-0.7616	0.44737	0.80593	0.04502	0.23518	0.81436	0.97319	-0.14478	-0.6791	0.49748	0.95674	-0.07493	-0.36668	0.71406	0.98082
YRIAPOlabel	LCdom_E2YRI_vs_E2CEU	TAGLN	ENSG00000149591	-0.29216	-1.00897	0.31445	0.70848	-0.41888	-1.5249	0.12918	0.57528	-0.29216	-1.00897	0.31445	0.70848	-0.19277	-0.63549	0.52598	0.8911	-0.23653	-0.79072	0.42959	0.94458	-0.37082	-1.29947	0.19455	0.85148
YRIAPOlabel	LCdom_E2YRI_vs_E2CEU	TENM1	ENSG00000009694	-0.01958	-0.09816	0.92193	0.9864	0.13746	0.65881	0.51093	0.84662	-0.01958	-0.09816	0.92193	0.9864	-0.09286	-0.41631	0.67772	0.95879	0.05165	0.22183	0.82456	0.97683	-0.0476	-0.20123	0.84063	0.98592
YRIAPOlabel	LCdom_E2YRI_vs_E2CEU	TENM2	ENSG00000145934	0.04274	0.21774	0.8279	0.95995	0.09448	0.48204	0.63041	0.87406	0.04274	0.21774	0.8279	0.95995	-0.04698	-0.23396	0.81531	0.97319	0.22034	1.01332	0.31153	0.88754	0.18962	0.89316	0.37232	0.85148
YRIAPOlabel	LCdom_E2YRI_vs_E2CEU	TESPA1	ENSG00000135426	-0.00733	-0.02622	0.97912	0.99541	-0.12579	-0.4527	0.65135	0.87406	-0.00733	-0.02622	0.97912	0.99541	0.08595	0.29375	0.76931	0.97319	-0.60205	-1.46736	0.14309	0.80502	-0.91861	-2.26571	0.02402	0.32779
YRIAPOlabel	LCdom_E2YRI_vs_E2CEU	TGFB1	ENSG00000105329	-0.05362	-0.27412	0.78433	0.95192	-0.12472	-0.63593	0.52569	0.84662	-0.05362	-0.27412	0.78433	0.95192	-0.03343	-0.1528	0.87874	0.97319	-0.13704	-0.61058	0.54183	0.95674	-0.20906	-0.93382	0.35097	0.85148
YRIAPOlabel	LCdom_E2YRI_vs_E2CEU	TGFB2	ENSG00000092969	0.05647	0.26446	0.79175	0.95692	-0.00818	-0.03812	0.96964	0.99241	0.05647	0.26446	0.79175	0.95692	-0.01821	-0.08673	0.93099	0.98011	0.0664	0.2929	0.76975	0.97009	0.06367	0.2838	0.77671	0.98423
YRIAPOlabel	LCdom_E2YRI_vs_E2CEU	TGFBI	ENSG00000120708	-0.47468	-1.52165	0.12999	0.58085	-0.80797	-2.46228	0.01482	0.20037	-0.47468	-1.52165	0.12999	0.58085	-0.66812	-1.92067	0.05649	0.50731	-0.59743	-1.43667	0.15161	0.80502	-0.68001	-1.64857	0.10004	0.70219
YRIAPOlabel	LCdom_E2YRI_vs_E2CEU	TH	ENSG00000180176	-0.70716	-2.0155	0.04546	0.37781	-0.78552	-2.21201	0.02833	0.28721	-0.70716	-2.0155	0.04546	0.37781	-0.67119	-1.84853	0.06633	0.50965	-0.77991	-2.69163	0.00742	0.17589	-0.75262	-2.64069	0.00861	0.22435
YRIAPOlabel	LCdom_E2YRI_vs_E2CEU	THBS1	ENSG00000137801	-0.51231	-1.24172	0.21608	0.63096	-0.63901	-1.56952	0.11842	0.57528	-0.51231	-1.24172	0.21608	0.63096	-0.21257	-0.50497	0.61425	0.92488	-0.20431	-0.43563	0.66334	0.95674	-0.51865	-1.10674	0.26909	0.85148
YRIAPOlabel	LCdom_E2YRI_vs_E2CEU	THEMIS	ENSG00000172673	0.14521	0.43279	0.66573	0.89664	0.32091	0.98264	0.32721	0.77452	0.14521	0.43279	0.66573	0.89664	0.52526	1.52495	0.12918	0.70374	0.03188	0.07301	0.94184	0.98643	-0.05684	-0.13425	0.89327	0.98819
YRIAPOlabel	LCdom_E2YRI_vs_E2CEU	THRA	ENSG00000126351	-0.15402	-0.86171	0.39008	0.76549	-0.23046	-1.28336	0.20115	0.68629	-0.15402	-0.86171	0.39008	0.76549	-0.2551	-1.24519	0.21482	0.71936	-0.35551	-1.28342	0.20011	0.83	-0.24378	-0.9021	0.36756	0.85148
YRIAPOlabel	LCdom_E2YRI_vs_E2CEU	THSD4	ENSG00000187720	0.26675	1.09028	0.27716	0.70252	0.18877	0.80363	0.42275	0.84247	0.26675	1.09028	0.27716	0.70252	0.10495	0.45838	0.64728	0.94032	-0.2037	-0.67734	0.49859	0.95674	-0.30059	-1.00345	0.31626	0.85148
YRIAPOlabel	LCdom_E2YRI_vs_E2CEU	THSD7B	ENSG00000144229	0.1359	0.48209	0.63038	0.89262	0.0697	0.25069	0.80236	0.92385	0.1359	0.48209	0.63038	0.89262	0.54901	2.19146	0.02982	0.37658	0.03238	0.09539	0.92405	0.98643	-0.11418	-0.34116	0.73316	0.9834
YRIAPOlabel	LCdom_E2YRI_vs_E2CEU	TMEM132C	ENSG00000181234	0.13269	0.71251	0.47714	0.83329	0.2228	1.19188	0.235	0.73439	0.13269	0.71251	0.47714	0.83329	0.24859	1.36915	0.17281	0.71936	0.26989	1.31694	0.18863	0.80685	0.1994	0.98519	0.32514	0.85148
YRIAPOlabel	LCdom_E2YRI_vs_E2CEU	TMEM163	ENSG00000152128	-0.01942	-0.1008	0.91983	0.9864	0.13165	0.67409	0.50119	0.84662	-0.01942	-0.1008	0.91983	0.9864	0.16348	0.82229	0.4121	0.81997	0.13807	0.52028	0.60316	0.95674	0.04291	0.16368	0.87007	0.98819
YRIAPOlabel	LCdom_E2YRI_vs_E2CEU	TMEM35A	ENSG00000126950	-0.04109	-0.23312	0.81595	0.95995	0.03861	0.219	0.82692	0.93788	-0.04109	-0.23312	0.81595	0.95995	0.02376	0.13547	0.8924	0.97319	0.08349	0.47633	0.6341	0.95674	0.06788	0.40395	0.68647	0.96369
YRIAPOlabel	LCdom_E2YRI_vs_E2CEU	TMIGD3	ENSG00000121933	0.28622	0.92945	0.354	0.75121	0.21662	0.70099	0.48429	0.84662	0.28622	0.92945	0.354	0.75121	0.13296	0.38865	0.69804	0.96509	-0.01273	-0.03526	0.97189	0.99157	-0.08806	-0.24882	0.80363	0.98423
YRIAPOlabel	LCdom_E2YRI_vs_E2CEU	TMSB4X	ENSG00000205542	0.10625	0.73317	0.46449	0.83106	0.08955	0.64221	0.52162	0.84662	0.10625	0.73317	0.46449	0.83106	0.13675	1.0151	0.31154	0.76678	0.1243	0.82859	0.40784	0.92622	0.07819	0.59803	0.55016	0.93201
YRIAPOlabel	LCdom_E2YRI_vs_E2CEU	TMSB4Y	ENSG00000154620	-0.45168	-1.2566	0.21065	0.6206	-0.26024	-0.72505	0.46944	0.84662	-0.45168	-1.2566	0.21065	0.6206	-0.26104	-0.70468	0.482	0.87528	-0.35883	-0.99988	0.31799	0.88754	-0.27928	-0.81115	0.41777	0.86688
YRIAPOlabel	LCdom_E2YRI_vs_E2CEU	TOP2A	ENSG00000131747	-1.09183	-1.80939	0.07219	0.48794	-1.15085	-1.93786	0.05433	0.3767	-1.09183	-1.80939	0.07219	0.48794	-0.30185	-0.50789	0.61221	0.92488	-0.41754	-0.6161	0.5382	0.95674	-0.64654	-0.95927	0.33805	0.85148
YRIAPOlabel	LCdom_E2YRI_vs_E2CEU	TP53	ENSG00000141510	-0.00535	-0.03387	0.97302	0.99541	-0.05865	-0.3702	0.7117	0.89584	-0.00535	-0.03387	0.97302	0.99541	-0.04494	-0.28198	0.77831	0.97319	0.08842	0.44064	0.65971	0.95674	0.10786	0.56556	0.57202	0.93201
YRIAPOlabel	LCdom_E2YRI_vs_E2CEU	TPH2	ENSG00000139287	-0.73225	-1.51008	0.13291	0.58085	-0.64629	-1.30199	0.19472	0.68629	-0.73225	-1.51008	0.13291	0.58085	0.19271	0.36892	0.71266	0.967	-0.05113	-0.09508	0.9243	0.98643	-0.4016	-0.75197	0.45252	0.91045
YRIAPOlabel	LCdom_E2YRI_vs_E2CEU	TRAC	ENSG00000277734	-0.20683	-0.63431	0.52675	0.84528	-0.01013	-0.03063	0.9756	0.99241	-0.20683	-0.63431	0.52675	0.84528	-0.28492	-0.82008	0.41335	0.81997	0.23799	0.60703	0.54419	0.95674	0.06821	0.18251	0.85528	0.98592
YRIAPOlabel	LCdom_E2YRI_vs_E2CEU	TREM2	ENSG00000095970	-0.10103	-0.29639	0.7673	0.94298	-0.12759	-0.35131	0.7258	0.89584	-0.10103	-0.29639	0.7673	0.94298	-0.08197	-0.19751	0.84367	0.97319	-0.05118	-0.13085	0.89596	0.98643	-0.16519	-0.42113	0.67389	0.96173
YRIAPOlabel	LCdom_E2YRI_vs_E2CEU	TRH	ENSG00000170893	-0.79417	-1.67046	0.0967	0.52492	0.54371	1.13195	0.25928	0.75586	-0.79417	-1.67046	0.0967	0.52492	0.58582	1.18957	0.23592	0.74879	-0.58642	-1.06398	0.28799	0.87584	-0.13973	-0.25341	0.80008	0.98423
YRIAPOlabel	LCdom_E2YRI_vs_E2CEU	TRHDE	ENSG00000072657	0.43342	1.42061	0.1573	0.60171	0.3369	1.10378	0.27128	0.75586	0.43342	1.42061	0.1573	0.60171	0.31454	0.96234	0.33728	0.76943	0.53183	1.42776	0.15417	0.80502	0.4624	1.23424	0.21787	0.85148
YRIAPOlabel	LCdom_E2YRI_vs_E2CEU	TRIL	ENSG00000255690	-0.34305	-1.59336	0.11297	0.5727	-0.28325	-1.31693	0.18967	0.68543	-0.34305	-1.59336	0.11297	0.5727	-0.32695	-1.54178	0.12504	0.70213	-0.16965	-0.85619	0.39242	0.92622	-0.16754	-0.84219	0.40019	0.86402
YRIAPOlabel	LCdom_E2YRI_vs_E2CEU	TRPC5	ENSG00000072315	-0.14925	-0.70268	0.48323	0.83626	0.06499	0.30429	0.76129	0.89584	-0.14925	-0.70268	0.48323	0.83626	-0.086	-0.3848	0.70088	0.96536	-0.02643	-0.10156	0.91915	0.98643	-0.02995	-0.11857	0.90568	0.99166
YRIAPOlabel	LCdom_E2YRI_vs_E2CEU	TRPC6	ENSG00000137672	0.30511	0.89532	0.37191	0.75835	0.35111	1.03765	0.30093	0.76733	0.30511	0.89532	0.37191	0.75835	0.44017	1.24674	0.21426	0.71936	0.16621	0.42159	0.67356	0.95674	0.2403	0.6093	0.54268	0.93201
YRIAPOlabel	LCdom_E2YRI_vs_E2CEU	TSHZ2	ENSG00000182463	-0.79577	-3.4732	0.00066	0.11955	-0.73601	-3.27482	0.00129	0.07207	-0.79577	-3.4732	0.00066	0.11955	-0.45328	-2.00812	0.04626	0.47673	-1.0624	-4.37566	2e-05	0.00567	-1.10502	-4.97154	0	0.00036
YRIAPOlabel	LCdom_E2YRI_vs_E2CEU	TTYH1	ENSG00000167614	-0.28853	-1.54297	0.12473	0.58025	-0.19156	-1.03479	0.30227	0.76733	-0.28853	-1.54297	0.12473	0.58025	-0.15652	-0.86283	0.38948	0.81235	-0.0775	-0.48145	0.63047	0.95674	-0.03933	-0.25034	0.80246	0.98423
YRIAPOlabel	LCdom_E2YRI_vs_E2CEU	UGP2	ENSG00000169764	0.33871	2.24998	0.02576	0.36793	0.40618	2.74763	0.00666	0.13511	0.33871	2.24998	0.02576	0.36793	0.3731	2.49217	0.01368	0.27973	0.41923	2.651	0.00835	0.17589	0.33485	2.2725	0.0236	0.32779
YRIAPOlabel	LCdom_E2YRI_vs_E2CEU	UGT8	ENSG00000174607	0.44073	1.92555	0.05586	0.42477	0.5741	2.65184	0.00878	0.15762	0.44073	1.92555	0.05586	0.42477	0.56059	2.48911	0.0138	0.27973	0.37609	1.73502	0.08352	0.67748	0.25047	1.27817	0.20195	0.85148
YRIAPOlabel	LCdom_E2YRI_vs_E2CEU	UNC5B	ENSG00000107731	-0.01909	-0.09869	0.9215	0.9864	-0.00829	-0.04272	0.96597	0.99241	-0.01909	-0.09869	0.9215	0.9864	-0.01304	-0.06397	0.94907	0.98011	-0.1906	-0.92598	0.35503	0.92561	-0.22471	-1.16645	0.24414	0.85148
YRIAPOlabel	LCdom_E2YRI_vs_E2CEU	VCAN	ENSG00000038427	-0.28443	-1.21529	0.22597	0.6546	-0.01151	-0.05043	0.95984	0.99241	-0.28443	-1.21529	0.22597	0.6546	0.13312	0.58166	0.56159	0.90342	0.05708	0.20515	0.83756	0.97947	0.03171	0.11513	0.9084	0.99166
YRIAPOlabel	LCdom_E2YRI_vs_E2CEU	VIP	ENSG00000146469	-0.10982	-0.18099	0.8566	0.96508	0.00043	0.00069	0.99945	0.99945	-0.10982	-0.18099	0.8566	0.96508	0.79126	1.25099	0.21272	0.71936	0.18235	0.30341	0.76174	0.96921	0.24852	0.43112	0.66662	0.96173
YRIAPOlabel	LCdom_E2YRI_vs_E2CEU	VWC2L	ENSG00000174453	0.31894	1.53996	0.12546	0.58025	0.44663	2.12428	0.03512	0.31527	0.31894	1.53996	0.12546	0.58025	0.31415	1.44615	0.15003	0.71936	0.4607	1.57666	0.11568	0.77022	0.34607	1.22001	0.2232	0.85148
YRIAPOlabel	LCdom_E2YRI_vs_E2CEU	WIF1	ENSG00000156076	-0.52334	-1.46695	0.14427	0.5984	-0.26604	-0.72654	0.46852	0.84662	-0.52334	-1.46695	0.14427	0.5984	-0.31115	-0.77837	0.43747	0.85414	-0.35518	-0.84188	0.40037	0.92622	-1.0002	-2.37236	0.01816	0.29637
YRIAPOlabel	LCdom_E2YRI_vs_E2CEU	XBP1s	XBP1s	-1.25685	-2.13914	0.03388	0.37781	-1.75981	-2.89432	0.00431	0.09828	-1.25685	-2.13914	0.03388	0.37781	-0.38278	-0.5618	0.57501	0.90653	-1.7283	-2.56406	0.01076	0.18703	-1.86677	-2.87893	0.00423	0.1405
YRIAPOlabel	LCdom_E2YRI_vs_E2CEU	XBP1u	XBP1u	-0.28609	-1.25618	0.2108	0.6206	-0.27271	-1.23686	0.21788	0.71645	-0.28609	-1.25618	0.2108	0.6206	-0.19681	-0.84244	0.40076	0.81997	-0.4001	-1.23916	0.21603	0.83477	-0.42203	-1.33038	0.18417	0.85148
YRIAPOlabel	LCdom_E2YRI_vs_E2CEU	ZBBX	ENSG00000169064	0.16706	0.3086	0.75801	0.94032	0.34021	0.63038	0.52931	0.84662	0.16706	0.3086	0.75801	0.94032	0.55804	0.97309	0.33194	0.76678	-0.11664	-0.24803	0.80425	0.97619	-0.16828	-0.35919	0.71965	0.98082
YRIAPOlabel	LCdom_E2YRI_vs_E2CEU	ZDHHC23	ENSG00000184307	0.2885	0.88789	0.37588	0.75871	0.40723	1.19085	0.23541	0.73439	0.2885	0.88789	0.37588	0.75871	0.05567	0.15465	0.87728	0.97319	-0.00689	-0.01398	0.98885	0.99157	-0.22026	-0.46228	0.64415	0.9577
YRIAPOlabel	LCdom_E4CEU_vs_E2CEU	ABCC9	ENSG00000069431	0.01678	0.0775	0.93832	0.97853	0.05547	0.25193	0.8014	0.98188	0.01678	0.0775	0.93832	0.97853	-0.06037	-0.26424	0.79192	0.97759	0.12539	0.45392	0.65014	0.9376	-0.05674	-0.20158	0.84035	0.99918
YRIAPOlabel	LCdom_E4CEU_vs_E2CEU	ACHE	ENSG00000087085	-0.11254	-0.6029	0.54739	0.97853	-0.14006	-0.76361	0.44618	0.96858	-0.11254	-0.6029	0.54739	0.97853	-0.18818	-1.01086	0.31356	0.92828	0.07575	0.43764	0.66189	0.9376	-0.12695	-0.73506	0.46275	0.99918
YRIAPOlabel	LCdom_E4CEU_vs_E2CEU	ADAMTS12	ENSG00000151388	0.02529	0.0785	0.93752	0.97853	0.03618	0.11269	0.91041	0.98188	0.02529	0.0785	0.93752	0.97853	-0.16053	-0.5017	0.61654	0.97759	0.21321	0.54117	0.5887	0.92848	-0.10051	-0.25566	0.79835	0.99918
YRIAPOlabel	LCdom_E4CEU_vs_E2CEU	ADAMTS16	ENSG00000145536	0.03381	0.09221	0.92664	0.97853	-0.18137	-0.48765	0.62644	0.98133	0.03381	0.09221	0.92664	0.97853	0.03372	0.08903	0.92916	0.97759	-0.12655	-0.23606	0.81351	0.97625	-0.41622	-0.77538	0.43858	0.99918
YRIAPOlabel	LCdom_E4CEU_vs_E2CEU	ADAMTS3	ENSG00000156140	0.24423	0.67024	0.50363	0.97853	0.29073	0.84515	0.39924	0.95228	0.24423	0.67024	0.50363	0.97853	0.14074	0.38444	0.70115	0.97759	0.51832	1.09139	0.27579	0.73476	0.23748	0.49452	0.62122	0.99918
YRIAPOlabel	LCdom_E4CEU_vs_E2CEU	ADCYAP1	ENSG00000141433	0.15764	0.44975	0.65347	0.97853	0.43884	1.29602	0.19676	0.7463	0.15764	0.44975	0.65347	0.97853	0.34856	0.97516	0.33091	0.92828	0.62188	1.88242	0.06052	0.32015	0.30779	0.94071	0.34744	0.96071
YRIAPOlabel	LCdom_E4CEU_vs_E2CEU	ADRA1A	ENSG00000120907	-0.16999	-0.95542	0.34075	0.97372	-0.14916	-0.84297	0.40045	0.95228	-0.16999	-0.95542	0.34075	0.97372	-0.26299	-1.48664	0.13901	0.71118	0.01433	0.06706	0.94657	0.97625	-0.1821	-0.84866	0.39659	0.96545
YRIAPOlabel	LCdom_E4CEU_vs_E2CEU	ADRA1B	ENSG00000170214	0.13416	0.46696	0.64114	0.97853	0.16727	0.5882	0.55719	0.98133	0.13416	0.46696	0.64114	0.97853	0.03426	0.12277	0.90244	0.97759	0.22817	0.67888	0.49762	0.90212	0.06457	0.18931	0.84995	0.99918
YRIAPOlabel	LCdom_E4CEU_vs_E2CEU	ADRA2A	ENSG00000150594	-0.1315	-0.43271	0.66578	0.97853	-0.17174	-0.56544	0.57254	0.98133	-0.1315	-0.43271	0.66578	0.97853	-0.09864	-0.34479	0.73069	0.97759	0.19151	0.8455	0.39835	0.86237	-0.00503	-0.02255	0.98202	0.99918
YRIAPOlabel	LCdom_E4CEU_vs_E2CEU	AIF1	ENSG00000204472	-0.02254	-0.10582	0.91585	0.97853	-0.01402	-0.06468	0.94851	0.98798	-0.02254	-0.10582	0.91585	0.97853	0.04181	0.17237	0.86335	0.97759	-0.02435	-0.09275	0.92615	0.97625	-0.1501	-0.58006	0.56221	0.99918
YRIAPOlabel	LCdom_E4CEU_vs_E2CEU	ALDOC	ENSG00000109107	-0.23427	-1.54786	0.12355	0.70462	-0.22962	-1.55338	0.12223	0.62538	-0.23427	-1.54786	0.12355	0.70462	-0.28205	-2.16831	0.03156	0.36003	-0.0371	-0.26109	0.79416	0.97625	-0.20411	-1.50364	0.13348	0.69886
YRIAPOlabel	LCdom_E4CEU_vs_E2CEU	ALK	ENSG00000171094	0.02834	0.12957	0.89707	0.97853	0.00479	0.02208	0.98241	0.9948	0.02834	0.12957	0.89707	0.97853	0.02327	0.11316	0.91004	0.97759	0.21645	0.9996	0.31812	0.77968	0.00828	0.03882	0.96906	0.99918
YRIAPOlabel	LCdom_E4CEU_vs_E2CEU	ANGPT1	ENSG00000154188	-0.07567	-0.33817	0.73566	0.97853	-0.1184	-0.54148	0.5889	0.98133	-0.07567	-0.33817	0.73566	0.97853	-0.06882	-0.32904	0.74254	0.97759	0.15761	0.61317	0.54012	0.90212	-0.11973	-0.47233	0.63695	0.99918
YRIAPOlabel	LCdom_E4CEU_vs_E2CEU	ANK1	ENSG00000029534	-0.05705	-0.36785	0.71345	0.97853	-0.04016	-0.25671	0.79772	0.98188	-0.05705	-0.36785	0.71345	0.97853	-0.15235	-0.91123	0.3635	0.95017	0.16434	0.82219	0.41147	0.86813	-0.03813	-0.19217	0.84771	0.99918
YRIAPOlabel	LCdom_E4CEU_vs_E2CEU	ANKRD18A	ENSG00000180071	0.23702	0.94143	0.34785	0.97372	0.36179	1.45299	0.14811	0.66714	0.23702	0.94143	0.34785	0.97372	0.24209	0.97088	0.33302	0.92828	0.32342	1.20716	0.2281	0.6992	0.16563	0.62491	0.5324	0.99918
YRIAPOlabel	LCdom_E4CEU_vs_E2CEU	ANO3	ENSG00000134343	-0.15071	-0.57462	0.56632	0.97853	-0.24396	-0.96997	0.33347	0.92524	-0.15071	-0.57462	0.56632	0.97853	-0.44541	-1.76563	0.0793	0.54614	0.15099	0.45995	0.64581	0.9376	-0.15021	-0.45881	0.64663	0.99918
YRIAPOlabel	LCdom_E4CEU_vs_E2CEU	ANXA1	ENSG00000135046	-0.31865	-1.18183	0.23895	0.86994	-0.2939	-1.0883	0.27803	0.86002	-0.31865	-1.18183	0.23895	0.86994	-0.24894	-0.88007	0.3801	0.95017	-0.27258	-0.85678	0.39209	0.86237	-0.4118	-1.28591	0.19923	0.82637
YRIAPOlabel	LCdom_E4CEU_vs_E2CEU	APLP1	ENSG00000105290	0.2436	1.45778	0.14678	0.76535	0.29164	1.77403	0.07788	0.52097	0.2436	1.45778	0.14678	0.76535	0.20693	1.29528	0.19703	0.8074	0.4196	2.67488	0.00779	0.11396	0.23407	1.64791	0.10017	0.63041
YRIAPOlabel	LCdom_E4CEU_vs_E2CEU	APOC1	ENSG00000130208	-0.32464	-1.16481	0.24576	0.87089	-0.25532	-0.93296	0.35219	0.92524	-0.32464	-1.16481	0.24576	0.87089	-0.27233	-1.01818	0.31008	0.92828	-0.30771	-1.15254	0.2498	0.72406	-0.45767	-1.73027	0.08437	0.58104
YRIAPOlabel	LCdom_E4CEU_vs_E2CEU	APOE	ENSG00000130203	0.02092	0.10246	0.91852	0.97853	0.04138	0.2079	0.83556	0.98188	0.02092	0.10246	0.91852	0.97853	0.0151	0.07955	0.93669	0.97759	-0.0281	-0.15859	0.87407	0.97625	-0.13588	-0.75703	0.44949	0.99918
YRIAPOlabel	LCdom_E4CEU_vs_E2CEU	APOLD1	ENSG00000178878	0.25978	0.59732	0.5511	0.97853	0.21786	0.50733	0.6126	0.98133	0.25978	0.59732	0.5511	0.97853	0.28298	0.6538	0.51416	0.97759	-0.18972	-0.4387	0.66112	0.9376	-0.21329	-0.49441	0.6213	0.99918
YRIAPOlabel	LCdom_E4CEU_vs_E2CEU	APP	ENSG00000142192	0.09357	0.86389	0.38889	0.97853	0.12335	1.15008	0.25176	0.81001	0.09357	0.86389	0.38889	0.97853	0.06035	0.58834	0.55711	0.97759	0.28088	2.4695	0.01396	0.1469	0.09465	0.85747	0.39171	0.96545
YRIAPOlabel	LCdom_E4CEU_vs_E2CEU	AQP4	ENSG00000171885	-0.23262	-1.17253	0.24265	0.86994	-0.24542	-1.2685	0.20639	0.7463	-0.23262	-1.17253	0.24265	0.86994	-0.26657	-1.41749	0.15822	0.75988	-0.20416	-1.12159	0.26273	0.72406	-0.32035	-1.70428	0.08912	0.60089
YRIAPOlabel	LCdom_E4CEU_vs_E2CEU	ARHGAP24	ENSG00000138639	0.03699	0.20288	0.83947	0.97853	0.03073	0.16383	0.87006	0.98188	0.03699	0.20288	0.83947	0.97853	-0.02311	-0.11807	0.90616	0.97759	0.21674	1.13138	0.25859	0.72406	0.01203	0.06282	0.94994	0.99918
YRIAPOlabel	LCdom_E4CEU_vs_E2CEU	ARL8B	ENSG00000134108	0.09068	0.54825	0.58425	0.97853	0.06666	0.42512	0.67129	0.98188	0.09068	0.54825	0.58425	0.97853	0.03232	0.21896	0.82695	0.97759	0.38122	2.40951	0.01643	0.15381	0.13453	0.91175	0.36246	0.96545
YRIAPOlabel	LCdom_E4CEU_vs_E2CEU	ASTN1	ENSG00000152092	-0.21051	-1.38995	0.1664	0.79371	-0.18936	-1.29995	0.19541	0.7463	-0.21051	-1.38995	0.1664	0.79371	-0.23982	-1.77505	0.07773	0.54614	-0.01987	-0.14311	0.88628	0.97625	-0.20372	-1.41573	0.15765	0.73426
YRIAPOlabel	LCdom_E4CEU_vs_E2CEU	ATF4	ENSG00000128272	0.06577	0.42665	0.67018	0.97853	0.03543	0.24748	0.80484	0.98188	0.06577	0.42665	0.67018	0.97853	0.00191	0.01413	0.98875	0.99419	0.17415	1.27833	0.20189	0.65213	-0.04295	-0.34291	0.73185	0.99918
YRIAPOlabel	LCdom_E4CEU_vs_E2CEU	ATN1	ENSG00000111676	-0.05124	-0.42243	0.67326	0.97853	-0.01277	-0.10736	0.91463	0.98188	-0.05124	-0.42243	0.67326	0.97853	-0.06474	-0.53873	0.5908	0.97759	0.06383	0.58546	0.55857	0.90212	-0.08032	-0.70902	0.47873	0.99918
YRIAPOlabel	LCdom_E4CEU_vs_E2CEU	ATP2C2	ENSG00000064270	-0.23465	-0.92374	0.35696	0.97372	-0.0628	-0.25452	0.79941	0.98188	-0.23465	-0.92374	0.35696	0.97372	-0.16537	-0.68143	0.49656	0.97759	-0.00782	-0.02726	0.97827	0.98077	-0.30062	-1.03811	0.29986	0.92753
YRIAPOlabel	LCdom_E4CEU_vs_E2CEU	AVP	ENSG00000101200	-0.51494	-0.69943	0.48526	0.97853	-0.45818	-0.61056	0.54232	0.98133	-0.51494	-0.69943	0.48526	0.97853	-0.6252	-0.81589	0.41574	0.95017	-0.04094	-0.05945	0.95263	0.97625	-0.57296	-0.80064	0.42389	0.99083
YRIAPOlabel	LCdom_E4CEU_vs_E2CEU	AZIN1	ENSG00000155096	0.08406	0.60365	0.54689	0.97853	0.03476	0.2751	0.78358	0.98188	0.08406	0.60365	0.54689	0.97853	0.0349	0.29072	0.77163	0.97759	0.26924	2.22399	0.02672	0.19122	0.05343	0.49786	0.61886	0.99918
YRIAPOlabel	LCdom_E4CEU_vs_E2CEU	B4GALNT1	ENSG00000135454	0.14199	0.79057	0.43032	0.97853	0.09457	0.53811	0.59122	0.98133	0.14199	0.79057	0.43032	0.97853	0.09068	0.53681	0.59212	0.97759	0.379	2.06051	0.04001	0.26038	0.16977	0.94514	0.34517	0.96071
YRIAPOlabel	LCdom_E4CEU_vs_E2CEU	BAG3	ENSG00000151929	-0.18934	-0.82783	0.40895	0.97853	-0.2556	-1.15437	0.25	0.81001	-0.18934	-0.82783	0.40895	0.97853	-0.2701	-1.22229	0.22334	0.83182	-0.24781	-1.26222	0.20762	0.65898	-0.38183	-1.938	0.05334	0.42983
YRIAPOlabel	LCdom_E4CEU_vs_E2CEU	BCAN	ENSG00000132692	-0.08068	-0.39957	0.68999	0.97853	0.01579	0.08125	0.93534	0.98798	-0.08068	-0.39957	0.68999	0.97853	-0.067	-0.3816	0.70325	0.97759	0.00985	0.04766	0.96201	0.97625	-0.17765	-0.84882	0.3965	0.96545
YRIAPOlabel	LCdom_E4CEU_vs_E2CEU	BRINP3	ENSG00000162670	-0.31973	-1.61213	0.10882	0.65909	-0.25164	-1.27865	0.2028	0.7463	-0.31973	-1.61213	0.10882	0.65909	-0.40981	-2.30779	0.02225	0.29698	0.01042	0.05132	0.9591	0.97625	-0.25436	-1.24104	0.21533	0.84513
YRIAPOlabel	LCdom_E4CEU_vs_E2CEU	BTBD11	ENSG00000151136	0.37813	2.03522	0.04341	0.46607	0.35691	1.91171	0.05763	0.48773	0.37813	2.03522	0.04341	0.46607	0.17407	0.83059	0.4074	0.95017	0.54403	2.48683	0.0133	0.1469	0.38849	1.76897	0.07768	0.56705
YRIAPOlabel	LCdom_E4CEU_vs_E2CEU	C1QA	ENSG00000173372	0.24478	1.23678	0.2179	0.86994	0.24731	1.25772	0.21025	0.75237	0.24478	1.23678	0.2179	0.86994	0.29225	1.364	0.17442	0.77624	0.33686	1.80115	0.07245	0.36078	0.19663	1.08441	0.27885	0.91694
YRIAPOlabel	LCdom_E4CEU_vs_E2CEU	C1QB	ENSG00000173369	0.36589	1.96518	0.05105	0.47937	0.35095	1.87808	0.06212	0.48773	0.36589	1.96518	0.05105	0.47937	0.46028	2.2531	0.02557	0.31106	0.30987	1.57272	0.11659	0.47284	0.19218	1.00286	0.31655	0.93834
YRIAPOlabel	LCdom_E4CEU_vs_E2CEU	C1QL3	ENSG00000165985	0.6305	2.42905	0.0162	0.25707	0.60475	2.27205	0.02436	0.32959	0.6305	2.42905	0.0162	0.25707	0.50229	1.79137	0.07506	0.54614	0.9376	3.16844	0.00165	0.06533	0.62224	2.11362	0.03518	0.36372
YRIAPOlabel	LCdom_E4CEU_vs_E2CEU	C1orf162	ENSG00000143110	0.30853	1.64776	0.10128	0.63869	0.30004	1.72759	0.08591	0.53149	0.30853	1.64776	0.10128	0.63869	0.37007	1.97626	0.04979	0.44826	0.2352	0.96858	0.33335	0.79525	0.12139	0.50043	0.61705	0.99918
YRIAPOlabel	LCdom_E4CEU_vs_E2CEU	C3	ENSG00000125730	-0.13486	-0.53429	0.59385	0.97853	-0.12509	-0.50285	0.61573	0.98133	-0.13486	-0.53429	0.59385	0.97853	-0.15619	-0.58944	0.55637	0.97759	-0.11489	-0.47706	0.63359	0.9376	-0.20409	-0.86025	0.39018	0.96545
YRIAPOlabel	LCdom_E4CEU_vs_E2CEU	CABLES1	ENSG00000134508	-0.49999	-2.44464	0.01554	0.25707	-0.45778	-2.29068	0.02323	0.32959	-0.49999	-2.44464	0.01554	0.25707	-0.49378	-2.57478	0.01091	0.22537	-0.39434	-1.93562	0.05363	0.30054	-0.53265	-2.51215	0.0124	0.2386
YRIAPOlabel	LCdom_E4CEU_vs_E2CEU	CALCRL	ENSG00000064989	-0.49208	-1.95265	0.05253	0.47937	-0.48058	-1.93159	0.05511	0.48773	-0.49208	-1.95265	0.05253	0.47937	-0.56052	-2.32874	0.02108	0.29698	-0.48195	-1.95435	0.05138	0.29898	-0.72126	-2.91663	0.00374	0.14362
YRIAPOlabel	LCdom_E4CEU_vs_E2CEU	CAPG	ENSG00000042493	0.27202	1.50774	0.13351	0.73836	0.28438	1.60696	0.10995	0.60808	0.27202	1.50774	0.13351	0.73836	0.24017	1.19897	0.23226	0.83934	0.24515	1.12036	0.26325	0.72406	0.11671	0.53483	0.59307	0.99918
YRIAPOlabel	LCdom_E4CEU_vs_E2CEU	CAPN3	ENSG00000092529	0.52592	2.34296	0.02031	0.30889	0.53464	2.49483	0.01357	0.26078	0.52592	2.34296	0.02031	0.30889	0.54637	2.43503	0.01595	0.27505	0.63976	2.89456	0.00401	0.08575	0.47429	2.28726	0.02272	0.30709
YRIAPOlabel	LCdom_E4CEU_vs_E2CEU	CARTPT	ENSG00000164326	0.47215	1.0305	0.30426	0.95738	0.23716	0.48381	0.62916	0.98138	0.47215	1.0305	0.30426	0.95738	0.29601	0.61422	0.53992	0.97759	0.5823	1.50696	0.13263	0.50957	0.39159	1.02709	0.30501	0.92774
YRIAPOlabel	LCdom_E4CEU_vs_E2CEU	CAV1	ENSG00000105974	-0.19403	-0.68986	0.49124	0.97853	-0.22566	-0.79629	0.427	0.96858	-0.19403	-0.68986	0.49124	0.97853	-0.26018	-0.92106	0.35836	0.94783	0.02267	0.06841	0.94549	0.97625	-0.10283	-0.31086	0.75607	0.99918
YRIAPOlabel	LCdom_E4CEU_vs_E2CEU	CCK	ENSG00000187094	0.03128	0.0811	0.93546	0.97853	0.00108	0.00284	0.99773	0.9992	0.03128	0.0811	0.93546	0.97853	0.1535	0.38201	0.70295	0.97759	0.2115	0.60285	0.54696	0.90212	-0.0254	-0.0704	0.94391	0.99918
YRIAPOlabel	LCdom_E4CEU_vs_E2CEU	CCL4	ENSG00000275302	-0.23036	-0.46029	0.64591	0.97853	-0.09844	-0.19577	0.84503	0.98188	-0.23036	-0.46029	0.64591	0.97853	-0.22346	-0.45011	0.65322	0.97759	-0.3285	-0.53538	0.5927	0.92848	-0.41848	-0.67215	0.50189	0.99918
YRIAPOlabel	LCdom_E4CEU_vs_E2CEU	CCL5	ENSG00000271503	-0.35641	-0.75601	0.45071	0.97853	-0.01064	-0.02215	0.98236	0.9948	-0.35641	-0.75601	0.45071	0.97853	-0.10679	-0.22162	0.82488	0.97759	0.10296	0.18902	0.85017	0.97625	-0.14285	-0.26003	0.79498	0.99918
YRIAPOlabel	LCdom_E4CEU_vs_E2CEU	CCNA1	ENSG00000133101	0.02227	0.08857	0.92953	0.97853	-0.03011	-0.11905	0.90538	0.98188	0.02227	0.08857	0.92953	0.97853	-0.04547	-0.18907	0.85027	0.97759	0.29717	1.11903	0.26384	0.72406	0.02915	0.1105	0.91208	0.99918
YRIAPOlabel	LCdom_E4CEU_vs_E2CEU	CCNB2	ENSG00000157456	0.14175	0.40164	0.68846	0.97853	0.0801	0.23908	0.81133	0.98188	0.14175	0.40164	0.68846	0.97853	0.25715	0.74286	0.45862	0.97759	0.40697	0.89221	0.37284	0.85128	0.3221	0.68323	0.49488	0.99918
YRIAPOlabel	LCdom_E4CEU_vs_E2CEU	CD14	ENSG00000170458	0.4434	1.47102	0.14317	0.76535	0.49046	1.59864	0.11179	0.60902	0.4434	1.47102	0.14317	0.76535	0.69336	2.14863	0.03312	0.36631	0.25941	0.76326	0.44577	0.8891	0.20565	0.59856	0.54981	0.99918
YRIAPOlabel	LCdom_E4CEU_vs_E2CEU	CD163	ENSG00000177575	0.70119	1.83083	0.06891	0.52537	0.62837	1.64654	0.10154	0.57907	0.70119	1.83083	0.06891	0.52537	1.14295	2.95677	0.00356	0.13824	0.70875	1.6149	0.10715	0.46013	0.39415	0.88916	0.37448	0.96545
YRIAPOlabel	LCdom_E4CEU_vs_E2CEU	CD2	ENSG00000116824	0.0559	0.21705	0.82843	0.97853	0.25172	0.99374	0.32179	0.92524	0.0559	0.21705	0.82843	0.97853	0.11811	0.45556	0.64931	0.97759	0.17884	0.53028	0.59622	0.93	-0.10494	-0.30987	0.75682	0.99918
YRIAPOlabel	LCdom_E4CEU_vs_E2CEU	CD36	ENSG00000135218	0.00776	0.01224	0.99025	0.99403	0.00999	0.01549	0.98766	0.99515	0.00776	0.01224	0.99025	0.99403	0.31842	0.46561	0.64211	0.97759	0.62065	1.04516	0.2966	0.77327	0.2353	0.39377	0.69397	0.99918
YRIAPOlabel	LCdom_E4CEU_vs_E2CEU	CD3G	ENSG00000160654	-0.01883	-0.0435	0.96536	0.98699	0.10618	0.24777	0.80461	0.98188	-0.01883	-0.0435	0.96536	0.98699	0.09736	0.22163	0.82488	0.97759	0.14444	0.29201	0.77044	0.97379	-0.09627	-0.19593	0.84477	0.99918
YRIAPOlabel	LCdom_E4CEU_vs_E2CEU	CD4	ENSG00000010610	0.04148	0.18737	0.8516	0.97853	0.03527	0.15295	0.87862	0.98188	0.04148	0.18737	0.8516	0.97853	0.04084	0.16087	0.87239	0.97759	-0.02058	-0.08369	0.93335	0.97625	-0.14135	-0.58553	0.55853	0.99918
YRIAPOlabel	LCdom_E4CEU_vs_E2CEU	CD48	ENSG00000117091	-0.18748	-0.95522	0.34085	0.97372	-0.19108	-1.00123	0.31817	0.92524	-0.18748	-0.95522	0.34085	0.97372	-0.22413	-1.18136	0.23915	0.84275	-0.04778	-0.2198	0.82614	0.97625	-0.26689	-1.26721	0.20584	0.83704
YRIAPOlabel	LCdom_E4CEU_vs_E2CEU	CD52	ENSG00000169442	-1.15739	-2.73402	0.00693	0.21896	-0.89939	-2.20974	0.02848	0.34657	-1.15739	-2.73402	0.00693	0.21896	-0.89776	-2.04886	0.04206	0.40735	-0.65389	-1.21622	0.22465	0.69491	-1.08492	-1.96733	0.04987	0.42983
YRIAPOlabel	LCdom_E4CEU_vs_E2CEU	CD68	ENSG00000129226	0.22833	0.91012	0.36407	0.97372	0.18654	0.74662	0.45635	0.96858	0.22833	0.91012	0.36407	0.97372	0.26014	0.94143	0.34786	0.92828	0.25145	0.9182	0.35908	0.84015	0.04239	0.15579	0.87628	0.99918
YRIAPOlabel	LCdom_E4CEU_vs_E2CEU	CD74	ENSG00000019582	0.1694	0.75255	0.45278	0.97853	0.16384	0.7351	0.46331	0.96858	0.1694	0.75255	0.45278	0.97853	0.22404	0.88743	0.37614	0.95017	0.06315	0.31113	0.75587	0.97379	-0.07061	-0.35354	0.72387	0.99918
YRIAPOlabel	LCdom_E4CEU_vs_E2CEU	CD83	ENSG00000112149	-0.01664	-0.09862	0.92156	0.97853	0.0592	0.34462	0.73081	0.98188	-0.01664	-0.09862	0.92156	0.97853	-0.10383	-0.57827	0.56387	0.97759	0.19231	0.88417	0.37714	0.85128	0.01924	0.08553	0.93188	0.99918
YRIAPOlabel	LCdom_E4CEU_vs_E2CEU	CD86	ENSG00000114013	0.08176	0.22924	0.81897	0.97853	0.05507	0.15947	0.87349	0.98188	0.08176	0.22924	0.81897	0.97853	0.02779	0.07135	0.9432	0.98082	-0.16543	-0.48221	0.62992	0.9376	-0.23487	-0.68885	0.49133	0.99918
YRIAPOlabel	LCdom_E4CEU_vs_E2CEU	CDH1	ENSG00000039068	0.28806	1.08783	0.27824	0.91492	0.42304	1.58461	0.11495	0.61268	0.28806	1.08783	0.27824	0.91492	0.37636	1.3804	0.16933	0.77255	0.57169	1.84573	0.0657	0.34256	0.45394	1.49074	0.13685	0.69886
YRIAPOlabel	LCdom_E4CEU_vs_E2CEU	CDH12	ENSG00000154162	-0.01715	-0.06525	0.94805	0.9826	0.13916	0.53436	0.5938	0.98133	-0.01715	-0.06525	0.94805	0.9826	-0.08812	-0.34457	0.73086	0.97759	0.18983	0.64704	0.51799	0.90212	0.03556	0.12102	0.90374	0.99918
YRIAPOlabel	LCdom_E4CEU_vs_E2CEU	CDH4	ENSG00000179242	-0.13315	-0.51354	0.60825	0.97853	-0.05791	-0.22362	0.82332	0.98188	-0.13315	-0.51354	0.60825	0.97853	-0.17214	-0.64103	0.52239	0.97759	-0.01674	-0.0592	0.95282	0.97625	-0.16983	-0.57672	0.56447	0.99918
YRIAPOlabel	LCdom_E4CEU_vs_E2CEU	CDH6	ENSG00000113361	-0.21036	-0.93545	0.35091	0.97372	-0.27963	-1.26815	0.20651	0.7463	-0.21036	-0.93545	0.35091	0.97372	-0.27886	-1.39076	0.16617	0.77255	-0.02099	-0.09511	0.92428	0.97625	-0.19684	-0.9171	0.35966	0.96545
YRIAPOlabel	LCdom_E4CEU_vs_E2CEU	CDK1	ENSG00000170312	-0.19222	-0.58239	0.56109	0.97853	-0.34052	-1.02134	0.30857	0.92524	-0.19222	-0.58239	0.56109	0.97853	-0.27386	-0.80544	0.42172	0.95017	0.10372	0.18209	0.85561	0.97625	-0.02005	-0.03542	0.97177	0.99918
YRIAPOlabel	LCdom_E4CEU_vs_E2CEU	CEMIP	ENSG00000103888	-0.28181	-0.96328	0.3368	0.97372	-0.36197	-1.2747	0.20419	0.7463	-0.28181	-0.96328	0.3368	0.97372	-0.23446	-0.82999	0.40774	0.95017	-0.22791	-0.70042	0.48409	0.90212	-0.46144	-1.41744	0.15716	0.73426
YRIAPOlabel	LCdom_E4CEU_vs_E2CEU	CEMIP2	ENSG00000135048	-0.02695	-0.13037	0.89643	0.97853	-0.06428	-0.32465	0.74585	0.98188	-0.02695	-0.13037	0.89643	0.97853	-0.02906	-0.1465	0.8837	0.97759	-0.0593	-0.21418	0.83052	0.97625	-0.178	-0.64739	0.51776	0.99918
YRIAPOlabel	LCdom_E4CEU_vs_E2CEU	CENPF	ENSG00000117724	-0.12017	-0.4384	0.66166	0.97853	-0.18959	-0.71318	0.47673	0.98133	-0.12017	-0.4384	0.66166	0.97853	-0.13175	-0.47394	0.63616	0.97759	0.06297	0.15632	0.87586	0.97625	-0.11311	-0.27902	0.78038	0.99918
YRIAPOlabel	LCdom_E4CEU_vs_E2CEU	CHAC1	ENSG00000128965	-0.22441	-0.92472	0.35645	0.97372	-0.28215	-1.22544	0.22214	0.77962	-0.22441	-0.92472	0.35645	0.97372	-0.37019	-1.54772	0.1236	0.68806	-0.33095	-1.09984	0.27208	0.73357	-0.39014	-1.26566	0.20639	0.83704
YRIAPOlabel	LCdom_E4CEU_vs_E2CEU	CHGB	ENSG00000089199	-0.04977	-0.23128	0.81738	0.97853	-0.0826	-0.38459	0.70103	0.98188	-0.04977	-0.23128	0.81738	0.97853	-0.07926	-0.37557	0.70772	0.97759	0.10603	0.53681	0.5917	0.92848	-0.09153	-0.46877	0.6395	0.99918
YRIAPOlabel	LCdom_E4CEU_vs_E2CEU	CHODL	ENSG00000154645	-0.04459	-0.11913	0.90532	0.97853	-0.12467	-0.33119	0.74092	0.98188	-0.04459	-0.11913	0.90532	0.97853	-0.05317	-0.14457	0.88523	0.97759	0.17145	0.52593	0.59924	0.93073	-0.08442	-0.27264	0.78528	0.99918
YRIAPOlabel	LCdom_E4CEU_vs_E2CEU	CLDN11	ENSG00000013297	0.35149	1.38651	0.16744	0.79371	0.41709	1.71879	0.08751	0.53234	0.35149	1.38651	0.16744	0.79371	0.34859	1.42566	0.15585	0.75963	0.46134	2.05376	0.04066	0.26038	0.27986	1.33184	0.18369	0.78307
YRIAPOlabel	LCdom_E4CEU_vs_E2CEU	CNDP1	ENSG00000150656	0.6799	2.90536	0.00417	0.21896	0.71621	3.17743	0.00177	0.11002	0.6799	2.90536	0.00417	0.21896	0.66329	2.98595	0.00326	0.13824	0.83671	3.84756	0.00014	0.02541	0.68687	3.38415	0.00079	0.05739
YRIAPOlabel	LCdom_E4CEU_vs_E2CEU	CNTN2	ENSG00000184144	0.30753	1.62184	0.10672	0.65909	0.35359	1.91594	0.05708	0.48773	0.30753	1.62184	0.10672	0.65909	0.26556	1.42484	0.15609	0.75963	0.47019	2.74437	0.00634	0.10675	0.30336	1.9477	0.05217	0.42983
YRIAPOlabel	LCdom_E4CEU_vs_E2CEU	CNTNAP3B	ENSG00000154529	-0.37196	-1.71616	0.08799	0.61523	-0.39159	-1.85064	0.06599	0.48773	-0.37196	-1.71616	0.08799	0.61523	-0.38843	-1.83319	0.06857	0.52143	-0.32378	-1.13472	0.25719	0.72406	-0.4541	-1.62223	0.10556	0.64216
YRIAPOlabel	LCdom_E4CEU_vs_E2CEU	COL12A1	ENSG00000111799	-0.0444	-0.1283	0.89807	0.97853	-0.13068	-0.38347	0.70186	0.98188	-0.0444	-0.1283	0.89807	0.97853	-0.24855	-0.73192	0.46525	0.97759	0.16406	0.46736	0.6405	0.9376	-0.02684	-0.0748	0.94041	0.99918
YRIAPOlabel	LCdom_E4CEU_vs_E2CEU	COL25A1	ENSG00000188517	-0.15852	-0.59874	0.55016	0.97853	-0.12451	-0.49735	0.6196	0.98133	-0.15852	-0.59874	0.55016	0.97853	-0.14614	-0.52811	0.59813	0.97759	-0.04369	-0.15401	0.87768	0.97625	-0.13517	-0.4722	0.63705	0.99918
YRIAPOlabel	LCdom_E4CEU_vs_E2CEU	CORO1A	ENSG00000102879	0.04786	0.22975	0.81857	0.97853	0.01801	0.08389	0.93324	0.98798	0.04786	0.22975	0.81857	0.97853	0.02075	0.08462	0.93266	0.97759	-0.04763	-0.2057	0.83713	0.97625	-0.16692	-0.69612	0.48677	0.99918
YRIAPOlabel	LCdom_E4CEU_vs_E2CEU	CP	ENSG00000047457	0.23551	0.65514	0.51328	0.97853	0.25551	0.70336	0.48281	0.98133	0.23551	0.65514	0.51328	0.97853	0.31035	0.80814	0.42017	0.95017	0.06963	0.16499	0.86904	0.97625	0.05249	0.12459	0.90091	0.99918
YRIAPOlabel	LCdom_E4CEU_vs_E2CEU	CPEB4	ENSG00000113742	-0.03799	-0.2055	0.83743	0.97853	-0.03585	-0.20378	0.83877	0.98188	-0.03799	-0.2055	0.83743	0.97853	-0.06803	-0.41598	0.67796	0.97759	0.12126	0.71102	0.47749	0.90212	-0.06772	-0.41655	0.67723	0.99918
YRIAPOlabel	LCdom_E4CEU_vs_E2CEU	CRH	ENSG00000147571	0.39685	0.85132	0.39581	0.97853	0.38118	0.91344	0.36233	0.92524	0.39685	0.85132	0.39581	0.97853	0.45489	1.029	0.30499	0.92828	0.4454	0.99487	0.32042	0.77968	0.02502	0.05648	0.95499	0.99918
YRIAPOlabel	LCdom_E4CEU_vs_E2CEU	CRHBP	ENSG00000145708	0.44773	1.46476	0.14487	0.76535	0.25574	0.85444	0.39409	0.95228	0.44773	1.46476	0.14487	0.76535	0.25298	0.81536	0.41604	0.95017	0.2528	0.77838	0.43682	0.88087	-0.02677	-0.0821	0.93461	0.99918
YRIAPOlabel	LCdom_E4CEU_vs_E2CEU	CRHR1	ENSG00000120088	-0.03425	-0.18081	0.85674	0.97853	-0.0564	-0.30276	0.76245	0.98188	-0.03425	-0.18081	0.85674	0.97853	-0.03428	-0.1741	0.862	0.97759	0.01352	0.08207	0.93464	0.97625	-0.12808	-0.77811	0.43697	0.99918
YRIAPOlabel	LCdom_E4CEU_vs_E2CEU	CRYM	ENSG00000103316	0.3176	0.9067	0.36587	0.97372	0.32379	0.9407	0.34822	0.92524	0.3176	0.9067	0.36587	0.97372	0.43007	1.25387	0.21166	0.83182	0.38803	1.03537	0.30113	0.77404	0.15789	0.42284	0.67265	0.99918
YRIAPOlabel	LCdom_E4CEU_vs_E2CEU	CSPG4	ENSG00000173546	-0.07629	-0.33205	0.74026	0.97853	0.02813	0.12577	0.90006	0.98188	-0.07629	-0.33205	0.74026	0.97853	-0.0826	-0.37978	0.70459	0.97759	0.02862	0.1098	0.91262	0.97625	-0.16277	-0.61214	0.5408	0.99918
YRIAPOlabel	LCdom_E4CEU_vs_E2CEU	CSTB	ENSG00000160213	0.03387	0.23757	0.81251	0.97853	-0.00772	-0.05588	0.9555	0.98798	0.03387	0.23757	0.81251	0.97853	-0.02005	-0.15527	0.87679	0.97759	0.21844	1.31701	0.18861	0.63157	0.0043	0.02689	0.97856	0.99918
YRIAPOlabel	LCdom_E4CEU_vs_E2CEU	CTNNA3	ENSG00000183230	0.49603	2.56805	0.0111	0.21896	0.60657	3.17095	0.00181	0.11002	0.49603	2.56805	0.0111	0.21896	0.59779	3.06289	0.00256	0.13824	0.63318	2.7395	0.00643	0.10675	0.44658	2.05524	0.04052	0.37922
YRIAPOlabel	LCdom_E4CEU_vs_E2CEU	CTSH	ENSG00000103811	0.08559	0.34928	0.72732	0.97853	0.04882	0.19919	0.84236	0.98188	0.08559	0.34928	0.72732	0.97853	0.04329	0.17107	0.86437	0.97759	0.1205	0.48365	0.6289	0.9376	0.00219	0.00857	0.99317	0.99918
YRIAPOlabel	LCdom_E4CEU_vs_E2CEU	CTSS	ENSG00000163131	-0.11159	-0.55606	0.57892	0.97853	-0.11348	-0.54633	0.58557	0.98133	-0.11159	-0.55606	0.57892	0.97853	-0.06849	-0.29156	0.77099	0.97759	-0.07532	-0.28557	0.77536	0.97379	-0.23483	-0.86272	0.38882	0.96545
YRIAPOlabel	LCdom_E4CEU_vs_E2CEU	CUX2	ENSG00000111249	0.06418	0.29172	0.77086	0.97853	0.06604	0.30908	0.75765	0.98188	0.06418	0.29172	0.77086	0.97853	-0.04344	-0.20104	0.84092	0.97759	0.06348	0.25549	0.79848	0.97625	-0.09698	-0.39022	0.69659	0.99918
YRIAPOlabel	LCdom_E4CEU_vs_E2CEU	CX3CR1	ENSG00000168329	-0.24732	-1.33103	0.18499	0.83361	-0.27056	-1.40792	0.16101	0.69965	-0.24732	-1.33103	0.18499	0.83361	-0.28662	-1.27818	0.20297	0.81413	-0.1733	-0.90083	0.36823	0.85128	-0.30934	-1.66984	0.09575	0.61315
YRIAPOlabel	LCdom_E4CEU_vs_E2CEU	CXCL14	ENSG00000145824	-0.48762	-2.00577	0.0465	0.47937	-0.47927	-2.00938	0.04611	0.43153	-0.48762	-2.00577	0.0465	0.47937	-0.5322	-2.28959	0.02331	0.29698	-0.30346	-1.29293	0.1968	0.64713	-0.39872	-1.69672	0.09054	0.60089
YRIAPOlabel	LCdom_E4CEU_vs_E2CEU	CXCR4	ENSG00000121966	-0.0483	-0.1407	0.88828	0.97853	0.05055	0.15111	0.88007	0.98188	-0.0483	-0.1407	0.88828	0.97853	-0.04037	-0.12206	0.903	0.97759	-0.10912	-0.27765	0.78143	0.97379	-0.37223	-0.94133	0.34712	0.96071
YRIAPOlabel	LCdom_E4CEU_vs_E2CEU	CYTIP	ENSG00000115165	-0.12828	-0.43756	0.66227	0.97853	0.07256	0.2461	0.80591	0.98188	-0.12828	-0.43756	0.66227	0.97853	-0.03651	-0.1148	0.90874	0.97759	-0.04736	-0.12738	0.89871	0.97625	-0.23526	-0.64318	0.52049	0.99918
YRIAPOlabel	LCdom_E4CEU_vs_E2CEU	DBH	ENSG00000123454	-0.13069	-0.34337	0.73175	0.97853	-0.17167	-0.44183	0.65918	0.98188	-0.13069	-0.34337	0.73175	0.97853	-0.14035	-0.35558	0.72261	0.97759	0.06817	0.17953	0.85762	0.97625	-0.17247	-0.4519	0.65159	0.99918
YRIAPOlabel	LCdom_E4CEU_vs_E2CEU	DCN	ENSG00000011465	-0.00606	-0.0193	0.98463	0.99403	-0.09223	-0.30345	0.76192	0.98188	-0.00606	-0.0193	0.98463	0.99403	-0.13292	-0.41322	0.67999	0.97759	0.03422	0.097	0.92277	0.97625	-0.12266	-0.35221	0.72487	0.99918
YRIAPOlabel	LCdom_E4CEU_vs_E2CEU	DDC	ENSG00000132437	0.00242	0.00789	0.99371	0.99403	-0.05003	-0.16094	0.87234	0.98188	0.00242	0.00789	0.99371	0.99403	-0.03169	-0.10235	0.9186	0.97759	0.16108	0.47525	0.63488	0.9376	-0.04267	-0.13039	0.89632	0.99918
YRIAPOlabel	LCdom_E4CEU_vs_E2CEU	DDIT3	ENSG00000175197	0.15399	0.86193	0.38996	0.97853	0.0946	0.56918	0.57	0.98133	0.15399	0.86193	0.38996	0.97853	0.05503	0.33798	0.7358	0.97759	0.23497	1.42246	0.15569	0.56263	0.06088	0.37215	0.70998	0.99918
YRIAPOlabel	LCdom_E4CEU_vs_E2CEU	DDR2	ENSG00000162733	-0.199	-1.06996	0.28618	0.93265	-0.1891	-0.98963	0.32379	0.92524	-0.199	-1.06996	0.28618	0.93265	-0.18709	-0.98215	0.32746	0.92828	-0.14912	-0.60498	0.54554	0.90212	-0.29232	-1.16331	0.24542	0.88026
YRIAPOlabel	LCdom_E4CEU_vs_E2CEU	DNAJB1	ENSG00000132002	-0.04639	-0.20718	0.83612	0.97853	-0.07677	-0.35432	0.72355	0.98188	-0.04639	-0.20718	0.83612	0.97853	-0.09987	-0.478	0.63328	0.97759	0.11262	0.61913	0.53619	0.90212	-0.08424	-0.46654	0.64109	0.99918
YRIAPOlabel	LCdom_E4CEU_vs_E2CEU	DNAJC6	ENSG00000116675	0.10081	0.64416	0.52036	0.97853	0.08822	0.58974	0.55617	0.98133	0.10081	0.64416	0.52036	0.97853	0.04799	0.34653	0.72939	0.97759	0.3082	2.10623	0.03582	0.24212	0.1017	0.73339	0.46376	0.99918
YRIAPOlabel	LCdom_E4CEU_vs_E2CEU	DNER	ENSG00000187957	0.19431	1.21205	0.2272	0.86994	0.19925	1.31703	0.18964	0.7463	0.19431	1.21205	0.2272	0.86994	0.14134	0.98365	0.32672	0.92828	0.34453	2.43606	0.01529	0.1469	0.15373	1.11827	0.26414	0.90645
YRIAPOlabel	LCdom_E4CEU_vs_E2CEU	DUSP1	ENSG00000120129	-0.26705	-0.78853	0.43151	0.97853	-0.34323	-1.02654	0.30613	0.92524	-0.26705	-0.78853	0.43151	0.97853	-0.17905	-0.52197	0.6024	0.97759	-0.5051	-1.38492	0.16687	0.58762	-0.53622	-1.46179	0.1446	0.71323
YRIAPOlabel	LCdom_E4CEU_vs_E2CEU	EFHD1	ENSG00000115468	0.09725	0.48298	0.62974	0.97853	0.13137	0.66835	0.50483	0.98133	0.09725	0.48298	0.62974	0.97853	0.13276	0.70003	0.48489	0.97759	0.18173	1.02638	0.30535	0.77938	0.03191	0.19005	0.84937	0.99918
YRIAPOlabel	LCdom_E4CEU_vs_E2CEU	EGFR	ENSG00000146648	-0.47275	-2.53374	0.01221	0.21896	-0.48723	-2.5924	0.01038	0.25251	-0.47275	-2.53374	0.01221	0.21896	-0.4899	-2.68778	0.00793	0.18086	-0.32607	-1.60156	0.11006	0.46711	-0.4725	-2.21144	0.02758	0.31462
YRIAPOlabel	LCdom_E4CEU_vs_E2CEU	ELOVL2	ENSG00000197977	-0.35314	-1.18595	0.23733	0.86994	-0.33247	-1.15709	0.24889	0.81001	-0.35314	-1.18595	0.23733	0.86994	-0.36631	-1.28933	0.19908	0.8074	-0.32982	-1.16952	0.24291	0.72082	-0.5137	-1.83975	0.06656	0.50615
YRIAPOlabel	LCdom_E4CEU_vs_E2CEU	ENC1	ENSG00000171617	0.05953	0.29042	0.77186	0.97853	0.04684	0.22887	0.81925	0.98188	0.05953	0.29042	0.77186	0.97853	0.03702	0.18732	0.85164	0.97759	0.23469	1.20256	0.22987	0.6992	0.05806	0.29564	0.76767	0.99918
YRIAPOlabel	LCdom_E4CEU_vs_E2CEU	ENHO	ENSG00000168913	-0.49831	-2.72092	0.0072	0.21896	-0.49431	-2.792	0.00585	0.17995	-0.49831	-2.72092	0.0072	0.21896	-0.52198	-2.81331	0.0055	0.16722	-0.44272	-2.87745	0.00423	0.08575	-0.54787	-3.66417	0.00028	0.04808
YRIAPOlabel	LCdom_E4CEU_vs_E2CEU	ERBB3	ENSG00000065361	0.53895	2.52932	0.01235	0.21896	0.61962	2.96475	0.00347	0.15372	0.53895	2.52932	0.01235	0.21896	0.56288	2.72407	0.00714	0.18086	0.72852	3.47761	0.00056	0.04346	0.55667	2.852	0.00458	0.14362
YRIAPOlabel	LCdom_E4CEU_vs_E2CEU	ERMN	ENSG00000136541	0.66312	3.12695	0.00208	0.21896	0.69487	3.40658	0.00082	0.11002	0.66312	3.12695	0.00208	0.21896	0.63863	3.13708	0.00202	0.13824	0.82955	4.19925	3e-05	0.01211	0.63941	3.64442	3e-04	0.04808
YRIAPOlabel	LCdom_E4CEU_vs_E2CEU	EYA4	ENSG00000112319	0.1562	0.45335	0.65089	0.97853	0.32374	0.96148	0.3377	0.92524	0.1562	0.45335	0.65089	0.97853	0.25191	0.72973	0.46659	0.97759	0.39813	1.1608	0.24643	0.72406	0.19875	0.57354	0.56661	0.99918
YRIAPOlabel	LCdom_E4CEU_vs_E2CEU	F13A1	ENSG00000124491	0.22724	0.3383	0.73557	0.97853	0.14266	0.2211	0.82528	0.98188	0.22724	0.3383	0.73557	0.97853	0.56626	0.83216	0.40653	0.95017	0.16872	0.2957	0.76761	0.97379	0.12833	0.2276	0.82007	0.99918
YRIAPOlabel	LCdom_E4CEU_vs_E2CEU	FASLG	ENSG00000117560	0.22656	0.67181	0.50263	0.97853	0.3756	1.10506	0.27073	0.85185	0.22656	0.67181	0.50263	0.97853	0.33169	0.95976	0.33858	0.92828	0.45936	0.89344	0.37218	0.85128	0.5064	0.96985	0.33273	0.94145
YRIAPOlabel	LCdom_E4CEU_vs_E2CEU	FBLN1	ENSG00000077942	-0.24795	-1.09609	0.27462	0.91123	-0.25192	-1.10919	0.26895	0.85185	-0.24795	-1.09609	0.27462	0.91123	-0.27442	-1.22496	0.22233	0.83182	-0.11828	-0.39859	0.69042	0.9376	-0.3118	-1.07065	0.28499	0.92055
YRIAPOlabel	LCdom_E4CEU_vs_E2CEU	FCER1G	ENSG00000158869	0.31278	1.29853	0.1959	0.86147	0.39732	1.69327	0.09227	0.55212	0.31278	1.29853	0.1959	0.86147	0.62952	2.44213	0.01565	0.27505	0.35886	1.31703	0.1886	0.63157	0.22347	0.84242	0.40007	0.96545
YRIAPOlabel	LCdom_E4CEU_vs_E2CEU	FCGR1A	ENSG00000150337	-0.00478	-0.01384	0.98898	0.99403	0.02573	0.07406	0.94105	0.98798	-0.00478	-0.01384	0.98898	0.99403	0.13103	0.3531	0.72447	0.97759	-0.03289	-0.08248	0.93431	0.97625	-0.10284	-0.25903	0.79575	0.99918
YRIAPOlabel	LCdom_E4CEU_vs_E2CEU	FCGR3A	ENSG00000203747	0.18872	0.59921	0.54984	0.97853	0.15301	0.4934	0.62238	0.98133	0.18872	0.59921	0.54984	0.97853	0.17369	0.50643	0.61323	0.97759	0.09745	0.30453	0.76089	0.97379	0.01021	0.03232	0.97424	0.99918
YRIAPOlabel	LCdom_E4CEU_vs_E2CEU	FGFR2	ENSG00000066468	0.23407	1.1714	0.24311	0.86994	0.27404	1.44755	0.14962	0.66714	0.23407	1.1714	0.24311	0.86994	0.22548	1.22992	0.22047	0.83182	0.31436	1.79397	0.07359	0.36078	0.15602	0.98273	0.32635	0.94123
YRIAPOlabel	LCdom_E4CEU_vs_E2CEU	FGFR3	ENSG00000068078	-0.48413	-2.13932	0.03386	0.412	-0.48637	-2.17796	0.03081	0.35685	-0.48413	-2.13932	0.03386	0.412	-0.54264	-2.46008	0.01492	0.27505	-0.35309	-1.67895	0.09396	0.42869	-0.47943	-2.21412	0.0274	0.31462
YRIAPOlabel	LCdom_E4CEU_vs_E2CEU	FILIP1	ENSG00000118407	-0.16594	-0.68407	0.49488	0.97853	-0.28142	-1.17516	0.2416	0.81001	-0.16594	-0.68407	0.49488	0.97853	-0.19724	-0.78458	0.43382	0.96771	-0.13007	-0.38259	0.70223	0.9376	-0.29562	-0.86713	0.3864	0.96545
YRIAPOlabel	LCdom_E4CEU_vs_E2CEU	FKBP2	ENSG00000173486	0.07157	0.62343	0.53385	0.97853	0.05403	0.49141	0.62379	0.98133	0.07157	0.62343	0.53385	0.97853	0.03552	0.31836	0.75062	0.97759	0.16077	1.12362	0.26186	0.72406	-0.00374	-0.02671	0.9787	0.99918
YRIAPOlabel	LCdom_E4CEU_vs_E2CEU	FLT1	ENSG00000102755	0.01361	0.05923	0.95284	0.9826	-0.04505	-0.20294	0.83943	0.98188	0.01361	0.05923	0.95284	0.9826	0.08697	0.39809	0.69108	0.97759	0.05847	0.21126	0.8328	0.97625	-0.02941	-0.10859	0.91358	0.99918
YRIAPOlabel	LCdom_E4CEU_vs_E2CEU	FSTL4	ENSG00000053108	-0.2612	-1.21002	0.22798	0.86994	-0.20071	-0.91738	0.36027	0.92524	-0.2612	-1.21002	0.22798	0.86994	-0.21975	-0.99234	0.32248	0.92828	-0.10464	-0.42274	0.67272	0.9376	-0.21544	-0.85898	0.39088	0.96545
YRIAPOlabel	LCdom_E4CEU_vs_E2CEU	GAD1	ENSG00000128683	0.82936	2.52743	0.01242	0.21896	0.83108	2.56737	0.01113	0.25384	0.82936	2.52743	0.01242	0.21896	0.39969	1.07956	0.28192	0.91064	0.88667	3.26374	0.0012	0.06533	0.75163	2.72918	0.00664	0.16261
YRIAPOlabel	LCdom_E4CEU_vs_E2CEU	GAD2	ENSG00000136750	0.84993	2.61623	0.00971	0.21896	0.79274	2.51372	0.01289	0.26078	0.84993	2.61623	0.00971	0.21896	0.4276	1.17894	0.24013	0.84275	0.92545	3.14034	0.00182	0.06533	0.85641	2.85546	0.00453	0.14362
YRIAPOlabel	LCdom_E4CEU_vs_E2CEU	GAL	ENSG00000069482	0.20245	0.51764	0.6054	0.97853	-0.13808	-0.3546	0.72334	0.98188	0.20245	0.51764	0.6054	0.97853	0.11498	0.28278	0.7777	0.97759	0.53839	1.18503	0.23674	0.71415	0.28784	0.61441	0.53931	0.99918
YRIAPOlabel	LCdom_E4CEU_vs_E2CEU	GAS2L3	ENSG00000139354	0.35365	1.17955	0.23986	0.86994	0.42637	1.39915	0.16363	0.70263	0.35365	1.17955	0.23986	0.86994	0.34314	1.03654	0.30146	0.92828	0.29637	0.67861	0.49779	0.90212	0.28579	0.64731	0.51782	0.99918
YRIAPOlabel	LCdom_E4CEU_vs_E2CEU	GASK1B	ENSG00000164125	-0.42301	-1.96096	0.05155	0.47937	-0.40169	-1.90674	0.05827	0.48773	-0.42301	-1.96096	0.05155	0.47937	-0.49433	-2.28479	0.0236	0.29698	-0.34083	-1.58402	0.114	0.47283	-0.48621	-2.2177	0.02715	0.31462
YRIAPOlabel	LCdom_E4CEU_vs_E2CEU	GJA1	ENSG00000152661	-0.10901	-0.4966	0.62013	0.97853	-0.11788	-0.55405	0.58028	0.98133	-0.10901	-0.4966	0.62013	0.97853	-0.14877	-0.70765	0.48016	0.97759	-0.05046	-0.24442	0.80703	0.97625	-0.17059	-0.79655	0.42619	0.99083
YRIAPOlabel	LCdom_E4CEU_vs_E2CEU	GLUL	ENSG00000135821	0.03187	0.18113	0.85649	0.97853	0.05419	0.31497	0.75318	0.98188	0.03187	0.18113	0.85649	0.97853	0.07425	0.44097	0.65981	0.97759	0.13744	0.84162	0.40051	0.86237	0.01561	0.09837	0.92169	0.99918
YRIAPOlabel	LCdom_E4CEU_vs_E2CEU	GNLY	ENSG00000115523	-0.27274	-0.52001	0.60374	0.97853	-0.06638	-0.12709	0.89903	0.98188	-0.27274	-0.52001	0.60374	0.97853	-0.09545	-0.17645	0.86015	0.97759	0.04861	0.07615	0.93934	0.97625	-0.08554	-0.13215	0.89494	0.99918
YRIAPOlabel	LCdom_E4CEU_vs_E2CEU	GPAA1	ENSG00000197858	0.05647	0.43634	0.66315	0.97853	0.07291	0.58001	0.56269	0.98133	0.05647	0.43634	0.66315	0.97853	0.01613	0.13841	0.89009	0.97759	0.18565	1.44769	0.1485	0.54204	-0.00914	-0.07367	0.94131	0.99918
YRIAPOlabel	LCdom_E4CEU_vs_E2CEU	GPNMB	ENSG00000136235	0.16189	0.45696	0.64829	0.97853	0.07336	0.21145	0.83279	0.98188	0.16189	0.45696	0.64829	0.97853	0.20615	0.56889	0.5702	0.97759	-0.09522	-0.23966	0.81072	0.97625	-0.34659	-0.8745	0.38239	0.96545
YRIAPOlabel	LCdom_E4CEU_vs_E2CEU	GPR183	ENSG00000169508	-0.27332	-0.79208	0.42944	0.97853	-0.12993	-0.37327	0.70942	0.98188	-0.27332	-0.79208	0.42944	0.97853	-0.02282	-0.05971	0.95246	0.98361	-0.16047	-0.39603	0.6923	0.9376	-0.36642	-0.89319	0.3723	0.96545
YRIAPOlabel	LCdom_E4CEU_vs_E2CEU	GPR34	ENSG00000171659	0.2122	0.76284	0.44663	0.97853	0.18059	0.63126	0.52873	0.98133	0.2122	0.76284	0.44663	0.97853	0.1741	0.56734	0.57125	0.97759	0.18837	0.59307	0.55347	0.90212	0.10523	0.33473	0.73801	0.99918
YRIAPOlabel	LCdom_E4CEU_vs_E2CEU	GPX3	ENSG00000211445	0.15391	0.77	0.44239	0.97853	0.08073	0.41204	0.68084	0.98188	0.15391	0.77	0.44239	0.97853	0.07352	0.39441	0.69379	0.97759	0.29451	1.55453	0.12087	0.48466	0.1057	0.58815	0.55677	0.99918
YRIAPOlabel	LCdom_E4CEU_vs_E2CEU	GPX4	ENSG00000167468	0.12473	1.00463	0.31653	0.97372	0.08578	0.73744	0.46189	0.96858	0.12473	1.00463	0.31653	0.97372	0.07198	0.65739	0.51184	0.97759	0.33532	2.84347	0.0047	0.09022	0.12165	1.10466	0.26999	0.90645
YRIAPOlabel	LCdom_E4CEU_vs_E2CEU	GRID2	ENSG00000152208	-0.24592	-1.27388	0.20448	0.86994	-0.26301	-1.35887	0.17602	0.74216	-0.24592	-1.27388	0.20448	0.86994	-0.31787	-1.67553	0.09572	0.61809	-0.142	-0.67226	0.50181	0.90212	-0.32683	-1.5099	0.13188	0.69886
YRIAPOlabel	LCdom_E4CEU_vs_E2CEU	GZMA	ENSG00000145649	0.02292	0.06647	0.94709	0.9826	0.06579	0.18877	0.8505	0.98188	0.02292	0.06647	0.94709	0.9826	0.0951	0.25741	0.79718	0.97759	-0.01922	-0.04245	0.96616	0.97625	-0.20139	-0.44753	0.65474	0.99918
YRIAPOlabel	LCdom_E4CEU_vs_E2CEU	HCRTR1	ENSG00000121764	0.31402	0.95166	0.34265	0.97372	0.11899	0.36716	0.71397	0.98188	0.31402	0.95166	0.34265	0.97372	0.2032	0.63933	0.52349	0.97759	0.32981	1.01275	0.31181	0.77968	0.17967	0.56495	0.57243	0.99918
YRIAPOlabel	LCdom_E4CEU_vs_E2CEU	HES1	ENSG00000114315	-0.83831	-2.64229	0.00902	0.21896	-0.83937	-2.6637	0.00849	0.23828	-0.83831	-2.64229	0.00902	0.21896	-0.8583	-2.70492	0.00755	0.18086	-0.89235	-2.66074	0.00812	0.11396	-0.98315	-2.8156	0.00512	0.14362
YRIAPOlabel	LCdom_E4CEU_vs_E2CEU	HHATL	ENSG00000010282	-0.15746	-0.65131	0.51574	0.97853	-0.10059	-0.42309	0.67278	0.98188	-0.15746	-0.65131	0.51574	0.97853	-0.22364	-0.94154	0.3478	0.92828	0.0462	0.20839	0.83504	0.97625	-0.10693	-0.49801	0.61876	0.99918
YRIAPOlabel	LCdom_E4CEU_vs_E2CEU	HILPDA	ENSG00000135245	-0.25952	-0.81043	0.41884	0.97853	-0.29653	-0.95611	0.3404	0.92524	-0.25952	-0.81043	0.41884	0.97853	-0.19445	-0.6358	0.52578	0.97759	-0.23029	-0.87591	0.38162	0.85454	-0.32427	-1.24492	0.21391	0.84513
YRIAPOlabel	LCdom_E4CEU_vs_E2CEU	HLA-DMB	ENSG00000242574	0.18231	0.6995	0.48521	0.97853	0.1967	0.75015	0.45422	0.96858	0.18231	0.6995	0.48521	0.97853	0.32558	1.13362	0.2586	0.85807	0.07307	0.25793	0.7966	0.97625	-0.09225	-0.32781	0.74323	0.99918
YRIAPOlabel	LCdom_E4CEU_vs_E2CEU	HLA-DQA1	ENSG00000196735	-0.09183	-0.30087	0.76388	0.97853	-0.20236	-0.65911	0.51073	0.98133	-0.09183	-0.30087	0.76388	0.97853	-0.04819	-0.14565	0.88438	0.97759	-0.11653	-0.33295	0.73935	0.95871	-0.26062	-0.75338	0.45168	0.99918
YRIAPOlabel	LCdom_E4CEU_vs_E2CEU	HLA-DRA	ENSG00000204287	0.17728	0.74089	0.4598	0.97853	0.20001	0.84476	0.39945	0.95228	0.17728	0.74089	0.4598	0.97853	0.25336	0.95458	0.34119	0.92828	0.13674	0.61316	0.54013	0.90212	0.0267	0.12334	0.9019	0.99918
YRIAPOlabel	LCdom_E4CEU_vs_E2CEU	HS3ST2	ENSG00000122254	0.15207	0.54408	0.58711	0.97853	0.2061	0.7572	0.45	0.96858	0.15207	0.54408	0.58711	0.97853	0.15362	0.55929	0.57672	0.97759	0.4454	1.45583	0.14625	0.54204	0.17535	0.56985	0.56911	0.99918
YRIAPOlabel	LCdom_E4CEU_vs_E2CEU	HS3ST4	ENSG00000182601	0.12438	0.54609	0.58573	0.97853	0.26994	1.15601	0.24933	0.81001	0.12438	0.54609	0.58573	0.97853	0.16538	0.65234	0.51509	0.97759	0.3221	1.28682	0.19892	0.64825	0.20808	0.79904	0.42475	0.99083
YRIAPOlabel	LCdom_E4CEU_vs_E2CEU	HSP90AB1	ENSG00000096384	0.04414	0.36824	0.71316	0.97853	0.03329	0.28684	0.77459	0.98188	0.04414	0.36824	0.71316	0.97853	-0.00028	-0.00254	0.99797	0.99986	0.25386	1.82671	0.0685	0.34728	0.05169	0.38945	0.69715	0.99918
YRIAPOlabel	LCdom_E4CEU_vs_E2CEU	HSPH1	ENSG00000120694	0.13032	0.9024	0.36815	0.97372	0.11356	0.80827	0.42009	0.96858	0.13032	0.9024	0.36815	0.97372	0.10489	0.74606	0.45669	0.97759	0.37271	2.53459	0.01165	0.1417	0.16827	1.16332	0.24541	0.88026
YRIAPOlabel	LCdom_E4CEU_vs_E2CEU	HTR2A	ENSG00000102468	-0.02463	-0.09895	0.9213	0.97853	-0.06534	-0.26894	0.7883	0.98188	-0.02463	-0.09895	0.9213	0.97853	-0.07384	-0.31175	0.75562	0.97759	0.13457	0.5099	0.61041	0.93613	-0.08072	-0.30501	0.76052	0.99918
YRIAPOlabel	LCdom_E4CEU_vs_E2CEU	HTR2C	ENSG00000147246	0.46393	1.60606	0.11015	0.65909	0.61903	2.17176	0.03129	0.35685	0.46393	1.60606	0.11015	0.65909	0.59565	1.92261	0.05625	0.45623	0.80836	3.15882	0.00171	0.06533	0.7024	2.72323	0.00675	0.16261
YRIAPOlabel	LCdom_E4CEU_vs_E2CEU	IDH1	ENSG00000138413	-0.01909	-0.11174	0.91116	0.97853	-0.05008	-0.30169	0.76327	0.98188	-0.01909	-0.11174	0.91116	0.97853	-0.05939	-0.41159	0.68117	0.97759	0.17431	1.00571	0.31517	0.77968	-0.04715	-0.27965	0.7799	0.99918
YRIAPOlabel	LCdom_E4CEU_vs_E2CEU	IDH2	ENSG00000182054	-0.25382	-1.58923	0.1139	0.668	-0.2498	-1.63342	0.10427	0.5855	-0.25382	-1.58923	0.1139	0.668	-0.26749	-1.86283	0.06426	0.50988	-0.10506	-0.83959	0.40165	0.86237	-0.24539	-1.93128	0.05417	0.42983
YRIAPOlabel	LCdom_E4CEU_vs_E2CEU	IDO1	ENSG00000131203	0.04901	0.18295	0.85506	0.97853	0.07267	0.26248	0.79327	0.98188	0.04901	0.18295	0.85506	0.97853	0.16358	0.58379	0.56015	0.97759	0.11822	0.33154	0.74042	0.95871	-0.03932	-0.10932	0.913	0.99918
YRIAPOlabel	LCdom_E4CEU_vs_E2CEU	IFITM3	ENSG00000142089	-0.02541	-0.12938	0.89721	0.97853	-0.04984	-0.26587	0.79067	0.98188	-0.02541	-0.12938	0.89721	0.97853	0.00613	0.03221	0.97434	0.9932	-0.0207	-0.09316	0.92582	0.97625	-0.14062	-0.65187	0.51487	0.99918
YRIAPOlabel	LCdom_E4CEU_vs_E2CEU	IGFBP3	ENSG00000146674	0.48209	0.90812	0.36512	0.97372	0.48988	0.94852	0.34424	0.92524	0.48209	0.90812	0.36512	0.97372	0.34509	0.66227	0.50873	0.97759	0.053	0.12179	0.90313	0.97625	0.11052	0.25701	0.7973	0.99918
YRIAPOlabel	LCdom_E4CEU_vs_E2CEU	IGFBP4	ENSG00000141753	-0.10907	-0.50444	0.61462	0.97853	-0.1727	-0.83295	0.40607	0.95622	-0.10907	-0.50444	0.61462	0.97853	-0.1109	-0.50832	0.6119	0.97759	-0.11449	-0.47818	0.63279	0.9376	-0.23781	-0.9804	0.3275	0.94123
YRIAPOlabel	LCdom_E4CEU_vs_E2CEU	IGFBP5	ENSG00000115461	-0.06299	-0.26902	0.78824	0.97853	-0.04386	-0.19331	0.84695	0.98188	-0.06299	-0.26902	0.78824	0.97853	0.04356	0.18259	0.85534	0.97759	0.14391	0.59005	0.5555	0.90212	0.01182	0.04838	0.96144	0.99918
YRIAPOlabel	LCdom_E4CEU_vs_E2CEU	IL7R	ENSG00000168685	-0.40832	-0.77335	0.44041	0.97853	-0.09024	-0.16995	0.86526	0.98188	-0.40832	-0.77335	0.44041	0.97853	-0.04503	-0.08535	0.93209	0.97759	-0.34209	-0.627	0.53105	0.90212	-0.64561	-1.20299	0.22976	0.87355
YRIAPOlabel	LCdom_E4CEU_vs_E2CEU	INA	ENSG00000148798	0.17634	0.94534	0.34585	0.97372	0.12941	0.70657	0.48082	0.98133	0.17634	0.94534	0.34585	0.97372	0.07789	0.42031	0.67481	0.97759	0.47938	2.54825	0.01121	0.14106	0.25811	1.3912	0.16496	0.73426
YRIAPOlabel	LCdom_E4CEU_vs_E2CEU	ISCU	ENSG00000136003	0.15687	1.24771	0.21389	0.86994	0.16535	1.34042	0.18193	0.74613	0.15687	1.24771	0.21389	0.86994	0.10391	0.8085	0.41996	0.95017	0.3049	2.2006	0.02835	0.19897	0.1035	0.77531	0.43863	0.99918
YRIAPOlabel	LCdom_E4CEU_vs_E2CEU	ITGA8	ENSG00000077943	0.07907	0.22758	0.82025	0.97853	0.1043	0.2926	0.77019	0.98188	0.07907	0.22758	0.82025	0.97853	0.08925	0.24133	0.8096	0.97759	0.16717	0.46263	0.64389	0.9376	0.04684	0.12963	0.89692	0.99918
YRIAPOlabel	LCdom_E4CEU_vs_E2CEU	ITGAM	ENSG00000169896	-0.03808	-0.18676	0.85208	0.97853	-0.03449	-0.16197	0.87153	0.98188	-0.03808	-0.18676	0.85208	0.97853	0.06216	0.25978	0.79536	0.97759	0.0237	0.08464	0.93259	0.97625	-0.0992	-0.35632	0.7218	0.99918
YRIAPOlabel	LCdom_E4CEU_vs_E2CEU	ITGAX	ENSG00000140678	0.03176	0.12254	0.90262	0.97853	0.04264	0.16394	0.86998	0.98188	0.03176	0.12254	0.90262	0.97853	-0.03304	-0.11477	0.90877	0.97759	-0.02221	-0.08209	0.93461	0.97625	-0.13407	-0.50298	0.61526	0.99918
YRIAPOlabel	LCdom_E4CEU_vs_E2CEU	ITGB2	ENSG00000160255	-0.16346	-0.78827	0.43165	0.97853	-0.17375	-0.84802	0.39764	0.95228	-0.16346	-0.78827	0.43165	0.97853	-0.10902	-0.46979	0.63912	0.97759	-0.22087	-0.77252	0.44027	0.88297	-0.32548	-1.15453	0.24899	0.88235
YRIAPOlabel	LCdom_E4CEU_vs_E2CEU	ITGB8	ENSG00000105855	-0.27249	-1.31802	0.1893	0.84262	-0.23436	-1.18349	0.2383	0.81001	-0.27249	-1.31802	0.1893	0.84262	-0.28869	-1.48612	0.13915	0.71118	-0.11343	-0.63652	0.52481	0.90212	-0.2974	-1.67385	0.09496	0.61315
YRIAPOlabel	LCdom_E4CEU_vs_E2CEU	KCNH5	ENSG00000140015	0.02147	0.08314	0.93384	0.97853	0.06803	0.26432	0.79186	0.98188	0.02147	0.08314	0.93384	0.97853	-0.03096	-0.10989	0.91263	0.97759	0.24103	0.78584	0.43244	0.88087	-0.01456	-0.04584	0.96346	0.99918
YRIAPOlabel	LCdom_E4CEU_vs_E2CEU	KIT	ENSG00000157404	0.60328	2.12194	0.03532	0.41584	0.62649	2.26547	0.02477	0.32959	0.60328	2.12194	0.03532	0.41584	0.59083	2.04791	0.04215	0.40735	0.6959	2.44308	0.015	0.1469	0.62339	2.22126	0.02691	0.31462
YRIAPOlabel	LCdom_E4CEU_vs_E2CEU	KLF2	ENSG00000127528	-0.45523	-1.41926	0.15769	0.7859	-0.5545	-1.74312	0.08316	0.53149	-0.45523	-1.41926	0.15769	0.7859	-0.49607	-1.54659	0.12387	0.68806	-0.51008	-1.41421	0.15809	0.56573	-0.58043	-1.60313	0.10971	0.65648
YRIAPOlabel	LCdom_E4CEU_vs_E2CEU	KLF4	ENSG00000136826	-0.50476	-1.2443	0.21513	0.86994	-0.60394	-1.51371	0.13199	0.64834	-0.50476	-1.2443	0.21513	0.86994	-0.50412	-1.23683	0.2179	0.83182	-0.86556	-1.69879	0.09017	0.42194	-0.7883	-1.52036	0.12924	0.69886
YRIAPOlabel	LCdom_E4CEU_vs_E2CEU	KLK6	ENSG00000167755	0.14492	0.63942	0.52343	0.97853	0.31009	1.41528	0.15885	0.69856	0.14492	0.63942	0.52343	0.97853	0.11642	0.50658	0.61313	0.97759	0.22503	0.83997	0.40144	0.86237	-0.00346	-0.01359	0.98916	0.99918
YRIAPOlabel	LCdom_E4CEU_vs_E2CEU	KLRB1	ENSG00000111796	-0.35522	-0.91862	0.35962	0.97372	-0.07629	-0.19487	0.84573	0.98188	-0.35522	-0.91862	0.35962	0.97372	-0.35034	-0.90676	0.36585	0.95017	-0.32806	-0.69463	0.48772	0.90212	-0.49254	-1.01964	0.30855	0.93075
YRIAPOlabel	LCdom_E4CEU_vs_E2CEU	LAMA2	ENSG00000196569	0.08523	0.36757	0.71366	0.97853	0.09601	0.42619	0.67052	0.98188	0.08523	0.36757	0.71366	0.97853	0.07086	0.30787	0.75857	0.97759	0.23354	0.74029	0.45957	0.90104	0.02795	0.091	0.92754	0.99918
YRIAPOlabel	LCdom_E4CEU_vs_E2CEU	LAMP5	ENSG00000125869	0.13642	0.47879	0.63271	0.97853	0.21378	0.75037	0.45409	0.96858	0.13642	0.47879	0.63271	0.97853	0.09705	0.33402	0.73879	0.97759	0.2052	0.78747	0.43148	0.88087	0.00603	0.02274	0.98187	0.99918
YRIAPOlabel	LCdom_E4CEU_vs_E2CEU	LAPTM5	ENSG00000162511	-0.12899	-0.50923	0.61126	0.97853	-0.07046	-0.2801	0.77974	0.98188	-0.12899	-0.50923	0.61126	0.97853	-0.12257	-0.43069	0.66726	0.97759	-0.06036	-0.22869	0.81923	0.97625	-0.1823	-0.71382	0.47576	0.99918
YRIAPOlabel	LCdom_E4CEU_vs_E2CEU	LDLR	ENSG00000130164	0.06069	0.23876	0.81159	0.97853	0.06911	0.28279	0.77769	0.98188	0.06069	0.23876	0.81159	0.97853	0.08125	0.3316	0.74061	0.97759	0.13539	0.64959	0.51634	0.90212	-0.01305	-0.06489	0.9483	0.99918
YRIAPOlabel	LCdom_E4CEU_vs_E2CEU	LHX6	ENSG00000106852	-0.6761	-2.24951	0.02579	0.36201	-0.68089	-2.34031	0.02045	0.32959	-0.6761	-2.24951	0.02579	0.36201	-0.82418	-2.724	0.00714	0.18086	-0.36035	-0.98036	0.32752	0.78768	-0.59215	-1.58139	0.1146	0.66394
YRIAPOlabel	LCdom_E4CEU_vs_E2CEU	LONRF2	ENSG00000170500	0.15433	1.04048	0.29962	0.95675	0.13142	0.91374	0.36217	0.92524	0.15433	1.04048	0.29962	0.95675	0.08987	0.66408	0.50756	0.97759	0.41505	2.90252	0.00391	0.08575	0.19555	1.42039	0.15629	0.73426
YRIAPOlabel	LCdom_E4CEU_vs_E2CEU	LOX	ENSG00000113083	-0.67563	-1.44684	0.14982	0.77018	-0.43939	-0.96951	0.3337	0.92524	-0.67563	-1.44684	0.14982	0.77018	-0.51223	-1.09282	0.27606	0.89967	-0.2101	-0.45752	0.64755	0.9376	-0.47881	-1.03108	0.30315	0.92774
YRIAPOlabel	LCdom_E4CEU_vs_E2CEU	LRRK1	ENSG00000154237	-0.12188	-0.41693	0.67727	0.97853	-0.14176	-0.4671	0.64104	0.98188	-0.12188	-0.41693	0.67727	0.97853	-0.19903	-0.57593	0.56545	0.97759	-0.01089	-0.03651	0.9709	0.97625	-0.15252	-0.49032	0.62418	0.99918
YRIAPOlabel	LCdom_E4CEU_vs_E2CEU	LRRK2	ENSG00000188906	-0.05376	-0.31797	0.7509	0.97853	-0.07359	-0.43174	0.66649	0.98188	-0.05376	-0.31797	0.7509	0.97853	-0.10947	-0.67806	0.49868	0.97759	0.08702	0.38478	0.70061	0.9376	-0.12995	-0.56014	0.57571	0.99918
YRIAPOlabel	LCdom_E4CEU_vs_E2CEU	LY86	ENSG00000112799	0.04272	0.14647	0.88373	0.97853	0.04542	0.15926	0.87366	0.98188	0.04272	0.14647	0.88373	0.97853	0.04687	0.14473	0.8851	0.97759	-0.08154	-0.23636	0.81327	0.97625	-0.1727	-0.49637	0.61991	0.99918
YRIAPOlabel	LCdom_E4CEU_vs_E2CEU	LYPD6	ENSG00000187123	-0.25514	-1.09749	0.27401	0.91123	-0.27005	-1.17304	0.24245	0.81001	-0.25514	-1.09749	0.27401	0.91123	-0.37142	-1.66295	0.09822	0.61809	-0.10867	-0.44135	0.6592	0.9376	-0.34977	-1.40927	0.15955	0.73426
YRIAPOlabel	LCdom_E4CEU_vs_E2CEU	LYPD6B	ENSG00000150556	-0.06048	-0.19652	0.84445	0.97853	-0.04211	-0.13749	0.89081	0.98188	-0.06048	-0.19652	0.84445	0.97853	-0.27485	-0.85913	0.39151	0.95017	0.27852	0.78746	0.4315	0.88087	0.00922	0.02552	0.97966	0.99918
YRIAPOlabel	LCdom_E4CEU_vs_E2CEU	LYVE1	ENSG00000133800	0.16498	0.47856	0.63288	0.97853	0.07868	0.22879	0.81932	0.98188	0.16498	0.47856	0.63288	0.97853	0.31632	0.94381	0.34665	0.92828	0.18337	0.45229	0.65131	0.9376	-0.0454	-0.11032	0.91221	0.99918
YRIAPOlabel	LCdom_E4CEU_vs_E2CEU	MAG	ENSG00000105695	0.42583	1.88786	0.06078	0.50419	0.45358	2.11318	0.03607	0.38728	0.42583	1.88786	0.06078	0.50419	0.35194	1.63019	0.10496	0.64074	0.50473	2.25895	0.02444	0.18202	0.33594	1.62262	0.10548	0.64216
YRIAPOlabel	LCdom_E4CEU_vs_E2CEU	MAL	ENSG00000172005	0.25789	1.20081	0.23152	0.86994	0.3285	1.58078	0.11582	0.61268	0.25789	1.20081	0.23152	0.86994	0.30761	1.53112	0.12765	0.69541	0.3989	2.00968	0.04515	0.27932	0.21495	1.17286	0.24157	0.88026
YRIAPOlabel	LCdom_E4CEU_vs_E2CEU	MAOA	ENSG00000189221	-0.08649	-0.39866	0.69065	0.97853	-0.12242	-0.56632	0.57194	0.98133	-0.08649	-0.39866	0.69065	0.97853	-0.11085	-0.58554	0.55898	0.97759	0.20317	1.17065	0.24245	0.72082	-0.01765	-0.10348	0.91763	0.99918
YRIAPOlabel	LCdom_E4CEU_vs_E2CEU	MAP1LC3B	ENSG00000140941	0.04329	0.27157	0.78629	0.97853	0.00316	0.02101	0.98327	0.9948	0.04329	0.27157	0.78629	0.97853	-0.01577	-0.11571	0.90802	0.97759	0.30863	1.95238	0.0516	0.29898	0.08375	0.58046	0.56194	0.99918
YRIAPOlabel	LCdom_E4CEU_vs_E2CEU	MCTP1	ENSG00000175471	0.00568	0.02576	0.97948	0.99403	-0.06249	-0.28648	0.77487	0.98188	0.00568	0.02576	0.97948	0.99403	-0.04182	-0.2111	0.83307	0.97759	0.28404	1.57604	0.11582	0.47284	0.02132	0.12401	0.90137	0.99918
YRIAPOlabel	LCdom_E4CEU_vs_E2CEU	MCTP2	ENSG00000140563	0.3422	1.15139	0.25122	0.87328	0.52176	1.86109	0.06449	0.48773	0.3422	1.15139	0.25122	0.87328	0.47665	1.56008	0.12065	0.68806	0.43219	1.12278	0.26222	0.72406	0.25287	0.65159	0.51505	0.99918
YRIAPOlabel	LCdom_E4CEU_vs_E2CEU	MEIS2	ENSG00000134138	0.04153	0.17129	0.8642	0.97853	-0.02822	-0.11676	0.90719	0.98188	0.04153	0.17129	0.8642	0.97853	-0.02461	-0.11248	0.91058	0.97759	0.12963	0.6108	0.54169	0.90212	-0.09654	-0.46699	0.64076	0.99918
YRIAPOlabel	LCdom_E4CEU_vs_E2CEU	MEPE	ENSG00000152595	0.35504	1.18	0.23968	0.86994	0.37496	1.27279	0.20486	0.7463	0.35504	1.18	0.23968	0.86994	-0.03089	-0.10433	0.91703	0.97759	0.34916	0.80042	0.42395	0.88087	0.16261	0.36805	0.71303	0.99918
YRIAPOlabel	LCdom_E4CEU_vs_E2CEU	MGST1	ENSG00000008394	-0.41628	-1.82962	0.06909	0.52537	-0.42235	-1.86972	0.06328	0.48773	-0.41628	-1.82962	0.06909	0.52537	-0.43666	-1.96512	0.05107	0.44826	-0.38015	-1.92987	0.05434	0.30054	-0.5087	-2.50952	0.01249	0.2386
YRIAPOlabel	LCdom_E4CEU_vs_E2CEU	MKI67	ENSG00000148773	-0.30751	-0.88728	0.3762	0.97853	-0.42346	-1.23992	0.21675	0.76808	-0.30751	-0.88728	0.3762	0.97853	-0.36856	-1.03015	0.30444	0.92828	-0.07487	-0.1825	0.85529	0.97625	-0.25645	-0.6209	0.53503	0.99918
YRIAPOlabel	LCdom_E4CEU_vs_E2CEU	MOBP	ENSG00000168314	0.23784	1.17957	0.23985	0.86994	0.28493	1.46273	0.14542	0.66714	0.23784	1.17957	0.23985	0.86994	0.19413	0.98777	0.32471	0.92828	0.38113	2.13371	0.03349	0.23062	0.18971	1.20768	0.2279	0.87355
YRIAPOlabel	LCdom_E4CEU_vs_E2CEU	MOG	ENSG00000204655	0.68564	2.64011	0.00907	0.21896	0.70477	2.81277	0.0055	0.17995	0.68564	2.64011	0.00907	0.21896	0.7225	2.83829	0.0051	0.16722	0.88266	3.6107	0.00035	0.04198	0.7151	3.18137	0.00158	0.08253
YRIAPOlabel	LCdom_E4CEU_vs_E2CEU	MS4A6A	ENSG00000110077	0.32334	1.0996	0.27309	0.91123	0.38724	1.28463	0.2007	0.7463	0.32334	1.0996	0.27309	0.91123	0.57383	1.7993	0.07379	0.54614	0.252	0.74802	0.4549	0.8975	-0.00229	-0.00685	0.99454	0.99918
YRIAPOlabel	LCdom_E4CEU_vs_E2CEU	MT1E	ENSG00000169715	-0.17658	-0.60246	0.54768	0.97853	-0.19116	-0.66191	0.50894	0.98133	-0.17658	-0.60246	0.54768	0.97853	-0.1756	-0.61783	0.53754	0.97759	-0.364	-1.51542	0.13047	0.50662	-0.48649	-2.00985	0.04513	0.41184
YRIAPOlabel	LCdom_E4CEU_vs_E2CEU	MT1X	ENSG00000187193	-0.25693	-0.7093	0.47913	0.97853	-0.25545	-0.71119	0.47796	0.98133	-0.25693	-0.7093	0.47913	0.97853	-0.30834	-0.86365	0.38903	0.95017	-0.5578	-1.64371	0.10104	0.44976	-0.6803	-1.95632	0.05114	0.42983
YRIAPOlabel	LCdom_E4CEU_vs_E2CEU	MYO16	ENSG00000041515	-0.09252	-0.31593	0.75245	0.97853	-0.21347	-0.73333	0.46439	0.96858	-0.09252	-0.31593	0.75245	0.97853	-0.19052	-0.71298	0.47686	0.97759	0.0328	0.13001	0.89662	0.97625	-0.27226	-1.12758	0.26019	0.90645
YRIAPOlabel	LCdom_E4CEU_vs_E2CEU	MYO5B	ENSG00000167306	-0.0578	-0.2004	0.84141	0.97853	-0.10952	-0.38705	0.69921	0.98188	-0.0578	-0.2004	0.84141	0.97853	0.01573	0.05442	0.95666	0.98361	-0.05585	-0.14215	0.88703	0.97625	-0.24344	-0.62468	0.53255	0.99918
YRIAPOlabel	LCdom_E4CEU_vs_E2CEU	MYRF	ENSG00000124920	0.42959	1.95606	0.05213	0.47937	0.48316	2.25736	0.02528	0.32959	0.42959	1.95606	0.05213	0.47937	0.41389	1.94639	0.0533	0.44826	0.55712	2.59887	0.00971	0.13121	0.4182	2.10562	0.03587	0.36372
YRIAPOlabel	LCdom_E4CEU_vs_E2CEU	NCSTN	ENSG00000162736	0.08649	0.57344	0.56712	0.97853	0.08998	0.62844	0.53058	0.98133	0.08649	0.57344	0.56712	0.97853	0.06261	0.47472	0.63561	0.97759	0.24122	1.48866	0.13738	0.51769	0.05305	0.33718	0.73616	0.99918
YRIAPOlabel	LCdom_E4CEU_vs_E2CEU	NDST4	ENSG00000138653	0.08991	0.2812	0.77891	0.97853	0.16971	0.53134	0.59589	0.98133	0.08991	0.2812	0.77891	0.97853	-0.20784	-0.63352	0.52727	0.97759	0.1477	0.41136	0.68104	0.9376	-0.03714	-0.10146	0.91924	0.99918
YRIAPOlabel	LCdom_E4CEU_vs_E2CEU	NES	ENSG00000132688	-0.16646	-0.79698	0.4266	0.97853	-0.2077	-1.00551	0.31611	0.92524	-0.16646	-0.79698	0.4266	0.97853	-0.0773	-0.38982	0.69717	0.97759	-0.15011	-0.64725	0.51785	0.90212	-0.30021	-1.32936	0.1845	0.78307
YRIAPOlabel	LCdom_E4CEU_vs_E2CEU	NFE2L2	ENSG00000116044	0.06455	0.33159	0.74061	0.97853	0.02483	0.13551	0.89238	0.98188	0.06455	0.33159	0.74061	0.97853	0.04564	0.25642	0.79795	0.97759	0.1614	0.97933	0.32802	0.78768	-0.03346	-0.21644	0.82876	0.99918
YRIAPOlabel	LCdom_E4CEU_vs_E2CEU	NKG7	ENSG00000105374	-0.29399	-0.51526	0.60705	0.97853	0.0142	0.02411	0.98079	0.9948	-0.29399	-0.51526	0.60705	0.97853	0.04823	0.07864	0.93742	0.97759	0.08851	0.13142	0.89552	0.97625	-0.31519	-0.46471	0.64243	0.99918
YRIAPOlabel	LCdom_E4CEU_vs_E2CEU	NMB	ENSG00000197696	0.07329	0.33813	0.73569	0.97853	0.05719	0.27639	0.78259	0.98188	0.07329	0.33813	0.73569	0.97853	0.05518	0.2702	0.78734	0.97759	0.25805	1.07438	0.28332	0.74396	0.02335	0.0991	0.92111	0.99918
YRIAPOlabel	LCdom_E4CEU_vs_E2CEU	NNAT	ENSG00000053438	-0.50192	-1.33536	0.18358	0.83361	-0.36905	-0.96243	0.33723	0.92524	-0.50192	-1.33536	0.18358	0.83361	-0.60444	-1.46437	0.145	0.72502	-0.40796	-1.33136	0.18385	0.62944	-0.59572	-1.85718	0.06404	0.49731
YRIAPOlabel	LCdom_E4CEU_vs_E2CEU	NOTCH1	ENSG00000148400	-0.19003	-1.15505	0.24972	0.87328	-0.18028	-1.08894	0.27775	0.86002	-0.19003	-1.15505	0.24972	0.87328	-0.22057	-1.40306	0.16247	0.77016	-0.09054	-0.54095	0.58885	0.92848	-0.23028	-1.35662	0.17569	0.76643
YRIAPOlabel	LCdom_E4CEU_vs_E2CEU	NPFFR2	ENSG00000056291	0.66745	1.36134	0.17524	0.82003	0.81791	1.72792	0.08585	0.53149	0.66745	1.36134	0.17524	0.82003	0.67486	1.37134	0.17213	0.77563	0.94465	2.06018	0.04004	0.26038	0.90703	1.96014	0.05069	0.42983
YRIAPOlabel	LCdom_E4CEU_vs_E2CEU	NPNT	ENSG00000168743	-0.20291	-0.61516	0.53928	0.97853	-0.04372	-0.13255	0.89471	0.98188	-0.20291	-0.61516	0.53928	0.97853	-0.10925	-0.31383	0.75405	0.97759	0.23952	0.64285	0.5207	0.90212	-0.01988	-0.0521	0.95848	0.99918
YRIAPOlabel	LCdom_E4CEU_vs_E2CEU	NPTN	ENSG00000156642	0.2042	1.58307	0.1153	0.668	0.22373	1.68134	0.09457	0.55674	0.2042	1.58307	0.1153	0.668	0.1348	0.9776	0.3297	0.92828	0.37406	2.76178	0.00602	0.10675	0.18163	1.35442	0.17638	0.76643
YRIAPOlabel	LCdom_E4CEU_vs_E2CEU	NPY	ENSG00000122585	-0.85921	-0.92792	0.35481	0.97372	-0.94917	-0.99747	0.32	0.92524	-0.85921	-0.92792	0.35481	0.97372	-0.9648	-1.04747	0.29642	0.92828	-0.3213	-0.42281	0.67267	0.9376	-0.39006	-0.5069	0.61252	0.99918
YRIAPOlabel	LCdom_E4CEU_vs_E2CEU	NPY1R	ENSG00000164128	0.05855	0.21727	0.82826	0.97853	0.09467	0.35291	0.7246	0.98188	0.05855	0.21727	0.82826	0.97853	-0.0454	-0.15428	0.87758	0.97759	0.13302	0.47787	0.63301	0.9376	-0.17595	-0.61546	0.53861	0.99918
YRIAPOlabel	LCdom_E4CEU_vs_E2CEU	NR2F2	ENSG00000185551	0.11504	0.49169	0.62359	0.97853	0.01066	0.04558	0.9637	0.99085	0.11504	0.49169	0.62359	0.97853	0.05085	0.2105	0.83354	0.97759	0.18764	0.71378	0.47579	0.90212	0.0654	0.2512	0.80179	0.99918
YRIAPOlabel	LCdom_E4CEU_vs_E2CEU	NR4A2	ENSG00000153234	-0.11285	-0.20418	0.83846	0.97853	0.0311	0.05639	0.9551	0.98798	-0.11285	-0.20418	0.83846	0.97853	0.23588	0.42682	0.67007	0.97759	0.222	0.43789	0.66171	0.9376	0.0276	0.05431	0.95672	0.99918
YRIAPOlabel	LCdom_E4CEU_vs_E2CEU	NRN1	ENSG00000124785	-0.21079	-1.05951	0.2909	0.93962	-0.19797	-0.98449	0.3263	0.92524	-0.21079	-1.05951	0.2909	0.93962	-0.22689	-1.16833	0.24436	0.84348	0.00923	0.04429	0.96469	0.97625	-0.15839	-0.77098	0.44118	0.99918
YRIAPOlabel	LCdom_E4CEU_vs_E2CEU	NRP1	ENSG00000099250	0.05441	0.28326	0.77733	0.97853	0.09756	0.51995	0.60379	0.98133	0.05441	0.28326	0.77733	0.97853	0.07716	0.41377	0.67958	0.97759	0.21729	0.8628	0.38877	0.86237	-0.01511	-0.05968	0.95244	0.99918
YRIAPOlabel	LCdom_E4CEU_vs_E2CEU	NTNG1	ENSG00000162631	-0.03229	-0.15329	0.87836	0.97853	-0.03904	-0.19174	0.84818	0.98188	-0.03229	-0.15329	0.87836	0.97853	0.03626	0.17805	0.8589	0.97759	0.31503	1.45077	0.14764	0.54204	0.1073	0.48483	0.62807	0.99918
YRIAPOlabel	LCdom_E4CEU_vs_E2CEU	NTNG2	ENSG00000196358	-0.12539	-0.54203	0.58852	0.97853	-0.02235	-0.10248	0.9185	0.98314	-0.12539	-0.54203	0.58852	0.97853	-0.00604	-0.02598	0.9793	0.9932	-0.0266	-0.12159	0.90329	0.97625	-0.24004	-1.10253	0.27091	0.90645
YRIAPOlabel	LCdom_E4CEU_vs_E2CEU	NTSR2	ENSG00000169006	-0.36675	-1.91444	0.05727	0.49384	-0.35075	-1.87162	0.06301	0.48773	-0.36675	-1.91444	0.05727	0.49384	-0.41519	-2.35122	0.01989	0.29698	-0.28757	-1.67945	0.09386	0.42869	-0.42585	-2.42667	0.01569	0.2386
YRIAPOlabel	LCdom_E4CEU_vs_E2CEU	NWD2	ENSG00000174145	-0.16311	-0.55472	0.57983	0.97853	-0.22417	-0.77037	0.44217	0.96858	-0.16311	-0.55472	0.57983	0.97853	-0.21244	-0.74208	0.45909	0.97759	0.11015	0.38427	0.70099	0.9376	-0.109	-0.3779	0.70571	0.99918
YRIAPOlabel	LCdom_E4CEU_vs_E2CEU	NXPH2	ENSG00000144227	0.13612	0.38039	0.70414	0.97853	0.07112	0.19692	0.84413	0.98188	0.13612	0.38039	0.70414	0.97853	0.07125	0.19286	0.84731	0.97759	0.1048	0.29551	0.76776	0.97379	0.00805	0.02278	0.98184	0.99918
YRIAPOlabel	LCdom_E4CEU_vs_E2CEU	OLIG1	ENSG00000184221	0.04366	0.21643	0.82892	0.97853	0.18022	0.91648	0.36074	0.92524	0.04366	0.21643	0.82892	0.97853	0.09675	0.5166	0.60613	0.97759	0.25225	1.38307	0.16743	0.58762	0.05037	0.29221	0.77028	0.99918
YRIAPOlabel	LCdom_E4CEU_vs_E2CEU	OLIG2	ENSG00000205927	-0.05704	-0.25095	0.80216	0.97853	0.08774	0.3947	0.69357	0.98188	-0.05704	-0.25095	0.80216	0.97853	0.00821	0.03809	0.96966	0.99139	0.1581	0.71752	0.47348	0.90212	-0.06519	-0.30303	0.76203	0.99918
YRIAPOlabel	LCdom_E4CEU_vs_E2CEU	OPALIN	ENSG00000197430	0.44403	1.90746	0.05818	0.49384	0.47251	2.05768	0.04118	0.40621	0.44403	1.90746	0.05818	0.49384	0.42171	1.76667	0.07913	0.54614	0.64248	2.66647	0.00798	0.11396	0.50097	2.16342	0.03111	0.34414
YRIAPOlabel	LCdom_E4CEU_vs_E2CEU	OTOGL	ENSG00000165899	0.03211	0.0786	0.93745	0.97853	-0.02444	-0.0611	0.95136	0.98798	0.03211	0.0786	0.93745	0.97853	0.16727	0.40291	0.68754	0.97759	0.151	0.37924	0.70472	0.9376	-0.04882	-0.1219	0.90304	0.99918
YRIAPOlabel	LCdom_E4CEU_vs_E2CEU	P2RY12	ENSG00000169313	-0.27647	-0.91954	0.35914	0.97372	-0.29468	-0.98826	0.32446	0.92524	-0.27647	-0.91954	0.35914	0.97372	-0.40187	-1.23392	0.21898	0.83182	-0.17782	-0.57486	0.56572	0.90614	-0.33058	-1.0722	0.28429	0.92055
YRIAPOlabel	LCdom_E4CEU_vs_E2CEU	P2RY13	ENSG00000181631	-0.19262	-0.71924	0.473	0.97853	-0.20566	-0.75744	0.44985	0.96858	-0.19262	-0.71924	0.473	0.97853	-0.27598	-0.90254	0.36808	0.95017	-0.09007	-0.2773	0.7817	0.97379	-0.20955	-0.64618	0.51854	0.99918
YRIAPOlabel	LCdom_E4CEU_vs_E2CEU	PAX6	ENSG00000007372	-0.67947	-2.56352	0.01124	0.21896	-0.64854	-2.46944	0.01454	0.26535	-0.67947	-2.56352	0.01124	0.21896	-0.59555	-2.31878	0.02163	0.29698	-0.65206	-2.25943	0.02441	0.18202	-0.79923	-2.70511	0.00713	0.16261
YRIAPOlabel	LCdom_E4CEU_vs_E2CEU	PCNA	ENSG00000132646	0.13845	1.09659	0.2744	0.91123	0.09133	0.75713	0.45004	0.96858	0.13845	1.09659	0.2744	0.91123	0.05622	0.48492	0.62837	0.97759	0.21915	1.59251	0.11208	0.47021	0.00886	0.06793	0.94588	0.99918
YRIAPOlabel	LCdom_E4CEU_vs_E2CEU	PCSK1	ENSG00000175426	0.19328	0.73521	0.46324	0.97853	0.14471	0.57091	0.56883	0.98133	0.19328	0.73521	0.46324	0.97853	0.19189	0.7829	0.43481	0.96771	0.29852	1.04053	0.29874	0.77332	0.11853	0.42949	0.6678	0.99918
YRIAPOlabel	LCdom_E4CEU_vs_E2CEU	PCSK1N	ENSG00000102109	-0.63929	-1.77678	0.07743	0.57674	-0.73229	-2.03848	0.04308	0.41381	-0.63929	-1.77678	0.07743	0.57674	-0.8864	-2.42058	0.01658	0.27505	-0.73413	-1.92324	0.05519	0.30064	-0.88112	-2.2265	0.02656	0.31462
YRIAPOlabel	LCdom_E4CEU_vs_E2CEU	PCSK6	ENSG00000140479	0.20249	0.8859	0.37694	0.97853	0.29117	1.34958	0.17898	0.74236	0.20249	0.8859	0.37694	0.97853	0.10459	0.48676	0.62707	0.97759	0.34439	1.61821	0.10642	0.46013	0.13144	0.67285	0.50144	0.99918
YRIAPOlabel	LCdom_E4CEU_vs_E2CEU	PDGFD	ENSG00000170962	0.03973	0.15268	0.87883	0.97853	-0.03037	-0.11567	0.90805	0.98188	0.03973	0.15268	0.87883	0.97853	0.01496	0.06256	0.95019	0.98361	0.27179	1.26829	0.20545	0.65779	0.05268	0.25009	0.80265	0.99918
YRIAPOlabel	LCdom_E4CEU_vs_E2CEU	PDGFRA	ENSG00000134853	0.07658	0.31956	0.7497	0.97853	0.19869	0.82664	0.40962	0.95841	0.07658	0.31956	0.7497	0.97853	0.05642	0.24604	0.80596	0.97759	0.27506	1.09936	0.27229	0.73357	0.0613	0.25307	0.80034	0.99918
YRIAPOlabel	LCdom_E4CEU_vs_E2CEU	PECAM1	ENSG00000261371	0.15177	0.70293	0.48308	0.97853	0.09618	0.47775	0.63345	0.98188	0.15177	0.70293	0.48308	0.97853	0.19365	0.94762	0.34471	0.92828	0.09956	0.3926	0.69483	0.9376	0.01449	0.05875	0.95318	0.99918
YRIAPOlabel	LCdom_E4CEU_vs_E2CEU	PENK	ENSG00000181195	-0.97242	-2.99236	0.00319	0.21896	-1.02483	-3.0799	0.00242	0.12635	-0.97242	-2.99236	0.00319	0.21896	-1.468	-3.97084	0.00011	0.02987	-0.75337	-2.4422	0.01504	0.1469	-0.83425	-2.62922	0.0089	0.19099
YRIAPOlabel	LCdom_E4CEU_vs_E2CEU	PGRMC1	ENSG00000101856	0.11808	0.66986	0.50387	0.97853	0.09434	0.56289	0.57426	0.98133	0.11808	0.66986	0.50387	0.97853	0.04662	0.29196	0.77069	0.97759	0.38919	2.45789	0.01441	0.1469	0.14828	1.01085	0.31271	0.93558
YRIAPOlabel	LCdom_E4CEU_vs_E2CEU	PHLDB2	ENSG00000144824	-0.06271	-0.31791	0.75095	0.97853	-0.08679	-0.46158	0.64498	0.98188	-0.06271	-0.31791	0.75095	0.97853	-0.06056	-0.31153	0.75579	0.97759	-0.11869	-0.47894	0.63225	0.9376	-0.24273	-0.99358	0.32104	0.93834
YRIAPOlabel	LCdom_E4CEU_vs_E2CEU	PLCE1	ENSG00000138193	-0.14331	-0.59591	0.55204	0.97853	-0.12151	-0.5018	0.61647	0.98133	-0.14331	-0.59591	0.55204	0.97853	-0.07504	-0.30601	0.75998	0.97759	-0.09411	-0.35435	0.72327	0.95232	-0.25147	-0.91916	0.35858	0.96545
YRIAPOlabel	LCdom_E4CEU_vs_E2CEU	PLCH1	ENSG00000114805	0.38167	1.70886	0.08933	0.61523	0.38906	1.73743	0.08416	0.53149	0.38167	1.70886	0.08933	0.61523	0.2636	1.1505	0.2516	0.84937	0.5719	2.36107	0.01871	0.16261	0.34104	1.39207	0.16469	0.73426
YRIAPOlabel	LCdom_E4CEU_vs_E2CEU	PLD5	ENSG00000180287	0.37943	2.03701	0.04323	0.46607	0.38858	2.11316	0.03608	0.38728	0.37943	2.03701	0.04323	0.46607	0.34152	1.84504	0.06682	0.51892	0.49995	2.36456	0.01854	0.16261	0.30965	1.4946	0.13583	0.69886
YRIAPOlabel	LCdom_E4CEU_vs_E2CEU	PLPP3	ENSG00000162407	-0.53323	-2.75915	0.00644	0.21896	-0.52498	-2.7882	0.00592	0.17995	-0.53323	-2.75915	0.00644	0.21896	-0.53317	-2.93696	0.00379	0.13824	-0.43274	-2.66186	0.00809	0.11396	-0.56887	-3.42871	0.00067	0.05739
YRIAPOlabel	LCdom_E4CEU_vs_E2CEU	POSTN	ENSG00000133110	-0.38671	-0.75173	0.45327	0.97853	-0.38025	-0.74633	0.45652	0.96858	-0.38671	-0.75173	0.45327	0.97853	-0.3813	-0.7453	0.45715	0.97759	0.11719	0.22767	0.82003	0.97625	0.07283	0.14241	0.88683	0.99918
YRIAPOlabel	LCdom_E4CEU_vs_E2CEU	POU6F2	ENSG00000106536	-0.36604	-1.65301	0.10021	0.63869	-0.20725	-0.91313	0.36249	0.92524	-0.36604	-1.65301	0.10021	0.63869	-0.34662	-1.48728	0.13885	0.71118	-0.2598	-0.83358	0.40503	0.86453	-0.3544	-1.09733	0.27318	0.90645
YRIAPOlabel	LCdom_E4CEU_vs_E2CEU	PPME1	ENSG00000214517	0.07938	0.59525	0.55248	0.97853	0.06377	0.49212	0.62328	0.98133	0.07938	0.59525	0.55248	0.97853	0.05648	0.46221	0.64454	0.97759	0.29462	2.26046	0.02434	0.18202	0.07571	0.62692	0.53108	0.99918
YRIAPOlabel	LCdom_E4CEU_vs_E2CEU	PPP1R15A	ENSG00000087074	0.06647	0.27451	0.78404	0.97853	0.0704	0.30046	0.7642	0.98188	0.06647	0.27451	0.78404	0.97853	0.06009	0.25295	0.80062	0.97759	0.02795	0.12124	0.90357	0.97625	-0.09762	-0.42638	0.67007	0.99918
YRIAPOlabel	LCdom_E4CEU_vs_E2CEU	PRCP	ENSG00000137509	-0.05636	-0.37419	0.70874	0.97853	-0.10801	-0.7498	0.45443	0.96858	-0.05636	-0.37419	0.70874	0.97853	-0.14514	-1.09765	0.27395	0.89967	0.04222	0.27053	0.7869	0.97625	-0.13717	-0.87733	0.38085	0.96545
YRIAPOlabel	LCdom_E4CEU_vs_E2CEU	PROX1	ENSG00000117707	0.57408	2.52221	0.0126	0.21896	0.70177	3.19209	0.00169	0.11002	0.57408	2.52221	0.0126	0.21896	0.70026	3.18618	0.00172	0.13824	0.64097	3.11592	0.00197	0.06533	0.47092	2.4383	0.0152	0.2386
YRIAPOlabel	LCdom_E4CEU_vs_E2CEU	PSEN1	ENSG00000080815	0.16656	1.03656	0.30144	0.95675	0.22811	1.44663	0.14988	0.66714	0.16656	1.03656	0.30144	0.95675	0.20269	1.35068	0.17864	0.77624	0.334	2.37716	0.01793	0.16261	0.16159	1.25902	0.20877	0.83739
YRIAPOlabel	LCdom_E4CEU_vs_E2CEU	PSEN2	ENSG00000143801	-0.02346	-0.15948	0.87349	0.97853	-0.01556	-0.10851	0.91372	0.98188	-0.02346	-0.15948	0.87349	0.97853	-0.09015	-0.66316	0.50815	0.97759	0.10894	0.58894	0.55624	0.90212	-0.09681	-0.52267	0.6015	0.99918
YRIAPOlabel	LCdom_E4CEU_vs_E2CEU	PSENEN	ENSG00000205155	-0.09585	-0.6276	0.53113	0.97853	-0.07313	-0.5036	0.6152	0.98133	-0.09585	-0.6276	0.53113	0.97853	-0.11623	-0.80939	0.41945	0.95017	0.16125	0.93736	0.34915	0.82219	-0.07244	-0.44226	0.65854	0.99918
YRIAPOlabel	LCdom_E4CEU_vs_E2CEU	PTCHD4	ENSG00000244694	0.59736	2.54633	0.01179	0.21896	0.60158	2.59315	0.01036	0.25251	0.59736	2.54633	0.01179	0.21896	0.28835	1.21376	0.22657	0.83533	0.59491	1.99033	0.04726	0.28751	0.47347	1.5386	0.12472	0.69886
YRIAPOlabel	LCdom_E4CEU_vs_E2CEU	PTPRC	ENSG00000081237	0.23123	0.95309	0.34192	0.97372	0.32792	1.35611	0.1769	0.74216	0.23123	0.95309	0.34192	0.97372	0.27168	0.99214	0.32258	0.92828	0.12379	0.41489	0.67845	0.9376	-0.03982	-0.13597	0.89191	0.99918
YRIAPOlabel	LCdom_E4CEU_vs_E2CEU	PTPRZ1	ENSG00000106278	-0.33554	-1.74387	0.08302	0.59417	-0.28548	-1.50019	0.13546	0.65054	-0.33554	-1.74387	0.08302	0.59417	-0.35195	-2.07118	0.0399	0.40735	-0.19023	-1.09697	0.27333	0.73357	-0.37019	-2.1177	0.03483	0.36372
YRIAPOlabel	LCdom_E4CEU_vs_E2CEU	PVALB	ENSG00000100362	0.14657	0.37163	0.71064	0.97853	0.08487	0.22105	0.82532	0.98188	0.14657	0.37163	0.71064	0.97853	0.11447	0.2737	0.78466	0.97759	0.17728	0.37764	0.70591	0.9376	-0.09216	-0.19269	0.8473	0.99918
YRIAPOlabel	LCdom_E4CEU_vs_E2CEU	RALA	ENSG00000006451	0.08191	0.45271	0.65134	0.97853	0.06918	0.38889	0.69785	0.98188	0.08191	0.45271	0.65134	0.97853	0.00681	0.04259	0.96608	0.99051	0.26232	1.8953	0.05879	0.31555	0.04211	0.33291	0.73938	0.99918
YRIAPOlabel	LCdom_E4CEU_vs_E2CEU	RASD1	ENSG00000108551	0.0301	0.08029	0.9361	0.97853	0.00037	0.00101	0.9992	0.9992	0.0301	0.08029	0.9361	0.97853	0.12093	0.33471	0.73827	0.97759	-0.18557	-0.5744	0.56603	0.90614	-0.1981	-0.61897	0.5363	0.99918
YRIAPOlabel	LCdom_E4CEU_vs_E2CEU	RASGRP1	ENSG00000172575	-0.63771	-1.98781	0.04847	0.47937	-0.48588	-1.50889	0.13322	0.64834	-0.63771	-1.98781	0.04847	0.47937	-0.41646	-1.33143	0.18488	0.78467	-0.5278	-1.24268	0.21475	0.67572	-0.75318	-1.75545	0.07999	0.57245
YRIAPOlabel	LCdom_E4CEU_vs_E2CEU	REEP1	ENSG00000068615	0.07766	0.38381	0.70161	0.97853	0.01429	0.07195	0.94273	0.98798	0.07766	0.38381	0.70161	0.97853	0.01731	0.0911	0.92753	0.97759	0.42782	2.31102	0.02135	0.17812	0.18632	1.05845	0.2905	0.92142
YRIAPOlabel	LCdom_E4CEU_vs_E2CEU	RELN	ENSG00000189056	0.53241	1.34106	0.18172	0.83361	0.34711	0.89839	0.37028	0.93855	0.53241	1.34106	0.18172	0.83361	0.2366	0.60724	0.54453	0.97759	0.59604	1.71178	0.08773	0.42135	0.3703	1.05779	0.29081	0.92142
YRIAPOlabel	LCdom_E4CEU_vs_E2CEU	RFTN1	ENSG00000131378	-0.13185	-0.62568	0.53238	0.97853	-0.18562	-0.88387	0.37804	0.94509	-0.13185	-0.62568	0.53238	0.97853	-0.28573	-1.31565	0.19011	0.79437	-0.20579	-0.78848	0.4309	0.88087	-0.23312	-0.87922	0.37982	0.96545
YRIAPOlabel	LCdom_E4CEU_vs_E2CEU	RGMA	ENSG00000182175	-0.17344	-0.77909	0.43703	0.97853	-0.17397	-0.8158	0.41578	0.96662	-0.17344	-0.77909	0.43703	0.97853	-0.22065	-1.03944	0.30012	0.92828	-0.02771	-0.12588	0.89989	0.97625	-0.14115	-0.63016	0.52896	0.99918
YRIAPOlabel	LCdom_E4CEU_vs_E2CEU	RGS10	ENSG00000148908	-0.00948	-0.03543	0.97178	0.99078	-0.03902	-0.14533	0.88462	0.98188	-0.00948	-0.03543	0.97178	0.99078	-0.0346	-0.11401	0.90937	0.97759	0.04746	0.15261	0.87879	0.97625	-0.12915	-0.41465	0.67862	0.99918
YRIAPOlabel	LCdom_E4CEU_vs_E2CEU	RGS16	ENSG00000143333	0.08477	0.26544	0.791	0.97853	0.09532	0.29667	0.76709	0.98188	0.08477	0.26544	0.791	0.97853	0.05312	0.15803	0.87462	0.97759	0.10813	0.28502	0.77578	0.97379	-0.03904	-0.10223	0.91863	0.99918
YRIAPOlabel	LCdom_E4CEU_vs_E2CEU	RIT2	ENSG00000152214	0.03724	0.16651	0.86796	0.97853	-0.01555	-0.07009	0.94421	0.98798	0.03724	0.16651	0.86796	0.97853	-0.01193	-0.05594	0.95546	0.98361	0.27726	1.22895	0.21983	0.68579	0.07903	0.36372	0.71626	0.99918
YRIAPOlabel	LCdom_E4CEU_vs_E2CEU	RNASET2	ENSG00000026297	-0.07982	-0.37984	0.70455	0.97853	-0.05956	-0.27375	0.78462	0.98188	-0.07982	-0.37984	0.70455	0.97853	-0.09607	-0.38164	0.70322	0.97759	-0.014	-0.07245	0.94228	0.97625	-0.1688	-0.83418	0.40469	0.96545
YRIAPOlabel	LCdom_E4CEU_vs_E2CEU	RNF144B	ENSG00000137393	-0.2944	-1.39527	0.16479	0.79371	-0.37068	-1.84499	0.06681	0.48773	-0.2944	-1.39527	0.16479	0.79371	-0.23353	-1.14552	0.25365	0.84937	-0.22349	-0.78112	0.43521	0.88087	-0.33628	-1.18312	0.23749	0.88026
YRIAPOlabel	LCdom_E4CEU_vs_E2CEU	RORB	ENSG00000198963	-0.12184	-0.43394	0.66489	0.97853	-0.17064	-0.6055	0.54567	0.98133	-0.12184	-0.43394	0.66489	0.97853	-0.19848	-0.70289	0.48311	0.97759	0.01895	0.06489	0.94829	0.97625	-0.12425	-0.41862	0.67573	0.99918
YRIAPOlabel	LCdom_E4CEU_vs_E2CEU	ROS1	ENSG00000047936	-0.00251	-0.00749	0.99403	0.99403	0.00436	0.01293	0.9897	0.99515	-0.00251	-0.00749	0.99403	0.99403	-0.05129	-0.14575	0.8843	0.97759	0.41394	0.88407	0.37721	0.85128	0.22037	0.47001	0.63861	0.99918
YRIAPOlabel	LCdom_E4CEU_vs_E2CEU	RSPO2	ENSG00000147655	0.27494	0.80359	0.42278	0.97853	0.49747	1.47229	0.14283	0.66714	0.27494	0.80359	0.42278	0.97853	0.40241	1.15505	0.24973	0.84937	0.7025	1.95507	0.05129	0.29898	0.57926	1.58347	0.11412	0.66394
YRIAPOlabel	LCdom_E4CEU_vs_E2CEU	RXFP1	ENSG00000171509	-0.0857	-0.17335	0.86259	0.97853	-0.06248	-0.12928	0.89729	0.98188	-0.0857	-0.17335	0.86259	0.97853	0.04673	0.09002	0.92838	0.97759	-0.2067	-0.35162	0.72533	0.95232	-0.24504	-0.40255	0.68751	0.99918
YRIAPOlabel	LCdom_E4CEU_vs_E2CEU	RYR3	ENSG00000198838	-0.50695	-2.14362	0.03351	0.412	-0.50279	-2.07187	0.03982	0.4037	-0.50695	-2.14362	0.03351	0.412	-0.51179	-2.1887	0.03002	0.35346	-0.47011	-2.02471	0.04358	0.27422	-0.57962	-2.47684	0.01368	0.2386
YRIAPOlabel	LCdom_E4CEU_vs_E2CEU	S100A4	ENSG00000196154	-0.03164	-0.13305	0.89431	0.97853	0.03737	0.16613	0.86825	0.98188	-0.03164	-0.13305	0.89431	0.97853	0.23989	1.00404	0.31683	0.92828	0.17852	0.67851	0.49785	0.90212	0.01574	0.06026	0.95198	0.99918
YRIAPOlabel	LCdom_E4CEU_vs_E2CEU	SAMD5	ENSG00000203727	-0.14978	-0.6322	0.52812	0.97853	-0.19611	-0.87713	0.38168	0.9477	-0.14978	-0.6322	0.52812	0.97853	-0.16237	-0.75704	0.45011	0.97759	0.04984	0.2516	0.80148	0.97625	-0.17164	-0.92921	0.35335	0.96545
YRIAPOlabel	LCdom_E4CEU_vs_E2CEU	SARAF	ENSG00000133872	-0.1073	-0.79486	0.42782	0.97853	-0.09884	-0.76362	0.44617	0.96858	-0.1073	-0.79486	0.42782	0.97853	-0.15078	-1.1913	0.23524	0.8418	0.10633	0.73169	0.4648	0.90212	-0.09266	-0.67003	0.50323	0.99918
YRIAPOlabel	LCdom_E4CEU_vs_E2CEU	SDK1	ENSG00000146555	-0.14365	-0.52103	0.60304	0.97853	-0.14107	-0.51167	0.60956	0.98133	-0.14365	-0.52103	0.60304	0.97853	-0.1336	-0.47309	0.63677	0.97759	0.00693	0.02412	0.98077	0.98077	-0.12224	-0.41937	0.67518	0.99918
YRIAPOlabel	LCdom_E4CEU_vs_E2CEU	SEMA5A	ENSG00000112902	0.18373	0.91848	0.35969	0.97372	0.24229	1.17629	0.24115	0.81001	0.18373	0.91848	0.35969	0.97372	0.10632	0.52104	0.60303	0.97759	0.27048	1.33468	0.18276	0.62944	0.11011	0.53387	0.59374	0.99918
YRIAPOlabel	LCdom_E4CEU_vs_E2CEU	SERPINA3	ENSG00000196136	0.69893	1.5196	0.1305	0.73283	0.57977	1.29661	0.19656	0.7463	0.69893	1.5196	0.1305	0.73283	0.42975	0.94035	0.34842	0.92828	0.03952	0.09244	0.92639	0.97625	0.08202	0.19366	0.84654	0.99918
YRIAPOlabel	LCdom_E4CEU_vs_E2CEU	SEZ6L2	ENSG00000174938	0.00147	0.01107	0.99118	0.99403	-0.00356	-0.02735	0.97822	0.9948	0.00147	0.01107	0.99118	0.99403	-0.0668	-0.5059	0.6136	0.97759	0.13819	0.99507	0.32032	0.77968	-0.02924	-0.21359	0.83098	0.99918
YRIAPOlabel	LCdom_E4CEU_vs_E2CEU	SFRP2	ENSG00000145423	-0.38573	-0.84208	0.40095	0.97853	-0.22434	-0.51169	0.60954	0.98133	-0.38573	-0.84208	0.40095	0.97853	-0.28815	-0.6869	0.49311	0.97759	-0.15709	-0.33504	0.73778	0.95871	-0.6942	-1.46293	0.14431	0.71323
YRIAPOlabel	LCdom_E4CEU_vs_E2CEU	SLC17A6	ENSG00000091664	0.35205	1.43828	0.15223	0.7717	0.4376	1.77486	0.07774	0.52097	0.35205	1.43828	0.15223	0.7717	0.30877	1.20561	0.22969	0.83837	0.64845	2.48941	0.01321	0.1469	0.46353	1.73211	0.08404	0.58104
YRIAPOlabel	LCdom_E4CEU_vs_E2CEU	SLC17A7	ENSG00000104888	0.40614	0.63006	0.52952	0.97853	0.40295	0.6412	0.52228	0.98133	0.40614	0.63006	0.52952	0.97853	0.60374	0.89165	0.37389	0.95017	0.42577	0.60967	0.54243	0.90212	0.15858	0.22709	0.82047	0.99918
YRIAPOlabel	LCdom_E4CEU_vs_E2CEU	SLC18A2	ENSG00000165646	-0.19461	-0.58364	0.56025	0.97853	-0.25437	-0.75334	0.45231	0.96858	-0.19461	-0.58364	0.56025	0.97853	-0.21541	-0.63398	0.52698	0.97759	-0.05448	-0.16124	0.87199	0.97625	-0.26682	-0.80414	0.42181	0.99083
YRIAPOlabel	LCdom_E4CEU_vs_E2CEU	SLC24A3	ENSG00000185052	-0.0801	-0.4571	0.6482	0.97853	-0.09909	-0.561	0.57555	0.98133	-0.0801	-0.4571	0.6482	0.97853	-0.20205	-1.16683	0.24496	0.84348	0.07872	0.4579	0.64727	0.9376	-0.15174	-0.86064	0.38996	0.96545
YRIAPOlabel	LCdom_E4CEU_vs_E2CEU	SLC26A4	ENSG00000091137	-0.33988	-1.18194	0.23891	0.86994	-0.28498	-1.00507	0.31632	0.92524	-0.33988	-1.18194	0.23891	0.86994	-0.25704	-0.87397	0.3834	0.95017	0.03826	0.09815	0.92186	0.97625	-0.0654	-0.16662	0.86776	0.99918
YRIAPOlabel	LCdom_E4CEU_vs_E2CEU	SLC6A2	ENSG00000103546	-0.13487	-0.39763	0.69141	0.97853	-0.18333	-0.53022	0.59666	0.98133	-0.13487	-0.39763	0.69141	0.97853	-0.12982	-0.37627	0.7072	0.97759	0.19363	0.60001	0.54885	0.90212	-0.04207	-0.13019	0.89649	0.99918
YRIAPOlabel	LCdom_E4CEU_vs_E2CEU	SLC6A3	ENSG00000142319	0.07349	0.34973	0.72698	0.97853	0.07404	0.36973	0.71206	0.98188	0.07349	0.34973	0.72698	0.97853	-0.05713	-0.27876	0.78078	0.97759	0.08439	0.30578	0.75993	0.97379	-0.12386	-0.46315	0.64352	0.99918
YRIAPOlabel	LCdom_E4CEU_vs_E2CEU	SLC6A4	ENSG00000108576	0.27887	0.56433	0.57329	0.97853	-0.2004	-0.40173	0.6884	0.98188	0.27887	0.56433	0.57329	0.97853	-0.23774	-0.45139	0.6523	0.97759	0.31341	0.656	0.51221	0.90212	0.07017	0.14719	0.88306	0.99918
YRIAPOlabel	LCdom_E4CEU_vs_E2CEU	SLC7A11	ENSG00000151012	-0.43423	-2.2178	0.02792	0.37234	-0.42925	-2.21482	0.02813	0.34657	-0.43423	-2.2178	0.02792	0.37234	-0.4448	-2.31529	0.02183	0.29698	-0.32683	-1.6222	0.10557	0.46013	-0.47861	-2.31765	0.02098	0.30449
YRIAPOlabel	LCdom_E4CEU_vs_E2CEU	SLIT3	ENSG00000184347	0.01184	0.04894	0.96103	0.98699	0.07576	0.32212	0.74777	0.98188	0.01184	0.04894	0.96103	0.98699	0.1957	0.74869	0.45511	0.97759	0.03018	0.09842	0.92165	0.97625	-0.08044	-0.25152	0.80154	0.99918
YRIAPOlabel	LCdom_E4CEU_vs_E2CEU	SNCB	ENSG00000074317	-0.06504	-0.37479	0.70829	0.97853	-0.09797	-0.5656	0.57243	0.98133	-0.06504	-0.37479	0.70829	0.97853	-0.1647	-0.86573	0.38789	0.95017	-0.02051	-0.12778	0.89839	0.97625	-0.17504	-1.05334	0.29284	0.92142
YRIAPOlabel	LCdom_E4CEU_vs_E2CEU	SNCG	ENSG00000173267	-0.44068	-1.93005	0.0553	0.49227	-0.47757	-2.08928	0.0382	0.39838	-0.44068	-1.93005	0.0553	0.49227	-0.48573	-1.99515	0.04767	0.44613	-0.43645	-1.83766	0.06687	0.34376	-0.5556	-2.30499	0.02169	0.30449
YRIAPOlabel	LCdom_E4CEU_vs_E2CEU	SNTB2	ENSG00000168807	0.01884	0.13091	0.896	0.97853	0.07543	0.54507	0.58643	0.98133	0.01884	0.13091	0.896	0.97853	0.03558	0.28017	0.7797	0.97759	0.0858	0.4563	0.64842	0.9376	-0.05787	-0.31177	0.75538	0.99918
YRIAPOlabel	LCdom_E4CEU_vs_E2CEU	SORCS1	ENSG00000108018	0.04023	0.14606	0.88405	0.97853	-0.12751	-0.47459	0.6357	0.98188	0.04023	0.14606	0.88405	0.97853	-0.05206	-0.21471	0.83026	0.97759	0.14542	0.53926	0.59001	0.92848	-0.08501	-0.31614	0.75206	0.99918
YRIAPOlabel	LCdom_E4CEU_vs_E2CEU	SOX10	ENSG00000100146	0.24576	1.28537	0.20044	0.86994	0.33178	1.83328	0.06854	0.49056	0.24576	1.28537	0.20044	0.86994	0.23084	1.31146	0.19152	0.79437	0.42445	2.43732	0.01524	0.1469	0.24459	1.50392	0.13341	0.69886
YRIAPOlabel	LCdom_E4CEU_vs_E2CEU	SOX11	ENSG00000176887	0.12351	0.65738	0.51184	0.97853	0.09784	0.54605	0.58576	0.98133	0.12351	0.65738	0.51184	0.97853	0.02525	0.13593	0.89204	0.97759	0.2538	1.13671	0.25635	0.72406	0.21064	0.97306	0.33113	0.94145
YRIAPOlabel	LCdom_E4CEU_vs_E2CEU	SOX2	ENSG00000181449	-0.42222	-1.76449	0.07948	0.58019	-0.41748	-1.8117	0.07183	0.5042	-0.42222	-1.76449	0.07948	0.58019	-0.46492	-2.0453	0.04241	0.40735	-0.35357	-1.79058	0.07413	0.36078	-0.50419	-2.47381	0.01379	0.2386
YRIAPOlabel	LCdom_E4CEU_vs_E2CEU	SOX4	ENSG00000124766	-0.09901	-0.50191	0.61639	0.97853	-0.02883	-0.14967	0.8812	0.98188	-0.09901	-0.50191	0.61639	0.97853	-0.13758	-0.70887	0.47941	0.97759	0.11209	0.41937	0.67518	0.9376	-0.04581	-0.16646	0.86788	0.99918
YRIAPOlabel	LCdom_E4CEU_vs_E2CEU	SOX9	ENSG00000125398	-0.75639	-2.73849	0.00684	0.21896	-0.80139	-2.93635	0.00379	0.15372	-0.75639	-2.73849	0.00684	0.21896	-0.79441	-2.98178	0.0033	0.13824	-0.74045	-2.91586	0.00375	0.08575	-0.84927	-3.21814	0.0014	0.08253
YRIAPOlabel	LCdom_E4CEU_vs_E2CEU	SPARC	ENSG00000113140	-0.41542	-2.5609	0.01133	0.21896	-0.36949	-2.28732	0.02343	0.32959	-0.41542	-2.5609	0.01133	0.21896	-0.41599	-2.56798	0.01111	0.22537	-0.35949	-2.28764	0.02269	0.18202	-0.48732	-3.0189	0.0027	0.12333
YRIAPOlabel	LCdom_E4CEU_vs_E2CEU	SPHKAP	ENSG00000153820	0.3743	1.64675	0.10149	0.63869	0.40265	1.77031	0.0785	0.52097	0.3743	1.64675	0.10149	0.63869	0.39088	1.67091	0.09663	0.61809	0.51908	2.25056	0.02497	0.18226	0.32854	1.44677	0.14876	0.72398
YRIAPOlabel	LCdom_E4CEU_vs_E2CEU	SPI1	ENSG00000066336	0.31436	1.83374	0.06847	0.52537	0.26414	1.56439	0.11962	0.62374	0.31436	1.83374	0.06847	0.52537	0.30749	1.62847	0.10533	0.64074	0.35063	1.65103	0.09953	0.44852	0.20721	0.99294	0.32135	0.93834
YRIAPOlabel	LCdom_E4CEU_vs_E2CEU	SPON1	ENSG00000262655	-0.23237	-1.10643	0.27013	0.91123	-0.24001	-1.17388	0.24212	0.81001	-0.23237	-1.10643	0.27013	0.91123	-0.25968	-1.34311	0.18108	0.77757	-0.19414	-1.01797	0.30932	0.77968	-0.27597	-1.39788	0.16294	0.73426
YRIAPOlabel	LCdom_E4CEU_vs_E2CEU	SREBF1	ENSG00000072310	-0.08207	-0.46194	0.64472	0.97853	-0.0563	-0.32066	0.74887	0.98188	-0.08207	-0.46194	0.64472	0.97853	-0.09737	-0.57213	0.56801	0.97759	0.066	0.40748	0.68388	0.9376	-0.05989	-0.374	0.70861	0.99918
YRIAPOlabel	LCdom_E4CEU_vs_E2CEU	SSR4	ENSG00000180879	0.02854	0.24512	0.80666	0.97853	0.04717	0.41085	0.68171	0.98188	0.02854	0.24512	0.80666	0.97853	-0.00169	-0.01594	0.9873	0.99419	0.1904	1.53995	0.12438	0.48815	-0.01257	-0.10582	0.91578	0.99918
YRIAPOlabel	LCdom_E4CEU_vs_E2CEU	SST	ENSG00000157005	0.15367	0.37387	0.70897	0.97853	0.23059	0.57948	0.56305	0.98133	0.15367	0.37387	0.70897	0.97853	0.37037	0.82554	0.41026	0.95017	0.2572	0.63663	0.52474	0.90212	-0.03262	-0.07913	0.93697	0.99918
YRIAPOlabel	LCdom_E4CEU_vs_E2CEU	ST18	ENSG00000147488	0.63415	2.88346	0.00445	0.21896	0.68277	3.25996	0.00135	0.11002	0.63415	2.88346	0.00445	0.21896	0.64044	3.01439	0.00298	0.13824	0.70043	3.46198	6e-04	0.04346	0.52722	2.83231	0.00486	0.14362
YRIAPOlabel	LCdom_E4CEU_vs_E2CEU	STAT3	ENSG00000168610	0.04812	0.32512	0.7455	0.97853	0.00698	0.0502	0.96002	0.98985	0.04812	0.32512	0.7455	0.97853	0.00338	0.02561	0.9796	0.9932	0.10826	0.73689	0.46163	0.90104	-0.06437	-0.45737	0.64766	0.99918
YRIAPOlabel	LCdom_E4CEU_vs_E2CEU	STK32B	ENSG00000152953	0.02501	0.13156	0.89549	0.97853	0.08465	0.45068	0.65281	0.98188	0.02501	0.13156	0.89549	0.97853	-0.05138	-0.26626	0.79037	0.97759	0.08179	0.3831	0.70185	0.9376	-0.11716	-0.54528	0.58587	0.99918
YRIAPOlabel	LCdom_E4CEU_vs_E2CEU	STXBP2	ENSG00000076944	0.02749	0.16526	0.86894	0.97853	0.05752	0.34197	0.73281	0.98188	0.02749	0.16526	0.86894	0.97853	0.0686	0.36829	0.71313	0.97759	0.03179	0.1472	0.88305	0.97625	-0.09385	-0.43573	0.66328	0.99918
YRIAPOlabel	LCdom_E4CEU_vs_E2CEU	SULF1	ENSG00000137573	-0.42522	-1.41363	0.15933	0.7859	-0.49189	-1.65014	0.1008	0.57907	-0.42522	-1.41363	0.15933	0.7859	-0.42228	-1.54689	0.1238	0.68806	-0.15225	-0.60289	0.54693	0.90212	-0.37408	-1.48688	0.13786	0.69886
YRIAPOlabel	LCdom_E4CEU_vs_E2CEU	SYNPR	ENSG00000163630	0.52246	2.03517	0.04342	0.46607	0.33249	1.32683	0.18638	0.7463	0.52246	2.03517	0.04342	0.46607	0.14573	0.55892	0.57697	0.97759	0.61144	2.55877	0.01088	0.14106	0.35432	1.49555	0.13558	0.69886
YRIAPOlabel	LCdom_E4CEU_vs_E2CEU	TAC1	ENSG00000006128	0.96656	2.5261	0.01246	0.21896	0.86849	2.28931	0.02332	0.32959	0.96656	2.5261	0.01246	0.21896	0.79962	1.94915	0.05298	0.44826	1.06154	3.03624	0.00256	0.07175	0.73394	2.07951	0.03822	0.36712
YRIAPOlabel	LCdom_E4CEU_vs_E2CEU	TACR1	ENSG00000115353	-0.01164	-0.05904	0.95299	0.9826	-0.0139	-0.07197	0.94271	0.98798	-0.01164	-0.05904	0.95299	0.9826	-0.02304	-0.12833	0.89804	0.97759	0.06704	0.33116	0.7407	0.95871	-0.0804	-0.40617	0.68484	0.99918
YRIAPOlabel	LCdom_E4CEU_vs_E2CEU	TAGLN	ENSG00000149591	-0.05292	-0.19084	0.84888	0.97853	-0.08126	-0.31254	0.75502	0.98188	-0.05292	-0.19084	0.84888	0.97853	0.15924	0.5752	0.56594	0.97759	-0.06294	-0.22545	0.82175	0.97625	-0.06544	-0.24466	0.80685	0.99918
YRIAPOlabel	LCdom_E4CEU_vs_E2CEU	TENM1	ENSG00000009694	-0.12978	-0.66815	0.50496	0.97853	-0.11514	-0.57405	0.56671	0.98133	-0.12978	-0.66815	0.50496	0.97853	-0.20066	-0.96916	0.33388	0.92828	0.11168	0.51098	0.60965	0.93613	-0.09311	-0.4107	0.68152	0.99918
YRIAPOlabel	LCdom_E4CEU_vs_E2CEU	TENM2	ENSG00000145934	0.13683	0.71741	0.47412	0.97853	0.05381	0.2864	0.77493	0.98188	0.13683	0.71741	0.47412	0.97853	-0.01685	-0.09083	0.92774	0.97759	0.31743	1.54912	0.12216	0.48466	0.12862	0.62865	0.52994	0.99918
YRIAPOlabel	LCdom_E4CEU_vs_E2CEU	TESPA1	ENSG00000135426	0.24828	0.91561	0.36119	0.97372	0.22294	0.84059	0.40178	0.95228	0.24828	0.91561	0.36119	0.97372	0.42549	1.5659	0.11928	0.68806	0.40355	1.0764	0.28241	0.74396	0.1131	0.30067	0.76383	0.99918
YRIAPOlabel	LCdom_E4CEU_vs_E2CEU	TGFB1	ENSG00000105329	-0.00848	-0.0451	0.96408	0.98699	-0.01114	-0.05968	0.95248	0.98798	-0.00848	-0.0451	0.96408	0.98699	3e-05	0.00017	0.99986	0.99986	-0.05537	-0.26711	0.78952	0.97625	-0.147	-0.70288	0.48255	0.99918
YRIAPOlabel	LCdom_E4CEU_vs_E2CEU	TGFB2	ENSG00000092969	-0.06073	-0.2914	0.77111	0.97853	-0.12619	-0.60923	0.5432	0.98133	-0.06073	-0.2914	0.77111	0.97853	-0.06373	-0.32432	0.74611	0.97759	0.20005	0.93738	0.34914	0.82219	-0.00065	-0.00302	0.9976	0.99918
YRIAPOlabel	LCdom_E4CEU_vs_E2CEU	TGFBI	ENSG00000120708	-0.10134	-0.34161	0.73307	0.97853	-0.15933	-0.52154	0.60269	0.98133	-0.10134	-0.34161	0.73307	0.97853	0.05859	0.18798	0.85112	0.97759	-0.02081	-0.05484	0.95629	0.97625	-0.24947	-0.64937	0.51648	0.99918
YRIAPOlabel	LCdom_E4CEU_vs_E2CEU	TH	ENSG00000180176	-0.10472	-0.307	0.75923	0.97853	-0.16997	-0.49572	0.62075	0.98133	-0.10472	-0.307	0.75923	0.97853	-0.1344	-0.39738	0.6916	0.97759	0.01362	0.04766	0.96201	0.97625	-0.17663	-0.62012	0.53554	0.99918
YRIAPOlabel	LCdom_E4CEU_vs_E2CEU	THBS1	ENSG00000137801	0.6372	1.6477	0.1013	0.63869	0.56955	1.52929	0.12809	0.64044	0.6372	1.6477	0.1013	0.63869	0.79785	2.08753	0.03837	0.40735	0.55855	1.30069	0.19413	0.64416	0.44537	1.04496	0.29668	0.92555
YRIAPOlabel	LCdom_E4CEU_vs_E2CEU	THEMIS	ENSG00000172673	0.22631	0.70049	0.4846	0.97853	0.57859	1.86607	0.06379	0.48773	0.22631	0.70049	0.4846	0.97853	0.43262	1.35328	0.17781	0.77624	0.35539	0.88292	0.37783	0.85128	0.19511	0.49195	0.62303	0.99918
YRIAPOlabel	LCdom_E4CEU_vs_E2CEU	THRA	ENSG00000126351	-0.25561	-1.46758	0.1441	0.76535	-0.2662	-1.54864	0.12336	0.62538	-0.25561	-1.46758	0.1441	0.76535	-0.29355	-1.54434	0.12442	0.68806	-0.16641	-0.64633	0.51844	0.90212	-0.29958	-1.1619	0.24599	0.88026
YRIAPOlabel	LCdom_E4CEU_vs_E2CEU	THSD4	ENSG00000187720	0.28546	1.20785	0.22881	0.86994	0.12217	0.54252	0.58818	0.98133	0.28546	1.20785	0.22881	0.86994	0.26271	1.23686	0.21789	0.83182	0.17195	0.61236	0.54066	0.90212	-0.00029	-0.00102	0.99918	0.99918
YRIAPOlabel	LCdom_E4CEU_vs_E2CEU	THSD7B	ENSG00000144229	-0.12154	-0.44116	0.65967	0.97853	-0.17642	-0.66052	0.50983	0.98133	-0.12154	-0.44116	0.65967	0.97853	-0.19414	-0.81384	0.41691	0.95017	-0.1172	-0.36416	0.71594	0.9468	-0.2695	-0.83846	0.40229	0.96545
YRIAPOlabel	LCdom_E4CEU_vs_E2CEU	TMEM132C	ENSG00000181234	0.40777	2.26333	0.0249	0.36201	0.43184	2.41862	0.01666	0.28949	0.40777	2.26333	0.0249	0.36201	0.29366	1.74377	0.08306	0.56141	0.58034	3.048	0.00246	0.07175	0.39818	2.08132	0.03805	0.36712
YRIAPOlabel	LCdom_E4CEU_vs_E2CEU	TMEM163	ENSG00000152128	0.01642	0.08779	0.93015	0.97853	0.12824	0.68728	0.49286	0.98133	0.01642	0.08779	0.93015	0.97853	0.03686	0.20009	0.84166	0.97759	0.32966	1.3293	0.18452	0.62944	0.14191	0.56886	0.56978	0.99918
YRIAPOlabel	LCdom_E4CEU_vs_E2CEU	TMEM35A	ENSG00000126950	0.1056	0.61691	0.53814	0.97853	0.08518	0.50445	0.61461	0.98133	0.1056	0.61691	0.53814	0.97853	0.05084	0.31311	0.75459	0.97759	0.38593	2.30885	0.02147	0.17812	0.17896	1.09833	0.27274	0.90645
YRIAPOlabel	LCdom_E4CEU_vs_E2CEU	TMIGD3	ENSG00000121933	0.10909	0.36939	0.7123	0.97853	0.10553	0.36063	0.71883	0.98188	0.10909	0.36939	0.7123	0.97853	0.13305	0.42778	0.66937	0.97759	0.20382	0.61439	0.53931	0.90212	0.05656	0.1714	0.864	0.99918
YRIAPOlabel	LCdom_E4CEU_vs_E2CEU	TMSB4X	ENSG00000205542	0.13813	0.98391	0.32658	0.97372	0.10498	0.78487	0.43364	0.96858	0.13813	0.98391	0.32658	0.97372	0.10332	0.82628	0.40984	0.95017	0.27691	1.93519	0.05369	0.30054	0.06748	0.52001	0.60335	0.99918
YRIAPOlabel	LCdom_E4CEU_vs_E2CEU	TMSB4Y	ENSG00000154620	0.13657	0.41275	0.68032	0.97853	0.11786	0.36016	0.71918	0.98188	0.13657	0.41275	0.68032	0.97853	0.20107	0.62502	0.53282	0.97759	0.23016	0.72766	0.46725	0.90212	0.07262	0.23459	0.81465	0.99918
YRIAPOlabel	LCdom_E4CEU_vs_E2CEU	TOP2A	ENSG00000131747	0.19	0.32827	0.74312	0.97853	-0.05422	-0.09668	0.9231	0.98518	0.19	0.32827	0.74312	0.97853	-0.31667	-0.5668	0.57162	0.97759	0.42534	0.67753	0.49849	0.90212	-0.16107	-0.25033	0.80247	0.99918
YRIAPOlabel	LCdom_E4CEU_vs_E2CEU	TP53	ENSG00000141510	-0.12957	-0.84489	0.39938	0.97853	-0.14391	-0.94547	0.34579	0.92524	-0.12957	-0.84489	0.39938	0.97853	-0.12791	-0.86022	0.39091	0.95017	-0.08235	-0.43515	0.66369	0.9376	-0.21699	-1.18219	0.23785	0.88026
YRIAPOlabel	LCdom_E4CEU_vs_E2CEU	TPH2	ENSG00000139287	0.32908	0.73109	0.46575	0.97853	-0.00921	-0.02021	0.9839	0.9948	0.32908	0.73109	0.46575	0.97853	0.0102	0.0213	0.98303	0.99393	0.37007	0.75563	0.45032	0.89331	0.24065	0.49566	0.62041	0.99918
YRIAPOlabel	LCdom_E4CEU_vs_E2CEU	TRAC	ENSG00000277734	-0.02624	-0.08286	0.93407	0.97853	0.12608	0.39835	0.69088	0.98188	-0.02624	-0.08286	0.93407	0.97853	-0.0573	-0.17748	0.85935	0.97759	0.29083	0.78575	0.4325	0.88087	-0.02105	-0.05852	0.95337	0.99918
YRIAPOlabel	LCdom_E4CEU_vs_E2CEU	TREM2	ENSG00000095970	-0.02699	-0.08442	0.93283	0.97853	0.05968	0.17684	0.85985	0.98188	-0.02699	-0.08442	0.93283	0.97853	0.03877	0.10462	0.91681	0.97759	0.02764	0.07792	0.93793	0.97625	-0.12303	-0.34011	0.73396	0.99918
YRIAPOlabel	LCdom_E4CEU_vs_E2CEU	TRH	ENSG00000170893	-0.7691	-1.69062	0.09277	0.62709	-0.24681	-0.52889	0.59758	0.98133	-0.7691	-1.69062	0.09277	0.62709	-0.69946	-1.48183	0.14029	0.71118	-0.33937	-0.66638	0.50556	0.90212	-0.12522	-0.23649	0.81317	0.99918
YRIAPOlabel	LCdom_E4CEU_vs_E2CEU	TRHDE	ENSG00000072657	0.28624	0.96487	0.33601	0.97372	0.25976	0.89208	0.37363	0.94052	0.28624	0.96487	0.33601	0.97372	0.11425	0.37667	0.7069	0.97759	0.59844	1.70241	0.08948	0.42194	0.25543	0.7024	0.48286	0.99918
YRIAPOlabel	LCdom_E4CEU_vs_E2CEU	TRIL	ENSG00000255690	-0.73059	-3.47532	0.00065	0.21896	-0.72182	-3.4739	0.00065	0.11002	-0.73059	-3.47532	0.00065	0.21896	-0.76821	-3.85776	0.00016	0.02987	-0.55203	-2.93182	0.00357	0.08575	-0.6892	-3.57421	4e-04	0.04808
YRIAPOlabel	LCdom_E4CEU_vs_E2CEU	TRPC5	ENSG00000072315	0.13355	0.65095	0.51597	0.97853	0.18647	0.91609	0.36094	0.92524	0.13355	0.65095	0.51597	0.97853	0.13989	0.68133	0.49662	0.97759	0.36028	1.48792	0.13758	0.51769	0.14279	0.59268	0.55374	0.99918
YRIAPOlabel	LCdom_E4CEU_vs_E2CEU	TRPC6	ENSG00000137672	-0.4193	-1.25845	0.20999	0.86994	-0.41983	-1.2871	0.19984	0.7463	-0.4193	-1.25845	0.20999	0.86994	-0.45594	-1.38147	0.169	0.77255	-0.10399	-0.28213	0.77799	0.97379	-0.15369	-0.40807	0.68345	0.99918
YRIAPOlabel	LCdom_E4CEU_vs_E2CEU	TSHZ2	ENSG00000182463	-0.09943	-0.45311	0.65106	0.97853	-0.09525	-0.44837	0.65447	0.98188	-0.09943	-0.45311	0.65106	0.97853	-0.04794	-0.23064	0.81788	0.97759	-0.11944	-0.51758	0.60504	0.93576	-0.23968	-1.10942	0.26793	0.90645
YRIAPOlabel	LCdom_E4CEU_vs_E2CEU	TTYH1	ENSG00000167614	-0.22395	-1.23658	0.21798	0.86994	-0.20351	-1.14709	0.25299	0.81001	-0.22395	-1.23658	0.21798	0.86994	-0.2566	-1.52182	0.12996	0.6976	-0.15206	-1.00594	0.31507	0.77968	-0.27268	-1.81331	0.07055	0.52553
YRIAPOlabel	LCdom_E4CEU_vs_E2CEU	UGP2	ENSG00000169764	0.11829	0.80609	0.42134	0.97853	0.09582	0.67351	0.50156	0.98133	0.11829	0.80609	0.42134	0.97853	0.04845	0.3464	0.72948	0.97759	0.33716	2.26341	0.02416	0.18202	0.11814	0.83417	0.4047	0.96545
YRIAPOlabel	LCdom_E4CEU_vs_E2CEU	UGT8	ENSG00000174607	0.48638	2.20862	0.02856	0.37234	0.52282	2.53839	0.01205	0.25876	0.48638	2.20862	0.02856	0.37234	0.40172	1.94035	0.05404	0.44826	0.63277	3.18862	0.00154	0.06533	0.44114	2.43557	0.01531	0.2386
YRIAPOlabel	LCdom_E4CEU_vs_E2CEU	UNC5B	ENSG00000107731	-0.1255	-0.67224	0.50236	0.97853	-0.11689	-0.63044	0.52927	0.98133	-0.1255	-0.67224	0.50236	0.97853	-0.13192	-0.69734	0.48657	0.97759	-0.07162	-0.37696	0.70641	0.9376	-0.23581	-1.30369	0.19311	0.81016
YRIAPOlabel	LCdom_E4CEU_vs_E2CEU	VCAN	ENSG00000038427	0.06954	0.31097	0.75621	0.97853	0.10961	0.50322	0.61547	0.98133	0.06954	0.31097	0.75621	0.97853	0.18059	0.85719	0.39258	0.95017	0.21718	0.84629	0.39791	0.86237	0.00414	0.01594	0.98729	0.99918
YRIAPOlabel	LCdom_E4CEU_vs_E2CEU	VIP	ENSG00000146469	-0.20874	-0.36103	0.71853	0.97853	-0.13182	-0.22753	0.82029	0.98188	-0.20874	-0.36103	0.71853	0.97853	-0.11793	-0.20068	0.84119	0.97759	0.02061	0.03684	0.97063	0.97625	-0.11134	-0.20169	0.84026	0.99918
YRIAPOlabel	LCdom_E4CEU_vs_E2CEU	VWC2L	ENSG00000174453	0.06013	0.29758	0.76639	0.97853	0.04927	0.24367	0.80779	0.98188	0.06013	0.29758	0.76639	0.97853	-0.06137	-0.30235	0.76277	0.97759	0.22872	0.82744	0.40849	0.86686	-0.00676	-0.02468	0.98032	0.99918
YRIAPOlabel	LCdom_E4CEU_vs_E2CEU	WIF1	ENSG00000156076	-0.63913	-1.85332	0.0656	0.52537	-0.51532	-1.47814	0.14126	0.66714	-0.63913	-1.85332	0.0656	0.52537	-0.62382	-1.70625	0.08984	0.59619	-0.27581	-0.70384	0.48195	0.90212	-0.47693	-1.22268	0.22219	0.86276
YRIAPOlabel	LCdom_E4CEU_vs_E2CEU	XBP1s	XBP1s	0.07023	0.12326	0.90205	0.97853	-0.2952	-0.50594	0.61357	0.98133	0.07023	0.12326	0.90205	0.97853	-0.21052	-0.33156	0.74064	0.97759	0.13681	0.22519	0.82197	0.97625	0.01306	0.0216	0.98278	0.99918
YRIAPOlabel	LCdom_E4CEU_vs_E2CEU	XBP1u	XBP1u	0.13275	0.6043	0.54646	0.97853	0.11635	0.5566	0.57855	0.98133	0.13275	0.6043	0.54646	0.97853	0.10323	0.47712	0.63391	0.97759	0.12717	0.42522	0.67091	0.9376	-0.01699	-0.0568	0.95473	0.99918
YRIAPOlabel	LCdom_E4CEU_vs_E2CEU	ZBBX	ENSG00000169064	-0.18762	-0.35762	0.72108	0.97853	-0.14157	-0.27336	0.78491	0.98188	-0.18762	-0.35762	0.72108	0.97853	-0.2	-0.3729	0.70971	0.97759	0.04294	0.09982	0.92054	0.97625	-0.15972	-0.3644	0.71576	0.99918
YRIAPOlabel	LCdom_E4CEU_vs_E2CEU	ZDHHC23	ENSG00000184307	0.19718	0.62433	0.53326	0.97853	0.28142	0.85942	0.39134	0.95228	0.19718	0.62433	0.53326	0.97853	0.18258	0.55046	0.58274	0.97759	0.27573	0.60098	0.54822	0.90212	0.08455	0.18708	0.8517	0.99918
YRIAPOlabel	LCdom_E4YRI_vs_E2YRI	ABCC9	ENSG00000069431	0.34996	1.82271	0.07014	0.52944	0.33096	1.67645	0.09552	0.49598	0.34996	1.82271	0.07014	0.52944	0.16642	0.78666	0.43261	0.97785	0.37879	1.49366	0.13607	0.42815	0.27193	1.06768	0.28632	0.64511
YRIAPOlabel	LCdom_E4YRI_vs_E2YRI	ACHE	ENSG00000087085	0.16724	1.02395	0.30734	0.82839	0.1792	1.10084	0.27255	0.70936	0.16724	1.02395	0.30734	0.82839	-0.06743	-0.38961	0.69733	0.98279	0.28673	1.84478	0.06582	0.31203	0.14506	0.9457	0.34489	0.69549
YRIAPOlabel	LCdom_E4YRI_vs_E2YRI	ADAMTS12	ENSG00000151388	0.4752	1.68543	0.09377	0.58644	0.57692	2.01106	0.04593	0.32543	0.4752	1.68543	0.09377	0.58644	0.36896	1.26085	0.20914	0.87466	0.67107	1.85399	0.06451	0.3098	0.76357	2.1273	0.03403	0.2535
YRIAPOlabel	LCdom_E4YRI_vs_E2YRI	ADAMTS16	ENSG00000145536	0.4033	1.25108	0.21266	0.81325	0.01019	0.03117	0.97517	0.98908	0.4033	1.25108	0.21266	0.81325	-0.17871	-0.52328	0.60148	0.97785	0.27392	0.56613	0.57163	0.77756	0.52188	1.08334	0.27933	0.63499
YRIAPOlabel	LCdom_E4YRI_vs_E2YRI	ADAMTS3	ENSG00000156140	0.29459	0.91013	0.36407	0.86853	0.50997	1.62555	0.10593	0.49681	0.29459	0.91013	0.36407	0.86853	-0.37979	-1.13625	0.2575	0.87466	0.3791	0.86747	0.38623	0.64079	0.56572	1.27823	0.20194	0.57586
YRIAPOlabel	LCdom_E4YRI_vs_E2YRI	ADCYAP1	ENSG00000141433	-0.33493	-1.09378	0.27563	0.82839	-0.55643	-1.85047	0.06601	0.39501	-0.33493	-1.09378	0.27563	0.82839	-1.07512	-3.26253	0.00134	0.12246	-0.76597	-2.57221	0.01047	0.12331	-0.82649	-2.82614	0.00495	0.07231
YRIAPOlabel	LCdom_E4YRI_vs_E2YRI	ADRA1A	ENSG00000120907	0.16355	1.04652	0.29683	0.82839	0.01442	0.09175	0.92701	0.98802	0.16355	1.04652	0.29683	0.82839	0.05543	0.33767	0.73604	0.98279	0.06832	0.35207	0.72498	0.89582	-0.06496	-0.33759	0.73586	0.88598
YRIAPOlabel	LCdom_E4YRI_vs_E2YRI	ADRA1B	ENSG00000170214	0.19019	0.75142	0.45346	0.90243	0.11785	0.46225	0.64451	0.91892	0.19019	0.75142	0.45346	0.90243	-0.01466	-0.05626	0.9552	0.99292	0.25017	0.81184	0.41738	0.65946	0.2215	0.71425	0.4755	0.77665
YRIAPOlabel	LCdom_E4YRI_vs_E2YRI	ADRA2A	ENSG00000150594	0.27549	1.03267	0.30325	0.82839	0.4514	1.67596	0.09562	0.49598	0.27549	1.03267	0.30325	0.82839	0.35441	1.32691	0.18637	0.87466	0.48522	2.39185	0.01723	0.1542	0.35816	1.81356	0.07051	0.38413
YRIAPOlabel	LCdom_E4YRI_vs_E2YRI	AIF1	ENSG00000204472	-0.13055	-0.67492	0.50066	0.90298	-0.08992	-0.45216	0.65174	0.92352	-0.13055	-0.67492	0.50066	0.90298	-0.15039	-0.63172	0.52844	0.97785	-0.29752	-1.1939	0.23324	0.54224	-0.38076	-1.56863	0.11754	0.46133
YRIAPOlabel	LCdom_E4YRI_vs_E2YRI	ALDOC	ENSG00000109107	0.15143	1.14097	0.25552	0.81325	0.12712	0.97177	0.33257	0.779	0.15143	1.14097	0.25552	0.81325	0.0197	0.16238	0.8712	0.98279	0.13652	1.088	0.27726	0.58486	0.01787	0.15471	0.87713	0.94936
YRIAPOlabel	LCdom_E4YRI_vs_E2YRI	ALK	ENSG00000171094	0.34619	1.80723	0.07253	0.52944	0.44806	2.32537	0.02126	0.25027	0.34619	1.80723	0.07253	0.52944	0.34298	1.78049	0.07683	0.68555	0.56068	2.83185	0.00487	0.07111	0.39919	2.08244	0.03795	0.26639
YRIAPOlabel	LCdom_E4YRI_vs_E2YRI	ANGPT1	ENSG00000154188	0.15126	0.77058	0.44204	0.89705	0.17949	0.91883	0.35951	0.78576	0.15126	0.77058	0.44204	0.89705	0.08531	0.43932	0.661	0.98279	0.2535	1.07713	0.28208	0.585	0.13176	0.57463	0.56587	0.81385
YRIAPOlabel	LCdom_E4YRI_vs_E2YRI	ANK1	ENSG00000029534	-0.10604	-0.78082	0.43601	0.89705	-0.19894	-1.43414	0.15341	0.57931	-0.10604	-0.78082	0.43601	0.89705	-0.30525	-1.96481	0.05111	0.63117	-0.26201	-1.45482	0.14652	0.44842	-0.35024	-1.9859	0.04774	0.29043
YRIAPOlabel	LCdom_E4YRI_vs_E2YRI	ANKRD18A	ENSG00000180071	0.23632	1.0423	0.29878	0.82839	0.11642	0.51298	0.60865	0.90307	0.23632	1.0423	0.29878	0.82839	0.04065	0.16959	0.86554	0.98279	0.24179	0.95686	0.33923	0.62221	0.15998	0.6452	0.51917	0.78302
YRIAPOlabel	LCdom_E4YRI_vs_E2YRI	ANO3	ENSG00000134343	0.13761	0.60253	0.54764	0.90457	0.17677	0.78971	0.43082	0.82592	0.13761	0.60253	0.54764	0.90457	-0.26764	-1.16732	0.24476	0.87466	0.09974	0.33865	0.73505	0.89933	-0.12467	-0.42984	0.66755	0.87009
YRIAPOlabel	LCdom_E4YRI_vs_E2YRI	ANXA1	ENSG00000135046	0.19293	0.81226	0.4178	0.89705	0.30126	1.24611	0.21447	0.63131	0.19293	0.81226	0.4178	0.89705	-0.08655	-0.33284	0.73968	0.98279	0.53991	1.82673	0.0685	0.32055	0.50961	1.73021	0.08438	0.42191
YRIAPOlabel	LCdom_E4YRI_vs_E2YRI	APLP1	ENSG00000105290	0.0121	0.08259	0.93428	0.97403	-0.04243	-0.29088	0.7715	0.97468	0.0121	0.08259	0.93428	0.97403	-0.18507	-1.24694	0.21418	0.87466	0.13941	1.00311	0.31643	0.60473	0.07129	0.57392	0.56635	0.81385
YRIAPOlabel	LCdom_E4YRI_vs_E2YRI	APOC1	ENSG00000130208	0.08734	0.35474	0.72323	0.90715	0.06401	0.26213	0.79355	0.97733	0.08734	0.35474	0.72323	0.90715	-0.21003	-0.84178	0.40113	0.97785	-0.1156	-0.47415	0.63566	0.81409	-0.3108	-1.30364	0.19312	0.56893
YRIAPOlabel	LCdom_E4YRI_vs_E2YRI	APOE	ENSG00000130203	0.37196	2.07689	0.03934	0.43246	0.32756	1.86042	0.06459	0.3929	0.37196	2.07689	0.03934	0.43246	0.16492	0.94088	0.34814	0.95577	0.24813	1.58948	0.11276	0.39153	0.15657	1.00254	0.3167	0.66819
YRIAPOlabel	LCdom_E4YRI_vs_E2YRI	APOLD1	ENSG00000178878	-0.24234	-0.64919	0.51711	0.90298	-0.20392	-0.5482	0.58429	0.89332	-0.24234	-0.64919	0.51711	0.90298	-0.22387	-0.57654	0.56504	0.97785	0.02436	0.06496	0.94824	0.98629	0.00268	0.00728	0.99419	0.99577
YRIAPOlabel	LCdom_E4YRI_vs_E2YRI	APP	ENSG00000142192	0.10506	1.10682	0.26996	0.82113	0.06827	0.71806	0.47373	0.82732	0.10506	1.10682	0.26996	0.82113	-0.00405	-0.04252	0.96613	0.99292	0.15625	1.55178	0.12152	0.40324	0.05297	0.55499	0.57922	0.82263
YRIAPOlabel	LCdom_E4YRI_vs_E2YRI	AQP4	ENSG00000171885	0.25468	1.46807	0.14397	0.70063	0.1867	1.093	0.27597	0.70936	0.25468	1.46807	0.14397	0.70063	0.087	0.50059	0.61732	0.97785	0.18134	1.12259	0.2623	0.57209	0.08464	0.51405	0.6075	0.83992
YRIAPOlabel	LCdom_E4YRI_vs_E2YRI	ARHGAP24	ENSG00000138639	-0.01865	-0.11693	0.90706	0.97019	0.12349	0.74246	0.45885	0.82592	-0.01865	-0.11693	0.90706	0.97019	-0.06184	-0.33937	0.73476	0.98279	0.146	0.84185	0.40039	0.65241	-0.01866	-0.1093	0.91302	0.95471
YRIAPOlabel	LCdom_E4YRI_vs_E2YRI	ARL8B	ENSG00000134108	-0.0105	-0.07269	0.94214	0.97403	-0.04945	-0.3565	0.72192	0.96287	-0.0105	-0.07269	0.94214	0.97403	-0.017	-0.12395	0.90151	0.98279	0.06635	0.46491	0.64225	0.8168	-0.03989	-0.30312	0.76196	0.88598
YRIAPOlabel	LCdom_E4YRI_vs_E2YRI	ASTN1	ENSG00000152092	0.27771	2.09459	0.03772	0.43246	0.12447	0.96387	0.33651	0.779	0.27771	2.09459	0.03772	0.43246	0.07027	0.5579	0.57767	0.97785	0.07055	0.56091	0.57518	0.77756	-0.03314	-0.25843	0.79621	0.89247
YRIAPOlabel	LCdom_E4YRI_vs_E2YRI	ATF4	ENSG00000128272	0.05939	0.4393	0.66101	0.90457	0.04325	0.34008	0.73422	0.96287	0.05939	0.4393	0.66101	0.90457	-0.0319	-0.25343	0.80025	0.98279	0.19949	1.61776	0.10652	0.39095	0.11153	0.99111	0.32224	0.67103
YRIAPOlabel	LCdom_E4YRI_vs_E2YRI	ATN1	ENSG00000111676	0.20467	1.92611	0.05579	0.48484	0.14342	1.35942	0.17585	0.596	0.20467	1.92611	0.05579	0.48484	0.08944	0.80171	0.42387	0.97785	0.12167	1.22645	0.22077	0.52977	0.00516	0.05076	0.95954	0.97287
YRIAPOlabel	LCdom_E4YRI_vs_E2YRI	ATP2C2	ENSG00000064270	0.35844	1.58703	0.1144	0.64084	0.38115	1.72129	0.08705	0.48143	0.35844	1.58703	0.1144	0.64084	0.01784	0.07953	0.93671	0.9853	0.43223	1.62528	0.10491	0.39073	0.31645	1.19604	0.23241	0.59649
YRIAPOlabel	LCdom_E4YRI_vs_E2YRI	AVP	ENSG00000101200	0.41724	0.65273	0.51483	0.90298	0.24465	0.36986	0.71196	0.96287	0.41724	0.65273	0.51483	0.90298	0.07443	0.10598	0.91573	0.98279	0.70017	1.08469	0.27881	0.58486	0.93079	1.42057	0.15634	0.52352
YRIAPOlabel	LCdom_E4YRI_vs_E2YRI	AZIN1	ENSG00000155096	0.0988	0.81138	0.4183	0.89705	0.10522	0.93987	0.34864	0.78449	0.0988	0.81138	0.4183	0.89705	0.05584	0.50122	0.61688	0.97785	0.21404	1.94317	0.05271	0.27552	0.09897	1.0259	0.30557	0.6621
YRIAPOlabel	LCdom_E4YRI_vs_E2YRI	B4GALNT1	ENSG00000135454	0.14366	0.91624	0.36086	0.86654	0.14358	0.92217	0.35777	0.78576	0.14366	0.91624	0.36086	0.86654	0.07832	0.49705	0.61982	0.97785	0.29846	1.78713	0.07469	0.32652	0.16981	1.05664	0.29133	0.64839
YRIAPOlabel	LCdom_E4YRI_vs_E2YRI	BAG3	ENSG00000151929	0.29435	1.47083	0.14322	0.70063	0.25346	1.29467	0.19722	0.60493	0.29435	1.47083	0.14322	0.70063	0.17266	0.84433	0.39971	0.97785	0.30075	1.69387	0.09109	0.36591	0.15152	0.86562	0.38723	0.73614
YRIAPOlabel	LCdom_E4YRI_vs_E2YRI	BCAN	ENSG00000132692	0.35621	2.01654	0.04535	0.43556	0.25607	1.49044	0.138	0.56741	0.35621	2.01654	0.04535	0.43556	0.08952	0.5513	0.58217	0.97785	0.28387	1.51777	0.12988	0.42327	0.1708	0.91428	0.36113	0.70767
YRIAPOlabel	LCdom_E4YRI_vs_E2YRI	BRINP3	ENSG00000162670	-0.18492	-1.07322	0.28472	0.82839	-0.24609	-1.41854	0.1579	0.57931	-0.18492	-1.07322	0.28472	0.82839	-0.29102	-1.77237	0.07817	0.68555	-0.23652	-1.30223	0.1936	0.49093	-0.35206	-1.95024	0.05186	0.30531
YRIAPOlabel	LCdom_E4YRI_vs_E2YRI	BTBD11	ENSG00000151136	-0.56068	-3.46505	0.00067	0.06299	-0.67452	-4.08835	7e-05	0.01954	-0.56068	-3.46505	0.00067	0.06299	-0.65815	-3.37657	0.00091	0.11131	-0.64786	-3.29546	0.00107	0.02472	-0.78844	-4.05247	6e-05	0.00319
YRIAPOlabel	LCdom_E4YRI_vs_E2YRI	C1QA	ENSG00000173372	0.14566	0.83766	0.40342	0.89705	0.23279	1.3298	0.1854	0.60263	0.14566	0.83766	0.40342	0.89705	0.09306	0.46426	0.64307	0.98209	0.17174	1.01436	0.31104	0.60473	0.0539	0.33382	0.73869	0.88598
YRIAPOlabel	LCdom_E4YRI_vs_E2YRI	C1QB	ENSG00000173369	-0.01899	-0.11523	0.9084	0.97019	0.0588	0.35085	0.72614	0.96287	-0.01899	-0.11523	0.9084	0.97019	-0.02903	-0.15043	0.88061	0.98279	-0.02625	-0.14462	0.88509	0.97943	-0.10457	-0.59867	0.54974	0.81224
YRIAPOlabel	LCdom_E4YRI_vs_E2YRI	C1QL3	ENSG00000165985	-0.39256	-1.74072	0.08357	0.57556	-0.54548	-2.34153	0.02039	0.25027	-0.39256	-1.74072	0.08357	0.57556	-0.48616	-1.8772	0.06225	0.63117	-0.29893	-1.12231	0.26242	0.57209	-0.45707	-1.74286	0.08214	0.41642
YRIAPOlabel	LCdom_E4YRI_vs_E2YRI	C1orf162	ENSG00000143110	-0.07421	-0.44995	0.65333	0.90457	-0.08951	-0.57469	0.56628	0.89233	-0.07421	-0.44995	0.65333	0.90457	-0.12887	-0.7352	0.46326	0.97785	0.07122	0.31787	0.75075	0.90435	-0.03092	-0.14035	0.88845	0.95098
YRIAPOlabel	LCdom_E4YRI_vs_E2YRI	C3	ENSG00000125730	-0.08978	-0.39997	0.68969	0.90457	-0.10525	-0.47003	0.63895	0.91817	-0.08978	-0.39997	0.68969	0.90457	0.08284	0.32483	0.74572	0.98279	-0.07613	-0.33645	0.73671	0.89933	-0.18118	-0.82106	0.41211	0.73779
YRIAPOlabel	LCdom_E4YRI_vs_E2YRI	CABLES1	ENSG00000134508	-0.10456	-0.58409	0.55995	0.90457	-0.16479	-0.93239	0.35248	0.78449	-0.10456	-0.58409	0.55995	0.90457	-0.16747	-0.94107	0.34804	0.95577	-0.20442	-1.11286	0.26645	0.57209	-0.30594	-1.6286	0.1042	0.45663
YRIAPOlabel	LCdom_E4YRI_vs_E2YRI	CALCRL	ENSG00000064989	0.0416	0.18918	0.85018	0.96587	-0.17448	-0.79962	0.42507	0.82592	0.0416	0.18918	0.85018	0.96587	-0.28485	-1.30146	0.19491	0.87466	-0.06803	-0.30996	0.75676	0.90435	-0.12852	-0.59172	0.55439	0.81224
YRIAPOlabel	LCdom_E4YRI_vs_E2YRI	CAPG	ENSG00000042493	0.0988	0.62175	0.53496	0.90457	0.02006	0.12738	0.8988	0.98802	0.0988	0.62175	0.53496	0.90457	0.00022	0.00118	0.99906	0.99906	0.08294	0.41598	0.67765	0.84998	0.0357	0.18126	0.85626	0.93854
YRIAPOlabel	LCdom_E4YRI_vs_E2YRI	CAPN3	ENSG00000092529	0.15696	0.79813	0.42593	0.89705	-0.01133	-0.05994	0.95228	0.98802	0.15696	0.79813	0.42593	0.89705	0.05569	0.26999	0.78751	0.98279	0.26347	1.30611	0.19229	0.49093	0.22784	1.2007	0.2306	0.59649
YRIAPOlabel	LCdom_E4YRI_vs_E2YRI	CARTPT	ENSG00000164326	0.18909	0.47209	0.63748	0.90457	0.60401	1.3941	0.16515	0.57931	0.18909	0.47209	0.63748	0.90457	0.27554	0.61834	0.53721	0.97785	0.66194	1.9093	0.05695	0.28873	0.50206	1.48159	0.13925	0.49597
YRIAPOlabel	LCdom_E4YRI_vs_E2YRI	CAV1	ENSG00000105974	-0.12446	-0.51078	0.61018	0.90457	-0.08222	-0.33065	0.74132	0.96287	-0.12446	-0.51078	0.61018	0.90457	-0.14077	-0.55294	0.58105	0.97785	-0.04154	-0.14114	0.88783	0.97943	0.02394	0.08199	0.9347	0.96286
YRIAPOlabel	LCdom_E4YRI_vs_E2YRI	CCK	ENSG00000187094	-0.02295	-0.06806	0.94582	0.97403	-0.0645	-0.19081	0.8489	0.98697	-0.02295	-0.06806	0.94582	0.97403	-0.07979	-0.21224	0.83218	0.98279	-0.45234	-1.44202	0.15011	0.44874	-0.68084	-2.14445	0.03262	0.24806
YRIAPOlabel	LCdom_E4YRI_vs_E2YRI	CCL4	ENSG00000275302	0.52203	1.18997	0.23575	0.81325	0.44462	0.99595	0.32072	0.77014	0.52203	1.18997	0.23575	0.81325	0.21459	0.47321	0.63669	0.97785	0.51575	0.94018	0.34772	0.63459	0.75174	1.36862	0.17192	0.52784
YRIAPOlabel	LCdom_E4YRI_vs_E2YRI	CCL5	ENSG00000271503	0.18365	0.43923	0.66106	0.90457	0.72741	1.63202	0.10456	0.49681	0.18365	0.43923	0.66106	0.90457	0.10922	0.24399	0.80754	0.98279	1.04859	1.98407	0.04795	0.27124	1.19485	2.26818	0.02387	0.21246
YRIAPOlabel	LCdom_E4YRI_vs_E2YRI	CCNA1	ENSG00000133101	0.20675	0.9376	0.3498	0.85787	0.31203	1.38749	0.16714	0.57931	0.20675	0.9376	0.3498	0.85787	0.17293	0.76689	0.44424	0.97785	0.45865	1.89353	0.05905	0.29523	0.37021	1.55738	0.12021	0.46188
YRIAPOlabel	LCdom_E4YRI_vs_E2YRI	CCNB2	ENSG00000157456	0.63039	2.01755	0.04524	0.43556	0.6168	2.0483	0.0421	0.3083	0.63039	2.01755	0.04524	0.43556	0.4308	1.32797	0.18602	0.87466	0.56566	1.34943	0.178	0.48485	0.47696	1.12446	0.26153	0.6239
YRIAPOlabel	LCdom_E4YRI_vs_E2YRI	CD14	ENSG00000170458	0.18805	0.69059	0.49078	0.90298	0.35391	1.2547	0.21134	0.62763	0.18805	0.69059	0.49078	0.90298	0.35532	1.12814	0.2609	0.87466	0.12633	0.39627	0.69212	0.86515	-0.04785	-0.15143	0.87971	0.94936
YRIAPOlabel	LCdom_E4YRI_vs_E2YRI	CD163	ENSG00000177575	0.57623	1.63102	0.10477	0.6168	0.74235	2.07979	0.03907	0.3065	0.57623	1.63102	0.10477	0.6168	0.16999	0.45395	0.65046	0.98274	0.66666	1.58068	0.11478	0.39153	0.49012	1.18034	0.2386	0.59649
YRIAPOlabel	LCdom_E4YRI_vs_E2YRI	CD2	ENSG00000116824	0.6511	2.83105	0.00521	0.19016	0.51071	2.24279	0.02623	0.27304	0.6511	2.83105	0.00521	0.19016	0.42912	1.77037	0.07851	0.68555	0.43019	1.39496	0.16382	0.47083	0.29728	0.98092	0.32724	0.67103
YRIAPOlabel	LCdom_E4YRI_vs_E2YRI	CD36	ENSG00000135218	0.10889	0.18825	0.85091	0.96587	-0.07914	-0.13383	0.8937	0.98802	0.10889	0.18825	0.85091	0.96587	-0.38573	-0.58444	0.55972	0.97785	0.86211	1.44716	0.14865	0.44842	0.34029	0.59355	0.55316	0.81224
YRIAPOlabel	LCdom_E4YRI_vs_E2YRI	CD3G	ENSG00000160654	-0.04905	-0.12841	0.89798	0.96971	-0.00915	-0.02391	0.98096	0.98908	-0.04905	-0.12841	0.89798	0.96971	-0.07682	-0.19038	0.84925	0.98279	0.49396	1.0781	0.28167	0.585	0.29793	0.67352	0.50102	0.78302
YRIAPOlabel	LCdom_E4YRI_vs_E2YRI	CD4	ENSG00000010610	0.07071	0.35642	0.72197	0.90715	0.0219	0.10518	0.91636	0.98802	0.07071	0.35642	0.72197	0.90715	0.06043	0.24891	0.80374	0.98279	-0.11182	-0.48896	0.62514	0.80459	-0.17569	-0.78869	0.43077	0.74872
YRIAPOlabel	LCdom_E4YRI_vs_E2YRI	CD48	ENSG00000117091	0.42827	2.47674	0.01425	0.27384	0.40541	2.37401	0.01873	0.25027	0.42827	2.47674	0.01425	0.27384	0.22181	1.27688	0.20343	0.87466	0.54701	2.73368	0.00655	0.09191	0.42951	2.24703	0.0252	0.21671
YRIAPOlabel	LCdom_E4YRI_vs_E2YRI	CD52	ENSG00000169442	0.34614	0.94296	0.34706	0.85787	0.31622	0.88329	0.37835	0.79421	0.34614	0.94296	0.34706	0.85787	0.06551	0.16557	0.86869	0.98279	1.20699	2.39956	0.01689	0.1542	1.17725	2.34435	0.01957	0.18801
YRIAPOlabel	LCdom_E4YRI_vs_E2YRI	CD68	ENSG00000129226	0.12054	0.53165	0.59568	0.90457	0.24782	1.08097	0.28127	0.71294	0.12054	0.53165	0.59568	0.90457	0.09486	0.3558	0.72244	0.98279	0.21404	0.82688	0.40881	0.65946	0.20845	0.81353	0.41641	0.73779
YRIAPOlabel	LCdom_E4YRI_vs_E2YRI	CD74	ENSG00000019582	-0.01192	-0.05942	0.95269	0.97403	0.03153	0.15672	0.87566	0.98802	-0.01192	-0.05942	0.95269	0.97403	0.05779	0.23996	0.81066	0.98279	-0.16819	-0.88963	0.37421	0.63681	-0.21094	-1.14094	0.25459	0.6171
YRIAPOlabel	LCdom_E4YRI_vs_E2YRI	CD83	ENSG00000112149	-0.05717	-0.38713	0.69915	0.90457	-0.08107	-0.53146	0.5958	0.89493	-0.05717	-0.38713	0.69915	0.90457	-0.22861	-1.36746	0.17334	0.87466	-0.20791	-1.0627	0.28857	0.59079	-0.34337	-1.72072	0.08609	0.42465
YRIAPOlabel	LCdom_E4YRI_vs_E2YRI	CD86	ENSG00000114013	-0.33822	-1.06792	0.2871	0.82839	-0.3436	-1.10429	0.27106	0.70936	-0.33822	-1.06792	0.2871	0.82839	-0.19197	-0.51513	0.60715	0.97785	-0.53397	-1.69315	0.09123	0.36591	-0.51653	-1.66379	0.09696	0.43498
YRIAPOlabel	LCdom_E4YRI_vs_E2YRI	CDH1	ENSG00000039068	0.19606	0.85064	0.39619	0.89705	-0.01448	-0.06186	0.95075	0.98802	0.19606	0.85064	0.39619	0.89705	0.08171	0.32661	0.74438	0.98279	0.2044	0.7339	0.46345	0.70484	0.01566	0.05809	0.95371	0.97236
YRIAPOlabel	LCdom_E4YRI_vs_E2YRI	CDH12	ENSG00000154162	-0.13802	-0.59463	0.5529	0.90457	-0.45873	-1.97604	0.0498	0.34296	-0.13802	-0.59463	0.5529	0.90457	-0.51755	-2.1701	0.03143	0.49871	-0.59205	-2.23901	0.02572	0.20405	-0.71757	-2.75338	0.00617	0.08194
YRIAPOlabel	LCdom_E4YRI_vs_E2YRI	CDH4	ENSG00000179242	-0.00792	-0.03513	0.97202	0.98561	-0.19212	-0.84061	0.40177	0.80574	-0.00792	-0.03513	0.97202	0.98561	-0.16022	-0.64631	0.51898	0.97785	-0.23238	-0.91472	0.3609	0.63681	-0.38496	-1.47422	0.14123	0.49597
YRIAPOlabel	LCdom_E4YRI_vs_E2YRI	CDH6	ENSG00000113361	0.11053	0.56143	0.57526	0.90457	0.13789	0.70621	0.48105	0.8361	0.11053	0.56143	0.57526	0.90457	-0.04814	-0.25967	0.79544	0.98279	0.23134	1.15695	0.248	0.56113	0.05808	0.30488	0.76062	0.88598
YRIAPOlabel	LCdom_E4YRI_vs_E2YRI	CDK1	ENSG00000170312	0.13338	0.46838	0.64012	0.90457	-0.08593	-0.29657	0.76716	0.97468	0.13338	0.46838	0.64012	0.90457	-0.3719	-1.21142	0.22746	0.87466	0.02644	0.05189	0.95864	0.98629	0.03621	0.07311	0.94176	0.96286
YRIAPOlabel	LCdom_E4YRI_vs_E2YRI	CEMIP	ENSG00000103888	-0.03977	-0.15376	0.87799	0.96587	0.19481	0.76395	0.44598	0.82592	-0.03977	-0.15376	0.87799	0.96587	0.04416	0.16697	0.8676	0.98279	0.27029	0.90633	0.36533	0.63681	0.3125	1.05241	0.29327	0.64875
YRIAPOlabel	LCdom_E4YRI_vs_E2YRI	CEMIP2	ENSG00000135048	0.07499	0.41405	0.67937	0.90457	0.19313	1.09524	0.27499	0.70936	0.07499	0.41405	0.67937	0.90457	-0.00311	-0.01705	0.98642	0.99474	0.23102	0.9183	0.35903	0.63681	0.24317	0.98103	0.32719	0.67103
YRIAPOlabel	LCdom_E4YRI_vs_E2YRI	CENPF	ENSG00000117724	0.0141	0.05972	0.95245	0.97403	-0.08267	-0.3556	0.72259	0.96287	0.0141	0.05972	0.95245	0.97403	-0.04353	-0.17051	0.86482	0.98279	0.32457	0.889	0.37455	0.63681	0.27471	0.76642	0.44389	0.76425
YRIAPOlabel	LCdom_E4YRI_vs_E2YRI	CHAC1	ENSG00000128965	0.12126	0.57425	0.56657	0.90457	0.16085	0.78817	0.43171	0.82592	0.12126	0.57425	0.56657	0.90457	-0.05619	-0.2564	0.79796	0.98279	0.2633	0.95996	0.33767	0.62221	0.17817	0.64296	0.52063	0.78302
YRIAPOlabel	LCdom_E4YRI_vs_E2YRI	CHGB	ENSG00000089199	0.32185	1.69951	0.09109	0.58644	0.41873	2.18988	0.02992	0.27304	0.32185	1.69951	0.09109	0.58644	0.20454	1.0334	0.30292	0.9241	0.58066	3.34368	0.00091	0.02472	0.43294	2.5996	0.00969	0.11785
YRIAPOlabel	LCdom_E4YRI_vs_E2YRI	CHODL	ENSG00000154645	0.65063	1.97394	0.05004	0.46831	0.76558	2.28839	0.02337	0.25851	0.65063	1.97394	0.05004	0.46831	0.41247	1.19893	0.23228	0.87466	1.15736	3.90106	0.00011	0.00766	0.99743	3.57167	4e-04	0.01324
YRIAPOlabel	LCdom_E4YRI_vs_E2YRI	CLDN11	ENSG00000013297	0.25115	1.12313	0.26299	0.81325	0.10245	0.4736	0.63641	0.91817	0.25115	1.12313	0.26299	0.81325	0.26153	1.13444	0.25825	0.87466	0.36814	1.73634	0.08329	0.34943	0.32019	1.62444	0.10509	0.45663
YRIAPOlabel	LCdom_E4YRI_vs_E2YRI	CNDP1	ENSG00000150656	-0.16222	-0.79495	0.42777	0.89705	-0.25884	-1.30134	0.19494	0.60385	-0.16222	-0.79495	0.42777	0.89705	-0.18761	-0.91056	0.36385	0.96372	0.01833	0.09277	0.92613	0.97943	-0.03236	-0.17668	0.85985	0.93965
YRIAPOlabel	LCdom_E4YRI_vs_E2YRI	CNTN2	ENSG00000184144	0.13086	0.78685	0.43249	0.89705	0.0517	0.31511	0.75307	0.96446	0.13086	0.78685	0.43249	0.89705	-0.0306	-0.1761	0.86043	0.98279	0.26042	1.64874	0.1	0.38169	0.18515	1.30164	0.1938	0.56893
YRIAPOlabel	LCdom_E4YRI_vs_E2YRI	CNTNAP3B	ENSG00000154529	0.36891	1.94431	0.05354	0.47662	0.36509	1.94883	0.05299	0.34714	0.36891	1.94431	0.05354	0.47662	0.22246	1.13401	0.25843	0.87466	0.42432	1.64686	0.10039	0.38169	0.22398	0.90538	0.36582	0.71024
YRIAPOlabel	LCdom_E4YRI_vs_E2YRI	COL12A1	ENSG00000111799	0.04479	0.14766	0.88279	0.96587	0.15822	0.51695	0.60588	0.90307	0.04479	0.14766	0.88279	0.96587	0.03608	0.1135	0.90977	0.98279	0.03827	0.11939	0.90502	0.97943	-0.17135	-0.53577	0.59242	0.83167
YRIAPOlabel	LCdom_E4YRI_vs_E2YRI	COL25A1	ENSG00000188517	-0.17226	-0.74979	0.45444	0.90243	-0.31947	-1.44746	0.14965	0.57931	-0.17226	-0.74979	0.45444	0.90243	-0.33226	-1.31316	0.19095	0.87466	-0.23201	-0.90951	0.36365	0.63681	-0.2081	-0.80822	0.41946	0.73779
YRIAPOlabel	LCdom_E4YRI_vs_E2YRI	CORO1A	ENSG00000102879	0.07375	0.40025	0.68949	0.90457	0.18303	0.94822	0.34439	0.78449	0.07375	0.40025	0.68949	0.90457	-0.10447	-0.4555	0.64935	0.98274	0.1118	0.52521	0.59974	0.79098	-0.02838	-0.13059	0.89617	0.95308
YRIAPOlabel	LCdom_E4YRI_vs_E2YRI	CP	ENSG00000047457	0.69976	2.15757	0.03239	0.42224	0.62298	1.87749	0.0622	0.38478	0.69976	2.15757	0.03239	0.42224	0.36609	1.01298	0.31255	0.93551	0.9118	2.24344	0.02543	0.20405	0.87298	2.18005	0.02985	0.23181
YRIAPOlabel	LCdom_E4YRI_vs_E2YRI	CPEB4	ENSG00000113742	-0.05094	-0.31574	0.7526	0.92803	-0.12143	-0.78094	0.43594	0.82592	-0.05094	-0.31574	0.7526	0.92803	-0.12543	-0.82606	0.40996	0.97785	-0.01558	-0.10112	0.9195	0.97943	-0.12566	-0.86882	0.38548	0.73614
YRIAPOlabel	LCdom_E4YRI_vs_E2YRI	CRH	ENSG00000147571	0.7801	1.86203	0.06436	0.51066	-0.14617	-0.39767	0.69139	0.96121	0.7801	1.86203	0.06436	0.51066	0.0469	0.11529	0.90835	0.98279	0.32686	0.81836	0.41365	0.65946	-0.15828	-0.41889	0.67553	0.87009
YRIAPOlabel	LCdom_E4YRI_vs_E2YRI	CRHBP	ENSG00000145708	-0.25446	-0.93683	0.3502	0.85787	-0.37281	-1.38717	0.16724	0.57931	-0.25446	-0.93683	0.3502	0.85787	-1.09069	-3.83639	0.00018	0.05362	-0.45863	-1.55232	0.12139	0.40324	-0.44194	-1.47388	0.14132	0.49597
YRIAPOlabel	LCdom_E4YRI_vs_E2YRI	CRHR1	ENSG00000120088	0.326	1.96153	0.05148	0.46976	0.36314	2.1921	0.02976	0.27304	0.326	1.96153	0.05148	0.46976	0.16803	0.91951	0.35917	0.96372	0.48628	3.22244	0.00138	0.02865	0.34143	2.28438	0.02288	0.21246
YRIAPOlabel	LCdom_E4YRI_vs_E2YRI	CRYM	ENSG00000103316	0.20142	0.64506	0.51977	0.90298	0.34956	1.11393	0.26691	0.70936	0.20142	0.64506	0.51977	0.90298	-0.13008	-0.4033	0.68725	0.98279	0.38945	1.11815	0.26419	0.57209	0.22139	0.64522	0.51916	0.78302
YRIAPOlabel	LCdom_E4YRI_vs_E2YRI	CSPG4	ENSG00000173546	0.37712	1.86936	0.06332	0.51066	0.35891	1.80389	0.07305	0.42324	0.37712	1.86936	0.06332	0.51066	0.13751	0.68998	0.49117	0.97785	0.33497	1.40404	0.1611	0.46668	0.26184	1.08796	0.27728	0.63499
YRIAPOlabel	LCdom_E4YRI_vs_E2YRI	CSTB	ENSG00000160213	0.10117	0.81124	0.41839	0.89705	0.08158	0.66702	0.50568	0.84689	0.10117	0.81124	0.41839	0.89705	-0.01547	-0.12929	0.89728	0.98279	0.16073	1.0671	0.28658	0.59079	0.05827	0.4078	0.68365	0.87009
YRIAPOlabel	LCdom_E4YRI_vs_E2YRI	CTNNA3	ENSG00000183230	0.21491	1.25209	0.21229	0.81325	0.03462	0.20278	0.83956	0.98533	0.21491	1.25209	0.21229	0.81325	0.13142	0.72318	0.47059	0.97785	0.27973	1.29807	0.19503	0.49093	0.16991	0.83956	0.40167	0.73779
YRIAPOlabel	LCdom_E4YRI_vs_E2YRI	CTSH	ENSG00000103811	0.24306	1.1256	0.26195	0.81325	0.26916	1.22834	0.22105	0.64546	0.24306	1.1256	0.26195	0.81325	0.46031	1.92646	0.05576	0.63117	0.19599	0.85344	0.39394	0.64769	0.19024	0.81381	0.41625	0.73779
YRIAPOlabel	LCdom_E4YRI_vs_E2YRI	CTSS	ENSG00000163131	-0.1159	-0.65299	0.51466	0.90298	-0.04641	-0.24895	0.8037	0.97733	-0.1159	-0.65299	0.51466	0.90298	-0.12082	-0.54482	0.58661	0.97785	-0.1531	-0.63243	0.52748	0.76229	-0.20686	-0.8367	0.40327	0.73779
YRIAPOlabel	LCdom_E4YRI_vs_E2YRI	CUX2	ENSG00000111249	0.20041	1.0379	0.30082	0.82839	0.30106	1.57626	0.11686	0.52017	0.20041	1.0379	0.30082	0.82839	-0.10032	-0.50019	0.61761	0.97785	0.18346	0.81662	0.41464	0.65946	0.09372	0.42243	0.67294	0.87009
YRIAPOlabel	LCdom_E4YRI_vs_E2YRI	CX3CR1	ENSG00000168329	0.18799	1.14924	0.2521	0.81325	0.22334	1.30052	0.19522	0.60385	0.18799	1.14924	0.2521	0.81325	0.2587	1.22146	0.22365	0.87466	0.21944	1.22969	0.21955	0.52977	0.16862	0.99403	0.32082	0.67103
YRIAPOlabel	LCdom_E4YRI_vs_E2YRI	CXCL14	ENSG00000145824	-0.02007	-0.09493	0.92448	0.97019	0.02009	0.09579	0.9238	0.98802	-0.02007	-0.09493	0.92448	0.97019	-0.1017	-0.47703	0.63397	0.97785	-0.131	-0.6274	0.53077	0.76229	-0.24536	-1.19251	0.23378	0.59649
YRIAPOlabel	LCdom_E4YRI_vs_E2YRI	CXCR4	ENSG00000121966	0.30231	1.00848	0.31468	0.82839	0.16883	0.5745	0.5664	0.89233	0.30231	1.00848	0.31468	0.82839	0.08322	0.27613	0.78279	0.98279	0.2608	0.73842	0.4607	0.70359	0.12003	0.34302	0.73177	0.88598
YRIAPOlabel	LCdom_E4YRI_vs_E2YRI	CYTIP	ENSG00000115165	-0.10139	-0.39637	0.69234	0.90457	0.02233	0.08525	0.93216	0.98802	-0.10139	-0.39637	0.69234	0.90457	-0.07576	-0.25659	0.79782	0.98279	0.23202	0.67688	0.49889	0.73425	0.15773	0.47718	0.6335	0.85958
YRIAPOlabel	LCdom_E4YRI_vs_E2YRI	DBH	ENSG00000123454	0.38716	1.14989	0.25183	0.81325	0.50098	1.45373	0.1479	0.57931	0.38716	1.14989	0.25183	0.81325	0.22951	0.61955	0.53641	0.97785	0.64675	1.94215	0.05284	0.27552	0.51743	1.57151	0.11688	0.46133
YRIAPOlabel	LCdom_E4YRI_vs_E2YRI	DCN	ENSG00000011465	-0.04476	-0.16264	0.871	0.96587	-0.19649	-0.73005	0.46638	0.82592	-0.04476	-0.16264	0.871	0.96587	-0.23538	-0.78998	0.43068	0.97785	-0.05107	-0.15911	0.87366	0.97943	-0.16942	-0.54212	0.58804	0.82871
YRIAPOlabel	LCdom_E4YRI_vs_E2YRI	DDC	ENSG00000132437	0.36371	1.35399	0.17757	0.78531	0.45073	1.63682	0.10355	0.49681	0.36371	1.35399	0.17757	0.78531	0.20546	0.71162	0.47771	0.97785	0.53906	1.76146	0.07895	0.33508	0.40064	1.37058	0.1713	0.52784
YRIAPOlabel	LCdom_E4YRI_vs_E2YRI	DDIT3	ENSG00000175197	0.03609	0.23117	0.81746	0.95605	0.03954	0.26864	0.78854	0.97733	0.03609	0.23117	0.81746	0.95605	-0.03103	-0.20508	0.83776	0.98279	0.11897	0.79369	0.42786	0.66936	-0.01551	-0.1064	0.91532	0.95471
YRIAPOlabel	LCdom_E4YRI_vs_E2YRI	DDR2	ENSG00000162733	0.14515	0.8871	0.3763	0.88338	0.23745	1.39131	0.16598	0.57931	0.14515	0.8871	0.3763	0.88338	0.14264	0.80925	0.41954	0.97785	0.32667	1.43806	0.15122	0.44874	0.28101	1.22464	0.22145	0.59649
YRIAPOlabel	LCdom_E4YRI_vs_E2YRI	DNAJB1	ENSG00000132002	0.0439	0.22473	0.82246	0.95605	0.02876	0.15032	0.88069	0.98802	0.0439	0.22473	0.82246	0.95605	-0.04664	-0.24167	0.80934	0.98279	0.20139	1.223	0.22207	0.52977	0.09166	0.56621	0.57157	0.81814
YRIAPOlabel	LCdom_E4YRI_vs_E2YRI	DNAJC6	ENSG00000116675	0.01868	0.13626	0.89178	0.96587	0.00688	0.05178	0.95877	0.98802	0.01868	0.13626	0.89178	0.96587	-0.13064	-1.01268	0.31269	0.93551	0.10649	0.82314	0.41093	0.65946	-0.01977	-0.1638	0.86998	0.94506
YRIAPOlabel	LCdom_E4YRI_vs_E2YRI	DNER	ENSG00000187957	0.12966	0.92236	0.35767	0.86457	0.01436	0.10689	0.915	0.98802	0.12966	0.92236	0.35767	0.86457	-0.0317	-0.23628	0.81351	0.98279	0.11204	0.88558	0.37639	0.63681	0.02357	0.19411	0.84619	0.9303
YRIAPOlabel	LCdom_E4YRI_vs_E2YRI	DUSP1	ENSG00000120129	-0.29135	-1.00203	0.31778	0.82839	-0.14341	-0.49323	0.6225	0.91817	-0.29135	-1.00203	0.31778	0.82839	-0.20797	-0.67165	0.50275	0.97785	-0.14761	-0.46671	0.64096	0.8168	-0.08566	-0.27287	0.7851	0.88598
YRIAPOlabel	LCdom_E4YRI_vs_E2YRI	EFHD1	ENSG00000115468	0.11791	0.67237	0.50227	0.90298	0.0603	0.34791	0.72834	0.96287	0.11791	0.67237	0.50227	0.90298	0.0158	0.09049	0.928	0.9853	0.24149	1.49422	0.13592	0.42815	0.14079	0.93019	0.35285	0.70377
YRIAPOlabel	LCdom_E4YRI_vs_E2YRI	EGFR	ENSG00000146648	0.11078	0.68034	0.49723	0.90298	0.01756	0.10608	0.91565	0.98802	0.11078	0.68034	0.49723	0.90298	0.10178	0.60352	0.54699	0.97785	-0.01101	-0.06036	0.9519	0.98629	-0.11868	-0.63087	0.52849	0.79057
YRIAPOlabel	LCdom_E4YRI_vs_E2YRI	ELOVL2	ENSG00000197977	-0.09341	-0.36005	0.71926	0.90715	-0.22121	-0.87628	0.38214	0.79421	-0.09341	-0.36005	0.71926	0.90715	-0.36453	-1.41253	0.15967	0.87466	-0.13253	-0.52443	0.60028	0.79098	-0.26736	-1.08161	0.28009	0.63499
YRIAPOlabel	LCdom_E4YRI_vs_E2YRI	ENC1	ENSG00000171617	0.17803	0.99191	0.32268	0.82839	0.28143	1.54965	0.12312	0.53711	0.17803	0.99191	0.32268	0.82839	0.2189	1.18521	0.23763	0.87466	0.43572	2.50889	0.01251	0.13434	0.29244	1.69592	0.0907	0.42532
YRIAPOlabel	LCdom_E4YRI_vs_E2YRI	ENHO	ENSG00000168913	0.502	3.11952	0.00213	0.12984	0.40729	2.58487	0.0106	0.21211	0.502	3.11952	0.00213	0.12984	0.48166	2.78657	0.00595	0.18098	0.44496	3.14402	0.00179	0.03445	0.33561	2.47591	0.01371	0.1564
YRIAPOlabel	LCdom_E4YRI_vs_E2YRI	ERBB3	ENSG00000065361	-0.12528	-0.66905	0.50439	0.90298	-0.21661	-1.16647	0.24509	0.69347	-0.12528	-0.66905	0.50439	0.90298	-0.18227	-0.94062	0.34827	0.95577	0.01977	0.1026	0.91834	0.97943	-0.02258	-0.12571	0.90003	0.95308
YRIAPOlabel	LCdom_E4YRI_vs_E2YRI	ERMN	ENSG00000136541	-0.14301	-0.77368	0.44021	0.89705	-0.23835	-1.32455	0.18713	0.60263	-0.14301	-0.77368	0.44021	0.89705	-0.21351	-1.13461	0.25818	0.87466	0.05755	0.3215	0.748	0.90435	0.0461	0.29095	0.77124	0.88598
YRIAPOlabel	LCdom_E4YRI_vs_E2YRI	EYA4	ENSG00000112319	-0.14843	-0.49785	0.61925	0.90457	-0.25972	-0.87849	0.38094	0.79421	-0.14843	-0.49785	0.61925	0.90457	-0.30797	-0.97647	0.33026	0.95577	0.12044	0.38319	0.70179	0.87424	0.26781	0.84436	0.39899	0.73779
YRIAPOlabel	LCdom_E4YRI_vs_E2YRI	F13A1	ENSG00000124491	-0.1625	-0.27668	0.78237	0.94873	-0.18467	-0.32024	0.74919	0.96287	-0.1625	-0.27668	0.78237	0.94873	0.2487	0.38105	0.70366	0.98279	-0.04985	-0.09255	0.92631	0.97943	0.05358	0.10056	0.91995	0.95471
YRIAPOlabel	LCdom_E4YRI_vs_E2YRI	FASLG	ENSG00000117560	0.67725	2.27429	0.02422	0.38439	0.50746	1.67089	0.09662	0.49598	0.67725	2.27429	0.02422	0.38439	0.69258	2.17605	0.03097	0.49871	0.41032	0.8813	0.37871	0.637	0.16858	0.3657	0.71479	0.88598
YRIAPOlabel	LCdom_E4YRI_vs_E2YRI	FBLN1	ENSG00000077942	0.13878	0.69565	0.48762	0.90298	0.26142	1.28895	0.1992	0.6059	0.13878	0.69565	0.48762	0.90298	-0.01816	-0.08742	0.93044	0.9853	0.33891	1.24536	0.21375	0.52714	0.3025	1.14038	0.25483	0.6171
YRIAPOlabel	LCdom_E4YRI_vs_E2YRI	FCER1G	ENSG00000158869	-0.15411	-0.70826	0.47977	0.90298	-0.05157	-0.24024	0.81044	0.97733	-0.15411	-0.70826	0.47977	0.90298	-0.1252	-0.50192	0.61639	0.97785	-0.30323	-1.18844	0.23538	0.54376	-0.32555	-1.31929	0.18784	0.56664
YRIAPOlabel	LCdom_E4YRI_vs_E2YRI	FCGR1A	ENSG00000150337	-0.08363	-0.26495	0.79137	0.95105	0.06077	0.18856	0.85066	0.98697	-0.08363	-0.26495	0.79137	0.95105	0.07932	0.21531	0.82979	0.98279	-0.03683	-0.09676	0.92297	0.97943	-0.10677	-0.28371	0.77678	0.88598
YRIAPOlabel	LCdom_E4YRI_vs_E2YRI	FCGR3A	ENSG00000203747	-0.1843	-0.64455	0.5201	0.90298	-0.21905	-0.77504	0.43942	0.82592	-0.1843	-0.64455	0.5201	0.90298	-0.37062	-1.12175	0.26359	0.87466	-0.21418	-0.71186	0.47698	0.71941	-0.33488	-1.13611	0.25661	0.6171
YRIAPOlabel	LCdom_E4YRI_vs_E2YRI	FGFR2	ENSG00000066468	0.1371	0.78002	0.43648	0.89705	-0.00913	-0.05433	0.95674	0.98802	0.1371	0.78002	0.43648	0.89705	-0.0327	-0.19077	0.84894	0.98279	0.25801	1.58206	0.11444	0.39153	0.18145	1.23381	0.21801	0.59649
YRIAPOlabel	LCdom_E4YRI_vs_E2YRI	FGFR3	ENSG00000068078	0.11677	0.58973	0.55617	0.90457	0.04481	0.22705	0.82066	0.97863	0.11677	0.58973	0.55617	0.90457	0.02888	0.14146	0.88768	0.98279	0.01695	0.08987	0.92844	0.97943	-0.1423	-0.7446	0.45696	0.76926
YRIAPOlabel	LCdom_E4YRI_vs_E2YRI	FILIP1	ENSG00000118407	-0.16451	-0.78343	0.43448	0.89705	-0.10178	-0.48436	0.62877	0.91817	-0.16451	-0.78343	0.43448	0.89705	-0.19103	-0.83197	0.40662	0.97785	0.14186	0.45827	0.64701	0.82	0.12353	0.40416	0.68632	0.87009
YRIAPOlabel	LCdom_E4YRI_vs_E2YRI	FKBP2	ENSG00000173486	0.04923	0.49164	0.62362	0.90457	0.06175	0.63534	0.52607	0.87281	0.04923	0.49164	0.62362	0.90457	-0.15515	-1.506	0.13397	0.87466	0.13484	1.04515	0.2966	0.59812	0.0379	0.30451	0.7609	0.88598
YRIAPOlabel	LCdom_E4YRI_vs_E2YRI	FLT1	ENSG00000102755	-0.15921	-0.80072	0.42443	0.89705	-0.11059	-0.56906	0.57008	0.89233	-0.15921	-0.80072	0.42443	0.89705	-0.06787	-0.34066	0.73379	0.98279	0.14199	0.57856	0.56322	0.77756	0.15249	0.64193	0.5213	0.78302
YRIAPOlabel	LCdom_E4YRI_vs_E2YRI	FSTL4	ENSG00000053108	-0.12031	-0.64434	0.52024	0.90298	-0.01762	-0.09136	0.92732	0.98802	-0.12031	-0.64434	0.52024	0.90298	-0.03186	-0.15606	0.87618	0.98279	-0.04847	-0.21921	0.8266	0.95755	-0.22503	-1.02605	0.3055	0.6621
YRIAPOlabel	LCdom_E4YRI_vs_E2YRI	GAD1	ENSG00000128683	-0.77026	-2.7063	0.00751	0.19718	-0.83922	-2.92826	0.00389	0.16455	-0.77026	-2.7063	0.00751	0.19718	-0.70614	-2.05432	0.04153	0.56143	-0.94342	-3.95456	9e-05	0.00766	-0.91554	-3.78831	0.00018	0.00712
YRIAPOlabel	LCdom_E4YRI_vs_E2YRI	GAD2	ENSG00000136750	-0.32878	-1.14226	0.25498	0.81325	-0.61383	-2.16809	0.03157	0.28104	-0.32878	-1.14226	0.25498	0.81325	-0.5016	-1.46889	0.14378	0.87466	-0.85426	-3.21505	0.00141	0.02865	-0.81965	-3.00762	0.0028	0.05387
YRIAPOlabel	LCdom_E4YRI_vs_E2YRI	GAL	ENSG00000069482	-0.41501	-1.24072	0.21645	0.81325	-0.25602	-0.75931	0.44874	0.82592	-0.41501	-1.24072	0.21645	0.81325	-0.50101	-1.36382	0.17448	0.87466	-0.27424	-0.70313	0.4824	0.7246	-0.4495	-1.13524	0.25698	0.6171
YRIAPOlabel	LCdom_E4YRI_vs_E2YRI	GAS2L3	ENSG00000139354	0.05339	0.20186	0.84028	0.96587	0.20449	0.74444	0.45766	0.82592	0.05339	0.20186	0.84028	0.96587	-0.20499	-0.66771	0.50525	0.97785	-0.19894	-0.50072	0.61686	0.80412	-0.19595	-0.49514	0.62078	0.84864
YRIAPOlabel	LCdom_E4YRI_vs_E2YRI	GASK1B	ENSG00000164125	-0.02856	-0.15101	0.88015	0.96587	-0.01145	-0.06111	0.95134	0.98802	-0.02856	-0.15101	0.88015	0.96587	-0.05891	-0.2932	0.76973	0.98279	0.04169	0.21198	0.83223	0.95825	-0.0433	-0.21874	0.82697	0.91718
YRIAPOlabel	LCdom_E4YRI_vs_E2YRI	GJA1	ENSG00000152661	-0.00476	-0.02484	0.98021	0.98561	-0.06125	-0.32657	0.7444	0.96287	-0.00476	-0.02484	0.98021	0.98561	-0.02	-0.1029	0.91817	0.98279	-0.02386	-0.13046	0.89627	0.97943	-0.12534	-0.66899	0.50389	0.78302
YRIAPOlabel	LCdom_E4YRI_vs_E2YRI	GLUL	ENSG00000135821	0.01459	0.09428	0.925	0.97019	-0.06094	-0.39841	0.69084	0.96121	0.01459	0.09428	0.925	0.97019	-0.0181	-0.11531	0.90834	0.98279	-0.02242	-0.15502	0.87688	0.97943	-0.09463	-0.69528	0.4873	0.77829
YRIAPOlabel	LCdom_E4YRI_vs_E2YRI	GNLY	ENSG00000115523	-0.78379	-1.80916	0.07222	0.52944	-0.30382	-0.68312	0.49548	0.84689	-0.78379	-1.80916	0.07222	0.52944	-0.87706	-1.89467	0.05988	0.63117	0.28434	0.51666	0.60569	0.79239	0.39247	0.71242	0.47663	0.77665
YRIAPOlabel	LCdom_E4YRI_vs_E2YRI	GPAA1	ENSG00000197858	0.12684	1.11807	0.26514	0.81325	0.08233	0.73711	0.46209	0.82592	0.12684	1.11807	0.26514	0.81325	0.037	0.34006	0.73424	0.98279	0.16072	1.36751	0.17225	0.47879	0.04111	0.36706	0.71377	0.88598
YRIAPOlabel	LCdom_E4YRI_vs_E2YRI	GPNMB	ENSG00000136235	0.12606	0.39071	0.69651	0.90457	0.23761	0.74135	0.45953	0.82592	0.12606	0.39071	0.69651	0.90457	-0.24207	-0.70205	0.48364	0.97785	-0.01593	-0.04258	0.96605	0.98629	-0.10334	-0.27933	0.78014	0.88598
YRIAPOlabel	LCdom_E4YRI_vs_E2YRI	GPR183	ENSG00000169508	-0.31315	-1.01943	0.30947	0.82839	-0.41881	-1.34224	0.18134	0.60173	-0.31315	-1.01943	0.30947	0.82839	-0.35038	-0.96137	0.33777	0.95577	-0.30388	-0.80873	0.41916	0.65946	-0.45663	-1.22962	0.21958	0.59649
YRIAPOlabel	LCdom_E4YRI_vs_E2YRI	GPR34	ENSG00000171659	-0.67542	-2.70389	0.00756	0.19718	-0.59694	-2.29309	0.02309	0.25851	-0.67542	-2.70389	0.00756	0.19718	-0.46266	-1.53311	0.12716	0.87466	-0.73492	-2.46882	0.01398	0.13793	-0.85276	-2.9332	0.00355	0.06483
YRIAPOlabel	LCdom_E4YRI_vs_E2YRI	GPX3	ENSG00000211445	0.24201	1.37681	0.17041	0.76792	0.26863	1.54154	0.12508	0.53711	0.24201	1.37681	0.17041	0.76792	0.16035	0.92129	0.35824	0.96372	0.31491	1.87402	0.06167	0.30392	0.19065	1.21262	0.22601	0.59649
YRIAPOlabel	LCdom_E4YRI_vs_E2YRI	GPX4	ENSG00000167468	0.16842	1.54691	0.12378	0.65478	0.18766	1.81506	0.07131	0.41981	0.16842	1.54691	0.12378	0.65478	0.10053	0.98567	0.32573	0.95577	0.30063	2.83162	0.00487	0.07111	0.20545	2.09609	0.03672	0.26277
YRIAPOlabel	LCdom_E4YRI_vs_E2YRI	GRID2	ENSG00000152208	0.06043	0.35626	0.72209	0.90715	-0.04118	-0.2391	0.81132	0.97733	0.06043	0.35626	0.72209	0.90715	-0.08964	-0.50709	0.61276	0.97785	-0.12304	-0.63906	0.52315	0.76229	-0.25227	-1.29862	0.19484	0.56893
YRIAPOlabel	LCdom_E4YRI_vs_E2YRI	GZMA	ENSG00000145649	0.22901	0.7686	0.44321	0.89705	0.22235	0.72751	0.46793	0.82592	0.22901	0.7686	0.44321	0.89705	-0.03634	-0.10895	0.91337	0.98279	0.59675	1.45549	0.14634	0.44842	0.26162	0.66811	0.50446	0.78302
YRIAPOlabel	LCdom_E4YRI_vs_E2YRI	HCRTR1	ENSG00000121764	0.03538	0.1229	0.90233	0.97019	0.18108	0.63064	0.52914	0.87347	0.03538	0.1229	0.90233	0.97019	-0.17156	-0.58299	0.56069	0.97785	0.46726	1.59127	0.11236	0.39153	0.34331	1.21078	0.22672	0.59649
YRIAPOlabel	LCdom_E4YRI_vs_E2YRI	HES1	ENSG00000114315	-0.12693	-0.46344	0.64365	0.90457	-0.0219	-0.07943	0.93679	0.98802	-0.12693	-0.46344	0.64365	0.90457	-0.22043	-0.76971	0.44257	0.97785	0.046	0.15507	0.87685	0.97943	0.03131	0.10297	0.91804	0.95471
YRIAPOlabel	LCdom_E4YRI_vs_E2YRI	HHATL	ENSG00000010282	0.02923	0.13721	0.89103	0.96587	-0.03884	-0.18302	0.85501	0.98759	0.02923	0.13721	0.89103	0.96587	-0.06775	-0.30211	0.76295	0.98279	0.03017	0.14665	0.88349	0.97943	-0.024	-0.12114	0.90364	0.95326
YRIAPOlabel	LCdom_E4YRI_vs_E2YRI	HILPDA	ENSG00000135245	0.06855	0.2436	0.80784	0.95605	-0.01056	-0.03836	0.96945	0.98908	0.06855	0.2436	0.80784	0.95605	0.01309	0.04599	0.96337	0.99292	0.00751	0.03146	0.97492	0.98724	-0.10297	-0.44341	0.65772	0.86981
YRIAPOlabel	LCdom_E4YRI_vs_E2YRI	HLA-DMB	ENSG00000242574	-0.09218	-0.39041	0.69673	0.90457	0.05168	0.2146	0.83034	0.97863	-0.09218	-0.39041	0.69673	0.90457	0.03215	0.11465	0.90887	0.98279	-0.27616	-1.03522	0.30121	0.60068	-0.35928	-1.36802	0.17209	0.52784
YRIAPOlabel	LCdom_E4YRI_vs_E2YRI	HLA-DQA1	ENSG00000196735	0.12494	0.45061	0.65286	0.90457	0.09342	0.33162	0.7406	0.96287	0.12494	0.45061	0.65286	0.90457	0.26294	0.81029	0.41894	0.97785	-0.20264	-0.617	0.5376	0.76566	-0.10925	-0.33735	0.73603	0.88598
YRIAPOlabel	LCdom_E4YRI_vs_E2YRI	HLA-DRA	ENSG00000204287	-0.09993	-0.4684	0.64011	0.90457	-0.08423	-0.39417	0.69396	0.96121	-0.09993	-0.4684	0.64011	0.90457	-0.00877	-0.03458	0.97245	0.99292	-0.26523	-1.27665	0.20248	0.5062	-0.30293	-1.51067	0.13168	0.48867
YRIAPOlabel	LCdom_E4YRI_vs_E2YRI	HS3ST2	ENSG00000122254	0.13809	0.5521	0.58162	0.90457	-0.14474	-0.587	0.558	0.89233	0.13809	0.5521	0.58162	0.90457	-0.30882	-1.1922	0.23489	0.87466	-0.17112	-0.60635	0.54463	0.77	-0.21114	-0.75001	0.4537	0.76926
YRIAPOlabel	LCdom_E4YRI_vs_E2YRI	HS3ST4	ENSG00000182601	0.08892	0.44473	0.65709	0.90457	0.0224	0.10744	0.91457	0.98802	0.08892	0.44473	0.65709	0.90457	0.14772	0.61806	0.53738	0.97785	0.01358	0.05961	0.95249	0.98629	-0.29732	-1.28725	0.19877	0.5758
YRIAPOlabel	LCdom_E4YRI_vs_E2YRI	HSP90AB1	ENSG00000096384	0.12561	1.19319	0.23449	0.81325	0.13481	1.31207	0.1913	0.60385	0.12561	1.19319	0.23449	0.81325	0.0084	0.08243	0.93441	0.9853	0.24679	2.00901	0.04522	0.26622	0.1344	1.18833	0.23543	0.59649
YRIAPOlabel	LCdom_E4YRI_vs_E2YRI	HSPH1	ENSG00000120694	-0.16279	-1.29321	0.19772	0.81089	-0.16794	-1.3527	0.17798	0.596	-0.16279	-1.29321	0.19772	0.81089	-0.30031	-2.30785	0.02225	0.42735	-0.04168	-0.31765	0.75092	0.90435	-0.17501	-1.37781	0.16905	0.52784
YRIAPOlabel	LCdom_E4YRI_vs_E2YRI	HTR2A	ENSG00000102468	-0.04299	-0.19765	0.84356	0.96587	-0.00527	-0.02445	0.98053	0.98908	-0.04299	-0.19765	0.84356	0.96587	-0.03951	-0.17821	0.85878	0.98279	-0.13917	-0.58796	0.5569	0.77583	-0.19536	-0.83453	0.4045	0.73779
YRIAPOlabel	LCdom_E4YRI_vs_E2YRI	HTR2C	ENSG00000147246	-0.09737	-0.38415	0.70135	0.90457	-0.24487	-0.96246	0.33721	0.779	-0.09737	-0.38415	0.70135	0.90457	-0.41738	-1.43742	0.15249	0.87466	-0.49054	-2.14868	0.03227	0.23097	-0.36519	-1.58449	0.11389	0.46133
YRIAPOlabel	LCdom_E4YRI_vs_E2YRI	IDH1	ENSG00000138413	0.01269	0.085	0.93237	0.97403	0.03845	0.2616	0.79395	0.97733	0.01269	0.085	0.93237	0.97403	-0.09473	-0.70796	0.47996	0.97785	0.10816	0.69204	0.48932	0.72756	0.04227	0.28129	0.77863	0.88598
YRIAPOlabel	LCdom_E4YRI_vs_E2YRI	IDH2	ENSG00000182054	0.04808	0.34398	0.73129	0.911	-0.04965	-0.36698	0.7141	0.96287	0.04808	0.34398	0.73129	0.911	-0.08125	-0.6102	0.54256	0.97785	-0.06397	-0.56249	0.5741	0.77756	-0.19256	-1.6949	0.09089	0.42532
YRIAPOlabel	LCdom_E4YRI_vs_E2YRI	IDO1	ENSG00000131203	0.60954	2.56896	0.01108	0.22458	0.62416	2.50567	0.01318	0.21211	0.60954	2.56896	0.01108	0.22458	0.32504	1.24326	0.21553	0.87466	0.70352	2.11255	0.03528	0.23847	0.73629	2.21713	0.02719	0.22124
YRIAPOlabel	LCdom_E4YRI_vs_E2YRI	IFITM3	ENSG00000142089	0.14174	0.82466	0.41074	0.89705	0.17052	1.02715	0.30584	0.75814	0.14174	0.82466	0.41074	0.89705	0.10616	0.60472	0.5462	0.97785	0.27852	1.38322	0.16739	0.47364	0.26552	1.37508	0.16989	0.52784
YRIAPOlabel	LCdom_E4YRI_vs_E2YRI	IGFBP3	ENSG00000146674	-1.00401	-2.18861	0.03001	0.42134	-1.05348	-2.33209	0.02089	0.25027	-1.00401	-2.18861	0.03001	0.42134	-1.37164	-2.9423	0.00373	0.15126	-0.43709	-1.11648	0.2649	0.57209	-0.51847	-1.35317	0.17678	0.53771
YRIAPOlabel	LCdom_E4YRI_vs_E2YRI	IGFBP4	ENSG00000141753	0.1282	0.67654	0.49963	0.90298	0.13327	0.72305	0.47066	0.82592	0.1282	0.67654	0.49963	0.90298	0.27822	1.37309	0.17158	0.87466	0.06371	0.29605	0.76735	0.91232	0.09386	0.43379	0.66468	0.87009
YRIAPOlabel	LCdom_E4YRI_vs_E2YRI	IGFBP5	ENSG00000115461	-0.02832	-0.13678	0.89137	0.96587	0.15727	0.77199	0.44121	0.82592	-0.02832	-0.13678	0.89137	0.96587	-0.0812	-0.36208	0.71775	0.98279	0.19765	0.87707	0.38099	0.63789	0.12999	0.58152	0.56122	0.81288
YRIAPOlabel	LCdom_E4YRI_vs_E2YRI	IL7R	ENSG00000168685	-0.2836	-0.61377	0.5402	0.90457	-0.17017	-0.35772	0.72101	0.96287	-0.2836	-0.61377	0.5402	0.90457	-0.22308	-0.45165	0.65211	0.98274	0.03744	0.0759	0.93954	0.98544	0.14546	0.30261	0.76236	0.88598
YRIAPOlabel	LCdom_E4YRI_vs_E2YRI	INA	ENSG00000148798	-0.01708	-0.10439	0.91699	0.97019	0.00308	0.01891	0.98494	0.99037	-0.01708	-0.10439	0.91699	0.97019	-0.08172	-0.47191	0.63761	0.97785	0.04146	0.25051	0.80232	0.94952	-0.08349	-0.51879	0.6042	0.83853
YRIAPOlabel	LCdom_E4YRI_vs_E2YRI	ISCU	ENSG00000136003	0.07131	0.64716	0.51842	0.90298	0.00784	0.07147	0.94311	0.98802	0.07131	0.64716	0.51842	0.90298	-0.10684	-0.8929	0.37321	0.973	0.03037	0.24189	0.80899	0.95049	-0.0854	-0.71386	0.47574	0.77665
YRIAPOlabel	LCdom_E4YRI_vs_E2YRI	ITGA8	ENSG00000077943	-0.45971	-1.55732	0.12129	0.65103	-0.40855	-1.32127	0.18822	0.60263	-0.45971	-1.55732	0.12129	0.65103	-0.51555	-1.56274	0.12003	0.87466	-0.48118	-1.54704	0.12266	0.40334	-0.48076	-1.54914	0.12216	0.46445
YRIAPOlabel	LCdom_E4YRI_vs_E2YRI	ITGAM	ENSG00000169896	-0.28737	-1.57355	0.11748	0.64084	-0.18944	-0.97908	0.32896	0.779	-0.28737	-1.57355	0.11748	0.64084	-0.07634	-0.32957	0.74215	0.98279	-0.35491	-1.36337	0.17355	0.47879	-0.38709	-1.50729	0.13254	0.48867
YRIAPOlabel	LCdom_E4YRI_vs_E2YRI	ITGAX	ENSG00000140678	-0.16977	-0.73618	0.46266	0.90298	-0.09199	-0.39244	0.69523	0.96121	-0.16977	-0.73618	0.46266	0.90298	-0.10943	-0.39647	0.69227	0.98279	-0.14044	-0.55698	0.57786	0.77829	-0.16994	-0.69028	0.49043	0.77829
YRIAPOlabel	LCdom_E4YRI_vs_E2YRI	ITGB2	ENSG00000160255	-0.02838	-0.15257	0.87892	0.96587	0.09981	0.53698	0.592	0.89332	-0.02838	-0.15257	0.87892	0.96587	-0.04947	-0.2231	0.82374	0.98279	0.00778	0.02903	0.97686	0.98724	-0.07163	-0.27438	0.78394	0.88598
YRIAPOlabel	LCdom_E4YRI_vs_E2YRI	ITGB8	ENSG00000105855	-0.13454	-0.74898	0.45492	0.90243	-0.24108	-1.3839	0.16824	0.57931	-0.13454	-0.74898	0.45492	0.90243	-0.24706	-1.37962	0.16956	0.87466	-0.04955	-0.30811	0.75816	0.90435	-0.10944	-0.69111	0.4899	0.77829
YRIAPOlabel	LCdom_E4YRI_vs_E2YRI	KCNH5	ENSG00000140015	-0.25369	-1.12111	0.26385	0.81325	-0.37473	-1.63252	0.10446	0.49681	-0.25369	-1.12111	0.26385	0.81325	-0.60905	-2.34081	0.02043	0.42735	-0.4462	-1.61158	0.10787	0.39095	-0.63155	-2.24199	0.02553	0.21671
YRIAPOlabel	LCdom_E4YRI_vs_E2YRI	KIT	ENSG00000157404	-0.33332	-1.35083	0.17858	0.78531	-0.5378	-2.20738	0.02865	0.27304	-0.33332	-1.35083	0.17858	0.78531	-0.39233	-1.46273	0.14544	0.87466	-0.67458	-2.69211	0.0074	0.09653	-0.70076	-2.85998	0.00446	0.07144
YRIAPOlabel	LCdom_E4YRI_vs_E2YRI	KLF2	ENSG00000127528	-0.2214	-0.81762	0.41474	0.89705	-0.11161	-0.4104	0.68204	0.96117	-0.2214	-0.81762	0.41474	0.89705	-0.17048	-0.60465	0.54624	0.97785	0.21539	0.69124	0.48983	0.72756	0.27515	0.89548	0.37108	0.71664
YRIAPOlabel	LCdom_E4YRI_vs_E2YRI	KLF4	ENSG00000136826	-0.50111	-1.47557	0.14194	0.70063	-0.35837	-1.05686	0.29211	0.73026	-0.50111	-1.47557	0.14194	0.70063	-0.44709	-1.25554	0.21105	0.87466	0.01786	0.04093	0.96737	0.98629	-0.09105	-0.21022	0.83361	0.91924
YRIAPOlabel	LCdom_E4YRI_vs_E2YRI	KLK6	ENSG00000167755	0.30014	1.51984	0.13044	0.68017	0.25763	1.32314	0.1876	0.60263	0.30014	1.51984	0.13044	0.68017	0.24145	1.14688	0.25309	0.87466	0.50133	2.03016	0.04302	0.26168	0.51933	2.21586	0.02728	0.22124
YRIAPOlabel	LCdom_E4YRI_vs_E2YRI	KLRB1	ENSG00000111796	-0.02034	-0.06034	0.95196	0.97403	0.12566	0.36151	0.71818	0.96287	-0.02034	-0.06034	0.95196	0.97403	-0.36965	-1.06216	0.28971	0.89614	0.58057	1.36056	0.17446	0.47879	0.47323	1.10737	0.26884	0.62919
YRIAPOlabel	LCdom_E4YRI_vs_E2YRI	LAMA2	ENSG00000196569	0.21209	1.03201	0.30356	0.82839	0.17554	0.87001	0.38554	0.79505	0.21209	1.03201	0.30356	0.82839	0.17456	0.81545	0.41599	0.97785	0.44418	1.51217	0.1313	0.42411	0.39093	1.37229	0.17076	0.52784
YRIAPOlabel	LCdom_E4YRI_vs_E2YRI	LAMP5	ENSG00000125869	0.23503	0.92376	0.35695	0.86457	0.1383	0.53808	0.59124	0.89332	0.23503	0.92376	0.35695	0.86457	-0.03897	-0.14395	0.88572	0.98279	0.22524	0.93099	0.35243	0.63681	-0.07475	-0.31066	0.75622	0.88598
YRIAPOlabel	LCdom_E4YRI_vs_E2YRI	LAPTM5	ENSG00000162511	-0.34045	-1.50482	0.13426	0.69021	-0.27285	-1.19563	0.23354	0.67119	-0.34045	-1.50482	0.13426	0.69021	-0.13929	-0.50262	0.6159	0.97785	-0.42481	-1.70219	0.08951	0.36591	-0.49265	-2.06507	0.03957	0.26872
YRIAPOlabel	LCdom_E4YRI_vs_E2YRI	LDLR	ENSG00000130164	0.16998	0.76586	0.44484	0.89705	0.1995	0.9233	0.35718	0.78576	0.16998	0.76586	0.44484	0.89705	0.02076	0.09154	0.92717	0.9853	0.24805	1.31576	0.18902	0.48932	0.11639	0.65044	0.51579	0.78302
YRIAPOlabel	LCdom_E4YRI_vs_E2YRI	LHX6	ENSG00000106852	-0.15949	-0.6302	0.52942	0.90457	-0.01943	-0.0778	0.93808	0.98802	-0.15949	-0.6302	0.52942	0.90457	0.0843	0.31198	0.75545	0.98279	0.39382	1.20559	0.2287	0.53949	0.40535	1.25253	0.21112	0.58973
YRIAPOlabel	LCdom_E4YRI_vs_E2YRI	LONRF2	ENSG00000170500	0.04723	0.36281	0.71721	0.90715	0.02393	0.18716	0.85177	0.98697	0.04723	0.36281	0.71721	0.90715	-0.04232	-0.33424	0.73862	0.98279	0.11278	0.88863	0.37475	0.63681	0.00177	0.01466	0.98831	0.99375
YRIAPOlabel	LCdom_E4YRI_vs_E2YRI	LOX	ENSG00000113083	-0.17257	-0.42367	0.67235	0.90457	-0.63875	-1.61459	0.10829	0.49681	-0.17257	-0.42367	0.67235	0.90457	-0.89383	-2.11988	0.03551	0.54002	-0.2406	-0.58942	0.55592	0.77583	-0.13187	-0.32352	0.74648	0.88598
YRIAPOlabel	LCdom_E4YRI_vs_E2YRI	LRRK1	ENSG00000154237	-0.16043	-0.61914	0.53667	0.90457	-0.09221	-0.33743	0.73622	0.96287	-0.16043	-0.61914	0.53667	0.90457	-0.27458	-0.84094	0.40159	0.97785	-0.21016	-0.76637	0.44392	0.68656	-0.31368	-1.11328	0.26627	0.62919
YRIAPOlabel	LCdom_E4YRI_vs_E2YRI	LRRK2	ENSG00000188906	0.03566	0.24087	0.80995	0.95605	0.01166	0.07717	0.93858	0.98802	0.03566	0.24087	0.80995	0.95605	-0.05876	-0.3942	0.69394	0.98279	0.04776	0.23385	0.81522	0.95066	-0.09299	-0.45088	0.65233	0.86716
YRIAPOlabel	LCdom_E4YRI_vs_E2YRI	LY86	ENSG00000112799	-0.17025	-0.64508	0.51976	0.90298	-0.14866	-0.56963	0.5697	0.89233	-0.17025	-0.64508	0.51976	0.90298	-0.04211	-0.1329	0.89444	0.98279	-0.3273	-1.00307	0.31645	0.60473	-0.4716	-1.4592	0.14532	0.50039
YRIAPOlabel	LCdom_E4YRI_vs_E2YRI	LYPD6	ENSG00000187123	-0.08869	-0.43598	0.66341	0.90457	-0.15033	-0.73667	0.46236	0.82592	-0.08869	-0.43598	0.66341	0.90457	-0.23318	-1.13352	0.25864	0.87466	-0.16434	-0.74289	0.458	0.70239	-0.19592	-0.88648	0.3759	0.72213
YRIAPOlabel	LCdom_E4YRI_vs_E2YRI	LYPD6B	ENSG00000150556	-0.01733	-0.06394	0.94909	0.97403	-0.04225	-0.15326	0.87838	0.98802	-0.01733	-0.06394	0.94909	0.97403	-0.15647	-0.51948	0.60412	0.97785	-0.36457	-1.13807	0.2558	0.57209	-0.37347	-1.15129	0.25033	0.6171
YRIAPOlabel	LCdom_E4YRI_vs_E2YRI	LYVE1	ENSG00000133800	0.05097	0.16281	0.87087	0.96587	0.17093	0.53818	0.59117	0.89332	0.05097	0.16281	0.87087	0.96587	0.01066	0.0328	0.97388	0.99292	-0.04719	-0.1246	0.90091	0.97943	-0.28408	-0.75692	0.44956	0.76926
YRIAPOlabel	LCdom_E4YRI_vs_E2YRI	MAG	ENSG00000105695	0.1259	0.6359	0.52571	0.90457	0.04368	0.22925	0.81896	0.97863	0.1259	0.6359	0.52571	0.90457	0.04261	0.21104	0.83312	0.98279	0.34011	1.63814	0.1022	0.38455	0.31903	1.65997	0.09772	0.43498
YRIAPOlabel	LCdom_E4YRI_vs_E2YRI	MAL	ENSG00000172005	0.01161	0.0619	0.95071	0.97403	-0.11277	-0.61411	0.53998	0.88289	0.01161	0.0619	0.95071	0.97403	-0.10367	-0.55542	0.57936	0.97785	0.14465	0.79087	0.4295	0.66936	0.14075	0.83486	0.40431	0.73779
YRIAPOlabel	LCdom_E4YRI_vs_E2YRI	MAOA	ENSG00000189221	0.27232	1.42718	0.1554	0.72718	0.39897	2.08158	0.03891	0.3065	0.27232	1.42718	0.1554	0.72718	0.17109	0.9723	0.33232	0.95577	0.56191	3.65989	0.00029	0.01047	0.42482	2.85154	0.00458	0.07144
YRIAPOlabel	LCdom_E4YRI_vs_E2YRI	MAP1LC3B	ENSG00000140941	0.09045	0.64875	0.51739	0.90298	0.10607	0.79463	0.42796	0.82592	0.09045	0.64875	0.51739	0.90298	0.02037	0.16093	0.87234	0.98279	0.21892	1.57068	0.11706	0.39564	0.09745	0.77799	0.43704	0.75602
YRIAPOlabel	LCdom_E4YRI_vs_E2YRI	MCTP1	ENSG00000175471	0.22672	1.17551	0.24146	0.81325	0.29882	1.54723	0.1237	0.53711	0.22672	1.17551	0.24146	0.81325	0.30893	1.67538	0.09575	0.7723	0.33149	2.03218	0.04281	0.26168	0.19171	1.25029	0.21194	0.58973
YRIAPOlabel	LCdom_E4YRI_vs_E2YRI	MCTP2	ENSG00000140563	0.20949	0.80078	0.42439	0.89705	0.36004	1.42566	0.15584	0.57931	0.20949	0.80078	0.42439	0.89705	0.31431	1.09128	0.27674	0.8877	0.32889	0.91888	0.35872	0.63681	0.43363	1.20225	0.22999	0.59649
YRIAPOlabel	LCdom_E4YRI_vs_E2YRI	MEIS2	ENSG00000134138	0.18752	0.88477	0.37755	0.88338	0.26872	1.25426	0.2115	0.62763	0.18752	0.88477	0.37755	0.88338	0.00514	0.02528	0.97987	0.99347	0.40915	2.11245	0.03528	0.23847	0.29509	1.58436	0.11392	0.46133
YRIAPOlabel	LCdom_E4YRI_vs_E2YRI	MEPE	ENSG00000152595	-0.10327	-0.39406	0.69404	0.90457	-0.09157	-0.35171	0.7255	0.96287	-0.10327	-0.39406	0.69404	0.90457	-0.05957	-0.21918	0.82678	0.98279	0.06237	0.15684	0.87545	0.97943	-0.0393	-0.09961	0.9207	0.95471
YRIAPOlabel	LCdom_E4YRI_vs_E2YRI	MGST1	ENSG00000008394	0.29009	1.44963	0.14904	0.71577	0.2053	1.02381	0.30741	0.75814	0.29009	1.44963	0.14904	0.71577	0.11842	0.57201	0.56809	0.97785	0.2463	1.37649	0.16946	0.47578	0.08662	0.47926	0.63202	0.85958
YRIAPOlabel	LCdom_E4YRI_vs_E2YRI	MKI67	ENSG00000148773	0.14223	0.47503	0.63539	0.90457	0.18835	0.62739	0.53126	0.87347	0.14223	0.47503	0.63539	0.90457	0.05186	0.15879	0.87403	0.98279	0.35527	0.96139	0.33696	0.62221	0.52326	1.42665	0.15449	0.52352
YRIAPOlabel	LCdom_E4YRI_vs_E2YRI	MOBP	ENSG00000168314	-0.06098	-0.34741	0.72872	0.9109	-0.14818	-0.86292	0.38942	0.79853	-0.06098	-0.34741	0.72872	0.9109	-0.14942	-0.82604	0.40997	0.97785	0.11803	0.72294	0.47015	0.71205	0.13069	0.9161	0.36018	0.70767
YRIAPOlabel	LCdom_E4YRI_vs_E2YRI	MOG	ENSG00000204655	-0.04475	-0.19702	0.84406	0.96587	-0.16562	-0.74788	0.45558	0.82592	-0.04475	-0.19702	0.84406	0.96587	-0.05339	-0.22492	0.82232	0.98279	0.18259	0.81231	0.41711	0.65946	0.17683	0.85348	0.39391	0.73779
YRIAPOlabel	LCdom_E4YRI_vs_E2YRI	MS4A6A	ENSG00000110077	0.31064	1.13115	0.25961	0.81325	0.463	1.61183	0.10889	0.49681	0.31064	1.13115	0.25961	0.81325	0.22041	0.68842	0.49215	0.97785	-0.0063	-0.01931	0.9846	0.99003	-0.1431	-0.44996	0.65299	0.86716
YRIAPOlabel	LCdom_E4YRI_vs_E2YRI	MT1E	ENSG00000169715	0.70771	2.71775	0.00727	0.19718	0.65284	2.51457	0.01286	0.21211	0.70771	2.71775	0.00727	0.19718	0.65829	2.45528	0.01511	0.42193	0.74535	3.31873	0.00099	0.02472	0.67821	3.02845	0.00262	0.05315
YRIAPOlabel	LCdom_E4YRI_vs_E2YRI	MT1X	ENSG00000187193	0.83684	2.58579	0.01057	0.22458	0.77122	2.38127	0.01838	0.25027	0.83684	2.58579	0.01057	0.22458	0.65075	1.94327	0.05368	0.63117	0.73012	2.32422	0.02063	0.17926	0.67519	2.11792	0.03482	0.25415
YRIAPOlabel	LCdom_E4YRI_vs_E2YRI	MYO16	ENSG00000041515	0.63172	2.45466	0.01513	0.27608	0.7582	2.91406	0.00406	0.16455	0.63172	2.45466	0.01513	0.27608	0.57005	2.27139	0.02441	0.43634	1.0004	4.24533	3e-05	0.00498	0.893	4.01595	7e-05	0.00324
YRIAPOlabel	LCdom_E4YRI_vs_E2YRI	MYO5B	ENSG00000167306	-0.31984	-1.26806	0.20654	0.81325	-0.23588	-0.93499	0.35115	0.78449	-0.31984	-1.26806	0.20654	0.81325	-0.35002	-1.3011	0.19503	0.87466	-0.17568	-0.48996	0.62444	0.80459	-0.29544	-0.84837	0.39676	0.73779
YRIAPOlabel	LCdom_E4YRI_vs_E2YRI	MYRF	ENSG00000124920	0.25074	1.29584	0.19682	0.81089	0.10831	0.56817	0.57068	0.89233	0.25074	1.29584	0.19682	0.81089	0.13829	0.69092	0.49058	0.97785	0.41663	2.07808	0.03835	0.25338	0.32852	1.77621	0.07647	0.39876
YRIAPOlabel	LCdom_E4YRI_vs_E2YRI	NCSTN	ENSG00000162736	0.12929	0.97882	0.32908	0.82839	0.10291	0.81032	0.41891	0.82592	0.12929	0.97882	0.32908	0.82839	0.01056	0.08592	0.93163	0.9853	0.28484	1.92004	0.05558	0.28572	0.17711	1.24665	0.21327	0.58973
YRIAPOlabel	LCdom_E4YRI_vs_E2YRI	NDST4	ENSG00000138653	-0.6543	-2.38345	0.01827	0.30318	-1.03174	-3.70845	0.00028	0.02588	-0.6543	-2.38345	0.01827	0.30318	-0.92687	-3.08558	0.00238	0.14491	-1.2095	-3.8526	0.00014	0.00766	-1.48796	-4.72867	0	0.00039
YRIAPOlabel	LCdom_E4YRI_vs_E2YRI	NES	ENSG00000132688	0.19228	1.04851	0.29592	0.82839	0.17441	0.95343	0.34175	0.78449	0.19228	1.04851	0.29592	0.82839	0.20689	1.12496	0.26224	0.87466	0.42585	1.99241	0.04702	0.27124	0.37888	1.83775	0.06686	0.37543
YRIAPOlabel	LCdom_E4YRI_vs_E2YRI	NFE2L2	ENSG00000116044	-0.06133	-0.36108	0.71849	0.90715	-0.14666	-0.9074	0.36551	0.78941	-0.06133	-0.36108	0.71849	0.90715	-0.23101	-1.4065	0.16145	0.87466	0.01378	0.09221	0.92658	0.97943	-0.07213	-0.52124	0.60249	0.83853
YRIAPOlabel	LCdom_E4YRI_vs_E2YRI	NKG7	ENSG00000105374	-0.80111	-1.65324	0.10016	0.60931	-0.06462	-0.1239	0.90155	0.98802	-0.80111	-1.65324	0.10016	0.60931	-0.86619	-1.59743	0.11208	0.85226	0.72517	1.18264	0.23777	0.54581	0.92936	1.53803	0.12496	0.47021
YRIAPOlabel	LCdom_E4YRI_vs_E2YRI	NMB	ENSG00000197696	0.02749	0.14342	0.88613	0.96587	0.04732	0.25501	0.79903	0.97733	0.02749	0.14342	0.88613	0.96587	-0.04983	-0.25887	0.79605	0.98279	0.09296	0.42203	0.67324	0.84735	-0.02376	-0.11187	0.91098	0.95471
YRIAPOlabel	LCdom_E4YRI_vs_E2YRI	NNAT	ENSG00000053438	0.04716	0.14252	0.88684	0.96587	-0.02252	-0.06591	0.94753	0.98802	0.04716	0.14252	0.88684	0.96587	-0.31022	-0.80884	0.41978	0.97785	-0.03566	-0.12618	0.89965	0.97943	-0.21101	-0.72756	0.46732	0.77532
YRIAPOlabel	LCdom_E4YRI_vs_E2YRI	NOTCH1	ENSG00000148400	0.25575	1.77621	0.07752	0.54413	0.21803	1.48908	0.13836	0.56741	0.25575	1.77621	0.07752	0.54413	0.20613	1.41751	0.15821	0.87466	0.27139	1.78331	0.07531	0.32652	0.24165	1.57907	0.11513	0.46133
YRIAPOlabel	LCdom_E4YRI_vs_E2YRI	NPFFR2	ENSG00000056291	-0.21723	-0.50029	0.61753	0.90457	-0.34779	-0.81828	0.41436	0.82452	-0.21723	-0.50029	0.61753	0.90457	-0.77028	-1.67442	0.09594	0.7723	-0.3994	-0.95995	0.33767	0.62221	-0.64682	-1.56865	0.11754	0.46133
YRIAPOlabel	LCdom_E4YRI_vs_E2YRI	NPNT	ENSG00000168743	-0.39574	-1.39334	0.16537	0.76404	-0.3545	-1.21569	0.22582	0.65417	-0.39574	-1.39334	0.16537	0.76404	-0.45475	-1.40968	0.16051	0.87466	-0.70487	-2.15754	0.03158	0.23097	-0.53298	-1.58382	0.11405	0.46133
YRIAPOlabel	LCdom_E4YRI_vs_E2YRI	NPTN	ENSG00000156642	-0.16233	-1.44206	0.15116	0.71653	-0.24809	-2.1057	0.03673	0.3065	-0.16233	-1.44206	0.15116	0.71653	-0.29992	-2.34685	0.02012	0.42735	-0.26016	-2.13717	0.0332	0.23306	-0.37556	-3.15396	0.00174	0.04222
YRIAPOlabel	LCdom_E4YRI_vs_E2YRI	NPY	ENSG00000122585	-0.80457	-0.98259	0.32725	0.82839	-1.73756	-2.07579	0.03947	0.3065	-0.80457	-0.98259	0.32725	0.82839	-0.94619	-1.0685	0.28687	0.89492	-2.72227	-4.02671	7e-05	0.00766	-2.8146	-4.17887	4e-05	0.00274
YRIAPOlabel	LCdom_E4YRI_vs_E2YRI	NPY1R	ENSG00000164128	-0.39592	-1.68785	0.09331	0.58644	-0.60931	-2.57916	0.01077	0.21211	-0.39592	-1.68785	0.09331	0.58644	-0.63564	-2.36747	0.01907	0.42735	-0.56985	-2.27168	0.02365	0.19617	-0.68818	-2.71006	0.00702	0.08839
YRIAPOlabel	LCdom_E4YRI_vs_E2YRI	NR2F2	ENSG00000185551	-0.10725	-0.52502	0.60027	0.90457	0.01729	0.08307	0.93389	0.98802	-0.10725	-0.52502	0.60027	0.90457	0.102	0.44867	0.65426	0.98274	0.02597	0.10931	0.91301	0.97943	0.05063	0.21583	0.82923	0.91718
YRIAPOlabel	LCdom_E4YRI_vs_E2YRI	NR4A2	ENSG00000153234	0.12353	0.26061	0.79472	0.95105	0.1193	0.2512	0.80197	0.97733	0.12353	0.26061	0.79472	0.95105	0.11652	0.23305	0.81602	0.98279	0.23706	0.5362	0.59212	0.78878	-0.12315	-0.28523	0.77562	0.88598
YRIAPOlabel	LCdom_E4YRI_vs_E2YRI	NRN1	ENSG00000124785	-0.04137	-0.23866	0.81166	0.95605	0.05138	0.28882	0.77308	0.97468	-0.04137	-0.23866	0.81166	0.95605	-0.04227	-0.23526	0.81429	0.98279	0.09233	0.48769	0.62604	0.80459	-0.04973	-0.2711	0.78646	0.88598
YRIAPOlabel	LCdom_E4YRI_vs_E2YRI	NRP1	ENSG00000099250	-0.07599	-0.45212	0.65177	0.90457	-0.03553	-0.21354	0.83117	0.97863	-0.07599	-0.45212	0.65177	0.90457	-0.22947	-1.3335	0.1842	0.87466	-0.20023	-0.88897	0.37457	0.63681	-0.16337	-0.72758	0.4673	0.77532
YRIAPOlabel	LCdom_E4YRI_vs_E2YRI	NTNG1	ENSG00000162631	-0.32455	-1.78476	0.07612	0.54413	-0.31585	-1.76198	0.0799	0.4487	-0.32455	-1.78476	0.07612	0.54413	-0.13696	-0.72671	0.46843	0.97785	-0.25832	-1.32901	0.18462	0.48864	-0.28786	-1.46806	0.14289	0.49672
YRIAPOlabel	LCdom_E4YRI_vs_E2YRI	NTNG2	ENSG00000196358	0.59831	2.90395	0.00418	0.16967	0.50924	2.6	0.01016	0.21211	0.59831	2.90395	0.00418	0.16967	0.24991	1.15305	0.25055	0.87466	0.53255	2.63041	0.00886	0.10785	0.47656	2.38265	0.01767	0.17427
YRIAPOlabel	LCdom_E4YRI_vs_E2YRI	NTSR2	ENSG00000169006	0.03759	0.22477	0.82243	0.95605	-0.00749	-0.04527	0.96395	0.98831	0.03759	0.22477	0.82243	0.95605	-0.03279	-0.20069	0.84119	0.98279	-0.08597	-0.56141	0.57484	0.77756	-0.2149	-1.39256	0.16455	0.52784
YRIAPOlabel	LCdom_E4YRI_vs_E2YRI	NWD2	ENSG00000174145	0.06406	0.24891	0.80374	0.95605	0.12565	0.48705	0.62686	0.91817	0.06406	0.24891	0.80374	0.95605	0.13276	0.49487	0.62135	0.97785	0.2318	0.88896	0.37457	0.63681	0.09109	0.35207	0.72498	0.88598
YRIAPOlabel	LCdom_E4YRI_vs_E2YRI	NXPH2	ENSG00000144227	-0.33373	-1.02801	0.30543	0.82839	-0.69712	-2.11734	0.03571	0.3065	-0.33373	-1.02801	0.30543	0.82839	-0.5501	-1.51556	0.13154	0.87466	-0.9374	-2.85473	0.00454	0.07111	-1.06937	-3.31281	0.00101	0.02683
YRIAPOlabel	LCdom_E4YRI_vs_E2YRI	OLIG1	ENSG00000184221	0.00438	0.02486	0.9802	0.98561	-0.08179	-0.47005	0.63893	0.91817	0.00438	0.02486	0.9802	0.98561	-0.10639	-0.61283	0.54083	0.97785	-0.00216	-0.013	0.98963	0.99235	-0.05186	-0.33359	0.73887	0.88598
YRIAPOlabel	LCdom_E4YRI_vs_E2YRI	OLIG2	ENSG00000205927	0.09377	0.47179	0.63769	0.90457	-0.01413	-0.07185	0.9428	0.98802	0.09377	0.47179	0.63769	0.90457	-0.03215	-0.16037	0.87278	0.98279	0.12605	0.62466	0.53256	0.76229	0.04406	0.22654	0.8209	0.9135
YRIAPOlabel	LCdom_E4YRI_vs_E2YRI	OPALIN	ENSG00000197430	-0.13569	-0.65977	0.51031	0.90298	-0.34813	-1.69974	0.09104	0.49598	-0.13569	-0.65977	0.51031	0.90298	-0.08594	-0.37965	0.70469	0.98279	-0.02017	-0.08986	0.92845	0.97943	-0.15929	-0.74679	0.45564	0.76926
YRIAPOlabel	LCdom_E4YRI_vs_E2YRI	OTOGL	ENSG00000165899	0.03844	0.10785	0.91424	0.97019	0.10348	0.2905	0.7718	0.97468	0.03844	0.10785	0.91424	0.97019	0.23347	0.60061	0.54892	0.97785	0.21645	0.59139	0.55461	0.77583	0.16341	0.45241	0.65123	0.86716
YRIAPOlabel	LCdom_E4YRI_vs_E2YRI	P2RY12	ENSG00000169313	-1.06779	-4.02136	9e-05	0.03193	-1.06022	-3.969	0.00011	0.01954	-1.06779	-4.02136	9e-05	0.03193	-0.97785	-3.13366	0.00204	0.14491	-1.07833	-3.7838	0.00018	0.00766	-1.16186	-4.13906	4e-05	0.00274
YRIAPOlabel	LCdom_E4YRI_vs_E2YRI	P2RY13	ENSG00000181631	-0.63645	-2.66048	0.00856	0.20581	-0.58556	-2.38322	0.01829	0.25027	-0.63645	-2.66048	0.00856	0.20581	-0.43999	-1.48326	0.13991	0.87466	-0.7489	-2.48694	0.0133	0.13776	-0.85721	-2.88697	0.00411	0.07136
YRIAPOlabel	LCdom_E4YRI_vs_E2YRI	PAX6	ENSG00000007372	0.37056	1.60983	0.10932	0.63338	0.25682	1.11378	0.26698	0.70936	0.37056	1.60983	0.10932	0.63338	0.13076	0.55741	0.578	0.97785	0.34604	1.32575	0.1857	0.48864	0.1319	0.50259	0.61554	0.84463
YRIAPOlabel	LCdom_E4YRI_vs_E2YRI	PCNA	ENSG00000132646	0.03078	0.27842	0.78104	0.94873	-0.04958	-0.46438	0.64298	0.91892	0.03078	0.27842	0.78104	0.94873	-0.11861	-1.10169	0.2722	0.88706	0.07148	0.57355	0.5666	0.77756	-0.04923	-0.42324	0.67235	0.87009
YRIAPOlabel	LCdom_E4YRI_vs_E2YRI	PCSK1	ENSG00000175426	0.47326	2.04271	0.04265	0.43246	0.4405	1.94662	0.05326	0.34714	0.47326	2.04271	0.04265	0.43246	0.24757	1.07501	0.28394	0.89342	0.61057	2.29992	0.02198	0.18655	0.41871	1.66823	0.09607	0.43498
YRIAPOlabel	LCdom_E4YRI_vs_E2YRI	PCSK1N	ENSG00000102109	0.85474	2.71981	0.00722	0.19718	0.96461	3.01339	0.00299	0.16455	0.85474	2.71981	0.00722	0.19718	0.62843	1.86356	0.06416	0.63289	0.74625	2.16299	0.03116	0.23097	0.59426	1.70548	0.08891	0.42532
YRIAPOlabel	LCdom_E4YRI_vs_E2YRI	PCSK6	ENSG00000140479	-0.0379	-0.189	0.85032	0.96587	-0.13897	-0.72592	0.46891	0.82592	-0.0379	-0.189	0.85032	0.96587	-0.28572	-1.43371	0.15354	0.87466	0.17635	0.89332	0.37224	0.63681	0.18213	1.00438	0.31582	0.66819
YRIAPOlabel	LCdom_E4YRI_vs_E2YRI	PDGFD	ENSG00000170962	0.19826	0.86954	0.3858	0.89124	0.30295	1.30337	0.19424	0.60385	0.19826	0.86954	0.3858	0.89124	0.12472	0.56004	0.57621	0.97785	0.38313	1.98089	0.0483	0.27124	0.19097	1.01615	0.31019	0.6621
YRIAPOlabel	LCdom_E4YRI_vs_E2YRI	PDGFRA	ENSG00000134853	0.0811	0.38508	0.70067	0.90457	-0.09594	-0.4507	0.65279	0.92352	0.0811	0.38508	0.70067	0.90457	-0.20342	-0.95873	0.33909	0.95577	-0.21806	-0.96655	0.33437	0.62221	-0.30631	-1.42298	0.15554	0.52352
YRIAPOlabel	LCdom_E4YRI_vs_E2YRI	PECAM1	ENSG00000261371	-0.09573	-0.50634	0.61329	0.90457	-0.0252	-0.14136	0.88775	0.98802	-0.09573	-0.50634	0.61329	0.90457	-0.00955	-0.05035	0.95991	0.99292	0.02914	0.12701	0.89899	0.97943	0.15372	0.69207	0.48931	0.77829
YRIAPOlabel	LCdom_E4YRI_vs_E2YRI	PENK	ENSG00000181195	-0.11845	-0.41626	0.67775	0.90457	-0.73773	-2.54347	0.01189	0.21211	-0.11845	-0.41626	0.67775	0.90457	-0.39859	-1.19227	0.23488	0.87466	-0.9802	-3.57551	0.00039	0.01305	-0.98078	-3.51314	0.00049	0.01504
YRIAPOlabel	LCdom_E4YRI_vs_E2YRI	PGRMC1	ENSG00000101856	-0.06814	-0.44185	0.65917	0.90457	-0.05345	-0.35972	0.71951	0.96287	-0.06814	-0.44185	0.65917	0.90457	-0.11404	-0.76711	0.44411	0.97785	0.03482	0.24854	0.80384	0.94952	-0.08268	-0.64729	0.51783	0.78302
YRIAPOlabel	LCdom_E4YRI_vs_E2YRI	PHLDB2	ENSG00000144824	-0.06686	-0.38745	0.69892	0.90457	0.13698	0.81602	0.41565	0.82452	-0.06686	-0.38745	0.69892	0.90457	0.1249	0.69325	0.48912	0.97785	0.19485	0.86887	0.38545	0.64079	0.21569	0.98373	0.32585	0.67103
YRIAPOlabel	LCdom_E4YRI_vs_E2YRI	PLCE1	ENSG00000138193	0.00915	0.04373	0.96517	0.98404	0.19072	0.88791	0.37587	0.79421	0.00915	0.04373	0.96517	0.98404	0.11796	0.52257	0.60197	0.97785	0.01191	0.05006	0.9601	0.98629	-0.16222	-0.67631	0.49925	0.78302
YRIAPOlabel	LCdom_E4YRI_vs_E2YRI	PLCH1	ENSG00000114805	-0.26815	-1.37932	0.16964	0.76792	-0.52242	-2.64793	0.00888	0.21211	-0.26815	-1.37932	0.16964	0.76792	-0.32867	-1.54037	0.12538	0.87466	-0.38893	-1.79922	0.07275	0.32652	-0.52756	-2.43874	0.01518	0.16269
YRIAPOlabel	LCdom_E4YRI_vs_E2YRI	PLD5	ENSG00000180287	-0.19567	-1.19637	0.23325	0.81325	-0.31047	-1.89808	0.05941	0.37747	-0.19567	-1.19637	0.23325	0.81325	-0.35506	-2.05681	0.04128	0.56143	-0.38833	-2.04573	0.04145	0.26085	-0.5065	-2.74735	0.00629	0.08194
YRIAPOlabel	LCdom_E4YRI_vs_E2YRI	PLPP3	ENSG00000162407	-0.08425	-0.49974	0.61791	0.90457	-0.18742	-1.12963	0.26025	0.70936	-0.08425	-0.49974	0.61791	0.90457	-0.19513	-1.16507	0.24567	0.87466	-0.18038	-1.23243	0.21853	0.52977	-0.30416	-2.06317	0.03976	0.26872
YRIAPOlabel	LCdom_E4YRI_vs_E2YRI	POSTN	ENSG00000133110	0.4502	0.99583	0.32077	0.82839	0.64828	1.41239	0.1597	0.57931	0.4502	0.99583	0.32077	0.82839	0.5899	1.2258	0.22202	0.87466	0.64159	1.32462	0.18609	0.48864	0.60249	1.28001	0.20131	0.57586
YRIAPOlabel	LCdom_E4YRI_vs_E2YRI	POU6F2	ENSG00000106536	0.28829	1.49319	0.13728	0.69591	0.22043	1.09464	0.27525	0.70936	0.28829	1.49319	0.13728	0.69591	0.45291	2.05656	0.0413	0.56143	0.0263	0.09481	0.92451	0.97943	-0.27053	-0.96968	0.33281	0.67488
YRIAPOlabel	LCdom_E4YRI_vs_E2YRI	PPME1	ENSG00000214517	0.06058	0.51969	0.60396	0.90457	0.07758	0.67512	0.50054	0.84689	0.06058	0.51969	0.60396	0.90457	-0.06496	-0.57178	0.56825	0.97785	0.1636	1.38319	0.16739	0.47364	0.00825	0.07651	0.93905	0.96286
YRIAPOlabel	LCdom_E4YRI_vs_E2YRI	PPP1R15A	ENSG00000087074	0.22218	1.04872	0.29582	0.82839	0.2994	1.44403	0.15061	0.57931	0.22218	1.04872	0.29582	0.82839	0.09351	0.42557	0.67098	0.98279	0.46727	2.22483	0.02666	0.20705	0.31992	1.55995	0.11958	0.46188
YRIAPOlabel	LCdom_E4YRI_vs_E2YRI	PRCP	ENSG00000137509	0.17273	1.30957	0.19214	0.80611	0.19217	1.50338	0.13463	0.56483	0.17273	1.30957	0.19214	0.80611	0.06717	0.54657	0.58541	0.97785	0.24003	1.68583	0.09263	0.36748	0.12801	0.91156	0.36256	0.70767
YRIAPOlabel	LCdom_E4YRI_vs_E2YRI	PROX1	ENSG00000117707	0.08098	0.40345	0.68714	0.90457	-0.09204	-0.47034	0.63872	0.91817	0.08098	0.40345	0.68714	0.90457	-0.02199	-0.10828	0.9139	0.98279	0.11542	0.6147	0.53911	0.76566	0.07881	0.44948	0.65334	0.86716
YRIAPOlabel	LCdom_E4YRI_vs_E2YRI	PSEN1	ENSG00000080815	0.02254	0.1604	0.87276	0.96587	-0.05296	-0.3792	0.70502	0.96287	0.02254	0.1604	0.87276	0.96587	-0.09076	-0.65045	0.51631	0.97785	0.07469	0.58248	0.56058	0.77756	0.0152	0.13105	0.8958	0.95308
YRIAPOlabel	LCdom_E4YRI_vs_E2YRI	PSEN2	ENSG00000143801	0.1482	1.15134	0.25124	0.81325	0.17774	1.395	0.16487	0.57931	0.1482	1.15134	0.25124	0.81325	0.05387	0.42546	0.67105	0.98279	0.24085	1.43149	0.15309	0.45062	0.09759	0.58881	0.55633	0.81224
YRIAPOlabel	LCdom_E4YRI_vs_E2YRI	PSENEN	ENSG00000205155	0.01467	0.10984	0.91267	0.97019	0.04437	0.34462	0.73081	0.96287	0.01467	0.10984	0.91267	0.97019	-0.06456	-0.48495	0.62836	0.97785	0.15205	0.97091	0.33219	0.62221	-0.00078	-0.00531	0.99577	0.99577
YRIAPOlabel	LCdom_E4YRI_vs_E2YRI	PTCHD4	ENSG00000244694	0.09925	0.47451	0.63575	0.90457	-0.02644	-0.12569	0.90013	0.98802	0.09925	0.47451	0.63575	0.90457	-0.29206	-1.299	0.19575	0.87466	-0.39558	-1.45747	0.1458	0.44842	-0.54272	-1.969	0.04967	0.29721
YRIAPOlabel	LCdom_E4YRI_vs_E2YRI	PTPRC	ENSG00000081237	-0.16133	-0.73903	0.46093	0.90298	-0.13362	-0.60804	0.54398	0.88289	-0.16133	-0.73903	0.46093	0.90298	-0.10522	-0.3989	0.69048	0.98279	-0.03835	-0.13526	0.89248	0.97943	-0.07641	-0.27723	0.78175	0.88598
YRIAPOlabel	LCdom_E4YRI_vs_E2YRI	PTPRZ1	ENSG00000106278	0.11324	0.673	0.50188	0.90298	-0.00526	-0.03122	0.97513	0.98908	0.11324	0.673	0.50188	0.90298	-0.0683	-0.43349	0.66523	0.98279	0.03753	0.2374	0.81247	0.95049	-0.0636	-0.40386	0.68653	0.87009
YRIAPOlabel	LCdom_E4YRI_vs_E2YRI	PVALB	ENSG00000100362	0.09177	0.26247	0.79328	0.95105	0.0193	0.05636	0.95512	0.98802	0.09177	0.26247	0.79328	0.95105	-0.00541	-0.01353	0.98922	0.99474	0.21939	0.49453	0.62121	0.80459	0.06263	0.14143	0.8876	0.95098
YRIAPOlabel	LCdom_E4YRI_vs_E2YRI	RALA	ENSG00000006451	-0.00431	-0.02732	0.97823	0.98561	0.0143	0.09102	0.92758	0.98802	-0.00431	-0.02732	0.97823	0.98561	-0.07139	-0.48052	0.63149	0.97785	0.09907	0.78837	0.43096	0.66936	-0.03586	-0.3178	0.75081	0.88598
YRIAPOlabel	LCdom_E4YRI_vs_E2YRI	RASD1	ENSG00000108551	0.33576	1.01259	0.31272	0.82839	0.49291	1.50482	0.13426	0.56483	0.33576	1.01259	0.31272	0.82839	0.19592	0.5804	0.56244	0.97785	0.35273	1.20458	0.2291	0.53949	0.20443	0.71855	0.47285	0.77665
YRIAPOlabel	LCdom_E4YRI_vs_E2YRI	RASGRP1	ENSG00000172575	0.13695	0.48517	0.62819	0.90457	0.06174	0.21474	0.83023	0.97863	0.13695	0.48517	0.62819	0.90457	-0.00293	-0.01002	0.99201	0.99474	0.20061	0.51892	0.60412	0.79239	0.01634	0.04273	0.96594	0.97664
YRIAPOlabel	LCdom_E4YRI_vs_E2YRI	REEP1	ENSG00000068615	0.13024	0.73361	0.46422	0.90298	0.15095	0.85493	0.39382	0.79857	0.13024	0.73361	0.46422	0.90298	0.11249	0.6323	0.52806	0.97785	0.29713	1.7907	0.07411	0.32652	0.1691	1.08579	0.27824	0.63499
YRIAPOlabel	LCdom_E4YRI_vs_E2YRI	RELN	ENSG00000189056	0.13717	0.37868	0.7054	0.90659	-0.56241	-1.62248	0.10659	0.49681	0.13717	0.37868	0.7054	0.90659	-0.70571	-1.91094	0.05776	0.63117	-0.64231	-2.02084	0.04398	0.26316	-0.76192	-2.41842	0.01605	0.16269
YRIAPOlabel	LCdom_E4YRI_vs_E2YRI	RFTN1	ENSG00000131378	-0.09705	-0.5292	0.59737	0.90457	-0.10308	-0.55527	0.57946	0.89241	-0.09705	-0.5292	0.59737	0.90457	-0.03536	-0.17711	0.85964	0.98279	-0.07932	-0.33666	0.73655	0.89933	-0.20229	-0.86179	0.38934	0.73631
YRIAPOlabel	LCdom_E4YRI_vs_E2YRI	RGMA	ENSG00000182175	0.08966	0.46161	0.64496	0.90457	0.04056	0.21554	0.82961	0.97863	0.08966	0.46161	0.64496	0.90457	0.02533	0.12871	0.89774	0.98279	-0.01571	-0.07986	0.93639	0.98497	-0.12945	-0.65625	0.51205	0.78302
YRIAPOlabel	LCdom_E4YRI_vs_E2YRI	RGS10	ENSG00000148908	-0.69816	-2.9167	0.00402	0.16967	-0.64822	-2.66175	0.00853	0.21211	-0.69816	-2.9167	0.00402	0.16967	-0.55521	-1.8899	0.06052	0.63117	-0.44226	-1.50582	0.13292	0.42557	-0.43835	-1.49413	0.13595	0.49597
YRIAPOlabel	LCdom_E4YRI_vs_E2YRI	RGS16	ENSG00000143333	0.34263	1.21884	0.22462	0.81325	0.56394	1.94947	0.05292	0.34714	0.34263	1.21884	0.22462	0.81325	0.35452	1.12323	0.26297	0.87466	0.49035	1.41214	0.1587	0.46341	0.35117	1.01697	0.3098	0.6621
YRIAPOlabel	LCdom_E4YRI_vs_E2YRI	RIT2	ENSG00000152214	0.11583	0.59521	0.55251	0.90457	0.04853	0.24811	0.80436	0.97733	0.11583	0.59521	0.55251	0.90457	0.06067	0.30622	0.75982	0.98279	0.20797	1.02478	0.3061	0.60068	0.05689	0.29604	0.76735	0.88598
YRIAPOlabel	LCdom_E4YRI_vs_E2YRI	RNASET2	ENSG00000026297	-0.21714	-1.17091	0.24331	0.81325	-0.15043	-0.77137	0.44158	0.82592	-0.21714	-1.17091	0.24331	0.81325	-0.22614	-0.95045	0.34327	0.95577	-0.18039	-1.00707	0.31452	0.60473	-0.33622	-1.82173	0.06926	0.38303
YRIAPOlabel	LCdom_E4YRI_vs_E2YRI	RNF144B	ENSG00000137393	0.08397	0.45669	0.64849	0.90457	0.07133	0.40411	0.68665	0.96121	0.08397	0.45669	0.64849	0.90457	0.04734	0.25405	0.79977	0.98279	0.2602	1.00322	0.31638	0.60473	0.29027	1.13692	0.25628	0.6171
YRIAPOlabel	LCdom_E4YRI_vs_E2YRI	RORB	ENSG00000198963	-0.12482	-0.51237	0.60907	0.90457	-0.27526	-1.11262	0.26747	0.70936	-0.12482	-0.51237	0.60907	0.90457	-0.24847	-0.95747	0.33973	0.95577	-0.42664	-1.6516	0.09942	0.38169	-0.46589	-1.78838	0.07449	0.39403
YRIAPOlabel	LCdom_E4YRI_vs_E2YRI	ROS1	ENSG00000047936	-0.10347	-0.3582	0.72065	0.90715	-0.27465	-0.93355	0.35189	0.78449	-0.10347	-0.3582	0.72065	0.90715	-0.18224	-0.57229	0.5679	0.97785	0.46326	1.09421	0.27456	0.58263	0.22732	0.54964	0.58289	0.82463
YRIAPOlabel	LCdom_E4YRI_vs_E2YRI	RSPO2	ENSG00000147655	0.49238	1.58792	0.1142	0.64084	0.15864	0.5163	0.60633	0.90307	0.49238	1.58792	0.1142	0.64084	-0.14527	-0.43732	0.66245	0.98279	-0.17875	-0.54177	0.58829	0.78654	-0.45718	-1.39632	0.16341	0.52784
YRIAPOlabel	LCdom_E4YRI_vs_E2YRI	RXFP1	ENSG00000171509	0.13914	0.32452	0.74595	0.92296	0.00169	0.00394	0.99686	0.99686	0.13914	0.32452	0.74595	0.92296	-0.01401	-0.02923	0.97672	0.99304	0.12286	0.23011	0.81813	0.95101	0.32432	0.59503	0.55219	0.81224
YRIAPOlabel	LCdom_E4YRI_vs_E2YRI	RYR3	ENSG00000198838	0.11663	0.56573	0.57234	0.90457	0.14085	0.65528	0.51319	0.85531	0.11663	0.56573	0.57234	0.90457	0.24084	1.10245	0.27187	0.88706	0.01204	0.05761	0.95409	0.98629	-0.0878	-0.42322	0.67237	0.87009
YRIAPOlabel	LCdom_E4YRI_vs_E2YRI	S100A4	ENSG00000196154	-0.00094	-0.0045	0.99642	0.99642	0.19454	0.96337	0.33676	0.779	-0.00094	-0.0045	0.99642	0.99642	0.11373	0.51412	0.60785	0.97785	0.31847	1.32678	0.18535	0.48864	0.28634	1.21168	0.22636	0.59649
YRIAPOlabel	LCdom_E4YRI_vs_E2YRI	SAMD5	ENSG00000203727	0.25173	1.21606	0.22568	0.81325	0.2336	1.18182	0.23896	0.68141	0.25173	1.21606	0.22568	0.81325	0.23744	1.19053	0.23554	0.87466	0.32147	1.78718	0.07468	0.32652	0.22652	1.37409	0.1702	0.52784
YRIAPOlabel	LCdom_E4YRI_vs_E2YRI	SARAF	ENSG00000133872	0.12359	1.04311	0.29841	0.82839	0.09837	0.85679	0.39279	0.79857	0.12359	1.04311	0.29841	0.82839	0.00563	0.04773	0.96199	0.99292	0.13196	1.02787	0.30465	0.60068	0.02001	0.16992	0.86516	0.94264
YRIAPOlabel	LCdom_E4YRI_vs_E2YRI	SDK1	ENSG00000146555	0.13881	0.57504	0.56604	0.90457	0.18038	0.73607	0.46272	0.82592	0.13881	0.57504	0.56604	0.90457	-0.16027	-0.6166	0.53834	0.97785	0.49023	1.8685	0.06245	0.30392	0.21447	0.82139	0.41193	0.73779
YRIAPOlabel	LCdom_E4YRI_vs_E2YRI	SEMA5A	ENSG00000112902	-0.02872	-0.16416	0.8698	0.96587	-0.00897	-0.04903	0.96095	0.98802	-0.02872	-0.16416	0.8698	0.96587	-0.04009	-0.21151	0.83275	0.98279	0.15899	0.8586	0.39109	0.64591	0.08724	0.46503	0.64217	0.86716
YRIAPOlabel	LCdom_E4YRI_vs_E2YRI	SERPINA3	ENSG00000196136	1.2574	2.9592	0.00353	0.16967	1.23713	2.97612	0.00335	0.16455	1.2574	2.9592	0.00353	0.16967	0.38288	0.9012	0.3688	0.96843	1.3623	3.29237	0.00108	0.02472	1.25379	3.0632	0.00234	0.05027
YRIAPOlabel	LCdom_E4YRI_vs_E2YRI	SEZ6L2	ENSG00000174938	-0.01139	-0.09829	0.92182	0.97019	-0.02828	-0.24553	0.80635	0.97733	-0.01139	-0.09829	0.92182	0.97019	-0.18915	-1.55066	0.12289	0.87466	0.00582	0.04641	0.96301	0.98629	-0.12616	-1.03719	0.30029	0.66028
YRIAPOlabel	LCdom_E4YRI_vs_E2YRI	SFRP2	ENSG00000145423	0.47006	1.16965	0.24381	0.81325	0.05197	0.13383	0.8937	0.98802	0.47006	1.16965	0.24381	0.81325	-0.05061	-0.1309	0.89601	0.98279	0.23866	0.56403	0.57306	0.77756	-0.06117	-0.14887	0.88174	0.94936
YRIAPOlabel	LCdom_E4YRI_vs_E2YRI	SLC17A6	ENSG00000091664	-0.6677	-3.13745	0.00201	0.12984	-0.82942	-3.81334	0.00019	0.02345	-0.6677	-3.13745	0.00201	0.12984	-0.88104	-3.6994	0.00029	0.05362	-0.86847	-3.76938	0.00019	0.00766	-1.12808	-4.85621	0	0.00032
YRIAPOlabel	LCdom_E4YRI_vs_E2YRI	SLC17A7	ENSG00000104888	0.69667	1.15917	0.24804	0.81325	0.32782	0.55894	0.57696	0.89233	0.69667	1.15917	0.24804	0.81325	0.08512	0.12853	0.89788	0.98279	0.44023	0.64229	0.52106	0.76229	0.44835	0.66078	0.50914	0.78302
YRIAPOlabel	LCdom_E4YRI_vs_E2YRI	SLC18A2	ENSG00000165646	0.49456	1.68017	0.09479	0.58644	0.53522	1.78632	0.07587	0.43268	0.49456	1.68017	0.09479	0.58644	0.25943	0.81635	0.41548	0.97785	0.75585	2.52834	0.01185	0.13112	0.59768	2.04924	0.04111	0.27281
YRIAPOlabel	LCdom_E4YRI_vs_E2YRI	SLC24A3	ENSG00000185052	0.11792	0.76995	0.44242	0.89705	-0.03595	-0.2305	0.81799	0.97863	0.11792	0.76995	0.44242	0.89705	-0.09435	-0.5875	0.55767	0.97785	0.04858	0.31235	0.75494	0.90435	-0.06375	-0.40686	0.68433	0.87009
YRIAPOlabel	LCdom_E4YRI_vs_E2YRI	SLC26A4	ENSG00000091137	0.13854	0.55672	0.57846	0.90457	0.02791	0.11123	0.91157	0.98802	0.13854	0.55672	0.57846	0.90457	-0.03194	-0.11851	0.90581	0.98279	0.44849	1.25168	0.21145	0.52504	0.25943	0.74184	0.45864	0.76926
YRIAPOlabel	LCdom_E4YRI_vs_E2YRI	SLC6A2	ENSG00000103546	0.35336	1.1796	0.23984	0.81325	0.51222	1.66997	0.0968	0.49598	0.35336	1.1796	0.23984	0.81325	0.34891	1.07788	0.28267	0.89342	0.70081	2.47928	0.01359	0.13776	0.56319	2.01866	0.04421	0.2782
YRIAPOlabel	LCdom_E4YRI_vs_E2YRI	SLC6A3	ENSG00000142319	0.64631	3.45807	0.00069	0.06299	0.45688	2.55508	0.01151	0.21211	0.64631	3.45807	0.00069	0.06299	0.14058	0.75715	0.45004	0.97785	0.52604	2.06513	0.03957	0.25338	0.49354	2.02062	0.044	0.2782
YRIAPOlabel	LCdom_E4YRI_vs_E2YRI	SLC6A4	ENSG00000108576	0.81715	1.72354	0.08664	0.58563	0.1161	0.2458	0.80614	0.97733	0.81715	1.72354	0.08664	0.58563	-0.45196	-0.90961	0.36436	0.96372	-0.33184	-0.75255	0.45217	0.69639	0.56955	1.20427	0.22921	0.59649
YRIAPOlabel	LCdom_E4YRI_vs_E2YRI	SLC7A11	ENSG00000151012	0.01662	0.09704	0.92281	0.97019	0.02328	0.13575	0.89218	0.98802	0.01662	0.09704	0.92281	0.97019	0.01978	0.1112	0.91159	0.98279	0.20595	1.12328	0.26201	0.57209	0.05876	0.31787	0.75075	0.88598
YRIAPOlabel	LCdom_E4YRI_vs_E2YRI	SLIT3	ENSG00000184347	0.1088	0.51507	0.60719	0.90457	0.05754	0.27692	0.78219	0.97733	0.1088	0.51507	0.60719	0.90457	-0.2288	-0.96606	0.33542	0.95577	-0.01001	-0.03664	0.97079	0.98702	0.06809	0.23984	0.81058	0.90478
YRIAPOlabel	LCdom_E4YRI_vs_E2YRI	SNCB	ENSG00000074317	0.18755	1.23432	0.21882	0.81325	0.2091	1.35726	0.17653	0.596	0.18755	1.23432	0.21882	0.81325	0.0677	0.38202	0.70294	0.98279	0.23101	1.5987	0.11069	0.39153	0.10499	0.70809	0.47931	0.77755
YRIAPOlabel	LCdom_E4YRI_vs_E2YRI	SNCG	ENSG00000173267	0.32726	1.64471	0.10191	0.6098	0.44584	2.20494	0.02883	0.27304	0.32726	1.64471	0.10191	0.6098	0.14349	0.63723	0.52486	0.97785	0.5153	2.38998	0.01732	0.1542	0.34538	1.6072	0.10882	0.46133
YRIAPOlabel	LCdom_E4YRI_vs_E2YRI	SNTB2	ENSG00000168807	0.14941	1.18182	0.23896	0.81325	0.02447	0.19903	0.84249	0.9856	0.14941	1.18182	0.23896	0.81325	-0.04716	-0.40181	0.68835	0.98279	0.05958	0.35007	0.72647	0.89582	0.05955	0.35608	0.72197	0.88598
YRIAPOlabel	LCdom_E4YRI_vs_E2YRI	SORCS1	ENSG00000108018	0.51339	2.11584	0.03584	0.43246	0.56357	2.3437	0.02027	0.25027	0.51339	2.11584	0.03584	0.43246	0.14211	0.6299	0.52963	0.97785	0.69729	2.83907	0.00476	0.07111	0.59103	2.44092	0.01509	0.16269
YRIAPOlabel	LCdom_E4YRI_vs_E2YRI	SOX10	ENSG00000100146	0.09418	0.56237	0.57462	0.90457	-0.00404	-0.02517	0.97995	0.98908	0.09418	0.56237	0.57462	0.90457	-0.08045	-0.4923	0.62316	0.97785	0.16496	1.03069	0.30332	0.60068	0.11988	0.80654	0.42042	0.73779
YRIAPOlabel	LCdom_E4YRI_vs_E2YRI	SOX11	ENSG00000176887	-0.18998	-1.15582	0.24941	0.81325	-0.43267	-2.73444	0.00692	0.21211	-0.18998	-1.15582	0.24941	0.81325	-0.50075	-2.95592	0.00357	0.15126	-0.32354	-1.60967	0.10827	0.39095	-0.48196	-2.5123	0.0124	0.14596
YRIAPOlabel	LCdom_E4YRI_vs_E2YRI	SOX2	ENSG00000181449	0.26737	1.27805	0.203	0.81325	0.13961	0.68613	0.49358	0.84689	0.26737	1.27805	0.203	0.81325	0.10891	0.5166	0.60613	0.97785	0.17529	0.99048	0.32255	0.61319	0.06033	0.33521	0.73765	0.88598
YRIAPOlabel	LCdom_E4YRI_vs_E2YRI	SOX4	ENSG00000124766	0.02557	0.14792	0.88258	0.96587	-0.18383	-1.07321	0.28473	0.71673	0.02557	0.14792	0.88258	0.96587	-0.2094	-1.16491	0.24573	0.87466	-0.296	-1.23116	0.219	0.52977	-0.41185	-1.68417	0.09295	0.42944
YRIAPOlabel	LCdom_E4YRI_vs_E2YRI	SOX9	ENSG00000125398	0.1548	0.64162	0.522	0.90298	0.03837	0.15943	0.87352	0.98802	0.1548	0.64162	0.522	0.90298	-0.00981	-0.03989	0.96823	0.99292	0.07133	0.31405	0.75365	0.90435	-0.09059	-0.39155	0.6956	0.87303
YRIAPOlabel	LCdom_E4YRI_vs_E2YRI	SPARC	ENSG00000113140	0.04343	0.30498	0.76076	0.9318	0.01582	0.11041	0.91222	0.98802	0.04343	0.30498	0.76076	0.9318	0.0524	0.34772	0.72849	0.98279	0.0943	0.67716	0.4987	0.73425	0.04296	0.31114	0.75586	0.88598
YRIAPOlabel	LCdom_E4YRI_vs_E2YRI	SPHKAP	ENSG00000153820	-0.11648	-0.58658	0.55828	0.90457	-0.13532	-0.67037	0.50355	0.84689	-0.11648	-0.58658	0.55828	0.90457	-0.13916	-0.63347	0.5273	0.97785	-0.18581	-0.88723	0.3755	0.63681	-0.21584	-1.05682	0.29124	0.64839
YRIAPOlabel	LCdom_E4YRI_vs_E2YRI	SPI1	ENSG00000066336	-0.03456	-0.22858	0.81947	0.95605	-0.04199	-0.27886	0.78069	0.97733	-0.03456	-0.22858	0.81947	0.95605	-0.10443	-0.59509	0.5526	0.97785	-0.04162	-0.21612	0.829	0.95755	-0.14828	-0.79101	0.42942	0.74872
YRIAPOlabel	LCdom_E4YRI_vs_E2YRI	SPON1	ENSG00000262655	0.23628	1.28564	0.20035	0.81253	0.12105	0.6693	0.50423	0.84689	0.23628	1.28564	0.20035	0.81253	0.13195	0.73436	0.46377	0.97785	0.02073	0.12162	0.90326	0.97943	-0.1154	-0.66405	0.50705	0.78302
YRIAPOlabel	LCdom_E4YRI_vs_E2YRI	SREBF1	ENSG00000072310	0.41214	2.64213	0.00902	0.20581	0.31252	2.00702	0.04636	0.32543	0.41214	2.64213	0.00902	0.20581	0.22552	1.42345	0.15649	0.87466	0.39912	2.69818	0.00727	0.09653	0.25944	1.79699	0.07311	0.39242
YRIAPOlabel	LCdom_E4YRI_vs_E2YRI	SSR4	ENSG00000180879	0.06881	0.67547	0.50031	0.90298	0.05462	0.53656	0.59229	0.89332	0.06881	0.67547	0.50031	0.90298	-0.00732	-0.07443	0.94076	0.98671	0.10922	0.96815	0.33357	0.62221	0.0056	0.05245	0.9582	0.97287
YRIAPOlabel	LCdom_E4YRI_vs_E2YRI	SST	ENSG00000157005	-0.09596	-0.26297	0.7929	0.95105	-0.51002	-1.42525	0.15596	0.57931	-0.09596	-0.26297	0.7929	0.95105	-0.93052	-2.2605	0.0251	0.43634	-0.9332	-2.55977	0.01085	0.12374	-1.33139	-3.7121	0.00024	0.00859
YRIAPOlabel	LCdom_E4YRI_vs_E2YRI	ST18	ENSG00000147488	-0.00669	-0.03452	0.9725	0.98561	-0.18578	-1.00143	0.31807	0.77014	-0.00669	-0.03452	0.9725	0.98561	-0.1623	-0.82239	0.41204	0.97785	0.06511	0.35233	0.72478	0.89582	0.01351	0.07966	0.93655	0.96286
YRIAPOlabel	LCdom_E4YRI_vs_E2YRI	STAT3	ENSG00000168610	0.16992	1.31098	0.19167	0.80611	0.14217	1.15356	0.25033	0.69748	0.16992	1.31098	0.19167	0.80611	-0.0065	-0.05318	0.95765	0.99292	0.15333	1.15438	0.24905	0.56113	0.05751	0.4588	0.64663	0.86716
YRIAPOlabel	LCdom_E4YRI_vs_E2YRI	STK32B	ENSG00000152953	-0.02872	-0.17289	0.86295	0.96587	-0.23332	-1.40754	0.16113	0.57931	-0.02872	-0.17289	0.86295	0.96587	-0.2209	-1.2516	0.21248	0.87466	-0.328	-1.71558	0.08703	0.361	-0.58732	-3.11825	0.00195	0.04459
YRIAPOlabel	LCdom_E4YRI_vs_E2YRI	STXBP2	ENSG00000076944	0.33504	2.25193	0.02563	0.3898	0.40811	2.67053	0.00832	0.21211	0.33504	2.25193	0.02563	0.3898	0.18109	1.03149	0.30381	0.9241	0.39787	1.95435	0.05138	0.27552	0.35236	1.75078	0.08077	0.41525
YRIAPOlabel	LCdom_E4YRI_vs_E2YRI	SULF1	ENSG00000137573	0.1694	0.64557	0.51944	0.90298	0.28527	1.08447	0.27972	0.71294	0.1694	0.64557	0.51944	0.90298	-0.17834	-0.71097	0.47811	0.97785	0.65761	2.85387	0.00455	0.07111	0.45614	2.02039	0.04403	0.2782
YRIAPOlabel	LCdom_E4YRI_vs_E2YRI	SYNPR	ENSG00000163630	-0.22445	-0.98641	0.32536	0.82839	-0.51031	-2.27531	0.02416	0.25937	-0.22445	-0.98641	0.32536	0.82839	-0.72794	-2.96338	0.00349	0.15126	-0.80988	-3.77381	0.00019	0.00766	-0.87279	-4.12607	5e-05	0.00274
YRIAPOlabel	LCdom_E4YRI_vs_E2YRI	TAC1	ENSG00000006128	-0.00569	-0.01677	0.98664	0.98935	-0.50124	-1.47932	0.14095	0.57161	-0.00569	-0.01677	0.98664	0.98935	-0.69143	-1.7682	0.07889	0.68555	-0.97422	-3.11357	0.00198	0.03621	-1.03501	-3.30729	0.00103	0.02683
YRIAPOlabel	LCdom_E4YRI_vs_E2YRI	TACR1	ENSG00000115353	0.11637	0.67624	0.49983	0.90298	0.19608	1.14823	0.25252	0.69824	0.11637	0.67624	0.49983	0.90298	-0.0916	-0.55167	0.58192	0.97785	0.30114	1.64789	0.10018	0.38169	0.09127	0.51973	0.60355	0.83853
YRIAPOlabel	LCdom_E4YRI_vs_E2YRI	TAGLN	ENSG00000149591	0.05659	0.22987	0.81848	0.95605	0.17049	0.72938	0.4668	0.82592	0.05659	0.22987	0.81848	0.95605	0.10089	0.3858	0.70014	0.98279	0.13487	0.52985	0.59651	0.79098	0.22482	0.9194	0.35845	0.70767
YRIAPOlabel	LCdom_E4YRI_vs_E2YRI	TENM1	ENSG00000009694	-0.08641	-0.51023	0.61057	0.90457	-0.15817	-0.89279	0.37325	0.79421	-0.08641	-0.51023	0.61057	0.90457	-0.12413	-0.64502	0.51981	0.97785	-0.04739	-0.23945	0.81088	0.95049	-0.20706	-1.02367	0.30662	0.6621
YRIAPOlabel	LCdom_E4YRI_vs_E2YRI	TENM2	ENSG00000145934	0.06537	0.39203	0.69554	0.90457	-0.01243	-0.07461	0.94062	0.98802	0.06537	0.39203	0.69554	0.90457	-0.04045	-0.23304	0.81602	0.98279	0.02313	0.12529	0.90035	0.97943	-0.14597	-0.8065	0.42044	0.73779
YRIAPOlabel	LCdom_E4YRI_vs_E2YRI	TESPA1	ENSG00000135426	0.16275	0.68827	0.49224	0.90298	0.27264	1.15676	0.24902	0.69748	0.16275	0.68827	0.49224	0.90298	0.30238	1.20572	0.22965	0.87466	0.92636	2.64554	0.00849	0.10681	0.99095	2.84349	0.0047	0.07144
YRIAPOlabel	LCdom_E4YRI_vs_E2YRI	TGFB1	ENSG00000105329	0.12738	0.76638	0.44453	0.89705	0.16623	0.99662	0.32039	0.77014	0.12738	0.76638	0.44453	0.89705	0.05498	0.29108	0.77136	0.98279	0.11549	0.60372	0.54638	0.77	0.0966	0.50355	0.61486	0.84463
YRIAPOlabel	LCdom_E4YRI_vs_E2YRI	TGFB2	ENSG00000092969	0.05644	0.3102	0.75679	0.93007	0.13452	0.73543	0.46311	0.82592	0.05644	0.3102	0.75679	0.93007	0.07243	0.39803	0.69112	0.98279	0.25142	1.3006	0.19416	0.49093	0.1066	0.55564	0.57877	0.82263
YRIAPOlabel	LCdom_E4YRI_vs_E2YRI	TGFBI	ENSG00000120708	0.30665	1.15577	0.24943	0.81325	0.57318	2.04694	0.04223	0.3083	0.30665	1.15577	0.24943	0.81325	0.451	1.49846	0.13592	0.87466	0.42825	1.19898	0.23126	0.54109	0.39035	1.09906	0.27242	0.63333
YRIAPOlabel	LCdom_E4YRI_vs_E2YRI	TH	ENSG00000180176	0.57283	1.90223	0.05886	0.4883	0.72305	2.37251	0.01881	0.25027	0.57283	1.90223	0.05886	0.4883	0.52571	1.65692	0.09945	0.7723	0.84208	3.36365	0.00085	0.02472	0.69284	2.80059	0.00535	0.07516
YRIAPOlabel	LCdom_E4YRI_vs_E2YRI	THBS1	ENSG00000137801	0.14642	0.41738	0.67694	0.90457	0.31717	0.91262	0.36276	0.78814	0.14642	0.41738	0.67694	0.90457	-0.30995	-0.85757	0.39237	0.97785	0.04685	0.11725	0.90672	0.97943	0.23624	0.58527	0.5587	0.81246
YRIAPOlabel	LCdom_E4YRI_vs_E2YRI	THEMIS	ENSG00000172673	0.11241	0.39668	0.69211	0.90457	0.0792	0.28709	0.7744	0.97468	0.11241	0.39668	0.69211	0.90457	-0.09372	-0.3184	0.75058	0.98279	0.20401	0.55089	0.58203	0.78103	0.33813	0.93743	0.34913	0.70017
YRIAPOlabel	LCdom_E4YRI_vs_E2YRI	THRA	ENSG00000126351	0.32712	2.16129	0.0321	0.42224	0.39553	2.59306	0.01036	0.21211	0.32712	2.16129	0.0321	0.42224	0.30035	1.70327	0.0904	0.76732	0.56617	2.39134	0.01726	0.1542	0.36586	1.58086	0.11472	0.46133
YRIAPOlabel	LCdom_E4YRI_vs_E2YRI	THSD4	ENSG00000187720	0.18595	0.89971	0.36957	0.87594	0.17414	0.87476	0.38296	0.79421	0.18595	0.89971	0.36957	0.87594	0.26008	1.32715	0.18629	0.87466	0.50488	1.97199	0.04931	0.27272	0.56249	2.19217	0.02896	0.22976
YRIAPOlabel	LCdom_E4YRI_vs_E2YRI	THSD7B	ENSG00000144229	0.50848	2.12718	0.03487	0.43246	0.52515	2.2225	0.02759	0.27304	0.50848	2.12718	0.03487	0.43246	0.10425	0.48565	0.62786	0.97785	0.59732	2.0661	0.03948	0.25338	0.53239	1.85687	0.06408	0.37129
YRIAPOlabel	LCdom_E4YRI_vs_E2YRI	TMEM132C	ENSG00000181234	0.05301	0.33575	0.73748	0.91558	-0.01884	-0.11882	0.90556	0.98802	0.05301	0.33575	0.73748	0.91558	-0.1452	-0.92929	0.35409	0.96372	0.02208	0.12763	0.8985	0.97943	-0.07266	-0.42275	0.67271	0.87009
YRIAPOlabel	LCdom_E4YRI_vs_E2YRI	TMEM163	ENSG00000152128	-0.07322	-0.44794	0.65478	0.90457	-0.10059	-0.60712	0.5446	0.88289	-0.07322	-0.44794	0.65478	0.90457	-0.3097	-1.80784	0.07245	0.68555	0.00011	0.00048	0.99962	0.99962	-0.08736	-0.39097	0.69603	0.87303
YRIAPOlabel	LCdom_E4YRI_vs_E2YRI	TMEM35A	ENSG00000126950	0.04514	0.30074	0.76398	0.93262	0.02672	0.178	0.85894	0.98802	0.04514	0.30074	0.76398	0.93262	-0.07707	-0.50782	0.61226	0.97785	0.10358	0.69039	0.49036	0.72756	-0.05226	-0.36161	0.71784	0.88598
YRIAPOlabel	LCdom_E4YRI_vs_E2YRI	TMIGD3	ENSG00000121933	-0.43972	-1.68729	0.09342	0.58644	-0.43639	-1.66477	0.09784	0.49598	-0.43972	-1.68729	0.09342	0.58644	-0.36961	-1.25487	0.21129	0.87466	-0.25884	-0.8438	0.3993	0.65241	-0.29338	-0.96965	0.33282	0.67488
YRIAPOlabel	LCdom_E4YRI_vs_E2YRI	TMSB4X	ENSG00000205542	0.05114	0.41481	0.67881	0.90457	0.07911	0.66681	0.50581	0.84689	0.05114	0.41481	0.67881	0.90457	-0.01742	-0.14962	0.88125	0.98279	0.16671	1.31832	0.18817	0.48932	0.08184	0.74049	0.45945	0.76926
YRIAPOlabel	LCdom_E4YRI_vs_E2YRI	TMSB4Y	ENSG00000154620	0.62898	2.05531	0.04141	0.43246	0.43091	1.40885	0.16074	0.57931	0.62898	2.05531	0.04141	0.43246	0.53358	1.66348	0.09811	0.7723	0.60145	1.94679	0.05227	0.27552	0.41361	1.39591	0.16353	0.52784
YRIAPOlabel	LCdom_E4YRI_vs_E2YRI	TOP2A	ENSG00000131747	1.23932	2.41857	0.01666	0.28951	1.03959	2.05449	0.04149	0.3083	1.23932	2.41857	0.01666	0.28951	0.20455	0.39946	0.69007	0.98279	1.02751	1.779	0.07604	0.32652	0.98742	1.70848	0.08839	0.42532
YRIAPOlabel	LCdom_E4YRI_vs_E2YRI	TP53	ENSG00000141510	0.05713	0.42542	0.67108	0.90457	0.07533	0.55926	0.57674	0.89233	0.05713	0.42542	0.67108	0.90457	0.00181	0.01315	0.98952	0.99474	0.01791	0.10539	0.91612	0.97943	-0.11373	-0.7009	0.48378	0.77829
YRIAPOlabel	LCdom_E4YRI_vs_E2YRI	TPH2	ENSG00000139287	0.42514	1.02842	0.30524	0.82839	-0.00649	-0.01529	0.98782	0.99054	0.42514	1.02842	0.30524	0.82839	-0.48807	-1.09013	0.27725	0.8877	0.01197	0.02619	0.97912	0.98724	0.14453	0.31493	0.75298	0.88598
YRIAPOlabel	LCdom_E4YRI_vs_E2YRI	TRAC	ENSG00000277734	-0.21591	-0.77902	0.43707	0.89705	-0.31329	-1.11414	0.26682	0.70936	-0.21591	-0.77902	0.43707	0.89705	-0.08873	-0.2961	0.76753	0.98279	-0.35135	-1.05327	0.29288	0.59389	-0.37816	-1.18217	0.23787	0.59649
YRIAPOlabel	LCdom_E4YRI_vs_E2YRI	TREM2	ENSG00000095970	0.2491	0.85999	0.39103	0.89705	0.20833	0.67435	0.50102	0.84689	0.2491	0.85999	0.39103	0.89705	0.19292	0.53795	0.59134	0.97785	-0.01747	-0.05216	0.95843	0.98629	-0.0252	-0.07478	0.94043	0.96286
YRIAPOlabel	LCdom_E4YRI_vs_E2YRI	TRH	ENSG00000170893	0.40601	1.00109	0.31823	0.82839	-0.41077	-1.01356	0.31226	0.76493	0.40601	1.00109	0.31823	0.82839	-0.51052	-1.2173	0.22523	0.87466	0.63425	1.34017	0.18097	0.48864	0.17487	0.37245	0.70976	0.88598
YRIAPOlabel	LCdom_E4YRI_vs_E2YRI	TRHDE	ENSG00000072657	-0.34553	-1.34277	0.18117	0.78722	-0.32715	-1.26589	0.20732	0.62538	-0.34553	-1.34277	0.18117	0.78722	-0.52954	-1.88771	0.06082	0.63117	-0.34949	-1.1184	0.26409	0.57209	-0.63581	-2.00756	0.04539	0.28079
YRIAPOlabel	LCdom_E4YRI_vs_E2YRI	TRIL	ENSG00000255690	0.16103	0.87941	0.38044	0.88447	0.08744	0.4778	0.63342	0.91817	0.16103	0.87941	0.38044	0.88447	0.03021	0.16485	0.86926	0.98279	0.14936	0.88472	0.37685	0.63681	0.02121	0.12466	0.90085	0.95308
YRIAPOlabel	LCdom_E4YRI_vs_E2YRI	TRPC5	ENSG00000072315	0.03202	0.17739	0.85941	0.96587	-0.06786	-0.37389	0.70896	0.96287	0.03202	0.17739	0.85941	0.96587	-0.0726	-0.37633	0.70716	0.98279	0.09564	0.43092	0.66676	0.8421	-0.08521	-0.39426	0.6936	0.87303
YRIAPOlabel	LCdom_E4YRI_vs_E2YRI	TRPC6	ENSG00000137672	-0.59005	-2.05244	0.04169	0.43246	-0.59935	-2.09437	0.03774	0.3065	-0.59005	-2.05244	0.04169	0.43246	-0.87	-2.87605	0.00456	0.16634	-0.36613	-1.0943	0.2745	0.58263	-0.42145	-1.25654	0.20968	0.58973
YRIAPOlabel	LCdom_E4YRI_vs_E2YRI	TSHZ2	ENSG00000182463	0.70251	3.59813	0.00042	0.06299	0.63943	3.33621	0.00105	0.07643	0.70251	3.59813	0.00042	0.06299	0.47372	2.42965	0.01618	0.42193	0.98338	4.80316	0	0.00081	0.96127	5.08147	0	0.00021
YRIAPOlabel	LCdom_E4YRI_vs_E2YRI	TTYH1	ENSG00000167614	0.35293	2.22101	0.0277	0.40435	0.24974	1.58731	0.11434	0.51522	0.35293	2.22101	0.0277	0.40435	0.11765	0.75135	0.45351	0.97785	0.2203	1.60522	0.10925	0.39095	0.08379	0.62338	0.5334	0.79465
YRIAPOlabel	LCdom_E4YRI_vs_E2YRI	UGP2	ENSG00000169764	-0.2434	-1.90655	0.0583	0.4883	-0.31367	-2.50054	0.01337	0.21211	-0.2434	-1.90655	0.0583	0.4883	-0.36098	-2.79994	0.00572	0.18098	-0.19369	-1.45033	0.14777	0.44842	-0.28464	-2.2761	0.02338	0.21246
YRIAPOlabel	LCdom_E4YRI_vs_E2YRI	UGT8	ENSG00000174607	-0.02953	-0.15293	0.87864	0.96587	-0.10624	-0.58164	0.5616	0.89233	-0.02953	-0.15293	0.87864	0.96587	-0.14361	-0.74481	0.45744	0.97785	0.18938	1.03589	0.30089	0.60068	0.18475	1.10714	0.26891	0.62919
YRIAPOlabel	LCdom_E4YRI_vs_E2YRI	UNC5B	ENSG00000107731	0.17021	1.03762	0.30095	0.82839	0.13967	0.84785	0.39774	0.80207	0.17021	1.03762	0.30095	0.82839	0.11147	0.63612	0.52558	0.97785	0.31375	1.79099	0.07407	0.32652	0.21617	1.30961	0.19109	0.56893
YRIAPOlabel	LCdom_E4YRI_vs_E2YRI	VCAN	ENSG00000038427	0.36386	1.83133	0.06883	0.52944	0.06226	0.32172	0.74806	0.96287	0.36386	1.83133	0.06883	0.52944	-0.00645	-0.0328	0.97387	0.99292	0.21461	0.9143	0.36112	0.63681	0.08166	0.34915	0.72717	0.88598
YRIAPOlabel	LCdom_E4YRI_vs_E2YRI	VIP	ENSG00000146469	-0.29398	-0.57105	0.56873	0.90457	-0.2956	-0.56206	0.57483	0.89233	-0.29398	-0.57105	0.56873	0.90457	-1.25179	-2.31352	0.02193	0.42735	-0.31804	-0.62544	0.53205	0.76229	-0.39879	-0.81574	0.41515	0.73779
YRIAPOlabel	LCdom_E4YRI_vs_E2YRI	VWC2L	ENSG00000174453	-0.23295	-1.32906	0.18564	0.79717	-0.33753	-1.89381	0.05998	0.37747	-0.23295	-1.32906	0.18564	0.79717	-0.35051	-1.88104	0.06172	0.63117	-0.26252	-1.06015	0.28973	0.59079	-0.35897	-1.48514	0.13831	0.49597
YRIAPOlabel	LCdom_E4YRI_vs_E2YRI	WIF1	ENSG00000156076	0.47662	1.5729	0.11763	0.64084	0.50869	1.63438	0.10406	0.49681	0.47662	1.5729	0.11763	0.64084	0.50149	1.45024	0.14888	0.87466	0.42159	1.17086	0.24237	0.55291	0.6706	1.83821	0.06679	0.37543
YRIAPOlabel	LCdom_E4YRI_vs_E2YRI	XBP1s	XBP1s	1.0288	2.05884	0.04106	0.43246	1.4412	2.78298	0.00601	0.21211	1.0288	2.05884	0.04106	0.43246	0.40629	0.69105	0.4905	0.97785	1.24876	2.15021	0.03222	0.23097	1.35398	2.42209	0.01594	0.16269
YRIAPOlabel	LCdom_E4YRI_vs_E2YRI	XBP1u	XBP1u	0.11619	0.60008	0.54927	0.90457	0.11341	0.604	0.54666	0.88289	0.11619	0.60008	0.54927	0.90457	-0.06718	-0.33344	0.73922	0.98279	0.23056	0.83352	0.40506	0.6571	0.11236	0.41181	0.6807	0.87009
YRIAPOlabel	LCdom_E4YRI_vs_E2YRI	ZBBX	ENSG00000169064	-0.2177	-0.47633	0.63447	0.90457	-0.40283	-0.88323	0.37839	0.79421	-0.2177	-0.47633	0.63447	0.90457	-0.70732	-1.44142	0.15137	0.87466	0.25285	0.63153	0.52807	0.76229	0.10317	0.25726	0.79711	0.89247
YRIAPOlabel	LCdom_E4YRI_vs_E2YRI	ZDHHC23	ENSG00000184307	-0.26363	-0.95988	0.33851	0.84626	-0.27898	-0.96377	0.33656	0.779	-0.26363	-0.95988	0.33851	0.84626	-0.27496	-0.88769	0.376	0.97333	0.06507	0.15516	0.87678	0.97943	-0.01374	-0.03369	0.97314	0.98121
YRIAPOlabel	LCdom_E4YRI_vs_E4CEU	ABCC9	ENSG00000069431	0.02998	0.15956	0.87342	0.99372	-0.00535	-0.02801	0.97769	0.99698	0.02998	0.15956	0.87342	0.99372	-0.01643	-0.08288	0.93405	0.99687	0.03699	0.15795	0.87458	0.95378	0.11046	0.45789	0.64728	0.934
YRIAPOlabel	LCdom_E4YRI_vs_E4CEU	ACHE	ENSG00000087085	0.0912	0.56123	0.57539	0.9485	0.18008	1.12898	0.26053	0.76302	0.0912	0.56123	0.57539	0.9485	0.07658	0.47261	0.63711	0.99687	0.05345	0.35906	0.71975	0.92901	0.06524	0.43551	0.66343	0.934
YRIAPOlabel	LCdom_E4YRI_vs_E4CEU	ADAMTS12	ENSG00000151388	0.58068	2.08197	0.03887	0.38246	0.50893	1.83322	0.06855	0.5014	0.58068	2.08197	0.03887	0.38246	0.80267	2.89804	0.00426	0.1297	0.35774	1.08703	0.2777	0.75643	0.40324	1.201	0.23049	0.68137
YRIAPOlabel	LCdom_E4YRI_vs_E4CEU	ADAMTS16	ENSG00000145536	0.22097	0.69461	0.48827	0.9184	0.38173	1.18402	0.23809	0.73027	0.22097	0.69461	0.48827	0.9184	0.56359	1.72043	0.08722	0.49745	0.22268	0.4887	0.62533	0.92343	0.26799	0.57861	0.56319	0.90188
YRIAPOlabel	LCdom_E4YRI_vs_E4CEU	ADAMTS3	ENSG00000156140	-0.28426	-0.90112	0.36882	0.90078	-0.25541	-0.8586	0.39179	0.84481	-0.28426	-0.90112	0.36882	0.90078	-0.13512	-0.42687	0.67003	0.99687	-0.34286	-0.85905	0.39085	0.81724	-0.35566	-0.8652	0.38747	0.77706
YRIAPOlabel	LCdom_E4YRI_vs_E4CEU	ADCYAP1	ENSG00000141433	-0.29236	-0.96244	0.33722	0.87372	-0.43914	-1.50094	0.13526	0.6391	-0.29236	-0.96244	0.33722	0.87372	-0.7851	-2.54716	0.01177	0.15349	-0.84068	-3.03636	0.00255	0.08477	-0.85529	-3.06558	0.00232	0.08114
YRIAPOlabel	LCdom_E4YRI_vs_E4CEU	ADRA1A	ENSG00000120907	0.05668	0.36655	0.71442	0.99372	0.04359	0.28383	0.77689	0.97332	0.05668	0.36655	0.71442	0.99372	0.06284	0.40895	0.68311	0.99687	-0.02583	-0.143	0.88636	0.95378	-0.10358	-0.5625	0.57409	0.90188
YRIAPOlabel	LCdom_E4YRI_vs_E4CEU	ADRA1B	ENSG00000170214	-0.25077	-1.00455	0.31657	0.86877	-0.28059	-1.13678	0.25726	0.76302	-0.25077	-1.00455	0.31657	0.86877	-0.2187	-0.90294	0.36787	0.87717	-0.22449	-0.78153	0.43497	0.84449	-0.22755	-0.77357	0.43966	0.81306
YRIAPOlabel	LCdom_E4YRI_vs_E4CEU	ADRA2A	ENSG00000150594	0.05727	0.21577	0.82943	0.99372	0.13505	0.50898	0.61144	0.94378	0.05727	0.21577	0.82943	0.99372	0.00738	0.0295	0.9765	0.99687	0.01524	0.07736	0.93838	0.97448	0.09325	0.47925	0.63203	0.93021
YRIAPOlabel	LCdom_E4YRI_vs_E4CEU	AIF1	ENSG00000204472	-0.12478	-0.67719	0.49922	0.9184	-0.17061	-0.90956	0.36437	0.83691	-0.12478	-0.67719	0.49922	0.9184	-0.20185	-0.96294	0.33698	0.86318	-0.26854	-1.21307	0.22584	0.69816	-0.22156	-1.00374	0.31612	0.74705
YRIAPOlabel	LCdom_E4YRI_vs_E4CEU	ALDOC	ENSG00000109107	0.22655	1.71827	0.0876	0.5232	0.26414	2.05416	0.04152	0.42098	0.22655	1.71827	0.0876	0.5232	0.21605	1.90605	0.05838	0.41781	0.20512	1.70206	0.08954	0.46797	0.26273	2.24741	0.02517	0.23913
YRIAPOlabel	LCdom_E4YRI_vs_E4CEU	ALK	ENSG00000171094	-0.00301	-0.01578	0.98743	0.99372	0.11154	0.59063	0.55557	0.94378	-0.00301	-0.01578	0.98743	0.99372	-0.0128	-0.07139	0.94317	0.99687	0.05116	0.27405	0.78419	0.93234	0.07528	0.40738	0.68396	0.934
YRIAPOlabel	LCdom_E4YRI_vs_E4CEU	ANGPT1	ENSG00000154188	0.13607	0.70042	0.48464	0.9184	0.14194	0.74751	0.45581	0.90203	0.13607	0.70042	0.48464	0.9184	0.00996	0.05495	0.95624	0.99687	0.00045	0.00208	0.99834	0.99834	0.07307	0.33534	0.73755	0.934
YRIAPOlabel	LCdom_E4YRI_vs_E4CEU	ANK1	ENSG00000029534	-0.15921	-1.1805	0.23948	0.79185	-0.13025	-0.95885	0.33902	0.83486	-0.15921	-1.1805	0.23948	0.79185	-0.16334	-1.12411	0.26259	0.83632	-0.25717	-1.51461	0.13068	0.56988	-0.26686	-1.56435	0.11854	0.55959
YRIAPOlabel	LCdom_E4YRI_vs_E4CEU	ANKRD18A	ENSG00000180071	-0.27951	-1.28087	0.20202	0.73006	-0.35294	-1.63959	0.10298	0.56631	-0.27951	-1.28087	0.20202	0.73006	-0.37906	-1.75933	0.08037	0.48892	-0.28634	-1.27638	0.20258	0.67219	-0.27428	-1.21529	0.22499	0.68137
YRIAPOlabel	LCdom_E4YRI_vs_E4CEU	ANO3	ENSG00000134343	0.43364	1.9073	0.0582	0.4327	0.41638	1.9108	0.05775	0.4722	0.43364	1.9073	0.0582	0.4327	0.5373	2.4563	0.01507	0.18336	0.27193	0.98341	0.32601	0.78087	0.21281	0.75934	0.44811	0.8178
YRIAPOlabel	LCdom_E4YRI_vs_E4CEU	ANXA1	ENSG00000135046	0.50901	2.17473	0.03106	0.34352	0.46584	1.98875	0.04836	0.44759	0.50901	2.17473	0.03106	0.34352	0.42445	1.73197	0.08514	0.49745	0.41465	1.54335	0.12355	0.55728	0.50451	1.83905	0.06667	0.41593
YRIAPOlabel	LCdom_E4YRI_vs_E4CEU	APLP1	ENSG00000105290	-0.00217	-0.01495	0.98809	0.99372	0.03082	0.21652	0.82885	0.98547	-0.00217	-0.01495	0.98809	0.99372	0.031	0.22407	0.82298	0.99687	-0.04131	-0.31037	0.75645	0.92901	0.00277	0.0226	0.98198	0.98739
YRIAPOlabel	LCdom_E4YRI_vs_E4CEU	APOC1	ENSG00000130208	-0.23281	-0.95834	0.33928	0.87372	-0.25017	-1.04909	0.29566	0.80078	-0.23281	-0.95834	0.33928	0.87372	-0.28554	-1.22358	0.22285	0.79932	-0.2015	-0.87568	0.38174	0.81495	-0.22662	-0.98742	0.32405	0.75335
YRIAPOlabel	LCdom_E4YRI_vs_E4CEU	APOE	ENSG00000130203	0.13671	0.76938	0.44276	0.90078	0.13741	0.79404	0.4283	0.89277	0.13671	0.76938	0.44276	0.90078	0.07309	0.44258	0.65865	0.99687	0.16142	1.06893	0.28576	0.7601	0.19561	1.26225	0.20761	0.66022
YRIAPOlabel	LCdom_E4YRI_vs_E4CEU	APOLD1	ENSG00000178878	0.21122	0.55902	0.5769	0.9485	0.21982	0.5894	0.55639	0.94378	0.21122	0.55902	0.5769	0.9485	0.25	0.6649	0.50705	0.96671	0.64211	1.73527	0.08348	0.46797	0.66704	1.79329	0.0737	0.44834
YRIAPOlabel	LCdom_E4YRI_vs_E4CEU	APP	ENSG00000142192	-0.00399	-0.04238	0.96625	0.99372	0.02546	0.27344	0.78486	0.97332	-0.00399	-0.04238	0.96625	0.99372	0.00923	0.10363	0.91759	0.99687	-0.06287	-0.65203	0.51476	0.88571	-0.02982	-0.31365	0.75396	0.934
YRIAPOlabel	LCdom_E4YRI_vs_E4CEU	AQP4	ENSG00000171885	0.26718	1.54812	0.12349	0.57785	0.27617	1.64209	0.10246	0.56631	0.26718	1.54812	0.12349	0.57785	0.1564	0.95585	0.34054	0.86318	0.29366	1.89356	0.05902	0.43525	0.31621	1.94823	0.0521	0.37289
YRIAPOlabel	LCdom_E4YRI_vs_E4CEU	ARHGAP24	ENSG00000138639	0.05851	0.36879	0.71275	0.99372	0.15078	0.92469	0.35646	0.83691	0.05851	0.36879	0.71275	0.99372	0.06482	0.38041	0.70413	0.99687	0.09905	0.60407	0.54614	0.89391	0.13207	0.80068	0.4238	0.80438
YRIAPOlabel	LCdom_E4YRI_vs_E4CEU	ARL8B	ENSG00000134108	-0.00554	-0.03849	0.96935	0.99372	0.04628	0.33967	0.73453	0.95826	-0.00554	-0.03849	0.96935	0.99372	-0.01679	-0.13085	0.89605	0.99687	-0.10785	-0.7991	0.42471	0.83023	-0.03272	-0.25748	0.79694	0.934
YRIAPOlabel	LCdom_E4YRI_vs_E4CEU	ASTN1	ENSG00000152092	0.22327	1.69605	0.09174	0.5232	0.19873	1.57169	0.11792	0.58162	0.22327	1.69605	0.09174	0.5232	0.11831	1.00778	0.31503	0.86318	0.10517	0.89148	0.37322	0.80989	0.1157	0.93554	0.35009	0.7626
YRIAPOlabel	LCdom_E4YRI_vs_E4CEU	ATF4	ENSG00000128272	-0.11185	-0.83459	0.40514	0.90078	-0.05484	-0.44106	0.65974	0.94441	-0.11185	-0.83459	0.40514	0.90078	-0.10638	-0.90455	0.36702	0.87717	-0.10104	-0.87257	0.38343	0.81495	-0.04384	-0.40676	0.68441	0.934
YRIAPOlabel	LCdom_E4YRI_vs_E4CEU	ATN1	ENSG00000111676	0.11384	1.08007	0.28167	0.84269	0.09674	0.93731	0.34996	0.83486	0.11384	1.08007	0.28167	0.84269	0.07369	0.70607	0.48114	0.96671	0.07502	0.8122	0.41717	0.82845	0.08453	0.87047	0.38458	0.77552
YRIAPOlabel	LCdom_E4YRI_vs_E4CEU	ATP2C2	ENSG00000064270	0.18219	0.82536	0.41035	0.90078	0.13766	0.64292	0.52116	0.94378	0.18219	0.82536	0.41035	0.90078	0.25203	1.19714	0.23296	0.81761	0.12277	0.50713	0.61235	0.92343	0.2631	1.05947	0.29004	0.7298
YRIAPOlabel	LCdom_E4YRI_vs_E4CEU	AVP	ENSG00000101200	-0.33595	-0.5241	0.6009	0.96197	-0.33749	-0.51692	0.60589	0.94378	-0.33595	-0.5241	0.6009	0.96197	-0.05553	-0.08326	0.93374	0.99687	-0.47498	-0.81151	0.41763	0.82845	-0.29135	-0.47114	0.63784	0.93344
YRIAPOlabel	LCdom_E4YRI_vs_E4CEU	AZIN1	ENSG00000155096	-0.00536	-0.04429	0.96473	0.99372	0.06026	0.54882	0.58386	0.94378	-0.00536	-0.04429	0.96473	0.99372	-0.00107	-0.01026	0.99183	0.99687	-0.02406	-0.23348	0.81551	0.93703	0.02823	0.30596	0.7598	0.934
YRIAPOlabel	LCdom_E4YRI_vs_E4CEU	B4GALNT1	ENSG00000135454	0.03373	0.21583	0.82939	0.99372	0.11687	0.76496	0.44537	0.89623	0.03373	0.21583	0.82939	0.99372	-0.01241	-0.08442	0.93283	0.99687	-0.02778	-0.17683	0.85973	0.94804	-0.01872	-0.12098	0.90377	0.961
YRIAPOlabel	LCdom_E4YRI_vs_E4CEU	BAG3	ENSG00000151929	0.17129	0.86015	0.39094	0.90078	0.23016	1.19426	0.23407	0.72789	0.17129	0.86015	0.39094	0.90078	0.17877	0.92885	0.35432	0.87382	0.29868	1.77631	0.07646	0.4523	0.31663	1.86123	0.06346	0.41363
YRIAPOlabel	LCdom_E4YRI_vs_E4CEU	BCAN	ENSG00000132692	0.20254	1.15395	0.25017	0.80808	0.15186	0.90019	0.36931	0.83691	0.20254	1.15395	0.25017	0.80808	0.16651	1.09153	0.27663	0.83632	0.23604	1.34933	0.17801	0.63414	0.2671	1.48732	0.13774	0.58773
YRIAPOlabel	LCdom_E4YRI_vs_E4CEU	BRINP3	ENSG00000162670	0.15132	0.87759	0.38143	0.90078	0.11636	0.6811	0.49675	0.94133	0.15132	0.87759	0.38143	0.90078	0.08746	0.56645	0.57185	0.99173	0.03486	0.20288	0.83933	0.94263	0.04166	0.23673	0.81299	0.934
YRIAPOlabel	LCdom_E4YRI_vs_E4CEU	BTBD11	ENSG00000151136	-0.42992	-2.6752	0.00821	0.18734	-0.40094	-2.48535	0.01393	0.22133	-0.42992	-2.6752	0.00821	0.18734	-0.50562	-2.79345	0.00583	0.13872	-0.58366	-3.18734	0.00155	0.05662	-0.6188	-3.31504	0.001	0.05224
YRIAPOlabel	LCdom_E4YRI_vs_E4CEU	C1QA	ENSG00000173372	-0.01178	-0.06858	0.9454	0.99372	-0.00641	-0.03758	0.97007	0.99698	-0.01178	-0.06858	0.9454	0.99372	-0.07407	-0.39889	0.69049	0.99687	-0.05105	-0.32493	0.74541	0.92901	-0.03245	-0.20999	0.83378	0.934
YRIAPOlabel	LCdom_E4YRI_vs_E4CEU	C1QB	ENSG00000173369	-0.22837	-1.41508	0.15891	0.64752	-0.23042	-1.42369	0.15641	0.67162	-0.22837	-1.41508	0.15891	0.64752	-0.30466	-1.72302	0.08675	0.49745	-0.22637	-1.36794	0.17211	0.63414	-0.20962	-1.28529	0.19945	0.656
YRIAPOlabel	LCdom_E4YRI_vs_E4CEU	C1QL3	ENSG00000165985	-0.54894	-2.446	0.01548	0.24571	-0.29721	-1.29378	0.19753	0.68563	-0.54894	-2.446	0.01548	0.24571	-0.6428	-2.65982	0.00859	0.14398	-0.64239	-2.59671	0.00977	0.16304	-0.71333	-2.84472	0.00468	0.13136
YRIAPOlabel	LCdom_E4YRI_vs_E4CEU	C1orf162	ENSG00000143110	-0.19273	-1.19207	0.23493	0.79185	-0.22212	-1.48173	0.1403	0.64289	-0.19273	-1.19207	0.23493	0.79185	-0.28561	-1.77106	0.07839	0.48892	-0.17237	-0.84433	0.399	0.82279	-0.14593	-0.7067	0.48017	0.84414
YRIAPOlabel	LCdom_E4YRI_vs_E4CEU	C3	ENSG00000125730	0.07497	0.34254	0.73237	0.99372	0.03638	0.1688	0.86616	0.98547	0.07497	0.34254	0.73237	0.99372	0.05146	0.22403	0.82301	0.99687	0.01948	0.09613	0.92346	0.97137	-0.00248	-0.01225	0.99023	0.99295
YRIAPOlabel	LCdom_E4YRI_vs_E4CEU	CABLES1	ENSG00000134508	0.00262	0.01471	0.98828	0.99372	-0.02121	-0.12198	0.90306	0.98814	0.00262	0.01471	0.98828	0.99372	-0.09227	-0.55235	0.58145	0.99173	0.02435	0.13973	0.88894	0.95378	0.06113	0.33398	0.73857	0.934
YRIAPOlabel	LCdom_E4YRI_vs_E4CEU	CALCRL	ENSG00000064989	0.40898	1.86567	0.06384	0.45691	0.37319	1.72483	0.08641	0.55257	0.40898	1.86567	0.06384	0.45691	0.34898	1.66612	0.09758	0.50882	0.49943	2.38279	0.01766	0.22872	0.53945	2.5331	0.0117	0.17587
YRIAPOlabel	LCdom_E4YRI_vs_E4CEU	CAPG	ENSG00000042493	-0.05479	-0.35094	0.72608	0.99372	-0.07466	-0.48779	0.62634	0.94378	-0.05479	-0.35094	0.72608	0.99372	-0.06256	-0.36157	0.71813	0.99687	-0.00262	-0.01425	0.98864	0.99683	0.04363	0.23475	0.81453	0.934
YRIAPOlabel	LCdom_E4YRI_vs_E4CEU	CAPN3	ENSG00000092529	0.20549	1.06297	0.28933	0.85166	0.18156	0.98577	0.32567	0.83486	0.20549	1.06297	0.28933	0.85166	0.14343	0.74668	0.45632	0.94634	0.07948	0.43849	0.66127	0.92901	0.09672	0.55643	0.57824	0.90195
YRIAPOlabel	LCdom_E4YRI_vs_E4CEU	CARTPT	ENSG00000164326	0.20978	0.52528	0.60008	0.96197	0.42473	0.99367	0.32183	0.83486	0.20978	0.52528	0.60008	0.96197	0.43155	1.02556	0.30661	0.86318	0.421	1.25192	0.21134	0.68876	0.48411	1.4584	0.14553	0.58773
YRIAPOlabel	LCdom_E4YRI_vs_E4CEU	CAV1	ENSG00000105974	0.37146	1.52113	0.13012	0.59367	0.30841	1.25393	0.21162	0.69587	0.37146	1.52113	0.13012	0.59367	0.38115	1.55606	0.12161	0.59182	0.10205	0.36389	0.71614	0.92901	0.15852	0.56011	0.57572	0.90188
YRIAPOlabel	LCdom_E4YRI_vs_E4CEU	CCK	ENSG00000187094	0.03004	0.09009	0.92833	0.99372	0.13127	0.40079	0.68909	0.95271	0.03004	0.09009	0.92833	0.99372	-0.00526	-0.01521	0.98788	0.99687	-0.22673	-0.76877	0.4425	0.84562	-0.27452	-0.89028	0.37387	0.77258
YRIAPOlabel	LCdom_E4YRI_vs_E4CEU	CCL4	ENSG00000275302	0.99689	2.29789	0.02281	0.32788	0.85227	1.95809	0.05189	0.45093	0.99689	2.29789	0.02281	0.32788	1.06103	2.46788	0.01461	0.18336	1.10217	2.12355	0.03435	0.33886	1.23361	2.31219	0.0213	0.21593
YRIAPOlabel	LCdom_E4YRI_vs_E4CEU	CCL5	ENSG00000271503	0.09347	0.22843	0.81959	0.99372	0.00681	0.01638	0.98695	0.99698	0.09347	0.22843	0.81959	0.99372	0.13385	0.32074	0.74881	0.99687	0.03193	0.06925	0.94483	0.97448	0.23426	0.49834	0.61852	0.92476
YRIAPOlabel	LCdom_E4YRI_vs_E4CEU	CCNA1	ENSG00000133101	-0.01182	-0.0539	0.95708	0.99372	0.10606	0.48133	0.63091	0.94378	-0.01182	-0.0539	0.95708	0.99372	-0.04529	-0.21581	0.8294	0.99687	-0.09271	-0.40275	0.68736	0.92901	-0.01567	-0.06824	0.94563	0.97255
YRIAPOlabel	LCdom_E4YRI_vs_E4CEU	CCNB2	ENSG00000157456	0.00029	0.00093	0.99926	0.99926	0.09565	0.32904	0.74254	0.95826	0.00029	0.00093	0.99926	0.99926	-0.02004	-0.0668	0.94682	0.99687	-0.13193	-0.34064	0.73356	0.92901	-0.12904	-0.31894	0.74995	0.934
YRIAPOlabel	LCdom_E4YRI_vs_E4CEU	CD14	ENSG00000170458	-0.34303	-1.31719	0.18958	0.70609	-0.35411	-1.33568	0.18347	0.68563	-0.34303	-1.31719	0.18958	0.70609	-0.59951	-2.15432	0.03266	0.28402	-0.30027	-1.04731	0.29561	0.7601	-0.3218	-1.0991	0.27241	0.71674
YRIAPOlabel	LCdom_E4YRI_vs_E4CEU	CD163	ENSG00000177575	-0.68198	-2.05774	0.04117	0.38246	-0.65659	-1.98591	0.04868	0.44759	-0.68198	-2.05774	0.04117	0.38246	-0.99569	-2.98314	0.00329	0.11562	-0.65856	-1.76687	0.07804	0.4523	-0.52024	-1.36807	0.17209	0.61243
YRIAPOlabel	LCdom_E4YRI_vs_E4CEU	CD2	ENSG00000116824	-0.01741	-0.07795	0.93796	0.99372	-0.12223	-0.55726	0.5781	0.94378	-0.01741	-0.07795	0.93796	0.99372	0.01369	0.06094	0.95148	0.99687	-0.0217	-0.07608	0.9394	0.97448	0.06294	0.21668	0.82857	0.934
YRIAPOlabel	LCdom_E4YRI_vs_E4CEU	CD36	ENSG00000135218	-0.11331	-0.20766	0.83574	0.99372	-0.07186	-0.12962	0.89702	0.98814	-0.11331	-0.20766	0.83574	0.99372	-0.27157	-0.46502	0.64253	0.99687	-0.26466	-0.54819	0.58388	0.91112	-0.29266	-0.58361	0.55982	0.90188
YRIAPOlabel	LCdom_E4YRI_vs_E4CEU	CD3G	ENSG00000160654	-0.23765	-0.63313	0.52752	0.9184	-0.12797	-0.34487	0.73063	0.95826	-0.23765	-0.63313	0.52752	0.9184	0.06759	0.17778	0.85911	0.99687	-0.22158	-0.52835	0.59757	0.91644	-0.08023	-0.19014	0.8493	0.934
YRIAPOlabel	LCdom_E4YRI_vs_E4CEU	CD4	ENSG00000010610	-0.04222	-0.2201	0.82606	0.99372	-0.10863	-0.54353	0.58749	0.94378	-0.04222	-0.2201	0.82606	0.99372	-0.1425	-0.64831	0.51768	0.96671	-0.10135	-0.48865	0.62536	0.92343	-0.08679	-0.42139	0.6737	0.934
YRIAPOlabel	LCdom_E4YRI_vs_E4CEU	CD48	ENSG00000117091	0.15508	0.90928	0.36451	0.90078	0.12757	0.76962	0.44261	0.89623	0.15508	0.90928	0.36451	0.90078	0.20126	1.2222	0.22337	0.79932	0.12863	0.69763	0.48582	0.87119	0.19875	1.09784	0.27295	0.71674
YRIAPOlabel	LCdom_E4YRI_vs_E4CEU	CD52	ENSG00000169442	1.05687	2.86263	0.00474	0.14896	0.91667	2.5884	0.01049	0.22133	1.05687	2.86263	0.00474	0.14896	0.99722	2.61541	0.00974	0.14488	0.85464	1.86317	0.06321	0.44141	1.0833	2.26886	0.02384	0.23515
YRIAPOlabel	LCdom_E4YRI_vs_E4CEU	CD68	ENSG00000129226	0.02104	0.09707	0.92279	0.99372	0.00162	0.0075	0.99403	0.99698	0.02104	0.09707	0.92279	0.99372	-0.07035	-0.29492	0.76843	0.99687	-0.12385	-0.53695	0.5916	0.91112	-0.07878	-0.33948	0.73443	0.934
YRIAPOlabel	LCdom_E4YRI_vs_E4CEU	CD74	ENSG00000019582	-0.04906	-0.25165	0.80162	0.99372	-0.05326	-0.27609	0.78282	0.97332	-0.04906	-0.25165	0.80162	0.99372	-0.09938	-0.45498	0.64972	0.99687	-0.08286	-0.48574	0.62743	0.92343	-0.05839	-0.34357	0.73136	0.934
YRIAPOlabel	LCdom_E4YRI_vs_E4CEU	CD83	ENSG00000112149	-0.00321	-0.02187	0.98258	0.99372	-0.02061	-0.13834	0.89014	0.98814	-0.00321	-0.02187	0.98258	0.99372	-0.06893	-0.44226	0.65888	0.99687	-0.12804	-0.69589	0.48691	0.87119	-0.15458	-0.80203	0.42302	0.80438
YRIAPOlabel	LCdom_E4YRI_vs_E4CEU	CD86	ENSG00000114013	-0.1529	-0.49568	0.62077	0.97665	-0.18007	-0.60279	0.54747	0.94378	-0.1529	-0.49568	0.62077	0.97665	-0.13903	-0.4128	0.68029	0.99687	-0.21935	-0.75401	0.4513	0.85178	-0.20172	-0.6904	0.49035	0.84414
YRIAPOlabel	LCdom_E4YRI_vs_E4CEU	CDH1	ENSG00000039068	0.20981	0.91637	0.3608	0.90078	0.09938	0.43172	0.6665	0.94441	0.20981	0.91637	0.3608	0.90078	0.16213	0.68943	0.49152	0.96671	0.11315	0.43885	0.66102	0.92901	0.10524	0.40908	0.68271	0.934
YRIAPOlabel	LCdom_E4YRI_vs_E4CEU	CDH12	ENSG00000154162	-0.46619	-2.04402	0.04252	0.38246	-0.48193	-2.13721	0.03404	0.36541	-0.46619	-2.04402	0.04252	0.38246	-0.58473	-2.64044	0.00907	0.14398	-0.55751	-2.24061	0.02561	0.28534	-0.59734	-2.36673	0.01843	0.19788
YRIAPOlabel	LCdom_E4YRI_vs_E4CEU	CDH4	ENSG00000179242	-0.06201	-0.27552	0.78326	0.99372	-0.1104	-0.49175	0.62354	0.94378	-0.06201	-0.27552	0.78326	0.99372	-0.08352	-0.35901	0.72004	0.99687	-0.13858	-0.57858	0.5632	0.89807	-0.22022	-0.87107	0.38425	0.77552
YRIAPOlabel	LCdom_E4YRI_vs_E4CEU	CDH6	ENSG00000113361	0.21767	1.11201	0.26773	0.81435	0.26273	1.36941	0.17271	0.68563	0.21767	1.11201	0.26773	0.81435	0.20225	1.15823	0.24844	0.83515	0.21858	1.15802	0.24756	0.70594	0.26627	1.43982	0.15072	0.59378
YRIAPOlabel	LCdom_E4YRI_vs_E4CEU	CDK1	ENSG00000170312	0.48199	1.68195	0.09445	0.5245	0.53265	1.84035	0.06749	0.5014	0.48199	1.68195	0.09445	0.5245	0.25827	0.8749	0.3829	0.8835	0.11942	0.24739	0.80474	0.93545	0.2479	0.51026	0.61018	0.92476
YRIAPOlabel	LCdom_E4YRI_vs_E4CEU	CEMIP	ENSG00000103888	0.24494	0.96393	0.33648	0.87372	0.32909	1.33373	0.18411	0.68563	0.24494	0.96393	0.33648	0.87372	0.11248	0.45873	0.64703	0.99687	0.20455	0.73555	0.46245	0.86119	0.25736	0.91613	0.36017	0.76432
YRIAPOlabel	LCdom_E4YRI_vs_E4CEU	CEMIP2	ENSG00000135048	0.06167	0.34366	0.73153	0.99372	0.07203	0.41888	0.67585	0.94441	0.06167	0.34366	0.73153	0.99372	-0.00429	-0.02491	0.98016	0.99687	0.03368	0.14273	0.88658	0.95378	0.09581	0.40516	0.68558	0.934
YRIAPOlabel	LCdom_E4YRI_vs_E4CEU	CENPF	ENSG00000117724	0.32499	1.36645	0.17363	0.6674	0.36335	1.57628	0.11686	0.58162	0.32499	1.36645	0.17363	0.6674	0.26137	1.08491	0.27954	0.83632	0.21243	0.62456	0.53263	0.88571	0.3841	1.10801	0.26855	0.71674
YRIAPOlabel	LCdom_E4YRI_vs_E4CEU	CHAC1	ENSG00000128965	-0.00554	-0.02618	0.97915	0.99372	0.10254	0.51132	0.60981	0.94378	-0.00554	-0.02618	0.97915	0.99372	0.03378	0.16213	0.8714	0.99687	0.08149	0.31356	0.75403	0.92901	0.05084	0.18981	0.84956	0.934
YRIAPOlabel	LCdom_E4YRI_vs_E4CEU	CHGB	ENSG00000089199	-0.11846	-0.63089	0.52898	0.9184	-0.00293	-0.01567	0.98752	0.99698	-0.11846	-0.63089	0.52898	0.9184	-0.14365	-0.77935	0.43689	0.93254	-0.08768	-0.51638	0.60588	0.92343	-0.03738	-0.22061	0.82551	0.934
YRIAPOlabel	LCdom_E4YRI_vs_E4CEU	CHODL	ENSG00000154645	0.04456	0.13621	0.89182	0.99372	0.16253	0.49379	0.62211	0.94378	0.04456	0.13621	0.89182	0.99372	0.0837	0.25972	0.7954	0.99687	0.1725	0.60486	0.54562	0.89391	0.18843	0.69487	0.48755	0.84414
YRIAPOlabel	LCdom_E4YRI_vs_E4CEU	CLDN11	ENSG00000013297	-0.10518	-0.479	0.63256	0.98517	-0.11786	-0.56217	0.57475	0.94378	-0.10518	-0.479	0.63256	0.98517	-0.01323	-0.06265	0.95012	0.99687	-0.13585	-0.73089	0.46528	0.86208	-0.06152	-0.34685	0.72889	0.934
YRIAPOlabel	LCdom_E4YRI_vs_E4CEU	CNDP1	ENSG00000150656	-0.19753	-0.97591	0.33052	0.87372	-0.21082	-1.08412	0.27988	0.78275	-0.19753	-0.97591	0.33052	0.87372	-0.16688	-0.87127	0.38487	0.8835	-0.23645	-1.30885	0.19135	0.67085	-0.18061	-1.05535	0.29192	0.7298
YRIAPOlabel	LCdom_E4YRI_vs_E4CEU	CNTN2	ENSG00000184144	0.07226	0.43962	0.66078	0.99253	0.07564	0.47405	0.63609	0.94378	0.07226	0.43962	0.66078	0.99253	0.11136	0.69095	0.49057	0.96671	0.04458	0.31024	0.75654	0.92901	0.08095	0.61065	0.54178	0.90168
YRIAPOlabel	LCdom_E4YRI_vs_E4CEU	CNTNAP3B	ENSG00000154529	0.59585	3.16027	0.00187	0.11387	0.64888	3.52779	0.00054	0.06588	0.59585	3.16027	0.00187	0.11387	0.54632	2.96417	0.00348	0.11562	0.61999	2.55101	0.01112	0.16552	0.59973	2.48875	0.01323	0.17587
YRIAPOlabel	LCdom_E4YRI_vs_E4CEU	COL12A1	ENSG00000111799	0.05435	0.18139	0.85628	0.99372	0.07444	0.25206	0.8013	0.97818	0.05435	0.18139	0.85628	0.99372	-0.11272	-0.38307	0.70216	0.99687	-0.15909	-0.54006	0.58947	0.91112	-0.08891	-0.29068	0.77145	0.934
YRIAPOlabel	LCdom_E4YRI_vs_E4CEU	COL25A1	ENSG00000188517	-0.07233	-0.31466	0.75341	0.99372	-0.05786	-0.26656	0.79014	0.97332	-0.07233	-0.31466	0.75341	0.99372	-0.10626	-0.44349	0.65799	0.99687	-0.10862	-0.45084	0.65236	0.92901	-0.24909	-1.01233	0.31202	0.74705
YRIAPOlabel	LCdom_E4YRI_vs_E4CEU	CORO1A	ENSG00000102879	0.00389	0.0215	0.98287	0.99372	0.01436	0.07713	0.93861	0.99698	0.00389	0.0215	0.98287	0.99372	-0.07274	-0.34213	0.73269	0.99687	0.05736	0.29159	0.77076	0.93222	0.07257	0.35257	0.7246	0.934
YRIAPOlabel	LCdom_E4YRI_vs_E4CEU	CP	ENSG00000047457	0.11588	0.37338	0.70934	0.99372	-0.01	-0.03189	0.9746	0.99698	0.11588	0.37338	0.70934	0.99372	0.02917	0.08817	0.92985	0.99687	0.29727	0.83761	0.40276	0.82459	0.29263	0.81666	0.41462	0.80072
YRIAPOlabel	LCdom_E4YRI_vs_E4CEU	CPEB4	ENSG00000113742	0.02702	0.16818	0.86665	0.99372	0.02633	0.17241	0.86332	0.98547	0.02702	0.16818	0.86665	0.99372	-0.02801	-0.19719	0.84392	0.99687	-0.04606	-0.31998	0.74915	0.92901	-0.03516	-0.25275	0.80059	0.934
YRIAPOlabel	LCdom_E4YRI_vs_E4CEU	CRH	ENSG00000147571	0.25764	0.63756	0.52463	0.9184	-0.00916	-0.02532	0.97983	0.99698	0.25764	0.63756	0.52463	0.9184	-0.03839	-0.10044	0.92012	0.99687	0.36228	0.96026	0.33752	0.78755	0.56856	1.50016	0.13438	0.58393
YRIAPOlabel	LCdom_E4YRI_vs_E4CEU	CRHBP	ENSG00000145708	-0.58373	-2.20472	0.02884	0.34352	-0.49456	-1.90718	0.05822	0.4722	-0.58373	-2.20472	0.02884	0.34352	-0.71065	-2.64647	0.00892	0.14398	-0.56375	-2.05326	0.04071	0.36908	-0.59207	-2.11477	0.03508	0.29102
YRIAPOlabel	LCdom_E4YRI_vs_E4CEU	CRHR1	ENSG00000120088	0.0141	0.08562	0.93187	0.99372	0.07908	0.48864	0.62574	0.94378	0.0141	0.08562	0.93187	0.99372	0.01639	0.09579	0.9238	0.99687	0.01238	0.08816	0.92979	0.97448	0.0325	0.22921	0.81882	0.934
YRIAPOlabel	LCdom_E4YRI_vs_E4CEU	CRYM	ENSG00000103316	-0.67441	-2.20908	0.02853	0.34352	-0.54307	-1.81132	0.07189	0.50797	-0.67441	-2.20908	0.02853	0.34352	-0.68867	-2.30514	0.0224	0.22758	-0.57034	-1.76664	0.07807	0.4523	-0.53191	-1.64144	0.10151	0.5146
YRIAPOlabel	LCdom_E4YRI_vs_E4CEU	CSPG4	ENSG00000173546	0.22443	1.12444	0.26244	0.81179	0.18284	0.94205	0.34753	0.83486	0.22443	1.12444	0.26244	0.81179	0.24257	1.28563	0.20037	0.76984	0.13761	0.62268	0.53386	0.88571	0.17818	0.77965	0.43607	0.81207
YRIAPOlabel	LCdom_E4YRI_vs_E4CEU	CSTB	ENSG00000160213	0.10784	0.87055	0.38525	0.90078	0.15576	1.29895	0.19575	0.68563	0.10784	0.87055	0.38525	0.90078	0.09199	0.82021	0.41328	0.89987	0.05275	0.37611	0.70704	0.92901	0.0973	0.71101	0.4775	0.84414
YRIAPOlabel	LCdom_E4YRI_vs_E4CEU	CTNNA3	ENSG00000183230	-0.13327	-0.80027	0.42469	0.90078	-0.17011	-1.03462	0.30234	0.81144	-0.13327	-0.80027	0.42469	0.90078	-0.12055	-0.72125	0.47177	0.95665	-0.19724	-1.03572	0.30097	0.7601	-0.17348	-0.94884	0.34329	0.7626
YRIAPOlabel	LCdom_E4YRI_vs_E4CEU	CTSH	ENSG00000103811	0.17757	0.83642	0.40411	0.90078	0.12759	0.60064	0.5489	0.94378	0.17757	0.83642	0.40411	0.90078	0.08928	0.40755	0.68413	0.99687	0.0144	0.06889	0.94511	0.97448	0.0698	0.32053	0.74874	0.934
YRIAPOlabel	LCdom_E4YRI_vs_E4CEU	CTSS	ENSG00000163131	0.27645	1.59152	0.11338	0.55097	0.23247	1.29275	0.19789	0.68563	0.27645	1.59152	0.11338	0.55097	0.18164	0.89423	0.3725	0.87717	0.07735	0.34763	0.72831	0.92901	0.08995	0.38672	0.69917	0.934
YRIAPOlabel	LCdom_E4YRI_vs_E4CEU	CUX2	ENSG00000111249	-0.02044	-0.1068	0.91508	0.99372	0.01526	0.08215	0.93463	0.99698	-0.02044	-0.1068	0.91508	0.99372	-0.07377	-0.39249	0.6952	0.99687	-0.04873	-0.22844	0.81943	0.93703	-0.0571	-0.26549	0.79077	0.934
YRIAPOlabel	LCdom_E4YRI_vs_E4CEU	CX3CR1	ENSG00000168329	0.14634	0.90636	0.36605	0.90078	0.11436	0.6854	0.49404	0.94133	0.14634	0.90636	0.36605	0.90078	0.10268	0.52712	0.59882	0.99687	0.0637	0.39083	0.69614	0.92901	0.09538	0.60013	0.54877	0.90188
YRIAPOlabel	LCdom_E4YRI_vs_E4CEU	CXCL14	ENSG00000145824	0.29852	1.41066	0.16021	0.64752	0.33813	1.63017	0.10495	0.56631	0.29852	1.41066	0.16021	0.64752	0.24241	1.19743	0.23285	0.81761	0.26935	1.34641	0.17895	0.63414	0.24247	1.19879	0.23134	0.68137
YRIAPOlabel	LCdom_E4YRI_vs_E4CEU	CXCR4	ENSG00000121966	0.51313	1.72501	0.08638	0.5232	0.48042	1.65942	0.09891	0.56631	0.51313	1.72501	0.08638	0.5232	0.55296	1.93368	0.05486	0.40849	0.61051	1.84013	0.06651	0.44141	0.70916	2.09559	0.03677	0.29823
YRIAPOlabel	LCdom_E4YRI_vs_E4CEU	CYTIP	ENSG00000115165	0.41367	1.62798	0.10541	0.53479	0.2885	1.13122	0.25959	0.76302	0.41367	1.62798	0.10541	0.53479	0.38976	1.41577	0.15872	0.70198	0.29432	0.93745	0.34911	0.79146	0.43427	1.3889	0.16566	0.61076
YRIAPOlabel	LCdom_E4YRI_vs_E4CEU	DBH	ENSG00000123454	-0.09684	-0.29089	0.7715	0.99372	0.04203	0.12367	0.90172	0.98814	-0.09684	-0.29089	0.7715	0.99372	-0.09014	-0.26048	0.79482	0.99687	0.02491	0.07508	0.94019	0.97448	0.1403	0.41927	0.67525	0.934
YRIAPOlabel	LCdom_E4YRI_vs_E4CEU	DCN	ENSG00000011465	0.10977	0.40299	0.68747	0.99372	0.04433	0.16815	0.86667	0.98547	0.10977	0.40299	0.68747	0.99372	-0.02803	-0.10044	0.92012	0.99687	-0.04367	-0.1451	0.8847	0.95378	-0.02175	-0.07259	0.94217	0.97255
YRIAPOlabel	LCdom_E4YRI_vs_E4CEU	DDC	ENSG00000132437	-0.06728	-0.25173	0.80156	0.99372	0.08978	0.3308	0.74121	0.95826	-0.06728	-0.25173	0.80156	0.99372	-0.00128	-0.00471	0.99625	0.99687	0.07625	0.25793	0.7966	0.93424	0.10917	0.38178	0.70283	0.934
YRIAPOlabel	LCdom_E4YRI_vs_E4CEU	DDIT3	ENSG00000175197	-0.13407	-0.86295	0.3894	0.90078	-0.04994	-0.3458	0.72993	0.95826	-0.13407	-0.86295	0.3894	0.90078	-0.11654	-0.82299	0.4117	0.89987	-0.13365	-0.95088	0.34225	0.78755	-0.09314	-0.6624	0.5081	0.86259
YRIAPOlabel	LCdom_E4YRI_vs_E4CEU	DDR2	ENSG00000162733	0.09863	0.61066	0.54226	0.9184	0.10909	0.65739	0.51183	0.94378	0.09863	0.61066	0.54226	0.9184	0.05043	0.30511	0.76067	0.99687	0.11845	0.56505	0.57237	0.90832	0.16654	0.7712	0.44105	0.81306
YRIAPOlabel	LCdom_E4YRI_vs_E4CEU	DNAJB1	ENSG00000132002	0.16418	0.84307	0.40039	0.90078	0.21222	1.12713	0.26131	0.76302	0.16418	0.84307	0.40039	0.90078	0.15507	0.85368	0.39452	0.88758	0.10376	0.66948	0.50359	0.88571	0.14894	0.95769	0.33881	0.7626
YRIAPOlabel	LCdom_E4YRI_vs_E4CEU	DNAJC6	ENSG00000116675	-0.07536	-0.55386	0.58041	0.95001	-0.01774	-0.13656	0.89155	0.98814	-0.07536	-0.55386	0.58041	0.95001	-0.09143	-0.75999	0.44834	0.94049	-0.1593	-1.27934	0.20153	0.67219	-0.0909	-0.75937	0.44809	0.8178
YRIAPOlabel	LCdom_E4YRI_vs_E4CEU	DNER	ENSG00000187957	-0.03429	-0.24643	0.80565	0.99372	-0.00787	-0.06006	0.95218	0.99698	-0.03429	-0.24643	0.80565	0.99372	-0.07038	-0.56497	0.57286	0.99173	-0.07037	-0.58675	0.55771	0.89807	-0.03963	-0.33509	0.73774	0.934
YRIAPOlabel	LCdom_E4YRI_vs_E4CEU	DUSP1	ENSG00000120129	0.65548	2.2282	0.0272	0.34352	0.71502	2.46329	0.01478	0.22484	0.65548	2.2282	0.0272	0.34352	0.64805	2.17677	0.03093	0.28402	0.87157	2.80751	0.00524	0.11976	0.84181	2.66812	0.00794	0.15927
YRIAPOlabel	LCdom_E4YRI_vs_E4CEU	EFHD1	ENSG00000115468	0.18382	1.05233	0.29417	0.85657	0.1623	0.95335	0.34179	0.83486	0.18382	1.05233	0.29417	0.85657	0.1722	1.04844	0.29597	0.85234	0.15897	1.07349	0.28371	0.7601	0.20757	1.45478	0.14653	0.58773
YRIAPOlabel	LCdom_E4YRI_vs_E4CEU	EGFR	ENSG00000146648	0.33543	2.06632	0.04034	0.38246	0.32234	1.97188	0.05028	0.44759	0.33543	2.06632	0.04034	0.38246	0.20087	1.26613	0.20725	0.77985	0.29459	1.70094	0.08975	0.46797	0.32179	1.75104	0.08072	0.46768
YRIAPOlabel	LCdom_E4YRI_vs_E4CEU	ELOVL2	ENSG00000197977	0.21239	0.82031	0.41321	0.90078	0.18601	0.74521	0.45719	0.90203	0.21239	0.82031	0.41321	0.90078	0.10545	0.42715	0.66983	0.99687	0.254	1.06042	0.28961	0.7601	0.23515	0.97811	0.32863	0.75439
YRIAPOlabel	LCdom_E4YRI_vs_E4CEU	ENC1	ENSG00000171617	-0.0518	-0.28996	0.77221	0.99372	0.04696	0.26355	0.79245	0.97332	-0.0518	-0.28996	0.77221	0.99372	-0.09888	-0.57377	0.5669	0.99173	0.02033	0.1209	0.90383	0.95623	0.05555	0.32555	0.74494	0.934
YRIAPOlabel	LCdom_E4YRI_vs_E4CEU	ENHO	ENSG00000168913	0.18075	1.13358	0.2586	0.81152	0.17621	1.14416	0.2542	0.76302	0.18075	1.13358	0.2586	0.81152	0.21211	1.31356	0.19081	0.75946	0.19874	1.51275	0.13115	0.56988	0.22857	1.76865	0.07773	0.45761
YRIAPOlabel	LCdom_E4YRI_vs_E4CEU	ERBB3	ENSG00000065361	-0.14656	-0.79528	0.42758	0.90078	-0.19599	-1.08763	0.27833	0.78275	-0.14656	-0.79528	0.42758	0.90078	-0.09904	-0.55662	0.57854	0.99173	-0.26496	-1.54751	0.12255	0.55728	-0.208	-1.27493	0.20309	0.656
YRIAPOlabel	LCdom_E4YRI_vs_E4CEU	ERMN	ENSG00000136541	-0.08418	-0.45949	0.64648	0.99104	-0.09744	-0.55449	0.57998	0.94378	-0.08418	-0.45949	0.64648	0.99104	0.00496	0.02829	0.97747	0.99687	-0.09514	-0.58343	0.55994	0.89807	-0.04628	-0.31379	0.75385	0.934
YRIAPOlabel	LCdom_E4YRI_vs_E4CEU	EYA4	ENSG00000112319	0.18235	0.61277	0.54086	0.9184	-0.01281	-0.04417	0.96482	0.99698	0.18235	0.61277	0.54086	0.9184	0.10147	0.34125	0.73335	0.99687	-0.06216	-0.21916	0.82664	0.93703	0.07989	0.27321	0.78484	0.934
YRIAPOlabel	LCdom_E4YRI_vs_E4CEU	F13A1	ENSG00000124491	-0.37964	-0.65161	0.51556	0.9184	-0.32858	-0.58702	0.55799	0.94378	-0.37964	-0.65161	0.51556	0.9184	-0.62196	-1.06	0.2907	0.84885	-0.57979	-1.19181	0.23406	0.69816	-0.64376	-1.3273	0.18518	0.62787
YRIAPOlabel	LCdom_E4YRI_vs_E4CEU	FASLG	ENSG00000117560	-0.01435	-0.04909	0.9609	0.99372	0.01252	0.04258	0.96609	0.99698	-0.01435	-0.04909	0.9609	0.99372	0.31788	1.06322	0.28923	0.84885	-0.05969	-0.13796	0.89035	0.95378	-0.09702	-0.21801	0.82753	0.934
YRIAPOlabel	LCdom_E4YRI_vs_E4CEU	FBLN1	ENSG00000077942	0.50273	2.55988	0.01136	0.21322	0.46282	2.34812	0.02004	0.28135	0.50273	2.55988	0.01136	0.21322	0.45403	2.3352	0.02073	0.22758	0.46465	1.85244	0.06472	0.44141	0.52985	2.12426	0.03428	0.29102
YRIAPOlabel	LCdom_E4YRI_vs_E4CEU	FCER1G	ENSG00000158869	-0.33007	-1.58579	0.11468	0.55097	-0.37141	-1.83234	0.06868	0.5014	-0.33007	-1.58579	0.11468	0.55097	-0.49439	-2.22896	0.02716	0.26091	-0.41273	-1.80517	0.07182	0.44428	-0.34437	-1.52828	0.12725	0.55959
YRIAPOlabel	LCdom_E4YRI_vs_E4CEU	FCGR1A	ENSG00000150337	-0.24031	-0.80376	0.42268	0.90078	-0.26978	-0.89663	0.37121	0.83691	-0.24031	-0.80376	0.42268	0.90078	-0.4042	-1.25839	0.21002	0.78015	-0.3254	-0.96085	0.33722	0.78755	-0.401	-1.1779	0.23955	0.68847
YRIAPOlabel	LCdom_E4YRI_vs_E4CEU	FCGR3A	ENSG00000203747	-0.17994	-0.66074	0.50969	0.9184	-0.11874	-0.44291	0.65841	0.94441	-0.17994	-0.66074	0.50969	0.9184	-0.18544	-0.62611	0.53211	0.98304	-0.18122	-0.67205	0.50195	0.88571	-0.18612	-0.69079	0.49011	0.84414
YRIAPOlabel	LCdom_E4YRI_vs_E4CEU	FGFR2	ENSG00000066468	-0.06905	-0.39873	0.6906	0.99372	-0.05474	-0.33436	0.73853	0.95826	-0.06905	-0.39873	0.6906	0.99372	-0.05696	-0.35927	0.71985	0.99687	-0.01905	-0.13074	0.89605	0.95394	-0.01163	-0.08646	0.93114	0.96883
YRIAPOlabel	LCdom_E4YRI_vs_E4CEU	FGFR3	ENSG00000068078	0.28659	1.45514	0.14751	0.6438	0.28681	1.47631	0.14175	0.64289	0.28659	1.45514	0.14751	0.6438	0.24412	1.2713	0.20541	0.77985	0.24789	1.37544	0.16978	0.63414	0.23944	1.28069	0.20106	0.656
YRIAPOlabel	LCdom_E4YRI_vs_E4CEU	FILIP1	ENSG00000118407	0.07208	0.34241	0.73247	0.99372	0.17905	0.86189	0.38998	0.84481	0.07208	0.34241	0.73247	0.99372	0.1416	0.64983	0.5167	0.96671	0.12342	0.42826	0.6687	0.92901	0.17191	0.5876	0.55714	0.90188
YRIAPOlabel	LCdom_E4YRI_vs_E4CEU	FKBP2	ENSG00000173486	0.09185	0.92056	0.35861	0.90078	0.12565	1.31635	0.18986	0.68563	0.09185	0.92056	0.35861	0.90078	0.08531	0.88008	0.38009	0.8835	0.10059	0.82931	0.40743	0.82459	0.11964	0.99614	0.3198	0.74824
YRIAPOlabel	LCdom_E4YRI_vs_E4CEU	FLT1	ENSG00000102755	0.3075	1.54149	0.12509	0.57795	0.26171	1.35802	0.17629	0.68563	0.3075	1.54149	0.12509	0.57795	0.22244	1.17364	0.24222	0.83408	0.24946	1.05282	0.29307	0.7601	0.27965	1.19842	0.23148	0.68137
YRIAPOlabel	LCdom_E4YRI_vs_E4CEU	FSTL4	ENSG00000053108	0.21285	1.13326	0.25873	0.81152	0.21804	1.1466	0.25319	0.76302	0.21285	1.13326	0.25873	0.81152	0.09378	0.48711	0.62683	0.99687	0.16338	0.77304	0.43996	0.84519	0.15048	0.69617	0.48673	0.84414
YRIAPOlabel	LCdom_E4YRI_vs_E4CEU	GAD1	ENSG00000128683	-0.56367	-1.98953	0.04828	0.40047	-0.64219	-2.30291	0.02252	0.28346	-0.56367	-1.98953	0.04828	0.40047	-0.2083	-0.65284	0.51477	0.96671	-0.78435	-3.48866	0.00054	0.03288	-0.8462	-3.64676	3e-04	0.01834
YRIAPOlabel	LCdom_E4YRI_vs_E4CEU	GAD2	ENSG00000136750	-0.7188	-2.56805	0.0111	0.21322	-0.82994	-3.05457	0.00262	0.14362	-0.7188	-2.56805	0.0111	0.21322	-0.40568	-1.30354	0.19421	0.75946	-1.00827	-4.13613	4e-05	0.00798	-1.20246	-4.76385	0	0.00098
YRIAPOlabel	LCdom_E4YRI_vs_E4CEU	GAL	ENSG00000069482	0.65904	1.93906	0.05418	0.42076	0.78139	2.30688	0.02229	0.28346	0.65904	1.93906	0.05418	0.42076	0.51987	1.47208	0.1429	0.65613	0.73213	1.88039	0.06082	0.43525	0.72031	1.78218	0.07551	0.45182
YRIAPOlabel	LCdom_E4YRI_vs_E4CEU	GAS2L3	ENSG00000139354	-0.15633	-0.60251	0.54765	0.9184	-0.23929	-0.90798	0.3652	0.83691	-0.15633	-0.60251	0.54765	0.9184	-0.16101	-0.56249	0.57454	0.99173	-0.37881	-1.02626	0.30542	0.7601	-0.41799	-1.10809	0.26852	0.71674
YRIAPOlabel	LCdom_E4YRI_vs_E4CEU	GASK1B	ENSG00000164125	-0.02196	-0.11698	0.90702	0.99372	-0.07754	-0.4232	0.67269	0.94441	-0.02196	-0.11698	0.90702	0.99372	-0.08485	-0.45048	0.65295	0.99687	-0.05895	-0.3216	0.74793	0.92901	-0.0379	-0.20079	0.84096	0.934
YRIAPOlabel	LCdom_E4YRI_vs_E4CEU	GJA1	ENSG00000152661	0.06841	0.35826	0.7206	0.99372	0.06644	0.35918	0.71992	0.95826	0.06841	0.35826	0.7206	0.99372	-0.01278	-0.06986	0.94439	0.99687	0.09486	0.53868	0.59042	0.91112	0.10591	0.57243	0.56736	0.90188
YRIAPOlabel	LCdom_E4YRI_vs_E4CEU	GLUL	ENSG00000135821	-0.10279	-0.67188	0.50259	0.9184	-0.1193	-0.798	0.426	0.89277	-0.10279	-0.67188	0.50259	0.9184	-0.18188	-1.24275	0.21572	0.78737	-0.12826	-0.92755	0.35421	0.79808	-0.07527	-0.55098	0.58196	0.90389
YRIAPOlabel	LCdom_E4YRI_vs_E4CEU	GNLY	ENSG00000115523	0.92612	2.02937	0.04401	0.38246	0.81961	1.80825	0.07237	0.50797	0.92612	2.02937	0.04401	0.38246	1.22497	2.60863	0.00992	0.14488	0.88855	1.65272	0.09919	0.49627	0.95331	1.72217	0.08583	0.48199
YRIAPOlabel	LCdom_E4YRI_vs_E4CEU	GPAA1	ENSG00000197858	-0.06667	-0.59281	0.55411	0.91932	-0.04604	-0.42194	0.67361	0.94441	-0.06667	-0.59281	0.55411	0.91932	-0.09074	-0.89632	0.37138	0.87717	-0.10203	-0.94197	0.34679	0.79112	-0.08688	-0.81785	0.41394	0.80072
YRIAPOlabel	LCdom_E4YRI_vs_E4CEU	GPNMB	ENSG00000136235	-0.67492	-2.19145	0.0298	0.34352	-0.61503	-2.03767	0.04316	0.4258	-0.67492	-2.19145	0.0298	0.34352	-0.86527	-2.74766	0.00667	0.13872	-0.46324	-1.35793	0.17527	0.63414	-0.52646	-1.53165	0.12642	0.55959
YRIAPOlabel	LCdom_E4YRI_vs_E4CEU	GPR183	ENSG00000169508	0.19392	0.64932	0.51702	0.9184	0.1093	0.36326	0.71687	0.95826	0.19392	0.64932	0.51702	0.9184	-0.00353	-0.01068	0.99149	0.99687	-0.0217	-0.06346	0.94943	0.97618	0.04994	0.14228	0.88693	0.95495
YRIAPOlabel	LCdom_E4YRI_vs_E4CEU	GPR34	ENSG00000171659	-0.39676	-1.65177	0.10046	0.53342	-0.44204	-1.78876	0.07547	0.51974	-0.39676	-1.65177	0.10046	0.53342	-0.46964	-1.77297	0.07807	0.48892	-0.57472	-2.15337	0.0319	0.33267	-0.54846	-2.05363	0.04068	0.31589
YRIAPOlabel	LCdom_E4YRI_vs_E4CEU	GPX3	ENSG00000211445	-0.13915	-0.79837	0.42579	0.90078	-0.04021	-0.23548	0.81413	0.98293	-0.13915	-0.79837	0.42579	0.90078	-0.13316	-0.81861	0.41418	0.89987	-0.15492	-0.94926	0.34307	0.78755	-0.08347	-0.53449	0.59331	0.91521
YRIAPOlabel	LCdom_E4YRI_vs_E4CEU	GPX4	ENSG00000167468	0.00545	0.05047	0.95981	0.99372	0.0533	0.52749	0.59855	0.94378	0.00545	0.05047	0.95981	0.99372	-0.00584	-0.06132	0.95118	0.99687	-0.04686	-0.46559	0.64177	0.92901	0.01472	0.15505	0.87687	0.94972
YRIAPOlabel	LCdom_E4YRI_vs_E4CEU	GRID2	ENSG00000152208	0.10035	0.59816	0.55055	0.9184	0.09841	0.58558	0.55895	0.94378	0.10035	0.59816	0.55055	0.9184	0.01055	0.06403	0.94902	0.99687	-0.05155	-0.28752	0.77387	0.93222	-0.00686	-0.03689	0.97059	0.98739
YRIAPOlabel	LCdom_E4YRI_vs_E4CEU	GZMA	ENSG00000145649	0.43428	1.45278	0.14816	0.6438	0.39703	1.31561	0.19011	0.68563	0.43428	1.45278	0.14816	0.6438	0.37826	1.18289	0.23855	0.82925	0.4216	1.10262	0.27087	0.74337	0.50213	1.30134	0.19391	0.64934
YRIAPOlabel	LCdom_E4YRI_vs_E4CEU	HCRTR1	ENSG00000121764	0.07187	0.24986	0.80301	0.99372	0.17624	0.62391	0.53354	0.94378	0.07187	0.24986	0.80301	0.99372	0.05563	0.20065	0.84122	0.99687	0.16274	0.57823	0.56344	0.89807	0.16991	0.6155	0.53858	0.90168
YRIAPOlabel	LCdom_E4YRI_vs_E4CEU	HES1	ENSG00000114315	0.78246	2.83303	0.00518	0.14896	0.76378	2.78552	0.00596	0.16561	0.78246	2.83303	0.00518	0.14896	0.71223	2.57654	0.01085	0.15236	0.97375	3.40235	0.00074	0.03843	0.96464	3.20118	0.00148	0.06004
YRIAPOlabel	LCdom_E4YRI_vs_E4CEU	HHATL	ENSG00000010282	0.13148	0.62714	0.53142	0.9184	0.08002	0.38889	0.69786	0.95826	0.13148	0.62714	0.53142	0.9184	0.0907	0.44074	0.65998	0.99687	0.05657	0.30596	0.75979	0.92901	0.0909	0.49838	0.6185	0.92476
YRIAPOlabel	LCdom_E4YRI_vs_E4CEU	HILPDA	ENSG00000135245	-0.00834	-0.02996	0.97613	0.99372	0.0153	0.05676	0.95481	0.99698	-0.00834	-0.02996	0.97613	0.99372	-0.14428	-0.54296	0.58789	0.99342	0.06719	0.30089	0.76366	0.92912	0.07254	0.32404	0.74608	0.934
YRIAPOlabel	LCdom_E4YRI_vs_E4CEU	HLA-DMB	ENSG00000242574	-0.09913	-0.44054	0.66012	0.99253	-0.09355	-0.41324	0.67996	0.94441	-0.09913	-0.44054	0.66012	0.99253	-0.1598	-0.6461	0.51911	0.96671	-0.22638	-0.95091	0.34224	0.78755	-0.19615	-0.8188	0.4134	0.80072
YRIAPOlabel	LCdom_E4YRI_vs_E4CEU	HLA-DQA1	ENSG00000196735	0.37795	1.43334	0.15363	0.64752	0.3705	1.39584	0.16462	0.68279	0.37795	1.43334	0.15363	0.64752	0.28944	1.01376	0.31218	0.86318	0.22205	0.75403	0.45128	0.85178	0.2721	0.92368	0.35622	0.7626
YRIAPOlabel	LCdom_E4YRI_vs_E4CEU	HLA-DRA	ENSG00000204287	0.00824	0.03979	0.96831	0.99372	-0.01124	-0.05489	0.95629	0.99698	0.00824	0.03979	0.96831	0.99372	-0.0361	-0.15733	0.87518	0.99687	-0.064	-0.34249	0.73217	0.92901	-0.03033	-0.16518	0.86889	0.94388
YRIAPOlabel	LCdom_E4YRI_vs_E4CEU	HS3ST2	ENSG00000122254	-0.63935	-2.632	0.00928	0.19934	-0.60364	-2.55361	0.01156	0.22133	-0.63935	-2.632	0.00928	0.19934	-0.73553	-3.08638	0.00238	0.1084	-0.7107	-2.72325	0.00676	0.13155	-0.69338	-2.61359	0.00931	0.16178
YRIAPOlabel	LCdom_E4YRI_vs_E4CEU	HS3ST4	ENSG00000182601	0.00683	0.03461	0.97244	0.99372	-0.10851	-0.53742	0.59169	0.94378	0.00683	0.03461	0.97244	0.99372	-0.21605	-0.98619	0.32548	0.86318	-0.08549	-0.4075	0.68386	0.92901	-0.15193	-0.68624	0.49297	0.84414
YRIAPOlabel	LCdom_E4YRI_vs_E4CEU	HSP90AB1	ENSG00000096384	0.00383	0.03665	0.97081	0.99372	0.06579	0.65188	0.51538	0.94378	0.00383	0.03665	0.97081	0.99372	0.00643	0.06778	0.94604	0.99687	-0.01476	-0.12528	0.90036	0.95533	0.04675	0.40908	0.68271	0.934
YRIAPOlabel	LCdom_E4YRI_vs_E4CEU	HSPH1	ENSG00000120694	0.02211	0.17613	0.8604	0.99372	0.08384	0.68719	0.49291	0.94133	0.02211	0.17613	0.8604	0.99372	-0.01035	-0.08476	0.93255	0.99687	-0.0564	-0.44856	0.654	0.92901	-0.02141	-0.17137	0.86402	0.94332
YRIAPOlabel	LCdom_E4YRI_vs_E4CEU	HTR2A	ENSG00000102468	-0.00163	-0.00752	0.99401	0.99674	0.09151	0.43293	0.66563	0.94441	-0.00163	-0.00752	0.99401	0.99674	-0.01432	-0.06941	0.94475	0.99687	-0.03109	-0.13704	0.89107	0.95378	0.0087	0.03797	0.96973	0.98739
YRIAPOlabel	LCdom_E4YRI_vs_E4CEU	HTR2C	ENSG00000147246	-0.26611	-1.0655	0.28819	0.85166	-0.41642	-1.69287	0.09235	0.55257	-0.26611	-1.0655	0.28819	0.85166	-0.49546	-1.85902	0.0648	0.4331	-0.54138	-2.54416	0.01134	0.16552	-0.59558	-2.73451	0.00653	0.149
YRIAPOlabel	LCdom_E4YRI_vs_E4CEU	IDH1	ENSG00000138413	0.09349	0.62948	0.5299	0.9184	0.1471	1.02038	0.30903	0.82332	0.09349	0.62948	0.5299	0.9184	0.0783	0.62433	0.53327	0.98304	0.06948	0.47338	0.63621	0.92886	0.10117	0.69988	0.48442	0.84414
YRIAPOlabel	LCdom_E4YRI_vs_E4CEU	IDH2	ENSG00000182054	0.08606	0.61974	0.53628	0.9184	0.08917	0.67119	0.50302	0.94133	0.08606	0.61974	0.53628	0.9184	0.02043	0.16367	0.87019	0.99687	0.03641	0.34208	0.73248	0.92901	0.04703	0.43069	0.66693	0.934
YRIAPOlabel	LCdom_E4YRI_vs_E4CEU	IDO1	ENSG00000131203	-0.14429	-0.61954	0.5364	0.9184	-0.1184	-0.49238	0.6231	0.94378	-0.14429	-0.61954	0.5364	0.9184	-0.19188	-0.78871	0.43141	0.92626	-0.07179	-0.23665	0.81305	0.93703	-0.06551	-0.21169	0.83246	0.934
YRIAPOlabel	LCdom_E4YRI_vs_E4CEU	IFITM3	ENSG00000142089	0.17546	1.02873	0.30509	0.85657	0.16093	0.98858	0.3243	0.83486	0.17546	1.02873	0.30509	0.85657	0.0904	0.54743	0.58482	0.99283	0.19944	1.05033	0.29421	0.7601	0.24717	1.33171	0.18373	0.62787
YRIAPOlabel	LCdom_E4YRI_vs_E4CEU	IGFBP3	ENSG00000146674	-0.78679	-1.70345	0.09034	0.5232	-0.71339	-1.58837	0.1141	0.58162	-0.78679	-1.70345	0.09034	0.5232	-0.6888	-1.52124	0.13012	0.61682	-0.4867	-1.30404	0.19298	0.67085	-0.60997	-1.64283	0.10122	0.5146
YRIAPOlabel	LCdom_E4YRI_vs_E4CEU	IGFBP4	ENSG00000141753	0.12174	0.64873	0.51741	0.9184	0.14099	0.78356	0.43441	0.89582	0.12174	0.64873	0.51741	0.9184	0.05337	0.28231	0.77806	0.99687	0.12696	0.62436	0.53275	0.88571	0.11042	0.52949	0.59677	0.91521
YRIAPOlabel	LCdom_E4YRI_vs_E4CEU	IGFBP5	ENSG00000115461	-0.15678	-0.77084	0.44189	0.90078	-0.10376	-0.52689	0.59897	0.94378	-0.15678	-0.77084	0.44189	0.90078	-0.13642	-0.65927	0.51064	0.96671	-0.13143	-0.63861	0.52345	0.88571	-0.11086	-0.53073	0.59591	0.91521
YRIAPOlabel	LCdom_E4YRI_vs_E4CEU	IL7R	ENSG00000168685	-0.22793	-0.49579	0.62069	0.97665	-0.44117	-0.9559	0.3405	0.83486	-0.22793	-0.49579	0.62069	0.97665	-0.26301	-0.5743	0.56654	0.99173	0.08624	0.18426	0.85391	0.9472	0.14644	0.31462	0.75323	0.934
YRIAPOlabel	LCdom_E4YRI_vs_E4CEU	INA	ENSG00000148798	-0.10173	-0.62727	0.53134	0.9184	-0.01745	-0.10971	0.91277	0.99156	-0.10173	-0.62727	0.53134	0.9184	-0.09351	-0.58052	0.56235	0.99173	-0.20907	-1.2956	0.19587	0.67219	-0.14823	-0.92166	0.35727	0.7626
YRIAPOlabel	LCdom_E4YRI_vs_E4CEU	ISCU	ENSG00000136003	-0.0301	-0.27559	0.7832	0.99372	-0.02144	-0.20035	0.84145	0.98547	-0.0301	-0.27559	0.7832	0.99372	-0.06426	-0.57608	0.56534	0.99173	-0.07417	-0.62868	0.52993	0.88571	-0.06932	-0.60437	0.54595	0.90168
YRIAPOlabel	LCdom_E4YRI_vs_E4CEU	ITGA8	ENSG00000077943	0.30782	1.02377	0.30743	0.85657	0.24337	0.79028	0.43049	0.89277	0.30782	1.02377	0.30743	0.85657	0.37282	1.16785	0.24455	0.83421	0.40938	1.35994	0.17463	0.63414	0.33798	1.10144	0.27138	0.71674
YRIAPOlabel	LCdom_E4YRI_vs_E4CEU	ITGAM	ENSG00000169896	-0.10961	-0.62103	0.53543	0.9184	-0.1434	-0.77778	0.4378	0.89623	-0.10961	-0.62103	0.53543	0.9184	-0.17021	-0.82324	0.41155	0.89987	-0.24024	-1.01778	0.30941	0.7601	-0.21055	-0.88587	0.37623	0.77258
YRIAPOlabel	LCdom_E4YRI_vs_E4CEU	ITGAX	ENSG00000140678	0.03704	0.16493	0.8692	0.99372	-0.00222	-0.00984	0.99216	0.99698	0.03704	0.16493	0.8692	0.99372	0.03972	0.15924	0.87367	0.99687	-0.07007	-0.30786	0.75835	0.92901	-0.04353	-0.19165	0.84812	0.934
YRIAPOlabel	LCdom_E4YRI_vs_E4CEU	ITGB2	ENSG00000160255	0.32082	1.78788	0.07561	0.51106	0.33813	1.90757	0.05816	0.4722	0.32082	1.78788	0.07561	0.51106	0.37198	1.8558	0.06526	0.4331	0.23407	0.97035	0.33247	0.78755	0.25078	1.04175	0.29817	0.73536
YRIAPOlabel	LCdom_E4YRI_vs_E4CEU	ITGB8	ENSG00000105855	0.23955	1.33418	0.18396	0.69223	0.18429	1.07319	0.28474	0.78275	0.23955	1.33418	0.18396	0.69223	0.16265	0.96484	0.33603	0.86318	0.19268	1.28457	0.1997	0.67219	0.21336	1.40359	0.16123	0.60525
YRIAPOlabel	LCdom_E4YRI_vs_E4CEU	KCNH5	ENSG00000140015	-0.1062	-0.47546	0.63508	0.98517	-0.14283	-0.64239	0.5215	0.94378	-0.1062	-0.47546	0.63508	0.98517	-0.22889	-0.94157	0.34779	0.87293	-0.30499	-1.17933	0.23899	0.69816	-0.30153	-1.10989	0.26774	0.71674
YRIAPOlabel	LCdom_E4YRI_vs_E4CEU	KIT	ENSG00000157404	-0.25542	-1.03966	0.3	0.85657	-0.31276	-1.31024	0.19192	0.68563	-0.25542	-1.03966	0.3	0.85657	-0.51649	-2.07853	0.0392	0.31799	-0.43645	-1.844	0.06594	0.44141	-0.48713	-2.05655	0.04039	0.31589
YRIAPOlabel	LCdom_E4YRI_vs_E4CEU	KLF2	ENSG00000127528	1.12784	4.03896	8e-05	0.02982	1.13706	4.10758	6e-05	0.02282	1.12784	4.03896	8e-05	0.02982	1.10138	3.94507	0.00012	0.01074	1.15843	3.76473	0.00019	0.01404	1.24292	3.98388	8e-05	0.00738
YRIAPOlabel	LCdom_E4YRI_vs_E4CEU	KLF4	ENSG00000136826	0.8393	2.37664	0.0186	0.28293	0.86323	2.48486	0.01395	0.22133	0.8393	2.37664	0.0186	0.28293	0.76412	2.15408	0.03268	0.28402	1.13649	2.59478	0.00983	0.16304	1.09235	2.43403	0.01539	0.18131
YRIAPOlabel	LCdom_E4YRI_vs_E4CEU	KLK6	ENSG00000167755	0.43633	2.22442	0.02746	0.34352	0.32467	1.7196	0.08736	0.55257	0.43633	2.22442	0.02746	0.34352	0.47125	2.37526	0.01868	0.21308	0.45441	2.04565	0.04146	0.36908	0.57347	2.65351	0.00829	0.15927
YRIAPOlabel	LCdom_E4YRI_vs_E4CEU	KLRB1	ENSG00000111796	0.41898	1.24821	0.2137	0.74287	0.28209	0.83184	0.40669	0.86303	0.41898	1.24821	0.2137	0.74287	0.72646	2.16982	0.03145	0.28402	0.66966	1.6705	0.09565	0.49172	0.69178	1.66544	0.09666	0.5146
YRIAPOlabel	LCdom_E4YRI_vs_E4CEU	LAMA2	ENSG00000196569	0.22354	1.11249	0.26753	0.81435	0.15875	0.81371	0.41697	0.87974	0.22354	1.11249	0.26753	0.81435	0.16652	0.83635	0.40417	0.89952	0.08994	0.33913	0.73469	0.92901	0.14941	0.57038	0.56875	0.90188
YRIAPOlabel	LCdom_E4YRI_vs_E4CEU	LAMP5	ENSG00000125869	-0.40267	-1.62761	0.10549	0.53479	-0.3406	-1.37878	0.16981	0.68563	-0.40267	-1.62761	0.10549	0.53479	-0.34032	-1.35243	0.17808	0.73034	-0.32065	-1.45475	0.14654	0.6078	-0.39517	-1.73745	0.08309	0.4739
YRIAPOlabel	LCdom_E4YRI_vs_E4CEU	LAPTM5	ENSG00000162511	-0.05163	-0.23522	0.81432	0.99372	-0.11646	-0.53463	0.59362	0.94378	-0.05163	-0.23522	0.81432	0.99372	-0.08105	-0.32876	0.74275	0.99687	-0.26089	-1.17425	0.24101	0.69816	-0.1965	-0.90353	0.3668	0.76505
YRIAPOlabel	LCdom_E4YRI_vs_E4CEU	LDLR	ENSG00000130164	0.15783	0.71412	0.47615	0.9184	0.19009	0.89566	0.37172	0.83691	0.15783	0.71412	0.47615	0.9184	0.11368	0.53395	0.59409	0.9947	0.1622	0.91914	0.35859	0.80298	0.20041	1.16291	0.24558	0.69485
YRIAPOlabel	LCdom_E4YRI_vs_E4CEU	LHX6	ENSG00000106852	0.9118	3.4824	0.00063	0.09678	0.9168	3.62084	0.00039	0.06588	0.9118	3.4824	0.00063	0.09678	1.04462	3.9616	0.00011	0.01074	0.69945	2.23524	0.02596	0.28534	0.90559	2.80106	0.00535	0.13427
YRIAPOlabel	LCdom_E4YRI_vs_E4CEU	LONRF2	ENSG00000170500	-0.09088	-0.70476	0.48194	0.9184	-0.02247	-0.17991	0.85745	0.98547	-0.09088	-0.70476	0.48194	0.9184	-0.12603	-1.07157	0.28547	0.84714	-0.1525	-1.24606	0.21349	0.68958	-0.08827	-0.74065	0.45935	0.83414
YRIAPOlabel	LCdom_E4YRI_vs_E4CEU	LOX	ENSG00000113083	0.41769	1.02876	0.30508	0.85657	0.225	0.57281	0.56754	0.94378	0.41769	1.02876	0.30508	0.85657	0.30961	0.76194	0.44718	0.94049	0.24416	0.63241	0.5275	0.88571	0.37339	0.93725	0.34922	0.7626
YRIAPOlabel	LCdom_E4YRI_vs_E4CEU	LRRK1	ENSG00000154237	0.2102	0.83067	0.40735	0.90078	0.19777	0.75278	0.45264	0.90203	0.2102	0.83067	0.40735	0.90078	0.09763	0.32628	0.74462	0.99687	0.01117	0.04433	0.96466	0.97806	0.02191	0.08246	0.93433	0.96883
YRIAPOlabel	LCdom_E4YRI_vs_E4CEU	LRRK2	ENSG00000188906	0.16805	1.14538	0.25369	0.81152	0.18911	1.27843	0.20287	0.68563	0.16805	1.14538	0.25369	0.81152	0.10182	0.7272	0.46813	0.95457	0.09348	0.48891	0.62518	0.92343	0.09768	0.49134	0.62346	0.92506
YRIAPOlabel	LCdom_E4YRI_vs_E4CEU	LY86	ENSG00000112799	-0.10304	-0.40916	0.68295	0.99372	-0.0925	-0.37556	0.70772	0.95826	-0.10304	-0.40916	0.68295	0.99372	-0.16398	-0.58631	0.55847	0.99173	-0.23526	-0.80729	0.42	0.82864	-0.26291	-0.88489	0.37677	0.77258
YRIAPOlabel	LCdom_E4YRI_vs_E4CEU	LYPD6	ENSG00000187123	-0.11001	-0.544	0.58717	0.95285	-0.02542	-0.127	0.8991	0.98814	-0.11001	-0.544	0.58717	0.95285	-0.12679	-0.65281	0.51479	0.96671	-0.03801	-0.18111	0.85637	0.9472	-0.02209	-0.10317	0.91788	0.96828
YRIAPOlabel	LCdom_E4YRI_vs_E4CEU	LYPD6B	ENSG00000150556	-0.11848	-0.4438	0.65776	0.99253	-0.1026	-0.38673	0.69945	0.95826	-0.11848	-0.4438	0.65776	0.99253	-0.11945	-0.43051	0.66739	0.99687	-0.45101	-1.49649	0.13535	0.58121	-0.45613	-1.46414	0.14398	0.58773
YRIAPOlabel	LCdom_E4YRI_vs_E4CEU	LYVE1	ENSG00000133800	-0.37855	-1.26643	0.20712	0.74118	-0.40901	-1.36889	0.17288	0.68563	-0.37855	-1.26643	0.20712	0.74118	-0.66949	-2.30435	0.02245	0.22758	-0.49086	-1.41506	0.15785	0.62222	-0.39283	-1.10706	0.26895	0.71674
YRIAPOlabel	LCdom_E4YRI_vs_E4CEU	MAG	ENSG00000105695	0.07839	0.40145	0.6886	0.99372	0.09524	0.51392	0.60799	0.94378	0.07839	0.40145	0.6886	0.99372	0.17415	0.9342	0.35156	0.87293	0.10261	0.55501	0.57921	0.91112	0.15866	0.90768	0.36461	0.76505
YRIAPOlabel	LCdom_E4YRI_vs_E4CEU	MAL	ENSG00000172005	0.00784	0.04213	0.96644	0.99372	-0.02597	-0.14452	0.88526	0.98814	0.00784	0.04213	0.96644	0.99372	-0.01019	-0.05864	0.95331	0.99687	-0.04244	-0.2575	0.79693	0.93424	0.0228	0.14701	0.8832	0.95375
YRIAPOlabel	LCdom_E4YRI_vs_E4CEU	MAOA	ENSG00000189221	0.07886	0.41642	0.67764	0.99372	0.1853	0.98217	0.32744	0.83486	0.07886	0.41642	0.67764	0.99372	0.07842	0.47387	0.63622	0.99687	0.06518	0.4354	0.66351	0.92901	0.15974	1.07721	0.28205	0.7298
YRIAPOlabel	LCdom_E4YRI_vs_E4CEU	MAP1LC3B	ENSG00000140941	-0.03297	-0.23759	0.81249	0.99372	0.03189	0.24328	0.80809	0.98293	-0.03297	-0.23759	0.81249	0.99372	-0.02866	-0.24147	0.80949	0.99687	-0.11558	-0.85726	0.39183	0.81724	-0.0344	-0.27596	0.78273	0.934
YRIAPOlabel	LCdom_E4YRI_vs_E4CEU	MCTP1	ENSG00000175471	0.01311	0.06823	0.94569	0.99372	0.1098	0.57746	0.56441	0.94378	0.01311	0.06823	0.94569	0.99372	0.02216	0.12816	0.89818	0.99687	-0.0982	-0.62987	0.52915	0.88571	-0.01466	-0.09816	0.92186	0.96883
YRIAPOlabel	LCdom_E4YRI_vs_E4CEU	MCTP2	ENSG00000140563	-0.24656	-0.95783	0.33953	0.87372	-0.22546	-0.93031	0.35356	0.83691	-0.24656	-0.95783	0.33953	0.87372	-0.28661	-1.08527	0.27938	0.83632	-0.2829	-0.87147	0.38403	0.81495	-0.34077	-1.02718	0.30497	0.74705
YRIAPOlabel	LCdom_E4YRI_vs_E4CEU	MEIS2	ENSG00000134138	-0.01072	-0.05076	0.95957	0.99372	0.1215	0.5779	0.56411	0.94378	-0.01072	-0.05076	0.95957	0.99372	-0.01485	-0.07794	0.93797	0.99687	0.04025	0.22045	0.82564	0.93703	0.07069	0.39485	0.69317	0.934
YRIAPOlabel	LCdom_E4YRI_vs_E4CEU	MEPE	ENSG00000152595	-0.44596	-1.70781	0.08953	0.5232	-0.32038	-1.25475	0.21133	0.69587	-0.44596	-1.70781	0.08953	0.5232	-0.09812	-0.38166	0.7032	0.99687	-0.446	-1.2056	0.2287	0.69816	-0.35572	-0.93822	0.34871	0.7626
YRIAPOlabel	LCdom_E4YRI_vs_E4CEU	MGST1	ENSG00000008394	0.01303	0.06575	0.94766	0.99372	0.03308	0.16821	0.86662	0.98547	0.01303	0.06575	0.94766	0.99372	-0.11756	-0.6071	0.54462	0.99173	0.13903	0.8221	0.41152	0.8253	0.12227	0.69723	0.48608	0.84414
YRIAPOlabel	LCdom_E4YRI_vs_E4CEU	MKI67	ENSG00000148773	0.32913	1.09213	0.27635	0.83362	0.38714	1.30369	0.19414	0.68563	0.32913	1.09213	0.27635	0.83362	0.3536	1.13718	0.25711	0.83632	0.31347	0.89914	0.36914	0.80989	0.47075	1.32554	0.18578	0.62787
YRIAPOlabel	LCdom_E4YRI_vs_E4CEU	MOBP	ENSG00000168314	0.13353	0.76397	0.44596	0.90078	0.1127	0.6689	0.50448	0.94133	0.13353	0.76397	0.44596	0.90078	0.23104	1.35908	0.17597	0.73034	0.05576	0.37174	0.71029	0.92901	0.12833	0.95862	0.33834	0.7626
YRIAPOlabel	LCdom_E4YRI_vs_E4CEU	MOG	ENSG00000204655	-0.06657	-0.29649	0.76723	0.99372	-0.04498	-0.20827	0.83528	0.98547	-0.06657	-0.29649	0.76723	0.99372	0.00356	0.01626	0.98705	0.99687	-0.13343	-0.66519	0.50632	0.88571	-0.09532	-0.50691	0.6125	0.92476
YRIAPOlabel	LCdom_E4YRI_vs_E4CEU	MS4A6A	ENSG00000110077	-0.58197	-2.2886	0.02336	0.32788	-0.65586	-2.51515	0.01284	0.22133	-0.58197	-2.2886	0.02336	0.32788	-0.77984	-2.83382	0.00517	0.13485	-0.73431	-2.57475	0.0104	0.165	-0.63797	-2.23031	0.02629	0.23993
YRIAPOlabel	LCdom_E4YRI_vs_E4CEU	MT1E	ENSG00000169715	-0.02597	-0.10179	0.91904	0.99372	-0.04271	-0.16994	0.86526	0.98547	-0.02597	-0.10179	0.91904	0.99372	-0.12089	-0.48834	0.62596	0.99687	0.18292	0.89002	0.374	0.80989	0.16755	0.80237	0.42283	0.80438
YRIAPOlabel	LCdom_E4YRI_vs_E4CEU	MT1X	ENSG00000187193	-0.08319	-0.26338	0.79258	0.99372	-0.0605	-0.19317	0.84706	0.98547	-0.08319	-0.26338	0.79258	0.99372	-0.13587	-0.43595	0.66344	0.99687	0.29919	1.02299	0.30695	0.7601	0.30263	1.00293	0.31652	0.74705
YRIAPOlabel	LCdom_E4YRI_vs_E4CEU	MYO16	ENSG00000041515	0.19797	0.77577	0.43898	0.90078	0.28191	1.11186	0.2678	0.77465	0.19797	0.77577	0.43898	0.90078	0.26043	1.11736	0.26546	0.83632	0.25744	1.18354	0.23731	0.69816	0.3013	1.43779	0.15129	0.59378
YRIAPOlabel	LCdom_E4YRI_vs_E4CEU	MYO5B	ENSG00000167306	-0.40469	-1.61728	0.10771	0.53853	-0.30586	-1.24687	0.21419	0.69803	-0.40469	-1.61728	0.10771	0.53853	-0.3846	-1.53678	0.12626	0.60637	-0.248	-0.7441	0.45727	0.85592	-0.26489	-0.79053	0.42971	0.80847
YRIAPOlabel	LCdom_E4YRI_vs_E4CEU	MYRF	ENSG00000124920	0.01966	0.10339	0.91778	0.99372	-0.0029	-0.01568	0.98751	0.99698	0.01966	0.10339	0.91778	0.99372	0.0691	0.37626	0.70721	0.99687	0.03812	0.21506	0.82984	0.93774	0.05666	0.33865	0.73506	0.934
YRIAPOlabel	LCdom_E4YRI_vs_E4CEU	NCSTN	ENSG00000162736	0.04551	0.34729	0.72881	0.99372	0.08665	0.69729	0.48659	0.94133	0.04551	0.34729	0.72881	0.99372	-0.00626	-0.05464	0.95649	0.99687	0.06869	0.50236	0.6157	0.92343	0.08144	0.60524	0.54537	0.90168
YRIAPOlabel	LCdom_E4YRI_vs_E4CEU	NDST4	ENSG00000138653	-0.186	-0.67307	0.50183	0.9184	-0.34617	-1.25671	0.21062	0.69587	-0.186	-0.67307	0.50183	0.9184	-0.29018	-1.02262	0.30798	0.86318	-0.44584	-1.47357	0.14142	0.59527	-0.61414	-1.95872	0.05087	0.37137
YRIAPOlabel	LCdom_E4YRI_vs_E4CEU	NES	ENSG00000132688	0.31048	1.71124	0.08889	0.5232	0.30502	1.70118	0.09077	0.55257	0.31048	1.71124	0.08889	0.5232	0.24779	1.44049	0.15162	0.68323	0.28869	1.47177	0.14189	0.59527	0.32038	1.65421	0.09889	0.5146
YRIAPOlabel	LCdom_E4YRI_vs_E4CEU	NFE2L2	ENSG00000116044	0.0537	0.31768	0.75112	0.99372	0.07094	0.44617	0.65605	0.94441	0.0537	0.31768	0.75112	0.99372	-0.01828	-0.11834	0.90594	0.99687	0.02207	0.15908	0.87369	0.95378	0.05216	0.39508	0.693	0.934
YRIAPOlabel	LCdom_E4YRI_vs_E4CEU	NKG7	ENSG00000105374	0.63897	1.29025	0.19875	0.73006	0.38887	0.76242	0.44689	0.89623	0.63897	1.29025	0.19875	0.73006	0.74963	1.41268	0.15963	0.70198	0.48042	0.8449	0.39875	0.82279	0.89987	1.54587	0.12305	0.55959
YRIAPOlabel	LCdom_E4YRI_vs_E4CEU	NMB	ENSG00000197696	-0.31122	-1.64993	0.10084	0.53342	-0.23096	-1.28303	0.20126	0.68563	-0.31122	-1.64993	0.10084	0.53342	-0.36544	-2.05668	0.04129	0.32296	-0.3179	-1.54288	0.12367	0.55728	-0.21516	-1.05652	0.29138	0.7298
YRIAPOlabel	LCdom_E4YRI_vs_E4CEU	NNAT	ENSG00000053438	0.14781	0.4523	0.65164	0.99104	0.09499	0.28534	0.77574	0.97332	0.14781	0.4523	0.65164	0.99104	0.04867	0.13557	0.89232	0.99687	-0.09336	-0.35738	0.721	0.92901	-0.05594	-0.2021	0.83994	0.934
YRIAPOlabel	LCdom_E4YRI_vs_E4CEU	NOTCH1	ENSG00000148400	0.43	3.00921	0.00303	0.12729	0.38596	2.68607	0.00796	0.19372	0.43	3.00921	0.00303	0.12729	0.40457	2.96408	0.00348	0.11562	0.33433	2.37205	0.01817	0.22872	0.38	2.6215	0.0091	0.16178
YRIAPOlabel	LCdom_E4YRI_vs_E4CEU	NPFFR2	ENSG00000056291	-0.52976	-1.25457	0.21139	0.7419	-0.64213	-1.57822	0.11641	0.58162	-0.52976	-1.25457	0.21139	0.7419	-0.76909	-1.82094	0.07042	0.45901	-0.81905	-2.13836	0.03311	0.33569	-0.92667	-2.36735	0.0184	0.19788
YRIAPOlabel	LCdom_E4YRI_vs_E4CEU	NPNT	ENSG00000168743	-0.02793	-0.09759	0.92237	0.99372	-0.11783	-0.41252	0.68049	0.94441	-0.02793	-0.09759	0.92237	0.99372	-0.25706	-0.85335	0.3947	0.88758	-0.21826	-0.69617	0.48674	0.87119	-0.31405	-0.96214	0.33658	0.7626
YRIAPOlabel	LCdom_E4YRI_vs_E4CEU	NPTN	ENSG00000156642	-0.09508	-0.84899	0.3971	0.90078	-0.10521	-0.91179	0.3632	0.83691	-0.09508	-0.84899	0.3971	0.90078	-0.13766	-1.15114	0.25134	0.83515	-0.19018	-1.6524	0.09925	0.49627	-0.19417	-1.6859	0.09261	0.51218
YRIAPOlabel	LCdom_E4YRI_vs_E4CEU	NPY	ENSG00000122585	-1.34906	-1.66076	0.09866	0.53342	-1.07757	-1.29009	0.19883	0.68563	-1.34906	-1.66076	0.09866	0.53342	-1.88359	-2.32275	0.02142	0.22758	-1.88633	-2.82048	0.00505	0.11976	-1.80143	-2.65489	0.00827	0.15927
YRIAPOlabel	LCdom_E4YRI_vs_E4CEU	NPY1R	ENSG00000164128	-0.21215	-0.90876	0.36479	0.90078	-0.22295	-0.95985	0.33852	0.83486	-0.21215	-0.90876	0.36479	0.90078	-0.19545	-0.76805	0.44355	0.94049	-0.41138	-1.75143	0.08065	0.45998	-0.34564	-1.40983	0.15938	0.60525
YRIAPOlabel	LCdom_E4YRI_vs_E4CEU	NR2F2	ENSG00000185551	0.09582	0.47278	0.63699	0.98517	0.04431	0.21871	0.82714	0.98547	0.09582	0.47278	0.63699	0.98517	-0.07514	-0.35949	0.71969	0.99687	-0.01128	-0.05099	0.95936	0.97806	-0.03756	-0.16913	0.86578	0.94332
YRIAPOlabel	LCdom_E4YRI_vs_E4CEU	NR4A2	ENSG00000153234	0.6985	1.45768	0.14681	0.6438	0.82075	1.71939	0.0874	0.55257	0.6985	1.45768	0.14681	0.6438	0.627	1.31341	0.19088	0.75946	0.73349	1.72855	0.08468	0.46797	0.67122	1.55172	0.12154	0.55959
YRIAPOlabel	LCdom_E4YRI_vs_E4CEU	NRN1	ENSG00000124785	0.17389	1.0046	0.31654	0.86877	0.24435	1.39809	0.16394	0.68279	0.17389	1.0046	0.31654	0.86877	0.18399	1.08931	0.2776	0.83632	0.04196	0.23598	0.81357	0.93703	0.05446	0.30778	0.75841	0.934
YRIAPOlabel	LCdom_E4YRI_vs_E4CEU	NRP1	ENSG00000099250	-0.01051	-0.06302	0.94982	0.99372	0.04856	0.29832	0.76583	0.97332	-0.01051	-0.06302	0.94982	0.99372	-0.13749	-0.85033	0.39637	0.88758	-0.13627	-0.63983	0.52266	0.88571	-0.07599	-0.35013	0.72643	0.934
YRIAPOlabel	LCdom_E4YRI_vs_E4CEU	NTNG1	ENSG00000162631	0.15002	0.8207	0.41298	0.90078	0.1007	0.57028	0.56925	0.94378	0.15002	0.8207	0.41298	0.90078	-0.03369	-0.19104	0.84873	0.99687	-0.12431	-0.68185	0.49574	0.88265	-0.13148	-0.69663	0.48645	0.84414
YRIAPOlabel	LCdom_E4YRI_vs_E4CEU	NTNG2	ENSG00000196358	0.33765	1.67993	0.09484	0.5245	0.32248	1.70547	0.08997	0.55257	0.33765	1.67993	0.09484	0.5245	0.21991	1.09041	0.27712	0.83632	0.29445	1.59904	0.11062	0.5289	0.35973	1.93016	0.05431	0.3736
YRIAPOlabel	LCdom_E4YRI_vs_E4CEU	NTSR2	ENSG00000169006	0.13369	0.80171	0.42386	0.90078	0.14061	0.86251	0.38964	0.84481	0.13369	0.80171	0.42386	0.90078	0.03498	0.22744	0.82036	0.99687	0.17877	1.21767	0.22408	0.69816	0.18857	1.24397	0.21425	0.6684
YRIAPOlabel	LCdom_E4YRI_vs_E4CEU	NWD2	ENSG00000174145	-0.06156	-0.24001	0.81062	0.99372	0.04561	0.17975	0.85756	0.98547	-0.06156	-0.24001	0.81062	0.99372	-0.0772	-0.3088	0.75786	0.99687	-0.1485	-0.59588	0.5516	0.89807	-0.08414	-0.33454	0.73816	0.934
YRIAPOlabel	LCdom_E4YRI_vs_E4CEU	NXPH2	ENSG00000144227	-1.05774	-3.41695	8e-04	0.09678	-0.9679	-3.09749	0.00229	0.14362	-1.05774	-3.41695	8e-04	0.09678	-1.15571	-3.62835	0.00038	0.0231	-1.17386	-3.88803	0.00012	0.01084	-1.27662	-4.19535	3e-05	0.00616
YRIAPOlabel	LCdom_E4YRI_vs_E4CEU	OLIG1	ENSG00000184221	0.00327	0.01869	0.98511	0.99372	-0.06101	-0.35859	0.72036	0.95826	0.00327	0.01869	0.98511	0.99372	0.01549	0.09554	0.924	0.99687	-0.10787	-0.70984	0.47823	0.87119	-0.02544	-0.17386	0.86207	0.94332
YRIAPOlabel	LCdom_E4YRI_vs_E4CEU	OLIG2	ENSG00000205927	0.11786	0.59741	0.55104	0.9184	0.02692	0.13984	0.88895	0.98814	0.11786	0.59741	0.55104	0.9184	0.12816	0.68582	0.49379	0.96671	-0.01537	-0.08356	0.93345	0.97448	0.06784	0.37066	0.71109	0.934
YRIAPOlabel	LCdom_E4YRI_vs_E4CEU	OPALIN	ENSG00000197430	-0.50357	-2.49948	0.0134	0.23296	-0.494	-2.49216	0.01367	0.22133	-0.50357	-2.49948	0.0134	0.23296	-0.39638	-1.92491	0.05596	0.40849	-0.49923	-2.51253	0.01239	0.17391	-0.48292	-2.48241	0.01347	0.17587
YRIAPOlabel	LCdom_E4YRI_vs_E4CEU	OTOGL	ENSG00000165899	-0.08839	-0.24886	0.80378	0.99372	-0.01592	-0.04581	0.96351	0.99698	-0.08839	-0.24886	0.80378	0.99372	-0.09175	-0.2546	0.79935	0.99687	-0.15891	-0.4678	0.6402	0.92901	-0.07633	-0.22148	0.82484	0.934
YRIAPOlabel	LCdom_E4YRI_vs_E4CEU	P2RY12	ENSG00000169313	-0.21168	-0.81262	0.4176	0.90078	-0.28489	-1.1029	0.27166	0.77465	-0.21168	-0.81262	0.4176	0.90078	-0.26382	-0.93426	0.35153	0.87293	-0.50997	-1.95512	0.05128	0.40689	-0.50863	-1.92975	0.05436	0.3736
YRIAPOlabel	LCdom_E4YRI_vs_E4CEU	P2RY13	ENSG00000181631	-0.03697	-0.15947	0.87349	0.99372	-0.09807	-0.41721	0.67706	0.94441	-0.03697	-0.15947	0.87349	0.99372	-0.11657	-0.44043	0.6602	0.99687	-0.39207	-1.42707	0.15436	0.62222	-0.38829	-1.39934	0.1625	0.60525
YRIAPOlabel	LCdom_E4YRI_vs_E4CEU	PAX6	ENSG00000007372	0.63237	2.74132	0.00679	0.17693	0.6313	2.76399	0.00635	0.16561	0.63237	2.74132	0.00679	0.17693	0.41802	1.87154	0.06304	0.4331	0.67361	2.72838	0.00665	0.13155	0.62147	2.43359	0.0154	0.18131
YRIAPOlabel	LCdom_E4YRI_vs_E4CEU	PCNA	ENSG00000132646	0.00947	0.0864	0.93125	0.99372	0.04371	0.41799	0.6765	0.94441	0.00947	0.0864	0.93125	0.99372	-0.00715	-0.07115	0.94336	0.99687	-0.00632	-0.05464	0.95645	0.97806	0.02808	0.25224	0.80099	0.934
YRIAPOlabel	LCdom_E4YRI_vs_E4CEU	PCSK1	ENSG00000175426	-0.17723	-0.77426	0.43987	0.90078	-0.07168	-0.32502	0.74557	0.95826	-0.17723	-0.77426	0.43987	0.90078	-0.21114	-0.989	0.32411	0.86318	-0.09925	-0.4016	0.68819	0.92901	-0.08162	-0.34143	0.73297	0.934
YRIAPOlabel	LCdom_E4YRI_vs_E4CEU	PCSK1N	ENSG00000102109	0.84788	2.70556	0.00753	0.18315	0.90423	2.8918	0.00434	0.15947	0.84788	2.70556	0.00753	0.18315	0.85836	2.68858	0.00791	0.14398	0.74833	2.27112	0.02369	0.27893	0.77167	2.24168	0.02555	0.23913
YRIAPOlabel	LCdom_E4YRI_vs_E4CEU	PCSK6	ENSG00000140479	0.02994	0.15111	0.88007	0.99372	0.01014	0.05439	0.95669	0.99698	0.02994	0.15111	0.88007	0.99372	0.14672	0.78912	0.43117	0.92626	0.02536	0.14358	0.88591	0.95378	0.10314	0.62263	0.53389	0.90168
YRIAPOlabel	LCdom_E4YRI_vs_E4CEU	PDGFD	ENSG00000170962	-0.1081	-0.47577	0.63486	0.98517	0.02746	0.11979	0.90479	0.98814	-0.1081	-0.47577	0.63486	0.98517	-0.08806	-0.42119	0.67416	0.99687	-0.12303	-0.66033	0.50943	0.88571	-0.04336	-0.23585	0.81367	0.934
YRIAPOlabel	LCdom_E4YRI_vs_E4CEU	PDGFRA	ENSG00000134853	0.00418	0.02012	0.98398	0.99372	-0.1197	-0.57445	0.56644	0.94378	0.00418	0.02012	0.98398	0.99372	-0.00102	-0.00511	0.99593	0.99687	-0.13516	-0.64769	0.51756	0.88571	-0.04983	-0.24229	0.80869	0.934
YRIAPOlabel	LCdom_E4YRI_vs_E4CEU	PECAM1	ENSG00000261371	-0.15443	-0.82363	0.41132	0.90078	-0.15436	-0.88314	0.37843	0.84224	-0.15443	-0.82363	0.41132	0.90078	-0.24044	-1.35607	0.17692	0.73034	-0.15599	-0.72336	0.46989	0.86621	-0.08403	-0.3972	0.69144	0.934
YRIAPOlabel	LCdom_E4YRI_vs_E4CEU	PENK	ENSG00000181195	-0.01156	-0.0408	0.96751	0.99372	0.11975	0.41315	0.68003	0.94441	-0.01156	-0.0408	0.96751	0.99372	0.53023	1.64047	0.10282	0.5286	-0.30577	-1.14755	0.25186	0.71262	-0.37752	-1.36679	0.17248	0.61243
YRIAPOlabel	LCdom_E4YRI_vs_E4CEU	PGRMC1	ENSG00000101856	-0.10221	-0.66634	0.50611	0.9184	-0.03397	-0.2331	0.81597	0.98293	-0.10221	-0.66634	0.50611	0.9184	-0.1042	-0.74975	0.45447	0.94634	-0.25549	-1.88976	0.05953	0.43525	-0.16216	-1.27881	0.20172	0.656
YRIAPOlabel	LCdom_E4YRI_vs_E4CEU	PHLDB2	ENSG00000144824	0.16947	0.99053	0.32335	0.87372	0.1357	0.83215	0.40652	0.86303	0.16947	0.99053	0.32335	0.87372	0.1697	1.0081	0.31488	0.86318	0.16303	0.77341	0.43975	0.84519	0.21415	1.01977	0.30847	0.74705
YRIAPOlabel	LCdom_E4YRI_vs_E4CEU	PLCE1	ENSG00000138193	0.29003	1.38919	0.16662	0.66106	0.27115	1.29027	0.19874	0.68563	0.29003	1.38919	0.16662	0.66106	0.20587	0.96884	0.33404	0.86318	0.25101	1.11661	0.26485	0.73914	0.27319	1.16488	0.24478	0.69485
YRIAPOlabel	LCdom_E4YRI_vs_E4CEU	PLCH1	ENSG00000114805	-0.13902	-0.72008	0.47248	0.9184	-0.20269	-1.04795	0.29618	0.80078	-0.13902	-0.72008	0.47248	0.9184	-0.21594	-1.09285	0.27605	0.83632	-0.27962	-1.3856	0.16666	0.63414	-0.30643	-1.475	0.14102	0.58773
YRIAPOlabel	LCdom_E4YRI_vs_E4CEU	PLD5	ENSG00000180287	-0.1878	-1.16634	0.24514	0.79889	-0.20576	-1.29632	0.19666	0.68563	-0.1878	-1.16634	0.24514	0.79889	-0.23406	-1.46871	0.14381	0.65613	-0.33113	-1.88831	0.05972	0.43525	-0.37123	-2.11781	0.03482	0.29102
YRIAPOlabel	LCdom_E4YRI_vs_E4CEU	PLPP3	ENSG00000162407	0.16643	0.98925	0.32397	0.87372	0.14014	0.85555	0.39347	0.84481	0.16643	0.98925	0.32397	0.87372	0.06643	0.42031	0.6748	0.99687	0.21544	1.55233	0.12139	0.55728	0.22506	1.57138	0.1169	0.55959
YRIAPOlabel	LCdom_E4YRI_vs_E4CEU	POSTN	ENSG00000133110	0.07513	0.16789	0.86687	0.99372	0.27176	0.61404	0.54002	0.94378	0.07513	0.16789	0.86687	0.99372	0.26171	0.58897	0.55668	0.99173	-0.30418	-0.6967	0.48641	0.87119	-0.29962	-0.68315	0.49492	0.84414
YRIAPOlabel	LCdom_E4YRI_vs_E4CEU	POU6F2	ENSG00000106536	0.41378	2.15298	0.03276	0.35164	0.28234	1.43572	0.15296	0.67162	0.41378	2.15298	0.03276	0.35164	0.337	1.66722	0.09736	0.50882	0.43052	1.63131	0.10364	0.51117	0.38958	1.40593	0.16055	0.60525
YRIAPOlabel	LCdom_E4YRI_vs_E4CEU	PPME1	ENSG00000214517	-0.0171	-0.14746	0.88295	0.99372	0.05436	0.48292	0.62979	0.94378	-0.0171	-0.14746	0.88295	0.99372	-0.03	-0.2825	0.77792	0.99687	-0.05659	-0.50987	0.61043	0.92343	-0.02697	-0.2596	0.79531	0.934
YRIAPOlabel	LCdom_E4YRI_vs_E4CEU	PPP1R15A	ENSG00000087074	-0.043	-0.20399	0.83861	0.99372	0.01966	0.09646	0.92327	0.99698	-0.043	-0.20399	0.83861	0.99372	-0.05745	-0.2777	0.78159	0.99687	0.05278	0.26748	0.78924	0.93424	0.04902	0.24791	0.80433	0.934
YRIAPOlabel	LCdom_E4YRI_vs_E4CEU	PRCP	ENSG00000137509	0.15415	1.17716	0.24081	0.79185	0.18338	1.46505	0.14479	0.6445	0.15415	1.17716	0.24081	0.79185	0.10559	0.91823	0.35984	0.87717	0.14753	1.11559	0.26528	0.73914	0.16566	1.23605	0.21718	0.67179
YRIAPOlabel	LCdom_E4YRI_vs_E4CEU	PROX1	ENSG00000117707	-0.14978	-0.76275	0.44669	0.90078	-0.2304	-1.21856	0.22473	0.71817	-0.14978	-0.76275	0.44669	0.90078	-0.16148	-0.85803	0.39212	0.88758	-0.18744	-1.10789	0.26859	0.74269	-0.13428	-0.82695	0.40877	0.80072
YRIAPOlabel	LCdom_E4YRI_vs_E4CEU	PSEN1	ENSG00000080815	0.02722	0.19521	0.84547	0.99372	-0.00636	-0.04656	0.96292	0.99698	0.02722	0.19521	0.84547	0.99372	-0.02036	-0.15663	0.87572	0.99687	-0.04375	-0.37353	0.70896	0.92901	-0.00739	-0.0679	0.9459	0.97255
YRIAPOlabel	LCdom_E4YRI_vs_E4CEU	PSEN2	ENSG00000143801	0.11185	0.87394	0.38341	0.90078	0.13784	1.10583	0.27039	0.77465	0.11185	0.87394	0.38341	0.90078	0.05888	0.49801	0.61914	0.99687	0.05427	0.34451	0.73065	0.92901	0.05141	0.32232	0.74738	0.934
YRIAPOlabel	LCdom_E4YRI_vs_E4CEU	PSENEN	ENSG00000205155	0.0722	0.5437	0.58737	0.95285	0.09701	0.76922	0.44285	0.89623	0.0722	0.5437	0.58737	0.95285	0.08455	0.67757	0.49899	0.96671	-0.0014	-0.00963	0.99232	0.99779	0.04852	0.34509	0.73021	0.934
YRIAPOlabel	LCdom_E4YRI_vs_E4CEU	PTCHD4	ENSG00000244694	-0.44201	-2.1862	0.03019	0.34352	-0.49732	-2.48967	0.01377	0.22133	-0.44201	-2.1862	0.03019	0.34352	-0.56018	-2.73541	0.00691	0.13872	-0.66078	-2.63651	0.00872	0.15906	-0.73049	-2.79094	0.00552	0.13427
YRIAPOlabel	LCdom_E4YRI_vs_E4CEU	PTPRC	ENSG00000081237	-0.06283	-0.29992	0.76461	0.99372	-0.14807	-0.70958	0.47895	0.93486	-0.06283	-0.29992	0.76461	0.99372	-0.09082	-0.38486	0.70084	0.99687	-0.11184	-0.44678	0.65528	0.92901	-0.02927	-0.1176	0.90644	0.961
YRIAPOlabel	LCdom_E4YRI_vs_E4CEU	PTPRZ1	ENSG00000106278	0.14796	0.88446	0.37772	0.90078	0.09307	0.56311	0.57412	0.94378	0.14796	0.88446	0.37772	0.90078	0.0517	0.35	0.72678	0.99687	0.15309	1.0387	0.29958	0.7601	0.17889	1.19025	0.23467	0.68192
YRIAPOlabel	LCdom_E4YRI_vs_E4CEU	PVALB	ENSG00000100362	-0.64789	-1.89912	0.05927	0.4327	-0.31204	-0.94074	0.3482	0.83486	-0.64789	-1.89912	0.05927	0.4327	-0.61066	-1.69022	0.09287	0.50717	-0.40033	-1.01827	0.30918	0.7601	-0.41028	-1.00143	0.31724	0.74705
YRIAPOlabel	LCdom_E4YRI_vs_E4CEU	RALA	ENSG00000006451	-0.06288	-0.3999	0.68974	0.99372	-9e-05	-0.00056	0.99955	0.99955	-0.06288	-0.3999	0.68974	0.99372	-0.07032	-0.506	0.61353	0.99687	-0.09695	-0.82671	0.40891	0.82459	-0.04596	-0.42382	0.67193	0.934
YRIAPOlabel	LCdom_E4YRI_vs_E4CEU	RASD1	ENSG00000108551	-0.12187	-0.37328	0.70942	0.99372	-0.08272	-0.26069	0.79465	0.97332	-0.12187	-0.37328	0.70942	0.99372	-0.18946	-0.60227	0.54782	0.99173	0.08759	0.31589	0.75226	0.92901	0.054	0.1952	0.84534	0.934
YRIAPOlabel	LCdom_E4YRI_vs_E4CEU	RASGRP1	ENSG00000172575	0.35089	1.25716	0.21045	0.7419	0.38444	1.37462	0.17109	0.68563	0.35089	1.25716	0.21045	0.7419	0.2616	0.96296	0.33697	0.86318	0.57894	1.59484	0.11158	0.5289	0.50688	1.36575	0.17282	0.61243
YRIAPOlabel	LCdom_E4YRI_vs_E4CEU	REEP1	ENSG00000068615	-0.10951	-0.62129	0.53526	0.9184	-0.01341	-0.07754	0.93828	0.99698	-0.10951	-0.62129	0.53526	0.9184	-0.10789	-0.65133	0.51573	0.96671	-0.24249	-1.51898	0.12957	0.56988	-0.14972	-0.97879	0.32829	0.75439
YRIAPOlabel	LCdom_E4YRI_vs_E4CEU	RELN	ENSG00000189056	-0.84724	-2.47232	0.01443	0.23934	-0.7189	-2.15465	0.03263	0.36541	-0.84724	-2.47232	0.01443	0.23934	-0.9576	-2.85013	0.00493	0.13485	-0.93763	-3.22948	0.00135	0.05456	-0.8893	-2.99439	0.00293	0.08899
YRIAPOlabel	LCdom_E4YRI_vs_E4CEU	RFTN1	ENSG00000131378	0.04203	0.22976	0.81856	0.99372	0.0434	0.23807	0.81212	0.98293	0.04203	0.22976	0.81856	0.99372	0.00811	0.04301	0.96575	0.99687	0.07484	0.33734	0.73604	0.92901	0.05066	0.22254	0.82401	0.934
YRIAPOlabel	LCdom_E4YRI_vs_E4CEU	RGMA	ENSG00000182175	0.21865	1.12992	0.26013	0.81152	0.17868	0.96437	0.33626	0.83486	0.21865	1.12992	0.26013	0.81152	0.09873	0.53485	0.59347	0.9947	0.18325	0.98075	0.32732	0.78087	0.18067	0.9407	0.34744	0.7626
YRIAPOlabel	LCdom_E4YRI_vs_E4CEU	RGS10	ENSG00000148908	-0.15979	-0.69147	0.49023	0.9184	-0.19993	-0.86127	0.39033	0.84481	-0.15979	-0.69147	0.49023	0.9184	-0.23781	-0.90685	0.3658	0.87717	-0.35436	-1.3531	0.1768	0.63414	-0.31554	-1.18838	0.2354	0.68192
YRIAPOlabel	LCdom_E4YRI_vs_E4CEU	RGS16	ENSG00000143333	0.10493	0.37788	0.706	0.99372	0.1242	0.44469	0.65712	0.94441	0.10493	0.37788	0.706	0.99372	0.02764	0.09456	0.92478	0.99687	0.15432	0.47547	0.63471	0.92886	0.13924	0.42243	0.67294	0.934
YRIAPOlabel	LCdom_E4YRI_vs_E4CEU	RIT2	ENSG00000152214	0.26506	1.36273	0.1748	0.6674	0.32079	1.66467	0.09786	0.56631	0.26506	1.36273	0.1748	0.6674	0.24092	1.29948	0.19559	0.75946	0.19549	1.01594	0.31029	0.7601	0.21257	1.13738	0.25608	0.71011
YRIAPOlabel	LCdom_E4YRI_vs_E4CEU	RNASET2	ENSG00000026297	0.00638	0.03497	0.97215	0.99372	-0.03081	-0.16332	0.87046	0.9867	0.00638	0.03497	0.97215	0.99372	-0.07658	-0.35072	0.72625	0.99687	-0.13998	-0.85972	0.39047	0.81724	-0.13791	-0.79804	0.42533	0.80438
YRIAPOlabel	LCdom_E4YRI_vs_E4CEU	RNF144B	ENSG00000137393	0.367	2.00205	0.0469	0.39809	0.42627	2.44129	0.01568	0.22893	0.367	2.00205	0.0469	0.39809	0.19305	1.09117	0.27678	0.83632	0.2999	1.23025	0.21935	0.69816	0.34836	1.42497	0.15498	0.60177
YRIAPOlabel	LCdom_E4YRI_vs_E4CEU	RORB	ENSG00000198963	0.16238	0.6674	0.50544	0.9184	0.1231	0.50407	0.61487	0.94378	0.16238	0.6674	0.50544	0.9184	-0.07562	-0.30921	0.75755	0.99687	0.07131	0.28956	0.77231	0.93222	0.06776	0.26724	0.78943	0.934
YRIAPOlabel	LCdom_E4YRI_vs_E4CEU	ROS1	ENSG00000047936	0.18375	0.63059	0.52917	0.9184	0.03724	0.12751	0.89869	0.98814	0.18375	0.63059	0.52917	0.9184	0.27115	0.88865	0.37548	0.87853	-0.00196	-0.00497	0.99603	0.99834	-0.00946	-0.0236	0.98118	0.98739
YRIAPOlabel	LCdom_E4YRI_vs_E4CEU	RSPO2	ENSG00000147655	-0.52169	-1.76188	0.07992	0.52091	-0.47044	-1.61483	0.10824	0.57256	-0.52169	-1.76188	0.07992	0.52091	-0.64018	-2.13157	0.03452	0.29301	-0.66948	-2.22605	0.02658	0.28534	-0.72125	-2.32205	0.02074	0.21593
YRIAPOlabel	LCdom_E4YRI_vs_E4CEU	RXFP1	ENSG00000171509	-0.17914	-0.41723	0.67705	0.99372	-0.19382	-0.46237	0.64442	0.94441	-0.17914	-0.41723	0.67705	0.99372	-0.13721	-0.30518	0.76062	0.99687	-0.02249	-0.04497	0.96415	0.97806	-0.01684	-0.03212	0.9744	0.98739
YRIAPOlabel	LCdom_E4YRI_vs_E4CEU	RYR3	ENSG00000198838	0.52419	2.54965	0.01168	0.21322	0.45153	2.14111	0.03372	0.36541	0.52419	2.54965	0.01168	0.21322	0.32108	1.57892	0.11626	0.58132	0.49068	2.47717	0.01366	0.18472	0.48323	2.3967	0.01701	0.19404
YRIAPOlabel	LCdom_E4YRI_vs_E4CEU	S100A4	ENSG00000196154	0.03707	0.17963	0.85766	0.99372	0.02652	0.13596	0.89201	0.98814	0.03707	0.17963	0.85766	0.99372	0.01747	0.08468	0.93262	0.99687	0.00676	0.03047	0.97571	0.98652	0.08706	0.38984	0.69686	0.934
YRIAPOlabel	LCdom_E4YRI_vs_E4CEU	SAMD5	ENSG00000203727	-0.09385	-0.45442	0.65011	0.99104	-0.01651	-0.08477	0.93255	0.99698	-0.09385	-0.45442	0.65011	0.99104	-0.10343	-0.55291	0.58107	0.99173	-0.1362	-0.798	0.42535	0.83023	-0.05473	-0.34152	0.73289	0.934
YRIAPOlabel	LCdom_E4YRI_vs_E4CEU	SARAF	ENSG00000133872	0.02583	0.21977	0.82632	0.99372	0.06545	0.58132	0.56181	0.94378	0.02583	0.21977	0.82632	0.99372	0.01449	0.13145	0.89558	0.99687	-0.02737	-0.22212	0.82434	0.93703	0.02843	0.2387	0.81146	0.934
YRIAPOlabel	LCdom_E4YRI_vs_E4CEU	SDK1	ENSG00000146555	0.05845	0.24326	0.8081	0.99372	0.1255	0.52238	0.6021	0.94378	0.05845	0.24326	0.8081	0.99372	0.00519	0.02107	0.98322	0.99687	0.04926	0.19915	0.84225	0.94278	0.03416	0.13531	0.89244	0.95806
YRIAPOlabel	LCdom_E4YRI_vs_E4CEU	SEMA5A	ENSG00000112902	-0.00829	-0.04777	0.96196	0.99372	-0.0772	-0.43274	0.66576	0.94441	-0.00829	-0.04777	0.96196	0.99372	-0.0102	-0.05769	0.95406	0.99687	-0.06012	-0.35457	0.7231	0.92901	-0.12456	-0.70974	0.47829	0.84414
YRIAPOlabel	LCdom_E4YRI_vs_E4CEU	SERPINA3	ENSG00000196136	-0.02335	-0.05877	0.95321	0.99372	0.10473	0.27096	0.78676	0.97332	-0.02335	-0.05877	0.95321	0.99372	0.13974	0.35386	0.7239	0.99687	0.64745	1.78768	0.0746	0.4523	0.56993	1.57275	0.11658	0.55959
YRIAPOlabel	LCdom_E4YRI_vs_E4CEU	SEZ6L2	ENSG00000174938	-0.04584	-0.39634	0.69236	0.99372	0.00182	0.01608	0.98719	0.99698	-0.04584	-0.39634	0.69236	0.99372	-0.03424	-0.29838	0.76578	0.99687	-0.07178	-0.6061	0.5448	0.89391	-0.06992	-0.59299	0.55353	0.90188
YRIAPOlabel	LCdom_E4YRI_vs_E4CEU	SFRP2	ENSG00000145423	0.46915	1.18024	0.23958	0.79185	0.26002	0.68512	0.49422	0.94133	0.46915	1.18024	0.23958	0.79185	0.16968	0.46695	0.64115	0.99687	0.28291	0.71469	0.47523	0.87119	0.49733	1.21428	0.22539	0.68137
YRIAPOlabel	LCdom_E4YRI_vs_E4CEU	SLC17A6	ENSG00000091664	-0.44213	-2.0848	0.03861	0.38246	-0.42209	-1.98045	0.0493	0.44759	-0.44213	-2.0848	0.03861	0.38246	-0.61469	-2.77563	0.00614	0.13872	-0.62457	-2.84525	0.00467	0.11976	-0.6968	-3.04986	0.00245	0.08114
YRIAPOlabel	LCdom_E4YRI_vs_E4CEU	SLC17A7	ENSG00000104888	-1.01807	-1.83278	0.06862	0.47389	-0.64396	-1.19108	0.23532	0.72789	-1.01807	-1.83278	0.06862	0.47389	-0.97927	-1.68911	0.0931	0.50717	-0.94457	-1.6194	0.10617	0.51669	-0.9274	-1.55641	0.12042	0.55959
YRIAPOlabel	LCdom_E4YRI_vs_E4CEU	SLC18A2	ENSG00000165646	-0.035	-0.12004	0.9046	0.99372	0.10981	0.37197	0.71039	0.95826	-0.035	-0.12004	0.9046	0.99372	0.00194	0.00652	0.99481	0.99687	0.10193	0.34519	0.73013	0.92901	0.17745	0.60979	0.54236	0.90168
YRIAPOlabel	LCdom_E4YRI_vs_E4CEU	SLC24A3	ENSG00000185052	0.02228	0.14622	0.88393	0.99372	0.05772	0.37617	0.70727	0.95826	0.02228	0.14622	0.88393	0.99372	0.03385	0.22479	0.82242	0.99687	-0.04506	-0.30845	0.7579	0.92901	0.0126	0.08309	0.93383	0.96883
YRIAPOlabel	LCdom_E4YRI_vs_E4CEU	SLC26A4	ENSG00000091137	0.3048	1.21899	0.22457	0.7699	0.01558	0.06323	0.94966	0.99698	0.3048	1.21899	0.22457	0.7699	0.07741	0.30312	0.76218	0.99687	-0.0925	-0.28023	0.77945	0.93234	-0.06536	-0.19425	0.84609	0.934
YRIAPOlabel	LCdom_E4YRI_vs_E4CEU	SLC6A2	ENSG00000103546	-0.06167	-0.20787	0.83558	0.99372	0.06432	0.21262	0.83188	0.98547	-0.06167	-0.20787	0.83558	0.99372	-0.06041	-0.19971	0.84195	0.99687	-0.08762	-0.31102	0.75595	0.92901	0.03261	0.1152	0.90835	0.961
YRIAPOlabel	LCdom_E4YRI_vs_E4CEU	SLC6A3	ENSG00000142319	0.04288	0.23538	0.8142	0.99372	0.04973	0.28677	0.77465	0.97332	0.04288	0.23538	0.8142	0.99372	0.17232	0.97048	0.33322	0.86318	0.07086	0.30434	0.76103	0.92901	0.12872	0.56175	0.57461	0.90188
YRIAPOlabel	LCdom_E4YRI_vs_E4CEU	SLC6A4	ENSG00000108576	-0.58709	-1.37674	0.17044	0.6674	-0.51714	-1.196	0.2334	0.72789	-0.58709	-1.37674	0.17044	0.6674	-0.13448	-0.29515	0.76825	0.99687	-0.47526	-1.19518	0.23274	0.69816	-0.4279	-1.05749	0.29094	0.7298
YRIAPOlabel	LCdom_E4YRI_vs_E4CEU	SLC7A11	ENSG00000151012	0.3563	2.0932	0.03784	0.38246	0.36432	2.16333	0.03194	0.36541	0.3563	2.0932	0.03784	0.38246	0.28254	1.69111	0.0927	0.50717	0.34645	2.02457	0.04359	0.37882	0.35015	1.97439	0.04904	0.3653
YRIAPOlabel	LCdom_E4YRI_vs_E4CEU	SLIT3	ENSG00000184347	0.21572	1.02971	0.30463	0.85657	0.19947	0.98021	0.3284	0.83486	0.21572	1.02971	0.30463	0.85657	0.08299	0.36814	0.71324	0.99687	0.27807	1.07378	0.28358	0.7601	0.28621	1.04663	0.29592	0.73476
YRIAPOlabel	LCdom_E4YRI_vs_E4CEU	SNCB	ENSG00000074317	0.01143	0.07567	0.93977	0.99372	0.07401	0.49159	0.62366	0.94378	0.01143	0.07567	0.93977	0.99372	0.03256	0.19671	0.84429	0.99687	0.03115	0.22609	0.82125	0.93703	0.02809	0.19518	0.84536	0.934
YRIAPOlabel	LCdom_E4YRI_vs_E4CEU	SNCG	ENSG00000173267	0.25539	1.28288	0.20131	0.73006	0.31774	1.59536	0.11252	0.58162	0.25539	1.28288	0.20131	0.73006	0.2431	1.14472	0.25398	0.83515	0.29007	1.41312	0.15841	0.62222	0.26437	1.26113	0.20802	0.66022
YRIAPOlabel	LCdom_E4YRI_vs_E4CEU	SNTB2	ENSG00000168807	0.0632	0.50601	0.61352	0.97589	0.02422	0.20181	0.84031	0.98547	0.0632	0.50601	0.61352	0.97589	-0.05357	-0.48688	0.62699	0.99687	0.04414	0.2773	0.7817	0.93234	0.05546	0.34859	0.72759	0.934
YRIAPOlabel	LCdom_E4YRI_vs_E4CEU	SORCS1	ENSG00000108018	0.37581	1.56791	0.1188	0.56313	0.49208	2.10555	0.03674	0.38315	0.37581	1.56791	0.1188	0.56313	0.37141	1.76106	0.08008	0.48892	0.41824	1.80676	0.07157	0.44428	0.42694	1.83522	0.06723	0.41593
YRIAPOlabel	LCdom_E4YRI_vs_E4CEU	SOX10	ENSG00000100146	-0.00796	-0.04803	0.96175	0.99372	-0.0332	-0.21218	0.83223	0.98547	-0.00796	-0.04803	0.96175	0.99372	0.05577	0.36634	0.71458	0.99687	-0.0591	-0.40942	0.68245	0.92901	0.00442	0.03213	0.97438	0.98739
YRIAPOlabel	LCdom_E4YRI_vs_E4CEU	SOX11	ENSG00000176887	-0.14131	-0.86694	0.38722	0.90078	-0.16727	-1.07663	0.2832	0.78275	-0.14131	-0.86694	0.38722	0.90078	-0.04566	-0.28394	0.77681	0.99687	-0.25579	-1.35732	0.17546	0.63414	-0.29276	-1.58466	0.11385	0.55959
YRIAPOlabel	LCdom_E4YRI_vs_E4CEU	SOX2	ENSG00000181449	0.40856	1.96407	0.05118	0.40612	0.3764	1.88122	0.06169	0.48946	0.40856	1.96407	0.05118	0.40612	0.34362	1.73913	0.08387	0.49745	0.46937	2.80704	0.00525	0.11976	0.44397	2.53596	0.0116	0.17587
YRIAPOlabel	LCdom_E4YRI_vs_E4CEU	SOX4	ENSG00000124766	0.05242	0.30666	0.75948	0.99372	-0.07954	-0.47672	0.63419	0.94378	0.05242	0.30666	0.75948	0.99372	-0.02131	-0.1269	0.89917	0.99687	-0.11121	-0.49476	0.62105	0.92343	-0.11633	-0.49521	0.62073	0.92476
YRIAPOlabel	LCdom_E4YRI_vs_E4CEU	SOX9	ENSG00000125398	0.34043	1.41546	0.1588	0.64752	0.33833	1.42419	0.15626	0.67162	0.34043	1.41546	0.1588	0.64752	0.23135	0.99686	0.32029	0.86318	0.45221	2.07409	0.03872	0.36241	0.43936	1.92248	0.05527	0.3736
YRIAPOlabel	LCdom_E4YRI_vs_E4CEU	SPARC	ENSG00000113140	0.27084	1.91881	0.05671	0.43127	0.25741	1.83306	0.06858	0.5014	0.27084	1.91881	0.05671	0.43127	0.22695	1.61029	0.10924	0.55379	0.27973	2.1063	0.03581	0.34401	0.35157	2.53332	0.01169	0.17587
YRIAPOlabel	LCdom_E4YRI_vs_E4CEU	SPHKAP	ENSG00000153820	-0.24002	-1.21601	0.2257	0.7699	-0.17803	-0.90281	0.36793	0.83691	-0.24002	-1.21601	0.2257	0.7699	-0.42276	-2.08257	0.03883	0.31799	-0.35802	-1.82999	0.06801	0.44329	-0.29909	-1.53606	0.12533	0.55959
YRIAPOlabel	LCdom_E4YRI_vs_E4CEU	SPI1	ENSG00000066336	-0.10917	-0.7358	0.46288	0.9184	-0.09897	-0.67722	0.4992	0.94133	-0.10917	-0.7358	0.46288	0.9184	-0.15637	-0.95846	0.33923	0.86318	-0.13399	-0.75163	0.45273	0.85178	-0.13858	-0.77993	0.4359	0.81207
YRIAPOlabel	LCdom_E4YRI_vs_E4CEU	SPON1	ENSG00000262655	0.27177	1.48887	0.13841	0.62369	0.26564	1.49588	0.13657	0.6391	0.27177	1.48887	0.13841	0.62369	0.16185	0.96323	0.33684	0.86318	0.31418	1.93139	0.05416	0.42057	0.28014	1.65004	0.09974	0.5146
YRIAPOlabel	LCdom_E4YRI_vs_E4CEU	SREBF1	ENSG00000072310	0.27267	1.76652	0.07914	0.52091	0.27052	1.77597	0.07756	0.52426	0.27267	1.76652	0.07914	0.52091	0.23165	1.56778	0.11884	0.58618	0.274	2.00701	0.04544	0.38568	0.25318	1.85069	0.06497	0.41593
YRIAPOlabel	LCdom_E4YRI_vs_E4CEU	SSR4	ENSG00000180879	0.02077	0.20527	0.83761	0.99372	0.04553	0.45689	0.64834	0.94441	0.02077	0.20527	0.83761	0.99372	-0.00121	-0.01321	0.98948	0.99687	-0.02955	-0.28298	0.77734	0.93234	0.00053	0.00519	0.99586	0.99586
YRIAPOlabel	LCdom_E4YRI_vs_E4CEU	SST	ENSG00000157005	-0.72554	-2.03584	0.04335	0.38246	-0.79766	-2.31406	0.02189	0.28346	-0.72554	-2.03584	0.04335	0.38246	-0.93854	-2.4301	0.01617	0.19042	-0.97337	-2.83993	0.00475	0.11976	-0.88264	-2.48822	0.01325	0.17587
YRIAPOlabel	LCdom_E4YRI_vs_E4CEU	ST18	ENSG00000147488	-0.16992	-0.8947	0.37223	0.90078	-0.16085	-0.89188	0.37374	0.83691	-0.16992	-0.8947	0.37223	0.90078	-0.08283	-0.45428	0.65023	0.99687	-0.20152	-1.21696	0.22435	0.69816	-0.16708	-1.07137	0.28467	0.7298
YRIAPOlabel	LCdom_E4YRI_vs_E4CEU	STAT3	ENSG00000168610	0.06798	0.52841	0.59792	0.96197	0.10389	0.85966	0.39121	0.84481	0.06798	0.52841	0.59792	0.96197	0.01689	0.1472	0.88315	0.99687	0.1242	0.99917	0.31833	0.76948	0.16165	1.34079	0.18077	0.62787
YRIAPOlabel	LCdom_E4YRI_vs_E4CEU	STK32B	ENSG00000152953	-0.13634	-0.82636	0.40978	0.90078	-0.15352	-0.94293	0.34708	0.83486	-0.13634	-0.82636	0.40978	0.90078	-0.10316	-0.61686	0.53817	0.9871	-0.22619	-1.25206	0.2113	0.68876	-0.27071	-1.46761	0.14302	0.58773
YRIAPOlabel	LCdom_E4YRI_vs_E4CEU	STXBP2	ENSG00000076944	-0.11144	-0.77177	0.44134	0.90078	-0.07914	-0.54232	0.58832	0.94378	-0.11144	-0.77177	0.44134	0.90078	-0.14434	-0.89423	0.3725	0.87717	-0.15215	-0.83044	0.4068	0.82459	-0.13373	-0.72366	0.46971	0.84414
YRIAPOlabel	LCdom_E4YRI_vs_E4CEU	SULF1	ENSG00000137573	0.45942	1.75052	0.08187	0.5232	0.57901	2.2268	0.0273	0.33214	0.45942	1.75052	0.08187	0.5232	0.53653	2.25055	0.02573	0.25384	0.43463	1.99046	0.04724	0.39187	0.47322	2.16439	0.03104	0.27635
YRIAPOlabel	LCdom_E4YRI_vs_E4CEU	SYNPR	ENSG00000163630	-0.73388	-3.29675	0.00119	0.10904	-0.65988	-3.03924	0.00275	0.14362	-0.73388	-3.29675	0.00119	0.10904	-0.80848	-3.57484	0.00046	0.02396	-0.83047	-4.12925	4e-05	0.00798	-0.82795	-4.09066	5e-05	0.00636
YRIAPOlabel	LCdom_E4YRI_vs_E4CEU	TAC1	ENSG00000006128	-0.93545	-2.82495	0.00531	0.14896	-0.92031	-2.80695	0.0056	0.16561	-0.93545	-2.82495	0.00531	0.14896	-1.36775	-3.8581	0.00016	0.01197	-1.17761	-4.03542	7e-05	0.00798	-1.13247	-3.77889	0.00018	0.01329
YRIAPOlabel	LCdom_E4YRI_vs_E4CEU	TACR1	ENSG00000115353	-0.02561	-0.149	0.88173	0.99372	0.04568	0.27156	0.78629	0.97332	-0.02561	-0.149	0.88173	0.99372	-0.02354	-0.15044	0.8806	0.99687	0.08932	0.51298	0.60826	0.92343	0.09673	0.56457	0.57269	0.90188
YRIAPOlabel	LCdom_E4YRI_vs_E4CEU	TAGLN	ENSG00000149591	-0.18265	-0.75825	0.44937	0.90121	-0.16713	-0.74074	0.45989	0.90247	-0.18265	-0.75825	0.44937	0.90121	-0.25112	-1.04713	0.29657	0.85234	-0.03872	-0.16365	0.87009	0.95378	-0.08056	-0.35181	0.72517	0.934
YRIAPOlabel	LCdom_E4YRI_vs_E4CEU	TENM1	ENSG00000009694	0.02379	0.14092	0.8881	0.99372	0.09443	0.54235	0.5883	0.94378	0.02379	0.14092	0.8881	0.99372	-0.01633	-0.09079	0.92777	0.99687	-0.10742	-0.57896	0.56295	0.89807	-0.16155	-0.82859	0.40784	0.80072
YRIAPOlabel	LCdom_E4YRI_vs_E4CEU	TENM2	ENSG00000145934	-0.02872	-0.17326	0.86265	0.99372	0.02824	0.17305	0.86282	0.98547	-0.02872	-0.17326	0.86265	0.99372	-0.07058	-0.43775	0.66214	0.99687	-0.07396	-0.42502	0.67105	0.92901	-0.08496	-0.48368	0.62889	0.92933
YRIAPOlabel	LCdom_E4YRI_vs_E4CEU	TESPA1	ENSG00000135426	-0.09286	-0.39496	0.69337	0.99372	-0.07609	-0.33106	0.74102	0.95826	-0.09286	-0.39496	0.69337	0.99372	-0.03715	-0.15815	0.87453	0.99687	-0.07924	-0.25077	0.80212	0.93538	-0.04077	-0.12655	0.89937	0.961
YRIAPOlabel	LCdom_E4YRI_vs_E4CEU	TGFB1	ENSG00000105329	0.08224	0.50398	0.61494	0.97589	0.05265	0.32498	0.7456	0.95826	0.08224	0.50398	0.61494	0.97589	0.02152	0.12299	0.90227	0.99687	0.03382	0.19281	0.84721	0.94278	0.03454	0.19305	0.84702	0.934
YRIAPOlabel	LCdom_E4YRI_vs_E4CEU	TGFB2	ENSG00000092969	0.17364	0.95708	0.33991	0.87372	0.25253	1.40057	0.1632	0.68279	0.17364	0.95708	0.33991	0.87372	0.11795	0.68895	0.49182	0.96671	0.11777	0.64664	0.51824	0.88571	0.17092	0.92326	0.35644	0.7626
YRIAPOlabel	LCdom_E4YRI_vs_E4CEU	TGFBI	ENSG00000120708	-0.06669	-0.2591	0.79588	0.99372	-0.07546	-0.2845	0.77638	0.97332	-0.06669	-0.2591	0.79588	0.99372	-0.27571	-1.02079	0.30885	0.86318	-0.14837	-0.45873	0.64668	0.92901	-0.04019	-0.12162	0.90326	0.961
YRIAPOlabel	LCdom_E4YRI_vs_E4CEU	TH	ENSG00000180176	-0.02961	-0.09931	0.92101	0.99372	0.10751	0.35862	0.72033	0.95826	-0.02961	-0.09931	0.92101	0.99372	-0.01108	-0.0374	0.97021	0.99687	0.04854	0.19501	0.84549	0.94278	0.11684	0.46899	0.63934	0.93344
YRIAPOlabel	LCdom_E4YRI_vs_E4CEU	THBS1	ENSG00000137801	-1.00309	-2.99741	0.00314	0.12729	-0.8914	-2.7658	0.00632	0.16561	-1.00309	-2.99741	0.00314	0.12729	-1.32037	-4.01005	9e-05	0.01074	-0.71601	-1.97759	0.04868	0.39481	-0.72779	-2.00078	0.04611	0.3506
YRIAPOlabel	LCdom_E4YRI_vs_E4CEU	THEMIS	ENSG00000172673	0.03132	0.11202	0.91094	0.99372	-0.17849	-0.66733	0.50548	0.94133	0.03132	0.11202	0.91094	0.99372	-0.00108	-0.00393	0.99687	0.99687	-0.11949	-0.35382	0.72366	0.92901	0.08618	0.2556	0.7984	0.934
YRIAPOlabel	LCdom_E4YRI_vs_E4CEU	THRA	ENSG00000126351	0.42871	2.83317	0.00518	0.14896	0.43127	2.8897	0.00437	0.15947	0.42871	2.83317	0.00518	0.14896	0.33879	2.05362	0.04159	0.32296	0.37706	1.72116	0.08602	0.46797	0.42165	1.90048	0.05811	0.38563
YRIAPOlabel	LCdom_E4YRI_vs_E4CEU	THSD4	ENSG00000187720	0.16724	0.81748	0.41482	0.90078	0.24074	1.23378	0.21902	0.70746	0.16724	0.81748	0.41482	0.90078	0.10231	0.5578	0.57774	0.99173	0.12923	0.5423	0.58792	0.91112	0.26219	1.08425	0.27892	0.72718
YRIAPOlabel	LCdom_E4YRI_vs_E4CEU	THSD7B	ENSG00000144229	0.76592	3.19782	0.00166	0.11387	0.77127	3.32388	0.00109	0.09959	0.76592	3.19782	0.00166	0.11387	0.84741	4.09242	7e-05	0.01074	0.7469	2.71865	0.00685	0.13155	0.68771	2.48184	0.01349	0.17587
YRIAPOlabel	LCdom_E4YRI_vs_E4CEU	TMEM132C	ENSG00000181234	-0.22207	-1.42042	0.15735	0.64752	-0.22788	-1.47288	0.14267	0.64289	-0.22207	-1.42042	0.15735	0.64752	-0.19026	-1.30331	0.19428	0.75946	-0.28837	-1.80817	0.07135	0.44428	-0.27144	-1.66894	0.09593	0.5146
YRIAPOlabel	LCdom_E4YRI_vs_E4CEU	TMEM163	ENSG00000152128	-0.10906	-0.67156	0.50279	0.9184	-0.09719	-0.60089	0.54873	0.94378	-0.10906	-0.67156	0.50279	0.9184	-0.18308	-1.14529	0.25374	0.83515	-0.19148	-0.91417	0.36119	0.80386	-0.18636	-0.87312	0.38313	0.77552
YRIAPOlabel	LCdom_E4YRI_vs_E4CEU	TMEM35A	ENSG00000126950	-0.10155	-0.68173	0.49636	0.9184	-0.01986	-0.13529	0.89254	0.98814	-0.10155	-0.68173	0.49636	0.9184	-0.10415	-0.73724	0.46202	0.9474	-0.19886	-1.38392	0.16717	0.63414	-0.16334	-1.15683	0.24805	0.69644
YRIAPOlabel	LCdom_E4YRI_vs_E4CEU	TMIGD3	ENSG00000121933	-0.26258	-1.02719	0.30582	0.85657	-0.3253	-1.28455	0.20073	0.68563	-0.26258	-1.02719	0.30582	0.85657	-0.3697	-1.37515	0.17095	0.72552	-0.47539	-1.70486	0.08901	0.46797	-0.438	-1.55749	0.12016	0.55959
YRIAPOlabel	LCdom_E4YRI_vs_E4CEU	TMSB4X	ENSG00000205542	0.01927	0.1578	0.8748	0.99372	0.06369	0.54794	0.58446	0.94378	0.01927	0.1578	0.8748	0.99372	0.01602	0.14732	0.88306	0.99687	0.0141	0.11642	0.90738	0.95721	0.09255	0.8292	0.4075	0.80072
YRIAPOlabel	LCdom_E4YRI_vs_E4CEU	TMSB4Y	ENSG00000154620	0.04072	0.14268	0.88672	0.99372	0.0528	0.18713	0.85178	0.98547	0.04072	0.14268	0.88672	0.99372	0.07147	0.25843	0.7964	0.99687	0.01246	0.04685	0.96265	0.97806	0.0617	0.23488	0.81442	0.934
YRIAPOlabel	LCdom_E4YRI_vs_E4CEU	TOP2A	ENSG00000131747	-0.0425	-0.08461	0.93267	0.99372	-0.05704	-0.1171	0.90692	0.98814	-0.0425	-0.08461	0.93267	0.99372	0.21938	0.45171	0.65207	0.99687	0.18463	0.34739	0.72849	0.92901	0.50196	0.90526	0.36592	0.76505
YRIAPOlabel	LCdom_E4YRI_vs_E4CEU	TP53	ENSG00000141510	0.18135	1.36041	0.17553	0.6674	0.1606	1.2145	0.22627	0.71817	0.18135	1.36041	0.17553	0.6674	0.08477	0.65607	0.51269	0.96671	0.18867	1.17766	0.23965	0.69816	0.21113	1.34223	0.1803	0.62787
YRIAPOlabel	LCdom_E4YRI_vs_E4CEU	TPH2	ENSG00000139287	-0.63619	-1.63303	0.10435	0.53479	-0.64356	-1.62758	0.1055	0.56631	-0.63619	-1.63303	0.10435	0.53479	-0.30556	-0.73874	0.46112	0.9474	-0.40923	-0.99991	0.31797	0.76948	-0.49771	-1.20778	0.22786	0.68137
YRIAPOlabel	LCdom_E4YRI_vs_E4CEU	TRAC	ENSG00000277734	-0.3965	-1.44038	0.15163	0.64752	-0.4495	-1.63531	0.10387	0.56631	-0.3965	-1.44038	0.15163	0.64752	-0.31635	-1.1286	0.2607	0.83632	-0.40419	-1.28189	0.20065	0.67219	-0.2889	-0.93233	0.35175	0.7626
YRIAPOlabel	LCdom_E4YRI_vs_E4CEU	TREM2	ENSG00000095970	0.17506	0.63299	0.5276	0.9184	0.02105	0.07214	0.94258	0.99698	0.17506	0.63299	0.5276	0.9184	0.07218	0.22532	0.82201	0.99687	-0.09629	-0.32113	0.74828	0.92901	-0.06736	-0.21787	0.82764	0.934
YRIAPOlabel	LCdom_E4YRI_vs_E4CEU	TRH	ENSG00000170893	0.38094	0.96069	0.3381	0.87372	0.37975	0.93838	0.34941	0.83486	0.38094	0.96069	0.3381	0.87372	0.77475	1.88583	0.06107	0.42867	0.3872	0.89133	0.3733	0.80989	0.16037	0.35316	0.72416	0.934
YRIAPOlabel	LCdom_E4YRI_vs_E4CEU	TRHDE	ENSG00000072657	-0.19836	-0.77217	0.44111	0.90078	-0.25001	-0.99232	0.32248	0.83486	-0.19836	-0.77217	0.44111	0.90078	-0.32925	-1.25402	0.2116	0.78015	-0.4161	-1.41274	0.15854	0.62222	-0.42884	-1.38125	0.168	0.61243
YRIAPOlabel	LCdom_E4YRI_vs_E4CEU	TRIL	ENSG00000255690	0.54857	2.99851	0.00313	0.12729	0.52601	2.91109	0.00409	0.15947	0.54857	2.99851	0.00313	0.12729	0.47147	2.72022	0.00722	0.13872	0.53174	3.30426	0.00104	0.04745	0.54287	3.26353	0.0012	0.05462
YRIAPOlabel	LCdom_E4YRI_vs_E4CEU	TRPC5	ENSG00000072315	-0.25077	-1.40649	0.16144	0.64752	-0.18934	-1.07211	0.28522	0.78275	-0.25077	-1.40649	0.16144	0.64752	-0.29849	-1.67496	0.09583	0.50882	-0.29107	-1.41397	0.15817	0.62222	-0.25795	-1.24544	0.21371	0.6684
YRIAPOlabel	LCdom_E4YRI_vs_E4CEU	TRPC6	ENSG00000137672	0.13437	0.46515	0.64243	0.98939	0.17159	0.60726	0.5445	0.94378	0.13437	0.46515	0.64243	0.98939	0.02611	0.09138	0.9273	0.99687	-0.09593	-0.30773	0.75845	0.92901	-0.02747	-0.08534	0.93204	0.96883
YRIAPOlabel	LCdom_E4YRI_vs_E4CEU	TSHZ2	ENSG00000182463	0.00617	0.0323	0.97427	0.99372	-0.00133	-0.00722	0.99425	0.99698	0.00617	0.0323	0.97427	0.99372	0.06838	0.37863	0.70545	0.99687	0.04042	0.20723	0.83594	0.94172	0.09594	0.51625	0.60597	0.92476
YRIAPOlabel	LCdom_E4YRI_vs_E4CEU	TTYH1	ENSG00000167614	0.28835	1.83148	0.06881	0.47389	0.26169	1.6986	0.09126	0.55257	0.28835	1.83148	0.06881	0.47389	0.21773	1.48574	0.13925	0.65162	0.29486	2.28992	0.02256	0.27445	0.31714	2.4514	0.01467	0.18131
YRIAPOlabel	LCdom_E4YRI_vs_E4CEU	UGP2	ENSG00000169764	-0.02298	-0.18031	0.85713	0.99372	-0.0033	-0.02676	0.97869	0.99698	-0.02298	-0.18031	0.85713	0.99372	-0.03633	-0.29927	0.76511	0.99687	-0.11162	-0.88818	0.37499	0.80989	-0.06794	-0.56137	0.57487	0.90188
YRIAPOlabel	LCdom_E4YRI_vs_E4CEU	UGT8	ENSG00000174607	-0.07517	-0.39456	0.69367	0.99372	-0.05496	-0.30927	0.7575	0.96674	-0.07517	-0.39456	0.69367	0.99372	0.01526	0.08541	0.93204	0.99687	-0.06731	-0.4101	0.68195	0.92901	-0.00592	-0.0388	0.96907	0.98739
YRIAPOlabel	LCdom_E4YRI_vs_E4CEU	UNC5B	ENSG00000107731	0.27662	1.70611	0.08985	0.5232	0.24828	1.54366	0.12457	0.60622	0.27662	1.70611	0.08985	0.5232	0.23035	1.40371	0.16228	0.70294	0.19477	1.21664	0.22448	0.69816	0.22727	1.46748	0.14305	0.58773
YRIAPOlabel	LCdom_E4YRI_vs_E4CEU	VCAN	ENSG00000038427	0.00989	0.05099	0.95939	0.99372	-0.05886	-0.31193	0.75548	0.96674	0.00989	0.05099	0.95939	0.99372	-0.05393	-0.29581	0.76775	0.99687	0.05451	0.25536	0.79858	0.93424	0.10924	0.49604	0.62015	0.92476
YRIAPOlabel	LCdom_E4YRI_vs_E4CEU	VIP	ENSG00000146469	-0.19506	-0.38935	0.69751	0.99372	-0.16335	-0.32593	0.74489	0.95826	-0.19506	-0.38935	0.69751	0.99372	-0.34259	-0.6753	0.50044	0.96671	-0.15629	-0.33244	0.73974	0.92901	-0.03893	-0.08266	0.93417	0.96883
YRIAPOlabel	LCdom_E4YRI_vs_E4CEU	VWC2L	ENSG00000174453	0.02586	0.14744	0.88296	0.99372	0.05983	0.34124	0.73336	0.95826	0.02586	0.14744	0.88296	0.99372	0.02501	0.14219	0.8871	0.99687	-0.03055	-0.13024	0.89644	0.95394	-0.00614	-0.02609	0.9792	0.98739
YRIAPOlabel	LCdom_E4YRI_vs_E4CEU	WIF1	ENSG00000156076	0.59241	1.9725	0.0502	0.40612	0.75797	2.50298	0.01328	0.22133	0.59241	1.9725	0.0502	0.40612	0.81415	2.55655	0.01147	0.15349	0.34222	1.02924	0.304	0.7601	0.14734	0.43812	0.66155	0.934
YRIAPOlabel	LCdom_E4YRI_vs_E4CEU	XBP1s	XBP1s	-0.29829	-0.602	0.54799	0.9184	-0.02341	-0.04612	0.96327	0.99698	-0.29829	-0.602	0.54799	0.9184	0.23403	0.42421	0.67197	0.99687	-0.61635	-1.19214	0.23401	0.69816	-0.52584	-1.00972	0.31333	0.74705
YRIAPOlabel	LCdom_E4YRI_vs_E4CEU	XBP1u	XBP1u	-0.30265	-1.5856	0.11472	0.55097	-0.27565	-1.51818	0.13086	0.62849	-0.30265	-1.5856	0.11472	0.55097	-0.36722	-1.95555	0.0522	0.39696	-0.29671	-1.16257	0.24572	0.70594	-0.29268	-1.13563	0.25681	0.71011
YRIAPOlabel	LCdom_E4YRI_vs_E4CEU	ZBBX	ENSG00000169064	0.13699	0.30138	0.7635	0.99372	0.07895	0.17622	0.86034	0.98547	0.13699	0.30138	0.7635	0.99372	0.05073	0.10931	0.91309	0.99687	0.09327	0.25818	0.7964	0.93424	0.09461	0.25264	0.80068	0.934
YRIAPOlabel	LCdom_E4YRI_vs_E4CEU	ZDHHC23	ENSG00000184307	-0.17231	-0.62943	0.52993	0.9184	-0.15317	-0.54042	0.58963	0.94378	-0.17231	-0.62943	0.52993	0.9184	-0.40187	-1.39896	0.1637	0.70294	-0.21754	-0.55891	0.57656	0.91102	-0.31855	-0.82055	0.41242	0.80072
sexlabel	LCdom_Sex	ABCC9	ENSG00000069431	-0.09874	-0.6353	0.52589	0.65512	-0.08594	-0.554	0.58014	0.69655	-0.09874	-0.6353	0.52589	0.65512	-0.10566	-0.66469	0.50695	0.64026	-0.00316	-0.01702	0.98642	0.98915	-0.13514	-0.7486	0.45443	0.59552
sexlabel	LCdom_Sex	ACHE	ENSG00000087085	-0.62303	-5.08836	0	1e-05	-0.56565	-4.56039	1e-05	7e-05	-0.62303	-5.08836	0	1e-05	-0.57754	-4.64534	1e-05	5e-05	-0.51013	-4.95754	0	1e-05	-0.63745	-5.99079	0	0
sexlabel	LCdom_Sex	ADAMTS12	ENSG00000151388	-0.33318	-1.76854	0.07834	0.1692	-0.16975	-0.91283	0.36232	0.49346	-0.33318	-1.76854	0.07834	0.1692	-0.24855	-1.31012	0.19152	0.33393	-0.16658	-0.66093	0.50895	0.63707	-0.28097	-1.15154	0.25003	0.3929
sexlabel	LCdom_Sex	ADAMTS16	ENSG00000145536	-0.48381	-2.11475	0.03557	0.09078	-0.54519	-2.39697	0.01736	0.05709	-0.48381	-2.11475	0.03557	0.09078	-0.56683	-2.4333	0.01576	0.05183	-0.48415	-1.49367	0.13586	0.25957	-0.53648	-1.71272	0.08735	0.18988
sexlabel	LCdom_Sex	ADAMTS3	ENSG00000156140	-0.0263	-0.11717	0.90683	0.93876	-0.0586	-0.26755	0.78929	0.86514	-0.0263	-0.11717	0.90683	0.93876	-0.12708	-0.57358	0.56684	0.69662	0.0108	0.03703	0.97048	0.98202	0.05612	0.19649	0.84431	0.8807
sexlabel	LCdom_Sex	ADCYAP1	ENSG00000141433	0.38654	1.56071	0.12003	0.23469	0.10487	0.42508	0.67119	0.78245	0.38654	1.56071	0.12003	0.23469	-0.23766	-0.90315	0.36744	0.51584	0.35965	1.61311	0.10732	0.21644	0.16365	0.73508	0.46262	0.59762
sexlabel	LCdom_Sex	ADRA1A	ENSG00000120907	-0.03649	-0.34652	0.72928	0.80908	-0.00015	-0.0014	0.99888	0.99888	-0.03649	-0.34652	0.72928	0.80908	-0.03523	-0.32908	0.74241	0.84418	-0.03757	-0.31468	0.75313	0.81608	-0.07539	-0.63712	0.52433	0.65858
sexlabel	LCdom_Sex	ADRA1B	ENSG00000170214	-0.39169	-2.09001	0.03776	0.09312	-0.32798	-1.69783	0.09094	0.19187	-0.39169	-2.09001	0.03776	0.09312	-0.31664	-1.68781	0.09287	0.20297	-0.1887	-0.85178	0.39473	0.53492	-0.3652	-1.69094	0.09144	0.19526
sexlabel	LCdom_Sex	ADRA2A	ENSG00000150594	-0.32786	-1.55825	0.1206	0.23469	-0.2921	-1.36549	0.17348	0.30739	-0.32786	-1.55825	0.1206	0.23469	-0.2437	-1.11437	0.26634	0.41368	-0.1402	-0.93084	0.35237	0.49912	-0.23429	-1.51501	0.13037	0.24648
sexlabel	LCdom_Sex	AIF1	ENSG00000204472	1.42777	9.91302	0	0	1.46947	10.06801	0	0	1.42777	9.91302	0	0	1.46806	9.82822	0	0	1.54153	9.24254	0	0	1.38301	8.97264	0	0
sexlabel	LCdom_Sex	ALDOC	ENSG00000109107	-0.18995	-2.02338	0.04423	0.10511	-0.14374	-1.5062	0.13344	0.25907	-0.18995	-2.02338	0.04423	0.10511	-0.10245	-1.07137	0.28518	0.43884	-0.1108	-1.39148	0.16467	0.29395	-0.20202	-2.43205	0.01535	0.0493
sexlabel	LCdom_Sex	ALK	ENSG00000171094	-0.06009	-0.42892	0.66839	0.75765	-0.04914	-0.34093	0.73348	0.82375	-0.06009	-0.42892	0.66839	0.75765	-0.04867	-0.33984	0.7343	0.84044	0.06566	0.49564	0.62036	0.72828	0.02609	0.19666	0.84417	0.8807
sexlabel	LCdom_Sex	ANGPT1	ENSG00000154188	-0.06985	-0.51605	0.60633	0.72401	-0.05534	-0.41289	0.68009	0.78804	-0.06985	-0.51605	0.60633	0.72401	-0.03016	-0.2188	0.82701	0.89044	-0.01619	-0.10136	0.9193	0.95618	-0.04649	-0.29853	0.76542	0.83472
sexlabel	LCdom_Sex	ANK1	ENSG00000029534	-0.3831	-3.48856	0.00059	0.00285	-0.36406	-3.31093	0.00109	0.0054	-0.3831	-3.48856	0.00059	0.00285	-0.40305	-3.61379	0.00037	0.00204	-0.32166	-2.68764	0.00742	0.0256	-0.41856	-3.46895	0.00057	0.00296
sexlabel	LCdom_Sex	ANKRD18A	ENSG00000180071	0.20792	1.2376	0.21717	0.35868	0.22808	1.37042	0.17194	0.30739	0.20792	1.2376	0.21717	0.35868	0.25144	1.46317	0.14485	0.27472	0.37058	2.27351	0.0234	0.06741	0.25197	1.56482	0.11823	0.23324
sexlabel	LCdom_Sex	ANO3	ENSG00000134343	-0.07319	-0.5026	0.61574	0.72733	0.04731	0.32806	0.74318	0.83209	-0.07319	-0.5026	0.61574	0.72733	-0.04468	-0.29861	0.76552	0.84845	0.11226	0.58205	0.56078	0.67971	-0.08759	-0.46185	0.64438	0.74254
sexlabel	LCdom_Sex	ANXA1	ENSG00000135046	-0.21343	-1.19709	0.23255	0.37725	-0.23285	-1.28975	0.19848	0.33279	-0.21343	-1.19709	0.23255	0.37725	-0.28605	-1.54887	0.12285	0.24503	-0.30887	-1.52146	0.12875	0.24728	-0.28102	-1.39337	0.1641	0.28916
sexlabel	LCdom_Sex	APLP1	ENSG00000105290	-0.02274	-0.19731	0.84376	0.90064	-0.01229	-0.10761	0.9144	0.94282	-0.02274	-0.19731	0.84376	0.90064	-0.00868	-0.07366	0.94135	0.96775	0.16271	1.782	0.07533	0.15991	0.00507	0.05808	0.9537	0.96372
sexlabel	LCdom_Sex	APOC1	ENSG00000130208	-0.48113	-2.96919	0.00331	0.01329	-0.39579	-2.42632	0.01605	0.05403	-0.48113	-2.96919	0.00331	0.01329	-0.31835	-1.97258	0.0498	0.128	-0.28989	-1.78719	0.07448	0.15977	-0.41565	-2.63904	0.00856	0.03017
sexlabel	LCdom_Sex	APOE	ENSG00000130203	-0.46962	-3.72164	0.00025	0.00137	-0.42852	-3.39127	0.00082	0.00423	-0.46962	-3.72164	0.00025	0.00137	-0.37876	-2.95901	0.00342	0.01454	-0.37159	-3.49451	0.00052	0.00249	-0.45797	-4.21716	3e-05	2e-04
sexlabel	LCdom_Sex	APOLD1	ENSG00000178878	-1.01483	-4.17626	4e-05	3e-04	-1.00233	-4.13206	5e-05	0.00032	-1.01483	-4.17626	4e-05	3e-04	-0.98808	-3.97453	1e-04	0.00064	-0.97702	-4.12965	4e-05	0.00028	-1.13563	-4.96797	0	1e-05
sexlabel	LCdom_Sex	APP	ENSG00000142192	-0.12336	-1.67298	0.09574	0.19969	-0.07986	-1.09998	0.27253	0.41049	-0.12336	-1.67298	0.09574	0.19969	-0.0794	-1.06921	0.28615	0.43884	0.01161	0.17669	0.85982	0.90206	-0.11081	-1.76254	0.07856	0.17603
sexlabel	LCdom_Sex	AQP4	ENSG00000171885	-0.2053	-1.72642	0.08566	0.18179	-0.18362	-1.55754	0.12077	0.24131	-0.2053	-1.72642	0.08566	0.18179	-0.13631	-1.12451	0.26202	0.41165	-0.25345	-2.31007	0.02127	0.06227	-0.28403	-2.42248	0.01575	0.05016
sexlabel	LCdom_Sex	ARHGAP24	ENSG00000138639	0.04848	0.40761	0.68395	0.7705	0.10736	0.86962	0.38545	0.51915	0.04848	0.40761	0.68395	0.7705	0.14007	1.1271	0.26093	0.41165	0.22052	1.85078	0.06476	0.1437	0.13519	1.17436	0.24079	0.38168
sexlabel	LCdom_Sex	ARL8B	ENSG00000134108	0.26304	2.72798	0.00688	0.02463	0.30704	3.16968	0.00174	0.00795	0.26304	2.72798	0.00688	0.02463	0.34565	3.47927	0.00061	0.00307	0.28277	3.21025	0.00141	0.00623	0.19563	2.30919	0.02132	0.06192
sexlabel	LCdom_Sex	ASTN1	ENSG00000152092	-0.2127	-2.30811	0.02191	0.06249	-0.14528	-1.58269	0.11492	0.23564	-0.2127	-2.30811	0.02191	0.06249	-0.12655	-1.34834	0.17894	0.31859	-0.15744	-1.86852	0.06225	0.14035	-0.24631	-2.86415	0.00435	0.01662
sexlabel	LCdom_Sex	ATF4	ENSG00000128272	0.08841	0.9669	0.33464	0.47527	0.12642	1.37542	0.17039	0.30739	0.08841	0.9669	0.33464	0.47527	0.14338	1.5642	0.11921	0.2404	0.17164	2.18709	0.02918	0.07963	0.06128	0.84813	0.39675	0.5497
sexlabel	LCdom_Sex	ATN1	ENSG00000111676	-0.27201	-3.7829	2e-04	0.00112	-0.22849	-3.20279	0.00156	0.0073	-0.27201	-3.7829	2e-04	0.00112	-0.24946	-3.35929	0.00092	0.00437	-0.17128	-2.64029	0.00853	0.02834	-0.26607	-4.1841	3e-05	0.00023
sexlabel	LCdom_Sex	ATP2C2	ENSG00000064270	-0.17252	-1.14955	0.25157	0.39923	-0.03896	-0.26813	0.78885	0.86514	-0.17252	-1.14955	0.25157	0.39923	-0.02514	-0.16464	0.86938	0.92784	0.08358	0.48591	0.62723	0.72828	-0.1093	-0.64306	0.52047	0.656
sexlabel	LCdom_Sex	AVP	ENSG00000101200	-1.23109	-2.65178	0.00858	0.02928	-1.15146	-2.46028	0.01465	0.05141	-1.23109	-2.65178	0.00858	0.02928	-1.0149	-2.10879	0.0361	0.09981								
sexlabel	LCdom_Sex	AZIN1	ENSG00000155096	-0.01337	-0.16928	0.86573	0.91023	0.02558	0.31509	0.75299	0.83793	-0.01337	-0.16928	0.86573	0.91023	0.06191	0.76275	0.44643	0.58826	0.0588	0.84705	0.39736	0.53492	-0.02088	-0.32363	0.74635	0.82349
sexlabel	LCdom_Sex	B4GALNT1	ENSG00000135454	-0.10109	-0.84147	0.40099	0.53809	-0.04338	-0.3584	0.72038	0.81154	-0.10109	-0.84147	0.40099	0.53809	-0.04887	-0.40202	0.68806	0.79982	-0.0043	-0.03612	0.9712	0.98202	-0.09213	-0.78447	0.43312	0.58231
sexlabel	LCdom_Sex	BAG3	ENSG00000151929	-0.49405	-3.65043	0.00033	0.0017	-0.48585	-3.54476	0.00048	0.00257	-0.49405	-3.65043	0.00033	0.0017	-0.48268	-3.50499	0.00055	0.00284	-0.44418	-3.79416	0.00017	0.00097	-0.51415	-4.4452	1e-05	8e-05
sexlabel	LCdom_Sex	BCAN	ENSG00000132692	-0.3868	-3.22538	0.00145	0.00622	-0.29613	-2.54459	0.01162	0.04158	-0.3868	-3.22538	0.00145	0.00622	-0.28853	-2.42476	0.01613	0.05216	-0.19005	-1.60128	0.10992	0.22044	-0.27937	-2.32939	0.02022	0.0601
sexlabel	LCdom_Sex	BRINP3	ENSG00000162670	-0.01098	-0.09173	0.927	0.94777	0.04398	0.36277	0.71712	0.81037	-0.01098	-0.09173	0.927	0.94777	0.03219	0.26993	0.78747	0.85798	-0.04233	-0.36181	0.71764	0.79665	-0.09904	-0.8393	0.40169	0.55442
sexlabel	LCdom_Sex	BTBD11	ENSG00000151136	0.22963	1.66719	0.09689	0.20093	0.26201	1.91336	0.05699	0.14062	0.22963	1.66719	0.09689	0.20093	0.17033	1.17825	0.23997	0.38833	0.21866	1.62166	0.10548	0.21396	0.13008	0.94444	0.34538	0.49359
sexlabel	LCdom_Sex	C1QA	ENSG00000173372	-0.10388	-0.77151	0.44122	0.57899	-0.08895	-0.67068	0.50313	0.62891	-0.10388	-0.77151	0.44122	0.57899	-0.06254	-0.45576	0.64901	0.76912	-0.03693	-0.33079	0.74093	0.80768	-0.10182	-0.9275	0.35409	0.50209
sexlabel	LCdom_Sex	C1QB	ENSG00000173369	0.52155	4.48396	1e-05	9e-05	0.55187	4.69753	0	4e-05	0.52155	4.48396	1e-05	9e-05	0.5595	4.61116	1e-05	6e-05	0.61012	5.14443	0	0	0.515	4.5797	1e-05	5e-05
sexlabel	LCdom_Sex	C1QL3	ENSG00000165985	0.23974	1.41003	0.15993	0.28898	0.22949	1.31508	0.18984	0.32379	0.23974	1.41003	0.15993	0.28898	0.05028	0.28052	0.77935	0.85424	0.28899	1.54722	0.12241	0.23797	0.17395	0.91186	0.36226	0.51168
sexlabel	LCdom_Sex	C1orf162	ENSG00000143110	0.10979	0.95807	0.33907	0.47969	0.17862	1.5619	0.11974	0.24131	0.10979	0.95807	0.33907	0.47969	0.14854	1.27082	0.20514	0.34988	0.1668	1.10107	0.27137	0.40706	0.10199	0.69501	0.48735	0.62309
sexlabel	LCdom_Sex	C3	ENSG00000125730	1.47779	8.89724	0	0	1.50149	9.0519	0	0	1.47779	8.89724	0	0	1.455	8.44647	0	0	1.50418	9.85809	0	0	1.39404	9.67455	0	0
sexlabel	LCdom_Sex	CABLES1	ENSG00000134508	-0.36926	-3.03483	0.00269	0.01105	-0.32301	-2.65903	0.00841	0.03197	-0.36926	-3.03483	0.00269	0.01105	-0.30874	-2.51946	0.01246	0.04252	-0.33664	-2.72705	0.0066	0.02397	-0.36079	-2.86533	0.00433	0.01662
sexlabel	LCdom_Sex	CALCRL	ENSG00000064989	-0.26193	-1.77752	0.07685	0.16697	-0.17456	-1.17896	0.23968	0.38589	-0.26193	-1.77752	0.07685	0.16697	-0.15136	-1.00711	0.31499	0.46359	-0.07977	-0.53021	0.59619	0.70724	-0.1082	-0.72037	0.47162	0.60709
sexlabel	LCdom_Sex	CAPG	ENSG00000042493	0.25143	1.96103	0.05113	0.11591	0.28436	2.21207	0.02798	0.08441	0.25143	1.96103	0.05113	0.11591	0.25588	1.95855	0.05143	0.13127	0.29765	2.09904	0.03629	0.09343	0.23166	1.67569	0.0944	0.19922
sexlabel	LCdom_Sex	CAPN3	ENSG00000092529	0.29313	2.15962	0.03187	0.08555	0.23383	1.76823	0.0784	0.18111	0.29313	2.15962	0.03187	0.08555	0.28271	2.06648	0.03996	0.10883	0.35039	2.67531	0.0077	0.02588	0.20226	1.60354	0.10942	0.22174
sexlabel	LCdom_Sex	CARTPT	ENSG00000164326	-0.31953	-1.03138	0.3035	0.44849	-0.19827	-0.61364	0.54009	0.67052	-0.31953	-1.03138	0.3035	0.44849	-0.31124	-0.9739	0.33119	0.4778	0.20028	0.79975	0.42422	0.55997	-0.01393	-0.05551	0.95576	0.96372
sexlabel	LCdom_Sex	CAV1	ENSG00000105974	-0.43552	-2.52847	0.01215	0.03925	-0.37655	-2.1937	0.0293	0.08765	-0.43552	-2.52847	0.01215	0.03925	-0.50365	-2.87163	0.00448	0.0176	-0.54585	-2.72117	0.00672	0.02416	-0.36695	-1.85876	0.06362	0.15295
sexlabel	LCdom_Sex	CCK	ENSG00000187094	0.33052	1.31929	0.18844	0.32291	0.27111	1.09826	0.27328	0.41049	0.33052	1.31929	0.18844	0.32291	0.01782	0.07046	0.94389	0.96775	-0.13266	-0.58062	0.56174	0.67971	-0.1069	-0.46488	0.64221	0.74254
sexlabel	LCdom_Sex	CCL4	ENSG00000275302	0.1213	0.38953	0.69725	0.78307	0.21567	0.68879	0.49168	0.61884	0.1213	0.38953	0.69725	0.78307	0.06504	0.20422	0.83837	0.90001	0.18136	0.47786	0.63295	0.73172	0.23344	0.63242	0.52739	0.66014
sexlabel	LCdom_Sex	CCL5	ENSG00000271503	0.05161	0.1666	0.86784	0.91023	0.04696	0.14856	0.88203	0.92293	0.05161	0.1666	0.86784	0.91023	-0.09037	-0.28505	0.77588	0.85424	0.50499	1.44964	0.14776	0.27604	0.48432	1.44228	0.14982	0.2754
sexlabel	LCdom_Sex	CCNA1	ENSG00000133101	-0.08493	-0.45939	0.6464	0.74664	-0.05541	-0.28896	0.77288	0.85261	-0.08493	-0.45939	0.6464	0.74664	-0.01196	-0.06283	0.94996	0.97125	-0.01687	-0.09455	0.92471	0.95772	-0.05797	-0.32898	0.74231	0.82349
sexlabel	LCdom_Sex	CCNB2	ENSG00000157456	-0.12406	-0.54323	0.58752	0.71008	0.00792	0.03541	0.97178	0.98528	-0.12406	-0.54323	0.58752	0.71008	0.07758	0.33649	0.73682	0.84044	-0.11877	-0.42364	0.672	0.75993	-0.15741	-0.57405	0.56618	0.68508
sexlabel	LCdom_Sex	CD14	ENSG00000170458	0.40959	2.26112	0.02472	0.06836	0.44816	2.4626	0.01456	0.05141	0.40959	2.26112	0.02472	0.06836	0.45356	2.42377	0.01617	0.05216	0.59181	2.68209	0.00755	0.0256	0.48864	2.38989	0.01721	0.05293
sexlabel	LCdom_Sex	CD163	ENSG00000177575	0.34872	1.3439	0.18035	0.31347	0.24311	0.9461	0.34513	0.47357	0.34872	1.3439	0.18035	0.31347	0.27712	1.04328	0.29797	0.44746	0.55951	1.92067	0.05532	0.1303	0.56184	2.03466	0.04239	0.10836
sexlabel	LCdom_Sex	CD2	ENSG00000116824	-0.42618	-2.72352	0.00697	0.02471	-0.38032	-2.44708	0.01518	0.05227	-0.42618	-2.72352	0.00697	0.02471	-0.43939	-2.77419	0.00601	0.02285	-0.51703	-2.43592	0.01519	0.04556	-0.56941	-2.72694	0.00661	0.02374
sexlabel	LCdom_Sex	CD36	ENSG00000135218	1.40917	2.71873	0.00708	0.02484	1.379	2.64555	0.00875	0.03292	1.40917	2.71873	0.00708	0.02484	1.46964	2.73169	0.00682	0.0249	1.14751	2.638	0.00859	0.02834	1.22346	2.82762	0.00487	0.01822
sexlabel	LCdom_Sex	CD3G	ENSG00000160654	-0.27574	-1.0229	0.30747	0.45071	-0.36817	-1.38663	0.16695	0.30689	-0.27574	-1.0229	0.30747	0.45071	-0.40109	-1.45578	0.14688	0.27493	-0.22007	-0.7195	0.47215	0.60381	-0.30293	-1.03423	0.30151	0.4504
sexlabel	LCdom_Sex	CD4	ENSG00000010610	0.70984	5.43682	0	0	0.78295	5.97098	0	0	0.70984	5.43682	0	0	0.74647	5.47072	0	0	0.89507	5.82653	0	0	0.86104	5.89321	0	0
sexlabel	LCdom_Sex	CD48	ENSG00000117091	-0.50971	-4.32383	2e-05	0.00017	-0.49559	-4.14632	5e-05	0.00031	-0.50971	-4.32383	2e-05	0.00017	-0.55733	-4.5524	1e-05	7e-05	-0.49015	-3.7664	0.00018	0.00105	-0.56177	-4.4201	1e-05	9e-05
sexlabel	LCdom_Sex	CD52	ENSG00000169442	-0.17588	-0.70651	0.48061	0.61371	-0.25094	-1.0398	0.29957	0.4339	-0.17588	-0.70651	0.48061	0.61371	-0.23444	-0.88307	0.37816	0.52483	-0.17995	-0.54128	0.58854	0.70277	-0.32181	-1.02255	0.30699	0.45485
sexlabel	LCdom_Sex	CD68	ENSG00000129226	1.03362	6.4347	0	0	1.03437	6.49054	0	0	1.03362	6.4347	0	0	1.0182	6.0701	0	0	1.14158	6.46728	0	0	1.07334	6.4301	0	0
sexlabel	LCdom_Sex	CD74	ENSG00000019582	0.96561	6.79615	0	0	0.97078	6.84396	0	0	0.96561	6.79615	0	0	0.93742	6.40348	0	0	1.03589	7.95492	0	0	0.9576	7.94713	0	0
sexlabel	LCdom_Sex	CD83	ENSG00000112149	-0.16519	-1.39331	0.16492	0.29653	-0.08887	-0.74772	0.45542	0.58531	-0.16519	-1.39331	0.16492	0.29653	-0.095	-0.78501	0.43329	0.5751	-0.05109	-0.37081	0.71093	0.79405	-0.21041	-1.54259	0.12353	0.24043
sexlabel	LCdom_Sex	CD86	ENSG00000114013	0.87681	4.09049	6e-05	4e-04	0.914	4.30132	3e-05	0.00019	0.87681	4.09049	6e-05	4e-04	0.91505	4.14488	5e-05	0.00034	0.84276	3.92352	1e-04	0.00063	0.76409	3.73819	0.00021	0.00117
sexlabel	LCdom_Sex	CDH1	ENSG00000039068	0.1805	1.1537	0.24986	0.39923	0.1758	1.10066	0.27224	0.41049	0.1805	1.1537	0.24986	0.39923	0.23887	1.46211	0.14514	0.27472	0.26073	1.43842	0.15091	0.27808	0.11735	0.67453	0.50027	0.63719
sexlabel	LCdom_Sex	CDH12	ENSG00000154162	-0.07711	-0.50307	0.61541	0.72733	-0.057	-0.36683	0.71409	0.80945	-0.07711	-0.50307	0.61541	0.72733	-0.07225	-0.46205	0.6445	0.76836	-0.08778	-0.46448	0.64249	0.73456	-0.14849	-0.79356	0.42781	0.58163
sexlabel	LCdom_Sex	CDH4	ENSG00000179242	-0.35518	-2.02039	0.04455	0.10511	-0.30428	-1.70389	0.0898	0.19163	-0.35518	-2.02039	0.04455	0.10511	-0.49099	-2.75823	0.0063	0.02347	-0.36074	-2.02715	0.04315	0.11031	-0.42746	-2.41199	0.01621	0.05072
sexlabel	LCdom_Sex	CDH6	ENSG00000113361	-0.08107	-0.67627	0.49957	0.62878	-0.00377	-0.03202	0.97449	0.98529	-0.08107	-0.67627	0.49957	0.62878	0.00488	0.04065	0.96761	0.97833	0.02969	0.2295	0.81857	0.87394	-0.05646	-0.45491	0.64936	0.74327
sexlabel	LCdom_Sex	CDK1	ENSG00000170312	-0.12662	-0.61191	0.54123	0.66514	-0.20829	-1.00039	0.31821	0.45018	-0.12662	-0.61191	0.54123	0.66514	-0.12775	-0.59503	0.55244	0.68352	-0.01808	-0.05232	0.95829	0.98145	-0.13021	-0.39591	0.69233	0.78536
sexlabel	LCdom_Sex	CEMIP	ENSG00000103888	0.02503	0.1419	0.88729	0.92797	-0.0064	-0.03697	0.97054	0.98528	0.02503	0.1419	0.88729	0.92797	-0.09214	-0.50456	0.61437	0.73832	0.03822	0.18567	0.85277	0.89898	0.04312	0.21814	0.8274	0.8775
sexlabel	LCdom_Sex	CEMIP2	ENSG00000135048	-0.52141	-4.27707	3e-05	2e-04	-0.51906	-4.32853	2e-05	0.00018	-0.52141	-4.27707	3e-05	2e-04	-0.57508	-4.58087	1e-05	6e-05	-0.47223	-2.79122	0.00544	0.02037	-0.45506	-2.8889	0.00403	0.01588
sexlabel	LCdom_Sex	CENPF	ENSG00000117724	-0.23574	-1.30129	0.19451	0.33022	-0.14898	-0.83326	0.40559	0.53638	-0.23574	-1.30129	0.19451	0.33022	-0.28818	-1.568	0.11832	0.23993	-0.23114	-0.9289	0.35337	0.49912	-0.32913	-1.34255	0.18	0.30821
sexlabel	LCdom_Sex	CHAC1	ENSG00000128965	-0.75603	-5.08526	0	1e-05	-0.71727	-4.88807	0	2e-05	-0.75603	-5.08526	0	1e-05	-0.74494	-4.90188	0	2e-05	-0.69555	-3.58701	0.00037	0.00184	-0.80789	-4.27302	2e-05	0.00016
sexlabel	LCdom_Sex	CHGB	ENSG00000089199	-0.51076	-3.35518	0.00093	0.00428	-0.46119	-2.89295	0.0042	0.01721	-0.51076	-3.35518	0.00093	0.00428	-0.43651	-2.71206	0.00722	0.02608	-0.35194	-2.88138	0.00412	0.01592	-0.43885	-3.46621	0.00057	0.00296
sexlabel	LCdom_Sex	CHODL	ENSG00000154645	-0.62073	-2.59535	0.01008	0.03376	-0.51858	-2.06246	0.04034	0.11154	-0.62073	-2.59535	0.01008	0.03376	-0.40314	-1.5814	0.11524	0.23763	-0.32619	-1.54379	0.12324	0.23797	-0.45446	-2.1893	0.02902	0.08165
sexlabel	LCdom_Sex	CLDN11	ENSG00000013297	0.22164	1.43405	0.15297	0.27916	0.18962	1.23976	0.21637	0.35575	0.22164	1.43405	0.15297	0.27916	0.15571	0.98492	0.32574	0.47369	0.37945	2.86006	0.0044	0.01683	0.22959	1.8157	0.06999	0.16346
sexlabel	LCdom_Sex	CNDP1	ENSG00000150656	0.26085	1.73564	0.08402	0.17933	0.21167	1.4472	0.14925	0.28226	0.26085	1.73564	0.08402	0.17933	0.19592	1.3111	0.19119	0.33393	0.34722	2.74227	0.00631	0.02314	0.20457	1.65779	0.09796	0.20291
sexlabel	LCdom_Sex	CNTN2	ENSG00000184144	0.09246	0.74679	0.45598	0.5881	0.07049	0.57676	0.56469	0.68024	0.09246	0.74679	0.45598	0.5881	0.06676	0.52785	0.59813	0.72773	0.23062	2.32791	0.0203	0.0599	0.09398	0.9915	0.3219	0.47117
sexlabel	LCdom_Sex	CNTNAP3B	ENSG00000154529	-0.23743	-1.55274	0.12191	0.23544	-0.16873	-1.12065	0.26365	0.40434	-0.23743	-1.55274	0.12191	0.23544	-0.20227	-1.30821	0.19217	0.33393	-0.17326	-0.9429	0.34617	0.49278	-0.24813	-1.41312	0.15821	0.28291
sexlabel	LCdom_Sex	COL12A1	ENSG00000111799	0.02578	0.12866	0.89775	0.93355	0.03051	0.15241	0.87901	0.92293	0.02578	0.12866	0.89775	0.93355	-0.03195	-0.15485	0.87708	0.93063	0.08277	0.39698	0.69154	0.7796	0.05253	0.2532	0.80021	0.86426
sexlabel	LCdom_Sex	COL25A1	ENSG00000188517	-0.32599	-1.91037	0.05737	0.12848	-0.2949	-1.76877	0.07831	0.18111	-0.32599	-1.91037	0.05737	0.12848	-0.35746	-2.04484	0.04206	0.11206	-0.2262	-1.24703	0.21294	0.34355	-0.44221	-2.48399	0.0133	0.04358
sexlabel	LCdom_Sex	CORO1A	ENSG00000102879	0.08577	0.70608	0.48088	0.61371	0.14572	1.17264	0.2422	0.38589	0.08577	0.70608	0.48088	0.61371	0.13295	1.05449	0.29282	0.4429	0.18177	1.33773	0.18157	0.30943	0.05028	0.38863	0.69771	0.789
sexlabel	LCdom_Sex	CP	ENSG00000047457	0.29892	1.16429	0.24555	0.39484	0.35261	1.37671	0.16999	0.30739	0.29892	1.16429	0.24555	0.39484	0.21682	0.81913	0.4136	0.55912	0.25974	0.95886	0.33807	0.48315	0.3228	1.21823	0.22368	0.36088
sexlabel	LCdom_Sex	CPEB4	ENSG00000113742	-0.00247	-0.02422	0.9807	0.98883	0.06023	0.58496	0.55917	0.67962	-0.00247	-0.02422	0.9807	0.98883	0.08779	0.84283	0.40024	0.54952	-0.00232	-0.02366	0.98114	0.98731	-0.08776	-0.9339	0.35079	0.49935
sexlabel	LCdom_Sex	CRH	ENSG00000147571	-0.56228	-1.93532	0.05424	0.1222	-0.30969	-1.14196	0.25472	0.39562	-0.56228	-1.93532	0.05424	0.1222	-0.31623	-1.12275	0.26278	0.41165	-0.27639	-1.006	0.31488	0.46276	-0.41276	-1.53505	0.12538	0.2408
sexlabel	LCdom_Sex	CRHBP	ENSG00000145708	0.18916	0.94519	0.34559	0.486	0.34275	1.70123	0.0903	0.19163	0.18916	0.94519	0.34559	0.486	0.30619	1.47088	0.14276	0.27472	0.41987	2.01972	0.04392	0.11072	0.18459	0.89788	0.36966	0.51662
sexlabel	LCdom_Sex	CRHR1	ENSG00000120088	-0.51958	-3.90555	0.00012	0.00072	-0.50672	-3.79172	0.00019	0.00117	-0.51958	-3.90555	0.00012	0.00072	-0.49368	-3.64007	0.00034	0.00194	-0.46501	-4.4865	1e-05	7e-05	-0.53388	-5.15128	0	0
sexlabel	LCdom_Sex	CRYM	ENSG00000103316	-0.30053	-1.32573	0.18629	0.32074	-0.29678	-1.30737	0.19244	0.3267	-0.30053	-1.32573	0.18629	0.32074	-0.26994	-1.16298	0.2461	0.39571	-0.17152	-0.71695	0.47373	0.60381	-0.30223	-1.284	0.19971	0.33562
sexlabel	LCdom_Sex	CSPG4	ENSG00000173546	-0.3143	-2.29639	0.02259	0.06342	-0.21005	-1.56063	0.12004	0.24131	-0.3143	-2.29639	0.02259	0.06342	-0.23727	-1.73163	0.08474	0.18861	-0.13919	-0.912	0.36219	0.50567	-0.2951	-1.98002	0.04822	0.1199
sexlabel	LCdom_Sex	CSTB	ENSG00000160213	0.08074	0.93912	0.34869	0.486	0.10119	1.15543	0.24916	0.39031	0.08074	0.93912	0.34869	0.486	0.14221	1.62823	0.10491	0.22134	0.14609	1.44775	0.14828	0.27604	0.05703	0.58586	0.55822	0.67998
sexlabel	LCdom_Sex	CTNNA3	ENSG00000183230	0.29332	2.48204	0.01381	0.04234	0.27341	2.29121	0.02289	0.07202	0.29332	2.48204	0.01381	0.04234	0.22161	1.83012	0.06859	0.16151	0.41588	3.06355	0.0023	0.00949	0.30389	2.32667	0.02036	0.0601
sexlabel	LCdom_Sex	CTSH	ENSG00000103811	0.15849	1.04652	0.29646	0.43987	0.2067	1.36711	0.17298	0.30739	0.15849	1.04652	0.29646	0.43987	0.14845	0.94147	0.3475	0.49353	0.13845	0.89217	0.37271	0.51443	0.0988	0.65307	0.514	0.65011
sexlabel	LCdom_Sex	CTSS	ENSG00000163131	0.71068	5.54392	0	0	0.74521	5.82721	0	0	0.71068	5.54392	0	0	0.70686	5.30074	0	0	0.7965	4.72025	0	3e-05	0.76813	4.7867	0	2e-05
sexlabel	LCdom_Sex	CUX2	ENSG00000111249	-0.6837	-5.00698	0	1e-05	-0.61712	-4.50139	1e-05	9e-05	-0.6837	-5.00698	0	1e-05	-0.60779	-4.41881	2e-05	0.00012	-0.64725	-4.19685	3e-05	0.00023	-0.75077	-4.95624	0	1e-05
sexlabel	LCdom_Sex	CX3CR1	ENSG00000168329	0.26989	2.3021	0.02226	0.06298	0.28378	2.4244	0.01613	0.05403	0.26989	2.3021	0.02226	0.06298	0.25188	2.06081	0.0405	0.1095	0.42345	3.97029	8e-05	0.00053	0.34776	3.39489	0.00074	0.00372
sexlabel	LCdom_Sex	CXCL14	ENSG00000145824	-0.47996	-3.29087	0.00116	0.00517	-0.43799	-2.96602	0.00335	0.01437	-0.47996	-3.29087	0.00116	0.00517	-0.3848	-2.62376	0.00931	0.0333	-0.44452	-3.08347	0.00215	0.00899	-0.44311	-3.0713	0.00224	0.00969
sexlabel	LCdom_Sex	CXCR4	ENSG00000121966	0.0944	0.44301	0.65819	0.75547	0.13322	0.63244	0.52775	0.65743	0.0944	0.44301	0.65819	0.75547	0.09834	0.45959	0.64627	0.76836	0.24826	1.02099	0.30773	0.45409	0.1121	0.47572	0.63447	0.74254
sexlabel	LCdom_Sex	CYTIP	ENSG00000115165	0.23803	1.27673	0.20303	0.33839	0.31996	1.70945	0.08877	0.19136	0.23803	1.27673	0.20303	0.33839	0.31407	1.63635	0.1032	0.219	0.33989	1.49048	0.1367	0.2598	0.30049	1.39829	0.16262	0.28916
sexlabel	LCdom_Sex	DBH	ENSG00000123454	-0.63156	-2.15017	0.03264	0.08577	-0.57943	-1.91328	0.05702	0.14062	-0.63156	-2.15017	0.03264	0.08577	-0.4701	-1.47747	0.141	0.27446	-0.3301	-1.32601	0.18541	0.31305	-0.39539	-1.49368	0.13586	0.25422
sexlabel	LCdom_Sex	DCN	ENSG00000011465	-0.10147	-0.51513	0.60698	0.72401	-0.0388	-0.20374	0.83874	0.90202	-0.10147	-0.51513	0.60698	0.72401	-0.18102	-0.89802	0.37016	0.51766	0.00493	0.02273	0.98187	0.98731	0.05577	0.26358	0.79221	0.85842
sexlabel	LCdom_Sex	DDC	ENSG00000132437	-0.48402	-2.24677	0.02564	0.07036	-0.43391	-1.92905	0.055	0.1375	-0.48402	-2.24677	0.02564	0.07036	-0.36831	-1.63904	0.10264	0.219	-0.26556	-1.1705	0.24233	0.37754	-0.38067	-1.69298	0.09105	0.19526
sexlabel	LCdom_Sex	DDIT3	ENSG00000175197	-0.08979	-0.84481	0.39913	0.53809	-0.06405	-0.59757	0.55074	0.67683	-0.08979	-0.84481	0.39913	0.53809	-0.0321	-0.30153	0.7633	0.84845	-0.04898	-0.48488	0.62797	0.72828	-0.13875	-1.46112	0.14458	0.26777
sexlabel	LCdom_Sex	DDR2	ENSG00000162733	-0.03865	-0.35352	0.72404	0.80715	-0.02338	-0.21182	0.83244	0.90161	-0.03865	-0.35352	0.72404	0.80715	-0.01629	-0.14471	0.88507	0.93189	0.01477	0.09285	0.92606	0.95772	0.03318	0.22005	0.82591	0.8775
sexlabel	LCdom_Sex	DNAJB1	ENSG00000132002	-0.07142	-0.46912	0.63944	0.7433	-0.049	-0.32121	0.74836	0.83532	-0.07142	-0.46912	0.63944	0.7433	-0.00221	-0.01444	0.9885	0.99095	0.05153	0.44664	0.65532	0.74571	-0.03546	-0.32062	0.74863	0.82349
sexlabel	LCdom_Sex	DNAJC6	ENSG00000116675	-0.02507	-0.24116	0.80966	0.86919	0.02062	0.19568	0.84504	0.90202	-0.02507	-0.24116	0.80966	0.86919	0.03563	0.3383	0.73546	0.84044	0.08275	0.97106	0.33196	0.47936	-0.04488	-0.52978	0.59649	0.71461
sexlabel	LCdom_Sex	DNER	ENSG00000187957	0.10452	0.98432	0.32603	0.46849	0.13529	1.28163	0.20131	0.334	0.10452	0.98432	0.32603	0.46849	0.17239	1.5902	0.11323	0.23504	0.20186	2.45412	0.01445	0.04444	0.09464	1.18643	0.23599	0.37737
sexlabel	LCdom_Sex	DUSP1	ENSG00000120129	-0.98773	-5.15372	0	1e-05	-0.95092	-4.97979	0	1e-05	-0.98773	-5.15372	0	1e-05	-0.97386	-4.93582	0	2e-05	-0.95333	-4.47966	1e-05	7e-05	-0.98399	-4.72018	0	2e-05
sexlabel	LCdom_Sex	EFHD1	ENSG00000115468	-0.14443	-1.09783	0.27347	0.41869	-0.14409	-1.09295	0.2756	0.41205	-0.14443	-1.09783	0.27347	0.41869	-0.15323	-1.13667	0.25691	0.40949	-0.04605	-0.44225	0.65849	0.74697	-0.16106	-1.6163	0.10663	0.21746
sexlabel	LCdom_Sex	EGFR	ENSG00000146648	-0.32501	-2.77057	0.00607	0.02216	-0.28916	-2.43391	0.01573	0.05365	-0.32501	-2.77057	0.00607	0.02216	-0.26399	-2.21342	0.0279	0.07969	-0.25002	-2.12456	0.03409	0.08852	-0.26153	-2.1394	0.03286	0.08903
sexlabel	LCdom_Sex	ELOVL2	ENSG00000197977	-0.28872	-1.67903	0.09455	0.19835	-0.25874	-1.50212	0.13449	0.25973	-0.28872	-1.67903	0.09455	0.19835	-0.25621	-1.46166	0.14526	0.27472	-0.32412	-1.93488	0.05354	0.12786	-0.29234	-1.78542	0.07477	0.16858
sexlabel	LCdom_Sex	ENC1	ENSG00000171617	-0.3535	-2.50611	0.01292	0.04067	-0.28644	-1.98286	0.04862	0.12953	-0.3535	-2.50611	0.01292	0.04067	-0.24301	-1.71881	0.08706	0.19258	-0.22532	-1.88906	0.05944	0.13548	-0.29301	-2.41343	0.01615	0.05072
sexlabel	LCdom_Sex	ENHO	ENSG00000168913	-0.75665	-5.64569	0	0	-0.73767	-5.54548	0	0	-0.75665	-5.64569	0	0	-0.76929	-5.6495	0	0	-0.73707	-7.20359	0	0	-0.77241	-7.30254	0	0
sexlabel	LCdom_Sex	ERBB3	ENSG00000065361	0.34845	2.50218	0.01306	0.04068	0.35385	2.56025	0.01112	0.0402	0.34845	2.50218	0.01306	0.04068	0.32534	2.29746	0.02253	0.06633	0.56416	4.60699	1e-05	5e-05	0.37995	3.21862	0.00137	0.00653
sexlabel	LCdom_Sex	ERMN	ENSG00000136541	0.34701	2.61307	0.00959	0.0324	0.29658	2.26113	0.02472	0.07583	0.34701	2.61307	0.00959	0.0324	0.25755	1.88865	0.06026	0.14565	0.50407	4.58605	1e-05	5e-05	0.36156	3.40544	0.00071	0.00364
sexlabel	LCdom_Sex	EYA4	ENSG00000112319	0.24504	1.0574	0.29148	0.43775	0.27045	1.16074	0.24699	0.38859	0.24504	1.0574	0.29148	0.43775	0.22811	0.95378	0.34124	0.48844	0.12668	0.58545	0.5585	0.67971	0.1144	0.53028	0.59615	0.71461
sexlabel	LCdom_Sex	F13A1	ENSG00000124491	0.2933	0.68941	0.4913	0.6205	0.43907	1.05254	0.29372	0.42882	0.2933	0.68941	0.4913	0.6205	0.29486	0.68243	0.4957	0.63042	0.30964	0.84843	0.39659	0.53492	0.48246	1.3578	0.17511	0.3027
sexlabel	LCdom_Sex	FASLG	ENSG00000117560	-0.31249	-1.47479	0.14169	0.26119	-0.44269	-2.08712	0.03802	0.10748	-0.31249	-1.47479	0.14169	0.26119	-0.40478	-1.83694	0.06757	0.16015	-0.38264	-1.22248	0.22207	0.35512	-0.30963	-1.01092	0.31252	0.46116
sexlabel	LCdom_Sex	FBLN1	ENSG00000077942	0.29413	2.001	0.04661	0.10836	0.29857	2.02762	0.0438	0.11841	0.29413	2.001	0.04661	0.10836	0.2278	1.51801	0.13045	0.25745	0.36836	2.12397	0.03414	0.08852	0.36018	2.11537	0.03487	0.09239
sexlabel	LCdom_Sex	FCER1G	ENSG00000158869	1.15515	7.54557	0	0	1.16282	7.68088	0	0	1.15515	7.54557	0	0	1.25734	7.94841	0	0	1.28596	7.63275	0	0	1.19343	7.5746	0	0
sexlabel	LCdom_Sex	FCGR1A	ENSG00000150337	1.75257	7.97028	0	0	1.80075	8.14757	0	0	1.75257	7.97028	0	0	1.84262	8.14226	0	0	1.80653	7.3683	0	0	1.75281	7.48997	0	0
sexlabel	LCdom_Sex	FCGR3A	ENSG00000203747	1.4408	6.86412	0	0	1.49311	7.15276	0	0	1.4408	6.86412	0	0	1.48986	6.98103	0	0	1.53135	7.36796	0	0	1.31579	6.62316	0	0
sexlabel	LCdom_Sex	FGFR2	ENSG00000066468	0.25847	2.15547	0.0322	0.08577	0.2033	1.73262	0.08455	0.18745	0.25847	2.15547	0.0322	0.08577	0.21361	1.75371	0.08088	0.18222	0.34903	3.56494	4e-04	0.00198	0.22095	2.3702	0.01814	0.05533
sexlabel	LCdom_Sex	FGFR3	ENSG00000068078	-0.4323	-3.12739	0.002	0.00839	-0.38693	-2.82164	0.00521	0.02068	-0.4323	-3.12739	0.002	0.00839	-0.4053	-2.91066	0.00398	0.01631	-0.35762	-2.81162	0.00511	0.01934	-0.38759	-2.90266	0.00386	0.01538
sexlabel	LCdom_Sex	FILIP1	ENSG00000118407	-0.31058	-2.10744	0.0362	0.09176	-0.31346	-2.13916	0.03352	0.09709	-0.31058	-2.10744	0.0362	0.09176	-0.36053	-2.38322	0.01801	0.05572	-0.42702	-2.00577	0.04539	0.11364	-0.43176	-2.07549	0.03843	0.10108
sexlabel	LCdom_Sex	FKBP2	ENSG00000173486	-0.30768	-4.40242	2e-05	0.00012	-0.24797	-3.51323	0.00054	0.00284	-0.30768	-4.40242	2e-05	0.00012	-0.2492	-3.46271	0.00064	0.00321	-0.20072	-2.3467	0.01931	0.05746	-0.32529	-3.96917	8e-05	0.00051
sexlabel	LCdom_Sex	FLT1	ENSG00000102755	-0.74243	-5.41362	0	0	-0.70225	-5.25359	0	0	-0.74243	-5.41362	0	0	-0.78888	-5.71671	0	0	-0.69568	-4.16135	4e-05	0.00025	-0.69452	-4.24806	3e-05	0.00018
sexlabel	LCdom_Sex	FSTL4	ENSG00000053108	-0.3878	-2.75543	0.00635	0.02294	-0.33862	-2.40171	0.01714	0.05688	-0.3878	-2.75543	0.00635	0.02294	-0.32761	-2.35022	0.01965	0.05976	-0.41847	-2.70192	0.00712	0.02508	-0.49333	-3.17919	0.00156	0.0071
sexlabel	LCdom_Sex	GAD1	ENSG00000128683	0.11078	0.47484	0.63537	0.74093	0.16415	0.70846	0.47941	0.60837	0.11078	0.47484	0.63537	0.74093	0.02746	0.11027	0.9123	0.94868	0.06003	0.34594	0.72952	0.80248	-0.0072	-0.04156	0.96687	0.97222
sexlabel	LCdom_Sex	GAD2	ENSG00000136750	0.17607	0.78704	0.4321	0.57297	0.22165	0.99785	0.31944	0.45018	0.17607	0.78704	0.4321	0.57297	0.02091	0.08865	0.92944	0.96377	0.08954	0.46308	0.6435	0.73456	0.0589	0.30634	0.75946	0.83289
sexlabel	LCdom_Sex	GAL	ENSG00000069482	-0.55093	-2.1987	0.02893	0.07823	-0.51471	-2.03535	0.04301	0.11714	-0.55093	-2.1987	0.02893	0.07823	-0.49546	-1.90632	0.05791	0.14187	-0.5	-1.75092	0.08054	0.16803	-0.76923	-2.61411	0.0092	0.03212
sexlabel	LCdom_Sex	GAS2L3	ENSG00000139354	0.15735	0.85744	0.39213	0.53207	0.14924	0.78729	0.43195	0.56107	0.15735	0.85744	0.39213	0.53207	0.05601	0.28138	0.77869	0.85424	0.30411	1.10367	0.27024	0.40706	0.05703	0.21668	0.82855	0.8775
sexlabel	LCdom_Sex	GASK1B	ENSG00000164125	-0.63432	-4.79274	0	2e-05	-0.60203	-4.57816	1e-05	7e-05	-0.63432	-4.79274	0	2e-05	-0.60704	-4.50863	1e-05	8e-05	-0.60996	-4.5842	1e-05	5e-05	-0.64104	-4.88905	0	1e-05
sexlabel	LCdom_Sex	GJA1	ENSG00000152661	-0.33499	-2.49979	0.01315	0.04068	-0.31479	-2.37825	0.01824	0.05893	-0.33499	-2.49979	0.01315	0.04068	-0.30151	-2.21271	0.02795	0.07969	-0.38798	-3.1151	0.00194	0.00819	-0.39832	-3.0117	0.00272	0.01111
sexlabel	LCdom_Sex	GLUL	ENSG00000135821	-0.13911	-1.29053	0.19821	0.33339	-0.10628	-0.98644	0.32499	0.45449	-0.13911	-1.29053	0.19821	0.33339	-0.07482	-0.67761	0.49873	0.63207	-0.13288	-1.43352	0.15231	0.27923	-0.20086	-2.15944	0.03127	0.08665
sexlabel	LCdom_Sex	GNLY	ENSG00000115523	-0.66811	-2.02472	0.0441	0.10511	-0.5364	-1.64354	0.10169	0.21209	-0.66811	-2.02472	0.0441	0.10511	-0.79656	-2.37646	0.01834	0.05625	-0.22608	-0.59699	0.55077	0.67773	-0.30538	-0.83109	0.4063	0.55655
sexlabel	LCdom_Sex	GPAA1	ENSG00000197858	-0.12764	-1.55707	0.12088	0.23469	-0.08904	-1.08554	0.27886	0.41208	-0.12764	-1.55707	0.12088	0.23469	-0.08496	-1.01841	0.3096	0.45937	-0.04632	-0.58231	0.56061	0.67971	-0.1475	-1.97059	0.0493	0.12173
sexlabel	LCdom_Sex	GPNMB	ENSG00000136235	0.42168	1.98248	0.04866	0.11241	0.48517	2.30489	0.0221	0.07014	0.42168	1.98248	0.04866	0.11241	0.48663	2.17561	0.03065	0.08606	0.55756	2.19043	0.02893	0.07956	0.52571	2.15082	0.03195	0.08719
sexlabel	LCdom_Sex	GPR183	ENSG00000169508	1.06093	4.82276	0	2e-05	1.01566	4.51914	1e-05	9e-05	1.06093	4.82276	0	2e-05	1.02421	4.46043	1e-05	1e-04	0.94402	3.66253	0.00028	0.00148	0.81317	3.27164	0.00114	0.00559
sexlabel	LCdom_Sex	GPR34	ENSG00000171659	1.68831	8.92941	0	0	1.79528	9.38503	0	0	1.68831	8.92941	0	0	1.72081	8.75952	0	0	1.87691	9.42079	0	0	1.7608	9.27477	0	0
sexlabel	LCdom_Sex	GPX3	ENSG00000211445	-0.10338	-0.76923	0.44257	0.57899	-0.06531	-0.46906	0.63949	0.75053	-0.10338	-0.76923	0.44257	0.57899	-0.03817	-0.27708	0.78198	0.85456	0.03577	0.31921	0.74969	0.81479	-0.05812	-0.52173	0.60208	0.71893
sexlabel	LCdom_Sex	GPX4	ENSG00000167468	0.06748	0.84401	0.39957	0.53809	0.108	1.3362	0.18285	0.31598	0.06748	0.84401	0.39957	0.53809	0.14909	1.87767	0.06175	0.14829	0.1251	1.84969	0.06492	0.1437	0.0405	0.62632	0.53138	0.66144
sexlabel	LCdom_Sex	GRID2	ENSG00000152208	-0.0387	-0.32083	0.74864	0.82332	-0.01385	-0.11607	0.9077	0.94072	-0.0387	-0.32083	0.74864	0.82332	0.00711	0.05915	0.95289	0.97152	0.03308	0.25647	0.79769	0.85669	-0.01648	-0.12582	0.89992	0.92541
sexlabel	LCdom_Sex	GZMA	ENSG00000145649	-0.33011	-1.54802	0.12304	0.23637	-0.33113	-1.56537	0.11892	0.24131	-0.33011	-1.54802	0.12304	0.23637	-0.49262	-2.20811	0.02827	0.07999	-0.2653	-0.96897	0.33301	0.47936	-0.20907	-0.79059	0.42954	0.5818
sexlabel	LCdom_Sex	HCRTR1	ENSG00000121764	-0.4058	-2.07256	0.03937	0.09644	-0.34392	-1.71715	0.08735	0.18977	-0.4058	-2.07256	0.03937	0.09644	-0.29255	-1.44707	0.1493	0.27804	-0.27536	-1.29531	0.19578	0.32751	-0.41153	-1.98422	0.04775	0.11954
sexlabel	LCdom_Sex	HES1	ENSG00000114315	-0.64635	-3.18305	0.00167	0.00707	-0.62612	-3.0814	0.00232	0.01028	-0.64635	-3.18305	0.00167	0.00707	-0.61201	-2.92432	0.00381	0.01582	-0.7247	-3.41569	0.00069	0.00327	-0.73573	-3.4717	0.00056	0.00296
sexlabel	LCdom_Sex	HHATL	ENSG00000010282	0.40652	2.55993	0.01113	0.03694	0.3609	2.26909	0.02422	0.07557	0.40652	2.55993	0.01113	0.03694	0.39928	2.43985	0.01549	0.05139	0.47457	3.66107	0.00028	0.00148	0.38933	3.01438	0.0027	0.01111
sexlabel	LCdom_Sex	HILPDA	ENSG00000135245	-0.10454	-0.56637	0.57172	0.69328	-0.09789	-0.52922	0.59718	0.70827	-0.10454	-0.56637	0.57172	0.69328	-0.11463	-0.61025	0.54233	0.6756	-0.13899	-0.82801	0.40804	0.54256	-0.16999	-1.04195	0.29792	0.44688
sexlabel	LCdom_Sex	HLA-DMB	ENSG00000242574	1.28107	7.44665	0	0	1.30817	7.52148	0	0	1.28107	7.44665	0	0	1.27718	7.15984	0	0	1.29047	7.01085	0	0	1.20992	6.9586	0	0
sexlabel	LCdom_Sex	HLA-DQA1	ENSG00000196735	1.42728	6.62741	0	0	1.44179	6.58347	0	0	1.42728	6.62741	0	0	1.40886	6.2752	0	0	1.61339	7.07892	0	0	1.47961	6.78129	0	0
sexlabel	LCdom_Sex	HLA-DRA	ENSG00000204287	1.16692	7.30683	0	0	1.19531	7.45488	0	0	1.16692	7.30683	0	0	1.15848	6.95034	0	0	1.26085	8.57014	0	0	1.15757	8.38788	0	0
sexlabel	LCdom_Sex	HS3ST2	ENSG00000122254	0.01831	0.10057	0.91998	0.94324	-0.02129	-0.1191	0.9053	0.94072	0.01831	0.10057	0.91998	0.94324	0.01429	0.07997	0.93634	0.96775	0.26414	1.38561	0.16645	0.29395	0.18088	0.95535	0.33984	0.49149
sexlabel	LCdom_Sex	HS3ST4	ENSG00000182601	0.06549	0.43193	0.66621	0.75753	0.08746	0.57958	0.56279	0.68019	0.06549	0.43193	0.66621	0.75753	0.03721	0.24549	0.8063	0.8733	0.13181	0.83953	0.40155	0.53787	0.04506	0.28903	0.77267	0.83976
sexlabel	LCdom_Sex	HSP90AB1	ENSG00000096384	-0.07397	-0.905	0.36645	0.50473	-0.03141	-0.37559	0.70758	0.80479	-0.07397	-0.905	0.36645	0.50473	0.00591	0.07166	0.94294	0.96775	0.04641	0.60058	0.54838	0.67773	-0.05585	-0.7362	0.46194	0.59762
sexlabel	LCdom_Sex	HSPH1	ENSG00000120694	0.16256	1.60435	0.11006	0.22442	0.21469	2.06476	0.04011	0.11154	0.16256	1.60435	0.11006	0.22442	0.24008	2.34484	0.01993	0.06011	0.27307	3.19756	0.00147	0.00638	0.14861	1.73165	0.08392	0.18463
sexlabel	LCdom_Sex	HTR2A	ENSG00000102468	-0.05162	-0.31899	0.75004	0.82332	0.02863	0.17564	0.86074	0.91064	-0.05162	-0.31899	0.75004	0.82332	0.03912	0.24223	0.80882	0.87343	-0.00851	-0.0504	0.95982	0.98145	-0.1538	-0.90801	0.36429	0.51255
sexlabel	LCdom_Sex	HTR2C	ENSG00000147246	0.2136	1.09981	0.27261	0.41869	0.15343	0.81376	0.41666	0.54744	0.2136	1.09981	0.27261	0.41869	0.04913	0.2467	0.80537	0.8733	0.35392	2.17342	0.0302	0.0818	0.0741	0.46394	0.64289	0.74254
sexlabel	LCdom_Sex	IDH1	ENSG00000138413	0.08116	0.87926	0.38021	0.51782	0.1417	1.50762	0.13307	0.25907	0.08116	0.87926	0.38021	0.51782	0.20524	2.16088	0.03179	0.08856	0.12499	1.28785	0.19837	0.3288	0.03051	0.32298	0.74684	0.82349
sexlabel	LCdom_Sex	IDH2	ENSG00000182054	-0.19095	-1.97911	0.04904	0.11258	-0.16497	-1.70751	0.08913	0.19136	-0.19095	-1.97911	0.04904	0.11258	-0.10564	-1.05979	0.2904	0.44166	-0.16201	-2.15769	0.03141	0.0836	-0.2365	-3.05616	0.00236	0.01006
sexlabel	LCdom_Sex	IDO1	ENSG00000131203	-0.43757	-2.41127	0.01671	0.04919	-0.36457	-1.96335	0.05085	0.13165	-0.43757	-2.41127	0.01671	0.04919	-0.34875	-1.85303	0.06522	0.15559	-0.32666	-1.3818	0.16762	0.29395	-0.28753	-1.25754	0.20912	0.34349
sexlabel	LCdom_Sex	IFITM3	ENSG00000142089	-0.48245	-3.66433	0.00031	0.00164	-0.46169	-3.57257	0.00043	0.00243	-0.48245	-3.66433	0.00031	0.00164	-0.48717	-3.63135	0.00035	0.00196	-0.45124	-3.11857	0.00192	0.00819	-0.46911	-3.32644	0.00094	0.00468
sexlabel	LCdom_Sex	IGFBP3	ENSG00000146674	-0.62799	-2.06483	0.04011	0.09761	-0.52603	-1.72922	0.08517	0.18745	-0.62799	-2.06483	0.04011	0.09761	-0.75505	-2.40705	0.01692	0.05278	-0.38778	-1.47061	0.142	0.26846	-0.42597	-1.62278	0.10524	0.21583
sexlabel	LCdom_Sex	IGFBP4	ENSG00000141753	-0.39039	-2.94734	0.00355	0.01392	-0.33974	-2.60713	0.00975	0.03631	-0.39039	-2.94734	0.00355	0.01392	-0.45644	-3.37076	0.00089	0.00425	-0.27273	-1.84302	0.06589	0.14496	-0.23699	-1.6557	0.09838	0.20291
sexlabel	LCdom_Sex	IGFBP5	ENSG00000115461	0.21928	1.4233	0.15605	0.28338	0.23914	1.55325	0.12179	0.24159	0.21928	1.4233	0.15605	0.28338	0.21082	1.30565	0.19304	0.33393	0.2551	1.63242	0.10319	0.21163	0.25807	1.68574	0.09244	0.19623
sexlabel	LCdom_Sex	IL7R	ENSG00000168685	-0.20281	-0.64223	0.52139	0.65173	-0.0602	-0.18352	0.85456	0.90672	-0.20281	-0.64223	0.52139	0.65173	-0.24081	-0.72264	0.47067	0.60704	0.23093	0.7164	0.47406	0.60381	-0.06128	-0.19816	0.843	0.8807
sexlabel	LCdom_Sex	INA	ENSG00000148798	0.12246	0.93881	0.34885	0.486	0.17031	1.29512	0.19663	0.33226	0.12246	0.93881	0.34885	0.486	0.18302	1.37914	0.16925	0.30852	0.28853	2.56902	0.01047	0.03335	0.16582	1.44088	0.15022	0.2754
sexlabel	LCdom_Sex	ISCU	ENSG00000136003	-0.00727	-0.08504	0.9323	0.94789	0.04656	0.54121	0.5889	0.70475	-0.00727	-0.08504	0.9323	0.94789	0.0353	0.40273	0.68754	0.79982	0.09257	1.12853	0.25961	0.39853	-0.03813	-0.47368	0.63592	0.74254
sexlabel	LCdom_Sex	ITGA8	ENSG00000077943	0.10869	0.52932	0.59712	0.7193	0.30321	1.44925	0.14868	0.28226	0.10869	0.52932	0.59712	0.7193	0.22335	1.05266	0.29365	0.4429	0.1896	0.87193	0.38365	0.52751	0.35633	1.65674	0.09817	0.20291
sexlabel	LCdom_Sex	ITGAM	ENSG00000169896	1.12164	7.97626	0	0	1.16142	8.16665	0	0	1.12164	7.97626	0	0	1.16796	8.02172	0	0	1.22559	7.20189	0	0	1.15961	7.29374	0	0
sexlabel	LCdom_Sex	ITGAX	ENSG00000140678	1.21173	7.86425	0	0	1.25631	8.17282	0	0	1.21173	7.86425	0	0	1.25615	7.97062	0	0	1.33309	7.944	0	0	1.21576	7.71442	0	0
sexlabel	LCdom_Sex	ITGB2	ENSG00000160255	1.1768	8.54663	0	0	1.25337	9.09686	0	0	1.1768	8.54663	0	0	1.2259	8.61074	0	0	1.32198	7.52545	0	0	1.22744	7.43655	0	0
sexlabel	LCdom_Sex	ITGB8	ENSG00000105855	0.07103	0.56799	0.57062	0.69328	0.09983	0.79781	0.42584	0.5571	0.07103	0.56799	0.57062	0.69328	0.13849	1.07539	0.28338	0.43828	0.11039	1.05586	0.29152	0.43369	0.04975	0.47965	0.63168	0.74254
sexlabel	LCdom_Sex	KCNH5	ENSG00000140015	0.23275	1.38767	0.16663	0.29668	0.28838	1.75229	0.08111	0.18387	0.23275	1.38767	0.16663	0.29668	0.24649	1.44002	0.15129	0.2803	0.4038	2.16878	0.03055	0.08214	0.27666	1.48552	0.13801	0.2569
sexlabel	LCdom_Sex	KIT	ENSG00000157404	0.27563	1.48209	0.13974	0.2589	0.28269	1.53279	0.12675	0.25008	0.27563	1.48209	0.13974	0.2589	0.17844	0.92388	0.35656	0.50249	0.25074	1.43884	0.15079	0.27808	0.1959	1.13797	0.25565	0.39659
sexlabel	LCdom_Sex	KLF2	ENSG00000127528	-0.66074	-3.61588	0.00037	0.00188	-0.66425	-3.6488	0.00033	0.00193	-0.66074	-3.61588	0.00037	0.00188	-0.7535	-4.02647	8e-05	0.00053	-0.60684	-2.8995	0.00389	0.0152	-0.57809	-2.81249	0.0051	0.01889
sexlabel	LCdom_Sex	KLF4	ENSG00000136826	-1.51737	-6.5031	0	0	-1.48081	-6.33569	0	0	-1.51737	-6.5031	0	0	-1.48476	-6.12191	0	0	-1.51218	-5.17834	0	0	-1.51954	-5.38251	0	0
sexlabel	LCdom_Sex	KLK6	ENSG00000167755	0.05036	0.37513	0.70793	0.79262	0.00294	0.02221	0.9823	0.98771	0.05036	0.37513	0.70793	0.79262	-0.06878	-0.50377	0.61493	0.73832	0.16684	1.13733	0.25592	0.39532	0.10395	0.74265	0.45803	0.59762
sexlabel	LCdom_Sex	KLRB1	ENSG00000111796	-0.53384	-2.09301	0.03748	0.09307	-0.4936	-1.89916	0.05884	0.14412	-0.53384	-2.09301	0.03748	0.09307	-0.63017	-2.44815	0.01514	0.05071	-0.26641	-0.92004	0.35798	0.50368	-0.3449	-1.22979	0.21934	0.35545
sexlabel	LCdom_Sex	LAMA2	ENSG00000196569	0.20629	1.50383	0.13405	0.2515	0.23127	1.72587	0.08576	0.18745	0.20629	1.50383	0.13405	0.2515	0.1355	0.96859	0.33382	0.4797	0.39693	2.1558	0.03155	0.0836	0.38525	2.18587	0.02927	0.08172
sexlabel	LCdom_Sex	LAMP5	ENSG00000125869	0.00907	0.04945	0.96061	0.97125	0.03508	0.19221	0.84775	0.90213	0.00907	0.04945	0.96061	0.97125	0.09715	0.52395	0.60084	0.7286	0.11218	0.6885	0.49144	0.61942	-0.08284	-0.50948	0.61063	0.72675
sexlabel	LCdom_Sex	LAPTM5	ENSG00000162511	1.66221	10.09678	0	0	1.72328	10.38094	0	0	1.66221	10.09678	0	0	1.69029	9.81027	0	0	1.7766	10.89322	0	0	1.6574	10.87451	0	0
sexlabel	LCdom_Sex	LDLR	ENSG00000130164	-0.01758	-0.11583	0.9079	0.93876	0.0133	0.08819	0.92981	0.956	-0.01758	-0.11583	0.9079	0.93876	0.07598	0.49192	0.62327	0.74588	-0.02704	-0.21873	0.82695	0.8803	-0.16431	-1.38112	0.16783	0.29271
sexlabel	LCdom_Sex	LHX6	ENSG00000106852	-0.7442	-3.98646	9e-05	0.00057	-0.77204	-4.2598	3e-05	0.00022	-0.7442	-3.98646	9e-05	0.00057	-0.99128	-5.36878	0	0	-0.63482	-2.58346	0.01005	0.03229	-0.59278	-2.49695	0.01283	0.04274
sexlabel	LCdom_Sex	LONRF2	ENSG00000170500	0.11491	1.15044	0.2512	0.39923	0.15739	1.55663	0.12098	0.24131	0.11491	1.15044	0.2512	0.39923	0.19561	1.92381	0.05567	0.13912	0.2242	2.68735	0.00743	0.0256	0.10559	1.25979	0.2083	0.34349
sexlabel	LCdom_Sex	LOX	ENSG00000113083	-0.08465	-0.24823	0.80419	0.86586	0.00916	0.0273	0.97824	0.98635	-0.08465	-0.24823	0.80419	0.86586	0.10905	0.32096	0.74855	0.84845	-0.22772	-0.74812	0.45472	0.59289	-0.30711	-1.02855	0.30416	0.45251
sexlabel	LCdom_Sex	LRRK1	ENSG00000154237	1.00548	5.93599	0	0	1.06328	6.26973	0	0	1.00548	5.93599	0	0	0.9667	5.5057	0	0	1.05091	5.57582	0	0	0.97572	5.4381	0	0
sexlabel	LCdom_Sex	LRRK2	ENSG00000188906	0.09583	0.98173	0.3273	0.46849	0.13338	1.37792	0.16962	0.30739	0.09583	0.98173	0.3273	0.46849	0.17008	1.71211	0.08829	0.19413	0.14731	1.07523	0.28277	0.42241	0.1031	0.77695	0.43754	0.58351
sexlabel	LCdom_Sex	LY86	ENSG00000112799	1.57391	8.77562	0	0	1.51798	8.54037	0	0	1.57391	8.77562	0	0	1.50394	8.11219	0	0	1.76792	8.18248	0	0	1.7159	8.30608	0	0
sexlabel	LCdom_Sex	LYPD6	ENSG00000187123	0.10456	0.70664	0.48053	0.61371	0.12399	0.84634	0.39828	0.53135	0.10456	0.70664	0.48053	0.61371	0.17385	1.18166	0.23862	0.38833	0.12252	0.74652	0.45569	0.59289	0.10176	0.62527	0.53207	0.66144
sexlabel	LCdom_Sex	LYPD6B	ENSG00000150556	0.37706	1.86146	0.064	0.14158	0.42554	2.08907	0.03784	0.10748	0.37706	1.86146	0.064	0.14158	0.50121	2.41443	0.01658	0.05217	0.33065	1.44937	0.14783	0.27604	0.25759	1.13985	0.25487	0.39659
sexlabel	LCdom_Sex	LYVE1	ENSG00000133800	0.47322	2.41766	0.01643	0.04875	0.57317	2.91991	0.00386	0.01621	0.47322	2.41766	0.01643	0.04875	0.49569	2.41778	0.01643	0.05216	0.75014	2.94484	0.00337	0.01361	0.72706	3.02318	0.00262	0.01099
sexlabel	LCdom_Sex	MAG	ENSG00000105695	0.34833	2.53928	0.01179	0.03843	0.25462	1.89623	0.05923	0.14412	0.34833	2.53928	0.01179	0.03843	0.26301	1.8935	0.05961	0.14504	0.4671	3.84247	0.00014	0.00084	0.35902	3.02188	0.00263	0.01099
sexlabel	LCdom_Sex	MAL	ENSG00000172005	0.15207	1.14473	0.25355	0.39943	0.15529	1.17793	0.24009	0.38589	0.15207	1.14473	0.25355	0.39943	0.15333	1.13349	0.25825	0.40982	0.26767	2.43861	0.01507	0.04556	0.1416	1.3298	0.18416	0.31386
sexlabel	LCdom_Sex	MAOA	ENSG00000189221	-0.32161	-2.27744	0.02371	0.06607	-0.28813	-1.95023	0.05241	0.13377	-0.32161	-2.27744	0.02371	0.06607	-0.21246	-1.48033	0.14022	0.27446	-0.21266	-1.98767	0.04737	0.11697	-0.27026	-2.45847	0.01428	0.04627
sexlabel	LCdom_Sex	MAP1LC3B	ENSG00000140941	-0.09666	-0.99634	0.32017	0.46374	-0.05349	-0.53689	0.59188	0.706	-0.09666	-0.99634	0.32017	0.46374	-0.02978	-0.30184	0.76306	0.84845	0.00016	0.00181	0.99856	0.99856	-0.11897	-1.39428	0.16382	0.28916
sexlabel	LCdom_Sex	MCTP1	ENSG00000175471	0.00136	0.01005	0.99199	0.99595	0.04083	0.28856	0.77319	0.85261	0.00136	0.01005	0.99199	0.99595	0.10015	0.71057	0.47811	0.61436	0.10311	0.96678	0.3341	0.47936	0.05107	0.47081	0.63797	0.74254
sexlabel	LCdom_Sex	MCTP2	ENSG00000140563	0.05226	0.29569	0.76774	0.8365	-0.01955	-0.11343	0.90979	0.94072	0.05226	0.29569	0.76774	0.8365	-0.17361	-0.94659	0.34489	0.49174	0.20526	0.84611	0.39788	0.53492	0.14755	0.62038	0.53528	0.6625
sexlabel	LCdom_Sex	MEIS2	ENSG00000134138	-0.3866	-2.51452	0.01263	0.04008	-0.31028	-1.94395	0.05317	0.13476	-0.3866	-2.51452	0.01263	0.04008	-0.31909	-2.10214	0.03668	0.10066	-0.25004	-1.96419	0.05004	0.12109	-0.33848	-2.65646	0.00814	0.02896
sexlabel	LCdom_Sex	MEPE	ENSG00000152595	-0.75902	-3.90492	0.00013	0.00072	-0.68533	-3.57164	0.00044	0.00243	-0.75902	-3.90492	0.00013	0.00072	-0.69527	-3.7113	0.00026	0.00154	-0.54902	-1.99207	0.04688	0.11656	-0.6639	-2.48337	0.01333	0.04358
sexlabel	LCdom_Sex	MGST1	ENSG00000008394	-0.24569	-1.65825	0.09868	0.20349	-0.19744	-1.33149	0.18439	0.31598	-0.24569	-1.65825	0.09868	0.20349	-0.11449	-0.75823	0.44913	0.58871	-0.24681	-1.91252	0.05635	0.1303	-0.24275	-1.80827	0.07114	0.16346
sexlabel	LCdom_Sex	MKI67	ENSG00000148773	-0.38819	-1.87881	0.06158	0.13706	-0.33986	-1.6626	0.09781	0.20517	-0.38819	-1.87881	0.06158	0.13706	-0.42471	-1.9952	0.04726	0.12296	-0.29277	-1.18706	0.23574	0.36886	-0.44589	-1.82852	0.06804	0.16249
sexlabel	LCdom_Sex	MOBP	ENSG00000168314	0.13167	1.05226	0.29382	0.43775	0.07485	0.60386	0.54656	0.67456	0.13167	1.05226	0.29382	0.43775	0.04978	0.38572	0.70008	0.8112	0.2625	2.68495	0.00748	0.0256	0.17512	1.79528	0.07319	0.16604
sexlabel	LCdom_Sex	MOG	ENSG00000204655	0.60047	3.94849	0.00011	0.00064	0.54144	3.61903	0.00037	0.00212	0.60047	3.94849	0.00011	0.00064	0.47896	3.07809	0.00235	0.01045	0.67062	4.94541	0	1e-05	0.54043	4.08226	5e-05	0.00033
sexlabel	LCdom_Sex	MS4A6A	ENSG00000110077	1.1433	5.99412	0	0	1.11449	5.80859	0	0	1.1433	5.99412	0	0	1.11845	5.67738	0	0	1.26441	5.93265	0	0	1.12439	5.59034	0	0
sexlabel	LCdom_Sex	MT1E	ENSG00000169715	-0.43459	-2.22695	0.02696	0.07342	-0.38281	-1.96532	0.05063	0.13165	-0.43459	-2.22695	0.02696	0.07342	-0.3569	-1.79825	0.07351	0.16875	-0.34396	-2.22329	0.02662	0.0752	-0.31059	-1.99789	0.04624	0.11712
sexlabel	LCdom_Sex	MT1X	ENSG00000187193	-0.65946	-2.95849	0.00343	0.01359	-0.59269	-2.66322	0.00831	0.03192	-0.65946	-2.95849	0.00343	0.01359	-0.57068	-2.5078	0.01287	0.0435	-0.55825	-2.71165	0.00691	0.02461	-0.58675	-2.8684	0.00429	0.01662
sexlabel	LCdom_Sex	MYO16	ENSG00000041515	0.40201	2.37825	0.01824	0.05327	0.4989	2.83137	0.00506	0.02035	0.40201	2.37825	0.01824	0.05327	0.49169	2.85972	0.00465	0.01805	0.73875	4.74467	0	3e-05	0.57682	3.82666	0.00015	0.00084
sexlabel	LCdom_Sex	MYO5B	ENSG00000167306	0.3006	1.59541	0.11204	0.22627	0.25136	1.33389	0.18361	0.31598	0.3006	1.59541	0.11204	0.22627	0.22643	1.2105	0.22739	0.37726	0.04656	0.18678	0.8519	0.89898	0.00321	0.0134	0.98931	0.98931
sexlabel	LCdom_Sex	MYRF	ENSG00000124920	0.40235	2.77514	0.00599	0.02208	0.35193	2.45265	0.01495	0.05198	0.40235	2.77514	0.00599	0.02208	0.33074	2.25713	0.02498	0.07295	0.50377	4.00911	7e-05	0.00046	0.38771	3.18377	0.00154	0.00708
sexlabel	LCdom_Sex	NCSTN	ENSG00000162736	0.0851	1.02561	0.30619	0.45065	0.12696	1.52285	0.12922	0.25358	0.0851	1.02561	0.30619	0.45065	0.16396	1.91525	0.05676	0.13998	0.16958	1.75604	0.07967	0.16803	0.06785	0.73521	0.46254	0.59762
sexlabel	LCdom_Sex	NDST4	ENSG00000138653	0.11998	0.58352	0.56013	0.68377	0.23467	1.14421	0.25377	0.39562	0.11998	0.58352	0.56013	0.68377	0.00485	0.02388	0.98097	0.9891	0.2712	1.20655	0.22815	0.36324	0.10152	0.45245	0.65113	0.74327
sexlabel	LCdom_Sex	NES	ENSG00000132688	-0.29994	-2.4732	0.01414	0.04301	-0.27296	-2.25113	0.02536	0.07713	-0.29994	-2.4732	0.01414	0.04301	-0.29714	-2.41769	0.01644	0.05216	-0.18772	-1.35282	0.1767	0.30399	-0.17512	-1.31049	0.19061	0.32181
sexlabel	LCdom_Sex	NFE2L2	ENSG00000116044	0.12017	1.07764	0.28236	0.42943	0.16492	1.48613	0.13867	0.26638	0.12017	1.07764	0.28236	0.42943	0.17744	1.57629	0.1164	0.23868	0.16374	1.75192	0.08037	0.16803	0.0887	0.99841	0.31854	0.46814
sexlabel	LCdom_Sex	NKG7	ENSG00000105374	-0.76627	-2.0933	0.03746	0.09307	-0.50511	-1.35704	0.17615	0.3106	-0.76627	-2.0933	0.03746	0.09307	-0.63397	-1.64434	0.10154	0.219	-0.44261	-1.12718	0.26019	0.39853	-0.7398	-1.96469	0.04999	0.12179
sexlabel	LCdom_Sex	NMB	ENSG00000197696	0.14967	1.09625	0.27416	0.41869	0.1532	1.1327	0.25856	0.39989	0.14967	1.09625	0.27416	0.41869	0.16275	1.18696	0.23652	0.38833	0.193	1.20134	0.23016	0.36484	0.18959	1.18644	0.23599	0.37737
sexlabel	LCdom_Sex	NNAT	ENSG00000053438	-0.22721	-0.83138	0.40666	0.54172	-0.29471	-1.08156	0.28063	0.41303	-0.22721	-0.83138	0.40666	0.54172	-0.35749	-1.28274	0.20095	0.34436	-0.27427	-1.38318	0.1672	0.29395	-0.30554	-1.54126	0.12386	0.24043
sexlabel	LCdom_Sex	NOTCH1	ENSG00000148400	-0.20787	-2.14127	0.03334	0.08631	-0.171	-1.74855	0.08175	0.18419	-0.20787	-2.14127	0.03334	0.08631	-0.19351	-1.92644	0.05534	0.13912	-0.10884	-1.11773	0.2642	0.40295	-0.15183	-1.58829	0.11282	0.22627
sexlabel	LCdom_Sex	NPFFR2	ENSG00000056291	0.40933	1.33995	0.18164	0.31421	0.52375	1.73806	0.08359	0.18718	0.40933	1.33995	0.18164	0.31421	0.27602	0.89378	0.37242	0.51883	0.53605	1.79566	0.07312	0.158	0.31979	1.09353	0.27466	0.41717
sexlabel	LCdom_Sex	NPNT	ENSG00000168743	-0.49657	-2.35091	0.0196	0.05634	-0.38254	-1.75593	0.08048	0.18365	-0.49657	-2.35091	0.0196	0.05634	-0.76817	-3.44802	0.00068	0.00334	-0.32281	-1.39163	0.16462	0.29395	-0.37229	-1.60112	0.10995	0.22174
sexlabel	LCdom_Sex	NPTN	ENSG00000156642	-0.0995	-1.11472	0.26617	0.41342	-0.03919	-0.4348	0.66413	0.77695	-0.0995	-1.11472	0.26617	0.41342	-0.06952	-0.75677	0.45	0.58871	-0.01971	-0.25037	0.8024	0.85921	-0.1361	-1.73971	0.0825	0.18275
sexlabel	LCdom_Sex	NPY	ENSG00000122585	-0.26272	-0.43416	0.6646	0.75753	-0.54462	-0.86611	0.38738	0.51983	-0.26272	-0.43416	0.6646	0.75753	-0.259	-0.42892	0.6684	0.78699	-0.9432	-1.83003	0.06783	0.14832	-0.98997	-1.94547	0.05225	0.12645
sexlabel	LCdom_Sex	NPY1R	ENSG00000164128	-0.04845	-0.28546	0.77556	0.84249	0.03495	0.20677	0.83638	0.90202	-0.04845	-0.28546	0.77556	0.84249	-0.11027	-0.61896	0.53659	0.67073	0.05943	0.34208	0.73242	0.80323	-0.08256	-0.4738	0.63584	0.74254
sexlabel	LCdom_Sex	NR2F2	ENSG00000185551	-0.20877	-1.56847	0.1182	0.23447	-0.1339	-0.99905	0.31886	0.45018	-0.20877	-1.56847	0.1182	0.23447	-0.20681	-1.47604	0.14136	0.27446	-0.15004	-1.0242	0.30621	0.4537	-0.10951	-0.74937	0.45397	0.59552
sexlabel	LCdom_Sex	NR4A2	ENSG00000153234	-0.5401	-1.64141	0.10214	0.20945	-0.46977	-1.42532	0.15548	0.29253	-0.5401	-1.64141	0.10214	0.20945	-0.43723	-1.30126	0.19455	0.33496	-0.45186	-1.54502	0.12295	0.23797	-0.62019	-2.15187	0.03186	0.08719
sexlabel	LCdom_Sex	NRN1	ENSG00000124785	-0.19918	-1.59296	0.11259	0.22627	-0.16253	-1.28894	0.19876	0.33279	-0.19918	-1.59296	0.11259	0.22627	-0.19678	-1.55362	0.12171	0.2441	-0.13756	-1.10302	0.27053	0.40706	-0.22577	-1.81201	0.07056	0.16346
sexlabel	LCdom_Sex	NRP1	ENSG00000099250	-0.27342	-2.12249	0.03491	0.08972	-0.27777	-2.16178	0.03171	0.09258	-0.27342	-2.12249	0.03491	0.08972	-0.34631	-2.61765	0.00947	0.03356	-0.15668	-0.97118	0.33191	0.47936	-0.18118	-1.14894	0.25111	0.3929
sexlabel	LCdom_Sex	NTNG1	ENSG00000162631	0.15367	1.19215	0.23448	0.37869	0.17864	1.41525	0.1584	0.29649	0.15367	1.19215	0.23448	0.37869	0.20283	1.57023	0.1178	0.23993	0.06914	0.50845	0.61135	0.72287	0.0335	0.24703	0.80498	0.86452
sexlabel	LCdom_Sex	NTNG2	ENSG00000196358	-0.11015	-0.7597	0.44824	0.58223	-0.08468	-0.60313	0.54704	0.67456	-0.11015	-0.7597	0.44824	0.58223	-0.04552	-0.30871	0.75783	0.84845	0.04756	0.3803	0.70388	0.7886	-0.0402	-0.3253	0.74509	0.82349
sexlabel	LCdom_Sex	NTSR2	ENSG00000169006	-0.4041	-3.67724	3e-04	0.00159	-0.35348	-3.1909	0.00162	0.0075	-0.4041	-3.67724	3e-04	0.00159	-0.31014	-2.74039	0.00664	0.02449	-0.30877	-2.99156	0.00291	0.01185	-0.34354	-3.14172	0.00177	0.00795
sexlabel	LCdom_Sex	NWD2	ENSG00000174145	-0.21586	-1.12631	0.26125	0.40926	-0.18871	-0.95958	0.33831	0.4664	-0.21586	-1.12631	0.26125	0.40926	-0.16589	-0.84961	0.39647	0.54815	-0.2228	-1.1614	0.24601	0.38163	-0.24224	-1.25439	0.21026	0.3438
sexlabel	LCdom_Sex	NXPH2	ENSG00000144227	0.92293	3.97366	1e-04	0.00059	0.75417	3.23105	0.00142	0.00682	0.92293	3.97366	1e-04	0.00059	0.89393	3.67694	3e-04	0.00172	0.58837	2.58643	0.00997	0.03229	0.50884	2.26051	0.0242	0.06972
sexlabel	LCdom_Sex	OLIG1	ENSG00000184221	-0.03218	-0.26218	0.79343	0.85935	0.0456	0.37735	0.70627	0.80479	-0.03218	-0.26218	0.79343	0.85935	0.05604	0.44723	0.65515	0.77388	0.14476	1.4175	0.15693	0.28483	-0.01541	-0.15661	0.87561	0.90605
sexlabel	LCdom_Sex	OLIG2	ENSG00000205927	0.069	0.50817	0.61184	0.72733	0.15951	1.17982	0.23934	0.38589	0.069	0.50817	0.61184	0.72733	0.16233	1.15473	0.24945	0.39935	0.24121	1.93206	0.05389	0.12786	0.06042	0.49864	0.61824	0.73341
sexlabel	LCdom_Sex	OPALIN	ENSG00000197430	0.29413	2.01752	0.04485	0.10511	0.25289	1.7558	0.0805	0.18365	0.29413	2.01752	0.04485	0.10511	0.17298	1.17706	0.24045	0.38833	0.38238	2.74584	0.00624	0.02312	0.24363	1.81411	0.07023	0.16346
sexlabel	LCdom_Sex	OTOGL	ENSG00000165899	0.19643	0.75443	0.45139	0.58425	0.19393	0.75843	0.449	0.58115	0.19643	0.75443	0.45139	0.58425	0.14564	0.54861	0.58383	0.7127	0.28378	1.10999	0.26751	0.40631	0.28167	1.11544	0.26517	0.40445
sexlabel	LCdom_Sex	P2RY12	ENSG00000169313	1.95349	10.20457	0	0	1.99433	10.4584	0	0	1.95349	10.20457	0	0	1.96912	9.9384	0	0	2.06884	10.71416	0	0	1.94741	10.42046	0	0
sexlabel	LCdom_Sex	P2RY13	ENSG00000181631	1.45149	8.47772	0	0	1.5026	8.82119	0	0	1.45149	8.47772	0	0	1.46565	8.23874	0	0	1.56243	7.82833	0	0	1.47138	7.68132	0	0
sexlabel	LCdom_Sex	PAX6	ENSG00000007372	-0.1658	-0.93967	0.34841	0.486	-0.15682	-0.89027	0.37429	0.50598	-0.1658	-0.93967	0.34841	0.486	-0.12317	-0.68838	0.49194	0.62782	-0.17436	-0.97055	0.33222	0.47936	-0.19301	-1.07426	0.2832	0.42834
sexlabel	LCdom_Sex	PCNA	ENSG00000132646	0.01353	0.1865	0.85222	0.90425	0.04273	0.59174	0.55463	0.67933	0.01353	0.1865	0.85222	0.90425	0.04244	0.56867	0.57016	0.69835	0.05563	0.71942	0.4722	0.60381	-0.01532	-0.20999	0.83375	0.87898
sexlabel	LCdom_Sex	PCSK1	ENSG00000175426	-0.03302	-0.19715	0.84389	0.90064	0.013	0.07779	0.93806	0.95908	-0.03302	-0.19715	0.84389	0.90064	0.0193	0.11426	0.90913	0.9481	0.08861	0.49849	0.61835	0.72828	-0.05148	-0.29811	0.76574	0.83472
sexlabel	LCdom_Sex	PCSK1N	ENSG00000102109	-1.06499	-4.74653	0	3e-05	-0.94292	-4.19268	4e-05	0.00026	-1.06499	-4.74653	0	3e-05	-0.96282	-4.24411	3e-05	0.00023	-1.05378	-4.22389	3e-05	0.00021	-1.10773	-4.56472	1e-05	5e-05
sexlabel	LCdom_Sex	PCSK6	ENSG00000140479	-0.04757	-0.31456	0.75339	0.82332	-0.08654	-0.58582	0.55859	0.67962	-0.04757	-0.31456	0.75339	0.82332	-0.08941	-0.5844	0.55955	0.68999	0.24309	1.91516	0.05602	0.1303	0.08164	0.66969	0.50335	0.63887
sexlabel	LCdom_Sex	PDGFD	ENSG00000170962	-0.17027	-1.01575	0.31085	0.45385	-0.11811	-0.67384	0.50111	0.62854	-0.17027	-1.01575	0.31085	0.45385	-0.07221	-0.41706	0.67705	0.79206	0.06259	0.47255	0.63673	0.73375	-0.04788	-0.3514	0.72543	0.81275
sexlabel	LCdom_Sex	PDGFRA	ENSG00000134853	0.36093	2.51835	0.0125	0.04001	0.52365	3.68555	0.00029	0.00172	0.36093	2.51835	0.0125	0.04001	0.53629	3.60186	0.00039	0.00207	0.62114	4.43303	1e-05	9e-05	0.43579	3.19015	0.00151	0.00701
sexlabel	LCdom_Sex	PECAM1	ENSG00000261371	-0.63403	-5.11379	0	1e-05	-0.6237	-5.13994	0	1e-05	-0.63403	-5.11379	0	1e-05	-0.68219	-5.44516	0	0	-0.55873	-3.77565	0.00018	0.00102	-0.51755	-3.67959	0.00026	0.00142
sexlabel	LCdom_Sex	PENK	ENSG00000181195	-0.74245	-3.24775	0.00135	0.00592	-0.68122	-2.91195	0.00396	0.01643	-0.74245	-3.24775	0.00135	0.00592	-0.96829	-4.06259	7e-05	0.00047	-0.72172	-3.79745	0.00016	0.00097	-1.07264	-5.59245	0	0
sexlabel	LCdom_Sex	PGRMC1	ENSG00000101856	0.20297	1.84961	0.0657	0.14446	0.25096	2.26342	0.02458	0.07583	0.20297	1.84961	0.0657	0.14446	0.29138	2.58078	0.01051	0.03681	0.28949	3.24979	0.00123	0.00551	0.19404	2.24419	0.02524	0.07213
sexlabel	LCdom_Sex	PHLDB2	ENSG00000144824	-0.38884	-3.41472	0.00076	0.00355	-0.34661	-3.16458	0.00177	0.00798	-0.38884	-3.41472	0.00076	0.00355	-0.43977	-3.7703	0.00021	0.00128	-0.3768	-2.54985	0.01106	0.03491	-0.36619	-2.57778	0.01022	0.03466
sexlabel	LCdom_Sex	PLCE1	ENSG00000138193	-0.18013	-1.20337	0.23011	0.37664	-0.11654	-0.78845	0.43127	0.56107	-0.18013	-1.20337	0.23011	0.37664	-0.12473	-0.8151	0.4159	0.55947	-0.19524	-1.19189	0.23384	0.3688	-0.22152	-1.37884	0.16853	0.29271
sexlabel	LCdom_Sex	PLCH1	ENSG00000114805	0.14706	0.89291	0.37287	0.51154	0.18124	1.08814	0.27771	0.41205	0.14706	0.89291	0.37287	0.51154	0.16869	1.00086	0.318	0.46614	0.09254	0.60211	0.54736	0.67773	-0.00422	-0.027	0.97847	0.98117
sexlabel	LCdom_Sex	PLD5	ENSG00000180287	0.47742	3.94519	0.00011	0.00064	0.51363	4.25946	3e-05	0.00022	0.47742	3.94519	0.00011	0.00064	0.47562	3.86388	0.00015	0.00094	0.46739	3.68736	0.00025	0.00138	0.34306	2.75372	0.0061	0.02235
sexlabel	LCdom_Sex	PLPP3	ENSG00000162407	-0.32995	-2.78585	0.0058	0.0216	-0.28376	-2.37932	0.01819	0.05893	-0.32995	-2.78585	0.0058	0.0216	-0.24265	-1.99626	0.04714	0.12296	-0.32834	-3.39099	0.00075	0.00353	-0.359	-3.55361	0.00041	0.00224
sexlabel	LCdom_Sex	POSTN	ENSG00000133110	-0.30411	-1.00856	0.31428	0.45703	-0.34879	-1.17166	0.24259	0.38589	-0.30411	-1.00856	0.31428	0.45703	-0.32525	-1.06347	0.28874	0.44096	-0.41325	-1.34723	0.17849	0.30562	-0.42433	-1.42052	0.15605	0.28152
sexlabel	LCdom_Sex	POU6F2	ENSG00000106536	-0.38839	-2.68527	0.00779	0.0271	-0.30226	-2.04941	0.0416	0.11416	-0.38839	-2.68527	0.00779	0.0271	-0.40559	-2.75851	0.0063	0.02347	-0.38608	-2.0223	0.04365	0.11072	-0.47762	-2.60693	0.0094	0.03248
sexlabel	LCdom_Sex	PPME1	ENSG00000214517	0.01639	0.18705	0.85179	0.90425	0.06759	0.75569	0.45063	0.58121	0.01639	0.18705	0.85179	0.90425	0.11095	1.25324	0.21145	0.35567	0.07135	0.91222	0.36207	0.50567	-0.02874	-0.38165	0.70288	0.78992
sexlabel	LCdom_Sex	PPP1R15A	ENSG00000087074	-0.61352	-3.74759	0.00023	0.00126	-0.58471	-3.56467	0.00045	0.00243	-0.61352	-3.74759	0.00023	0.00126	-0.55864	-3.37618	0.00087	0.00423	-0.48358	-3.32689	0.00094	0.00426	-0.56856	-4.08123	5e-05	0.00033
sexlabel	LCdom_Sex	PRCP	ENSG00000137509	-0.07665	-0.8343	0.40501	0.5415	-0.0445	-0.48328	0.62937	0.74103	-0.07665	-0.8343	0.40501	0.5415	-0.04858	-0.50967	0.61079	0.73821	-0.06726	-0.70129	0.48343	0.61145	-0.12119	-1.27218	0.20387	0.34104
sexlabel	LCdom_Sex	PROX1	ENSG00000117707	0.19932	1.3629	0.1743	0.30586	0.16427	1.1248	0.26189	0.40333	0.19932	1.3629	0.1743	0.30586	0.14839	0.996	0.32035	0.46771	0.23086	1.89703	0.05837	0.13411	0.07086	0.6026	0.54704	0.6686
sexlabel	LCdom_Sex	PSEN1	ENSG00000080815	0.09507	0.99363	0.32148	0.4638	0.13135	1.38541	0.16732	0.30689	0.09507	0.99363	0.32148	0.4638	0.13287	1.36472	0.17374	0.31108	0.18735	2.25221	0.02472	0.07066	0.08908	1.18352	0.23714	0.37755
sexlabel	LCdom_Sex	PSEN2	ENSG00000143801	-0.16936	-1.80553	0.07235	0.15812	-0.1135	-1.22039	0.22361	0.36601	-0.16936	-1.80553	0.07235	0.15812	-0.15064	-1.58972	0.11334	0.23504	-0.16123	-1.3788	0.16854	0.29414	-0.23844	-2.06337	0.03957	0.10211
sexlabel	LCdom_Sex	PSENEN	ENSG00000205155	0.0101	0.10297	0.91808	0.94324	0.07249	0.7258	0.46873	0.6003	0.0101	0.10297	0.91808	0.94324	0.06384	0.63113	0.52861	0.66505	0.04193	0.38868	0.69767	0.78407	-0.04771	-0.46762	0.64025	0.74254
sexlabel	LCdom_Sex	PTCHD4	ENSG00000244694	-0.02085	-0.1335	0.89392	0.93223	0.06507	0.42243	0.67312	0.78245	-0.02085	-0.1335	0.89392	0.93223	0.02502	0.15803	0.87458	0.93063	0.00738	0.03624	0.9711	0.98202	-0.05042	-0.25043	0.80236	0.86426
sexlabel	LCdom_Sex	PTPRC	ENSG00000081237	1.2438	7.42043	0	0	1.31751	7.85143	0	0	1.2438	7.42043	0	0	1.28637	7.45144	0	0	1.38741	6.92245	0	0	1.26284	6.7148	0	0
sexlabel	LCdom_Sex	PTPRZ1	ENSG00000106278	0.051	0.44878	0.65403	0.75306	0.15187	1.34475	0.18008	0.31598	0.051	0.44878	0.65403	0.75306	0.22949	1.993	0.0475	0.12296	0.12576	1.26342	0.207	0.33695	0.08279	0.81011	0.41825	0.57076
sexlabel	LCdom_Sex	PVALB	ENSG00000100362	-0.32149	-1.21927	0.22404	0.36836	-0.70624	-2.78492	0.00582	0.0226	-0.32149	-1.21927	0.22404	0.36836	-0.66938	-2.57814	0.01059	0.03681	-0.07096	-0.25818	0.79637	0.85669	-0.03072	-0.11198	0.91088	0.93149
sexlabel	LCdom_Sex	RALA	ENSG00000006451	0.16625	1.59105	0.11302	0.22627	0.1969	1.86414	0.06362	0.15379	0.16625	1.59105	0.11302	0.22627	0.24402	2.30174	0.02229	0.06614	0.17954	2.21381	0.02727	0.07615	0.11615	1.52606	0.1276	0.24283
sexlabel	LCdom_Sex	RASD1	ENSG00000108551	-0.70407	-3.30544	0.00111	0.00498	-0.63295	-2.95254	0.00349	0.01482	-0.70407	-3.30544	0.00111	0.00498	-0.64493	-2.95878	0.00343	0.01454	-0.71985	-3.79762	0.00016	0.00097	-0.86848	-4.70943	0	3e-05
sexlabel	LCdom_Sex	RASGRP1	ENSG00000172575	0.43222	2.01679	0.04492	0.10511	0.45907	2.1649	0.03146	0.09258	0.43222	2.01679	0.04492	0.10511	0.38382	1.77793	0.0768	0.17411	0.31986	1.18977	0.23469	0.3688	0.25125	0.98029	0.32741	0.4754
sexlabel	LCdom_Sex	REEP1	ENSG00000068615	0.14648	1.0637	0.28862	0.43712	0.18265	1.28334	0.20071	0.334	0.14648	1.0637	0.28862	0.43712	0.21549	1.51787	0.13049	0.25745	0.23946	2.19588	0.02854	0.07908	0.16248	1.50045	0.1341	0.25222
sexlabel	LCdom_Sex	RELN	ENSG00000189056	0.26266	1.05585	0.2922	0.43775	0.23706	0.96802	0.3341	0.46544	0.26266	1.05585	0.2922	0.43775	0.14486	0.59816	0.55035	0.68326	0.30054	1.40968	0.15923	0.28756	0.15921	0.7491	0.45413	0.59552
sexlabel	LCdom_Sex	RFTN1	ENSG00000131378	-0.19545	-1.51045	0.13235	0.2503	-0.23618	-1.8264	0.06913	0.16386	-0.19545	-1.51045	0.13235	0.2503	-0.23094	-1.73718	0.08376	0.18755	-0.21124	-1.33091	0.1838	0.31177	-0.23155	-1.52538	0.12777	0.24283
sexlabel	LCdom_Sex	RGMA	ENSG00000182175	-0.48378	-3.63549	0.00034	0.00177	-0.4452	-3.33339	0.00101	0.0051	-0.48378	-3.63549	0.00034	0.00177	-0.4406	-3.25877	0.0013	0.00607	-0.37886	-2.9135	0.00373	0.0147	-0.41454	-3.1141	0.00195	0.00861
sexlabel	LCdom_Sex	RGS10	ENSG00000148908	1.51216	8.40095	0	0	1.49958	8.33429	0	0	1.51216	8.40095	0	0	1.47859	8.08748	0	0	1.68722	8.47986	0	0	1.61727	8.51801	0	0
sexlabel	LCdom_Sex	RGS16	ENSG00000143333	-0.25294	-1.29514	0.19662	0.33225	-0.19201	-0.9631	0.33655	0.4664	-0.25294	-1.29514	0.19662	0.33225	-0.2107	-1.03518	0.30173	0.44951	-0.11504	-0.49002	0.62432	0.72828	-0.20229	-0.89718	0.37003	0.51662
sexlabel	LCdom_Sex	RIT2	ENSG00000152214	0.32867	2.43125	0.01584	0.04739	0.38627	2.78474	0.00582	0.0226	0.32867	2.43125	0.01584	0.04739	0.39098	2.82858	0.00511	0.01963	0.45484	3.34327	0.00089	0.00408	0.31848	2.3446	0.01942	0.05875
sexlabel	LCdom_Sex	RNASET2	ENSG00000026297	0.97274	7.793	0	0	1.03255	8.29401	0	0	0.97274	7.793	0	0	1.02279	7.95496	0	0	1.04697	8.77069	0	0	0.93036	8.30337	0	0
sexlabel	LCdom_Sex	RNF144B	ENSG00000137393	-0.413	-3.47717	0.00061	0.00293	-0.40226	-3.42976	0.00072	0.00376	-0.413	-3.47717	0.00061	0.00293	-0.35374	-2.88657	0.00428	0.01718	-0.33462	-1.86474	0.06279	0.14069	-0.35212	-2.06253	0.03966	0.10211
sexlabel	LCdom_Sex	RORB	ENSG00000198963	-0.16944	-0.97682	0.32972	0.47011	-0.16677	-0.95897	0.33862	0.4664	-0.16944	-0.97682	0.32972	0.47011	-0.06082	-0.34134	0.73317	0.84044	-0.14256	-0.77442	0.43903	0.57742	-0.10016	-0.54349	0.58702	0.70794
sexlabel	LCdom_Sex	ROS1	ENSG00000047936	-0.81132	-4.00045	9e-05	0.00055	-0.88715	-4.31091	2e-05	0.00019	-0.81132	-4.00045	9e-05	0.00055	-0.65827	-3.08165	0.00232	0.01045	-0.69983	-2.44439	0.01485	0.04529	-0.84655	-2.98054	0.00301	0.01216
sexlabel	LCdom_Sex	RSPO2	ENSG00000147655	0.30995	1.52413	0.1289	0.24505	0.2396	1.16186	0.24654	0.38859	0.30995	1.52413	0.1289	0.24505	0.2466	1.18459	0.23746	0.38833	0.39716	1.70917	0.08801	0.18256	0.30388	1.32553	0.18557	0.31478
sexlabel	LCdom_Sex	RXFP1	ENSG00000171509	-0.23445	-0.70322	0.48266	0.61383	-0.3419	-1.03426	0.30214	0.43418	-0.23445	-0.70322	0.48266	0.61383	-0.65079	-1.92379	0.05567	0.13912	-0.46568	-1.27707	0.20214	0.33178	-0.6093	-1.7028	0.0892	0.19273
sexlabel	LCdom_Sex	RYR3	ENSG00000198838	0.60368	4.06693	7e-05	0.00043	0.62269	4.21104	4e-05	0.00026	0.60368	4.06693	7e-05	0.00043	0.59754	3.96258	1e-04	0.00065	0.60519	4.44411	1e-05	9e-05	0.62147	4.53976	1e-05	5e-05
sexlabel	LCdom_Sex	S100A4	ENSG00000196154	-0.29628	-1.97555	0.04945	0.1128	-0.29097	-2.00154	0.04655	0.12494	-0.29628	-1.97555	0.04945	0.1128	-0.30457	-2.01632	0.04498	0.11898	-0.25112	-1.55186	0.1213	0.23797	-0.21948	-1.42849	0.15375	0.28045
sexlabel	LCdom_Sex	SAMD5	ENSG00000203727	-0.2948	-2.09743	0.03709	0.09307	-0.27502	-1.95159	0.05225	0.13377	-0.2948	-2.09743	0.03709	0.09307	-0.20789	-1.45847	0.14614	0.27493	-0.23053	-1.96437	0.05001	0.12109	-0.26933	-2.31201	0.02116	0.06192
sexlabel	LCdom_Sex	SARAF	ENSG00000133872	-0.15437	-1.73792	0.08361	0.17933	-0.09323	-1.04066	0.29917	0.4339	-0.15437	-1.73792	0.08361	0.17933	-0.07068	-0.77628	0.43842	0.57979	-0.02993	-0.36219	0.71736	0.79665	-0.1582	-1.99591	0.04646	0.11712
sexlabel	LCdom_Sex	SDK1	ENSG00000146555	-0.58221	-3.43285	0.00071	0.00338	-0.52066	-2.99286	0.00308	0.01337	-0.58221	-3.43285	0.00071	0.00338	-0.53274	-3.07407	0.00238	0.01046	-0.63769	-3.3667	0.00082	0.0038	-0.72785	-3.95453	9e-05	0.00053
sexlabel	LCdom_Sex	SEMA5A	ENSG00000112902	-0.06007	-0.47763	0.63338	0.74093	-0.01859	-0.14801	0.88247	0.92293	-0.06007	-0.47763	0.63338	0.74093	-0.1014	-0.78521	0.43318	0.5751	0.05628	0.46438	0.64257	0.73456	-0.11261	-0.94922	0.34295	0.49359
sexlabel	LCdom_Sex	SERPINA3	ENSG00000196136	0.45525	1.54295	0.12428	0.23751	0.52058	1.7925	0.07443	0.17527	0.45525	1.54295	0.12428	0.23751	0.50664	1.67871	0.09464	0.20563	0.42357	1.55572	0.12038	0.23749	0.38043	1.41843	0.15666	0.28152
sexlabel	LCdom_Sex	SEZ6L2	ENSG00000174938	-0.51298	-5.80639	0	0	-0.46831	-5.31349	0	0	-0.51298	-5.80639	0	0	-0.48018	-5.30358	0	0	-0.42203	-5.1611	0	0	-0.54786	-6.61005	0	0
sexlabel	LCdom_Sex	SFRP2	ENSG00000145423	-0.09002	-0.35179	0.72533	0.80715	-0.25106	-0.98904	0.32372	0.45445	-0.09002	-0.35179	0.72533	0.80715	-0.20789	-0.81331	0.41692	0.55947	-0.09554	-0.34685	0.72884	0.80248	-0.35896	-1.34547	0.17905	0.30804
sexlabel	LCdom_Sex	SLC17A6	ENSG00000091664	0.20028	1.19826	0.2321	0.37725	0.18279	1.10168	0.2718	0.41049	0.20028	1.19826	0.2321	0.37725	0.02868	0.16828	0.86652	0.9275	0.31444	1.97358	0.04895	0.12007	0.12857	0.77475	0.43884	0.58351
sexlabel	LCdom_Sex	SLC17A7	ENSG00000104888	0.65461	1.5	0.13505	0.2515	0.22587	0.52853	0.59766	0.70827	0.65461	1.5	0.13505	0.2515	0.27432	0.62868	0.53022	0.66505	0.79936	1.78509	0.07482	0.15977	0.68875	1.58123	0.11443	0.22823
sexlabel	LCdom_Sex	SLC18A2	ENSG00000165646	-0.57753	-2.4422	0.01539	0.04642	-0.51471	-2.08437	0.03828	0.10748	-0.57753	-2.4422	0.01539	0.04642	-0.42641	-1.63789	0.10289	0.219	-0.27559	-1.27611	0.20248	0.33178	-0.38371	-1.72599	0.08494	0.18574
sexlabel	LCdom_Sex	SLC24A3	ENSG00000185052	-0.41592	-3.84276	0.00016	0.00091	-0.38797	-3.56913	0.00044	0.00243	-0.41592	-3.84276	0.00016	0.00091	-0.40046	-3.59364	4e-04	0.0021	-0.31437	-2.9328	0.00351	0.01399	-0.40688	-3.71144	0.00023	0.00127
sexlabel	LCdom_Sex	SLC26A4	ENSG00000091137	-0.3938	-2.14918	0.0327	0.08577	-0.35776	-1.97261	0.04978	0.13072	-0.3938	-2.14918	0.0327	0.08577	-0.33468	-1.7853	0.07559	0.17244	-0.4601	-1.9172	0.05576	0.1303	-0.41977	-1.80068	0.07233	0.16513
sexlabel	LCdom_Sex	SLC6A2	ENSG00000103546	-0.35303	-1.34889	0.17876	0.3122	-0.28986	-1.06453	0.28826	0.42255	-0.35303	-1.34889	0.17876	0.3122	-0.20471	-0.72381	0.46997	0.60704	-0.07058	-0.33866	0.735	0.80363	-0.15467	-0.69481	0.48748	0.62309
sexlabel	LCdom_Sex	SLC6A3	ENSG00000142319	-0.60202	-4.58057	1e-05	6e-05	-0.56967	-4.40466	2e-05	0.00013	-0.60202	-4.58057	1e-05	6e-05	-0.62636	-4.77853	0	3e-05	-0.57337	-3.68836	0.00025	0.00138	-0.60455	-3.84562	0.00014	0.00079
sexlabel	LCdom_Sex	SLC6A4	ENSG00000108576	-0.16164	-0.48311	0.6295	0.7388	-0.48016	-1.41211	0.15934	0.29673	-0.16164	-0.48311	0.6295	0.7388	-0.40666	-1.19808	0.2322	0.38349	-0.01578	-0.0532	0.95759	0.98145	-0.11315	-0.3843	0.70092	0.78992
sexlabel	LCdom_Sex	SLC7A11	ENSG00000151012	-0.00809	-0.06238	0.95031	0.96351	0.02212	0.17036	0.86488	0.91238	-0.00809	-0.06238	0.95031	0.96351	0.04802	0.35951	0.71956	0.83114	0.00928	0.06997	0.94424	0.97375	0.01401	0.10626	0.91541	0.93341
sexlabel	LCdom_Sex	SLIT3	ENSG00000184347	-0.75791	-5.09465	0	1e-05	-0.69295	-4.75912	0	3e-05	-0.75791	-5.09465	0	1e-05	-0.83966	-5.35483	0	0	-0.7718	-3.8879	0.00011	0.00071	-0.76228	-3.99111	8e-05	0.00047
sexlabel	LCdom_Sex	SNCB	ENSG00000074317	-0.57611	-4.74033	0	3e-05	-0.51362	-4.19983	4e-05	0.00026	-0.57611	-4.74033	0	3e-05	-0.52666	-4.27573	3e-05	0.00021	-0.4588	-4.71665	0	3e-05	-0.5744	-5.70237	0	0
sexlabel	LCdom_Sex	SNCG	ENSG00000173267	-1.15359	-7.5457	0	0	-1.07752	-6.96597	0	0	-1.15359	-7.5457	0	0	-1.11724	-7.26369	0	0	-1.01902	-7.07657	0	0	-1.08456	-7.41558	0	0
sexlabel	LCdom_Sex	SNTB2	ENSG00000168807	-0.05635	-0.67021	0.50342	0.63144	-0.01854	-0.22348	0.82337	0.8971	-0.05635	-0.67021	0.50342	0.63144	0.00387	0.04631	0.96311	0.97833	-0.07362	-0.60655	0.54441	0.67773	-0.13006	-1.12711	0.26021	0.39925
sexlabel	LCdom_Sex	SORCS1	ENSG00000108018	-0.19853	-1.28196	0.20119	0.33686	-0.07696	-0.48379	0.62901	0.74103	-0.19853	-1.28196	0.20119	0.33686	-0.11034	-0.70798	0.47971	0.61436	0.03261	0.18359	0.8544	0.89898	-0.147	-0.83228	0.40563	0.55655
sexlabel	LCdom_Sex	SOX10	ENSG00000100146	0.09004	0.78238	0.43483	0.57297	0.09468	0.84266	0.40033	0.53135	0.09004	0.78238	0.43483	0.57297	0.09705	0.82535	0.41007	0.55912	0.25449	2.60381	0.00948	0.031	0.08906	0.9471	0.34402	0.49359
sexlabel	LCdom_Sex	SOX11	ENSG00000176887	-0.32115	-2.88494	0.0043	0.01635	-0.20457	-1.84574	0.06626	0.15912	-0.32115	-2.88494	0.0043	0.01635	-0.29229	-2.55246	0.01138	0.03917	-0.13129	-0.96914	0.33292	0.47936	-0.29359	-2.19306	0.02874	0.08151
sexlabel	LCdom_Sex	SOX2	ENSG00000181449	-0.49552	-3.57059	0.00044	0.00218	-0.43058	-3.07916	0.00234	0.01028	-0.49552	-3.57059	0.00044	0.00218	-0.42471	-2.94915	0.00353	0.01481	-0.40915	-3.55567	0.00041	0.00202	-0.4552	-3.91886	1e-04	6e-04
sexlabel	LCdom_Sex	SOX4	ENSG00000124766	-0.08064	-0.62758	0.53092	0.65769	0.01706	0.13494	0.89279	0.93105	-0.08064	-0.62758	0.53092	0.65769	-0.09323	-0.72583	0.46872	0.60704	0.03306	0.19576	0.84488	0.89675	-0.01461	-0.08653	0.93107	0.94672
sexlabel	LCdom_Sex	SOX9	ENSG00000125398	-0.81842	-4.94473	0	1e-05	-0.73598	-4.3932	2e-05	0.00014	-0.81842	-4.94473	0	1e-05	-0.74308	-4.37114	2e-05	0.00014	-0.80664	-5.28114	0	0	-0.81142	-5.16274	0	0
sexlabel	LCdom_Sex	SPARC	ENSG00000113140	-0.42806	-4.11131	6e-05	0.00037	-0.42569	-4.2012	4e-05	0.00026	-0.42806	-4.11131	6e-05	0.00037	-0.40001	-3.77298	0.00021	0.00128	-0.4038	-4.3177	2e-05	0.00014	-0.45248	-4.7436	0	2e-05
sexlabel	LCdom_Sex	SPHKAP	ENSG00000153820	0.11545	0.76434	0.44548	0.58071	0.13585	0.89483	0.37185	0.50456	0.11545	0.76434	0.44548	0.58071	0.20667	1.31574	0.18963	0.33393	0.08874	0.59808	0.55005	0.67773	0.01672	0.11188	0.91096	0.93149
sexlabel	LCdom_Sex	SPI1	ENSG00000066336	0.37317	3.35336	0.00094	0.00428	0.35795	3.21405	0.0015	0.00713	0.37317	3.35336	0.00094	0.00428	0.41626	3.62882	0.00035	0.00196	0.45157	3.60149	0.00035	0.0018	0.38602	3.20184	0.00145	0.00683
sexlabel	LCdom_Sex	SPON1	ENSG00000262655	-0.21969	-1.69428	0.09161	0.19329	-0.18626	-1.44842	0.14891	0.28226	-0.21969	-1.69428	0.09161	0.19329	-0.15928	-1.21326	0.22633	0.37722	-0.19215	-1.63516	0.10262	0.21163	-0.19272	-1.54717	0.12243	0.24022
sexlabel	LCdom_Sex	SREBF1	ENSG00000072310	-0.08732	-0.78296	0.43449	0.57297	-0.04428	-0.39949	0.68992	0.79567	-0.08732	-0.78296	0.43449	0.57297	-0.01313	-0.11565	0.90803	0.9481	-0.05169	-0.53653	0.59182	0.70436	-0.11984	-1.26441	0.20664	0.34349
sexlabel	LCdom_Sex	SSR4	ENSG00000180879	-0.03526	-0.48485	0.62826	0.7388	0.00523	0.07231	0.94242	0.96085	-0.03526	-0.48485	0.62826	0.7388	0.02237	0.30265	0.76244	0.84845	0.04004	0.55509	0.57907	0.69604	-0.05266	-0.76958	0.4419	0.58543
sexlabel	LCdom_Sex	SST	ENSG00000157005	-0.06736	-0.25802	0.79663	0.86027	-0.02153	-0.08369	0.93338	0.95698	-0.06736	-0.25802	0.79663	0.86027	0.04043	0.14467	0.88511	0.93189	0.19839	0.74923	0.45406	0.59289	-0.01578	-0.06009	0.95211	0.96372
sexlabel	LCdom_Sex	ST18	ENSG00000147488	0.20224	1.38992	0.16594	0.29668	0.14874	1.03026	0.30401	0.43515	0.20224	1.38992	0.16594	0.29668	0.12218	0.82132	0.41235	0.55912	0.30933	2.50566	0.01252	0.03919	0.1621	1.37957	0.16831	0.29271
sexlabel	LCdom_Sex	STAT3	ENSG00000168610	-0.18116	-2.14673	0.0329	0.08577	-0.13576	-1.60911	0.10902	0.22608	-0.18116	-2.14673	0.0329	0.08577	-0.12051	-1.40025	0.16285	0.29869	-0.0725	-0.8468	0.3975	0.53492	-0.15717	-1.96693	0.04972	0.12179
sexlabel	LCdom_Sex	STK32B	ENSG00000152953	-0.07744	-0.69224	0.48951	0.62039	0.02523	0.22652	0.82101	0.8971	-0.07744	-0.69224	0.48951	0.62039	0.03486	0.29655	0.76709	0.84845	0.03247	0.26442	0.79156	0.85517	-0.0703	-0.57459	0.56582	0.68508
sexlabel	LCdom_Sex	STXBP2	ENSG00000076944	0.09605	0.89044	0.3742	0.51154	0.13369	1.24831	0.21324	0.35218	0.09605	0.89044	0.3742	0.51154	0.08751	0.7922	0.4291	0.5737	0.19765	1.41854	0.15663	0.28483	0.14301	1.06978	0.28521	0.42959
sexlabel	LCdom_Sex	SULF1	ENSG00000137573	-0.20716	-1.14393	0.25388	0.39943	-0.13242	-0.70082	0.48415	0.61147	-0.20716	-1.14393	0.25388	0.39943	-0.07659	-0.41933	0.67539	0.79206	-0.09071	-0.55048	0.58223	0.69752	-0.19987	-1.23908	0.21587	0.3514
sexlabel	LCdom_Sex	SYNPR	ENSG00000163630	0.54796	3.24174	0.00137	0.00596	0.70112	4.16987	4e-05	0.00028	0.54796	3.24174	0.00137	0.00596	0.67852	3.83464	0.00016	0.00103	0.52164	3.59735	0.00035	0.0018	0.40553	2.74236	0.00631	0.0229
sexlabel	LCdom_Sex	TAC1	ENSG00000006128	-0.1556	-0.61406	0.53982	0.66514	-0.09618	-0.37533	0.70778	0.80479	-0.1556	-0.61406	0.53982	0.66514	-0.37288	-1.36438	0.17386	0.31108	-0.28222	-1.29837	0.19473	0.32726	-0.39659	-1.82288	0.06889	0.16345
sexlabel	LCdom_Sex	TACR1	ENSG00000115353	-0.74636	-5.75894	0	0	-0.66988	-5.01462	0	1e-05	-0.74636	-5.75894	0	0	-0.62323	-4.73328	0	4e-05	-0.63615	-4.97912	0	1e-05	-0.72856	-5.74965	0	0
sexlabel	LCdom_Sex	TAGLN	ENSG00000149591	-0.54391	-3.5088	0.00054	0.00269	-0.42364	-2.83055	0.00507	0.02035	-0.54391	-3.5088	0.00054	0.00269	-0.58688	-3.7311	0.00024	0.00145	-0.5891	-3.6123	0.00033	0.00175	-0.41079	-2.59603	0.0097	0.0332
sexlabel	LCdom_Sex	TENM1	ENSG00000009694	-0.16985	-1.25015	0.21256	0.35266	-0.15983	-1.17023	0.24316	0.38589	-0.16985	-1.25015	0.21256	0.35266	-0.18982	-1.37317	0.1711	0.30916	-0.16972	-1.25338	0.21063	0.34133	-0.24045	-1.73933	0.08256	0.18275
sexlabel	LCdom_Sex	TENM2	ENSG00000145934	-0.28989	-2.37079	0.01861	0.0539	-0.24552	-1.97695	0.04929	0.13036	-0.28989	-2.37079	0.01861	0.0539	-0.22265	-1.80315	0.07274	0.16803	-0.17305	-1.36333	0.17337	0.29967	-0.23219	-1.80821	0.07115	0.16346
sexlabel	LCdom_Sex	TESPA1	ENSG00000135426	-0.268	-1.55904	0.12041	0.23469	-0.27673	-1.59366	0.11244	0.23186	-0.268	-1.55904	0.12041	0.23469	-0.24859	-1.37706	0.16989	0.30852	-0.28495	-1.22893	0.21965	0.3528	-0.14318	-0.61841	0.53657	0.6625
sexlabel	LCdom_Sex	TGFB1	ENSG00000105329	0.12142	1.12281	0.26273	0.40981	0.19776	1.82647	0.06912	0.16386	0.12142	1.12281	0.26273	0.40981	0.14162	1.26349	0.20775	0.35106	0.28394	2.22179	0.02672	0.0752	0.20287	1.66621	0.09627	0.202
sexlabel	LCdom_Sex	TGFB2	ENSG00000092969	-0.21188	-1.58918	0.11344	0.22627	-0.18373	-1.37229	0.17136	0.30739	-0.21188	-1.58918	0.11344	0.22627	-0.13375	-0.97886	0.32873	0.47613	-0.09615	-0.70786	0.47935	0.6084	-0.15367	-1.12604	0.26066	0.39925
sexlabel	LCdom_Sex	TGFBI	ENSG00000120708	-0.00081	-0.00437	0.99651	0.99651	0.03664	0.19551	0.84518	0.90202	-0.00081	-0.00437	0.99651	0.99651	-0.02797	-0.14361	0.88594	0.93189	0.1631	0.6636	0.50724	0.63707	0.14605	0.61524	0.53866	0.66283
sexlabel	LCdom_Sex	TH	ENSG00000180176	-0.34034	-1.31029	0.19147	0.32657	-0.29181	-1.09048	0.2767	0.41205	-0.34034	-1.31029	0.19147	0.32657	-0.22609	-0.82056	0.4128	0.55912	-0.09081	-0.48798	0.62577	0.72828	-0.22215	-1.13173	0.25827	0.39894
sexlabel	LCdom_Sex	THBS1	ENSG00000137801	0.25574	1.107	0.26949	0.4168	0.21335	0.93731	0.34962	0.47794	0.25574	1.107	0.26949	0.4168	0.17806	0.75001	0.45405	0.59189	0.33403	1.27491	0.20291	0.33178	0.38692	1.53564	0.12523	0.2408
sexlabel	LCdom_Sex	THEMIS	ENSG00000172673	0.07665	0.40991	0.68227	0.7705	0.05502	0.29609	0.76744	0.85141	0.07665	0.40991	0.68227	0.7705	0.00216	0.01136	0.99095	0.99095	0.1765	0.73084	0.4652	0.6031	0.10008	0.4308	0.66679	0.75877
sexlabel	LCdom_Sex	THRA	ENSG00000126351	-0.36309	-2.9192	0.00387	0.01487	-0.32392	-2.60335	0.00985	0.03633	-0.36309	-2.9192	0.00387	0.01487	-0.36482	-2.87641	0.00442	0.01753	-0.24891	-1.59273	0.11182	0.22303	-0.31162	-2.06674	0.03925	0.10211
sexlabel	LCdom_Sex	THSD4	ENSG00000187720	-0.40805	-2.98681	0.00314	0.01272	-0.44323	-3.2621	0.00128	0.00623	-0.40805	-2.98681	0.00314	0.01272	-0.44618	-3.2054	0.00155	0.00716	-0.39823	-2.46795	0.01391	0.04315	-0.48597	-3.09158	0.0021	0.00917
sexlabel	LCdom_Sex	THSD7B	ENSG00000144229	-0.33468	-2.05429	0.04112	0.0994	-0.1774	-1.10953	0.26841	0.40991	-0.33468	-2.05429	0.04112	0.0994	-0.25468	-1.61351	0.10807	0.2267	-0.17997	-0.89244	0.37257	0.51443	-0.31002	-1.57329	0.11626	0.23061
sexlabel	LCdom_Sex	TMEM132C	ENSG00000181234	-0.01194	-0.10695	0.91493	0.94324	0.04491	0.39797	0.69103	0.79567	-0.01194	-0.10695	0.91493	0.94324	-0.03665	-0.31729	0.75133	0.84845	0.10685	0.90656	0.36506	0.50772	-0.025	-0.2159	0.82915	0.8775
sexlabel	LCdom_Sex	TMEM163	ENSG00000152128	0.02293	0.17596	0.86049	0.90774	0.05127	0.39294	0.69474	0.79742	0.02293	0.17596	0.86049	0.90774	0.04195	0.3115	0.75571	0.84845	0.12579	0.80804	0.41944	0.55568	-0.03219	-0.2079	0.83539	0.87898
sexlabel	LCdom_Sex	TMEM35A	ENSG00000126950	0.05338	0.46117	0.64513	0.74664	0.09973	0.84511	0.39896	0.53135	0.05338	0.46117	0.64513	0.74664	0.13259	1.11688	0.26527	0.41368	0.19173	1.88696	0.05972	0.13548	0.09259	0.87498	0.38198	0.53126
sexlabel	LCdom_Sex	TMIGD3	ENSG00000121933	1.17522	6.38757	0	0	1.16257	6.29285	0	0	1.17522	6.38757	0	0	1.19126	6.30891	0	0	1.32467	6.31051	0	0	1.21287	6.06053	0	0
sexlabel	LCdom_Sex	TMSB4X	ENSG00000205542	0.07685	0.92625	0.35532	0.49313	0.11183	1.33683	0.18265	0.31598	0.07685	0.92625	0.35532	0.49313	0.15017	1.80926	0.07178	0.16687	0.17552	2.29747	0.02198	0.06384	0.08233	1.1587	0.2471	0.39
sexlabel	LCdom_Sex	TMSB4Y	ENSG00000154620	2.57695	19.37474	0	0	2.59615	19.66402	0	0	2.57695	19.37474	0	0	2.51783	18.89825	0	0	2.68705	16.06325	0	0	2.72685	16.56305	0	0
sexlabel	LCdom_Sex	TOP2A	ENSG00000131747	-0.06732	-0.18157	0.85609	0.90571	0.25699	0.71011	0.47838	0.60837	-0.06732	-0.18157	0.85609	0.90571	0.3406	0.93651	0.35004	0.49521	0.30685	0.8289	0.40754	0.54256	0.11939	0.32187	0.74768	0.82349
sexlabel	LCdom_Sex	TP53	ENSG00000141510	-0.29255	-3.10151	0.00218	0.00902	-0.24709	-2.584	0.01041	0.03799	-0.29255	-3.10151	0.00218	0.00902	-0.21887	-2.24193	0.02597	0.07522	-0.20083	-1.81323	0.07037	0.15296	-0.24824	-2.33596	0.01987	0.05961
sexlabel	LCdom_Sex	TPH2	ENSG00000139287	-0.21355	-0.62662	0.53156	0.65769	-0.46364	-1.33441	0.18346	0.31598	-0.21355	-0.62662	0.53156	0.65769	-0.50805	-1.46727	0.14375	0.27472	0.04247	0.13632	0.89162	0.93005	0.04794	0.1545	0.87727	0.90605
sexlabel	LCdom_Sex	TRAC	ENSG00000277734	-0.08657	-0.43922	0.66093	0.75623	-0.043	-0.21539	0.82966	0.90127	-0.08657	-0.43922	0.66093	0.75623	-0.02711	-0.13457	0.89308	0.93671	-0.07966	-0.34626	0.72929	0.80248	-0.03906	-0.17704	0.85955	0.89403
sexlabel	LCdom_Sex	TREM2	ENSG00000095970	1.3726	7.01493	0	0	1.51754	7.70103	0	0	1.3726	7.01493	0	0	1.47781	7.40392	0	0	1.55138	6.82075	0	0	1.46632	6.69193	0	0
sexlabel	LCdom_Sex	TRH	ENSG00000170893	-0.38058	-1.43457	0.15282	0.27916	-0.4824	-1.77418	0.07741	0.18111	-0.38058	-1.43457	0.15282	0.27916	-0.64345	-2.33361	0.02052	0.06139	-0.48857	-1.62153	0.1055	0.21396	-0.6319	-2.12518	0.03404	0.09153
sexlabel	LCdom_Sex	TRHDE	ENSG00000072657	0.01887	0.08842	0.92963	0.9478	-0.00142	-0.00673	0.99463	0.99737	0.01887	0.08842	0.92963	0.9478	0.00875	0.04087	0.96743	0.97833	-0.01055	-0.04531	0.96387	0.98202	-0.05449	-0.23776	0.81216	0.86966
sexlabel	LCdom_Sex	TRIL	ENSG00000255690	-0.52746	-4.13788	5e-05	0.00034	-0.48733	-3.82481	0.00017	0.00105	-0.52746	-4.13788	5e-05	0.00034	-0.47127	-3.60354	0.00039	0.00207	-0.47269	-4.18531	3e-05	0.00023	-0.48397	-4.10496	5e-05	0.00031
sexlabel	LCdom_Sex	TRPC5	ENSG00000072315	0.38406	2.92842	0.00376	0.01461	0.43592	3.30852	0.00109	0.0054	0.38406	2.92842	0.00376	0.01461	0.42144	3.14448	0.00189	0.00864	0.49137	3.19637	0.00148	0.00638	0.39385	2.55609	0.01087	0.03652
sexlabel	LCdom_Sex	TRPC6	ENSG00000137672	-0.07045	-0.31552	0.75267	0.82332	-0.15721	-0.70745	0.48003	0.60837	-0.07045	-0.31552	0.75267	0.82332	-0.27437	-1.2316	0.21942	0.36737	-0.21255	-0.86492	0.38748	0.53078	-0.30151	-1.25888	0.20864	0.34349
sexlabel	LCdom_Sex	TSHZ2	ENSG00000182463	-0.89008	-6.76707	0	0	-0.90293	-6.81686	0	0	-0.89008	-6.76707	0	0	-0.97515	-7.30654	0	0	-0.8341	-6.46742	0	0	-0.86945	-6.72493	0	0
sexlabel	LCdom_Sex	TTYH1	ENSG00000167614	-0.27885	-2.55285	0.01136	0.03734	-0.23631	-2.17792	0.03047	0.09041	-0.27885	-2.55285	0.01136	0.03734	-0.20313	-1.81283	0.07122	0.16664	-0.19522	-2.13326	0.03337	0.08777	-0.26344	-2.82853	0.00486	0.01822
sexlabel	LCdom_Sex	UGP2	ENSG00000169764	0.13574	1.50189	0.13455	0.2515	0.19162	2.10809	0.03615	0.10388	0.13574	1.50189	0.13455	0.2515	0.1913	2.0505	0.0415	0.11139	0.16292	1.95688	0.05089	0.12234	0.08088	0.98067	0.32721	0.4754
sexlabel	LCdom_Sex	UGT8	ENSG00000174607	0.34849	2.65875	0.00841	0.02897	0.24653	1.93339	0.05446	0.13709	0.34849	2.65875	0.00841	0.02897	0.25377	1.92096	0.05603	0.13912	0.46947	4.38547	1e-05	0.00011	0.33874	3.26697	0.00116	0.00561
sexlabel	LCdom_Sex	UNC5B	ENSG00000107731	-0.16701	-1.37195	0.17146	0.30234	-0.16817	-1.38977	0.16599	0.30689	-0.16701	-1.37195	0.17146	0.30234	-0.15764	-1.26809	0.20611	0.34991	-0.15763	-1.36421	0.17309	0.29967	-0.23322	-2.11602	0.03481	0.09239
sexlabel	LCdom_Sex	VCAN	ENSG00000038427	0.04484	0.32419	0.7461	0.82332	0.16126	1.19219	0.23446	0.38205	0.04484	0.32419	0.7461	0.82332	0.19207	1.34474	0.1801	0.3191	0.23033	1.57008	0.117	0.23208	0.11458	0.77981	0.43585	0.58351
sexlabel	LCdom_Sex	VIP	ENSG00000146469	-0.37978	-1.05228	0.29383	0.43775	-0.36312	-1.00545	0.31579	0.45018	-0.37978	-1.05228	0.29383	0.43775	-0.31378	-0.84243	0.40047	0.54952	-0.4518	-1.29141	0.19713	0.32825	-0.47952	-1.41993	0.15622	0.28152
sexlabel	LCdom_Sex	VWC2L	ENSG00000174453	-0.00112	-0.00851	0.99322	0.99595	0.07712	0.58305	0.56045	0.67962	-0.00112	-0.00851	0.99322	0.99595	0.00162	0.01217	0.9903	0.99095	0.09349	0.56449	0.57266	0.69062	-0.025	-0.15283	0.87859	0.90605
sexlabel	LCdom_Sex	WIF1	ENSG00000156076	-0.26924	-1.37238	0.17133	0.30234	-0.34438	-1.72801	0.08538	0.18745	-0.26924	-1.37238	0.17133	0.30234	-0.63947	-3.06578	0.00244	0.01062	-0.14279	-0.5867	0.55766	0.67971	-0.18562	-0.78715	0.43155	0.58231
sexlabel	LCdom_Sex	XBP1s	XBP1s	-0.23846	-0.60665	0.5447	0.66717	-0.32261	-0.81324	0.41695	0.54744	-0.23846	-0.60665	0.5447	0.66717	-0.58894	-1.4134	0.15895	0.29302								
sexlabel	LCdom_Sex	XBP1u	XBP1u	-0.39482	-2.79961	0.00557	0.02095	-0.32988	-2.34935	0.01968	0.06303	-0.39482	-2.79961	0.00557	0.02095	-0.41655	-2.89468	0.00418	0.01695	-0.25046	-1.38437	0.16684	0.29395	-0.41519	-2.40544	0.0165	0.05119
sexlabel	LCdom_Sex	ZBBX	ENSG00000169064	0.35797	0.90578	0.36605	0.50473	0.41136	1.03564	0.30152	0.43418	0.35797	0.90578	0.36605	0.50473	0.42374	1.04082	0.29912	0.44746	0.2179	0.72305	0.46997	0.60381	0.18101	0.60642	0.5445	0.66775
sexlabel	LCdom_Sex	ZDHHC23	ENSG00000184307	-0.10543	-0.52126	0.60271	0.72365	-0.04088	-0.19797	0.84325	0.90202	-0.10543	-0.52126	0.60271	0.72365	-0.21329	-1.01053	0.31335	0.46305	-0.04681	-0.16276	0.87077	0.91092	-0.12586	-0.45903	0.6464	0.74254
