domainDef	Ntopdommks	LFF_Xenium_loose	LFF_Xenium_strict	LFF_Visium	k1	k2	looseInDom	strictInDom
LC_k1_0.05_k2_0.04	10	0.272727272727273	0.163636363636364	0.418181818181818	0.05	0.04	0.658083235107444	0.755283648498332
LC_k1_0.05_k2_0.04	20	0.760902255639098	0.723308270676692	0.615037593984962	0.05	0.04	0.658083235107444	0.755283648498332
LC_k1_0.05_k2_0.04	30	0.861624026696329	0.838932146829811	0.670300333704116	0.05	0.04	0.658083235107444	0.755283648498332
LC_k1_0.05_k2_0.04	40	0.859287054409006	0.841275797373359	0.728705440900563	0.05	0.04	0.658083235107444	0.755283648498332
LC_k1_0.05_k2_0.04	50	0.872076830732293	0.845666266506603	0.730900360144058	0.05	0.04	0.658083235107444	0.755283648498332
LC_k1_0.05_k2_0.04	60	0.878855237565991	0.850847457627119	0.803834398444012	0.05	0.04	0.658083235107444	0.755283648498332
LC_k1_0.05_k2_0.04	70	0.880290438281865	0.856565479835535	0.854430933426647	0.05	0.04	0.658083235107444	0.755283648498332
LC_k1_0.05_k2_0.04	80	0.884364744491327	0.86769807782466	0.854453820909517	0.05	0.04	0.658083235107444	0.755283648498332
LC_k1_0.05_k2_0.04	90	0.884841750010289	0.87512861670165	0.878059019632053	0.05	0.04	0.658083235107444	0.755283648498332
LC_k1_0.05_k2_0.04	100	0.874515451545155	0.867242724272427	0.898241824182418	0.05	0.04	0.658083235107444	0.755283648498332
LC_k1_0.05_k2_0.04	110	0.872091607871424	0.869053039695242	0.912377431643487	0.05	0.04	0.658083235107444	0.755283648498332
LC_k1_0.05_k2_0.04	120	0.883943329397875	0.879456906729634	0.925293423154386	0.05	0.04	0.658083235107444	0.755283648498332
LC_k1_0.05_k2_0.04	130	0.896723975474197	0.89113602534515	0.921424572232312	0.05	0.04	0.658083235107444	0.755283648498332
LC_k1_0.05_k2_0.04	140	0.898025409459667	0.892440576414249	0.923601058363036	0.05	0.04	0.658083235107444	0.755283648498332
LC_k1_0.05_k2_0.04	150	0.899995555358016	0.894971332059203	0.919342192986355	0.05	0.04	0.658083235107444	0.755283648498332
LC_k1_0.05_k2_0.04	160	0.89815129497246	0.891899097621001	0.918844486112739	0.05	0.04	0.658083235107444	0.755283648498332
LC_k1_0.05_k2_0.04	170	0.897455438107975	0.891541942220675	0.916869095816464	0.05	0.04	0.658083235107444	0.755283648498332
LC_k1_0.05_k2_0.04	180	0.883348251489244	0.877234894081093	0.908458079981892	0.05	0.04	0.658083235107444	0.755283648498332
LC_k1_0.05_k2_0.04	190	0.871472748188097	0.864719390098283	0.902195278772848	0.05	0.04	0.658083235107444	0.755283648498332
LC_k1_0.05_k2_0.04	200	0.863265581639541	0.852249306232656	0.900472511812795	0.05	0.04	0.658083235107444	0.755283648498332
LC_k1_0.05_k2_0.04	210	0.860175643762573	0.847090798949118	0.901890875400479	0.05	0.04	0.658083235107444	0.755283648498332
LC_k1_0.05_k2_0.04	220	0.852276812631365	0.83715704118605	0.898269498430659	0.05	0.04	0.658083235107444	0.755283648498332
LC_k1_0.05_k2_0.04	230	0.84757236308404	0.829681994481691	0.904585029551804	0.05	0.04	0.658083235107444	0.755283648498332
LC_k1_0.05_k2_0.04	240	0.83422281636834	0.81574506501849	0.912520656798284	0.05	0.04	0.658083235107444	0.755283648498332
LC_k1_0.05_k2_0.04	250	0.837012432198915	0.818792876686027	0.912520656798284	0.05	0.04	0.658083235107444	0.755283648498332
LC_k1_0.05_k2_0.04	260	0.832525970457005	0.812387984801778	0.912520656798284	0.05	0.04	0.658083235107444	0.755283648498332
LC_k1_0.05_k2_0.04	270	0.832083659126554	0.8125296643301	0.912520656798284	0.05	0.04	0.658083235107444	0.755283648498332
LC_k1_0.05_k2_0.04	280	0.819586620091729	0.80184878451438	0.912520656798284	0.05	0.04	0.658083235107444	0.755283648498332
LC_k1_0.05_k2_0.04	290	0.809284377894526	0.790167991664996	0.912520656798284	0.05	0.04	0.658083235107444	0.755283648498332
LC_k1_0.05_k2_0.04	300	0.806354737274859	0.784461160679563	0.912520656798284	0.05	0.04	0.658083235107444	0.755283648498332
LC_k1_0.05_k2_0.12	10	0.696969696969697	0.793939393939394	0.648484848484848	0.05	0.12	0.654819113246895	0.754542083796811
LC_k1_0.05_k2_0.12	20	0.813533834586466	0.778947368421053	0.67218045112782	0.05	0.12	0.654819113246895	0.754542083796811
LC_k1_0.05_k2_0.12	30	0.869187986651835	0.848720800889878	0.675194660734149	0.05	0.12	0.654819113246895	0.754542083796811
LC_k1_0.05_k2_0.12	40	0.882363977485929	0.857786116322702	0.742213883677299	0.05	0.12	0.654819113246895	0.754542083796811
LC_k1_0.05_k2_0.12	50	0.902136854741897	0.875054021608644	0.755102040816327	0.05	0.12	0.654819113246895	0.754542083796811
LC_k1_0.05_k2_0.12	60	0.884356765768269	0.850736315643234	0.802222839677688	0.05	0.12	0.654819113246895	0.754542083796811
LC_k1_0.05_k2_0.12	70	0.873921791619281	0.853556119324644	0.846907532149418	0.05	0.12	0.654819113246895	0.754542083796811
LC_k1_0.05_k2_0.12	80	0.8971870604782	0.878316924519456	0.858954524144398	0.05	0.12	0.654819113246895	0.754542083796811
LC_k1_0.05_k2_0.12	90	0.871786640325966	0.863407004980039	0.885648433963041	0.05	0.12	0.654819113246895	0.754542083796811
LC_k1_0.05_k2_0.12	100	0.888484848484849	0.884332433243324	0.898181818181818	0.05	0.12	0.654819113246895	0.754542083796811
LC_k1_0.05_k2_0.12	110	0.896156707165881	0.893009940716363	0.916101255550797	0.05	0.12	0.654819113246895	0.754542083796811
LC_k1_0.05_k2_0.12	120	0.903319674977429	0.899173553719008	0.92002916869227	0.05	0.12	0.654819113246895	0.754542083796811
LC_k1_0.05_k2_0.12	130	0.902486719742179	0.897805514208852	0.919043002089336	0.05	0.12	0.654819113246895	0.754542083796811
LC_k1_0.05_k2_0.12	140	0.911622313091776	0.908167326321314	0.92007609717697	0.05	0.12	0.654819113246895	0.754542083796811
LC_k1_0.05_k2_0.12	150	0.912077870127561	0.904998444375306	0.922741455175786	0.05	0.12	0.654819113246895	0.754542083796811
LC_k1_0.05_k2_0.12	160	0.899446267432321	0.889865815070901	0.919198992148131	0.05	0.12	0.654819113246895	0.754542083796811
LC_k1_0.05_k2_0.12	170	0.89521070340313	0.886720281385678	0.91131710236259	0.05	0.12	0.654819113246895	0.754542083796811
LC_k1_0.05_k2_0.12	180	0.890858771361256	0.883272117452185	0.903441464242723	0.05	0.12	0.654819113246895	0.754542083796811
LC_k1_0.05_k2_0.12	190	0.885166668853635	0.878280343091586	0.899352219991515	0.05	0.12	0.654819113246895	0.754542083796811
LC_k1_0.05_k2_0.12	200	0.882521563039076	0.870989274731868	0.897677941948549	0.05	0.12	0.654819113246895	0.754542083796811
LC_k1_0.05_k2_0.12	210	0.880945794041329	0.868079937024811	0.896376011117842	0.05	0.12	0.654819113246895	0.754542083796811
LC_k1_0.05_k2_0.12	220	0.876917441945645	0.861435904949201	0.896855119095248	0.05	0.12	0.654819113246895	0.754542083796811
LC_k1_0.05_k2_0.12	230	0.864672710998893	0.849208623159639	0.903781200762404	0.05	0.12	0.654819113246895	0.754542083796811
LC_k1_0.05_k2_0.12	240	0.860586989357454	0.843559784024028	0.911760477720032	0.05	0.12	0.654819113246895	0.754542083796811
LC_k1_0.05_k2_0.12	250	0.849860509768156	0.830919022704363	0.911760477720032	0.05	0.12	0.654819113246895	0.754542083796811
LC_k1_0.05_k2_0.12	260	0.83897463207808	0.816455181972423	0.911760477720032	0.05	0.12	0.654819113246895	0.754542083796811
LC_k1_0.05_k2_0.12	270	0.834108378258504	0.81402031120683	0.911760477720032	0.05	0.12	0.654819113246895	0.754542083796811
LC_k1_0.05_k2_0.12	280	0.814243075257884	0.792748631997857	0.911760477720032	0.05	0.12	0.654819113246895	0.754542083796811
LC_k1_0.05_k2_0.12	290	0.815128229414348	0.789701546330249	0.911760477720032	0.05	0.12	0.654819113246895	0.754542083796811
LC_k1_0.05_k2_0.12	300	0.808788097645529	0.788559872887477	0.911760477720032	0.05	0.12	0.654819113246895	0.754542083796811
LC_k1_0.05_k2_0.2	10	0.163636363636364	0.442424242424242	0.575757575757576	0.05	0.2	0.650648290869526	0.75120504263997
LC_k1_0.05_k2_0.2	20	0.827067669172932	0.828571428571429	0.696240601503759	0.05	0.2	0.650648290869526	0.75120504263997
LC_k1_0.05_k2_0.2	30	0.896329254727475	0.883870967741936	0.676974416017798	0.05	0.2	0.650648290869526	0.75120504263997
LC_k1_0.05_k2_0.2	40	0.895872420262664	0.885553470919325	0.751594746716698	0.05	0.2	0.650648290869526	0.75120504263997
LC_k1_0.05_k2_0.2	50	0.886002400960384	0.862280912364946	0.768931572629052	0.05	0.2	0.650648290869526	0.75120504263997
LC_k1_0.05_k2_0.2	60	0.886857460405668	0.859627674353988	0.804834676298972	0.05	0.2	0.650648290869526	0.75120504263997
LC_k1_0.05_k2_0.2	70	0.884874464176363	0.862584200857318	0.854675881375208	0.05	0.2	0.650648290869526	0.75120504263997
LC_k1_0.05_k2_0.2	80	0.890646976090014	0.873300515705579	0.86530707923113	0.05	0.2	0.650648290869526	0.75120504263997
LC_k1_0.05_k2_0.2	90	0.874832283821048	0.863604560233774	0.89050500061736	0.05	0.2	0.650648290869526	0.75120504263997
LC_k1_0.05_k2_0.2	100	0.878559855985599	0.875763576357636	0.902154215421542	0.05	0.2	0.650648290869526	0.75120504263997
LC_k1_0.05_k2_0.2	110	0.886806573045105	0.883876203142258	0.919320154182539	0.05	0.2	0.650648290869526	0.75120504263997
LC_k1_0.05_k2_0.2	120	0.897576220570873	0.894173206472672	0.92328633932912	0.05	0.2	0.650648290869526	0.75120504263997
LC_k1_0.05_k2_0.2	130	0.899356812191891	0.894839476163815	0.921408185281787	0.05	0.2	0.650648290869526	0.75120504263997
LC_k1_0.05_k2_0.2	140	0.910367147011874	0.905057838227898	0.923404255319149	0.05	0.2	0.650648290869526	0.75120504263997
LC_k1_0.05_k2_0.2	150	0.908980843593049	0.904674874438864	0.925881150273346	0.05	0.2	0.650648290869526	0.75120504263997
LC_k1_0.05_k2_0.2	160	0.91003164186101	0.902358490566038	0.922635649830071	0.05	0.2	0.650648290869526	0.75120504263997
LC_k1_0.05_k2_0.2	170	0.900154493438609	0.892106179126898	0.915513461691123	0.05	0.2	0.650648290869526	0.75120504263997
LC_k1_0.05_k2_0.2	180	0.886373036204821	0.879043591880408	0.907272858215789	0.05	0.2	0.650648290869526	0.75120504263997
LC_k1_0.05_k2_0.2	190	0.879944188569154	0.87161621330814	0.904147804065137	0.05	0.2	0.650648290869526	0.75120504263997
LC_k1_0.05_k2_0.2	200	0.878702467561689	0.869885247131179	0.903207080177005	0.05	0.2	0.650648290869526	0.75120504263997
LC_k1_0.05_k2_0.2	210	0.869848684615459	0.857010039100336	0.902083947481802	0.05	0.2	0.650648290869526	0.75120504263997
LC_k1_0.05_k2_0.2	220	0.872074742340657	0.856659698077909	0.899216174639221	0.05	0.2	0.650648290869526	0.75120504263997
LC_k1_0.05_k2_0.2	230	0.863048286439211	0.848768736484704	0.906207481525499	0.05	0.2	0.650648290869526	0.75120504263997
LC_k1_0.05_k2_0.2	240	0.859017517665237	0.841101408010556	0.91388435041407	0.05	0.2	0.650648290869526	0.75120504263997
LC_k1_0.05_k2_0.2	250	0.846729323669179	0.828504392070273	0.91388435041407	0.05	0.2	0.650648290869526	0.75120504263997
LC_k1_0.05_k2_0.2	260	0.844363651260203	0.826280088349054	0.91388435041407	0.05	0.2	0.650648290869526	0.75120504263997
LC_k1_0.05_k2_0.2	270	0.831317911692128	0.813204570707417	0.91388435041407	0.05	0.2	0.650648290869526	0.75120504263997
LC_k1_0.05_k2_0.2	280	0.821696158660916	0.799729406169539	0.91388435041407	0.05	0.2	0.650648290869526	0.75120504263997
LC_k1_0.05_k2_0.2	290	0.808243732448334	0.783028130639136	0.91388435041407	0.05	0.2	0.650648290869526	0.75120504263997
LC_k1_0.05_k2_0.2	300	0.8115774619718	0.788062978477539	0.91388435041407	0.05	0.2	0.650648290869526	0.75120504263997
LC_k1_0.05_k2_0.28	10	0.454545454545455	0.296969696969697	0.660606060606061	0.05	0.28	0.633420981049959	0.736002966258806
LC_k1_0.05_k2_0.28	20	0.780451127819549	0.769924812030075	0.663157894736842	0.05	0.28	0.633420981049959	0.736002966258806
LC_k1_0.05_k2_0.28	30	0.895884315906563	0.876307007786429	0.695216907675195	0.05	0.28	0.633420981049959	0.736002966258806
LC_k1_0.05_k2_0.28	40	0.921013133208255	0.904315196998124	0.761538461538462	0.05	0.28	0.633420981049959	0.736002966258806
LC_k1_0.05_k2_0.28	50	0.8953181272509	0.867947178871549	0.790828331332533	0.05	0.28	0.633420981049959	0.736002966258806
LC_k1_0.05_k2_0.28	60	0.901917199222006	0.871853292581273	0.82267296471242	0.05	0.28	0.633420981049959	0.736002966258806
LC_k1_0.05_k2_0.28	70	0.884839471612282	0.86587350188085	0.858525063424022	0.05	0.28	0.633420981049959	0.736002966258806
LC_k1_0.05_k2_0.28	80	0.880684481950305	0.866924519456165	0.867533989685889	0.05	0.28	0.633420981049959	0.736002966258806
LC_k1_0.05_k2_0.28	90	0.894456105692061	0.88615878503519	0.88314606741573	0.05	0.28	0.633420981049959	0.736002966258806
LC_k1_0.05_k2_0.28	100	0.907338733873387	0.903858385838584	0.903774377437744	0.05	0.28	0.633420981049959	0.736002966258806
LC_k1_0.05_k2_0.28	110	0.917597998331943	0.914595496246872	0.921231657011473	0.05	0.28	0.633420981049959	0.736002966258806
LC_k1_0.05_k2_0.28	120	0.912987012987013	0.908750607681089	0.921411209111744	0.05	0.28	0.633420981049959	0.736002966258806
LC_k1_0.05_k2_0.28	130	0.914804244220186	0.909538570784798	0.926733944202434	0.05	0.28	0.633420981049959	0.736002966258806
LC_k1_0.05_k2_0.28	140	0.917989984911767	0.912243336030264	0.932750213203298	0.05	0.28	0.633420981049959	0.736002966258806
LC_k1_0.05_k2_0.28	150	0.917297657673675	0.912732121427619	0.928782612560558	0.05	0.28	0.633420981049959	0.736002966258806
LC_k1_0.05_k2_0.28	160	0.921774288058127	0.914698816360014	0.923353451306692	0.05	0.28	0.633420981049959	0.736002966258806
LC_k1_0.05_k2_0.28	170	0.91852272519098	0.909636604563968	0.920474349814669	0.05	0.28	0.633420981049959	0.736002966258806
LC_k1_0.05_k2_0.28	180	0.921263001944504	0.911320308239966	0.907723489408109	0.05	0.28	0.633420981049959	0.736002966258806
LC_k1_0.05_k2_0.28	190	0.913445043673757	0.90315929439655	0.900116784106864	0.05	0.28	0.633420981049959	0.736002966258806
LC_k1_0.05_k2_0.28	200	0.904018600465012	0.893429835745894	0.904017100427511	0.05	0.28	0.633420981049959	0.736002966258806
LC_k1_0.05_k2_0.28	210	0.899974408230831	0.888694593009884	0.906230461980025	0.05	0.28	0.633420981049959	0.736002966258806
LC_k1_0.05_k2_0.28	220	0.894592112158591	0.881855936166976	0.899080935180855	0.05	0.28	0.633420981049959	0.736002966258806
LC_k1_0.05_k2_0.28	230	0.886630551904902	0.870765042817445	0.906920571359531	0.05	0.28	0.633420981049959	0.736002966258806
LC_k1_0.05_k2_0.28	240	0.867296307227556	0.849430545669195	0.914566197221964	0.05	0.28	0.633420981049959	0.736002966258806
LC_k1_0.05_k2_0.28	250	0.852509384150146	0.835475639610234	0.914566197221964	0.05	0.28	0.633420981049959	0.736002966258806
LC_k1_0.05_k2_0.28	260	0.854424792355827	0.83296839848564	0.914566197221964	0.05	0.28	0.633420981049959	0.736002966258806
LC_k1_0.05_k2_0.28	270	0.83199220839792	0.808436329716457	0.914566197221964	0.05	0.28	0.633420981049959	0.736002966258806
LC_k1_0.05_k2_0.28	280	0.824403190273928	0.802355532960515	0.914566197221964	0.05	0.28	0.633420981049959	0.736002966258806
LC_k1_0.05_k2_0.28	290	0.823309227917344	0.800608396262041	0.914566197221964	0.05	0.28	0.633420981049959	0.736002966258806
LC_k1_0.05_k2_0.28	300	0.81407482305359	0.790746563850709	0.914566197221964	0.05	0.28	0.633420981049959	0.736002966258806
LC_k1_0.05_k2_0.36	10	0.406060606060606	0.624242424242424	0.745454545454545	0.05	0.36	0.609846767612658	0.715980719317761
LC_k1_0.05_k2_0.36	20	0.83609022556391	0.846616541353384	0.715789473684211	0.05	0.36	0.609846767612658	0.715980719317761
LC_k1_0.05_k2_0.36	30	0.911012235817575	0.90166852057842	0.711234705228031	0.05	0.36	0.609846767612658	0.715980719317761
LC_k1_0.05_k2_0.36	40	0.906754221388368	0.901125703564728	0.760225140712946	0.05	0.36	0.609846767612658	0.715980719317761
LC_k1_0.05_k2_0.36	50	0.882929171668667	0.861896758703481	0.774981992797119	0.05	0.36	0.609846767612658	0.715980719317761
LC_k1_0.05_k2_0.36	60	0.897026951931092	0.876799110864129	0.812614615170881	0.05	0.36	0.609846767612658	0.715980719317761
LC_k1_0.05_k2_0.36	70	0.871962208030794	0.857440293937538	0.851841483684717	0.05	0.36	0.609846767612658	0.715980719317761
LC_k1_0.05_k2_0.36	80	0.894116268166901	0.883919362400375	0.86347866854196	0.05	0.36	0.609846767612658	0.715980719317761
LC_k1_0.05_k2_0.36	90	0.886092933283945	0.876083467094703	0.889830020167099	0.05	0.36	0.609846767612658	0.715980719317761
LC_k1_0.05_k2_0.36	100	0.893741374137414	0.88951695169517	0.901950195019502	0.05	0.36	0.609846767612658	0.715980719317761
LC_k1_0.05_k2_0.36	110	0.896075558460879	0.894434551315285	0.915623379843563	0.05	0.36	0.609846767612658	0.715980719317761
LC_k1_0.05_k2_0.36	120	0.898242933537051	0.895624696159455	0.927710257656782	0.05	0.36	0.609846767612658	0.715980719317761
LC_k1_0.05_k2_0.36	130	0.903628343962091	0.900449275560229	0.921348099796529	0.05	0.36	0.609846767612658	0.715980719317761
LC_k1_0.05_k2_0.36	140	0.913852747589163	0.908731495047124	0.925691544029215	0.05	0.36	0.609846767612658	0.715980719317761
LC_k1_0.05_k2_0.36	150	0.922076536734966	0.915726032268101	0.92345259789324	0.05	0.36	0.609846767612658	0.715980719317761
LC_k1_0.05_k2_0.36	160	0.911622524317356	0.905932848939412	0.921144380639869	0.05	0.36	0.609846767612658	0.715980719317761
LC_k1_0.05_k2_0.36	170	0.894680662673042	0.889648939613217	0.918981930984789	0.05	0.36	0.609846767612658	0.715980719317761
LC_k1_0.05_k2_0.36	180	0.898523616984063	0.889753798985565	0.907172032058603	0.05	0.36	0.609846767612658	0.715980719317761
LC_k1_0.05_k2_0.36	190	0.893209463449199	0.882736509686083	0.902314249848006	0.05	0.36	0.609846767612658	0.715980719317761
LC_k1_0.05_k2_0.36	200	0.883352583814595	0.872645316132904	0.906081152028801	0.05	0.36	0.609846767612658	0.715980719317761
LC_k1_0.05_k2_0.36	210	0.878201319757818	0.867248042553605	0.90456019410871	0.05	0.36	0.609846767612658	0.715980719317761
LC_k1_0.05_k2_0.36	220	0.866936769918237	0.855133746189347	0.900777063387861	0.05	0.36	0.609846767612658	0.715980719317761
LC_k1_0.05_k2_0.36	230	0.864293974489532	0.847471761198741	0.907618866798666	0.05	0.36	0.609846767612658	0.715980719317761
LC_k1_0.05_k2_0.36	240	0.862398652754388	0.840425180992726	0.915272077794626	0.05	0.36	0.609846767612658	0.715980719317761
LC_k1_0.05_k2_0.36	250	0.853791196659146	0.832398982383718	0.915272077794626	0.05	0.36	0.609846767612658	0.715980719317761
LC_k1_0.05_k2_0.36	260	0.847387592215178	0.827283744525124	0.915272077794626	0.05	0.36	0.609846767612658	0.715980719317761
LC_k1_0.05_k2_0.36	270	0.843862512974572	0.822017982261607	0.915272077794626	0.05	0.36	0.609846767612658	0.715980719317761
LC_k1_0.05_k2_0.36	280	0.838808075175886	0.816518796704768	0.915272077794626	0.05	0.36	0.609846767612658	0.715980719317761
LC_k1_0.05_k2_0.36	290	0.818294940568812	0.799379302964363	0.915272077794626	0.05	0.36	0.609846767612658	0.715980719317761
LC_k1_0.05_k2_0.36	300	0.8180833120368	0.797237747086079	0.915272077794626	0.05	0.36	0.609846767612658	0.715980719317761
LC_k1_0.05_k2_0.44	10	0.406060606060606	0.260606060606061	0.684848484848485	0.05	0.44	0.573850757094932	0.682424916573971
LC_k1_0.05_k2_0.44	20	0.762406015037594	0.75187969924812	0.679699248120301	0.05	0.44	0.573850757094932	0.682424916573971
LC_k1_0.05_k2_0.44	30	0.892769744160178	0.869187986651835	0.681868743047831	0.05	0.44	0.573850757094932	0.682424916573971
LC_k1_0.05_k2_0.44	40	0.891744840525329	0.881988742964353	0.772420262664165	0.05	0.44	0.573850757094932	0.682424916573971
LC_k1_0.05_k2_0.44	50	0.888499399759904	0.867082833133253	0.77546218487395	0.05	0.44	0.573850757094932	0.682424916573971
LC_k1_0.05_k2_0.44	60	0.88235621005835	0.864906918588497	0.834065018060573	0.05	0.44	0.573850757094932	0.682424916573971
LC_k1_0.05_k2_0.44	70	0.874306709824163	0.861254483422273	0.860834572653311	0.05	0.44	0.573850757094932	0.682424916573971
LC_k1_0.05_k2_0.44	80	0.881270511017346	0.869854664791374	0.866947960618847	0.05	0.44	0.573850757094932	0.682424916573971
LC_k1_0.05_k2_0.44	90	0.877301724492736	0.871885417952834	0.889122113841215	0.05	0.44	0.573850757094932	0.682424916573971
LC_k1_0.05_k2_0.44	100	0.894401440144014	0.892781278127813	0.900678067806781	0.05	0.44	0.573850757094932	0.682424916573971
LC_k1_0.05_k2_0.44	110	0.901584653878232	0.899465771025404	0.913495480467957	0.05	0.44	0.573850757094932	0.682424916573971
LC_k1_0.05_k2_0.44	120	0.899562469615946	0.897784568372803	0.924925342037641	0.05	0.44	0.573850757094932	0.682424916573971
LC_k1_0.05_k2_0.44	130	0.904895601469363	0.901448879542258	0.920583375438692	0.05	0.44	0.573850757094932	0.682424916573971
LC_k1_0.05_k2_0.44	140	0.907262032319433	0.902669961295402	0.922547068727997	0.05	0.44	0.573850757094932	0.682424916573971
LC_k1_0.05_k2_0.44	150	0.915829147962132	0.909261744966443	0.925546913196142	0.05	0.44	0.573850757094932	0.682424916573971
LC_k1_0.05_k2_0.44	160	0.910386147896402	0.904552912223133	0.918592523145435	0.05	0.44	0.573850757094932	0.682424916573971
LC_k1_0.05_k2_0.44	170	0.905352312211088	0.897062182082425	0.911942403869053	0.05	0.44	0.573850757094932	0.682424916573971
LC_k1_0.05_k2_0.44	180	0.899091535746988	0.891751803039189	0.907229647005566	0.05	0.44	0.573850757094932	0.682424916573971
LC_k1_0.05_k2_0.44	190	0.902392980706566	0.890476627869849	0.899982066859995	0.05	0.44	0.573850757094932	0.682424916573971
LC_k1_0.05_k2_0.44	200	0.894725868146704	0.880514512862822	0.90078301957549	0.05	0.44	0.573850757094932	0.682424916573971
LC_k1_0.05_k2_0.44	210	0.888294195203649	0.873691985241	0.897375061954758	0.05	0.44	0.573850757094932	0.682424916573971
LC_k1_0.05_k2_0.44	220	0.874609355189533	0.860428370984374	0.900972033607005	0.05	0.44	0.573850757094932	0.682424916573971
LC_k1_0.05_k2_0.44	230	0.866031822743423	0.849787577146605	0.907322978900727	0.05	0.44	0.573850757094932	0.682424916573971
LC_k1_0.05_k2_0.44	240	0.860864771957846	0.843268112293616	0.912004375925467	0.05	0.44	0.573850757094932	0.682424916573971
LC_k1_0.05_k2_0.44	250	0.850676906830509	0.829752412038592	0.912004375925467	0.05	0.44	0.573850757094932	0.682424916573971
LC_k1_0.05_k2_0.44	260	0.843091670677877	0.821834642524298	0.912004375925467	0.05	0.44	0.573850757094932	0.682424916573971
LC_k1_0.05_k2_0.44	270	0.840998885825289	0.819254950913821	0.912004375925467	0.05	0.44	0.573850757094932	0.682424916573971
LC_k1_0.05_k2_0.44	280	0.840524569373152	0.815884131175143	0.912004375925467	0.05	0.44	0.573850757094932	0.682424916573971
LC_k1_0.05_k2_0.44	290	0.826336202283762	0.803171385448431	0.912004375925467	0.05	0.44	0.573850757094932	0.682424916573971
LC_k1_0.05_k2_0.44	300	0.822265580728675	0.801610240113779	0.912004375925467	0.05	0.44	0.573850757094932	0.682424916573971
LC_k1_0.05_k2_0.52	10	0.224242424242424	0.115151515151515	0.36969696969697	0.05	0.52	0.53477196482002	0.638857990359659
LC_k1_0.05_k2_0.52	20	0.682706766917293	0.727819548872181	0.619548872180451	0.05	0.52	0.53477196482002	0.638857990359659
LC_k1_0.05_k2_0.52	30	0.869632925472748	0.880756395995551	0.74860956618465	0.05	0.52	0.53477196482002	0.638857990359659
LC_k1_0.05_k2_0.52	40	0.87016885553471	0.863227016885554	0.745403377110694	0.05	0.52	0.53477196482002	0.638857990359659
LC_k1_0.05_k2_0.52	50	0.885138055222089	0.880240096038415	0.731476590636255	0.05	0.52	0.53477196482002	0.638857990359659
LC_k1_0.05_k2_0.52	60	0.851792164490136	0.842345095859961	0.82039455404279	0.05	0.52	0.53477196482002	0.638857990359659
LC_k1_0.05_k2_0.52	70	0.857440293937538	0.849077071122386	0.851246610095355	0.05	0.52	0.53477196482002	0.638857990359659
LC_k1_0.05_k2_0.52	80	0.858626347866854	0.854383497421472	0.860103141115799	0.05	0.52	0.53477196482002	0.638857990359659
LC_k1_0.05_k2_0.52	90	0.873400008231469	0.868461126888093	0.880940033749022	0.05	0.52	0.53477196482002	0.638857990359659
LC_k1_0.05_k2_0.52	100	0.892973297329733	0.891713171317132	0.895289528952895	0.05	0.52	0.53477196482002	0.638857990359659
LC_k1_0.05_k2_0.52	110	0.90136825733156	0.901025629465996	0.908545409462841	0.05	0.52	0.53477196482002	0.638857990359659
LC_k1_0.05_k2_0.52	120	0.906146260156955	0.905201750121536	0.922112646711577	0.05	0.52	0.53477196482002	0.638857990359659
LC_k1_0.05_k2_0.52	130	0.898979912329815	0.895462180283767	0.919201409277745	0.05	0.52	0.53477196482002	0.638857990359659
LC_k1_0.05_k2_0.52	140	0.910244691784566	0.905363976296167	0.923154971463559	0.05	0.52	0.53477196482002	0.638857990359659
LC_k1_0.05_k2_0.52	150	0.912415662918352	0.905073114360638	0.919477310102671	0.05	0.52	0.53477196482002	0.638857990359659
LC_k1_0.05_k2_0.52	160	0.903187624516583	0.896428571428571	0.923291925465838	0.05	0.52	0.53477196482002	0.638857990359659
LC_k1_0.05_k2_0.52	170	0.907362558851009	0.898158902302746	0.91981973730009	0.05	0.52	0.53477196482002	0.638857990359659
LC_k1_0.05_k2_0.52	180	0.902326203483647	0.892992582075578	0.906351019064374	0.05	0.52	0.53477196482002	0.638857990359659
LC_k1_0.05_k2_0.52	190	0.899528927029616	0.889132954550425	0.900408963070854	0.05	0.52	0.53477196482002	0.638857990359659
LC_k1_0.05_k2_0.52	200	0.895592889822246	0.881707042676067	0.903195079876997	0.05	0.52	0.53477196482002	0.638857990359659
LC_k1_0.05_k2_0.52	210	0.890726385114013	0.874571823786092	0.902423443356344	0.05	0.52	0.53477196482002	0.638857990359659
LC_k1_0.05_k2_0.52	220	0.878957303775998	0.862730822763055	0.900672252807628	0.05	0.52	0.53477196482002	0.638857990359659
LC_k1_0.05_k2_0.52	230	0.866608804144403	0.850297490624052	0.907548839996154	0.05	0.52	0.53477196482002	0.638857990359659
LC_k1_0.05_k2_0.52	240	0.867785899060747	0.851808191114429	0.914295594833452	0.05	0.52	0.53477196482002	0.638857990359659
LC_k1_0.05_k2_0.52	250	0.861947487159794	0.845159506552105	0.914295594833452	0.05	0.52	0.53477196482002	0.638857990359659
LC_k1_0.05_k2_0.52	260	0.851818017335259	0.828078476354338	0.914295594833452	0.05	0.52	0.53477196482002	0.638857990359659
LC_k1_0.05_k2_0.52	270	0.839861238761086	0.816784561897663	0.914295594833452	0.05	0.52	0.53477196482002	0.638857990359659
LC_k1_0.05_k2_0.52	280	0.8333087338942	0.808592310761981	0.914295594833452	0.05	0.52	0.53477196482002	0.638857990359659
LC_k1_0.05_k2_0.52	290	0.831327856208877	0.807808285063048	0.914295594833452	0.05	0.52	0.53477196482002	0.638857990359659
LC_k1_0.05_k2_0.52	300	0.821262458471761	0.803180035333726	0.914295594833452	0.05	0.52	0.53477196482002	0.638857990359659
LC_k1_0.05_k2_0.6	10	0.539393939393939	0.503030303030303	0.83030303030303	0.05	0.6	0.491975700426149	0.591212458286986
LC_k1_0.05_k2_0.6	20	0.825563909774436	0.82406015037594	0.738345864661654	0.05	0.6	0.491975700426149	0.591212458286986
LC_k1_0.05_k2_0.6	30	0.912347052280312	0.907452725250278	0.752169076751947	0.05	0.6	0.491975700426149	0.591212458286986
LC_k1_0.05_k2_0.6	40	0.911444652908068	0.897748592870544	0.75797373358349	0.05	0.6	0.491975700426149	0.591212458286986
LC_k1_0.05_k2_0.6	50	0.919903961584634	0.901272509003601	0.776038415366146	0.05	0.6	0.491975700426149	0.591212458286986
LC_k1_0.05_k2_0.6	60	0.890691858849681	0.875965545984996	0.832953598221728	0.05	0.6	0.491975700426149	0.591212458286986
LC_k1_0.05_k2_0.6	70	0.851001662146794	0.83154579651824	0.852471349838159	0.05	0.6	0.491975700426149	0.591212458286986
LC_k1_0.05_k2_0.6	80	0.863384903891233	0.847280825128926	0.860009376465073	0.05	0.6	0.491975700426149	0.591212458286986
LC_k1_0.05_k2_0.6	90	0.863258838539738	0.85264024365148	0.880149812734082	0.05	0.6	0.491975700426149	0.591212458286986
LC_k1_0.05_k2_0.6	100	0.883936393639364	0.878043804380438	0.895037503750375	0.05	0.6	0.491975700426149	0.591212458286986
LC_k1_0.05_k2_0.6	110	0.893361585104704	0.888790208056263	0.910934787999008	0.05	0.6	0.491975700426149	0.591212458286986
LC_k1_0.05_k2_0.6	120	0.900312521702896	0.895708035280228	0.920008333912077	0.05	0.6	0.491975700426149	0.591212458286986
LC_k1_0.05_k2_0.6	130	0.901000969561239	0.895205451392208	0.926034767646697	0.05	0.6	0.491975700426149	0.591212458286986
LC_k1_0.05_k2_0.6	140	0.911709781111281	0.904756073560604	0.917539524611314	0.05	0.6	0.491975700426149	0.591212458286986
LC_k1_0.05_k2_0.6	150	0.904792212987244	0.89784079292413	0.923801057824792	0.05	0.6	0.491975700426149	0.591212458286986
LC_k1_0.05_k2_0.6	160	0.900987343255596	0.892183288409703	0.918141333645845	0.05	0.6	0.491975700426149	0.591212458286986
LC_k1_0.05_k2_0.6	170	0.889746642973602	0.880161943319838	0.910679587936078	0.05	0.6	0.491975700426149	0.591212458286986
LC_k1_0.05_k2_0.6	180	0.887733160488492	0.875029064683066	0.89920265028756	0.05	0.6	0.491975700426149	0.591212458286986
LC_k1_0.05_k2_0.6	190	0.884645295612504	0.869364510753323	0.894115743109957	0.05	0.6	0.491975700426149	0.591212458286986
LC_k1_0.05_k2_0.6	200	0.87704042601065	0.860966024150604	0.893860346508663	0.05	0.6	0.491975700426149	0.591212458286986
LC_k1_0.05_k2_0.6	210	0.868125289527136	0.851572921964541	0.894957125687981	0.05	0.6	0.491975700426149	0.591212458286986
LC_k1_0.05_k2_0.6	220	0.861194727915115	0.844077920467929	0.894487301578357	0.05	0.6	0.491975700426149	0.591212458286986
LC_k1_0.05_k2_0.6	230	0.86113093286057	0.841653618832278	0.90088840341356	0.05	0.6	0.491975700426149	0.591212458286986
LC_k1_0.05_k2_0.6	240	0.862902133717599	0.84083577839893	0.907406805739085	0.05	0.6	0.491975700426149	0.591212458286986
LC_k1_0.05_k2_0.6	250	0.85537406998512	0.833737627802045	0.907406805739085	0.05	0.6	0.491975700426149	0.591212458286986
LC_k1_0.05_k2_0.6	260	0.84576672162879	0.825978308736929	0.907406805739085	0.05	0.6	0.491975700426149	0.591212458286986
LC_k1_0.05_k2_0.6	270	0.834015098515297	0.812551612504973	0.907406805739085	0.05	0.6	0.491975700426149	0.591212458286986
LC_k1_0.05_k2_0.6	280	0.828856235411166	0.808097042054108	0.907406805739085	0.05	0.6	0.491975700426149	0.591212458286986
LC_k1_0.05_k2_0.6	290	0.814393135184272	0.79717205215036	0.907406805739085	0.05	0.6	0.491975700426149	0.591212458286986
LC_k1_0.05_k2_0.6	300	0.813326370293003	0.793690596562184	0.907406805739085	0.05	0.6	0.491975700426149	0.591212458286986
LC_k1_0.05_k2_0.68	10	0.442424242424242	0.563636363636364	0.406060606060606	0.05	0.68	0.431952126212712	0.527252502780868
LC_k1_0.05_k2_0.68	20	0.547368421052632	0.684210526315789	0.398496240601504	0.05	0.68	0.431952126212712	0.527252502780868
LC_k1_0.05_k2_0.68	30	0.604894327030034	0.642269187986652	0.421134593993326	0.05	0.68	0.431952126212712	0.527252502780868
LC_k1_0.05_k2_0.68	40	0.786116322701689	0.780863039399625	0.592495309568481	0.05	0.68	0.431952126212712	0.527252502780868
LC_k1_0.05_k2_0.68	50	0.826074429771909	0.820792316926771	0.685378151260504	0.05	0.68	0.431952126212712	0.527252502780868
LC_k1_0.05_k2_0.68	60	0.823117532647958	0.800666851903307	0.7536537927202	0.05	0.68	0.431952126212712	0.527252502780868
LC_k1_0.05_k2_0.68	70	0.817653748578427	0.794103752952498	0.811635027556644	0.05	0.68	0.431952126212712	0.527252502780868
LC_k1_0.05_k2_0.68	80	0.792311298640413	0.775222691045476	0.77977027660572	0.05	0.68	0.431952126212712	0.527252502780868
LC_k1_0.05_k2_0.68	90	0.818957072889657	0.812470675392024	0.828159855126147	0.05	0.68	0.431952126212712	0.527252502780868
LC_k1_0.05_k2_0.68	100	0.851557155715572	0.848016801680168	0.849180918091809	0.05	0.68	0.431952126212712	0.527252502780868
LC_k1_0.05_k2_0.68	110	0.872858012307554	0.869233370150801	0.877366273696549	0.05	0.68	0.431952126212712	0.527252502780868
LC_k1_0.05_k2_0.68	120	0.887929717341482	0.88282519619418	0.896749774289881	0.05	0.68	0.431952126212712	0.527252502780868
LC_k1_0.05_k2_0.68	130	0.881724453426921	0.876338609021016	0.907730543910199	0.05	0.68	0.431952126212712	0.527252502780868
LC_k1_0.05_k2_0.68	140	0.892506177428878	0.885639937897706	0.907563796986727	0.05	0.68	0.431952126212712	0.527252502780868
LC_k1_0.05_k2_0.68	150	0.892606782523668	0.884346859860438	0.91065914040624	0.05	0.68	0.431952126212712	0.527252502780868
LC_k1_0.05_k2_0.68	160	0.887202625102543	0.876614320871909	0.91074944333763	0.05	0.68	0.431952126212712	0.527252502780868
LC_k1_0.05_k2_0.68	170	0.893872167365857	0.881265991292188	0.901886285501432	0.05	0.68	0.431952126212712	0.527252502780868
LC_k1_0.05_k2_0.68	180	0.884517011841929	0.871959011080589	0.901492844429355	0.05	0.68	0.431952126212712	0.527252502780868
LC_k1_0.05_k2_0.68	190	0.885080939696536	0.870758921737153	0.89283855362665	0.05	0.68	0.431952126212712	0.527252502780868
LC_k1_0.05_k2_0.68	200	0.878459461486537	0.862742068551714	0.890468761719043	0.05	0.68	0.431952126212712	0.527252502780868
LC_k1_0.05_k2_0.68	210	0.865677550187403	0.850814887282834	0.888057066405782	0.05	0.68	0.431952126212712	0.527252502780868
LC_k1_0.05_k2_0.68	220	0.856980891791528	0.840260786755549	0.893724325634076	0.05	0.68	0.431952126212712	0.527252502780868
LC_k1_0.05_k2_0.68	230	0.856759682315027	0.839934510145256	0.895783350881129	0.05	0.68	0.431952126212712	0.527252502780868
LC_k1_0.05_k2_0.68	240	0.843328009166826	0.828180176739179	0.899978592146567	0.05	0.68	0.431952126212712	0.527252502780868
LC_k1_0.05_k2_0.68	250	0.837722843565497	0.822909422550761	0.899978592146567	0.05	0.68	0.431952126212712	0.527252502780868
LC_k1_0.05_k2_0.68	260	0.830445602859396	0.814634262910125	0.899978592146567	0.05	0.68	0.431952126212712	0.527252502780868
LC_k1_0.05_k2_0.68	270	0.817878312612122	0.79863768897912	0.899978592146567	0.05	0.68	0.431952126212712	0.527252502780868
LC_k1_0.05_k2_0.68	280	0.813779512493782	0.790553815373009	0.899978592146567	0.05	0.68	0.431952126212712	0.527252502780868
LC_k1_0.05_k2_0.68	290	0.811277595247965	0.790585725936304	0.899978592146567	0.05	0.68	0.431952126212712	0.527252502780868
LC_k1_0.05_k2_0.68	300	0.810035222613585	0.789930999233325	0.899978592146567	0.05	0.68	0.431952126212712	0.527252502780868
LC_k1_0.05_k2_0.76	10	0.672727272727273	0.866666666666667	0.539393939393939	0.05	0.76	0.369480460603863	0.455320726733408
LC_k1_0.05_k2_0.76	20	0.842105263157895	0.840601503759399	0.803007518796992	0.05	0.76	0.369480460603863	0.455320726733408
LC_k1_0.05_k2_0.76	30	0.890100111234705	0.897664071190211	0.684093437152392	0.05	0.76	0.369480460603863	0.455320726733408
LC_k1_0.05_k2_0.76	40	0.925140712945591	0.927204502814259	0.738273921200751	0.05	0.76	0.369480460603863	0.455320726733408
LC_k1_0.05_k2_0.76	50	0.911356542617047	0.906938775510204	0.783913565426171	0.05	0.76	0.369480460603863	0.455320726733408
LC_k1_0.05_k2_0.76	60	0.90302861906085	0.886524034454015	0.830119477632676	0.05	0.76	0.369480460603863	0.455320726733408
LC_k1_0.05_k2_0.76	70	0.901530924678506	0.898941474936576	0.838159391129385	0.05	0.76	0.369480460603863	0.455320726733408
LC_k1_0.05_k2_0.76	80	0.886708860759494	0.889451476793249	0.86277543366151	0.05	0.76	0.369480460603863	0.455320726733408
LC_k1_0.05_k2_0.76	90	0.911890356834177	0.913865909371527	0.881154051940569	0.05	0.76	0.369480460603863	0.455320726733408
LC_k1_0.05_k2_0.76	100	0.927536753675368	0.929276927692769	0.877659765976598	0.05	0.76	0.369480460603863	0.455320726733408
LC_k1_0.05_k2_0.76	110	0.93453102810901	0.93564907693348	0.898744449203165	0.05	0.76	0.369480460603863	0.455320726733408
LC_k1_0.05_k2_0.76	120	0.933259254114869	0.933043961386207	0.912618931870269	0.05	0.76	0.369480460603863	0.455320726733408
LC_k1_0.05_k2_0.76	130	0.930814294883175	0.930623113793716	0.924986002813093	0.05	0.76	0.369480460603863	0.455320726733408
LC_k1_0.05_k2_0.76	140	0.930296735256172	0.927384050206643	0.91878157048829	0.05	0.76	0.369480460603863	0.455320726733408
LC_k1_0.05_k2_0.76	150	0.921344059735988	0.916504733543713	0.921262278323481	0.05	0.76	0.369480460603863	0.455320726733408
LC_k1_0.05_k2_0.76	160	0.921343607172155	0.917051447322161	0.926148482362592	0.05	0.76	0.369480460603863	0.455320726733408
LC_k1_0.05_k2_0.76	170	0.923166077393274	0.917215942745831	0.926019015516515	0.05	0.76	0.369480460603863	0.455320726733408
LC_k1_0.05_k2_0.76	180	0.917797874419992	0.913143409776022	0.914522053149789	0.05	0.76	0.369480460603863	0.455320726733408
LC_k1_0.05_k2_0.76	190	0.91744632086324	0.905767910176838	0.912537014438365	0.05	0.76	0.369480460603863	0.455320726733408
LC_k1_0.05_k2_0.76	200	0.898954473861847	0.887138678466962	0.902899572489312	0.05	0.76	0.369480460603863	0.455320726733408
LC_k1_0.05_k2_0.76	210	0.887056719783086	0.876248570586311	0.905333778219785	0.05	0.76	0.369480460603863	0.455320726733408
LC_k1_0.05_k2_0.76	220	0.883162123935694	0.870374106151705	0.904445433696038	0.05	0.76	0.369480460603863	0.455320726733408
LC_k1_0.05_k2_0.76	230	0.879837952061229	0.867729232984597	0.900288737273738	0.05	0.76	0.369480460603863	0.455320726733408
LC_k1_0.05_k2_0.76	240	0.868421326759145	0.854388965086199	0.898405715763346	0.05	0.76	0.369480460603863	0.455320726733408
LC_k1_0.05_k2_0.76	250	0.862286180578889	0.847330677290837	0.898405715763346	0.05	0.76	0.369480460603863	0.455320726733408
LC_k1_0.05_k2_0.76	260	0.863385325454291	0.849648891028201	0.898405715763346	0.05	0.76	0.369480460603863	0.455320726733408
LC_k1_0.05_k2_0.76	270	0.847060849790654	0.832070856024545	0.898405715763346	0.05	0.76	0.369480460603863	0.455320726733408
LC_k1_0.05_k2_0.76	280	0.834531052691999	0.821345753316824	0.898405715763346	0.05	0.76	0.369480460603863	0.455320726733408
LC_k1_0.05_k2_0.76	290	0.827013236862466	0.813042510243469	0.898405715763346	0.05	0.76	0.369480460603863	0.455320726733408
LC_k1_0.05_k2_0.76	300	0.825124279158657	0.813019255769509	0.898405715763346	0.05	0.76	0.369480460603863	0.455320726733408
LC_k1_0.15_k2_0.04	10	0.721212121212121	0.76969696969697	0.757575757575757	0.15	0.04	0.46758545652371	0.563032999629218
LC_k1_0.15_k2_0.04	20	0.855639097744361	0.87218045112782	0.736842105263158	0.15	0.04	0.46758545652371	0.563032999629218
LC_k1_0.15_k2_0.04	30	0.929699666295884	0.922135706340378	0.730812013348165	0.15	0.04	0.46758545652371	0.563032999629218
LC_k1_0.15_k2_0.04	40	0.933020637898687	0.926641651031895	0.768855534709194	0.15	0.04	0.46758545652371	0.563032999629218
LC_k1_0.15_k2_0.04	50	0.938727490996399	0.92422569027611	0.781800720288115	0.15	0.04	0.46758545652371	0.563032999629218
LC_k1_0.15_k2_0.04	60	0.89597110308419	0.87179772158933	0.831397610447347	0.15	0.04	0.46758545652371	0.563032999629218
LC_k1_0.15_k2_0.04	70	0.898136645962733	0.87889073571866	0.865418598547809	0.15	0.04	0.46758545652371	0.563032999629218
LC_k1_0.15_k2_0.04	80	0.895827473042663	0.88314580403188	0.882794186591655	0.15	0.04	0.46758545652371	0.563032999629218
LC_k1_0.15_k2_0.04	90	0.894801827386097	0.886734987858583	0.89865415483393	0.15	0.04	0.46758545652371	0.563032999629218
LC_k1_0.15_k2_0.04	100	0.893285328532853	0.892829282928293	0.918415841584159	0.15	0.04	0.46758545652371	0.563032999629218
LC_k1_0.15_k2_0.04	110	0.906210130063341	0.904487974212745	0.928183396073304	0.15	0.04	0.46758545652371	0.563032999629218
LC_k1_0.15_k2_0.04	120	0.906354607958886	0.903152996735884	0.930884089172859	0.15	0.04	0.46758545652371	0.563032999629218
LC_k1_0.15_k2_0.04	130	0.917983312622049	0.915732838083273	0.933589151838752	0.15	0.04	0.46758545652371	0.563032999629218
LC_k1_0.15_k2_0.04	140	0.922009140408038	0.918024972119569	0.937477859657563	0.15	0.04	0.46758545652371	0.563032999629218
LC_k1_0.15_k2_0.04	150	0.921877416774079	0.917983910396018	0.940971598737722	0.15	0.04	0.46758545652371	0.563032999629218
LC_k1_0.15_k2_0.04	160	0.928867338567913	0.923048751904371	0.937413570842611	0.15	0.04	0.46758545652371	0.563032999629218
LC_k1_0.15_k2_0.04	170	0.909612178723872	0.903376261747303	0.93468774616667	0.15	0.04	0.46758545652371	0.563032999629218
LC_k1_0.15_k2_0.04	180	0.911211251376071	0.904818049939813	0.929065711904688	0.15	0.04	0.46758545652371	0.563032999629218
LC_k1_0.15_k2_0.04	190	0.904877376687793	0.896797841024901	0.929215709430645	0.15	0.04	0.46758545652371	0.563032999629218
LC_k1_0.15_k2_0.04	200	0.89710342758569	0.886403660091503	0.92460811520288	0.15	0.04	0.46758545652371	0.563032999629218
LC_k1_0.15_k2_0.04	210	0.893688551408681	0.881157007123582	0.920183483266546	0.15	0.04	0.46758545652371	0.563032999629218
LC_k1_0.15_k2_0.04	220	0.888754275539127	0.872944782856145	0.915758214388351	0.15	0.04	0.46758545652371	0.563032999629218
LC_k1_0.15_k2_0.04	230	0.882418094531252	0.866280368577692	0.919787749747879	0.15	0.04	0.46758545652371	0.563032999629218
LC_k1_0.15_k2_0.04	240	0.87699091998125	0.858887307071303	0.926545693750197	0.15	0.04	0.46758545652371	0.563032999629218
LC_k1_0.15_k2_0.04	250	0.872917774684395	0.851260596169539	0.926545693750197	0.15	0.04	0.46758545652371	0.563032999629218
LC_k1_0.15_k2_0.04	260	0.866269983511363	0.843290353635181	0.926545693750197	0.15	0.04	0.46758545652371	0.563032999629218
LC_k1_0.15_k2_0.04	270	0.865324779641848	0.845955515317235	0.926545693750197	0.15	0.04	0.46758545652371	0.563032999629218
LC_k1_0.15_k2_0.04	280	0.862881632965435	0.841362043612072	0.926545693750197	0.15	0.04	0.46758545652371	0.563032999629218
LC_k1_0.15_k2_0.04	290	0.863247871658649	0.843255178318164	0.926545693750197	0.15	0.04	0.46758545652371	0.563032999629218
LC_k1_0.15_k2_0.04	300	0.851925465838509	0.836150179446438	0.926545693750197	0.15	0.04	0.46758545652371	0.563032999629218
LC_k1_0.15_k2_0.12	10	0.260606060606061	0.503030303030303	0.478787878787879	0.15	0.12	0.460875872699248	0.556544308490916
LC_k1_0.15_k2_0.12	20	0.62406015037594	0.756390977443609	0.568421052631579	0.15	0.12	0.460875872699248	0.556544308490916
LC_k1_0.15_k2_0.12	30	0.818909899888765	0.821134593993326	0.675639599555061	0.15	0.12	0.460875872699248	0.556544308490916
LC_k1_0.15_k2_0.12	40	0.893996247654784	0.878424015009381	0.690243902439025	0.15	0.12	0.460875872699248	0.556544308490916
LC_k1_0.15_k2_0.12	50	0.899255702280913	0.882833133253301	0.72686674669868	0.15	0.12	0.460875872699248	0.556544308490916
LC_k1_0.15_k2_0.12	60	0.854070575159767	0.835065295915532	0.812614615170881	0.15	0.12	0.460875872699248	0.556544308490916
LC_k1_0.15_k2_0.12	70	0.867728107777097	0.852926253171201	0.846452628816376	0.15	0.12	0.460875872699248	0.556544308490916
LC_k1_0.15_k2_0.12	80	0.888420065635256	0.873628691983122	0.858766994842944	0.15	0.12	0.460875872699248	0.556544308490916
LC_k1_0.15_k2_0.12	90	0.894999382639832	0.886323414413302	0.878684611268881	0.15	0.12	0.460875872699248	0.556544308490916
LC_k1_0.15_k2_0.12	100	0.899237923792379	0.898037803780378	0.902466246624663	0.15	0.12	0.460875872699248	0.556544308490916
LC_k1_0.15_k2_0.12	110	0.904929783828866	0.902693686179925	0.915866825958569	0.15	0.12	0.460875872699248	0.556544308490916
LC_k1_0.15_k2_0.12	120	0.906535176053892	0.904194735745538	0.922800194457948	0.15	0.12	0.460875872699248	0.556544308490916
LC_k1_0.15_k2_0.12	130	0.911510467164648	0.909740676507941	0.925985606795122	0.15	0.12	0.460875872699248	0.556544308490916
LC_k1_0.15_k2_0.12	140	0.917154665325491	0.913406660689686	0.935111849729943	0.15	0.12	0.460875872699248	0.556544308490916
LC_k1_0.15_k2_0.12	150	0.918570603137917	0.912543668607494	0.933856615849593	0.15	0.12	0.460875872699248	0.556544308490916
LC_k1_0.15_k2_0.12	160	0.916345365053322	0.910617602250088	0.932570608226884	0.15	0.12	0.460875872699248	0.556544308490916
LC_k1_0.15_k2_0.12	170	0.919526627218935	0.912929207808941	0.927782561171463	0.15	0.12	0.460875872699248	0.556544308490916
LC_k1_0.15_k2_0.12	180	0.916847227795096	0.908217331810653	0.925705525890717	0.15	0.12	0.460875872699248	0.556544308490916
LC_k1_0.15_k2_0.12	190	0.912449535706632	0.90281812734279	0.921851749793332	0.15	0.12	0.460875872699248	0.556544308490916
LC_k1_0.15_k2_0.12	200	0.908098702467562	0.894490362259057	0.915667891697293	0.15	0.12	0.460875872699248	0.556544308490916
LC_k1_0.15_k2_0.12	210	0.899424995059817	0.883712296683112	0.915595105817106	0.15	0.12	0.460875872699248	0.556544308490916
LC_k1_0.15_k2_0.12	220	0.891078140232048	0.87642043693615	0.909877551940404	0.15	0.12	0.460875872699248	0.556544308490916
LC_k1_0.15_k2_0.12	230	0.882169548696984	0.866084096272059	0.914328618030915	0.15	0.12	0.460875872699248	0.556544308490916
LC_k1_0.15_k2_0.12	240	0.868033299189222	0.851108526189691	0.921323245679819	0.15	0.12	0.460875872699248	0.556544308490916
LC_k1_0.15_k2_0.12	250	0.867613113809821	0.849229203667259	0.921323245679819	0.15	0.12	0.460875872699248	0.556544308490916
LC_k1_0.15_k2_0.12	260	0.859184990219473	0.841128054921158	0.921323245679819	0.15	0.12	0.460875872699248	0.556544308490916
LC_k1_0.15_k2_0.12	270	0.851301115241636	0.832750030102531	0.921323245679819	0.15	0.12	0.460875872699248	0.556544308490916
LC_k1_0.15_k2_0.12	280	0.856560123762512	0.833953785853683	0.921323245679819	0.15	0.12	0.460875872699248	0.556544308490916
LC_k1_0.15_k2_0.12	290	0.857370562034646	0.833278266870204	0.921323245679819	0.15	0.12	0.460875872699248	0.556544308490916
LC_k1_0.15_k2_0.12	300	0.849612995699952	0.831215902398916	0.921323245679819	0.15	0.12	0.460875872699248	0.556544308490916
LC_k1_0.15_k2_0.2	10	0.806060606060606	0.696969696969697	0.76969696969697	0.15	0.2	0.448544745670505	0.545977011494253
LC_k1_0.15_k2_0.2	20	0.873684210526316	0.86015037593985	0.861654135338346	0.15	0.2	0.448544745670505	0.545977011494253
LC_k1_0.15_k2_0.2	30	0.927474972191324	0.918131256952169	0.740155728587319	0.15	0.2	0.448544745670505	0.545977011494253
LC_k1_0.15_k2_0.2	40	0.9046904315197	0.883114446529081	0.801500938086304	0.15	0.2	0.448544745670505	0.545977011494253
LC_k1_0.15_k2_0.2	50	0.926146458583433	0.921536614645858	0.75202881152461	0.15	0.2	0.448544745670505	0.545977011494253
LC_k1_0.15_k2_0.2	60	0.92342317310364	0.915976660183384	0.817949430397333	0.15	0.2	0.448544745670505	0.545977011494253
LC_k1_0.15_k2_0.2	70	0.908984340827574	0.906289913393404	0.857265331117138	0.15	0.2	0.448544745670505	0.545977011494253
LC_k1_0.15_k2_0.2	80	0.913408345053915	0.906891701828411	0.870557899671824	0.15	0.2	0.448544745670505	0.545977011494253
LC_k1_0.15_k2_0.2	90	0.912729966662551	0.911050747005803	0.88839774457752	0.15	0.2	0.448544745670505	0.545977011494253
LC_k1_0.15_k2_0.2	100	0.911695169516952	0.915811581158116	0.911011101110111	0.15	0.2	0.448544745670505	0.545977011494253
LC_k1_0.15_k2_0.2	110	0.917679147036945	0.919798029889773	0.923593985979307	0.15	0.2	0.448544745670505	0.545977011494253
LC_k1_0.15_k2_0.2	120	0.925217028960344	0.92471004930898	0.932828668657546	0.15	0.2	0.448544745670505	0.545977011494253
LC_k1_0.15_k2_0.2	130	0.922588045719592	0.9204140436166	0.93765857788581	0.15	0.2	0.448544745670505	0.545977011494253
LC_k1_0.15_k2_0.2	140	0.923513590343531	0.92170300233977	0.93564103124795	0.15	0.2	0.448544745670505	0.545977011494253
LC_k1_0.15_k2_0.2	150	0.921813413929508	0.919658651495622	0.933895728699054	0.15	0.2	0.448544745670505	0.545977011494253
LC_k1_0.15_k2_0.2	160	0.929804875190437	0.927563576702215	0.935746513535685	0.15	0.2	0.448544745670505	0.545977011494253
LC_k1_0.15_k2_0.2	170	0.92202783324479	0.916866653232455	0.929294520673421	0.15	0.2	0.448544745670505	0.545977011494253
LC_k1_0.15_k2_0.2	180	0.916826651028324	0.909974587693036	0.926401020607632	0.15	0.2	0.448544745670505	0.545977011494253
LC_k1_0.15_k2_0.2	190	0.91539931854068	0.905622695482161	0.921703035949385	0.15	0.2	0.448544745670505	0.545977011494253
LC_k1_0.15_k2_0.2	200	0.905265131628291	0.892162304057602	0.925454136353409	0.15	0.2	0.448544745670505	0.545977011494253
LC_k1_0.15_k2_0.2	210	0.899275979695037	0.886193726453143	0.91815687430554	0.15	0.2	0.448544745670505	0.545977011494253
LC_k1_0.15_k2_0.2	220	0.891963958684346	0.877819038334751	0.913942624659788	0.15	0.2	0.448544745670505	0.545977011494253
LC_k1_0.15_k2_0.2	230	0.87996419756435	0.868662266156096	0.916047726717938	0.15	0.2	0.448544745670505	0.545977011494253
LC_k1_0.15_k2_0.2	240	0.869694786367819	0.858123404920224	0.920514999072029	0.15	0.2	0.448544745670505	0.545977011494253
LC_k1_0.15_k2_0.2	250	0.870615273844381	0.859164978639658	0.920514999072029	0.15	0.2	0.448544745670505	0.545977011494253
LC_k1_0.15_k2_0.2	260	0.869947325119739	0.856850636160981	0.920514999072029	0.15	0.2	0.448544745670505	0.545977011494253
LC_k1_0.15_k2_0.2	270	0.8647144984461	0.84854235159452	0.920514999072029	0.15	0.2	0.448544745670505	0.545977011494253
LC_k1_0.15_k2_0.2	280	0.859201010216967	0.840586341298085	0.920514999072029	0.15	0.2	0.448544745670505	0.545977011494253
LC_k1_0.15_k2_0.2	290	0.844177736337838	0.827578088385979	0.920514999072029	0.15	0.2	0.448544745670505	0.545977011494253
LC_k1_0.15_k2_0.2	300	0.846373404148935	0.830407448971655	0.920514999072029	0.15	0.2	0.448544745670505	0.545977011494253
LC_k1_0.15_k2_0.28	10	0.672727272727273	0.6	0.76969696969697	0.15	0.28	0.423157131199565	0.517797552836485
LC_k1_0.15_k2_0.28	20	0.837593984962406	0.837593984962406	0.840601503759399	0.15	0.28	0.423157131199565	0.517797552836485
LC_k1_0.15_k2_0.28	30	0.907452725250278	0.89098998887653	0.724137931034483	0.15	0.28	0.423157131199565	0.517797552836485
LC_k1_0.15_k2_0.28	40	0.938461538461539	0.932270168855535	0.753470919324578	0.15	0.28	0.423157131199565	0.517797552836485
LC_k1_0.15_k2_0.28	50	0.908763505402161	0.905978391356543	0.783145258103241	0.15	0.28	0.423157131199565	0.517797552836485
LC_k1_0.15_k2_0.28	60	0.909530425118089	0.895859961100306	0.838121700472354	0.15	0.28	0.423157131199565	0.517797552836485
LC_k1_0.15_k2_0.28	70	0.919307147231213	0.909789169801417	0.858560055988103	0.15	0.28	0.423157131199565	0.517797552836485
LC_k1_0.15_k2_0.28	80	0.909634317862166	0.902859821847164	0.866643225503985	0.15	0.28	0.423157131199565	0.517797552836485
LC_k1_0.15_k2_0.28	90	0.912729966662551	0.908449602831625	0.877367576243981	0.15	0.28	0.423157131199565	0.517797552836485
LC_k1_0.15_k2_0.28	100	0.921416141614161	0.92015601560156	0.897701770177018	0.15	0.28	0.423157131199565	0.517797552836485
LC_k1_0.15_k2_0.28	110	0.924504654779884	0.922971845907626	0.91644388341636	0.15	0.28	0.423157131199565	0.517797552836485
LC_k1_0.15_k2_0.28	120	0.924119730536843	0.921341759844433	0.926293492603653	0.15	0.28	0.423157131199565	0.517797552836485
LC_k1_0.15_k2_0.28	130	0.928323478403365	0.925117098417294	0.936036269783829	0.15	0.28	0.423157131199565	0.517797552836485
LC_k1_0.15_k2_0.28	140	0.928416172836807	0.92634318077453	0.930279241652271	0.15	0.28	0.423157131199565	0.517797552836485
LC_k1_0.15_k2_0.28	150	0.922577892350771	0.920359127072314	0.92941908529268	0.15	0.28	0.423157131199565	0.517797552836485
LC_k1_0.15_k2_0.28	160	0.919190202742294	0.915583616547521	0.928375131841088	0.15	0.28	0.423157131199565	0.517797552836485
LC_k1_0.15_k2_0.28	170	0.91839082565446	0.910801717136559	0.920740591471718	0.15	0.28	0.423157131199565	0.517797552836485
LC_k1_0.15_k2_0.28	180	0.912793604740887	0.902929102750085	0.919324670514522	0.15	0.28	0.423157131199565	0.517797552836485
LC_k1_0.15_k2_0.28	190	0.913971665638792	0.902111299190384	0.921060942058462	0.15	0.28	0.423157131199565	0.517797552836485
LC_k1_0.15_k2_0.28	200	0.91326333158329	0.899942998574965	0.917944948623716	0.15	0.28	0.423157131199565	0.517797552836485
LC_k1_0.15_k2_0.28	210	0.902065806480873	0.885996767014477	0.916093983342674	0.15	0.28	0.423157131199565	0.517797552836485
LC_k1_0.15_k2_0.28	220	0.895690932757814	0.878476076703313	0.907960532618067	0.15	0.28	0.423157131199565	0.517797552836485
LC_k1_0.15_k2_0.28	230	0.884338406988872	0.871717801848806	0.911062015637675	0.15	0.28	0.423157131199565	0.517797552836485
LC_k1_0.15_k2_0.28	240	0.872740846195246	0.859762322262539	0.914144271129351	0.15	0.28	0.423157131199565	0.517797552836485
LC_k1_0.15_k2_0.28	250	0.873239571833149	0.854291172658763	0.914144271129351	0.15	0.28	0.423157131199565	0.517797552836485
LC_k1_0.15_k2_0.28	260	0.860782646989543	0.842217738769463	0.914144271129351	0.15	0.28	0.423157131199565	0.517797552836485
LC_k1_0.15_k2_0.28	270	0.852105271982088	0.833199967687409	0.914144271129351	0.15	0.28	0.423157131199565	0.517797552836485
LC_k1_0.15_k2_0.28	280	0.851373468684914	0.831486188781562	0.914144271129351	0.15	0.28	0.423157131199565	0.517797552836485
LC_k1_0.15_k2_0.28	290	0.854839062828661	0.83567101335003	0.914144271129351	0.15	0.28	0.423157131199565	0.517797552836485
LC_k1_0.15_k2_0.28	300	0.840143112701252	0.824386493183258	0.914144271129351	0.15	0.28	0.423157131199565	0.517797552836485
LC_k1_0.15_k2_0.36	10	0.757575757575757	0.890909090909091	0.76969696969697	0.15	0.36	0.393870704506302	0.486281053021876
LC_k1_0.15_k2_0.36	20	0.857142857142857	0.834586466165414	0.854135338345865	0.15	0.36	0.393870704506302	0.486281053021876
LC_k1_0.15_k2_0.36	30	0.897664071190211	0.887875417130145	0.706340378197998	0.15	0.36	0.393870704506302	0.486281053021876
LC_k1_0.15_k2_0.36	40	0.925515947467167	0.924390243902439	0.739399624765479	0.15	0.36	0.393870704506302	0.486281053021876
LC_k1_0.15_k2_0.36	50	0.901176470588235	0.898295318127251	0.753853541416567	0.15	0.36	0.393870704506302	0.486281053021876
LC_k1_0.15_k2_0.36	60	0.891914420672409	0.891525423728814	0.807835509863851	0.15	0.36	0.393870704506302	0.486281053021876
LC_k1_0.15_k2_0.36	70	0.904365322368997	0.904680255445718	0.840783833435395	0.15	0.36	0.393870704506302	0.486281053021876
LC_k1_0.15_k2_0.36	80	0.896015002344116	0.89746835443038	0.86052508204407	0.15	0.36	0.393870704506302	0.486281053021876
LC_k1_0.15_k2_0.36	90	0.903214388607647	0.9054862740256	0.877449890933037	0.15	0.36	0.393870704506302	0.486281053021876
LC_k1_0.15_k2_0.36	100	0.913795379537954	0.916987698769877	0.898421842184219	0.15	0.36	0.393870704506302	0.486281053021876
LC_k1_0.15_k2_0.36	110	0.922872664157068	0.926082546266032	0.917679147036945	0.15	0.36	0.393870704506302	0.486281053021876
LC_k1_0.15_k2_0.36	120	0.92111257726231	0.921987638030419	0.928196402527953	0.15	0.36	0.393870704506302	0.486281053021876
LC_k1_0.15_k2_0.36	130	0.927799095986563	0.927405809173961	0.936358546477488	0.15	0.36	0.393870704506302	0.486281053021876
LC_k1_0.15_k2_0.36	140	0.922135969036321	0.922100981828519	0.934565174608034	0.15	0.36	0.393870704506302	0.486281053021876
LC_k1_0.15_k2_0.36	150	0.917628339037291	0.916088715054003	0.93271523178808	0.15	0.36	0.393870704506302	0.486281053021876
LC_k1_0.15_k2_0.36	160	0.917930387905777	0.914965428337044	0.930024610336341	0.15	0.36	0.393870704506302	0.486281053021876
LC_k1_0.15_k2_0.36	170	0.917960930868766	0.913471461459078	0.930933494543878	0.15	0.36	0.393870704506302	0.486281053021876
LC_k1_0.15_k2_0.36	180	0.922468800477381	0.915384219677562	0.924075845962324	0.15	0.36	0.393870704506302	0.486281053021876
LC_k1_0.15_k2_0.36	190	0.916463059918557	0.908948636862663	0.925548600996383	0.15	0.36	0.393870704506302	0.486281053021876
LC_k1_0.15_k2_0.36	200	0.904500112502813	0.893257331433286	0.922782569564239	0.15	0.36	0.393870704506302	0.486281053021876
LC_k1_0.15_k2_0.36	210	0.906902974800206	0.891104754561976	0.919176657714947	0.15	0.36	0.393870704506302	0.486281053021876
LC_k1_0.15_k2_0.36	220	0.894959512687152	0.878446774820667	0.918534004271313	0.15	0.36	0.393870704506302	0.486281053021876
LC_k1_0.15_k2_0.36	230	0.88747185982804	0.869071577748244	0.914040620476922	0.15	0.36	0.393870704506302	0.486281053021876
LC_k1_0.15_k2_0.36	240	0.87293095366239	0.859731071719995	0.920119777162493	0.15	0.36	0.393870704506302	0.486281053021876
LC_k1_0.15_k2_0.36	250	0.859613497815965	0.845870685930975	0.920119777162493	0.15	0.36	0.393870704506302	0.486281053021876
LC_k1_0.15_k2_0.36	260	0.858463313635727	0.839864267450474	0.920119777162493	0.15	0.36	0.393870704506302	0.486281053021876
LC_k1_0.15_k2_0.36	270	0.852402182014385	0.835714862724835	0.920119777162493	0.15	0.36	0.393870704506302	0.486281053021876
LC_k1_0.15_k2_0.36	280	0.855851113261284	0.839984475020636	0.920119777162493	0.15	0.36	0.393870704506302	0.486281053021876
LC_k1_0.15_k2_0.36	290	0.85010129687056	0.831996526261537	0.920119777162493	0.15	0.36	0.393870704506302	0.486281053021876
LC_k1_0.15_k2_0.36	300	0.845748063867376	0.829996333292592	0.920119777162493	0.15	0.36	0.393870704506302	0.486281053021876
LC_k1_0.15_k2_0.44	10	0.709090909090909	0.648484848484848	0.83030303030303	0.15	0.44	0.357874693988576	0.445865776789025
LC_k1_0.15_k2_0.44	20	0.875187969924812	0.899248120300752	0.771428571428571	0.15	0.44	0.357874693988576	0.445865776789025
LC_k1_0.15_k2_0.44	30	0.848720800889878	0.80734149054505	0.779310344827586	0.15	0.44	0.357874693988576	0.445865776789025
LC_k1_0.15_k2_0.44	40	0.885365853658537	0.862476547842402	0.723452157598499	0.15	0.44	0.357874693988576	0.445865776789025
LC_k1_0.15_k2_0.44	50	0.864009603841537	0.851428571428571	0.796110444177671	0.15	0.44	0.357874693988576	0.445865776789025
LC_k1_0.15_k2_0.44	60	0.865351486524035	0.859738816337872	0.79444290080578	0.15	0.44	0.357874693988576	0.445865776789025
LC_k1_0.15_k2_0.44	70	0.855410725220891	0.854430933426647	0.826051963957659	0.15	0.44	0.357874693988576	0.445865776789025
LC_k1_0.15_k2_0.44	80	0.86924519456165	0.868940459446789	0.852484763244257	0.15	0.44	0.357874693988576	0.445865776789025
LC_k1_0.15_k2_0.44	90	0.895838992468206	0.896826768736881	0.85619623821871	0.15	0.44	0.357874693988576	0.445865776789025
LC_k1_0.15_k2_0.44	100	0.910783078307831	0.90958295829583	0.874515451545155	0.15	0.44	0.357874693988576	0.445865776789025
LC_k1_0.15_k2_0.44	110	0.919293104614205	0.917426684399161	0.895615715799202	0.15	0.44	0.357874693988576	0.445865776789025
LC_k1_0.15_k2_0.44	120	0.921418154038475	0.919036044169734	0.908320022223765	0.15	0.44	0.357874693988576	0.445865776789025
LC_k1_0.15_k2_0.44	130	0.923434704830054	0.921102295538653	0.921124144806019	0.15	0.44	0.357874693988576	0.445865776789025
LC_k1_0.15_k2_0.44	140	0.920255406616956	0.9173121077606	0.92733156939494	0.15	0.44	0.357874693988576	0.445865776789025
LC_k1_0.15_k2_0.44	150	0.919139517311881	0.912917018534157	0.930702697897684	0.15	0.44	0.357874693988576	0.445865776789025
LC_k1_0.15_k2_0.44	160	0.921668815188093	0.914804289230048	0.932453416149068	0.15	0.44	0.357874693988576	0.445865776789025
LC_k1_0.15_k2_0.44	170	0.923285764009746	0.914673212791813	0.92877669286338	0.15	0.44	0.357874693988576	0.445865776789025
LC_k1_0.15_k2_0.44	180	0.91912301820015	0.909612436597837	0.922248629072914	0.15	0.44	0.357874693988576	0.445865776789025
LC_k1_0.15_k2_0.44	190	0.919262379334025	0.909375533073522	0.911896670122077	0.15	0.44	0.357874693988576	0.445865776789025
LC_k1_0.15_k2_0.44	200	0.914746868671717	0.905220130503263	0.912286807170179	0.15	0.44	0.357874693988576	0.445865776789025
LC_k1_0.15_k2_0.44	210	0.903248858898647	0.892616936568047	0.909143388415027	0.15	0.44	0.357874693988576	0.445865776789025
LC_k1_0.15_k2_0.44	220	0.898258228475795	0.884523534483244	0.907394780883903	0.15	0.44	0.357874693988576	0.445865776789025
LC_k1_0.15_k2_0.44	230	0.896477701148292	0.878796426660486	0.909656548122468	0.15	0.44	0.357874693988576	0.445865776789025
LC_k1_0.15_k2_0.44	240	0.879300855917637	0.861262348304658	0.916522723702054	0.15	0.44	0.357874693988576	0.445865776789025
LC_k1_0.15_k2_0.44	250	0.865057168914703	0.850621609945759	0.916522723702054	0.15	0.44	0.357874693988576	0.445865776789025
LC_k1_0.15_k2_0.44	260	0.862144751799924	0.841859972894456	0.916522723702054	0.15	0.44	0.357874693988576	0.445865776789025
LC_k1_0.15_k2_0.44	270	0.850468303939545	0.831607505666135	0.916522723702054	0.15	0.44	0.357874693988576	0.445865776789025
LC_k1_0.15_k2_0.44	280	0.831983097452045	0.813374441729395	0.916522723702054	0.15	0.44	0.357874693988576	0.445865776789025
LC_k1_0.15_k2_0.44	290	0.827778344980116	0.807301001159963	0.916522723702054	0.15	0.44	0.357874693988576	0.445865776789025
LC_k1_0.15_k2_0.44	300	0.823612706807854	0.805792508805653	0.916522723702054	0.15	0.44	0.357874693988576	0.445865776789025
LC_k1_0.15_k2_0.52	10	0.660606060606061	0.721212121212121	0.503030303030303	0.15	0.52	0.318161211351891	0.401742677048572
LC_k1_0.15_k2_0.52	20	0.756390977443609	0.724812030075188	0.742857142857143	0.15	0.52	0.318161211351891	0.401742677048572
LC_k1_0.15_k2_0.52	30	0.875862068965517	0.855394883203559	0.751724137931035	0.15	0.52	0.318161211351891	0.401742677048572
LC_k1_0.15_k2_0.52	40	0.907879924953096	0.901125703564728	0.725703564727955	0.15	0.52	0.318161211351891	0.401742677048572
LC_k1_0.15_k2_0.52	50	0.903481392557023	0.89109243697479	0.757983193277311	0.15	0.52	0.318161211351891	0.401742677048572
LC_k1_0.15_k2_0.52	60	0.865907196443457	0.848958043901084	0.809891636565713	0.15	0.52	0.318161211351891	0.401742677048572
LC_k1_0.15_k2_0.52	70	0.879555594436182	0.867728107777097	0.848377219840784	0.15	0.52	0.318161211351891	0.401742677048572
LC_k1_0.15_k2_0.52	80	0.883309892170652	0.880028129395218	0.86685419596812	0.15	0.52	0.318161211351891	0.401742677048572
LC_k1_0.15_k2_0.52	90	0.880330905050006	0.875392023706631	0.884907601761534	0.15	0.52	0.318161211351891	0.401742677048572
LC_k1_0.15_k2_0.52	100	0.891221122112211	0.890417041704171	0.898901890189019	0.15	0.52	0.318161211351891	0.401742677048572
LC_k1_0.15_k2_0.52	110	0.905164213421094	0.904046164596623	0.92070869869035	0.15	0.52	0.318161211351891	0.401742677048572
LC_k1_0.15_k2_0.52	120	0.91303562747413	0.910410445169803	0.927217167858879	0.15	0.52	0.318161211351891	0.401742677048572
LC_k1_0.15_k2_0.52	130	0.917426156304196	0.91442734435811	0.934009750235562	0.15	0.52	0.318161211351891	0.401742677048572
LC_k1_0.15_k2_0.52	140	0.914233233474011	0.91151735146837	0.933205046904726	0.15	0.52	0.318161211351891	0.401742677048572
LC_k1_0.15_k2_0.52	150	0.919317302991244	0.913752611227166	0.930286679407974	0.15	0.52	0.318161211351891	0.401742677048572
LC_k1_0.15_k2_0.52	160	0.923751904371264	0.916371733270831	0.924947263564983	0.15	0.52	0.318161211351891	0.401742677048572
LC_k1_0.15_k2_0.52	170	0.902567766440117	0.895056820610524	0.922562759142897	0.15	0.52	0.318161211351891	0.401742677048572
LC_k1_0.15_k2_0.52	180	0.894091381421237	0.883130137761454	0.920674506414807	0.15	0.52	0.318161211351891	0.401742677048572
LC_k1_0.15_k2_0.52	190	0.888909008997188	0.875269325145324	0.922294392175903	0.15	0.52	0.318161211351891	0.401742677048572
LC_k1_0.15_k2_0.52	200	0.881581039525988	0.866858171454286	0.915318382959574	0.15	0.52	0.318161211351891	0.401742677048572
LC_k1_0.15_k2_0.52	210	0.874472048280978	0.85845354446003	0.913639765074038	0.15	0.52	0.318161211351891	0.401742677048572
LC_k1_0.15_k2_0.52	220	0.871490958678711	0.852132557209109	0.908572491167173	0.15	0.52	0.318161211351891	0.401742677048572
LC_k1_0.15_k2_0.52	230	0.864620437470257	0.844240665353253	0.912315594031941	0.15	0.52	0.318161211351891	0.401742677048572
LC_k1_0.15_k2_0.52	240	0.848988697720446	0.83214552335978	0.919250110933627	0.15	0.52	0.318161211351891	0.401742677048572
LC_k1_0.15_k2_0.52	250	0.833009552152834	0.822775020400326	0.919250110933627	0.15	0.52	0.318161211351891	0.401742677048572
LC_k1_0.15_k2_0.52	260	0.828280573108159	0.818496632289736	0.919250110933627	0.15	0.52	0.318161211351891	0.401742677048572
LC_k1_0.15_k2_0.52	270	0.819036078836625	0.80783641293662	0.919250110933627	0.15	0.52	0.318161211351891	0.401742677048572
LC_k1_0.15_k2_0.52	280	0.809738097971366	0.803152008134214	0.919250110933627	0.15	0.52	0.318161211351891	0.401742677048572
LC_k1_0.15_k2_0.52	290	0.813820411165658	0.804537263348492	0.919250110933627	0.15	0.52	0.318161211351891	0.401742677048572
LC_k1_0.15_k2_0.52	300	0.81500994455494	0.80312447916088	0.919250110933627	0.15	0.52	0.318161211351891	0.401742677048572
LC_k1_0.15_k2_0.6	10	0.309090909090909	0.454545454545455	0.00606060606060606	0.15	0.6	0.272735515459244	0.345569150908417
LC_k1_0.15_k2_0.6	20	0.560902255639098	0.613533834586466	0.527819548872181	0.15	0.6	0.272735515459244	0.345569150908417
LC_k1_0.15_k2_0.6	30	0.785539488320356	0.818909899888765	0.681868743047831	0.15	0.6	0.272735515459244	0.345569150908417
LC_k1_0.15_k2_0.6	40	0.879924953095685	0.877861163227017	0.723639774859287	0.15	0.6	0.272735515459244	0.345569150908417
LC_k1_0.15_k2_0.6	50	0.911260504201681	0.906362545018007	0.741080432172869	0.15	0.6	0.272735515459244	0.345569150908417
LC_k1_0.15_k2_0.6	60	0.914087246457349	0.918255070853015	0.809836065573771	0.15	0.6	0.272735515459244	0.345569150908417
LC_k1_0.15_k2_0.6	70	0.908564430058613	0.908459452366372	0.832210655235762	0.15	0.6	0.272735515459244	0.345569150908417
LC_k1_0.15_k2_0.6	80	0.902086263478668	0.901617440225035	0.854031879981247	0.15	0.6	0.272735515459244	0.345569150908417
LC_k1_0.15_k2_0.6	90	0.910112359550562	0.911511709264518	0.85580112771124	0.15	0.6	0.272735515459244	0.345569150908417
LC_k1_0.15_k2_0.6	100	0.924284428442844	0.925928592859286	0.884068406840684	0.15	0.6	0.272735515459244	0.345569150908417
LC_k1_0.15_k2_0.6	110	0.934927755111241	0.935450713432365	0.903874850663841	0.15	0.6	0.272735515459244	0.345569150908417
LC_k1_0.15_k2_0.6	120	0.933356483089103	0.933453712063338	0.919543023821099	0.15	0.6	0.272735515459244	0.345569150908417
LC_k1_0.15_k2_0.6	130	0.934867333979707	0.93222357262833	0.931311365715768	0.15	0.6	0.272735515459244	0.345569150908417
LC_k1_0.15_k2_0.6	140	0.925967068290656	0.922105355229494	0.927956965734403	0.15	0.6	0.272735515459244	0.345569150908417
LC_k1_0.15_k2_0.6	150	0.927434997110983	0.925095337570559	0.93154184630428	0.15	0.6	0.272735515459244	0.345569150908417
LC_k1_0.15_k2_0.6	160	0.927050861361772	0.923092698933552	0.932670221493027	0.15	0.6	0.272735515459244	0.345569150908417
LC_k1_0.15_k2_0.6	170	0.923928163604277	0.916678574263714	0.929443518298008	0.15	0.6	0.272735515459244	0.345569150908417
LC_k1_0.15_k2_0.6	180	0.926970997047234	0.913884173379837	0.92735784026256	0.15	0.6	0.272735515459244	0.345569150908417
LC_k1_0.15_k2_0.6	190	0.922875250954612	0.910673717452445	0.921463344224436	0.15	0.6	0.272735515459244	0.345569150908417
LC_k1_0.15_k2_0.6	200	0.90732768319208	0.896720918022951	0.919170479261982	0.15	0.6	0.272735515459244	0.345569150908417
LC_k1_0.15_k2_0.6	210	0.894327373798564	0.882608287197961	0.920094074047678	0.15	0.6	0.272735515459244	0.345569150908417
LC_k1_0.15_k2_0.6	220	0.882909676946744	0.869688892895984	0.915342353053876	0.15	0.6	0.272735515459244	0.345569150908417
LC_k1_0.15_k2_0.6	230	0.878980863450201	0.867291318895648	0.908903020275718	0.15	0.6	0.272735515459244	0.345569150908417
LC_k1_0.15_k2_0.6	240	0.858808312644317	0.851934061355232	0.915053103493397	0.15	0.6	0.272735515459244	0.345569150908417
LC_k1_0.15_k2_0.6	250	0.85125138002208	0.843522872365958	0.915053103493397	0.15	0.6	0.272735515459244	0.345569150908417
LC_k1_0.15_k2_0.6	260	0.843416664106319	0.832548501514019	0.915053103493397	0.15	0.6	0.272735515459244	0.345569150908417
LC_k1_0.15_k2_0.6	270	0.842084710809933	0.831648353658258	0.915053103493397	0.15	0.6	0.272735515459244	0.345569150908417
LC_k1_0.15_k2_0.6	280	0.831046132148187	0.818255517107543	0.915053103493397	0.15	0.6	0.272735515459244	0.345569150908417
LC_k1_0.15_k2_0.6	290	0.827129848196153	0.813865185981546	0.915053103493397	0.15	0.6	0.272735515459244	0.345569150908417
LC_k1_0.15_k2_0.6	300	0.833964821831354	0.822291803242258	0.915053103493397	0.15	0.6	0.272735515459244	0.345569150908417
LC_k1_0.15_k2_0.68	10	0.103030303030303	0.0181818181818182	0.212121212121212	0.15	0.68	0.213074621452534	0.269558769002595
LC_k1_0.15_k2_0.68	20	0.670676691729323	0.67218045112782	0.664661654135338	0.15	0.68	0.213074621452534	0.269558769002595
LC_k1_0.15_k2_0.68	30	0.738375973303671	0.77174638487208	0.588876529477197	0.15	0.68	0.213074621452534	0.269558769002595
LC_k1_0.15_k2_0.68	40	0.827392120075047	0.842026266416511	0.638273921200751	0.15	0.68	0.213074621452534	0.269558769002595
LC_k1_0.15_k2_0.68	50	0.786122448979592	0.800720288115246	0.588379351740696	0.15	0.68	0.213074621452534	0.269558769002595
LC_k1_0.15_k2_0.68	60	0.803056404556821	0.806779661016949	0.66724090025007	0.15	0.68	0.213074621452534	0.269558769002595
LC_k1_0.15_k2_0.68	70	0.766669582713673	0.760720846820051	0.666835797393054	0.15	0.68	0.213074621452534	0.269558769002595
LC_k1_0.15_k2_0.68	80	0.804594467885607	0.80084388185654	0.741772151898734	0.15	0.68	0.213074621452534	0.269558769002595
LC_k1_0.15_k2_0.68	90	0.814973041939334	0.811433510309915	0.791809688438902	0.15	0.68	0.213074621452534	0.269558769002595
LC_k1_0.15_k2_0.68	100	0.841848184818482	0.840888088808881	0.823942394239424	0.15	0.68	0.213074621452534	0.269558769002595
LC_k1_0.15_k2_0.68	110	0.857196312242184	0.855681536415481	0.846556815364155	0.15	0.68	0.213074621452534	0.269558769002595
LC_k1_0.15_k2_0.68	120	0.874039863879436	0.870650739634697	0.85275366344885	0.15	0.68	0.213074621452534	0.269558769002595
LC_k1_0.15_k2_0.68	130	0.888464952409564	0.883352223845744	0.863321907987273	0.15	0.68	0.213074621452534	0.269558769002595
LC_k1_0.15_k2_0.68	140	0.8969408060178	0.890428811965625	0.863829787234043	0.15	0.68	0.213074621452534	0.269558769002595
LC_k1_0.15_k2_0.68	150	0.898089692875239	0.889676874527757	0.876862082759234	0.15	0.68	0.213074621452534	0.269558769002595
LC_k1_0.15_k2_0.68	160	0.894043712645025	0.883959334348998	0.89148013594281	0.15	0.68	0.213074621452534	0.269558769002595
LC_k1_0.15_k2_0.68	170	0.879751589206221	0.868647602298472	0.898168672638785	0.15	0.68	0.213074621452534	0.269558769002595
LC_k1_0.15_k2_0.68	180	0.876778089858741	0.864740681296748	0.900603928104777	0.15	0.68	0.213074621452534	0.269558769002595
LC_k1_0.15_k2_0.68	190	0.860966552506922	0.850056205085139	0.896475919292122	0.15	0.68	0.213074621452534	0.269558769002595
LC_k1_0.15_k2_0.68	200	0.8230390759769	0.814860871521788	0.890996774919373	0.15	0.68	0.213074621452534	0.269558769002595
LC_k1_0.15_k2_0.68	210	0.820711192025734	0.815055087093002	0.887468779661347	0.15	0.68	0.213074621452534	0.269558769002595
LC_k1_0.15_k2_0.68	220	0.812861272490604	0.806880307444369	0.879430641880279	0.15	0.68	0.213074621452534	0.269558769002595
LC_k1_0.15_k2_0.68	230	0.795007878015283	0.78831292117793	0.885767545535915	0.15	0.68	0.213074621452534	0.269558769002595
LC_k1_0.15_k2_0.68	240	0.792352297782947	0.781780065626139	0.885480001014759	0.15	0.68	0.213074621452534	0.269558769002595
LC_k1_0.15_k2_0.68	250	0.795442231075697	0.779114289828637	0.885480001014759	0.15	0.68	0.213074621452534	0.269558769002595
LC_k1_0.15_k2_0.68	260	0.78260124467021	0.771452468004192	0.885480001014759	0.15	0.68	0.213074621452534	0.269558769002595
LC_k1_0.15_k2_0.68	270	0.773174148098358	0.761979359570547	0.885480001014759	0.15	0.68	0.213074621452534	0.269558769002595
LC_k1_0.15_k2_0.68	280	0.775166592868349	0.765554225363662	0.885480001014759	0.15	0.68	0.213074621452534	0.269558769002595
LC_k1_0.15_k2_0.68	290	0.773695287696643	0.76112291302	0.885480001014759	0.15	0.68	0.213074621452534	0.269558769002595
LC_k1_0.15_k2_0.68	300	0.767025855842843	0.758350648340537	0.885480001014759	0.15	0.68	0.213074621452534	0.269558769002595
LC_k1_0.15_k2_0.76	10	0.163636363636364	0.333333333333333	0.00606060606060606	0.15	0.76	0.157947230029921	0.199851687059696
LC_k1_0.15_k2_0.76	20	0.6	0.651127819548872	0.509774436090226	0.15	0.76	0.157947230029921	0.199851687059696
LC_k1_0.15_k2_0.76	30	0.783759733036708	0.829588431590656	0.640934371523915	0.15	0.76	0.157947230029921	0.199851687059696
LC_k1_0.15_k2_0.76	40	0.827204502814259	0.846904315196998	0.66172607879925	0.15	0.76	0.157947230029921	0.199851687059696
LC_k1_0.15_k2_0.76	50	0.808403361344538	0.815222088835534	0.686146458583433	0.15	0.76	0.157947230029921	0.199851687059696
LC_k1_0.15_k2_0.76	60	0.820616838010559	0.821450402889692	0.750263962211726	0.15	0.76	0.157947230029921	0.199851687059696
LC_k1_0.15_k2_0.76	70	0.821292975242761	0.827171726008223	0.789274779109439	0.15	0.76	0.157947230029921	0.199851687059696
LC_k1_0.15_k2_0.76	80	0.836826066572902	0.845569620253164	0.824847632442569	0.15	0.76	0.157947230029921	0.199851687059696
LC_k1_0.15_k2_0.76	90	0.858451660698852	0.867341647116928	0.86157961888299	0.15	0.76	0.157947230029921	0.199851687059696
LC_k1_0.15_k2_0.76	100	0.878523852385239	0.882148214821482	0.869222922292229	0.15	0.76	0.157947230029921	0.199851687059696
LC_k1_0.15_k2_0.76	110	0.895877194959764	0.899772332799856	0.89916822577373	0.15	0.76	0.157947230029921	0.199851687059696
LC_k1_0.15_k2_0.76	120	0.911938329050628	0.912459198555455	0.905493437044239	0.15	0.76	0.157947230029921	0.199851687059696
LC_k1_0.15_k2_0.76	130	0.917322372284204	0.916076964044299	0.909746138824783	0.15	0.76	0.157947230029921	0.199851687059696
LC_k1_0.15_k2_0.76	140	0.916970982484529	0.914102031444753	0.912584461306335	0.15	0.76	0.157947230029921	0.199851687059696
LC_k1_0.15_k2_0.76	150	0.916511844970888	0.912597004311303	0.91795546468732	0.15	0.76	0.157947230029921	0.199851687059696
LC_k1_0.15_k2_0.76	160	0.899557599906246	0.897260635181062	0.918235087308098	0.15	0.76	0.157947230029921	0.199851687059696
LC_k1_0.15_k2_0.76	170	0.898771990889162	0.895113000042746	0.920892031680315	0.15	0.76	0.157947230029921	0.199851687059696
LC_k1_0.15_k2_0.76	180	0.883226848565285	0.878634114221632	0.924269267569987	0.15	0.76	0.157947230029921	0.199851687059696
LC_k1_0.15_k2_0.76	190	0.869203549886934	0.865345737817493	0.919524815529225	0.15	0.76	0.157947230029921	0.199851687059696
LC_k1_0.15_k2_0.76	200	0.864131103277582	0.858133953348834	0.909786244656117	0.15	0.76	0.157947230029921	0.199851687059696
LC_k1_0.15_k2_0.76	210	0.854682807838208	0.848901011684748	0.910735909139501	0.15	0.76	0.157947230029921	0.199851687059696
LC_k1_0.15_k2_0.76	220	0.847733893825755	0.843771377695632	0.916143646844694	0.15	0.76	0.157947230029921	0.199851687059696
LC_k1_0.15_k2_0.76	230	0.841091431826196	0.834418173434692	0.912122280605288	0.15	0.76	0.157947230029921	0.199851687059696
LC_k1_0.15_k2_0.76	240	0.834778381569124	0.825254778728797	0.905817906846018	0.15	0.76	0.157947230029921	0.199851687059696
LC_k1_0.15_k2_0.76	250	0.824576777228436	0.816088705419287	0.905817906846018	0.15	0.76	0.157947230029921	0.199851687059696
LC_k1_0.15_k2_0.76	260	0.809253436839644	0.808617787928133	0.905817906846018	0.15	0.76	0.157947230029921	0.199851687059696
LC_k1_0.15_k2_0.76	270	0.812195564334825	0.811381043178461	0.905817906846018	0.15	0.76	0.157947230029921	0.199851687059696
LC_k1_0.15_k2_0.76	280	0.812263093734796	0.810432895463317	0.905817906846018	0.15	0.76	0.157947230029921	0.199851687059696
LC_k1_0.15_k2_0.76	290	0.808954717162162	0.803530568037424	0.905817906846018	0.15	0.76	0.157947230029921	0.199851687059696
LC_k1_0.15_k2_0.76	300	0.799506216735742	0.797811531239236	0.905817906846018	0.15	0.76	0.157947230029921	0.199851687059696
LC_k1_0.1_k2_0.04	10	0.418181818181818	0.272727272727273	0.636363636363636	0.1	0.04	0.579381630247529	0.67760474601409
LC_k1_0.1_k2_0.04	20	0.81203007518797	0.765413533834587	0.676691729323308	0.1	0.04	0.579381630247529	0.67760474601409
LC_k1_0.1_k2_0.04	30	0.877196885428254	0.854505005561735	0.691212458286986	0.1	0.04	0.579381630247529	0.67760474601409
LC_k1_0.1_k2_0.04	40	0.889868667917449	0.874859287054409	0.770919324577861	0.1	0.04	0.579381630247529	0.67760474601409
LC_k1_0.1_k2_0.04	50	0.858247298919568	0.828763505402161	0.785546218487395	0.1	0.04	0.579381630247529	0.67760474601409
LC_k1_0.1_k2_0.04	60	0.876410113920534	0.842122811892193	0.82039455404279	0.1	0.04	0.579381630247529	0.67760474601409
LC_k1_0.1_k2_0.04	70	0.864193858805004	0.843198320356924	0.86062461726883	0.1	0.04	0.579381630247529	0.67760474601409
LC_k1_0.1_k2_0.04	80	0.869174871073605	0.853891233005157	0.86868260665729	0.1	0.04	0.579381630247529	0.67760474601409
LC_k1_0.1_k2_0.04	90	0.884463102440631	0.874585339753879	0.879968720418159	0.1	0.04	0.579381630247529	0.67760474601409
LC_k1_0.1_k2_0.04	100	0.902838283828383	0.898169816981698	0.89982598259826	0.1	0.04	0.579381630247529	0.67760474601409
LC_k1_0.1_k2_0.04	110	0.910754457543448	0.906426526610013	0.917760295741947	0.1	0.04	0.579381630247529	0.67760474601409
LC_k1_0.1_k2_0.04	120	0.912674491284117	0.908000555594138	0.919841655670533	0.1	0.04	0.579381630247529	0.67760474601409
LC_k1_0.1_k2_0.04	130	0.91031968209316	0.904311133567303	0.927165467232927	0.1	0.04	0.579381630247529	0.67760474601409
LC_k1_0.1_k2_0.04	140	0.914259473879863	0.908394743172028	0.930856530581007	0.1	0.04	0.579381630247529	0.67760474601409
LC_k1_0.1_k2_0.04	150	0.917653229032402	0.912572114316192	0.93169829770212	0.1	0.04	0.579381630247529	0.67760474601409
LC_k1_0.1_k2_0.04	160	0.919635532637994	0.91391362943865	0.921961795382632	0.1	0.04	0.579381630247529	0.67760474601409
LC_k1_0.1_k2_0.04	170	0.921519775770788	0.912150023509871	0.914780686488236	0.1	0.04	0.579381630247529	0.67760474601409
LC_k1_0.1_k2_0.04	180	0.917841085630215	0.90885109622725	0.906653497535932	0.1	0.04	0.579381630247529	0.67760474601409
LC_k1_0.1_k2_0.04	190	0.915394069816776	0.905402249078193	0.899947075367302	0.1	0.04	0.579381630247529	0.67760474601409
LC_k1_0.1_k2_0.04	200	0.908550213755344	0.897125928148204	0.900685517137929	0.1	0.04	0.579381630247529	0.67760474601409
LC_k1_0.1_k2_0.04	210	0.906104770759298	0.894778307250246	0.898751186453855	0.1	0.04	0.579381630247529	0.67760474601409
LC_k1_0.1_k2_0.04	220	0.893338893177733	0.881292438423784	0.901268433419924	0.1	0.04	0.579381630247529	0.67760474601409
LC_k1_0.1_k2_0.04	230	0.878463059628809	0.86635236796619	0.906234111436314	0.1	0.04	0.579381630247529	0.67760474601409
LC_k1_0.1_k2_0.04	240	0.85771714786715	0.842948662303165	0.913943989756275	0.1	0.04	0.579381630247529	0.67760474601409
LC_k1_0.1_k2_0.04	250	0.851972543560697	0.832258436134978	0.913943989756275	0.1	0.04	0.579381630247529	0.67760474601409
LC_k1_0.1_k2_0.04	260	0.843158581089615	0.825049756084239	0.913943989756275	0.1	0.04	0.579381630247529	0.67760474601409
LC_k1_0.1_k2_0.04	270	0.832124507118677	0.808403407454149	0.913943989756275	0.1	0.04	0.579381630247529	0.67760474601409
LC_k1_0.1_k2_0.04	280	0.828961193018133	0.805906052008681	0.913943989756275	0.1	0.04	0.579381630247529	0.67760474601409
LC_k1_0.1_k2_0.04	290	0.822124417404611	0.799814258318706	0.913943989756275	0.1	0.04	0.579381630247529	0.67760474601409
LC_k1_0.1_k2_0.04	300	0.814728163646263	0.794947943866043	0.913943989756275	0.1	0.04	0.579381630247529	0.67760474601409
LC_k1_0.1_k2_0.12	10	0.466666666666667	0.527272727272727	0.806060606060606	0.1	0.12	0.57611750838698	0.675194660734149
LC_k1_0.1_k2_0.12	20	0.84812030075188	0.806015037593985	0.699248120300752	0.1	0.12	0.57611750838698	0.675194660734149
LC_k1_0.1_k2_0.12	30	0.882981090100111	0.862958843159066	0.67741935483871	0.1	0.12	0.57611750838698	0.675194660734149
LC_k1_0.1_k2_0.12	40	0.893621013133209	0.877673545966229	0.755722326454034	0.1	0.12	0.57611750838698	0.675194660734149
LC_k1_0.1_k2_0.12	50	0.87015606242497	0.845570228091236	0.775750300120048	0.1	0.12	0.57611750838698	0.675194660734149
LC_k1_0.1_k2_0.12	60	0.875909974993054	0.844956932481245	0.808446790775215	0.1	0.12	0.57611750838698	0.675194660734149
LC_k1_0.1_k2_0.12	70	0.881795118537311	0.858175137783221	0.84991689266031	0.1	0.12	0.57611750838698	0.675194660734149
LC_k1_0.1_k2_0.12	80	0.88539615564932	0.870604781997187	0.868799812470699	0.1	0.12	0.57611750838698	0.675194660734149
LC_k1_0.1_k2_0.12	90	0.883508252047578	0.87209943614438	0.892513479030333	0.1	0.12	0.57611750838698	0.675194660734149
LC_k1_0.1_k2_0.12	100	0.88979297929793	0.887332733273327	0.905730573057306	0.1	0.12	0.57611750838698	0.675194660734149
LC_k1_0.1_k2_0.12	110	0.89710344205757	0.894380452178617	0.91864391497419	0.1	0.12	0.57611750838698	0.675194660734149
LC_k1_0.1_k2_0.12	120	0.902944648933954	0.900090284047503	0.918438780470866	0.1	0.12	0.57611750838698	0.675194660734149
LC_k1_0.1_k2_0.12	130	0.903677504813667	0.899149244151907	0.928104985729697	0.1	0.12	0.57611750838698	0.675194660734149
LC_k1_0.1_k2_0.12	140	0.916266864927511	0.91136865583521	0.930314228860073	0.1	0.12	0.57611750838698	0.675194660734149
LC_k1_0.1_k2_0.12	150	0.903714831770301	0.898352815680697	0.930741810747145	0.1	0.12	0.57611750838698	0.675194660734149
LC_k1_0.1_k2_0.12	160	0.907380171100433	0.900673854447439	0.928653463025899	0.1	0.12	0.57611750838698	0.675194660734149
LC_k1_0.1_k2_0.12	170	0.906356214239044	0.898986938282009	0.920574495759064	0.1	0.12	0.57611750838698	0.675194660734149
LC_k1_0.1_k2_0.12	180	0.907085609638158	0.898655308291408	0.913719559245656	0.1	0.12	0.57611750838698	0.675194660734149
LC_k1_0.1_k2_0.12	190	0.896526656956528	0.888105954239876	0.909655465015068	0.1	0.12	0.57611750838698	0.675194660734149
LC_k1_0.1_k2_0.12	200	0.895591389784745	0.886430660766519	0.909721743043576	0.1	0.12	0.57611750838698	0.675194660734149
LC_k1_0.1_k2_0.12	210	0.881278810986968	0.870010657838046	0.905854684103624	0.1	0.12	0.57611750838698	0.675194660734149
LC_k1_0.1_k2_0.12	220	0.872774606537701	0.861565509430135	0.905732462541487	0.1	0.12	0.57611750838698	0.675194660734149
LC_k1_0.1_k2_0.12	230	0.868369337137137	0.855548514519466	0.910441637344998	0.1	0.12	0.57611750838698	0.675194660734149
LC_k1_0.1_k2_0.12	240	0.866310178996163	0.848282088230698	0.917766248493995	0.1	0.12	0.57611750838698	0.675194660734149
LC_k1_0.1_k2_0.12	250	0.857604377670043	0.837401814429031	0.917766248493995	0.1	0.12	0.57611750838698	0.675194660734149
LC_k1_0.1_k2_0.12	260	0.847605392432979	0.828198641991745	0.917766248493995	0.1	0.12	0.57611750838698	0.675194660734149
LC_k1_0.1_k2_0.12	270	0.844790433034442	0.827906799514092	0.917766248493995	0.1	0.12	0.57611750838698	0.675194660734149
LC_k1_0.1_k2_0.12	280	0.839717161115393	0.815773707026146	0.917766248493995	0.1	0.12	0.57611750838698	0.675194660734149
LC_k1_0.1_k2_0.12	290	0.82601195389178	0.805603986434707	0.917766248493995	0.1	0.12	0.57611750838698	0.675194660734149
LC_k1_0.1_k2_0.12	300	0.823362481805354	0.802787142079357	0.917766248493995	0.1	0.12	0.57611750838698	0.675194660734149
LC_k1_0.1_k2_0.2	10	0.466666666666667	0.527272727272727	0.806060606060606	0.1	0.2	0.567141173270469	0.668335187245087
LC_k1_0.1_k2_0.2	20	0.830075187969925	0.818045112781955	0.839097744360902	0.1	0.2	0.567141173270469	0.668335187245087
LC_k1_0.1_k2_0.2	30	0.907452725250278	0.891434927697442	0.69210233592881	0.1	0.2	0.567141173270469	0.668335187245087
LC_k1_0.1_k2_0.2	40	0.905816135084428	0.890056285178237	0.757598499061914	0.1	0.2	0.567141173270469	0.668335187245087
LC_k1_0.1_k2_0.2	50	0.88187274909964	0.862280912364946	0.781512605042017	0.1	0.2	0.567141173270469	0.668335187245087
LC_k1_0.1_k2_0.2	60	0.886690747429842	0.862906362878578	0.819171992220061	0.1	0.2	0.567141173270469	0.668335187245087
LC_k1_0.1_k2_0.2	70	0.873081970081358	0.858630041116263	0.85800017496282	0.1	0.2	0.567141173270469	0.668335187245087
LC_k1_0.1_k2_0.2	80	0.897726207219878	0.885630567276137	0.868448195030474	0.1	0.2	0.567141173270469	0.668335187245087
LC_k1_0.1_k2_0.2	90	0.890323908301436	0.881285755443059	0.886702061982961	0.1	0.2	0.567141173270469	0.668335187245087
LC_k1_0.1_k2_0.2	100	0.897545754575458	0.894161416141614	0.906990699069907	0.1	0.2	0.567141173270469	0.668335187245087
LC_k1_0.1_k2_0.2	110	0.900313324166535	0.8993034736154	0.919879178594775	0.1	0.2	0.567141173270469	0.668335187245087
LC_k1_0.1_k2_0.2	120	0.905347593582887	0.904257240086117	0.92206403222446	0.1	0.2	0.567141173270469	0.668335187245087
LC_k1_0.1_k2_0.2	130	0.907386417949173	0.903928771388384	0.927088994797143	0.1	0.2	0.567141173270469	0.668335187245087
LC_k1_0.1_k2_0.2	140	0.915982593864119	0.913345433076032	0.928516761059238	0.1	0.2	0.567141173270469	0.668335187245087
LC_k1_0.1_k2_0.2	150	0.910470687586115	0.905378905729144	0.928057246988755	0.1	0.2	0.567141173270469	0.668335187245087
LC_k1_0.1_k2_0.2	160	0.9076555724833	0.901951248095629	0.930033399742177	0.1	0.2	0.567141173270469	0.668335187245087
LC_k1_0.1_k2_0.2	170	0.909177398770159	0.903454424435611	0.924011211460604	0.1	0.2	0.567141173270469	0.668335187245087
LC_k1_0.1_k2_0.2	180	0.90530160395897	0.896906283115734	0.912491126269329	0.1	0.2	0.567141173270469	0.668335187245087
LC_k1_0.1_k2_0.2	190	0.901932842577649	0.892269941870383	0.907323282027057	0.1	0.2	0.567141173270469	0.668335187245087
LC_k1_0.1_k2_0.2	200	0.889399234980875	0.882449561239031	0.906856671416786	0.1	0.2	0.567141173270469	0.668335187245087
LC_k1_0.1_k2_0.2	210	0.883482942599929	0.872962457846469	0.905767866456318	0.1	0.2	0.567141173270469	0.668335187245087
LC_k1_0.1_k2_0.2	220	0.87194288386875	0.86101553563278	0.903311676236737	0.1	0.2	0.567141173270469	0.668335187245087
LC_k1_0.1_k2_0.2	230	0.868214489137216	0.852562019336274	0.90921271627556	0.1	0.2	0.567141173270469	0.668335187245087
LC_k1_0.1_k2_0.2	240	0.862301428844251	0.842734248858487	0.91690281324118	0.1	0.2	0.567141173270469	0.668335187245087
LC_k1_0.1_k2_0.2	250	0.862302308836941	0.839293428694859	0.91690281324118	0.1	0.2	0.567141173270469	0.668335187245087
LC_k1_0.1_k2_0.2	260	0.850884002608141	0.826776454362661	0.91690281324118	0.1	0.2	0.567141173270469	0.668335187245087
LC_k1_0.1_k2_0.2	270	0.845488506929679	0.822798361812614	0.91690281324118	0.1	0.2	0.567141173270469	0.668335187245087
LC_k1_0.1_k2_0.2	280	0.850944891789801	0.825991220733501	0.91690281324118	0.1	0.2	0.567141173270469	0.668335187245087
LC_k1_0.1_k2_0.2	290	0.826251572961424	0.804679952322202	0.91690281324118	0.1	0.2	0.567141173270469	0.668335187245087
LC_k1_0.1_k2_0.2	300	0.824242047133857	0.804068045200502	0.91690281324118	0.1	0.2	0.567141173270469	0.668335187245087
LC_k1_0.1_k2_0.28	10	0.454545454545455	0.296969696969697	0.660606060606061	0.1	0.28	0.55072989391604	0.652576937337783
LC_k1_0.1_k2_0.28	20	0.769924812030075	0.772932330827068	0.81203007518797	0.1	0.28	0.55072989391604	0.652576937337783
LC_k1_0.1_k2_0.28	30	0.88476084538376	0.870522803114572	0.693882091212458	0.1	0.28	0.55072989391604	0.652576937337783
LC_k1_0.1_k2_0.28	40	0.90093808630394	0.893058161350845	0.745590994371482	0.1	0.28	0.55072989391604	0.652576937337783
LC_k1_0.1_k2_0.28	50	0.914813925570228	0.900696278511405	0.792076830732293	0.1	0.28	0.55072989391604	0.652576937337783
LC_k1_0.1_k2_0.28	60	0.871297582661851	0.852736871353154	0.825951653237011	0.1	0.28	0.55072989391604	0.652576937337783
LC_k1_0.1_k2_0.28	70	0.85800017496282	0.841308721896597	0.864298836497244	0.1	0.28	0.55072989391604	0.652576937337783
LC_k1_0.1_k2_0.28	80	0.872761368963901	0.860431317393343	0.870206282231599	0.1	0.28	0.55072989391604	0.652576937337783
LC_k1_0.1_k2_0.28	90	0.871589085072231	0.86460879944026	0.892480553154711	0.1	0.28	0.55072989391604	0.652576937337783
LC_k1_0.1_k2_0.28	100	0.888892889288929	0.886012601260126	0.903258325832583	0.1	0.28	0.55072989391604	0.652576937337783
LC_k1_0.1_k2_0.28	110	0.899871514550414	0.897067375966459	0.914577463201316	0.1	0.28	0.55072989391604	0.652576937337783
LC_k1_0.1_k2_0.28	120	0.900215292728662	0.897534551010487	0.919834710743802	0.1	0.28	0.55072989391604	0.652576937337783
LC_k1_0.1_k2_0.28	130	0.904753581231479	0.899963129361319	0.92578350107198	0.1	0.28	0.55072989391604	0.652576937337783
LC_k1_0.1_k2_0.28	140	0.914224486672061	0.909343771183661	0.929107170190899	0.1	0.28	0.55072989391604	0.652576937337783
LC_k1_0.1_k2_0.28	150	0.909521312058314	0.905563802835682	0.925735366016267	0.1	0.28	0.55072989391604	0.652576937337783
LC_k1_0.1_k2_0.28	160	0.91534923239189	0.908859721082855	0.927127036212352	0.1	0.28	0.55072989391604	0.652576937337783
LC_k1_0.1_k2_0.28	170	0.916847112560378	0.90806602304578	0.920029799524918	0.1	0.28	0.55072989391604	0.652576937337783
LC_k1_0.1_k2_0.28	180	0.910606294432956	0.902317972776938	0.916569441443666	0.1	0.28	0.55072989391604	0.652576937337783
LC_k1_0.1_k2_0.28	190	0.912320067183666	0.899602409164272	0.908206817217564	0.1	0.28	0.55072989391604	0.652576937337783
LC_k1_0.1_k2_0.28	200	0.905524638115953	0.893236330908273	0.911281782044551	0.1	0.28	0.55072989391604	0.652576937337783
LC_k1_0.1_k2_0.28	210	0.893306294603376	0.881610532146826	0.909852183237067	0.1	0.28	0.55072989391604	0.652576937337783
LC_k1_0.1_k2_0.28	220	0.880440429836079	0.867845128280261	0.908267075390363	0.1	0.28	0.55072989391604	0.652576937337783
LC_k1_0.1_k2_0.28	230	0.873911317465523	0.857894905550117	0.915253760858469	0.1	0.28	0.55072989391604	0.652576937337783
LC_k1_0.1_k2_0.28	240	0.868790256775291	0.850704873348495	0.919563440015061	0.1	0.28	0.55072989391604	0.652576937337783
LC_k1_0.1_k2_0.28	250	0.855251188019008	0.839937791004656	0.919563440015061	0.1	0.28	0.55072989391604	0.652576937337783
LC_k1_0.1_k2_0.28	260	0.852311652311652	0.834139330691055	0.919563440015061	0.1	0.28	0.55072989391604	0.652576937337783
LC_k1_0.1_k2_0.28	270	0.84950929063194	0.826851458105659	0.919563440015061	0.1	0.28	0.55072989391604	0.652576937337783
LC_k1_0.1_k2_0.28	280	0.844552864194696	0.82244726153577	0.919563440015061	0.1	0.28	0.55072989391604	0.652576937337783
LC_k1_0.1_k2_0.28	290	0.833272362498878	0.814612088954274	0.919563440015061	0.1	0.28	0.55072989391604	0.652576937337783
LC_k1_0.1_k2_0.28	300	0.828382537583751	0.808556983966489	0.919563440015061	0.1	0.28	0.55072989391604	0.652576937337783
LC_k1_0.1_k2_0.36	10	0.163636363636364	0.151515151515152	0.466666666666667	0.1	0.36	0.520808776861003	0.624212087504635
LC_k1_0.1_k2_0.36	20	0.769924812030075	0.768421052631579	0.714285714285714	0.1	0.36	0.520808776861003	0.624212087504635
LC_k1_0.1_k2_0.36	30	0.863403781979978	0.870522803114572	0.724582869855395	0.1	0.36	0.520808776861003	0.624212087504635
LC_k1_0.1_k2_0.36	40	0.858161350844278	0.854971857410882	0.712945590994372	0.1	0.36	0.520808776861003	0.624212087504635
LC_k1_0.1_k2_0.36	50	0.882160864345739	0.865738295318127	0.749339735894358	0.1	0.36	0.520808776861003	0.624212087504635
LC_k1_0.1_k2_0.36	60	0.843678799666574	0.824895804390109	0.823450958599611	0.1	0.36	0.520808776861003	0.624212087504635
LC_k1_0.1_k2_0.36	70	0.843758201382206	0.828151517802467	0.856600472399615	0.1	0.36	0.520808776861003	0.624212087504635
LC_k1_0.1_k2_0.36	80	0.849812470698547	0.834341303328645	0.862400375058603	0.1	0.36	0.520808776861003	0.624212087504635
LC_k1_0.1_k2_0.36	90	0.853199983537062	0.84435938593242	0.881911347079887	0.1	0.36	0.520808776861003	0.624212087504635
LC_k1_0.1_k2_0.36	100	0.877479747974797	0.870771077107711	0.894893489348935	0.1	0.36	0.520808776861003	0.624212087504635
LC_k1_0.1_k2_0.36	110	0.882181096859996	0.879259743479927	0.907400311070036	0.1	0.36	0.520808776861003	0.624212087504635
LC_k1_0.1_k2_0.36	120	0.887874157927634	0.885415653864851	0.92179318008195	0.1	0.36	0.520808776861003	0.624212087504635
LC_k1_0.1_k2_0.36	130	0.887984268527496	0.883253902142594	0.926772180420325	0.1	0.36	0.520808776861003	0.624212087504635
LC_k1_0.1_k2_0.36	140	0.89580372176423	0.890293236535392	0.923303667096718	0.1	0.36	0.520808776861003	0.624212087504635
LC_k1_0.1_k2_0.36	150	0.901414285079337	0.892254766878528	0.922257878127917	0.1	0.36	0.520808776861003	0.624212087504635
LC_k1_0.1_k2_0.36	160	0.899589827727646	0.888775928747217	0.9189323801711	0.1	0.36	0.520808776861003	0.624212087504635
LC_k1_0.1_k2_0.36	170	0.898425143959795	0.888750068697675	0.910940944425107	0.1	0.36	0.520808776861003	0.624212087504635
LC_k1_0.1_k2_0.36	180	0.889669434241798	0.881103326234349	0.900461948414046	0.1	0.36	0.520808776861003	0.624212087504635
LC_k1_0.1_k2_0.36	190	0.889796043336964	0.87849554077165	0.89365210583177	0.1	0.36	0.520808776861003	0.624212087504635
LC_k1_0.1_k2_0.36	200	0.889241731043276	0.876530413260332	0.896243906097653	0.1	0.36	0.520808776861003	0.624212087504635
LC_k1_0.1_k2_0.36	210	0.88014499842886	0.865374336314721	0.897003171435698	0.1	0.36	0.520808776861003	0.624212087504635
LC_k1_0.1_k2_0.36	220	0.876166862951714	0.861288268540485	0.899882228971673	0.1	0.36	0.520808776861003	0.624212087504635
LC_k1_0.1_k2_0.36	230	0.872288865491827	0.853381628813563	0.901564014113853	0.1	0.36	0.520808776861003	0.624212087504635
LC_k1_0.1_k2_0.36	240	0.864224205281342	0.843189985937256	0.90971760771466	0.1	0.36	0.520808776861003	0.624212087504635
LC_k1_0.1_k2_0.36	250	0.854195939135026	0.834288292612682	0.90971760771466	0.1	0.36	0.520808776861003	0.624212087504635
LC_k1_0.1_k2_0.36	260	0.847167060960164	0.820721744859676	0.90971760771466	0.1	0.36	0.520808776861003	0.624212087504635
LC_k1_0.1_k2_0.36	270	0.830838100202563	0.804398475211518	0.90971760771466	0.1	0.36	0.520808776861003	0.624212087504635
LC_k1_0.1_k2_0.36	280	0.820731860646911	0.794343222307865	0.90971760771466	0.1	0.36	0.520808776861003	0.624212087504635
LC_k1_0.1_k2_0.36	290	0.810548405389215	0.786062485469711	0.90971760771466	0.1	0.36	0.520808776861003	0.624212087504635
LC_k1_0.1_k2_0.36	300	0.8112214580162	0.790938565984067	0.90971760771466	0.1	0.36	0.520808776861003	0.624212087504635
LC_k1_0.1_k2_0.44	10	0.406060606060606	0.309090909090909	0.818181818181818	0.1	0.44	0.487079517635325	0.589358546533185
LC_k1_0.1_k2_0.44	20	0.842105263157895	0.821052631578947	0.801503759398496	0.1	0.44	0.487079517635325	0.589358546533185
LC_k1_0.1_k2_0.44	30	0.880311457174638	0.862513904338153	0.723692992213571	0.1	0.44	0.487079517635325	0.589358546533185
LC_k1_0.1_k2_0.44	40	0.890806754221389	0.877485928705441	0.764727954971858	0.1	0.44	0.487079517635325	0.589358546533185
LC_k1_0.1_k2_0.44	50	0.907995198079232	0.891188475390156	0.76672268907563	0.1	0.44	0.487079517635325	0.589358546533185
LC_k1_0.1_k2_0.44	60	0.875798833009169	0.850347318699639	0.825562656293415	0.1	0.44	0.487079517635325	0.589358546533185
LC_k1_0.1_k2_0.44	70	0.862759163677719	0.846977517277578	0.868043040853819	0.1	0.44	0.487079517635325	0.589358546533185
LC_k1_0.1_k2_0.44	80	0.878598218471636	0.863080168776371	0.874941397093296	0.1	0.44	0.487079517635325	0.589358546533185
LC_k1_0.1_k2_0.44	90	0.878651685393258	0.866502037288554	0.893797588179611	0.1	0.44	0.487079517635325	0.589358546533185
LC_k1_0.1_k2_0.44	100	0.884800480048005	0.88004800480048	0.905586558655866	0.1	0.44	0.487079517635325	0.589358546533185
LC_k1_0.1_k2_0.44	110	0.886301647769538	0.884471293645606	0.919419335933097	0.1	0.44	0.487079517635325	0.589358546533185
LC_k1_0.1_k2_0.44	120	0.896027501909855	0.89470796583096	0.931960552816168	0.1	0.44	0.487079517635325	0.589358546533185
LC_k1_0.1_k2_0.44	130	0.899313113657158	0.89576260771006	0.928984418741209	0.1	0.44	0.487079517635325	0.589358546533185
LC_k1_0.1_k2_0.44	140	0.904559270516718	0.899569220003936	0.926439395595985	0.1	0.44	0.487079517635325	0.589358546533185
LC_k1_0.1_k2_0.44	150	0.914460198231033	0.904681985866038	0.918794613093915	0.1	0.44	0.487079517635325	0.589358546533185
LC_k1_0.1_k2_0.44	160	0.914848236259229	0.906217039728114	0.91749677721786	0.1	0.44	0.487079517635325	0.589358546533185
LC_k1_0.1_k2_0.44	170	0.894519452128407	0.885413498940529	0.912465116847113	0.1	0.44	0.487079517635325	0.589358546533185
LC_k1_0.1_k2_0.44	180	0.893377367614227	0.88063623362861	0.906614401679064	0.1	0.44	0.487079517635325	0.589358546533185
LC_k1_0.1_k2_0.44	190	0.874079614393751	0.860254475630613	0.906161564469638	0.1	0.44	0.487079517635325	0.589358546533185
LC_k1_0.1_k2_0.44	200	0.869258231455787	0.853993849846246	0.905982149553739	0.1	0.44	0.487079517635325	0.589358546533185
LC_k1_0.1_k2_0.44	210	0.854332945677421	0.840267191027979	0.903759398496241	0.1	0.44	0.487079517635325	0.589358546533185
LC_k1_0.1_k2_0.44	220	0.853179536015958	0.841724753892361	0.901714723632532	0.1	0.44	0.487079517635325	0.589358546533185
LC_k1_0.1_k2_0.44	230	0.84303837419463	0.82928451840546	0.906514218646362	0.1	0.44	0.487079517635325	0.589358546533185
LC_k1_0.1_k2_0.44	240	0.830412854389833	0.820595843677842	0.915116303393345	0.1	0.44	0.487079517635325	0.589358546533185
LC_k1_0.1_k2_0.44	250	0.835576249219988	0.822185186962992	0.915116303393345	0.1	0.44	0.487079517635325	0.589358546533185
LC_k1_0.1_k2_0.44	260	0.819475709130881	0.809297816194368	0.915116303393345	0.1	0.44	0.487079517635325	0.589358546533185
LC_k1_0.1_k2_0.44	270	0.818690395082389	0.805635498734169	0.915116303393345	0.1	0.44	0.487079517635325	0.589358546533185
LC_k1_0.1_k2_0.44	280	0.821746450847587	0.800690424258327	0.915116303393345	0.1	0.44	0.487079517635325	0.589358546533185
LC_k1_0.1_k2_0.44	290	0.825564697763842	0.808602915037327	0.915116303393345	0.1	0.44	0.487079517635325	0.589358546533185
LC_k1_0.1_k2_0.44	300	0.824807831198124	0.804794719941333	0.915116303393345	0.1	0.44	0.487079517635325	0.589358546533185
LC_k1_0.1_k2_0.52	10	0.636363636363636	0.490909090909091	0.866666666666667	0.1	0.52	0.44972345634237	0.548943270300334
LC_k1_0.1_k2_0.52	20	0.816541353383459	0.854135338345865	0.747368421052632	0.1	0.52	0.44972345634237	0.548943270300334
LC_k1_0.1_k2_0.52	30	0.867408231368187	0.859844271412681	0.717463848720801	0.1	0.52	0.44972345634237	0.548943270300334
LC_k1_0.1_k2_0.52	40	0.897373358348968	0.893433395872421	0.793058161350845	0.1	0.52	0.44972345634237	0.548943270300334
LC_k1_0.1_k2_0.52	50	0.913181272509003	0.905018007202881	0.750684273709484	0.1	0.52	0.44972345634237	0.548943270300334
LC_k1_0.1_k2_0.52	60	0.85718255070853	0.836621283689914	0.807446512920256	0.1	0.52	0.44972345634237	0.548943270300334
LC_k1_0.1_k2_0.52	70	0.853836059837285	0.837284577027382	0.82881637651999	0.1	0.52	0.44972345634237	0.548943270300334
LC_k1_0.1_k2_0.52	80	0.88300515705579	0.868870135958744	0.860642287857478	0.1	0.52	0.44972345634237	0.548943270300334
LC_k1_0.1_k2_0.52	90	0.882816808659505	0.869152570276166	0.87919496234103	0.1	0.52	0.44972345634237	0.548943270300334
LC_k1_0.1_k2_0.52	100	0.860438043804381	0.854185418541854	0.897053705370537	0.1	0.52	0.44972345634237	0.548943270300334
LC_k1_0.1_k2_0.52	110	0.856393841714943	0.85469873543268	0.916696346054144	0.1	0.52	0.44972345634237	0.548943270300334
LC_k1_0.1_k2_0.52	120	0.874081533439822	0.870727133828738	0.92641155635808	0.1	0.52	0.44972345634237	0.548943270300334
LC_k1_0.1_k2_0.52	130	0.888896475440058	0.881658905624821	0.931966843736771	0.1	0.52	0.44972345634237	0.548943270300334
LC_k1_0.1_k2_0.52	140	0.897557455555313	0.890651855415364	0.929470162471846	0.1	0.52	0.44972345634237	0.548943270300334
LC_k1_0.1_k2_0.52	150	0.897787457220321	0.890459131516957	0.929209298191031	0.1	0.52	0.44972345634237	0.548943270300334
LC_k1_0.1_k2_0.52	160	0.888772998945271	0.881211180124224	0.920280089065979	0.1	0.52	0.44972345634237	0.548943270300334
LC_k1_0.1_k2_0.52	170	0.877870799518811	0.866962219331832	0.907035252593719	0.1	0.52	0.44972345634237	0.548943270300334
LC_k1_0.1_k2_0.52	180	0.877887177587786	0.864736565943393	0.901492844429355	0.1	0.52	0.44972345634237	0.548943270300334
LC_k1_0.1_k2_0.52	190	0.874637728702209	0.860516911825813	0.898874586116251	0.1	0.52	0.44972345634237	0.548943270300334
LC_k1_0.1_k2_0.52	200	0.873564839120978	0.860615015375385	0.891059776494413	0.1	0.52	0.44972345634237	0.548943270300334
LC_k1_0.1_k2_0.52	210	0.868323544751582	0.851473146459427	0.891348362288746	0.1	0.52	0.44972345634237	0.548943270300334
LC_k1_0.1_k2_0.52	220	0.849480736829649	0.829770712768296	0.886769636487606	0.1	0.52	0.44972345634237	0.548943270300334
LC_k1_0.1_k2_0.52	230	0.83983489455295	0.827196536139008	0.892509844436938	0.1	0.52	0.44972345634237	0.548943270300334
LC_k1_0.1_k2_0.52	240	0.813124359797913	0.798828104654595	0.894996481723879	0.1	0.52	0.44972345634237	0.548943270300334
LC_k1_0.1_k2_0.52	250	0.808263428214851	0.796297796764748	0.894996481723879	0.1	0.52	0.44972345634237	0.548943270300334
LC_k1_0.1_k2_0.52	260	0.791343977550874	0.779202468857641	0.894996481723879	0.1	0.52	0.44972345634237	0.548943270300334
LC_k1_0.1_k2_0.52	270	0.796839157982658	0.779267205311458	0.894996481723879	0.1	0.52	0.44972345634237	0.548943270300334
LC_k1_0.1_k2_0.52	280	0.7851982441467	0.766272528986339	0.894996481723879	0.1	0.52	0.44972345634237	0.548943270300334
LC_k1_0.1_k2_0.52	290	0.79866388997204	0.781672093357951	0.894996481723879	0.1	0.52	0.44972345634237	0.548943270300334
LC_k1_0.1_k2_0.52	300	0.801612462360693	0.786422960255114	0.894996481723879	0.1	0.52	0.44972345634237	0.548943270300334
LC_k1_0.1_k2_0.6	10	0.684848484848485	0.842424242424242	0.781818181818182	0.1	0.6	0.406201831535044	0.502410085279941
LC_k1_0.1_k2_0.6	20	0.837593984962406	0.842105263157895	0.771428571428571	0.1	0.6	0.406201831535044	0.502410085279941
LC_k1_0.1_k2_0.6	30	0.815350389321468	0.787764182424917	0.687652947719689	0.1	0.6	0.406201831535044	0.502410085279941
LC_k1_0.1_k2_0.6	40	0.858348968105066	0.821388367729831	0.702251407129456	0.1	0.6	0.406201831535044	0.502410085279941
LC_k1_0.1_k2_0.6	50	0.892629051620648	0.879855942376951	0.744249699879952	0.1	0.6	0.406201831535044	0.502410085279941
LC_k1_0.1_k2_0.6	60	0.840900250069464	0.824284523478744	0.809502639622117	0.1	0.6	0.406201831535044	0.502410085279941
LC_k1_0.1_k2_0.6	70	0.839244160615869	0.82619193421398	0.844458052663809	0.1	0.6	0.406201831535044	0.502410085279941
LC_k1_0.1_k2_0.6	80	0.863384903891233	0.851945616502579	0.867299578059072	0.1	0.6	0.406201831535044	0.502410085279941
LC_k1_0.1_k2_0.6	90	0.863505782606906	0.844524015310532	0.878421204263901	0.1	0.6	0.406201831535044	0.502410085279941
LC_k1_0.1_k2_0.6	100	0.872139213921392	0.862862286228623	0.892061206120612	0.1	0.6	0.406201831535044	0.502410085279941
LC_k1_0.1_k2_0.6	110	0.882352410792778	0.874201474201474	0.911394630660686	0.1	0.6	0.406201831535044	0.502410085279941
LC_k1_0.1_k2_0.6	120	0.897062295992777	0.890186818529064	0.925071185498993	0.1	0.6	0.406201831535044	0.502410085279941
LC_k1_0.1_k2_0.6	130	0.903316991902115	0.896265140859495	0.928001201709705	0.1	0.6	0.406201831535044	0.502410085279941
LC_k1_0.1_k2_0.6	140	0.903658349915812	0.896604054142704	0.922223437055827	0.1	0.6	0.406201831535044	0.502410085279941
LC_k1_0.1_k2_0.6	150	0.912973909951554	0.903775278901285	0.925177118983066	0.1	0.6	0.406201831535044	0.502410085279941
LC_k1_0.1_k2_0.6	160	0.910474041954764	0.9027950310559	0.917930387905777	0.1	0.6	0.406201831535044	0.502410085279941
LC_k1_0.1_k2_0.6	170	0.90897466429736	0.898171115222795	0.912462674263103	0.1	0.6	0.406201831535044	0.502410085279941
LC_k1_0.1_k2_0.6	180	0.904118439869543	0.891183884276264	0.905241931335329	0.1	0.6	0.406201831535044	0.502410085279941
LC_k1_0.1_k2_0.6	190	0.900496441802587	0.88545709824299	0.902779636700827	0.1	0.6	0.406201831535044	0.502410085279941
LC_k1_0.1_k2_0.6	200	0.886220655516388	0.870837770944274	0.905998649966249	0.1	0.6	0.406201831535044	0.502410085279941
LC_k1_0.1_k2_0.6	210	0.865551858966676	0.846725387358962	0.903562439057575	0.1	0.6	0.406201831535044	0.502410085279941
LC_k1_0.1_k2_0.6	220	0.854897077137206	0.837199867014533	0.897606825084666	0.1	0.6	0.406201831535044	0.502410085279941
LC_k1_0.1_k2_0.6	230	0.848105947593322	0.833716919116577	0.894885824257383	0.1	0.6	0.406201831535044	0.502410085279941
LC_k1_0.1_k2_0.6	240	0.839576207920276	0.826983107345613	0.899968800612772	0.1	0.6	0.406201831535044	0.502410085279941
LC_k1_0.1_k2_0.6	250	0.817277588441415	0.807895550328805	0.899968800612772	0.1	0.6	0.406201831535044	0.502410085279941
LC_k1_0.1_k2_0.6	260	0.814444455823766	0.803635693290866	0.899968800612772	0.1	0.6	0.406201831535044	0.502410085279941
LC_k1_0.1_k2_0.6	270	0.809387417294247	0.80067399187003	0.899968800612772	0.1	0.6	0.406201831535044	0.502410085279941
LC_k1_0.1_k2_0.6	280	0.810427428921287	0.796831045585494	0.899968800612772	0.1	0.6	0.406201831535044	0.502410085279941
LC_k1_0.1_k2_0.6	290	0.799690758551805	0.783209198026464	0.899968800612772	0.1	0.6	0.406201831535044	0.502410085279941
LC_k1_0.1_k2_0.6	300	0.796898632207025	0.782190024333604	0.899968800612772	0.1	0.6	0.406201831535044	0.502410085279941
LC_k1_0.1_k2_0.68	10	0.551515151515151	0.854545454545454	0.624242424242424	0.1	0.68	0.350711759905703	0.436596218020022
LC_k1_0.1_k2_0.68	20	0.884210526315789	0.87218045112782	0.732330827067669	0.1	0.68	0.350711759905703	0.436596218020022
LC_k1_0.1_k2_0.68	30	0.931034482758621	0.927030033370411	0.763737486095662	0.1	0.68	0.350711759905703	0.436596218020022
LC_k1_0.1_k2_0.68	40	0.921575984990619	0.920075046904315	0.759287054409006	0.1	0.68	0.350711759905703	0.436596218020022
LC_k1_0.1_k2_0.68	50	0.895510204081633	0.904153661464586	0.766434573829532	0.1	0.68	0.350711759905703	0.436596218020022
LC_k1_0.1_k2_0.68	60	0.891858849680467	0.89924979160878	0.826118366212837	0.1	0.68	0.350711759905703	0.436596218020022
LC_k1_0.1_k2_0.68	70	0.885959233662847	0.892642813402152	0.856740442655936	0.1	0.68	0.350711759905703	0.436596218020022
LC_k1_0.1_k2_0.68	80	0.890131270511017	0.893834974214721	0.871472105016409	0.1	0.68	0.350711759905703	0.436596218020022
LC_k1_0.1_k2_0.68	90	0.901222373132485	0.90601308803556	0.888809318022801	0.1	0.68	0.350711759905703	0.436596218020022
LC_k1_0.1_k2_0.68	100	0.905538553855386	0.912199219921992	0.907278727872787	0.1	0.68	0.350711759905703	0.436596218020022
LC_k1_0.1_k2_0.68	110	0.91455943015576	0.919779996844217	0.924044812118207	0.1	0.68	0.350711759905703	0.436596218020022
LC_k1_0.1_k2_0.68	120	0.921057017848462	0.922522397388707	0.930328495034377	0.1	0.68	0.350711759905703	0.436596218020022
LC_k1_0.1_k2_0.68	130	0.930207977713747	0.929574348960111	0.940411585574021	0.1	0.68	0.350711759905703	0.436596218020022
LC_k1_0.1_k2_0.68	140	0.925088014694627	0.924528219369793	0.939323434869126	0.1	0.68	0.350711759905703	0.436596218020022
LC_k1_0.1_k2_0.68	150	0.933035246010934	0.93030445797591	0.932889461753856	0.1	0.68	0.350711759905703	0.436596218020022
LC_k1_0.1_k2_0.68	160	0.919937302238369	0.915390249619126	0.934536505332239	0.1	0.68	0.350711759905703	0.436596218020022
LC_k1_0.1_k2_0.68	170	0.910562343903616	0.906229199870543	0.929790365227374	0.1	0.68	0.350711759905703	0.436596218020022
LC_k1_0.1_k2_0.68	180	0.901575151496445	0.894568762410362	0.922559338251181	0.1	0.68	0.350711759905703	0.436596218020022
LC_k1_0.1_k2_0.68	190	0.904301766632987	0.893454403898053	0.921519330612745	0.1	0.68	0.350711759905703	0.436596218020022
LC_k1_0.1_k2_0.68	200	0.895411385284632	0.885698642466062	0.919546988674717	0.1	0.68	0.350711759905703	0.436596218020022
LC_k1_0.1_k2_0.68	210	0.896321588115053	0.887888614254291	0.910067283676663	0.1	0.68	0.350711759905703	0.436596218020022
LC_k1_0.1_k2_0.68	220	0.890826820238585	0.883974687681376	0.909308419219781	0.1	0.68	0.350711759905703	0.436596218020022
LC_k1_0.1_k2_0.68	230	0.882208014123716	0.873887646433688	0.90327523245693	0.1	0.68	0.350711759905703	0.436596218020022
LC_k1_0.1_k2_0.68	240	0.865178214899564	0.857499262139968	0.905377287825251	0.1	0.68	0.350711759905703	0.436596218020022
LC_k1_0.1_k2_0.68	250	0.85881937310997	0.850020256324101	0.905377287825251	0.1	0.68	0.350711759905703	0.436596218020022
LC_k1_0.1_k2_0.68	260	0.857257560705837	0.84861724172069	0.905377287825251	0.1	0.68	0.350711759905703	0.436596218020022
LC_k1_0.1_k2_0.68	270	0.854209858083711	0.845409859303054	0.905377287825251	0.1	0.68	0.350711759905703	0.436596218020022
LC_k1_0.1_k2_0.68	280	0.851399161432453	0.84412374064538	0.905377287825251	0.1	0.68	0.350711759905703	0.436596218020022
LC_k1_0.1_k2_0.68	290	0.831228465958224	0.826584677910394	0.905377287825251	0.1	0.68	0.350711759905703	0.436596218020022
LC_k1_0.1_k2_0.68	300	0.835782175357504	0.823301147790531	0.905377287825251	0.1	0.68	0.350711759905703	0.436596218020022
LC_k1_0.1_k2_0.76	10	0.333333333333333	0.381818181818182	0.2	0.1	0.76	0.286970713573307	0.362068965517241
LC_k1_0.1_k2_0.76	20	0.625563909774436	0.691729323308271	0.598496240601504	0.1	0.76	0.286970713573307	0.362068965517241
LC_k1_0.1_k2_0.76	30	0.818909899888765	0.859844271412681	0.65650723025584	0.1	0.76	0.286970713573307	0.362068965517241
LC_k1_0.1_k2_0.76	40	0.894934333958724	0.89718574108818	0.711819887429644	0.1	0.76	0.286970713573307	0.362068965517241
LC_k1_0.1_k2_0.76	50	0.929123649459784	0.926338535414166	0.765186074429772	0.1	0.76	0.286970713573307	0.362068965517241
LC_k1_0.1_k2_0.76	60	0.924756876910253	0.91486524034454	0.822617393720478	0.1	0.76	0.286970713573307	0.362068965517241
LC_k1_0.1_k2_0.76	70	0.906744816726446	0.895932114425685	0.849846907532149	0.1	0.76	0.286970713573307	0.362068965517241
LC_k1_0.1_k2_0.76	80	0.896085325832161	0.886474449132677	0.877754336615096	0.1	0.76	0.286970713573307	0.362068965517241
LC_k1_0.1_k2_0.76	90	0.904268016627567	0.898950487714533	0.873317693542413	0.1	0.76	0.286970713573307	0.362068965517241
LC_k1_0.1_k2_0.76	100	0.916963696369637	0.913327332733273	0.888976897689769	0.1	0.76	0.286970713573307	0.362068965517241
LC_k1_0.1_k2_0.76	110	0.923332506818745	0.920429186484232	0.906669972725019	0.1	0.76	0.286970713573307	0.362068965517241
LC_k1_0.1_k2_0.76	120	0.927779706924092	0.924335023265504	0.919918049864574	0.1	0.76	0.286970713573307	0.362068965517241
LC_k1_0.1_k2_0.76	130	0.926253260320365	0.921348099796529	0.92199811550069	0.1	0.76	0.286970713573307	0.362068965517241
LC_k1_0.1_k2_0.76	140	0.918300496381011	0.912322057247819	0.926225098948197	0.1	0.76	0.286970713573307	0.362068965517241
LC_k1_0.1_k2_0.76	150	0.922577892350771	0.91613138361705	0.931847637672785	0.1	0.76	0.286970713573307	0.362068965517241
LC_k1_0.1_k2_0.76	160	0.927783311848119	0.920200984413454	0.928589007383101	0.1	0.76	0.286970713573307	0.362068965517241
LC_k1_0.1_k2_0.76	170	0.921891048540251	0.910388920438933	0.923952589444373	0.1	0.76	0.286970713573307	0.362068965517241
LC_k1_0.1_k2_0.76	180	0.910215335864276	0.898778768892044	0.92036379723654	0.1	0.76	0.286970713573307	0.362068965517241
LC_k1_0.1_k2_0.76	190	0.906640947919537	0.893405415808282	0.914515783350173	0.1	0.76	0.286970713573307	0.362068965517241
LC_k1_0.1_k2_0.76	200	0.902551563789095	0.889979749493737	0.90716717917948	0.1	0.76	0.286970713573307	0.362068965517241
LC_k1_0.1_k2_0.76	210	0.893105447807369	0.881929295448876	0.907001454519539	0.1	0.76	0.286970713573307	0.362068965517241
LC_k1_0.1_k2_0.76	220	0.88366814490908	0.870669378969137	0.910321588162039	0.1	0.76	0.286970713573307	0.362068965517241
LC_k1_0.1_k2_0.76	230	0.874881829770761	0.862439743662451	0.913532679585461	0.1	0.76	0.286970713573307	0.362068965517241
LC_k1_0.1_k2_0.76	240	0.863620896196115	0.850547752565148	0.915922769722263	0.1	0.76	0.286970713573307	0.362068965517241
LC_k1_0.1_k2_0.76	250	0.85377276436423	0.841447703163251	0.915922769722263	0.1	0.76	0.286970713573307	0.362068965517241
LC_k1_0.1_k2_0.76	260	0.845318831525728	0.829672719327892	0.915922769722263	0.1	0.76	0.286970713573307	0.362068965517241
LC_k1_0.1_k2_0.76	270	0.831130742534191	0.82043954268539	0.915922769722263	0.1	0.76	0.286970713573307	0.362068965517241
LC_k1_0.1_k2_0.76	280	0.821116705205788	0.804500057398691	0.915922769722263	0.1	0.76	0.286970713573307	0.362068965517241
LC_k1_0.1_k2_0.76	290	0.828817514333476	0.811402079076753	0.915922769722263	0.1	0.76	0.286970713573307	0.362068965517241
LC_k1_0.1_k2_0.76	300	0.828134979277548	0.813909487883199	0.915922769722263	0.1	0.76	0.286970713573307	0.362068965517241
LC_k1_0.25_k2_0.04	10	0.684848484848485	0.781818181818182	0.563636363636364	0.25	0.04	0.245625170006347	0.312384130515388
LC_k1_0.25_k2_0.04	20	0.556390977443609	0.601503759398496	0.697744360902256	0.25	0.04	0.245625170006347	0.312384130515388
LC_k1_0.25_k2_0.04	30	0.758843159065629	0.775305895439377	0.649833147942158	0.25	0.04	0.245625170006347	0.312384130515388
LC_k1_0.25_k2_0.04	40	0.869793621013134	0.881613508442777	0.697373358348968	0.25	0.04	0.245625170006347	0.312384130515388
LC_k1_0.25_k2_0.04	50	0.833373349339736	0.817430972388956	0.74453781512605	0.25	0.04	0.245625170006347	0.312384130515388
LC_k1_0.25_k2_0.04	60	0.855515420950264	0.851458738538483	0.748152264517922	0.25	0.04	0.245625170006347	0.312384130515388
LC_k1_0.25_k2_0.04	70	0.870142594698627	0.859959758551308	0.812299886274167	0.25	0.04	0.245625170006347	0.312384130515388
LC_k1_0.25_k2_0.04	80	0.874331926863573	0.870323488045007	0.837693389592124	0.25	0.04	0.245625170006347	0.312384130515388
LC_k1_0.25_k2_0.04	90	0.890620241182039	0.88064370086842	0.843914886611516	0.25	0.04	0.245625170006347	0.312384130515388
LC_k1_0.25_k2_0.04	100	0.906630663066307	0.898937893789379	0.847296729672967	0.25	0.04	0.245625170006347	0.312384130515388
LC_k1_0.25_k2_0.04	110	0.906543741406127	0.898464936997047	0.877564637197665	0.25	0.04	0.245625170006347	0.312384130515388
LC_k1_0.25_k2_0.04	120	0.913528717272033	0.906597680394472	0.899673588443642	0.25	0.04	0.245625170006347	0.312384130515388
LC_k1_0.25_k2_0.04	130	0.910565486351036	0.904272897349411	0.907670458424941	0.25	0.04	0.245625170006347	0.312384130515388
LC_k1_0.25_k2_0.04	140	0.91136865583521	0.903890140167501	0.918331110187838	0.25	0.04	0.245625170006347	0.312384130515388
LC_k1_0.25_k2_0.04	150	0.918058580381351	0.910762256100271	0.927726565625139	0.25	0.04	0.245625170006347	0.312384130515388
LC_k1_0.25_k2_0.04	160	0.922225477557717	0.913869682409469	0.923587835462323	0.25	0.04	0.245625170006347	0.312384130515388
LC_k1_0.25_k2_0.04	170	0.926487991646363	0.918046421309103	0.924961376640348	0.25	0.04	0.245625170006347	0.312384130515388
LC_k1_0.25_k2_0.04	180	0.920880274082533	0.913863596613064	0.922795971069066	0.25	0.04	0.245625170006347	0.312384130515388
LC_k1_0.25_k2_0.04	190	0.924638822186356	0.914968923180552	0.914750226351219	0.25	0.04	0.245625170006347	0.312384130515388
LC_k1_0.25_k2_0.04	200	0.918354458861472	0.905155628890722	0.914455861396535	0.25	0.04	0.245625170006347	0.312384130515388
LC_k1_0.25_k2_0.04	210	0.908735215894108	0.893728720767883	0.914012951378878	0.25	0.04	0.245625170006347	0.312384130515388
LC_k1_0.25_k2_0.04	220	0.904407115849501	0.888241492592822	0.904819596197517	0.25	0.04	0.245625170006347	0.312384130515388
LC_k1_0.25_k2_0.04	230	0.889336939878045	0.87368348378411	0.907336787002631	0.25	0.04	0.245625170006347	0.312384130515388
LC_k1_0.25_k2_0.04	240	0.877049948783833	0.864826646295942	0.915426071917035	0.25	0.04	0.245625170006347	0.312384130515388
LC_k1_0.25_k2_0.04	250	0.858829357269716	0.846291556664907	0.915426071917035	0.25	0.04	0.245625170006347	0.312384130515388
LC_k1_0.25_k2_0.04	260	0.849030311099276	0.835521918280539	0.915426071917035	0.25	0.04	0.245625170006347	0.312384130515388
LC_k1_0.25_k2_0.04	270	0.836460490998962	0.823686043551885	0.915426071917035	0.25	0.04	0.245625170006347	0.312384130515388
LC_k1_0.25_k2_0.04	280	0.838509601981075	0.826636272692983	0.915426071917035	0.25	0.04	0.245625170006347	0.312384130515388
LC_k1_0.25_k2_0.04	290	0.846028264717568	0.828572482923451	0.915426071917035	0.25	0.04	0.245625170006347	0.312384130515388
LC_k1_0.25_k2_0.04	300	0.846405404504495	0.831336348181647	0.915426071917035	0.25	0.04	0.245625170006347	0.312384130515388
LC_k1_0.25_k2_0.12	10	0.393939393939394	0.490909090909091	0.236363636363636	0.25	0.12	0.238371565871793	0.304412309974045
LC_k1_0.25_k2_0.12	20	0.490225563909775	0.63609022556391	0.627067669172932	0.25	0.12	0.238371565871793	0.304412309974045
LC_k1_0.25_k2_0.12	30	0.67964404894327	0.711234705228031	0.604894327030034	0.25	0.12	0.238371565871793	0.304412309974045
LC_k1_0.25_k2_0.12	40	0.81313320825516	0.836772983114447	0.651969981238274	0.25	0.12	0.238371565871793	0.304412309974045
LC_k1_0.25_k2_0.12	50	0.791116446578632	0.778055222088836	0.72436974789916	0.25	0.12	0.238371565871793	0.304412309974045
LC_k1_0.25_k2_0.12	60	0.848457904973604	0.828507918866352	0.754487357599333	0.25	0.12	0.238371565871793	0.304412309974045
LC_k1_0.25_k2_0.12	70	0.859854780859067	0.843373283177325	0.825842008573178	0.25	0.12	0.238371565871793	0.304412309974045
LC_k1_0.25_k2_0.12	80	0.86136896390061	0.853844350679794	0.841795593061416	0.25	0.12	0.238371565871793	0.304412309974045
LC_k1_0.25_k2_0.12	90	0.882158291147055	0.86999218010454	0.855093221385356	0.25	0.12	0.238371565871793	0.304412309974045
LC_k1_0.25_k2_0.12	100	0.901782178217822	0.892121212121212	0.857437743774377	0.25	0.12	0.238371565871793	0.304412309974045
LC_k1_0.25_k2_0.12	110	0.909636408718977	0.900809232919324	0.885832788585082	0.25	0.12	0.238371565871793	0.304412309974045
LC_k1_0.25_k2_0.12	120	0.913077297034516	0.905458712410584	0.906729634002361	0.25	0.12	0.238371565871793	0.304412309974045
LC_k1_0.25_k2_0.12	130	0.913744554752898	0.905906130085075	0.918283740048341	0.25	0.12	0.238371565871793	0.304412309974045
LC_k1_0.25_k2_0.12	140	0.909837965493866	0.902241367999825	0.924899958452691	0.25	0.12	0.238371565871793	0.304412309974045
LC_k1_0.25_k2_0.12	150	0.917809680430241	0.909005733588159	0.930880483577048	0.25	0.12	0.238371565871793	0.304412309974045
LC_k1_0.25_k2_0.12	160	0.915718387437009	0.906841087542482	0.930053908355795	0.25	0.12	0.238371565871793	0.304412309974045
LC_k1_0.25_k2_0.12	170	0.924680479479241	0.915391332490642	0.929812348483461	0.25	0.12	0.238371565871793	0.304412309974045
LC_k1_0.25_k2_0.12	180	0.924561457658158	0.918433696513267	0.925940101031925	0.25	0.12	0.238371565871793	0.304412309974045
LC_k1_0.25_k2_0.12	190	0.919414592327241	0.910950150244722	0.919582551492169	0.25	0.12	0.238371565871793	0.304412309974045
LC_k1_0.25_k2_0.12	200	0.906853671341784	0.894887872196805	0.920933023325583	0.25	0.12	0.238371565871793	0.304412309974045
LC_k1_0.25_k2_0.12	210	0.902140962056153	0.88911701917439	0.914361517753885	0.25	0.12	0.238371565871793	0.304412309974045
LC_k1_0.25_k2_0.12	220	0.891374540044967	0.880324349300981	0.9104241447513	0.25	0.12	0.238371565871793	0.304412309974045
LC_k1_0.25_k2_0.12	230	0.885812915013599	0.876378036241336	0.914269440451328	0.25	0.12	0.238371565871793	0.304412309974045
LC_k1_0.25_k2_0.12	240	0.875369364051459	0.866041077102033	0.920887077356232	0.25	0.12	0.238371565871793	0.304412309974045
LC_k1_0.25_k2_0.12	250	0.859204915278644	0.852208323333173	0.920887077356232	0.25	0.12	0.238371565871793	0.304412309974045
LC_k1_0.25_k2_0.12	260	0.845331803952494	0.840049295221709	0.920887077356232	0.25	0.12	0.238371565871793	0.304412309974045
LC_k1_0.25_k2_0.12	270	0.845988437579543	0.837021388801249	0.920887077356232	0.25	0.12	0.238371565871793	0.304412309974045
LC_k1_0.25_k2_0.12	280	0.846028830542664	0.835390393099037	0.920887077356232	0.25	0.12	0.238371565871793	0.304412309974045
LC_k1_0.25_k2_0.12	290	0.845565755630372	0.835399904299982	0.920887077356232	0.25	0.12	0.238371565871793	0.304412309974045
LC_k1_0.25_k2_0.12	300	0.839061767352971	0.829731885909844	0.920887077356232	0.25	0.12	0.238371565871793	0.304412309974045
LC_k1_0.25_k2_0.2	10	0.575757575757576	0.733333333333333	0.43030303030303	0.25	0.2	0.223592347447638	0.2862439747868
LC_k1_0.25_k2_0.2	20	0.712781954887218	0.786466165413534	0.62406015037594	0.25	0.2	0.223592347447638	0.2862439747868
LC_k1_0.25_k2_0.2	30	0.833592880978865	0.802447163515017	0.752614015572859	0.25	0.2	0.223592347447638	0.2862439747868
LC_k1_0.25_k2_0.2	40	0.887992495309569	0.853470919324578	0.745028142589118	0.25	0.2	0.223592347447638	0.2862439747868
LC_k1_0.25_k2_0.2	50	0.900984393757503	0.882160864345739	0.761056422569028	0.25	0.2	0.223592347447638	0.2862439747868
LC_k1_0.25_k2_0.2	60	0.913031397610447	0.898860794665185	0.798332870241734	0.25	0.2	0.223592347447638	0.2862439747868
LC_k1_0.25_k2_0.2	70	0.859189922141545	0.845437844458053	0.834590149593211	0.25	0.2	0.223592347447638	0.2862439747868
LC_k1_0.25_k2_0.2	80	0.850679793717769	0.842639474917956	0.858227848101266	0.25	0.2	0.223592347447638	0.2862439747868
LC_k1_0.25_k2_0.2	90	0.881335144256493	0.8744700991892	0.87512861670165	0.25	0.2	0.223592347447638	0.2862439747868
LC_k1_0.25_k2_0.2	100	0.899225922592259	0.894857485748575	0.882484248424843	0.25	0.2	0.223592347447638	0.2862439747868
LC_k1_0.25_k2_0.2	110	0.913450397854067	0.909789689606203	0.888844307192931	0.25	0.2	0.223592347447638	0.2862439747868
LC_k1_0.25_k2_0.2	120	0.917688728383915	0.914223209945135	0.889443711368845	0.25	0.2	0.223592347447638	0.2862439747868
LC_k1_0.25_k2_0.2	130	0.915148370181212	0.909549495418482	0.909036037635363	0.25	0.2	0.223592347447638	0.2862439747868
LC_k1_0.25_k2_0.2	140	0.921261288841268	0.914202619667184	0.918589140845378	0.25	0.2	0.223592347447638	0.2862439747868
LC_k1_0.25_k2_0.2	150	0.92437708342593	0.916686074936664	0.925525578914618	0.25	0.2	0.223592347447638	0.2862439747868
LC_k1_0.25_k2_0.2	160	0.930888901910231	0.921780147662018	0.924897456931911	0.25	0.2	0.223592347447638	0.2862439747868
LC_k1_0.25_k2_0.2	170	0.931666269746765	0.922406433766282	0.921724952827596	0.25	0.2	0.223592347447638	0.2862439747868
LC_k1_0.25_k2_0.2	180	0.927933989732193	0.918293774499213	0.91346852269103	0.25	0.2	0.223592347447638	0.2862439747868
LC_k1_0.25_k2_0.2	190	0.925261670756298	0.914830706784413	0.91416586842324	0.25	0.2	0.223592347447638	0.2862439747868
LC_k1_0.25_k2_0.2	200	0.90011250281257	0.891667291682292	0.908580214505363	0.25	0.2	0.223592347447638	0.2862439747868
LC_k1_0.25_k2_0.2	210	0.897385428241003	0.882572005196101	0.906278406053911	0.25	0.2	0.223592347447638	0.2862439747868
LC_k1_0.25_k2_0.2	220	0.88758783521072	0.871981201715287	0.906090847106157	0.25	0.2	0.223592347447638	0.2862439747868
LC_k1_0.25_k2_0.2	230	0.867546768780868	0.854687480736465	0.905250777322165	0.25	0.2	0.223592347447638	0.2862439747868
LC_k1_0.25_k2_0.2	240	0.853044323686175	0.834359103456657	0.908955648357537	0.25	0.2	0.223592347447638	0.2862439747868
LC_k1_0.25_k2_0.2	250	0.837381078097249	0.820068545096721	0.908955648357537	0.25	0.2	0.223592347447638	0.2862439747868
LC_k1_0.25_k2_0.2	260	0.832305439201991	0.820317551352034	0.908955648357537	0.25	0.2	0.223592347447638	0.2862439747868
LC_k1_0.25_k2_0.2	270	0.830359508056047	0.817729552760212	0.908955648357537	0.25	0.2	0.223592347447638	0.2862439747868
LC_k1_0.25_k2_0.2	280	0.817006412253801	0.806479492267576	0.908955648357537	0.25	0.2	0.223592347447638	0.2862439747868
LC_k1_0.25_k2_0.2	290	0.814555013364791	0.79854039020514	0.908955648357537	0.25	0.2	0.223592347447638	0.2862439747868
LC_k1_0.25_k2_0.2	300	0.815110834564828	0.802844476049734	0.908955648357537	0.25	0.2	0.223592347447638	0.2862439747868
LC_k1_0.25_k2_0.28	10	0.127272727272727	0.272727272727273	-0.0424242424242424	0.25	0.28	0.195756641581286	0.24990730441231
LC_k1_0.25_k2_0.28	20	0.455639097744361	0.499248120300752	0.357894736842105	0.25	0.28	0.195756641581286	0.24990730441231
LC_k1_0.25_k2_0.28	30	0.708565072302558	0.741935483870968	0.586206896551724	0.25	0.28	0.195756641581286	0.24990730441231
LC_k1_0.25_k2_0.28	40	0.795121951219513	0.809756097560976	0.60656660412758	0.25	0.28	0.195756641581286	0.24990730441231
LC_k1_0.25_k2_0.28	50	0.818583433373349	0.827322929171669	0.668571428571429	0.25	0.28	0.195756641581286	0.24990730441231
LC_k1_0.25_k2_0.28	60	0.843956654626285	0.845734926368436	0.726646290636288	0.25	0.28	0.195756641581286	0.24990730441231
LC_k1_0.25_k2_0.28	70	0.856565479835535	0.855725658297612	0.796413262181786	0.25	0.28	0.195756641581286	0.24990730441231
LC_k1_0.25_k2_0.28	80	0.850937646507267	0.858907641819034	0.828105954055321	0.25	0.28	0.195756641581286	0.24990730441231
LC_k1_0.25_k2_0.28	90	0.884232621311273	0.88668559904515	0.851471375066881	0.25	0.28	0.195756641581286	0.24990730441231
LC_k1_0.25_k2_0.28	100	0.905310531053105	0.907254725472547	0.882088208820882	0.25	0.28	0.195756641581286	0.24990730441231
LC_k1_0.25_k2_0.28	110	0.920086558618669	0.921754615332597	0.884372111895048	0.25	0.28	0.195756641581286	0.24990730441231
LC_k1_0.25_k2_0.28	120	0.9246475449684	0.925355927494965	0.890165983748871	0.25	0.28	0.195756641581286	0.24990730441231
LC_k1_0.25_k2_0.28	130	0.925215420120444	0.925636018517254	0.908080132188067	0.25	0.28	0.195756641581286	0.24990730441231
LC_k1_0.25_k2_0.28	140	0.927139139752028	0.925774638647744	0.92048282346767	0.25	0.28	0.195756641581286	0.24990730441231
LC_k1_0.25_k2_0.28	150	0.933749944441975	0.930240455131339	0.927577225654474	0.25	0.28	0.195756641581286	0.24990730441231
LC_k1_0.25_k2_0.28	160	0.928052853627095	0.922395406070549	0.926986405718973	0.25	0.28	0.195756641581286	0.24990730441231
LC_k1_0.25_k2_0.28	170	0.918498299350884	0.914785571656255	0.927057113720605	0.25	0.28	0.195756641581286	0.24990730441231
LC_k1_0.25_k2_0.28	180	0.926773460086217	0.920551045814171	0.922594318754694	0.25	0.28	0.195756641581286	0.24990730441231
LC_k1_0.25_k2_0.28	190	0.921183412282889	0.914370568655496	0.919495072760435	0.25	0.28	0.195756641581286	0.24990730441231
LC_k1_0.25_k2_0.28	200	0.92542413560339	0.915876396909923	0.913221330533263	0.25	0.28	0.195756641581286	0.24990730441231
LC_k1_0.25_k2_0.28	210	0.912835082104227	0.902573754506905	0.904872478481857	0.25	0.28	0.195756641581286	0.24990730441231
LC_k1_0.25_k2_0.28	220	0.901037399345216	0.889557823320918	0.904259479440785	0.25	0.28	0.195756641581286	0.24990730441231
LC_k1_0.25_k2_0.28	230	0.88537500092465	0.870824220397032	0.908697871333148	0.25	0.28	0.195756641581286	0.24990730441231
LC_k1_0.25_k2_0.28	240	0.870127953610306	0.852763936873904	0.908017441392107	0.25	0.28	0.195756641581286	0.24990730441231
LC_k1_0.25_k2_0.28	250	0.8571712187395	0.843588153410455	0.908017441392107	0.25	0.28	0.195756641581286	0.24990730441231
LC_k1_0.25_k2_0.28	260	0.852530818048059	0.837127768162251	0.908017441392107	0.25	0.28	0.195756641581286	0.24990730441231
LC_k1_0.25_k2_0.28	270	0.841421997863101	0.826769152449889	0.908017441392107	0.25	0.28	0.195756641581286	0.24990730441231
LC_k1_0.25_k2_0.28	280	0.839033843361705	0.823223510503961	0.908017441392107	0.25	0.28	0.195756641581286	0.24990730441231
LC_k1_0.25_k2_0.28	290	0.835276896564025	0.818394330819465	0.908017441392107	0.25	0.28	0.195756641581286	0.24990730441231
LC_k1_0.25_k2_0.28	300	0.825762064022934	0.816494405493394	0.908017441392107	0.25	0.28	0.195756641581286	0.24990730441231
LC_k1_0.25_k2_0.36	10	0.406060606060606	0.418181818181818	0.175757575757576	0.25	0.36	0.173361138815849	0.221171672228402
LC_k1_0.25_k2_0.36	20	0.255639097744361	0.430075187969925	0.275187969924812	0.25	0.36	0.173361138815849	0.221171672228402
LC_k1_0.25_k2_0.36	30	0.664516129032258	0.753503893214683	0.539488320355951	0.25	0.36	0.173361138815849	0.221171672228402
LC_k1_0.25_k2_0.36	40	0.764915572232646	0.812757973733584	0.585553470919325	0.25	0.36	0.173361138815849	0.221171672228402
LC_k1_0.25_k2_0.36	50	0.823769507803121	0.853925570228091	0.676542617046819	0.25	0.36	0.173361138815849	0.221171672228402
LC_k1_0.25_k2_0.36	60	0.844956932481245	0.864795776604612	0.712308974715199	0.25	0.36	0.173361138815849	0.221171672228402
LC_k1_0.25_k2_0.36	70	0.859854780859067	0.866398390342052	0.766284664508792	0.25	0.36	0.173361138815849	0.221171672228402
LC_k1_0.25_k2_0.36	80	0.856797937177684	0.870534458509142	0.801898734177215	0.25	0.36	0.173361138815849	0.221171672228402
LC_k1_0.25_k2_0.36	90	0.890290982425814	0.900827262625015	0.838597357698481	0.25	0.36	0.173361138815849	0.221171672228402
LC_k1_0.25_k2_0.36	100	0.906954695469547	0.913375337533753	0.87026702670267	0.25	0.36	0.173361138815849	0.221171672228402
LC_k1_0.25_k2_0.36	110	0.922602168473728	0.926515339359376	0.871541599981967	0.25	0.36	0.173361138815849	0.221171672228402
LC_k1_0.25_k2_0.36	120	0.929981248697826	0.932696715049656	0.887908882561289	0.25	0.36	0.173361138815849	0.221171672228402
LC_k1_0.25_k2_0.36	130	0.931098335358942	0.933004683936692	0.898488303814063	0.25	0.36	0.173361138815849	0.221171672228402
LC_k1_0.25_k2_0.36	140	0.931258883470731	0.929741313332313	0.91054645645186	0.25	0.36	0.173361138815849	0.221171672228402
LC_k1_0.25_k2_0.36	150	0.930222676563403	0.930652917907463	0.917262100537802	0.25	0.36	0.173361138815849	0.221171672228402
LC_k1_0.25_k2_0.36	160	0.924305636938943	0.9233798195242	0.924499003867338	0.25	0.36	0.173361138815849	0.221171672228402
LC_k1_0.25_k2_0.36	170	0.910347396510769	0.906524752535708	0.928661891414928	0.25	0.36	0.173361138815849	0.221171672228402
LC_k1_0.25_k2_0.36	180	0.914254555181744	0.909927261129459	0.926952477957139	0.25	0.36	0.173361138815849	0.221171672228402
LC_k1_0.25_k2_0.36	190	0.913214099821981	0.905234289913265	0.916193625424819	0.25	0.36	0.173361138815849	0.221171672228402
LC_k1_0.25_k2_0.36	200	0.907761194029851	0.901155028875722	0.911496287407185	0.25	0.36	0.173361138815849	0.221171672228402
LC_k1_0.25_k2_0.36	210	0.902008791906522	0.895489693643847	0.906152714833184	0.25	0.36	0.173361138815849	0.221171672228402
LC_k1_0.25_k2_0.36	220	0.89203721339096	0.885414987912973	0.903639631923274	0.25	0.36	0.173361138815849	0.221171672228402
LC_k1_0.25_k2_0.36	230	0.873344198994474	0.86811191466593	0.90172083469976	0.25	0.36	0.173361138815849	0.221171672228402
LC_k1_0.25_k2_0.36	240	0.860346533793989	0.85058421153145	0.89851965361114	0.25	0.36	0.173361138815849	0.221171672228402
LC_k1_0.25_k2_0.36	250	0.852345029520472	0.842798636778188	0.89851965361114	0.25	0.36	0.173361138815849	0.221171672228402
LC_k1_0.25_k2_0.36	260	0.85178865868521	0.835744497813463	0.89851965361114	0.25	0.36	0.173361138815849	0.221171672228402
LC_k1_0.25_k2_0.36	270	0.840035604817015	0.830833222830369	0.89851965361114	0.25	0.36	0.173361138815849	0.221171672228402
LC_k1_0.25_k2_0.36	280	0.840056086721223	0.824409750124364	0.89851965361114	0.25	0.36	0.173361138815849	0.221171672228402
LC_k1_0.25_k2_0.36	290	0.834931982872403	0.820189259702543	0.89851965361114	0.25	0.36	0.173361138815849	0.221171672228402
LC_k1_0.25_k2_0.36	300	0.821758908432316	0.812519250213891	0.89851965361114	0.25	0.36	0.173361138815849	0.221171672228402
LC_k1_0.25_k2_0.44	10	0.381818181818182	0.466666666666667	0.393939393939394	0.25	0.44	0.143621361864176	0.182610307749351
LC_k1_0.25_k2_0.44	20	0.529323308270677	0.578947368421053	0.461654135338346	0.25	0.44	0.143621361864176	0.182610307749351
LC_k1_0.25_k2_0.44	30	0.744160177975528	0.77174638487208	0.5853170189099	0.25	0.44	0.143621361864176	0.182610307749351
LC_k1_0.25_k2_0.44	40	0.745028142589118	0.781425891181989	0.674671669793621	0.25	0.44	0.143621361864176	0.182610307749351
LC_k1_0.25_k2_0.44	50	0.776998799519808	0.808979591836735	0.693733493397359	0.25	0.44	0.143621361864176	0.182610307749351
LC_k1_0.25_k2_0.44	60	0.794665184773549	0.809280355654349	0.736982495137538	0.25	0.44	0.143621361864176	0.182610307749351
LC_k1_0.25_k2_0.44	70	0.808625667045753	0.820068235499956	0.756276791181874	0.25	0.44	0.143621361864176	0.182610307749351
LC_k1_0.25_k2_0.44	80	0.828199718706048	0.839896858884201	0.801758087201125	0.25	0.44	0.143621361864176	0.182610307749351
LC_k1_0.25_k2_0.44	90	0.838860764703462	0.853759723422645	0.841593612380129	0.25	0.44	0.143621361864176	0.182610307749351
LC_k1_0.25_k2_0.44	100	0.864362436243624	0.873891389138914	0.868622862286229	0.25	0.44	0.143621361864176	0.182610307749351
LC_k1_0.25_k2_0.44	110	0.886445912133986	0.892658296328021	0.875040010819827	0.25	0.44	0.143621361864176	0.182610307749351
LC_k1_0.25_k2_0.44	120	0.893068963122439	0.898444336412251	0.899312452253629	0.25	0.44	0.143621361864176	0.182610307749351
LC_k1_0.25_k2_0.44	130	0.897166423138374	0.901301396987532	0.91041800379631	0.25	0.44	0.143621361864176	0.182610307749351
LC_k1_0.25_k2_0.44	140	0.91307865561654	0.914294461087665	0.910437121427478	0.25	0.44	0.143621361864176	0.182610307749351
LC_k1_0.25_k2_0.44	150	0.909862660562692	0.909140850704476	0.90439397306547	0.25	0.44	0.143621361864176	0.182610307749351
LC_k1_0.25_k2_0.44	160	0.902557717098324	0.900295909996484	0.914376538146021	0.25	0.44	0.143621361864176	0.182610307749351
LC_k1_0.25_k2_0.44	170	0.903061168410061	0.900076330750301	0.918959947728702	0.25	0.44	0.143621361864176	0.182610307749351
LC_k1_0.25_k2_0.44	180	0.891883494346533	0.889856682819429	0.91335535047378	0.25	0.44	0.143621361864176	0.182610307749351
LC_k1_0.25_k2_0.44	190	0.886828764756569	0.881443574031064	0.911035879401821	0.25	0.44	0.143621361864176	0.182610307749351
LC_k1_0.25_k2_0.44	200	0.873236330908273	0.865245631140779	0.9079996999925	0.25	0.44	0.143621361864176	0.182610307749351
LC_k1_0.25_k2_0.44	210	0.867479988208349	0.859864655175206	0.906558295782541	0.25	0.44	0.143621361864176	0.182610307749351
LC_k1_0.25_k2_0.44	220	0.853456776905609	0.843464834923336	0.905979274553005	0.25	0.44	0.143621361864176	0.182610307749351
LC_k1_0.25_k2_0.44	230	0.837044671675391	0.831665429690871	0.905339543691547	0.25	0.44	0.143621361864176	0.182610307749351
LC_k1_0.25_k2_0.44	240	0.830960606954982	0.824834632545704	0.894090319778142	0.25	0.44	0.143621361864176	0.182610307749351
LC_k1_0.25_k2_0.44	250	0.822629098065569	0.818033312533	0.894090319778142	0.25	0.44	0.143621361864176	0.182610307749351
LC_k1_0.25_k2_0.44	260	0.82311003690314	0.81285157836882	0.894090319778142	0.25	0.44	0.143621361864176	0.182610307749351
LC_k1_0.25_k2_0.44	270	0.8002655119488	0.793839574083473	0.894090319778142	0.25	0.44	0.143621361864176	0.182610307749351
LC_k1_0.25_k2_0.44	280	0.792928481230628	0.788121204169878	0.894090319778142	0.25	0.44	0.143621361864176	0.182610307749351
LC_k1_0.25_k2_0.44	290	0.798088213767764	0.788828191404957	0.894090319778142	0.25	0.44	0.143621361864176	0.182610307749351
LC_k1_0.25_k2_0.44	300	0.793682596473294	0.787406971188569	0.894090319778142	0.25	0.44	0.143621361864176	0.182610307749351
LC_k1_0.2_k2_0.04	10	0.745454545454545	0.781818181818182	0.745454545454545	0.2	0.04	0.344364856287968	0.424175009269559
LC_k1_0.2_k2_0.04	20	0.822556390977444	0.828571428571429	0.702255639097744	0.2	0.04	0.344364856287968	0.424175009269559
LC_k1_0.2_k2_0.04	30	0.891434927697442	0.854060066740823	0.722358175750834	0.2	0.04	0.344364856287968	0.424175009269559
LC_k1_0.2_k2_0.04	40	0.913508442776736	0.882926829268293	0.753846153846154	0.2	0.04	0.344364856287968	0.424175009269559
LC_k1_0.2_k2_0.04	50	0.889747899159664	0.86516206482593	0.776806722689076	0.2	0.04	0.344364856287968	0.424175009269559
LC_k1_0.2_k2_0.04	60	0.886857460405668	0.869130313976105	0.807279799944429	0.2	0.04	0.344364856287968	0.424175009269559
LC_k1_0.2_k2_0.04	70	0.901600909806666	0.884069635202519	0.848482197533024	0.2	0.04	0.344364856287968	0.424175009269559
LC_k1_0.2_k2_0.04	80	0.88595874355368	0.876535396155649	0.876347866854196	0.2	0.04	0.344364856287968	0.424175009269559
LC_k1_0.2_k2_0.04	90	0.891229369881055	0.886570358480471	0.881911347079887	0.2	0.04	0.344364856287968	0.424175009269559
LC_k1_0.2_k2_0.04	100	0.907986798679868	0.906462646264627	0.888904890489049	0.2	0.04	0.344364856287968	0.424175009269559
LC_k1_0.2_k2_0.04	110	0.917047990442486	0.91644388341636	0.908635574690621	0.2	0.04	0.344364856287968	0.424175009269559
LC_k1_0.2_k2_0.04	120	0.917251197999861	0.914848253350927	0.917133134245433	0.2	0.04	0.344364856287968	0.424175009269559
LC_k1_0.2_k2_0.04	130	0.912652091384561	0.90989908369635	0.930038645891655	0.2	0.04	0.344364856287968	0.424175009269559
LC_k1_0.2_k2_0.04	140	0.918147427346876	0.915365944326606	0.936585685858608	0.2	0.04	0.344364856287968	0.424175009269559
LC_k1_0.2_k2_0.04	150	0.921738743944175	0.917169651984533	0.938187474998889	0.2	0.04	0.344364856287968	0.424175009269559
LC_k1_0.2_k2_0.04	160	0.917098324153287	0.910623461853979	0.929069494902144	0.2	0.04	0.344364856287968	0.424175009269559
LC_k1_0.2_k2_0.04	170	0.926334108853757	0.919243287473819	0.92851777895836	0.2	0.04	0.344364856287968	0.424175009269559
LC_k1_0.2_k2_0.04	180	0.923915347181497	0.917110610409786	0.926816671296439	0.2	0.04	0.344364856287968	0.424175009269559
LC_k1_0.2_k2_0.04	190	0.924523350260468	0.912080375458717	0.922320635795422	0.2	0.04	0.344364856287968	0.424175009269559
LC_k1_0.2_k2_0.04	200	0.912070801770044	0.898640966024151	0.924645616140404	0.2	0.04	0.344364856287968	0.424175009269559
LC_k1_0.2_k2_0.04	210	0.901227433080763	0.887691654815626	0.921278422251233	0.2	0.04	0.344364856287968	0.424175009269559
LC_k1_0.2_k2_0.04	220	0.893962121681703	0.879925392898801	0.918362700957383	0.2	0.04	0.344364856287968	0.424175009269559
LC_k1_0.2_k2_0.04	230	0.884611610147969	0.868490651175291	0.920771083862027	0.2	0.04	0.344364856287968	0.424175009269559
LC_k1_0.2_k2_0.04	240	0.874476987447699	0.862146912272782	0.927978818241983	0.2	0.04	0.344364856287968	0.424175009269559
LC_k1_0.2_k2_0.04	250	0.863892094273508	0.854687466999472	0.927978818241983	0.2	0.04	0.344364856287968	0.424175009269559
LC_k1_0.2_k2_0.04	260	0.852951397778984	0.841318544766821	0.927978818241983	0.2	0.04	0.344364856287968	0.424175009269559
LC_k1_0.2_k2_0.04	270	0.846373140311329	0.835286263643306	0.927978818241983	0.2	0.04	0.344364856287968	0.424175009269559
LC_k1_0.2_k2_0.04	280	0.845178236602872	0.830559063253358	0.927978818241983	0.2	0.04	0.344364856287968	0.424175009269559
LC_k1_0.2_k2_0.04	290	0.838070156232126	0.825844663370879	0.927978818241983	0.2	0.04	0.344364856287968	0.424175009269559
LC_k1_0.2_k2_0.04	300	0.844868942988255	0.832760364004045	0.927978818241983	0.2	0.04	0.344364856287968	0.424175009269559
LC_k1_0.2_k2_0.12	10	0.76969696969697	0.660606060606061	0.806060606060606	0.2	0.12	0.339559343548826	0.419725621060438
LC_k1_0.2_k2_0.12	20	0.837593984962406	0.796992481203008	0.789473684210526	0.2	0.12	0.339559343548826	0.419725621060438
LC_k1_0.2_k2_0.12	30	0.908342602892102	0.871857619577308	0.740600667408231	0.2	0.12	0.339559343548826	0.419725621060438
LC_k1_0.2_k2_0.12	40	0.920450281425891	0.893058161350845	0.767729831144465	0.2	0.12	0.339559343548826	0.419725621060438
LC_k1_0.2_k2_0.12	50	0.932773109243698	0.916446578631453	0.775270108043217	0.2	0.12	0.339559343548826	0.419725621060438
LC_k1_0.2_k2_0.12	60	0.88563489858294	0.866907474298417	0.825562656293415	0.2	0.12	0.339559343548826	0.419725621060438
LC_k1_0.2_k2_0.12	70	0.884454553407401	0.869477735981104	0.860169713935789	0.2	0.12	0.339559343548826	0.419725621060438
LC_k1_0.2_k2_0.12	80	0.886708860759494	0.875574308485701	0.884997655883732	0.2	0.12	0.339559343548826	0.419725621060438
LC_k1_0.2_k2_0.12	90	0.889039799152159	0.883590566736634	0.894620735070173	0.2	0.12	0.339559343548826	0.419725621060438
LC_k1_0.2_k2_0.12	100	0.904794479447945	0.902514251425143	0.897029702970297	0.2	0.12	0.339559343548826	0.419725621060438
LC_k1_0.2_k2_0.12	110	0.9133962987174	0.911556928070689	0.910844622771228	0.2	0.12	0.339559343548826	0.419725621060438
LC_k1_0.2_k2_0.12	120	0.918320716716438	0.91493853739843	0.924772553649559	0.2	0.12	0.339559343548826	0.419725621060438
LC_k1_0.2_k2_0.12	130	0.915230304933838	0.911046170233104	0.935954335031204	0.2	0.12	0.339559343548826	0.419725621060438
LC_k1_0.2_k2_0.12	140	0.911145612385472	0.908399116573003	0.934346504559271	0.2	0.12	0.339559343548826	0.419725621060438
LC_k1_0.2_k2_0.12	150	0.912710787146096	0.908234143739722	0.932494777545669	0.2	0.12	0.339559343548826	0.419725621060438
LC_k1_0.2_k2_0.12	160	0.921528184694714	0.914622641509434	0.93057834290402	0.2	0.12	0.339559343548826	0.419725621060438
LC_k1_0.2_k2_0.12	170	0.92339323770617	0.915032272641227	0.927599367370742	0.2	0.12	0.339559343548826	0.419725621060438
LC_k1_0.2_k2_0.12	180	0.923750733047316	0.912534337479552	0.923841270821116	0.2	0.12	0.339559343548826	0.419725621060438
LC_k1_0.2_k2_0.12	190	0.914018904153928	0.904802144978502	0.918851229294878	0.2	0.12	0.339559343548826	0.419725621060438
LC_k1_0.2_k2_0.12	200	0.90798469961749	0.896827420685517	0.922476561914048	0.2	0.12	0.339559343548826	0.419725621060438
LC_k1_0.2_k2_0.12	210	0.898620312090005	0.886724998623228	0.919308827864577	0.2	0.12	0.339559343548826	0.419725621060438
LC_k1_0.2_k2_0.12	220	0.88270230977725	0.871936121895832	0.918071936121896	0.2	0.12	0.339559343548826	0.419725621060438
LC_k1_0.2_k2_0.12	230	0.883389593129483	0.870288663301764	0.918981948372493	0.2	0.12	0.339559343548826	0.419725621060438
LC_k1_0.2_k2_0.12	240	0.868745117102727	0.85981961492387	0.925401864575076	0.2	0.12	0.339559343548826	0.419725621060438
LC_k1_0.2_k2_0.12	250	0.859259444151106	0.854994671914751	0.925401864575076	0.2	0.12	0.339559343548826	0.419725621060438
LC_k1_0.2_k2_0.12	260	0.854602309774723	0.846739653636205	0.925401864575076	0.2	0.12	0.339559343548826	0.419725621060438
LC_k1_0.2_k2_0.12	270	0.854164742390918	0.84664749249723	0.925401864575076	0.2	0.12	0.339559343548826	0.419725621060438
LC_k1_0.2_k2_0.12	280	0.844848604118493	0.835252089585691	0.925401864575076	0.2	0.12	0.339559343548826	0.419725621060438
LC_k1_0.2_k2_0.12	290	0.83910981761643	0.828392891628955	0.925401864575076	0.2	0.12	0.339559343548826	0.419725621060438
LC_k1_0.2_k2_0.12	300	0.83664440716008	0.827721196902188	0.925401864575076	0.2	0.12	0.339559343548826	0.419725621060438
LC_k1_0.2_k2_0.2	10	0.83030303030303	0.842424242424242	0.721212121212121	0.2	0.2	0.324961465228035	0.404523544679273
LC_k1_0.2_k2_0.2	20	0.705263157894737	0.778947368421053	0.750375939849624	0.2	0.2	0.324961465228035	0.404523544679273
LC_k1_0.2_k2_0.2	30	0.817130144605117	0.835817575083426	0.650723025583982	0.2	0.2	0.324961465228035	0.404523544679273
LC_k1_0.2_k2_0.2	40	0.895121951219512	0.892307692307693	0.707692307692308	0.2	0.2	0.324961465228035	0.404523544679273
LC_k1_0.2_k2_0.2	50	0.887539015606243	0.886482593037215	0.768739495798319	0.2	0.2	0.324961465228035	0.404523544679273
LC_k1_0.2_k2_0.2	60	0.897304806890803	0.901528202278411	0.789830508474577	0.2	0.2	0.324961465228035	0.404523544679273
LC_k1_0.2_k2_0.2	70	0.911468812877264	0.914093255183273	0.832525588312483	0.2	0.2	0.324961465228035	0.404523544679273
LC_k1_0.2_k2_0.2	80	0.906141584622597	0.909188935771214	0.868729488982654	0.2	0.2	0.324961465228035	0.404523544679273
LC_k1_0.2_k2_0.2	90	0.918426143145244	0.922887599292094	0.862616783965099	0.2	0.2	0.324961465228035	0.404523544679273
LC_k1_0.2_k2_0.2	100	0.926060606060606	0.928892889288929	0.886180618061806	0.2	0.2	0.324961465228035	0.404523544679273
LC_k1_0.2_k2_0.2	110	0.932042467822284	0.932953136622861	0.90724703018281	0.2	0.2	0.324961465228035	0.404523544679273
LC_k1_0.2_k2_0.2	120	0.934280158344329	0.934044030835474	0.921876519202722	0.2	0.2	0.324961465228035	0.404523544679273
LC_k1_0.2_k2_0.2	130	0.921435496865996	0.919643856941922	0.926531838479291	0.2	0.2	0.324961465228035	0.404523544679273
LC_k1_0.2_k2_0.2	140	0.921694255537819	0.918339856989788	0.933559292383722	0.2	0.2	0.324961465228035	0.404523544679273
LC_k1_0.2_k2_0.2	150	0.927609227076759	0.923548602160096	0.940331570292013	0.2	0.2	0.324961465228035	0.404523544679273
LC_k1_0.2_k2_0.2	160	0.929517754599789	0.925761748505801	0.925457049103481	0.2	0.2	0.324961465228035	0.404523544679273
LC_k1_0.2_k2_0.2	170	0.935217786896758	0.928781578031399	0.928222226293196	0.2	0.2	0.324961465228035	0.404523544679273
LC_k1_0.2_k2_0.2	180	0.930775641223495	0.923606695679908	0.91897280780271	0.2	0.2	0.324961465228035	0.404523544679273
LC_k1_0.2_k2_0.2	190	0.929514886693173	0.920245640278707	0.916289852029725	0.2	0.2	0.324961465228035	0.404523544679273
LC_k1_0.2_k2_0.2	200	0.916419410485262	0.9060796519913	0.912249306232656	0.2	0.2	0.324961465228035	0.404523544679273
LC_k1_0.2_k2_0.2	210	0.910817543643685	0.897805262833948	0.910152805538188	0.2	0.2	0.324961465228035	0.404523544679273
LC_k1_0.2_k2_0.2	220	0.905676112767168	0.890565357285744	0.910348636053713	0.2	0.2	0.324961465228035	0.404523544679273
LC_k1_0.2_k2_0.2	230	0.894321664665314	0.877815065132324	0.910992975128156	0.2	0.2	0.324961465228035	0.404523544679273
LC_k1_0.2_k2_0.2	240	0.883679404156322	0.872185280994462	0.918264726578095	0.2	0.2	0.324961465228035	0.404523544679273
LC_k1_0.2_k2_0.2	250	0.870813421014736	0.863589497431959	0.918264726578095	0.2	0.2	0.324961465228035	0.404523544679273
LC_k1_0.2_k2_0.2	260	0.852297997125583	0.844175892451754	0.918264726578095	0.2	0.2	0.324961465228035	0.404523544679273
LC_k1_0.2_k2_0.2	270	0.852088810850934	0.84057760280205	0.918264726578095	0.2	0.2	0.324961465228035	0.404523544679273
LC_k1_0.2_k2_0.2	280	0.858731980910835	0.844619009353253	0.918264726578095	0.2	0.2	0.324961465228035	0.404523544679273
LC_k1_0.2_k2_0.2	290	0.845207065072322	0.831150233038156	0.918264726578095	0.2	0.2	0.324961465228035	0.404523544679273
LC_k1_0.2_k2_0.2	300	0.841715130168113	0.830474116379071	0.918264726578095	0.2	0.2	0.324961465228035	0.404523544679273
LC_k1_0.2_k2_0.28	10	0.551515151515151	0.563636363636364	0.6	0.2	0.28	0.302293952307553	0.379866518353726
LC_k1_0.2_k2_0.28	20	0.694736842105263	0.723308270676692	0.639097744360902	0.2	0.28	0.302293952307553	0.379866518353726
LC_k1_0.2_k2_0.28	30	0.814460511679644	0.804226918798665	0.719688542825362	0.2	0.28	0.302293952307553	0.379866518353726
LC_k1_0.2_k2_0.28	40	0.867166979362102	0.853658536585366	0.721575984990619	0.2	0.28	0.302293952307553	0.379866518353726
LC_k1_0.2_k2_0.28	50	0.88609843937575	0.872364945978391	0.736854741896759	0.2	0.28	0.302293952307553	0.379866518353726
LC_k1_0.2_k2_0.28	60	0.877132536815782	0.856682411781051	0.805390386218394	0.2	0.28	0.302293952307553	0.379866518353726
LC_k1_0.2_k2_0.28	70	0.881375207768349	0.869512728545184	0.835115038054413	0.2	0.28	0.302293952307553	0.379866518353726
LC_k1_0.2_k2_0.28	80	0.863384903891233	0.867721518987342	0.833684950773558	0.2	0.28	0.302293952307553	0.379866518353726
LC_k1_0.2_k2_0.28	90	0.890406222990493	0.891361073383545	0.853512779355476	0.2	0.28	0.302293952307553	0.379866518353726
LC_k1_0.2_k2_0.28	100	0.908886888688869	0.90943894389439	0.864002400240024	0.2	0.28	0.302293952307553	0.379866518353726
LC_k1_0.2_k2_0.28	110	0.921366904853143	0.921402970944255	0.879205644343259	0.2	0.28	0.302293952307553	0.379866518353726
LC_k1_0.2_k2_0.28	120	0.92342523786374	0.921244530870199	0.896465032293909	0.2	0.28	0.302293952307553	0.379866518353726
LC_k1_0.2_k2_0.28	130	0.919081238307228	0.917650111294706	0.913831951822365	0.2	0.28	0.302293952307553	0.379866518353726
LC_k1_0.2_k2_0.28	140	0.925210469921935	0.921724869344646	0.921742362948547	0.2	0.28	0.302293952307553	0.379866518353726
LC_k1_0.2_k2_0.28	150	0.924202853460154	0.921166274056625	0.927356771412063	0.2	0.28	0.302293952307553	0.379866518353726
LC_k1_0.2_k2_0.28	160	0.925635767022149	0.922225477557717	0.925624047814368	0.2	0.28	0.302293952307553	0.379866518353726
LC_k1_0.2_k2_0.28	170	0.929072245528545	0.924189520093307	0.925733233187389	0.2	0.28	0.302293952307553	0.379866518353726
LC_k1_0.2_k2_0.28	180	0.92970359167464	0.923186929637746	0.918400773686431	0.2	0.28	0.302293952307553	0.379866518353726
LC_k1_0.2_k2_0.28	190	0.927420645855477	0.918588793099678	0.907300537556807	0.2	0.28	0.302293952307553	0.379866518353726
LC_k1_0.2_k2_0.28	200	0.922449561239031	0.910293257331433	0.907699692492313	0.2	0.28	0.302293952307553	0.379866518353726
LC_k1_0.2_k2_0.28	210	0.913533510640021	0.89795816555607	0.90884924504281	0.2	0.28	0.302293952307553	0.379866518353726
LC_k1_0.2_k2_0.28	220	0.897042200345988	0.883572350292737	0.903187706733235	0.2	0.28	0.302293952307553	0.379866518353726
LC_k1_0.2_k2_0.28	230	0.899829124738941	0.883281100900239	0.909648657778523	0.2	0.28	0.302293952307553	0.379866518353726
LC_k1_0.2_k2_0.28	240	0.887893018976024	0.870719109706766	0.917208131067691	0.2	0.28	0.302293952307553	0.379866518353726
LC_k1_0.2_k2_0.28	250	0.864799116785868	0.850763692219075	0.917208131067691	0.2	0.28	0.302293952307553	0.379866518353726
LC_k1_0.2_k2_0.28	260	0.852448886931646	0.843847485226796	0.917208131067691	0.2	0.28	0.302293952307553	0.379866518353726
LC_k1_0.2_k2_0.28	270	0.852777130001783	0.837824326198652	0.917208131067691	0.2	0.28	0.302293952307553	0.379866518353726
LC_k1_0.2_k2_0.28	280	0.832903116475611	0.818827864058033	0.917208131067691	0.2	0.28	0.302293952307553	0.379866518353726
LC_k1_0.2_k2_0.28	290	0.833638433521084	0.816676650794569	0.917208131067691	0.2	0.28	0.302293952307553	0.379866518353726
LC_k1_0.2_k2_0.28	300	0.827538083756486	0.810584117601307	0.917208131067691	0.2	0.28	0.302293952307553	0.379866518353726
LC_k1_0.2_k2_0.36	10	0.563636363636364	0.709090909090909	0.454545454545455	0.2	0.36	0.272372835252516	0.344642195031517
LC_k1_0.2_k2_0.36	20	0.679699248120301	0.741353383458647	0.622556390977444	0.2	0.36	0.272372835252516	0.344642195031517
LC_k1_0.2_k2_0.36	30	0.829588431590656	0.809566184649611	0.754393770856507	0.2	0.36	0.272372835252516	0.344642195031517
LC_k1_0.2_k2_0.36	40	0.857410881801126	0.844652908067543	0.752157598499062	0.2	0.36	0.272372835252516	0.344642195031517
LC_k1_0.2_k2_0.36	50	0.892917166866747	0.885330132052821	0.764225690276111	0.2	0.36	0.272372835252516	0.344642195031517
LC_k1_0.2_k2_0.36	60	0.873186996387886	0.868685746040567	0.792720200055571	0.2	0.36	0.272372835252516	0.344642195031517
LC_k1_0.2_k2_0.36	70	0.874901583413525	0.8737118362348	0.834485171900971	0.2	0.36	0.272372835252516	0.344642195031517
LC_k1_0.2_k2_0.36	80	0.874308485700891	0.875058602906704	0.854289732770745	0.2	0.36	0.272372835252516	0.344642195031517
LC_k1_0.2_k2_0.36	90	0.883952751368482	0.887261801868544	0.868592830390583	0.2	0.36	0.272372835252516	0.344642195031517
LC_k1_0.2_k2_0.36	100	0.897149714971497	0.897197719771977	0.891833183318332	0.2	0.36	0.272372835252516	0.344642195031517
LC_k1_0.2_k2_0.36	110	0.912332349029597	0.911755291571805	0.913188918693506	0.2	0.36	0.272372835252516	0.344642195031517
LC_k1_0.2_k2_0.36	120	0.919584693381485	0.917167858879089	0.928800611153552	0.2	0.36	0.272372835252516	0.344642195031517
LC_k1_0.2_k2_0.36	130	0.91882997173251	0.915306777369621	0.931721039478895	0.2	0.36	0.272372835252516	0.344642195031517
LC_k1_0.2_k2_0.36	140	0.912531980494632	0.906501060549737	0.939266580656448	0.2	0.36	0.272372835252516	0.344642195031517
LC_k1_0.2_k2_0.36	150	0.907000311124939	0.903288146139828	0.93580159118183	0.2	0.36	0.272372835252516	0.344642195031517
LC_k1_0.2_k2_0.36	160	0.915026954177897	0.908560881284425	0.938307160435954	0.2	0.36	0.272372835252516	0.344642195031517
LC_k1_0.2_k2_0.36	170	0.914665885039784	0.908312724030752	0.93312937756853	0.2	0.36	0.272372835252516	0.344642195031517
LC_k1_0.2_k2_0.36	180	0.914233978414972	0.907118532464994	0.926213772030001	0.2	0.36	0.272372835252516	0.344642195031517
LC_k1_0.2_k2_0.36	190	0.909489255424775	0.897838837932528	0.92651086704545	0.2	0.36	0.272372835252516	0.344642195031517
LC_k1_0.2_k2_0.36	200	0.900478511962799	0.889555238880972	0.921023025575639	0.2	0.36	0.272372835252516	0.344642195031517
LC_k1_0.2_k2_0.36	210	0.8918951838882	0.881144049265775	0.921975555001247	0.2	0.36	0.272372835252516	0.344642195031517
LC_k1_0.2_k2_0.36	220	0.888407160929321	0.879923138907829	0.918847309016527	0.2	0.36	0.272372835252516	0.344642195031517
LC_k1_0.2_k2_0.36	230	0.886662113280682	0.87768783333621	0.919247261187645	0.2	0.36	0.272372835252516	0.344642195031517
LC_k1_0.2_k2_0.36	240	0.875488289727252	0.865743328877237	0.923576188592062	0.2	0.36	0.272372835252516	0.344642195031517
LC_k1_0.2_k2_0.36	250	0.870318821101138	0.860232515720252	0.923576188592062	0.2	0.36	0.272372835252516	0.344642195031517
LC_k1_0.2_k2_0.36	260	0.856857463754015	0.849041918007435	0.923576188592062	0.2	0.36	0.272372835252516	0.344642195031517
LC_k1_0.2_k2_0.36	270	0.849215428957263	0.843292470099422	0.923576188592062	0.2	0.36	0.272372835252516	0.344642195031517
LC_k1_0.2_k2_0.36	280	0.837469865687062	0.829166188344239	0.923576188592062	0.2	0.36	0.272372835252516	0.344642195031517
LC_k1_0.2_k2_0.36	290	0.836585698874602	0.826448385338954	0.923576188592062	0.2	0.36	0.272372835252516	0.344642195031517
LC_k1_0.2_k2_0.36	300	0.834752830587007	0.82700607784531	0.923576188592062	0.2	0.36	0.272372835252516	0.344642195031517
LC_k1_0.2_k2_0.44	10	0.781818181818182	0.83030303030303	0.575757575757576	0.2	0.44	0.239368936440294	0.304226918798665
LC_k1_0.2_k2_0.44	20	0.753383458646617	0.727819548872181	0.78796992481203	0.2	0.44	0.239368936440294	0.304226918798665
LC_k1_0.2_k2_0.44	30	0.847830923248053	0.847830923248053	0.741935483870968	0.2	0.44	0.239368936440294	0.304226918798665
LC_k1_0.2_k2_0.44	40	0.80562851782364	0.791932457786117	0.694746716697936	0.2	0.44	0.239368936440294	0.304226918798665
LC_k1_0.2_k2_0.44	50	0.811380552220888	0.803025210084034	0.659447779111645	0.2	0.44	0.239368936440294	0.304226918798665
LC_k1_0.2_k2_0.44	60	0.812892470130592	0.811892192275632	0.710919699916644	0.2	0.44	0.239368936440294	0.304226918798665
LC_k1_0.2_k2_0.44	70	0.836234800104978	0.829586212929753	0.763730207330942	0.2	0.44	0.239368936440294	0.304226918798665
LC_k1_0.2_k2_0.44	80	0.840553211439288	0.844303797468355	0.809071729957806	0.2	0.44	0.239368936440294	0.304226918798665
LC_k1_0.2_k2_0.44	90	0.870897641684159	0.874667654442935	0.848359879820554	0.2	0.44	0.239368936440294	0.304226918798665
LC_k1_0.2_k2_0.44	100	0.88968496849685	0.89002100210021	0.850993099309931	0.2	0.44	0.239368936440294	0.304226918798665
LC_k1_0.2_k2_0.44	110	0.898140342177039	0.895588666230868	0.865464463629601	0.2	0.44	0.239368936440294	0.304226918798665
LC_k1_0.2_k2_0.44	120	0.908479755538579	0.907458851309119	0.877227585248975	0.2	0.44	0.239368936440294	0.304226918798665
LC_k1_0.2_k2_0.44	130	0.911024320965737	0.909691515656366	0.896325226344754	0.2	0.44	0.239368936440294	0.304226918798665
LC_k1_0.2_k2_0.44	140	0.915728936607553	0.911206839999126	0.910782620104524	0.2	0.44	0.239368936440294	0.304226918798665
LC_k1_0.2_k2_0.44	150	0.907291879639095	0.902566336281613	0.917379439086182	0.2	0.44	0.239368936440294	0.304226918798665
LC_k1_0.2_k2_0.44	160	0.908136060002344	0.901754951365288	0.920994960740654	0.2	0.44	0.239368936440294	0.304226918798665
LC_k1_0.2_k2_0.44	170	0.903469079939668	0.899963971885858	0.916190057461789	0.2	0.44	0.239368936440294	0.304226918798665
LC_k1_0.2_k2_0.44	180	0.905853061308477	0.899832299350803	0.920028395938146	0.2	0.44	0.239368936440294	0.304226918798665
LC_k1_0.2_k2_0.44	190	0.897518665774384	0.888695560891758	0.911329807940445	0.2	0.44	0.239368936440294	0.304226918798665
LC_k1_0.2_k2_0.44	200	0.89638340958524	0.88446411160279	0.907786694667367	0.2	0.44	0.239368936440294	0.304226918798665
LC_k1_0.2_k2_0.44	210	0.889833588711114	0.879374005889346	0.902260174347977	0.2	0.44	0.239368936440294	0.304226918798665
LC_k1_0.2_k2_0.44	220	0.877709719772572	0.86431199743045	0.900905540873309	0.2	0.44	0.239368936440294	0.304226918798665
LC_k1_0.2_k2_0.44	230	0.862262210923688	0.849291471771062	0.900710870674797	0.2	0.44	0.239368936440294	0.304226918798665
LC_k1_0.2_k2_0.44	240	0.852501779544784	0.840218580183684	0.90225734910245	0.2	0.44	0.239368936440294	0.304226918798665
LC_k1_0.2_k2_0.44	250	0.850911918590697	0.839824893198291	0.90225734910245	0.2	0.44	0.239368936440294	0.304226918798665
LC_k1_0.2_k2_0.44	260	0.84263490470387	0.830455161489644	0.90225734910245	0.2	0.44	0.239368936440294	0.304226918798665
LC_k1_0.2_k2_0.44	270	0.827859245135202	0.815880419027238	0.90225734910245	0.2	0.44	0.239368936440294	0.304226918798665
LC_k1_0.2_k2_0.44	280	0.826885000355325	0.813876270287704	0.90225734910245	0.2	0.44	0.239368936440294	0.304226918798665
LC_k1_0.2_k2_0.44	290	0.822119497095173	0.810201031542874	0.90225734910245	0.2	0.44	0.239368936440294	0.304226918798665
LC_k1_0.2_k2_0.44	300	0.812027689196547	0.796515072389693	0.90225734910245	0.2	0.44	0.239368936440294	0.304226918798665
LC_k1_0.2_k2_0.52	10	0.296969696969697	0.309090909090909	0.0666666666666667	0.2	0.52	0.203100915767522	0.258620689655172
LC_k1_0.2_k2_0.52	20	0.288721804511278	0.445112781954887	0.381954887218045	0.2	0.52	0.203100915767522	0.258620689655172
LC_k1_0.2_k2_0.52	30	0.636484983314794	0.706340378197998	0.5265850945495	0.2	0.52	0.203100915767522	0.258620689655172
LC_k1_0.2_k2_0.52	40	0.80187617260788	0.848780487804878	0.578986866791745	0.2	0.52	0.203100915767522	0.258620689655172
LC_k1_0.2_k2_0.52	50	0.865834333733493	0.888883553421369	0.712749099639856	0.2	0.52	0.203100915767522	0.258620689655172
LC_k1_0.2_k2_0.52	60	0.873186996387886	0.888580161155877	0.740150041678244	0.2	0.52	0.203100915767522	0.258620689655172
LC_k1_0.2_k2_0.52	70	0.884454553407401	0.89211792494095	0.78686029218791	0.2	0.52	0.203100915767522	0.258620689655172
LC_k1_0.2_k2_0.52	80	0.880872011251758	0.889639006094702	0.814580403187998	0.2	0.52	0.203100915767522	0.258620689655172
LC_k1_0.2_k2_0.52	90	0.906572827921143	0.91389883524715	0.848162324566819	0.2	0.52	0.203100915767522	0.258620689655172
LC_k1_0.2_k2_0.52	100	0.920612061206121	0.923684368436844	0.859309930993099	0.2	0.52	0.203100915767522	0.258620689655172
LC_k1_0.2_k2_0.52	110	0.932024434776728	0.934999887293465	0.882289295133332	0.2	0.52	0.203100915767522	0.258620689655172
LC_k1_0.2_k2_0.52	120	0.939266615737204	0.940252795333009	0.888401972359191	0.2	0.52	0.203100915767522	0.258620689655172
LC_k1_0.2_k2_0.52	130	0.937319914241625	0.939395594641467	0.908593589971186	0.2	0.52	0.203100915767522	0.258620689655172
LC_k1_0.2_k2_0.52	140	0.928857886335309	0.929242745621132	0.919074588353633	0.2	0.52	0.203100915767522	0.258620689655172
LC_k1_0.2_k2_0.52	150	0.933781945864261	0.930955153562381	0.922848126583404	0.2	0.52	0.203100915767522	0.258620689655172
LC_k1_0.2_k2_0.52	160	0.935201570373843	0.930496308449549	0.931184811906715	0.2	0.52	0.203100915767522	0.258620689655172
LC_k1_0.2_k2_0.52	170	0.932687269862788	0.92735022380176	0.934873382551401	0.2	0.52	0.203100915767522	0.258620689655172
LC_k1_0.2_k2_0.52	180	0.933635811804891	0.926020350422338	0.935393067687274	0.2	0.52	0.203100915767522	0.258620689655172
LC_k1_0.2_k2_0.52	190	0.924423624506292	0.91448079185748	0.929033753668639	0.2	0.52	0.203100915767522	0.258620689655172
LC_k1_0.2_k2_0.52	200	0.917301432535814	0.908088202205055	0.916858921473037	0.2	0.52	0.203100915767522	0.258620689655172
LC_k1_0.2_k2_0.52	210	0.911242561379753	0.901600619385603	0.907308555749563	0.2	0.52	0.203100915767522	0.258620689655172
LC_k1_0.2_k2_0.52	220	0.888771180471422	0.882594118210557	0.904757611445766	0.2	0.52	0.203100915767522	0.258620689655172
LC_k1_0.2_k2_0.52	230	0.880802546608508	0.872348043071415	0.904365086214336	0.2	0.52	0.203100915767522	0.258620689655172
LC_k1_0.2_k2_0.52	240	0.87239274987413	0.864777166270248	0.900971987757022	0.2	0.52	0.203100915767522	0.258620689655172
LC_k1_0.2_k2_0.52	250	0.860553544856718	0.850135458167331	0.900971987757022	0.2	0.52	0.203100915767522	0.258620689655172
LC_k1_0.2_k2_0.52	260	0.835876953118332	0.827160847850503	0.900971987757022	0.2	0.52	0.203100915767522	0.258620689655172
LC_k1_0.2_k2_0.52	270	0.840921457541713	0.831798332853217	0.900971987757022	0.2	0.52	0.203100915767522	0.258620689655172
LC_k1_0.2_k2_0.52	280	0.837223324641531	0.829457555034412	0.900971987757022	0.2	0.52	0.203100915767522	0.258620689655172
LC_k1_0.2_k2_0.52	290	0.837717370045402	0.8309913070433	0.900971987757022	0.2	0.52	0.203100915767522	0.258620689655172
LC_k1_0.2_k2_0.52	300	0.838017755752842	0.827538083756486	0.900971987757022	0.2	0.52	0.203100915767522	0.258620689655172
LC_k1_0.2_k2_0.6	10	0.684848484848485	0.696969696969697	0.551515151515151	0.2	0.6	0.160576661528697	0.201520207638116
LC_k1_0.2_k2_0.6	20	0.690225563909774	0.801503759398496	0.57593984962406	0.2	0.6	0.160576661528697	0.201520207638116
LC_k1_0.2_k2_0.6	30	0.745939933259177	0.77797552836485	0.603114571746385	0.2	0.6	0.160576661528697	0.201520207638116
LC_k1_0.2_k2_0.6	40	0.789868667917449	0.798874296435272	0.691557223264541	0.2	0.6	0.160576661528697	0.201520207638116
LC_k1_0.2_k2_0.6	50	0.813781512605042	0.82405762304922	0.711500600240096	0.2	0.6	0.160576661528697	0.201520207638116
LC_k1_0.2_k2_0.6	60	0.821561544873576	0.832620172270075	0.723478744095582	0.2	0.6	0.160576661528697	0.201520207638116
LC_k1_0.2_k2_0.6	70	0.801172250896684	0.798862741667396	0.762190534511416	0.2	0.6	0.160576661528697	0.201520207638116
LC_k1_0.2_k2_0.6	80	0.807313642756681	0.810314111579934	0.796366619784341	0.2	0.6	0.160576661528697	0.201520207638116
LC_k1_0.2_k2_0.6	90	0.842960036218463	0.849578137218587	0.836111454088982	0.2	0.6	0.160576661528697	0.201520207638116
LC_k1_0.2_k2_0.6	100	0.866294629462946	0.86991899189919	0.863354335433544	0.2	0.6	0.160576661528697	0.201520207638116
LC_k1_0.2_k2_0.6	110	0.887491828776232	0.889547595969614	0.873227689741451	0.2	0.6	0.160576661528697	0.201520207638116
LC_k1_0.2_k2_0.6	120	0.900388915896937	0.902139037433155	0.894617681783457	0.2	0.6	0.160576661528697	0.201520207638116
LC_k1_0.2_k2_0.6	130	0.910685657321553	0.911619713501481	0.902634202296904	0.2	0.6	0.160576661528697	0.201520207638116
LC_k1_0.2_k2_0.6	140	0.917784435065929	0.917832542476657	0.905219654063983	0.2	0.6	0.160576661528697	0.201520207638116
LC_k1_0.2_k2_0.6	150	0.919299524423308	0.918069247522112	0.910900928930175	0.2	0.6	0.160576661528697	0.201520207638116
LC_k1_0.2_k2_0.6	160	0.902112387202625	0.900181647720614	0.909255244345482	0.2	0.6	0.160576661528697	0.201520207638116
LC_k1_0.2_k2_0.6	170	0.898383620031632	0.892665530865102	0.910782176464482	0.2	0.6	0.160576661528697	0.201520207638116
LC_k1_0.2_k2_0.6	180	0.877940677181395	0.872467257219873	0.910108336677058	0.2	0.6	0.160576661528697	0.201520207638116
LC_k1_0.2_k2_0.6	190	0.874349048887489	0.868780152825345	0.904998097337585	0.2	0.6	0.160576661528697	0.201520207638116
LC_k1_0.2_k2_0.6	200	0.869213230330758	0.863655591389785	0.901629040726018	0.2	0.6	0.160576661528697	0.201520207638116
LC_k1_0.2_k2_0.6	210	0.857761594853139	0.850384686403644	0.90418700780387	0.2	0.6	0.160576661528697	0.201520207638116
LC_k1_0.2_k2_0.6	220	0.847803767545911	0.841689817032283	0.904007032451835	0.2	0.6	0.160576661528697	0.201520207638116
LC_k1_0.2_k2_0.6	230	0.835743751217455	0.830160346583358	0.901542315668004	0.2	0.6	0.160576661528697	0.201520207638116
LC_k1_0.2_k2_0.6	240	0.818457785725446	0.812791020677442	0.891719878460361	0.2	0.6	0.160576661528697	0.201520207638116
LC_k1_0.2_k2_0.6	250	0.806924014784237	0.799523448375174	0.891719878460361	0.2	0.6	0.160576661528697	0.201520207638116
LC_k1_0.2_k2_0.6	260	0.802823892479065	0.793500131431166	0.891719878460361	0.2	0.6	0.160576661528697	0.201520207638116
LC_k1_0.2_k2_0.6	270	0.797614660161471	0.792020314255187	0.891719878460361	0.2	0.6	0.160576661528697	0.201520207638116
LC_k1_0.2_k2_0.6	280	0.800557040632807	0.792283975925349	0.891719878460361	0.2	0.6	0.160576661528697	0.201520207638116
LC_k1_0.2_k2_0.6	290	0.797374768899216	0.792329483601224	0.891719878460361	0.2	0.6	0.160576661528697	0.201520207638116
LC_k1_0.2_k2_0.6	300	0.787128745874954	0.784905610062334	0.891719878460361	0.2	0.6	0.160576661528697	0.201520207638116
LC_k1_0.2_k2_0.68	10	-0.345454545454545	-0.175757575757576	-0.236363636363636	0.2	0.68	0.118052407289872	0.149239896180942
LC_k1_0.2_k2_0.68	20	0.293233082706767	0.421052631578947	0.252631578947368	0.2	0.68	0.118052407289872	0.149239896180942
LC_k1_0.2_k2_0.68	30	0.638709677419355	0.707230255839822	0.515461624026696	0.2	0.68	0.118052407289872	0.149239896180942
LC_k1_0.2_k2_0.68	40	0.70375234521576	0.735459662288931	0.574108818011257	0.2	0.68	0.118052407289872	0.149239896180942
LC_k1_0.2_k2_0.68	50	0.699303721488596	0.692004801920768	0.530084033613445	0.2	0.68	0.118052407289872	0.149239896180942
LC_k1_0.2_k2_0.68	60	0.659127535426508	0.648291191997777	0.569880522367324	0.2	0.68	0.118052407289872	0.149239896180942
LC_k1_0.2_k2_0.68	70	0.682617443793194	0.688181261481935	0.607208468200507	0.2	0.68	0.118052407289872	0.149239896180942
LC_k1_0.2_k2_0.68	80	0.729465541490858	0.735138302859822	0.666877637130802	0.2	0.68	0.118052407289872	0.149239896180942
LC_k1_0.2_k2_0.68	90	0.76207762275178	0.757336296662139	0.736510680330905	0.2	0.68	0.118052407289872	0.149239896180942
LC_k1_0.2_k2_0.68	100	0.763192319231923	0.757983798379838	0.762484248424843	0.2	0.68	0.118052407289872	0.149239896180942
LC_k1_0.2_k2_0.68	110	0.799066789892478	0.797777427135225	0.811581723508329	0.2	0.68	0.118052407289872	0.149239896180942
LC_k1_0.2_k2_0.68	120	0.831877213695395	0.830703521077852	0.848579762483506	0.2	0.68	0.118052407289872	0.149239896180942
LC_k1_0.2_k2_0.68	130	0.850195960616696	0.849092572614675	0.864600090128228	0.2	0.68	0.118052407289872	0.149239896180942
LC_k1_0.2_k2_0.68	140	0.871408891124183	0.86835188384247	0.877400450460301	0.2	0.68	0.118052407289872	0.149239896180942
LC_k1_0.2_k2_0.68	150	0.884876661184942	0.878956398062136	0.889307080314681	0.2	0.68	0.118052407289872	0.149239896180942
LC_k1_0.2_k2_0.68	160	0.892596390484003	0.88491737958514	0.89932028594867	0.2	0.68	0.118052407289872	0.149239896180942
LC_k1_0.2_k2_0.68	170	0.881778933934209	0.871200102588529	0.896952265801992	0.2	0.68	0.118052407289872	0.149239896180942
LC_k1_0.2_k2_0.68	180	0.872926119118903	0.860983363684064	0.899237630791074	0.2	0.68	0.118052407289872	0.149239896180942
LC_k1_0.2_k2_0.68	190	0.864614415620203	0.855817554357097	0.895009775748271	0.2	0.68	0.118052407289872	0.149239896180942
LC_k1_0.2_k2_0.68	200	0.862236555913898	0.854532363309083	0.89516837920948	0.2	0.68	0.118052407289872	0.149239896180942
LC_k1_0.2_k2_0.68	210	0.859519976157542	0.847852720988166	0.898318394003104	0.2	0.68	0.118052407289872	0.149239896180942
LC_k1_0.2_k2_0.68	220	0.853715985867477	0.842863019333608	0.890778359432671	0.2	0.68	0.118052407289872	0.149239896180942
LC_k1_0.2_k2_0.68	230	0.839429528132775	0.827473684470077	0.886504306401781	0.2	0.68	0.118052407289872	0.149239896180942
LC_k1_0.2_k2_0.68	240	0.825372836333964	0.814907376864182	0.876380105561636	0.2	0.68	0.118052407289872	0.149239896180942
LC_k1_0.2_k2_0.68	250	0.810520616329861	0.803178418854701	0.876380105561636	0.2	0.68	0.118052407289872	0.149239896180942
LC_k1_0.2_k2_0.68	260	0.806388578802372	0.796461941289527	0.876380105561636	0.2	0.68	0.118052407289872	0.149239896180942
LC_k1_0.2_k2_0.68	270	0.806365275548666	0.795991714563986	0.876380105561636	0.2	0.68	0.118052407289872	0.149239896180942
LC_k1_0.2_k2_0.68	280	0.799860603178248	0.787555417069824	0.876380105561636	0.2	0.68	0.118052407289872	0.149239896180942
LC_k1_0.2_k2_0.68	290	0.798859718287683	0.786275042837444	0.876380105561636	0.2	0.68	0.118052407289872	0.149239896180942
LC_k1_0.2_k2_0.68	300	0.782546917187969	0.776314403493372	0.876380105561636	0.2	0.68	0.118052407289872	0.149239896180942
LC_k1_0.3_k2_0.04	10	0.212121212121212	0.212121212121212	0.2	0.3	0.04	0.148245534499955	0.193362995921394
LC_k1_0.3_k2_0.04	20	0.0210526315789474	0.178947368421053	0.0962406015037594	0.3	0.04	0.148245534499955	0.193362995921394
LC_k1_0.3_k2_0.04	30	0.553281423804227	0.631145717463849	0.447830923248053	0.3	0.04	0.148245534499955	0.193362995921394
LC_k1_0.3_k2_0.04	40	0.724202626641651	0.775046904315197	0.538086303939963	0.3	0.04	0.148245534499955	0.193362995921394
LC_k1_0.3_k2_0.04	50	0.813205282112845	0.846434573829532	0.612292917166867	0.3	0.04	0.148245534499955	0.193362995921394
LC_k1_0.3_k2_0.04	60	0.836621283689914	0.853626007224229	0.700639066407336	0.3	0.04	0.148245534499955	0.193362995921394
LC_k1_0.3_k2_0.04	70	0.865383605983728	0.881060274691628	0.758271367334442	0.3	0.04	0.148245534499955	0.193362995921394
LC_k1_0.3_k2_0.04	80	0.864861697140178	0.880028129395218	0.806399437412096	0.3	0.04	0.148245534499955	0.193362995921394
LC_k1_0.3_k2_0.04	90	0.892184220274108	0.903164999794213	0.839486356340289	0.3	0.04	0.148245534499955	0.193362995921394
LC_k1_0.3_k2_0.04	100	0.913855385538554	0.920660066006601	0.874083408340834	0.3	0.04	0.148245534499955	0.193362995921394
LC_k1_0.3_k2_0.04	110	0.927299776841061	0.93233099655118	0.876978563217095	0.3	0.04	0.148245534499955	0.193362995921394
LC_k1_0.3_k2_0.04	120	0.92946732411973	0.932905062851587	0.896444197513716	0.3	0.04	0.148245534499955	0.193362995921394
LC_k1_0.3_k2_0.04	130	0.929241147632768	0.93170465252837	0.907157000641822	0.3	0.04	0.148245534499955	0.193362995921394
LC_k1_0.3_k2_0.04	140	0.938173230412631	0.938636810916009	0.918248015569308	0.3	0.04	0.148245534499955	0.193362995921394
LC_k1_0.3_k2_0.04	150	0.939140406240277	0.9384079292413	0.926030490244011	0.3	0.04	0.148245534499955	0.193362995921394
LC_k1_0.3_k2_0.04	160	0.933018867924528	0.933437829602719	0.926485409586312	0.3	0.04	0.148245534499955	0.193362995921394
LC_k1_0.3_k2_0.04	170	0.932990150279981	0.930227587765097	0.921348794890114	0.3	0.04	0.148245534499955	0.193362995921394
LC_k1_0.3_k2_0.04	180	0.933234564852825	0.929625399960904	0.923396812658827	0.3	0.04	0.148245534499955	0.193362995921394
LC_k1_0.3_k2_0.04	190	0.934828344858656	0.928395158926986	0.9215473238069	0.3	0.04	0.148245534499955	0.193362995921394
LC_k1_0.3_k2_0.04	200	0.926265656641416	0.918333458336459	0.918514962874072	0.3	0.04	0.148245534499955	0.193362995921394
LC_k1_0.3_k2_0.04	210	0.913335255415575	0.907924053995393	0.918467862892907	0.3	0.04	0.148245534499955	0.193362995921394
LC_k1_0.3_k2_0.04	220	0.905210663631292	0.90018539075751	0.920368752923144	0.3	0.04	0.148245534499955	0.193362995921394
LC_k1_0.3_k2_0.04	230	0.890903173151132	0.884004053664202	0.9173160995071	0.3	0.04	0.148245534499955	0.193362995921394
LC_k1_0.3_k2_0.04	240	0.87340926057744	0.8669204326464	0.909312594271329	0.3	0.04	0.148245534499955	0.193362995921394
LC_k1_0.3_k2_0.04	250	0.855554552872846	0.844403014448231	0.909312594271329	0.3	0.04	0.148245534499955	0.193362995921394
LC_k1_0.3_k2_0.04	260	0.844920100092514	0.835179855869511	0.909312594271329	0.3	0.04	0.148245534499955	0.193362995921394
LC_k1_0.3_k2_0.04	270	0.848400907800899	0.834883880437317	0.909312594271329	0.3	0.04	0.148245534499955	0.193362995921394
LC_k1_0.3_k2_0.04	280	0.837560610284752	0.827893030705567	0.909312594271329	0.3	0.04	0.148245534499955	0.193362995921394
LC_k1_0.3_k2_0.04	290	0.841196520849196	0.830112539777627	0.909312594271329	0.3	0.04	0.148245534499955	0.193362995921394
LC_k1_0.3_k2_0.04	300	0.83181013122368	0.822468694096601	0.909312594271329	0.3	0.04	0.148245534499955	0.193362995921394
LC_k1_0.3_k2_0.12	10	0.76969696969697	0.76969696969697	0.6	0.3	0.12	0.1409919303654	0.184093437152392
LC_k1_0.3_k2_0.12	20	0.341353383458647	0.44812030075188	0.218045112781955	0.3	0.12	0.1409919303654	0.184093437152392
LC_k1_0.3_k2_0.12	30	0.664516129032258	0.721023359288098	0.506117908787542	0.3	0.12	0.1409919303654	0.184093437152392
LC_k1_0.3_k2_0.12	40	0.748780487804878	0.794371482176361	0.623264540337711	0.3	0.12	0.1409919303654	0.184093437152392
LC_k1_0.3_k2_0.12	50	0.78218487394958	0.810900360144058	0.698823529411765	0.3	0.12	0.1409919303654	0.184093437152392
LC_k1_0.3_k2_0.12	60	0.819060850236177	0.83978883023062	0.725090302861906	0.3	0.12	0.1409919303654	0.184093437152392
LC_k1_0.3_k2_0.12	70	0.840993788819876	0.850196833172951	0.778602047064999	0.3	0.12	0.1409919303654	0.184093437152392
LC_k1_0.3_k2_0.12	80	0.833638068448195	0.848429442100328	0.814908579465542	0.3	0.12	0.1409919303654	0.184093437152392
LC_k1_0.3_k2_0.12	90	0.870683623492612	0.883475326171955	0.849940321850434	0.3	0.12	0.1409919303654	0.184093437152392
LC_k1_0.3_k2_0.12	100	0.892589258925893	0.899129912991299	0.882460246024603	0.3	0.12	0.1409919303654	0.184093437152392
LC_k1_0.3_k2_0.12	110	0.910529044473999	0.915605346798007	0.882568807339449	0.3	0.12	0.1409919303654	0.184093437152392
LC_k1_0.3_k2_0.12	120	0.920022223765539	0.922786304604486	0.899486075421904	0.3	0.12	0.1409919303654	0.184093437152392
LC_k1_0.3_k2_0.12	130	0.924467082713133	0.925750727170929	0.909505796883748	0.3	0.12	0.1409919303654	0.184093437152392
LC_k1_0.3_k2_0.12	140	0.928722310905075	0.927147886553979	0.919953641949662	0.3	0.12	0.1409919303654	0.184093437152392
LC_k1_0.3_k2_0.12	150	0.926019823103249	0.923537935019334	0.927182541446287	0.3	0.12	0.1409919303654	0.184093437152392
LC_k1_0.3_k2_0.12	160	0.923696238134302	0.920989101136763	0.927724715809211	0.3	0.12	0.1409919303654	0.184093437152392
LC_k1_0.3_k2_0.12	170	0.925154340777108	0.920828524496065	0.924712233071366	0.3	0.12	0.1409919303654	0.184093437152392
LC_k1_0.3_k2_0.12	180	0.930547239112318	0.92456763068819	0.922843297632643	0.3	0.12	0.1409919303654	0.184093437152392
LC_k1_0.3_k2_0.12	190	0.918636031614814	0.911020133230109	0.924514602387295	0.3	0.12	0.1409919303654	0.184093437152392
LC_k1_0.3_k2_0.12	200	0.90598364959124	0.898409960249006	0.919095477386935	0.3	0.12	0.1409919303654	0.184093437152392
LC_k1_0.3_k2_0.12	210	0.896666267132718	0.889437078262222	0.918852711269773	0.3	0.12	0.1409919303654	0.184093437152392
LC_k1_0.3_k2_0.12	220	0.883723367687913	0.877453891797163	0.915589165065394	0.3	0.12	0.1409919303654	0.184093437152392
LC_k1_0.3_k2_0.12	230	0.872286892905841	0.862847082668613	0.911821461242384	0.3	0.12	0.1409919303654	0.184093437152392
LC_k1_0.3_k2_0.12	240	0.853342939981597	0.842130071702634	0.907077454147805	0.3	0.12	0.1409919303654	0.184093437152392
LC_k1_0.3_k2_0.12	250	0.836013248211971	0.822573033168531	0.907077454147805	0.3	0.12	0.1409919303654	0.184093437152392
LC_k1_0.3_k2_0.12	260	0.827735731184007	0.818235135476515	0.907077454147805	0.3	0.12	0.1409919303654	0.184093437152392
LC_k1_0.3_k2_0.12	270	0.825475429475484	0.81647667777793	0.907077454147805	0.3	0.12	0.1409919303654	0.184093437152392
LC_k1_0.3_k2_0.12	280	0.819061832056896	0.810216420398948	0.907077454147805	0.3	0.12	0.1409919303654	0.184093437152392
LC_k1_0.3_k2_0.12	290	0.815351119431901	0.809486110581494	0.907077454147805	0.3	0.12	0.1409919303654	0.184093437152392
LC_k1_0.3_k2_0.12	300	0.814894832164802	0.810073445260503	0.907077454147805	0.3	0.12	0.1409919303654	0.184093437152392
LC_k1_0.3_k2_0.2	10	-0.0909090909090909	-0.0787878787878788	0.175757575757576	0.3	0.2	0.127210082509747	0.167037449017427
LC_k1_0.3_k2_0.2	20	-0.0300751879699248	-0.0285714285714286	-0.279699248120301	0.3	0.2	0.127210082509747	0.167037449017427
LC_k1_0.3_k2_0.2	30	0.506117908787542	0.567519466073415	0.34860956618465	0.3	0.2	0.127210082509747	0.167037449017427
LC_k1_0.3_k2_0.2	40	0.654596622889306	0.7093808630394	0.405440900562852	0.3	0.2	0.127210082509747	0.167037449017427
LC_k1_0.3_k2_0.2	50	0.784585834333734	0.815798319327731	0.558607442977191	0.3	0.2	0.127210082509747	0.167037449017427
LC_k1_0.3_k2_0.2	60	0.828118921922756	0.846568491247569	0.662183939983329	0.3	0.2	0.127210082509747	0.167037449017427
LC_k1_0.3_k2_0.2	70	0.846347651124136	0.867028256495495	0.743469512728545	0.3	0.2	0.127210082509747	0.167037449017427
LC_k1_0.3_k2_0.2	80	0.863572433192686	0.879442100328176	0.784481950304735	0.3	0.2	0.127210082509747	0.167037449017427
LC_k1_0.3_k2_0.2	90	0.878816314771371	0.894851216199531	0.835057826069062	0.3	0.2	0.127210082509747	0.167037449017427
LC_k1_0.3_k2_0.2	100	0.903318331833183	0.914263426342634	0.84975697569757	0.3	0.2	0.127210082509747	0.167037449017427
LC_k1_0.3_k2_0.2	110	0.917760295741947	0.926830917656605	0.880756486261073	0.3	0.2	0.127210082509747	0.167037449017427
LC_k1_0.3_k2_0.2	120	0.923779429127023	0.931252170289603	0.896909507604695	0.3	0.2	0.127210082509747	0.167037449017427
LC_k1_0.3_k2_0.2	130	0.927913804640238	0.931300441082085	0.908227614742793	0.3	0.2	0.127210082509747	0.167037449017427
LC_k1_0.3_k2_0.2	140	0.931595635345827	0.93286829502963	0.920023616365267	0.3	0.2	0.127210082509747	0.167037449017427
LC_k1_0.3_k2_0.2	150	0.92457264767323	0.926638517267434	0.92453353482377	0.3	0.2	0.127210082509747	0.167037449017427
LC_k1_0.3_k2_0.2	160	0.928137817883511	0.928041134419313	0.924915035743584	0.3	0.2	0.127210082509747	0.167037449017427
LC_k1_0.3_k2_0.2	170	0.930244685853164	0.928109867428753	0.929074688112555	0.3	0.2	0.127210082509747	0.167037449017427
LC_k1_0.3_k2_0.2	180	0.933995905223412	0.92963568834429	0.920826774488924	0.3	0.2	0.127210082509747	0.167037449017427
LC_k1_0.3_k2_0.2	190	0.92819045869473	0.92188499171139	0.919117164639347	0.3	0.2	0.127210082509747	0.167037449017427
LC_k1_0.3_k2_0.2	200	0.915028875721893	0.910090752268807	0.920600015000375	0.3	0.2	0.127210082509747	0.167037449017427
LC_k1_0.3_k2_0.2	210	0.906059418256974	0.897132750013768	0.920635712504009	0.3	0.2	0.127210082509747	0.167037449017427
LC_k1_0.3_k2_0.2	220	0.896062841268321	0.886825986261925	0.921439398635209	0.3	0.2	0.127210082509747	0.167037449017427
LC_k1_0.3_k2_0.2	230	0.889986906960516	0.879173190583861	0.918179105876087	0.3	0.2	0.127210082509747	0.167037449017427
LC_k1_0.3_k2_0.2	240	0.873625410163371	0.861948992170003	0.910053190281992	0.3	0.2	0.127210082509747	0.167037449017427
LC_k1_0.3_k2_0.2	250	0.864840589449431	0.850422694763116	0.910053190281992	0.3	0.2	0.127210082509747	0.167037449017427
LC_k1_0.3_k2_0.2	260	0.853753639960537	0.842669725428346	0.910053190281992	0.3	0.2	0.127210082509747	0.167037449017427
LC_k1_0.3_k2_0.2	270	0.856578431955323	0.846328024618536	0.910053190281992	0.3	0.2	0.127210082509747	0.167037449017427
LC_k1_0.3_k2_0.2	280	0.855132262984404	0.845349339368396	0.910053190281992	0.3	0.2	0.127210082509747	0.167037449017427
LC_k1_0.3_k2_0.2	290	0.839720920048662	0.83125109938164	0.910053190281992	0.3	0.2	0.127210082509747	0.167037449017427
LC_k1_0.3_k2_0.2	300	0.84118845764953	0.830328781430905	0.910053190281992	0.3	0.2	0.127210082509747	0.167037449017427
