domainDef	Ntopdommks	LCloose	LCstrict	nmfpred	LFF_Visium_Domains	k1	k2	looseInDom	strictInDom	WebDivNMFInDom
wdLC_k1_0.04_k2_0.04	10	0.624242424242424	0.175757575757576	-0.309090909090909	0.587878787878788	0.04	0.04	0.934330471723161	0.99910394265233	1
wdLC_k1_0.04_k2_0.04	20	0.735338345864662	0.706766917293233	0.488721804511278	0.778947368421053	0.04	0.04	0.934330471723161	0.99910394265233	1
wdLC_k1_0.04_k2_0.04	30	0.780200222469411	0.779310344827586	0.674304783092325	0.867853170189099	0.04	0.04	0.934330471723161	0.99910394265233	1
wdLC_k1_0.04_k2_0.04	40	0.801313320825516	0.805440900562852	0.754033771106942	0.785741088180113	0.04	0.04	0.934330471723161	0.99910394265233	1
wdLC_k1_0.04_k2_0.04	50	0.798511404561825	0.790924369747899	0.784873949579832	0.780360144057623	0.04	0.04	0.934330471723161	0.99910394265233	1
wdLC_k1_0.04_k2_0.04	60	0.795554320644624	0.78310641844957	0.797777160322312	0.807724367879967	0.04	0.04	0.934330471723161	0.99910394265233	1
wdLC_k1_0.04_k2_0.04	70	0.808240748840871	0.804636514740618	0.817653748578427	0.835290000874814	0.04	0.04	0.934330471723161	0.99910394265233	1
wdLC_k1_0.04_k2_0.04	80	0.836896390060947	0.830872011251758	0.843483356774496	0.857454289732771	0.04	0.04	0.934330471723161	0.99910394265233	1
wdLC_k1_0.04_k2_0.04	90	0.837247396797959	0.837428489113882	0.852475614273367	0.877565131497716	0.04	0.04	0.934330471723161	0.99910394265233	1
wdLC_k1_0.04_k2_0.04	100	0.824674467446745	0.827986798679868	0.844152415241524	0.878283828382838	0.04	0.04	0.934330471723161	0.99910394265233	1
wdLC_k1_0.04_k2_0.04	110	0.809643171111061	0.812898135833916	0.827036043549805	0.897987061289814	0.04	0.04	0.934330471723161	0.99910394265233	1
wdLC_k1_0.04_k2_0.04	120	0.827543579415237	0.829890964650323	0.842454337106743	0.898284603097437	0.04	0.04	0.934330471723161	0.99910394265233	1
wdLC_k1_0.04_k2_0.04	130	0.804279725245463	0.813713146431059	0.823807507954499	0.891616709227219	0.04	0.04	0.934330471723161	0.99910394265233	1
wdLC_k1_0.04_k2_0.04	140	0.811738208217621	0.817244320045483	0.828457720146072	0.877483545078831	0.04	0.04	0.934330471723161	0.99910394265233	1
wdLC_k1_0.04_k2_0.04	150	0.816610516022934	0.819995555358016	0.834765989599538	0.877893239699542	0.04	0.04	0.934330471723161	0.99910394265233	1
wdLC_k1_0.04_k2_0.04	160	0.807796202976679	0.810860775811555	0.823989218328841	0.869448025313489	0.04	0.04	0.934330471723161	0.99910394265233	1
wdLC_k1_0.04_k2_0.04	170	0.804505346205751	0.80380188201098	0.813745641514158	0.850167011681658	0.04	0.04	0.934330471723161	0.99910394265233	1
wdLC_k1_0.04_k2_0.04	180	0.784483060176755	0.782400691379364	0.791800158441104	0.846345051802011	0.04	0.04	0.934330471723161	0.99910394265233	1
wdLC_k1_0.04_k2_0.04	190	0.768237347294939	0.763600974513072	0.778444365713586	0.849680046538686	0.04	0.04	0.934330471723161	0.99910394265233	1
wdLC_k1_0.04_k2_0.04	200	0.779116477911948	0.770048751218781	0.789849246231156	0.857545938648466	0.04	0.04	0.934330471723161	0.99910394265233	1
wdLC_k1_0.04_k2_0.04	210	0.770262364225946	0.758759673850719	0.780926681201064	0.839974343441542	0.04	0.04	0.934330471723161	0.99910394265233	1
wdLC_k1_0.04_k2_0.04	220	0.772682756405561	0.763716380315897	0.786884026529474	0.84576615970653	0.04	0.04	0.934330471723161	0.99910394265233	1
wdLC_k1_0.04_k2_0.04	230	0.755632102850633	0.747403460408966	0.769073303760982	0.85668176516857	0.04	0.04	0.934330471723161	0.99910394265233	1
wdLC_k1_0.04_k2_0.04	240	0.738907793538082	0.72844927863331	0.754527856386396	0.867910033160298	0.04	0.04	0.934330471723161	0.99910394265233	1
wdLC_k1_0.04_k2_0.04	240	0.738907793538082	0.72844927863331	0.754527856386396	0.867910033160298	0.04	0.04	0.934330471723161	0.99910394265233	1
wdLC_k1_0.04_k2_0.04	250	0.723606969711515	0.714256420102722	0.741510104161667	0.867910033160298	0.04	0.04	0.934330471723161	0.99910394265233	1
wdLC_k1_0.04_k2_0.04	260	0.723760365139675	0.713572913572913	0.738896456137835	0.867910033160298	0.04	0.04	0.934330471723161	0.99910394265233	1
wdLC_k1_0.04_k2_0.04	270	0.716030855475841	0.698778370683335	0.73523489881739	0.867910033160298	0.04	0.04	0.934330471723161	0.99910394265233	1
wdLC_k1_0.04_k2_0.04	280	0.723050221121625	0.69927568318109	0.743929678403332	0.867910033160298	0.04	0.04	0.934330471723161	0.99910394265233	1
wdLC_k1_0.04_k2_0.04	290	0.726020441425561	0.70285168834268	0.749885418293957	0.867910033160298	0.04	0.04	0.934330471723161	0.99910394265233	1
wdLC_k1_0.04_k2_0.04	300	0.732416137957089	0.699932221469127	0.753691041011567	0.867910033160298	0.04	0.04	0.934330471723161	0.99910394265233	1
wdLC_k1_0.04_k2_0.12	10	0.672727272727273	0.127272727272727	-0.321212121212121	0.612121212121212	0.04	0.12	0.925126117355518	0.99910394265233	0.999909624943515
wdLC_k1_0.04_k2_0.12	20	0.77593984962406	0.720300751879699	0.547368421052632	0.703759398496241	0.04	0.12	0.925126117355518	0.99910394265233	0.999909624943515
wdLC_k1_0.04_k2_0.12	30	0.702335928809789	0.675194660734149	0.587986651835373	0.765072302558398	0.04	0.12	0.925126117355518	0.99910394265233	0.999909624943515
wdLC_k1_0.04_k2_0.12	40	0.748968105065666	0.730018761726079	0.704315196998124	0.740150093808631	0.04	0.12	0.925126117355518	0.99910394265233	0.999909624943515
wdLC_k1_0.04_k2_0.12	50	0.773541416566627	0.752124849939976	0.746362545018007	0.777286914765906	0.04	0.12	0.925126117355518	0.99910394265233	0.999909624943515
wdLC_k1_0.04_k2_0.12	60	0.781161433731592	0.761267018616282	0.768491247568769	0.782939705473743	0.04	0.12	0.925126117355518	0.99910394265233	0.999909624943515
wdLC_k1_0.04_k2_0.12	70	0.793018983466013	0.780841571166127	0.78696526988015	0.824862216778934	0.04	0.12	0.925126117355518	0.99910394265233	0.999909624943515
wdLC_k1_0.04_k2_0.12	80	0.815096108766995	0.813080168776371	0.823863103609939	0.848124706985466	0.04	0.12	0.925126117355518	0.99910394265233	0.999909624943515
wdLC_k1_0.04_k2_0.12	90	0.8149236531259	0.814907190188089	0.831040869243117	0.865744742149237	0.04	0.12	0.925126117355518	0.99910394265233	0.999909624943515
wdLC_k1_0.04_k2_0.12	100	0.809384938493849	0.815769576957696	0.825406540654065	0.872955295529553	0.04	0.12	0.925126117355518	0.99910394265233	0.999909624943515
wdLC_k1_0.04_k2_0.12	110	0.805928363726529	0.812844036697248	0.821310551585781	0.885111466762843	0.04	0.12	0.925126117355518	0.99910394265233	0.999909624943515
wdLC_k1_0.04_k2_0.12	120	0.79382596013612	0.809799291617473	0.813264810056254	0.897166469893742	0.04	0.12	0.925126117355518	0.99910394265233	0.999909624943515
wdLC_k1_0.04_k2_0.12	130	0.815603108058283	0.82494366985757	0.83280394379276	0.895882778680577	0.04	0.12	0.925126117355518	0.99910394265233	0.999909624943515
wdLC_k1_0.04_k2_0.12	140	0.827998513043669	0.832647438280379	0.844984802431611	0.89074807023682	0.04	0.12	0.925126117355518	0.99910394265233	0.999909624943515
wdLC_k1_0.04_k2_0.12	150	0.827185208231477	0.828717720787591	0.841674741099605	0.883095248677719	0.04	0.12	0.925126117355518	0.99910394265233	0.999909624943515
wdLC_k1_0.04_k2_0.12	160	0.828624165006445	0.826379936716278	0.8431384038439	0.877871205906481	0.04	0.12	0.925126117355518	0.99910394265233	0.999909624943515
wdLC_k1_0.04_k2_0.12	170	0.820103687691209	0.817995737690903	0.831310263127363	0.870794633642931	0.04	0.12	0.925126117355518	0.99910394265233	0.999909624943515
wdLC_k1_0.04_k2_0.12	180	0.818362706667901	0.812271983703201	0.826729220037656	0.852275275985884	0.04	0.12	0.925126117355518	0.99910394265233	0.999909624943515
wdLC_k1_0.04_k2_0.12	190	0.812344123834893	0.807329842931937	0.818745817423139	0.857833064336233	0.04	0.12	0.925126117355518	0.99910394265233	0.999909624943515
wdLC_k1_0.04_k2_0.12	200	0.803954098852471	0.797713942848571	0.812697817445436	0.860183004575115	0.04	0.12	0.925126117355518	0.99910394265233	0.999909624943515
wdLC_k1_0.04_k2_0.12	210	0.795033900995487	0.789179540838309	0.803560171432459	0.854939373422786	0.04	0.12	0.925126117355518	0.99910394265233	0.999909624943515
wdLC_k1_0.04_k2_0.12	220	0.775141860556849	0.766980159244462	0.785451615266281	0.859091754337524	0.04	0.12	0.925126117355518	0.99910394265233	0.999909624943515
wdLC_k1_0.04_k2_0.12	230	0.784186271294682	0.776293954763672	0.795012809480248	0.869172179633543	0.04	0.12	0.925126117355518	0.99910394265233	0.999909624943515
wdLC_k1_0.04_k2_0.12	240	0.7744604941058	0.763194673518637	0.786844389659543	0.882577822531641	0.04	0.12	0.925126117355518	0.99910394265233	0.999909624943515
wdLC_k1_0.04_k2_0.12	240	0.7744604941058	0.763194673518637	0.786844389659543	0.882577822531641	0.04	0.12	0.925126117355518	0.99910394265233	0.999909624943515
wdLC_k1_0.04_k2_0.12	250	0.75908452935247	0.744324101185619	0.771752124033985	0.882577822531641	0.04	0.12	0.925126117355518	0.99910394265233	0.999909624943515
wdLC_k1_0.04_k2_0.12	260	0.749445770135425	0.739977946874499	0.761743630709148	0.882577822531641	0.04	0.12	0.925126117355518	0.99910394265233	0.999909624943515
wdLC_k1_0.04_k2_0.12	270	0.74787277984304	0.733950320915849	0.759844899564237	0.882577822531641	0.04	0.12	0.925126117355518	0.99910394265233	0.999909624943515
wdLC_k1_0.04_k2_0.12	280	0.738084305011179	0.717720342642854	0.754796617303792	0.882577822531641	0.04	0.12	0.925126117355518	0.99910394265233	0.999909624943515
wdLC_k1_0.04_k2_0.12	290	0.749554281468762	0.720198239267267	0.766402897078197	0.882577822531641	0.04	0.12	0.925126117355518	0.99910394265233	0.999909624943515
wdLC_k1_0.04_k2_0.12	300	0.739405104501161	0.709998111090123	0.755408393426594	0.882577822531641	0.04	0.12	0.925126117355518	0.99910394265233	0.999909624943515
wdLC_k1_0.04_k2_0.2	10	0.575757575757576	0.0303030303030303	-0.345454545454545	0.563636363636364	0.04	0.2	0.918134348172405	0.998745519713262	0.999638499774062
wdLC_k1_0.04_k2_0.2	20	0.670676691729323	0.616541353383459	0.454135338345865	0.709774436090226	0.04	0.2	0.918134348172405	0.998745519713262	0.999638499774062
wdLC_k1_0.04_k2_0.2	30	0.759288097886541	0.75083426028921	0.643604004449388	0.789543937708565	0.04	0.2	0.918134348172405	0.998745519713262	0.999638499774062
wdLC_k1_0.04_k2_0.2	40	0.790056285178237	0.779549718574109	0.744277673545966	0.770731707317073	0.04	0.2	0.918134348172405	0.998745519713262	0.999638499774062
wdLC_k1_0.04_k2_0.2	50	0.799855942376951	0.778247298919568	0.770084033613445	0.794477791116447	0.04	0.2	0.918134348172405	0.998745519713262	0.999638499774062
wdLC_k1_0.04_k2_0.2	60	0.80705751597666	0.787274242845235	0.790552931369825	0.809836065573771	0.04	0.2	0.918134348172405	0.998745519713262	0.999638499774062
wdLC_k1_0.04_k2_0.2	70	0.825037179599335	0.814189484734494	0.818843495757152	0.846277665995976	0.04	0.2	0.918134348172405	0.998745519713262	0.999638499774062
wdLC_k1_0.04_k2_0.2	80	0.842639474917956	0.839474917955931	0.85168776371308	0.863455227379278	0.04	0.2	0.918134348172405	0.998745519713262	0.999638499774062
wdLC_k1_0.04_k2_0.2	90	0.821393587685723	0.823583158414619	0.834810882001893	0.87866814833107	0.04	0.2	0.918134348172405	0.998745519713262	0.999638499774062
wdLC_k1_0.04_k2_0.2	100	0.827266726672667	0.832823282328233	0.844752475247525	0.888220822082208	0.04	0.2	0.918134348172405	0.998745519713262	0.999638499774062
wdLC_k1_0.04_k2_0.2	110	0.822374501273584	0.829064761174853	0.838685390978969	0.897698532560918	0.04	0.2	0.918134348172405	0.998745519713262	0.999638499774062
wdLC_k1_0.04_k2_0.2	120	0.803000208347802	0.819862490450726	0.822980762552955	0.910299326342107	0.04	0.2	0.918134348172405	0.998745519713262	0.999638499774062
wdLC_k1_0.04_k2_0.2	130	0.829564789905638	0.84170205792787	0.846339564926464	0.907544825137582	0.04	0.2	0.918134348172405	0.998745519713262	0.999638499774062
wdLC_k1_0.04_k2_0.2	140	0.82882945922897	0.833775775731998	0.844984802431611	0.901165511359909	0.04	0.2	0.918134348172405	0.998745519713262	0.999638499774062
wdLC_k1_0.04_k2_0.2	150	0.843054357971466	0.841596515400685	0.85805591359616	0.893805058002578	0.04	0.2	0.918134348172405	0.998745519713262	0.999638499774062
wdLC_k1_0.04_k2_0.2	160	0.832661432087191	0.829259932028595	0.846235204500176	0.883859721082855	0.04	0.2	0.918134348172405	0.998745519713262	0.999638499774062
wdLC_k1_0.04_k2_0.2	170	0.836749897716795	0.831356672223546	0.846810901252435	0.871629997374222	0.04	0.2	0.918134348172405	0.998745519713262	0.999638499774062
wdLC_k1_0.04_k2_0.2	180	0.827727193226128	0.822480117699106	0.8384271119479	0.858145827546118	0.04	0.2	0.918134348172405	0.998745519713262	0.999638499774062
wdLC_k1_0.04_k2_0.2	190	0.830858122618938	0.822916803352185	0.836483005069393	0.858013270523604	0.04	0.2	0.918134348172405	0.998745519713262	0.999638499774062
wdLC_k1_0.04_k2_0.2	200	0.818627465686642	0.809820745518638	0.827512187804695	0.864521113027826	0.04	0.2	0.918134348172405	0.998745519713262	0.999638499774062
wdLC_k1_0.04_k2_0.2	210	0.804796351067242	0.794744940766393	0.814094909829507	0.86671677038352	0.04	0.2	0.918134348172405	0.998745519713262	0.999638499774062
wdLC_k1_0.04_k2_0.2	220	0.790941210280453	0.781539813933045	0.803956881152691	0.862106467263599	0.04	0.2	0.918134348172405	0.998745519713262	0.999638499774062
wdLC_k1_0.04_k2_0.2	230	0.788198511190727	0.77859201743766	0.798878091720317	0.872452590128687	0.04	0.2	0.918134348172405	0.998745519713262	0.999638499774062
wdLC_k1_0.04_k2_0.2	240	0.775046441778503	0.766871820691331	0.790008507092137	0.885530130731436	0.04	0.2	0.918134348172405	0.998745519713262	0.999638499774062
wdLC_k1_0.04_k2_0.2	240	0.775046441778503	0.766871820691331	0.790008507092137	0.885530130731436	0.04	0.2	0.918134348172405	0.998745519713262	0.999638499774062
wdLC_k1_0.04_k2_0.2	250	0.768872077953247	0.758666730667691	0.78321854749676	0.885530130731436	0.04	0.2	0.918134348172405	0.998745519713262	0.999638499774062
wdLC_k1_0.04_k2_0.2	260	0.74831443796961	0.739466560156215	0.763146701077736	0.885530130731436	0.04	0.2	0.918134348172405	0.998745519713262	0.999638499774062
wdLC_k1_0.04_k2_0.2	270	0.738388119940679	0.726717177952449	0.754130448367681	0.885530130731436	0.04	0.2	0.918134348172405	0.998745519713262	0.999638499774062
wdLC_k1_0.04_k2_0.2	280	0.748383270194773	0.729751654995599	0.763615242905795	0.885530130731436	0.04	0.2	0.918134348172405	0.998745519713262	0.999638499774062
wdLC_k1_0.04_k2_0.2	290	0.753919087971442	0.726751599408087	0.772991683446972	0.885530130731436	0.04	0.2	0.918134348172405	0.998745519713262	0.999638499774062
wdLC_k1_0.04_k2_0.2	300	0.746004288936544	0.716609740108224	0.767648529428105	0.885530130731436	0.04	0.2	0.918134348172405	0.998745519713262	0.999638499774062
wdLC_k1_0.04_k2_0.28	10	0.624242424242424	0.175757575757576	-0.224242424242424	0.587878787878788	0.04	0.28	0.911496592618816	0.997670250896057	0.993221870763669
wdLC_k1_0.04_k2_0.28	20	0.706766917293233	0.667669172932331	0.464661654135338	0.757894736842105	0.04	0.28	0.911496592618816	0.997670250896057	0.993221870763669
wdLC_k1_0.04_k2_0.28	30	0.785094549499444	0.780645161290323	0.678754171301446	0.815350389321468	0.04	0.28	0.911496592618816	0.997670250896057	0.993221870763669
wdLC_k1_0.04_k2_0.28	40	0.792870544090057	0.778986866791745	0.754784240150094	0.76266416510319	0.04	0.28	0.911496592618816	0.997670250896057	0.993221870763669
wdLC_k1_0.04_k2_0.28	50	0.823577430972389	0.808019207683073	0.807731092436975	0.791116446578632	0.04	0.28	0.911496592618816	0.997670250896057	0.993221870763669
wdLC_k1_0.04_k2_0.28	60	0.809447068630175	0.79344262295082	0.813170325090303	0.814670741872743	0.04	0.28	0.911496592618816	0.997670250896057	0.993221870763669
wdLC_k1_0.04_k2_0.28	70	0.824057387805091	0.817513778322106	0.835569941387455	0.86055463214067	0.04	0.28	0.911496592618816	0.997670250896057	0.993221870763669
wdLC_k1_0.04_k2_0.28	80	0.841209563994374	0.83272386310361	0.853891233005157	0.869057665260197	0.04	0.28	0.911496592618816	0.997670250896057	0.993221870763669
wdLC_k1_0.04_k2_0.28	90	0.824768489937029	0.827912911058979	0.852179281392765	0.888957484463102	0.04	0.28	0.911496592618816	0.997670250896057	0.993221870763669
wdLC_k1_0.04_k2_0.28	100	0.835991599159916	0.842832283228323	0.8603300330033	0.895565556555656	0.04	0.28	0.911496592618816	0.997670250896057	0.993221870763669
wdLC_k1_0.04_k2_0.28	110	0.823609764894169	0.834537790501093	0.845330568266348	0.907364244978924	0.04	0.28	0.911496592618816	0.997670250896057	0.993221870763669
wdLC_k1_0.04_k2_0.28	120	0.813625946246267	0.831835544135009	0.838648517258143	0.912723105771234	0.04	0.28	0.911496592618816	0.997670250896057	0.993221870763669
wdLC_k1_0.04_k2_0.28	130	0.836534706195633	0.850021166477761	0.857258736292999	0.915508883092764	0.04	0.28	0.911496592618816	0.997670250896057	0.993221870763669
wdLC_k1_0.04_k2_0.28	140	0.840646388664145	0.849174520565918	0.85905403336905	0.908972032100763	0.04	0.28	0.911496592618816	0.997670250896057	0.993221870763669
wdLC_k1_0.04_k2_0.28	150	0.838680830259123	0.84003911284946	0.856562513889506	0.904333525934486	0.04	0.28	0.911496592618816	0.997670250896057	0.993221870763669
wdLC_k1_0.04_k2_0.28	160	0.844093519278097	0.840481073479433	0.85742704793156	0.894401148482363	0.04	0.28	0.911496592618816	0.997670250896057	0.993221870763669
wdLC_k1_0.04_k2_0.28	170	0.841161204438175	0.835340526743242	0.853222684277698	0.883649953285581	0.04	0.28	0.911496592618816	0.997670250896057	0.993221870763669
wdLC_k1_0.04_k2_0.28	180	0.838999146064179	0.831278743171085	0.851952220747554	0.866989721904997	0.04	0.28	0.911496592618816	0.997670250896057	0.993221870763669
wdLC_k1_0.04_k2_0.28	190	0.831713664615291	0.823490663832356	0.845972697887826	0.872651961491862	0.04	0.28	0.911496592618816	0.997670250896057	0.993221870763669
wdLC_k1_0.04_k2_0.28	200	0.831059776494413	0.822545563639091	0.839789994749869	0.866840171004275	0.04	0.28	0.911496592618816	0.997670250896057	0.993221870763669
wdLC_k1_0.04_k2_0.28	210	0.812376697884306	0.803075547550479	0.819634394041977	0.867814300939769	0.04	0.28	0.911496592618816	0.997670250896057	0.993221870763669
wdLC_k1_0.04_k2_0.28	220	0.803367462513313	0.793585141691508	0.811322923651691	0.868334244321351	0.04	0.28	0.911496592618816	0.997670250896057	0.993221870763669
wdLC_k1_0.04_k2_0.28	230	0.788651219674573	0.778215253514285	0.799745043261276	0.878648482711517	0.04	0.28	0.911496592618816	0.997670250896057	0.993221870763669
wdLC_k1_0.04_k2_0.28	240	0.781208875154082	0.772047257764892	0.795470407472352	0.890475529089047	0.04	0.28	0.911496592618816	0.997670250896057	0.993221870763669
wdLC_k1_0.04_k2_0.28	240	0.781208875154082	0.772047257764892	0.795470407472352	0.890475529089047	0.04	0.28	0.911496592618816	0.997670250896057	0.993221870763669
wdLC_k1_0.04_k2_0.28	250	0.772756684106946	0.763280180482888	0.785429654874478	0.890475529089047	0.04	0.28	0.911496592618816	0.997670250896057	0.993221870763669
wdLC_k1_0.04_k2_0.28	260	0.766744842606911	0.757425178114833	0.783277176380625	0.890475529089047	0.04	0.28	0.911496592618816	0.997670250896057	0.993221870763669
wdLC_k1_0.04_k2_0.28	270	0.745030491197105	0.734093593724041	0.760857563965974	0.890475529089047	0.04	0.28	0.911496592618816	0.997670250896057	0.993221870763669
wdLC_k1_0.04_k2_0.28	280	0.747928453897918	0.730627395028727	0.766008495006314	0.890475529089047	0.04	0.28	0.911496592618816	0.997670250896057	0.993221870763669
wdLC_k1_0.04_k2_0.28	290	0.756807309611702	0.729170915558879	0.774621781963868	0.890475529089047	0.04	0.28	0.911496592618816	0.997670250896057	0.993221870763669
wdLC_k1_0.04_k2_0.28	300	0.750391893243258	0.725973844153824	0.77444060489561	0.890475529089047	0.04	0.28	0.911496592618816	0.997670250896057	0.993221870763669
wdLC_k1_0.04_k2_0.36	10	0.672727272727273	0.127272727272727	-0.321212121212121	0.612121212121212	0.04	0.36	0.89459244180901	0.989784946236559	0.972074107546317
wdLC_k1_0.04_k2_0.36	20	0.760902255639098	0.688721804511278	0.518796992481203	0.771428571428571	0.04	0.36	0.89459244180901	0.989784946236559	0.972074107546317
wdLC_k1_0.04_k2_0.36	30	0.794438264738599	0.780200222469411	0.685428253615128	0.808231368186874	0.04	0.36	0.89459244180901	0.989784946236559	0.972074107546317
wdLC_k1_0.04_k2_0.36	40	0.807692307692308	0.794746716697936	0.763414634146342	0.811444652908068	0.04	0.36	0.89459244180901	0.989784946236559	0.972074107546317
wdLC_k1_0.04_k2_0.36	50	0.814549819927971	0.794669867947179	0.791692677070828	0.77719087635054	0.04	0.36	0.89459244180901	0.989784946236559	0.972074107546317
wdLC_k1_0.04_k2_0.36	60	0.841400388996944	0.818727424284524	0.827618782995277	0.820005557099194	0.04	0.36	0.89459244180901	0.989784946236559	0.972074107546317
wdLC_k1_0.04_k2_0.36	70	0.850336803429271	0.840538885486834	0.84739742804654	0.844213104715248	0.04	0.36	0.89459244180901	0.989784946236559	0.972074107546317
wdLC_k1_0.04_k2_0.36	80	0.841303328645101	0.83820909517112	0.84831223628692	0.86657290201594	0.04	0.36	0.89459244180901	0.989784946236559	0.972074107546317
wdLC_k1_0.04_k2_0.36	90	0.853101205910195	0.852590854838046	0.870222661233897	0.888628225706877	0.04	0.36	0.89459244180901	0.989784946236559	0.972074107546317
wdLC_k1_0.04_k2_0.36	100	0.838931893189319	0.846204620462046	0.858637863786379	0.901230123012301	0.04	0.36	0.89459244180901	0.989784946236559	0.972074107546317
wdLC_k1_0.04_k2_0.36	110	0.833771386064964	0.851173275026486	0.852020828167617	0.913765976151297	0.04	0.36	0.89459244180901	0.989784946236559	0.972074107546317
wdLC_k1_0.04_k2_0.36	120	0.842072366136537	0.856233071741093	0.860511146607403	0.918779081880686	0.04	0.36	0.89459244180901	0.989784946236559	0.972074107546317
wdLC_k1_0.04_k2_0.36	130	0.855363312348933	0.86567616654604	0.871504458616122	0.913591609881331	0.04	0.36	0.89459244180901	0.989784946236559	0.972074107546317
wdLC_k1_0.04_k2_0.36	140	0.87275152522359	0.876696332903282	0.886698300933721	0.913957709212569	0.04	0.36	0.89459244180901	0.989784946236559	0.972074107546317
wdLC_k1_0.04_k2_0.36	150	0.859883550380017	0.861337837237211	0.872872572114316	0.913354371305391	0.04	0.36	0.89459244180901	0.989784946236559	0.972074107546317
wdLC_k1_0.04_k2_0.36	160	0.85290343372788	0.854063635298254	0.866483065744756	0.896973514590414	0.04	0.36	0.89459244180901	0.989784946236559	0.972074107546317
wdLC_k1_0.04_k2_0.36	170	0.849803066664224	0.843821178424656	0.860843546387724	0.886627463193312	0.04	0.36	0.89459244180901	0.989784946236559	0.972074107546317
wdLC_k1_0.04_k2_0.36	180	0.846242167968147	0.838346862557486	0.856112842988981	0.878232867269566	0.04	0.36	0.89459244180901	0.989784946236559	0.972074107546317
wdLC_k1_0.04_k2_0.36	190	0.84553180507989	0.836250311642982	0.859694611747519	0.873547743704812	0.04	0.36	0.89459244180901	0.989784946236559	0.972074107546317
wdLC_k1_0.04_k2_0.36	200	0.838688967224181	0.826693167329183	0.853558838970974	0.872541813545339	0.04	0.36	0.89459244180901	0.989784946236559	0.972074107546317
wdLC_k1_0.04_k2_0.36	210	0.83138976264444	0.819959636272932	0.842576281289177	0.875910370497549	0.04	0.36	0.89459244180901	0.989784946236559	0.972074107546317
wdLC_k1_0.04_k2_0.36	220	0.82600203986183	0.813352642522667	0.836046950631963	0.877029014498797	0.04	0.36	0.89459244180901	0.989784946236559	0.972074107546317
wdLC_k1_0.04_k2_0.36	230	0.809979805650966	0.799198636943084	0.82142376325023	0.885260590937447	0.04	0.36	0.89459244180901	0.989784946236559	0.972074107546317
wdLC_k1_0.04_k2_0.36	240	0.803600756957586	0.793256827375475	0.809028802583378	0.896943523325058	0.04	0.36	0.89459244180901	0.989784946236559	0.972074107546317
wdLC_k1_0.04_k2_0.36	240	0.803600756957586	0.793256827375475	0.809028802583378	0.896943523325058	0.04	0.36	0.89459244180901	0.989784946236559	0.972074107546317
wdLC_k1_0.04_k2_0.36	250	0.789949407190515	0.776253444055105	0.796338501416023	0.896943523325058	0.04	0.36	0.89459244180901	0.989784946236559	0.972074107546317
wdLC_k1_0.04_k2_0.36	260	0.781056843125809	0.762099348306245	0.784911702153081	0.896943523325058	0.04	0.36	0.89459244180901	0.989784946236559	0.972074107546317
wdLC_k1_0.04_k2_0.36	270	0.774385565416992	0.759610176027411	0.783466622770317	0.896943523325058	0.04	0.36	0.89459244180901	0.989784946236559	0.972074107546317
wdLC_k1_0.04_k2_0.36	280	0.770596017077477	0.745952298954251	0.781689817472162	0.896943523325058	0.04	0.36	0.89459244180901	0.989784946236559	0.972074107546317
wdLC_k1_0.04_k2_0.36	290	0.773149133348996	0.746668027952278	0.786457586317604	0.896943523325058	0.04	0.36	0.89459244180901	0.989784946236559	0.972074107546317
wdLC_k1_0.04_k2_0.36	300	0.769414326825854	0.741412237913755	0.784558939543773	0.896943523325058	0.04	0.36	0.89459244180901	0.989784946236559	0.972074107546317
wdLC_k1_0.04_k2_0.44	10	0.721212121212121	0.212121212121212	-0.248484848484848	0.587878787878788	0.04	0.44	0.869545977520134	0.971146953405018	0.941165838228649
wdLC_k1_0.04_k2_0.44	20	0.839097744360902	0.765413533834587	0.545864661654135	0.789473684210526	0.04	0.44	0.869545977520134	0.971146953405018	0.941165838228649
wdLC_k1_0.04_k2_0.44	30	0.863403781979978	0.810901001112347	0.753503893214683	0.73615127919911	0.04	0.44	0.869545977520134	0.971146953405018	0.941165838228649
wdLC_k1_0.04_k2_0.44	40	0.882926829268293	0.826829268292683	0.831707317073171	0.828893058161351	0.04	0.44	0.869545977520134	0.971146953405018	0.941165838228649
wdLC_k1_0.04_k2_0.44	50	0.867178871548619	0.827515006002401	0.856134453781513	0.802352941176471	0.04	0.44	0.869545977520134	0.971146953405018	0.941165838228649
wdLC_k1_0.04_k2_0.44	60	0.876243400944707	0.844123367602112	0.875131981105863	0.79344262295082	0.04	0.44	0.869545977520134	0.971146953405018	0.941165838228649
wdLC_k1_0.04_k2_0.44	70	0.874761613157204	0.86835797393054	0.882180036742192	0.837249584463302	0.04	0.44	0.869545977520134	0.971146953405018	0.941165838228649
wdLC_k1_0.04_k2_0.44	80	0.863103609939053	0.86221284575715	0.884599156118144	0.863127051101735	0.04	0.44	0.869545977520134	0.971146953405018	0.941165838228649
wdLC_k1_0.04_k2_0.44	90	0.874535950940445	0.8795900728485	0.896118862410997	0.869350125529901	0.04	0.44	0.869545977520134	0.971146953405018	0.941165838228649
wdLC_k1_0.04_k2_0.44	100	0.892757275727573	0.895853585358536	0.908994899489949	0.886588658865887	0.04	0.44	0.869545977520134	0.971146953405018	0.941165838228649
wdLC_k1_0.04_k2_0.44	110	0.893749295584158	0.900628902463765	0.908626558167843	0.898978878795393	0.04	0.44	0.869545977520134	0.971146953405018	0.941165838228649
wdLC_k1_0.04_k2_0.44	120	0.894826029585388	0.899104104451698	0.907396346968539	0.905521216751163	0.04	0.44	0.869545977520134	0.971146953405018	0.941165838228649
wdLC_k1_0.04_k2_0.44	130	0.90420734954731	0.907036829671305	0.916672356580043	0.902858157287413	0.04	0.44	0.869545977520134	0.971146953405018	0.941165838228649
wdLC_k1_0.04_k2_0.44	140	0.893910039141939	0.895917430189587	0.906374231921454	0.911250574008878	0.04	0.44	0.869545977520134	0.971146953405018	0.941165838228649
wdLC_k1_0.04_k2_0.44	150	0.894125072225432	0.895430019111961	0.90659495977599	0.902555669140851	0.04	0.44	0.869545977520134	0.971146953405018	0.941165838228649
wdLC_k1_0.04_k2_0.44	160	0.884888081565686	0.883270830891832	0.897342669635533	0.900073245048635	0.04	0.44	0.869545977520134	0.971146953405018	0.941165838228649
wdLC_k1_0.04_k2_0.44	170	0.885467235788741	0.881209811859967	0.895037279938447	0.881104780747553	0.04	0.44	0.869545977520134	0.971146953405018	0.941165838228649
wdLC_k1_0.04_k2_0.44	180	0.889854625142751	0.882193894873299	0.897435106021791	0.871520725948332	0.04	0.44	0.869545977520134	0.971146953405018	0.941165838228649
wdLC_k1_0.04_k2_0.44	190	0.882468824766979	0.874196835894274	0.891664589046788	0.867894868060203	0.04	0.44	0.869545977520134	0.971146953405018	0.941165838228649
wdLC_k1_0.04_k2_0.44	200	0.875676891922298	0.864101102527563	0.883534088352209	0.866651166279157	0.04	0.44	0.869545977520134	0.971146953405018	0.941165838228649
wdLC_k1_0.04_k2_0.44	210	0.868529574690712	0.857512803983246	0.875832623350708	0.871450275840398	0.04	0.44	0.869545977520134	0.971146953405018	0.941165838228649
wdLC_k1_0.04_k2_0.44	220	0.856793810540789	0.845107994342483	0.865526898564771	0.874640911063151	0.04	0.44	0.869545977520134	0.971146953405018	0.941165838228649
wdLC_k1_0.04_k2_0.44	230	0.849368402624526	0.835117455166819	0.857326800786075	0.883697316543339	0.04	0.44	0.869545977520134	0.971146953405018	0.941165838228649
wdLC_k1_0.04_k2_0.44	240	0.828171496032917	0.814055799579854	0.835862601781281	0.894610149481762	0.04	0.44	0.869545977520134	0.971146953405018	0.941165838228649
wdLC_k1_0.04_k2_0.44	240	0.828171496032917	0.814055799579854	0.835862601781281	0.894610149481762	0.04	0.44	0.869545977520134	0.971146953405018	0.941165838228649
wdLC_k1_0.04_k2_0.44	250	0.827505976095618	0.808252676042817	0.833358997743964	0.894610149481762	0.04	0.44	0.869545977520134	0.971146953405018	0.941165838228649
wdLC_k1_0.04_k2_0.44	260	0.802737182047527	0.779442117373152	0.80737994531098	0.894610149481762	0.04	0.44	0.869545977520134	0.971146953405018	0.941165838228649
wdLC_k1_0.04_k2_0.44	270	0.796673327328069	0.772985759597373	0.802335956445066	0.894610149481762	0.04	0.44	0.869545977520134	0.971146953405018	0.941165838228649
wdLC_k1_0.04_k2_0.44	280	0.790310554252696	0.769792982053343	0.800967577939223	0.894610149481762	0.04	0.44	0.869545977520134	0.971146953405018	0.941165838228649
wdLC_k1_0.04_k2_0.44	290	0.789990860525218	0.767421893162861	0.802917005450473	0.894610149481762	0.04	0.44	0.869545977520134	0.971146953405018	0.941165838228649
wdLC_k1_0.04_k2_0.44	300	0.784360715119057	0.763309814553495	0.793398593317704	0.894610149481762	0.04	0.44	0.869545977520134	0.971146953405018	0.941165838228649
wdLC_k1_0.04_k2_0.52	10	0.624242424242424	0.260606060606061	-0.0787878787878788	0.575757575757576	0.04	0.52	0.832640056642181	0.939784946236559	0.898870311793945
wdLC_k1_0.04_k2_0.52	20	0.790977443609023	0.754887218045113	0.583458646616541	0.78796992481203	0.04	0.52	0.832640056642181	0.939784946236559	0.898870311793945
wdLC_k1_0.04_k2_0.52	30	0.865183537263626	0.817575083426029	0.770856507230256	0.758843159065629	0.04	0.52	0.832640056642181	0.939784946236559	0.898870311793945
wdLC_k1_0.04_k2_0.52	40	0.883489681050657	0.839399624765479	0.852157598499062	0.812570356472796	0.04	0.52	0.832640056642181	0.939784946236559	0.898870311793945
wdLC_k1_0.04_k2_0.52	50	0.892725090036015	0.852100840336135	0.877935174069628	0.810420168067227	0.04	0.52	0.832640056642181	0.939784946236559	0.898870311793945
wdLC_k1_0.04_k2_0.52	60	0.871242011669908	0.845401500416783	0.877743817727147	0.805946096137816	0.04	0.52	0.832640056642181	0.939784946236559	0.898870311793945
wdLC_k1_0.04_k2_0.52	70	0.878715772898259	0.877001137258333	0.892502843145832	0.851666520864316	0.04	0.52	0.832640056642181	0.939784946236559	0.898870311793945
wdLC_k1_0.04_k2_0.52	80	0.875832161275199	0.876230661040788	0.901664322550399	0.863572433192686	0.04	0.52	0.832640056642181	0.939784946236559	0.898870311793945
wdLC_k1_0.04_k2_0.52	90	0.873136601226489	0.881466847758983	0.897567600938388	0.878289500761411	0.04	0.52	0.832640056642181	0.939784946236559	0.898870311793945
wdLC_k1_0.04_k2_0.52	100	0.88963696369637	0.895733573357336	0.908874887488749	0.886768676867687	0.04	0.52	0.832640056642181	0.939784946236559	0.898870311793945
wdLC_k1_0.04_k2_0.52	110	0.890954173522981	0.900295291120979	0.908139665937831	0.907670806753375	0.04	0.52	0.832640056642181	0.939784946236559	0.898870311793945
wdLC_k1_0.04_k2_0.52	120	0.893763455795541	0.898624904507257	0.908590874366275	0.914042641850128	0.04	0.52	0.832640056642181	0.939784946236559	0.898870311793945
wdLC_k1_0.04_k2_0.52	130	0.904201887230469	0.907910800365975	0.917442543254722	0.908823007278537	0.04	0.52	0.832640056642181	0.939784946236559	0.898870311793945
wdLC_k1_0.04_k2_0.52	140	0.887695436356083	0.890861778662177	0.901261726181365	0.916310598937264	0.04	0.52	0.832640056642181	0.939784946236559	0.898870311793945
wdLC_k1_0.04_k2_0.52	150	0.894889550646696	0.893762389439531	0.907501666740744	0.910552468998622	0.04	0.52	0.832640056642181	0.939784946236559	0.898870311793945
wdLC_k1_0.04_k2_0.52	160	0.877830188679245	0.877900503925934	0.890779913277862	0.903155396695183	0.04	0.52	0.832640056642181	0.939784946236559	0.898870311793945
wdLC_k1_0.04_k2_0.52	170	0.878381299576823	0.876402806529027	0.889543908500803	0.884548824201123	0.04	0.52	0.832640056642181	0.939784946236559	0.898870311793945
wdLC_k1_0.04_k2_0.52	180	0.881642437523792	0.874689548031318	0.890768233587456	0.874829470045372	0.04	0.52	0.832640056642181	0.939784946236559	0.898870311793945
wdLC_k1_0.04_k2_0.52	190	0.873617726690199	0.864292493887424	0.881613282770627	0.869850892501761	0.04	0.52	0.832640056642181	0.939784946236559	0.898870311793945
wdLC_k1_0.04_k2_0.52	200	0.870638265956649	0.860541513537839	0.878657466436661	0.872856821420536	0.04	0.52	0.832640056642181	0.939784946236559	0.898870311793945
wdLC_k1_0.04_k2_0.52	210	0.864226270113025	0.851953882984065	0.87363626645243	0.872768089979365	0.04	0.52	0.832640056642181	0.939784946236559	0.898870311793945
wdLC_k1_0.04_k2_0.52	220	0.855930531998219	0.843760107740769	0.865354468255355	0.874352400218637	0.04	0.52	0.832640056642181	0.939784946236559	0.898870311793945
wdLC_k1_0.04_k2_0.52	230	0.846391770371265	0.831738415372363	0.856572286646333	0.884365036899687	0.04	0.52	0.832640056642181	0.939784946236559	0.898870311793945
wdLC_k1_0.04_k2_0.52	240	0.823308564384798	0.807679820830223	0.834187225472664	0.895320231254015	0.04	0.52	0.832640056642181	0.939784946236559	0.898870311793945
wdLC_k1_0.04_k2_0.52	240	0.823308564384798	0.807679820830223	0.834187225472664	0.895320231254015	0.04	0.52	0.832640056642181	0.939784946236559	0.898870311793945
wdLC_k1_0.04_k2_0.52	250	0.817040272644362	0.799100273604378	0.825747227955647	0.895320231254015	0.04	0.52	0.832640056642181	0.939784946236559	0.898870311793945
wdLC_k1_0.04_k2_0.52	260	0.805640274605792	0.782991100232479	0.812859771480461	0.895320231254015	0.04	0.52	0.832640056642181	0.939784946236559	0.898870311793945
wdLC_k1_0.04_k2_0.52	270	0.792798864791622	0.769161899797437	0.803785145658148	0.895320231254015	0.04	0.52	0.832640056642181	0.939784946236559	0.898870311793945
wdLC_k1_0.04_k2_0.52	280	0.790639640082873	0.768548797087426	0.801938435803664	0.895320231254015	0.04	0.52	0.832640056642181	0.939784946236559	0.898870311793945
wdLC_k1_0.04_k2_0.52	290	0.787467233814335	0.768188969404286	0.80095675417027	0.895320231254015	0.04	0.52	0.832640056642181	0.939784946236559	0.898870311793945
wdLC_k1_0.04_k2_0.52	300	0.782347803864487	0.760440004888943	0.799055989510995	0.895320231254015	0.04	0.52	0.832640056642181	0.939784946236559	0.898870311793945
wdLC_k1_0.04_k2_0.6	10	0.806060606060606	0.406060606060606	-0.0424242424242424	0.709090909090909	0.04	0.6	0.792282502876361	0.90573476702509	0.854315408947131
wdLC_k1_0.04_k2_0.6	20	0.793984962406015	0.760902255639098	0.529323308270677	0.730827067669173	0.04	0.6	0.792282502876361	0.90573476702509	0.854315408947131
wdLC_k1_0.04_k2_0.6	30	0.838932146829811	0.83670745272525	0.719243604004449	0.795328142380423	0.04	0.6	0.792282502876361	0.90573476702509	0.854315408947131
wdLC_k1_0.04_k2_0.6	40	0.840900562851783	0.828142589118199	0.801125703564728	0.839774859287055	0.04	0.6	0.792282502876361	0.90573476702509	0.854315408947131
wdLC_k1_0.04_k2_0.6	50	0.858055222088836	0.840768307322929	0.84	0.812917166866747	0.04	0.6	0.792282502876361	0.90573476702509	0.854315408947131
wdLC_k1_0.04_k2_0.6	60	0.852403445401501	0.832509030286191	0.843512086690748	0.825840511253126	0.04	0.6	0.792282502876361	0.90573476702509	0.854315408947131
wdLC_k1_0.04_k2_0.6	70	0.862514215729158	0.864228851369084	0.868637914443181	0.857685241886099	0.04	0.6	0.792282502876361	0.90573476702509	0.854315408947131
wdLC_k1_0.04_k2_0.6	80	0.868448195030474	0.870557899671824	0.881575246132208	0.871331458040319	0.04	0.6	0.792282502876361	0.90573476702509	0.854315408947131
wdLC_k1_0.04_k2_0.6	90	0.861019878997407	0.868395275136848	0.885006379388402	0.886932543112318	0.04	0.6	0.792282502876361	0.90573476702509	0.854315408947131
wdLC_k1_0.04_k2_0.6	100	0.857269726972697	0.866606660666067	0.878655865586559	0.91011101110111	0.04	0.6	0.792282502876361	0.90573476702509	0.854315408947131
wdLC_k1_0.04_k2_0.6	110	0.85703401483218	0.875148209093163	0.877041678876541	0.920492302143678	0.04	0.6	0.792282502876361	0.90573476702509	0.854315408947131
wdLC_k1_0.04_k2_0.6	120	0.862886311549413	0.878554066254601	0.882220987568581	0.929543718313772	0.04	0.6	0.792282502876361	0.90573476702509	0.854315408947131
wdLC_k1_0.04_k2_0.6	130	0.875623045514755	0.886225402504472	0.891742342514578	0.926127627033006	0.04	0.6	0.792282502876361	0.90573476702509	0.854315408947131
wdLC_k1_0.04_k2_0.6	140	0.882320526557478	0.88911241827207	0.896914565611948	0.918982746933153	0.04	0.6	0.792282502876361	0.90573476702509	0.854315408947131
wdLC_k1_0.04_k2_0.6	150	0.879315525134451	0.88245522023201	0.891636072714343	0.914428196808747	0.04	0.6	0.792282502876361	0.90573476702509	0.854315408947131
wdLC_k1_0.04_k2_0.6	160	0.876866283839212	0.878398570256651	0.889426344779093	0.90622582913395	0.04	0.6	0.792282502876361	0.90573476702509	0.854315408947131
wdLC_k1_0.04_k2_0.6	170	0.86632470490532	0.863393604093771	0.876046189263622	0.896385586311759	0.04	0.6	0.792282502876361	0.90573476702509	0.854315408947131
wdLC_k1_0.04_k2_0.6	180	0.85806146280235	0.852954309289381	0.870790250727903	0.888722902970256	0.04	0.6	0.792282502876361	0.90573476702509	0.854315408947131
wdLC_k1_0.04_k2_0.6	190	0.85241463169267	0.843535540421735	0.863874345549738	0.879695748971032	0.04	0.6	0.792282502876361	0.90573476702509	0.854315408947131
wdLC_k1_0.04_k2_0.6	200	0.842121053026326	0.830651766294158	0.856999924998125	0.884420610515263	0.04	0.6	0.792282502876361	0.90573476702509	0.854315408947131
wdLC_k1_0.04_k2_0.6	210	0.845813154169353	0.834985568185868	0.8617914886311	0.885163576757491	0.04	0.6	0.792282502876361	0.90573476702509	0.854315408947131
wdLC_k1_0.04_k2_0.6	220	0.829363867397711	0.8171404743524	0.845830398449254	0.887514580504105	0.04	0.6	0.792282502876361	0.90573476702509	0.854315408947131
wdLC_k1_0.04_k2_0.6	230	0.812942629802322	0.799499456305988	0.827521026533747	0.892978333608674	0.04	0.6	0.792282502876361	0.90573476702509	0.854315408947131
wdLC_k1_0.04_k2_0.6	240	0.811877810378652	0.796250802965329	0.824200940988559	0.903198840257643	0.04	0.6	0.792282502876361	0.90573476702509	0.854315408947131
wdLC_k1_0.04_k2_0.6	240	0.811877810378652	0.796250802965329	0.824200940988559	0.903198840257643	0.04	0.6	0.792282502876361	0.90573476702509	0.854315408947131
wdLC_k1_0.04_k2_0.6	250	0.808644362309797	0.790016224259588	0.820497095953535	0.903198840257643	0.04	0.6	0.792282502876361	0.90573476702509	0.854315408947131
wdLC_k1_0.04_k2_0.6	260	0.798487688142861	0.780764622143932	0.812977888839958	0.903198840257643	0.04	0.6	0.792282502876361	0.90573476702509	0.854315408947131
wdLC_k1_0.04_k2_0.6	270	0.791744742726238	0.774133161405963	0.805433087788127	0.903198840257643	0.04	0.6	0.792282502876361	0.90573476702509	0.854315408947131
wdLC_k1_0.04_k2_0.6	280	0.796690555455336	0.770417261153112	0.808130387960488	0.903198840257643	0.04	0.6	0.792282502876361	0.90573476702509	0.854315408947131
wdLC_k1_0.04_k2_0.6	290	0.788460644289919	0.766139168492306	0.802706416206515	0.903198840257643	0.04	0.6	0.792282502876361	0.90573476702509	0.854315408947131
wdLC_k1_0.04_k2_0.6	300	0.781122901365571	0.756885743174924	0.798715541283792	0.903198840257643	0.04	0.6	0.792282502876361	0.90573476702509	0.854315408947131
wdLC_k1_0.04_k2_0.68	10	0.709090909090909	0.527272727272727	0.187878787878788	0.793939393939394	0.04	0.68	0.73838392778122	0.853584229390681	0.798011748757343
wdLC_k1_0.04_k2_0.68	20	0.778947368421053	0.783458646616541	0.621052631578947	0.757894736842105	0.04	0.68	0.73838392778122	0.853584229390681	0.798011748757343
wdLC_k1_0.04_k2_0.68	30	0.880756395995551	0.869187986651835	0.796218020022247	0.810456062291435	0.04	0.68	0.73838392778122	0.853584229390681	0.798011748757343
wdLC_k1_0.04_k2_0.68	40	0.86454033771107	0.846529080675422	0.852532833020638	0.81594746716698	0.04	0.68	0.73838392778122	0.853584229390681	0.798011748757343
wdLC_k1_0.04_k2_0.68	50	0.876206482593037	0.851332533013205	0.874669867947179	0.808883553421369	0.04	0.68	0.73838392778122	0.853584229390681	0.798011748757343
wdLC_k1_0.04_k2_0.68	60	0.873131425395943	0.850958599611003	0.882078355098639	0.835120866907474	0.04	0.68	0.73838392778122	0.853584229390681	0.798011748757343
wdLC_k1_0.04_k2_0.68	70	0.865243635727408	0.870527512903508	0.890193333916543	0.865383605983728	0.04	0.68	0.73838392778122	0.853584229390681	0.798011748757343
wdLC_k1_0.04_k2_0.68	80	0.876933895921238	0.879535864978903	0.903000468823254	0.879887482419128	0.04	0.68	0.73838392778122	0.853584229390681	0.798011748757343
wdLC_k1_0.04_k2_0.68	90	0.868510515701527	0.877235872741491	0.899296209408569	0.898045026134914	0.04	0.68	0.73838392778122	0.853584229390681	0.798011748757343
wdLC_k1_0.04_k2_0.68	100	0.868694869486949	0.883912391239124	0.896465646564657	0.905562556255625	0.04	0.68	0.73838392778122	0.853584229390681	0.798011748757343
wdLC_k1_0.04_k2_0.68	110	0.878276942497126	0.892703378941911	0.899519870162072	0.920717715213128	0.04	0.68	0.73838392778122	0.853584229390681	0.798011748757343
wdLC_k1_0.04_k2_0.68	120	0.882832141120911	0.893819015209389	0.90264601708452	0.925008681158414	0.04	0.68	0.73838392778122	0.853584229390681	0.798011748757343
wdLC_k1_0.04_k2_0.68	130	0.896942468147865	0.905714948995616	0.913520599762389	0.927542367095003	0.04	0.68	0.73838392778122	0.853584229390681	0.798011748757343
wdLC_k1_0.04_k2_0.68	140	0.896245435262732	0.900815639281888	0.910778246703549	0.921676761933918	0.04	0.68	0.73838392778122	0.853584229390681	0.798011748757343
wdLC_k1_0.04_k2_0.68	150	0.888745277567892	0.890964042846349	0.902420552024535	0.912045868705276	0.04	0.68	0.73838392778122	0.853584229390681	0.798011748757343
wdLC_k1_0.04_k2_0.68	160	0.8878969881636	0.887419430446502	0.898848587835462	0.907054963084495	0.04	0.68	0.73838392778122	0.853584229390681	0.798011748757343
wdLC_k1_0.04_k2_0.68	170	0.877492198997319	0.875687129414207	0.890545367944749	0.897914643901784	0.04	0.68	0.73838392778122	0.853584229390681	0.798011748757343
wdLC_k1_0.04_k2_0.68	180	0.865454695103759	0.860699404302602	0.880175314052903	0.89002129695361	0.04	0.68	0.73838392778122	0.853584229390681	0.798011748757343
wdLC_k1_0.04_k2_0.68	190	0.86310628228512	0.854038236953641	0.876411797381762	0.883102170784728	0.04	0.68	0.73838392778122	0.853584229390681	0.798011748757343
wdLC_k1_0.04_k2_0.68	200	0.844129603240081	0.836309907747694	0.857649441236031	0.883283582089552	0.04	0.68	0.73838392778122	0.853584229390681	0.798011748757343
wdLC_k1_0.04_k2_0.68	210	0.844510889459755	0.835682700935881	0.85961068116219	0.887450638660417	0.04	0.68	0.73838392778122	0.853584229390681	0.798011748757343
wdLC_k1_0.04_k2_0.68	220	0.843053481570806	0.826530600744944	0.857431689986082	0.887515707499592	0.04	0.68	0.73838392778122	0.853584229390681	0.798011748757343
wdLC_k1_0.04_k2_0.68	230	0.836495306478219	0.820687002384363	0.850402037681324	0.89158667419537	0.04	0.68	0.73838392778122	0.853584229390681	0.798011748757343
wdLC_k1_0.04_k2_0.68	240	0.825628049098075	0.807976700984392	0.838540599663189	0.901919304154586	0.04	0.68	0.73838392778122	0.853584229390681	0.798011748757343
wdLC_k1_0.04_k2_0.68	240	0.825628049098075	0.807976700984392	0.838540599663189	0.901919304154586	0.04	0.68	0.73838392778122	0.853584229390681	0.798011748757343
wdLC_k1_0.04_k2_0.68	250	0.814432102913647	0.79797052752844	0.82936610185763	0.901919304154586	0.04	0.68	0.73838392778122	0.853584229390681	0.798011748757343
wdLC_k1_0.04_k2_0.68	260	0.806230178643972	0.784260349777591	0.82033257205671	0.901919304154586	0.04	0.68	0.73838392778122	0.853584229390681	0.798011748757343
wdLC_k1_0.04_k2_0.68	270	0.801589718499415	0.776952282533978	0.815225631810221	0.901919304154586	0.04	0.68	0.73838392778122	0.853584229390681	0.798011748757343
wdLC_k1_0.04_k2_0.68	280	0.789855191301638	0.766113999267483	0.807357418917515	0.901919304154586	0.04	0.68	0.73838392778122	0.853584229390681	0.798011748757343
wdLC_k1_0.04_k2_0.68	290	0.78857135125228	0.767192114712094	0.80560693862037	0.901919304154586	0.04	0.68	0.73838392778122	0.853584229390681	0.798011748757343
wdLC_k1_0.04_k2_0.68	300	0.782727808086757	0.757699085545395	0.800464005155613	0.901919304154586	0.04	0.68	0.73838392778122	0.853584229390681	0.798011748757343
wdLC_k1_0.04_k2_0.76	10	0.709090909090909	0.454545454545455	0.0666666666666667	0.806060606060606	0.04	0.76	0.6801486857244	0.796774193548387	0.734749209218256
wdLC_k1_0.04_k2_0.76	20	0.783458646616541	0.790977443609023	0.606015037593985	0.796992481203008	0.04	0.76	0.6801486857244	0.796774193548387	0.734749209218256
wdLC_k1_0.04_k2_0.76	30	0.862958843159066	0.884315906562848	0.781979977753059	0.839377085650723	0.04	0.76	0.6801486857244	0.796774193548387	0.734749209218256
wdLC_k1_0.04_k2_0.76	40	0.927954971857411	0.929268292682927	0.892682926829269	0.820450281425891	0.04	0.76	0.6801486857244	0.796774193548387	0.734749209218256
wdLC_k1_0.04_k2_0.76	50	0.893109243697479	0.873613445378151	0.899927971188476	0.814453781512605	0.04	0.76	0.6801486857244	0.796774193548387	0.734749209218256
wdLC_k1_0.04_k2_0.76	60	0.895637677132537	0.880744651292026	0.906918588496805	0.831342039455404	0.04	0.76	0.6801486857244	0.796774193548387	0.734749209218256
wdLC_k1_0.04_k2_0.76	70	0.879800542384743	0.887638876738693	0.90527512903508	0.871402327005511	0.04	0.76	0.6801486857244	0.796774193548387	0.734749209218256
wdLC_k1_0.04_k2_0.76	80	0.860876699484295	0.878270042194093	0.900093764650727	0.881340834505392	0.04	0.76	0.6801486857244	0.796774193548387	0.734749209218256
wdLC_k1_0.04_k2_0.76	90	0.870979956373215	0.88958307609993	0.903889369057908	0.88773922706507	0.04	0.76	0.6801486857244	0.796774193548387	0.734749209218256
wdLC_k1_0.04_k2_0.76	100	0.884896489648965	0.900582058205821	0.912835283528353	0.895517551755176	0.04	0.76	0.6801486857244	0.796774193548387	0.734749209218256
wdLC_k1_0.04_k2_0.76	110	0.896787863760341	0.911394630660686	0.917011924351374	0.912909406487388	0.04	0.76	0.6801486857244	0.796774193548387	0.734749209218256
wdLC_k1_0.04_k2_0.76	120	0.900840336134454	0.909938190152094	0.918167928328356	0.918223487742204	0.04	0.76	0.6801486857244	0.796774193548387	0.734749209218256
wdLC_k1_0.04_k2_0.76	130	0.898892515260348	0.906250256046102	0.91546518455803	0.917529940324189	0.04	0.76	0.6801486857244	0.796774193548387	0.734749209218256
wdLC_k1_0.04_k2_0.76	140	0.904786687367431	0.908582799413965	0.919175176576065	0.91535282412368	0.04	0.76	0.6801486857244	0.796774193548387	0.734749209218256
wdLC_k1_0.04_k2_0.76	150	0.89199164407307	0.894352637895018	0.90451131161385	0.91075158895951	0.04	0.76	0.6801486857244	0.796774193548387	0.734749209218256
wdLC_k1_0.04_k2_0.76	160	0.895189265205672	0.894565217391304	0.906990507441697	0.903993320051564	0.04	0.76	0.6801486857244	0.796774193548387	0.734749209218256
wdLC_k1_0.04_k2_0.76	170	0.881791146854257	0.87924108914821	0.893315258211662	0.8952790957554	0.04	0.76	0.6801486857244	0.796774193548387	0.734749209218256
wdLC_k1_0.04_k2_0.76	180	0.876942703992922	0.873944669074149	0.88631336358118	0.886729014269988	0.04	0.76	0.6801486857244	0.796774193548387	0.734749209218256
wdLC_k1_0.04_k2_0.76	190	0.875851933498668	0.8664917092032	0.885948728715331	0.883833492982019	0.04	0.76	0.6801486857244	0.796774193548387	0.734749209218256
wdLC_k1_0.04_k2_0.76	200	0.867918697967449	0.85875196879922	0.877083927098177	0.879042976074402	0.04	0.76	0.6801486857244	0.796774193548387	0.734749209218256
wdLC_k1_0.04_k2_0.76	210	0.861883489421529	0.853227640406488	0.870674100157762	0.885671524783523	0.04	0.76	0.6801486857244	0.796774193548387	0.734749209218256
wdLC_k1_0.04_k2_0.76	220	0.859132326175034	0.841405814169714	0.868335371316838	0.885444289795619	0.04	0.76	0.6801486857244	0.796774193548387	0.734749209218256
wdLC_k1_0.04_k2_0.76	230	0.848988679822172	0.832256219193755	0.856521985703683	0.886801180592713	0.04	0.76	0.6801486857244	0.796774193548387	0.734749209218256
wdLC_k1_0.04_k2_0.76	240	0.841152624177503	0.824299901039949	0.849824649733502	0.898000833347801	0.04	0.76	0.6801486857244	0.796774193548387	0.734749209218256
wdLC_k1_0.04_k2_0.76	240	0.841152624177503	0.824299901039949	0.849824649733502	0.898000833347801	0.04	0.76	0.6801486857244	0.796774193548387	0.734749209218256
wdLC_k1_0.04_k2_0.76	250	0.827468343493496	0.80888167810685	0.836200643210291	0.898000833347801	0.04	0.76	0.6801486857244	0.796774193548387	0.734749209218256
wdLC_k1_0.04_k2_0.76	260	0.822085215188663	0.800559862628828	0.830238726790451	0.898000833347801	0.04	0.76	0.6801486857244	0.796774193548387	0.734749209218256
wdLC_k1_0.04_k2_0.76	270	0.810019646664868	0.782802080808912	0.820943741035923	0.898000833347801	0.04	0.76	0.6801486857244	0.796774193548387	0.734749209218256
wdLC_k1_0.04_k2_0.76	280	0.802092592288896	0.771852775090061	0.819794895343053	0.898000833347801	0.04	0.76	0.6801486857244	0.796774193548387	0.734749209218256
wdLC_k1_0.04_k2_0.76	290	0.788911344634464	0.761696129069557	0.80518133185396	0.898000833347801	0.04	0.76	0.6801486857244	0.796774193548387	0.734749209218256
wdLC_k1_0.04_k2_0.76	300	0.79184702052245	0.768512094578829	0.809911221235792	0.898000833347801	0.04	0.76	0.6801486857244	0.796774193548387	0.734749209218256
wdLC_k1_0.08_k2_0.04	10	0.709090909090909	0.212121212121212	-0.272727272727273	0.648484848484848	0.08	0.04	0.898486591733782	0.991397849462366	0.960777225485766
wdLC_k1_0.08_k2_0.04	20	0.738345864661654	0.714285714285714	0.434586466165414	0.723308270676692	0.08	0.04	0.898486591733782	0.991397849462366	0.960777225485766
wdLC_k1_0.08_k2_0.04	30	0.776195773081201	0.749499443826474	0.652502780867631	0.802002224694105	0.08	0.04	0.898486591733782	0.991397849462366	0.960777225485766
wdLC_k1_0.08_k2_0.04	40	0.797560975609756	0.778424015009381	0.74859287054409	0.76547842401501	0.08	0.04	0.898486591733782	0.991397849462366	0.960777225485766
wdLC_k1_0.08_k2_0.04	50	0.811764705882353	0.785642256902761	0.785258103241297	0.816182472989196	0.08	0.04	0.898486591733782	0.991397849462366	0.960777225485766
wdLC_k1_0.08_k2_0.04	60	0.793664906918589	0.780439010836344	0.7914420672409	0.794331758821895	0.08	0.04	0.898486591733782	0.991397849462366	0.960777225485766
wdLC_k1_0.08_k2_0.04	70	0.830635989852157	0.81842358498819	0.821852856268043	0.820418161140758	0.08	0.04	0.898486591733782	0.991397849462366	0.960777225485766
wdLC_k1_0.08_k2_0.04	80	0.817487107360525	0.82051101734646	0.83328645100797	0.85182841068917	0.08	0.04	0.898486591733782	0.991397849462366	0.960777225485766
wdLC_k1_0.08_k2_0.04	90	0.828522039757995	0.827748281680866	0.841626538255752	0.877647446186772	0.08	0.04	0.898486591733782	0.991397849462366	0.960777225485766
wdLC_k1_0.08_k2_0.04	100	0.822334233423342	0.82991899189919	0.838055805580558	0.884716471647165	0.08	0.04	0.898486591733782	0.991397849462366	0.960777225485766
wdLC_k1_0.08_k2_0.04	110	0.82041791583076	0.834420575704979	0.836530442035029	0.891891891891892	0.08	0.04	0.898486591733782	0.991397849462366	0.960777225485766
wdLC_k1_0.08_k2_0.04	120	0.824140565317036	0.839370789638169	0.840537537328981	0.902798805472602	0.08	0.04	0.898486591733782	0.991397849462366	0.960777225485766
wdLC_k1_0.08_k2_0.04	130	0.839790247033279	0.85043630255773	0.854828005298447	0.901716533067501	0.08	0.04	0.898486591733782	0.991397849462366	0.960777225485766
wdLC_k1_0.08_k2_0.04	140	0.839946644508102	0.845798255013011	0.85409022326212	0.901244232577464	0.08	0.04	0.898486591733782	0.991397849462366	0.960777225485766
wdLC_k1_0.08_k2_0.04	150	0.842688119471977	0.844174407751456	0.857046090937375	0.892023645495356	0.08	0.04	0.898486591733782	0.991397849462366	0.960777225485766
wdLC_k1_0.08_k2_0.04	160	0.832737606937771	0.831120356263916	0.845643384507207	0.882509082386031	0.08	0.04	0.898486591733782	0.991397849462366	0.960777225485766
wdLC_k1_0.08_k2_0.04	170	0.829050872918461	0.82626632714749	0.841354168574936	0.866314934569281	0.08	0.04	0.898486591733782	0.991397849462366	0.960777225485766
wdLC_k1_0.08_k2_0.04	180	0.824768254164223	0.819006759467885	0.836052553062337	0.859415414055989	0.08	0.04	0.898486591733782	0.991397849462366	0.960777225485766
wdLC_k1_0.08_k2_0.04	190	0.822792583553124	0.81490375152541	0.833856893542758	0.85225716997555	0.08	0.04	0.898486591733782	0.991397849462366	0.960777225485766
wdLC_k1_0.08_k2_0.04	200	0.816233405835146	0.806891172279307	0.827546688667217	0.855454886372159	0.08	0.04	0.898486591733782	0.991397849462366	0.960777225485766
wdLC_k1_0.08_k2_0.04	210	0.811307674615233	0.800073211896609	0.821040321614031	0.853677278072389	0.08	0.04	0.898486591733782	0.991397849462366	0.960777225485766
wdLC_k1_0.08_k2_0.04	220	0.799051069800466	0.787938894304728	0.808921296270209	0.859552695491455	0.08	0.04	0.898486591733782	0.991397849462366	0.960777225485766
wdLC_k1_0.08_k2_0.04	230	0.786054310223667	0.776154887451641	0.796059266345957	0.869427629518763	0.08	0.04	0.898486591733782	0.991397849462366	0.960777225485766
wdLC_k1_0.08_k2_0.04	240	0.769637493706488	0.758084341742044	0.775778225316412	0.882732339103109	0.08	0.04	0.898486591733782	0.991397849462366	0.960777225485766
wdLC_k1_0.08_k2_0.04	240	0.769637493706488	0.758084341742044	0.775778225316412	0.882732339103109	0.08	0.04	0.898486591733782	0.991397849462366	0.960777225485766
wdLC_k1_0.08_k2_0.04	250	0.764612681802909	0.75077156434503	0.772234435750972	0.882732339103109	0.08	0.04	0.898486591733782	0.991397849462366	0.960777225485766
wdLC_k1_0.08_k2_0.04	260	0.759950704778291	0.74337330889055	0.769858225030639	0.882732339103109	0.08	0.04	0.898486591733782	0.991397849462366	0.960777225485766
wdLC_k1_0.08_k2_0.04	270	0.760098522918315	0.739591001857974	0.76912775819208	0.882732339103109	0.08	0.04	0.898486591733782	0.991397849462366	0.960777225485766
wdLC_k1_0.08_k2_0.04	280	0.755622065150248	0.731051052036014	0.769837261043782	0.882732339103109	0.08	0.04	0.898486591733782	0.991397849462366	0.960777225485766
wdLC_k1_0.08_k2_0.04	290	0.749765854774607	0.726890352134246	0.759724069046702	0.882732339103109	0.08	0.04	0.898486591733782	0.991397849462366	0.960777225485766
wdLC_k1_0.08_k2_0.04	300	0.745508283425371	0.71919154657274	0.756240402671141	0.882732339103109	0.08	0.04	0.898486591733782	0.991397849462366	0.960777225485766
wdLC_k1_0.08_k2_0.12	10	0.636363636363636	0.175757575757576	-0.284848484848485	0.575757575757576	0.08	0.12	0.888574210107089	0.988172043010753	0.951558969724356
wdLC_k1_0.08_k2_0.12	20	0.706766917293233	0.67218045112782	0.455639097744361	0.729323308270677	0.08	0.12	0.888574210107089	0.988172043010753	0.951558969724356
wdLC_k1_0.08_k2_0.12	30	0.797107897664071	0.774860956618465	0.687208008898776	0.795328142380423	0.08	0.12	0.888574210107089	0.988172043010753	0.951558969724356
wdLC_k1_0.08_k2_0.12	40	0.821763602251407	0.770919324577861	0.773733583489681	0.754409005628518	0.08	0.12	0.888574210107089	0.988172043010753	0.951558969724356
wdLC_k1_0.08_k2_0.12	50	0.839903961584634	0.794285714285714	0.818583433373349	0.809651860744298	0.08	0.12	0.888574210107089	0.988172043010753	0.951558969724356
wdLC_k1_0.08_k2_0.12	60	0.844790219505418	0.814281744929147	0.842178382884135	0.796610169491526	0.08	0.12	0.888574210107089	0.988172043010753	0.951558969724356
wdLC_k1_0.08_k2_0.12	70	0.828781383955909	0.821537923191322	0.841343714460677	0.831125885749278	0.08	0.12	0.888574210107089	0.988172043010753	0.951558969724356
wdLC_k1_0.08_k2_0.12	80	0.821378340365682	0.825128926394749	0.851195499296765	0.849929676511955	0.08	0.12	0.888574210107089	0.988172043010753	0.951558969724356
wdLC_k1_0.08_k2_0.12	90	0.852574391900235	0.851175042186278	0.875013376136972	0.880791867308721	0.08	0.12	0.888574210107089	0.988172043010753	0.951558969724356
wdLC_k1_0.08_k2_0.12	100	0.841380138013802	0.852397239723972	0.864014401440144	0.887596759675968	0.08	0.12	0.888574210107089	0.988172043010753	0.951558969724356
wdLC_k1_0.08_k2_0.12	110	0.8489552104231	0.861046367468386	0.865861190631833	0.900259225029867	0.08	0.12	0.888574210107089	0.988172043010753	0.951558969724356
wdLC_k1_0.08_k2_0.12	120	0.860594485728175	0.87067157441489	0.877130356274741	0.90780609764567	0.08	0.12	0.888574210107089	0.988172043010753	0.951558969724356
wdLC_k1_0.08_k2_0.12	130	0.872230946756067	0.878212183697715	0.887367026724385	0.908582665337503	0.08	0.12	0.888574210107089	0.988172043010753	0.951558969724356
wdLC_k1_0.08_k2_0.12	140	0.863283112112134	0.868089479783954	0.877986486190987	0.907891802059872	0.08	0.12	0.888574210107089	0.988172043010753	0.951558969724356
wdLC_k1_0.08_k2_0.12	150	0.858998177696787	0.860605360238233	0.87467887461665	0.898032801457843	0.08	0.12	0.888574210107089	0.988172043010753	0.951558969724356
wdLC_k1_0.08_k2_0.12	160	0.853782374311497	0.851485409586312	0.869817180358608	0.889071838743701	0.08	0.12	0.888574210107089	0.988172043010753	0.951558969724356
wdLC_k1_0.08_k2_0.12	170	0.858479125066408	0.853850428368171	0.870899664755345	0.872008597895714	0.08	0.12	0.888574210107089	0.988172043010753	0.951558969724356
wdLC_k1_0.08_k2_0.12	180	0.853199172813976	0.847081700052471	0.865504079344013	0.863119232075064	0.08	0.12	0.888574210107089	0.988172043010753	0.951558969724356
wdLC_k1_0.08_k2_0.12	190	0.851774287376382	0.843096397188434	0.860861578028842	0.860812589939071	0.08	0.12	0.888574210107089	0.988172043010753	0.951558969724356
wdLC_k1_0.08_k2_0.12	200	0.842908572714318	0.834148353708843	0.852412810320258	0.86121503037576	0.08	0.12	0.888574210107089	0.988172043010753	0.951558969724356
wdLC_k1_0.08_k2_0.12	210	0.831505087578922	0.823044902216766	0.843029806312421	0.862908455974058	0.08	0.12	0.888574210107089	0.988172043010753	0.951558969724356
wdLC_k1_0.08_k2_0.12	220	0.820099964499642	0.809711320106163	0.828517493787438	0.866996500679015	0.08	0.12	0.888574210107089	0.988172043010753	0.951558969724356
wdLC_k1_0.08_k2_0.12	230	0.81287260299981	0.799986685044593	0.818745977773887	0.875355250407462	0.08	0.12	0.888574210107089	0.988172043010753	0.951558969724356
wdLC_k1_0.08_k2_0.12	240	0.794269865796281	0.782122085452872	0.800921891005052	0.887964200767374	0.08	0.12	0.888574210107089	0.988172043010753	0.951558969724356
wdLC_k1_0.08_k2_0.12	240	0.794269865796281	0.782122085452872	0.800921891005052	0.887964200767374	0.08	0.12	0.888574210107089	0.988172043010753	0.951558969724356
wdLC_k1_0.08_k2_0.12	250	0.783223155570489	0.76680535688571	0.789038544616714	0.887964200767374	0.08	0.12	0.888574210107089	0.988172043010753	0.951558969724356
wdLC_k1_0.08_k2_0.12	260	0.785630647699613	0.766386393972601	0.789342127273162	0.887964200767374	0.08	0.12	0.888574210107089	0.988172043010753	0.951558969724356
wdLC_k1_0.08_k2_0.12	270	0.781958295419385	0.7604832256501	0.793038465700642	0.887964200767374	0.08	0.12	0.888574210107089	0.988172043010753	0.951558969724356
wdLC_k1_0.08_k2_0.12	280	0.77439417047958	0.750756842743985	0.790109932160213	0.887964200767374	0.08	0.12	0.888574210107089	0.988172043010753	0.951558969724356
wdLC_k1_0.08_k2_0.12	290	0.771923484267926	0.749792916476517	0.787015549407902	0.887964200767374	0.08	0.12	0.888574210107089	0.988172043010753	0.951558969724356
wdLC_k1_0.08_k2_0.12	300	0.754599939999333	0.735401504461161	0.771849464994055	0.887964200767374	0.08	0.12	0.888574210107089	0.988172043010753	0.951558969724356
wdLC_k1_0.08_k2_0.2	10	0.660606060606061	0.2	-0.224242424242424	0.575757575757576	0.08	0.2	0.875741216036817	0.980645161290323	0.938816086760054
wdLC_k1_0.08_k2_0.2	20	0.742857142857143	0.673684210526316	0.524812030075188	0.726315789473684	0.08	0.2	0.875741216036817	0.980645161290323	0.938816086760054
wdLC_k1_0.08_k2_0.2	30	0.790433815350389	0.773526140155729	0.663181312569522	0.795328142380423	0.08	0.2	0.875741216036817	0.980645161290323	0.938816086760054
wdLC_k1_0.08_k2_0.2	40	0.81594746716698	0.786679174484053	0.76735459662289	0.755722326454034	0.08	0.2	0.875741216036817	0.980645161290323	0.938816086760054
wdLC_k1_0.08_k2_0.2	50	0.829435774309724	0.796782713085234	0.81234093637455	0.79390156062425	0.08	0.2	0.875741216036817	0.980645161290323	0.938816086760054
wdLC_k1_0.08_k2_0.2	60	0.832397888302306	0.81183662128369	0.837399277577105	0.808835787718811	0.08	0.2	0.875741216036817	0.980645161290323	0.938816086760054
wdLC_k1_0.08_k2_0.2	70	0.850441781121512	0.83952410112851	0.850511766249672	0.838369346513866	0.08	0.2	0.875741216036817	0.980645161290323	0.938816086760054
wdLC_k1_0.08_k2_0.2	80	0.839170182841069	0.839404594467886	0.86193155180497	0.853141115799344	0.08	0.2	0.875741216036817	0.980645161290323	0.938816086760054
wdLC_k1_0.08_k2_0.2	90	0.842927110342841	0.846483104910071	0.865300242828333	0.883228382104787	0.08	0.2	0.875741216036817	0.980645161290323	0.938816086760054
wdLC_k1_0.08_k2_0.2	100	0.848460846084609	0.85988598859886	0.86945094509451	0.888436843684369	0.08	0.2	0.875741216036817	0.980645161290323	0.938816086760054
wdLC_k1_0.08_k2_0.2	110	0.861884904086739	0.870513716385276	0.878412190338796	0.901260059058224	0.08	0.2	0.875741216036817	0.980645161290323	0.938816086760054
wdLC_k1_0.08_k2_0.2	120	0.861934856587263	0.871338287381068	0.877901243141885	0.908924230849365	0.08	0.2	0.875741216036817	0.980645161290323	0.938816086760054
wdLC_k1_0.08_k2_0.2	130	0.872973821846536	0.879315571699736	0.886891805159158	0.90902511300168	0.08	0.2	0.875741216036817	0.980645161290323	0.938816086760054
wdLC_k1_0.08_k2_0.2	140	0.869642037130174	0.873578098007916	0.883164592945704	0.903164155605607	0.08	0.2	0.875741216036817	0.980645161290323	0.938816086760054
wdLC_k1_0.08_k2_0.2	150	0.860861371616517	0.863311258278146	0.874607760344904	0.900098671052047	0.08	0.2	0.875741216036817	0.980645161290323	0.938816086760054
wdLC_k1_0.08_k2_0.2	160	0.854043126684636	0.853222782139927	0.869661900855502	0.893454822454002	0.08	0.2	0.875741216036817	0.980645161290323	0.938816086760054
wdLC_k1_0.08_k2_0.2	170	0.862404357569873	0.858176244649215	0.874900617363109	0.875100909251898	0.08	0.2	0.875741216036817	0.980645161290323	0.938816086760054
wdLC_k1_0.08_k2_0.2	180	0.851692953486219	0.848077615564266	0.862530736545367	0.864339434344682	0.08	0.2	0.875741216036817	0.980645161290323	0.938816086760054
wdLC_k1_0.08_k2_0.2	190	0.847748516142013	0.840046888600209	0.858632619944276	0.860721612058068	0.08	0.2	0.875741216036817	0.980645161290323	0.938816086760054
wdLC_k1_0.08_k2_0.2	200	0.845722643066077	0.836761419035476	0.854484362109053	0.865368634215855	0.08	0.2	0.875741216036817	0.980645161290323	0.938816086760054
wdLC_k1_0.08_k2_0.2	210	0.842367659778485	0.828134748763335	0.85062051941573	0.865584253611193	0.08	0.2	0.875741216036817	0.980645161290323	0.938816086760054
wdLC_k1_0.08_k2_0.2	220	0.83556797755025	0.823373886387585	0.843820965497033	0.868668961980807	0.08	0.2	0.875741216036817	0.980645161290323	0.938816086760054
wdLC_k1_0.08_k2_0.2	230	0.820490730078731	0.805771293449289	0.828867316469367	0.878572538151046	0.08	0.2	0.875741216036817	0.980645161290323	0.938816086760054
wdLC_k1_0.08_k2_0.2	240	0.809616486397333	0.79471171374503	0.819364051459227	0.890072744318478	0.08	0.2	0.875741216036817	0.980645161290323	0.938816086760054
wdLC_k1_0.08_k2_0.2	240	0.809616486397333	0.79471171374503	0.819364051459227	0.890072744318478	0.08	0.2	0.875741216036817	0.980645161290323	0.938816086760054
wdLC_k1_0.08_k2_0.2	250	0.798851437623002	0.779377718043489	0.805948639178227	0.890072744318478	0.08	0.2	0.875741216036817	0.980645161290323	0.938816086760054
wdLC_k1_0.08_k2_0.2	260	0.791384260349777	0.765804683046062	0.797919632402391	0.890072744318478	0.08	0.2	0.875741216036817	0.980645161290323	0.938816086760054
wdLC_k1_0.08_k2_0.2	270	0.779169657867582	0.755238221527197	0.79186058031584	0.890072744318478	0.08	0.2	0.875741216036817	0.980645161290323	0.938816086760054
wdLC_k1_0.08_k2_0.2	280	0.767952397352007	0.747824042945154	0.783772569985404	0.890072744318478	0.08	0.2	0.875741216036817	0.980645161290323	0.938816086760054
wdLC_k1_0.08_k2_0.2	290	0.759400312685665	0.737901020595185	0.774092848699255	0.890072744318478	0.08	0.2	0.875741216036817	0.980645161290323	0.938816086760054
wdLC_k1_0.08_k2_0.2	300	0.766049844998278	0.737961977355304	0.779680218669096	0.890072744318478	0.08	0.2	0.875741216036817	0.980645161290323	0.938816086760054
wdLC_k1_0.08_k2_0.28	10	0.733333333333333	0.224242424242424	-0.260606060606061	0.612121212121212	0.08	0.28	0.85724400389415	0.967204301075269	0.918843199277
wdLC_k1_0.08_k2_0.28	20	0.793984962406015	0.762406015037594	0.493233082706767	0.75187969924812	0.08	0.28	0.85724400389415	0.967204301075269	0.918843199277
wdLC_k1_0.08_k2_0.28	30	0.848275862068966	0.842046718576196	0.728142380422692	0.809121245828699	0.08	0.28	0.85724400389415	0.967204301075269	0.918843199277
wdLC_k1_0.08_k2_0.28	40	0.831332082551595	0.822514071294559	0.782739212007505	0.843151969981238	0.08	0.28	0.85724400389415	0.967204301075269	0.918843199277
wdLC_k1_0.08_k2_0.28	50	0.855174069627851	0.831452581032413	0.835678271308523	0.795438175270108	0.08	0.28	0.85724400389415	0.967204301075269	0.918843199277
wdLC_k1_0.08_k2_0.28	60	0.860905807168658	0.837065851625452	0.849069185884968	0.820672409002501	0.08	0.28	0.85724400389415	0.967204301075269	0.918843199277
wdLC_k1_0.08_k2_0.28	70	0.865278628291488	0.86058962470475	0.865278628291488	0.853101215991602	0.08	0.28	0.85724400389415	0.967204301075269	0.918843199277
wdLC_k1_0.08_k2_0.28	80	0.852156586966714	0.858204406938584	0.874589779653071	0.867346460384435	0.08	0.28	0.85724400389415	0.967204301075269	0.918843199277
wdLC_k1_0.08_k2_0.28	90	0.86447709593777	0.868839774457752	0.88629048853768	0.891723258015393	0.08	0.28	0.85724400389415	0.967204301075269	0.918843199277
wdLC_k1_0.08_k2_0.28	100	0.847284728472847	0.863822382238224	0.87005100510051	0.906222622262226	0.08	0.28	0.85724400389415	0.967204301075269	0.918843199277
wdLC_k1_0.08_k2_0.28	110	0.858656988932218	0.87462525077204	0.876067894416518	0.915812726821901	0.08	0.28	0.85724400389415	0.967204301075269	0.918843199277
wdLC_k1_0.08_k2_0.28	120	0.867087992221682	0.880172234182929	0.884533648170012	0.924619765261476	0.08	0.28	0.85724400389415	0.967204301075269	0.918843199277
wdLC_k1_0.08_k2_0.28	130	0.881216457960644	0.890398612571522	0.895773532343744	0.920774556528151	0.08	0.28	0.85724400389415	0.967204301075269	0.918843199277
wdLC_k1_0.08_k2_0.28	140	0.885281319017734	0.890975487087534	0.898554590977674	0.915755177013405	0.08	0.28	0.85724400389415	0.967204301075269	0.918843199277
wdLC_k1_0.08_k2_0.28	150	0.878408818169697	0.87986310502689	0.890967598559936	0.909503533490377	0.08	0.28	0.85724400389415	0.967204301075269	0.918843199277
wdLC_k1_0.08_k2_0.28	160	0.869811320754717	0.87020977381929	0.881331302003984	0.899979491386382	0.08	0.28	0.85724400389415	0.967204301075269	0.918843199277
wdLC_k1_0.08_k2_0.28	170	0.867147855716563	0.86346443903005	0.879233761396181	0.891485762788454	0.08	0.28	0.85724400389415	0.967204301075269	0.918843199277
wdLC_k1_0.08_k2_0.28	180	0.856468821054148	0.850232003045361	0.86816053993436	0.879134129654208	0.08	0.28	0.85724400389415	0.967204301075269	0.918843199277
wdLC_k1_0.08_k2_0.28	190	0.857266202154601	0.849289891395155	0.868668180048726	0.87678970550285	0.08	0.28	0.85724400389415	0.967204301075269	0.918843199277
wdLC_k1_0.08_k2_0.28	200	0.84380709517738	0.832567314182855	0.85550438760969	0.875108377709443	0.08	0.28	0.85724400389415	0.967204301075269	0.918843199277
wdLC_k1_0.08_k2_0.28	210	0.83754604088852	0.824595957796257	0.849489298429184	0.87454979542782	0.08	0.28	0.85724400389415	0.967204301075269	0.918843199277
wdLC_k1_0.08_k2_0.28	220	0.833100984430557	0.818622473416994	0.843091799417343	0.87794413483374	0.08	0.28	0.85724400389415	0.967204301075269	0.918843199277
wdLC_k1_0.08_k2_0.28	230	0.815037516119726	0.801826121476777	0.826460761566135	0.884458734734034	0.08	0.28	0.85724400389415	0.967204301075269	0.918843199277
wdLC_k1_0.08_k2_0.28	240	0.808951544297644	0.794774214830119	0.821687008455008	0.895594541571902	0.08	0.28	0.85724400389415	0.967204301075269	0.918843199277
wdLC_k1_0.08_k2_0.28	240	0.808951544297644	0.794774214830119	0.821687008455008	0.895594541571902	0.08	0.28	0.85724400389415	0.967204301075269	0.918843199277
wdLC_k1_0.08_k2_0.28	250	0.808943887102194	0.791132146114338	0.817033360533769	0.895594541571902	0.08	0.28	0.85724400389415	0.967204301075269	0.918843199277
wdLC_k1_0.08_k2_0.28	260	0.797771473633542	0.7761061554165	0.806324399427848	0.895594541571902	0.08	0.28	0.85724400389415	0.967204301075269	0.918843199277
wdLC_k1_0.08_k2_0.28	270	0.78904206885935	0.768143138680457	0.801715310833406	0.895594541571902	0.08	0.28	0.85724400389415	0.967204301075269	0.918843199277
wdLC_k1_0.08_k2_0.28	280	0.773887968687647	0.751885137018876	0.787952834675369	0.895594541571902	0.08	0.28	0.85724400389415	0.967204301075269	0.918843199277
wdLC_k1_0.08_k2_0.28	290	0.76934819430794	0.740860586722299	0.783855726686651	0.895594541571902	0.08	0.28	0.85724400389415	0.967204301075269	0.918843199277
wdLC_k1_0.08_k2_0.28	300	0.777713085700952	0.749005211169013	0.794304825609174	0.895594541571902	0.08	0.28	0.85724400389415	0.967204301075269	0.918843199277
wdLC_k1_0.08_k2_0.36	10	0.757575757575757	0.490909090909091	0.103030303030303	0.721212121212121	0.08	0.36	0.820780600053102	0.933512544802867	0.880976050610032
wdLC_k1_0.08_k2_0.36	20	0.828571428571429	0.806015037593985	0.633082706766917	0.778947368421053	0.08	0.36	0.820780600053102	0.933512544802867	0.880976050610032
wdLC_k1_0.08_k2_0.36	30	0.877641824249166	0.876307007786429	0.790433815350389	0.820689655172414	0.08	0.36	0.820780600053102	0.933512544802867	0.880976050610032
wdLC_k1_0.08_k2_0.36	40	0.87016885553471	0.844277673545967	0.85328330206379	0.848780487804878	0.08	0.36	0.820780600053102	0.933512544802867	0.880976050610032
wdLC_k1_0.08_k2_0.36	50	0.873805522208884	0.842016806722689	0.869099639855942	0.784105642256903	0.08	0.36	0.820780600053102	0.933512544802867	0.880976050610032
wdLC_k1_0.08_k2_0.36	60	0.860461239233121	0.841011392053348	0.877188107807725	0.818560711308697	0.08	0.36	0.820780600053102	0.933512544802867	0.880976050610032
wdLC_k1_0.08_k2_0.36	70	0.86587350188085	0.862899133934039	0.888653661097017	0.864963695214767	0.08	0.36	0.820780600053102	0.933512544802867	0.880976050610032
wdLC_k1_0.08_k2_0.36	80	0.86305672761369	0.867885607126113	0.898546647913737	0.869034224097515	0.08	0.36	0.820780600053102	0.933512544802867	0.880976050610032
wdLC_k1_0.08_k2_0.36	90	0.863653949047207	0.875359097831008	0.895740214841339	0.883063752726674	0.08	0.36	0.820780600053102	0.933512544802867	0.880976050610032
wdLC_k1_0.08_k2_0.36	100	0.884872487248725	0.893813381338134	0.909270927092709	0.891065106510651	0.08	0.36	0.820780600053102	0.933512544802867	0.880976050610032
wdLC_k1_0.08_k2_0.36	110	0.88404751707504	0.896977210738679	0.905236345603318	0.912233167279039	0.08	0.36	0.820780600053102	0.933512544802867	0.880976050610032
wdLC_k1_0.08_k2_0.36	120	0.892131398013751	0.899333287033821	0.909945135078825	0.916049725675394	0.08	0.36	0.820780600053102	0.933512544802867	0.880976050610032
wdLC_k1_0.08_k2_0.36	130	0.90242663425692	0.908500730584878	0.91756817654208	0.913493288178181	0.08	0.36	0.820780600053102	0.933512544802867	0.880976050610032
wdLC_k1_0.08_k2_0.36	140	0.893494566049288	0.899035665084954	0.908565305810063	0.912921213181431	0.08	0.36	0.820780600053102	0.933512544802867	0.880976050610032
wdLC_k1_0.08_k2_0.36	150	0.899732432552558	0.899309302635673	0.912977465665141	0.908660829370194	0.08	0.36	0.820780600053102	0.933512544802867	0.880976050610032
wdLC_k1_0.08_k2_0.36	160	0.885925231454354	0.885655689675378	0.899062463377476	0.908097972577054	0.08	0.36	0.820780600053102	0.933512544802867	0.880976050610032
wdLC_k1_0.08_k2_0.36	170	0.880386661048724	0.877743785150311	0.890787183761702	0.894040705662521	0.08	0.36	0.820780600053102	0.933512544802867	0.880976050610032
wdLC_k1_0.08_k2_0.36	180	0.874000226344435	0.868629690216776	0.88477216374991	0.881936685288641	0.08	0.36	0.820780600053102	0.933512544802867	0.880976050610032
wdLC_k1_0.08_k2_0.36	190	0.873215324524225	0.866906358391616	0.882610540312387	0.878446552681879	0.08	0.36	0.820780600053102	0.933512544802867	0.880976050610032
wdLC_k1_0.08_k2_0.36	200	0.863133578339459	0.854451361284032	0.873594839870997	0.879981999549989	0.08	0.36	0.820780600053102	0.933512544802867	0.880976050610032
wdLC_k1_0.08_k2_0.36	210	0.860249503552073	0.847471759968642	0.870411055644281	0.878212981829844	0.08	0.36	0.820780600053102	0.933512544802867	0.880976050610032
wdLC_k1_0.08_k2_0.36	220	0.859840079340482	0.844259366741236	0.870600632244468	0.885160286933051	0.08	0.36	0.820780600053102	0.933512544802867	0.880976050610032
wdLC_k1_0.08_k2_0.36	230	0.844454690932762	0.829833883602633	0.854490222137839	0.885908585433932	0.08	0.36	0.820780600053102	0.933512544802867	0.880976050610032
wdLC_k1_0.08_k2_0.36	240	0.828852931474505	0.812235455476657	0.839470303303877	0.896741262869147	0.08	0.36	0.820780600053102	0.933512544802867	0.880976050610032
wdLC_k1_0.08_k2_0.36	240	0.828852931474505	0.812235455476657	0.839470303303877	0.896741262869147	0.08	0.36	0.820780600053102	0.933512544802867	0.880976050610032
wdLC_k1_0.08_k2_0.36	250	0.830780780492488	0.806533096529545	0.840584457351318	0.896741262869147	0.08	0.36	0.820780600053102	0.933512544802867	0.880976050610032
wdLC_k1_0.08_k2_0.36	260	0.814206855586166	0.791938660904178	0.82479850066057	0.896741262869147	0.08	0.36	0.820780600053102	0.933512544802867	0.880976050610032
wdLC_k1_0.08_k2_0.36	270	0.794914424980681	0.772943692262201	0.804362504591589	0.896741262869147	0.08	0.36	0.820780600053102	0.933512544802867	0.880976050610032
wdLC_k1_0.08_k2_0.36	280	0.791037604342621	0.769335979139676	0.804137625662135	0.896741262869147	0.08	0.36	0.820780600053102	0.933512544802867	0.880976050610032
wdLC_k1_0.08_k2_0.36	290	0.779182416782192	0.757704282022297	0.794907233715929	0.896741262869147	0.08	0.36	0.820780600053102	0.933512544802867	0.880976050610032
wdLC_k1_0.08_k2_0.36	300	0.790153668374093	0.767940532672585	0.805193391037678	0.896741262869147	0.08	0.36	0.820780600053102	0.933512544802867	0.880976050610032
wdLC_k1_0.08_k2_0.44	10	0.575757575757576	0.503030303030303	0.321212121212121	0.745454545454545	0.08	0.44	0.776971413399416	0.895340501792115	0.835698147311342
wdLC_k1_0.08_k2_0.44	20	0.813533834586466	0.801503759398496	0.673684210526316	0.769924812030075	0.08	0.44	0.776971413399416	0.895340501792115	0.835698147311342
wdLC_k1_0.08_k2_0.44	30	0.881646273637375	0.852725250278087	0.809566184649611	0.805561735261401	0.08	0.44	0.776971413399416	0.895340501792115	0.835698147311342
wdLC_k1_0.08_k2_0.44	40	0.887429643527205	0.851219512195122	0.881238273921201	0.85797373358349	0.08	0.44	0.776971413399416	0.895340501792115	0.835698147311342
wdLC_k1_0.08_k2_0.44	50	0.890612244897959	0.84797118847539	0.890612244897959	0.791980792316927	0.08	0.44	0.776971413399416	0.895340501792115	0.835698147311342
wdLC_k1_0.08_k2_0.44	60	0.880188941372604	0.857071408724646	0.902083912197833	0.826229508196722	0.08	0.44	0.776971413399416	0.895340501792115	0.835698147311342
wdLC_k1_0.08_k2_0.44	70	0.878470824949698	0.875286501618406	0.906779809290526	0.861429446242673	0.08	0.44	0.776971413399416	0.895340501792115	0.835698147311342
wdLC_k1_0.08_k2_0.44	80	0.88033286451008	0.880121894045945	0.908063759962494	0.88539615564932	0.08	0.44	0.776971413399416	0.895340501792115	0.835698147311342
wdLC_k1_0.08_k2_0.44	90	0.87945836934601	0.888677614520311	0.912038523274478	0.886224636786435	0.08	0.44	0.776971413399416	0.895340501792115	0.835698147311342
wdLC_k1_0.08_k2_0.44	100	0.896561656165617	0.903258325832583	0.920744074407441	0.894089408940894	0.08	0.44	0.776971413399416	0.895340501792115	0.835698147311342
wdLC_k1_0.08_k2_0.44	110	0.897960011721479	0.908527376417285	0.919284088091428	0.912476613394045	0.08	0.44	0.776971413399416	0.895340501792115	0.835698147311342
wdLC_k1_0.08_k2_0.44	120	0.903340509757622	0.909035349677061	0.920862559899993	0.918008195013542	0.08	0.44	0.776971413399416	0.895340501792115	0.835698147311342
wdLC_k1_0.08_k2_0.44	130	0.907550287454424	0.912439061027735	0.923625885919513	0.916115200262191	0.08	0.44	0.776971413399416	0.895340501792115	0.835698147311342
wdLC_k1_0.08_k2_0.44	140	0.903041700378299	0.905438324112746	0.917946250902014	0.916612363604557	0.08	0.44	0.776971413399416	0.895340501792115	0.835698147311342
wdLC_k1_0.08_k2_0.44	150	0.909115960709365	0.908209253744611	0.922005422463221	0.913997955464687	0.08	0.44	0.776971413399416	0.895340501792115	0.835698147311342
wdLC_k1_0.08_k2_0.44	160	0.89781436774874	0.896692253603656	0.910960389077698	0.905812727059651	0.08	0.44	0.776971413399416	0.895340501792115	0.835698147311342
wdLC_k1_0.08_k2_0.44	170	0.890196078431373	0.887741281501701	0.901063134690189	0.893442272580163	0.08	0.44	0.776971413399416	0.895340501792115	0.835698147311342
wdLC_k1_0.08_k2_0.44	180	0.88720845293579	0.881146537444571	0.893677788409107	0.886482093068716	0.08	0.44	0.776971413399416	0.895340501792115	0.835698147311342
wdLC_k1_0.08_k2_0.44	190	0.881532802337432	0.872679954686017	0.893309189203375	0.877664492820183	0.08	0.44	0.776971413399416	0.895340501792115	0.835698147311342
wdLC_k1_0.08_k2_0.44	200	0.872142803570089	0.863933098327458	0.883049576239406	0.881891547288682	0.08	0.44	0.776971413399416	0.895340501792115	0.835698147311342
wdLC_k1_0.08_k2_0.44	210	0.864214608040999	0.855750535321501	0.874111819833945	0.880455987016227	0.08	0.44	0.776971413399416	0.895340501792115	0.835698147311342
wdLC_k1_0.08_k2_0.44	220	0.857548897516666	0.84502459667649	0.868925916951703	0.883964544721999	0.08	0.44	0.776971413399416	0.895340501792115	0.835698147311342
wdLC_k1_0.08_k2_0.44	230	0.857542798951571	0.842022492411708	0.867245949417964	0.887054657891947	0.08	0.44	0.776971413399416	0.895340501792115	0.835698147311342
wdLC_k1_0.08_k2_0.44	240	0.836147328946683	0.817750308165072	0.846111043594507	0.897095435684647	0.08	0.44	0.776971413399416	0.895340501792115	0.835698147311342
wdLC_k1_0.08_k2_0.44	240	0.836147328946683	0.817750308165072	0.846111043594507	0.897095435684647	0.08	0.44	0.776971413399416	0.895340501792115	0.835698147311342
wdLC_k1_0.08_k2_0.44	250	0.829764700235204	0.807696635146162	0.840539144626314	0.897095435684647	0.08	0.44	0.776971413399416	0.895340501792115	0.835698147311342
wdLC_k1_0.08_k2_0.44	260	0.814537993848339	0.792088867950937	0.82661190937053	0.897095435684647	0.08	0.44	0.776971413399416	0.895340501792115	0.835698147311342
wdLC_k1_0.08_k2_0.44	270	0.796140474415896	0.775692091493406	0.809751391194209	0.897095435684647	0.08	0.44	0.776971413399416	0.895340501792115	0.835698147311342
wdLC_k1_0.08_k2_0.44	280	0.790820035969847	0.767147175711061	0.805661150925759	0.897095435684647	0.08	0.44	0.776971413399416	0.895340501792115	0.835698147311342
wdLC_k1_0.08_k2_0.44	290	0.785042013292216	0.763394619887645	0.801483227280164	0.897095435684647	0.08	0.44	0.776971413399416	0.895340501792115	0.835698147311342
wdLC_k1_0.08_k2_0.44	300	0.795050611673463	0.772808142312692	0.811430349226103	0.897095435684647	0.08	0.44	0.776971413399416	0.895340501792115	0.835698147311342
wdLC_k1_0.08_k2_0.52	10	0.721212121212121	0.454545454545455	0.0545454545454545	0.745454545454545	0.08	0.52	0.725816443933091	0.846774193548387	0.783099864437415
wdLC_k1_0.08_k2_0.52	20	0.774436090225564	0.766917293233083	0.578947368421053	0.756390977443609	0.08	0.52	0.725816443933091	0.846774193548387	0.783099864437415
wdLC_k1_0.08_k2_0.52	30	0.867408231368187	0.87007786429366	0.751724137931035	0.818020022246941	0.08	0.52	0.725816443933091	0.846774193548387	0.783099864437415
wdLC_k1_0.08_k2_0.52	40	0.916322701688556	0.91031894934334	0.870731707317073	0.808255159474672	0.08	0.52	0.725816443933091	0.846774193548387	0.783099864437415
wdLC_k1_0.08_k2_0.52	50	0.883889555822329	0.854117647058824	0.882929171668667	0.807635054021609	0.08	0.52	0.725816443933091	0.846774193548387	0.783099864437415
wdLC_k1_0.08_k2_0.52	60	0.883856626840789	0.867463184217839	0.899972214504029	0.827618782995277	0.08	0.52	0.725816443933091	0.846774193548387	0.783099864437415
wdLC_k1_0.08_k2_0.52	70	0.878820750590499	0.878295862129298	0.898556556731695	0.86594348700901	0.08	0.52	0.725816443933091	0.846774193548387	0.783099864437415
wdLC_k1_0.08_k2_0.52	80	0.863220815752461	0.874706985466479	0.897937177684013	0.874894514767932	0.08	0.52	0.725816443933091	0.846774193548387	0.783099864437415
wdLC_k1_0.08_k2_0.52	90	0.874766432069803	0.887788615878504	0.904004609622587	0.889089187965593	0.08	0.52	0.725816443933091	0.846774193548387	0.783099864437415
wdLC_k1_0.08_k2_0.52	100	0.893297329732974	0.903474347434743	0.915643564356436	0.898649864986499	0.08	0.52	0.725816443933091	0.846774193548387	0.783099864437415
wdLC_k1_0.08_k2_0.52	110	0.891468115321326	0.903937966323287	0.911674142866803	0.916597164303586	0.08	0.52	0.725816443933091	0.846774193548387	0.783099864437415
wdLC_k1_0.08_k2_0.52	120	0.895201055628863	0.90312521702896	0.911493853739843	0.920147232446697	0.08	0.52	0.725816443933091	0.846774193548387	0.783099864437415
wdLC_k1_0.08_k2_0.52	130	0.899646314984501	0.90540359693564	0.915131983230687	0.919594696090347	0.08	0.52	0.725816443933091	0.846774193548387	0.783099864437415
wdLC_k1_0.08_k2_0.52	140	0.900605716035075	0.904314360062103	0.913625330738449	0.921431851479303	0.08	0.52	0.725816443933091	0.846774193548387	0.783099864437415
wdLC_k1_0.08_k2_0.52	150	0.903362816125161	0.902879239077292	0.91415085114894	0.919864882883684	0.08	0.52	0.725816443933091	0.846774193548387	0.783099864437415
wdLC_k1_0.08_k2_0.52	160	0.907151646548693	0.904380053908356	0.917326848705027	0.909565803351693	0.08	0.52	0.725816443933091	0.846774193548387	0.783099864437415
wdLC_k1_0.08_k2_0.52	170	0.90021067287083	0.894482813368262	0.909091908329822	0.90073094326488	0.08	0.52	0.725816443933091	0.846774193548387	0.783099864437415
wdLC_k1_0.08_k2_0.52	180	0.889965739683324	0.884218648723726	0.900105970348879	0.892941140158647	0.08	0.52	0.725816443933091	0.846774193548387	0.783099864437415
wdLC_k1_0.08_k2_0.52	190	0.879590774492952	0.873385033263788	0.890494123616196	0.885332878443929	0.08	0.52	0.725816443933091	0.846774193548387	0.783099864437415
wdLC_k1_0.08_k2_0.52	200	0.871499287482187	0.864929123228081	0.882529063226581	0.884888622215556	0.08	0.52	0.725816443933091	0.846774193548387	0.783099864437415
wdLC_k1_0.08_k2_0.52	210	0.871604474348301	0.864491906198067	0.883139559368045	0.885105266397359	0.08	0.52	0.725816443933091	0.846774193548387	0.783099864437415
wdLC_k1_0.08_k2_0.52	220	0.859307010475423	0.846679026050501	0.870611902199332	0.890743422572593	0.08	0.52	0.725816443933091	0.846774193548387	0.783099864437415
wdLC_k1_0.08_k2_0.52	230	0.849064624382642	0.83298311712969	0.860530280427755	0.895134370091651	0.08	0.52	0.725816443933091	0.846774193548387	0.783099864437415
wdLC_k1_0.08_k2_0.52	240	0.846049410580045	0.830597753433219	0.859604333408566	0.900218753797809	0.08	0.52	0.725816443933091	0.846774193548387	0.783099864437415
wdLC_k1_0.08_k2_0.52	240	0.846049410580045	0.830597753433219	0.859604333408566	0.900218753797809	0.08	0.52	0.725816443933091	0.846774193548387	0.783099864437415
wdLC_k1_0.08_k2_0.52	250	0.828572745163923	0.812361541784669	0.845213267412279	0.900218753797809	0.08	0.52	0.725816443933091	0.846774193548387	0.783099864437415
wdLC_k1_0.08_k2_0.52	260	0.820979145117076	0.798042529077012	0.837336692509106	0.900218753797809	0.08	0.52	0.725816443933091	0.846774193548387	0.783099864437415
wdLC_k1_0.08_k2_0.52	270	0.807609615129609	0.781250466779761	0.825591876736611	0.900218753797809	0.08	0.52	0.725816443933091	0.846774193548387	0.783099864437415
wdLC_k1_0.08_k2_0.52	280	0.795200922752295	0.766868928721758	0.813132273917488	0.900218753797809	0.08	0.52	0.725816443933091	0.846774193548387	0.783099864437415
wdLC_k1_0.08_k2_0.52	290	0.793756373338319	0.768565865107257	0.811270706814752	0.900218753797809	0.08	0.52	0.725816443933091	0.846774193548387	0.783099864437415
wdLC_k1_0.08_k2_0.52	300	0.782617584639829	0.754485716507961	0.801160901787798	0.900218753797809	0.08	0.52	0.725816443933091	0.846774193548387	0.783099864437415
wdLC_k1_0.08_k2_0.6	10	0.721212121212121	0.454545454545455	0.0545454545454545	0.745454545454545	0.08	0.6	0.675989025577485	0.795878136200717	0.729145955716222
wdLC_k1_0.08_k2_0.6	20	0.792481203007519	0.781954887218045	0.622556390977444	0.778947368421053	0.08	0.6	0.675989025577485	0.795878136200717	0.729145955716222
wdLC_k1_0.08_k2_0.6	30	0.873192436040045	0.868298109010011	0.770856507230256	0.826473859844271	0.08	0.6	0.675989025577485	0.795878136200717	0.729145955716222
wdLC_k1_0.08_k2_0.6	40	0.906191369606004	0.89718574108818	0.870731707317073	0.804127579737336	0.08	0.6	0.675989025577485	0.795878136200717	0.729145955716222
wdLC_k1_0.08_k2_0.6	50	0.885714285714286	0.851524609843938	0.889939975990396	0.820792316926771	0.08	0.6	0.675989025577485	0.795878136200717	0.729145955716222
wdLC_k1_0.08_k2_0.6	60	0.885746040566824	0.865184773548208	0.906029452625729	0.833731592108919	0.08	0.6	0.675989025577485	0.795878136200717	0.729145955716222
wdLC_k1_0.08_k2_0.6	70	0.883299798792756	0.878610795206019	0.904400314933077	0.868672907007261	0.08	0.6	0.675989025577485	0.795878136200717	0.729145955716222
wdLC_k1_0.08_k2_0.6	80	0.86446319737459	0.873136427566807	0.900937646507267	0.887107360525082	0.08	0.6	0.675989025577485	0.795878136200717	0.729145955716222
wdLC_k1_0.08_k2_0.6	90	0.877021854549945	0.887821541754126	0.906967938428613	0.886274025599868	0.08	0.6	0.675989025577485	0.795878136200717	0.729145955716222
wdLC_k1_0.08_k2_0.6	100	0.892829282928293	0.90001800180018	0.916243624362436	0.897509750975098	0.08	0.6	0.675989025577485	0.795878136200717	0.729145955716222
wdLC_k1_0.08_k2_0.6	110	0.894452584360841	0.904992899488312	0.914379099700201	0.914802876270766	0.08	0.6	0.675989025577485	0.795878136200717	0.729145955716222
wdLC_k1_0.08_k2_0.6	120	0.898736023334954	0.905562886311549	0.915417737342871	0.920668101951524	0.08	0.6	0.675989025577485	0.795878136200717	0.729145955716222
wdLC_k1_0.08_k2_0.6	130	0.90106651736334	0.905638476559833	0.916071501727458	0.920665310191318	0.08	0.6	0.675989025577485	0.795878136200717	0.729145955716222
wdLC_k1_0.08_k2_0.6	140	0.906934027246288	0.908071111499858	0.920539677680348	0.915444665544161	0.08	0.6	0.675989025577485	0.795878136200717	0.729145955716222
wdLC_k1_0.08_k2_0.6	150	0.896884305969154	0.8971509844882	0.908970176452287	0.915395350904485	0.08	0.6	0.675989025577485	0.795878136200717	0.729145955716222
wdLC_k1_0.08_k2_0.6	160	0.898992148130786	0.896129731630142	0.910166412750498	0.910377358490566	0.08	0.6	0.675989025577485	0.795878136200717	0.729145955716222
wdLC_k1_0.08_k2_0.6	170	0.885000702242903	0.880630919449686	0.895115442626755	0.896676253808905	0.08	0.6	0.675989025577485	0.795878136200717	0.729145955716222
wdLC_k1_0.08_k2_0.6	180	0.877370700741792	0.872812946901653	0.891058365998951	0.88729899070959	0.08	0.6	0.675989025577485	0.795878136200717	0.729145955716222
wdLC_k1_0.08_k2_0.6	190	0.879998425382829	0.870027599539862	0.889341153931951	0.883933218736195	0.08	0.6	0.675989025577485	0.795878136200717	0.729145955716222
wdLC_k1_0.08_k2_0.6	200	0.873675841896048	0.865470636765919	0.881980049501238	0.880145503637591	0.08	0.6	0.675989025577485	0.795878136200717	0.729145955716222
wdLC_k1_0.08_k2_0.6	210	0.871914167149887	0.860149728046959	0.879199074808953	0.881627377361975	0.08	0.6	0.675989025577485	0.795878136200717	0.729145955716222
wdLC_k1_0.08_k2_0.6	220	0.864655731053797	0.849152781143112	0.872586398291475	0.886555507345193	0.08	0.6	0.675989025577485	0.795878136200717	0.729145955716222
wdLC_k1_0.08_k2_0.6	230	0.854787096328771	0.834459597740403	0.86380477316494	0.891748426246243	0.08	0.6	0.675989025577485	0.795878136200717	0.729145955716222
wdLC_k1_0.08_k2_0.6	240	0.84283928540426	0.826226149759544	0.853571242556294	0.897004288268893	0.08	0.6	0.675989025577485	0.795878136200717	0.729145955716222
wdLC_k1_0.08_k2_0.6	240	0.84283928540426	0.826226149759544	0.853571242556294	0.897004288268893	0.08	0.6	0.675989025577485	0.795878136200717	0.729145955716222
wdLC_k1_0.08_k2_0.6	250	0.82695147122354	0.808060672970768	0.840051456823309	0.897004288268893	0.08	0.6	0.675989025577485	0.795878136200717	0.729145955716222
wdLC_k1_0.08_k2_0.6	260	0.815982029775133	0.792878137705724	0.829420098385615	0.897004288268893	0.08	0.6	0.675989025577485	0.795878136200717	0.729145955716222
wdLC_k1_0.08_k2_0.6	270	0.797163503233545	0.773871002650547	0.812227876925609	0.897004288268893	0.08	0.6	0.675989025577485	0.795878136200717	0.729145955716222
wdLC_k1_0.08_k2_0.6	280	0.79632265717675	0.772981616019155	0.810895364919013	0.897004288268893	0.08	0.6	0.675989025577485	0.795878136200717	0.729145955716222
wdLC_k1_0.08_k2_0.6	290	0.795049430658694	0.768148622866892	0.809118071435513	0.897004288268893	0.08	0.6	0.675989025577485	0.795878136200717	0.729145955716222
wdLC_k1_0.08_k2_0.6	300	0.786608740097112	0.758354203935599	0.804690718785764	0.897004288268893	0.08	0.6	0.675989025577485	0.795878136200717	0.729145955716222
wdLC_k1_0.08_k2_0.68	10	0.721212121212121	0.696969696969697	0.345454545454545	0.733333333333333	0.08	0.68	0.62483405611116	0.741218637992832	0.669588793492996
wdLC_k1_0.08_k2_0.68	20	0.815037593984962	0.833082706766917	0.703759398496241	0.757894736842105	0.08	0.68	0.62483405611116	0.741218637992832	0.669588793492996
wdLC_k1_0.08_k2_0.68	30	0.906562847608454	0.895439377085651	0.828698553948832	0.831813125695217	0.08	0.68	0.62483405611116	0.741218637992832	0.669588793492996
wdLC_k1_0.08_k2_0.68	40	0.940900562851782	0.937148217636023	0.917448405253283	0.791557223264541	0.08	0.68	0.62483405611116	0.741218637992832	0.669588793492996
wdLC_k1_0.08_k2_0.68	50	0.922112845138055	0.899159663865546	0.933349339735894	0.835966386554622	0.08	0.68	0.62483405611116	0.741218637992832	0.669588793492996
wdLC_k1_0.08_k2_0.68	60	0.904862461794943	0.894415115309809	0.928924701305919	0.827340928035566	0.08	0.68	0.62483405611116	0.741218637992832	0.669588793492996
wdLC_k1_0.08_k2_0.68	70	0.89743679468113	0.902825649549471	0.928335228763888	0.853941037529525	0.08	0.68	0.62483405611116	0.741218637992832	0.669588793492996
wdLC_k1_0.08_k2_0.68	80	0.897233942803563	0.901711204875762	0.925738396624473	0.88652133145804	0.08	0.68	0.62483405611116	0.741218637992832	0.669588793492996
wdLC_k1_0.08_k2_0.68	90	0.891575091575092	0.905107626455941	0.925406428777215	0.880281516236572	0.08	0.68	0.62483405611116	0.741218637992832	0.669588793492996
wdLC_k1_0.08_k2_0.68	100	0.908118811881188	0.917575757575758	0.933381338133813	0.898445844584458	0.08	0.68	0.62483405611116	0.741218637992832	0.669588793492996
wdLC_k1_0.08_k2_0.68	110	0.90760769109393	0.919563600297545	0.929653089286117	0.913684827446295	0.08	0.68	0.62483405611116	0.741218637992832	0.669588793492996
wdLC_k1_0.08_k2_0.68	120	0.915417737342871	0.923800263907216	0.933828738106813	0.924703104382248	0.08	0.68	0.62483405611116	0.741218637992832	0.669588793492996
wdLC_k1_0.08_k2_0.68	130	0.912963443444537	0.918824509415668	0.929224760682243	0.92552677218042	0.08	0.68	0.62483405611116	0.741218637992832	0.669588793492996
wdLC_k1_0.08_k2_0.68	140	0.918414204806368	0.920587785091076	0.932426581531128	0.918300496381011	0.08	0.68	0.62483405611116	0.741218637992832	0.669588793492996
wdLC_k1_0.08_k2_0.68	150	0.906879416862972	0.908611049379972	0.91919285301569	0.922300546690964	0.08	0.68	0.62483405611116	0.741218637992832	0.669588793492996
wdLC_k1_0.08_k2_0.68	160	0.906023672799719	0.905619360131255	0.918088597210829	0.912647954998242	0.08	0.68	0.62483405611116	0.741218637992832	0.669588793492996
wdLC_k1_0.08_k2_0.68	170	0.900525766208072	0.899123722986548	0.913578935155501	0.902408998479492	0.08	0.68	0.62483405611116	0.741218637992832	0.669588793492996
wdLC_k1_0.08_k2_0.68	180	0.892379394425754	0.887062357891704	0.903815961397986	0.898038005288229	0.08	0.68	0.62483405611116	0.741218637992832	0.669588793492996
wdLC_k1_0.08_k2_0.68	190	0.884239394297262	0.877346070236674	0.895966793073434	0.890166953159513	0.08	0.68	0.62483405611116	0.741218637992832	0.669588793492996
wdLC_k1_0.08_k2_0.68	200	0.879915997899948	0.86844821120528	0.888202205055127	0.891170779269482	0.08	0.68	0.62483405611116	0.741218637992832	0.669588793492996
wdLC_k1_0.08_k2_0.68	210	0.88182433680064	0.86794776687518	0.889330823828205	0.892947361942124	0.08	0.68	0.62483405611116	0.741218637992832	0.669588793492996
wdLC_k1_0.08_k2_0.68	220	0.875089455266732	0.860704484878538	0.880866434129931	0.89703205738661	0.08	0.68	0.62483405611116	0.741218637992832	0.669588793492996
wdLC_k1_0.08_k2_0.68	230	0.86055395145959	0.846754726192737	0.87122071018027	0.895317820588373	0.08	0.68	0.62483405611116	0.741218637992832	0.669588793492996
wdLC_k1_0.08_k2_0.68	240	0.846622337193354	0.828486605670237	0.860137328773069	0.904818660046181	0.08	0.68	0.62483405611116	0.741218637992832	0.669588793492996
wdLC_k1_0.08_k2_0.68	240	0.846622337193354	0.828486605670237	0.860137328773069	0.904818660046181	0.08	0.68	0.62483405611116	0.741218637992832	0.669588793492996
wdLC_k1_0.08_k2_0.68	250	0.830239331829309	0.811087409398551	0.849404310468968	0.904818660046181	0.08	0.68	0.62483405611116	0.741218637992832	0.669588793492996
wdLC_k1_0.08_k2_0.68	260	0.823116181736871	0.8030881203295	0.843846802467492	0.904818660046181	0.08	0.68	0.62483405611116	0.741218637992832	0.669588793492996
wdLC_k1_0.08_k2_0.68	270	0.825568099547166	0.803484577596705	0.84346683615535	0.904818660046181	0.08	0.68	0.62483405611116	0.741218637992832	0.669588793492996
wdLC_k1_0.08_k2_0.68	280	0.817323471691512	0.794462939578311	0.833379798940584	0.904818660046181	0.08	0.68	0.62483405611116	0.741218637992832	0.669588793492996
wdLC_k1_0.08_k2_0.68	290	0.803118738137442	0.777092269332818	0.822192317674859	0.904818660046181	0.08	0.68	0.62483405611116	0.741218637992832	0.669588793492996
wdLC_k1_0.08_k2_0.68	300	0.803803153368371	0.778422426915855	0.822201135568173	0.904818660046181	0.08	0.68	0.62483405611116	0.741218637992832	0.669588793492996
wdLC_k1_0.08_k2_0.76	10	0.684848484848485	0.503030303030303	0.0909090909090909	0.648484848484848	0.08	0.76	0.563412691388619	0.675268817204301	0.604789877993674
wdLC_k1_0.08_k2_0.76	20	0.768421052631579	0.774436090225564	0.609022556390977	0.739849624060151	0.08	0.76	0.563412691388619	0.675268817204301	0.604789877993674
wdLC_k1_0.08_k2_0.76	30	0.901223581757508	0.874082313681869	0.783314794215795	0.843826473859844	0.08	0.76	0.563412691388619	0.675268817204301	0.604789877993674
wdLC_k1_0.08_k2_0.76	40	0.933771106941839	0.918011257035648	0.900750469043152	0.808630393996248	0.08	0.76	0.563412691388619	0.675268817204301	0.604789877993674
wdLC_k1_0.08_k2_0.76	50	0.895990396158463	0.89109243697479	0.92499399759904	0.837214885954382	0.08	0.76	0.563412691388619	0.675268817204301	0.604789877993674
wdLC_k1_0.08_k2_0.76	60	0.90880800222284	0.901305918310642	0.933314809669353	0.814003889969436	0.08	0.76	0.563412691388619	0.675268817204301	0.604789877993674
wdLC_k1_0.08_k2_0.76	70	0.924136121074272	0.920741842358499	0.94996063336541	0.840923803691716	0.08	0.76	0.563412691388619	0.675268817204301	0.604789877993674
wdLC_k1_0.08_k2_0.76	80	0.907407407407407	0.922691045475856	0.944608532583216	0.855391467416784	0.08	0.76	0.563412691388619	0.675268817204301	0.604789877993674
wdLC_k1_0.08_k2_0.76	90	0.917537144503437	0.923480265053299	0.944849158332304	0.859620529283451	0.08	0.76	0.563412691388619	0.675268817204301	0.604789877993674
wdLC_k1_0.08_k2_0.76	100	0.928724872487249	0.934329432943294	0.951755175517552	0.87991599159916	0.08	0.76	0.563412691388619	0.675268817204301	0.604789877993674
wdLC_k1_0.08_k2_0.76	110	0.933322814056759	0.93820976940243	0.950436174289385	0.898501003088159	0.08	0.76	0.563412691388619	0.675268817204301	0.604789877993674
wdLC_k1_0.08_k2_0.76	120	0.933189804847559	0.935627474130148	0.948836724772553	0.910090978540176	0.08	0.76	0.563412691388619	0.675268817204301	0.604789877993674
wdLC_k1_0.08_k2_0.76	130	0.927225552718185	0.92908274044436	0.941640606863401	0.919561922189297	0.08	0.76	0.563412691388619	0.675268817204301	0.604789877993674
wdLC_k1_0.08_k2_0.76	140	0.918409831405393	0.918287376178085	0.931997988235551	0.926513743412565	0.08	0.76	0.563412691388619	0.675268817204301	0.604789877993674
wdLC_k1_0.08_k2_0.76	150	0.921319169740877	0.921304946886528	0.933863727276768	0.924903329036846	0.08	0.76	0.563412691388619	0.675268817204301	0.604789877993674
wdLC_k1_0.08_k2_0.76	160	0.924610336341263	0.920013477088949	0.934747451072307	0.921197117074886	0.08	0.76	0.563412691388619	0.675268817204301	0.604789877993674
wdLC_k1_0.08_k2_0.76	170	0.918495856766874	0.91183248758862	0.929238341241199	0.907772912964625	0.08	0.76	0.563412691388619	0.675268817204301	0.604789877993674
wdLC_k1_0.08_k2_0.76	180	0.918637406504316	0.911100136835499	0.930098665596675	0.90223360803317	0.08	0.76	0.563412691388619	0.675268817204301	0.604789877993674
wdLC_k1_0.08_k2_0.76	190	0.911293066873117	0.90056117606407	0.920698780109086	0.89533519663032	0.08	0.76	0.563412691388619	0.675268817204301	0.604789877993674
wdLC_k1_0.08_k2_0.76	200	0.903750093752344	0.891521788044701	0.912370809270232	0.887282682067052	0.08	0.76	0.563412691388619	0.675268817204301	0.604789877993674
wdLC_k1_0.08_k2_0.76	210	0.889249189324021	0.879694064977178	0.899913506299139	0.890370044024322	0.08	0.76	0.563412691388619	0.675268817204301	0.604789877993674
wdLC_k1_0.08_k2_0.76	220	0.883215092723554	0.86974298867933	0.893284797394386	0.895037275375712	0.08	0.76	0.563412691388619	0.675268817204301	0.604789877993674
wdLC_k1_0.08_k2_0.76	230	0.873018722306742	0.858583338059321	0.881655690047564	0.90184708020288	0.08	0.76	0.563412691388619	0.675268817204301	0.604789877993674
wdLC_k1_0.08_k2_0.76	240	0.862463758051355	0.844550252608552	0.8737521484748	0.903821246896647	0.08	0.76	0.563412691388619	0.675268817204301	0.604789877993674
wdLC_k1_0.08_k2_0.76	240	0.862463758051355	0.844550252608552	0.8737521484748	0.903821246896647	0.08	0.76	0.563412691388619	0.675268817204301	0.604789877993674
wdLC_k1_0.08_k2_0.76	250	0.844978255652091	0.826502184034945	0.859399990399846	0.903821246896647	0.08	0.76	0.563412691388619	0.675268817204301	0.604789877993674
wdLC_k1_0.08_k2_0.76	260	0.836223794844484	0.818199631992735	0.852530818048059	0.903821246896647	0.08	0.76	0.563412691388619	0.675268817204301	0.604789877993674
wdLC_k1_0.08_k2_0.76	270	0.816957098939019	0.799961285858212	0.831759313875667	0.903821246896647	0.08	0.76	0.563412691388619	0.675268817204301	0.604789877993674
wdLC_k1_0.08_k2_0.76	280	0.824641531506415	0.801555777861598	0.836807320793086	0.903821246896647	0.08	0.76	0.563412691388619	0.675268817204301	0.604789877993674
wdLC_k1_0.08_k2_0.76	290	0.818983783890169	0.794501308187272	0.835140603992585	0.903821246896647	0.08	0.76	0.563412691388619	0.675268817204301	0.604789877993674
wdLC_k1_0.08_k2_0.76	300	0.809842331581462	0.785727396971077	0.828636762630696	0.903821246896647	0.08	0.76	0.563412691388619	0.675268817204301	0.604789877993674
wdLC_k1_0.12_k2_0.04	10	0.660606060606061	0.2	-0.224242424242424	0.575757575757576	0.12	0.04	0.86618284803965	0.969713261648745	0.921012200632625
wdLC_k1_0.12_k2_0.04	20	0.830075187969925	0.760902255639098	0.577443609022556	0.75187969924812	0.12	0.04	0.86618284803965	0.969713261648745	0.921012200632625
wdLC_k1_0.12_k2_0.04	30	0.803337041156841	0.81357063403782	0.688987764182425	0.809121245828699	0.12	0.04	0.86618284803965	0.969713261648745	0.921012200632625
wdLC_k1_0.12_k2_0.04	40	0.822889305816135	0.826829268292683	0.775234521575985	0.828705440900563	0.12	0.04	0.86618284803965	0.969713261648745	0.921012200632625
wdLC_k1_0.12_k2_0.04	50	0.811380552220888	0.800528211284514	0.787755102040816	0.780264105642257	0.12	0.04	0.86618284803965	0.969713261648745	0.921012200632625
wdLC_k1_0.12_k2_0.04	60	0.828730202834121	0.816893581550431	0.812670186162823	0.805390386218394	0.12	0.04	0.86618284803965	0.969713261648745	0.921012200632625
wdLC_k1_0.12_k2_0.04	70	0.841868602921879	0.838474324206106	0.83427521651649	0.830286064211355	0.12	0.04	0.86618284803965	0.969713261648745	0.921012200632625
wdLC_k1_0.12_k2_0.04	80	0.815541490857947	0.827097984060009	0.832137834036568	0.857641819034224	0.12	0.04	0.86618284803965	0.969713261648745	0.921012200632625
wdLC_k1_0.12_k2_0.04	90	0.833148125282957	0.836160842902416	0.848096472815574	0.885664896900852	0.12	0.04	0.86618284803965	0.969713261648745	0.921012200632625
wdLC_k1_0.12_k2_0.04	100	0.85002100210021	0.855481548154815	0.864710471047105	0.894749474947495	0.12	0.04	0.86618284803965	0.969713261648745	0.921012200632625
wdLC_k1_0.12_k2_0.04	110	0.822518765638032	0.838982936230643	0.840001803304556	0.90100759642044	0.12	0.04	0.86618284803965	0.969713261648745	0.921012200632625
wdLC_k1_0.12_k2_0.04	120	0.835384401694562	0.850204875338565	0.849336759497187	0.91350788249184	0.12	0.04	0.86618284803965	0.969713261648745	0.921012200632625
wdLC_k1_0.12_k2_0.04	130	0.846399650411722	0.857788581026643	0.861836157806334	0.911406683144656	0.12	0.04	0.86618284803965	0.969713261648745	0.921012200632625
wdLC_k1_0.12_k2_0.04	140	0.85384968620848	0.85931206402659	0.867162318777197	0.902993592967571	0.12	0.04	0.86618284803965	0.969713261648745	0.921012200632625
wdLC_k1_0.12_k2_0.04	150	0.849422641006267	0.85138539490644	0.862504111293836	0.896663851726743	0.12	0.04	0.86618284803965	0.969713261648745	0.921012200632625
wdLC_k1_0.12_k2_0.04	160	0.84332884097035	0.842634477909293	0.855244345482245	0.890176374077112	0.12	0.04	0.86618284803965	0.969713261648745	0.921012200632625
wdLC_k1_0.12_k2_0.04	170	0.842465544299314	0.841576443719811	0.855946165448428	0.871832731847021	0.12	0.04	0.86618284803965	0.969713261648745	0.921012200632625
wdLC_k1_0.12_k2_0.04	180	0.83130549296789	0.824066586417276	0.84466804531004	0.864541086659053	0.12	0.04	0.86618284803965	0.969713261648745	0.921012200632625
wdLC_k1_0.12_k2_0.04	190	0.822857317814607	0.81448735276236	0.835522488594961	0.864304740909867	0.12	0.04	0.86618284803965	0.969713261648745	0.921012200632625
wdLC_k1_0.12_k2_0.04	200	0.827350183754594	0.812939323483087	0.837008925223131	0.864075601890047	0.12	0.04	0.86618284803965	0.969713261648745	0.921012200632625
wdLC_k1_0.12_k2_0.04	210	0.821662298788764	0.808834019559886	0.831695568088684	0.859532934015349	0.12	0.04	0.86618284803965	0.969713261648745	0.921012200632625
wdLC_k1_0.12_k2_0.04	220	0.81050359793309	0.797768548936961	0.823343457509453	0.862209023852859	0.12	0.04	0.86618284803965	0.969713261648745	0.921012200632625
wdLC_k1_0.12_k2_0.04	230	0.79673487704625	0.783239430021279	0.807037693652465	0.87327022701999	0.12	0.04	0.86618284803965	0.969713261648745	0.921012200632625
wdLC_k1_0.12_k2_0.04	240	0.778470980398965	0.765210333512735	0.788508481050018	0.884076980503133	0.12	0.04	0.86618284803965	0.969713261648745	0.921012200632625
wdLC_k1_0.12_k2_0.04	240	0.778470980398965	0.765210333512735	0.788508481050018	0.884076980503133	0.12	0.04	0.86618284803965	0.969713261648745	0.921012200632625
wdLC_k1_0.12_k2_0.04	250	0.764682570921135	0.748133442135074	0.771463351413623	0.884076980503133	0.12	0.04	0.86618284803965	0.969713261648745	0.921012200632625
wdLC_k1_0.12_k2_0.04	260	0.75882210364969	0.740227154020257	0.768869589559245	0.884076980503133	0.12	0.04	0.86618284803965	0.969713261648745	0.921012200632625
wdLC_k1_0.12_k2_0.04	270	0.755218102366897	0.736743835839845	0.767706613869113	0.884076980503133	0.12	0.04	0.86618284803965	0.969713261648745	0.921012200632625
wdLC_k1_0.12_k2_0.04	280	0.74841606944695	0.725121493896606	0.763549644401441	0.884076980503133	0.12	0.04	0.86618284803965	0.969713261648745	0.921012200632625
wdLC_k1_0.12_k2_0.04	290	0.752282101021333	0.724799220622985	0.770526608418403	0.884076980503133	0.12	0.04	0.86618284803965	0.969713261648745	0.921012200632625
wdLC_k1_0.12_k2_0.04	300	0.755355503950044	0.729076545294948	0.771519239102657	0.884076980503133	0.12	0.04	0.86618284803965	0.969713261648745	0.921012200632625
wdLC_k1_0.12_k2_0.12	10	0.696969696969697	0.284848484848485	-0.212121212121212	0.563636363636364	0.12	0.12	0.843260465527923	0.953405017921147	0.899322187076367
wdLC_k1_0.12_k2_0.12	20	0.806015037593985	0.774436090225564	0.538345864661654	0.77593984962406	0.12	0.12	0.843260465527923	0.953405017921147	0.899322187076367
wdLC_k1_0.12_k2_0.12	30	0.853615127919911	0.848720800889878	0.738820912124583	0.797997775305896	0.12	0.12	0.843260465527923	0.953405017921147	0.899322187076367
wdLC_k1_0.12_k2_0.12	40	0.840525328330207	0.829831144465291	0.8093808630394	0.850281425891182	0.12	0.12	0.843260465527923	0.953405017921147	0.899322187076367
wdLC_k1_0.12_k2_0.12	50	0.847683073229292	0.828955582232893	0.834813925570228	0.775558223289316	0.12	0.12	0.843260465527923	0.953405017921147	0.899322187076367
wdLC_k1_0.12_k2_0.12	60	0.847791053070298	0.826118366212837	0.848680188941373	0.820672409002501	0.12	0.12	0.843260465527923	0.953405017921147	0.899322187076367
wdLC_k1_0.12_k2_0.12	70	0.860239699063949	0.856110576502493	0.872067185723034	0.859434870090106	0.12	0.12	0.843260465527923	0.953405017921147	0.899322187076367
wdLC_k1_0.12_k2_0.12	80	0.859329582747304	0.857688701359587	0.876910454758556	0.877074542897328	0.12	0.12	0.843260465527923	0.953405017921147	0.899322187076367
wdLC_k1_0.12_k2_0.12	90	0.845709346832942	0.852179281392765	0.874354858624522	0.886586821418282	0.12	0.12	0.843260465527923	0.953405017921147	0.899322187076367
wdLC_k1_0.12_k2_0.12	100	0.864074407440744	0.869270927092709	0.885820582058206	0.907518751875187	0.12	0.12	0.843260465527923	0.953405017921147	0.899322187076367
wdLC_k1_0.12_k2_0.12	110	0.837657507382278	0.856727453057728	0.859495525550571	0.916218470346911	0.12	0.12	0.843260465527923	0.953405017921147	0.899322187076367
wdLC_k1_0.12_k2_0.12	120	0.8518022084867	0.865810125703174	0.870157649836794	0.925786512952288	0.12	0.12	0.843260465527923	0.953405017921147	0.899322187076367
wdLC_k1_0.12_k2_0.12	130	0.857029318985648	0.869068265304729	0.875098663097953	0.920430430567125	0.12	0.12	0.843260465527923	0.953405017921147	0.899322187076367
wdLC_k1_0.12_k2_0.12	140	0.866991756139162	0.875113161750235	0.882123723513591	0.913013054601911	0.12	0.12	0.843260465527923	0.953405017921147	0.899322187076367
wdLC_k1_0.12_k2_0.12	150	0.871208498155474	0.873583714831771	0.884265078447931	0.911800524467754	0.12	0.12	0.843260465527923	0.953405017921147	0.899322187076367
wdLC_k1_0.12_k2_0.12	160	0.860620532052033	0.860055080276573	0.873482362592289	0.900779327317473	0.12	0.12	0.843260465527923	0.953405017921147	0.899322187076367
wdLC_k1_0.12_k2_0.12	170	0.850750789259958	0.848569561739364	0.865889924951607	0.884294795464122	0.12	0.12	0.843260465527923	0.953405017921147	0.899322187076367
wdLC_k1_0.12_k2_0.12	180	0.854561354774324	0.846478800786033	0.869203782009733	0.876329516343097	0.12	0.12	0.843260465527923	0.953405017921147	0.899322187076367
wdLC_k1_0.12_k2_0.12	190	0.834950377689425	0.826039794075066	0.845932457671229	0.875678725609836	0.12	0.12	0.843260465527923	0.953405017921147	0.899322187076367
wdLC_k1_0.12_k2_0.12	200	0.833533338333459	0.818997974949374	0.845164629115728	0.877121428035701	0.12	0.12	0.843260465527923	0.953405017921147	0.899322187076367
wdLC_k1_0.12_k2_0.12	210	0.828418525849307	0.813925161892236	0.842438927996424	0.869051776360332	0.12	0.12	0.843260465527923	0.953405017921147	0.899322187076367
wdLC_k1_0.12_k2_0.12	220	0.809006947927174	0.795735449079527	0.823849478482839	0.869085950310769	0.12	0.12	0.843260465527923	0.953405017921147	0.899322187076367
wdLC_k1_0.12_k2_0.12	230	0.800627775490126	0.788247825840383	0.813399283458141	0.880477069920776	0.12	0.12	0.843260465527923	0.953405017921147	0.899322187076367
wdLC_k1_0.12_k2_0.12	240	0.792275039497213	0.777954478376361	0.804534800951405	0.890594454764839	0.12	0.12	0.843260465527923	0.953405017921147	0.899322187076367
wdLC_k1_0.12_k2_0.12	240	0.792275039497213	0.777954478376361	0.804534800951405	0.890594454764839	0.12	0.12	0.843260465527923	0.953405017921147	0.899322187076367
wdLC_k1_0.12_k2_0.12	250	0.775112945807133	0.759405558488936	0.784562569001104	0.890594454764839	0.12	0.12	0.843260465527923	0.953405017921147	0.899322187076367
wdLC_k1_0.12_k2_0.12	260	0.764794199276958	0.747558623420692	0.77891912374671	0.890594454764839	0.12	0.12	0.843260465527923	0.953405017921147	0.899322187076367
wdLC_k1_0.12_k2_0.12	270	0.770726926600121	0.748358078376323	0.785882141349295	0.890594454764839	0.12	0.12	0.843260465527923	0.953405017921147	0.899322187076367
wdLC_k1_0.12_k2_0.12	280	0.761968173792304	0.742157425477366	0.780156452432884	0.890594454764839	0.12	0.12	0.843260465527923	0.953405017921147	0.899322187076367
wdLC_k1_0.12_k2_0.12	290	0.767157180515083	0.744335309247599	0.784014160650563	0.890594454764839	0.12	0.12	0.843260465527923	0.953405017921147	0.899322187076367
wdLC_k1_0.12_k2_0.12	300	0.774179268658541	0.750969677440861	0.794348381648685	0.890594454764839	0.12	0.12	0.843260465527923	0.953405017921147	0.899322187076367
wdLC_k1_0.12_k2_0.2	10	0.648484848484848	0.478787878787879	0.212121212121212	0.660606060606061	0.12	0.2	0.81989556597929	0.933154121863799	0.87663804789878
wdLC_k1_0.12_k2_0.2	20	0.784962406015038	0.780451127819549	0.621052631578947	0.750375939849624	0.12	0.2	0.81989556597929	0.933154121863799	0.87663804789878
wdLC_k1_0.12_k2_0.2	30	0.877641824249166	0.880311457174638	0.767296996662959	0.806896551724138	0.12	0.2	0.81989556597929	0.933154121863799	0.87663804789878
wdLC_k1_0.12_k2_0.2	40	0.860225140712946	0.839962476547843	0.848030018761726	0.800562851782364	0.12	0.2	0.81989556597929	0.933154121863799	0.87663804789878
wdLC_k1_0.12_k2_0.2	50	0.865642256902761	0.836734693877551	0.864969987995198	0.788427370948379	0.12	0.2	0.81989556597929	0.933154121863799	0.87663804789878
wdLC_k1_0.12_k2_0.2	60	0.854737427063073	0.840733537093637	0.876410113920534	0.821783828841345	0.12	0.2	0.81989556597929	0.933154121863799	0.87663804789878
wdLC_k1_0.12_k2_0.2	70	0.854605896247047	0.856250546758814	0.878505817513778	0.857195345988977	0.12	0.2	0.81989556597929	0.933154121863799	0.87663804789878
wdLC_k1_0.12_k2_0.2	80	0.870768870135959	0.872011251758087	0.897702766057197	0.879113924050633	0.12	0.2	0.81989556597929	0.933154121863799	0.87663804789878
wdLC_k1_0.12_k2_0.2	90	0.865250854014899	0.872082973206569	0.895690826027905	0.886471580853603	0.12	0.2	0.81989556597929	0.933154121863799	0.87663804789878
wdLC_k1_0.12_k2_0.2	100	0.87005100510051	0.883588358835884	0.897197719771977	0.901998199819982	0.12	0.2	0.81989556597929	0.933154121863799	0.87663804789878
wdLC_k1_0.12_k2_0.2	110	0.873344904537565	0.887095101774001	0.893127155512477	0.914766810179654	0.12	0.2	0.81989556597929	0.933154121863799	0.87663804789878
wdLC_k1_0.12_k2_0.2	120	0.876991457740121	0.887158830474338	0.896728939509688	0.921918188763108	0.12	0.2	0.81989556597929	0.933154121863799	0.87663804789878
wdLC_k1_0.12_k2_0.2	130	0.890791899384124	0.899154706468749	0.906763713829221	0.914957189091753	0.12	0.2	0.81989556597929	0.933154121863799	0.87663804789878
wdLC_k1_0.12_k2_0.2	140	0.896197327852004	0.901484769631104	0.911080011370843	0.910327786403096	0.12	0.2	0.81989556597929	0.933154121863799	0.87663804789878
wdLC_k1_0.12_k2_0.2	150	0.87843015245122	0.882778790168452	0.893758833725944	0.910083114805103	0.12	0.2	0.81989556597929	0.933154121863799	0.87663804789878
wdLC_k1_0.12_k2_0.2	160	0.875767608109692	0.876344779092933	0.889271065275987	0.905522676667057	0.12	0.2	0.81989556597929	0.933154121863799	0.87663804789878
wdLC_k1_0.12_k2_0.2	170	0.871791207918858	0.868908958787501	0.885567381733136	0.894709973681158	0.12	0.2	0.81989556597929	0.933154121863799	0.87663804789878
wdLC_k1_0.12_k2_0.2	180	0.862720042799675	0.857870098871364	0.876689609761618	0.875039353066453	0.12	0.2	0.81989556597929	0.933154121863799	0.87663804789878
wdLC_k1_0.12_k2_0.2	190	0.861183499761621	0.855390658146238	0.872244310601985	0.878796467608813	0.12	0.2	0.81989556597929	0.933154121863799	0.87663804789878
wdLC_k1_0.12_k2_0.2	200	0.856003900097503	0.847629190729768	0.865683642091052	0.876221405535139	0.12	0.2	0.81989556597929	0.933154121863799	0.87663804789878
wdLC_k1_0.12_k2_0.2	210	0.855907325400965	0.843334315970884	0.867194915336597	0.8794374993926	0.12	0.2	0.81989556597929	0.933154121863799	0.87663804789878
wdLC_k1_0.12_k2_0.2	220	0.853788113578605	0.841552323582944	0.865423214980024	0.879425006902847	0.12	0.2	0.81989556597929	0.933154121863799	0.87663804789878
wdLC_k1_0.12_k2_0.2	230	0.834858060109626	0.82087834322503	0.847815977453342	0.887580352057284	0.12	0.2	0.81989556597929	0.933154121863799	0.87663804789878
wdLC_k1_0.12_k2_0.2	240	0.816081876421466	0.802033889477248	0.828284345214327	0.892525911908193	0.12	0.2	0.81989556597929	0.933154121863799	0.87663804789878
wdLC_k1_0.12_k2_0.2	240	0.816081876421466	0.802033889477248	0.828284345214327	0.892525911908193	0.12	0.2	0.81989556597929	0.933154121863799	0.87663804789878
wdLC_k1_0.12_k2_0.2	250	0.81622771564345	0.794303268852302	0.82632093313493	0.892525911908193	0.12	0.2	0.81989556597929	0.933154121863799	0.87663804789878
wdLC_k1_0.12_k2_0.2	260	0.804027597131045	0.781629678181402	0.815425580942822	0.892525911908193	0.12	0.2	0.81989556597929	0.933154121863799	0.87663804789878
wdLC_k1_0.12_k2_0.2	270	0.787430707020825	0.765513625396477	0.802289621409225	0.892525911908193	0.12	0.2	0.81989556597929	0.933154121863799	0.87663804789878
wdLC_k1_0.12_k2_0.2	280	0.772624104170425	0.753038577387102	0.790388725803718	0.892525911908193	0.12	0.2	0.81989556597929	0.933154121863799	0.87663804789878
wdLC_k1_0.12_k2_0.2	290	0.778949194114818	0.759150852997145	0.793794751751938	0.892525911908193	0.12	0.2	0.81989556597929	0.933154121863799	0.87663804789878
wdLC_k1_0.12_k2_0.2	300	0.777481972021911	0.751587462082912	0.793834153712819	0.892525911908193	0.12	0.2	0.81989556597929	0.933154121863799	0.87663804789878
wdLC_k1_0.12_k2_0.28	10	0.418181818181818	0.478787878787879	0.406060606060606	0.733333333333333	0.12	0.28	0.779183998583946	0.896774193548387	0.838409399005874
wdLC_k1_0.12_k2_0.28	20	0.813533834586466	0.825563909774436	0.721804511278195	0.796992481203008	0.12	0.28	0.779183998583946	0.896774193548387	0.838409399005874
wdLC_k1_0.12_k2_0.28	30	0.898998887652948	0.866073414905451	0.829143492769744	0.805561735261401	0.12	0.28	0.779183998583946	0.896774193548387	0.838409399005874
wdLC_k1_0.12_k2_0.28	40	0.918949343339588	0.903189493433396	0.90187617260788	0.801688555347092	0.12	0.28	0.779183998583946	0.896774193548387	0.838409399005874
wdLC_k1_0.12_k2_0.28	50	0.886482593037215	0.84921968787515	0.898295318127251	0.792364945978391	0.12	0.28	0.779183998583946	0.896774193548387	0.838409399005874
wdLC_k1_0.12_k2_0.28	60	0.877021394831898	0.857404834676299	0.901139205334816	0.818671853292582	0.12	0.28	0.779183998583946	0.896774193548387	0.838409399005874
wdLC_k1_0.12_k2_0.28	70	0.874411687516403	0.873886799055201	0.903980404164115	0.864858717522527	0.12	0.28	0.779183998583946	0.896774193548387	0.838409399005874
wdLC_k1_0.12_k2_0.28	80	0.863408345053915	0.871706516643225	0.903727144866385	0.875293014533521	0.12	0.28	0.779183998583946	0.896774193548387	0.838409399005874
wdLC_k1_0.12_k2_0.28	90	0.876791373420587	0.887640449438202	0.910062970737128	0.881154051940569	0.12	0.28	0.779183998583946	0.896774193548387	0.838409399005874
wdLC_k1_0.12_k2_0.28	100	0.894605460546055	0.902910291029103	0.91979597959796	0.89036903690369	0.12	0.28	0.779183998583946	0.896774193548387	0.838409399005874
wdLC_k1_0.12_k2_0.28	110	0.892694362419133	0.904776502941641	0.91455943015576	0.91074544102067	0.12	0.28	0.779183998583946	0.896774193548387	0.838409399005874
wdLC_k1_0.12_k2_0.28	120	0.899090214598236	0.905778179040211	0.917251197999861	0.920175012153622	0.12	0.28	0.779183998583946	0.896774193548387	0.838409399005874
wdLC_k1_0.12_k2_0.28	130	0.901328708571741	0.906807412363954	0.917792131532589	0.913313031722405	0.12	0.28	0.779183998583946	0.896774193548387	0.838409399005874
wdLC_k1_0.12_k2_0.28	140	0.900430779996064	0.904244385646498	0.915641468588048	0.91217336161466	0.12	0.28	0.779183998583946	0.896774193548387	0.838409399005874
wdLC_k1_0.12_k2_0.28	150	0.909883994844215	0.909603093470821	0.921952086759412	0.912646784301525	0.12	0.28	0.779183998583946	0.896774193548387	0.838409399005874
wdLC_k1_0.12_k2_0.28	160	0.888072776280323	0.888954646665885	0.902074299777335	0.907295206844017	0.12	0.28	0.779183998583946	0.896774193548387	0.838409399005874
wdLC_k1_0.12_k2_0.28	170	0.883000225939021	0.88177160618218	0.892858495001863	0.890850690945952	0.12	0.28	0.779183998583946	0.896774193548387	0.838409399005874
wdLC_k1_0.12_k2_0.28	180	0.883031369280945	0.876967396113049	0.891801187279443	0.881296747842012	0.12	0.28	0.779183998583946	0.896774193548387	0.838409399005874
wdLC_k1_0.12_k2_0.28	190	0.879428064051928	0.871745681831105	0.890938515573401	0.880224120510701	0.12	0.28	0.779183998583946	0.896774193548387	0.838409399005874
wdLC_k1_0.12_k2_0.28	200	0.868796219905498	0.862619065476637	0.879116477911948	0.880945023625591	0.12	0.28	0.779183998583946	0.896774193548387	0.838409399005874
wdLC_k1_0.12_k2_0.28	210	0.863069133410865	0.851581992465006	0.875599381910183	0.877239846708542	0.12	0.28	0.779183998583946	0.896774193548387	0.838409399005874
wdLC_k1_0.12_k2_0.28	220	0.864379617159633	0.850980767822025	0.874993660650389	0.882212066740673	0.12	0.28	0.779183998583946	0.896774193548387	0.838409399005874
wdLC_k1_0.12_k2_0.28	230	0.850095300560461	0.837256724668914	0.859271770568524	0.889580554247348	0.12	0.28	0.779183998583946	0.896774193548387	0.838409399005874
wdLC_k1_0.12_k2_0.28	240	0.836958974982204	0.820468237295786	0.847650132814806	0.893785482386847	0.12	0.28	0.779183998583946	0.896774193548387	0.838409399005874
wdLC_k1_0.12_k2_0.28	240	0.836958974982204	0.820468237295786	0.847650132814806	0.893785482386847	0.12	0.28	0.779183998583946	0.896774193548387	0.838409399005874
wdLC_k1_0.12_k2_0.28	250	0.82649143186291	0.804245955935295	0.836445639130226	0.893785482386847	0.12	0.28	0.779183998583946	0.896774193548387	0.838409399005874
wdLC_k1_0.12_k2_0.28	260	0.80931215413974	0.787023476678649	0.820762027658579	0.893785482386847	0.12	0.28	0.779183998583946	0.896774193548387	0.838409399005874
wdLC_k1_0.12_k2_0.28	270	0.797838409610862	0.774495915962877	0.809826990463213	0.893785482386847	0.12	0.28	0.779183998583946	0.896774193548387	0.838409399005874
wdLC_k1_0.12_k2_0.28	280	0.792745352072639	0.770342916181511	0.8076509722245	0.893785482386847	0.12	0.28	0.779183998583946	0.896774193548387	0.838409399005874
wdLC_k1_0.12_k2_0.28	290	0.790570965007989	0.766817679163843	0.807122393927354	0.893785482386847	0.12	0.28	0.779183998583946	0.896774193548387	0.838409399005874
wdLC_k1_0.12_k2_0.28	300	0.786070511894577	0.762922699141102	0.804465382948699	0.893785482386847	0.12	0.28	0.779183998583946	0.896774193548387	0.838409399005874
wdLC_k1_0.12_k2_0.36	10	0.866666666666667	0.612121212121212	0.115151515151515	0.6	0.12	0.36	0.729887600672626	0.851075268817204	0.785991866244916
wdLC_k1_0.12_k2_0.36	20	0.827067669172932	0.828571428571429	0.637593984962406	0.739849624060151	0.12	0.36	0.729887600672626	0.851075268817204	0.785991866244916
wdLC_k1_0.12_k2_0.36	30	0.914571746384872	0.899888765294772	0.81979977753059	0.822914349276974	0.12	0.36	0.729887600672626	0.851075268817204	0.785991866244916
wdLC_k1_0.12_k2_0.36	40	0.904127579737336	0.897748592870544	0.864915572232646	0.844277673545967	0.12	0.36	0.729887600672626	0.851075268817204	0.785991866244916
wdLC_k1_0.12_k2_0.36	50	0.890516206482593	0.859495798319328	0.888211284513806	0.81109243697479	0.12	0.36	0.729887600672626	0.851075268817204	0.785991866244916
wdLC_k1_0.12_k2_0.36	60	0.875465407057516	0.855459849958322	0.889858293970548	0.833064740205613	0.12	0.36	0.729887600672626	0.851075268817204	0.785991866244916
wdLC_k1_0.12_k2_0.36	70	0.88676406263669	0.884979441868603	0.904435307497157	0.869302773160703	0.12	0.36	0.729887600672626	0.851075268817204	0.785991866244916
wdLC_k1_0.12_k2_0.36	80	0.868330989217065	0.878856071261135	0.90196905766526	0.877379278012189	0.12	0.36	0.729887600672626	0.851075268817204	0.785991866244916
wdLC_k1_0.12_k2_0.36	90	0.879112647651974	0.891212906943244	0.90719841955797	0.889599539037741	0.12	0.36	0.729887600672626	0.851075268817204	0.785991866244916
wdLC_k1_0.12_k2_0.36	100	0.893189318931893	0.905166516651665	0.914071407140714	0.898769876987699	0.12	0.36	0.729887600672626	0.851075268817204	0.785991866244916
wdLC_k1_0.12_k2_0.36	110	0.896219822825327	0.90738227802448	0.916182404255799	0.916182404255799	0.12	0.36	0.729887600672626	0.851075268817204	0.785991866244916
wdLC_k1_0.12_k2_0.36	120	0.900562539065213	0.90679213834294	0.916390027085214	0.921800125008681	0.12	0.36	0.729887600672626	0.851075268817204	0.785991866244916
wdLC_k1_0.12_k2_0.36	130	0.900208933619195	0.90537082303459	0.915345013587513	0.920075379972415	0.12	0.36	0.729887600672626	0.851075268817204	0.785991866244916
wdLC_k1_0.12_k2_0.36	140	0.908945791694912	0.911788502328836	0.92203538081389	0.91861538125123	0.12	0.36	0.729887600672626	0.851075268817204	0.785991866244916
wdLC_k1_0.12_k2_0.36	150	0.901499622205432	0.901837414996222	0.912984577092315	0.913990844037513	0.12	0.36	0.729887600672626	0.851075268817204	0.785991866244916
wdLC_k1_0.12_k2_0.36	160	0.896009609750381	0.893709715223251	0.906694597445212	0.913866752607524	0.12	0.36	0.729887600672626	0.851075268817204	0.785991866244916
wdLC_k1_0.12_k2_0.36	170	0.89105586800276	0.888085685847058	0.900792007865121	0.894038263078511	0.12	0.36	0.729887600672626	0.851075268817204	0.785991866244916
wdLC_k1_0.12_k2_0.36	180	0.88457668446557	0.875907692624258	0.894437071103018	0.890235295328045	0.12	0.36	0.729887600672626	0.851075268817204	0.785991866244916
wdLC_k1_0.12_k2_0.36	190	0.882888722679299	0.874835430635927	0.893370424315588	0.883711022757592	0.12	0.36	0.729887600672626	0.851075268817204	0.785991866244916
wdLC_k1_0.12_k2_0.36	200	0.871800795019876	0.864278106952674	0.881591539788495	0.887188179704493	0.12	0.36	0.729887600672626	0.851075268817204	0.785991866244916
wdLC_k1_0.12_k2_0.36	210	0.862461409879719	0.851961657698749	0.876854998331676	0.882695104845267	0.12	0.36	0.729887600672626	0.851075268817204	0.785991866244916
wdLC_k1_0.12_k2_0.36	220	0.858460636865149	0.846169624090656	0.870093484275596	0.887577692251343	0.12	0.36	0.729887600672626	0.851075268817204	0.785991866244916
wdLC_k1_0.12_k2_0.36	230	0.857459950340148	0.842383475647193	0.866813953086974	0.89379399791399	0.12	0.36	0.729887600672626	0.851075268817204	0.785991866244916
wdLC_k1_0.12_k2_0.36	240	0.838144759457629	0.820036806194552	0.848890605739683	0.898977412802305	0.12	0.36	0.729887600672626	0.851075268817204	0.785991866244916
wdLC_k1_0.12_k2_0.36	240	0.838144759457629	0.820036806194552	0.848890605739683	0.898977412802305	0.12	0.36	0.729887600672626	0.851075268817204	0.785991866244916
wdLC_k1_0.12_k2_0.36	250	0.820956367301877	0.803338165410647	0.832218499495992	0.898977412802305	0.12	0.36	0.729887600672626	0.851075268817204	0.785991866244916
wdLC_k1_0.12_k2_0.36	260	0.812400957228543	0.79206770241253	0.826086184706874	0.898977412802305	0.12	0.36	0.729887600672626	0.851075268817204	0.785991866244916
wdLC_k1_0.12_k2_0.36	270	0.799005930579752	0.778482558059781	0.814779352254489	0.898977412802305	0.12	0.36	0.729887600672626	0.851075268817204	0.785991866244916
wdLC_k1_0.12_k2_0.36	280	0.795636606152046	0.773353887531364	0.811322301851518	0.898977412802305	0.12	0.36	0.729887600672626	0.851075268817204	0.785991866244916
wdLC_k1_0.12_k2_0.36	290	0.791833024378903	0.765374552405601	0.807766954463766	0.898977412802305	0.12	0.36	0.729887600672626	0.851075268817204	0.785991866244916
wdLC_k1_0.12_k2_0.36	300	0.788649651662796	0.760261336237069	0.806102734474828	0.898977412802305	0.12	0.36	0.729887600672626	0.851075268817204	0.785991866244916
wdLC_k1_0.12_k2_0.44	10	0.684848484848485	0.636363636363636	0.321212121212121	0.806060606060606	0.12	0.44	0.67864412779892	0.79820788530466	0.730772706732942
wdLC_k1_0.12_k2_0.44	20	0.789473684210526	0.809022556390977	0.678195488721805	0.759398496240602	0.12	0.44	0.67864412779892	0.79820788530466	0.730772706732942
wdLC_k1_0.12_k2_0.44	30	0.871857619577308	0.880311457174638	0.790433815350389	0.817130144605117	0.12	0.44	0.67864412779892	0.79820788530466	0.730772706732942
wdLC_k1_0.12_k2_0.44	40	0.912945590994372	0.91313320825516	0.882551594746717	0.843527204502814	0.12	0.44	0.67864412779892	0.79820788530466	0.730772706732942
wdLC_k1_0.12_k2_0.44	50	0.887058823529412	0.85469387755102	0.896950780312125	0.811188475390156	0.12	0.44	0.67864412779892	0.79820788530466	0.730772706732942
wdLC_k1_0.12_k2_0.44	60	0.886357321478189	0.867018616282301	0.912197832731314	0.833842734092804	0.12	0.44	0.67864412779892	0.79820788530466	0.730772706732942
wdLC_k1_0.12_k2_0.44	70	0.884804479048202	0.881095267255708	0.910139095442218	0.86835797393054	0.12	0.44	0.67864412779892	0.79820788530466	0.730772706732942
wdLC_k1_0.12_k2_0.44	80	0.866479137365213	0.875785278949836	0.906540084388186	0.886755743084857	0.12	0.44	0.67864412779892	0.79820788530466	0.730772706732942
wdLC_k1_0.12_k2_0.44	90	0.878964481211672	0.889862946042721	0.911709264518253	0.887014857801375	0.12	0.44	0.67864412779892	0.79820788530466	0.730772706732942
wdLC_k1_0.12_k2_0.44	100	0.892529252925293	0.903378337833783	0.916687668766877	0.897557755775578	0.12	0.44	0.67864412779892	0.79820788530466	0.730772706732942
wdLC_k1_0.12_k2_0.44	110	0.900791199873769	0.91137659761513	0.922304623222054	0.911088068886234	0.12	0.44	0.67864412779892	0.79820788530466	0.730772706732942
wdLC_k1_0.12_k2_0.44	120	0.902041808458921	0.908521425098965	0.919522189040906	0.921244530870199	0.12	0.44	0.67864412779892	0.79820788530466	0.730772706732942
wdLC_k1_0.12_k2_0.44	130	0.910144887954226	0.914378183506534	0.925799888022505	0.923183438255336	0.12	0.44	0.67864412779892	0.79820788530466	0.730772706732942
wdLC_k1_0.12_k2_0.44	140	0.909116354332947	0.912667555924865	0.923653539174739	0.918164920950777	0.12	0.44	0.67864412779892	0.79820788530466	0.730772706732942
wdLC_k1_0.12_k2_0.44	150	0.903928174585537	0.903881950308903	0.916874527756789	0.918069247522112	0.12	0.44	0.67864412779892	0.79820788530466	0.730772706732942
wdLC_k1_0.12_k2_0.44	160	0.905642798546818	0.902689558185866	0.917988983944685	0.905897691316067	0.12	0.44	0.67864412779892	0.79820788530466	0.730772706732942
wdLC_k1_0.12_k2_0.44	170	0.896617631792674	0.890916640714212	0.908351805374906	0.903627847900294	0.12	0.44	0.67864412779892	0.79820788530466	0.730772706732942
wdLC_k1_0.12_k2_0.44	180	0.883366770579339	0.878302828276593	0.896340422029487	0.890696214903752	0.12	0.44	0.67864412779892	0.79820788530466	0.730772706732942
wdLC_k1_0.12_k2_0.44	190	0.885150922681923	0.876088126074348	0.893799070101082	0.887122693295193	0.12	0.44	0.67864412779892	0.79820788530466	0.730772706732942
wdLC_k1_0.12_k2_0.44	200	0.875237380934524	0.867057676441911	0.885203630090752	0.884525613140329	0.12	0.44	0.67864412779892	0.79820788530466	0.730772706732942
wdLC_k1_0.12_k2_0.44	210	0.873811197532824	0.864267735258007	0.88195521116449	0.88385742469055	0.12	0.44	0.67864412779892	0.79820788530466	0.730772706732942
wdLC_k1_0.12_k2_0.44	220	0.873191594867663	0.858222840817523	0.88206330333647	0.888651718949866	0.12	0.44	0.67864412779892	0.79820788530466	0.730772706732942
wdLC_k1_0.12_k2_0.44	230	0.85216355696705	0.836604785000456	0.863414201139662	0.890236439087778	0.12	0.44	0.67864412779892	0.79820788530466	0.730772706732942
wdLC_k1_0.12_k2_0.44	240	0.847721314606156	0.831038733311342	0.861674681852115	0.900511293598847	0.12	0.44	0.67864412779892	0.79820788530466	0.730772706732942
wdLC_k1_0.12_k2_0.44	240	0.847721314606156	0.831038733311342	0.861674681852115	0.900511293598847	0.12	0.44	0.67864412779892	0.79820788530466	0.730772706732942
wdLC_k1_0.12_k2_0.44	250	0.837486295780732	0.82069524312389	0.850588585417367	0.900511293598847	0.12	0.44	0.67864412779892	0.79820788530466	0.730772706732942
wdLC_k1_0.12_k2_0.44	260	0.828838387459077	0.808257973775215	0.840105964243895	0.900511293598847	0.12	0.44	0.67864412779892	0.79820788530466	0.730772706732942
wdLC_k1_0.12_k2_0.44	270	0.804467977765279	0.781584566775036	0.817822222831894	0.900511293598847	0.12	0.44	0.67864412779892	0.79820788530466	0.730772706732942
wdLC_k1_0.12_k2_0.44	280	0.804263902783017	0.778827536065511	0.819627072502747	0.900511293598847	0.12	0.44	0.67864412779892	0.79820788530466	0.730772706732942
wdLC_k1_0.12_k2_0.44	290	0.797797915510907	0.772638897260249	0.812416646882922	0.900511293598847	0.12	0.44	0.67864412779892	0.79820788530466	0.730772706732942
wdLC_k1_0.12_k2_0.44	300	0.786943410482339	0.76034000377782	0.805806286736519	0.900511293598847	0.12	0.44	0.67864412779892	0.79820788530466	0.730772706732942
wdLC_k1_0.12_k2_0.52	10	0.478787878787879	0.648484848484848	0.6	0.478787878787879	0.12	0.52	0.629082219665457	0.747849462365591	0.676005422503389
wdLC_k1_0.12_k2_0.52	20	0.77593984962406	0.82406015037594	0.705263157894737	0.736842105263158	0.12	0.52	0.629082219665457	0.747849462365591	0.676005422503389
wdLC_k1_0.12_k2_0.52	30	0.887430478309233	0.915461624026696	0.842046718576196	0.821134593993326	0.12	0.52	0.629082219665457	0.747849462365591	0.676005422503389
wdLC_k1_0.12_k2_0.52	40	0.890619136960601	0.907129455909944	0.875797373358349	0.834146341463415	0.12	0.52	0.629082219665457	0.747849462365591	0.676005422503389
wdLC_k1_0.12_k2_0.52	50	0.884753901560624	0.877262905162065	0.895126050420168	0.841536614645858	0.12	0.52	0.629082219665457	0.747849462365591	0.676005422503389
wdLC_k1_0.12_k2_0.52	60	0.894470686301751	0.888858016115588	0.914587385384829	0.834843011947763	0.12	0.52	0.629082219665457	0.747849462365591	0.676005422503389
wdLC_k1_0.12_k2_0.52	70	0.865418598547809	0.876021345464089	0.897891698014172	0.86303910419036	0.12	0.52	0.629082219665457	0.747849462365591	0.676005422503389
wdLC_k1_0.12_k2_0.52	80	0.899953117674637	0.903422409751524	0.924988279418659	0.884716361931552	0.12	0.52	0.629082219665457	0.747849462365591	0.676005422503389
wdLC_k1_0.12_k2_0.52	90	0.890554389430794	0.896612750545335	0.921175453759723	0.899773634605095	0.12	0.52	0.629082219665457	0.747849462365591	0.676005422503389
wdLC_k1_0.12_k2_0.52	100	0.892913291329133	0.901206120612061	0.918883888388839	0.916687668766877	0.12	0.52	0.629082219665457	0.747849462365591	0.676005422503389
wdLC_k1_0.12_k2_0.52	110	0.858377476726101	0.881072064558303	0.887600027049568	0.931663773865609	0.12	0.52	0.629082219665457	0.747849462365591	0.676005422503389
wdLC_k1_0.12_k2_0.52	120	0.876477533162025	0.892749496492812	0.898798527675533	0.933168970067365	0.12	0.52	0.629082219665457	0.747849462365591	0.676005422503389
wdLC_k1_0.12_k2_0.52	130	0.891261658632509	0.903262368733698	0.910106651736334	0.935850551011211	0.12	0.52	0.629082219665457	0.747849462365591	0.676005422503389
wdLC_k1_0.12_k2_0.52	140	0.898751394021561	0.905425203909821	0.914626839561785	0.940622334958781	0.12	0.52	0.629082219665457	0.747849462365591	0.676005422503389
wdLC_k1_0.12_k2_0.52	150	0.899679096848749	0.90392461887195	0.913976621183164	0.926538957286991	0.12	0.52	0.629082219665457	0.747849462365591	0.676005422503389
wdLC_k1_0.12_k2_0.52	160	0.902481542247744	0.904084143911872	0.914335520918786	0.919946091644205	0.12	0.52	0.629082219665457	0.747849462365591	0.676005422503389
wdLC_k1_0.12_k2_0.52	170	0.900840859545313	0.897286899811311	0.912164679013929	0.90469037194448	0.12	0.52	0.629082219665457	0.747849462365591	0.676005422503389
wdLC_k1_0.12_k2_0.52	180	0.89742070228505	0.892704507340762	0.908723520273259	0.895470024795004	0.12	0.52	0.629082219665457	0.747849462365591	0.676005422503389
wdLC_k1_0.12_k2_0.52	190	0.877277836825922	0.873572237749697	0.89173632160681	0.891550866695535	0.12	0.52	0.629082219665457	0.747849462365591	0.676005422503389
wdLC_k1_0.12_k2_0.52	200	0.874598364959124	0.865572639315983	0.887884197104928	0.889918247956199	0.12	0.52	0.629082219665457	0.747849462365591	0.676005422503389
wdLC_k1_0.12_k2_0.52	210	0.877257987709472	0.862907160188278	0.891524589154921	0.89167101294814	0.12	0.52	0.629082219665457	0.747849462365591	0.676005422503389
wdLC_k1_0.12_k2_0.52	220	0.844542242608318	0.832498041845342	0.861047091506399	0.888045395378192	0.12	0.52	0.629082219665457	0.747849462365591	0.676005422503389
wdLC_k1_0.12_k2_0.52	230	0.836089940058043	0.826041587044055	0.851638849094706	0.897238133045993	0.12	0.52	0.629082219665457	0.747849462365591	0.676005422503389
wdLC_k1_0.12_k2_0.52	240	0.824155801315995	0.813093109255369	0.84006059132971	0.904947134498863	0.12	0.52	0.629082219665457	0.747849462365591	0.676005422503389
wdLC_k1_0.12_k2_0.52	240	0.824155801315995	0.813093109255369	0.84006059132971	0.904947134498863	0.12	0.52	0.629082219665457	0.747849462365591	0.676005422503389
wdLC_k1_0.12_k2_0.52	250	0.818370469927519	0.803236019776317	0.833935006960111	0.904947134498863	0.12	0.52	0.629082219665457	0.747849462365591	0.676005422503389
wdLC_k1_0.12_k2_0.52	260	0.814620607724056	0.799310413103517	0.827975379699518	0.904947134498863	0.12	0.52	0.629082219665457	0.747849462365591	0.676005422503389
wdLC_k1_0.12_k2_0.52	270	0.807872383556549	0.787343523992861	0.824082330042631	0.904947134498863	0.12	0.52	0.629082219665457	0.747849462365591	0.676005422503389
wdLC_k1_0.12_k2_0.52	280	0.808687975247498	0.783524388977265	0.823099966654094	0.904947134498863	0.12	0.52	0.629082219665457	0.747849462365591	0.676005422503389
wdLC_k1_0.12_k2_0.52	290	0.809964364658893	0.788331240151693	0.827327644635571	0.904947134498863	0.12	0.52	0.629082219665457	0.747849462365591	0.676005422503389
wdLC_k1_0.12_k2_0.52	300	0.793784819831332	0.769714774608607	0.809849887220969	0.904947134498863	0.12	0.52	0.629082219665457	0.747849462365591	0.676005422503389
wdLC_k1_0.12_k2_0.6	10	0.793939393939394	0.806060606060606	0.466666666666667	0.83030303030303	0.12	0.6	0.578989291087707	0.693906810035842	0.621238138273836
wdLC_k1_0.12_k2_0.6	20	0.759398496240602	0.8	0.578947368421053	0.780451127819549	0.12	0.6	0.578989291087707	0.693906810035842	0.621238138273836
wdLC_k1_0.12_k2_0.6	30	0.868298109010011	0.897664071190211	0.796662958843159	0.847830923248053	0.12	0.6	0.578989291087707	0.693906810035842	0.621238138273836
wdLC_k1_0.12_k2_0.6	40	0.899812382739212	0.913508442776736	0.870356472795497	0.812757973733584	0.12	0.6	0.578989291087707	0.693906810035842	0.621238138273836
wdLC_k1_0.12_k2_0.6	50	0.908955582232893	0.893973589435774	0.907418967587035	0.840384153661465	0.12	0.6	0.578989291087707	0.693906810035842	0.621238138273836
wdLC_k1_0.12_k2_0.6	60	0.905973881633787	0.899861072520145	0.920088913587108	0.84912475687691	0.12	0.6	0.578989291087707	0.693906810035842	0.621238138273836
wdLC_k1_0.12_k2_0.6	70	0.894252471349838	0.895442218528563	0.9158078908232	0.867728107777097	0.12	0.6	0.578989291087707	0.693906810035842	0.621238138273836
wdLC_k1_0.12_k2_0.6	80	0.907829348335677	0.909329582747304	0.928574777308955	0.892639474917956	0.12	0.6	0.578989291087707	0.693906810035842	0.621238138273836
wdLC_k1_0.12_k2_0.6	90	0.873712804049883	0.891525702761658	0.908087418199778	0.901568094826522	0.12	0.6	0.578989291087707	0.693906810035842	0.621238138273836
wdLC_k1_0.12_k2_0.6	100	0.891125112511251	0.904206420642064	0.916675667566757	0.916711671167117	0.12	0.6	0.578989291087707	0.693906810035842	0.621238138273836
wdLC_k1_0.12_k2_0.6	110	0.892694362419133	0.906399477041679	0.914811892793544	0.930455559813358	0.12	0.6	0.578989291087707	0.693906810035842	0.621238138273836
wdLC_k1_0.12_k2_0.6	120	0.906090700743107	0.916126119869435	0.923939162441836	0.938488783943329	0.12	0.6	0.578989291087707	0.693906810035842	0.621238138273836
wdLC_k1_0.12_k2_0.6	130	0.912171407502492	0.917360608502096	0.926149476300373	0.939089704898332	0.12	0.6	0.578989291087707	0.693906810035842	0.621238138273836
wdLC_k1_0.12_k2_0.6	140	0.919756838905775	0.921532439701734	0.930948372001487	0.93473573724607	0.12	0.6	0.578989291087707	0.693906810035842	0.621238138273836
wdLC_k1_0.12_k2_0.6	150	0.904913107249211	0.906737188319481	0.918542157429219	0.924753989066181	0.12	0.6	0.578989291087707	0.693906810035842	0.621238138273836
wdLC_k1_0.12_k2_0.6	160	0.904822454002109	0.905727762803234	0.917385444743935	0.914854095863119	0.12	0.6	0.578989291087707	0.693906810035842	0.621238138273836
wdLC_k1_0.12_k2_0.6	170	0.899091969394423	0.897264916555224	0.910481738631298	0.901141297378497	0.12	0.6	0.578989291087707	0.693906810035842	0.621238138273836
wdLC_k1_0.12_k2_0.6	180	0.892169511404673	0.887764025638651	0.90510612467463	0.895017335926006	0.12	0.6	0.578989291087707	0.693906810035842	0.621238138273836
wdLC_k1_0.12_k2_0.6	190	0.879744737060802	0.873661466056065	0.893219960897007	0.894554886343258	0.12	0.6	0.578989291087707	0.693906810035842	0.621238138273836
wdLC_k1_0.12_k2_0.6	200	0.875891397284932	0.865688142203555	0.891035775894398	0.895384384609615	0.12	0.6	0.578989291087707	0.693906810035842	0.621238138273836
wdLC_k1_0.12_k2_0.6	210	0.873637562238211	0.860844269225412	0.882832458138021	0.89217636940261	0.12	0.6	0.578989291087707	0.693906810035842	0.621238138273836
wdLC_k1_0.12_k2_0.6	220	0.86239272411714	0.848831587429493	0.870840682283068	0.895502724511588	0.12	0.6	0.578989291087707	0.693906810035842	0.621238138273836
wdLC_k1_0.12_k2_0.6	230	0.851120058980321	0.835267371701775	0.863991182540642	0.898634723924263	0.12	0.6	0.578989291087707	0.693906810035842	0.621238138273836
wdLC_k1_0.12_k2_0.6	240	0.830528307783121	0.816173023837219	0.8427082067397	0.902158891647424	0.12	0.6	0.578989291087707	0.693906810035842	0.621238138273836
wdLC_k1_0.12_k2_0.6	240	0.830528307783121	0.816173023837219	0.8427082067397	0.902158891647424	0.12	0.6	0.578989291087707	0.693906810035842	0.621238138273836
wdLC_k1_0.12_k2_0.6	250	0.828177218835501	0.809557528920463	0.844314693035089	0.902158891647424	0.12	0.6	0.578989291087707	0.693906810035842	0.621238138273836
wdLC_k1_0.12_k2_0.6	260	0.808705181118974	0.79151739841395	0.823350368177954	0.902158891647424	0.12	0.6	0.578989291087707	0.693906810035842	0.621238138273836
wdLC_k1_0.12_k2_0.6	270	0.804265566819237	0.785871167261858	0.820871799796065	0.902158891647424	0.12	0.6	0.578989291087707	0.693906810035842	0.621238138273836
wdLC_k1_0.12_k2_0.6	280	0.80565951096315	0.786820167166855	0.821645319820041	0.902158891647424	0.12	0.6	0.578989291087707	0.693906810035842	0.621238138273836
wdLC_k1_0.12_k2_0.6	290	0.804046708497497	0.782973023173427	0.819691816418335	0.902158891647424	0.12	0.6	0.578989291087707	0.693906810035842	0.621238138273836
wdLC_k1_0.12_k2_0.6	300	0.800216891298792	0.778193091034345	0.81405082278692	0.902158891647424	0.12	0.6	0.578989291087707	0.693906810035842	0.621238138273836
wdLC_k1_0.12_k2_0.68	10	0.696969696969697	0.696969696969697	0.2	0.818181818181818	0.12	0.68	0.528896362509957	0.639247311827957	0.564934478084049
wdLC_k1_0.12_k2_0.68	20	0.796992481203008	0.818045112781955	0.658646616541354	0.888721804511278	0.12	0.68	0.528896362509957	0.639247311827957	0.564934478084049
wdLC_k1_0.12_k2_0.68	30	0.910567296996663	0.901223581757508	0.84916573971079	0.827808676307008	0.12	0.68	0.528896362509957	0.639247311827957	0.564934478084049
wdLC_k1_0.12_k2_0.68	40	0.926266416510319	0.933771106941839	0.905065666041276	0.780487804878049	0.12	0.68	0.528896362509957	0.639247311827957	0.564934478084049
wdLC_k1_0.12_k2_0.68	50	0.934789915966386	0.938055222088836	0.935846338535414	0.826938775510204	0.12	0.68	0.528896362509957	0.639247311827957	0.564934478084049
wdLC_k1_0.12_k2_0.68	60	0.893359266462907	0.892914698527369	0.926646290636288	0.81283689913865	0.12	0.68	0.528896362509957	0.639247311827957	0.564934478084049
wdLC_k1_0.12_k2_0.68	70	0.901950835447467	0.904505292625317	0.933234187735106	0.857440293937538	0.12	0.68	0.528896362509957	0.639247311827957	0.564934478084049
wdLC_k1_0.12_k2_0.68	80	0.884599156118144	0.900093764650727	0.928082512892639	0.862541022034693	0.12	0.68	0.528896362509957	0.639247311827957	0.564934478084049
wdLC_k1_0.12_k2_0.68	90	0.908169732888834	0.917487755690003	0.938280446145615	0.878157797258921	0.12	0.68	0.528896362509957	0.639247311827957	0.564934478084049
wdLC_k1_0.12_k2_0.68	100	0.921356135613561	0.929240924092409	0.946678667866787	0.891017101710171	0.12	0.68	0.528896362509957	0.639247311827957	0.564934478084049
wdLC_k1_0.12_k2_0.68	110	0.927407975114397	0.934224466334558	0.946225458152064	0.905524874332214	0.12	0.68	0.528896362509957	0.639247311827957	0.564934478084049
wdLC_k1_0.12_k2_0.68	120	0.929759011042433	0.933821793180082	0.945649003403014	0.91425793457879	0.12	0.68	0.528896362509957	0.639247311827957	0.564934478084049
wdLC_k1_0.12_k2_0.68	130	0.927744472818146	0.930339073317948	0.941880948804435	0.923664122137404	0.12	0.68	0.528896362509957	0.639247311827957	0.564934478084049
wdLC_k1_0.12_k2_0.68	140	0.916909754870875	0.920062976974044	0.92928210622991	0.927462771424198	0.12	0.68	0.528896362509957	0.639247311827957	0.564934478084049
wdLC_k1_0.12_k2_0.68	150	0.920949375527801	0.920832036979421	0.933362371660963	0.928821725410018	0.12	0.68	0.528896362509957	0.639247311827957	0.564934478084049
wdLC_k1_0.12_k2_0.68	160	0.92315715457635	0.920271299660143	0.935450603539201	0.927417086604945	0.12	0.68	0.528896362509957	0.639247311827957	0.564934478084049
wdLC_k1_0.12_k2_0.68	170	0.921224223105624	0.91514707408968	0.931822595123381	0.917584772931284	0.12	0.68	0.528896362509957	0.639247311827957	0.564934478084049
wdLC_k1_0.12_k2_0.68	180	0.923942096978302	0.91531837402389	0.934425959648961	0.908600059672624	0.12	0.68	0.528896362509957	0.639247311827957	0.564934478084049
wdLC_k1_0.12_k2_0.68	190	0.911258075380423	0.9016074216956	0.91994296386691	0.906651445367345	0.12	0.68	0.528896362509957	0.639247311827957	0.564934478084049
wdLC_k1_0.12_k2_0.68	200	0.909906247656192	0.897460436510913	0.917446936173404	0.897239930998275	0.12	0.68	0.528896362509957	0.639247311827957	0.564934478084049
wdLC_k1_0.12_k2_0.68	210	0.900909965564493	0.884247456210539	0.907957744425692	0.896153135963563	0.12	0.68	0.528896362509957	0.639247311827957	0.564934478084049
wdLC_k1_0.12_k2_0.68	220	0.899754878481712	0.884921363889938	0.905228695559074	0.892932047807149	0.12	0.68	0.528896362509957	0.639247311827957	0.564934478084049
wdLC_k1_0.12_k2_0.68	230	0.884977524848419	0.871311449135638	0.8901614808203	0.898276699567757	0.12	0.68	0.528896362509957	0.639247311827957	0.564934478084049
wdLC_k1_0.12_k2_0.68	240	0.865333599541659	0.850949669265091	0.875201826420597	0.895417455164152	0.12	0.68	0.528896362509957	0.639247311827957	0.564934478084049
wdLC_k1_0.12_k2_0.68	240	0.865333599541659	0.850949669265091	0.875201826420597	0.895417455164152	0.12	0.68	0.528896362509957	0.639247311827957	0.564934478084049
wdLC_k1_0.12_k2_0.68	250	0.853419478711659	0.837579993279892	0.866330533288533	0.895417455164152	0.12	0.68	0.528896362509957	0.639247311827957	0.564934478084049
wdLC_k1_0.12_k2_0.68	260	0.837290947635775	0.822118670394532	0.852707652707653	0.895417455164152	0.12	0.68	0.528896362509957	0.639247311827957	0.564934478084049
wdLC_k1_0.12_k2_0.68	270	0.83543990086741	0.815397559180053	0.847996695580339	0.895417455164152	0.12	0.68	0.528896362509957	0.639247311827957	0.564934478084049
wdLC_k1_0.12_k2_0.68	280	0.832827678195604	0.812041152128398	0.847249509377853	0.895417455164152	0.12	0.68	0.528896362509957	0.639247311827957	0.564934478084049
wdLC_k1_0.12_k2_0.68	290	0.826674719573114	0.804971234640947	0.84422300318467	0.895417455164152	0.12	0.68	0.528896362509957	0.639247311827957	0.564934478084049
wdLC_k1_0.12_k2_0.68	300	0.81775930843676	0.799403548928321	0.839218657985089	0.895417455164152	0.12	0.68	0.528896362509957	0.639247311827957	0.564934478084049
wdLC_k1_0.12_k2_0.76	10	0.624242424242424	0.76969696969697	0.260606060606061	0.624242424242424	0.12	0.76	0.463580847862643	0.561648745519713	0.494803434252146
wdLC_k1_0.12_k2_0.76	20	0.818045112781955	0.876691729323308	0.699248120300752	0.846616541353384	0.12	0.76	0.463580847862643	0.561648745519713	0.494803434252146
wdLC_k1_0.12_k2_0.76	30	0.887875417130145	0.905228031145718	0.80734149054505	0.797107897664071	0.12	0.76	0.463580847862643	0.561648745519713	0.494803434252146
wdLC_k1_0.12_k2_0.76	40	0.919324577861163	0.939024390243903	0.907129455909944	0.800375234521576	0.12	0.76	0.463580847862643	0.561648745519713	0.494803434252146
wdLC_k1_0.12_k2_0.76	50	0.893685474189676	0.902328931572629	0.926146458583433	0.841824729891957	0.12	0.76	0.463580847862643	0.561648745519713	0.494803434252146
wdLC_k1_0.12_k2_0.76	60	0.882967490969714	0.900138927479856	0.922145040288969	0.817893859405391	0.12	0.76	0.463580847862643	0.561648745519713	0.494803434252146
wdLC_k1_0.12_k2_0.76	70	0.89992126673082	0.909264281340215	0.932499343889423	0.849601959583588	0.12	0.76	0.463580847862643	0.561648745519713	0.494803434252146
wdLC_k1_0.12_k2_0.76	80	0.882067510548523	0.903117674636662	0.924050632911392	0.86882325363338	0.12	0.76	0.463580847862643	0.561648745519713	0.494803434252146
wdLC_k1_0.12_k2_0.76	90	0.907824011194798	0.922508951722435	0.938313372021237	0.872609787216529	0.12	0.76	0.463580847862643	0.561648745519713	0.494803434252146
wdLC_k1_0.12_k2_0.76	100	0.919399939993999	0.93040504050405	0.943726372637264	0.886648664866487	0.12	0.76	0.463580847862643	0.561648745519713	0.494803434252146
wdLC_k1_0.12_k2_0.76	110	0.930572774609472	0.937641728467416	0.950174695128823	0.905975700471113	0.12	0.76	0.463580847862643	0.561648745519713	0.494803434252146
wdLC_k1_0.12_k2_0.76	120	0.928383915549691	0.932981457045628	0.945086464337801	0.921098687408848	0.12	0.76	0.463580847862643	0.561648745519713	0.494803434252146
wdLC_k1_0.12_k2_0.76	130	0.924647339168908	0.927536904778162	0.939368283057259	0.924756585505742	0.12	0.76	0.463580847862643	0.561648745519713	0.494803434252146
wdLC_k1_0.12_k2_0.76	140	0.920880802956419	0.923710393387418	0.933887297456867	0.920185432201352	0.12	0.76	0.463580847862643	0.561648745519713	0.494803434252146
wdLC_k1_0.12_k2_0.76	150	0.924174407751456	0.924814436197164	0.935310902706787	0.926798524378861	0.12	0.76	0.463580847862643	0.561648745519713	0.494803434252146
wdLC_k1_0.12_k2_0.76	160	0.929541193015352	0.926297902261807	0.939077698347592	0.92367865932263	0.12	0.76	0.463580847862643	0.561648745519713	0.494803434252146
wdLC_k1_0.12_k2_0.76	170	0.924812379015761	0.920696624959545	0.935266638576951	0.925193422121262	0.12	0.76	0.463580847862643	0.561648745519713	0.494803434252146
wdLC_k1_0.12_k2_0.76	180	0.917454242414889	0.912999372408613	0.929174768768583	0.916466557609803	0.12	0.76	0.463580847862643	0.561648745519713	0.494803434252146
wdLC_k1_0.12_k2_0.76	190	0.908301294247836	0.899882341105819	0.9188372326978	0.900415961369392	0.12	0.76	0.463580847862643	0.561648745519713	0.494803434252146
wdLC_k1_0.12_k2_0.76	200	0.902964074101853	0.891155778894473	0.914538363459087	0.89612690317258	0.12	0.76	0.463580847862643	0.561648745519713	0.494803434252146
wdLC_k1_0.12_k2_0.76	210	0.895525975645706	0.882552568409391	0.905561836517187	0.894742025248386	0.12	0.76	0.463580847862643	0.561648745519713	0.494803434252146
wdLC_k1_0.12_k2_0.76	220	0.888404906938348	0.874216033764785	0.899591464136186	0.897961828662876	0.12	0.76	0.463580847862643	0.561648745519713	0.494803434252146
wdLC_k1_0.12_k2_0.76	230	0.881520567907506	0.867089128832057	0.892053190781119	0.898531163159984	0.12	0.76	0.463580847862643	0.561648745519713	0.494803434252146
wdLC_k1_0.12_k2_0.76	240	0.871668778971857	0.857827392836681	0.882786159481935	0.901753502664977	0.12	0.76	0.463580847862643	0.561648745519713	0.494803434252146
wdLC_k1_0.12_k2_0.76	240	0.871668778971857	0.857827392836681	0.882786159481935	0.901753502664977	0.12	0.76	0.463580847862643	0.561648745519713	0.494803434252146
wdLC_k1_0.12_k2_0.76	250	0.866550952815245	0.853778140450247	0.880408198531176	0.901753502664977	0.12	0.76	0.463580847862643	0.561648745519713	0.494803434252146
wdLC_k1_0.12_k2_0.76	260	0.848374179408662	0.83509655923449	0.868601606532641	0.901753502664977	0.12	0.76	0.463580847862643	0.561648745519713	0.494803434252146
wdLC_k1_0.12_k2_0.76	270	0.850212241899371	0.837638986055288	0.871723282288585	0.901753502664977	0.12	0.76	0.463580847862643	0.561648745519713	0.494803434252146
wdLC_k1_0.12_k2_0.76	280	0.838553334317311	0.825787865370003	0.865601237625116	0.901753502664977	0.12	0.76	0.463580847862643	0.561648745519713	0.494803434252146
wdLC_k1_0.12_k2_0.76	290	0.82638097709965	0.811011898538299	0.852762692245715	0.901753502664977	0.12	0.76	0.463580847862643	0.561648745519713	0.494803434252146
wdLC_k1_0.12_k2_0.76	300	0.81934243713819	0.804082267580751	0.847240969344104	0.901753502664977	0.12	0.76	0.463580847862643	0.561648745519713	0.494803434252146
wdLC_k1_0.16_k2_0.04	10	0.745454545454545	0.393939393939394	-0.0181818181818182	0.696969696969697	0.16	0.04	0.823789715904062	0.932616487455197	0.876547672842296
wdLC_k1_0.16_k2_0.04	20	0.724812030075188	0.712781954887218	0.490225563909775	0.729323308270677	0.16	0.04	0.823789715904062	0.932616487455197	0.876547672842296
wdLC_k1_0.16_k2_0.04	30	0.826473859844271	0.808676307007786	0.707230255839822	0.801557285873192	0.16	0.04	0.823789715904062	0.932616487455197	0.876547672842296
wdLC_k1_0.16_k2_0.04	40	0.8187617260788	0.800750469043152	0.788742964352721	0.786303939962477	0.16	0.04	0.823789715904062	0.932616487455197	0.876547672842296
wdLC_k1_0.16_k2_0.04	50	0.843265306122449	0.8153181272509	0.829819927971189	0.762304921968788	0.16	0.04	0.823789715904062	0.932616487455197	0.876547672842296
wdLC_k1_0.16_k2_0.04	60	0.835954431786608	0.822895248680189	0.846790775215338	0.805946096137816	0.16	0.04	0.823789715904062	0.932616487455197	0.876547672842296
wdLC_k1_0.16_k2_0.04	70	0.837319569591462	0.83675968856618	0.845367859329893	0.835080045490333	0.16	0.04	0.823789715904062	0.932616487455197	0.876547672842296
wdLC_k1_0.16_k2_0.04	80	0.832348804500703	0.839263947491796	0.861157993436475	0.855414908579466	0.16	0.04	0.823789715904062	0.932616487455197	0.876547672842296
wdLC_k1_0.16_k2_0.04	90	0.830069555912253	0.844688644688645	0.858287031320739	0.87972177635099	0.16	0.04	0.823789715904062	0.932616487455197	0.876547672842296
wdLC_k1_0.16_k2_0.04	100	0.853237323732373	0.863894389438944	0.874155415541554	0.88933693369337	0.16	0.04	0.823789715904062	0.932616487455197	0.876547672842296
wdLC_k1_0.16_k2_0.04	110	0.866339066339066	0.873065392331447	0.883136848274463	0.895922277573654	0.16	0.04	0.823789715904062	0.932616487455197	0.876547672842296
wdLC_k1_0.16_k2_0.04	120	0.866914369053406	0.877060907007431	0.882394610736857	0.910035419126328	0.16	0.04	0.823789715904062	0.932616487455197	0.876547672842296
wdLC_k1_0.16_k2_0.04	130	0.870515779267776	0.877633178112497	0.885209411571918	0.905086782558822	0.16	0.04	0.823789715904062	0.932616487455197	0.876547672842296
wdLC_k1_0.16_k2_0.04	140	0.882639784828672	0.885123876582625	0.895099604207212	0.900457020401916	0.16	0.04	0.823789715904062	0.932616487455197	0.876547672842296
wdLC_k1_0.16_k2_0.04	150	0.867727454553536	0.868890172896573	0.882526334503756	0.895785590470688	0.16	0.04	0.823789715904062	0.932616487455197	0.876547672842296
wdLC_k1_0.16_k2_0.04	160	0.849589827727646	0.848253838040548	0.865355091995781	0.890996718621821	0.16	0.04	0.823789715904062	0.932616487455197	0.876547672842296
wdLC_k1_0.16_k2_0.04	170	0.85762177807903	0.854719988275597	0.870308559425016	0.877262596100415	0.16	0.04	0.823789715904062	0.932616487455197	0.876547672842296
wdLC_k1_0.16_k2_0.04	180	0.846153687871025	0.842536292272395	0.855849460374291	0.861172669938373	0.16	0.04	0.823789715904062	0.932616487455197	0.876547672842296
wdLC_k1_0.16_k2_0.04	190	0.845432079325714	0.835104340257275	0.85506873641346	0.862283982206826	0.16	0.04	0.823789715904062	0.932616487455197	0.876547672842296
wdLC_k1_0.16_k2_0.04	200	0.837079426985675	0.826526663166579	0.847528688217206	0.864987624690618	0.16	0.04	0.823789715904062	0.932616487455197	0.876547672842296
wdLC_k1_0.16_k2_0.04	210	0.841547427379306	0.826454114605773	0.851705092114172	0.864880641932276	0.16	0.04	0.823789715904062	0.932616487455197	0.876547672842296
wdLC_k1_0.16_k2_0.04	220	0.833681387106045	0.817397429323296	0.843245070803492	0.869667479981743	0.16	0.04	0.823789715904062	0.932616487455197	0.876547672842296
wdLC_k1_0.16_k2_0.04	230	0.81460058832377	0.798663079847815	0.82758809445728	0.874502106968407	0.16	0.04	0.823789715904062	0.932616487455197	0.876547672842296
wdLC_k1_0.16_k2_0.04	240	0.809527075122832	0.789255889859199	0.819149638014549	0.885657737113491	0.16	0.04	0.823789715904062	0.932616487455197	0.876547672842296
wdLC_k1_0.16_k2_0.04	240	0.809527075122832	0.789255889859199	0.819149638014549	0.885657737113491	0.16	0.04	0.823789715904062	0.932616487455197	0.876547672842296
wdLC_k1_0.16_k2_0.04	250	0.793023760380166	0.769501848029568	0.800418950703211	0.885657737113491	0.16	0.04	0.823789715904062	0.932616487455197	0.876547672842296
wdLC_k1_0.16_k2_0.04	260	0.78344445240997	0.757038053589778	0.793044730975765	0.885657737113491	0.16	0.04	0.823789715904062	0.932616487455197	0.876547672842296
wdLC_k1_0.16_k2_0.04	270	0.768424197253125	0.742732029550779	0.780737733027888	0.885657737113491	0.16	0.04	0.823789715904062	0.932616487455197	0.876547672842296
wdLC_k1_0.16_k2_0.04	280	0.761025741946417	0.737526171069966	0.776957432037216	0.885657737113491	0.16	0.04	0.823789715904062	0.932616487455197	0.876547672842296
wdLC_k1_0.16_k2_0.04	290	0.759034241663458	0.737512316149563	0.774722648307352	0.885657737113491	0.16	0.04	0.823789715904062	0.932616487455197	0.876547672842296
wdLC_k1_0.16_k2_0.04	300	0.764496938854876	0.734947721641352	0.780711785686508	0.885657737113491	0.16	0.04	0.823789715904062	0.932616487455197	0.876547672842296
wdLC_k1_0.16_k2_0.12	10	0.454545454545455	0.551515151515151	0.478787878787879	0.672727272727273	0.16	0.12	0.787503318877777	0.903405017921147	0.839855399909625
wdLC_k1_0.16_k2_0.12	20	0.809022556390977	0.825563909774436	0.727819548872181	0.75187969924812	0.16	0.12	0.787503318877777	0.903405017921147	0.839855399909625
wdLC_k1_0.16_k2_0.12	30	0.880756395995551	0.861179087875417	0.830923248053393	0.781979977753059	0.16	0.12	0.787503318877777	0.903405017921147	0.839855399909625
wdLC_k1_0.16_k2_0.12	40	0.915384615384616	0.892120075046904	0.880863039399625	0.789493433395873	0.16	0.12	0.787503318877777	0.903405017921147	0.839855399909625
wdLC_k1_0.16_k2_0.12	50	0.890708283313325	0.851044417767107	0.896758703481393	0.787274909963986	0.16	0.12	0.787503318877777	0.903405017921147	0.839855399909625
wdLC_k1_0.16_k2_0.12	60	0.878855237565991	0.855126424006669	0.903084190052793	0.81383717699361	0.16	0.12	0.787503318877777	0.903405017921147	0.839855399909625
wdLC_k1_0.16_k2_0.12	70	0.880220453153705	0.87640626366897	0.904155366984516	0.86051963957659	0.16	0.12	0.787503318877777	0.903405017921147	0.839855399909625
wdLC_k1_0.16_k2_0.12	80	0.86460384435068	0.869198312236287	0.900632911392405	0.876887013595874	0.16	0.12	0.787503318877777	0.903405017921147	0.839855399909625
wdLC_k1_0.16_k2_0.12	90	0.877120632176812	0.884496028316253	0.907000864304235	0.877861464378318	0.16	0.12	0.787503318877777	0.903405017921147	0.839855399909625
wdLC_k1_0.16_k2_0.12	100	0.895385538553856	0.900990099009901	0.918127812781278	0.891353135313531	0.16	0.12	0.787503318877777	0.903405017921147	0.839855399909625
wdLC_k1_0.16_k2_0.12	110	0.897337871649798	0.904542073349413	0.913729910060185	0.903306809728828	0.16	0.12	0.787503318877777	0.903405017921147	0.839855399909625
wdLC_k1_0.16_k2_0.12	120	0.890061809847906	0.895333009236752	0.906326828251962	0.912028613098132	0.16	0.12	0.787503318877777	0.903405017921147	0.839855399909625
wdLC_k1_0.16_k2_0.12	130	0.903764901883134	0.907692307692308	0.918207267612558	0.907146076008139	0.16	0.12	0.787503318877777	0.903405017921147	0.839855399909625
wdLC_k1_0.16_k2_0.12	140	0.893892545538038	0.896394130895891	0.908329142157399	0.913935842207693	0.16	0.12	0.787503318877777	0.903405017921147	0.839855399909625
wdLC_k1_0.16_k2_0.12	150	0.89950842259656	0.899398195475355	0.91263967287435	0.908394150851149	0.16	0.12	0.787503318877777	0.903405017921147	0.839855399909625
wdLC_k1_0.16_k2_0.12	160	0.883282550099613	0.883095042775108	0.896967654986523	0.905338099144498	0.16	0.12	0.787503318877777	0.903405017921147	0.839855399909625
wdLC_k1_0.16_k2_0.12	170	0.884548824201123	0.87989081649477	0.896783727505328	0.889551236252832	0.16	0.12	0.787503318877777	0.903405017921147	0.839855399909625
wdLC_k1_0.16_k2_0.12	180	0.887078819305123	0.878874862392872	0.894208668991841	0.873029002952766	0.16	0.12	0.787503318877777	0.903405017921147	0.839855399909625
wdLC_k1_0.16_k2_0.12	190	0.882183644101528	0.874048122050327	0.892416906139695	0.87490016489741	0.16	0.12	0.787503318877777	0.903405017921147	0.839855399909625
wdLC_k1_0.16_k2_0.12	200	0.877985449636241	0.867168679216981	0.88758418960474	0.874116852921323	0.16	0.12	0.787503318877777	0.903405017921147	0.839855399909625
wdLC_k1_0.16_k2_0.12	210	0.860791142008403	0.848203878934734	0.870733706303674	0.876074935291698	0.16	0.12	0.787503318877777	0.903405017921147	0.839855399909625
wdLC_k1_0.16_k2_0.12	220	0.860812676445231	0.848349233361321	0.871406434017232	0.879395705020201	0.16	0.12	0.787503318877777	0.903405017921147	0.839855399909625
wdLC_k1_0.16_k2_0.12	230	0.846567330524042	0.831841976136641	0.857328773372062	0.889580554247348	0.16	0.12	0.787503318877777	0.903405017921147	0.839855399909625
wdLC_k1_0.16_k2_0.12	240	0.824808590426917	0.806362957690238	0.833889477247869	0.893584090001562	0.16	0.12	0.787503318877777	0.903405017921147	0.839855399909625
wdLC_k1_0.16_k2_0.12	240	0.824808590426917	0.806362957690238	0.833889477247869	0.893584090001562	0.16	0.12	0.787503318877777	0.903405017921147	0.839855399909625
wdLC_k1_0.16_k2_0.12	250	0.820871117937887	0.797134162146594	0.829329237267796	0.893584090001562	0.16	0.12	0.787503318877777	0.903405017921147	0.839855399909625
wdLC_k1_0.16_k2_0.12	260	0.808634856910719	0.783850694195522	0.823897258380017	0.893584090001562	0.16	0.12	0.787503318877777	0.903405017921147	0.839855399909625
wdLC_k1_0.16_k2_0.12	270	0.790852183614773	0.769100932645014	0.805217873740076	0.893584090001562	0.16	0.12	0.787503318877777	0.903405017921147	0.839855399909625
wdLC_k1_0.16_k2_0.12	280	0.777912983583974	0.757585647047247	0.79363475846084	0.893584090001562	0.16	0.12	0.787503318877777	0.903405017921147	0.839855399909625
wdLC_k1_0.16_k2_0.12	290	0.781268627984014	0.759836252101895	0.795169978239932	0.893584090001562	0.16	0.12	0.787503318877777	0.903405017921147	0.839855399909625
wdLC_k1_0.16_k2_0.12	300	0.779469994111046	0.753322148023867	0.795910621229125	0.893584090001562	0.16	0.12	0.787503318877777	0.903405017921147	0.839855399909625
wdLC_k1_0.16_k2_0.2	10	0.781818181818182	0.466666666666667	0.103030303030303	0.696969696969697	0.16	0.2	0.744136649260997	0.861469534050179	0.798011748757343
wdLC_k1_0.16_k2_0.2	20	0.809022556390977	0.807518796992481	0.613533834586466	0.757894736842105	0.16	0.2	0.744136649260997	0.861469534050179	0.798011748757343
wdLC_k1_0.16_k2_0.2	30	0.900778642936596	0.887875417130145	0.809121245828699	0.81979977753059	0.16	0.2	0.744136649260997	0.861469534050179	0.798011748757343
wdLC_k1_0.16_k2_0.2	40	0.902439024390244	0.89624765478424	0.857598499061914	0.808818011257036	0.16	0.2	0.744136649260997	0.861469534050179	0.798011748757343
wdLC_k1_0.16_k2_0.2	50	0.878607442977191	0.850948379351741	0.880912364945979	0.812436974789916	0.16	0.2	0.744136649260997	0.861469534050179	0.798011748757343
wdLC_k1_0.16_k2_0.2	60	0.85718255070853	0.838677410391776	0.877243678799667	0.832953598221728	0.16	0.2	0.744136649260997	0.861469534050179	0.798011748757343
wdLC_k1_0.16_k2_0.2	70	0.873046977517278	0.872207155979355	0.895232263144082	0.864088881112764	0.16	0.2	0.744136649260997	0.861469534050179	0.798011748757343
wdLC_k1_0.16_k2_0.2	80	0.872269104547586	0.87822315986873	0.906915142991092	0.875011720581341	0.16	0.2	0.744136649260997	0.861469534050179	0.798011748757343
wdLC_k1_0.16_k2_0.2	90	0.8692019590896	0.88196073589332	0.900596781495658	0.891575091575092	0.16	0.2	0.744136649260997	0.861469534050179	0.798011748757343
wdLC_k1_0.16_k2_0.2	100	0.883372337233723	0.896057605760576	0.906546654665467	0.900738073807381	0.16	0.2	0.744136649260997	0.861469534050179	0.798011748757343
wdLC_k1_0.16_k2_0.2	110	0.891269751820211	0.900710051168767	0.909501160877307	0.917489800058607	0.16	0.2	0.744136649260997	0.861469534050179	0.798011748757343
wdLC_k1_0.16_k2_0.2	120	0.889297867907493	0.896506701854295	0.906736578929092	0.924960066671296	0.16	0.2	0.744136649260997	0.861469534050179	0.798011748757343
wdLC_k1_0.16_k2_0.2	130	0.896849608761556	0.902202679266411	0.912815960889811	0.918611479058843	0.16	0.2	0.744136649260997	0.861469534050179	0.798011748757343
wdLC_k1_0.16_k2_0.2	140	0.893223415188822	0.898034156261617	0.90794865627255	0.920294767225733	0.16	0.2	0.744136649260997	0.861469534050179	0.798011748757343
wdLC_k1_0.16_k2_0.2	150	0.901744966442953	0.901912084981555	0.914293079692431	0.914826436730521	0.16	0.2	0.744136649260997	0.861469534050179	0.798011748757343
wdLC_k1_0.16_k2_0.2	160	0.895230282432907	0.894456814719325	0.906363529825384	0.91021621938357	0.16	0.2	0.744136649260997	0.861469534050179	0.798011748757343
wdLC_k1_0.16_k2_0.2	170	0.883166321651675	0.881143862091707	0.894131081270877	0.896304981039442	0.16	0.2	0.744136649260997	0.861469534050179	0.798011748757343
wdLC_k1_0.16_k2_0.2	180	0.877358354681729	0.871187382326615	0.887626161301275	0.887056184861673	0.16	0.2	0.744136649260997	0.861469534050179	0.798011748757343
wdLC_k1_0.16_k2_0.2	190	0.87699965445901	0.869709176956353	0.888980741557209	0.884440595380248	0.16	0.2	0.744136649260997	0.861469534050179	0.798011748757343
wdLC_k1_0.16_k2_0.2	200	0.868905722643066	0.861161029025726	0.879986499662492	0.885704642616066	0.16	0.2	0.744136649260997	0.861469534050179	0.798011748757343
wdLC_k1_0.16_k2_0.2	210	0.860675817073921	0.851469259102085	0.872818625624812	0.882181973676112	0.16	0.2	0.744136649260997	0.861469534050179	0.798011748757343
wdLC_k1_0.16_k2_0.2	220	0.859867127232156	0.844525337676023	0.870787713495208	0.886626508060835	0.16	0.2	0.744136649260997	0.861469534050179	0.798011748757343
wdLC_k1_0.16_k2_0.2	230	0.851466247820909	0.832807556976913	0.860917893574055	0.89203445121425	0.16	0.2	0.744136649260997	0.861469534050179	0.798011748757343
wdLC_k1_0.16_k2_0.2	240	0.849289050157121	0.829215784996267	0.859519262487196	0.897533811350891	0.16	0.2	0.744136649260997	0.861469534050179	0.798011748757343
wdLC_k1_0.16_k2_0.2	240	0.849289050157121	0.829215784996267	0.859519262487196	0.897533811350891	0.16	0.2	0.744136649260997	0.861469534050179	0.798011748757343
wdLC_k1_0.16_k2_0.2	250	0.82765804252868	0.808778764460231	0.840480775692411	0.897533811350891	0.16	0.2	0.744136649260997	0.861469534050179	0.798011748757343
wdLC_k1_0.16_k2_0.2	260	0.811898446381205	0.791481894930171	0.825524273800136	0.897533811350891	0.16	0.2	0.744136649260997	0.861469534050179	0.798011748757343
wdLC_k1_0.16_k2_0.2	270	0.804980711517152	0.784319553232707	0.818722098001649	0.897533811350891	0.16	0.2	0.744136649260997	0.861469534050179	0.798011748757343
wdLC_k1_0.16_k2_0.2	280	0.798379716942454	0.773326554821217	0.81583547895108	0.897533811350891	0.16	0.2	0.744136649260997	0.861469534050179	0.798011748757343
wdLC_k1_0.16_k2_0.2	290	0.798308643630598	0.774894859137691	0.813276224941787	0.897533811350891	0.16	0.2	0.744136649260997	0.861469534050179	0.798011748757343
wdLC_k1_0.16_k2_0.2	300	0.792849698329981	0.765264947388304	0.808999211102346	0.897533811350891	0.16	0.2	0.744136649260997	0.861469534050179	0.798011748757343
wdLC_k1_0.16_k2_0.28	10	0.648484848484848	0.684848484848485	0.454545454545455	0.721212121212121	0.16	0.28	0.694486237720152	0.813620071684588	0.747763217352011
wdLC_k1_0.16_k2_0.28	20	0.825563909774436	0.840601503759399	0.738345864661654	0.780451127819549	0.16	0.28	0.694486237720152	0.813620071684588	0.747763217352011
wdLC_k1_0.16_k2_0.28	30	0.901223581757508	0.898553948832036	0.844716351501669	0.805116796440489	0.16	0.28	0.694486237720152	0.813620071684588	0.747763217352011
wdLC_k1_0.16_k2_0.28	40	0.934521575984991	0.929268292682927	0.920262664165103	0.809943714821764	0.16	0.28	0.694486237720152	0.813620071684588	0.747763217352011
wdLC_k1_0.16_k2_0.28	50	0.893973589435774	0.867947178871549	0.912701080432173	0.816758703481393	0.16	0.28	0.694486237720152	0.813620071684588	0.747763217352011
wdLC_k1_0.16_k2_0.28	60	0.885357043623229	0.873520422339539	0.918088357877188	0.833620450125035	0.16	0.28	0.694486237720152	0.813620071684588	0.747763217352011
wdLC_k1_0.16_k2_0.28	70	0.877141107514653	0.878190884437057	0.910384043390779	0.861674394191234	0.16	0.28	0.694486237720152	0.813620071684588	0.747763217352011
wdLC_k1_0.16_k2_0.28	80	0.893225503984998	0.893999062353493	0.923159868729489	0.880965775902485	0.16	0.28	0.694486237720152	0.813620071684588	0.747763217352011
wdLC_k1_0.16_k2_0.28	90	0.873202452977734	0.888842243898424	0.910359303617731	0.894554883318928	0.16	0.28	0.694486237720152	0.813620071684588	0.747763217352011
wdLC_k1_0.16_k2_0.28	100	0.887596759675968	0.902226222622262	0.915067506750675	0.903990399039904	0.16	0.28	0.694486237720152	0.813620071684588	0.747763217352011
wdLC_k1_0.16_k2_0.28	110	0.893316502490814	0.906967517976692	0.91882424542975	0.920555417803124	0.16	0.28	0.694486237720152	0.813620071684588	0.747763217352011
wdLC_k1_0.16_k2_0.28	120	0.901354260712549	0.909702062643239	0.921577887353288	0.927078269324258	0.16	0.28	0.694486237720152	0.813620071684588	0.747763217352011
wdLC_k1_0.16_k2_0.28	130	0.906758251512379	0.913187398435046	0.92345655409742	0.92377883079108	0.16	0.28	0.694486237720152	0.813620071684588	0.747763217352011
wdLC_k1_0.16_k2_0.28	140	0.908779602457851	0.914250727077912	0.923915943233255	0.918676608864884	0.16	0.28	0.694486237720152	0.813620071684588	0.747763217352011
wdLC_k1_0.16_k2_0.28	150	0.905684697097649	0.907060758255923	0.919189297302102	0.918780390239566	0.16	0.28	0.694486237720152	0.813620071684588	0.747763217352011
wdLC_k1_0.16_k2_0.28	160	0.902440525020508	0.901239306222899	0.913887261221141	0.914010312902848	0.16	0.28	0.694486237720152	0.813620071684588	0.747763217352011
wdLC_k1_0.16_k2_0.28	170	0.893659662557019	0.892919559602103	0.906006924725668	0.9043655082712	0.16	0.28	0.694486237720152	0.813620071684588	0.747763217352011
wdLC_k1_0.16_k2_0.28	180	0.885084930604854	0.880724713725732	0.898628558494604	0.894459705546468	0.16	0.28	0.694486237720152	0.813620071684588	0.747763217352011
wdLC_k1_0.16_k2_0.28	190	0.875160851517975	0.867765399537238	0.888672816421508	0.886881251995609	0.16	0.28	0.694486237720152	0.813620071684588	0.747763217352011
wdLC_k1_0.16_k2_0.28	200	0.865152628815721	0.85684692117303	0.878247956198905	0.88915172879322	0.16	0.28	0.694486237720152	0.813620071684588	0.747763217352011
wdLC_k1_0.16_k2_0.28	210	0.859291917860139	0.850365249616933	0.87688091404729	0.889709193276168	0.16	0.28	0.694486237720152	0.813620071684588	0.747763217352011
wdLC_k1_0.16_k2_0.28	220	0.858504589689118	0.847978451846301	0.872222378749373	0.888660734913757	0.16	0.28	0.694486237720152	0.813620071684588	0.747763217352011
wdLC_k1_0.16_k2_0.28	230	0.842425886245898	0.830110045640708	0.855746759411084	0.894514978091967	0.16	0.28	0.694486237720152	0.813620071684588	0.747763217352011
wdLC_k1_0.16_k2_0.28	240	0.840097918366638	0.823163596590218	0.85362506293512	0.904386360874321	0.16	0.28	0.694486237720152	0.813620071684588	0.747763217352011
wdLC_k1_0.16_k2_0.28	240	0.840097918366638	0.823163596590218	0.85362506293512	0.904386360874321	0.16	0.28	0.694486237720152	0.813620071684588	0.747763217352011
wdLC_k1_0.16_k2_0.28	250	0.825913886622186	0.808392454279268	0.838119905918495	0.904386360874321	0.16	0.28	0.694486237720152	0.813620071684588	0.747763217352011
wdLC_k1_0.16_k2_0.28	260	0.82568950155157	0.803418575832369	0.838678314540383	0.904386360874321	0.16	0.28	0.694486237720152	0.813620071684588	0.747763217352011
wdLC_k1_0.16_k2_0.28	270	0.807444394146544	0.783203854343376	0.820976663298231	0.904386360874321	0.16	0.28	0.694486237720152	0.813620071684588	0.747763217352011
wdLC_k1_0.16_k2_0.28	280	0.8026862587533	0.776881993757209	0.818552350339746	0.904386360874321	0.16	0.28	0.694486237720152	0.813620071684588	0.747763217352011
wdLC_k1_0.16_k2_0.28	290	0.807153883907759	0.779994267839505	0.821340612111096	0.904386360874321	0.16	0.28	0.694486237720152	0.813620071684588	0.747763217352011
wdLC_k1_0.16_k2_0.28	300	0.801180902010022	0.774088156535073	0.818535317059079	0.904386360874321	0.16	0.28	0.694486237720152	0.813620071684588	0.747763217352011
wdLC_k1_0.16_k2_0.36	10	0.6	0.636363636363636	0.163636363636364	0.418181818181818	0.16	0.36	0.646163377290026	0.762903225806452	0.696791685494803
wdLC_k1_0.16_k2_0.36	20	0.502255639097744	0.61203007518797	0.6	0.455639097744361	0.16	0.36	0.646163377290026	0.762903225806452	0.696791685494803
wdLC_k1_0.16_k2_0.36	30	0.803337041156841	0.821579532814238	0.780645161290323	0.748164627363738	0.16	0.36	0.646163377290026	0.762903225806452	0.696791685494803
wdLC_k1_0.16_k2_0.36	40	0.890243902439025	0.893433395872421	0.886303939962477	0.80656660412758	0.16	0.36	0.646163377290026	0.762903225806452	0.696791685494803
wdLC_k1_0.16_k2_0.36	50	0.907611044417767	0.905210084033613	0.913949579831933	0.82578631452581	0.16	0.36	0.646163377290026	0.762903225806452	0.696791685494803
wdLC_k1_0.16_k2_0.36	60	0.871964434565157	0.856293414837455	0.903473186996388	0.826562934148375	0.16	0.36	0.646163377290026	0.762903225806452	0.696791685494803
wdLC_k1_0.16_k2_0.36	70	0.910069110314058	0.900516140320182	0.933234187735106	0.851001662146794	0.16	0.36	0.646163377290026	0.762903225806452	0.696791685494803
wdLC_k1_0.16_k2_0.36	80	0.888982653539616	0.90182841068917	0.927402719174871	0.867932489451477	0.16	0.36	0.646163377290026	0.762903225806452	0.696791685494803
wdLC_k1_0.16_k2_0.36	90	0.904877145326584	0.91389883524715	0.931892826274849	0.880940033749022	0.16	0.36	0.646163377290026	0.762903225806452	0.696791685494803
wdLC_k1_0.16_k2_0.36	100	0.907806780678068	0.916735673567357	0.928808880888089	0.863234323432343	0.16	0.36	0.646163377290026	0.762903225806452	0.696791685494803
wdLC_k1_0.16_k2_0.36	110	0.918075874039177	0.923566936410973	0.934801523792349	0.886355746906206	0.16	0.36	0.646163377290026	0.762903225806452	0.696791685494803
wdLC_k1_0.16_k2_0.36	120	0.916251128550594	0.918862421001458	0.930946593513438	0.904750329884019	0.16	0.36	0.646163377290026	0.762903225806452	0.696791685494803
wdLC_k1_0.16_k2_0.36	130	0.912641166750877	0.913433202692922	0.926635622499283	0.906108235808218	0.16	0.36	0.646163377290026	0.762903225806452	0.696791685494803
wdLC_k1_0.16_k2_0.36	140	0.915549627167567	0.914154512256456	0.927327195993965	0.916922875073801	0.16	0.36	0.646163377290026	0.762903225806452	0.696791685494803
wdLC_k1_0.16_k2_0.36	150	0.914598871060936	0.912675230010223	0.925717587448331	0.912536557180319	0.16	0.36	0.646163377290026	0.762903225806452	0.696791685494803
wdLC_k1_0.16_k2_0.36	160	0.905215047462791	0.903463025899449	0.916579749208953	0.908077463963436	0.16	0.36	0.646163377290026	0.762903225806452	0.696791685494803
wdLC_k1_0.16_k2_0.36	170	0.903725551260679	0.897987921422073	0.915620935387547	0.904082168526084	0.16	0.36	0.646163377290026	0.762903225806452	0.696791685494803
wdLC_k1_0.16_k2_0.36	180	0.907019763984485	0.898301387902919	0.921197156290832	0.893389713674291	0.16	0.36	0.646163377290026	0.762903225806452	0.696791685494803
wdLC_k1_0.16_k2_0.36	190	0.901710646599046	0.890065477830703	0.911534508172701	0.886813018584857	0.16	0.36	0.646163377290026	0.762903225806452	0.696791685494803
wdLC_k1_0.16_k2_0.36	200	0.891526288157204	0.879563489087227	0.899813995349884	0.887981699542489	0.16	0.36	0.646163377290026	0.762903225806452	0.696791685494803
wdLC_k1_0.16_k2_0.36	210	0.880418409228586	0.869502709812014	0.88917273796296	0.878889382007367	0.16	0.36	0.646163377290026	0.762903225806452	0.696791685494803
wdLC_k1_0.16_k2_0.36	220	0.877477558702377	0.863609879242434	0.886056248344725	0.883699700782698	0.16	0.36	0.646163377290026	0.762903225806452	0.696791685494803
wdLC_k1_0.16_k2_0.36	230	0.868444295404614	0.85333625933588	0.875355250407462	0.892918169736093	0.16	0.36	0.646163377290026	0.762903225806452	0.696791685494803
wdLC_k1_0.16_k2_0.36	240	0.857183284432021	0.840965988992864	0.869083664646956	0.900388027569923	0.16	0.36	0.646163377290026	0.762903225806452	0.696791685494803
wdLC_k1_0.16_k2_0.36	240	0.857183284432021	0.840965988992864	0.869083664646956	0.900388027569923	0.16	0.36	0.646163377290026	0.762903225806452	0.696791685494803
wdLC_k1_0.16_k2_0.36	250	0.84314731435703	0.824032256516104	0.858054432870926	0.900388027569923	0.16	0.36	0.646163377290026	0.762903225806452	0.696791685494803
wdLC_k1_0.16_k2_0.36	260	0.832172301137818	0.81623874727323	0.848138627448972	0.900388027569923	0.16	0.36	0.646163377290026	0.762903225806452	0.696791685494803
wdLC_k1_0.16_k2_0.36	270	0.824060991539283	0.803252292745976	0.83967406960315	0.900388027569923	0.16	0.36	0.646163377290026	0.762903225806452	0.696791685494803
wdLC_k1_0.16_k2_0.36	280	0.817457401971235	0.796860564912453	0.836514860794507	0.900388027569923	0.16	0.36	0.646163377290026	0.762903225806452	0.696791685494803
wdLC_k1_0.16_k2_0.36	290	0.805268421331018	0.784731541766662	0.824884710999475	0.900388027569923	0.16	0.36	0.646163377290026	0.762903225806452	0.696791685494803
wdLC_k1_0.16_k2_0.36	300	0.804984055378393	0.779402882254247	0.826413182368693	0.900388027569923	0.16	0.36	0.646163377290026	0.762903225806452	0.696791685494803
wdLC_k1_0.16_k2_0.44	10	0.672727272727273	0.745454545454545	0.187878787878788	0.854545454545454	0.16	0.44	0.595008407823701	0.713082437275986	0.641662901039313
wdLC_k1_0.16_k2_0.44	20	0.834586466165414	0.878195488721805	0.732330827067669	0.757894736842105	0.16	0.44	0.595008407823701	0.713082437275986	0.641662901039313
wdLC_k1_0.16_k2_0.44	30	0.888320355951057	0.927474972191324	0.844271412680756	0.842046718576196	0.16	0.44	0.595008407823701	0.713082437275986	0.641662901039313
wdLC_k1_0.16_k2_0.44	40	0.903564727954972	0.924390243902439	0.889118198874297	0.859099437148218	0.16	0.44	0.595008407823701	0.713082437275986	0.641662901039313
wdLC_k1_0.16_k2_0.44	50	0.900888355342137	0.89109243697479	0.910972388955582	0.824729891956783	0.16	0.44	0.595008407823701	0.713082437275986	0.641662901039313
wdLC_k1_0.16_k2_0.44	60	0.885023617671576	0.881800500138928	0.915087524312309	0.837565990552932	0.16	0.44	0.595008407823701	0.713082437275986	0.641662901039313
wdLC_k1_0.16_k2_0.44	70	0.886624092380369	0.891872976992389	0.913498381593911	0.860064736243548	0.16	0.44	0.595008407823701	0.713082437275986	0.641662901039313
wdLC_k1_0.16_k2_0.44	80	0.904336615096109	0.90548523206751	0.928738865447726	0.88413033286451	0.16	0.44	0.595008407823701	0.713082437275986	0.641662901039313
wdLC_k1_0.16_k2_0.44	90	0.873795118738939	0.895328641396057	0.910408692431164	0.892480553154711	0.16	0.44	0.595008407823701	0.713082437275986	0.641662901039313
wdLC_k1_0.16_k2_0.44	100	0.891425142514251	0.906966696669667	0.919243924392439	0.910747074707471	0.16	0.44	0.595008407823701	0.713082437275986	0.641662901039313
wdLC_k1_0.16_k2_0.44	110	0.891368933570768	0.907319162365034	0.915064355431328	0.922746432838176	0.16	0.44	0.595008407823701	0.713082437275986	0.641662901039313
wdLC_k1_0.16_k2_0.44	120	0.903923883603028	0.915799708313077	0.922980762552955	0.936141398708243	0.16	0.44	0.595008407823701	0.713082437275986	0.641662901039313
wdLC_k1_0.16_k2_0.44	130	0.910860451460487	0.918742574663043	0.927094457113985	0.939433830859359	0.16	0.44	0.595008407823701	0.713082437275986	0.641662901039313
wdLC_k1_0.16_k2_0.44	140	0.914749294789093	0.921003258183727	0.93009555881131	0.927834510507096	0.16	0.44	0.595008407823701	0.713082437275986	0.641662901039313
wdLC_k1_0.16_k2_0.44	150	0.908543490821814	0.911786301613405	0.921596515400685	0.924437530556914	0.16	0.44	0.595008407823701	0.713082437275986	0.641662901039313
wdLC_k1_0.16_k2_0.44	160	0.909791398101488	0.909000351576233	0.921261572717684	0.911118598382749	0.16	0.44	0.595008407823701	0.713082437275986	0.641662901039313
wdLC_k1_0.16_k2_0.44	170	0.908356690542926	0.907018154505652	0.921019046048815	0.903215051202667	0.16	0.44	0.595008407823701	0.713082437275986	0.641662901039313
wdLC_k1_0.16_k2_0.44	180	0.899387841188514	0.890963712871797	0.909688570634896	0.893638692552239	0.16	0.44	0.595008407823701	0.713082437275986	0.641662901039313
wdLC_k1_0.16_k2_0.44	190	0.886660805591641	0.877181610221015	0.898591155025435	0.892714333827588	0.16	0.44	0.595008407823701	0.713082437275986	0.641662901039313
wdLC_k1_0.16_k2_0.44	200	0.884789619740494	0.872910822770569	0.894637365934148	0.893261831545789	0.16	0.44	0.595008407823701	0.713082437275986	0.641662901039313
wdLC_k1_0.16_k2_0.44	210	0.875360957326535	0.862327943944307	0.884154159634329	0.894047484069933	0.16	0.44	0.595008407823701	0.713082437275986	0.641662901039313
wdLC_k1_0.16_k2_0.44	220	0.85708006739433	0.845229709855012	0.870332407318709	0.894158218896333	0.16	0.44	0.595008407823701	0.713082437275986	0.641662901039313
wdLC_k1_0.16_k2_0.44	230	0.849408840637244	0.839142516871775	0.860691046185635	0.89610192351791	0.16	0.44	0.595008407823701	0.713082437275986	0.641662901039313
wdLC_k1_0.16_k2_0.44	240	0.834860848278616	0.823537735030122	0.846158787478949	0.906046979982291	0.16	0.44	0.595008407823701	0.713082437275986	0.641662901039313
wdLC_k1_0.16_k2_0.44	240	0.834860848278616	0.823537735030122	0.846158787478949	0.906046979982291	0.16	0.44	0.595008407823701	0.713082437275986	0.641662901039313
wdLC_k1_0.16_k2_0.44	250	0.82741535064561	0.810517544280708	0.839970815533049	0.906046979982291	0.16	0.44	0.595008407823701	0.713082437275986	0.641662901039313
wdLC_k1_0.16_k2_0.44	260	0.821519890485408	0.801657739588774	0.834062861649068	0.906046979982291	0.16	0.44	0.595008407823701	0.713082437275986	0.641662901039313
wdLC_k1_0.16_k2_0.44	270	0.816376691647957	0.796877567288684	0.831620308768143	0.906046979982291	0.16	0.44	0.595008407823701	0.713082437275986	0.641662901039313
wdLC_k1_0.16_k2_0.44	280	0.801597323581022	0.77953873318355	0.814967938730997	0.906046979982291	0.16	0.44	0.595008407823701	0.713082437275986	0.641662901039313
wdLC_k1_0.16_k2_0.44	290	0.808178784363749	0.785152720254577	0.822691237051898	0.906046979982291	0.16	0.44	0.595008407823701	0.713082437275986	0.641662901039313
wdLC_k1_0.16_k2_0.44	300	0.801958243980489	0.780590895454394	0.819020211335682	0.906046979982291	0.16	0.44	0.595008407823701	0.713082437275986	0.641662901039313
wdLC_k1_0.16_k2_0.52	10	0.466666666666667	0.854545454545454	0.43030303030303	0.660606060606061	0.16	0.52	0.54482697583857	0.656272401433692	0.585359240849526
wdLC_k1_0.16_k2_0.52	20	0.837593984962406	0.906766917293233	0.803007518796992	0.759398496240602	0.16	0.52	0.54482697583857	0.656272401433692	0.585359240849526
wdLC_k1_0.16_k2_0.52	30	0.909677419354839	0.919021134593993	0.853170189098999	0.817575083426029	0.16	0.52	0.54482697583857	0.656272401433692	0.585359240849526
wdLC_k1_0.16_k2_0.52	40	0.921013133208255	0.928705440900563	0.921951219512195	0.801313320825516	0.16	0.52	0.54482697583857	0.656272401433692	0.585359240849526
wdLC_k1_0.16_k2_0.52	50	0.933829531812725	0.946890756302521	0.95140456182473	0.805042016806723	0.16	0.52	0.54482697583857	0.656272401433692	0.585359240849526
wdLC_k1_0.16_k2_0.52	60	0.925090302861906	0.928313420394554	0.944373437065852	0.818838566268408	0.16	0.52	0.54482697583857	0.656272401433692	0.585359240849526
wdLC_k1_0.16_k2_0.52	70	0.879170676231301	0.874446680080483	0.922841396203307	0.846662584200857	0.16	0.52	0.54482697583857	0.656272401433692	0.585359240849526
wdLC_k1_0.16_k2_0.52	80	0.86671354899203	0.87808251289264	0.91924519456165	0.868284106891702	0.16	0.52	0.54482697583857	0.656272401433692	0.585359240849526
wdLC_k1_0.16_k2_0.52	90	0.894686586821418	0.90089311437626	0.931151994073342	0.870272050047331	0.16	0.52	0.54482697583857	0.656272401433692	0.585359240849526
wdLC_k1_0.16_k2_0.52	100	0.910627062706271	0.917191719171917	0.94025802580258	0.883324332433243	0.16	0.52	0.54482697583857	0.656272401433692	0.585359240849526
wdLC_k1_0.16_k2_0.52	110	0.92052836823479	0.925027613101008	0.943114757793657	0.898834614430945	0.16	0.52	0.54482697583857	0.656272401433692	0.585359240849526
wdLC_k1_0.16_k2_0.52	120	0.924585040627821	0.926918536009445	0.943558580456976	0.917265087853323	0.16	0.52	0.54482697583857	0.656272401433692	0.585359240849526
wdLC_k1_0.16_k2_0.52	130	0.919709404744022	0.921348099796529	0.935998033565937	0.916601346461101	0.16	0.52	0.54482697583857	0.656272401433692	0.585359240849526
wdLC_k1_0.16_k2_0.52	140	0.919463821040432	0.919944895147712	0.934324637554394	0.921847324571953	0.16	0.52	0.54482697583857	0.656272401433692	0.585359240849526
wdLC_k1_0.16_k2_0.52	150	0.924117516334059	0.922392995244233	0.937970576470065	0.921624961109383	0.16	0.52	0.54482697583857	0.656272401433692	0.585359240849526
wdLC_k1_0.16_k2_0.52	160	0.918906011953592	0.914095277159264	0.93080686745576	0.913400914098207	0.16	0.52	0.54482697583857	0.656272401433692	0.585359240849526
wdLC_k1_0.16_k2_0.52	170	0.920513431158823	0.913762128956223	0.931424453929812	0.911339085618676	0.16	0.52	0.54482697583857	0.656272401433692	0.585359240849526
wdLC_k1_0.16_k2_0.52	180	0.917147648589977	0.908451906951861	0.928061565686184	0.905984752615822	0.16	0.52	0.54482697583857	0.656272401433692	0.585359240849526
wdLC_k1_0.16_k2_0.52	190	0.907678445677895	0.898223744352155	0.91760728172963	0.890280675510767	0.16	0.52	0.54482697583857	0.656272401433692	0.585359240849526
wdLC_k1_0.16_k2_0.52	200	0.904354608865222	0.894385359633991	0.912469811745294	0.891571289282232	0.16	0.52	0.54482697583857	0.656272401433692	0.585359240849526
wdLC_k1_0.16_k2_0.52	210	0.891349658074527	0.88130213513102	0.898648819377181	0.888044108547975	0.16	0.52	0.54482697583857	0.656272401433692	0.585359240849526
wdLC_k1_0.16_k2_0.52	220	0.887060401323093	0.872145743056299	0.894680017806529	0.891275364442165	0.16	0.52	0.54482697583857	0.656272401433692	0.585359240849526
wdLC_k1_0.16_k2_0.52	230	0.872795820090295	0.857885042620186	0.880341947780718	0.894731962550455	0.16	0.52	0.54482697583857	0.656272401433692	0.585359240849526
wdLC_k1_0.16_k2_0.52	240	0.863942950398444	0.846954808243198	0.870262504557371	0.894317609680723	0.16	0.52	0.54482697583857	0.656272401433692	0.585359240849526
wdLC_k1_0.16_k2_0.52	240	0.863942950398444	0.846954808243198	0.870262504557371	0.894317609680723	0.16	0.52	0.54482697583857	0.656272401433692	0.585359240849526
wdLC_k1_0.16_k2_0.52	250	0.849140882254116	0.832638602217635	0.860151874429991	0.894317609680723	0.16	0.52	0.54482697583857	0.656272401433692	0.585359240849526
wdLC_k1_0.16_k2_0.52	260	0.836806188530326	0.822399967227553	0.84846293811811	0.894317609680723	0.16	0.52	0.54482697583857	0.656272401433692	0.585359240849526
wdLC_k1_0.16_k2_0.52	270	0.828365882171833	0.811404820367906	0.844830671355041	0.894317609680723	0.16	0.52	0.54482697583857	0.656272401433692	0.585359240849526
wdLC_k1_0.16_k2_0.52	280	0.819887279903352	0.803030104246957	0.838811901755306	0.894317609680723	0.16	0.52	0.54482697583857	0.656272401433692	0.585359240849526
wdLC_k1_0.16_k2_0.52	290	0.81508345459846	0.790788934716104	0.835099273393304	0.894317609680723	0.16	0.52	0.54482697583857	0.656272401433692	0.585359240849526
wdLC_k1_0.16_k2_0.52	300	0.805188057645085	0.778876209735664	0.824278047533861	0.894317609680723	0.16	0.52	0.54482697583857	0.656272401433692	0.585359240849526
wdLC_k1_0.16_k2_0.6	10	0.515151515151515	0.818181818181818	0.406060606060606	0.660606060606061	0.16	0.6	0.493406496150102	0.598028673835126	0.5286940804338
wdLC_k1_0.16_k2_0.6	20	0.796992481203008	0.851127819548872	0.732330827067669	0.754887218045113	0.16	0.6	0.493406496150102	0.598028673835126	0.5286940804338
wdLC_k1_0.16_k2_0.6	30	0.876307007786429	0.911902113459399	0.860734149054505	0.826473859844271	0.16	0.6	0.493406496150102	0.598028673835126	0.5286940804338
wdLC_k1_0.16_k2_0.6	40	0.91313320825516	0.931144465290807	0.902626641651032	0.786866791744841	0.16	0.6	0.493406496150102	0.598028673835126	0.5286940804338
wdLC_k1_0.16_k2_0.6	50	0.941992797118847	0.946218487394958	0.935174069627851	0.817334933973589	0.16	0.6	0.493406496150102	0.598028673835126	0.5286940804338
wdLC_k1_0.16_k2_0.6	60	0.880800222283968	0.871908863573215	0.90930814115032	0.831508752431231	0.16	0.6	0.493406496150102	0.598028673835126	0.5286940804338
wdLC_k1_0.16_k2_0.6	70	0.873256932901758	0.873536873414399	0.91045402851894	0.858770011372583	0.16	0.6	0.493406496150102	0.598028673835126	0.5286940804338
wdLC_k1_0.16_k2_0.6	80	0.850750117205813	0.869315518049695	0.899953117674637	0.883966244725738	0.16	0.6	0.493406496150102	0.598028673835126	0.5286940804338
wdLC_k1_0.16_k2_0.6	90	0.886175247973001	0.897551138000576	0.92310161748364	0.887541671811335	0.16	0.6	0.493406496150102	0.598028673835126	0.5286940804338
wdLC_k1_0.16_k2_0.6	100	0.903294329432943	0.913783378337834	0.92998499849985	0.901086108610861	0.16	0.6	0.493406496150102	0.598028673835126	0.5286940804338
wdLC_k1_0.16_k2_0.6	110	0.910159367040101	0.92034803777923	0.932709690507856	0.913612695264071	0.16	0.6	0.493406496150102	0.598028673835126	0.5286940804338
wdLC_k1_0.16_k2_0.6	120	0.918529064518369	0.925557330370164	0.937467879713869	0.927800541704285	0.16	0.6	0.493406496150102	0.598028673835126	0.5286940804338
wdLC_k1_0.16_k2_0.6	130	0.906823799314479	0.911952914828825	0.923986398831064	0.929923937237979	0.16	0.6	0.493406496150102	0.598028673835126	0.5286940804338
wdLC_k1_0.16_k2_0.6	140	0.917648859635696	0.91869847586976	0.930703461546872	0.9283112112134	0.16	0.6	0.493406496150102	0.598028673835126	0.5286940804338
wdLC_k1_0.16_k2_0.6	150	0.912892128539046	0.913066358504823	0.924636650517801	0.933785501577848	0.16	0.6	0.493406496150102	0.598028673835126	0.5286940804338
wdLC_k1_0.16_k2_0.6	160	0.916084612680183	0.915440056252197	0.927692487987812	0.928255009961326	0.16	0.6	0.493406496150102	0.598028673835126	0.5286940804338
wdLC_k1_0.16_k2_0.6	170	0.913422609778885	0.910650276927962	0.924871001031992	0.919944309084581	0.16	0.6	0.493406496150102	0.598028673835126	0.5286940804338
wdLC_k1_0.16_k2_0.6	180	0.9036698663539	0.899412533308641	0.915785466629629	0.906927168534008	0.16	0.6	0.493406496150102	0.598028673835126	0.5286940804338
wdLC_k1_0.16_k2_0.6	190	0.905563209944582	0.897889575596933	0.917458567885683	0.899607657888176	0.16	0.6	0.493406496150102	0.598028673835126	0.5286940804338
wdLC_k1_0.16_k2_0.6	200	0.896822920573015	0.884785119627991	0.906915172879322	0.895270381759544	0.16	0.6	0.493406496150102	0.598028673835126	0.5286940804338
wdLC_k1_0.16_k2_0.6	210	0.889437078262222	0.877009196839578	0.89989666108399	0.891036077915599	0.16	0.6	0.493406496150102	0.598028673835126	0.5286940804338
wdLC_k1_0.16_k2_0.6	220	0.87785059420837	0.863446464896908	0.889003341541617	0.894739748567307	0.16	0.6	0.493406496150102	0.598028673835126	0.5286940804338
wdLC_k1_0.16_k2_0.6	230	0.872054127759463	0.858478791002049	0.881831250200341	0.894422266550613	0.16	0.6	0.493406496150102	0.598028673835126	0.5286940804338
wdLC_k1_0.16_k2_0.6	240	0.867982083022275	0.856172850223094	0.878674976996128	0.899258667685203	0.16	0.6	0.493406496150102	0.598028673835126	0.5286940804338
wdLC_k1_0.16_k2_0.6	240	0.867982083022275	0.856172850223094	0.878674976996128	0.899258667685203	0.16	0.6	0.493406496150102	0.598028673835126	0.5286940804338
wdLC_k1_0.16_k2_0.6	250	0.859863101809629	0.84550204003264	0.86997705563289	0.899258667685203	0.16	0.6	0.493406496150102	0.598028673835126	0.5286940804338
wdLC_k1_0.16_k2_0.6	260	0.844362285741596	0.830959720614893	0.863808636222429	0.899258667685203	0.16	0.6	0.493406496150102	0.598028673835126	0.5286940804338
wdLC_k1_0.16_k2_0.6	270	0.831962334493233	0.815337811370679	0.851299895898587	0.899258667685203	0.16	0.6	0.493406496150102	0.598028673835126	0.5286940804338
wdLC_k1_0.16_k2_0.6	280	0.827618063641482	0.808056589643089	0.84661539050243	0.899258667685203	0.16	0.6	0.493406496150102	0.598028673835126	0.5286940804338
wdLC_k1_0.16_k2_0.6	290	0.821460667661389	0.798495123358308	0.840479139733098	0.899258667685203	0.16	0.6	0.493406496150102	0.598028673835126	0.5286940804338
wdLC_k1_0.16_k2_0.6	300	0.815699285547617	0.794888387648752	0.835183057589529	0.899258667685203	0.16	0.6	0.493406496150102	0.598028673835126	0.5286940804338
wdLC_k1_0.16_k2_0.68	10	0.575757575757576	0.684848484848485	0.296969696969697	0.612121212121212	0.16	0.68	0.430923090538986	0.526702508960574	0.460099412562133
wdLC_k1_0.16_k2_0.68	20	0.757894736842105	0.778947368421053	0.655639097744361	0.819548872180451	0.16	0.68	0.430923090538986	0.526702508960574	0.460099412562133
wdLC_k1_0.16_k2_0.68	30	0.860289210233593	0.906562847608454	0.823804226918799	0.803337041156841	0.16	0.68	0.430923090538986	0.526702508960574	0.460099412562133
wdLC_k1_0.16_k2_0.68	40	0.909193245778612	0.937711069418387	0.890806754221389	0.796060037523452	0.16	0.68	0.430923090538986	0.526702508960574	0.460099412562133
wdLC_k1_0.16_k2_0.68	50	0.915678271308524	0.927875150060024	0.927779111644658	0.788811524609844	0.16	0.68	0.430923090538986	0.526702508960574	0.460099412562133
wdLC_k1_0.16_k2_0.68	60	0.879522089469297	0.893470408446791	0.912142261739372	0.855126424006669	0.16	0.68	0.430923090538986	0.526702508960574	0.460099412562133
wdLC_k1_0.16_k2_0.68	70	0.90272067185723	0.91328842620943	0.926865541072522	0.843198320356924	0.16	0.68	0.430923090538986	0.526702508960574	0.460099412562133
wdLC_k1_0.16_k2_0.68	80	0.879254571026723	0.906399437412096	0.916408813877168	0.865518049695265	0.16	0.68	0.430923090538986	0.526702508960574	0.460099412562133
wdLC_k1_0.16_k2_0.68	90	0.903082685105157	0.917158496933778	0.931761122772359	0.881285755443059	0.16	0.68	0.430923090538986	0.526702508960574	0.460099412562133
wdLC_k1_0.16_k2_0.68	100	0.913387338733873	0.927656765676568	0.937089708970897	0.896357635763576	0.16	0.68	0.430923090538986	0.526702508960574	0.460099412562133
wdLC_k1_0.16_k2_0.68	110	0.923134143317629	0.932953136622861	0.941608998489732	0.911773324617361	0.16	0.68	0.430923090538986	0.526702508960574	0.460099412562133
wdLC_k1_0.16_k2_0.68	120	0.925696228904785	0.933418987429682	0.940204180845892	0.923862768247795	0.16	0.68	0.430923090538986	0.526702508960574	0.460099412562133
wdLC_k1_0.16_k2_0.68	130	0.920517827636592	0.92497507817941	0.934457660216581	0.927875568422346	0.16	0.68	0.430923090538986	0.526702508960574	0.460099412562133
wdLC_k1_0.16_k2_0.68	140	0.919923028142835	0.922087861625593	0.931818678795566	0.931289497277558	0.16	0.68	0.430923090538986	0.526702508960574	0.460099412562133
wdLC_k1_0.16_k2_0.68	150	0.920092448553269	0.92151117827459	0.930126672296547	0.929315969598649	0.16	0.68	0.430923090538986	0.526702508960574	0.460099412562133
wdLC_k1_0.16_k2_0.68	160	0.920072073127857	0.918645259580452	0.929895699050744	0.92462498535099	0.16	0.68	0.430923090538986	0.526702508960574	0.460099412562133
wdLC_k1_0.16_k2_0.68	170	0.921649232723298	0.919468005202704	0.930022410708288	0.919783098539946	0.16	0.68	0.430923090538986	0.526702508960574	0.460099412562133
wdLC_k1_0.16_k2_0.68	180	0.909176209142258	0.905778984948095	0.919425496671708	0.912155724970935	0.16	0.68	0.430923090538986	0.526702508960574	0.460099412562133
wdLC_k1_0.16_k2_0.68	190	0.908826166638236	0.901652910636102	0.915112388300594	0.895366688973743	0.16	0.68	0.430923090538986	0.526702508960574	0.460099412562133
wdLC_k1_0.16_k2_0.68	200	0.908676216905423	0.900226505662642	0.916941423535589	0.891863796594915	0.16	0.68	0.430923090538986	0.526702508960574	0.460099412562133
wdLC_k1_0.16_k2_0.68	210	0.901513801738296	0.892258003906794	0.909722604658998	0.890574778177672	0.16	0.68	0.430923090538986	0.526702508960574	0.460099412562133
wdLC_k1_0.16_k2_0.68	220	0.898252593498363	0.885891707003714	0.906881997937598	0.894223584634544	0.16	0.68	0.430923090538986	0.526702508960574	0.460099412562133
wdLC_k1_0.16_k2_0.68	230	0.892970443264728	0.879469078481799	0.899343868586321	0.902428006775833	0.16	0.68	0.430923090538986	0.526702508960574	0.460099412562133
wdLC_k1_0.16_k2_0.68	240	0.887406899425337	0.869882289623084	0.898469591485963	0.908994079758329	0.16	0.68	0.430923090538986	0.526702508960574	0.460099412562133
wdLC_k1_0.16_k2_0.68	240	0.887406899425337	0.869882289623084	0.898469591485963	0.908994079758329	0.16	0.68	0.430923090538986	0.526702508960574	0.460099412562133
wdLC_k1_0.16_k2_0.68	250	0.869099217587481	0.851006384102146	0.881501848029568	0.908994079758329	0.16	0.68	0.430923090538986	0.526702508960574	0.460099412562133
wdLC_k1_0.16_k2_0.68	260	0.855608014228704	0.838940494112908	0.873034762689935	0.908994079758329	0.16	0.68	0.430923090538986	0.526702508960574	0.460099412562133
wdLC_k1_0.16_k2_0.68	270	0.839696017778022	0.821140055266724	0.858104439780457	0.908994079758329	0.16	0.68	0.430923090538986	0.526702508960574	0.460099412562133
wdLC_k1_0.16_k2_0.68	280	0.848103929897065	0.822650616899268	0.863183932739667	0.908994079758329	0.16	0.68	0.430923090538986	0.526702508960574	0.460099412562133
wdLC_k1_0.16_k2_0.68	290	0.832763110472018	0.814283904314742	0.853492866166353	0.908994079758329	0.16	0.68	0.430923090538986	0.526702508960574	0.460099412562133
wdLC_k1_0.16_k2_0.68	300	0.826010511227903	0.806892076578629	0.847948532761475	0.908994079758329	0.16	0.68	0.430923090538986	0.526702508960574	0.460099412562133
wdLC_k1_0.16_k2_0.76	10	0.127272727272727	0.551515151515151	0.612121212121212	0.309090909090909	0.16	0.76	0.359589344189751	0.443010752688172	0.384003615002259
wdLC_k1_0.16_k2_0.76	20	0.810526315789474	0.777443609022556	0.670676691729323	0.643609022556391	0.16	0.76	0.359589344189751	0.443010752688172	0.384003615002259
wdLC_k1_0.16_k2_0.76	30	0.829588431590656	0.838042269187987	0.813125695216908	0.809121245828699	0.16	0.76	0.359589344189751	0.443010752688172	0.384003615002259
wdLC_k1_0.16_k2_0.76	40	0.899249530956848	0.883489681050657	0.876735459662289	0.774859287054409	0.16	0.76	0.359589344189751	0.443010752688172	0.384003615002259
wdLC_k1_0.16_k2_0.76	50	0.898103241296519	0.889651860744298	0.921536614645858	0.801008403361345	0.16	0.76	0.359589344189751	0.443010752688172	0.384003615002259
wdLC_k1_0.16_k2_0.76	60	0.892803556543484	0.885301472631287	0.917254792998055	0.816838010558489	0.16	0.76	0.359589344189751	0.443010752688172	0.384003615002259
wdLC_k1_0.16_k2_0.76	70	0.899746303910419	0.899221415449217	0.923331292100429	0.8263319044703	0.16	0.76	0.359589344189751	0.443010752688172	0.384003615002259
wdLC_k1_0.16_k2_0.76	80	0.879699953117675	0.901054852320675	0.915236755743085	0.848968588842007	0.16	0.76	0.359589344189751	0.443010752688172	0.384003615002259
wdLC_k1_0.16_k2_0.76	90	0.904350331316623	0.914277482816809	0.931859900399226	0.859966250977487	0.16	0.76	0.359589344189751	0.443010752688172	0.384003615002259
wdLC_k1_0.16_k2_0.76	100	0.919171917191719	0.926996699669967	0.941842184218422	0.877647764776478	0.16	0.76	0.359589344189751	0.443010752688172	0.384003615002259
wdLC_k1_0.16_k2_0.76	110	0.927966999526632	0.932998219236751	0.945296756305931	0.898915763135947	0.16	0.76	0.359589344189751	0.443010752688172	0.384003615002259
wdLC_k1_0.16_k2_0.76	120	0.932023057156747	0.936002500173623	0.946753246753247	0.918188763108549	0.16	0.76	0.359589344189751	0.443010752688172	0.384003615002259
wdLC_k1_0.16_k2_0.76	130	0.930885305002117	0.933310573679826	0.94348140763905	0.923838916276339	0.16	0.76	0.359589344189751	0.443010752688172	0.384003615002259
wdLC_k1_0.16_k2_0.76	140	0.928328704817301	0.927611467057357	0.939284074260349	0.928057553956835	0.16	0.76	0.359589344189751	0.443010752688172	0.384003615002259
wdLC_k1_0.16_k2_0.76	150	0.92577092315214	0.926837637228321	0.936477176763412	0.933181030268012	0.16	0.76	0.359589344189751	0.443010752688172	0.384003615002259
wdLC_k1_0.16_k2_0.76	160	0.931032462205555	0.929051916090472	0.940765264268135	0.92937712410641	0.16	0.76	0.359589344189751	0.443010752688172	0.384003615002259
wdLC_k1_0.16_k2_0.76	170	0.927450369746155	0.923955032028383	0.936781040662918	0.920833409664084	0.16	0.76	0.359589344189751	0.443010752688172	0.384003615002259
wdLC_k1_0.16_k2_0.76	180	0.92940317087976	0.921555192032676	0.937559801228433	0.917083860612982	0.16	0.76	0.359589344189751	0.443010752688172	0.384003615002259
wdLC_k1_0.16_k2_0.76	190	0.918870474615859	0.912041884816754	0.925905514221855	0.904478473671089	0.16	0.76	0.359589344189751	0.443010752688172	0.384003615002259
wdLC_k1_0.16_k2_0.76	200	0.911473786844671	0.902187054676367	0.919681992049801	0.90292807320183	0.16	0.76	0.359589344189751	0.443010752688172	0.384003615002259
wdLC_k1_0.16_k2_0.76	210	0.906454632920086	0.895229240701927	0.91435244725342	0.907837236348087	0.16	0.76	0.359589344189751	0.443010752688172	0.384003615002259
wdLC_k1_0.16_k2_0.76	220	0.899819117224436	0.890886550999363	0.908075486157678	0.908091264094487	0.16	0.76	0.359589344189751	0.443010752688172	0.384003615002259
wdLC_k1_0.16_k2_0.76	230	0.89001945462929	0.877109865642237	0.89807253691818	0.910539280351318	0.16	0.76	0.359589344189751	0.443010752688172	0.384003615002259
wdLC_k1_0.16_k2_0.76	240	0.880911994999913	0.865349224812931	0.889907810899495	0.916227712286672	0.16	0.76	0.359589344189751	0.443010752688172	0.384003615002259
wdLC_k1_0.16_k2_0.76	240	0.880911994999913	0.865349224812931	0.889907810899495	0.916227712286672	0.16	0.76	0.359589344189751	0.443010752688172	0.384003615002259
wdLC_k1_0.16_k2_0.76	250	0.874843949503192	0.860396102337637	0.883447991167859	0.916227712286672	0.16	0.76	0.359589344189751	0.443010752688172	0.384003615002259
wdLC_k1_0.16_k2_0.76	260	0.856321497700808	0.840796233899682	0.868945717221579	0.916227712286672	0.16	0.76	0.359589344189751	0.443010752688172	0.384003615002259
wdLC_k1_0.16_k2_0.76	270	0.855377988724125	0.836611079865445	0.871058130655656	0.916227712286672	0.16	0.76	0.359589344189751	0.443010752688172	0.384003615002259
wdLC_k1_0.16_k2_0.76	280	0.849866343047378	0.83225642455352	0.868402840415239	0.916227712286672	0.16	0.76	0.359589344189751	0.443010752688172	0.384003615002259
wdLC_k1_0.16_k2_0.76	290	0.839577247013065	0.822142622549532	0.864827783019274	0.916227712286672	0.16	0.76	0.359589344189751	0.443010752688172	0.384003615002259
wdLC_k1_0.16_k2_0.76	300	0.84226002511139	0.82662607362304	0.865746063845154	0.916227712286672	0.16	0.76	0.359589344189751	0.443010752688172	0.384003615002259
wdLC_k1_0.24_k2_0.04	10	0.612121212121212	0.442424242424242	0.2	0.76969696969697	0.24	0.04	0.719621205416409	0.83584229390681	0.769543605964754
wdLC_k1_0.24_k2_0.04	20	0.766917293233083	0.796992481203008	0.618045112781955	0.777443609022556	0.24	0.04	0.719621205416409	0.83584229390681	0.769543605964754
wdLC_k1_0.24_k2_0.04	30	0.853615127919911	0.870967741935484	0.754838709677419	0.81357063403782	0.24	0.04	0.719621205416409	0.83584229390681	0.769543605964754
wdLC_k1_0.24_k2_0.04	40	0.871857410881801	0.864727954971858	0.853846153846154	0.81313320825516	0.24	0.04	0.719621205416409	0.83584229390681	0.769543605964754
wdLC_k1_0.24_k2_0.04	50	0.881776710684274	0.85968787515006	0.878223289315726	0.809171668667467	0.24	0.04	0.719621205416409	0.83584229390681	0.769543605964754
wdLC_k1_0.24_k2_0.04	60	0.890803000833565	0.871130869686024	0.894303973325924	0.835232008891359	0.24	0.04	0.719621205416409	0.83584229390681	0.769543605964754
wdLC_k1_0.24_k2_0.04	70	0.866538360598373	0.870807453416149	0.887044003149331	0.870282564954947	0.24	0.04	0.719621205416409	0.83584229390681	0.769543605964754
wdLC_k1_0.24_k2_0.04	80	0.890154711673699	0.887154242850446	0.908837318330989	0.880285982184716	0.24	0.04	0.719621205416409	0.83584229390681	0.769543605964754
wdLC_k1_0.24_k2_0.04	90	0.874223155122032	0.878898629460427	0.903033296291723	0.892908589537803	0.24	0.04	0.719621205416409	0.83584229390681	0.769543605964754
wdLC_k1_0.24_k2_0.04	100	0.868646864686469	0.875643564356436	0.892577257725773	0.915523552355236	0.24	0.04	0.719621205416409	0.83584229390681	0.769543605964754
wdLC_k1_0.24_k2_0.04	110	0.865816108017943	0.881567973311092	0.888141018416248	0.922268557130942	0.24	0.04	0.719621205416409	0.83584229390681	0.769543605964754
wdLC_k1_0.24_k2_0.04	120	0.878324883672477	0.889381207028266	0.896756719216612	0.931036877560942	0.24	0.04	0.719621205416409	0.83584229390681	0.769543605964754
wdLC_k1_0.24_k2_0.04	130	0.87803192724194	0.887607368665419	0.894828551530132	0.927891955372871	0.24	0.04	0.719621205416409	0.83584229390681	0.769543605964754
wdLC_k1_0.24_k2_0.04	140	0.891425947387986	0.89530515405305	0.904607377927445	0.925481620782402	0.24	0.04	0.719621205416409	0.83584229390681	0.769543605964754
wdLC_k1_0.24_k2_0.04	150	0.893758833725944	0.896045157562558	0.906466954086848	0.919320858704831	0.24	0.04	0.719621205416409	0.83584229390681	0.769543605964754
wdLC_k1_0.24_k2_0.04	160	0.886572717684284	0.888547404195476	0.898010664479081	0.902100667994844	0.24	0.04	0.719621205416409	0.83584229390681	0.769543605964754
wdLC_k1_0.24_k2_0.04	170	0.881170730515813	0.876927962091096	0.892306471015688	0.891129145523049	0.24	0.04	0.719621205416409	0.83584229390681	0.769543605964754
wdLC_k1_0.24_k2_0.04	180	0.871866415630112	0.861973106165828	0.884438820128193	0.884220706400403	0.24	0.04	0.719621205416409	0.83584229390681	0.769543605964754
wdLC_k1_0.24_k2_0.04	190	0.859369190865471	0.850584576624808	0.872602973402092	0.878864701019565	0.24	0.04	0.719621205416409	0.83584229390681	0.769543605964754
wdLC_k1_0.24_k2_0.04	200	0.846838670966774	0.83560039000975	0.859879996999925	0.882535063376585	0.24	0.04	0.719621205416409	0.83584229390681	0.769543605964754
wdLC_k1_0.24_k2_0.04	210	0.842821184801729	0.828493681424587	0.854307029961807	0.881964281664955	0.24	0.04	0.719621205416409	0.83584229390681	0.769543605964754
wdLC_k1_0.24_k2_0.04	220	0.826248851873348	0.813047226745857	0.841566974524267	0.883155361962775	0.24	0.04	0.719621205416409	0.83584229390681	0.769543605964754
wdLC_k1_0.24_k2_0.04	230	0.810963139765114	0.79660567266415	0.825969587655557	0.889286638935395	0.24	0.04	0.719621205416409	0.83584229390681	0.769543605964754
wdLC_k1_0.24_k2_0.04	240	0.796023368461258	0.781702807340405	0.809763190333165	0.900014757200646	0.24	0.04	0.719621205416409	0.83584229390681	0.769543605964754
wdLC_k1_0.24_k2_0.04	240	0.796023368461258	0.781702807340405	0.809763190333165	0.900014757200646	0.24	0.04	0.719621205416409	0.83584229390681	0.769543605964754
wdLC_k1_0.24_k2_0.04	250	0.78026707627322	0.764162626602026	0.793113617817885	0.900014757200646	0.24	0.04	0.719621205416409	0.83584229390681	0.769543605964754
wdLC_k1_0.24_k2_0.04	260	0.781549795342899	0.765098709926296	0.795727292279016	0.900014757200646	0.24	0.04	0.719621205416409	0.83584229390681	0.769543605964754
wdLC_k1_0.24_k2_0.04	270	0.789491396772704	0.767174370628465	0.807119439224132	0.900014757200646	0.24	0.04	0.719621205416409	0.83584229390681	0.769543605964754
wdLC_k1_0.24_k2_0.04	280	0.780166292208538	0.756166532736387	0.797352007040906	0.900014757200646	0.24	0.04	0.719621205416409	0.83584229390681	0.769543605964754
wdLC_k1_0.24_k2_0.04	290	0.776802463106905	0.748329124418635	0.792143987935401	0.900014757200646	0.24	0.04	0.719621205416409	0.83584229390681	0.769543605964754
wdLC_k1_0.24_k2_0.04	300	0.780397115523506	0.759234658162869	0.799131101456683	0.900014757200646	0.24	0.04	0.719621205416409	0.83584229390681	0.769543605964754
wdLC_k1_0.24_k2_0.12	10	0.648484848484848	0.660606060606061	0.393939393939394	0.818181818181818	0.24	0.12	0.64872997610408	0.766308243727599	0.700677812923633
wdLC_k1_0.24_k2_0.12	20	0.8	0.851127819548872	0.688721804511278	0.756390977443609	0.24	0.12	0.64872997610408	0.766308243727599	0.700677812923633
wdLC_k1_0.24_k2_0.12	30	0.855839822024472	0.911457174638487	0.785984427141268	0.819354838709677	0.24	0.12	0.64872997610408	0.766308243727599	0.700677812923633
wdLC_k1_0.24_k2_0.12	40	0.884803001876173	0.89718574108818	0.880863039399625	0.815759849906192	0.24	0.12	0.64872997610408	0.766308243727599	0.700677812923633
wdLC_k1_0.24_k2_0.12	50	0.89781512605042	0.890708283313325	0.900600240096038	0.806482593037215	0.24	0.12	0.64872997610408	0.766308243727599	0.700677812923633
wdLC_k1_0.24_k2_0.12	60	0.90225062517366	0.894415115309809	0.913753820505696	0.842789663795499	0.24	0.12	0.64872997610408	0.766308243727599	0.700677812923633
wdLC_k1_0.24_k2_0.12	70	0.874096754439682	0.883229813664596	0.899081445192896	0.86307409675444	0.24	0.12	0.64872997610408	0.766308243727599	0.700677812923633
wdLC_k1_0.24_k2_0.12	80	0.903774027191749	0.905766526019691	0.923253633380216	0.887552742616034	0.24	0.12	0.64872997610408	0.766308243727599	0.700677812923633
wdLC_k1_0.24_k2_0.12	90	0.888727003333745	0.897090175741861	0.918640161336791	0.895987158908507	0.24	0.12	0.64872997610408	0.766308243727599	0.700677812923633
wdLC_k1_0.24_k2_0.12	100	0.88051605160516	0.891305130513051	0.905118511851185	0.918355835583558	0.24	0.12	0.64872997610408	0.766308243727599	0.700677812923633
wdLC_k1_0.24_k2_0.12	110	0.872533417487546	0.890259901269075	0.895462434911976	0.926470256745486	0.24	0.12	0.64872997610408	0.766308243727599	0.700677812923633
wdLC_k1_0.24_k2_0.12	120	0.876748385304535	0.891825821237586	0.896930342384888	0.932335578859643	0.24	0.12	0.64872997610408	0.766308243727599	0.700677812923633
wdLC_k1_0.24_k2_0.12	130	0.888923787024266	0.89987026997501	0.906774638462904	0.934512283384998	0.24	0.12	0.64872997610408	0.766308243727599	0.700677812923633
wdLC_k1_0.24_k2_0.12	140	0.891181036933371	0.897281931293871	0.9067197305985	0.924611313988323	0.24	0.12	0.64872997610408	0.766308243727599	0.700677812923633
wdLC_k1_0.24_k2_0.12	150	0.903106804746878	0.905272234321526	0.915797146539846	0.925216231832526	0.24	0.12	0.64872997610408	0.766308243727599	0.700677812923633
wdLC_k1_0.24_k2_0.12	160	0.897626860424235	0.897181530528536	0.910128325325208	0.901889722254775	0.24	0.12	0.64872997610408	0.766308243727599	0.700677812923633
wdLC_k1_0.24_k2_0.12	170	0.8970304284903	0.8929439854422	0.908769487240552	0.89332747113171	0.24	0.12	0.64872997610408	0.766308243727599	0.700677812923633
wdLC_k1_0.24_k2_0.12	180	0.884683683652788	0.876798666625513	0.896519439900409	0.887379240100003	0.24	0.12	0.64872997610408	0.766308243727599	0.700677812923633
wdLC_k1_0.24_k2_0.12	190	0.872258307199062	0.861472179576341	0.881615032345261	0.8800474134726	0.24	0.12	0.64872997610408	0.766308243727599	0.700677812923633
wdLC_k1_0.24_k2_0.12	200	0.859194479861997	0.847765694142354	0.872822320558014	0.881257031425786	0.24	0.12	0.64872997610408	0.766308243727599	0.700677812923633
wdLC_k1_0.24_k2_0.12	210	0.851646781754041	0.839891413151578	0.86328552963624	0.88693362013392	0.24	0.12	0.64872997610408	0.766308243727599	0.700677812923633
wdLC_k1_0.24_k2_0.12	220	0.837651792204572	0.827040002704789	0.848646760169726	0.883801130376473	0.24	0.12	0.64872997610408	0.766308243727599	0.700677812923633
wdLC_k1_0.24_k2_0.12	230	0.811840940528998	0.799394909248716	0.821727541492113	0.89007961850187	0.24	0.12	0.64872997610408	0.766308243727599	0.700677812923633
wdLC_k1_0.24_k2_0.12	240	0.801544297644056	0.786767131373809	0.813680793069324	0.897077206201496	0.24	0.12	0.64872997610408	0.766308243727599	0.700677812923633
wdLC_k1_0.24_k2_0.12	240	0.801544297644056	0.786767131373809	0.813680793069324	0.897077206201496	0.24	0.12	0.64872997610408	0.766308243727599	0.700677812923633
wdLC_k1_0.24_k2_0.12	250	0.79765564249028	0.777426198819181	0.808554504872078	0.897077206201496	0.24	0.12	0.64872997610408	0.766308243727599	0.700677812923633
wdLC_k1_0.24_k2_0.12	260	0.791577481232654	0.768670223842638	0.80614073717522	0.897077206201496	0.24	0.12	0.64872997610408	0.766308243727599	0.700677812923633
wdLC_k1_0.24_k2_0.12	270	0.789869393117723	0.765400226492971	0.803536399676264	0.897077206201496	0.24	0.12	0.64872997610408	0.766308243727599	0.700677812923633
wdLC_k1_0.24_k2_0.12	280	0.787067254866589	0.76252685438772	0.802311253970076	0.897077206201496	0.24	0.12	0.64872997610408	0.766308243727599	0.700677812923633
wdLC_k1_0.24_k2_0.12	290	0.777839172305546	0.749776679455371	0.793038008160333	0.897077206201496	0.24	0.12	0.64872997610408	0.766308243727599	0.700677812923633
wdLC_k1_0.24_k2_0.12	300	0.778593984377604	0.754923054700608	0.798610651229458	0.897077206201496	0.24	0.12	0.64872997610408	0.766308243727599	0.700677812923633
wdLC_k1_0.24_k2_0.2	10	0.624242424242424	0.781818181818182	0.503030303030303	0.696969696969697	0.24	0.2	0.592972829453934	0.7084229390681	0.641482150926344
wdLC_k1_0.24_k2_0.2	20	0.831578947368421	0.83609022556391	0.757894736842105	0.780451127819549	0.24	0.2	0.592972829453934	0.7084229390681	0.641482150926344
wdLC_k1_0.24_k2_0.2	30	0.91412680756396	0.913236929922136	0.84916573971079	0.860289210233593	0.24	0.2	0.592972829453934	0.7084229390681	0.641482150926344
wdLC_k1_0.24_k2_0.2	40	0.931519699812383	0.933395872420263	0.922889305816135	0.795309568480301	0.24	0.2	0.592972829453934	0.7084229390681	0.641482150926344
wdLC_k1_0.24_k2_0.2	50	0.909723889555822	0.887154861944778	0.933733493397359	0.803985594237695	0.24	0.2	0.592972829453934	0.7084229390681	0.641482150926344
wdLC_k1_0.24_k2_0.2	60	0.898360655737705	0.891358710752987	0.937260350097249	0.839733259238678	0.24	0.2	0.592972829453934	0.7084229390681	0.641482150926344
wdLC_k1_0.24_k2_0.2	70	0.90261569416499	0.902230775960108	0.937153354912081	0.859644825474587	0.24	0.2	0.592972829453934	0.7084229390681	0.641482150926344
wdLC_k1_0.24_k2_0.2	80	0.918166901078293	0.9171354899203	0.94803094233474	0.88061415846226	0.24	0.2	0.592972829453934	0.7084229390681	0.641482150926344
wdLC_k1_0.24_k2_0.2	90	0.893665884677121	0.909552619664979	0.931761122772359	0.898456599580195	0.24	0.2	0.592972829453934	0.7084229390681	0.641482150926344
wdLC_k1_0.24_k2_0.2	100	0.912451245124513	0.923756375637564	0.941086108610861	0.900822082208221	0.24	0.2	0.592972829453934	0.7084229390681	0.641482150926344
wdLC_k1_0.24_k2_0.2	110	0.911457746320132	0.924414489552104	0.935739242161261	0.914929107589658	0.24	0.2	0.592972829453934	0.7084229390681	0.641482150926344
wdLC_k1_0.24_k2_0.2	120	0.914987151885547	0.9231474407945	0.934919091603583	0.928675602472394	0.24	0.2	0.592972829453934	0.7084229390681	0.641482150926344
wdLC_k1_0.24_k2_0.2	130	0.914716847150719	0.920359420448183	0.932993759303008	0.930005871990605	0.24	0.2	0.592972829453934	0.7084229390681	0.641482150926344
wdLC_k1_0.24_k2_0.2	140	0.916992849489406	0.920548424482299	0.932584023966237	0.929470162471846	0.24	0.2	0.592972829453934	0.7084229390681	0.641482150926344
wdLC_k1_0.24_k2_0.2	150	0.922229432419219	0.924999333303703	0.936285168229699	0.919772434330415	0.24	0.2	0.592972829453934	0.7084229390681	0.641482150926344
wdLC_k1_0.24_k2_0.2	160	0.912662604007969	0.910471112152818	0.924958982772764	0.913216336575647	0.24	0.2	0.592972829453934	0.7084229390681	0.641482150926344
wdLC_k1_0.24_k2_0.2	170	0.907948779013318	0.902115888398337	0.91904055300102	0.901400211283517	0.24	0.2	0.592972829453934	0.7084229390681	0.641482150926344
wdLC_k1_0.24_k2_0.2	180	0.897867218124016	0.893683961439139	0.913637252178565	0.891959628383592	0.24	0.2	0.592972829453934	0.7084229390681	0.641482150926344
wdLC_k1_0.24_k2_0.2	190	0.88558831634059	0.878780721437101	0.900541930743088	0.885126428637038	0.24	0.2	0.592972829453934	0.7084229390681	0.641482150926344
wdLC_k1_0.24_k2_0.2	200	0.882812570314258	0.87067126678167	0.894796369909248	0.892741318532963	0.24	0.2	0.592972829453934	0.7084229390681	0.641482150926344
wdLC_k1_0.24_k2_0.2	210	0.859452595296946	0.848907490613652	0.868462193830116	0.886605786331404	0.24	0.2	0.592972829453934	0.7084229390681	0.641482150926344
wdLC_k1_0.24_k2_0.2	220	0.860911852048033	0.849177575043812	0.871557451412407	0.888110761116402	0.24	0.2	0.592972829453934	0.7084229390681	0.641482150926344
wdLC_k1_0.24_k2_0.2	230	0.845609640027715	0.836198432287288	0.85687409230223	0.896547727950804	0.24	0.2	0.592972829453934	0.7084229390681	0.641482150926344
wdLC_k1_0.24_k2_0.2	240	0.838918210385597	0.828207954999219	0.847353252660636	0.900099828122016	0.24	0.2	0.592972829453934	0.7084229390681	0.641482150926344
wdLC_k1_0.24_k2_0.2	240	0.838918210385597	0.828207954999219	0.847353252660636	0.900099828122016	0.24	0.2	0.592972829453934	0.7084229390681	0.641482150926344
wdLC_k1_0.24_k2_0.2	250	0.83791331061297	0.822824941199059	0.847129458071329	0.900099828122016	0.24	0.2	0.592972829453934	0.7084229390681	0.641482150926344
wdLC_k1_0.24_k2_0.2	260	0.831380983105121	0.819058543196474	0.85121650638892	0.900099828122016	0.24	0.2	0.592972829453934	0.7084229390681	0.641482150926344
wdLC_k1_0.24_k2_0.2	270	0.823220254507378	0.805050214070914	0.842762665544871	0.900099828122016	0.24	0.2	0.592972829453934	0.7084229390681	0.641482150926344
wdLC_k1_0.24_k2_0.2	280	0.803099529330731	0.784581071551569	0.825129147055447	0.900099828122016	0.24	0.2	0.592972829453934	0.7084229390681	0.641482150926344
wdLC_k1_0.24_k2_0.2	290	0.793201362433684	0.771357156651582	0.815656670648017	0.900099828122016	0.24	0.2	0.592972829453934	0.7084229390681	0.641482150926344
wdLC_k1_0.24_k2_0.2	300	0.794296825520284	0.772253025033612	0.81505172279692	0.900099828122016	0.24	0.2	0.592972829453934	0.7084229390681	0.641482150926344
wdLC_k1_0.24_k2_0.28	10	0.636363636363636	0.709090909090909	0.248484848484848	0.745454545454545	0.24	0.28	0.539074254358793	0.645698924731183	0.581653863533665
wdLC_k1_0.24_k2_0.28	20	0.843609022556391	0.894736842105263	0.724812030075188	0.736842105263158	0.24	0.28	0.539074254358793	0.645698924731183	0.581653863533665
wdLC_k1_0.24_k2_0.28	30	0.904338153503893	0.935928809788654	0.849610678531702	0.83448275862069	0.24	0.28	0.539074254358793	0.645698924731183	0.581653863533665
wdLC_k1_0.24_k2_0.28	40	0.920450281425891	0.941088180112571	0.89718574108818	0.817260787992496	0.24	0.28	0.539074254358793	0.645698924731183	0.581653863533665
wdLC_k1_0.24_k2_0.28	50	0.947178871548619	0.939303721488595	0.933829531812725	0.849795918367347	0.24	0.28	0.539074254358793	0.645698924731183	0.581653863533665
wdLC_k1_0.24_k2_0.28	60	0.884856904695749	0.874242845234788	0.91736593498194	0.854959711030842	0.24	0.28	0.539074254358793	0.645698924731183	0.581653863533665
wdLC_k1_0.24_k2_0.28	70	0.894462426734319	0.89736680955297	0.923331292100429	0.879380631615782	0.24	0.28	0.539074254358793	0.645698924731183	0.581653863533665
wdLC_k1_0.24_k2_0.28	80	0.895616502578528	0.906422878574777	0.932747304266292	0.891186122831693	0.24	0.28	0.539074254358793	0.645698924731183	0.581653863533665
wdLC_k1_0.24_k2_0.28	90	0.884380787751574	0.901699798329012	0.919282215911429	0.896645676420958	0.24	0.28	0.539074254358793	0.645698924731183	0.581653863533665
wdLC_k1_0.24_k2_0.28	100	0.903054305430543	0.915331533153315	0.92987698769877	0.914251425142514	0.24	0.28	0.539074254358793	0.645698924731183	0.581653863533665
wdLC_k1_0.24_k2_0.28	110	0.901214976444334	0.915046322385772	0.924766133940446	0.926199761062146	0.24	0.28	0.539074254358793	0.645698924731183	0.581653863533665
wdLC_k1_0.24_k2_0.28	120	0.912132786999097	0.921737620668102	0.930557677616501	0.938509618723522	0.24	0.28	0.539074254358793	0.645698924731183	0.581653863533665
wdLC_k1_0.24_k2_0.28	130	0.910510863182619	0.917000095590545	0.927160004916085	0.942443567439129	0.24	0.28	0.539074254358793	0.645698924731183	0.581653863533665
wdLC_k1_0.24_k2_0.28	140	0.917058450504035	0.920294767225733	0.931167042050251	0.932527169753559	0.24	0.28	0.539074254358793	0.645698924731183	0.581653863533665
wdLC_k1_0.24_k2_0.28	150	0.923630383572603	0.923470376461176	0.936676296724299	0.917112760567136	0.24	0.28	0.539074254358793	0.645698924731183	0.581653863533665
wdLC_k1_0.24_k2_0.28	160	0.920482245400211	0.920338685104887	0.93160084378296	0.915856088128442	0.24	0.28	0.539074254358793	0.645698924731183	0.581653863533665
wdLC_k1_0.24_k2_0.28	170	0.903725551260679	0.899592699116395	0.915449954506873	0.905723584980551	0.24	0.28	0.539074254358793	0.645698924731183	0.581653863533665
wdLC_k1_0.24_k2_0.28	180	0.901369383828719	0.894385629186086	0.9129643919051	0.903223350514934	0.24	0.28	0.539074254358793	0.645698924731183	0.581653863533665
wdLC_k1_0.24_k2_0.28	190	0.890247433592708	0.882316611773763	0.901012566319814	0.894136738005573	0.24	0.28	0.539074254358793	0.645698924731183	0.581653863533665
wdLC_k1_0.24_k2_0.28	200	0.8787204680117	0.870740268506713	0.889505737643441	0.891158778969474	0.24	0.28	0.539074254358793	0.645698924731183	0.581653863533665
wdLC_k1_0.24_k2_0.28	210	0.877711512732715	0.864648696277531	0.888080390549834	0.897166440444066	0.24	0.28	0.539074254358793	0.645698924731183	0.581653863533665
wdLC_k1_0.24_k2_0.28	220	0.855157413094561	0.843126736277421	0.868063765404619	0.899785307359844	0.24	0.28	0.539074254358793	0.645698924731183	0.581653863533665
wdLC_k1_0.24_k2_0.28	230	0.847896853478779	0.834799868823032	0.858884157422225	0.898932584408187	0.24	0.28	0.539074254358793	0.645698924731183	0.581653863533665
wdLC_k1_0.24_k2_0.28	240	0.832364277157589	0.815025434469348	0.843834094341916	0.906443688258477	0.24	0.28	0.539074254358793	0.645698924731183	0.581653863533665
wdLC_k1_0.24_k2_0.28	240	0.832364277157589	0.815025434469348	0.843834094341916	0.906443688258477	0.24	0.28	0.539074254358793	0.645698924731183	0.581653863533665
wdLC_k1_0.24_k2_0.28	250	0.821064657034513	0.802912686602986	0.833737627802045	0.906443688258477	0.24	0.28	0.539074254358793	0.645698924731183	0.581653863533665
wdLC_k1_0.24_k2_0.28	260	0.821589531934359	0.805034667103633	0.837995555236935	0.906443688258477	0.24	0.28	0.539074254358793	0.645698924731183	0.581653863533665
wdLC_k1_0.24_k2_0.28	270	0.819974363312406	0.799937508668767	0.834718659454252	0.906443688258477	0.24	0.28	0.539074254358793	0.645698924731183	0.581653863533665
wdLC_k1_0.24_k2_0.28	280	0.810944017143076	0.790408405355025	0.826507262301086	0.906443688258477	0.24	0.28	0.539074254358793	0.645698924731183	0.581653863533665
wdLC_k1_0.24_k2_0.28	290	0.813733813719545	0.792652255900374	0.824168313945264	0.906443688258477	0.24	0.28	0.539074254358793	0.645698924731183	0.581653863533665
wdLC_k1_0.24_k2_0.28	300	0.818593539928222	0.798801320014667	0.830562561806242	0.906443688258477	0.24	0.28	0.539074254358793	0.645698924731183	0.581653863533665
wdLC_k1_0.24_k2_0.36	10	0.709090909090909	0.660606060606061	0.212121212121212	0.83030303030303	0.24	0.36	0.486414726966988	0.590860215053763	0.523000451875283
wdLC_k1_0.24_k2_0.36	20	0.807518796992481	0.849624060150376	0.664661654135338	0.890225563909775	0.24	0.36	0.486414726966988	0.590860215053763	0.523000451875283
wdLC_k1_0.24_k2_0.36	30	0.867853170189099	0.930144605116796	0.808676307007786	0.838042269187987	0.24	0.36	0.486414726966988	0.590860215053763	0.523000451875283
wdLC_k1_0.24_k2_0.36	40	0.909943714821764	0.943339587242027	0.877673545966229	0.808067542213884	0.24	0.36	0.486414726966988	0.590860215053763	0.523000451875283
wdLC_k1_0.24_k2_0.36	50	0.900888355342137	0.90703481392557	0.910300120048019	0.777094837935174	0.24	0.36	0.486414726966988	0.590860215053763	0.523000451875283
wdLC_k1_0.24_k2_0.36	60	0.8866351764379	0.894248402333982	0.910141706029453	0.836343428730203	0.24	0.36	0.486414726966988	0.590860215053763	0.523000451875283
wdLC_k1_0.24_k2_0.36	70	0.881095267255708	0.893412649811915	0.903735456215554	0.862304260344677	0.24	0.36	0.486414726966988	0.590860215053763	0.523000451875283
wdLC_k1_0.24_k2_0.36	80	0.873956868260666	0.895733708391936	0.909329582747304	0.888302859821847	0.24	0.36	0.486414726966988	0.590860215053763	0.523000451875283
wdLC_k1_0.24_k2_0.36	90	0.878338889574845	0.898720006585175	0.909816026669959	0.902029057085237	0.24	0.36	0.486414726966988	0.590860215053763	0.523000451875283
wdLC_k1_0.24_k2_0.36	100	0.898445844584458	0.912475247524753	0.922760276027603	0.908382838283828	0.24	0.36	0.486414726966988	0.590860215053763	0.523000451875283
wdLC_k1_0.24_k2_0.36	110	0.900457588530983	0.916002073800239	0.920735748258684	0.926740752428826	0.24	0.36	0.486414726966988	0.590860215053763	0.523000451875283
wdLC_k1_0.24_k2_0.36	120	0.90950760469477	0.921126467115772	0.926390721577887	0.93700256962289	0.24	0.36	0.486414726966988	0.590860215053763	0.523000451875283
wdLC_k1_0.24_k2_0.36	130	0.922424176214341	0.928886097038059	0.935429952614401	0.939947288642477	0.24	0.36	0.486414726966988	0.590860215053763	0.523000451875283
wdLC_k1_0.24_k2_0.36	140	0.925499114386303	0.929636351708907	0.938597450307232	0.927585226651506	0.24	0.36	0.486414726966988	0.590860215053763	0.523000451875283
wdLC_k1_0.24_k2_0.36	150	0.93077381216943	0.929525756700298	0.941444508644829	0.924746877639006	0.24	0.36	0.486414726966988	0.590860215053763	0.523000451875283
wdLC_k1_0.24_k2_0.36	160	0.919738075706082	0.917842493847416	0.929198406187742	0.914206609633189	0.24	0.36	0.486414726966988	0.590860215053763	0.523000451875283
wdLC_k1_0.24_k2_0.36	170	0.909018630809534	0.906033793149773	0.91838838307045	0.911710358388139	0.24	0.36	0.486414726966988	0.590860215053763	0.523000451875283
wdLC_k1_0.24_k2_0.36	180	0.897439221375145	0.892428778666008	0.908077409796599	0.905093778614566	0.24	0.36	0.486414726966988	0.590860215053763	0.523000451875283
wdLC_k1_0.24_k2_0.36	190	0.881768994913112	0.869654940142678	0.890803798326532	0.895398181317168	0.24	0.36	0.486414726966988	0.590860215053763	0.523000451875283
wdLC_k1_0.24_k2_0.36	200	0.878906472661817	0.864093602340059	0.885209630240756	0.894032850821271	0.24	0.36	0.486414726966988	0.590860215053763	0.523000451875283
wdLC_k1_0.24_k2_0.36	210	0.853780940934845	0.840985056350484	0.864389539121392	0.890726385114013	0.24	0.36	0.486414726966988	0.590860215053763	0.523000451875283
wdLC_k1_0.24_k2_0.36	220	0.842091027425435	0.833316240568457	0.855788530566935	0.889857604120296	0.24	0.36	0.486414726966988	0.590860215053763	0.523000451875283
wdLC_k1_0.24_k2_0.36	230	0.841205841813398	0.830532179041767	0.852154680330112	0.89475563358229	0.24	0.36	0.486414726966988	0.590860215053763	0.523000451875283
wdLC_k1_0.24_k2_0.36	240	0.837934686366083	0.819220819805899	0.852420180905918	0.899837670792896	0.24	0.36	0.486414726966988	0.590860215053763	0.523000451875283
wdLC_k1_0.24_k2_0.36	240	0.837934686366083	0.819220819805899	0.852420180905918	0.899837670792896	0.24	0.36	0.486414726966988	0.590860215053763	0.523000451875283
wdLC_k1_0.24_k2_0.36	250	0.8202651562425	0.808148226371622	0.835856573705179	0.899837670792896	0.24	0.36	0.486414726966988	0.590860215053763	0.523000451875283
wdLC_k1_0.24_k2_0.36	260	0.824964411171308	0.807356731494662	0.843265774300257	0.899837670792896	0.24	0.36	0.486414726966988	0.590860215053763	0.523000451875283
wdLC_k1_0.24_k2_0.36	270	0.819828042146592	0.805466619721959	0.839875870877668	0.899837670792896	0.24	0.36	0.486414726966988	0.590860215053763	0.523000451875283
wdLC_k1_0.24_k2_0.36	280	0.813299550103591	0.803923883868781	0.835686133022834	0.899837670792896	0.24	0.36	0.486414726966988	0.590860215053763	0.523000451875283
wdLC_k1_0.24_k2_0.36	290	0.811233804493965	0.797399862477351	0.832199243010393	0.899837670792896	0.24	0.36	0.486414726966988	0.590860215053763	0.523000451875283
wdLC_k1_0.24_k2_0.36	300	0.795623506927855	0.779117990199891	0.816300181113124	0.899837670792896	0.24	0.36	0.486414726966988	0.590860215053763	0.523000451875283
wdLC_k1_0.24_k2_0.44	10	0.539393939393939	0.636363636363636	0.418181818181818	0.745454545454545	0.24	0.44	0.434286220019471	0.531182795698925	0.464075915047447
wdLC_k1_0.24_k2_0.44	20	0.781954887218045	0.798496240601504	0.678195488721805	0.744360902255639	0.24	0.44	0.434286220019471	0.531182795698925	0.464075915047447
wdLC_k1_0.24_k2_0.44	30	0.895884315906563	0.922135706340378	0.858064516129032	0.866073414905451	0.24	0.44	0.434286220019471	0.531182795698925	0.464075915047447
wdLC_k1_0.24_k2_0.44	40	0.926454033771107	0.921763602251407	0.897936210131332	0.782551594746717	0.24	0.44	0.434286220019471	0.531182795698925	0.464075915047447
wdLC_k1_0.24_k2_0.44	50	0.953421368547419	0.937575030012005	0.939111644657863	0.80734693877551	0.24	0.44	0.434286220019471	0.531182795698925	0.464075915047447
wdLC_k1_0.24_k2_0.44	60	0.892247846624063	0.873687135315366	0.917754931925535	0.856126701861628	0.24	0.44	0.434286220019471	0.531182795698925	0.464075915047447
wdLC_k1_0.24_k2_0.44	70	0.879555594436182	0.871577289825912	0.909964132621818	0.86846295162278	0.24	0.44	0.434286220019471	0.531182795698925	0.464075915047447
wdLC_k1_0.24_k2_0.44	80	0.871167369901547	0.87822315986873	0.91122831692452	0.879817158931083	0.24	0.44	0.434286220019471	0.531182795698925	0.464075915047447
wdLC_k1_0.24_k2_0.44	90	0.884775898259044	0.896892620488126	0.917092645182533	0.881763180639585	0.24	0.44	0.434286220019471	0.531182795698925	0.464075915047447
wdLC_k1_0.24_k2_0.44	100	0.903306330633063	0.90988298829883	0.929408940894089	0.904626462646265	0.24	0.44	0.434286220019471	0.531182795698925	0.464075915047447
wdLC_k1_0.24_k2_0.44	110	0.910276581836215	0.916642246917476	0.932826905303969	0.921015260464802	0.24	0.44	0.434286220019471	0.531182795698925	0.464075915047447
wdLC_k1_0.24_k2_0.44	120	0.918015139940274	0.921341759844433	0.936419195777484	0.931064657267866	0.24	0.44	0.434286220019471	0.531182795698925	0.464075915047447
wdLC_k1_0.24_k2_0.44	130	0.928569282661241	0.929710906881154	0.943590653975884	0.935391716396509	0.24	0.44	0.434286220019471	0.531182795698925	0.464075915047447
wdLC_k1_0.24_k2_0.44	140	0.922861953598216	0.921331263256872	0.936345148804968	0.930117425816186	0.24	0.44	0.434286220019471	0.531182795698925	0.464075915047447
wdLC_k1_0.24_k2_0.44	150	0.917386550513356	0.914918885283791	0.929468865282902	0.930208453709054	0.24	0.44	0.434286220019471	0.531182795698925	0.464075915047447
wdLC_k1_0.24_k2_0.44	160	0.912322746982304	0.910758232743466	0.923420836751436	0.926599671862182	0.24	0.44	0.434286220019471	0.531182795698925	0.464075915047447
wdLC_k1_0.24_k2_0.44	170	0.906820305200872	0.903215051202667	0.917211057577812	0.920628232607275	0.24	0.44	0.434286220019471	0.531182795698925	0.464075915047447
wdLC_k1_0.24_k2_0.44	180	0.900898175869626	0.894739549574575	0.909451937817011	0.911019887445086	0.24	0.44	0.434286220019471	0.531182795698925	0.464075915047447
wdLC_k1_0.24_k2_0.44	190	0.906403005769223	0.89580758178168	0.91518936958452	0.903701662533297	0.24	0.44	0.434286220019471	0.531182795698925	0.464075915047447
wdLC_k1_0.24_k2_0.44	200	0.896540913522838	0.888818720468012	0.904411610290257	0.902364059101478	0.24	0.44	0.434286220019471	0.531182795698925	0.464075915047447
wdLC_k1_0.24_k2_0.44	210	0.884139905990742	0.874510921854399	0.893864778274856	0.900181733955743	0.24	0.44	0.434286220019471	0.531182795698925	0.464075915047447
wdLC_k1_0.24_k2_0.44	220	0.879235671661135	0.867491251697537	0.889368488079205	0.904402607867556	0.24	0.44	0.434286220019471	0.531182795698925	0.464075915047447
wdLC_k1_0.24_k2_0.44	230	0.866812966793981	0.850045985910805	0.879037082150809	0.907104021856253	0.24	0.44	0.434286220019471	0.531182795698925	0.464075915047447
wdLC_k1_0.24_k2_0.44	240	0.859620826750464	0.843380961475025	0.875753051268251	0.90778398930537	0.24	0.44	0.434286220019471	0.531182795698925	0.464075915047447
wdLC_k1_0.24_k2_0.44	240	0.859620826750464	0.843380961475025	0.875753051268251	0.90778398930537	0.24	0.44	0.434286220019471	0.531182795698925	0.464075915047447
wdLC_k1_0.24_k2_0.44	250	0.85533566937071	0.835610041760668	0.868356549704795	0.90778398930537	0.24	0.44	0.434286220019471	0.531182795698925	0.464075915047447
wdLC_k1_0.24_k2_0.44	260	0.846348432555329	0.827137634034186	0.862747628264869	0.90778398930537	0.24	0.44	0.434286220019471	0.531182795698925	0.464075915047447
wdLC_k1_0.24_k2_0.44	270	0.836640953770132	0.815975527785018	0.855487119926961	0.90778398930537	0.24	0.44	0.434286220019471	0.531182795698925	0.464075915047447
wdLC_k1_0.24_k2_0.44	280	0.830444265870738	0.807365072076357	0.848291432288677	0.90778398930537	0.24	0.44	0.434286220019471	0.531182795698925	0.464075915047447
wdLC_k1_0.24_k2_0.44	290	0.830032830764727	0.805608414713201	0.848680311504791	0.90778398930537	0.24	0.44	0.434286220019471	0.531182795698925	0.464075915047447
wdLC_k1_0.24_k2_0.44	300	0.827602528916988	0.801944466049623	0.844394271047456	0.90778398930537	0.24	0.44	0.434286220019471	0.531182795698925	0.464075915047447
wdLC_k1_0.24_k2_0.52	10	0.224242424242424	0.381818181818182	0.236363636363636	0.115151515151515	0.24	0.52	0.375077440481459	0.462724014336918	0.401536375960235
wdLC_k1_0.24_k2_0.52	20	0.589473684210526	0.747368421052632	0.675187969924812	0.640601503759399	0.24	0.52	0.375077440481459	0.462724014336918	0.401536375960235
wdLC_k1_0.24_k2_0.52	30	0.790878754171302	0.873637374860957	0.808676307007786	0.703225806451613	0.24	0.52	0.375077440481459	0.462724014336918	0.401536375960235
wdLC_k1_0.24_k2_0.52	40	0.875422138836773	0.935272045028143	0.877298311444653	0.736960600375235	0.24	0.52	0.375077440481459	0.462724014336918	0.401536375960235
wdLC_k1_0.24_k2_0.52	50	0.924417767106843	0.943817527010804	0.926050420168067	0.783625450180072	0.24	0.52	0.375077440481459	0.462724014336918	0.401536375960235
wdLC_k1_0.24_k2_0.52	60	0.911697693803834	0.923867741039178	0.927313142539595	0.823506529591553	0.24	0.52	0.375077440481459	0.462724014336918	0.401536375960235
wdLC_k1_0.24_k2_0.52	70	0.899221415449217	0.911538798005424	0.919692065436095	0.845157903945412	0.24	0.52	0.375077440481459	0.462724014336918	0.401536375960235
wdLC_k1_0.24_k2_0.52	80	0.89929676511955	0.913267698077825	0.921870604781997	0.866244725738397	0.24	0.52	0.375077440481459	0.462724014336918	0.401536375960235
wdLC_k1_0.24_k2_0.52	90	0.888545911017821	0.909651397291847	0.919134049471128	0.869399514343335	0.24	0.52	0.375077440481459	0.462724014336918	0.401536375960235
wdLC_k1_0.24_k2_0.52	100	0.91029102910291	0.924500450045005	0.933429342934294	0.896801680168017	0.24	0.52	0.375077440481459	0.462724014336918	0.401536375960235
wdLC_k1_0.24_k2_0.52	110	0.919320154182539	0.931483443410049	0.938786826860221	0.915262718932444	0.24	0.52	0.375077440481459	0.462724014336918	0.401536375960235
wdLC_k1_0.24_k2_0.52	120	0.930120147232446	0.938648517258143	0.946176817834572	0.923348843669699	0.24	0.52	0.375077440481459	0.462724014336918	0.401536375960235
wdLC_k1_0.24_k2_0.52	130	0.933632850373486	0.939089704898332	0.946736948476696	0.924636414535225	0.24	0.52	0.375077440481459	0.462724014336918	0.401536375960235
wdLC_k1_0.24_k2_0.52	140	0.929159651002602	0.931285123876583	0.940219982069056	0.929238372220157	0.24	0.52	0.375077440481459	0.462724014336918	0.401536375960235
wdLC_k1_0.24_k2_0.52	150	0.922008978176808	0.92375127783457	0.93271523178808	0.924739766211832	0.24	0.52	0.375077440481459	0.462724014336918	0.401536375960235
wdLC_k1_0.24_k2_0.52	160	0.906788351107465	0.90791632485644	0.917417672565334	0.920886558068674	0.24	0.52	0.375077440481459	0.462724014336918	0.401536375960235
wdLC_k1_0.24_k2_0.52	170	0.908207692918339	0.906461245351457	0.915606279883489	0.917863227508381	0.24	0.52	0.375077440481459	0.462724014336918	0.401536375960235
wdLC_k1_0.24_k2_0.52	180	0.895803368416721	0.889827875345947	0.904980606397317	0.913007603115323	0.24	0.52	0.375077440481459	0.462724014336918	0.401536375960235
wdLC_k1_0.24_k2_0.52	190	0.889225682006062	0.880857466528451	0.899091533370949	0.910455020623111	0.24	0.52	0.375077440481459	0.462724014336918	0.401536375960235
wdLC_k1_0.24_k2_0.52	200	0.885785644641116	0.873731343283582	0.89652741318533	0.909841746043651	0.24	0.52	0.375077440481459	0.462724014336918	0.401536375960235
wdLC_k1_0.24_k2_0.52	210	0.891924986961156	0.879471189822898	0.901082305073325	0.909396066642263	0.24	0.52	0.375077440481459	0.462724014336918	0.401536375960235
wdLC_k1_0.24_k2_0.52	220	0.883502476572581	0.871647611051318	0.89582617221618	0.911028214332002	0.24	0.52	0.375077440481459	0.462724014336918	0.401536375960235
wdLC_k1_0.24_k2_0.52	230	0.866255711252863	0.856518040531711	0.88111520148733	0.916356436424787	0.24	0.52	0.375077440481459	0.462724014336918	0.401536375960235
wdLC_k1_0.24_k2_0.52	240	0.857803954929773	0.844130106425459	0.876598552058195	0.912233719335405	0.24	0.52	0.375077440481459	0.462724014336918	0.401536375960235
wdLC_k1_0.24_k2_0.52	240	0.857803954929773	0.844130106425459	0.876598552058195	0.912233719335405	0.24	0.52	0.375077440481459	0.462724014336918	0.401536375960235
wdLC_k1_0.24_k2_0.52	250	0.849485719771516	0.833059472951567	0.870629866077857	0.912233719335405	0.24	0.52	0.375077440481459	0.462724014336918	0.401536375960235
wdLC_k1_0.24_k2_0.52	260	0.844872306941272	0.830338409648754	0.866859204790239	0.912233719335405	0.24	0.52	0.375077440481459	0.462724014336918	0.401536375960235
wdLC_k1_0.24_k2_0.52	270	0.831203293445574	0.81754604163142	0.85217782289347	0.912233719335405	0.24	0.52	0.375077440481459	0.462724014336918	0.401536375960235
wdLC_k1_0.24_k2_0.52	280	0.826800268953868	0.806899322695443	0.847429358610624	0.912233719335405	0.24	0.52	0.375077440481459	0.462724014336918	0.401536375960235
wdLC_k1_0.24_k2_0.52	290	0.832572694496757	0.811912807196445	0.853737897576379	0.912233719335405	0.24	0.52	0.375077440481459	0.462724014336918	0.401536375960235
wdLC_k1_0.24_k2_0.52	300	0.824472271914132	0.807466749630551	0.845465394059934	0.912233719335405	0.24	0.52	0.375077440481459	0.462724014336918	0.401536375960235
wdLC_k1_0.24_k2_0.6	10	0.212121212121212	0.478787878787879	0.454545454545455	0.0545454545454545	0.24	0.6	0.318966280201788	0.392652329749104	0.340262087663805
wdLC_k1_0.24_k2_0.6	20	0.312781954887218	0.46015037593985	0.466165413533835	0.505263157894737	0.24	0.6	0.318966280201788	0.392652329749104	0.340262087663805
wdLC_k1_0.24_k2_0.6	30	0.703670745272525	0.784649610678532	0.712569521690767	0.656062291434928	0.24	0.6	0.318966280201788	0.392652329749104	0.340262087663805
wdLC_k1_0.24_k2_0.6	40	0.837335834896811	0.898686679174484	0.832082551594747	0.712007504690432	0.24	0.6	0.318966280201788	0.392652329749104	0.340262087663805
wdLC_k1_0.24_k2_0.6	50	0.899927971188476	0.930948379351741	0.897623049219688	0.764225690276111	0.24	0.6	0.318966280201788	0.392652329749104	0.340262087663805
wdLC_k1_0.24_k2_0.6	60	0.875409836065574	0.8926924145596	0.896415671019728	0.827841066963045	0.24	0.6	0.318966280201788	0.392652329749104	0.340262087663805
wdLC_k1_0.24_k2_0.6	70	0.886414136995888	0.8895634677631	0.903245560318432	0.826926778059662	0.24	0.6	0.318966280201788	0.392652329749104	0.340262087663805
wdLC_k1_0.24_k2_0.6	80	0.864721050164088	0.893319268635725	0.898054383497421	0.858415377402719	0.24	0.6	0.318966280201788	0.392652329749104	0.340262087663805
wdLC_k1_0.24_k2_0.6	90	0.890570852368605	0.907214882495781	0.915396962587974	0.860147343293411	0.24	0.6	0.318966280201788	0.392652329749104	0.340262087663805
wdLC_k1_0.24_k2_0.6	100	0.90990699069907	0.922700270027003	0.931281128112811	0.888208820882088	0.24	0.6	0.318966280201788	0.392652329749104	0.340262087663805
wdLC_k1_0.24_k2_0.6	110	0.922205441471496	0.931276063386155	0.938840925996889	0.907968352005049	0.24	0.6	0.318966280201788	0.392652329749104	0.340262087663805
wdLC_k1_0.24_k2_0.6	120	0.928897840127786	0.934606569900687	0.942114035696923	0.921084797555386	0.24	0.6	0.318966280201788	0.392652329749104	0.340262087663805
wdLC_k1_0.24_k2_0.6	130	0.930071419792705	0.932261808846222	0.942509115241229	0.929896625653771	0.24	0.6	0.318966280201788	0.392652329749104	0.340262087663805
wdLC_k1_0.24_k2_0.6	140	0.93188865321117	0.932146683868711	0.943250748944917	0.93433775775732	0.24	0.6	0.318966280201788	0.392652329749104	0.340262087663805
wdLC_k1_0.24_k2_0.6	150	0.92158940397351	0.919054180185786	0.930649362193875	0.922346770967599	0.24	0.6	0.318966280201788	0.392652329749104	0.340262087663805
wdLC_k1_0.24_k2_0.6	160	0.91432673151295	0.912187976092816	0.923614203679831	0.923819289816008	0.24	0.6	0.318966280201788	0.392652329749104	0.340262087663805
wdLC_k1_0.24_k2_0.6	170	0.919221304217732	0.913410396858837	0.925371730753965	0.927079096976692	0.24	0.6	0.318966280201788	0.392652329749104	0.340262087663805
wdLC_k1_0.24_k2_0.6	180	0.90885109622725	0.902044301778862	0.915322489377244	0.925728160334167	0.24	0.6	0.318966280201788	0.392652329749104	0.340262087663805
wdLC_k1_0.24_k2_0.6	190	0.906130072126214	0.899556920223771	0.914989918076168	0.922012710659721	0.24	0.6	0.318966280201788	0.392652329749104	0.340262087663805
wdLC_k1_0.24_k2_0.6	200	0.905908647716193	0.896803420085502	0.915942398559964	0.915249381234531	0.24	0.6	0.318966280201788	0.392652329749104	0.340262087663805
wdLC_k1_0.24_k2_0.6	210	0.900606751691811	0.888067432692027	0.912911533465287	0.903055786817323	0.24	0.6	0.318966280201788	0.392652329749104	0.340262087663805
wdLC_k1_0.24_k2_0.6	220	0.88660622214208	0.875893003048523	0.897908859875016	0.904856787048568	0.24	0.6	0.318966280201788	0.392652329749104	0.340262087663805
wdLC_k1_0.24_k2_0.6	230	0.871456434205627	0.864615506005291	0.885514068236681	0.903680598877106	0.24	0.6	0.318966280201788	0.392652329749104	0.340262087663805
wdLC_k1_0.24_k2_0.6	240	0.865094880119446	0.855949756072154	0.880787860900363	0.906639872220004	0.24	0.6	0.318966280201788	0.392652329749104	0.340262087663805
wdLC_k1_0.24_k2_0.6	240	0.865094880119446	0.855949756072154	0.880787860900363	0.906639872220004	0.24	0.6	0.318966280201788	0.392652329749104	0.340262087663805
wdLC_k1_0.24_k2_0.6	250	0.860949839197427	0.849431958911343	0.880412038592617	0.906639872220004	0.24	0.6	0.318966280201788	0.392652329749104	0.340262087663805
wdLC_k1_0.24_k2_0.6	260	0.8552113310734	0.840260267846475	0.875404620232206	0.906639872220004	0.24	0.6	0.318966280201788	0.392652329749104	0.340262087663805
wdLC_k1_0.24_k2_0.6	270	0.841807310266411	0.831056362608236	0.86325555448863	0.906639872220004	0.24	0.6	0.318966280201788	0.392652329749104	0.340262087663805
wdLC_k1_0.24_k2_0.6	280	0.846913317043038	0.828552842328528	0.86547605381264	0.906639872220004	0.24	0.6	0.318966280201788	0.392652329749104	0.340262087663805
wdLC_k1_0.24_k2_0.6	290	0.841585225294819	0.825411184109369	0.860822159105586	0.906639872220004	0.24	0.6	0.318966280201788	0.392652329749104	0.340262087663805
wdLC_k1_0.24_k2_0.6	300	0.832527472527472	0.815558839542662	0.851363681818687	0.906639872220004	0.24	0.6	0.318966280201788	0.392652329749104	0.340262087663805
wdLC_k1_0.24_k2_0.68	10	0.0545454545454545	0.333333333333333	0.515151515151515	-0.103030303030303	0.24	0.68	0.24887158155589	0.310931899641577	0.265521915951197
wdLC_k1_0.24_k2_0.68	20	0.255639097744361	0.329323308270677	0.381954887218045	0.518796992481203	0.24	0.68	0.24887158155589	0.310931899641577	0.265521915951197
wdLC_k1_0.24_k2_0.68	30	0.648053392658509	0.748164627363738	0.687208008898776	0.651612903225806	0.24	0.68	0.24887158155589	0.310931899641577	0.265521915951197
wdLC_k1_0.24_k2_0.68	40	0.819887429643528	0.850844277673546	0.860037523452158	0.769230769230769	0.24	0.68	0.24887158155589	0.310931899641577	0.265521915951197
wdLC_k1_0.24_k2_0.68	50	0.866218487394958	0.890996398559424	0.894549819927971	0.720336134453782	0.24	0.68	0.24887158155589	0.310931899641577	0.265521915951197
wdLC_k1_0.24_k2_0.68	60	0.861683801055849	0.87907752153376	0.885301472631287	0.809280355654349	0.24	0.68	0.24887158155589	0.310931899641577	0.265521915951197
wdLC_k1_0.24_k2_0.68	70	0.88949348263494	0.898136645962733	0.911223864928703	0.821747878575803	0.24	0.68	0.24887158155589	0.310931899641577	0.265521915951197
wdLC_k1_0.24_k2_0.68	80	0.882137834036568	0.900117205813409	0.914674167838725	0.852086263478669	0.24	0.68	0.24887158155589	0.310931899641577	0.265521915951197
wdLC_k1_0.24_k2_0.68	90	0.884051528995349	0.902407704654896	0.913404947112812	0.860904638432728	0.24	0.68	0.24887158155589	0.310931899641577	0.265521915951197
wdLC_k1_0.24_k2_0.68	100	0.902910291029103	0.918499849984999	0.927620762076208	0.886804680468047	0.24	0.68	0.24887158155589	0.310931899641577	0.265521915951197
wdLC_k1_0.24_k2_0.68	110	0.91693979216915	0.926776818519938	0.935396614295697	0.907724905890043	0.24	0.68	0.24887158155589	0.310931899641577	0.265521915951197
wdLC_k1_0.24_k2_0.68	120	0.924821168136676	0.931738315160775	0.939704146121258	0.922300159733315	0.24	0.68	0.24887158155589	0.310931899641577	0.265521915951197
wdLC_k1_0.24_k2_0.68	130	0.927088994797143	0.931021862923159	0.940105695830887	0.923352770077428	0.24	0.68	0.24887158155589	0.310931899641577	0.265521915951197
wdLC_k1_0.24_k2_0.68	140	0.928293717609499	0.930156786424964	0.939852616387134	0.929522643283549	0.24	0.68	0.24887158155589	0.310931899641577	0.265521915951197
wdLC_k1_0.24_k2_0.68	150	0.922951242277435	0.925980710253789	0.933277034534868	0.936121605404685	0.24	0.68	0.24887158155589	0.310931899641577	0.265521915951197
wdLC_k1_0.24_k2_0.68	160	0.926708074534161	0.926479549982421	0.936426227587015	0.926541075823274	0.24	0.68	0.24887158155589	0.310931899641577	0.265521915951197
wdLC_k1_0.24_k2_0.68	170	0.916549117311204	0.915213023857939	0.927494336258328	0.922509022294686	0.24	0.68	0.24887158155589	0.310931899641577	0.265521915951197
wdLC_k1_0.24_k2_0.68	180	0.913536426021379	0.912598125456547	0.924028519398747	0.916787555171456	0.24	0.68	0.24887158155589	0.310931899641577	0.265521915951197
wdLC_k1_0.24_k2_0.68	190	0.904023584266075	0.900909341416368	0.912178351638258	0.915878701990579	0.24	0.68	0.24887158155589	0.310931899641577	0.265521915951197
wdLC_k1_0.24_k2_0.68	200	0.891949298732468	0.886246156153904	0.899575489387235	0.913557338933473	0.24	0.68	0.24887158155589	0.310931899641577	0.265521915951197
wdLC_k1_0.24_k2_0.68	210	0.883917030836462	0.877093422915324	0.891234333140045	0.913333959629794	0.24	0.68	0.24887158155589	0.310931899641577	0.265521915951197
wdLC_k1_0.24_k2_0.68	220	0.87892574790238	0.871614928182213	0.889422583862552	0.912045891256206	0.24	0.68	0.24887158155589	0.310931899641577	0.265521915951197
wdLC_k1_0.24_k2_0.68	230	0.871543227989023	0.864508986362034	0.882412176773293	0.911029467968902	0.24	0.68	0.24887158155589	0.310931899641577	0.265521915951197
wdLC_k1_0.24_k2_0.68	240	0.86259830899842	0.854306498376708	0.874412750221358	0.919997743016372	0.24	0.68	0.24887158155589	0.310931899641577	0.265521915951197
wdLC_k1_0.24_k2_0.68	240	0.86259830899842	0.854306498376708	0.874412750221358	0.919997743016372	0.24	0.68	0.24887158155589	0.310931899641577	0.265521915951197
wdLC_k1_0.24_k2_0.68	250	0.856609801756828	0.846126434022944	0.871884030144482	0.919997743016372	0.24	0.68	0.24887158155589	0.310931899641577	0.265521915951197
wdLC_k1_0.24_k2_0.68	260	0.842177455970559	0.830601271980582	0.859196597127632	0.919997743016372	0.24	0.68	0.24887158155589	0.310931899641577	0.265521915951197
wdLC_k1_0.24_k2_0.68	270	0.840441036380624	0.826468584388446	0.8567540173543	0.919997743016372	0.24	0.68	0.24887158155589	0.310931899641577	0.265521915951197
wdLC_k1_0.24_k2_0.68	280	0.833357386118263	0.818666054413959	0.854064647326041	0.919997743016372	0.24	0.68	0.24887158155589	0.310931899641577	0.265521915951197
wdLC_k1_0.24_k2_0.68	290	0.832573678558645	0.819898961445685	0.856079472838047	0.919997743016372	0.24	0.68	0.24887158155589	0.310931899641577	0.265521915951197
wdLC_k1_0.24_k2_0.68	300	0.8292661029567	0.816230402560029	0.85318147979422	0.919997743016372	0.24	0.68	0.24887158155589	0.310931899641577	0.265521915951197
wdLC_k1_0.24_k2_0.76	10	0.563636363636364	0.490909090909091	0.527272727272727	0.527272727272727	0.24	0.76	0.185857155500487	0.232078853046595	0.196475372797108
wdLC_k1_0.24_k2_0.76	20	0.0390977443609023	0.216541353383459	0.439097744360902	0.249624060150376	0.24	0.76	0.185857155500487	0.232078853046595	0.196475372797108
wdLC_k1_0.24_k2_0.76	30	0.542602892102336	0.70055617352614	0.661846496106785	0.587986651835373	0.24	0.76	0.185857155500487	0.232078853046595	0.196475372797108
wdLC_k1_0.24_k2_0.76	40	0.751969981238274	0.808818011257036	0.842213883677299	0.717073170731708	0.24	0.76	0.185857155500487	0.232078853046595	0.196475372797108
wdLC_k1_0.24_k2_0.76	50	0.832605042016807	0.869483793517407	0.882737094837935	0.692581032412965	0.24	0.76	0.185857155500487	0.232078853046595	0.196475372797108
wdLC_k1_0.24_k2_0.76	60	0.847235343150875	0.862628507918867	0.879744373437066	0.784773548207836	0.24	0.76	0.185857155500487	0.232078853046595	0.196475372797108
wdLC_k1_0.24_k2_0.76	70	0.86576852418861	0.883299798792756	0.894147493657598	0.810060362173038	0.24	0.76	0.185857155500487	0.232078853046595	0.196475372797108
wdLC_k1_0.24_k2_0.76	80	0.866479137365213	0.890811064228786	0.90337552742616	0.848921706516643	0.24	0.76	0.185857155500487	0.232078853046595	0.196475372797108
wdLC_k1_0.24_k2_0.76	90	0.874782895007614	0.897814545005556	0.906720994361444	0.853759723422645	0.24	0.76	0.185857155500487	0.232078853046595	0.196475372797108
wdLC_k1_0.24_k2_0.76	100	0.896153615361536	0.914923492349235	0.922760276027603	0.879207920792079	0.24	0.76	0.185857155500487	0.232078853046595	0.196475372797108
wdLC_k1_0.24_k2_0.76	110	0.912963505624056	0.926064513220476	0.93260149223452	0.900078894574307	0.24	0.76	0.185857155500487	0.232078853046595	0.196475372797108
wdLC_k1_0.24_k2_0.76	120	0.918376276130287	0.927619973609278	0.933599555524689	0.915035766372664	0.24	0.76	0.185857155500487	0.232078853046595	0.196475372797108
wdLC_k1_0.24_k2_0.76	130	0.922238457441724	0.928651217413866	0.93542449029756	0.928514659492824	0.24	0.76	0.185857155500487	0.232078853046595	0.196475372797108
wdLC_k1_0.24_k2_0.76	140	0.926513743412565	0.92968883252061	0.938300059040913	0.92733156939494	0.24	0.76	0.185857155500487	0.232078853046595	0.196475372797108
wdLC_k1_0.24_k2_0.76	150	0.918079914662874	0.92127650117783	0.929959553757945	0.925404684652651	0.24	0.76	0.185857155500487	0.232078853046595	0.196475372797108
wdLC_k1_0.24_k2_0.76	160	0.918765381460213	0.918106176022501	0.928879057775694	0.927422946208836	0.24	0.76	0.185857155500487	0.232078853046595	0.196475372797108
wdLC_k1_0.24_k2_0.76	170	0.918478758678807	0.915457282258902	0.928021934404407	0.925117702016964	0.24	0.76	0.185857155500487	0.232078853046595	0.196475372797108
wdLC_k1_0.24_k2_0.76	180	0.91191909215305	0.906939514594072	0.920088068561787	0.922542876837763	0.24	0.76	0.185857155500487	0.232078853046595	0.196475372797108
wdLC_k1_0.24_k2_0.76	190	0.908107091463388	0.903349998031729	0.913959418616349	0.925812786766218	0.24	0.76	0.185857155500487	0.232078853046595	0.196475372797108
wdLC_k1_0.24_k2_0.76	200	0.906631665791645	0.900931523288082	0.913639840996025	0.915274881872047	0.24	0.76	0.185857155500487	0.232078853046595	0.196475372797108
wdLC_k1_0.24_k2_0.76	210	0.899126964330257	0.892050678181883	0.906972947232364	0.915921643833841	0.24	0.76	0.185857155500487	0.232078853046595	0.196475372797108
wdLC_k1_0.24_k2_0.76	220	0.87752038453086	0.872486095693187	0.8906104371052	0.907014983404992	0.24	0.76	0.185857155500487	0.232078853046595	0.196475372797108
wdLC_k1_0.24_k2_0.76	230	0.877054633234622	0.864773312884192	0.889495733049938	0.911093577013455	0.24	0.76	0.185857155500487	0.232078853046595	0.196475372797108
wdLC_k1_0.24_k2_0.76	240	0.870733866907412	0.857145957395094	0.890043229917186	0.913832705428914	0.24	0.76	0.185857155500487	0.232078853046595	0.196475372797108
wdLC_k1_0.24_k2_0.76	240	0.870733866907412	0.857145957395094	0.890043229917186	0.913832705428914	0.24	0.76	0.185857155500487	0.232078853046595	0.196475372797108
wdLC_k1_0.24_k2_0.76	250	0.862032736523784	0.848528008448135	0.886392550280805	0.913832705428914	0.24	0.76	0.185857155500487	0.232078853046595	0.196475372797108
wdLC_k1_0.24_k2_0.76	260	0.853233377371308	0.843247339799064	0.876615835236525	0.913832705428914	0.24	0.76	0.185857155500487	0.232078853046595	0.196475372797108
wdLC_k1_0.24_k2_0.76	270	0.843371727397571	0.837232944820154	0.861882574216077	0.913832705428914	0.24	0.76	0.185857155500487	0.232078853046595	0.196475372797108
wdLC_k1_0.24_k2_0.76	280	0.836450355598559	0.826950598859679	0.854787870836545	0.913832705428914	0.24	0.76	0.185857155500487	0.232078853046595	0.196475372797108
wdLC_k1_0.24_k2_0.76	290	0.843585331081472	0.830663122403768	0.859619635478875	0.913832705428914	0.24	0.76	0.185857155500487	0.232078853046595	0.196475372797108
wdLC_k1_0.24_k2_0.76	300	0.844271603017811	0.833416815742397	0.862920254669496	0.913832705428914	0.24	0.76	0.185857155500487	0.232078853046595	0.196475372797108
wdLC_k1_0.28_k2_0.04	10	0.890909090909091	0.587878787878788	0.115151515151515	0.575757575757576	0.28	0.04	0.660500929285778	0.776523297491039	0.712065070040669
wdLC_k1_0.28_k2_0.04	20	0.813533834586466	0.815037593984962	0.618045112781955	0.727819548872181	0.28	0.04	0.660500929285778	0.776523297491039	0.712065070040669
wdLC_k1_0.28_k2_0.04	30	0.868743047830923	0.88698553948832	0.762402669632925	0.80111234705228	0.28	0.04	0.660500929285778	0.776523297491039	0.712065070040669
wdLC_k1_0.28_k2_0.04	40	0.894934333958724	0.889493433395873	0.874484052532833	0.841838649155723	0.28	0.04	0.660500929285778	0.776523297491039	0.712065070040669
wdLC_k1_0.28_k2_0.04	50	0.913181272509003	0.897911164465786	0.906650660264106	0.811956782713085	0.28	0.04	0.660500929285778	0.776523297491039	0.712065070040669
wdLC_k1_0.28_k2_0.04	60	0.905195887746596	0.898527368713532	0.918366212836899	0.824340094470687	0.28	0.04	0.660500929285778	0.776523297491039	0.712065070040669
wdLC_k1_0.28_k2_0.04	70	0.899151430321057	0.902405738780509	0.91587787595136	0.855550695477211	0.28	0.04	0.660500929285778	0.776523297491039	0.712065070040669
wdLC_k1_0.28_k2_0.04	80	0.89732770745429	0.905438349742147	0.927848101265823	0.872620721987811	0.28	0.04	0.660500929285778	0.776523297491039	0.712065070040669
wdLC_k1_0.28_k2_0.04	90	0.881680865950529	0.898110877886159	0.911314154010783	0.891854961517883	0.28	0.04	0.660500929285778	0.776523297491039	0.712065070040669
wdLC_k1_0.28_k2_0.04	100	0.895097509750975	0.910651065106511	0.915523552355236	0.900582058205821	0.28	0.04	0.660500929285778	0.776523297491039	0.712065070040669
wdLC_k1_0.28_k2_0.04	110	0.897382954263688	0.91110610193179	0.916885693032482	0.918301287108626	0.28	0.04	0.660500929285778	0.776523297491039	0.712065070040669
wdLC_k1_0.28_k2_0.04	120	0.901777901243142	0.910215987221335	0.918730467393569	0.926279602750191	0.28	0.04	0.660500929285778	0.776523297491039	0.712065070040669
wdLC_k1_0.28_k2_0.04	130	0.903890535170492	0.909800761993199	0.918507695038851	0.929869314069563	0.28	0.04	0.660500929285778	0.776523297491039	0.712065070040669
wdLC_k1_0.28_k2_0.04	140	0.90778246703549	0.910983796549387	0.920854562550568	0.922704511163106	0.28	0.04	0.660500929285778	0.776523297491039	0.712065070040669
wdLC_k1_0.28_k2_0.04	150	0.908945286457176	0.909411084937108	0.921944975332237	0.908973732165874	0.28	0.04	0.660500929285778	0.776523297491039	0.712065070040669
wdLC_k1_0.28_k2_0.04	160	0.912261221141451	0.90980897691316	0.922307512012188	0.901253955232626	0.28	0.04	0.660500929285778	0.776523297491039	0.712065070040669
wdLC_k1_0.28_k2_0.04	170	0.888158963367347	0.884685608905662	0.899585371364367	0.900152050854599	0.28	0.04	0.660500929285778	0.776523297491039	0.712065070040669
wdLC_k1_0.28_k2_0.04	180	0.886873051637396	0.880424292930852	0.898758192125271	0.886237229544122	0.28	0.04	0.660500929285778	0.776523297491039	0.712065070040669
wdLC_k1_0.28_k2_0.04	190	0.878068644560791	0.866792636040363	0.887133190743001	0.881837228323864	0.28	0.04	0.660500929285778	0.776523297491039	0.712065070040669
wdLC_k1_0.28_k2_0.04	200	0.869619740493512	0.855706892672317	0.87932798319958	0.883066076651917	0.28	0.04	0.660500929285778	0.776523297491039	0.712065070040669
wdLC_k1_0.28_k2_0.04	210	0.859168818210973	0.845848140385431	0.866839870032686	0.882612174555302	0.28	0.04	0.660500929285778	0.776523297491039	0.712065070040669
wdLC_k1_0.28_k2_0.04	220	0.84672297887447	0.832507057809234	0.855068380451136	0.887210291722782	0.28	0.04	0.660500929285778	0.776523297491039	0.712065070040669
wdLC_k1_0.28_k2_0.04	230	0.840346780616384	0.823831304446455	0.846523933632344	0.892014725354387	0.28	0.04	0.660500929285778	0.776523297491039	0.712065070040669
wdLC_k1_0.28_k2_0.04	240	0.836354797826351	0.819105366412611	0.843833226271289	0.895065018489904	0.28	0.04	0.660500929285778	0.776523297491039	0.712065070040669
wdLC_k1_0.28_k2_0.04	240	0.836354797826351	0.819105366412611	0.843833226271289	0.895065018489904	0.28	0.04	0.660500929285778	0.776523297491039	0.712065070040669
wdLC_k1_0.28_k2_0.04	250	0.820017856285701	0.799399798396774	0.827626554024864	0.895065018489904	0.28	0.04	0.660500929285778	0.776523297491039	0.712065070040669
wdLC_k1_0.28_k2_0.04	260	0.826963530411806	0.801722601722602	0.834236282512145	0.895065018489904	0.28	0.04	0.660500929285778	0.776523297491039	0.712065070040669
wdLC_k1_0.28_k2_0.04	270	0.801021504638838	0.775192770515066	0.808914312191449	0.895065018489904	0.28	0.04	0.660500929285778	0.776523297491039	0.712065070040669
wdLC_k1_0.28_k2_0.04	280	0.786694436700176	0.763737146793053	0.802096965522519	0.895065018489904	0.28	0.04	0.660500929285778	0.776523297491039	0.712065070040669
wdLC_k1_0.28_k2_0.04	290	0.78702686611961	0.76551330513176	0.803555661615559	0.895065018489904	0.28	0.04	0.660500929285778	0.776523297491039	0.712065070040669
wdLC_k1_0.28_k2_0.04	300	0.784638940432672	0.761754241713797	0.801873354148379	0.895065018489904	0.28	0.04	0.660500929285778	0.776523297491039	0.712065070040669
wdLC_k1_0.28_k2_0.12	10	0.696969696969697	0.672727272727273	0.139393939393939	0.757575757575757	0.28	0.12	0.580228338791043	0.690681003584229	0.626208766380479
wdLC_k1_0.28_k2_0.12	20	0.843609022556391	0.878195488721805	0.727819548872181	0.745864661654135	0.28	0.12	0.580228338791043	0.690681003584229	0.626208766380479
wdLC_k1_0.28_k2_0.12	30	0.898998887652948	0.936818687430478	0.846496106785317	0.826028921023359	0.28	0.12	0.580228338791043	0.690681003584229	0.626208766380479
wdLC_k1_0.28_k2_0.12	40	0.896998123827392	0.908630393996248	0.9	0.791557223264541	0.28	0.12	0.580228338791043	0.690681003584229	0.626208766380479
wdLC_k1_0.28_k2_0.12	50	0.924897959183673	0.920864345738295	0.931044417767107	0.798511404561825	0.28	0.12	0.580228338791043	0.690681003584229	0.626208766380479
wdLC_k1_0.28_k2_0.12	60	0.909585996110031	0.910697415948875	0.936037788274521	0.830286190608503	0.28	0.12	0.580228338791043	0.690681003584229	0.626208766380479
wdLC_k1_0.28_k2_0.12	70	0.900971043653224	0.909474236724696	0.925010935176275	0.855025807016009	0.28	0.12	0.580228338791043	0.690681003584229	0.626208766380479
wdLC_k1_0.28_k2_0.12	80	0.912470698546648	0.916361931551805	0.935232067510549	0.879043600562588	0.28	0.12	0.580228338791043	0.690681003584229	0.626208766380479
wdLC_k1_0.28_k2_0.12	90	0.912236078528213	0.919413919413919	0.939613944108326	0.89470304975923	0.28	0.12	0.580228338791043	0.690681003584229	0.626208766380479
wdLC_k1_0.28_k2_0.12	100	0.892361236123612	0.912607260726073	0.9196399639964	0.912871287128713	0.28	0.12	0.580228338791043	0.690681003584229	0.626208766380479
wdLC_k1_0.28_k2_0.12	110	0.890602529134639	0.909600342627865	0.914451231882424	0.925280075738791	0.28	0.12	0.580228338791043	0.690681003584229	0.626208766380479
wdLC_k1_0.28_k2_0.12	120	0.899777762344607	0.913181470935482	0.919029099243003	0.936467810264601	0.28	0.12	0.580228338791043	0.690681003584229	0.626208766380479
wdLC_k1_0.28_k2_0.12	130	0.906343115432411	0.914230700951809	0.922932171680618	0.938117412500512	0.28	0.12	0.580228338791043	0.690681003584229	0.626208766380479
wdLC_k1_0.28_k2_0.12	140	0.915733310008528	0.919520675253111	0.929522643283549	0.937333537425379	0.28	0.12	0.580228338791043	0.690681003584229	0.626208766380479
wdLC_k1_0.28_k2_0.12	150	0.919495088670608	0.920227565669585	0.930788035023779	0.926446508733722	0.28	0.12	0.580228338791043	0.690681003584229	0.626208766380479
wdLC_k1_0.28_k2_0.12	160	0.912659674206023	0.91493613031759	0.922984296261573	0.906231688737841	0.28	0.12	0.580228338791043	0.690681003584229	0.626208766380479
wdLC_k1_0.28_k2_0.12	170	0.908048924957713	0.905738240484609	0.91806596198118	0.901390440947478	0.28	0.12	0.580228338791043	0.690681003584229	0.626208766380479
wdLC_k1_0.28_k2_0.12	180	0.896027655174542	0.893634577198885	0.908951922384436	0.887420393633548	0.28	0.12	0.580228338791043	0.690681003584229	0.626208766380479
wdLC_k1_0.28_k2_0.12	190	0.882332357945475	0.877141370004418	0.895179484487834	0.889174944341657	0.28	0.12	0.580228338791043	0.690681003584229	0.626208766380479
wdLC_k1_0.28_k2_0.12	200	0.872690317257932	0.863741093527338	0.884785119627991	0.887444686117153	0.28	0.12	0.580228338791043	0.690681003584229	0.626208766380479
wdLC_k1_0.28_k2_0.12	210	0.863766266160878	0.849094083766072	0.876917196049149	0.889767503636299	0.28	0.12	0.580228338791043	0.690681003584229	0.626208766380479
wdLC_k1_0.28_k2_0.12	220	0.847997610769569	0.838267131740138	0.862211277843832	0.898227799597663	0.28	0.12	0.580228338791043	0.690681003584229	0.626208766380479
wdLC_k1_0.28_k2_0.12	230	0.838328825152444	0.829909828163103	0.849486757783701	0.895033768206352	0.28	0.12	0.580228338791043	0.690681003584229	0.626208766380479
wdLC_k1_0.28_k2_0.12	240	0.819366655671105	0.81190819285057	0.829021337175993	0.902687546658796	0.28	0.12	0.580228338791043	0.690681003584229	0.626208766380479
wdLC_k1_0.28_k2_0.12	240	0.819366655671105	0.81190819285057	0.829021337175993	0.902687546658796	0.28	0.12	0.580228338791043	0.690681003584229	0.626208766380479
wdLC_k1_0.28_k2_0.12	250	0.804586185378966	0.796893774300389	0.821695195123122	0.902687546658796	0.28	0.12	0.580228338791043	0.690681003584229	0.626208766380479
wdLC_k1_0.28_k2_0.12	260	0.801870077732147	0.790599087150811	0.82330394054532	0.902687546658796	0.28	0.12	0.580228338791043	0.690681003584229	0.626208766380479
wdLC_k1_0.28_k2_0.12	270	0.800524622346595	0.790689401317805	0.821038849793702	0.902687546658796	0.28	0.12	0.580228338791043	0.690681003584229	0.626208766380479
wdLC_k1_0.28_k2_0.12	280	0.797476097544976	0.782137527264378	0.816105526127338	0.902687546658796	0.28	0.12	0.580228338791043	0.690681003584229	0.626208766380479
wdLC_k1_0.28_k2_0.12	290	0.784319219835736	0.769876635541609	0.803364261578411	0.902687546658796	0.28	0.12	0.580228338791043	0.690681003584229	0.626208766380479
wdLC_k1_0.28_k2_0.12	300	0.780529561439572	0.759831998133313	0.80132001466683	0.902687546658796	0.28	0.12	0.580228338791043	0.690681003584229	0.626208766380479
wdLC_k1_0.28_k2_0.2	10	0.284848484848485	0.696969696969697	0.563636363636364	0.442424242424242	0.28	0.2	0.520223028586601	0.625985663082437	0.55716222322639
wdLC_k1_0.28_k2_0.2	20	0.798496240601504	0.887218045112782	0.765413533834587	0.697744360902256	0.28	0.2	0.520223028586601	0.625985663082437	0.55716222322639
wdLC_k1_0.28_k2_0.2	30	0.88698553948832	0.927919911012236	0.822914349276974	0.795773081201335	0.28	0.2	0.520223028586601	0.625985663082437	0.55716222322639
wdLC_k1_0.28_k2_0.2	40	0.926641651031895	0.95046904315197	0.914634146341464	0.778799249530957	0.28	0.2	0.520223028586601	0.625985663082437	0.55716222322639
wdLC_k1_0.28_k2_0.2	50	0.931908763505402	0.942665066026411	0.939207683073229	0.827995198079232	0.28	0.2	0.520223028586601	0.625985663082437	0.55716222322639
wdLC_k1_0.28_k2_0.2	60	0.889024729091414	0.885690469574882	0.915698805223673	0.829452625729369	0.28	0.2	0.520223028586601	0.625985663082437	0.55716222322639
wdLC_k1_0.28_k2_0.2	70	0.883264806228676	0.888023794943574	0.921441693640101	0.849496981891348	0.28	0.2	0.520223028586601	0.625985663082437	0.55716222322639
wdLC_k1_0.28_k2_0.2	80	0.86797937177684	0.888138771683076	0.91769807782466	0.868307548054384	0.28	0.2	0.520223028586601	0.625985663082437	0.55716222322639
wdLC_k1_0.28_k2_0.2	90	0.896299954726921	0.906523439107709	0.931135531135531	0.87025558710952	0.28	0.2	0.520223028586601	0.625985663082437	0.55716222322639
wdLC_k1_0.28_k2_0.2	100	0.908190819081908	0.91972397239724	0.936105610561056	0.885088508850885	0.28	0.2	0.520223028586601	0.625985663082437	0.55716222322639
wdLC_k1_0.28_k2_0.2	110	0.919617699434213	0.927822735162185	0.941789328945292	0.899943646732637	0.28	0.2	0.520223028586601	0.625985663082437	0.55716222322639
wdLC_k1_0.28_k2_0.2	120	0.920945899020765	0.92580040280575	0.93951663309952	0.915014931592472	0.28	0.2	0.520223028586601	0.625985663082437	0.55716222322639
wdLC_k1_0.28_k2_0.2	130	0.914951726774911	0.917131191194745	0.931092873042101	0.917655573611547	0.28	0.2	0.520223028586601	0.625985663082437	0.55716222322639
wdLC_k1_0.28_k2_0.2	140	0.915392184732457	0.917277120552798	0.930121799217161	0.927650827666135	0.28	0.2	0.520223028586601	0.625985663082437	0.55716222322639
wdLC_k1_0.28_k2_0.2	150	0.916988310591582	0.919313747277657	0.930172896573181	0.926133605938042	0.28	0.2	0.520223028586601	0.625985663082437	0.55716222322639
wdLC_k1_0.28_k2_0.2	160	0.917830774639634	0.916890308215164	0.930458221024259	0.916193015352162	0.28	0.2	0.520223028586601	0.625985663082437	0.55716222322639
wdLC_k1_0.28_k2_0.2	170	0.912621442223729	0.907631243092067	0.922540775886811	0.904905319337327	0.28	0.2	0.520223028586601	0.625985663082437	0.55716222322639
wdLC_k1_0.28_k2_0.2	180	0.910180355360762	0.904241900470179	0.921207444674218	0.900196508122679	0.28	0.2	0.520223028586601	0.625985663082437	0.55716222322639
wdLC_k1_0.28_k2_0.2	190	0.909576734156508	0.89971788109016	0.91813215412003	0.889348152230489	0.28	0.2	0.520223028586601	0.625985663082437	0.55716222322639
wdLC_k1_0.28_k2_0.2	200	0.903415585389635	0.891658291457287	0.911961299032476	0.886483162079052	0.28	0.2	0.520223028586601	0.625985663082437	0.55716222322639
wdLC_k1_0.28_k2_0.2	210	0.892615640782266	0.882318031183085	0.90027114317461	0.886065443660854	0.28	0.2	0.520223028586601	0.625985663082437	0.55716222322639
wdLC_k1_0.28_k2_0.2	220	0.883966798712971	0.869198649859407	0.892104833120143	0.887174227867217	0.28	0.2	0.520223028586601	0.625985663082437	0.55716222322639
wdLC_k1_0.28_k2_0.2	230	0.870615126282489	0.855022820354128	0.881847030888231	0.896387948485917	0.28	0.2	0.520223028586601	0.625985663082437	0.55716222322639
wdLC_k1_0.28_k2_0.2	240	0.86234743658744	0.844045903574715	0.875566416083612	0.901212694664838	0.28	0.2	0.520223028586601	0.625985663082437	0.55716222322639
wdLC_k1_0.28_k2_0.2	240	0.86234743658744	0.844045903574715	0.875566416083612	0.901212694664838	0.28	0.2	0.520223028586601	0.625985663082437	0.55716222322639
wdLC_k1_0.28_k2_0.2	250	0.855192051072817	0.835279028464455	0.867392694283108	0.901212694664838	0.28	0.2	0.520223028586601	0.625985663082437	0.55716222322639
wdLC_k1_0.28_k2_0.2	260	0.832098563133046	0.814533214533214	0.845531169669101	0.901212694664838	0.28	0.2	0.520223028586601	0.625985663082437	0.55716222322639
wdLC_k1_0.28_k2_0.2	270	0.820288344147382	0.796700762546659	0.832123287775629	0.901212694664838	0.28	0.2	0.520223028586601	0.625985663082437	0.55716222322639
wdLC_k1_0.28_k2_0.2	280	0.814733424077931	0.784751627662889	0.831813087994927	0.901212694664838	0.28	0.2	0.520223028586601	0.625985663082437	0.55716222322639
wdLC_k1_0.28_k2_0.2	290	0.808042983823253	0.779278854847181	0.826213194547805	0.901212694664838	0.28	0.2	0.520223028586601	0.625985663082437	0.55716222322639
wdLC_k1_0.28_k2_0.2	300	0.80719385770953	0.778482427582529	0.825760730674785	0.901212694664838	0.28	0.2	0.520223028586601	0.625985663082437	0.55716222322639
wdLC_k1_0.28_k2_0.28	10	0.296969696969697	0.587878787878788	0.236363636363636	0.563636363636364	0.28	0.28	0.465527922825029	0.563978494623656	0.496972435607772
wdLC_k1_0.28_k2_0.28	20	0.711278195488722	0.774436090225564	0.667669172932331	0.830075187969925	0.28	0.28	0.465527922825029	0.563978494623656	0.496972435607772
wdLC_k1_0.28_k2_0.28	30	0.855394883203559	0.850945494994438	0.80111234705228	0.776640711902114	0.28	0.28	0.465527922825029	0.563978494623656	0.496972435607772
wdLC_k1_0.28_k2_0.28	40	0.906941838649156	0.9093808630394	0.879549718574109	0.772795497185741	0.28	0.28	0.465527922825029	0.563978494623656	0.496972435607772
wdLC_k1_0.28_k2_0.28	50	0.922881152460984	0.926530612244898	0.920672268907563	0.771428571428571	0.28	0.28	0.465527922825029	0.563978494623656	0.496972435607772
wdLC_k1_0.28_k2_0.28	60	0.893525979438733	0.889691580994721	0.912975826618505	0.82039455404279	0.28	0.28	0.465527922825029	0.563978494623656	0.496972435607772
wdLC_k1_0.28_k2_0.28	70	0.882389992126673	0.890543259557344	0.912448604671507	0.847992301635902	0.28	0.28	0.465527922825029	0.563978494623656	0.496972435607772
wdLC_k1_0.28_k2_0.28	80	0.864791373652133	0.889006094702297	0.907665260196906	0.871683075480544	0.28	0.28	0.465527922825029	0.563978494623656	0.496972435607772
wdLC_k1_0.28_k2_0.28	90	0.89010989010989	0.903971683746965	0.921735193645306	0.872511009589661	0.28	0.28	0.465527922825029	0.563978494623656	0.496972435607772
wdLC_k1_0.28_k2_0.28	100	0.905934593459346	0.917275727572757	0.931977197719772	0.886360636063606	0.28	0.28	0.465527922825029	0.563978494623656	0.496972435607772
wdLC_k1_0.28_k2_0.28	110	0.918030791425287	0.926199761062146	0.938308951152988	0.902585487906589	0.28	0.28	0.465527922825029	0.563978494623656	0.496972435607772
wdLC_k1_0.28_k2_0.28	120	0.921466768525592	0.926585179526356	0.938537398430446	0.917084519758316	0.28	0.28	0.465527922825029	0.563978494623656	0.496972435607772
wdLC_k1_0.28_k2_0.28	130	0.917043794125278	0.921331712846004	0.932048778489396	0.918529544306218	0.28	0.28	0.465527922825029	0.563978494623656	0.496972435607772
wdLC_k1_0.28_k2_0.28	140	0.914841136209573	0.914648706566662	0.928630469484595	0.922866326999191	0.28	0.28	0.465527922825029	0.563978494623656	0.496972435607772
wdLC_k1_0.28_k2_0.28	150	0.913525045557581	0.912675230010223	0.925589581759189	0.924401973421041	0.28	0.28	0.465527922825029	0.563978494623656	0.496972435607772
wdLC_k1_0.28_k2_0.28	160	0.913734911519981	0.912281729755068	0.925483417320989	0.92073713816946	0.28	0.28	0.465527922825029	0.563978494623656	0.496972435607772
wdLC_k1_0.28_k2_0.28	170	0.913984404101099	0.909414329419093	0.924551022526731	0.920576938343073	0.28	0.28	0.465527922825029	0.563978494623656	0.496972435607772
wdLC_k1_0.28_k2_0.28	180	0.906318096237538	0.899747934607035	0.916116752574668	0.913694867125528	0.28	0.28	0.465527922825029	0.563978494623656	0.496972435607772
wdLC_k1_0.28_k2_0.28	190	0.902510202207089	0.892933030656922	0.914531529521885	0.905353260988422	0.28	0.28	0.465527922825029	0.563978494623656	0.496972435607772
wdLC_k1_0.28_k2_0.28	200	0.899575489387235	0.888563714092852	0.910971274281857	0.8988794719868	0.28	0.28	0.465527922825029	0.563978494623656	0.496972435607772
wdLC_k1_0.28_k2_0.28	210	0.891704703378438	0.879942855847071	0.904348981026457	0.896058543601572	0.28	0.28	0.465527922825029	0.563978494623656	0.496972435607772
wdLC_k1_0.28_k2_0.28	220	0.891134490006368	0.877271318528369	0.898766503440154	0.903348867087787	0.28	0.28	0.465527922825029	0.563978494623656	0.496972435607772
wdLC_k1_0.28_k2_0.28	230	0.884051395727872	0.867974819939886	0.892571980895505	0.903848268685937	0.28	0.28	0.465527922825029	0.563978494623656	0.496972435607772
wdLC_k1_0.28_k2_0.28	240	0.870799840275005	0.853918470806785	0.879460580912863	0.90405302175385	0.28	0.28	0.465527922825029	0.563978494623656	0.496972435607772
wdLC_k1_0.28_k2_0.28	240	0.870799840275005	0.853918470806785	0.879460580912863	0.90405302175385	0.28	0.28	0.465527922825029	0.563978494623656	0.496972435607772
wdLC_k1_0.28_k2_0.28	250	0.858107425718811	0.840887822205155	0.866901166418663	0.90405302175385	0.28	0.28	0.465527922825029	0.563978494623656	0.496972435607772
wdLC_k1_0.28_k2_0.28	260	0.849117021530815	0.823869265248576	0.860038439348784	0.90405302175385	0.28	0.28	0.465527922825029	0.563978494623656	0.496972435607772
wdLC_k1_0.28_k2_0.28	270	0.842162748765034	0.817448494187544	0.861315579698548	0.90405302175385	0.28	0.28	0.465527922825029	0.563978494623656	0.496972435607772
wdLC_k1_0.28_k2_0.28	280	0.83111337061515	0.808450180669214	0.856303196287125	0.90405302175385	0.28	0.28	0.465527922825029	0.563978494623656	0.496972435607772
wdLC_k1_0.28_k2_0.28	290	0.820138088484385	0.79709234313746	0.845577564373023	0.90405302175385	0.28	0.28	0.465527922825029	0.563978494623656	0.496972435607772
wdLC_k1_0.28_k2_0.28	300	0.819827331414794	0.79745774953055	0.843992933254814	0.90405302175385	0.28	0.28	0.465527922825029	0.563978494623656	0.496972435607772
wdLC_k1_0.28_k2_0.36	10	0.345454545454545	0.854545454545454	0.818181818181818	0.490909090909091	0.28	0.36	0.407469687582972	0.497491039426523	0.435427022141889
wdLC_k1_0.28_k2_0.36	20	0.667669172932331	0.777443609022556	0.854135338345865	0.738345864661654	0.28	0.36	0.407469687582972	0.497491039426523	0.435427022141889
wdLC_k1_0.28_k2_0.36	30	0.802002224694105	0.885650723025584	0.874972191323693	0.786874304783092	0.28	0.36	0.407469687582972	0.497491039426523	0.435427022141889
wdLC_k1_0.28_k2_0.36	40	0.848030018761726	0.881988742964353	0.910694183864916	0.79906191369606	0.28	0.36	0.407469687582972	0.497491039426523	0.435427022141889
wdLC_k1_0.28_k2_0.36	50	0.911068427370948	0.92422569027611	0.943625450180072	0.801584633853542	0.28	0.36	0.407469687582972	0.497491039426523	0.435427022141889
wdLC_k1_0.28_k2_0.36	60	0.891303139761045	0.912197832731314	0.935093081411503	0.829841622672965	0.28	0.36	0.407469687582972	0.497491039426523	0.435427022141889
wdLC_k1_0.28_k2_0.36	70	0.893587612632316	0.907444668008048	0.928790132096929	0.842953372408363	0.28	0.36	0.407469687582972	0.497491039426523	0.435427022141889
wdLC_k1_0.28_k2_0.36	80	0.868049695264885	0.901664322550399	0.917299578059072	0.866760431317393	0.28	0.36	0.407469687582972	0.497491039426523	0.435427022141889
wdLC_k1_0.28_k2_0.36	90	0.892464090216899	0.913832983495905	0.927628925381734	0.875293246079763	0.28	0.36	0.407469687582972	0.497491039426523	0.435427022141889
wdLC_k1_0.28_k2_0.36	100	0.906810681068107	0.924572457245725	0.936285628562856	0.898877887788779	0.28	0.36	0.407469687582972	0.497491039426523	0.435427022141889
wdLC_k1_0.28_k2_0.36	110	0.919446385501431	0.931871153889502	0.941275387146947	0.916479949507472	0.28	0.36	0.407469687582972	0.497491039426523	0.435427022141889
wdLC_k1_0.28_k2_0.36	120	0.928293631502187	0.937141468157511	0.946454614903813	0.922536287242169	0.28	0.36	0.407469687582972	0.497491039426523	0.435427022141889
wdLC_k1_0.28_k2_0.36	130	0.920643460923951	0.926712094935067	0.936336697210122	0.932567698589357	0.28	0.36	0.407469687582972	0.497491039426523	0.435427022141889
wdLC_k1_0.28_k2_0.36	140	0.916747939034791	0.919555662460913	0.930865277382957	0.927209114167633	0.28	0.36	0.407469687582972	0.497491039426523	0.435427022141889
wdLC_k1_0.28_k2_0.36	150	0.91674296635406	0.917553669051958	0.929241299613316	0.930997822125428	0.28	0.36	0.407469687582972	0.497491039426523	0.435427022141889
wdLC_k1_0.28_k2_0.36	160	0.907421188327669	0.907283487636236	0.918700925817415	0.925673854447439	0.28	0.36	0.407469687582972	0.497491039426523	0.435427022141889
wdLC_k1_0.28_k2_0.36	170	0.909599965803824	0.908156398654137	0.921998522236674	0.916788490544147	0.28	0.36	0.407469687582972	0.497491039426523	0.435427022141889
wdLC_k1_0.28_k2_0.36	180	0.90545181435641	0.901692439067049	0.915427430887785	0.915659948352315	0.28	0.36	0.407469687582972	0.497491039426523	0.435427022141889
wdLC_k1_0.28_k2_0.36	190	0.905362008861596	0.89577783901289	0.914653999746312	0.907141326265052	0.28	0.36	0.407469687582972	0.497491039426523	0.435427022141889
wdLC_k1_0.28_k2_0.36	200	0.898189454736368	0.888226205655142	0.909187729693243	0.901870546763669	0.28	0.36	0.407469687582972	0.497491039426523	0.435427022141889
wdLC_k1_0.28_k2_0.36	210	0.88797931925894	0.876827786830281	0.897187173016557	0.900808894273599	0.28	0.36	0.407469687582972	0.497491039426523	0.435427022141889
wdLC_k1_0.28_k2_0.36	220	0.887037861413365	0.873729171714667	0.896547449327466	0.901766565424906	0.28	0.36	0.407469687582972	0.497491039426523	0.435427022141889
wdLC_k1_0.28_k2_0.36	230	0.881513663856554	0.865508101164072	0.892332311698175	0.910321309599836	0.28	0.36	0.407469687582972	0.497491039426523	0.435427022141889
wdLC_k1_0.28_k2_0.36	240	0.872976093334954	0.853916734665532	0.886714179065609	0.91085695932221	0.28	0.36	0.407469687582972	0.497491039426523	0.435427022141889
wdLC_k1_0.28_k2_0.36	240	0.872976093334954	0.853916734665532	0.886714179065609	0.91085695932221	0.28	0.36	0.407469687582972	0.497491039426523	0.435427022141889
wdLC_k1_0.28_k2_0.36	250	0.854558440935055	0.837744347909566	0.869557720923535	0.91085695932221	0.28	0.36	0.407469687582972	0.497491039426523	0.435427022141889
wdLC_k1_0.28_k2_0.36	260	0.84690692966555	0.823219278391692	0.864847113122975	0.91085695932221	0.28	0.36	0.407469687582972	0.497491039426523	0.435427022141889
wdLC_k1_0.28_k2_0.36	270	0.833951083005254	0.810084271846436	0.855218864456302	0.91085695932221	0.28	0.36	0.407469687582972	0.497491039426523	0.435427022141889
wdLC_k1_0.28_k2_0.36	280	0.831807074798695	0.804995326106565	0.852677785613155	0.91085695932221	0.28	0.36	0.407469687582972	0.497491039426523	0.435427022141889
wdLC_k1_0.28_k2_0.36	290	0.837312428578633	0.811644158301116	0.857090596427609	0.91085695932221	0.28	0.36	0.407469687582972	0.497491039426523	0.435427022141889
wdLC_k1_0.28_k2_0.36	300	0.834298603317815	0.80701741130457	0.853917043522706	0.91085695932221	0.28	0.36	0.407469687582972	0.497491039426523	0.435427022141889
wdLC_k1_0.28_k2_0.44	10	0.309090909090909	0.624242424242424	0.539393939393939	0.151515151515152	0.28	0.44	0.347729887600673	0.42921146953405	0.372435607772255
wdLC_k1_0.28_k2_0.44	20	0.410526315789474	0.592481203007519	0.727819548872181	0.508270676691729	0.28	0.44	0.347729887600673	0.42921146953405	0.372435607772255
wdLC_k1_0.28_k2_0.44	30	0.708565072302558	0.809566184649611	0.785094549499444	0.680978865406007	0.28	0.44	0.347729887600673	0.42921146953405	0.372435607772255
wdLC_k1_0.28_k2_0.44	40	0.852532833020638	0.912757973733584	0.892870544090057	0.705065666041276	0.28	0.44	0.347729887600673	0.42921146953405	0.372435607772255
wdLC_k1_0.28_k2_0.44	50	0.912124849939976	0.940264105642257	0.936710684273709	0.777094837935174	0.28	0.44	0.347729887600673	0.42921146953405	0.372435607772255
wdLC_k1_0.28_k2_0.44	60	0.906362878577383	0.928646846346208	0.938149485968325	0.799722145040289	0.28	0.44	0.347729887600673	0.42921146953405	0.372435607772255
wdLC_k1_0.28_k2_0.44	70	0.909509229288776	0.917347563642726	0.938098154142245	0.815519202169539	0.28	0.44	0.347729887600673	0.42921146953405	0.372435607772255
wdLC_k1_0.28_k2_0.44	80	0.888560712611346	0.919432723863104	0.928715424285044	0.844725738396624	0.28	0.44	0.347729887600673	0.42921146953405	0.372435607772255
wdLC_k1_0.28_k2_0.44	90	0.910705025311767	0.927135037247397	0.940881590319792	0.857365106803309	0.28	0.44	0.347729887600673	0.42921146953405	0.372435607772255
wdLC_k1_0.28_k2_0.44	100	0.923924392439244	0.937617761776178	0.949030903090309	0.875427542754276	0.28	0.44	0.347729887600673	0.42921146953405	0.372435607772255
wdLC_k1_0.28_k2_0.44	110	0.934197416766224	0.943628699592002	0.952699321506661	0.896697698532561	0.28	0.44	0.347729887600673	0.42921146953405	0.372435607772255
wdLC_k1_0.28_k2_0.44	120	0.939481908465866	0.947406069865963	0.955448295020487	0.91201472324467	0.28	0.44	0.347729887600673	0.42921146953405	0.372435607772255
wdLC_k1_0.28_k2_0.44	130	0.936150978437504	0.939439293176201	0.951003017930055	0.918392986385175	0.28	0.44	0.347729887600673	0.42921146953405	0.372435607772255
wdLC_k1_0.28_k2_0.44	140	0.931337604688286	0.931573768340951	0.943766810259999	0.927782029695393	0.28	0.44	0.347729887600673	0.42921146953405	0.372435607772255
wdLC_k1_0.28_k2_0.44	150	0.93124316636295	0.930645806480288	0.941849859993778	0.919658651495622	0.28	0.44	0.347729887600673	0.42921146953405	0.372435607772255
wdLC_k1_0.28_k2_0.44	160	0.928714988866752	0.927393648189382	0.936549279268721	0.924226532286417	0.28	0.44	0.347729887600673	0.42921146953405	0.372435607772255
wdLC_k1_0.28_k2_0.44	170	0.922577414646955	0.92111919199321	0.932252489909075	0.921395203986297	0.28	0.44	0.347729887600673	0.42921146953405	0.372435607772255
wdLC_k1_0.28_k2_0.44	180	0.920155971892137	0.914694897990679	0.931401174933383	0.917734086442997	0.28	0.44	0.347729887600673	0.42921146953405	0.372435607772255
wdLC_k1_0.28_k2_0.44	190	0.917148893175347	0.909634470119452	0.926440884060063	0.914935681262493	0.28	0.44	0.347729887600673	0.42921146953405	0.372435607772255
wdLC_k1_0.28_k2_0.44	200	0.906910672766819	0.900676516912923	0.914845871146779	0.904458111452786	0.28	0.44	0.347729887600673	0.42921146953405	0.372435607772255
wdLC_k1_0.28_k2_0.44	210	0.903038941602174	0.893043250089895	0.913190127408137	0.90241437285588	0.28	0.44	0.347729887600673	0.42921146953405	0.372435607772255
wdLC_k1_0.28_k2_0.44	220	0.893846041146605	0.883762812529936	0.902017885418369	0.905693017699464	0.28	0.44	0.347729887600673	0.42921146953405	0.372435607772255
wdLC_k1_0.28_k2_0.44	230	0.879925732137617	0.871314408014617	0.891613304106184	0.908586420224924	0.28	0.44	0.347729887600673	0.42921146953405	0.372435607772255
wdLC_k1_0.28_k2_0.44	240	0.867007239709023	0.855829962325735	0.879993576277366	0.90765291064081	0.28	0.44	0.347729887600673	0.42921146953405	0.372435607772255
wdLC_k1_0.28_k2_0.44	240	0.867007239709023	0.855829962325735	0.879993576277366	0.90765291064081	0.28	0.44	0.347729887600673	0.42921146953405	0.372435607772255
wdLC_k1_0.28_k2_0.44	250	0.859509816157058	0.84703960063361	0.875198771180339	0.90765291064081	0.28	0.44	0.347729887600673	0.42921146953405	0.372435607772255
wdLC_k1_0.28_k2_0.44	260	0.86101751618993	0.845514783445818	0.87784616750134	0.90765291064081	0.28	0.44	0.347729887600673	0.42921146953405	0.372435607772255
wdLC_k1_0.28_k2_0.44	270	0.840927554256955	0.824664566348266	0.862490416725728	0.90765291064081	0.28	0.44	0.347729887600673	0.42921146953405	0.372435607772255
wdLC_k1_0.28_k2_0.44	280	0.845477256451886	0.82442396313364	0.865460747494957	0.90765291064081	0.28	0.44	0.347729887600673	0.42921146953405	0.372435607772255
wdLC_k1_0.28_k2_0.44	290	0.841931615079272	0.819967845777821	0.862166879675063	0.90765291064081	0.28	0.44	0.347729887600673	0.42921146953405	0.372435607772255
wdLC_k1_0.28_k2_0.44	300	0.838521761352904	0.817213524594718	0.858429538105979	0.90765291064081	0.28	0.44	0.347729887600673	0.42921146953405	0.372435607772255
wdLC_k1_0.28_k2_0.52	10	0.636363636363636	0.793939393939394	0.696969696969697	0.503030303030303	0.28	0.52	0.283741924064076	0.352508960573477	0.304202440126525
wdLC_k1_0.28_k2_0.52	20	0.117293233082707	0.320300751879699	0.439097744360902	0.288721804511278	0.28	0.52	0.283741924064076	0.352508960573477	0.304202440126525
wdLC_k1_0.28_k2_0.52	30	0.613348164627364	0.717018909899889	0.692992213570634	0.557730812013348	0.28	0.52	0.283741924064076	0.352508960573477	0.304202440126525
wdLC_k1_0.28_k2_0.52	40	0.81125703564728	0.872232645403377	0.84859287054409	0.698311444652908	0.28	0.52	0.283741924064076	0.352508960573477	0.304202440126525
wdLC_k1_0.28_k2_0.52	50	0.863817527010804	0.900888355342137	0.89656662665066	0.740792316926771	0.28	0.52	0.283741924064076	0.352508960573477	0.304202440126525
wdLC_k1_0.28_k2_0.52	60	0.883801055848847	0.914420672409003	0.90680744651292	0.757543762156155	0.28	0.52	0.283741924064076	0.352508960573477	0.304202440126525
wdLC_k1_0.28_k2_0.52	70	0.899081445192896	0.914828099028956	0.921581663896422	0.781716385268131	0.28	0.52	0.283741924064076	0.352508960573477	0.304202440126525
wdLC_k1_0.28_k2_0.52	80	0.879746835443038	0.916690107829348	0.914275668073136	0.824917955930614	0.28	0.52	0.283741924064076	0.352508960573477	0.304202440126525
wdLC_k1_0.28_k2_0.52	90	0.904712515948471	0.926246038605589	0.930888587068362	0.834053586862576	0.28	0.52	0.283741924064076	0.352508960573477	0.304202440126525
wdLC_k1_0.28_k2_0.52	100	0.921392139213921	0.938613861386139	0.943318331833183	0.865826582658266	0.28	0.52	0.283741924064076	0.352508960573477	0.304202440126525
wdLC_k1_0.28_k2_0.52	110	0.934134301106778	0.945801681581498	0.950598471699389	0.888339381917363	0.28	0.52	0.283741924064076	0.352508960573477	0.304202440126525
wdLC_k1_0.28_k2_0.52	120	0.937294256545593	0.946586568511702	0.951857767900549	0.909132578651295	0.28	0.52	0.283741924064076	0.352508960573477	0.304202440126525
wdLC_k1_0.28_k2_0.52	130	0.937942618361578	0.94341585983695	0.951041254147947	0.913870188040257	0.28	0.52	0.283741924064076	0.352508960573477	0.304202440126525
wdLC_k1_0.28_k2_0.52	140	0.930060571603508	0.932527169753559	0.942585991996676	0.920627145699854	0.28	0.52	0.283741924064076	0.352508960573477	0.304202440126525
wdLC_k1_0.28_k2_0.52	150	0.928782612560558	0.930126672296547	0.937945686474955	0.922236543846393	0.28	0.52	0.283741924064076	0.352508960573477	0.304202440126525
wdLC_k1_0.28_k2_0.52	160	0.934527715926403	0.934700574241181	0.942423532169225	0.923247978436658	0.28	0.52	0.283741924064076	0.352508960573477	0.304202440126525
wdLC_k1_0.28_k2_0.52	170	0.930664810302819	0.930444977741953	0.939079512215973	0.923542235330757	0.28	0.52	0.283741924064076	0.352508960573477	0.304202440126525
wdLC_k1_0.28_k2_0.52	180	0.921205386997541	0.918011872794428	0.930615142442668	0.9191909215305	0.28	0.52	0.283741924064076	0.352508960573477	0.304202440126525
wdLC_k1_0.28_k2_0.52	190	0.914459796961864	0.908521740651804	0.924544345156084	0.91802368049268	0.28	0.52	0.283741924064076	0.352508960573477	0.304202440126525
wdLC_k1_0.28_k2_0.52	200	0.913561839045976	0.905620640516013	0.920718517962949	0.910161254031351	0.28	0.52	0.283741924064076	0.352508960573477	0.304202440126525
wdLC_k1_0.28_k2_0.52	210	0.909770548732883	0.90015840981169	0.918873443842264	0.908298536086014	0.28	0.52	0.283741924064076	0.352508960573477	0.304202440126525
wdLC_k1_0.28_k2_0.52	220	0.899393112930583	0.892148785944112	0.906975538562968	0.913837814079555	0.28	0.52	0.283741924064076	0.352508960573477	0.304202440126525
wdLC_k1_0.28_k2_0.52	230	0.886184747472008	0.877275562865083	0.894523854728905	0.916520161061646	0.28	0.52	0.283741924064076	0.352508960573477	0.304202440126525
wdLC_k1_0.28_k2_0.52	240	0.874250421014254	0.865081859060053	0.885155124220906	0.916976857237105	0.28	0.52	0.283741924064076	0.352508960573477	0.304202440126525
wdLC_k1_0.28_k2_0.52	240	0.874250421014254	0.865081859060053	0.885155124220906	0.916976857237105	0.28	0.52	0.283741924064076	0.352508960573477	0.304202440126525
wdLC_k1_0.28_k2_0.52	250	0.864223107569721	0.85441559064945	0.878130274084385	0.916976857237105	0.28	0.52	0.283741924064076	0.352508960573477	0.304202440126525
wdLC_k1_0.28_k2_0.52	260	0.86418688487654	0.855151931014	0.883741794086622	0.916976857237105	0.28	0.52	0.283741924064076	0.352508960573477	0.304202440126525
wdLC_k1_0.28_k2_0.52	270	0.859261596333435	0.847243141576397	0.881089665915246	0.916976857237105	0.28	0.52	0.283741924064076	0.352508960573477	0.304202440126525
wdLC_k1_0.28_k2_0.52	280	0.84348087530271	0.827498346371036	0.866952020160607	0.916976857237105	0.28	0.52	0.283741924064076	0.352508960573477	0.304202440126525
wdLC_k1_0.28_k2_0.52	290	0.840917539304047	0.825302445270783	0.862959541525567	0.916976857237105	0.28	0.52	0.283741924064076	0.352508960573477	0.304202440126525
wdLC_k1_0.28_k2_0.52	300	0.842323581373126	0.822700696674407	0.866878076423071	0.916976857237105	0.28	0.52	0.283741924064076	0.352508960573477	0.304202440126525
wdLC_k1_0.28_k2_0.6	10	0.563636363636364	0.745454545454545	0.672727272727273	0.478787878787879	0.28	0.6	0.223382600230109	0.28010752688172	0.237053773158608
wdLC_k1_0.28_k2_0.6	20	-0.121804511278196	0.0511278195488722	0.32781954887218	0.105263157894737	0.28	0.6	0.223382600230109	0.28010752688172	0.237053773158608
wdLC_k1_0.28_k2_0.6	30	0.52035595105673	0.598220244716352	0.662291434927698	0.474082313681869	0.28	0.6	0.223382600230109	0.28010752688172	0.237053773158608
wdLC_k1_0.28_k2_0.6	40	0.744840525328331	0.786303939962477	0.85234521575985	0.662288930581614	0.28	0.6	0.223382600230109	0.28010752688172	0.237053773158608
wdLC_k1_0.28_k2_0.6	50	0.834237695078031	0.864009603841537	0.894645858343337	0.670588235294118	0.28	0.6	0.223382600230109	0.28010752688172	0.237053773158608
wdLC_k1_0.28_k2_0.6	60	0.856515698805224	0.877299249791609	0.898916365657127	0.756599055293137	0.28	0.6	0.223382600230109	0.28010752688172	0.237053773158608
wdLC_k1_0.28_k2_0.6	70	0.880920304435307	0.891278103403027	0.917382556206806	0.79207418423585	0.28	0.6	0.223382600230109	0.28010752688172	0.237053773158608
wdLC_k1_0.28_k2_0.6	80	0.883942803563057	0.904102203469292	0.922433192686357	0.825832161275199	0.28	0.6	0.223382600230109	0.28010752688172	0.237053773158608
wdLC_k1_0.28_k2_0.6	90	0.893715273490555	0.912417170844137	0.926707000864304	0.853002428283327	0.28	0.6	0.223382600230109	0.28010752688172	0.237053773158608
wdLC_k1_0.28_k2_0.6	100	0.912631263126313	0.927860786078608	0.938853885388539	0.863234323432343	0.28	0.6	0.223382600230109	0.28010752688172	0.237053773158608
wdLC_k1_0.28_k2_0.6	110	0.926623537632712	0.936631877916281	0.944945111917589	0.887915605346798	0.28	0.6	0.223382600230109	0.28010752688172	0.237053773158608
wdLC_k1_0.28_k2_0.6	120	0.932071671643864	0.939731925828182	0.947663032155011	0.905451767483853	0.28	0.6	0.223382600230109	0.28010752688172	0.237053773158608
wdLC_k1_0.28_k2_0.6	130	0.934206393641863	0.939608624998293	0.947337803329282	0.90941293749744	0.28	0.6	0.223382600230109	0.28010752688172	0.237053773158608
wdLC_k1_0.28_k2_0.6	140	0.938951695786228	0.939988191817367	0.950370645732654	0.920106710983797	0.28	0.6	0.223382600230109	0.28010752688172	0.237053773158608
wdLC_k1_0.28_k2_0.6	150	0.931989866216276	0.934389972887684	0.942436552735677	0.926297168763056	0.28	0.6	0.223382600230109	0.28010752688172	0.237053773158608
wdLC_k1_0.28_k2_0.6	160	0.930938708543302	0.932172155162311	0.941272120004687	0.930030469940232	0.28	0.6	0.223382600230109	0.28010752688172	0.237053773158608
wdLC_k1_0.28_k2_0.6	170	0.919663411923474	0.91988568706835	0.92955831974646	0.921251091529729	0.28	0.6	0.223382600230109	0.28010752688172	0.237053773158608
wdLC_k1_0.28_k2_0.6	180	0.91766412543597	0.913419138450775	0.925919524265152	0.91673199790117	0.28	0.6	0.223382600230109	0.28010752688172	0.237053773158608
wdLC_k1_0.28_k2_0.6	190	0.904595695171612	0.899028548684101	0.912416293788573	0.916310846925341	0.28	0.6	0.223382600230109	0.28010752688172	0.237053773158608
wdLC_k1_0.28_k2_0.6	200	0.898490962274057	0.890821270531763	0.907158178954474	0.908461711542789	0.28	0.6	0.223382600230109	0.28010752688172	0.237053773158608
wdLC_k1_0.28_k2_0.6	210	0.89493509732971	0.887988389759405	0.903632411489733	0.905502230371275	0.28	0.6	0.223382600230109	0.28010752688172	0.237053773158608
wdLC_k1_0.28_k2_0.6	220	0.885829722251962	0.878941525839189	0.894659731887774	0.90831779018725	0.28	0.6	0.223382600230109	0.28010752688172	0.237053773158608
wdLC_k1_0.28_k2_0.6	230	0.88601510507719	0.880032251780875	0.896485591492237	0.904943053908309	0.28	0.6	0.223382600230109	0.28010752688172	0.237053773158608
wdLC_k1_0.28_k2_0.6	240	0.872328512647789	0.861513220715637	0.885011892567579	0.914107015746801	0.28	0.6	0.223382600230109	0.28010752688172	0.237053773158608
wdLC_k1_0.28_k2_0.6	240	0.872328512647789	0.861513220715637	0.885011892567579	0.914107015746801	0.28	0.6	0.223382600230109	0.28010752688172	0.237053773158608
wdLC_k1_0.28_k2_0.6	250	0.863296116737868	0.850802092833485	0.882931886910191	0.914107015746801	0.28	0.6	0.223382600230109	0.28010752688172	0.237053773158608
wdLC_k1_0.28_k2_0.6	260	0.858311741070362	0.844894155238983	0.879059430783569	0.914107015746801	0.28	0.6	0.223382600230109	0.28010752688172	0.237053773158608
wdLC_k1_0.28_k2_0.6	270	0.847043169316451	0.833488951989892	0.872258573886854	0.914107015746801	0.28	0.6	0.223382600230109	0.28010752688172	0.237053773158608
wdLC_k1_0.28_k2_0.6	280	0.846190093532534	0.830816537382948	0.869450229868092	0.914107015746801	0.28	0.6	0.223382600230109	0.28010752688172	0.237053773158608
wdLC_k1_0.28_k2_0.6	290	0.849781968788017	0.83116105771892	0.87016287454318	0.914107015746801	0.28	0.6	0.223382600230109	0.28010752688172	0.237053773158608
wdLC_k1_0.28_k2_0.6	300	0.84648807208969	0.827335859287325	0.866368737430416	0.914107015746801	0.28	0.6	0.223382600230109	0.28010752688172	0.237053773158608
wdLC_k1_0.28_k2_0.68	10	0.248484848484848	0.260606060606061	0.2	0.175757575757576	0.28	0.68	0.17116558987521	0.214695340501792	0.181834613646634
wdLC_k1_0.28_k2_0.68	20	0.0857142857142857	0.254135338345865	0.473684210526316	0.171428571428571	0.28	0.68	0.17116558987521	0.214695340501792	0.181834613646634
wdLC_k1_0.28_k2_0.68	30	0.542157953281424	0.659176863181313	0.698331479421579	0.501223581757508	0.28	0.68	0.17116558987521	0.214695340501792	0.181834613646634
wdLC_k1_0.28_k2_0.68	40	0.727392120075047	0.789868667917449	0.813508442776736	0.655722326454034	0.28	0.68	0.17116558987521	0.214695340501792	0.181834613646634
wdLC_k1_0.28_k2_0.68	50	0.818295318127251	0.861416566626651	0.867274909963986	0.664825930372149	0.28	0.68	0.17116558987521	0.214695340501792	0.181834613646634
wdLC_k1_0.28_k2_0.68	60	0.842900805779383	0.871186440677966	0.875131981105863	0.728924701305918	0.28	0.68	0.17116558987521	0.214695340501792	0.181834613646634
wdLC_k1_0.28_k2_0.68	70	0.846837547021258	0.874516665208643	0.883159828536436	0.777202344501793	0.28	0.68	0.17116558987521	0.214695340501792	0.181834613646634
wdLC_k1_0.28_k2_0.68	80	0.855203938115331	0.893670886075949	0.895944678856071	0.812611345522738	0.28	0.68	0.17116558987521	0.214695340501792	0.181834613646634
wdLC_k1_0.28_k2_0.68	90	0.882948512161995	0.906128328600239	0.916384738856649	0.847553195867803	0.28	0.68	0.17116558987521	0.214695340501792	0.181834613646634
wdLC_k1_0.28_k2_0.68	100	0.908850885088509	0.925484548454845	0.934137413741374	0.863942394239424	0.28	0.68	0.17116558987521	0.214695340501792	0.181834613646634
wdLC_k1_0.28_k2_0.68	110	0.919761963798661	0.932294930460068	0.939571264341907	0.881090097603859	0.28	0.68	0.17116558987521	0.214695340501792	0.181834613646634
wdLC_k1_0.28_k2_0.68	120	0.930564622543232	0.939356899784707	0.947357455378846	0.891429960413918	0.28	0.68	0.17116558987521	0.214695340501792	0.181834613646634
wdLC_k1_0.28_k2_0.68	130	0.926957899192942	0.932502150787256	0.942569200726488	0.904813666716738	0.28	0.68	0.17116558987521	0.214695340501792	0.181834613646634
wdLC_k1_0.28_k2_0.68	140	0.925529728193129	0.929238372220157	0.939983818416392	0.916616737005532	0.28	0.68	0.17116558987521	0.214695340501792	0.181834613646634
wdLC_k1_0.28_k2_0.68	150	0.929827992355216	0.931090270678697	0.941764522867683	0.923363705053558	0.28	0.68	0.17116558987521	0.214695340501792	0.181834613646634
wdLC_k1_0.28_k2_0.68	160	0.9294152115317	0.928460096097504	0.941828782374311	0.928726708074534	0.28	0.68	0.17116558987521	0.214695340501792	0.181834613646634
wdLC_k1_0.28_k2_0.68	170	0.930833348599484	0.928476255030197	0.943727749586287	0.918043978725093	0.28	0.68	0.17116558987521	0.214695340501792	0.181834613646634
wdLC_k1_0.28_k2_0.68	180	0.925645853267076	0.922419416237127	0.935993909277035	0.918071545418069	0.28	0.68	0.17116558987521	0.214695340501792	0.181834613646634
wdLC_k1_0.28_k2_0.68	190	0.923910999138335	0.920315623264094	0.933983300310112	0.91729235829539	0.28	0.68	0.17116558987521	0.214695340501792	0.181834613646634
wdLC_k1_0.28_k2_0.68	200	0.918375459386485	0.910540763519088	0.926051151278782	0.906372159303983	0.28	0.68	0.17116558987521	0.214695340501792	0.181834613646634
wdLC_k1_0.28_k2_0.68	210	0.916288351209778	0.907848898420113	0.923284298639749	0.906544042138954	0.28	0.68	0.17116558987521	0.214695340501792	0.181834613646634
wdLC_k1_0.28_k2_0.68	220	0.910194237672078	0.901542293323115	0.91653133329201	0.907107397034875	0.28	0.68	0.17116558987521	0.214695340501792	0.181834613646634
wdLC_k1_0.28_k2_0.68	230	0.90140226206298	0.893202222118114	0.908343792148615	0.909453371765884	0.28	0.68	0.17116558987521	0.214695340501792	0.181834613646634
wdLC_k1_0.28_k2_0.68	240	0.892301949686626	0.886574419694786	0.904072119307627	0.912921231271376	0.28	0.68	0.17116558987521	0.214695340501792	0.181834613646634
wdLC_k1_0.28_k2_0.68	240	0.892301949686626	0.886574419694786	0.904072119307627	0.912921231271376	0.28	0.68	0.17116558987521	0.214695340501792	0.181834613646634
wdLC_k1_0.28_k2_0.68	250	0.885186002976048	0.875350837613402	0.89768002688043	0.912921231271376	0.28	0.68	0.17116558987521	0.214695340501792	0.181834613646634
wdLC_k1_0.28_k2_0.68	260	0.8688706136982	0.857306036616381	0.888172901966005	0.912921231271376	0.28	0.68	0.17116558987521	0.214695340501792	0.181834613646634
wdLC_k1_0.28_k2_0.68	270	0.855706601675682	0.838441923452692	0.875425207783676	0.912921231271376	0.28	0.68	0.17116558987521	0.214695340501792	0.181834613646634
wdLC_k1_0.28_k2_0.68	280	0.85757690058	0.842406699793911	0.872532812918532	0.912921231271376	0.28	0.68	0.17116558987521	0.214695340501792	0.181834613646634
wdLC_k1_0.28_k2_0.68	290	0.849793285499725	0.838530205164603	0.868183926087112	0.912921231271376	0.28	0.68	0.17116558987521	0.214695340501792	0.181834613646634
wdLC_k1_0.28_k2_0.68	300	0.855246836075956	0.845129834775942	0.872551028344759	0.912921231271376	0.28	0.68	0.17116558987521	0.214695340501792	0.181834613646634
wdLC_k1_0.2_k2_0.04	10	0.551515151515151	0.684848484848485	0.551515151515151	0.696969696969697	0.2	0.04	0.774227807770599	0.889068100358423	0.825305015815635
wdLC_k1_0.2_k2_0.04	20	0.815037593984962	0.840601503759399	0.730827067669173	0.730827067669173	0.2	0.04	0.774227807770599	0.889068100358423	0.825305015815635
wdLC_k1_0.2_k2_0.04	30	0.895439377085651	0.864738598442714	0.843826473859844	0.774860956618465	0.2	0.04	0.774227807770599	0.889068100358423	0.825305015815635
wdLC_k1_0.2_k2_0.04	40	0.895872420262664	0.858536585365854	0.894371482176361	0.785365853658537	0.2	0.04	0.774227807770599	0.889068100358423	0.825305015815635
wdLC_k1_0.2_k2_0.04	50	0.900984393757503	0.858727490996399	0.904729891956783	0.811572629051621	0.2	0.04	0.774227807770599	0.889068100358423	0.825305015815635
wdLC_k1_0.2_k2_0.04	60	0.888858016115588	0.864295637677133	0.909974993053626	0.804556821339261	0.2	0.04	0.774227807770599	0.889068100358423	0.825305015815635
wdLC_k1_0.2_k2_0.04	70	0.889738430583501	0.883124835972356	0.909859154929577	0.846732569329017	0.2	0.04	0.774227807770599	0.889068100358423	0.825305015815635
wdLC_k1_0.2_k2_0.04	80	0.862025316455696	0.874542897327707	0.897421472105016	0.865564932020628	0.2	0.04	0.774227807770599	0.889068100358423	0.825305015815635
wdLC_k1_0.2_k2_0.04	90	0.887492282997901	0.891822035642261	0.915232333209861	0.869514754908013	0.2	0.04	0.774227807770599	0.889068100358423	0.825305015815635
wdLC_k1_0.2_k2_0.04	100	0.902418241824182	0.905142514251425	0.923420342034204	0.876867686768677	0.2	0.04	0.774227807770599	0.889068100358423	0.825305015815635
wdLC_k1_0.2_k2_0.04	110	0.899610035389852	0.906570790974461	0.917507833104163	0.897590334287582	0.2	0.04	0.774227807770599	0.889068100358423	0.825305015815635
wdLC_k1_0.2_k2_0.04	120	0.90536148343635	0.909514549621501	0.920925064240572	0.914028751996666	0.2	0.04	0.774227807770599	0.889068100358423	0.825305015815635
wdLC_k1_0.2_k2_0.04	130	0.903043876060031	0.905982602520859	0.91659588414426	0.905032159390405	0.2	0.04	0.774227807770599	0.889068100358423	0.825305015815635
wdLC_k1_0.2_k2_0.04	140	0.895869322778859	0.896346023485163	0.909964794122149	0.907384487546741	0.2	0.04	0.774227807770599	0.889068100358423	0.825305015815635
wdLC_k1_0.2_k2_0.04	150	0.903977954575759	0.901769856438064	0.916355393573048	0.905361127161207	0.2	0.04	0.774227807770599	0.889068100358423	0.825305015815635
wdLC_k1_0.2_k2_0.04	160	0.887401851634829	0.884190788702684	0.899859369506621	0.897398335872495	0.2	0.04	0.774227807770599	0.889068100358423	0.825305015815635
wdLC_k1_0.2_k2_0.04	170	0.88268269001777	0.879666098765885	0.89294154285819	0.880782359658283	0.2	0.04	0.774227807770599	0.889068100358423	0.825305015815635
wdLC_k1_0.2_k2_0.04	180	0.882800909493091	0.876142267765466	0.892107781104355	0.86828811588835	0.2	0.04	0.774227807770599	0.889068100358423	0.825305015815635
wdLC_k1_0.2_k2_0.04	190	0.876612998464749	0.86820104362127	0.885278641630254	0.870346022123371	0.2	0.04	0.774227807770599	0.889068100358423	0.825305015815635
wdLC_k1_0.2_k2_0.04	200	0.875229880747019	0.863816095402385	0.883816095402385	0.86931223280582	0.2	0.04	0.774227807770599	0.889068100358423	0.825305015815635
wdLC_k1_0.2_k2_0.04	210	0.86513202437373	0.850107388246575	0.875827440207585	0.873112768997029	0.2	0.04	0.774227807770599	0.889068100358423	0.825305015815635
wdLC_k1_0.2_k2_0.04	220	0.853966178865454	0.839433572068544	0.862247341699397	0.872914353978012	0.2	0.04	0.774227807770599	0.889068100358423	0.825305015815635
wdLC_k1_0.2_k2_0.04	230	0.835894654045404	0.818953099302444	0.84372877928982	0.876944168419391	0.2	0.04	0.774227807770599	0.889068100358423	0.825305015815635
wdLC_k1_0.2_k2_0.04	240	0.818399624993489	0.798942689977256	0.82634681157659	0.888605704960155	0.2	0.04	0.774227807770599	0.889068100358423	0.825305015815635
wdLC_k1_0.2_k2_0.04	240	0.818399624993489	0.798942689977256	0.82634681157659	0.888605704960155	0.2	0.04	0.774227807770599	0.889068100358423	0.825305015815635
wdLC_k1_0.2_k2_0.04	250	0.817018000288005	0.794443047088753	0.824116737867806	0.888605704960155	0.2	0.04	0.774227807770599	0.889068100358423	0.825305015815635
wdLC_k1_0.2_k2_0.04	260	0.802360981671327	0.774957754268099	0.811129659405521	0.888605704960155	0.2	0.04	0.774227807770599	0.889068100358423	0.825305015815635
wdLC_k1_0.2_k2_0.04	270	0.781622976081062	0.753543944361377	0.793821893609271	0.888605704960155	0.2	0.04	0.774227807770599	0.889068100358423	0.825305015815635
wdLC_k1_0.2_k2_0.04	280	0.777541805380171	0.755095090498603	0.792293815701002	0.888605704960155	0.2	0.04	0.774227807770599	0.889068100358423	0.825305015815635
wdLC_k1_0.2_k2_0.04	290	0.790619184040484	0.766565759320604	0.802627691255503	0.888605704960155	0.2	0.04	0.774227807770599	0.889068100358423	0.825305015815635
wdLC_k1_0.2_k2_0.04	300	0.774577939754886	0.754009711219014	0.789318547983867	0.888605704960155	0.2	0.04	0.774227807770599	0.889068100358423	0.825305015815635
wdLC_k1_0.2_k2_0.12	10	0.672727272727273	0.587878787878788	0.333333333333333	0.757575757575757	0.2	0.12	0.722010797415701	0.840860215053763	0.774514234071396
wdLC_k1_0.2_k2_0.12	20	0.845112781954887	0.828571428571429	0.712781954887218	0.772932330827068	0.2	0.12	0.722010797415701	0.840860215053763	0.774514234071396
wdLC_k1_0.2_k2_0.12	30	0.900778642936596	0.855839822024472	0.809566184649611	0.81979977753059	0.2	0.12	0.722010797415701	0.840860215053763	0.774514234071396
wdLC_k1_0.2_k2_0.12	40	0.928330206378987	0.90093808630394	0.895684803001876	0.793245778611633	0.2	0.12	0.722010797415701	0.840860215053763	0.774514234071396
wdLC_k1_0.2_k2_0.12	50	0.898391356542617	0.856326530612245	0.908379351740696	0.827611044417767	0.2	0.12	0.722010797415701	0.840860215053763	0.774514234071396
wdLC_k1_0.2_k2_0.12	60	0.885968324534593	0.867852181161434	0.91536537927202	0.81761600444568	0.2	0.12	0.722010797415701	0.840860215053763	0.774514234071396
wdLC_k1_0.2_k2_0.12	70	0.898381593911294	0.890648237249584	0.921861604409063	0.854535911118887	0.2	0.12	0.722010797415701	0.840860215053763	0.774514234071396
wdLC_k1_0.2_k2_0.12	80	0.880239099859353	0.88553680262541	0.910384435067979	0.872362869198312	0.2	0.12	0.722010797415701	0.840860215053763	0.774514234071396
wdLC_k1_0.2_k2_0.12	90	0.8912952216323	0.896448121167222	0.922344322344322	0.883261307980409	0.2	0.12	0.722010797415701	0.840860215053763	0.774514234071396
wdLC_k1_0.2_k2_0.12	100	0.902106210621062	0.908382838283828	0.923696369636964	0.883348334833483	0.2	0.12	0.722010797415701	0.840860215053763	0.774514234071396
wdLC_k1_0.2_k2_0.12	110	0.9068412866578	0.91330613348962	0.926578455018822	0.904136329824403	0.2	0.12	0.722010797415701	0.840860215053763	0.774514234071396
wdLC_k1_0.2_k2_0.12	120	0.905208695048267	0.908875616362247	0.922765469824293	0.911604972567539	0.2	0.12	0.722010797415701	0.840860215053763	0.774514234071396
wdLC_k1_0.2_k2_0.12	130	0.917054718758962	0.919010228188286	0.931092873042101	0.913187398435046	0.2	0.12	0.722010797415701	0.840860215053763	0.774514234071396
wdLC_k1_0.2_k2_0.12	140	0.896179834248103	0.897937941440161	0.910874461525005	0.912890599374604	0.2	0.12	0.722010797415701	0.840860215053763	0.774514234071396
wdLC_k1_0.2_k2_0.12	150	0.901769856438064	0.903323703275701	0.915278012356105	0.91036046046491	0.2	0.12	0.722010797415701	0.840860215053763	0.774514234071396
wdLC_k1_0.2_k2_0.12	160	0.901725653345834	0.899132778624165	0.913896050626978	0.901183639985937	0.2	0.12	0.722010797415701	0.840860215053763	0.774514234071396
wdLC_k1_0.2_k2_0.12	170	0.898376292279603	0.893703629069193	0.90774604454052	0.889863887006064	0.2	0.12	0.722010797415701	0.840860215053763	0.774514234071396
wdLC_k1_0.2_k2_0.12	180	0.894233361111968	0.888257868041195	0.90393324896859	0.880202063849707	0.2	0.12	0.722010797415701	0.840860215053763	0.774514234071396
wdLC_k1_0.2_k2_0.12	190	0.886987976048324	0.877417802796695	0.895027271494618	0.877807957940226	0.2	0.12	0.722010797415701	0.840860215053763	0.774514234071396
wdLC_k1_0.2_k2_0.12	200	0.880247506187655	0.872210305257632	0.88772819320483	0.87881647041176	0.2	0.12	0.722010797415701	0.840860215053763	0.774514234071396
wdLC_k1_0.2_k2_0.12	210	0.875896116853962	0.865731973190192	0.885477156916419	0.877693371731785	0.2	0.12	0.722010797415701	0.840860215053763	0.774514234071396
wdLC_k1_0.2_k2_0.12	220	0.865662138023137	0.853517634661873	0.873702123822994	0.881039991434834	0.2	0.12	0.722010797415701	0.840860215053763	0.774514234071396
wdLC_k1_0.2_k2_0.12	230	0.852219775667659	0.838049704235389	0.860781785141003	0.885792202860743	0.2	0.12	0.722010797415701	0.840860215053763	0.774514234071396
wdLC_k1_0.2_k2_0.12	240	0.847477386760187	0.825066407402906	0.855230993593639	0.895162242400041	0.2	0.12	0.722010797415701	0.840860215053763	0.774514234071396
wdLC_k1_0.2_k2_0.12	240	0.847477386760187	0.825066407402906	0.855230993593639	0.895162242400041	0.2	0.12	0.722010797415701	0.840860215053763	0.774514234071396
wdLC_k1_0.2_k2_0.12	250	0.830082657322517	0.808112129794077	0.840001536024576	0.895162242400041	0.2	0.12	0.722010797415701	0.840860215053763	0.774514234071396
wdLC_k1_0.2_k2_0.12	260	0.810421638007845	0.786217137941276	0.823336030232582	0.895162242400041	0.2	0.12	0.722010797415701	0.840860215053763	0.774514234071396
wdLC_k1_0.2_k2_0.12	270	0.805455035962999	0.781765029546206	0.818475181034338	0.895162242400041	0.2	0.12	0.722010797415701	0.840860215053763	0.774514234071396
wdLC_k1_0.2_k2_0.12	280	0.788798508727334	0.768766365460201	0.803865391869065	0.895162242400041	0.2	0.12	0.722010797415701	0.840860215053763	0.774514234071396
wdLC_k1_0.2_k2_0.12	290	0.795056811122851	0.769212393767444	0.810547913358271	0.895162242400041	0.2	0.12	0.722010797415701	0.840860215053763	0.774514234071396
wdLC_k1_0.2_k2_0.12	300	0.789719885776509	0.764648940543784	0.806301403348926	0.895162242400041	0.2	0.12	0.722010797415701	0.840860215053763	0.774514234071396
wdLC_k1_0.2_k2_0.2	10	0.721212121212121	0.757575757575757	0.478787878787879	0.781818181818182	0.2	0.2	0.669705283653421	0.789426523297491	0.720831450519657
wdLC_k1_0.2_k2_0.2	20	0.78796992481203	0.834586466165414	0.678195488721805	0.771428571428571	0.2	0.2	0.669705283653421	0.789426523297491	0.720831450519657
wdLC_k1_0.2_k2_0.2	30	0.866073414905451	0.894549499443827	0.781535038932147	0.825583982202447	0.2	0.2	0.669705283653421	0.789426523297491	0.720831450519657
wdLC_k1_0.2_k2_0.2	40	0.910506566604128	0.916697936210132	0.881425891181989	0.817448405253284	0.2	0.2	0.669705283653421	0.789426523297491	0.720831450519657
wdLC_k1_0.2_k2_0.2	50	0.883889555822329	0.863241296518608	0.892821128451381	0.80734693877551	0.2	0.2	0.669705283653421	0.789426523297491	0.720831450519657
wdLC_k1_0.2_k2_0.2	60	0.873020283412059	0.863739927757711	0.901139205334816	0.840566824117811	0.2	0.2	0.669705283653421	0.789426523297491	0.720831450519657
wdLC_k1_0.2_k2_0.2	70	0.872872014696877	0.874901583413525	0.898941474936576	0.864613769573966	0.2	0.2	0.669705283653421	0.789426523297491	0.720831450519657
wdLC_k1_0.2_k2_0.2	80	0.887201125175809	0.888701359587436	0.913877168307548	0.873089545241444	0.2	0.2	0.669705283653421	0.789426523297491	0.720831450519657
wdLC_k1_0.2_k2_0.2	90	0.865168539325843	0.881450384821171	0.900679096184714	0.891097666378565	0.2	0.2	0.669705283653421	0.789426523297491	0.720831450519657
wdLC_k1_0.2_k2_0.2	100	0.884728472847285	0.896861686168617	0.910999099909991	0.900510051005101	0.2	0.2	0.669705283653421	0.789426523297491	0.720831450519657
wdLC_k1_0.2_k2_0.2	110	0.890178752564074	0.901223992967112	0.911295448910128	0.9171652052386	0.2	0.2	0.669705283653421	0.789426523297491	0.720831450519657
wdLC_k1_0.2_k2_0.2	120	0.890811861934857	0.898999930550733	0.910021529272866	0.926564344746163	0.2	0.2	0.669705283653421	0.789426523297491	0.720831450519657
wdLC_k1_0.2_k2_0.2	130	0.893774324379686	0.900088762648677	0.910259596607901	0.927700774283412	0.2	0.2	0.669705283653421	0.789426523297491	0.720831450519657
wdLC_k1_0.2_k2_0.2	140	0.904742953357679	0.90704336227067	0.919144562769238	0.913835253985262	0.2	0.2	0.669705283653421	0.789426523297491	0.720831450519657
wdLC_k1_0.2_k2_0.2	150	0.898747499888884	0.901876527845682	0.913116138495044	0.912753455709143	0.2	0.2	0.669705283653421	0.789426523297491	0.720831450519657
wdLC_k1_0.2_k2_0.2	160	0.8979667174499	0.896850462908707	0.91081975858432	0.911815891245752	0.2	0.2	0.669705283653421	0.789426523297491	0.720831450519657
wdLC_k1_0.2_k2_0.2	170	0.890110587991036	0.884548824201123	0.901461275883758	0.898346981271487	0.2	0.2	0.669705283653421	0.789426523297491	0.720831450519657
wdLC_k1_0.2_k2_0.2	180	0.883054003724395	0.875712213339918	0.896735495951521	0.885440908670021	0.2	0.2	0.669705283653421	0.789426523297491	0.720831450519657
wdLC_k1_0.2_k2_0.2	190	0.878290840539394	0.868976105184427	0.887351887572334	0.883243886330136	0.2	0.2	0.669705283653421	0.789426523297491	0.720831450519657
wdLC_k1_0.2_k2_0.2	200	0.860616515412886	0.852855321383035	0.871257781444536	0.877920948023701	0.2	0.2	0.669705283653421	0.789426523297491	0.720831450519657
wdLC_k1_0.2_k2_0.2	210	0.861983264926642	0.852844087815402	0.871442501125714	0.881089626262986	0.2	0.2	0.669705283653421	0.789426523297491	0.720831450519657
wdLC_k1_0.2_k2_0.2	220	0.855454939902966	0.843047846593374	0.8637947065022	0.888419557879671	0.2	0.2	0.669705283653421	0.789426523297491	0.720831450519657
wdLC_k1_0.2_k2_0.2	230	0.842042218271571	0.826619554738028	0.851961366903459	0.892359927901982	0.2	0.2	0.669705283653421	0.789426523297491	0.720831450519657
wdLC_k1_0.2_k2_0.2	240	0.837262799701384	0.821644472994323	0.847027726175801	0.897055504435841	0.2	0.2	0.669705283653421	0.789426523297491	0.720831450519657
wdLC_k1_0.2_k2_0.2	240	0.837262799701384	0.821644472994323	0.847027726175801	0.897055504435841	0.2	0.2	0.669705283653421	0.789426523297491	0.720831450519657
wdLC_k1_0.2_k2_0.2	250	0.825549848797581	0.809906974511592	0.837769692315077	0.897055504435841	0.2	0.2	0.669705283653421	0.789426523297491	0.720831450519657
wdLC_k1_0.2_k2_0.2	260	0.8169058031127	0.798517046792909	0.828251897217414	0.897055504435841	0.2	0.2	0.669705283653421	0.789426523297491	0.720831450519657
wdLC_k1_0.2_k2_0.2	270	0.796492254885374	0.770902511999098	0.811813300289137	0.897055504435841	0.2	0.2	0.669705283653421	0.789426523297491	0.720831450519657
wdLC_k1_0.2_k2_0.2	280	0.790750064231869	0.764412264733697	0.807881113643942	0.897055504435841	0.2	0.2	0.669705283653421	0.789426523297491	0.720831450519657
wdLC_k1_0.2_k2_0.2	290	0.796089584073942	0.77256066434018	0.812800923050051	0.897055504435841	0.2	0.2	0.669705283653421	0.789426523297491	0.720831450519657
wdLC_k1_0.2_k2_0.2	300	0.795928843653818	0.770523228035867	0.811090789897665	0.897055504435841	0.2	0.2	0.669705283653421	0.789426523297491	0.720831450519657
wdLC_k1_0.2_k2_0.28	10	0.684848484848485	0.818181818181818	0.466666666666667	0.793939393939394	0.2	0.28	0.615275688113992	0.734229390681004	0.666154541346588
wdLC_k1_0.2_k2_0.28	20	0.84812030075188	0.846616541353384	0.750375939849624	0.803007518796992	0.2	0.28	0.615275688113992	0.734229390681004	0.666154541346588
wdLC_k1_0.2_k2_0.28	30	0.909232480533927	0.911457174638487	0.846496106785317	0.841601779755284	0.2	0.28	0.615275688113992	0.734229390681004	0.666154541346588
wdLC_k1_0.2_k2_0.28	40	0.934521575984991	0.936772983114447	0.920075046904315	0.820825515947468	0.2	0.28	0.615275688113992	0.734229390681004	0.666154541346588
wdLC_k1_0.2_k2_0.28	50	0.909339735894358	0.889075630252101	0.929027611044418	0.812917166866747	0.2	0.28	0.615275688113992	0.734229390681004	0.666154541346588
wdLC_k1_0.2_k2_0.28	60	0.900861350375104	0.89369269241456	0.937982772992498	0.836121144762434	0.2	0.28	0.615275688113992	0.734229390681004	0.666154541346588
wdLC_k1_0.2_k2_0.28	70	0.898171638526813	0.899641326218179	0.930539760300936	0.856740442655936	0.2	0.28	0.615275688113992	0.734229390681004	0.666154541346588
wdLC_k1_0.2_k2_0.28	80	0.913572433192686	0.913947491795593	0.942475386779184	0.872620721987811	0.2	0.28	0.615275688113992	0.734229390681004	0.666154541346588
wdLC_k1_0.2_k2_0.28	90	0.887706301189447	0.904926534140017	0.924500967197596	0.891443388072602	0.2	0.28	0.615275688113992	0.734229390681004	0.666154541346588
wdLC_k1_0.2_k2_0.28	100	0.902958295829583	0.918187818781878	0.93010501050105	0.901278127812781	0.2	0.28	0.615275688113992	0.734229390681004	0.666154541346588
wdLC_k1_0.2_k2_0.28	110	0.904469941167189	0.917417667876383	0.928931767463877	0.915307801546334	0.2	0.28	0.615275688113992	0.734229390681004	0.666154541346588
wdLC_k1_0.2_k2_0.28	120	0.913056462254323	0.922154316271963	0.932918952705049	0.930154871866102	0.2	0.28	0.615275688113992	0.734229390681004	0.666154541346588
wdLC_k1_0.2_k2_0.28	130	0.91255376968141	0.918890057217769	0.930093269060072	0.935550123584919	0.2	0.28	0.615275688113992	0.734229390681004	0.666154541346588
wdLC_k1_0.2_k2_0.28	140	0.915654588790973	0.918733463077562	0.930117425816186	0.921904178784632	0.2	0.28	0.615275688113992	0.734229390681004	0.666154541346588
wdLC_k1_0.2_k2_0.28	150	0.920803591270723	0.923381483621494	0.934429085737144	0.918005244677541	0.2	0.28	0.615275688113992	0.734229390681004	0.666154541346588
wdLC_k1_0.2_k2_0.28	160	0.910752373139576	0.908669283956404	0.922952068440173	0.913910699636704	0.2	0.28	0.615275688113992	0.734229390681004	0.666154541346588
wdLC_k1_0.2_k2_0.28	170	0.904331312095066	0.897655729996764	0.91638057901454	0.9043655082712	0.2	0.28	0.615275688113992	0.734229390681004	0.666154541346588
wdLC_k1_0.2_k2_0.28	180	0.899107997160406	0.893175715299855	0.911826496702573	0.8932621377203	0.2	0.28	0.615275688113992	0.734229390681004	0.666154541346588
wdLC_k1_0.2_k2_0.28	190	0.884697782851544	0.878236603725719	0.898438942032219	0.8873501379977	0.2	0.28	0.615275688113992	0.734229390681004	0.666154541346588
wdLC_k1_0.2_k2_0.28	200	0.879752493812345	0.869022725568139	0.892457811445286	0.890374259356484	0.2	0.28	0.615275688113992	0.734229390681004	0.666154541346588
wdLC_k1_0.2_k2_0.28	210	0.862299436657132	0.853112315472006	0.874578302714995	0.891729323308271	0.2	0.28	0.615275688113992	0.734229390681004	0.666154541346588
wdLC_k1_0.2_k2_0.28	220	0.858768306632932	0.850572795455954	0.869675368950147	0.895651487915791	0.2	0.28	0.615275688113992	0.734229390681004	0.666154541346588
wdLC_k1_0.2_k2_0.28	230	0.849066596968629	0.837959951573014	0.859751108963184	0.89835954817918	0.2	0.28	0.615275688113992	0.734229390681004	0.666154541346588
wdLC_k1_0.2_k2_0.28	240	0.830867723397975	0.820664421257313	0.841838399972222	0.904247469574124	0.2	0.28	0.615275688113992	0.734229390681004	0.666154541346588
wdLC_k1_0.2_k2_0.28	240	0.830867723397975	0.820664421257313	0.841838399972222	0.904247469574124	0.2	0.28	0.615275688113992	0.734229390681004	0.666154541346588
wdLC_k1_0.2_k2_0.28	250	0.826858541736668	0.817413526616426	0.843541304660875	0.904247469574124	0.2	0.28	0.615275688113992	0.734229390681004	0.666154541346588
wdLC_k1_0.2_k2_0.28	260	0.831611072990383	0.814032751963786	0.850850547402271	0.904247469574124	0.2	0.28	0.615275688113992	0.734229390681004	0.666154541346588
wdLC_k1_0.2_k2_0.28	270	0.813204570707417	0.793604850546647	0.83071494655467	0.904247469574124	0.2	0.28	0.615275688113992	0.734229390681004	0.666154541346588
wdLC_k1_0.2_k2_0.28	280	0.796692195417944	0.774169495602167	0.815641963363235	0.904247469574124	0.2	0.28	0.615275688113992	0.734229390681004	0.666154541346588
wdLC_k1_0.2_k2_0.28	290	0.795901628253401	0.77360869025053	0.812864887072748	0.904247469574124	0.2	0.28	0.615275688113992	0.734229390681004	0.666154541346588
wdLC_k1_0.2_k2_0.28	300	0.793041256013956	0.773967266302959	0.811636129290325	0.904247469574124	0.2	0.28	0.615275688113992	0.734229390681004	0.666154541346588
wdLC_k1_0.2_k2_0.36	10	0.696969696969697	0.587878787878788	0.151515151515152	0.818181818181818	0.2	0.36	0.561465616426232	0.674910394265233	0.607501129688206
wdLC_k1_0.2_k2_0.36	20	0.84812030075188	0.86015037593985	0.733834586466166	0.781954887218045	0.2	0.36	0.561465616426232	0.674910394265233	0.607501129688206
wdLC_k1_0.2_k2_0.36	30	0.915906562847608	0.914571746384872	0.822914349276974	0.858954393770856	0.2	0.36	0.561465616426232	0.674910394265233	0.607501129688206
wdLC_k1_0.2_k2_0.36	40	0.920075046904315	0.921200750469043	0.90281425891182	0.807692307692308	0.2	0.36	0.561465616426232	0.674910394265233	0.607501129688206
wdLC_k1_0.2_k2_0.36	50	0.946794717887155	0.939975990396158	0.938535414165666	0.823385354141657	0.2	0.36	0.561465616426232	0.674910394265233	0.607501129688206
wdLC_k1_0.2_k2_0.36	60	0.902584051125313	0.896637954987497	0.934815226451792	0.849791608780217	0.2	0.36	0.561465616426232	0.674910394265233	0.607501129688206
wdLC_k1_0.2_k2_0.36	70	0.900201207243461	0.893517627504155	0.929629953634853	0.865453591111889	0.2	0.36	0.561465616426232	0.674910394265233	0.607501129688206
wdLC_k1_0.2_k2_0.36	80	0.889826535396156	0.896155649320206	0.930450070323488	0.878762306610408	0.2	0.36	0.561465616426232	0.674910394265233	0.607501129688206
wdLC_k1_0.2_k2_0.36	90	0.898341359015516	0.908466065769437	0.931086142322097	0.892332386714409	0.2	0.36	0.561465616426232	0.674910394265233	0.607501129688206
wdLC_k1_0.2_k2_0.36	100	0.912163216321632	0.921992199219922	0.936669666966697	0.905466546654665	0.2	0.36	0.561465616426232	0.674910394265233	0.607501129688206
wdLC_k1_0.2_k2_0.36	110	0.914352050131867	0.922935779816514	0.936713026621283	0.918716047156414	0.2	0.36	0.561465616426232	0.674910394265233	0.607501129688206
wdLC_k1_0.2_k2_0.36	120	0.917779012431419	0.922716855337176	0.936169178415168	0.932571706368498	0.2	0.36	0.561465616426232	0.674910394265233	0.607501129688206
wdLC_k1_0.2_k2_0.36	130	0.921003973835502	0.923483865681629	0.936877466577449	0.934949268732333	0.2	0.36	0.561465616426232	0.674910394265233	0.607501129688206
wdLC_k1_0.2_k2_0.36	140	0.91828300277711	0.920474076665719	0.931954254225799	0.924554459775645	0.2	0.36	0.561465616426232	0.674910394265233	0.607501129688206
wdLC_k1_0.2_k2_0.36	150	0.922855238010578	0.920618694164185	0.934891328503489	0.917528779056847	0.2	0.36	0.561465616426232	0.674910394265233	0.607501129688206
wdLC_k1_0.2_k2_0.36	160	0.91730634009141	0.914086487753428	0.928325325208016	0.918656978788234	0.2	0.36	0.561465616426232	0.674910394265233	0.607501129688206
wdLC_k1_0.2_k2_0.36	170	0.920940883360507	0.913674195931877	0.93059886053456	0.912391839326824	0.2	0.36	0.561465616426232	0.674910394265233	0.607501129688206
wdLC_k1_0.2_k2_0.36	180	0.906272827350638	0.900822041832567	0.917026245666018	0.906729631572991	0.2	0.36	0.561465616426232	0.674910394265233	0.607501129688206
wdLC_k1_0.2_k2_0.36	190	0.893265449837509	0.885427355474201	0.903729655727451	0.899584913417925	0.2	0.36	0.561465616426232	0.674910394265233	0.607501129688206
wdLC_k1_0.2_k2_0.36	200	0.879453986349659	0.870596264906623	0.888908722718068	0.900117002925073	0.2	0.36	0.561465616426232	0.674910394265233	0.607501129688206
wdLC_k1_0.2_k2_0.36	210	0.856461921715102	0.848919152685678	0.866645502165582	0.90174445160726	0.2	0.36	0.561465616426232	0.674910394265233	0.607501129688206
wdLC_k1_0.2_k2_0.36	220	0.850586319401791	0.841863374337186	0.862171833001809	0.904486005533548	0.2	0.36	0.561465616426232	0.674910394265233	0.607501129688206
wdLC_k1_0.2_k2_0.36	230	0.847911647873676	0.840373410527198	0.861456409548303	0.904263498036044	0.2	0.36	0.561465616426232	0.674910394265233	0.607501129688206
wdLC_k1_0.2_k2_0.36	240	0.842329727946666	0.832267053247452	0.85401395857567	0.908118196496467	0.2	0.36	0.561465616426232	0.674910394265233	0.607501129688206
wdLC_k1_0.2_k2_0.36	240	0.842329727946666	0.832267053247452	0.85401395857567	0.908118196496467	0.2	0.36	0.561465616426232	0.674910394265233	0.607501129688206
wdLC_k1_0.2_k2_0.36	250	0.831812989007824	0.821543896702347	0.845709403350454	0.908118196496467	0.2	0.36	0.561465616426232	0.674910394265233	0.607501129688206
wdLC_k1_0.2_k2_0.36	260	0.830251016457913	0.819943399253744	0.849177787108822	0.908118196496467	0.2	0.36	0.561465616426232	0.674910394265233	0.607501129688206
wdLC_k1_0.2_k2_0.36	270	0.829420613908741	0.814548896418332	0.84702853719987	0.908118196496467	0.2	0.36	0.561465616426232	0.674910394265233	0.607501129688206
wdLC_k1_0.2_k2_0.36	280	0.824121116705206	0.808459473790664	0.841842552656466	0.908118196496467	0.2	0.36	0.561465616426232	0.674910394265233	0.607501129688206
wdLC_k1_0.2_k2_0.36	290	0.820692115327133	0.800910995292494	0.83892333788872	0.908118196496467	0.2	0.36	0.561465616426232	0.674910394265233	0.607501129688206
wdLC_k1_0.2_k2_0.36	300	0.816684185379838	0.794517272414138	0.835346170513006	0.908118196496467	0.2	0.36	0.561465616426232	0.674910394265233	0.607501129688206
wdLC_k1_0.2_k2_0.44	10	0.406060606060606	0.757575757575757	0.442424242424242	0.515151515151515	0.2	0.44	0.513762279847774	0.620967741935484	0.551558969724356
wdLC_k1_0.2_k2_0.44	20	0.807518796992481	0.861654135338346	0.742857142857143	0.733834586466166	0.2	0.44	0.513762279847774	0.620967741935484	0.551558969724356
wdLC_k1_0.2_k2_0.44	30	0.883870967741936	0.91412680756396	0.829143492769744	0.812680756395996	0.2	0.44	0.513762279847774	0.620967741935484	0.551558969724356
wdLC_k1_0.2_k2_0.44	40	0.913320825515948	0.934146341463415	0.911632270168856	0.785928705440901	0.2	0.44	0.513762279847774	0.620967741935484	0.551558969724356
wdLC_k1_0.2_k2_0.44	50	0.942857142857143	0.948523409363746	0.940552220888355	0.81781512605042	0.2	0.44	0.513762279847774	0.620967741935484	0.551558969724356
wdLC_k1_0.2_k2_0.44	60	0.906251736593499	0.90930814115032	0.926535148652404	0.834065018060573	0.2	0.44	0.513762279847774	0.620967741935484	0.551558969724356
wdLC_k1_0.2_k2_0.44	70	0.864648762138046	0.860729594961071	0.902825649549471	0.851736505992477	0.2	0.44	0.513762279847774	0.620967741935484	0.551558969724356
wdLC_k1_0.2_k2_0.44	80	0.848546647913737	0.867112048757618	0.897819971870605	0.882794186591655	0.2	0.44	0.513762279847774	0.620967741935484	0.551558969724356
wdLC_k1_0.2_k2_0.44	90	0.880001646293781	0.887969708194427	0.91653290529695	0.883343622669465	0.2	0.44	0.513762279847774	0.620967741935484	0.551558969724356
wdLC_k1_0.2_k2_0.44	100	0.89945394539454	0.906882688268827	0.926108610861086	0.896981698169817	0.2	0.44	0.513762279847774	0.620967741935484	0.551558969724356
wdLC_k1_0.2_k2_0.44	110	0.904145346347181	0.912043820300701	0.927876834298853	0.908653607736176	0.2	0.44	0.513762279847774	0.620967741935484	0.551558969724356
wdLC_k1_0.2_k2_0.44	120	0.912528647822765	0.917049795124661	0.931793874574623	0.923543301618168	0.2	0.44	0.513762279847774	0.620967741935484	0.551558969724356
wdLC_k1_0.2_k2_0.44	130	0.910893225361537	0.914219776318125	0.92707807016346	0.931087410725259	0.2	0.44	0.513762279847774	0.620967741935484	0.551558969724356
wdLC_k1_0.2_k2_0.44	140	0.915260982703199	0.91616627670508	0.928678576895323	0.924226454702499	0.2	0.44	0.513762279847774	0.620967741935484	0.551558969724356
wdLC_k1_0.2_k2_0.44	150	0.91554469087515	0.914545535357127	0.927715898484377	0.92592737454998	0.2	0.44	0.513762279847774	0.620967741935484	0.551558969724356
wdLC_k1_0.2_k2_0.44	160	0.908645845540841	0.907069612094222	0.922081917262393	0.921120942224305	0.2	0.44	0.513762279847774	0.620967741935484	0.551558969724356
wdLC_k1_0.2_k2_0.44	170	0.910183743382124	0.904485194887672	0.923373697034093	0.906004482141658	0.2	0.44	0.513762279847774	0.620967741935484	0.551558969724356
wdLC_k1_0.2_k2_0.44	180	0.902282992273424	0.896988590182825	0.915285451197053	0.894644896447421	0.2	0.44	0.513762279847774	0.620967741935484	0.551558969724356
wdLC_k1_0.2_k2_0.44	190	0.898333967554139	0.890935016424132	0.909256561998364	0.889726060351577	0.2	0.44	0.513762279847774	0.620967741935484	0.551558969724356
wdLC_k1_0.2_k2_0.44	200	0.890087752193805	0.882071551788795	0.899812495312383	0.891085277131928	0.2	0.44	0.513762279847774	0.620967741935484	0.551558969724356
wdLC_k1_0.2_k2_0.44	210	0.87900859429919	0.866333217792435	0.889773982565202	0.893306294603376	0.2	0.44	0.513762279847774	0.620967741935484	0.551558969724356
wdLC_k1_0.2_k2_0.44	220	0.873416993964939	0.858528256594332	0.882377735077171	0.888318128285896	0.2	0.44	0.513762279847774	0.620967741935484	0.551558969724356
wdLC_k1_0.2_k2_0.44	230	0.86151854600687	0.848375205580446	0.874668790484245	0.895808994498951	0.2	0.44	0.513762279847774	0.620967741935484	0.551558969724356
wdLC_k1_0.2_k2_0.44	240	0.858225837254119	0.843085817462109	0.871719127068178	0.90211375197486	0.2	0.44	0.513762279847774	0.620967741935484	0.551558969724356
wdLC_k1_0.2_k2_0.44	240	0.858225837254119	0.843085817462109	0.871719127068178	0.90211375197486	0.2	0.44	0.513762279847774	0.620967741935484	0.551558969724356
wdLC_k1_0.2_k2_0.44	250	0.842966063457015	0.826513704219267	0.857181970911535	0.90211375197486	0.2	0.44	0.513762279847774	0.620967741935484	0.551558969724356
wdLC_k1_0.2_k2_0.44	260	0.839154197774887	0.823342857825616	0.857953975195354	0.90211375197486	0.2	0.44	0.513762279847774	0.620967741935484	0.551558969724356
wdLC_k1_0.2_k2_0.44	270	0.831549586871333	0.808732020405706	0.850339053576409	0.90211375197486	0.2	0.44	0.513762279847774	0.620967741935484	0.551558969724356
wdLC_k1_0.2_k2_0.44	280	0.820636742815597	0.794792025408487	0.841153768360748	0.90211375197486	0.2	0.44	0.513762279847774	0.620967741935484	0.551558969724356
wdLC_k1_0.2_k2_0.44	290	0.811172300625986	0.783673183206492	0.829691853320655	0.90211375197486	0.2	0.44	0.513762279847774	0.620967741935484	0.551558969724356
wdLC_k1_0.2_k2_0.44	300	0.810316559072879	0.780904232269247	0.830004777830865	0.90211375197486	0.2	0.44	0.513762279847774	0.620967741935484	0.551558969724356
wdLC_k1_0.2_k2_0.52	10	0.357575757575758	0.781818181818182	0.696969696969697	0.515151515151515	0.2	0.52	0.458624657049296	0.560394265232975	0.492272932670583
wdLC_k1_0.2_k2_0.52	20	0.790977443609023	0.846616541353384	0.819548872180451	0.813533834586466	0.2	0.52	0.458624657049296	0.560394265232975	0.492272932670583
wdLC_k1_0.2_k2_0.52	30	0.865628476084538	0.908787541713014	0.882536151279199	0.790878754171302	0.2	0.52	0.458624657049296	0.560394265232975	0.492272932670583
wdLC_k1_0.2_k2_0.52	40	0.907879924953096	0.934333958724203	0.914821763602252	0.775797373358349	0.2	0.52	0.458624657049296	0.560394265232975	0.492272932670583
wdLC_k1_0.2_k2_0.52	50	0.9015606242497	0.903865546218487	0.925186074429772	0.798415366146459	0.2	0.52	0.458624657049296	0.560394265232975	0.492272932670583
wdLC_k1_0.2_k2_0.52	60	0.888357877188108	0.895137538205057	0.919477632675743	0.813392609058072	0.2	0.52	0.458624657049296	0.560394265232975	0.492272932670583
wdLC_k1_0.2_k2_0.52	70	0.886414136995888	0.90268567929315	0.920671857230339	0.845997725483335	0.2	0.52	0.458624657049296	0.560394265232975	0.492272932670583
wdLC_k1_0.2_k2_0.52	80	0.86727613689639	0.898757618377872	0.912517580872011	0.855977496483826	0.2	0.52	0.458624657049296	0.560394265232975	0.492272932670583
wdLC_k1_0.2_k2_0.52	90	0.896662139358769	0.91403053874964	0.930740420628061	0.877466353870848	0.2	0.52	0.458624657049296	0.560394265232975	0.492272932670583
wdLC_k1_0.2_k2_0.52	100	0.911587158715872	0.926552655265527	0.936177617761776	0.894941494149415	0.2	0.52	0.458624657049296	0.560394265232975	0.492272932670583
wdLC_k1_0.2_k2_0.52	110	0.916957825214706	0.930635890268918	0.938615512927439	0.909888871356761	0.2	0.52	0.458624657049296	0.560394265232975	0.492272932670583
wdLC_k1_0.2_k2_0.52	120	0.921570942426557	0.930738245711508	0.940231960552816	0.922223765539273	0.2	0.52	0.458624657049296	0.560394265232975	0.492272932670583
wdLC_k1_0.2_k2_0.52	130	0.918054322740991	0.924996927446776	0.933687473541903	0.933283262095618	0.2	0.52	0.458624657049296	0.560394265232975	0.492272932670583
wdLC_k1_0.2_k2_0.52	140	0.91787627648641	0.922415866698738	0.931145175045374	0.927777656294417	0.2	0.52	0.458624657049296	0.560394265232975	0.492272932670583
wdLC_k1_0.2_k2_0.52	150	0.916888750611138	0.917767011867194	0.927338992844127	0.935332236988311	0.2	0.52	0.458624657049296	0.560394265232975	0.492272932670583
wdLC_k1_0.2_k2_0.52	160	0.919992968475331	0.919146255713114	0.930314660728935	0.935078518692136	0.2	0.52	0.458624657049296	0.560394265232975	0.492272932670583
wdLC_k1_0.2_k2_0.52	170	0.912311234054506	0.910520819975452	0.922902278320235	0.916803146048204	0.2	0.52	0.458624657049296	0.560394265232975	0.492272932670583
wdLC_k1_0.2_k2_0.52	180	0.911371750156898	0.905655524347459	0.921962612014774	0.910750331800364	0.2	0.52	0.458624657049296	0.560394265232975	0.492272932670583
wdLC_k1_0.2_k2_0.52	190	0.899056541878256	0.893832312019141	0.907632956737393	0.901254007619398	0.2	0.52	0.458624657049296	0.560394265232975	0.492272932670583
wdLC_k1_0.2_k2_0.52	200	0.900160504012601	0.892093302332559	0.91140778519463	0.893897847446186	0.2	0.52	0.458624657049296	0.560394265232975	0.492272932670583
wdLC_k1_0.2_k2_0.52	210	0.896933199003541	0.886884380274253	0.905993333182158	0.891139740778054	0.2	0.52	0.458624657049296	0.560394265232975	0.492272932670583
wdLC_k1_0.2_k2_0.52	220	0.892419264860844	0.878247296619577	0.899937451750506	0.890984599606679	0.2	0.52	0.458624657049296	0.560394265232975	0.492272932670583
wdLC_k1_0.2_k2_0.52	230	0.880339975194731	0.869453273136584	0.890444546909328	0.893721998525492	0.2	0.52	0.458624657049296	0.560394265232975	0.492272932670583
wdLC_k1_0.2_k2_0.52	240	0.871289432108196	0.858904668483828	0.88106911578326	0.897374954426292	0.2	0.52	0.458624657049296	0.560394265232975	0.492272932670583
wdLC_k1_0.2_k2_0.52	240	0.871289432108196	0.858904668483828	0.88106911578326	0.897374954426292	0.2	0.52	0.458624657049296	0.560394265232975	0.492272932670583
wdLC_k1_0.2_k2_0.52	250	0.866146978351654	0.850935726971632	0.875148082369318	0.897374954426292	0.2	0.52	0.458624657049296	0.560394265232975	0.492272932670583
wdLC_k1_0.2_k2_0.52	260	0.862533241843586	0.841780772815256	0.872367024091162	0.897374954426292	0.2	0.52	0.458624657049296	0.560394265232975	0.492272932670583
wdLC_k1_0.2_k2_0.52	270	0.849853145371602	0.834627818397143	0.867044663011686	0.897374954426292	0.2	0.52	0.458624657049296	0.560394265232975	0.492272932670583
wdLC_k1_0.2_k2_0.52	280	0.843217387976887	0.825863850304213	0.860886345124665	0.897374954426292	0.2	0.52	0.458624657049296	0.560394265232975	0.492272932670583
wdLC_k1_0.2_k2_0.52	290	0.826469542669539	0.801545223179086	0.845138180740187	0.897374954426292	0.2	0.52	0.458624657049296	0.560394265232975	0.492272932670583
wdLC_k1_0.2_k2_0.52	300	0.823014033489261	0.799406660074001	0.841702241136013	0.897374954426292	0.2	0.52	0.458624657049296	0.560394265232975	0.492272932670583
wdLC_k1_0.2_k2_0.6	10	0.381818181818182	0.442424242424242	0.224242424242424	0.612121212121212	0.2	0.6	0.39906186388176	0.487096774193548	0.425395390872119
wdLC_k1_0.2_k2_0.6	20	0.821052631578947	0.790977443609023	0.627067669172932	0.720300751879699	0.2	0.6	0.39906186388176	0.487096774193548	0.425395390872119
wdLC_k1_0.2_k2_0.6	30	0.87007786429366	0.884315906562848	0.824694104560623	0.796218020022247	0.2	0.6	0.39906186388176	0.487096774193548	0.425395390872119
wdLC_k1_0.2_k2_0.6	40	0.901313320825516	0.907879924953096	0.896622889305816	0.809005628517824	0.2	0.6	0.39906186388176	0.487096774193548	0.425395390872119
wdLC_k1_0.2_k2_0.6	50	0.907130852340936	0.890708283313325	0.912701080432173	0.778727490996399	0.2	0.6	0.39906186388176	0.487096774193548	0.425395390872119
wdLC_k1_0.2_k2_0.6	60	0.913420394554043	0.893748263406502	0.91686579605446	0.806779661016949	0.2	0.6	0.39906186388176	0.487096774193548	0.425395390872119
wdLC_k1_0.2_k2_0.6	70	0.900376170063861	0.894322456477998	0.921756626716823	0.840013997025632	0.2	0.6	0.39906186388176	0.487096774193548	0.425395390872119
wdLC_k1_0.2_k2_0.6	80	0.896155649320206	0.903211439287389	0.926793248945148	0.844819503047351	0.2	0.6	0.39906186388176	0.487096774193548	0.425395390872119
wdLC_k1_0.2_k2_0.6	90	0.917635922130304	0.922031526525909	0.939976128740174	0.840391817919908	0.2	0.6	0.39906186388176	0.487096774193548	0.425395390872119
wdLC_k1_0.2_k2_0.6	100	0.92964896489649	0.931509150915091	0.947398739873987	0.861782178217822	0.2	0.6	0.39906186388176	0.487096774193548	0.425395390872119
wdLC_k1_0.2_k2_0.6	110	0.934224466334558	0.934630209859568	0.948578770597119	0.889457430741834	0.2	0.6	0.39906186388176	0.487096774193548	0.425395390872119
wdLC_k1_0.2_k2_0.6	120	0.93299534689909	0.933662059865268	0.945871241058407	0.907090770192374	0.2	0.6	0.39906186388176	0.487096774193548	0.425395390872119
wdLC_k1_0.2_k2_0.6	130	0.928170533531797	0.928782313018067	0.940236791435087	0.91284327247402	0.2	0.6	0.39906186388176	0.487096774193548	0.425395390872119
wdLC_k1_0.2_k2_0.6	140	0.929627604906956	0.928892873543111	0.940093153440773	0.919201416981916	0.2	0.6	0.39906186388176	0.487096774193548	0.425395390872119
wdLC_k1_0.2_k2_0.6	150	0.929817325214454	0.927488332814792	0.937970576470065	0.924149517756345	0.2	0.6	0.39906186388176	0.487096774193548	0.425395390872119
wdLC_k1_0.2_k2_0.6	160	0.927645611156686	0.923725536153756	0.936722137583499	0.91960623461854	0.2	0.6	0.39906186388176	0.487096774193548	0.425395390872119
wdLC_k1_0.2_k2_0.6	170	0.924607201958952	0.920327794774092	0.933244179016982	0.920935998192488	0.2	0.6	0.39906186388176	0.487096774193548	0.425395390872119
wdLC_k1_0.2_k2_0.6	180	0.919769128676811	0.91429570871529	0.927174707038283	0.916258732265399	0.2	0.6	0.39906186388176	0.487096774193548	0.425395390872119
wdLC_k1_0.2_k2_0.6	190	0.916499800985886	0.908469253412764	0.923036211821001	0.907088839026012	0.2	0.6	0.39906186388176	0.487096774193548	0.425395390872119
wdLC_k1_0.2_k2_0.6	200	0.90638415960399	0.898235955898898	0.91305632640816	0.895883897097428	0.2	0.6	0.39906186388176	0.487096774193548	0.425395390872119
wdLC_k1_0.2_k2_0.6	210	0.896525026482622	0.887152607930857	0.905388201222574	0.897018720865067	0.2	0.6	0.39906186388176	0.487096774193548	0.425395390872119
wdLC_k1_0.2_k2_0.6	220	0.892233310605591	0.880600463195145	0.900681268771519	0.8972563294884	0.2	0.6	0.39906186388176	0.487096774193548	0.425395390872119
wdLC_k1_0.2_k2_0.6	230	0.892676527952776	0.878324978609771	0.89941586797482	0.903974514189058	0.2	0.6	0.39906186388176	0.487096774193548	0.425395390872119
wdLC_k1_0.2_k2_0.6	240	0.876528238337471	0.860761471553325	0.88294154412403	0.907754474904078	0.2	0.6	0.39906186388176	0.487096774193548	0.425395390872119
wdLC_k1_0.2_k2_0.6	240	0.876528238337471	0.860761471553325	0.88294154412403	0.907754474904078	0.2	0.6	0.39906186388176	0.487096774193548	0.425395390872119
wdLC_k1_0.2_k2_0.6	250	0.868413382614122	0.848788364613834	0.875744059904958	0.907754474904078	0.2	0.6	0.39906186388176	0.487096774193548	0.425395390872119
wdLC_k1_0.2_k2_0.6	260	0.8553697312318	0.836856712718782	0.868490999525482	0.907754474904078	0.2	0.6	0.39906186388176	0.487096774193548	0.425395390872119
wdLC_k1_0.2_k2_0.6	270	0.855857190542166	0.832991460026124	0.873694350326403	0.907754474904078	0.2	0.6	0.39906186388176	0.487096774193548	0.425395390872119
wdLC_k1_0.2_k2_0.6	280	0.853522913010917	0.833442664173924	0.877062389644183	0.907754474904078	0.2	0.6	0.39906186388176	0.487096774193548	0.425395390872119
wdLC_k1_0.2_k2_0.6	290	0.844542331267213	0.823656109732741	0.868732540589478	0.907754474904078	0.2	0.6	0.39906186388176	0.487096774193548	0.425395390872119
wdLC_k1_0.2_k2_0.6	300	0.837431527016967	0.816237513750153	0.860493116590184	0.907754474904078	0.2	0.6	0.39906186388176	0.487096774193548	0.425395390872119
wdLC_k1_0.2_k2_0.68	10	0.539393939393939	0.721212121212121	0.636363636363636	0.551515151515151	0.2	0.68	0.342419683157802	0.42168458781362	0.366741979213737
wdLC_k1_0.2_k2_0.68	20	0.356390977443609	0.464661654135338	0.41203007518797	0.526315789473684	0.2	0.68	0.342419683157802	0.42168458781362	0.366741979213737
wdLC_k1_0.2_k2_0.68	30	0.67964404894327	0.766852057842047	0.655172413793103	0.691212458286986	0.2	0.68	0.342419683157802	0.42168458781362	0.366741979213737
wdLC_k1_0.2_k2_0.68	40	0.840337711069419	0.89906191369606	0.832457786116323	0.726829268292683	0.2	0.68	0.342419683157802	0.42168458781362	0.366741979213737
wdLC_k1_0.2_k2_0.68	50	0.899255702280913	0.931332533013205	0.899735894357743	0.770372148859544	0.2	0.68	0.342419683157802	0.42168458781362	0.366741979213737
wdLC_k1_0.2_k2_0.68	60	0.896193387051959	0.90880800222284	0.912142261739372	0.826118366212837	0.2	0.68	0.342419683157802	0.42168458781362	0.366741979213737
wdLC_k1_0.2_k2_0.68	70	0.904960195958359	0.905415099291401	0.918187385180649	0.827066748315983	0.2	0.68	0.342419683157802	0.42168458781362	0.366741979213737
wdLC_k1_0.2_k2_0.68	80	0.884481950304735	0.908884200656353	0.91460384435068	0.854852320675106	0.2	0.68	0.342419683157802	0.42168458781362	0.366741979213737
wdLC_k1_0.2_k2_0.68	90	0.904910071202206	0.917734699757172	0.928205128205128	0.858962011771001	0.2	0.68	0.342419683157802	0.42168458781362	0.366741979213737
wdLC_k1_0.2_k2_0.68	100	0.91949594959496	0.92975697569757	0.939549954995499	0.885232523252325	0.2	0.68	0.342419683157802	0.42168458781362	0.366741979213737
wdLC_k1_0.2_k2_0.68	110	0.931267046863377	0.93825485201632	0.946324639902621	0.904451908121633	0.2	0.68	0.342419683157802	0.42168458781362	0.366741979213737
wdLC_k1_0.2_k2_0.68	120	0.939079102715466	0.943919716646989	0.951573025904577	0.918584623932217	0.2	0.68	0.342419683157802	0.42168458781362	0.366741979213737
wdLC_k1_0.2_k2_0.68	130	0.94063554056453	0.942978874489615	0.951456390227915	0.924947766595201	0.2	0.68	0.342419683157802	0.42168458781362	0.366741979213737
wdLC_k1_0.2_k2_0.68	140	0.930852157180031	0.93083466357613	0.941680697994796	0.922192823249	0.2	0.68	0.342419683157802	0.42168458781362	0.366741979213737
wdLC_k1_0.2_k2_0.68	150	0.922666785190453	0.921866749633317	0.932306324725544	0.923310369349749	0.2	0.68	0.342419683157802	0.42168458781362	0.366741979213737
wdLC_k1_0.2_k2_0.68	160	0.918495839681237	0.914883393882574	0.927545997890542	0.923206961209422	0.2	0.68	0.342419683157802	0.42168458781362	0.366741979213737
wdLC_k1_0.2_k2_0.68	170	0.915447511922863	0.911390379882878	0.924336075133884	0.922162175365319	0.2	0.68	0.342419683157802	0.42168458781362	0.366741979213737
wdLC_k1_0.2_k2_0.68	180	0.912417049908948	0.906752266016441	0.918371966212949	0.913999403273764	0.2	0.68	0.342419683157802	0.42168458781362	0.366741979213737
wdLC_k1_0.2_k2_0.68	190	0.906493983650225	0.898185253710192	0.913448542823026	0.91571424197492	0.2	0.68	0.342419683157802	0.42168458781362	0.366741979213737
wdLC_k1_0.2_k2_0.68	200	0.901794044851122	0.892825320633016	0.908085202130053	0.905260631515788	0.2	0.68	0.342419683157802	0.42168458781362	0.366741979213737
wdLC_k1_0.2_k2_0.68	210	0.888774931728287	0.879458231965092	0.896442096192657	0.909550265150165	0.2	0.68	0.342419683157802	0.42168458781362	0.366741979213737
wdLC_k1_0.2_k2_0.68	220	0.880123744104405	0.866581766340026	0.887143798989085	0.91069236967706	0.2	0.68	0.342419683157802	0.42168458781362	0.366741979213737
wdLC_k1_0.2_k2_0.68	230	0.869066646283278	0.86097312598167	0.87943455822704	0.910885469191905	0.2	0.68	0.342419683157802	0.42168458781362	0.366741979213737
wdLC_k1_0.2_k2_0.68	240	0.86841090991163	0.855873365857046	0.880615114845744	0.910893418288512	0.2	0.68	0.342419683157802	0.42168458781362	0.366741979213737
wdLC_k1_0.2_k2_0.68	240	0.86841090991163	0.855873365857046	0.880615114845744	0.910893418288512	0.2	0.68	0.342419683157802	0.42168458781362	0.366741979213737
wdLC_k1_0.2_k2_0.68	250	0.850653098449575	0.839152882446119	0.863085681370902	0.910893418288512	0.2	0.68	0.342419683157802	0.42168458781362	0.366741979213737
wdLC_k1_0.2_k2_0.68	260	0.849896732655353	0.838211989936128	0.865444527513493	0.910893418288512	0.2	0.68	0.342419683157802	0.42168458781362	0.366741979213737
wdLC_k1_0.2_k2_0.68	270	0.841372614469639	0.827548922329372	0.857077143262139	0.910893418288512	0.2	0.68	0.342419683157802	0.42168458781362	0.366741979213737
wdLC_k1_0.2_k2_0.68	280	0.842053561178805	0.823295122204547	0.859843328905434	0.910893418288512	0.2	0.68	0.342419683157802	0.42168458781362	0.366741979213737
wdLC_k1_0.2_k2_0.68	290	0.841999023318576	0.8247671156039	0.858331498467939	0.910893418288512	0.2	0.68	0.342419683157802	0.42168458781362	0.366741979213737
wdLC_k1_0.2_k2_0.68	300	0.840369781886465	0.823302481138679	0.858216646851632	0.910893418288512	0.2	0.68	0.342419683157802	0.42168458781362	0.366741979213737
wdLC_k1_0.2_k2_0.76	10	0.478787878787879	0.696969696969697	0.709090909090909	0.490909090909091	0.2	0.76	0.272236481104523	0.339068100358423	0.291821057388161
wdLC_k1_0.2_k2_0.76	20	0.369924812030075	0.457142857142857	0.416541353383459	0.538345864661654	0.2	0.76	0.272236481104523	0.339068100358423	0.291821057388161
wdLC_k1_0.2_k2_0.76	30	0.652947719688543	0.704560622914349	0.687208008898776	0.689877641824249	0.2	0.76	0.272236481104523	0.339068100358423	0.291821057388161
wdLC_k1_0.2_k2_0.76	40	0.831707317073171	0.869043151969981	0.85422138836773	0.729831144465291	0.2	0.76	0.272236481104523	0.339068100358423	0.291821057388161
wdLC_k1_0.2_k2_0.76	50	0.886962785114046	0.918175270108043	0.913085234093637	0.796494597839136	0.2	0.76	0.272236481104523	0.339068100358423	0.291821057388161
wdLC_k1_0.2_k2_0.76	60	0.887190886357322	0.909363712142262	0.911642122811892	0.802222839677688	0.2	0.76	0.272236481104523	0.339068100358423	0.291821057388161
wdLC_k1_0.2_k2_0.76	70	0.891103140582626	0.892292887761351	0.910978916980142	0.796098329105065	0.2	0.76	0.272236481104523	0.339068100358423	0.291821057388161
wdLC_k1_0.2_k2_0.76	80	0.871472105016409	0.897257383966245	0.906422878574777	0.842053445850914	0.2	0.76	0.272236481104523	0.339068100358423	0.291821057388161
wdLC_k1_0.2_k2_0.76	90	0.89404453224678	0.908548380458493	0.920171214553237	0.856229164094333	0.2	0.76	0.272236481104523	0.339068100358423	0.291821057388161
wdLC_k1_0.2_k2_0.76	100	0.909342934293429	0.921368136813681	0.931413141314131	0.875223522352235	0.2	0.76	0.272236481104523	0.339068100358423	0.291821057388161
wdLC_k1_0.2_k2_0.76	110	0.921574284877037	0.929553907535559	0.938489281608548	0.897608367333138	0.2	0.76	0.272236481104523	0.339068100358423	0.291821057388161
wdLC_k1_0.2_k2_0.76	120	0.925987915827488	0.932273074519064	0.941176470588235	0.915917772067505	0.2	0.76	0.272236481104523	0.339068100358423	0.291821057388161
wdLC_k1_0.2_k2_0.76	130	0.932076090073605	0.934594218137623	0.944196971145311	0.917677422878914	0.2	0.76	0.272236481104523	0.339068100358423	0.291821057388161
wdLC_k1_0.2_k2_0.76	140	0.928503640856312	0.929321466838687	0.940171874658328	0.924121493079093	0.2	0.76	0.272236481104523	0.339068100358423	0.291821057388161
wdLC_k1_0.2_k2_0.76	150	0.924896217609672	0.921678296813192	0.935812258322592	0.924355749144407	0.2	0.76	0.272236481104523	0.339068100358423	0.291821057388161
wdLC_k1_0.2_k2_0.76	160	0.91236962381343	0.910986757295207	0.922339739833587	0.923889605062698	0.2	0.76	0.272236481104523	0.339068100358423	0.291821057388161
wdLC_k1_0.2_k2_0.76	170	0.909028401145572	0.907010826753623	0.920308254102015	0.925347304913869	0.2	0.76	0.272236481104523	0.339068100358423	0.291821057388161
wdLC_k1_0.2_k2_0.76	180	0.907447760733356	0.902834449622931	0.917067399199564	0.922909143286315	0.2	0.76	0.272236481104523	0.339068100358423	0.291821057388161
wdLC_k1_0.2_k2_0.76	190	0.903852125951878	0.897193244892336	0.912488026348594	0.925718309735946	0.2	0.76	0.272236481104523	0.339068100358423	0.291821057388161
wdLC_k1_0.2_k2_0.76	200	0.898900472511813	0.888802220055501	0.90812720318008	0.914241356033901	0.2	0.76	0.272236481104523	0.339068100358423	0.291821057388161
wdLC_k1_0.2_k2_0.76	210	0.882833753923801	0.873406912369247	0.890301367377945	0.902164286200205	0.2	0.76	0.272236481104523	0.339068100358423	0.291821057388161
wdLC_k1_0.2_k2_0.76	220	0.875539126465799	0.864668128004147	0.885195223793129	0.899163205851361	0.2	0.76	0.272236481104523	0.339068100358423	0.291821057388161
wdLC_k1_0.2_k2_0.76	230	0.871625090307452	0.859410837880555	0.881666539270488	0.902286966877815	0.2	0.76	0.272236481104523	0.339068100358423	0.291821057388161
wdLC_k1_0.2_k2_0.76	240	0.854207538325318	0.845046789006753	0.866334484973697	0.900334207191097	0.2	0.76	0.272236481104523	0.339068100358423	0.291821057388161
wdLC_k1_0.2_k2_0.76	240	0.854207538325318	0.845046789006753	0.866334484973697	0.900334207191097	0.2	0.76	0.272236481104523	0.339068100358423	0.291821057388161
wdLC_k1_0.2_k2_0.76	250	0.855831805308885	0.844776268420295	0.867888830221284	0.900334207191097	0.2	0.76	0.272236481104523	0.339068100358423	0.291821057388161
wdLC_k1_0.2_k2_0.76	260	0.847866206486896	0.835773173704208	0.862796786934718	0.900334207191097	0.2	0.76	0.272236481104523	0.339068100358423	0.291821057388161
wdLC_k1_0.2_k2_0.76	270	0.839114391143911	0.82499561798592	0.857441117162101	0.900334207191097	0.2	0.76	0.272236481104523	0.339068100358423	0.291821057388161
wdLC_k1_0.2_k2_0.76	280	0.832289223805697	0.81480558243272	0.856821424471522	0.900334207191097	0.2	0.76	0.272236481104523	0.339068100358423	0.291821057388161
wdLC_k1_0.2_k2_0.76	290	0.830349698692551	0.810518391501642	0.854130538269552	0.900334207191097	0.2	0.76	0.272236481104523	0.339068100358423	0.291821057388161
wdLC_k1_0.2_k2_0.76	300	0.830406115623507	0.807627195857732	0.853582373137479	0.900334207191097	0.2	0.76	0.272236481104523	0.339068100358423	0.291821057388161
wdLC_k1_0.32_k2_0.04	10	0.83030303030303	0.684848484848485	0.187878787878788	0.721212121212121	0.32	0.04	0.601292149747765	0.714874551971326	0.647989154993222
wdLC_k1_0.32_k2_0.04	20	0.833082706766917	0.849624060150376	0.663157894736842	0.765413533834587	0.32	0.04	0.601292149747765	0.714874551971326	0.647989154993222
wdLC_k1_0.32_k2_0.04	30	0.872747497219132	0.911457174638487	0.820689655172414	0.816685205784205	0.32	0.04	0.601292149747765	0.714874551971326	0.647989154993222
wdLC_k1_0.32_k2_0.04	40	0.9046904315197	0.920075046904315	0.878424015009381	0.825515947467167	0.32	0.04	0.601292149747765	0.714874551971326	0.647989154993222
wdLC_k1_0.32_k2_0.04	50	0.900888355342137	0.887539015606243	0.909819927971188	0.826650660264106	0.32	0.04	0.601292149747765	0.714874551971326	0.647989154993222
wdLC_k1_0.32_k2_0.04	60	0.882522923034176	0.874187274242846	0.902973048068908	0.829786051681023	0.32	0.04	0.601292149747765	0.714874551971326	0.647989154993222
wdLC_k1_0.32_k2_0.04	70	0.890123348788382	0.896736943399528	0.912833522876389	0.860764587525151	0.32	0.04	0.601292149747765	0.714874551971326	0.647989154993222
wdLC_k1_0.32_k2_0.04	80	0.872597280825129	0.888724800750117	0.907407407407407	0.884388185654009	0.32	0.04	0.601292149747765	0.714874551971326	0.647989154993222
wdLC_k1_0.32_k2_0.04	90	0.883195456229164	0.897880396756801	0.91297691072972	0.88314606741573	0.32	0.04	0.601292149747765	0.714874551971326	0.647989154993222
wdLC_k1_0.32_k2_0.04	100	0.89963396339634	0.912595259525953	0.921548154815482	0.895205520552055	0.32	0.04	0.601292149747765	0.714874551971326	0.647989154993222
wdLC_k1_0.32_k2_0.04	110	0.902314992223249	0.914766810179654	0.922935779816514	0.912918423010166	0.32	0.04	0.601292149747765	0.714874551971326	0.647989154993222
wdLC_k1_0.32_k2_0.04	120	0.905597610945204	0.913188415862212	0.92301548718661	0.923661365372595	0.32	0.04	0.601292149747765	0.714874551971326	0.647989154993222
wdLC_k1_0.32_k2_0.04	130	0.903224132515806	0.909008726051155	0.918458534187275	0.927733548184462	0.32	0.04	0.601292149747765	0.714874551971326	0.647989154993222
wdLC_k1_0.32_k2_0.04	140	0.904699219347926	0.908302901751547	0.918759703483414	0.92220157005095	0.32	0.04	0.601292149747765	0.714874551971326	0.647989154993222
wdLC_k1_0.32_k2_0.04	150	0.904145073114361	0.903988621716521	0.917112760567136	0.920032001422286	0.32	0.04	0.601292149747765	0.714874551971326	0.647989154993222
wdLC_k1_0.32_k2_0.04	160	0.905821516465487	0.903838040548459	0.919102308683933	0.904090003515762	0.32	0.04	0.601292149747765	0.714874551971326	0.647989154993222
wdLC_k1_0.32_k2_0.04	170	0.90443145803946	0.896786170089338	0.916341497670386	0.89956338810828	0.32	0.04	0.601292149747765	0.714874551971326	0.647989154993222
wdLC_k1_0.32_k2_0.04	180	0.88953980061113	0.883383231992757	0.90292498739673	0.894546127966913	0.32	0.04	0.601292149747765	0.714874551971326	0.647989154993222
wdLC_k1_0.32_k2_0.04	190	0.879641512157357	0.872702699156268	0.890914021528516	0.88529963652587	0.32	0.04	0.601292149747765	0.714874551971326	0.647989154993222
wdLC_k1_0.32_k2_0.04	200	0.875922898072452	0.867434185854646	0.882526063151579	0.88339158478962	0.32	0.04	0.601292149747765	0.714874551971326	0.647989154993222
wdLC_k1_0.32_k2_0.04	210	0.864021535959675	0.851340976309797	0.871031737033234	0.885416254984726	0.32	0.04	0.601292149747765	0.714874551971326	0.647989154993222
wdLC_k1_0.32_k2_0.04	220	0.868903377041975	0.856188613964601	0.873726917723695	0.890368133075627	0.32	0.04	0.601292149747765	0.714874551971326	0.647989154993222
wdLC_k1_0.32_k2_0.04	230	0.85407400649474	0.840961241151103	0.858398901269606	0.891992040615546	0.32	0.04	0.601292149747765	0.714874551971326	0.647989154993222
wdLC_k1_0.32_k2_0.04	240	0.835028385909478	0.821662702477473	0.843553707529645	0.900751749162312	0.32	0.04	0.601292149747765	0.714874551971326	0.647989154993222
wdLC_k1_0.32_k2_0.04	240	0.835028385909478	0.821662702477473	0.843553707529645	0.900751749162312	0.32	0.04	0.601292149747765	0.714874551971326	0.647989154993222
wdLC_k1_0.32_k2_0.04	250	0.825972255556089	0.808489223827581	0.83190438247012	0.900751749162312	0.32	0.04	0.601292149747765	0.714874551971326	0.647989154993222
wdLC_k1_0.32_k2_0.04	260	0.812299908851633	0.793058386161834	0.819944082013048	0.900751749162312	0.32	0.04	0.601292149747765	0.714874551971326	0.647989154993222
wdLC_k1_0.32_k2_0.04	270	0.804400304226091	0.782536873695874	0.814819590575088	0.900751749162312	0.32	0.04	0.601292149747765	0.714874551971326	0.647989154993222
wdLC_k1_0.32_k2_0.04	280	0.802752403911858	0.780395886973777	0.815698268746139	0.900751749162312	0.32	0.04	0.601292149747765	0.714874551971326	0.647989154993222
wdLC_k1_0.32_k2_0.04	290	0.792095276871963	0.769831860725721	0.808389373607706	0.900751749162312	0.32	0.04	0.601292149747765	0.714874551971326	0.647989154993222
wdLC_k1_0.32_k2_0.04	300	0.795682618695763	0.771469460771786	0.810240113779042	0.900751749162312	0.32	0.04	0.601292149747765	0.714874551971326	0.647989154993222
wdLC_k1_0.32_k2_0.12	10	0.575757575757576	0.672727272727273	0.36969696969697	0.636363636363636	0.32	0.12	0.507124524294185	0.611290322580645	0.544600090375057
wdLC_k1_0.32_k2_0.12	20	0.676691729323308	0.766917293233083	0.556390977443609	0.736842105263158	0.32	0.12	0.507124524294185	0.611290322580645	0.544600090375057
wdLC_k1_0.32_k2_0.12	30	0.816240266963293	0.882981090100111	0.732591768631813	0.810901001112347	0.32	0.12	0.507124524294185	0.611290322580645	0.544600090375057
wdLC_k1_0.32_k2_0.12	40	0.901500938086304	0.924765478424015	0.869043151969981	0.805065666041276	0.32	0.12	0.507124524294185	0.611290322580645	0.544600090375057
wdLC_k1_0.32_k2_0.12	50	0.906074429771909	0.903385354141657	0.911356542617047	0.806962785114046	0.32	0.12	0.507124524294185	0.611290322580645	0.544600090375057
wdLC_k1_0.32_k2_0.12	60	0.884245623784385	0.886913031397611	0.907974437343707	0.851292025562657	0.32	0.12	0.507124524294185	0.611290322580645	0.544600090375057
wdLC_k1_0.32_k2_0.12	70	0.875846382643688	0.88420960545884	0.903105590062112	0.869477735981104	0.32	0.12	0.507124524294185	0.611290322580645	0.544600090375057
wdLC_k1_0.32_k2_0.12	80	0.869714017815284	0.888443506797937	0.907477730895452	0.882653539615565	0.32	0.12	0.507124524294185	0.611290322580645	0.544600090375057
wdLC_k1_0.32_k2_0.12	90	0.880215664485327	0.899559616413549	0.912137300901346	0.892217146149731	0.32	0.12	0.507124524294185	0.611290322580645	0.544600090375057
wdLC_k1_0.32_k2_0.12	100	0.888964896489649	0.908382838283828	0.914275427542754	0.898073807380738	0.32	0.12	0.507124524294185	0.611290322580645	0.544600090375057
wdLC_k1_0.32_k2_0.12	110	0.903198611455492	0.917625047900277	0.923440705092081	0.912197101187927	0.32	0.12	0.507124524294185	0.611290322580645	0.544600090375057
wdLC_k1_0.32_k2_0.12	120	0.909181193138412	0.919869435377456	0.926133759288839	0.921077852628654	0.32	0.12	0.507124524294185	0.611290322580645	0.544600090375057
wdLC_k1_0.32_k2_0.12	130	0.908200303158585	0.91504458616122	0.922440563164866	0.9287604637507	0.32	0.12	0.507124524294185	0.611290322580645	0.544600090375057
wdLC_k1_0.32_k2_0.12	140	0.913187990640922	0.916774179440642	0.925748398241893	0.922372132688986	0.32	0.12	0.507124524294185	0.611290322580645	0.544600090375057
wdLC_k1_0.32_k2_0.12	150	0.90853637939464	0.908884839326192	0.920408907062536	0.924433974843326	0.32	0.12	0.507124524294185	0.611290322580645	0.544600090375057
wdLC_k1_0.32_k2_0.12	160	0.909266963553264	0.906202390718387	0.91949197234267	0.912583499355443	0.32	0.12	0.507124524294185	0.611290322580645	0.544600090375057
wdLC_k1_0.32_k2_0.12	170	0.894680662673042	0.891573695812801	0.90663711140015	0.914045468701339	0.32	0.12	0.507124524294185	0.611290322580645	0.544600090375057
wdLC_k1_0.32_k2_0.12	180	0.89167566900213	0.886638476496188	0.904379764807556	0.891755918392543	0.32	0.12	0.507124524294185	0.611290322580645	0.544600090375057
wdLC_k1_0.32_k2_0.12	190	0.888035971254489	0.878910189960066	0.896241476291077	0.89302225896329	0.32	0.12	0.507124524294185	0.611290322580645	0.544600090375057
wdLC_k1_0.32_k2_0.12	200	0.875342383559589	0.864641116027901	0.88470411760294	0.892049801245031	0.32	0.12	0.507124524294185	0.611290322580645	0.544600090375057
wdLC_k1_0.32_k2_0.12	210	0.876483107812616	0.861049003378762	0.885471973773296	0.889798602495036	0.32	0.12	0.507124524294185	0.611290322580645	0.544600090375057
wdLC_k1_0.32_k2_0.12	220	0.866189571910765	0.850472492857666	0.872847861244316	0.895217594653533	0.32	0.12	0.507124524294185	0.611290322580645	0.544600090375057
wdLC_k1_0.32_k2_0.12	230	0.85655256078647	0.840224480285236	0.866176807813413	0.902107461553066	0.32	0.12	0.507124524294185	0.611290322580645	0.544600090375057
wdLC_k1_0.32_k2_0.12	240	0.851684925085505	0.834819180888557	0.858921161825726	0.90276480494453	0.32	0.12	0.507124524294185	0.611290322580645	0.544600090375057
wdLC_k1_0.32_k2_0.12	240	0.851684925085505	0.834819180888557	0.858921161825726	0.90276480494453	0.32	0.12	0.507124524294185	0.611290322580645	0.544600090375057
wdLC_k1_0.32_k2_0.12	250	0.846757740123842	0.830576489223828	0.857695771132338	0.90276480494453	0.32	0.12	0.507124524294185	0.611290322580645	0.544600090375057
wdLC_k1_0.32_k2_0.12	260	0.826308764239798	0.800499097050821	0.838985556226935	0.90276480494453	0.32	0.12	0.507124524294185	0.611290322580645	0.544600090375057
wdLC_k1_0.32_k2_0.12	270	0.822225880251367	0.79884985466955	0.837468887700029	0.90276480494453	0.32	0.12	0.507124524294185	0.611290322580645	0.544600090375057
wdLC_k1_0.32_k2_0.12	280	0.800116983999432	0.777042163438674	0.820189579677583	0.90276480494453	0.32	0.12	0.507124524294185	0.611290322580645	0.544600090375057
wdLC_k1_0.32_k2_0.12	290	0.792635526848283	0.770843968377171	0.815168575951742	0.90276480494453	0.32	0.12	0.507124524294185	0.611290322580645	0.544600090375057
wdLC_k1_0.32_k2_0.12	300	0.803686707630085	0.782984699829998	0.822827364748497	0.90276480494453	0.32	0.12	0.507124524294185	0.611290322580645	0.544600090375057
wdLC_k1_0.32_k2_0.2	10	0.236363636363636	0.721212121212121	0.587878787878788	0.333333333333333	0.32	0.2	0.445349145942119	0.539964157706093	0.477812923633077
wdLC_k1_0.32_k2_0.2	20	0.729323308270677	0.813533834586466	0.706766917293233	0.815037593984962	0.32	0.2	0.445349145942119	0.539964157706093	0.477812923633077
wdLC_k1_0.32_k2_0.2	30	0.870522803114572	0.871412680756396	0.810901001112347	0.782424916573971	0.32	0.2	0.445349145942119	0.539964157706093	0.477812923633077
wdLC_k1_0.32_k2_0.2	40	0.903564727954972	0.909193245778612	0.873170731707317	0.781238273921201	0.32	0.2	0.445349145942119	0.539964157706093	0.477812923633077
wdLC_k1_0.32_k2_0.2	50	0.884945978391357	0.881968787515006	0.902040816326531	0.779591836734694	0.32	0.2	0.445349145942119	0.539964157706093	0.477812923633077
wdLC_k1_0.32_k2_0.2	60	0.904862461794943	0.899583217560434	0.921200333425952	0.820616838010559	0.32	0.2	0.445349145942119	0.539964157706093	0.477812923633077
wdLC_k1_0.32_k2_0.2	70	0.899186422885137	0.899081445192896	0.918922229026332	0.843268305485085	0.32	0.2	0.445349145942119	0.539964157706093	0.477812923633077
wdLC_k1_0.32_k2_0.2	80	0.876722925457103	0.901593999062353	0.913525550867323	0.86812001875293	0.32	0.2	0.445349145942119	0.539964157706093	0.477812923633077
wdLC_k1_0.32_k2_0.2	90	0.900086430423509	0.914442112194921	0.926838704366794	0.870008643042351	0.32	0.2	0.445349145942119	0.539964157706093	0.477812923633077
wdLC_k1_0.32_k2_0.2	100	0.913471347134714	0.925652565256526	0.935493549354936	0.884764476447645	0.32	0.2	0.445349145942119	0.539964157706093	0.477812923633077
wdLC_k1_0.32_k2_0.2	110	0.924080878209318	0.932258864368956	0.941257354101391	0.900439555485427	0.32	0.2	0.445349145942119	0.539964157706093	0.477812923633077
wdLC_k1_0.32_k2_0.2	120	0.924487811653587	0.929967358844364	0.939738870754913	0.916258073477325	0.32	0.2	0.445349145942119	0.539964157706093	0.477812923633077
wdLC_k1_0.32_k2_0.2	130	0.921266165043903	0.925171721585711	0.935282470059676	0.91802154883994	0.32	0.2	0.445349145942119	0.539964157706093	0.477812923633077
wdLC_k1_0.32_k2_0.2	140	0.911206839999126	0.912405151866349	0.923684152981566	0.923032516236251	0.32	0.2	0.445349145942119	0.539964157706093	0.477812923633077
wdLC_k1_0.32_k2_0.2	150	0.917674563313925	0.916433619271968	0.928651051157829	0.924753989066181	0.32	0.2	0.445349145942119	0.539964157706093	0.477812923633077
wdLC_k1_0.32_k2_0.2	160	0.916743818117895	0.914145083792335	0.927487401851635	0.922861244579866	0.32	0.2	0.445349145942119	0.539964157706093	0.477812923633077
wdLC_k1_0.32_k2_0.2	170	0.909612178723872	0.906107070670062	0.921624806883202	0.913554509315405	0.32	0.2	0.445349145942119	0.539964157706093	0.477812923633077
wdLC_k1_0.32_k2_0.2	180	0.910120682737121	0.90306079405743	0.917462473121599	0.904577301768573	0.32	0.2	0.445349145942119	0.539964157706093	0.477812923633077
wdLC_k1_0.32_k2_0.2	190	0.904719914970673	0.894516395701295	0.913028644910706	0.904376998342278	0.32	0.2	0.445349145942119	0.539964157706093	0.477812923633077
wdLC_k1_0.32_k2_0.2	200	0.899605490137254	0.888952223805595	0.90985524638116	0.899531988299708	0.32	0.2	0.445349145942119	0.539964157706093	0.477812923633077
wdLC_k1_0.32_k2_0.2	210	0.896891733858559	0.884817601954045	0.905144593495803	0.89665201348913	0.32	0.2	0.445349145942119	0.539964157706093	0.477812923633077
wdLC_k1_0.32_k2_0.2	220	0.886794430388306	0.87549179265537	0.896603799101785	0.902113680034712	0.32	0.2	0.445349145942119	0.539964157706093	0.477812923633077
wdLC_k1_0.32_k2_0.2	230	0.880890326684897	0.867124635379809	0.890001701355413	0.908857650798034	0.32	0.2	0.445349145942119	0.539964157706093	0.477812923633077
wdLC_k1_0.32_k2_0.2	240	0.876396291602284	0.860330908522717	0.886046632754041	0.908101703154568	0.32	0.2	0.445349145942119	0.539964157706093	0.477812923633077
wdLC_k1_0.32_k2_0.2	240	0.876396291602284	0.860330908522717	0.886046632754041	0.908101703154568	0.32	0.2	0.445349145942119	0.539964157706093	0.477812923633077
wdLC_k1_0.32_k2_0.2	250	0.851434934958959	0.835651514424231	0.862455143282292	0.908101703154568	0.32	0.2	0.445349145942119	0.539964157706093	0.477812923633077
wdLC_k1_0.32_k2_0.2	260	0.850973444076892	0.828990642783746	0.862449945208566	0.908101703154568	0.32	0.2	0.445349145942119	0.539964157706093	0.477812923633077
wdLC_k1_0.32_k2_0.2	270	0.837310373103731	0.812468087506154	0.854083046406672	0.908101703154568	0.32	0.2	0.445349145942119	0.539964157706093	0.477812923633077
wdLC_k1_0.32_k2_0.2	280	0.821223849429566	0.79532227998535	0.842029508393875	0.908101703154568	0.32	0.2	0.445349145942119	0.539964157706093	0.477812923633077
wdLC_k1_0.32_k2_0.2	290	0.815751140589232	0.790491748026033	0.841350526534614	0.908101703154568	0.32	0.2	0.445349145942119	0.539964157706093	0.477812923633077
wdLC_k1_0.32_k2_0.2	300	0.819805553395038	0.793527483638707	0.843555595062167	0.908101703154568	0.32	0.2	0.445349145942119	0.539964157706093	0.477812923633077
wdLC_k1_0.32_k2_0.28	10	0.575757575757576	0.745454545454545	0.612121212121212	0.393939393939394	0.32	0.28	0.378440569961944	0.465770609318996	0.405422503389065
wdLC_k1_0.32_k2_0.28	20	0.560902255639098	0.700751879699248	0.726315789473684	0.688721804511278	0.32	0.28	0.378440569961944	0.465770609318996	0.405422503389065
wdLC_k1_0.32_k2_0.28	30	0.777085650723026	0.864293659621802	0.81979977753059	0.763737486095662	0.32	0.28	0.378440569961944	0.465770609318996	0.405422503389065
wdLC_k1_0.32_k2_0.28	40	0.840337711069419	0.895309568480301	0.859099437148218	0.75984990619137	0.32	0.28	0.378440569961944	0.465770609318996	0.405422503389065
wdLC_k1_0.32_k2_0.28	50	0.877166866746699	0.91500600240096	0.88984393757503	0.746362545018007	0.32	0.28	0.378440569961944	0.465770609318996	0.405422503389065
wdLC_k1_0.32_k2_0.28	60	0.852403445401501	0.885079188663518	0.88085579327591	0.802611836621284	0.32	0.28	0.378440569961944	0.465770609318996	0.405422503389065
wdLC_k1_0.32_k2_0.28	70	0.875811390079608	0.897716735193771	0.898731519552095	0.808310733969032	0.32	0.28	0.378440569961944	0.465770609318996	0.405422503389065
wdLC_k1_0.32_k2_0.28	80	0.879864041256446	0.901523675574308	0.904406938584154	0.843999062353493	0.32	0.28	0.378440569961944	0.465770609318996	0.405422503389065
wdLC_k1_0.32_k2_0.28	90	0.870601308803556	0.897880396756801	0.902687574597687	0.866880684858213	0.32	0.28	0.378440569961944	0.465770609318996	0.405422503389065
wdLC_k1_0.32_k2_0.28	100	0.894581458145815	0.914563456345635	0.919099909990999	0.88968496849685	0.32	0.28	0.378440569961944	0.465770609318996	0.405422503389065
wdLC_k1_0.32_k2_0.28	110	0.907679823276153	0.923972679935983	0.92838175957442	0.908419178143949	0.32	0.28	0.378440569961944	0.465770609318996	0.405422503389065
wdLC_k1_0.32_k2_0.28	120	0.918681852906452	0.93082158483228	0.935863601639003	0.919029099243003	0.32	0.28	0.378440569961944	0.465770609318996	0.405422503389065
wdLC_k1_0.32_k2_0.28	130	0.920113616190307	0.929011730325417	0.934037061819771	0.924210353821573	0.32	0.28	0.378440569961944	0.465770609318996	0.405422503389065
wdLC_k1_0.32_k2_0.28	140	0.924773129824408	0.928057553956835	0.935522949421618	0.924821237235136	0.32	0.28	0.378440569961944	0.465770609318996	0.405422503389065
wdLC_k1_0.32_k2_0.28	150	0.920199119960887	0.921639183963732	0.930222676563403	0.927875905595804	0.32	0.28	0.378440569961944	0.465770609318996	0.405422503389065
wdLC_k1_0.32_k2_0.28	160	0.91271241064104	0.912451658267901	0.922893472401266	0.925480487519044	0.32	0.28	0.378440569961944	0.465770609318996	0.405422503389065
wdLC_k1_0.32_k2_0.28	170	0.899851613021416	0.898520404736171	0.911065516209598	0.917211057577812	0.32	0.28	0.378440569961944	0.465770609318996	0.405422503389065
wdLC_k1_0.32_k2_0.28	180	0.892159223021287	0.890290852598331	0.904268650266983	0.912764797267405	0.32	0.28	0.378440569961944	0.465770609318996	0.405422503389065
wdLC_k1_0.32_k2_0.28	190	0.897376950228976	0.892779068089071	0.906448494709724	0.909295052640327	0.32	0.28	0.378440569961944	0.465770609318996	0.405422503389065
wdLC_k1_0.32_k2_0.28	200	0.887377184429611	0.881722043051076	0.897371934298358	0.906915172879322	0.32	0.28	0.378440569961944	0.465770609318996	0.405422503389065
wdLC_k1_0.32_k2_0.28	210	0.886568208543764	0.875887046353497	0.894884561684262	0.905887078748141	0.32	0.28	0.378440569961944	0.465770609318996	0.405422503389065
wdLC_k1_0.32_k2_0.28	220	0.881219183717169	0.869417286983766	0.891447794751582	0.911189374686554	0.32	0.28	0.378440569961944	0.465770609318996	0.405422503389065
wdLC_k1_0.32_k2_0.28	230	0.863260339432734	0.85397340460944	0.875674809337236	0.910187173752771	0.32	0.28	0.378440569961944	0.465770609318996	0.405422503389065
wdLC_k1_0.32_k2_0.28	240	0.860415111373461	0.85139846177885	0.870872758207608	0.913162554905467	0.32	0.28	0.378440569961944	0.465770609318996	0.405422503389065
wdLC_k1_0.32_k2_0.28	240	0.860415111373461	0.85139846177885	0.870872758207608	0.913162554905467	0.32	0.28	0.378440569961944	0.465770609318996	0.405422503389065
wdLC_k1_0.32_k2_0.28	250	0.838636778188451	0.832192387078193	0.852430278884462	0.913162554905467	0.32	0.28	0.378440569961944	0.465770609318996	0.405422503389065
wdLC_k1_0.32_k2_0.28	260	0.837648713510782	0.824627810834707	0.855334227748021	0.913162554905467	0.32	0.28	0.378440569961944	0.465770609318996	0.405422503389065
wdLC_k1_0.32_k2_0.28	270	0.827806203712595	0.81348501960856	0.848160087548831	0.913162554905467	0.32	0.28	0.378440569961944	0.465770609318996	0.405422503389065
wdLC_k1_0.32_k2_0.28	280	0.823242096746861	0.801343676030853	0.843137576463257	0.913162554905467	0.32	0.28	0.378440569961944	0.465770609318996	0.405422503389065
wdLC_k1_0.32_k2_0.28	290	0.827550534653124	0.802932258409732	0.846647731675845	0.913162554905467	0.32	0.28	0.378440569961944	0.465770609318996	0.405422503389065
wdLC_k1_0.32_k2_0.28	300	0.825211835687063	0.803107145634952	0.841319570217447	0.913162554905467	0.32	0.28	0.378440569961944	0.465770609318996	0.405422503389065
wdLC_k1_0.32_k2_0.36	10	0.733333333333333	0.76969696969697	0.624242424242424	0.406060606060606	0.32	0.36	0.31763872909107	0.393906810035842	0.342250338906462
wdLC_k1_0.32_k2_0.36	20	0.389473684210526	0.560902255639098	0.655639097744361	0.53984962406015	0.32	0.36	0.31763872909107	0.393906810035842	0.342250338906462
wdLC_k1_0.32_k2_0.36	30	0.701446051167964	0.817130144605117	0.75706340378198	0.664516129032258	0.32	0.36	0.31763872909107	0.393906810035842	0.342250338906462
wdLC_k1_0.32_k2_0.36	40	0.848030018761726	0.90562851782364	0.875984990619137	0.721200750469043	0.32	0.36	0.31763872909107	0.393906810035842	0.342250338906462
wdLC_k1_0.32_k2_0.36	50	0.89358943577431	0.928355342136855	0.911164465786315	0.7231212484994	0.32	0.36	0.31763872909107	0.393906810035842	0.342250338906462
wdLC_k1_0.32_k2_0.36	60	0.878410669630453	0.910308419005279	0.908919144206724	0.808613503751042	0.32	0.36	0.31763872909107	0.393906810035842	0.342250338906462
wdLC_k1_0.32_k2_0.36	70	0.893972530837197	0.911818738518065	0.922806403639227	0.822167789344764	0.32	0.36	0.31763872909107	0.393906810035842	0.342250338906462
wdLC_k1_0.32_k2_0.36	80	0.888771683075481	0.916197843413033	0.925222691045476	0.846132208157525	0.32	0.36	0.31763872909107	0.393906810035842	0.342250338906462
wdLC_k1_0.32_k2_0.36	90	0.887821541754126	0.912795818413796	0.919874881672634	0.862024118203894	0.32	0.36	0.31763872909107	0.393906810035842	0.342250338906462
wdLC_k1_0.32_k2_0.36	100	0.91019501950195	0.927440744074407	0.934065406540654	0.89014101410141	0.32	0.36	0.31763872909107	0.393906810035842	0.342250338906462
wdLC_k1_0.32_k2_0.36	110	0.921484119649257	0.935315465590695	0.941320469760837	0.91124134977346	0.32	0.36	0.31763872909107	0.393906810035842	0.342250338906462
wdLC_k1_0.32_k2_0.36	120	0.930918813806514	0.940620876449753	0.947267171331342	0.919730536842836	0.32	0.36	0.31763872909107	0.393906810035842	0.342250338906462
wdLC_k1_0.32_k2_0.36	130	0.940586379712955	0.945983148752543	0.952548853596253	0.924538092832075	0.32	0.36	0.31763872909107	0.393906810035842	0.342250338906462
wdLC_k1_0.32_k2_0.36	140	0.934980647700685	0.937696529706326	0.946460825260764	0.919971135553563	0.32	0.36	0.31763872909107	0.393906810035842	0.342250338906462
wdLC_k1_0.32_k2_0.36	150	0.926336281612516	0.928331036934975	0.937344770878706	0.924625983377039	0.32	0.36	0.31763872909107	0.393906810035842	0.342250338906462
wdLC_k1_0.32_k2_0.36	160	0.917584671276222	0.917537794445095	0.927056720965663	0.924091761396929	0.32	0.36	0.31763872909107	0.393906810035842	0.342250338906462
wdLC_k1_0.32_k2_0.36	170	0.903637618236333	0.904177429302459	0.914704966383938	0.921673658563394	0.32	0.36	0.31763872909107	0.393906810035842	0.342250338906462
wdLC_k1_0.32_k2_0.36	180	0.8973527989547	0.896542074343858	0.910923176641254	0.918369908536272	0.32	0.36	0.31763872909107	0.393906810035842	0.342250338906462
wdLC_k1_0.32_k2_0.36	190	0.90326426887463	0.896246725014981	0.914249848005704	0.915443057906547	0.32	0.36	0.31763872909107	0.393906810035842	0.342250338906462
wdLC_k1_0.32_k2_0.36	200	0.897239930998275	0.891112277806945	0.904213605340134	0.914341858546464	0.32	0.36	0.31763872909107	0.393906810035842	0.342250338906462
wdLC_k1_0.32_k2_0.36	210	0.890614947536873	0.883006093432634	0.900337228249426	0.912888209321235	0.32	0.36	0.31763872909107	0.393906810035842	0.342250338906462
wdLC_k1_0.32_k2_0.36	220	0.869357556222987	0.859155993080248	0.881582076263785	0.914455407606093	0.32	0.36	0.31763872909107	0.393906810035842	0.342250338906462
wdLC_k1_0.32_k2_0.36	230	0.857772605218969	0.849062651796656	0.874339368624541	0.916787446462783	0.32	0.36	0.31763872909107	0.393906810035842	0.342250338906462
wdLC_k1_0.32_k2_0.36	240	0.855171964791055	0.84204586885189	0.8691149151895	0.917509852601608	0.32	0.36	0.31763872909107	0.393906810035842	0.342250338906462
wdLC_k1_0.32_k2_0.36	240	0.855171964791055	0.84204586885189	0.8691149151895	0.917509852601608	0.32	0.36	0.31763872909107	0.393906810035842	0.342250338906462
wdLC_k1_0.32_k2_0.36	250	0.844887630202083	0.835625402006432	0.861487447799165	0.917509852601608	0.32	0.36	0.31763872909107	0.393906810035842	0.342250338906462
wdLC_k1_0.32_k2_0.36	260	0.832642722297895	0.825858825858826	0.852526038732935	0.917509852601608	0.32	0.36	0.31763872909107	0.393906810035842	0.342250338906462
wdLC_k1_0.32_k2_0.36	270	0.821371120774405	0.809477039008308	0.841940828330216	0.917509852601608	0.32	0.36	0.31763872909107	0.393906810035842	0.342250338906462
wdLC_k1_0.32_k2_0.36	280	0.833324040211883	0.815499833270468	0.85287512778042	0.917509852601608	0.32	0.36	0.31763872909107	0.393906810035842	0.342250338906462
wdLC_k1_0.32_k2_0.36	290	0.838452956306422	0.821203335477768	0.857183590275992	0.917509852601608	0.32	0.36	0.31763872909107	0.393906810035842	0.342250338906462
wdLC_k1_0.32_k2_0.36	300	0.825578061978466	0.805632507027856	0.843415149057212	0.917509852601608	0.32	0.36	0.31763872909107	0.393906810035842	0.342250338906462
wdLC_k1_0.32_k2_0.44	10	0.466666666666667	0.636363636363636	0.624242424242424	0.406060606060606	0.32	0.44	0.256571377998053	0.316487455197133	0.274469046543154
wdLC_k1_0.32_k2_0.44	20	0.0947368421052632	0.308270676691729	0.538345864661654	0.180451127819549	0.32	0.44	0.256571377998053	0.316487455197133	0.274469046543154
wdLC_k1_0.32_k2_0.44	30	0.594660734149055	0.699221357063404	0.739265850945495	0.544827586206897	0.32	0.44	0.256571377998053	0.316487455197133	0.274469046543154
wdLC_k1_0.32_k2_0.44	40	0.802439024390244	0.86454033771107	0.882551594746717	0.679549718574109	0.32	0.44	0.256571377998053	0.316487455197133	0.274469046543154
wdLC_k1_0.32_k2_0.44	50	0.881296518607443	0.916734693877551	0.923649459783914	0.715246098439376	0.32	0.44	0.256571377998053	0.316487455197133	0.274469046543154
wdLC_k1_0.32_k2_0.44	60	0.883300916921367	0.908696860238955	0.915420950263962	0.754320644623507	0.32	0.44	0.256571377998053	0.316487455197133	0.274469046543154
wdLC_k1_0.32_k2_0.44	70	0.899536348525938	0.912728545184148	0.929280027994051	0.794208730644738	0.32	0.44	0.256571377998053	0.316487455197133	0.274469046543154
wdLC_k1_0.32_k2_0.44	80	0.883333333333333	0.91530707923113	0.922878574777309	0.824613220815752	0.32	0.44	0.256571377998053	0.316487455197133	0.274469046543154
wdLC_k1_0.32_k2_0.44	90	0.904103387249455	0.922854673416471	0.934197637568424	0.85132320862658	0.32	0.44	0.256571377998053	0.316487455197133	0.274469046543154
wdLC_k1_0.32_k2_0.44	100	0.920588058805881	0.935817581758176	0.944878487848785	0.861518151815182	0.32	0.44	0.256571377998053	0.316487455197133	0.274469046543154
wdLC_k1_0.32_k2_0.44	110	0.931032617271149	0.941870477650294	0.948488605369339	0.886842639136217	0.32	0.44	0.256571377998053	0.316487455197133	0.274469046543154
wdLC_k1_0.32_k2_0.44	120	0.935196888672824	0.943329397874852	0.948725605944857	0.905132300854226	0.32	0.44	0.256571377998053	0.316487455197133	0.274469046543154
wdLC_k1_0.32_k2_0.44	130	0.934687077523932	0.938876674541507	0.947578145270316	0.913662620000273	0.32	0.44	0.256571377998053	0.316487455197133	0.274469046543154
wdLC_k1_0.32_k2_0.44	140	0.930703461546872	0.931600008746802	0.942752181233736	0.923080623646979	0.32	0.44	0.256571377998053	0.316487455197133	0.274469046543154
wdLC_k1_0.32_k2_0.44	150	0.932377438997289	0.932409440419574	0.941988532823681	0.922424996666519	0.32	0.44	0.256571377998053	0.316487455197133	0.274469046543154
wdLC_k1_0.32_k2_0.44	160	0.93367807336224	0.93299249970702	0.943311262158678	0.928386851048869	0.32	0.44	0.256571377998053	0.316487455197133	0.274469046543154
wdLC_k1_0.32_k2_0.44	170	0.926485549062353	0.924030752132681	0.935217786896758	0.920486562734717	0.32	0.44	0.256571377998053	0.316487455197133	0.274469046543154
wdLC_k1_0.32_k2_0.44	180	0.920207413809068	0.916991265162505	0.928466927991605	0.921020196096587	0.32	0.44	0.256571377998053	0.316487455197133	0.274469046543154
wdLC_k1_0.32_k2_0.44	190	0.91807616773172	0.913172110030749	0.926841536651402	0.919740013209289	0.32	0.44	0.256571377998053	0.316487455197133	0.274469046543154
wdLC_k1_0.32_k2_0.44	200	0.916743418585465	0.911653791344784	0.922166054151354	0.914275856896423	0.32	0.44	0.256571377998053	0.316487455197133	0.274469046543154
wdLC_k1_0.32_k2_0.44	210	0.908910146974502	0.902227779703459	0.917105992037396	0.91308387297412	0.32	0.44	0.256571377998053	0.316487455197133	0.274469046543154
wdLC_k1_0.32_k2_0.44	220	0.897266472447778	0.887529231445428	0.907794864281569	0.914699965626638	0.32	0.44	0.256571377998053	0.316487455197133	0.274469046543154
wdLC_k1_0.32_k2_0.44	230	0.891069856666971	0.88231650635296	0.905102833373196	0.915289267406222	0.32	0.44	0.256571377998053	0.316487455197133	0.274469046543154
wdLC_k1_0.32_k2_0.44	240	0.876368513342245	0.864754596433966	0.892377471831108	0.921219118387472	0.32	0.44	0.256571377998053	0.316487455197133	0.274469046543154
wdLC_k1_0.32_k2_0.44	240	0.876368513342245	0.864754596433966	0.892377471831108	0.921219118387472	0.32	0.44	0.256571377998053	0.316487455197133	0.274469046543154
wdLC_k1_0.32_k2_0.44	250	0.872781068497096	0.856392454279268	0.88863437815005	0.921219118387472	0.32	0.44	0.256571377998053	0.316487455197133	0.274469046543154
wdLC_k1_0.32_k2_0.44	260	0.868977806908841	0.854463709636123	0.887714770473391	0.921219118387472	0.32	0.44	0.256571377998053	0.316487455197133	0.274469046543154
wdLC_k1_0.32_k2_0.44	270	0.859870658186136	0.845314140873751	0.880235516109808	0.921219118387472	0.32	0.44	0.256571377998053	0.316487455197133	0.274469046543154
wdLC_k1_0.32_k2_0.44	280	0.861342254729926	0.845701384675096	0.877903143808321	0.921219118387472	0.32	0.44	0.256571377998053	0.316487455197133	0.274469046543154
wdLC_k1_0.32_k2_0.44	290	0.863332500980987	0.844843454204835	0.879157692227264	0.921219118387472	0.32	0.44	0.256571377998053	0.316487455197133	0.274469046543154
wdLC_k1_0.32_k2_0.44	300	0.849526772519695	0.825774064156268	0.867608306758964	0.921219118387472	0.32	0.44	0.256571377998053	0.316487455197133	0.274469046543154
wdLC_k1_0.32_k2_0.52	10	0.466666666666667	0.442424242424242	0.587878787878788	0.478787878787879	0.32	0.52	0.205239401716966	0.258243727598566	0.21762313601446
wdLC_k1_0.32_k2_0.52	20	-0.0481203007518797	0.180451127819549	0.380451127819549	-0.0225563909774436	0.32	0.52	0.205239401716966	0.258243727598566	0.21762313601446
wdLC_k1_0.32_k2_0.52	30	0.492324805339266	0.668520578420467	0.654282536151279	0.431813125695217	0.32	0.52	0.205239401716966	0.258243727598566	0.21762313601446
wdLC_k1_0.32_k2_0.52	40	0.722514071294559	0.811632270168856	0.791369606003753	0.56641651031895	0.32	0.52	0.205239401716966	0.258243727598566	0.21762313601446
wdLC_k1_0.32_k2_0.52	50	0.812821128451381	0.869195678271309	0.848547418967587	0.628523409363745	0.32	0.52	0.205239401716966	0.258243727598566	0.21762313601446
wdLC_k1_0.32_k2_0.52	60	0.83073075854404	0.87101972770214	0.870630730758544	0.693748263406502	0.32	0.52	0.205239401716966	0.258243727598566	0.21762313601446
wdLC_k1_0.32_k2_0.52	70	0.861464438806754	0.893797568016796	0.887953809815414	0.766844545534074	0.32	0.52	0.205239401716966	0.258243727598566	0.21762313601446
wdLC_k1_0.32_k2_0.52	80	0.86333802156587	0.904899203000469	0.900890764181903	0.806141584622597	0.32	0.52	0.205239401716966	0.258243727598566	0.21762313601446
wdLC_k1_0.32_k2_0.52	90	0.890340371239248	0.914376260443676	0.919973659299502	0.822513067456888	0.32	0.52	0.205239401716966	0.258243727598566	0.21762313601446
wdLC_k1_0.32_k2_0.52	100	0.911119111911191	0.930789078907891	0.935505550555055	0.865058505850585	0.32	0.52	0.205239401716966	0.258243727598566	0.21762313601446
wdLC_k1_0.32_k2_0.52	110	0.92636205847215	0.939886842639136	0.944521335347023	0.880801568874963	0.32	0.52	0.205239401716966	0.258243727598566	0.21762313601446
wdLC_k1_0.32_k2_0.52	120	0.932377248420029	0.94310716021946	0.946399055489964	0.900437530384054	0.32	0.52	0.205239401716966	0.258243727598566	0.21762313601446
wdLC_k1_0.32_k2_0.52	130	0.934474047167106	0.941962883557061	0.94755629600295	0.911789045323574	0.32	0.52	0.205239401716966	0.258243727598566	0.21762313601446
wdLC_k1_0.32_k2_0.52	140	0.933235660711552	0.938531849292603	0.945083203953555	0.921742362948547	0.32	0.52	0.205239401716966	0.258243727598566	0.21762313601446
wdLC_k1_0.32_k2_0.52	150	0.922794790879595	0.924839326192275	0.935431796968754	0.929387083870394	0.32	0.52	0.205239401716966	0.258243727598566	0.21762313601446
wdLC_k1_0.32_k2_0.52	160	0.923784132192664	0.925111332473925	0.935046290870737	0.931750263682175	0.32	0.52	0.205239401716966	0.258243727598566	0.21762313601446
wdLC_k1_0.32_k2_0.52	170	0.921263304449777	0.921483137010644	0.929028279016372	0.923918393268239	0.32	0.52	0.205239401716966	0.258243727598566	0.21762313601446
wdLC_k1_0.32_k2_0.52	180	0.916024157124191	0.913262755023303	0.924226056359764	0.924226056359764	0.32	0.52	0.205239401716966	0.258243727598566	0.21762313601446
wdLC_k1_0.32_k2_0.52	190	0.913264837486386	0.911112860685746	0.921870995114313	0.921655797434249	0.32	0.52	0.205239401716966	0.258243727598566	0.21762313601446
wdLC_k1_0.32_k2_0.52	200	0.911763294082352	0.90380859521488	0.918250956273907	0.915171379284482	0.32	0.52	0.205239401716966	0.258243727598566	0.21762313601446
wdLC_k1_0.32_k2_0.52	210	0.904377488313632	0.895449524284645	0.910021931174338	0.911948764630231	0.32	0.52	0.205239401716966	0.258243727598566	0.21762313601446
wdLC_k1_0.32_k2_0.52	220	0.902184680750354	0.892046229354851	0.911056389219161	0.91247753052749	0.32	0.52	0.205239401716966	0.258243727598566	0.21762313601446
wdLC_k1_0.32_k2_0.52	230	0.899582551490659	0.888289496719343	0.912667700630488	0.913498159330702	0.32	0.52	0.205239401716966	0.258243727598566	0.21762313601446
wdLC_k1_0.32_k2_0.52	240	0.88031476240907	0.871502109411622	0.901151061650376	0.91604628552579	0.32	0.52	0.205239401716966	0.258243727598566	0.21762313601446
wdLC_k1_0.32_k2_0.52	240	0.88031476240907	0.871502109411622	0.901151061650376	0.91604628552579	0.32	0.52	0.205239401716966	0.258243727598566	0.21762313601446
wdLC_k1_0.32_k2_0.52	250	0.876518216291461	0.869745115921855	0.895448951183219	0.91604628552579	0.32	0.52	0.205239401716966	0.258243727598566	0.21762313601446
wdLC_k1_0.32_k2_0.52	260	0.872313086106189	0.863073987211918	0.888712964575034	0.91604628552579	0.32	0.52	0.205239401716966	0.258243727598566	0.21762313601446
wdLC_k1_0.32_k2_0.52	270	0.867620802602078	0.854957925043934	0.885585993406403	0.91604628552579	0.32	0.52	0.205239401716966	0.258243727598566	0.21762313601446
wdLC_k1_0.32_k2_0.52	280	0.869774395810442	0.855391377076603	0.885866802236909	0.91604628552579	0.32	0.52	0.205239401716966	0.258243727598566	0.21762313601446
wdLC_k1_0.32_k2_0.52	290	0.871915488765088	0.858055469108452	0.888875303367829	0.91604628552579	0.32	0.52	0.205239401716966	0.258243727598566	0.21762313601446
wdLC_k1_0.32_k2_0.52	300	0.860639340437116	0.846077845309392	0.876735074834165	0.91604628552579	0.32	0.52	0.205239401716966	0.258243727598566	0.21762313601446
wdLC_k1_0.32_k2_0.6	10	0.0666666666666667	-0.0666666666666667	0.139393939393939	0.0666666666666667	0.32	0.6	0.156562527657315	0.198745519713262	0.165024853140533
wdLC_k1_0.32_k2_0.6	20	0.144360902255639	0.219548872180451	0.326315789473684	0.157894736842105	0.32	0.6	0.156562527657315	0.198745519713262	0.165024853140533
wdLC_k1_0.32_k2_0.6	30	0.369966629588432	0.527919911012236	0.568409343715239	0.329032258064516	0.32	0.6	0.156562527657315	0.198745519713262	0.165024853140533
wdLC_k1_0.32_k2_0.6	40	0.672607879924953	0.757598499061914	0.751031894934334	0.480675422138837	0.32	0.6	0.156562527657315	0.198745519713262	0.165024853140533
wdLC_k1_0.32_k2_0.6	50	0.787466986794718	0.84374549819928	0.835198079231693	0.607202881152461	0.32	0.6	0.156562527657315	0.198745519713262	0.165024853140533
wdLC_k1_0.32_k2_0.6	60	0.837343706585163	0.869797165879411	0.867796610169492	0.695637677132537	0.32	0.6	0.156562527657315	0.198745519713262	0.165024853140533
wdLC_k1_0.32_k2_0.6	70	0.861639401627154	0.889738430583501	0.889248534686379	0.794488671157379	0.32	0.6	0.156562527657315	0.198745519713262	0.165024853140533
wdLC_k1_0.32_k2_0.6	80	0.855321143928739	0.893999062353493	0.894350679793718	0.802508204406939	0.32	0.6	0.156562527657315	0.198745519713262	0.165024853140533
wdLC_k1_0.32_k2_0.6	90	0.88011688685846	0.904136313125077	0.909832489607771	0.832275589578961	0.32	0.6	0.156562527657315	0.198745519713262	0.165024853140533
wdLC_k1_0.32_k2_0.6	100	0.902478247824783	0.921884188418842	0.926408640864086	0.860894089408941	0.32	0.6	0.156562527657315	0.198745519713262	0.165024853140533
wdLC_k1_0.32_k2_0.6	110	0.918021774902509	0.931735906047832	0.936307283096274	0.885643441606744	0.32	0.6	0.156562527657315	0.198745519713262	0.165024853140533
wdLC_k1_0.32_k2_0.6	120	0.921022293214806	0.931259115216334	0.935689978470727	0.892089728453365	0.32	0.6	0.156562527657315	0.198745519713262	0.165024853140533
wdLC_k1_0.32_k2_0.6	130	0.917289598383154	0.9246855753868	0.930683199278974	0.909183520190089	0.32	0.6	0.156562527657315	0.198745519713262	0.165024853140533
wdLC_k1_0.32_k2_0.6	140	0.916100675690451	0.921086352802257	0.929596991100129	0.923653539174739	0.32	0.6	0.156562527657315	0.198745519713262	0.165024853140533
wdLC_k1_0.32_k2_0.6	150	0.918421263167252	0.923093470820925	0.929984443753056	0.92535490466243	0.32	0.6	0.156562527657315	0.198745519713262	0.165024853140533
wdLC_k1_0.32_k2_0.6	160	0.922820227352631	0.926215867807336	0.931738544474393	0.928879057775694	0.32	0.6	0.156562527657315	0.198745519713262	0.165024853140533
wdLC_k1_0.32_k2_0.6	170	0.92306348886487	0.922318500741935	0.930291094949347	0.920757689559785	0.32	0.6	0.156562527657315	0.198745519713262	0.165024853140533
wdLC_k1_0.32_k2_0.6	180	0.924330997870305	0.921530499912549	0.931016389394734	0.919750609586716	0.32	0.6	0.156562527657315	0.198745519713262	0.165024853140533
wdLC_k1_0.32_k2_0.6	190	0.922661802849182	0.919591299365342	0.928766068749536	0.925081464568927	0.32	0.6	0.156562527657315	0.198745519713262	0.165024853140533
wdLC_k1_0.32_k2_0.6	200	0.925124128103203	0.919005475136879	0.930722268056701	0.918166954173854	0.32	0.6	0.156562527657315	0.198745519713262	0.165024853140533
wdLC_k1_0.32_k2_0.6	210	0.919777902317189	0.912358232936931	0.930601600943332	0.915954038478359	0.32	0.6	0.156562527657315	0.198745519713262	0.165024853140533
wdLC_k1_0.32_k2_0.6	220	0.911083437110834	0.907740768498222	0.921967959518322	0.916769129339637	0.32	0.6	0.156562527657315	0.198745519713262	0.165024853140533
wdLC_k1_0.32_k2_0.6	230	0.908702802798113	0.90561176055765	0.920760234639103	0.915394800756487	0.32	0.6	0.156562527657315	0.198745519713262	0.165024853140533
wdLC_k1_0.32_k2_0.6	240	0.901219639229848	0.899672737373913	0.917494227330335	0.917149603291724	0.32	0.6	0.156562527657315	0.198745519713262	0.165024853140533
wdLC_k1_0.32_k2_0.6	240	0.901219639229848	0.899672737373913	0.917494227330335	0.917149603291724	0.32	0.6	0.156562527657315	0.198745519713262	0.165024853140533
wdLC_k1_0.32_k2_0.6	250	0.890122785964575	0.888423942783085	0.905787932606922	0.917149603291724	0.32	0.6	0.156562527657315	0.198745519713262	0.165024853140533
wdLC_k1_0.32_k2_0.6	260	0.878898982347258	0.874213888006991	0.895113833044867	0.917149603291724	0.32	0.6	0.156562527657315	0.198745519713262	0.165024853140533
wdLC_k1_0.32_k2_0.6	270	0.868334727956945	0.865518045515027	0.888102717458401	0.917149603291724	0.32	0.6	0.156562527657315	0.198745519713262	0.165024853140533
wdLC_k1_0.32_k2_0.6	280	0.867706402960679	0.861776844821271	0.883638639705681	0.917149603291724	0.32	0.6	0.156562527657315	0.198745519713262	0.165024853140533
wdLC_k1_0.32_k2_0.6	290	0.864326895518459	0.857638718899032	0.880292315583727	0.917149603291724	0.32	0.6	0.156562527657315	0.198745519713262	0.165024853140533
wdLC_k1_0.32_k2_0.6	300	0.857043300481116	0.850839231547017	0.87404437827087	0.917149603291724	0.32	0.6	0.156562527657315	0.198745519713262	0.165024853140533
wdLC_k1_0.32_k2_0.68	10	0.163636363636364	0.248484848484848	0.333333333333333	0.224242424242424	0.32	0.68	0.114965926188158	0.146415770609319	0.123452327157704
wdLC_k1_0.32_k2_0.68	20	-0.0466165413533835	0.0150375939849624	0.189473684210526	-0.0120300751879699	0.32	0.68	0.114965926188158	0.146415770609319	0.123452327157704
wdLC_k1_0.32_k2_0.68	30	0.427808676307008	0.561290322580645	0.640489432703003	0.37174638487208	0.32	0.68	0.114965926188158	0.146415770609319	0.123452327157704
wdLC_k1_0.32_k2_0.68	40	0.695497185741088	0.749718574108818	0.787617260787993	0.541275797373359	0.32	0.68	0.114965926188158	0.146415770609319	0.123452327157704
wdLC_k1_0.32_k2_0.68	50	0.798415366146459	0.83875150060024	0.851428571428571	0.639855942376951	0.32	0.68	0.114965926188158	0.146415770609319	0.123452327157704
wdLC_k1_0.32_k2_0.68	60	0.848569046957488	0.869130313976105	0.887524312308975	0.737927202000556	0.32	0.68	0.114965926188158	0.146415770609319	0.123452327157704
wdLC_k1_0.32_k2_0.68	70	0.86569853906045	0.887778846995014	0.899851281602659	0.803761700638614	0.32	0.68	0.114965926188158	0.146415770609319	0.123452327157704
wdLC_k1_0.32_k2_0.68	80	0.856586966713549	0.892498827941866	0.901476793248945	0.819268635724332	0.32	0.68	0.114965926188158	0.146415770609319	0.123452327157704
wdLC_k1_0.32_k2_0.68	90	0.881121126064946	0.902835741037988	0.914738445075524	0.830118944725686	0.32	0.68	0.114965926188158	0.146415770609319	0.123452327157704
wdLC_k1_0.32_k2_0.68	100	0.902298229822982	0.91989198919892	0.92967296729673	0.87039903990399	0.32	0.68	0.114965926188158	0.146415770609319	0.123452327157704
wdLC_k1_0.32_k2_0.68	110	0.918481617564186	0.9326916574623	0.939481099114127	0.900169059802087	0.32	0.68	0.114965926188158	0.146415770609319	0.123452327157704
wdLC_k1_0.32_k2_0.68	120	0.922147371345232	0.933099520800055	0.939627751927217	0.895006597680394	0.32	0.68	0.114965926188158	0.146415770609319	0.123452327157704
wdLC_k1_0.32_k2_0.68	130	0.92303595570061	0.929896625653771	0.936500566715372	0.909079736170096	0.32	0.68	0.114965926188158	0.146415770609319	0.123452327157704
wdLC_k1_0.32_k2_0.68	140	0.930191773632766	0.934079727099779	0.942516017581072	0.921934792591459	0.32	0.68	0.114965926188158	0.146415770609319	0.123452327157704
wdLC_k1_0.32_k2_0.68	150	0.92488555046891	0.926183385928264	0.936800746699853	0.925461576070048	0.32	0.68	0.114965926188158	0.146415770609319	0.123452327157704
wdLC_k1_0.32_k2_0.68	160	0.914792570022266	0.913321809445681	0.92560353920075	0.924759756240478	0.32	0.68	0.114965926188158	0.146415770609319	0.123452327157704
wdLC_k1_0.32_k2_0.68	170	0.909104121249871	0.907455377043374	0.918031765805045	0.922303845237877	0.32	0.68	0.114965926188158	0.146415770609319	0.123452327157704
wdLC_k1_0.32_k2_0.68	180	0.901513421196127	0.899953702274762	0.910256489397821	0.912556971923002	0.32	0.68	0.114965926188158	0.146415770609319	0.123452327157704
wdLC_k1_0.32_k2_0.68	190	0.902576686043206	0.898764362914267	0.909380781797426	0.91695119124163	0.32	0.68	0.114965926188158	0.146415770609319	0.123452327157704
wdLC_k1_0.32_k2_0.68	200	0.90387159678992	0.898789469736744	0.911241281032026	0.910141753543839	0.32	0.68	0.114965926188158	0.146415770609319	0.123452327157704
wdLC_k1_0.32_k2_0.68	210	0.900167480312155	0.894123935430995	0.909291107994027	0.906063305614316	0.32	0.68	0.114965926188158	0.146415770609319	0.123452327157704
wdLC_k1_0.32_k2_0.68	220	0.89873043958459	0.894225838625516	0.909836980102895	0.898221037624744	0.32	0.68	0.114965926188158	0.146415770609319	0.123452327157704
wdLC_k1_0.32_k2_0.68	230	0.888071525967862	0.885747819676052	0.902929043616342	0.905833676481104	0.32	0.68	0.114965926188158	0.146415770609319	0.123452327157704
wdLC_k1_0.32_k2_0.68	240	0.877199256931544	0.873918818035035	0.892165662598309	0.905740551051233	0.32	0.68	0.114965926188158	0.146415770609319	0.123452327157704
wdLC_k1_0.32_k2_0.68	240	0.877199256931544	0.873918818035035	0.892165662598309	0.905740551051233	0.32	0.68	0.114965926188158	0.146415770609319	0.123452327157704
wdLC_k1_0.32_k2_0.68	250	0.875621177938847	0.872960783372534	0.891694139106226	0.905740551051233	0.32	0.68	0.114965926188158	0.146415770609319	0.123452327157704
wdLC_k1_0.32_k2_0.68	260	0.865848038261831	0.864496857600306	0.880654356516426	0.905740551051233	0.32	0.68	0.114965926188158	0.146415770609319	0.123452327157704
wdLC_k1_0.32_k2_0.68	270	0.865032746981745	0.857947144527207	0.87780841377187	0.905740551051233	0.32	0.68	0.114965926188158	0.146415770609319	0.123452327157704
wdLC_k1_0.32_k2_0.68	280	0.849489698301545	0.843018405847013	0.86236559139785	0.905740551051233	0.32	0.68	0.114965926188158	0.146415770609319	0.123452327157704
wdLC_k1_0.32_k2_0.68	290	0.851614784053769	0.84436569215838	0.863131260324962	0.905740551051233	0.32	0.68	0.114965926188158	0.146415770609319	0.123452327157704
wdLC_k1_0.32_k2_0.68	300	0.841424460271781	0.83693641040456	0.855121945799398	0.905740551051233	0.32	0.68	0.114965926188158	0.146415770609319	0.123452327157704
wdLC_k1_0.36_k2_0.04	10	0.527272727272727	0.83030303030303	0.612121212121212	0.563636363636364	0.36	0.04	0.541286839543322	0.648745519713262	0.581834613646634
wdLC_k1_0.36_k2_0.04	20	0.717293233082707	0.833082706766917	0.658646616541354	0.678195488721805	0.36	0.04	0.541286839543322	0.648745519713262	0.581834613646634
wdLC_k1_0.36_k2_0.04	30	0.854505005561735	0.907007786429366	0.817575083426029	0.776195773081201	0.36	0.04	0.541286839543322	0.648745519713262	0.581834613646634
wdLC_k1_0.36_k2_0.04	40	0.904878048780488	0.933395872420263	0.886491557223265	0.821013133208255	0.36	0.04	0.541286839543322	0.648745519713262	0.581834613646634
wdLC_k1_0.36_k2_0.04	50	0.927394957983193	0.94516206482593	0.927875150060024	0.812436974789916	0.36	0.04	0.541286839543322	0.648745519713262	0.581834613646634
wdLC_k1_0.36_k2_0.04	60	0.887746596276744	0.887968880244513	0.907140872464574	0.847068630175049	0.36	0.04	0.541286839543322	0.648745519713262	0.581834613646634
wdLC_k1_0.36_k2_0.04	70	0.881095267255708	0.889143556994139	0.902090805703788	0.866853293675094	0.36	0.04	0.541286839543322	0.648745519713262	0.581834613646634
wdLC_k1_0.36_k2_0.04	80	0.872902015939991	0.885630567276137	0.904430379746836	0.886802625410221	0.36	0.04	0.541286839543322	0.648745519713262	0.581834613646634
wdLC_k1_0.36_k2_0.04	90	0.884874675885912	0.901008354940939	0.912795818413796	0.887047783676997	0.36	0.04	0.541286839543322	0.648745519713262	0.581834613646634
wdLC_k1_0.36_k2_0.04	100	0.896801680168017	0.914155415541554	0.92013201320132	0.896921692169217	0.36	0.04	0.541286839543322	0.648745519713262	0.581834613646634
wdLC_k1_0.36_k2_0.04	110	0.909429028695084	0.921402970944255	0.927615355138291	0.90913148344341	0.36	0.04	0.541286839543322	0.648745519713262	0.581834613646634
wdLC_k1_0.36_k2_0.04	120	0.911306340718105	0.920188902007084	0.927140773664838	0.923633585665671	0.36	0.04	0.541286839543322	0.648745519713262	0.581834613646634
wdLC_k1_0.36_k2_0.04	130	0.905742260579825	0.908959565199579	0.919916972784006	0.922669980472217	0.36	0.04	0.541286839543322	0.648745519713262	0.581834613646634
wdLC_k1_0.36_k2_0.04	140	0.907559423585752	0.910327786403096	0.919542542257987	0.927279088583237	0.36	0.04	0.541286839543322	0.648745519713262	0.581834613646634
wdLC_k1_0.36_k2_0.04	150	0.912821014267301	0.913482376994533	0.924707764789546	0.925710476021157	0.36	0.04	0.541286839543322	0.648745519713262	0.581834613646634
wdLC_k1_0.36_k2_0.04	160	0.909483768897222	0.905651587952654	0.919360131255127	0.907553029415211	0.36	0.04	0.541286839543322	0.648745519713262	0.581834613646634
wdLC_k1_0.36_k2_0.04	170	0.903175969858514	0.89612422982273	0.914492461575101	0.906707946336429	0.36	0.04	0.541286839543322	0.648745519713262	0.581834613646634
wdLC_k1_0.36_k2_0.04	180	0.894622262003971	0.887282529296172	0.905276911838843	0.902110147432534	0.36	0.04	0.541286839543322	0.648745519713262	0.581834613646634
wdLC_k1_0.36_k2_0.04	190	0.886631062822851	0.879856709837421	0.895832075826565	0.89464936337353	0.36	0.04	0.541286839543322	0.648745519713262	0.581834613646634
wdLC_k1_0.36_k2_0.04	200	0.88758418960474	0.874197854946374	0.8950393759844	0.891437785944649	0.36	0.04	0.541286839543322	0.648745519713262	0.581834613646634
wdLC_k1_0.36_k2_0.04	210	0.875646030198288	0.862373296446632	0.882665301772311	0.890206775015954	0.36	0.04	0.541286839543322	0.648745519713262	0.581834613646634
wdLC_k1_0.36_k2_0.04	220	0.869075807351392	0.858209316871686	0.873973729735213	0.897464823653381	0.36	0.04	0.541286839543322	0.648745519713262	0.581834613646634
wdLC_k1_0.36_k2_0.04	230	0.857613812047076	0.845508051849423	0.863716006795559	0.893913339366159	0.36	0.04	0.541286839543322	0.648745519713262	0.581834613646634
wdLC_k1_0.36_k2_0.04	240	0.844486015382211	0.832346915745065	0.850336811402976	0.903125054254414	0.36	0.04	0.541286839543322	0.648745519713262	0.581834613646634
wdLC_k1_0.36_k2_0.04	240	0.844486015382211	0.832346915745065	0.850336811402976	0.903125054254414	0.36	0.04	0.541286839543322	0.648745519713262	0.581834613646634
wdLC_k1_0.36_k2_0.04	250	0.833332885326165	0.819631546104738	0.840473095569529	0.903125054254414	0.36	0.04	0.541286839543322	0.648745519713262	0.581834613646634
wdLC_k1_0.36_k2_0.04	260	0.818337549372032	0.798513632996392	0.827132171959758	0.903125054254414	0.36	0.04	0.541286839543322	0.648745519713262	0.581834613646634
wdLC_k1_0.36_k2_0.04	270	0.812287015063459	0.79403832700037	0.827150197152529	0.903125054254414	0.36	0.04	0.541286839543322	0.648745519713262	0.581834613646634
wdLC_k1_0.36_k2_0.04	280	0.816773537563343	0.798305918625055	0.830280816264056	0.903125054254414	0.36	0.04	0.541286839543322	0.648745519713262	0.581834613646634
wdLC_k1_0.36_k2_0.04	290	0.80878595054843	0.786714918501225	0.824114682572387	0.903125054254414	0.36	0.04	0.541286839543322	0.648745519713262	0.581834613646634
wdLC_k1_0.36_k2_0.04	300	0.797405304503383	0.773862376248625	0.818775319725775	0.903125054254414	0.36	0.04	0.541286839543322	0.648745519713262	0.581834613646634
wdLC_k1_0.36_k2_0.12	10	0.0787878787878788	0.648484848484848	0.490909090909091	0.260606060606061	0.36	0.12	0.438888397203292	0.534408602150538	0.470402169001356
wdLC_k1_0.36_k2_0.12	20	0.618045112781955	0.784962406015038	0.676691729323308	0.730827067669173	0.36	0.12	0.438888397203292	0.534408602150538	0.470402169001356
wdLC_k1_0.36_k2_0.12	30	0.785094549499444	0.890100111234705	0.802892102335929	0.797107897664071	0.36	0.12	0.438888397203292	0.534408602150538	0.470402169001356
wdLC_k1_0.36_k2_0.12	40	0.865290806754222	0.9187617260788	0.884052532833021	0.79718574108818	0.36	0.12	0.438888397203292	0.534408602150538	0.470402169001356
wdLC_k1_0.36_k2_0.12	50	0.914429771908764	0.942472989195678	0.922400960384154	0.789291716686675	0.36	0.12	0.438888397203292	0.534408602150538	0.470402169001356
wdLC_k1_0.36_k2_0.12	60	0.895526535148653	0.917143651014171	0.9244234509586	0.830841900527924	0.36	0.12	0.438888397203292	0.534408602150538	0.470402169001356
wdLC_k1_0.36_k2_0.12	70	0.895092292887761	0.914128247747354	0.920636864666258	0.84743242061062	0.36	0.12	0.438888397203292	0.534408602150538	0.470402169001356
wdLC_k1_0.36_k2_0.12	80	0.881786216596343	0.908087201125176	0.918729488982654	0.879957805907173	0.36	0.12	0.438888397203292	0.534408602150538	0.470402169001356
wdLC_k1_0.36_k2_0.12	90	0.886537432604848	0.910408692431164	0.919216364160184	0.886537432604848	0.36	0.12	0.438888397203292	0.534408602150538	0.470402169001356
wdLC_k1_0.36_k2_0.12	100	0.903906390639064	0.924188418841884	0.928304830483048	0.901002100210021	0.36	0.12	0.438888397203292	0.534408602150538	0.470402169001356
wdLC_k1_0.36_k2_0.12	110	0.912449563825711	0.929112097919437	0.933692491490656	0.917769312264725	0.36	0.12	0.438888397203292	0.534408602150538	0.470402169001356
wdLC_k1_0.36_k2_0.12	120	0.917556774776026	0.929946524064171	0.935189943746093	0.928890895201055	0.36	0.12	0.438888397203292	0.534408602150538	0.470402169001356
wdLC_k1_0.36_k2_0.12	130	0.926471752994032	0.934659765939723	0.941274631635008	0.932398366767264	0.36	0.12	0.438888397203292	0.534408602150538	0.470402169001356
wdLC_k1_0.36_k2_0.12	140	0.909474973212919	0.914950471233955	0.923224945879163	0.924322669523955	0.36	0.12	0.438888397203292	0.534408602150538	0.470402169001356
wdLC_k1_0.36_k2_0.12	150	0.90753366816303	0.908657273656607	0.920942264100627	0.927235877150096	0.36	0.12	0.438888397203292	0.534408602150538	0.470402169001356
wdLC_k1_0.36_k2_0.12	160	0.90083206375249	0.899797843665768	0.914347240126567	0.925398453064573	0.36	0.12	0.438888397203292	0.534408602150538	0.470402169001356
wdLC_k1_0.36_k2_0.12	170	0.900552634632178	0.89690097153779	0.912147580925862	0.921177814009441	0.36	0.12	0.438888397203292	0.534408602150538	0.470402169001356
wdLC_k1_0.36_k2_0.12	180	0.902521682767987	0.896346595059518	0.913591983291665	0.914548802946593	0.36	0.12	0.438888397203292	0.534408602150538	0.470402169001356
wdLC_k1_0.36_k2_0.12	190	0.900261998801542	0.891342667314009	0.911172346223325	0.901950338323995	0.36	0.12	0.438888397203292	0.534408602150538	0.470402169001356
wdLC_k1_0.36_k2_0.12	200	0.889661741543539	0.878058951473787	0.900762019050477	0.901918547963699	0.36	0.12	0.438888397203292	0.534408602150538	0.470402169001356
wdLC_k1_0.36_k2_0.12	210	0.877625990871189	0.86723767626736	0.886959535849533	0.903147787607753	0.36	0.12	0.438888397203292	0.534408602150538	0.470402169001356
wdLC_k1_0.36_k2_0.12	220	0.871059319407426	0.862686869939086	0.882483672652891	0.901241385528251	0.36	0.12	0.438888397203292	0.534408602150538	0.470402169001356
wdLC_k1_0.36_k2_0.12	230	0.869444396499646	0.855924292149848	0.882807680263537	0.906005291461908	0.36	0.12	0.438888397203292	0.534408602150538	0.470402169001356
wdLC_k1_0.36_k2_0.12	240	0.856940224656678	0.843357523568117	0.869909199812497	0.906797861073977	0.36	0.12	0.438888397203292	0.534408602150538	0.470402169001356
wdLC_k1_0.36_k2_0.12	240	0.856940224656678	0.843357523568117	0.869909199812497	0.906797861073977	0.36	0.12	0.438888397203292	0.534408602150538	0.470402169001356
wdLC_k1_0.36_k2_0.12	250	0.85171986751788	0.836563913022608	0.866511016176259	0.906797861073977	0.36	0.12	0.438888397203292	0.534408602150538	0.470402169001356
wdLC_k1_0.36_k2_0.12	260	0.840716351061179	0.821349200659545	0.858296720365686	0.906797861073977	0.36	0.12	0.438888397203292	0.534408602150538	0.470402169001356
wdLC_k1_0.36_k2_0.12	270	0.830112591088736	0.809378881892908	0.853756872141212	0.906797861073977	0.36	0.12	0.438888397203292	0.534408602150538	0.470402169001356
wdLC_k1_0.36_k2_0.12	280	0.819679004652027	0.795827388468876	0.842286982523465	0.906797861073977	0.36	0.12	0.438888397203292	0.534408602150538	0.470402169001356
wdLC_k1_0.36_k2_0.12	290	0.814064458513796	0.789462419291549	0.839336643881534	0.906797861073977	0.36	0.12	0.438888397203292	0.534408602150538	0.470402169001356
wdLC_k1_0.36_k2_0.12	300	0.812951255013945	0.789325659173991	0.837851531683685	0.906797861073977	0.36	0.12	0.438888397203292	0.534408602150538	0.470402169001356
wdLC_k1_0.36_k2_0.2	10	0.478787878787879	0.684848484848485	0.539393939393939	0.345454545454545	0.36	0.2	0.361978936189043	0.446774193548387	0.389516493447808
wdLC_k1_0.36_k2_0.2	20	0.554887218045113	0.705263157894737	0.699248120300752	0.581954887218045	0.36	0.2	0.361978936189043	0.446774193548387	0.389516493447808
wdLC_k1_0.36_k2_0.2	30	0.78642936596218	0.864293659621802	0.82202447163515	0.719688542825362	0.36	0.2	0.361978936189043	0.446774193548387	0.389516493447808
wdLC_k1_0.36_k2_0.2	40	0.862288930581614	0.922889305816135	0.870731707317073	0.789305816135085	0.36	0.2	0.361978936189043	0.446774193548387	0.389516493447808
wdLC_k1_0.36_k2_0.2	50	0.90280912364946	0.935078031212485	0.901656662665066	0.748571428571429	0.36	0.2	0.361978936189043	0.446774193548387	0.389516493447808
wdLC_k1_0.36_k2_0.2	60	0.873575993331481	0.901472631286469	0.894859683245346	0.788441233676021	0.36	0.2	0.361978936189043	0.446774193548387	0.389516493447808
wdLC_k1_0.36_k2_0.2	70	0.891907969556469	0.910943924416062	0.91045402851894	0.816324031143382	0.36	0.2	0.361978936189043	0.446774193548387	0.389516493447808
wdLC_k1_0.36_k2_0.2	80	0.895663384903891	0.914627285513362	0.916502578527895	0.846038443506798	0.36	0.2	0.361978936189043	0.446774193548387	0.389516493447808
wdLC_k1_0.36_k2_0.2	90	0.880890644935589	0.911462320451085	0.911231839321727	0.873202452977734	0.36	0.2	0.361978936189043	0.446774193548387	0.389516493447808
wdLC_k1_0.36_k2_0.2	100	0.896681668166817	0.914587458745875	0.91978397839784	0.895421542154215	0.36	0.2	0.361978936189043	0.446774193548387	0.389516493447808
wdLC_k1_0.36_k2_0.2	110	0.911899555936253	0.926975182021053	0.931771972138944	0.913720893537407	0.36	0.2	0.361978936189043	0.446774193548387	0.389516493447808
wdLC_k1_0.36_k2_0.2	120	0.920181957080353	0.930404889228418	0.936301132023057	0.920723661365372	0.36	0.2	0.361978936189043	0.446774193548387	0.389516493447808
wdLC_k1_0.36_k2_0.2	130	0.930229826981114	0.93681738109219	0.942935175954881	0.928798699968592	0.36	0.2	0.361978936189043	0.446774193548387	0.389516493447808
wdLC_k1_0.36_k2_0.2	140	0.935177450744572	0.937753383919005	0.945144431567208	0.931617502350703	0.36	0.2	0.361978936189043	0.446774193548387	0.389516493447808
wdLC_k1_0.36_k2_0.2	150	0.915541135161563	0.916874527756789	0.925941597404329	0.924910440464021	0.36	0.2	0.361978936189043	0.446774193548387	0.389516493447808
wdLC_k1_0.36_k2_0.2	160	0.905607640923473	0.906029532403609	0.915454705261924	0.913257353802883	0.36	0.2	0.361978936189043	0.446774193548387	0.389516493447808
wdLC_k1_0.36_k2_0.2	170	0.900261967135032	0.899402177563645	0.910198398886182	0.915398660242671	0.36	0.2	0.361978936189043	0.446774193548387	0.389516493447808
wdLC_k1_0.36_k2_0.2	180	0.897381606428182	0.89173534162577	0.908165889893721	0.911577517824624	0.36	0.2	0.361978936189043	0.446774193548387	0.389516493447808
wdLC_k1_0.36_k2_0.2	190	0.893289943882394	0.887453362901145	0.902931849694043	0.907893643357959	0.36	0.2	0.361978936189043	0.446774193548387	0.389516493447808
wdLC_k1_0.36_k2_0.2	200	0.889235730893273	0.879812495312383	0.898012450311258	0.906621165529138	0.36	0.2	0.361978936189043	0.446774193548387	0.389516493447808
wdLC_k1_0.36_k2_0.2	210	0.880365282011578	0.871494332556942	0.8896197840573	0.903063561532008	0.36	0.2	0.361978936189043	0.446774193548387	0.389516493447808
wdLC_k1_0.36_k2_0.2	220	0.866655021046641	0.858449366910286	0.876805869392493	0.908672793765461	0.36	0.2	0.361978936189043	0.446774193548387	0.389516493447808
wdLC_k1_0.36_k2_0.2	230	0.848234165682429	0.839759936285473	0.858944321294806	0.910577745778049	0.36	0.2	0.361978936189043	0.446774193548387	0.389516493447808
wdLC_k1_0.36_k2_0.2	240	0.842483376447508	0.834396430493585	0.852177989201201	0.913015850969635	0.36	0.2	0.361978936189043	0.446774193548387	0.389516493447808
wdLC_k1_0.36_k2_0.2	240	0.842483376447508	0.834396430493585	0.852177989201201	0.913015850969635	0.36	0.2	0.361978936189043	0.446774193548387	0.389516493447808
wdLC_k1_0.36_k2_0.2	250	0.829836125378006	0.818534824557193	0.838233571737148	0.913015850969635	0.36	0.2	0.361978936189043	0.446774193548387	0.389516493447808
wdLC_k1_0.36_k2_0.2	260	0.824440734785562	0.810653093411714	0.837250664836872	0.913015850969635	0.36	0.2	0.361978936189043	0.446774193548387	0.389516493447808
wdLC_k1_0.36_k2_0.2	270	0.824630424742909	0.807412691227284	0.840433110650809	0.913015850969635	0.36	0.2	0.361978936189043	0.446774193548387	0.389516493447808
wdLC_k1_0.36_k2_0.2	280	0.821730051221499	0.796407388578207	0.839863664441784	0.913015850969635	0.36	0.2	0.361978936189043	0.446774193548387	0.389516493447808
wdLC_k1_0.36_k2_0.2	290	0.827354706337482	0.802860421891933	0.843708338817428	0.913015850969635	0.36	0.2	0.361978936189043	0.446774193548387	0.389516493447808
wdLC_k1_0.36_k2_0.2	300	0.82647362748475	0.801871576350848	0.840792897698863	0.913015850969635	0.36	0.2	0.361978936189043	0.446774193548387	0.389516493447808
wdLC_k1_0.36_k2_0.28	10	0.36969696969697	0.503030303030303	0.418181818181818	0.309090909090909	0.36	0.28	0.292503761394814	0.361648745519713	0.315860822413014
wdLC_k1_0.36_k2_0.28	20	0.374436090225564	0.521804511278195	0.676691729323308	0.466165413533835	0.36	0.28	0.292503761394814	0.361648745519713	0.315860822413014
wdLC_k1_0.36_k2_0.28	30	0.696106785317019	0.773526140155729	0.818909899888765	0.655617352614016	0.36	0.28	0.292503761394814	0.361648745519713	0.315860822413014
wdLC_k1_0.36_k2_0.28	40	0.848405253283302	0.887804878048781	0.895309568480301	0.710694183864916	0.36	0.28	0.292503761394814	0.361648745519713	0.315860822413014
wdLC_k1_0.36_k2_0.28	50	0.898775510204082	0.927010804321729	0.928835534213685	0.74578631452581	0.36	0.28	0.292503761394814	0.361648745519713	0.315860822413014
wdLC_k1_0.36_k2_0.28	60	0.89647124201167	0.920700194498472	0.933425951653237	0.783328702417338	0.36	0.28	0.292503761394814	0.361648745519713	0.315860822413014
wdLC_k1_0.36_k2_0.28	70	0.911748753389905	0.928370221327968	0.937958183885924	0.811075146531362	0.36	0.28	0.292503761394814	0.361648745519713	0.315860822413014
wdLC_k1_0.36_k2_0.28	80	0.891936240037506	0.921401781528364	0.929535864978903	0.837998124706986	0.36	0.28	0.292503761394814	0.361648745519713	0.315860822413014
wdLC_k1_0.36_k2_0.28	90	0.909552619664979	0.925933242787175	0.936881096431658	0.844787422315512	0.36	0.28	0.292503761394814	0.361648745519713	0.315860822413014
wdLC_k1_0.36_k2_0.28	100	0.922532253225322	0.936261626162616	0.945694569456946	0.881176117611761	0.36	0.28	0.292503761394814	0.361648745519713	0.315860822413014
wdLC_k1_0.36_k2_0.28	110	0.931979352162838	0.941275387146947	0.948741068007123	0.89387552690305	0.36	0.28	0.292503761394814	0.361648745519713	0.315860822413014
wdLC_k1_0.36_k2_0.28	120	0.936363636363636	0.944086394888534	0.950017362316827	0.909771511910549	0.36	0.28	0.292503761394814	0.361648745519713	0.315860822413014
wdLC_k1_0.36_k2_0.28	130	0.933463518551394	0.938931297709924	0.946387360198828	0.915896707588524	0.36	0.28	0.292503761394814	0.361648745519713	0.315860822413014
wdLC_k1_0.36_k2_0.28	140	0.936148345761081	0.938741772539415	0.94672322931928	0.921624281122215	0.36	0.28	0.292503761394814	0.361648745519713	0.315860822413014
wdLC_k1_0.36_k2_0.28	150	0.927740788479488	0.925056224721099	0.9380168007467	0.923850837815014	0.36	0.28	0.292503761394814	0.361648745519713	0.315860822413014
wdLC_k1_0.36_k2_0.28	160	0.923643501699285	0.922404195476386	0.934779678893707	0.91945974452127	0.36	0.28	0.292503761394814	0.361648745519713	0.315860822413014
wdLC_k1_0.36_k2_0.28	170	0.926233962909362	0.922357582086089	0.937467406769622	0.920772345063843	0.36	0.28	0.292503761394814	0.361648745519713	0.315860822413014
wdLC_k1_0.36_k2_0.28	180	0.915857485313333	0.910579544636151	0.926005946685597	0.912098110023972	0.36	0.28	0.292503761394814	0.361648745519713	0.315860822413014
wdLC_k1_0.36_k2_0.28	190	0.909086853258801	0.903776894242588	0.918824985675358	0.908586474913287	0.36	0.28	0.292503761394814	0.361648745519713	0.315860822413014
wdLC_k1_0.36_k2_0.28	200	0.897044926123153	0.890654766369159	0.90504012600315	0.908281707042676	0.36	0.28	0.292503761394814	0.361648745519713	0.315860822413014
wdLC_k1_0.36_k2_0.28	210	0.893456605753937	0.883721367183577	0.903016913243903	0.91008153732025	0.36	0.28	0.292503761394814	0.361648745519713	0.315860822413014
wdLC_k1_0.36_k2_0.28	220	0.88447507367733	0.875142424054592	0.898401356902566	0.910394842868654	0.36	0.28	0.292503761394814	0.361648745519713	0.315860822413014
wdLC_k1_0.36_k2_0.28	230	0.878832919501232	0.870424771734816	0.890156549355334	0.914199413648816	0.36	0.28	0.292503761394814	0.361648745519713	0.315860822413014
wdLC_k1_0.36_k2_0.28	240	0.864535842636157	0.852796923557701	0.876413653014809	0.915759822219136	0.36	0.28	0.292503761394814	0.361648745519713	0.315860822413014
wdLC_k1_0.36_k2_0.28	240	0.864535842636157	0.852796923557701	0.876413653014809	0.915759822219136	0.36	0.28	0.292503761394814	0.361648745519713	0.315860822413014
wdLC_k1_0.36_k2_0.28	250	0.857764124225988	0.84213353813661	0.869355733691739	0.915759822219136	0.36	0.28	0.292503761394814	0.361648745519713	0.315860822413014
wdLC_k1_0.36_k2_0.28	260	0.847938578973061	0.832472715231336	0.861673647880544	0.915759822219136	0.36	0.28	0.292503761394814	0.361648745519713	0.315860822413014
wdLC_k1_0.36_k2_0.28	270	0.844861154931252	0.829295021574751	0.859439010746985	0.915759822219136	0.36	0.28	0.292503761394814	0.361648745519713	0.315860822413014
wdLC_k1_0.36_k2_0.28	280	0.848699236324078	0.824237554050434	0.865368362934658	0.915759822219136	0.36	0.28	0.292503761394814	0.361648745519713	0.315860822413014
wdLC_k1_0.36_k2_0.28	290	0.837622900104188	0.812856522546703	0.857953126672136	0.915759822219136	0.36	0.28	0.292503761394814	0.361648745519713	0.315860822413014
wdLC_k1_0.36_k2_0.28	300	0.833188813209036	0.809841442682697	0.853842820475783	0.915759822219136	0.36	0.28	0.292503761394814	0.361648745519713	0.315860822413014
wdLC_k1_0.36_k2_0.36	10	0.490909090909091	0.43030303030303	0.624242424242424	0.527272727272727	0.36	0.36	0.236835118152049	0.294623655913979	0.252327157704474
wdLC_k1_0.36_k2_0.36	20	0.2	0.341353383458647	0.430075187969925	0.0857142857142857	0.36	0.36	0.236835118152049	0.294623655913979	0.252327157704474
wdLC_k1_0.36_k2_0.36	30	0.509232480533927	0.668520578420467	0.70055617352614	0.414460511679644	0.36	0.36	0.236835118152049	0.294623655913979	0.252327157704474
wdLC_k1_0.36_k2_0.36	40	0.751782363977486	0.841275797373359	0.828517823639775	0.578799249530957	0.36	0.36	0.236835118152049	0.294623655913979	0.252327157704474
wdLC_k1_0.36_k2_0.36	50	0.835486194477791	0.899255702280913	0.891668667466987	0.697671068427371	0.36	0.36	0.236835118152049	0.294623655913979	0.252327157704474
wdLC_k1_0.36_k2_0.36	60	0.872853570436232	0.918755209780495	0.913253681578216	0.723256460127813	0.36	0.36	0.236835118152049	0.294623655913979	0.252327157704474
wdLC_k1_0.36_k2_0.36	70	0.898381593911294	0.931309596710699	0.927250459277404	0.774437931939463	0.36	0.36	0.236835118152049	0.294623655913979	0.252327157704474
wdLC_k1_0.36_k2_0.36	80	0.894069385841538	0.933122362869198	0.933333333333333	0.808860759493671	0.36	0.36	0.236835118152049	0.294623655913979	0.252327157704474
wdLC_k1_0.36_k2_0.36	90	0.912022060336667	0.939218833600856	0.942791291105898	0.828472650944561	0.36	0.36	0.236835118152049	0.294623655913979	0.252327157704474
wdLC_k1_0.36_k2_0.36	100	0.930729072907291	0.950435043504351	0.952943294329433	0.866990699069907	0.36	0.36	0.236835118152049	0.294623655913979	0.252327157704474
wdLC_k1_0.36_k2_0.36	110	0.935270382976805	0.950796835200505	0.950201744697157	0.880936816716633	0.36	0.36	0.236835118152049	0.294623655913979	0.252327157704474
wdLC_k1_0.36_k2_0.36	120	0.935537190082644	0.945968470032641	0.948913118966595	0.898354052364747	0.36	0.36	0.236835118152049	0.294623655913979	0.252327157704474
wdLC_k1_0.36_k2_0.36	130	0.944825137582105	0.95176227997105	0.955973726255991	0.91701648254107	0.36	0.36	0.236835118152049	0.294623655913979	0.252327157704474
wdLC_k1_0.36_k2_0.36	140	0.930764689160526	0.936590059259583	0.942690953620083	0.927191620563731	0.36	0.36	0.236835118152049	0.294623655913979	0.252327157704474
wdLC_k1_0.36_k2_0.36	150	0.937099426641184	0.939286190497356	0.946564736210498	0.929717765234011	0.36	0.36	0.236835118152049	0.294623655913979	0.252327157704474
wdLC_k1_0.36_k2_0.36	160	0.936476034220087	0.937542482128208	0.944442165709598	0.925436540489863	0.36	0.36	0.236835118152049	0.294623655913979	0.252327157704474
wdLC_k1_0.36_k2_0.36	170	0.93955581609785	0.937521143617833	0.947293922240338	0.922836328551975	0.36	0.36	0.236835118152049	0.294623655913979	0.252327157704474
wdLC_k1_0.36_k2_0.36	180	0.938833503091659	0.933617292714796	0.945053859687027	0.9243495169604	0.36	0.36	0.236835118152049	0.294623655913979	0.252327157704474
wdLC_k1_0.36_k2_0.36	190	0.929250700923338	0.924477861319967	0.937765880670262	0.916295100753629	0.36	0.36	0.236835118152049	0.294623655913979	0.252327157704474
wdLC_k1_0.36_k2_0.36	200	0.922110552763819	0.917067426685667	0.930584264606615	0.922124053101328	0.36	0.36	0.236835118152049	0.294623655913979	0.252327157704474
wdLC_k1_0.36_k2_0.36	210	0.908054928359244	0.903093364604963	0.918838457626185	0.917536192916587	0.36	0.36	0.236835118152049	0.294623655913979	0.252327157704474
wdLC_k1_0.36_k2_0.36	220	0.907483813527327	0.898445309726535	0.918633179874115	0.917168085741817	0.36	0.36	0.236835118152049	0.294623655913979	0.252327157704474
wdLC_k1_0.36_k2_0.36	230	0.902519732024194	0.894174707009338	0.91307208075767	0.918967153977596	0.36	0.36	0.236835118152049	0.294623655913979	0.252327157704474
wdLC_k1_0.36_k2_0.36	240	0.887311411656452	0.875977881560443	0.901254362054897	0.92280681956284	0.36	0.36	0.236835118152049	0.294623655913979	0.252327157704474
wdLC_k1_0.36_k2_0.36	240	0.887311411656452	0.875977881560443	0.901254362054897	0.92280681956284	0.36	0.36	0.236835118152049	0.294623655913979	0.252327157704474
wdLC_k1_0.36_k2_0.36	250	0.880089473431575	0.864878990063841	0.895042672682763	0.92280681956284	0.36	0.36	0.236835118152049	0.294623655913979	0.252327157704474
wdLC_k1_0.36_k2_0.36	260	0.875967213898248	0.861750799681834	0.893567383222555	0.92280681956284	0.36	0.36	0.236835118152049	0.294623655913979	0.252327157704474
wdLC_k1_0.36_k2_0.36	270	0.87422354520943	0.860029782453958	0.893272122312301	0.92280681956284	0.36	0.36	0.236835118152049	0.294623655913979	0.252327157704474
wdLC_k1_0.36_k2_0.36	280	0.871852775090061	0.859036467301879	0.889884163974395	0.92280681956284	0.36	0.36	0.236835118152049	0.294623655913979	0.252327157704474
wdLC_k1_0.36_k2_0.36	290	0.872600887869838	0.861866740799329	0.892416942101489	0.92280681956284	0.36	0.36	0.236835118152049	0.294623655913979	0.252327157704474
wdLC_k1_0.36_k2_0.36	300	0.865679396437738	0.853710374559717	0.882374248602762	0.92280681956284	0.36	0.36	0.236835118152049	0.294623655913979	0.252327157704474
wdLC_k1_0.36_k2_0.44	10	0.648484848484848	0.624242424242424	0.672727272727273	0.551515151515151	0.36	0.44	0.186299672537393	0.237096774193548	0.197830998644374
wdLC_k1_0.36_k2_0.44	20	0.357894736842105	0.458646616541353	0.578947368421053	0.308270676691729	0.36	0.44	0.186299672537393	0.237096774193548	0.197830998644374
wdLC_k1_0.36_k2_0.44	30	0.510122358175751	0.672525027808676	0.675194660734149	0.396662958843159	0.36	0.44	0.186299672537393	0.237096774193548	0.197830998644374
wdLC_k1_0.36_k2_0.44	40	0.738649155722327	0.822889305816135	0.800562851782364	0.528142589118199	0.36	0.44	0.186299672537393	0.237096774193548	0.197830998644374
wdLC_k1_0.36_k2_0.44	50	0.819351740696279	0.872268907563025	0.855750300120048	0.628715486194478	0.36	0.44	0.186299672537393	0.237096774193548	0.197830998644374
wdLC_k1_0.36_k2_0.44	60	0.854070575159767	0.88513475965546	0.878632953598222	0.711919977771603	0.36	0.44	0.186299672537393	0.237096774193548	0.197830998644374
wdLC_k1_0.36_k2_0.44	70	0.877980929052576	0.90538010672732	0.899221415449217	0.780981541422448	0.36	0.44	0.186299672537393	0.237096774193548	0.197830998644374
wdLC_k1_0.36_k2_0.44	80	0.86221284575715	0.903914674167839	0.899062353492733	0.817182372245663	0.36	0.44	0.186299672537393	0.237096774193548	0.197830998644374
wdLC_k1_0.36_k2_0.44	90	0.888068485821295	0.916746923488497	0.914870148578014	0.832028645511792	0.36	0.44	0.186299672537393	0.237096774193548	0.197830998644374
wdLC_k1_0.36_k2_0.44	100	0.904878487848785	0.927044704470447	0.928724872487249	0.872943294329433	0.36	0.44	0.186299672537393	0.237096774193548	0.197830998644374
wdLC_k1_0.36_k2_0.44	110	0.918589815837522	0.934161350675112	0.935955638707932	0.883650790072808	0.36	0.44	0.186299672537393	0.237096774193548	0.197830998644374
wdLC_k1_0.36_k2_0.44	120	0.923022432113341	0.933627335231613	0.937981804291965	0.900159733314813	0.36	0.44	0.186299672537393	0.237096774193548	0.197830998644374
wdLC_k1_0.36_k2_0.44	130	0.922085512570156	0.927902880006555	0.935795927842794	0.916153436480083	0.36	0.44	0.186299672537393	0.237096774193548	0.197830998644374
wdLC_k1_0.36_k2_0.44	140	0.922468347510442	0.928682950296298	0.935540443025519	0.928630469484595	0.36	0.44	0.186299672537393	0.237096774193548	0.197830998644374
wdLC_k1_0.36_k2_0.44	150	0.928551491177386	0.932224543313036	0.939271967643007	0.935822925463354	0.36	0.44	0.186299672537393	0.237096774193548	0.197830998644374
wdLC_k1_0.36_k2_0.44	160	0.926060588304231	0.928427868276104	0.933552091878589	0.924226532286417	0.36	0.44	0.186299672537393	0.237096774193548	0.197830998644374
wdLC_k1_0.36_k2_0.44	170	0.92189837629228	0.924380041646058	0.929382453697767	0.926583252422738	0.36	0.44	0.186299672537393	0.237096774193548	0.197830998644374
wdLC_k1_0.36_k2_0.44	180	0.922114880088892	0.921232136794345	0.927979258619093	0.928586273238886	0.36	0.44	0.186299672537393	0.237096774193548	0.197830998644374
wdLC_k1_0.36_k2_0.44	190	0.919551059148745	0.918006184746334	0.924913505403999	0.932210981205195	0.36	0.44	0.186299672537393	0.237096774193548	0.197830998644374
wdLC_k1_0.36_k2_0.44	200	0.919773494337359	0.917415435385885	0.928344708617715	0.92924773119328	0.36	0.44	0.186299672537393	0.237096774193548	0.197830998644374
wdLC_k1_0.36_k2_0.44	210	0.918426397747924	0.913160324335181	0.927857126659821	0.916162659989051	0.36	0.44	0.186299672537393	0.237096774193548	0.197830998644374
wdLC_k1_0.36_k2_0.44	220	0.90111403503829	0.898334864168869	0.914145483847337	0.916305934194734	0.36	0.44	0.186299672537393	0.237096774193548	0.197830998644374
wdLC_k1_0.36_k2_0.44	230	0.895079137684036	0.893432028385512	0.910973249268294	0.917163224093165	0.36	0.44	0.186299672537393	0.237096774193548	0.197830998644374
wdLC_k1_0.36_k2_0.44	240	0.891651764787583	0.890084897307245	0.908060903835136	0.916717304119863	0.36	0.44	0.186299672537393	0.237096774193548	0.197830998644374
wdLC_k1_0.36_k2_0.44	240	0.891651764787583	0.890084897307245	0.908060903835136	0.916717304119863	0.36	0.44	0.186299672537393	0.237096774193548	0.197830998644374
wdLC_k1_0.36_k2_0.44	250	0.888700427206835	0.880917390678251	0.904977679642874	0.916717304119863	0.36	0.44	0.186299672537393	0.237096774193548	0.197830998644374
wdLC_k1_0.36_k2_0.44	260	0.881873764632385	0.875240757999379	0.899233602681879	0.916717304119863	0.36	0.44	0.186299672537393	0.237096774193548	0.197830998644374
wdLC_k1_0.36_k2_0.44	270	0.876823794260247	0.869088891632411	0.893217251875121	0.916717304119863	0.36	0.44	0.186299672537393	0.237096774193548	0.197830998644374
wdLC_k1_0.36_k2_0.44	280	0.876379618544697	0.868196205126523	0.890850648605212	0.916717304119863	0.36	0.44	0.186299672537393	0.237096774193548	0.197830998644374
wdLC_k1_0.36_k2_0.44	290	0.881650320988687	0.873277430417599	0.894312245297107	0.916717304119863	0.36	0.44	0.186299672537393	0.237096774193548	0.197830998644374
wdLC_k1_0.36_k2_0.44	300	0.868195868842987	0.856876631962577	0.88360092889921	0.916717304119863	0.36	0.44	0.186299672537393	0.237096774193548	0.197830998644374
wdLC_k1_0.36_k2_0.52	10	0.321212121212121	0.43030303030303	0.381818181818182	0.2	0.36	0.52	0.141162934772989	0.183691756272401	0.1524627202892
wdLC_k1_0.36_k2_0.52	20	0.374436090225564	0.506766917293233	0.542857142857143	0.300751879699248	0.36	0.52	0.141162934772989	0.183691756272401	0.1524627202892
wdLC_k1_0.36_k2_0.52	30	0.500333704115684	0.633370411568409	0.644493882091213	0.318798665183537	0.36	0.52	0.141162934772989	0.183691756272401	0.1524627202892
wdLC_k1_0.36_k2_0.52	40	0.727954971857411	0.808067542213884	0.792682926829269	0.495872420262664	0.36	0.52	0.141162934772989	0.183691756272401	0.1524627202892
wdLC_k1_0.36_k2_0.52	50	0.81406962785114	0.867274909963986	0.851524609843938	0.604417767106843	0.36	0.52	0.141162934772989	0.183691756272401	0.1524627202892
wdLC_k1_0.36_k2_0.52	60	0.856682411781051	0.884245623784385	0.879633231453182	0.694248402333982	0.36	0.52	0.141162934772989	0.183691756272401	0.1524627202892
wdLC_k1_0.36_k2_0.52	70	0.858070160090981	0.888863616481498	0.88942349750678	0.794208730644738	0.36	0.52	0.141162934772989	0.183691756272401	0.1524627202892
wdLC_k1_0.36_k2_0.52	80	0.857899671823722	0.896436943272386	0.898148148148148	0.800445382090952	0.36	0.52	0.141162934772989	0.183691756272401	0.1524627202892
wdLC_k1_0.36_k2_0.52	90	0.883310696793843	0.909700786105281	0.916022554224801	0.814545005556241	0.36	0.52	0.141162934772989	0.183691756272401	0.1524627202892
wdLC_k1_0.36_k2_0.52	100	0.905034503450345	0.923444344434443	0.93038103810381	0.851929192919292	0.36	0.52	0.141162934772989	0.183691756272401	0.1524627202892
wdLC_k1_0.36_k2_0.52	110	0.920131641232559	0.932989202713973	0.93982372697969	0.883659806595586	0.36	0.52	0.141162934772989	0.183691756272401	0.1524627202892
wdLC_k1_0.36_k2_0.52	120	0.92348774220432	0.933120355580248	0.93950968817279	0.893541218140149	0.36	0.52	0.141162934772989	0.183691756272401	0.1524627202892
wdLC_k1_0.36_k2_0.52	130	0.921823321361756	0.929022654959101	0.935156836772317	0.912979830395062	0.36	0.52	0.141162934772989	0.183691756272401	0.1524627202892
wdLC_k1_0.36_k2_0.52	140	0.924646301196125	0.929264612626009	0.936524458244954	0.92406901226739	0.36	0.52	0.141162934772989	0.183691756272401	0.1524627202892
wdLC_k1_0.36_k2_0.52	150	0.925454464642873	0.928697275434464	0.936601626738966	0.925994933108138	0.36	0.52	0.141162934772989	0.183691756272401	0.1524627202892
wdLC_k1_0.36_k2_0.52	160	0.918574944333763	0.921047697175671	0.9294474393531	0.921475448259697	0.36	0.52	0.141162934772989	0.183691756272401	0.1524627202892
wdLC_k1_0.36_k2_0.52	170	0.920159256477428	0.921043471888911	0.929455731218056	0.921839754276049	0.36	0.52	0.141162934772989	0.183691756272401	0.1524627202892
wdLC_k1_0.36_k2_0.52	180	0.92174038293363	0.919781474736875	0.928481331728346	0.922402954823708	0.36	0.52	0.141162934772989	0.183691756272401	0.1524627202892
wdLC_k1_0.36_k2_0.52	190	0.922243654511497	0.919271127207198	0.927800303551199	0.9250902124421	0.36	0.52	0.141162934772989	0.183691756272401	0.1524627202892
wdLC_k1_0.36_k2_0.52	200	0.914037350933773	0.909484737118428	0.922389559738994	0.918112952823821	0.36	0.52	0.141162934772989	0.183691756272401	0.1524627202892
wdLC_k1_0.36_k2_0.52	210	0.905993333182158	0.90280699594743	0.919319194150823	0.910180017039583	0.36	0.52	0.141162934772989	0.183691756272401	0.1524627202892
wdLC_k1_0.36_k2_0.52	220	0.903383803947865	0.899477637592062	0.9151417478573	0.911685252700563	0.36	0.52	0.141162934772989	0.183691756272401	0.1524627202892
wdLC_k1_0.36_k2_0.52	230	0.892138011978528	0.891612317813191	0.906658217423359	0.911908255025779	0.36	0.52	0.141162934772989	0.183691756272401	0.1524627202892
wdLC_k1_0.36_k2_0.52	240	0.892967759856942	0.893790690810604	0.909459365613986	0.914027153249188	0.36	0.52	0.141162934772989	0.183691756272401	0.1524627202892
wdLC_k1_0.36_k2_0.52	240	0.892967759856942	0.893790690810604	0.909459365613986	0.914027153249188	0.36	0.52	0.141162934772989	0.183691756272401	0.1524627202892
wdLC_k1_0.36_k2_0.52	250	0.886453223251572	0.887396342341478	0.903653626458023	0.914027153249188	0.36	0.52	0.141162934772989	0.183691756272401	0.1524627202892
wdLC_k1_0.36_k2_0.52	260	0.879544189889017	0.877510932683346	0.896476620614551	0.914027153249188	0.36	0.52	0.141162934772989	0.183691756272401	0.1524627202892
wdLC_k1_0.36_k2_0.52	270	0.872227480639119	0.867503135997903	0.891060843693939	0.914027153249188	0.36	0.52	0.141162934772989	0.183691756272401	0.1524627202892
wdLC_k1_0.36_k2_0.52	280	0.861258069982671	0.854559369379711	0.880033455237221	0.914027153249188	0.36	0.52	0.141162934772989	0.183691756272401	0.1524627202892
wdLC_k1_0.36_k2_0.52	290	0.86339203672519	0.853370842492284	0.878033401520622	0.914027153249188	0.36	0.52	0.141162934772989	0.183691756272401	0.1524627202892
wdLC_k1_0.36_k2_0.52	300	0.859841109345659	0.849002322248025	0.877577750863899	0.914027153249188	0.36	0.52	0.141162934772989	0.183691756272401	0.1524627202892
wdLC_k1_0.44_k2_0.04	10	0.333333333333333	0.624242424242424	0.454545454545455	0.175757575757576					
wdLC_k1_0.44_k2_0.04	20	0.657142857142857	0.778947368421053	0.807518796992481	0.685714285714286					
wdLC_k1_0.44_k2_0.04	30	0.786874304783092	0.850945494994438	0.823804226918799	0.75706340378198					
wdLC_k1_0.44_k2_0.04	40	0.873170731707317	0.922701688555347	0.91031894934334	0.76078799249531					
wdLC_k1_0.44_k2_0.04	50	0.927587034813926	0.950444177671069	0.949099639855942	0.781992797118848					
wdLC_k1_0.44_k2_0.04	60	0.903139761044735	0.923756599055293	0.938760766879689	0.819783273131426					
wdLC_k1_0.44_k2_0.04	70	0.898556556731695	0.918222377744729	0.92896509491733	0.835534948823375					
wdLC_k1_0.44_k2_0.04	80	0.884435067979372	0.91122831692452	0.924191279887482	0.859165494608533					
wdLC_k1_0.44_k2_0.04	90	0.903872906120097	0.919792566983578	0.932469029098243	0.880051035107215					
wdLC_k1_0.44_k2_0.04	100	0.905886588658866	0.926120612061206	0.932109210921092	0.897005700570057					
wdLC_k1_0.44_k2_0.04	110	0.91464959538354	0.931465410364493	0.937064671009625	0.918057840993621					
wdLC_k1_0.44_k2_0.04	120	0.924932286964372	0.937030349329815	0.94270435446906	0.926168483922494					
wdLC_k1_0.44_k2_0.04	130	0.929022654959101	0.93759303008371	0.944169659561103	0.928978956424367					
wdLC_k1_0.44_k2_0.04	140	0.930213640637642	0.93343246375544	0.943176401128338	0.927611467057357					
wdLC_k1_0.44_k2_0.04	150	0.915555358015912	0.916817636339393	0.928779056846971	0.918261256055825					
wdLC_k1_0.44_k2_0.04	160	0.903193484120473	0.905091995781085	0.917657916324856	0.912384272823157					
wdLC_k1_0.44_k2_0.04	170	0.909228693034361	0.904179871886469	0.920633117775295	0.91495166736891					
wdLC_k1_0.44_k2_0.04	180	0.898404271736782	0.892313548772081	0.907544471537187	0.905945656758954					
wdLC_k1_0.44_k2_0.04	190	0.894661610395973	0.88453507241052	0.902490956886107	0.898519422465413					
wdLC_k1_0.44_k2_0.04	200	0.886441161029026	0.875252381309533	0.893534838370959	0.895273381834546					
wdLC_k1_0.44_k2_0.04	210	0.870764805162411	0.860758747363886	0.877830725024539	0.89683860664155					
wdLC_k1_0.44_k2_0.04	220	0.851224198847084	0.842970083904814	0.862813093433561	0.905943210697441					
wdLC_k1_0.44_k2_0.04	230	0.849095199465429	0.839399939342981	0.862526537445846	0.905660088914313					
wdLC_k1_0.44_k2_0.04	240	0.84591485963298	0.833083039636105	0.85771020330214	0.904995746453931					
wdLC_k1_0.44_k2_0.04	240	0.84591485963298	0.833083039636105	0.85771020330214	0.904995746453931					
wdLC_k1_0.44_k2_0.04	250	0.836474055584889	0.825497623961983	0.846352997647962	0.904995746453931					
wdLC_k1_0.44_k2_0.04	260	0.828848628848629	0.810455093213714	0.840705426912323	0.904995746453931					
wdLC_k1_0.44_k2_0.04	270	0.819407978466402	0.800679478913748	0.831859909677164	0.904995746453931					
wdLC_k1_0.44_k2_0.04	280	0.810047504250236	0.788250761215978	0.822020871257469	0.904995746453931					
wdLC_k1_0.44_k2_0.04	290	0.816823276015829	0.792192206967896	0.828397319907449	0.904995746453931					
wdLC_k1_0.44_k2_0.04	300	0.816408182313137	0.790858120645785	0.827477194191047	0.904995746453931					
wdLC_k1_0.44_k2_0.12	10	0.260606060606061	0.563636363636364	0.563636363636364	0.248484848484848					
wdLC_k1_0.44_k2_0.12	20	0.506766917293233	0.649624060150376	0.757894736842105	0.586466165413534					
wdLC_k1_0.44_k2_0.12	30	0.759733036707453	0.867408231368187	0.808231368186874	0.670300333704116					
wdLC_k1_0.44_k2_0.12	40	0.859287054409006	0.911632270168856	0.877861163227017	0.710131332082552					
wdLC_k1_0.44_k2_0.12	50	0.917118847539016	0.939879951980792	0.924513805522209	0.768643457382953					
wdLC_k1_0.44_k2_0.12	60	0.902028341205891	0.921533759377605	0.921644901361489	0.784162267296471					
wdLC_k1_0.44_k2_0.12	70	0.892887761350713	0.914303210567754	0.921371708511941	0.820208205756277					
wdLC_k1_0.44_k2_0.12	80	0.879746835443038	0.909095171120487	0.919737458977965	0.848640412564463					
wdLC_k1_0.44_k2_0.12	90	0.882833271597317	0.912729966662551	0.915907313660123	0.87552372720912					
wdLC_k1_0.44_k2_0.12	100	0.900606060606061	0.92026402640264	0.926828682868287	0.894305430543054					
wdLC_k1_0.44_k2_0.12	110	0.915109438045218	0.931221964249487	0.936857290985731	0.91446926492798					
wdLC_k1_0.44_k2_0.12	120	0.921612611986943	0.931849433988471	0.938461004236405	0.926828251961942					
wdLC_k1_0.44_k2_0.12	130	0.924925917327835	0.931213044012618	0.939138865749908	0.927160004916085					
wdLC_k1_0.44_k2_0.12	140	0.923609805164987	0.92813627517439	0.935706632262579	0.92472502241368					
wdLC_k1_0.44_k2_0.12	150	0.917450553357927	0.920992044090849	0.92802524556647	0.923146806524734					
wdLC_k1_0.44_k2_0.12	160	0.915885386147896	0.916764326731513	0.925498066330716	0.923740185163483					
wdLC_k1_0.44_k2_0.12	170	0.904558472407961	0.903549685211986	0.913869602652646	0.918935521888606					
wdLC_k1_0.44_k2_0.12	180	0.898408387090137	0.895712830642921	0.908204985750589	0.915375988970853					
wdLC_k1_0.44_k2_0.12	190	0.884988212240899	0.881100657402669	0.892845551925188	0.919412842752606					
wdLC_k1_0.44_k2_0.12	200	0.876122403060077	0.874649366234156	0.886579164479112	0.914283357083927					
wdLC_k1_0.44_k2_0.12	210	0.880020602993913	0.872808259338566	0.891400193719974	0.914909635139119					
wdLC_k1_0.44_k2_0.12	220	0.877700703808681	0.865345452291464	0.886653555952509	0.914754061409984					
wdLC_k1_0.44_k2_0.12	230	0.853372752176625	0.840325082170535	0.865489361597203	0.915169925954054					
wdLC_k1_0.44_k2_0.12	240	0.848100661469817	0.833311342210802	0.858882966718172	0.921832844320214					
wdLC_k1_0.44_k2_0.12	240	0.848100661469817	0.833311342210802	0.858882966718172	0.921832844320214					
wdLC_k1_0.44_k2_0.12	250	0.837272020352326	0.825322517160275	0.847717755484088	0.921832844320214					
wdLC_k1_0.44_k2_0.12	260	0.831045065527824	0.820392654875413	0.842696353041181	0.921832844320214					
wdLC_k1_0.44_k2_0.12	270	0.832266560583821	0.813852041866143	0.843708266078943	0.921832844320214					
wdLC_k1_0.44_k2_0.12	280	0.832510618757892	0.816045394165013	0.848790527575971	0.921832844320214					
wdLC_k1_0.44_k2_0.12	290	0.836848935429549	0.820577964148165	0.851949365095571	0.921832844320214					
wdLC_k1_0.44_k2_0.12	300	0.836246180513117	0.814045489394327	0.852431249236103	0.921832844320214					
wdLC_k1_0.44_k2_0.2	10	0.636363636363636	0.696969696969697	0.76969696969697	0.684848484848485					
wdLC_k1_0.44_k2_0.2	20	0.227067669172932	0.416541353383459	0.595488721804511	0.206015037593985					
wdLC_k1_0.44_k2_0.2	30	0.546162402669633	0.713904338153504	0.722803114571746	0.39888765294772					
wdLC_k1_0.44_k2_0.2	40	0.763039399624766	0.861913696060038	0.844465290806754	0.618386491557224					
wdLC_k1_0.44_k2_0.2	50	0.862665066026411	0.916926770708283	0.907322929171669	0.691428571428571					
wdLC_k1_0.44_k2_0.2	60	0.87985551542095	0.914698527368714	0.916754654070575	0.75237565990553					
wdLC_k1_0.44_k2_0.2	70	0.890893185198145	0.920776834922579	0.92641063773948	0.807260957046628					
wdLC_k1_0.44_k2_0.2	80	0.881645569620253	0.915893108298172	0.925339896858884	0.841701828410689					
wdLC_k1_0.44_k2_0.2	90	0.886339877351113	0.919331604724863	0.92244309997119	0.853842038111701					
wdLC_k1_0.44_k2_0.2	100	0.902166216621662	0.926792679267927	0.930789078907891	0.882136213621362					
wdLC_k1_0.44_k2_0.2	110	0.918977526316976	0.936794175326285	0.940220453981922	0.906516691837793					
wdLC_k1_0.44_k2_0.2	120	0.923071046600458	0.936703937773456	0.939627751927217	0.920716716438641					
wdLC_k1_0.44_k2_0.2	130	0.924499856614183	0.933195865026151	0.93849977467943	0.919015690505128					
wdLC_k1_0.44_k2_0.2	140	0.924563206577595	0.931298244079509	0.937473486256587	0.927384050206643					
wdLC_k1_0.44_k2_0.2	150	0.922264989555092	0.925255344681986	0.93456420285346	0.927879461309392					
wdLC_k1_0.44_k2_0.2	160	0.918082737606938	0.918574944333763	0.92945329895699	0.924455056838157					
wdLC_k1_0.44_k2_0.2	170	0.909543786371603	0.906905795641209	0.919582806651156	0.918144124669488					
wdLC_k1_0.44_k2_0.2	180	0.911345000360093	0.902262415506651	0.918948115682583	0.922312417049909					
wdLC_k1_0.44_k2_0.2	190	0.901432464232134	0.89186753970441	0.908084346993137	0.922159674929033					
wdLC_k1_0.44_k2_0.2	200	0.894425860646516	0.886304657616441	0.898825470636766	0.921891547288682					
wdLC_k1_0.44_k2_0.2	210	0.898822454671794	0.891630843588938	0.903110209820113	0.925814968269446					
wdLC_k1_0.44_k2_0.2	220	0.891544716363411	0.884008497545968	0.897373537018984	0.923098335991164					
wdLC_k1_0.44_k2_0.2	230	0.87997997825224	0.874561284547994	0.884357146555742	0.919130878614456					
wdLC_k1_0.44_k2_0.2	240	0.877205333425927	0.868333651625896	0.88076095071095	0.914920397923575					
wdLC_k1_0.44_k2_0.2	240	0.877205333425927	0.868333651625896	0.88076095071095	0.914920397923575					
wdLC_k1_0.44_k2_0.2	250	0.858780204483272	0.848448135170163	0.870159074545193	0.914920397923575					
wdLC_k1_0.44_k2_0.2	260	0.850724919690437	0.840254123012744	0.866840770289046	0.914920397923575					
wdLC_k1_0.44_k2_0.2	270	0.842648047298317	0.833759036475123	0.860700421130605	0.914920397923575					
wdLC_k1_0.44_k2_0.2	280	0.836230600608973	0.827008544205192	0.854203497493591	0.914920397923575					
wdLC_k1_0.44_k2_0.2	290	0.833614816035781	0.828550833561923	0.847396110741405	0.914920397923575					
wdLC_k1_0.44_k2_0.2	300	0.823936265958511	0.816851298347759	0.838805764508495	0.914920397923575					
wdLC_k1_0.44_k2_0.28	10	0.357575757575758	0.36969696969697	0.478787878787879	0.333333333333333					
wdLC_k1_0.44_k2_0.28	20	0.33984962406015	0.464661654135338	0.661654135338346	0.452631578947368					
wdLC_k1_0.44_k2_0.28	30	0.435372636262514	0.618242491657397	0.62091212458287	0.373081201334816					
wdLC_k1_0.44_k2_0.28	40	0.724577861163227	0.806754221388368	0.810881801125704	0.551219512195122					
wdLC_k1_0.44_k2_0.28	50	0.829819927971189	0.876302521008403	0.877551020408163	0.625066026410564					
wdLC_k1_0.44_k2_0.28	60	0.844456793553765	0.878243956654626	0.887246457349264	0.68185607113087					
wdLC_k1_0.44_k2_0.28	70	0.877071122386493	0.900376170063861	0.90789957134109	0.768069285276879					
wdLC_k1_0.44_k2_0.28	80	0.860314111579934	0.899695264885138	0.903867791842475	0.814228785747773					
wdLC_k1_0.44_k2_0.28	90	0.890126353047702	0.916302424167593	0.921109602008478	0.832884718277977					
wdLC_k1_0.44_k2_0.28	100	0.906846684668467	0.927584758475848	0.933549354935494	0.871479147914792					
wdLC_k1_0.44_k2_0.28	110	0.915695512025787	0.930572774609472	0.935234316885693	0.884723756283389					
wdLC_k1_0.44_k2_0.28	120	0.92648100562539	0.938002639072158	0.941947357455379	0.900006944926731					
wdLC_k1_0.44_k2_0.28	130	0.924964153545726	0.934769012276557	0.939040544046757	0.915700064182223					
wdLC_k1_0.44_k2_0.28	140	0.922512081520194	0.929548883689401	0.935780980079159	0.919853053727231					
wdLC_k1_0.44_k2_0.28	150	0.928946175385573	0.933828170140895	0.941647184319303	0.925977154540202					
wdLC_k1_0.44_k2_0.28	160	0.927651470760576	0.931316652994257	0.940484003281378	0.926746161959451					
wdLC_k1_0.44_k2_0.28	170	0.93202532959618	0.932259817661104	0.942838649006785	0.923232027161534					
wdLC_k1_0.44_k2_0.28	180	0.927520396720064	0.925555315493277	0.935738757369054	0.929003981604371					
wdLC_k1_0.44_k2_0.28	190	0.922040703853876	0.919650784902921	0.92811172783617	0.922803518394591					
wdLC_k1_0.44_k2_0.28	200	0.918225455636391	0.914637365934149	0.926013650341259	0.91868746718668					
wdLC_k1_0.44_k2_0.28	210	0.911286618096296	0.904920422555743	0.919018571849702	0.918185381592715					
wdLC_k1_0.44_k2_0.28	220	0.897726286606222	0.892359534100066	0.909510151411844	0.922076151085015					
wdLC_k1_0.44_k2_0.28	230	0.894325609837286	0.888956230782697	0.906881119639806	0.917045855226983					
wdLC_k1_0.44_k2_0.28	240	0.881503151096373	0.880468410909911	0.901319467351864	0.915765030642893					
wdLC_k1_0.44_k2_0.28	240	0.881503151096373	0.880468410909911	0.901319467351864	0.915765030642893					
wdLC_k1_0.44_k2_0.28	250	0.87676551624826	0.874081313301013	0.897310612969807	0.915765030642893					
wdLC_k1_0.44_k2_0.28	260	0.869936400970884	0.862702566150842	0.888676778331951	0.915765030642893					
wdLC_k1_0.44_k2_0.28	270	0.867911615919133	0.85796482500141	0.8867864366376	0.915765030642893					
wdLC_k1_0.44_k2_0.28	280	0.862090077679562	0.847171884481034	0.880647347907134	0.915765030642893					
wdLC_k1_0.44_k2_0.28	290	0.861757017898856	0.846982804748591	0.877192520637623	0.915765030642893					
wdLC_k1_0.44_k2_0.28	300	0.86464516272403	0.847479638662652	0.879252436138179	0.915765030642893					
wdLC_k1_0.48_k2_0.04	10	0.393939393939394	0.696969696969697	0.612121212121212	0.296969696969697					
wdLC_k1_0.48_k2_0.04	20	0.643609022556391	0.766917293233083	0.840601503759399	0.628571428571429					
wdLC_k1_0.48_k2_0.04	30	0.781090100111235	0.878086763070078	0.861624026696329	0.71301446051168					
wdLC_k1_0.48_k2_0.04	40	0.868105065666042	0.928142589118199	0.909568480300188	0.764165103189494					
wdLC_k1_0.48_k2_0.04	50	0.921344537815126	0.953805522208883	0.946122448979592	0.762593037214886					
wdLC_k1_0.48_k2_0.04	60	0.911919977771603	0.937093637121423	0.943928869130314	0.810502917477077					
wdLC_k1_0.48_k2_0.04	70	0.904855218266118	0.927740355174525	0.932674306709824	0.829831160878313					
wdLC_k1_0.48_k2_0.04	80	0.890904828879512	0.920042194092827	0.928176277543366	0.851945616502579					
wdLC_k1_0.48_k2_0.04	90	0.89536156727168	0.925702761657818	0.926871630242417	0.875721282462856					
wdLC_k1_0.48_k2_0.04	100	0.912427242724272	0.932829282928293	0.936477647764777	0.892229222922292					
wdLC_k1_0.48_k2_0.04	110	0.918589815837522	0.935531862137367	0.938949124270225	0.914252868381309					
wdLC_k1_0.48_k2_0.04	120	0.927238002639072	0.938773525939301	0.944003055767762	0.927793596777554					
wdLC_k1_0.48_k2_0.04	130	0.927105381747668	0.935571972852285	0.941159922981332	0.929547037375903					
wdLC_k1_0.48_k2_0.04	140	0.926312566967703	0.931530034331198	0.938628064114058	0.92375412739717					
wdLC_k1_0.48_k2_0.04	150	0.925518467487444	0.927630561358283	0.936967865238455	0.919431085826037					
wdLC_k1_0.48_k2_0.04	160	0.916087542482128	0.916635415445916	0.927021563342318	0.922114145083792					
wdLC_k1_0.48_k2_0.04	170	0.90488822124926	0.903605864644207	0.916383021598549	0.913862274900617					
wdLC_k1_0.48_k2_0.04	180	0.898620327787895	0.892383509779108	0.907984814346122	0.91150549914092					
wdLC_k1_0.48_k2_0.04	190	0.903033325022854	0.890294672107844	0.910404282958706	0.906007601901788					
wdLC_k1_0.48_k2_0.04	200	0.889438235955899	0.879857496437411	0.895978399459987	0.902661066526663					
wdLC_k1_0.48_k2_0.04	210	0.876117696222461	0.867524044924893	0.882860965425196	0.90028798838976					
wdLC_k1_0.48_k2_0.04	220	0.873218642759336	0.861817956419085	0.885093794199354	0.90762919594507					
wdLC_k1_0.48_k2_0.04	230	0.85914453877241	0.846358236409499	0.871206902078366	0.912932027152646					
wdLC_k1_0.48_k2_0.04	240	0.851197069393566	0.83974548169239	0.862594836715915	0.909440268060209					
wdLC_k1_0.48_k2_0.04	240	0.851197069393566	0.83974548169239	0.862594836715915	0.909440268060209					
wdLC_k1_0.48_k2_0.04	250	0.849369749915999	0.832959631354102	0.858912302596842	0.909440268060209					
wdLC_k1_0.48_k2_0.04	260	0.834124992745682	0.819497557428592	0.846793591621178	0.909440268060209					
wdLC_k1_0.48_k2_0.04	270	0.81755762539038	0.79869682711697	0.83061678943927	0.909440268060209					
wdLC_k1_0.48_k2_0.04	280	0.822733708338117	0.79989066915941	0.83371981785482	0.909440268060209					
wdLC_k1_0.48_k2_0.04	290	0.829789767478477	0.804105752210757	0.841680187266977	0.909440268060209					
wdLC_k1_0.48_k2_0.04	300	0.825070056333959	0.80251025011389	0.841476905298948	0.909440268060209					
wdLC_k1_0.48_k2_0.12	10	0.6	0.575757575757576	0.854545454545454	0.333333333333333					
wdLC_k1_0.48_k2_0.12	20	0.121804511278196	0.366917293233083	0.583458646616541	0.0947368421052632					
wdLC_k1_0.48_k2_0.12	30	0.597775305895439	0.718353726362625	0.780200222469411	0.454949944382647					
wdLC_k1_0.48_k2_0.12	40	0.76360225140713	0.846341463414635	0.855909943714822	0.641651031894935					
wdLC_k1_0.48_k2_0.12	50	0.858151260504202	0.905210084033613	0.911068427370948	0.70641056422569					
wdLC_k1_0.48_k2_0.12	60	0.899638788552376	0.927590997499306	0.934926368435677	0.745040288969158					
wdLC_k1_0.48_k2_0.12	70	0.90272067185723	0.929245035429971	0.941667395678418	0.80789082320007					
wdLC_k1_0.48_k2_0.12	80	0.892686357243319	0.923956868260666	0.938560712611345	0.843506797937178					
wdLC_k1_0.48_k2_0.12	90	0.89931267234638	0.928764868090711	0.935531135531136	0.855636498333127					
wdLC_k1_0.48_k2_0.12	100	0.913339333933393	0.935421542154215	0.943486348634863	0.881020102010201					
wdLC_k1_0.48_k2_0.12	110	0.924198093005432	0.940292586164146	0.94601807812817	0.904623222054415					
wdLC_k1_0.48_k2_0.12	120	0.92729356205292	0.940009722897423	0.944496145565664	0.912230015973331					
wdLC_k1_0.48_k2_0.12	130	0.928514659492824	0.936118204536454	0.942847778885414	0.921987190867006					
wdLC_k1_0.48_k2_0.12	140	0.927051671732523	0.930209267236667	0.939402156086681	0.929881262163522					
wdLC_k1_0.48_k2_0.12	150	0.927171874305525	0.928135472687675	0.93817325214454	0.927865238455043					
wdLC_k1_0.48_k2_0.12	160	0.921188327669049	0.920200984413454	0.932787413570843	0.925896519395289					
wdLC_k1_0.48_k2_0.12	170	0.918366399814364	0.914636574031668	0.928537319630437	0.920129945469312					
wdLC_k1_0.48_k2_0.12	180	0.915394508060948	0.911779170138996	0.923925635564884	0.920651871971357					
wdLC_k1_0.48_k2_0.12	190	0.907933883574556	0.900617162452379	0.913891185205597	0.922143928757321					
wdLC_k1_0.48_k2_0.12	200	0.899143478586965	0.890227255681392	0.904075601890047	0.91460736518413					
wdLC_k1_0.48_k2_0.12	210	0.890884470979258	0.880270689649587	0.899466460204799	0.915177862795723					
wdLC_k1_0.48_k2_0.12	220	0.881764649532579	0.874231811701594	0.893260003493686	0.913553811216986					
wdLC_k1_0.48_k2_0.12	230	0.869194864372385	0.860996797013505	0.881369665079557	0.913092792910526					
wdLC_k1_0.48_k2_0.12	240	0.863451622424	0.853637215923888	0.87498741297592	0.910984565704265					
wdLC_k1_0.48_k2_0.12	240	0.863451622424	0.853637215923888	0.87498741297592	0.910984565704265					
wdLC_k1_0.48_k2_0.12	250	0.862720875534009	0.848825997215955	0.875372341957471	0.910984565704265					
wdLC_k1_0.48_k2_0.12	260	0.850581540236713	0.8415916484882	0.864505050711947	0.910984565704265					
wdLC_k1_0.48_k2_0.12	270	0.849306270014373	0.835095436456223	0.870421023912841	0.910984565704265					
wdLC_k1_0.48_k2_0.12	280	0.846524099250537	0.830280816264056	0.86693398057191	0.910984565704265					
wdLC_k1_0.48_k2_0.12	290	0.84896962569976	0.83139378835535	0.871360969891397	0.910984565704265					
wdLC_k1_0.48_k2_0.12	300	0.85037122634696	0.83335948177202	0.871464349603884	0.910984565704265					
wdLC_k1_0.48_k2_0.2	10	0.357575757575758	0.296969696969697	0.587878787878788	0.284848484848485					
wdLC_k1_0.48_k2_0.2	20	-0.0075187969924812	0.27218045112782	0.389473684210526	0.0706766917293233					
wdLC_k1_0.48_k2_0.2	30	0.464293659621802	0.587541713014461	0.598220244716352	0.474082313681869					
wdLC_k1_0.48_k2_0.2	40	0.662476547842402	0.727016885553471	0.791557223264541	0.623452157598499					
wdLC_k1_0.48_k2_0.2	50	0.780456182472989	0.822521008403361	0.85046818727491	0.68124849939976					
wdLC_k1_0.48_k2_0.2	60	0.798721867185329	0.818838566268408	0.854515143095305	0.68991386496249					
wdLC_k1_0.48_k2_0.2	70	0.822622692677806	0.846487621380457	0.868882862391742	0.762330504767737					
wdLC_k1_0.48_k2_0.2	80	0.820464135021097	0.858274730426629	0.871940928270042	0.809165494608533					
wdLC_k1_0.48_k2_0.2	90	0.864427707124336	0.886060007408322	0.902736963411121	0.8446227929374					
wdLC_k1_0.48_k2_0.2	100	0.88933693369337	0.907674767476748	0.920684068406841	0.866450645064506					
wdLC_k1_0.48_k2_0.2	110	0.904010098505511	0.91868899758808	0.92685796722494	0.882604873430561					
wdLC_k1_0.48_k2_0.2	120	0.912848114452392	0.923334953816237	0.931891103548857	0.896777553996805					
wdLC_k1_0.48_k2_0.2	130	0.917868603968373	0.925095249149927	0.932212647994647	0.905917054718759					
wdLC_k1_0.48_k2_0.2	140	0.915549627167567	0.920526557477423	0.929492029476723	0.907681878813059					
wdLC_k1_0.48_k2_0.2	150	0.920682697008756	0.922467665229566	0.933892172985466	0.915946486510512					
wdLC_k1_0.48_k2_0.2	160	0.919275166998711	0.920693191140279	0.932459275752959	0.914941989921481					
wdLC_k1_0.48_k2_0.2	170	0.916534461807146	0.914770916152198	0.926593022758777	0.917648280115534					
wdLC_k1_0.48_k2_0.2	180	0.912729816763892	0.908785250573577	0.922020226961738	0.913805981666101					
wdLC_k1_0.48_k2_0.2	190	0.910204831450354	0.902886360753542	0.918546803308446	0.916036163707699					
wdLC_k1_0.48_k2_0.2	200	0.908812720318008	0.899671491787295	0.916281407035176	0.905895147378684					
wdLC_k1_0.48_k2_0.2	210	0.908367212732391	0.89861124158954	0.915846488258561	0.911464140748251					
wdLC_k1_0.48_k2_0.2	220	0.89673002259626	0.885629117055386	0.90545747564281	0.905997306480788					
wdLC_k1_0.48_k2_0.2	230	0.887038877204057	0.873285021414887	0.89115467786438	0.908585433931931					
wdLC_k1_0.48_k2_0.2	240	0.871372766888314	0.857339537144742	0.878760047917498	0.902617232938072					
wdLC_k1_0.48_k2_0.2	240	0.871372766888314	0.857339537144742	0.878760047917498	0.902617232938072					
wdLC_k1_0.48_k2_0.2	250	0.862600297604762	0.847898238371814	0.873708059328949	0.902617232938072					
wdLC_k1_0.48_k2_0.2	260	0.84824513790031	0.83556766315387	0.861602640912986	0.902617232938072					
wdLC_k1_0.48_k2_0.2	270	0.833726114212815	0.826837435660602	0.854846964826525	0.902617232938072					
wdLC_k1_0.48_k2_0.2	280	0.829640137538197	0.818628335273956	0.851477332983475	0.902617232938072					
wdLC_k1_0.48_k2_0.2	290	0.833905606323582	0.820915989406574	0.855079665960192	0.902617232938072					
wdLC_k1_0.48_k2_0.2	300	0.838911543461594	0.81795975510839	0.858023311370126	0.902617232938072					
wdLC_k1_0.4_k2_0.04	10	0.284848484848485	0.527272727272727	0.43030303030303	0.43030303030303	0.4	0.04	0.471369147712187	0.571505376344086	0.507455942159964
wdLC_k1_0.4_k2_0.04	20	0.639097744360902	0.768421052631579	0.598496240601504	0.646616541353383	0.4	0.04	0.471369147712187	0.571505376344086	0.507455942159964
wdLC_k1_0.4_k2_0.04	30	0.806006674082314	0.892769744160178	0.765962180200222	0.776640711902114	0.4	0.04	0.471369147712187	0.571505376344086	0.507455942159964
wdLC_k1_0.4_k2_0.04	40	0.864915572232646	0.894559099437149	0.875422138836773	0.8140712945591	0.4	0.04	0.471369147712187	0.571505376344086	0.507455942159964
wdLC_k1_0.4_k2_0.04	50	0.9137575030012	0.924321728691477	0.922400960384154	0.813301320528211	0.4	0.04	0.471369147712187	0.571505376344086	0.507455942159964
wdLC_k1_0.4_k2_0.04	60	0.905584884690192	0.916643512086691	0.918477354820784	0.841344818005002	0.4	0.04	0.471369147712187	0.571505376344086	0.507455942159964
wdLC_k1_0.4_k2_0.04	70	0.892887761350713	0.904645262881638	0.914828099028956	0.850966669582714	0.4	0.04	0.471369147712187	0.571505376344086	0.507455942159964
wdLC_k1_0.4_k2_0.04	80	0.894866385372714	0.910196905766526	0.926769807782466	0.87934833567745	0.4	0.04	0.471369147712187	0.571505376344086	0.507455942159964
wdLC_k1_0.4_k2_0.04	90	0.884380787751574	0.905371033460921	0.913388484175001	0.890570852368605	0.4	0.04	0.471369147712187	0.571505376344086	0.507455942159964
wdLC_k1_0.4_k2_0.04	100	0.898661866186619	0.916903690369037	0.920564056405641	0.904098409840984	0.4	0.04	0.471369147712187	0.571505376344086	0.507455942159964
wdLC_k1_0.4_k2_0.04	110	0.908356062484503	0.923963663413205	0.928363726528864	0.911448729797354	0.4	0.04	0.471369147712187	0.571505376344086	0.507455942159964
wdLC_k1_0.4_k2_0.04	120	0.912813389818737	0.924258629071463	0.928918674907979	0.919140218070699	0.4	0.04	0.471369147712187	0.571505376344086	0.507455942159964
wdLC_k1_0.4_k2_0.04	130	0.912411749443526	0.918922831118819	0.927105381747668	0.927930191590763	0.4	0.04	0.471369147712187	0.571505376344086	0.507455942159964
wdLC_k1_0.4_k2_0.04	140	0.908062364697907	0.912440139074151	0.920281647022807	0.919616890074567	0.4	0.04	0.471369147712187	0.571505376344086	0.507455942159964
wdLC_k1_0.4_k2_0.04	150	0.912995244233077	0.9141899639984	0.923210809369305	0.91503622383217	0.4	0.04	0.471369147712187	0.571505376344086	0.507455942159964
wdLC_k1_0.4_k2_0.04	160	0.913667526075237	0.910620532052033	0.923540958631196	0.917537794445095	0.4	0.04	0.471369147712187	0.571505376344086	0.507455942159964
wdLC_k1_0.4_k2_0.04	170	0.901182821306661	0.896016756126306	0.910125121365893	0.907912140253174	0.4	0.04	0.471369147712187	0.571505376344086	0.507455942159964
wdLC_k1_0.4_k2_0.04	180	0.894319783532414	0.887375124746649	0.903145158801198	0.902704815992263	0.4	0.04	0.471369147712187	0.571505376344086	0.507455942159964
wdLC_k1_0.4_k2_0.04	190	0.881880967689731	0.873182082606167	0.892233200803055	0.897816093462277	0.4	0.04	0.471369147712187	0.571505376344086	0.507455942159964
wdLC_k1_0.4_k2_0.04	200	0.873149328733219	0.862217055426386	0.884435610890272	0.891146778669467	0.4	0.04	0.471369147712187	0.571505376344086	0.507455942159964
wdLC_k1_0.4_k2_0.04	210	0.864669428850023	0.854996387997136	0.872537440110401	0.895553187147101	0.4	0.04	0.471369147712187	0.571505376344086	0.507455942159964
wdLC_k1_0.4_k2_0.04	220	0.863432940951071	0.853055566512456	0.869430810929602	0.899670353820233	0.4	0.04	0.471369147712187	0.571505376344086	0.507455942159964
wdLC_k1_0.4_k2_0.04	230	0.851886408635981	0.841740412615674	0.856724175767274	0.89803801666342	0.4	0.04	0.471369147712187	0.571505376344086	0.507455942159964
wdLC_k1_0.4_k2_0.04	240	0.845028559523603	0.833823503880276	0.852544315005469	0.904260490633518	0.4	0.04	0.471369147712187	0.571505376344086	0.507455942159964
wdLC_k1_0.4_k2_0.04	240	0.845028559523603	0.833823503880276	0.852544315005469	0.904260490633518	0.4	0.04	0.471369147712187	0.571505376344086	0.507455942159964
wdLC_k1_0.4_k2_0.04	250	0.843395382326117	0.828161090577449	0.850252964047425	0.904260490633518	0.4	0.04	0.471369147712187	0.571505376344086	0.507455942159964
wdLC_k1_0.4_k2_0.04	260	0.810319906871631	0.798164060233026	0.825429370256956	0.904260490633518	0.4	0.04	0.471369147712187	0.571505376344086	0.507455942159964
wdLC_k1_0.4_k2_0.04	270	0.802673714469487	0.785999198281946	0.821239431725172	0.904260490633518	0.4	0.04	0.471369147712187	0.571505376344086	0.507455942159964
wdLC_k1_0.4_k2_0.04	280	0.804269915979249	0.7865320804019	0.821996271818336	0.904260490633518	0.4	0.04	0.471369147712187	0.571505376344086	0.507455942159964
wdLC_k1_0.4_k2_0.04	290	0.80445853839748	0.786712950377449	0.821953682667103	0.904260490633518	0.4	0.04	0.471369147712187	0.571505376344086	0.507455942159964
wdLC_k1_0.4_k2_0.04	300	0.796525294725497	0.775792175468616	0.817301970021889	0.904260490633518	0.4	0.04	0.471369147712187	0.571505376344086	0.507455942159964
wdLC_k1_0.4_k2_0.12	10	0.527272727272727	0.757575757575757	0.612121212121212	0.43030303030303	0.4	0.12	0.357199752190459	0.437275985663082	0.385901491188432
wdLC_k1_0.4_k2_0.12	20	0.560902255639098	0.720300751879699	0.717293233082707	0.616541353383459	0.4	0.12	0.357199752190459	0.437275985663082	0.385901491188432
wdLC_k1_0.4_k2_0.12	30	0.775750834260289	0.858954393770856	0.829588431590656	0.75706340378198	0.4	0.12	0.357199752190459	0.437275985663082	0.385901491188432
wdLC_k1_0.4_k2_0.12	40	0.841838649155723	0.9	0.865290806754222	0.793245778611633	0.4	0.12	0.357199752190459	0.437275985663082	0.385901491188432
wdLC_k1_0.4_k2_0.12	50	0.890324129651861	0.924129651860744	0.901464585834334	0.759039615846339	0.4	0.12	0.357199752190459	0.437275985663082	0.385901491188432
wdLC_k1_0.4_k2_0.12	60	0.870408446790775	0.892747985551542	0.88941372603501	0.79244234509586	0.4	0.12	0.357199752190459	0.437275985663082	0.385901491188432
wdLC_k1_0.4_k2_0.12	70	0.875006561105765	0.895652173913043	0.896422010322807	0.817303822937626	0.4	0.12	0.357199752190459	0.437275985663082	0.385901491188432
wdLC_k1_0.4_k2_0.12	80	0.865213314580403	0.892944210032818	0.899273323956868	0.851640881387717	0.4	0.12	0.357199752190459	0.437275985663082	0.385901491188432
wdLC_k1_0.4_k2_0.12	90	0.871687862699099	0.902852203975799	0.903675350866362	0.874371321562333	0.4	0.12	0.357199752190459	0.437275985663082	0.385901491188432
wdLC_k1_0.4_k2_0.12	100	0.88955295529553	0.907962796279628	0.914011401140114	0.894533453345335	0.4	0.12	0.357199752190459	0.437275985663082	0.385901491188432
wdLC_k1_0.4_k2_0.12	110	0.903766652390506	0.919284088091428	0.925153844419899	0.915920925095237	0.4	0.12	0.357199752190459	0.437275985663082	0.385901491188432
wdLC_k1_0.4_k2_0.12	120	0.915021876519203	0.92573095353844	0.93218279047156	0.924064171122994	0.4	0.12	0.357199752190459	0.437275985663082	0.385901491188432
wdLC_k1_0.4_k2_0.12	130	0.921834245995439	0.928399950839148	0.935801390159636	0.922620819620642	0.4	0.12	0.357199752190459	0.437275985663082	0.385901491188432
wdLC_k1_0.4_k2_0.12	140	0.928975968161641	0.932076709453106	0.939419649690582	0.922293411471431	0.4	0.12	0.357199752190459	0.437275985663082	0.385901491188432
wdLC_k1_0.4_k2_0.12	150	0.92755589137295	0.927011867194098	0.938233699275523	0.920433797057647	0.4	0.12	0.357199752190459	0.437275985663082	0.385901491188432
wdLC_k1_0.4_k2_0.12	160	0.912132309855854	0.910913512246572	0.922369037853041	0.91602894644322	0.4	0.12	0.357199752190459	0.437275985663082	0.385901491188432
wdLC_k1_0.4_k2_0.12	170	0.894380224839858	0.891527286716618	0.904507178143758	0.906141266846197	0.4	0.12	0.357199752190459	0.437275985663082	0.385901491188432
wdLC_k1_0.4_k2_0.12	180	0.886152864800354	0.88117740259473	0.897852814387275	0.909003364301367	0.4	0.12	0.357199752190459	0.437275985663082	0.385901491188432
wdLC_k1_0.4_k2_0.12	190	0.871855905033089	0.865898603402048	0.882913216724184	0.909053611340743	0.4	0.12	0.357199752190459	0.437275985663082	0.385901491188432
wdLC_k1_0.4_k2_0.12	200	0.869250731268282	0.860715517887947	0.877977949448736	0.903565589139729	0.4	0.12	0.357199752190459	0.437275985663082	0.385901491188432
wdLC_k1_0.4_k2_0.12	210	0.863146880557706	0.854099704236896	0.872305494455657	0.904009485151915	0.4	0.12	0.357199752190459	0.437275985663082	0.385901491188432
wdLC_k1_0.4_k2_0.12	220	0.863402512072939	0.853346331347943	0.873755092610854	0.906318500194407	0.4	0.12	0.357199752190459	0.437275985663082	0.385901491188432
wdLC_k1_0.4_k2_0.12	230	0.837523023777058	0.829634652418021	0.851508658419613	0.908552886263158	0.4	0.12	0.357199752190459	0.437275985663082	0.385901491188432
wdLC_k1_0.4_k2_0.12	240	0.837561415996805	0.826350283859095	0.849615444712582	0.907831733189812	0.4	0.12	0.357199752190459	0.437275985663082	0.385901491188432
wdLC_k1_0.4_k2_0.12	240	0.837561415996805	0.826350283859095	0.849615444712582	0.907831733189812	0.4	0.12	0.357199752190459	0.437275985663082	0.385901491188432
wdLC_k1_0.4_k2_0.12	250	0.832716939471032	0.820578505256084	0.84620477127634	0.907831733189812	0.4	0.12	0.357199752190459	0.437275985663082	0.385901491188432
wdLC_k1_0.4_k2_0.12	260	0.821858539099918	0.807334200437649	0.836556298625264	0.907831733189812	0.4	0.12	0.357199752190459	0.437275985663082	0.385901491188432
wdLC_k1_0.4_k2_0.12	270	0.810064762357661	0.790262021579324	0.825341911411679	0.907831733189812	0.4	0.12	0.357199752190459	0.437275985663082	0.385901491188432
wdLC_k1_0.4_k2_0.12	280	0.808697268368948	0.787718866676506	0.824643718123227	0.907831733189812	0.4	0.12	0.357199752190459	0.437275985663082	0.385901491188432
wdLC_k1_0.4_k2_0.12	290	0.823375160063817	0.797806280036952	0.838663053519436	0.907831733189812	0.4	0.12	0.357199752190459	0.437275985663082	0.385901491188432
wdLC_k1_0.4_k2_0.12	300	0.807141857131746	0.779167324081379	0.827069634107046	0.907831733189812	0.4	0.12	0.357199752190459	0.437275985663082	0.385901491188432
wdLC_k1_0.4_k2_0.2	10	0.6	0.587878787878788	0.709090909090909	0.709090909090909	0.4	0.2	0.274714576511196	0.337455197132617	0.294622684139178
wdLC_k1_0.4_k2_0.2	20	0.288721804511278	0.491729323308271	0.593984962406015	0.266165413533835	0.4	0.2	0.274714576511196	0.337455197132617	0.294622684139178
wdLC_k1_0.4_k2_0.2	30	0.651167964404894	0.795328142380423	0.773081201334817	0.588876529477197	0.4	0.2	0.274714576511196	0.337455197132617	0.294622684139178
wdLC_k1_0.4_k2_0.2	40	0.827954971857411	0.904127579737336	0.873545966228893	0.674108818011257	0.4	0.2	0.274714576511196	0.337455197132617	0.294622684139178
wdLC_k1_0.4_k2_0.2	50	0.895894357743097	0.938535414165666	0.921632653061225	0.721776710684274	0.4	0.2	0.274714576511196	0.337455197132617	0.294622684139178
wdLC_k1_0.4_k2_0.2	60	0.905807168657961	0.932647957766046	0.929924979160878	0.768157821617116	0.4	0.2	0.274714576511196	0.337455197132617	0.294622684139178
wdLC_k1_0.4_k2_0.2	70	0.898486571603534	0.919937013384656	0.93151955209518	0.814854343452016	0.4	0.2	0.274714576511196	0.337455197132617	0.294622684139178
wdLC_k1_0.4_k2_0.2	80	0.890717299578059	0.921542428504454	0.930590717299578	0.836708860759494	0.4	0.2	0.274714576511196	0.337455197132617	0.294622684139178
wdLC_k1_0.4_k2_0.2	90	0.889945260731778	0.920105362801992	0.922591266411491	0.866156315594518	0.4	0.2	0.274714576511196	0.337455197132617	0.294622684139178
wdLC_k1_0.4_k2_0.2	100	0.91013501350135	0.930501050105011	0.935325532553255	0.888124812481248	0.4	0.2	0.274714576511196	0.337455197132617	0.294622684139178
wdLC_k1_0.4_k2_0.2	110	0.920591483894236	0.937208935374073	0.941681130671956	0.908833938191736	0.4	0.2	0.274714576511196	0.337455197132617	0.294622684139178
wdLC_k1_0.4_k2_0.2	120	0.928349190916036	0.93828738106813	0.94412806444892	0.91507049100632	0.4	0.2	0.274714576511196	0.337455197132617	0.294622684139178
wdLC_k1_0.4_k2_0.2	130	0.932442065301998	0.939395594641467	0.944939846235781	0.923937237979489	0.4	0.2	0.274714576511196	0.337455197132617	0.294622684139178
wdLC_k1_0.4_k2_0.2	140	0.927209114167633	0.932658371782817	0.939096018018412	0.925717784435066	0.4	0.2	0.274714576511196	0.337455197132617	0.294622684139178
wdLC_k1_0.4_k2_0.2	150	0.913571269834215	0.917589226187831	0.927548779945776	0.919708431485844	0.4	0.2	0.274714576511196	0.337455197132617	0.294622684139178
wdLC_k1_0.4_k2_0.2	160	0.912794445095511	0.912448728465956	0.925392593460682	0.919843548576116	0.4	0.2	0.274714576511196	0.337455197132617	0.294622684139178
wdLC_k1_0.4_k2_0.2	170	0.89612178723872	0.894873626809802	0.907506671307577	0.919641428667387	0.4	0.2	0.274714576511196	0.337455197132617	0.294622684139178
wdLC_k1_0.4_k2_0.2	180	0.897081185633302	0.892050166157392	0.907348992252847	0.910810004424005	0.4	0.2	0.274714576511196	0.337455197132617	0.294622684139178
wdLC_k1_0.4_k2_0.2	190	0.878880447191277	0.873323798151574	0.888037720829124	0.90996339015077	0.4	0.2	0.274714576511196	0.337455197132617	0.294622684139178
wdLC_k1_0.4_k2_0.2	200	0.87865596639916	0.874664366609165	0.888469211730293	0.910881272031801	0.4	0.2	0.274714576511196	0.337455197132617	0.294622684139178
wdLC_k1_0.4_k2_0.2	210	0.878533040917676	0.870740185232577	0.89260397871024	0.912495586229685	0.4	0.2	0.274714576511196	0.337455197132617	0.294622684139178
wdLC_k1_0.4_k2_0.2	220	0.867287265514502	0.856524458619543	0.878961811757944	0.911561283197061	0.4	0.2	0.274714576511196	0.337455197132617	0.294622684139178
wdLC_k1_0.4_k2_0.2	230	0.856096893423645	0.839454185457603	0.870444497594678	0.909109155511282	0.4	0.2	0.274714576511196	0.337455197132617	0.294622684139178
wdLC_k1_0.4_k2_0.2	240	0.844408757096477	0.831422420528134	0.856309137311412	0.916378756575635	0.4	0.2	0.274714576511196	0.337455197132617	0.294622684139178
wdLC_k1_0.4_k2_0.2	240	0.844408757096477	0.831422420528134	0.856309137311412	0.916378756575635	0.4	0.2	0.274714576511196	0.337455197132617	0.294622684139178
wdLC_k1_0.4_k2_0.2	250	0.839841021456343	0.829528920462727	0.852528584457351	0.916378756575635	0.4	0.2	0.274714576511196	0.337455197132617	0.294622684139178
wdLC_k1_0.4_k2_0.2	260	0.839363122121743	0.828855456441663	0.852192852192852	0.916378756575635	0.4	0.2	0.274714576511196	0.337455197132617	0.294622684139178
wdLC_k1_0.4_k2_0.2	270	0.825661379290373	0.80771082060263	0.841330547134468	0.916378756575635	0.4	0.2	0.274714576511196	0.337455197132617	0.294622684139178
wdLC_k1_0.4_k2_0.2	280	0.820481493021959	0.803548332431354	0.839145360819107	0.916378756575635	0.4	0.2	0.274714576511196	0.337455197132617	0.294622684139178
wdLC_k1_0.4_k2_0.2	290	0.821941381893507	0.805565608021088	0.841248184098298	0.916378756575635	0.4	0.2	0.274714576511196	0.337455197132617	0.294622684139178
wdLC_k1_0.4_k2_0.2	300	0.827514083489817	0.807646751630574	0.846460071778575	0.916378756575635	0.4	0.2	0.274714576511196	0.337455197132617	0.294622684139178
wdLC_k1_0.4_k2_0.28	10	0.527272727272727	0.612121212121212	0.672727272727273	0.551515151515151	0.4	0.28	0.220196477564386	0.278494623655914	0.235065521915951
wdLC_k1_0.4_k2_0.28	20	0.189473684210526	0.413533834586466	0.494736842105263	0.159398496240601	0.4	0.28	0.220196477564386	0.278494623655914	0.235065521915951
wdLC_k1_0.4_k2_0.28	30	0.642714126807564	0.789098998887653	0.739710789766407	0.494104560622914	0.4	0.28	0.220196477564386	0.278494623655914	0.235065521915951
wdLC_k1_0.4_k2_0.28	40	0.815572232645404	0.887617260787993	0.849718574108818	0.625891181988743	0.4	0.28	0.220196477564386	0.278494623655914	0.235065521915951
wdLC_k1_0.4_k2_0.28	50	0.878895558223289	0.920096038415366	0.900984393757503	0.71140456182473	0.4	0.28	0.220196477564386	0.278494623655914	0.235065521915951
wdLC_k1_0.4_k2_0.28	60	0.893470408446791	0.921589330369547	0.913753820505696	0.782495137538205	0.4	0.28	0.220196477564386	0.278494623655914	0.235065521915951
wdLC_k1_0.4_k2_0.28	70	0.903000612369871	0.923961158253871	0.927530399790045	0.814644388067536	0.4	0.28	0.220196477564386	0.278494623655914	0.235065521915951
wdLC_k1_0.4_k2_0.28	80	0.89915611814346	0.928668541959681	0.932630098452883	0.841279887482419	0.4	0.28	0.220196477564386	0.278494623655914	0.235065521915951
wdLC_k1_0.4_k2_0.28	90	0.901502243075277	0.929983125488743	0.930131291929045	0.855587109519694	0.4	0.28	0.220196477564386	0.278494623655914	0.235065521915951
wdLC_k1_0.4_k2_0.28	100	0.914587458745875	0.935421542154215	0.937725772577258	0.882820282028203	0.4	0.28	0.220196477564386	0.278494623655914	0.235065521915951
wdLC_k1_0.4_k2_0.28	110	0.926524355882154	0.942285237698082	0.943448369136443	0.903045330568266	0.4	0.28	0.220196477564386	0.278494623655914	0.235065521915951
wdLC_k1_0.4_k2_0.28	120	0.928154732967567	0.937016459476352	0.942308493645392	0.921848739495798	0.4	0.28	0.220196477564386	0.278494623655914	0.235065521915951
wdLC_k1_0.4_k2_0.28	130	0.933643775007169	0.941717079299185	0.946851657130372	0.925018776714143	0.4	0.28	0.220196477564386	0.278494623655914	0.235065521915951
wdLC_k1_0.4_k2_0.28	140	0.922564562331898	0.928411799435831	0.933379982943736	0.929951236579126	0.4	0.28	0.220196477564386	0.278494623655914	0.235065521915951
wdLC_k1_0.4_k2_0.28	150	0.929166629627984	0.932025423352149	0.938799057735899	0.931780079114627	0.4	0.28	0.220196477564386	0.278494623655914	0.235065521915951
wdLC_k1_0.4_k2_0.28	160	0.931744404078284	0.931641861010196	0.94008262041486	0.924648423766553	0.4	0.28	0.220196477564386	0.278494623655914	0.235065521915951
wdLC_k1_0.4_k2_0.28	170	0.927782561171463	0.926204651901246	0.935178705552604	0.9255329412986	0.4	0.28	0.220196477564386	0.278494623655914	0.235065521915951
wdLC_k1_0.4_k2_0.28	180	0.924374209080527	0.920544872784139	0.930491681842032	0.927178822391638	0.4	0.28	0.220196477564386	0.278494623655914	0.235065521915951
wdLC_k1_0.4_k2_0.28	190	0.913773963705074	0.910509257436786	0.919171401453022	0.925135701382601	0.4	0.28	0.220196477564386	0.278494623655914	0.235065521915951
wdLC_k1_0.4_k2_0.28	200	0.914298357458937	0.908094202355059	0.920469511737794	0.927645691142279	0.4	0.28	0.220196477564386	0.278494623655914	0.235065521915951
wdLC_k1_0.4_k2_0.28	210	0.904974845558532	0.901292222369798	0.915733754895641	0.922013132788887	0.4	0.28	0.220196477564386	0.278494623655914	0.235065521915951
wdLC_k1_0.4_k2_0.28	220	0.904416131813392	0.900355567075954	0.912379481920175	0.923332751052332	0.4	0.28	0.220196477564386	0.278494623655914	0.235065521915951
wdLC_k1_0.4_k2_0.28	230	0.89480297564596	0.888996668795416	0.906006277754901	0.922230797491857	0.4	0.28	0.220196477564386	0.278494623655914	0.235065521915951
wdLC_k1_0.4_k2_0.28	240	0.890386117814545	0.87999965277175	0.903840344450424	0.91813486345249	0.4	0.28	0.220196477564386	0.278494623655914	0.235065521915951
wdLC_k1_0.4_k2_0.28	240	0.890386117814545	0.87999965277175	0.903840344450424	0.91813486345249	0.4	0.28	0.220196477564386	0.278494623655914	0.235065521915951
wdLC_k1_0.4_k2_0.28	250	0.881549464791437	0.871825661210579	0.900037824605194	0.91813486345249	0.4	0.28	0.220196477564386	0.278494623655914	0.235065521915951
wdLC_k1_0.4_k2_0.28	260	0.870135766687491	0.859640390674873	0.890981090981091	0.91813486345249	0.4	0.28	0.220196477564386	0.278494623655914	0.235065521915951
wdLC_k1_0.4_k2_0.28	270	0.870617947815166	0.858789710573685	0.890582251547422	0.91813486345249	0.4	0.28	0.220196477564386	0.278494623655914	0.235065521915951
wdLC_k1_0.4_k2_0.28	280	0.862834620703981	0.854830509864375	0.877341183287688	0.91813486345249	0.4	0.28	0.220196477564386	0.278494623655914	0.235065521915951
wdLC_k1_0.4_k2_0.28	290	0.866830348960646	0.857279536310039	0.880436972681212	0.91813486345249	0.4	0.28	0.220196477564386	0.278494623655914	0.235065521915951
wdLC_k1_0.4_k2_0.28	300	0.862182024244714	0.849165879620885	0.875433727041412	0.91813486345249	0.4	0.28	0.220196477564386	0.278494623655914	0.235065521915951
wdLC_k1_0.4_k2_0.36	10	0.672727272727273	0.684848484848485	0.757575757575757	0.466666666666667	0.4	0.36	0.171077086467829	0.22078853046595	0.182105738816087
wdLC_k1_0.4_k2_0.36	20	0.350375939849624	0.479699248120301	0.517293233082707	0.267669172932331	0.4	0.36	0.171077086467829	0.22078853046595	0.182105738816087
wdLC_k1_0.4_k2_0.36	30	0.492769744160178	0.676974416017798	0.634260289210234	0.365072302558398	0.4	0.36	0.171077086467829	0.22078853046595	0.182105738816087
wdLC_k1_0.4_k2_0.36	40	0.721013133208255	0.817073170731708	0.771106941838649	0.512007504690432	0.4	0.36	0.171077086467829	0.22078853046595	0.182105738816087
wdLC_k1_0.4_k2_0.36	50	0.812052821128451	0.868715486194478	0.837310924369748	0.602785114045618	0.4	0.36	0.171077086467829	0.22078853046595	0.182105738816087
wdLC_k1_0.4_k2_0.36	60	0.85162545151431	0.875743262017227	0.863073075854404	0.686357321478189	0.4	0.36	0.171077086467829	0.22078853046595	0.182105738816087
wdLC_k1_0.4_k2_0.36	70	0.862549208293238	0.888023794943574	0.887498906482372	0.789834660134721	0.4	0.36	0.171077086467829	0.22078853046595	0.182105738816087
wdLC_k1_0.4_k2_0.36	80	0.844678856071261	0.885208626347867	0.886005625879044	0.802578527894984	0.4	0.36	0.171077086467829	0.22078853046595	0.182105738816087
wdLC_k1_0.4_k2_0.36	90	0.874157303370786	0.901172984319052	0.903889369057908	0.818298555377207	0.4	0.36	0.171077086467829	0.22078853046595	0.182105738816087
wdLC_k1_0.4_k2_0.36	100	0.895373537353736	0.915871587158716	0.921020102010201	0.854533453345335	0.4	0.36	0.171077086467829	0.22078853046595	0.182105738816087
wdLC_k1_0.4_k2_0.36	110	0.911520861979577	0.92640714108604	0.931420327750603	0.884101616211708	0.4	0.36	0.171077086467829	0.22078853046595	0.182105738816087
wdLC_k1_0.4_k2_0.36	120	0.914410722966872	0.925015626085145	0.930335439961108	0.89341620945899	0.4	0.36	0.171077086467829	0.22078853046595	0.182105738816087
wdLC_k1_0.4_k2_0.36	130	0.924980540496252	0.933310573679826	0.937959005312103	0.913444127326606	0.4	0.36	0.171077086467829	0.22078853046595	0.182105738816087
wdLC_k1_0.4_k2_0.36	140	0.914841136209573	0.920631519100829	0.92708228553935	0.924222081301524	0.4	0.36	0.171077086467829	0.22078853046595	0.182105738816087
wdLC_k1_0.4_k2_0.36	150	0.919950220009778	0.923651717854127	0.931260944930886	0.933341037379439	0.4	0.36	0.171077086467829	0.22078853046595	0.182105738816087
wdLC_k1_0.4_k2_0.36	160	0.910336341263331	0.913327669049572	0.921337747568264	0.921888550333997	0.4	0.36	0.171077086467829	0.22078853046595	0.182105738816087
wdLC_k1_0.4_k2_0.36	170	0.913476346627097	0.914343463950513	0.922941359664389	0.920887146512296	0.4	0.36	0.171077086467829	0.22078853046595	0.182105738816087
wdLC_k1_0.4_k2_0.36	180	0.919396689198226	0.915855427636655	0.926944247250429	0.926536827268331	0.4	0.36	0.171077086467829	0.22078853046595	0.182105738816087
wdLC_k1_0.4_k2_0.36	190	0.905696177616817	0.904202040878812	0.912893927663837	0.932282713765216	0.4	0.36	0.171077086467829	0.22078853046595	0.182105738816087
wdLC_k1_0.4_k2_0.36	200	0.906667666691667	0.903795094877372	0.917206930173255	0.915525388134703	0.4	0.36	0.171077086467829	0.22078853046595	0.182105738816087
wdLC_k1_0.4_k2_0.36	210	0.901622647743875	0.897189764588118	0.912489107300781	0.91966776052583	0.4	0.36	0.171077086467829	0.22078853046595	0.182105738816087
wdLC_k1_0.4_k2_0.36	220	0.898919774826302	0.892473360644191	0.91176414238461	0.909232910522193	0.4	0.36	0.171077086467829	0.22078853046595	0.182105738816087
wdLC_k1_0.4_k2_0.36	230	0.889436555470351	0.883604605001985	0.905557514443028	0.91230573110201	0.4	0.36	0.171077086467829	0.22078853046595	0.182105738816087
wdLC_k1_0.4_k2_0.36	240	0.886417298911439	0.88275056858626	0.90689595305474	0.913292765499401	0.4	0.36	0.171077086467829	0.22078853046595	0.182105738816087
wdLC_k1_0.4_k2_0.36	240	0.886417298911439	0.88275056858626	0.90689595305474	0.913292765499401	0.4	0.36	0.171077086467829	0.22078853046595	0.182105738816087
wdLC_k1_0.4_k2_0.36	250	0.890045216723468	0.882036384582153	0.909152594441511	0.913292765499401	0.4	0.36	0.171077086467829	0.22078853046595	0.182105738816087
wdLC_k1_0.4_k2_0.36	260	0.867087929156894	0.86336347715658	0.887274390722667	0.913292765499401	0.4	0.36	0.171077086467829	0.22078853046595	0.182105738816087
wdLC_k1_0.4_k2_0.36	270	0.864436488231053	0.86081077167649	0.886123723690768	0.913292765499401	0.4	0.36	0.171077086467829	0.22078853046595	0.182105738816087
wdLC_k1_0.4_k2_0.36	280	0.862675544330923	0.856426740136991	0.881428516763151	0.913292765499401	0.4	0.36	0.171077086467829	0.22078853046595	0.182105738816087
wdLC_k1_0.4_k2_0.36	290	0.865084131141007	0.858186841370454	0.882143335994401	0.913292765499401	0.4	0.36	0.171077086467829	0.22078853046595	0.182105738816087
wdLC_k1_0.4_k2_0.36	300	0.862931365904066	0.855996177735308	0.881832464805165	0.913292765499401	0.4	0.36	0.171077086467829	0.22078853046595	0.182105738816087
wdLC_k1_0.4_k2_0.44	10	0.563636363636364	0.551515151515151	0.466666666666667	0.539393939393939	0.4	0.44	0.127444906628905	0.167025089605735	0.137189335743335
wdLC_k1_0.4_k2_0.44	20	0.284210526315789	0.467669172932331	0.484210526315789	0.308270676691729	0.4	0.44	0.127444906628905	0.167025089605735	0.137189335743335
wdLC_k1_0.4_k2_0.44	30	0.414460511679644	0.595995550611791	0.587541713014461	0.301890989988877	0.4	0.44	0.127444906628905	0.167025089605735	0.137189335743335
wdLC_k1_0.4_k2_0.44	40	0.724202626641651	0.800562851782364	0.801688555347092	0.512757973733584	0.4	0.44	0.127444906628905	0.167025089605735	0.137189335743335
wdLC_k1_0.4_k2_0.44	50	0.82828331332533	0.873805522208884	0.873421368547419	0.607875150060024	0.4	0.44	0.127444906628905	0.167025089605735	0.137189335743335
wdLC_k1_0.4_k2_0.44	60	0.841122534037233	0.87707696582384	0.893025840511253	0.709974993053626	0.4	0.44	0.127444906628905	0.167025089605735	0.137189335743335
wdLC_k1_0.4_k2_0.44	70	0.875321494182486	0.896177062374246	0.906779809290526	0.776992389117313	0.4	0.44	0.127444906628905	0.167025089605735	0.137189335743335
wdLC_k1_0.4_k2_0.44	80	0.871565869667136	0.907501172058134	0.911861228316925	0.812165963431786	0.4	0.44	0.127444906628905	0.167025089605735	0.137189335743335
wdLC_k1_0.4_k2_0.44	90	0.892678108408446	0.915281722023295	0.923562579742355	0.841412520064205	0.4	0.44	0.127444906628905	0.167025089605735	0.137189335743335
wdLC_k1_0.4_k2_0.44	100	0.911647164716472	0.93033303330333	0.937497749774978	0.866174617461746	0.4	0.44	0.127444906628905	0.167025089605735	0.137189335743335
wdLC_k1_0.4_k2_0.44	110	0.921763631855375	0.934999887293465	0.941545882830286	0.884741789328945	0.4	0.44	0.127444906628905	0.167025089605735	0.137189335743335
wdLC_k1_0.4_k2_0.44	120	0.927210222932148	0.937822070977151	0.943565525383707	0.89497881797347	0.4	0.44	0.127444906628905	0.167025089605735	0.137189335743335
wdLC_k1_0.4_k2_0.44	130	0.931442461319969	0.94147673735815	0.945076404156823	0.913771866337107	0.4	0.44	0.127444906628905	0.167025089605735	0.137189335743335
wdLC_k1_0.4_k2_0.44	140	0.931477553519495	0.938474995079924	0.943351337167348	0.9250574008878	0.4	0.44	0.127444906628905	0.167025089605735	0.137189335743335
wdLC_k1_0.4_k2_0.44	150	0.936519845326459	0.942073869949776	0.947346993199698	0.925034890439575	0.4	0.44	0.127444906628905	0.167025089605735	0.137189335743335
wdLC_k1_0.4_k2_0.44	160	0.92594632602836	0.928896636587367	0.936101019571077	0.922817297550685	0.4	0.44	0.127444906628905	0.167025089605735	0.137189335743335
wdLC_k1_0.4_k2_0.44	170	0.928991640256227	0.930046836548385	0.936844547847168	0.923302862097814	0.4	0.44	0.127444906628905	0.167025089605735	0.137189335743335
wdLC_k1_0.4_k2_0.44	180	0.924363920697141	0.92154490364929	0.930522546992191	0.925359836208936	0.4	0.44	0.127444906628905	0.167025089605735	0.137189335743335
wdLC_k1_0.4_k2_0.44	190	0.921295385059508	0.917028172525555	0.92774431716289	0.925137450957236	0.4	0.44	0.127444906628905	0.167025089605735	0.137189335743335
wdLC_k1_0.4_k2_0.44	200	0.909532738318458	0.906114152853822	0.917265431635791	0.923993099827496	0.4	0.44	0.127444906628905	0.167025089605735	0.137189335743335
wdLC_k1_0.4_k2_0.44	210	0.905196424927031	0.903357704904225	0.915166200723696	0.9209181938042	0.4	0.44	0.127444906628905	0.167025089605735	0.137189335743335
wdLC_k1_0.4_k2_0.44	220	0.90684706107752	0.901852217081871	0.915396448837222	0.925147213785409	0.4	0.44	0.127444906628905	0.167025089605735	0.137189335743335
wdLC_k1_0.4_k2_0.44	230	0.900165450649597	0.900675364127045	0.915683784603473	0.91634164202989	0.4	0.44	0.127444906628905	0.167025089605735	0.137189335743335
wdLC_k1_0.4_k2_0.44	240	0.886485008420285	0.885194187399087	0.90198961787531	0.918485563985486	0.4	0.44	0.127444906628905	0.167025089605735	0.137189335743335
wdLC_k1_0.4_k2_0.44	240	0.886485008420285	0.885194187399087	0.90198961787531	0.918485563985486	0.4	0.44	0.127444906628905	0.167025089605735	0.137189335743335
wdLC_k1_0.4_k2_0.44	250	0.877241683866942	0.871254260068161	0.890377766044257	0.918485563985486	0.4	0.44	0.127444906628905	0.167025089605735	0.137189335743335
wdLC_k1_0.4_k2_0.44	260	0.876992718372028	0.871471243885037	0.887509259923053	0.918485563985486	0.4	0.44	0.127444906628905	0.167025089605735	0.137189335743335
wdLC_k1_0.4_k2_0.44	270	0.87318161657453	0.868460320290935	0.881759694920369	0.918485563985486	0.4	0.44	0.127444906628905	0.167025089605735	0.137189335743335
wdLC_k1_0.4_k2_0.44	280	0.869188382504879	0.859934620157327	0.881210401736174	0.918485563985486	0.4	0.44	0.127444906628905	0.167025089605735	0.137189335743335
wdLC_k1_0.4_k2_0.44	290	0.867321887873528	0.857497506018154	0.879200990950321	0.918485563985486	0.4	0.44	0.127444906628905	0.167025089605735	0.137189335743335
wdLC_k1_0.4_k2_0.44	300	0.860716674629718	0.848800097778864	0.875164390715452	0.918485563985486	0.4	0.44	0.127444906628905	0.167025089605735	0.137189335743335
