domainDef	Ntopdommks	LCloose	LCstrict	nmfpred	LFF_Visium_Domains	k1	k2	looseInDom	strictInDom	WebDivNMFInDom
wdLC_k1_0.04_k2_0.36	10	0.672727272727273	0.127272727272727	-0.321212121212121	0.612121212121212	0.04	0.36	0.89459244180901	0.989784946236559	0.972074107546317
wdLC_k1_0.04_k2_0.36	20	0.760902255639098	0.688721804511278	0.518796992481203	0.771428571428571	0.04	0.36	0.89459244180901	0.989784946236559	0.972074107546317
wdLC_k1_0.04_k2_0.36	30	0.794438264738599	0.780200222469411	0.685428253615128	0.808231368186874	0.04	0.36	0.89459244180901	0.989784946236559	0.972074107546317
wdLC_k1_0.04_k2_0.36	40	0.807692307692308	0.794746716697936	0.763414634146342	0.811444652908068	0.04	0.36	0.89459244180901	0.989784946236559	0.972074107546317
wdLC_k1_0.04_k2_0.36	50	0.814549819927971	0.794669867947179	0.791692677070828	0.77719087635054	0.04	0.36	0.89459244180901	0.989784946236559	0.972074107546317
wdLC_k1_0.04_k2_0.36	60	0.841400388996944	0.818727424284524	0.827618782995277	0.820005557099194	0.04	0.36	0.89459244180901	0.989784946236559	0.972074107546317
wdLC_k1_0.04_k2_0.36	70	0.850336803429271	0.840538885486834	0.84739742804654	0.844213104715248	0.04	0.36	0.89459244180901	0.989784946236559	0.972074107546317
wdLC_k1_0.04_k2_0.36	80	0.841303328645101	0.83820909517112	0.84831223628692	0.86657290201594	0.04	0.36	0.89459244180901	0.989784946236559	0.972074107546317
wdLC_k1_0.04_k2_0.36	90	0.853101205910195	0.852590854838046	0.870222661233897	0.888628225706877	0.04	0.36	0.89459244180901	0.989784946236559	0.972074107546317
wdLC_k1_0.04_k2_0.36	100	0.838931893189319	0.846204620462046	0.858637863786379	0.901230123012301	0.04	0.36	0.89459244180901	0.989784946236559	0.972074107546317
wdLC_k1_0.04_k2_0.36	110	0.833771386064964	0.851173275026486	0.852020828167617	0.913765976151297	0.04	0.36	0.89459244180901	0.989784946236559	0.972074107546317
wdLC_k1_0.04_k2_0.36	120	0.842072366136537	0.856233071741093	0.860511146607403	0.918779081880686	0.04	0.36	0.89459244180901	0.989784946236559	0.972074107546317
wdLC_k1_0.04_k2_0.36	130	0.855363312348933	0.86567616654604	0.871504458616122	0.913591609881331	0.04	0.36	0.89459244180901	0.989784946236559	0.972074107546317
wdLC_k1_0.04_k2_0.36	140	0.87275152522359	0.876696332903282	0.886698300933721	0.913957709212569	0.04	0.36	0.89459244180901	0.989784946236559	0.972074107546317
wdLC_k1_0.04_k2_0.36	150	0.859883550380017	0.861337837237211	0.872872572114316	0.913354371305391	0.04	0.36	0.89459244180901	0.989784946236559	0.972074107546317
wdLC_k1_0.04_k2_0.36	160	0.85290343372788	0.854063635298254	0.866483065744756	0.896973514590414	0.04	0.36	0.89459244180901	0.989784946236559	0.972074107546317
wdLC_k1_0.04_k2_0.36	170	0.849803066664224	0.843821178424656	0.860843546387724	0.886627463193312	0.04	0.36	0.89459244180901	0.989784946236559	0.972074107546317
wdLC_k1_0.04_k2_0.36	180	0.846242167968147	0.838346862557486	0.856112842988981	0.878232867269566	0.04	0.36	0.89459244180901	0.989784946236559	0.972074107546317
wdLC_k1_0.04_k2_0.36	190	0.84553180507989	0.836250311642982	0.859694611747519	0.873547743704812	0.04	0.36	0.89459244180901	0.989784946236559	0.972074107546317
wdLC_k1_0.04_k2_0.36	200	0.838688967224181	0.826693167329183	0.853558838970974	0.872541813545339	0.04	0.36	0.89459244180901	0.989784946236559	0.972074107546317
wdLC_k1_0.04_k2_0.36	210	0.83138976264444	0.819959636272932	0.842576281289177	0.875910370497549	0.04	0.36	0.89459244180901	0.989784946236559	0.972074107546317
wdLC_k1_0.04_k2_0.36	220	0.82600203986183	0.813352642522667	0.836046950631963	0.877029014498797	0.04	0.36	0.89459244180901	0.989784946236559	0.972074107546317
wdLC_k1_0.04_k2_0.36	230	0.809979805650966	0.799198636943084	0.82142376325023	0.885260590937447	0.04	0.36	0.89459244180901	0.989784946236559	0.972074107546317
wdLC_k1_0.04_k2_0.36	240	0.803600756957586	0.793256827375475	0.809028802583378	0.896943523325058	0.04	0.36	0.89459244180901	0.989784946236559	0.972074107546317
wdLC_k1_0.04_k2_0.36	250	0.789949407190515	0.776253444055105	0.796338501416023	0.896943523325058	0.04	0.36	0.89459244180901	0.989784946236559	0.972074107546317
wdLC_k1_0.04_k2_0.36	260	0.781056843125809	0.762099348306245	0.784911702153081	0.896943523325058	0.04	0.36	0.89459244180901	0.989784946236559	0.972074107546317
wdLC_k1_0.04_k2_0.36	270	0.774385565416992	0.759610176027411	0.783466622770317	0.896943523325058	0.04	0.36	0.89459244180901	0.989784946236559	0.972074107546317
wdLC_k1_0.04_k2_0.36	280	0.770596017077477	0.745952298954251	0.781689817472162	0.896943523325058	0.04	0.36	0.89459244180901	0.989784946236559	0.972074107546317
wdLC_k1_0.04_k2_0.36	290	0.773149133348996	0.746668027952278	0.786457586317604	0.896943523325058	0.04	0.36	0.89459244180901	0.989784946236559	0.972074107546317
wdLC_k1_0.04_k2_0.36	300	0.769414326825854	0.741412237913755	0.784558939543773	0.896943523325058	0.04	0.36	0.89459244180901	0.989784946236559	0.972074107546317
wdLC_k1_0.04_k2_0.44	10	0.721212121212121	0.212121212121212	-0.248484848484848	0.587878787878788	0.04	0.44	0.869545977520134	0.971146953405018	0.941165838228649
wdLC_k1_0.04_k2_0.44	20	0.839097744360902	0.765413533834587	0.545864661654135	0.789473684210526	0.04	0.44	0.869545977520134	0.971146953405018	0.941165838228649
wdLC_k1_0.04_k2_0.44	30	0.863403781979978	0.810901001112347	0.753503893214683	0.73615127919911	0.04	0.44	0.869545977520134	0.971146953405018	0.941165838228649
wdLC_k1_0.04_k2_0.44	40	0.882926829268293	0.826829268292683	0.831707317073171	0.828893058161351	0.04	0.44	0.869545977520134	0.971146953405018	0.941165838228649
wdLC_k1_0.04_k2_0.44	50	0.867178871548619	0.827515006002401	0.856134453781513	0.802352941176471	0.04	0.44	0.869545977520134	0.971146953405018	0.941165838228649
wdLC_k1_0.04_k2_0.44	60	0.876243400944707	0.844123367602112	0.875131981105863	0.79344262295082	0.04	0.44	0.869545977520134	0.971146953405018	0.941165838228649
wdLC_k1_0.04_k2_0.44	70	0.874761613157204	0.86835797393054	0.882180036742192	0.837249584463302	0.04	0.44	0.869545977520134	0.971146953405018	0.941165838228649
wdLC_k1_0.04_k2_0.44	80	0.863103609939053	0.86221284575715	0.884599156118144	0.863127051101735	0.04	0.44	0.869545977520134	0.971146953405018	0.941165838228649
wdLC_k1_0.04_k2_0.44	90	0.874535950940445	0.8795900728485	0.896118862410997	0.869350125529901	0.04	0.44	0.869545977520134	0.971146953405018	0.941165838228649
wdLC_k1_0.04_k2_0.44	100	0.892757275727573	0.895853585358536	0.908994899489949	0.886588658865887	0.04	0.44	0.869545977520134	0.971146953405018	0.941165838228649
wdLC_k1_0.04_k2_0.44	110	0.893749295584158	0.900628902463765	0.908626558167843	0.898978878795393	0.04	0.44	0.869545977520134	0.971146953405018	0.941165838228649
wdLC_k1_0.04_k2_0.44	120	0.894826029585388	0.899104104451698	0.907396346968539	0.905521216751163	0.04	0.44	0.869545977520134	0.971146953405018	0.941165838228649
wdLC_k1_0.04_k2_0.44	130	0.90420734954731	0.907036829671305	0.916672356580043	0.902858157287413	0.04	0.44	0.869545977520134	0.971146953405018	0.941165838228649
wdLC_k1_0.04_k2_0.44	140	0.893910039141939	0.895917430189587	0.906374231921454	0.911250574008878	0.04	0.44	0.869545977520134	0.971146953405018	0.941165838228649
wdLC_k1_0.04_k2_0.44	150	0.894125072225432	0.895430019111961	0.90659495977599	0.902555669140851	0.04	0.44	0.869545977520134	0.971146953405018	0.941165838228649
wdLC_k1_0.04_k2_0.44	160	0.884888081565686	0.883270830891832	0.897342669635533	0.900073245048635	0.04	0.44	0.869545977520134	0.971146953405018	0.941165838228649
wdLC_k1_0.04_k2_0.44	170	0.885467235788741	0.881209811859967	0.895037279938447	0.881104780747553	0.04	0.44	0.869545977520134	0.971146953405018	0.941165838228649
wdLC_k1_0.04_k2_0.44	180	0.889854625142751	0.882193894873299	0.897435106021791	0.871520725948332	0.04	0.44	0.869545977520134	0.971146953405018	0.941165838228649
wdLC_k1_0.04_k2_0.44	190	0.882468824766979	0.874196835894274	0.891664589046788	0.867894868060203	0.04	0.44	0.869545977520134	0.971146953405018	0.941165838228649
wdLC_k1_0.04_k2_0.44	200	0.875676891922298	0.864101102527563	0.883534088352209	0.866651166279157	0.04	0.44	0.869545977520134	0.971146953405018	0.941165838228649
wdLC_k1_0.04_k2_0.44	210	0.868529574690712	0.857512803983246	0.875832623350708	0.871450275840398	0.04	0.44	0.869545977520134	0.971146953405018	0.941165838228649
wdLC_k1_0.04_k2_0.44	220	0.856793810540789	0.845107994342483	0.865526898564771	0.874640911063151	0.04	0.44	0.869545977520134	0.971146953405018	0.941165838228649
wdLC_k1_0.04_k2_0.44	230	0.849368402624526	0.835117455166819	0.857326800786075	0.883697316543339	0.04	0.44	0.869545977520134	0.971146953405018	0.941165838228649
wdLC_k1_0.04_k2_0.44	240	0.828171496032917	0.814055799579854	0.835862601781281	0.894610149481762	0.04	0.44	0.869545977520134	0.971146953405018	0.941165838228649
wdLC_k1_0.04_k2_0.44	250	0.827505976095618	0.808252676042817	0.833358997743964	0.894610149481762	0.04	0.44	0.869545977520134	0.971146953405018	0.941165838228649
wdLC_k1_0.04_k2_0.44	260	0.802737182047527	0.779442117373152	0.80737994531098	0.894610149481762	0.04	0.44	0.869545977520134	0.971146953405018	0.941165838228649
wdLC_k1_0.04_k2_0.44	270	0.796673327328069	0.772985759597373	0.802335956445066	0.894610149481762	0.04	0.44	0.869545977520134	0.971146953405018	0.941165838228649
wdLC_k1_0.04_k2_0.44	280	0.790310554252696	0.769792982053343	0.800967577939223	0.894610149481762	0.04	0.44	0.869545977520134	0.971146953405018	0.941165838228649
wdLC_k1_0.04_k2_0.44	290	0.789990860525218	0.767421893162861	0.802917005450473	0.894610149481762	0.04	0.44	0.869545977520134	0.971146953405018	0.941165838228649
wdLC_k1_0.04_k2_0.44	300	0.784360715119057	0.763309814553495	0.793398593317704	0.894610149481762	0.04	0.44	0.869545977520134	0.971146953405018	0.941165838228649
wdLC_k1_0.04_k2_0.453	10	0.721212121212121	0.212121212121212	-0.248484848484848	0.587878787878788	0.04	0.453	0.865032303743694	0.968637992831541	0.935472209670131
wdLC_k1_0.04_k2_0.453	20	0.827067669172932	0.759398496240602	0.532330827067669	0.780451127819549	0.04	0.453	0.865032303743694	0.968637992831541	0.935472209670131
wdLC_k1_0.04_k2_0.453	30	0.852725250278087	0.795773081201335	0.737486095661847	0.735261401557286	0.04	0.453	0.865032303743694	0.968637992831541	0.935472209670131
wdLC_k1_0.04_k2_0.453	40	0.875609756097561	0.816322701688556	0.821951219512195	0.824953095684803	0.04	0.453	0.865032303743694	0.968637992831541	0.935472209670131
wdLC_k1_0.04_k2_0.453	50	0.8646818727491	0.823673469387755	0.852100840336135	0.803889555822329	0.04	0.453	0.865032303743694	0.968637992831541	0.935472209670131
wdLC_k1_0.04_k2_0.453	60	0.875576549041401	0.843011947763268	0.872742428452348	0.794276187829953	0.04	0.453	0.865032303743694	0.968637992831541	0.935472209670131
wdLC_k1_0.04_k2_0.453	70	0.87619630828449	0.869197795468463	0.882145044178112	0.83948910856443	0.04	0.453	0.865032303743694	0.968637992831541	0.935472209670131
wdLC_k1_0.04_k2_0.453	80	0.866033755274262	0.864556962025316	0.885771214252227	0.862751992498828	0.04	0.453	0.865032303743694	0.968637992831541	0.935472209670131
wdLC_k1_0.04_k2_0.453	90	0.877845001440507	0.88182903239083	0.897946248508046	0.869514754908013	0.04	0.453	0.865032303743694	0.968637992831541	0.935472209670131
wdLC_k1_0.04_k2_0.453	100	0.895517551755176	0.897941794179418	0.910747074707471	0.887164716471647	0.04	0.453	0.865032303743694	0.968637992831541	0.935472209670131
wdLC_k1_0.04_k2_0.453	110	0.896291955007551	0.902603520952145	0.910204449653991	0.899772332799856	0.04	0.453	0.865032303743694	0.968637992831541	0.935472209670131
wdLC_k1_0.04_k2_0.453	120	0.897520661157025	0.901375095492742	0.909327036599764	0.905889297867907	0.04	0.453	0.865032303743694	0.968637992831541	0.935472209670131
wdLC_k1_0.04_k2_0.453	130	0.90659984432397	0.909036037635363	0.918480383454642	0.905441833153532	0.04	0.453	0.865032303743694	0.968637992831541	0.935472209670131
wdLC_k1_0.04_k2_0.453	140	0.894797839539918	0.896975793225602	0.907288272725285	0.911473617458617	0.04	0.453	0.865032303743694	0.968637992831541	0.935472209670131
wdLC_k1_0.04_k2_0.453	150	0.897076314502867	0.898409707098093	0.910356904751322	0.906961198275479	0.04	0.453	0.865032303743694	0.968637992831541	0.935472209670131
wdLC_k1_0.04_k2_0.453	160	0.887117660846127	0.885251377006914	0.899071252783312	0.897310441814133	0.04	0.453	0.865032303743694	0.968637992831541	0.935472209670131
wdLC_k1_0.04_k2_0.453	170	0.887973326982615	0.883493627908965	0.896959593554021	0.880442840480945	0.04	0.453	0.865032303743694	0.968637992831541	0.935472209670131
wdLC_k1_0.04_k2_0.453	180	0.889541858287807	0.883181579678385	0.898155292858833	0.870843750321512	0.04	0.453	0.865032303743694	0.968637992831541	0.935472209670131
wdLC_k1_0.04_k2_0.453	190	0.885156171405827	0.877736225380205	0.892871795544708	0.867114557773142	0.04	0.453	0.865032303743694	0.968637992831541	0.935472209670131
wdLC_k1_0.04_k2_0.453	200	0.876771919297983	0.865046126153154	0.884474611865297	0.866649666241656	0.04	0.453	0.865032303743694	0.968637992831541	0.935472209670131
wdLC_k1_0.04_k2_0.453	210	0.866467979513627	0.854894020920462	0.873992607542121	0.870482323862219	0.04	0.453	0.865032303743694	0.968637992831541	0.935472209670131
wdLC_k1_0.04_k2_0.453	220	0.858620670224216	0.846521246682407	0.866597544276835	0.872666414971008	0.04	0.453	0.865032303743694	0.968637992831541	0.935472209670131
wdLC_k1_0.04_k2_0.453	230	0.846529851390303	0.832541257868769	0.853919158494818	0.882595627270015	0.04	0.453	0.865032303743694	0.968637992831541	0.935472209670131
wdLC_k1_0.04_k2_0.453	240	0.829404156322158	0.814867445615375	0.838718554141565	0.893564992447785	0.04	0.453	0.865032303743694	0.968637992831541	0.935472209670131
wdLC_k1_0.04_k2_0.453	250	0.827520568329093	0.80807219315509	0.833327509240148	0.893564992447785	0.04	0.453	0.865032303743694	0.968637992831541	0.935472209670131
wdLC_k1_0.04_k2_0.453	260	0.806476654752517	0.782659279211003	0.811550921895749	0.893564992447785	0.04	0.453	0.865032303743694	0.968637992831541	0.935472209670131
wdLC_k1_0.04_k2_0.453	270	0.797562838081912	0.773354610869529	0.805377607679423	0.893564992447785	0.04	0.453	0.865032303743694	0.968637992831541	0.935472209670131
wdLC_k1_0.04_k2_0.453	280	0.791064937052768	0.769382991401129	0.800663091548179	0.893564992447785	0.04	0.453	0.865032303743694	0.968637992831541	0.935472209670131
wdLC_k1_0.04_k2_0.453	290	0.785501078162806	0.762998042946921	0.799717820253716	0.893564992447785	0.04	0.453	0.865032303743694	0.968637992831541	0.935472209670131
wdLC_k1_0.04_k2_0.453	300	0.785071389682108	0.760794675496394	0.793058145090501	0.893564992447785	0.04	0.453	0.865032303743694	0.968637992831541	0.935472209670131
wdLC_k1_0.04_k2_0.467	10	0.648484848484848	0.187878787878788	-0.296969696969697	0.551515151515151	0.04	0.467	0.859368085671298	0.962544802867384	0.929417080885676
wdLC_k1_0.04_k2_0.467	20	0.750375939849624	0.702255639097744	0.506766917293233	0.718796992481203	0.04	0.467	0.859368085671298	0.962544802867384	0.929417080885676
wdLC_k1_0.04_k2_0.467	30	0.822914349276974	0.806451612903226	0.72146829810901	0.777530589543938	0.04	0.467	0.859368085671298	0.962544802867384	0.929417080885676
wdLC_k1_0.04_k2_0.467	40	0.813883677298312	0.804315196998124	0.782551594746717	0.779924953095685	0.04	0.467	0.859368085671298	0.962544802867384	0.929417080885676
wdLC_k1_0.04_k2_0.467	50	0.834237695078031	0.816662665066026	0.821848739495798	0.777863145258103	0.04	0.467	0.859368085671298	0.962544802867384	0.929417080885676
wdLC_k1_0.04_k2_0.467	60	0.835565434843012	0.814837454848569	0.837899416504585	0.813726035009725	0.04	0.467	0.859368085671298	0.962544802867384	0.929417080885676
wdLC_k1_0.04_k2_0.467	70	0.846837547021258	0.84214854343452	0.856985390604496	0.855515702913131	0.04	0.467	0.859368085671298	0.962544802867384	0.929417080885676
wdLC_k1_0.04_k2_0.467	80	0.857454289732771	0.854313173933427	0.876300984528833	0.873417721518987	0.04	0.467	0.859368085671298	0.962544802867384	0.929417080885676
wdLC_k1_0.04_k2_0.467	90	0.849397044902663	0.852804873029592	0.877285261554924	0.892497016092522	0.04	0.467	0.859368085671298	0.962544802867384	0.929417080885676
wdLC_k1_0.04_k2_0.467	100	0.851125112511251	0.857149714971497	0.875055505550555	0.907938793879388	0.04	0.467	0.859368085671298	0.962544802867384	0.929417080885676
wdLC_k1_0.04_k2_0.467	110	0.850605234091473	0.866284967202398	0.87256046705588	0.918409485381962	0.04	0.467	0.859368085671298	0.962544802867384	0.929417080885676
wdLC_k1_0.04_k2_0.467	120	0.852788388082506	0.865219806931037	0.874296826168484	0.924591985554552	0.04	0.467	0.859368085671298	0.962544802867384	0.929417080885676
wdLC_k1_0.04_k2_0.467	130	0.873651149134906	0.882898851547884	0.891338131068293	0.918556855890426	0.04	0.467	0.859368085671298	0.962544802867384	0.929417080885676
wdLC_k1_0.04_k2_0.467	140	0.872637816798233	0.877942752181234	0.888421420917977	0.922573309133848	0.04	0.467	0.859368085671298	0.962544802867384	0.929417080885676
wdLC_k1_0.04_k2_0.467	150	0.874536646073159	0.87595537579448	0.8884359304858	0.914879772434331	0.04	0.467	0.859368085671298	0.962544802867384	0.929417080885676
wdLC_k1_0.04_k2_0.467	160	0.866951834056018	0.866368803468885	0.879968944099379	0.907857728817532	0.04	0.467	0.859368085671298	0.962544802867384	0.929417080885676
wdLC_k1_0.04_k2_0.467	170	0.856893888044162	0.855572450094956	0.867177166724678	0.894683105257052	0.04	0.467	0.859368085671298	0.962544802867384	0.929417080885676
wdLC_k1_0.04_k2_0.467	180	0.855355617971748	0.848931551385331	0.867563813697954	0.879000380670185	0.04	0.467	0.859368085671298	0.962544802867384	0.929417080885676
wdLC_k1_0.04_k2_0.467	190	0.852580841282963	0.843344836786556	0.866376237277312	0.872629217021612	0.04	0.467	0.859368085671298	0.962544802867384	0.929417080885676
wdLC_k1_0.04_k2_0.467	200	0.845650641266032	0.833309832745819	0.858267456686417	0.877154428860722	0.04	0.467	0.859368085671298	0.962544802867384	0.929417080885676
wdLC_k1_0.04_k2_0.467	210	0.840881393488029	0.827083866495191	0.852238955855818	0.879625388330801	0.04	0.467	0.859368085671298	0.962544802867384	0.929417080885676
wdLC_k1_0.04_k2_0.467	220	0.8366149563571	0.825853276457628	0.852248637744206	0.881059150358103	0.04	0.467	0.859368085671298	0.962544802867384	0.929417080885676
wdLC_k1_0.04_k2_0.467	230	0.827333630865053	0.816124410998153	0.841991917328921	0.889538143648643	0.04	0.467	0.859368085671298	0.962544802867384	0.929417080885676
wdLC_k1_0.04_k2_0.467	240	0.802281289605722	0.791200368061945	0.813653014809285	0.899873261688571	0.04	0.467	0.859368085671298	0.962544802867384	0.929417080885676
wdLC_k1_0.04_k2_0.467	250	0.799534200547209	0.783409782556521	0.812085825373206	0.899873261688571	0.04	0.467	0.859368085671298	0.962544802867384	0.929417080885676
wdLC_k1_0.04_k2_0.467	260	0.790521935349521	0.772308648170717	0.799108316349695	0.899873261688571	0.04	0.467	0.859368085671298	0.962544802867384	0.929417080885676
wdLC_k1_0.04_k2_0.467	270	0.787165499907787	0.761455651731238	0.791834974111823	0.899873261688571	0.04	0.467	0.859368085671298	0.962544802867384	0.929417080885676
wdLC_k1_0.04_k2_0.467	280	0.783156490698679	0.759312527674369	0.792168085234323	0.899873261688571	0.04	0.467	0.859368085671298	0.962544802867384	0.929417080885676
wdLC_k1_0.04_k2_0.467	290	0.780810055144368	0.756235569654976	0.791564867514518	0.899873261688571	0.04	0.467	0.859368085671298	0.962544802867384	0.929417080885676
wdLC_k1_0.04_k2_0.467	300	0.779471327459194	0.751752797253303	0.794477716419071	0.899873261688571	0.04	0.467	0.859368085671298	0.962544802867384	0.929417080885676
wdLC_k1_0.04_k2_0.48	10	0.624242424242424	0.175757575757576	-0.260606060606061	0.527272727272727	0.04	0.48	0.852553323302947	0.954659498207885	0.921464075915047
wdLC_k1_0.04_k2_0.48	20	0.762406015037594	0.714285714285714	0.527819548872181	0.8	0.04	0.48	0.852553323302947	0.954659498207885	0.921464075915047
wdLC_k1_0.04_k2_0.48	30	0.828698553948832	0.811790878754171	0.72769744160178	0.777530589543938	0.04	0.48	0.852553323302947	0.954659498207885	0.921464075915047
wdLC_k1_0.04_k2_0.48	40	0.821200750469043	0.810694183864916	0.789493433395873	0.787242026266417	0.04	0.48	0.852553323302947	0.954659498207885	0.921464075915047
wdLC_k1_0.04_k2_0.48	50	0.840192076830732	0.823289315726291	0.827322929171669	0.782376950780312	0.04	0.48	0.852553323302947	0.954659498207885	0.921464075915047
wdLC_k1_0.04_k2_0.48	60	0.844456793553765	0.821339260905807	0.840677966101695	0.816838010558489	0.04	0.48	0.852553323302947	0.954659498207885	0.921464075915047
wdLC_k1_0.04_k2_0.48	70	0.85009185548071	0.846277665995976	0.860904557781471	0.857650249322019	0.04	0.48	0.852553323302947	0.954659498207885	0.921464075915047
wdLC_k1_0.04_k2_0.48	80	0.861251758087201	0.859001406469761	0.88019221753399	0.871143928738865	0.04	0.48	0.852553323302947	0.954659498207885	0.921464075915047
wdLC_k1_0.04_k2_0.48	90	0.853068280034572	0.857299255052064	0.880758941433099	0.892826274848747	0.04	0.48	0.852553323302947	0.954659498207885	0.921464075915047
wdLC_k1_0.04_k2_0.48	100	0.854533453345335	0.861206120612061	0.878451845184518	0.909414941494149	0.04	0.48	0.852553323302947	0.954659498207885	0.921464075915047
wdLC_k1_0.04_k2_0.48	110	0.854103644929333	0.87022518765638	0.87592363005207	0.918517683655298	0.04	0.48	0.852553323302947	0.954659498207885	0.921464075915047
wdLC_k1_0.04_k2_0.48	120	0.856170567400514	0.868886728245017	0.877609556219182	0.92260573650948	0.04	0.48	0.852553323302947	0.954659498207885	0.921464075915047
wdLC_k1_0.04_k2_0.48	130	0.871761187507681	0.882106815605839	0.889748596867361	0.917551789591555	0.04	0.48	0.852553323302947	0.954659498207885	0.921464075915047
wdLC_k1_0.04_k2_0.48	140	0.875992215346264	0.881305897531215	0.89172771205528	0.922980035424548	0.04	0.48	0.852553323302947	0.954659498207885	0.921464075915047
wdLC_k1_0.04_k2_0.48	150	0.87707542557447	0.879916440730699	0.892165874038846	0.915775812258323	0.04	0.48	0.852553323302947	0.954659498207885	0.921464075915047
wdLC_k1_0.04_k2_0.48	160	0.864690026954178	0.864607992499707	0.877569436306106	0.90901500058596	0.04	0.48	0.852553323302947	0.954659498207885	0.921464075915047
wdLC_k1_0.04_k2_0.48	170	0.85943906058219	0.857839168055887	0.870311002009025	0.896351390135625	0.04	0.48	0.852553323302947	0.954659498207885	0.921464075915047
wdLC_k1_0.04_k2_0.48	180	0.860971017624001	0.853378190684898	0.87371009393294	0.880469561817752	0.04	0.48	0.852553323302947	0.954659498207885	0.921464075915047
wdLC_k1_0.04_k2_0.48	190	0.857358929610239	0.849163922021459	0.870937378349889	0.876450288023724	0.04	0.48	0.852553323302947	0.954659498207885	0.921464075915047
wdLC_k1_0.04_k2_0.48	200	0.842803570089252	0.832474311857797	0.856408910222756	0.878648466211655	0.04	0.48	0.852553323302947	0.954659498207885	0.921464075915047
wdLC_k1_0.04_k2_0.48	210	0.843549416410479	0.831536186437658	0.854651708979472	0.883188799227712	0.04	0.48	0.852553323302947	0.954659498207885	0.921464075915047
wdLC_k1_0.04_k2_0.48	220	0.832957856003787	0.821863712435832	0.847487081814237	0.882774437488378	0.04	0.48	0.852553323302947	0.954659498207885	0.921464075915047
wdLC_k1_0.04_k2_0.48	230	0.820796480906601	0.811976062669057	0.83591240731928	0.891193143291112	0.04	0.48	0.852553323302947	0.954659498207885	0.921464075915047
wdLC_k1_0.04_k2_0.48	240	0.807290925189673	0.795754266567128	0.819996006875119	0.901381968436952	0.04	0.48	0.852553323302947	0.954659498207885	0.921464075915047
wdLC_k1_0.04_k2_0.48	250	0.804118465895454	0.787781308500936	0.814727019632314	0.901381968436952	0.04	0.48	0.852553323302947	0.954659498207885	0.921464075915047
wdLC_k1_0.04_k2_0.48	260	0.793608007401111	0.776075431247845	0.801135428721636	0.901381968436952	0.04	0.48	0.852553323302947	0.954659498207885	0.921464075915047
wdLC_k1_0.04_k2_0.48	270	0.787405710488331	0.763222479808441	0.796865983529724	0.901381968436952	0.04	0.48	0.852553323302947	0.954659498207885	0.921464075915047
wdLC_k1_0.04_k2_0.48	280	0.774758788832948	0.754676900033346	0.786308498832893	0.901381968436952	0.04	0.48	0.852553323302947	0.954659498207885	0.921464075915047
wdLC_k1_0.04_k2_0.48	290	0.777260543915607	0.754769317442374	0.791243079277256	0.901381968436952	0.04	0.48	0.852553323302947	0.954659498207885	0.921464075915047
wdLC_k1_0.04_k2_0.48	300	0.779897554417271	0.753672374137491	0.795225280280892	0.901381968436952	0.04	0.48	0.852553323302947	0.954659498207885	0.921464075915047
wdLC_k1_0.04_k2_0.493	10	0.539393939393939	0.0666666666666667	-0.296969696969697	0.442424242424242	0.04	0.493	0.845561554119834	0.950716845878136	0.913872571170357
wdLC_k1_0.04_k2_0.493	20	0.756390977443609	0.696240601503759	0.518796992481203	0.717293233082707	0.04	0.493	0.845561554119834	0.950716845878136	0.913872571170357
wdLC_k1_0.04_k2_0.493	30	0.829588431590656	0.806006674082314	0.717463848720801	0.785094549499444	0.04	0.493	0.845561554119834	0.950716845878136	0.913872571170357
wdLC_k1_0.04_k2_0.493	40	0.80844277673546	0.797560975609756	0.779174484052533	0.790806754221389	0.04	0.493	0.845561554119834	0.950716845878136	0.913872571170357
wdLC_k1_0.04_k2_0.493	50	0.830588235294118	0.813973589435774	0.819255702280912	0.782665066026411	0.04	0.493	0.845561554119834	0.950716845878136	0.913872571170357
wdLC_k1_0.04_k2_0.493	60	0.838010558488469	0.81511530980828	0.835232008891359	0.816782439566546	0.04	0.493	0.845561554119834	0.950716845878136	0.913872571170357
wdLC_k1_0.04_k2_0.493	70	0.845752777534774	0.84207855830636	0.857300323681218	0.85779021957834	0.04	0.493	0.845561554119834	0.950716845878136	0.913872571170357
wdLC_k1_0.04_k2_0.493	80	0.858321612751993	0.856329113924051	0.877801218940459	0.871354899203	0.04	0.493	0.845561554119834	0.950716845878136	0.913872571170357
wdLC_k1_0.04_k2_0.493	90	0.850944561056921	0.855340165452525	0.878980944149484	0.895427419022925	0.04	0.493	0.845561554119834	0.950716845878136	0.913872571170357
wdLC_k1_0.04_k2_0.493	100	0.853117311731173	0.85993399339934	0.877251725172517	0.90949894989499	0.04	0.493	0.845561554119834	0.950716845878136	0.913872571170357
wdLC_k1_0.04_k2_0.493	110	0.853779050109325	0.869702229335257	0.875626084800397	0.919284088091428	0.04	0.493	0.845561554119834	0.950716845878136	0.913872571170357
wdLC_k1_0.04_k2_0.493	120	0.857406764358636	0.870206264323911	0.878665185082297	0.925092020279186	0.04	0.493	0.845561554119834	0.950716845878136	0.913872571170357
wdLC_k1_0.04_k2_0.493	130	0.875339005038987	0.884630405986699	0.892878504417649	0.920577913121851	0.04	0.493	0.845561554119834	0.950716845878136	0.913872571170357
wdLC_k1_0.04_k2_0.493	140	0.875563622050688	0.881047866873674	0.891307865561654	0.922459600708491	0.04	0.493	0.845561554119834	0.950716845878136	0.913872571170357
wdLC_k1_0.04_k2_0.493	150	0.87611182719232	0.879031068047469	0.89122360993822	0.91534912662785	0.04	0.493	0.845561554119834	0.950716845878136	0.913872571170357
wdLC_k1_0.04_k2_0.493	160	0.862864760342201	0.862946794796672	0.876573303644674	0.907640923473573	0.04	0.493	0.845561554119834	0.950716845878136	0.913872571170357
wdLC_k1_0.04_k2_0.493	170	0.861920725935968	0.860208474545222	0.87268519366638	0.894883397145841	0.04	0.493	0.845561554119834	0.950716845878136	0.913872571170357
wdLC_k1_0.04_k2_0.493	180	0.859966871405496	0.852849367778841	0.872673024887599	0.879232898134716	0.04	0.493	0.845561554119834	0.950716845878136	0.913872571170357
wdLC_k1_0.04_k2_0.493	190	0.85829670161442	0.849457850560083	0.872365031251777	0.873222322822764	0.04	0.493	0.845561554119834	0.950716845878136	0.913872571170357
wdLC_k1_0.04_k2_0.493	200	0.842182554563864	0.832514812870322	0.854674866871672	0.877590939773494	0.04	0.493	0.845561554119834	0.950716845878136	0.913872571170357
wdLC_k1_0.04_k2_0.493	210	0.846594512995112	0.83293822665237	0.858055738225357	0.883758944971217	0.04	0.493	0.845561554119834	0.950716845878136	0.913872571170357
wdLC_k1_0.04_k2_0.493	220	0.837400472211109	0.826408885232415	0.85045558792537	0.881701537785341	0.04	0.493	0.845561554119834	0.950716845878136	0.913872571170357
wdLC_k1_0.04_k2_0.493	230	0.818138421290121	0.808484585473384	0.833309580110415	0.890093426603774	0.04	0.493	0.845561554119834	0.950716845878136	0.913872571170357
wdLC_k1_0.04_k2_0.493	240	0.805471449157103	0.794077154117259	0.81822687893887	0.900369798086772	0.04	0.493	0.845561554119834	0.950716845878136	0.913872571170357
wdLC_k1_0.04_k2_0.493	250	0.801047952767244	0.785802140834253	0.813656410502568	0.900369798086772	0.04	0.493	0.845561554119834	0.950716845878136	0.913872571170357
wdLC_k1_0.04_k2_0.493	260	0.794447801344353	0.774580871132595	0.803579707027983	0.900369798086772	0.04	0.493	0.845561554119834	0.950716845878136	0.913872571170357
wdLC_k1_0.04_k2_0.493	270	0.784092145754171	0.75873834574777	0.795652127524993	0.900369798086772	0.04	0.493	0.845561554119834	0.950716845878136	0.913872571170357
wdLC_k1_0.04_k2_0.493	280	0.775090607934139	0.754741405229294	0.790688838961138	0.900369798086772	0.04	0.493	0.845561554119834	0.950716845878136	0.913872571170357
wdLC_k1_0.04_k2_0.493	290	0.776484119086249	0.753073286779006	0.7879282668087	0.900369798086772	0.04	0.493	0.845561554119834	0.950716845878136	0.913872571170357
wdLC_k1_0.04_k2_0.493	300	0.779676663074034	0.755702618917988	0.792918143534928	0.900369798086772	0.04	0.493	0.845561554119834	0.950716845878136	0.913872571170357
wdLC_k1_0.04_k2_0.507	10	0.660606060606061	0.309090909090909	-0.0303030303030303	0.6	0.04	0.507	0.839189308788388	0.944802867383513	0.906371441482151
wdLC_k1_0.04_k2_0.507	20	0.821052631578947	0.771428571428571	0.603007518796992	0.798496240601504	0.04	0.507	0.839189308788388	0.944802867383513	0.906371441482151
wdLC_k1_0.04_k2_0.507	30	0.854949944382647	0.823804226918799	0.766852057842047	0.769076751946607	0.04	0.507	0.839189308788388	0.944802867383513	0.906371441482151
wdLC_k1_0.04_k2_0.507	40	0.870356472795497	0.830206378986867	0.839962476547843	0.818198874296435	0.04	0.507	0.839189308788388	0.944802867383513	0.906371441482151
wdLC_k1_0.04_k2_0.507	50	0.883409363745498	0.843457382953181	0.868619447779112	0.814741896758704	0.04	0.507	0.839189308788388	0.944802867383513	0.906371441482151
wdLC_k1_0.04_k2_0.507	60	0.864851347596555	0.838455126424007	0.870908585718255	0.808613503751042	0.04	0.507	0.839189308788388	0.944802867383513	0.906371441482151
wdLC_k1_0.04_k2_0.507	70	0.877700988539935	0.873151955209518	0.888338728020296	0.849426996763188	0.04	0.507	0.839189308788388	0.944802867383513	0.906371441482151
wdLC_k1_0.04_k2_0.507	80	0.869596812001875	0.870862634786685	0.896038443506798	0.864510079699953	0.04	0.507	0.839189308788388	0.944802867383513	0.906371441482151
wdLC_k1_0.04_k2_0.507	90	0.867127628925382	0.876610281104663	0.892167757336297	0.878437667201712	0.04	0.507	0.839189308788388	0.944802867383513	0.906371441482151
wdLC_k1_0.04_k2_0.507	100	0.886216621662166	0.893069306930693	0.905838583858386	0.886996699669967	0.04	0.507	0.839189308788388	0.944802867383513	0.906371441482151
wdLC_k1_0.04_k2_0.507	110	0.886436895611208	0.896427202849221	0.903983048937177	0.907923269391159	0.04	0.507	0.839189308788388	0.944802867383513	0.906371441482151
wdLC_k1_0.04_k2_0.507	120	0.890152093895409	0.895499687478297	0.905292034169039	0.91405653170359	0.04	0.507	0.839189308788388	0.944802867383513	0.906371441482151
wdLC_k1_0.04_k2_0.507	130	0.900804326154939	0.904906526103047	0.914307173387592	0.913127312949788	0.04	0.507	0.839189308788388	0.944802867383513	0.906371441482151
wdLC_k1_0.04_k2_0.507	140	0.886943211388336	0.890249502525639	0.900509501213619	0.915645841989023	0.04	0.507	0.839189308788388	0.944802867383513	0.906371441482151
wdLC_k1_0.04_k2_0.507	150	0.894117960798258	0.892969465309569	0.906914973998845	0.909798657718121	0.04	0.507	0.839189308788388	0.944802867383513	0.906371441482151
wdLC_k1_0.04_k2_0.507	160	0.878870268369858	0.878334114613852	0.893220438298371	0.903404429860541	0.04	0.507	0.839189308788388	0.944802867383513	0.906371441482151
wdLC_k1_0.04_k2_0.507	170	0.8773602994608	0.875264562380542	0.88891860699434	0.883906424606592	0.04	0.507	0.839189308788388	0.944802867383513	0.906371441482151
wdLC_k1_0.04_k2_0.507	180	0.878971573196704	0.871967241787298	0.888755825797093	0.873773881909935	0.04	0.507	0.839189308788388	0.944802867383513	0.906371441482151
wdLC_k1_0.04_k2_0.507	190	0.871122833261163	0.863282989323221	0.878605763973634	0.869663688015851	0.04	0.507	0.839189308788388	0.944802867383513	0.906371441482151
wdLC_k1_0.04_k2_0.507	200	0.867474686867172	0.857626940673517	0.875484887122178	0.871569789244731	0.04	0.507	0.839189308788388	0.944802867383513	0.906371441482151
wdLC_k1_0.04_k2_0.507	210	0.857878215573401	0.847682973050895	0.866216597072172	0.872165549591342	0.04	0.507	0.839189308788388	0.944802867383513	0.906371441482151
wdLC_k1_0.04_k2_0.507	220	0.857347165324603	0.846539278610189	0.865981077745784	0.873809188394201	0.04	0.507	0.839189308788388	0.944802867383513	0.906371441482151
wdLC_k1_0.04_k2_0.507	230	0.840079495215246	0.827206399068939	0.85087052685306	0.883893588848972	0.04	0.507	0.839189308788388	0.944802867383513	0.906371441482151
wdLC_k1_0.04_k2_0.507	240	0.824387576173197	0.80888123057692	0.835035330474487	0.894905293494679	0.04	0.507	0.839189308788388	0.944802867383513	0.906371441482151
wdLC_k1_0.04_k2_0.507	250	0.814322277156435	0.795937599001584	0.821867997887966	0.894905293494679	0.04	0.507	0.839189308788388	0.944802867383513	0.906371441482151
wdLC_k1_0.04_k2_0.507	260	0.797887542715129	0.776672845638363	0.806332592539489	0.894905293494679	0.04	0.507	0.839189308788388	0.944802867383513	0.906371441482151
wdLC_k1_0.04_k2_0.507	270	0.792457448738056	0.769152754724573	0.802235970315093	0.894905293494679	0.04	0.507	0.839189308788388	0.944802867383513	0.906371441482151
wdLC_k1_0.04_k2_0.507	280	0.787318169145743	0.763363235318235	0.798031498215174	0.894905293494679	0.04	0.507	0.839189308788388	0.944802867383513	0.906371441482151
wdLC_k1_0.04_k2_0.507	290	0.786312437189175	0.763655396287873	0.800891806085685	0.894905293494679	0.04	0.507	0.839189308788388	0.944802867383513	0.906371441482151
wdLC_k1_0.04_k2_0.507	300	0.779524216935744	0.754738608206758	0.795723508038978	0.894905293494679	0.04	0.507	0.839189308788388	0.944802867383513	0.906371441482151
wdLC_k1_0.04_k2_0.52	10	0.624242424242424	0.260606060606061	-0.0787878787878788	0.575757575757576	0.04	0.52	0.832640056642181	0.939784946236559	0.898870311793945
wdLC_k1_0.04_k2_0.52	20	0.790977443609023	0.754887218045113	0.583458646616541	0.78796992481203	0.04	0.52	0.832640056642181	0.939784946236559	0.898870311793945
wdLC_k1_0.04_k2_0.52	30	0.865183537263626	0.817575083426029	0.770856507230256	0.758843159065629	0.04	0.52	0.832640056642181	0.939784946236559	0.898870311793945
wdLC_k1_0.04_k2_0.52	40	0.883489681050657	0.839399624765479	0.852157598499062	0.812570356472796	0.04	0.52	0.832640056642181	0.939784946236559	0.898870311793945
wdLC_k1_0.04_k2_0.52	50	0.892725090036015	0.852100840336135	0.877935174069628	0.810420168067227	0.04	0.52	0.832640056642181	0.939784946236559	0.898870311793945
wdLC_k1_0.04_k2_0.52	60	0.871242011669908	0.845401500416783	0.877743817727147	0.805946096137816	0.04	0.52	0.832640056642181	0.939784946236559	0.898870311793945
wdLC_k1_0.04_k2_0.52	70	0.878715772898259	0.877001137258333	0.892502843145832	0.851666520864316	0.04	0.52	0.832640056642181	0.939784946236559	0.898870311793945
wdLC_k1_0.04_k2_0.52	80	0.875832161275199	0.876230661040788	0.901664322550399	0.863572433192686	0.04	0.52	0.832640056642181	0.939784946236559	0.898870311793945
wdLC_k1_0.04_k2_0.52	90	0.873136601226489	0.881466847758983	0.897567600938388	0.878289500761411	0.04	0.52	0.832640056642181	0.939784946236559	0.898870311793945
wdLC_k1_0.04_k2_0.52	100	0.88963696369637	0.895733573357336	0.908874887488749	0.886768676867687	0.04	0.52	0.832640056642181	0.939784946236559	0.898870311793945
wdLC_k1_0.04_k2_0.52	110	0.890954173522981	0.900295291120979	0.908139665937831	0.907670806753375	0.04	0.52	0.832640056642181	0.939784946236559	0.898870311793945
wdLC_k1_0.04_k2_0.52	120	0.893763455795541	0.898624904507257	0.908590874366275	0.914042641850128	0.04	0.52	0.832640056642181	0.939784946236559	0.898870311793945
wdLC_k1_0.04_k2_0.52	130	0.904201887230469	0.907910800365975	0.917442543254722	0.908823007278537	0.04	0.52	0.832640056642181	0.939784946236559	0.898870311793945
wdLC_k1_0.04_k2_0.52	140	0.887695436356083	0.890861778662177	0.901261726181365	0.916310598937264	0.04	0.52	0.832640056642181	0.939784946236559	0.898870311793945
wdLC_k1_0.04_k2_0.52	150	0.894889550646696	0.893762389439531	0.907501666740744	0.910552468998622	0.04	0.52	0.832640056642181	0.939784946236559	0.898870311793945
wdLC_k1_0.04_k2_0.52	160	0.877830188679245	0.877900503925934	0.890779913277862	0.903155396695183	0.04	0.52	0.832640056642181	0.939784946236559	0.898870311793945
wdLC_k1_0.04_k2_0.52	170	0.878381299576823	0.876402806529027	0.889543908500803	0.884548824201123	0.04	0.52	0.832640056642181	0.939784946236559	0.898870311793945
wdLC_k1_0.04_k2_0.52	180	0.881642437523792	0.874689548031318	0.890768233587456	0.874829470045372	0.04	0.52	0.832640056642181	0.939784946236559	0.898870311793945
wdLC_k1_0.04_k2_0.52	190	0.873617726690199	0.864292493887424	0.881613282770627	0.869850892501761	0.04	0.52	0.832640056642181	0.939784946236559	0.898870311793945
wdLC_k1_0.04_k2_0.52	200	0.870638265956649	0.860541513537839	0.878657466436661	0.872856821420536	0.04	0.52	0.832640056642181	0.939784946236559	0.898870311793945
wdLC_k1_0.04_k2_0.52	210	0.864226270113025	0.851953882984065	0.87363626645243	0.872768089979365	0.04	0.52	0.832640056642181	0.939784946236559	0.898870311793945
wdLC_k1_0.04_k2_0.52	220	0.855930531998219	0.843760107740769	0.865354468255355	0.874352400218637	0.04	0.52	0.832640056642181	0.939784946236559	0.898870311793945
wdLC_k1_0.04_k2_0.52	230	0.846391770371265	0.831738415372363	0.856572286646333	0.884365036899687	0.04	0.52	0.832640056642181	0.939784946236559	0.898870311793945
wdLC_k1_0.04_k2_0.52	240	0.823308564384798	0.807679820830223	0.834187225472664	0.895320231254015	0.04	0.52	0.832640056642181	0.939784946236559	0.898870311793945
wdLC_k1_0.04_k2_0.52	250	0.817040272644362	0.799100273604378	0.825747227955647	0.895320231254015	0.04	0.52	0.832640056642181	0.939784946236559	0.898870311793945
wdLC_k1_0.04_k2_0.52	260	0.805640274605792	0.782991100232479	0.812859771480461	0.895320231254015	0.04	0.52	0.832640056642181	0.939784946236559	0.898870311793945
wdLC_k1_0.04_k2_0.52	270	0.792798864791622	0.769161899797437	0.803785145658148	0.895320231254015	0.04	0.52	0.832640056642181	0.939784946236559	0.898870311793945
wdLC_k1_0.04_k2_0.52	280	0.790639640082873	0.768548797087426	0.801938435803664	0.895320231254015	0.04	0.52	0.832640056642181	0.939784946236559	0.898870311793945
wdLC_k1_0.04_k2_0.52	290	0.787467233814335	0.768188969404286	0.80095675417027	0.895320231254015	0.04	0.52	0.832640056642181	0.939784946236559	0.898870311793945
wdLC_k1_0.04_k2_0.52	300	0.782347803864487	0.760440004888943	0.799055989510995	0.895320231254015	0.04	0.52	0.832640056642181	0.939784946236559	0.898870311793945
wdLC_k1_0.04_k2_0.533	10	0.696969696969697	0.333333333333333	-0.103030303030303	0.587878787878788	0.04	0.533	0.82582529427383	0.934587813620072	0.891640307275192
wdLC_k1_0.04_k2_0.533	20	0.803007518796992	0.76390977443609	0.571428571428571	0.691729323308271	0.04	0.533	0.82582529427383	0.934587813620072	0.891640307275192
wdLC_k1_0.04_k2_0.533	30	0.843381535038932	0.851835372636263	0.724582869855395	0.792213570634038	0.04	0.533	0.82582529427383	0.934587813620072	0.891640307275192
wdLC_k1_0.04_k2_0.533	40	0.870544090056285	0.849906191369606	0.836772983114447	0.794559099437148	0.04	0.533	0.82582529427383	0.934587813620072	0.891640307275192
wdLC_k1_0.04_k2_0.533	50	0.878895558223289	0.850084033613445	0.86593037214886	0.807442977190877	0.04	0.533	0.82582529427383	0.934587813620072	0.891640307275192
wdLC_k1_0.04_k2_0.533	60	0.863462072798	0.845123645457072	0.869630452903585	0.817338149485969	0.04	0.533	0.82582529427383	0.934587813620072	0.891640307275192
wdLC_k1_0.04_k2_0.533	70	0.867553144956697	0.867938063161578	0.882739917767474	0.854465925990727	0.04	0.533	0.82582529427383	0.934587813620072	0.891640307275192
wdLC_k1_0.04_k2_0.533	80	0.866127519924988	0.874074074074074	0.896225972808251	0.86755743084857	0.04	0.533	0.82582529427383	0.934587813620072	0.891640307275192
wdLC_k1_0.04_k2_0.533	90	0.870173272420464	0.875194468452895	0.895707288965716	0.887261801868544	0.04	0.533	0.82582529427383	0.934587813620072	0.891640307275192
wdLC_k1_0.04_k2_0.533	100	0.872559255925593	0.884572457245725	0.896705670567057	0.896801680168017	0.04	0.533	0.82582529427383	0.934587813620072	0.891640307275192
wdLC_k1_0.04_k2_0.533	110	0.872416202691432	0.887572977481234	0.89369519644749	0.915704528548565	0.04	0.533	0.82582529427383	0.934587813620072	0.891640307275192
wdLC_k1_0.04_k2_0.533	120	0.884033613445378	0.893388429752066	0.902034863532189	0.919591638308216	0.04	0.533	0.82582529427383	0.934587813620072	0.891640307275192
wdLC_k1_0.04_k2_0.533	130	0.89699162899944	0.903994319190484	0.912084010433025	0.917218588264212	0.04	0.533	0.82582529427383	0.934587813620072	0.891640307275192
wdLC_k1_0.04_k2_0.533	140	0.895178325424767	0.899254335133717	0.908805842863703	0.91868972906781	0.04	0.533	0.82582529427383	0.934587813620072	0.891640307275192
wdLC_k1_0.04_k2_0.533	150	0.886302502333437	0.888048357704787	0.899170629805769	0.910929374638873	0.04	0.533	0.82582529427383	0.934587813620072	0.891640307275192
wdLC_k1_0.04_k2_0.533	160	0.883215164654869	0.881255127153404	0.894697058478847	0.898763623579046	0.04	0.533	0.82582529427383	0.934587813620072	0.891640307275192
wdLC_k1_0.04_k2_0.533	170	0.870765322634816	0.868701339146683	0.882279663656182	0.89294154285819	0.04	0.533	0.82582529427383	0.934587813620072	0.891640307275192
wdLC_k1_0.04_k2_0.533	180	0.866726339290307	0.861045093984382	0.878076483842094	0.879695875387101	0.04	0.533	0.82582529427383	0.934587813620072	0.891640307275192
wdLC_k1_0.04_k2_0.533	190	0.861883329615487	0.855434397512105	0.874531004649495	0.874202084618177	0.04	0.533	0.82582529427383	0.934587813620072	0.891640307275192
wdLC_k1_0.04_k2_0.533	200	0.856288907222681	0.847504687617191	0.868677716942924	0.873789844746119	0.04	0.533	0.82582529427383	0.934587813620072	0.891640307275192
wdLC_k1_0.04_k2_0.533	210	0.855946198974386	0.845815745740914	0.865249940879774	0.879744600622625	0.04	0.533	0.82582529427383	0.934587813620072	0.891640307275192
wdLC_k1_0.04_k2_0.533	220	0.842106805362245	0.829225246952886	0.85342522103199	0.879767613530708	0.04	0.533	0.82582529427383	0.934587813620072	0.891640307275192
wdLC_k1_0.04_k2_0.533	230	0.830637712392032	0.820003501340126	0.844344226117532	0.888281606375398	0.04	0.533	0.82582529427383	0.934587813620072	0.891640307275192
wdLC_k1_0.04_k2_0.533	240	0.824187051858539	0.809755377697529	0.837555339502422	0.898910571364086	0.04	0.533	0.82582529427383	0.934587813620072	0.891640307275192
wdLC_k1_0.04_k2_0.533	250	0.810814765036241	0.793348629578073	0.81985196563145	0.898910571364086	0.04	0.533	0.82582529427383	0.934587813620072	0.891640307275192
wdLC_k1_0.04_k2_0.533	260	0.804952053227915	0.782635382635383	0.814366621263173	0.898910571364086	0.04	0.533	0.82582529427383	0.934587813620072	0.891640307275192
wdLC_k1_0.04_k2_0.533	270	0.789745629798305	0.766559212060522	0.799062630031505	0.898910571364086	0.04	0.533	0.82582529427383	0.934587813620072	0.891640307275192
wdLC_k1_0.04_k2_0.533	280	0.785690232929356	0.762172622464208	0.798731215594951	0.898910571364086	0.04	0.533	0.82582529427383	0.934587813620072	0.891640307275192
wdLC_k1_0.04_k2_0.533	290	0.780719521450704	0.758993895126065	0.797136625922404	0.898910571364086	0.04	0.533	0.82582529427383	0.934587813620072	0.891640307275192
wdLC_k1_0.04_k2_0.533	300	0.787173635262614	0.762970255225058	0.803728930321448	0.898910571364086	0.04	0.533	0.82582529427383	0.934587813620072	0.891640307275192
wdLC_k1_0.04_k2_0.547	10	0.696969696969697	0.333333333333333	-0.103030303030303	0.587878787878788	0.04	0.547	0.820161076201434	0.930824372759857	0.88504292815183
wdLC_k1_0.04_k2_0.547	20	0.803007518796992	0.76390977443609	0.571428571428571	0.691729323308271	0.04	0.547	0.820161076201434	0.930824372759857	0.88504292815183
wdLC_k1_0.04_k2_0.547	30	0.845606229143493	0.843381535038932	0.748164627363738	0.780200222469411	0.04	0.547	0.820161076201434	0.930824372759857	0.88504292815183
wdLC_k1_0.04_k2_0.547	40	0.874484052532833	0.850844277673546	0.834709193245779	0.798686679174484	0.04	0.547	0.820161076201434	0.930824372759857	0.88504292815183
wdLC_k1_0.04_k2_0.547	50	0.885810324129652	0.859015606242497	0.868715486194478	0.808691476590636	0.04	0.547	0.820161076201434	0.930824372759857	0.88504292815183
wdLC_k1_0.04_k2_0.547	60	0.885023617671576	0.859849958321756	0.877854959711031	0.820061128091137	0.04	0.547	0.820161076201434	0.930824372759857	0.88504292815183
wdLC_k1_0.04_k2_0.547	70	0.868812877263581	0.868742892135421	0.882984865716035	0.852786282914881	0.04	0.547	0.820161076201434	0.930824372759857	0.88504292815183
wdLC_k1_0.04_k2_0.547	80	0.877613689639006	0.876652601969058	0.897585560243788	0.869784341303329	0.04	0.547	0.820161076201434	0.930824372759857	0.88504292815183
wdLC_k1_0.04_k2_0.547	90	0.868526978639338	0.873251841791168	0.893731736428366	0.888480059266576	0.04	0.547	0.820161076201434	0.930824372759857	0.88504292815183
wdLC_k1_0.04_k2_0.547	100	0.871371137113711	0.883084308430843	0.895277527752775	0.897545754575458	0.04	0.547	0.820161076201434	0.930824372759857	0.88504292815183
wdLC_k1_0.04_k2_0.547	110	0.871821112188085	0.886878705227329	0.892973874625251	0.915794693776345	0.04	0.547	0.820161076201434	0.930824372759857	0.88504292815183
wdLC_k1_0.04_k2_0.547	120	0.880943121050073	0.889714563511355	0.898360997291479	0.923279394402389	0.04	0.547	0.820161076201434	0.930824372759857	0.88504292815183
wdLC_k1_0.04_k2_0.547	130	0.896969779732073	0.904021630774693	0.912073085799342	0.919037539772494	0.04	0.547	0.820161076201434	0.930824372759857	0.88504292815183
wdLC_k1_0.04_k2_0.547	140	0.898628938794253	0.901567864249634	0.912733156939494	0.922153462640222	0.04	0.547	0.820161076201434	0.930824372759857	0.88504292815183
wdLC_k1_0.04_k2_0.547	150	0.884012622783235	0.886131828081248	0.896628294590871	0.910588026134495	0.04	0.547	0.820161076201434	0.930824372759857	0.88504292815183
wdLC_k1_0.04_k2_0.547	160	0.886997538966366	0.884817766318997	0.897638579632017	0.898365170514473	0.04	0.547	0.820161076201434	0.930824372759857	0.88504292815183
wdLC_k1_0.04_k2_0.547	170	0.870276805832891	0.867819566319209	0.881859539206527	0.891864363309946	0.04	0.547	0.820161076201434	0.930824372759857	0.88504292815183
wdLC_k1_0.04_k2_0.547	180	0.862551313312139	0.858742553782524	0.87392820766073	0.879393396915543	0.04	0.547	0.820161076201434	0.930824372759857	0.88504292815183
wdLC_k1_0.04_k2_0.547	190	0.858259960547092	0.853712816071593	0.871962629085804	0.872756935969943	0.04	0.547	0.820161076201434	0.930824372759857	0.88504292815183
wdLC_k1_0.04_k2_0.547	200	0.848452711317783	0.840570014250356	0.859243981099528	0.873429835745894	0.04	0.547	0.820161076201434	0.930824372759857	0.88504292815183
wdLC_k1_0.04_k2_0.547	210	0.849700511511437	0.837102882151523	0.861987152283984	0.879051355229953	0.04	0.547	0.820161076201434	0.930824372759857	0.88504292815183
wdLC_k1_0.04_k2_0.547	220	0.841779976671194	0.828748527862146	0.853386903185453	0.879547849410863	0.04	0.547	0.820161076201434	0.930824372759857	0.88504292815183
wdLC_k1_0.04_k2_0.547	230	0.831095352340843	0.820531168091449	0.844404389990112	0.888102101050649	0.04	0.547	0.820161076201434	0.930824372759857	0.88504292815183
wdLC_k1_0.04_k2_0.547	240	0.818390076216601	0.802538238511085	0.831743606659838	0.898765603569506	0.04	0.547	0.820161076201434	0.930824372759857	0.88504292815183
wdLC_k1_0.04_k2_0.547	250	0.807721211539385	0.790301924830797	0.819965631450103	0.898765603569506	0.04	0.547	0.820161076201434	0.930824372759857	0.88504292815183
wdLC_k1_0.04_k2_0.547	260	0.80037210382038	0.777421149834943	0.809912982326775	0.898765603569506	0.04	0.547	0.820161076201434	0.930824372759857	0.88504292815183
wdLC_k1_0.04_k2_0.547	270	0.786580824916056	0.762798758099105	0.799047388243399	0.898765603569506	0.04	0.547	0.820161076201434	0.930824372759857	0.88504292815183
wdLC_k1_0.04_k2_0.547	280	0.789997321394406	0.766696732647829	0.80057617352991	0.898765603569506	0.04	0.547	0.820161076201434	0.930824372759857	0.88504292815183
wdLC_k1_0.04_k2_0.547	290	0.78316491524152	0.760938401416065	0.797381165301486	0.898765603569506	0.04	0.547	0.820161076201434	0.930824372759857	0.88504292815183
wdLC_k1_0.04_k2_0.547	300	0.784906054511717	0.763324481383127	0.802737808197869	0.898765603569506	0.04	0.547	0.820161076201434	0.930824372759857	0.88504292815183
wdLC_k1_0.04_k2_0.56	10	0.587878787878788	0.284848484848485	0.00606060606060606	0.563636363636364	0.04	0.56	0.813788830869989	0.924910394265233	0.877903298689562
wdLC_k1_0.04_k2_0.56	20	0.813533834586466	0.762406015037594	0.61203007518797	0.793984962406015	0.04	0.56	0.813788830869989	0.924910394265233	0.877903298689562
wdLC_k1_0.04_k2_0.56	30	0.854505005561735	0.808231368186874	0.767741935483871	0.766852057842047	0.04	0.56	0.813788830869989	0.924910394265233	0.877903298689562
wdLC_k1_0.04_k2_0.56	40	0.86641651031895	0.828893058161351	0.850281425891182	0.81031894934334	0.04	0.56	0.813788830869989	0.924910394265233	0.877903298689562
wdLC_k1_0.04_k2_0.56	50	0.889939975990396	0.850948379351741	0.882929171668667	0.803313325330132	0.04	0.56	0.813788830869989	0.924910394265233	0.877903298689562
wdLC_k1_0.04_k2_0.56	60	0.877854959711031	0.851681022506252	0.885523756599056	0.803000833564879	0.04	0.56	0.813788830869989	0.924910394265233	0.877903298689562
wdLC_k1_0.04_k2_0.56	70	0.877980929052576	0.875216516490246	0.895967106989765	0.848972093430146	0.04	0.56	0.813788830869989	0.924910394265233	0.877903298689562
wdLC_k1_0.04_k2_0.56	80	0.875410220346929	0.875105485232068	0.904336615096109	0.868659165494609	0.04	0.56	0.813788830869989	0.924910394265233	0.877903298689562
wdLC_k1_0.04_k2_0.56	90	0.873070749475244	0.881598551261473	0.899921801045397	0.87552372720912	0.04	0.56	0.813788830869989	0.924910394265233	0.877903298689562
wdLC_k1_0.04_k2_0.56	100	0.890441044104411	0.896177617761776	0.911359135913591	0.884416441644165	0.04	0.56	0.813788830869989	0.924910394265233	0.877903298689562
wdLC_k1_0.04_k2_0.56	110	0.892468949349683	0.901521538218786	0.9110610193179	0.905642089128328	0.04	0.56	0.813788830869989	0.924910394265233	0.877903298689562
wdLC_k1_0.04_k2_0.56	120	0.895603861379262	0.900375026043475	0.911445239252726	0.912813389818737	0.04	0.56	0.813788830869989	0.924910394265233	0.877903298689562
wdLC_k1_0.04_k2_0.56	130	0.902961941307406	0.907167925275506	0.916907236204236	0.909008726051155	0.04	0.56	0.813788830869989	0.924910394265233	0.877903298689562
wdLC_k1_0.04_k2_0.56	140	0.891679604644552	0.894745358728215	0.905753208982966	0.913844000787212	0.04	0.56	0.813788830869989	0.924910394265233	0.877903298689562
wdLC_k1_0.04_k2_0.56	150	0.898512822792124	0.897581225832259	0.911548068803058	0.907796790968488	0.04	0.56	0.813788830869989	0.924910394265233	0.877903298689562
wdLC_k1_0.04_k2_0.56	160	0.88631489511309	0.884958396812375	0.898649361303176	0.902739364818938	0.04	0.56	0.813788830869989	0.924910394265233	0.877903298689562
wdLC_k1_0.04_k2_0.56	170	0.883105257051435	0.880599165857561	0.895901954677854	0.884333876808276	0.04	0.56	0.813788830869989	0.924910394265233	0.877903298689562
wdLC_k1_0.04_k2_0.56	180	0.882294721030485	0.877946850211426	0.891971974443656	0.87429653178596	0.04	0.56	0.813788830869989	0.924910394265233	0.877903298689562
wdLC_k1_0.04_k2_0.56	190	0.874179340147927	0.86641647749391	0.881263367843693	0.872069353138518	0.04	0.56	0.813788830869989	0.924910394265233	0.877903298689562
wdLC_k1_0.04_k2_0.56	200	0.874103352583815	0.864092102302558	0.882493062326558	0.87217580439511	0.04	0.56	0.813788830869989	0.924910394265233	0.877903298689562
wdLC_k1_0.04_k2_0.56	210	0.86533675852708	0.853333894840505	0.874216778482181	0.872538735896182	0.04	0.56	0.813788830869989	0.924910394265233	0.877903298689562
wdLC_k1_0.04_k2_0.56	220	0.861059488456749	0.848846238370815	0.872508635602915	0.873999650631399	0.04	0.56	0.813788830869989	0.924910394265233	0.877903298689562
wdLC_k1_0.04_k2_0.56	230	0.846749794727771	0.832578737002508	0.8577538656521	0.884276270530305	0.04	0.56	0.813788830869989	0.924910394265233	0.877903298689562
wdLC_k1_0.04_k2_0.56	240	0.831538741992048	0.812737200298616	0.842105765725099	0.895099741314953	0.04	0.56	0.813788830869989	0.924910394265233	0.877903298689562
wdLC_k1_0.04_k2_0.56	250	0.820010176162819	0.800541832669323	0.828059712955407	0.895099741314953	0.04	0.56	0.813788830869989	0.924910394265233	0.877903298689562
wdLC_k1_0.04_k2_0.56	260	0.810569796776693	0.786286779390228	0.819100191513985	0.895099741314953	0.04	0.56	0.813788830869989	0.924910394265233	0.877903298689562
wdLC_k1_0.04_k2_0.56	270	0.797118387540753	0.772492535334275	0.806876180285966	0.895099741314953	0.04	0.56	0.813788830869989	0.924910394265233	0.877903298689562
wdLC_k1_0.04_k2_0.56	280	0.802390518829504	0.777846291771214	0.811802264241709	0.895099741314953	0.04	0.56	0.813788830869989	0.924910394265233	0.877903298689562
wdLC_k1_0.04_k2_0.56	290	0.785634418548583	0.766289237930173	0.802592265027548	0.895099741314953	0.04	0.56	0.813788830869989	0.924910394265233	0.877903298689562
wdLC_k1_0.04_k2_0.56	300	0.776372181913132	0.755272836364849	0.793331925910288	0.895099741314953	0.04	0.56	0.813788830869989	0.924910394265233	0.877903298689562
wdLC_k1_0.04_k2_0.573	10	0.781818181818182	0.333333333333333	-0.115151515151515	0.636363636363636	0.04	0.573	0.806266041242588	0.918279569892473	0.869136918210574
wdLC_k1_0.04_k2_0.573	20	0.795488721804511	0.760902255639098	0.536842105263158	0.821052631578947	0.04	0.573	0.806266041242588	0.918279569892473	0.869136918210574
wdLC_k1_0.04_k2_0.573	30	0.862513904338153	0.834927697441602	0.73392658509455	0.781535038932147	0.04	0.573	0.806266041242588	0.918279569892473	0.869136918210574
wdLC_k1_0.04_k2_0.573	40	0.858348968105066	0.837335834896811	0.812570356472796	0.877861163227017	0.04	0.573	0.806266041242588	0.918279569892473	0.869136918210574
wdLC_k1_0.04_k2_0.573	50	0.874669867947179	0.847683073229292	0.854597839135654	0.792364945978391	0.04	0.573	0.806266041242588	0.918279569892473	0.869136918210574
wdLC_k1_0.04_k2_0.573	60	0.854570714087247	0.833287024173382	0.851014170602945	0.808613503751042	0.04	0.573	0.806266041242588	0.918279569892473	0.869136918210574
wdLC_k1_0.04_k2_0.573	70	0.867658122648937	0.868707899571341	0.873886799055201	0.847012509841659	0.04	0.573	0.806266041242588	0.918279569892473	0.869136918210574
wdLC_k1_0.04_k2_0.573	80	0.859329582747304	0.866174402250352	0.88384903891233	0.863244256915143	0.04	0.573	0.806266041242588	0.918279569892473	0.869136918210574
wdLC_k1_0.04_k2_0.573	90	0.860163806231222	0.874239618059843	0.884792361196856	0.880363830925629	0.04	0.573	0.806266041242588	0.918279569892473	0.869136918210574
wdLC_k1_0.04_k2_0.573	100	0.88008400840084	0.88972097209721	0.898589858985899	0.884500450045005	0.04	0.573	0.806266041242588	0.918279569892473	0.869136918210574
wdLC_k1_0.04_k2_0.573	110	0.880485990577734	0.892820593738025	0.897112458580348	0.905263395171652	0.04	0.573	0.806266041242588	0.918279569892473	0.869136918210574
wdLC_k1_0.04_k2_0.573	120	0.884165567053267	0.89145079519411	0.898569345093409	0.911466074032919	0.04	0.573	0.806266041242588	0.918279569892473	0.869136918210574
wdLC_k1_0.04_k2_0.573	130	0.893107921725	0.899318575973999	0.905949828619809	0.908151142307009	0.04	0.573	0.806266041242588	0.918279569892473	0.869136918210574
wdLC_k1_0.04_k2_0.573	140	0.890192648312961	0.894325512234589	0.902735562310031	0.909715510266559	0.04	0.573	0.806266041242588	0.918279569892473	0.869136918210574
wdLC_k1_0.04_k2_0.573	150	0.890658251477844	0.890939152851238	0.903028579047958	0.907316769634206	0.04	0.573	0.806266041242588	0.918279569892473	0.869136918210574
wdLC_k1_0.04_k2_0.573	160	0.873986288526895	0.874753896636587	0.885459392945037	0.903213992734091	0.04	0.573	0.806266041242588	0.918279569892473	0.869136918210574
wdLC_k1_0.04_k2_0.573	170	0.878278711048418	0.876488296969364	0.890186308095334	0.886949884282583	0.04	0.573	0.806266041242588	0.918279569892473	0.869136918210574
wdLC_k1_0.04_k2_0.573	180	0.872446680453101	0.86896509151517	0.881971665792154	0.876072306758439	0.04	0.573	0.806266041242588	0.918279569892473	0.869136918210574
wdLC_k1_0.04_k2_0.573	190	0.872228564430273	0.864114037274688	0.879872456009133	0.867628932715734	0.04	0.573	0.806266041242588	0.918279569892473	0.869136918210574
wdLC_k1_0.04_k2_0.573	200	0.866519162979075	0.856209405235131	0.874793369834246	0.872886822170554	0.04	0.573	0.806266041242588	0.918279569892473	0.869136918210574
wdLC_k1_0.04_k2_0.573	210	0.866515923587513	0.852626395804246	0.876291331517074	0.872651469259102	0.04	0.573	0.806266041242588	0.918279569892473	0.869136918210574
wdLC_k1_0.04_k2_0.573	220	0.857911790063281	0.845921685083651	0.867615221201039	0.877048173422065	0.04	0.573	0.806266041242588	0.918279569892473	0.869136918210574
wdLC_k1_0.04_k2_0.573	230	0.843630149990507	0.828407703934569	0.855718156914284	0.884009971422161	0.04	0.573	0.806266041242588	0.918279569892473	0.869136918210574
wdLC_k1_0.04_k2_0.573	240	0.830288720290283	0.812257157242313	0.83938436431188	0.895031163735481	0.04	0.573	0.806266041242588	0.918279569892473	0.869136918210574
wdLC_k1_0.04_k2_0.573	250	0.812640330245284	0.793987615801853	0.822269668314693	0.895031163735481	0.04	0.573	0.806266041242588	0.918279569892473	0.869136918210574
wdLC_k1_0.04_k2_0.573	260	0.807552683414752	0.784563494908322	0.8174404036473	0.895031163735481	0.04	0.573	0.806266041242588	0.918279569892473	0.869136918210574
wdLC_k1_0.04_k2_0.573	270	0.793580463685678	0.768738178088101	0.802734071950385	0.895031163735481	0.04	0.573	0.806266041242588	0.918279569892473	0.869136918210574
wdLC_k1_0.04_k2_0.573	280	0.786967763801652	0.766253396089236	0.801617549786532	0.895031163735481	0.04	0.573	0.806266041242588	0.918279569892473	0.869136918210574
wdLC_k1_0.04_k2_0.573	290	0.776777861559714	0.756491425745765	0.792107085614614	0.895031163735481	0.04	0.573	0.806266041242588	0.918279569892473	0.869136918210574
wdLC_k1_0.04_k2_0.573	300	0.775756175068612	0.751436793742153	0.791146568295203	0.895031163735481	0.04	0.573	0.806266041242588	0.918279569892473	0.869136918210574
wdLC_k1_0.04_k2_0.587	10	0.587878787878788	0.284848484848485	0.00606060606060606	0.563636363636364	0.04	0.587	0.798743251615187	0.912365591397849	0.861093538183461
wdLC_k1_0.04_k2_0.587	20	0.774436090225564	0.738345864661654	0.589473684210526	0.789473684210526	0.04	0.587	0.798743251615187	0.912365591397849	0.861093538183461
wdLC_k1_0.04_k2_0.587	30	0.867853170189099	0.836262513904338	0.775750834260289	0.775750834260289	0.04	0.587	0.798743251615187	0.912365591397849	0.861093538183461
wdLC_k1_0.04_k2_0.587	40	0.871857410881801	0.833395872420263	0.852157598499062	0.813320825515948	0.04	0.587	0.798743251615187	0.912365591397849	0.861093538183461
wdLC_k1_0.04_k2_0.587	50	0.893109243697479	0.854789915966387	0.884657863145258	0.801296518607443	0.04	0.587	0.798743251615187	0.912365591397849	0.861093538183461
wdLC_k1_0.04_k2_0.587	60	0.88185607113087	0.856626840789108	0.88991386496249	0.803945540427897	0.04	0.587	0.798743251615187	0.912365591397849	0.861093538183461
wdLC_k1_0.04_k2_0.587	70	0.881795118537311	0.879345639051702	0.899711311346339	0.849042078558306	0.04	0.587	0.798743251615187	0.912365591397849	0.861093538183461
wdLC_k1_0.04_k2_0.587	80	0.866127519924988	0.8699484294421	0.89732770745429	0.86797937177684	0.04	0.587	0.798743251615187	0.912365591397849	0.861093538183461
wdLC_k1_0.04_k2_0.587	90	0.878026093756431	0.886191710910812	0.904416183067868	0.874387784500144	0.04	0.587	0.798743251615187	0.912365591397849	0.861093538183461
wdLC_k1_0.04_k2_0.587	100	0.894845484548455	0.9003300330033	0.915403540354035	0.883564356435644	0.04	0.587	0.798743251615187	0.912365591397849	0.861093538183461
wdLC_k1_0.04_k2_0.587	110	0.893758312106936	0.903405991479386	0.912052836823479	0.905010932533868	0.04	0.587	0.798743251615187	0.912365591397849	0.861093538183461
wdLC_k1_0.04_k2_0.587	120	0.898611014653795	0.903312730050698	0.914132925897632	0.912584207236613	0.04	0.587	0.798743251615187	0.912365591397849	0.861093538183461
wdLC_k1_0.04_k2_0.587	130	0.906239331412419	0.910150350271067	0.919600158407188	0.909494872250065	0.04	0.587	0.798743251615187	0.912365591397849	0.861093538183461
wdLC_k1_0.04_k2_0.587	140	0.894854693752597	0.897951061643087	0.908797096061753	0.911390522840087	0.04	0.587	0.798743251615187	0.912365591397849	0.861093538183461
wdLC_k1_0.04_k2_0.587	150	0.896667407440331	0.896450508911507	0.909510644917552	0.909012845015334	0.04	0.587	0.798743251615187	0.912365591397849	0.861093538183461
wdLC_k1_0.04_k2_0.587	160	0.883645845540841	0.883683932966131	0.895526192429392	0.904309738661666	0.04	0.587	0.798743251615187	0.912365591397849	0.861093538183461
wdLC_k1_0.04_k2_0.587	170	0.886879049346304	0.885376860180385	0.899785663253156	0.885970408094724	0.04	0.587	0.798743251615187	0.912365591397849	0.861093538183461
wdLC_k1_0.04_k2_0.587	180	0.882368797390866	0.878806959062523	0.892101608074323	0.875969422924576	0.04	0.587	0.798743251615187	0.912365591397849	0.861093538183461
wdLC_k1_0.04_k2_0.587	190	0.873304552830593	0.86793860742607	0.880427071168322	0.873673713078508	0.04	0.587	0.798743251615187	0.912365591397849	0.861093538183461
wdLC_k1_0.04_k2_0.587	200	0.875739893497338	0.865169129228231	0.884167104177605	0.873444836120903	0.04	0.587	0.798743251615187	0.912365591397849	0.861093538183461
wdLC_k1_0.04_k2_0.587	210	0.869313525088032	0.856934883525056	0.87839180026758	0.877044183055657	0.04	0.587	0.798743251615187	0.912365591397849	0.861093538183461
wdLC_k1_0.04_k2_0.587	220	0.865497596682125	0.851436073998524	0.875734096684943	0.874450448825952	0.04	0.587	0.798743251615187	0.912365591397849	0.861093538183461
wdLC_k1_0.04_k2_0.587	230	0.847917565631634	0.831145653283493	0.858840760530527	0.884369968364652	0.04	0.587	0.798743251615187	0.912365591397849	0.861093538183461
wdLC_k1_0.04_k2_0.587	240	0.835774058577406	0.816366603586868	0.847045955658952	0.895512942933037	0.04	0.587	0.798743251615187	0.912365591397849	0.861093538183461
wdLC_k1_0.04_k2_0.587	250	0.811507512120194	0.792818701099218	0.822551528824461	0.895512942933037	0.04	0.587	0.798743251615187	0.912365591397849	0.861093538183461
wdLC_k1_0.04_k2_0.587	260	0.810532927774307	0.787827767138112	0.821502821502821	0.895512942933037	0.04	0.587	0.798743251615187	0.912365591397849	0.861093538183461
wdLC_k1_0.04_k2_0.587	270	0.794940031184698	0.772380965445342	0.804558818822389	0.895512942933037	0.04	0.587	0.798743251615187	0.912365591397849	0.861093538183461
wdLC_k1_0.04_k2_0.587	280	0.793714569974471	0.77437011769465	0.808290557641952	0.895512942933037	0.04	0.587	0.798743251615187	0.912365591397849	0.861093538183461
wdLC_k1_0.04_k2_0.587	290	0.78972614787744	0.770425250043975	0.805270881485737	0.895512942933037	0.04	0.587	0.798743251615187	0.912365591397849	0.861093538183461
wdLC_k1_0.04_k2_0.587	300	0.776837075967511	0.755499949999445	0.793716819075768	0.895512942933037	0.04	0.587	0.798743251615187	0.912365591397849	0.861093538183461
wdLC_k1_0.04_k2_0.6	10	0.806060606060606	0.406060606060606	-0.0424242424242424	0.709090909090909	0.04	0.6	0.792282502876361	0.90573476702509	0.854315408947131
wdLC_k1_0.04_k2_0.6	20	0.793984962406015	0.760902255639098	0.529323308270677	0.730827067669173	0.04	0.6	0.792282502876361	0.90573476702509	0.854315408947131
wdLC_k1_0.04_k2_0.6	30	0.838932146829811	0.83670745272525	0.719243604004449	0.795328142380423	0.04	0.6	0.792282502876361	0.90573476702509	0.854315408947131
wdLC_k1_0.04_k2_0.6	40	0.840900562851783	0.828142589118199	0.801125703564728	0.839774859287055	0.04	0.6	0.792282502876361	0.90573476702509	0.854315408947131
wdLC_k1_0.04_k2_0.6	50	0.858055222088836	0.840768307322929	0.84	0.812917166866747	0.04	0.6	0.792282502876361	0.90573476702509	0.854315408947131
wdLC_k1_0.04_k2_0.6	60	0.852403445401501	0.832509030286191	0.843512086690748	0.825840511253126	0.04	0.6	0.792282502876361	0.90573476702509	0.854315408947131
wdLC_k1_0.04_k2_0.6	70	0.862514215729158	0.864228851369084	0.868637914443181	0.857685241886099	0.04	0.6	0.792282502876361	0.90573476702509	0.854315408947131
wdLC_k1_0.04_k2_0.6	80	0.868448195030474	0.870557899671824	0.881575246132208	0.871331458040319	0.04	0.6	0.792282502876361	0.90573476702509	0.854315408947131
wdLC_k1_0.04_k2_0.6	90	0.861019878997407	0.868395275136848	0.885006379388402	0.886932543112318	0.04	0.6	0.792282502876361	0.90573476702509	0.854315408947131
wdLC_k1_0.04_k2_0.6	100	0.857269726972697	0.866606660666067	0.878655865586559	0.91011101110111	0.04	0.6	0.792282502876361	0.90573476702509	0.854315408947131
wdLC_k1_0.04_k2_0.6	110	0.85703401483218	0.875148209093163	0.877041678876541	0.920492302143678	0.04	0.6	0.792282502876361	0.90573476702509	0.854315408947131
wdLC_k1_0.04_k2_0.6	120	0.862886311549413	0.878554066254601	0.882220987568581	0.929543718313772	0.04	0.6	0.792282502876361	0.90573476702509	0.854315408947131
wdLC_k1_0.04_k2_0.6	130	0.875623045514755	0.886225402504472	0.891742342514578	0.926127627033006	0.04	0.6	0.792282502876361	0.90573476702509	0.854315408947131
wdLC_k1_0.04_k2_0.6	140	0.882320526557478	0.88911241827207	0.896914565611948	0.918982746933153	0.04	0.6	0.792282502876361	0.90573476702509	0.854315408947131
wdLC_k1_0.04_k2_0.6	150	0.879315525134451	0.88245522023201	0.891636072714343	0.914428196808747	0.04	0.6	0.792282502876361	0.90573476702509	0.854315408947131
wdLC_k1_0.04_k2_0.6	160	0.876866283839212	0.878398570256651	0.889426344779093	0.90622582913395	0.04	0.6	0.792282502876361	0.90573476702509	0.854315408947131
wdLC_k1_0.04_k2_0.6	170	0.86632470490532	0.863393604093771	0.876046189263622	0.896385586311759	0.04	0.6	0.792282502876361	0.90573476702509	0.854315408947131
wdLC_k1_0.04_k2_0.6	180	0.85806146280235	0.852954309289381	0.870790250727903	0.888722902970256	0.04	0.6	0.792282502876361	0.90573476702509	0.854315408947131
wdLC_k1_0.04_k2_0.6	190	0.85241463169267	0.843535540421735	0.863874345549738	0.879695748971032	0.04	0.6	0.792282502876361	0.90573476702509	0.854315408947131
wdLC_k1_0.04_k2_0.6	200	0.842121053026326	0.830651766294158	0.856999924998125	0.884420610515263	0.04	0.6	0.792282502876361	0.90573476702509	0.854315408947131
wdLC_k1_0.04_k2_0.6	210	0.845813154169353	0.834985568185868	0.8617914886311	0.885163576757491	0.04	0.6	0.792282502876361	0.90573476702509	0.854315408947131
wdLC_k1_0.04_k2_0.6	220	0.829363867397711	0.8171404743524	0.845830398449254	0.887514580504105	0.04	0.6	0.792282502876361	0.90573476702509	0.854315408947131
wdLC_k1_0.04_k2_0.6	230	0.812942629802322	0.799499456305988	0.827521026533747	0.892978333608674	0.04	0.6	0.792282502876361	0.90573476702509	0.854315408947131
wdLC_k1_0.04_k2_0.6	240	0.811877810378652	0.796250802965329	0.824200940988559	0.903198840257643	0.04	0.6	0.792282502876361	0.90573476702509	0.854315408947131
wdLC_k1_0.04_k2_0.6	250	0.808644362309797	0.790016224259588	0.820497095953535	0.903198840257643	0.04	0.6	0.792282502876361	0.90573476702509	0.854315408947131
wdLC_k1_0.04_k2_0.6	260	0.798487688142861	0.780764622143932	0.812977888839958	0.903198840257643	0.04	0.6	0.792282502876361	0.90573476702509	0.854315408947131
wdLC_k1_0.04_k2_0.6	270	0.791744742726238	0.774133161405963	0.805433087788127	0.903198840257643	0.04	0.6	0.792282502876361	0.90573476702509	0.854315408947131
wdLC_k1_0.04_k2_0.6	280	0.796690555455336	0.770417261153112	0.808130387960488	0.903198840257643	0.04	0.6	0.792282502876361	0.90573476702509	0.854315408947131
wdLC_k1_0.04_k2_0.6	290	0.788460644289919	0.766139168492306	0.802706416206515	0.903198840257643	0.04	0.6	0.792282502876361	0.90573476702509	0.854315408947131
wdLC_k1_0.04_k2_0.6	300	0.781122901365571	0.756885743174924	0.798715541283792	0.903198840257643	0.04	0.6	0.792282502876361	0.90573476702509	0.854315408947131
wdLC_k1_0.04_k2_0.68	10	0.709090909090909	0.527272727272727	0.187878787878788	0.793939393939394	0.04	0.68	0.73838392778122	0.853584229390681	0.798011748757343
wdLC_k1_0.04_k2_0.68	20	0.778947368421053	0.783458646616541	0.621052631578947	0.757894736842105	0.04	0.68	0.73838392778122	0.853584229390681	0.798011748757343
wdLC_k1_0.04_k2_0.68	30	0.880756395995551	0.869187986651835	0.796218020022247	0.810456062291435	0.04	0.68	0.73838392778122	0.853584229390681	0.798011748757343
wdLC_k1_0.04_k2_0.68	40	0.86454033771107	0.846529080675422	0.852532833020638	0.81594746716698	0.04	0.68	0.73838392778122	0.853584229390681	0.798011748757343
wdLC_k1_0.04_k2_0.68	50	0.876206482593037	0.851332533013205	0.874669867947179	0.808883553421369	0.04	0.68	0.73838392778122	0.853584229390681	0.798011748757343
wdLC_k1_0.04_k2_0.68	60	0.873131425395943	0.850958599611003	0.882078355098639	0.835120866907474	0.04	0.68	0.73838392778122	0.853584229390681	0.798011748757343
wdLC_k1_0.04_k2_0.68	70	0.865243635727408	0.870527512903508	0.890193333916543	0.865383605983728	0.04	0.68	0.73838392778122	0.853584229390681	0.798011748757343
wdLC_k1_0.04_k2_0.68	80	0.876933895921238	0.879535864978903	0.903000468823254	0.879887482419128	0.04	0.68	0.73838392778122	0.853584229390681	0.798011748757343
wdLC_k1_0.04_k2_0.68	90	0.868510515701527	0.877235872741491	0.899296209408569	0.898045026134914	0.04	0.68	0.73838392778122	0.853584229390681	0.798011748757343
wdLC_k1_0.04_k2_0.68	100	0.868694869486949	0.883912391239124	0.896465646564657	0.905562556255625	0.04	0.68	0.73838392778122	0.853584229390681	0.798011748757343
wdLC_k1_0.04_k2_0.68	110	0.878276942497126	0.892703378941911	0.899519870162072	0.920717715213128	0.04	0.68	0.73838392778122	0.853584229390681	0.798011748757343
wdLC_k1_0.04_k2_0.68	120	0.882832141120911	0.893819015209389	0.90264601708452	0.925008681158414	0.04	0.68	0.73838392778122	0.853584229390681	0.798011748757343
wdLC_k1_0.04_k2_0.68	130	0.896942468147865	0.905714948995616	0.913520599762389	0.927542367095003	0.04	0.68	0.73838392778122	0.853584229390681	0.798011748757343
wdLC_k1_0.04_k2_0.68	140	0.896245435262732	0.900815639281888	0.910778246703549	0.921676761933918	0.04	0.68	0.73838392778122	0.853584229390681	0.798011748757343
wdLC_k1_0.04_k2_0.68	150	0.888745277567892	0.890964042846349	0.902420552024535	0.912045868705276	0.04	0.68	0.73838392778122	0.853584229390681	0.798011748757343
wdLC_k1_0.04_k2_0.68	160	0.8878969881636	0.887419430446502	0.898848587835462	0.907054963084495	0.04	0.68	0.73838392778122	0.853584229390681	0.798011748757343
wdLC_k1_0.04_k2_0.68	170	0.877492198997319	0.875687129414207	0.890545367944749	0.897914643901784	0.04	0.68	0.73838392778122	0.853584229390681	0.798011748757343
wdLC_k1_0.04_k2_0.68	180	0.865454695103759	0.860699404302602	0.880175314052903	0.89002129695361	0.04	0.68	0.73838392778122	0.853584229390681	0.798011748757343
wdLC_k1_0.04_k2_0.68	190	0.86310628228512	0.854038236953641	0.876411797381762	0.883102170784728	0.04	0.68	0.73838392778122	0.853584229390681	0.798011748757343
wdLC_k1_0.04_k2_0.68	200	0.844129603240081	0.836309907747694	0.857649441236031	0.883283582089552	0.04	0.68	0.73838392778122	0.853584229390681	0.798011748757343
wdLC_k1_0.04_k2_0.68	210	0.844510889459755	0.835682700935881	0.85961068116219	0.887450638660417	0.04	0.68	0.73838392778122	0.853584229390681	0.798011748757343
wdLC_k1_0.04_k2_0.68	220	0.843053481570806	0.826530600744944	0.857431689986082	0.887515707499592	0.04	0.68	0.73838392778122	0.853584229390681	0.798011748757343
wdLC_k1_0.04_k2_0.68	230	0.836495306478219	0.820687002384363	0.850402037681324	0.89158667419537	0.04	0.68	0.73838392778122	0.853584229390681	0.798011748757343
wdLC_k1_0.04_k2_0.68	240	0.825628049098075	0.807976700984392	0.838540599663189	0.901919304154586	0.04	0.68	0.73838392778122	0.853584229390681	0.798011748757343
wdLC_k1_0.04_k2_0.68	250	0.814432102913647	0.79797052752844	0.82936610185763	0.901919304154586	0.04	0.68	0.73838392778122	0.853584229390681	0.798011748757343
wdLC_k1_0.04_k2_0.68	260	0.806230178643972	0.784260349777591	0.82033257205671	0.901919304154586	0.04	0.68	0.73838392778122	0.853584229390681	0.798011748757343
wdLC_k1_0.04_k2_0.68	270	0.801589718499415	0.776952282533978	0.815225631810221	0.901919304154586	0.04	0.68	0.73838392778122	0.853584229390681	0.798011748757343
wdLC_k1_0.04_k2_0.68	280	0.789855191301638	0.766113999267483	0.807357418917515	0.901919304154586	0.04	0.68	0.73838392778122	0.853584229390681	0.798011748757343
wdLC_k1_0.04_k2_0.68	290	0.78857135125228	0.767192114712094	0.80560693862037	0.901919304154586	0.04	0.68	0.73838392778122	0.853584229390681	0.798011748757343
wdLC_k1_0.04_k2_0.68	300	0.782727808086757	0.757699085545395	0.800464005155613	0.901919304154586	0.04	0.68	0.73838392778122	0.853584229390681	0.798011748757343
wdLC_k1_0.04_k2_0.76	10	0.709090909090909	0.454545454545455	0.0666666666666667	0.806060606060606	0.04	0.76	0.6801486857244	0.796774193548387	0.734749209218256
wdLC_k1_0.04_k2_0.76	20	0.783458646616541	0.790977443609023	0.606015037593985	0.796992481203008	0.04	0.76	0.6801486857244	0.796774193548387	0.734749209218256
wdLC_k1_0.04_k2_0.76	30	0.862958843159066	0.884315906562848	0.781979977753059	0.839377085650723	0.04	0.76	0.6801486857244	0.796774193548387	0.734749209218256
wdLC_k1_0.04_k2_0.76	40	0.927954971857411	0.929268292682927	0.892682926829269	0.820450281425891	0.04	0.76	0.6801486857244	0.796774193548387	0.734749209218256
wdLC_k1_0.04_k2_0.76	50	0.893109243697479	0.873613445378151	0.899927971188476	0.814453781512605	0.04	0.76	0.6801486857244	0.796774193548387	0.734749209218256
wdLC_k1_0.04_k2_0.76	60	0.895637677132537	0.880744651292026	0.906918588496805	0.831342039455404	0.04	0.76	0.6801486857244	0.796774193548387	0.734749209218256
wdLC_k1_0.04_k2_0.76	70	0.879800542384743	0.887638876738693	0.90527512903508	0.871402327005511	0.04	0.76	0.6801486857244	0.796774193548387	0.734749209218256
wdLC_k1_0.04_k2_0.76	80	0.860876699484295	0.878270042194093	0.900093764650727	0.881340834505392	0.04	0.76	0.6801486857244	0.796774193548387	0.734749209218256
wdLC_k1_0.04_k2_0.76	90	0.870979956373215	0.88958307609993	0.903889369057908	0.88773922706507	0.04	0.76	0.6801486857244	0.796774193548387	0.734749209218256
wdLC_k1_0.04_k2_0.76	100	0.884896489648965	0.900582058205821	0.912835283528353	0.895517551755176	0.04	0.76	0.6801486857244	0.796774193548387	0.734749209218256
wdLC_k1_0.04_k2_0.76	110	0.896787863760341	0.911394630660686	0.917011924351374	0.912909406487388	0.04	0.76	0.6801486857244	0.796774193548387	0.734749209218256
wdLC_k1_0.04_k2_0.76	120	0.900840336134454	0.909938190152094	0.918167928328356	0.918223487742204	0.04	0.76	0.6801486857244	0.796774193548387	0.734749209218256
wdLC_k1_0.04_k2_0.76	130	0.898892515260348	0.906250256046102	0.91546518455803	0.917529940324189	0.04	0.76	0.6801486857244	0.796774193548387	0.734749209218256
wdLC_k1_0.04_k2_0.76	140	0.904786687367431	0.908582799413965	0.919175176576065	0.91535282412368	0.04	0.76	0.6801486857244	0.796774193548387	0.734749209218256
wdLC_k1_0.04_k2_0.76	150	0.89199164407307	0.894352637895018	0.90451131161385	0.91075158895951	0.04	0.76	0.6801486857244	0.796774193548387	0.734749209218256
wdLC_k1_0.04_k2_0.76	160	0.895189265205672	0.894565217391304	0.906990507441697	0.903993320051564	0.04	0.76	0.6801486857244	0.796774193548387	0.734749209218256
wdLC_k1_0.04_k2_0.76	170	0.881791146854257	0.87924108914821	0.893315258211662	0.8952790957554	0.04	0.76	0.6801486857244	0.796774193548387	0.734749209218256
wdLC_k1_0.04_k2_0.76	180	0.876942703992922	0.873944669074149	0.88631336358118	0.886729014269988	0.04	0.76	0.6801486857244	0.796774193548387	0.734749209218256
wdLC_k1_0.04_k2_0.76	190	0.875851933498668	0.8664917092032	0.885948728715331	0.883833492982019	0.04	0.76	0.6801486857244	0.796774193548387	0.734749209218256
wdLC_k1_0.04_k2_0.76	200	0.867918697967449	0.85875196879922	0.877083927098177	0.879042976074402	0.04	0.76	0.6801486857244	0.796774193548387	0.734749209218256
wdLC_k1_0.04_k2_0.76	210	0.861883489421529	0.853227640406488	0.870674100157762	0.885671524783523	0.04	0.76	0.6801486857244	0.796774193548387	0.734749209218256
wdLC_k1_0.04_k2_0.76	220	0.859132326175034	0.841405814169714	0.868335371316838	0.885444289795619	0.04	0.76	0.6801486857244	0.796774193548387	0.734749209218256
wdLC_k1_0.04_k2_0.76	230	0.848988679822172	0.832256219193755	0.856521985703683	0.886801180592713	0.04	0.76	0.6801486857244	0.796774193548387	0.734749209218256
wdLC_k1_0.04_k2_0.76	240	0.841152624177503	0.824299901039949	0.849824649733502	0.898000833347801	0.04	0.76	0.6801486857244	0.796774193548387	0.734749209218256
wdLC_k1_0.04_k2_0.76	250	0.827468343493496	0.80888167810685	0.836200643210291	0.898000833347801	0.04	0.76	0.6801486857244	0.796774193548387	0.734749209218256
wdLC_k1_0.04_k2_0.76	260	0.822085215188663	0.800559862628828	0.830238726790451	0.898000833347801	0.04	0.76	0.6801486857244	0.796774193548387	0.734749209218256
wdLC_k1_0.04_k2_0.76	270	0.810019646664868	0.782802080808912	0.820943741035923	0.898000833347801	0.04	0.76	0.6801486857244	0.796774193548387	0.734749209218256
wdLC_k1_0.04_k2_0.76	280	0.802092592288896	0.771852775090061	0.819794895343053	0.898000833347801	0.04	0.76	0.6801486857244	0.796774193548387	0.734749209218256
wdLC_k1_0.04_k2_0.76	290	0.788911344634464	0.761696129069557	0.80518133185396	0.898000833347801	0.04	0.76	0.6801486857244	0.796774193548387	0.734749209218256
wdLC_k1_0.04_k2_0.76	300	0.79184702052245	0.768512094578829	0.809911221235792	0.898000833347801	0.04	0.76	0.6801486857244	0.796774193548387	0.734749209218256
wdLC_k1_0.08_k2_0.2	10	0.660606060606061	0.2	-0.224242424242424	0.575757575757576	0.08	0.2	0.875741216036817	0.980645161290323	0.938816086760054
wdLC_k1_0.08_k2_0.2	20	0.742857142857143	0.673684210526316	0.524812030075188	0.726315789473684	0.08	0.2	0.875741216036817	0.980645161290323	0.938816086760054
wdLC_k1_0.08_k2_0.2	30	0.790433815350389	0.773526140155729	0.663181312569522	0.795328142380423	0.08	0.2	0.875741216036817	0.980645161290323	0.938816086760054
wdLC_k1_0.08_k2_0.2	40	0.81594746716698	0.786679174484053	0.76735459662289	0.755722326454034	0.08	0.2	0.875741216036817	0.980645161290323	0.938816086760054
wdLC_k1_0.08_k2_0.2	50	0.829435774309724	0.796782713085234	0.81234093637455	0.79390156062425	0.08	0.2	0.875741216036817	0.980645161290323	0.938816086760054
wdLC_k1_0.08_k2_0.2	60	0.832397888302306	0.81183662128369	0.837399277577105	0.808835787718811	0.08	0.2	0.875741216036817	0.980645161290323	0.938816086760054
wdLC_k1_0.08_k2_0.2	70	0.850441781121512	0.83952410112851	0.850511766249672	0.838369346513866	0.08	0.2	0.875741216036817	0.980645161290323	0.938816086760054
wdLC_k1_0.08_k2_0.2	80	0.839170182841069	0.839404594467886	0.86193155180497	0.853141115799344	0.08	0.2	0.875741216036817	0.980645161290323	0.938816086760054
wdLC_k1_0.08_k2_0.2	90	0.842927110342841	0.846483104910071	0.865300242828333	0.883228382104787	0.08	0.2	0.875741216036817	0.980645161290323	0.938816086760054
wdLC_k1_0.08_k2_0.2	100	0.848460846084609	0.85988598859886	0.86945094509451	0.888436843684369	0.08	0.2	0.875741216036817	0.980645161290323	0.938816086760054
wdLC_k1_0.08_k2_0.2	110	0.861884904086739	0.870513716385276	0.878412190338796	0.901260059058224	0.08	0.2	0.875741216036817	0.980645161290323	0.938816086760054
wdLC_k1_0.08_k2_0.2	120	0.861934856587263	0.871338287381068	0.877901243141885	0.908924230849365	0.08	0.2	0.875741216036817	0.980645161290323	0.938816086760054
wdLC_k1_0.08_k2_0.2	130	0.872973821846536	0.879315571699736	0.886891805159158	0.90902511300168	0.08	0.2	0.875741216036817	0.980645161290323	0.938816086760054
wdLC_k1_0.08_k2_0.2	140	0.869642037130174	0.873578098007916	0.883164592945704	0.903164155605607	0.08	0.2	0.875741216036817	0.980645161290323	0.938816086760054
wdLC_k1_0.08_k2_0.2	150	0.860861371616517	0.863311258278146	0.874607760344904	0.900098671052047	0.08	0.2	0.875741216036817	0.980645161290323	0.938816086760054
wdLC_k1_0.08_k2_0.2	160	0.854043126684636	0.853222782139927	0.869661900855502	0.893454822454002	0.08	0.2	0.875741216036817	0.980645161290323	0.938816086760054
wdLC_k1_0.08_k2_0.2	170	0.862404357569873	0.858176244649215	0.874900617363109	0.875100909251898	0.08	0.2	0.875741216036817	0.980645161290323	0.938816086760054
wdLC_k1_0.08_k2_0.2	180	0.851692953486219	0.848077615564266	0.862530736545367	0.864339434344682	0.08	0.2	0.875741216036817	0.980645161290323	0.938816086760054
wdLC_k1_0.08_k2_0.2	190	0.847748516142013	0.840046888600209	0.858632619944276	0.860721612058068	0.08	0.2	0.875741216036817	0.980645161290323	0.938816086760054
wdLC_k1_0.08_k2_0.2	200	0.845722643066077	0.836761419035476	0.854484362109053	0.865368634215855	0.08	0.2	0.875741216036817	0.980645161290323	0.938816086760054
wdLC_k1_0.08_k2_0.2	210	0.842367659778485	0.828134748763335	0.85062051941573	0.865584253611193	0.08	0.2	0.875741216036817	0.980645161290323	0.938816086760054
wdLC_k1_0.08_k2_0.2	220	0.83556797755025	0.823373886387585	0.843820965497033	0.868668961980807	0.08	0.2	0.875741216036817	0.980645161290323	0.938816086760054
wdLC_k1_0.08_k2_0.2	230	0.820490730078731	0.805771293449289	0.828867316469367	0.878572538151046	0.08	0.2	0.875741216036817	0.980645161290323	0.938816086760054
wdLC_k1_0.08_k2_0.2	240	0.809616486397333	0.79471171374503	0.819364051459227	0.890072744318478	0.08	0.2	0.875741216036817	0.980645161290323	0.938816086760054
wdLC_k1_0.08_k2_0.2	250	0.798851437623002	0.779377718043489	0.805948639178227	0.890072744318478	0.08	0.2	0.875741216036817	0.980645161290323	0.938816086760054
wdLC_k1_0.08_k2_0.2	260	0.791384260349777	0.765804683046062	0.797919632402391	0.890072744318478	0.08	0.2	0.875741216036817	0.980645161290323	0.938816086760054
wdLC_k1_0.08_k2_0.2	270	0.779169657867582	0.755238221527197	0.79186058031584	0.890072744318478	0.08	0.2	0.875741216036817	0.980645161290323	0.938816086760054
wdLC_k1_0.08_k2_0.2	280	0.767952397352007	0.747824042945154	0.783772569985404	0.890072744318478	0.08	0.2	0.875741216036817	0.980645161290323	0.938816086760054
wdLC_k1_0.08_k2_0.2	290	0.759400312685665	0.737901020595185	0.774092848699255	0.890072744318478	0.08	0.2	0.875741216036817	0.980645161290323	0.938816086760054
wdLC_k1_0.08_k2_0.2	300	0.766049844998278	0.737961977355304	0.779680218669096	0.890072744318478	0.08	0.2	0.875741216036817	0.980645161290323	0.938816086760054
wdLC_k1_0.08_k2_0.28	10	0.733333333333333	0.224242424242424	-0.260606060606061	0.612121212121212	0.08	0.28	0.85724400389415	0.967204301075269	0.918843199277
wdLC_k1_0.08_k2_0.28	20	0.793984962406015	0.762406015037594	0.493233082706767	0.75187969924812	0.08	0.28	0.85724400389415	0.967204301075269	0.918843199277
wdLC_k1_0.08_k2_0.28	30	0.848275862068966	0.842046718576196	0.728142380422692	0.809121245828699	0.08	0.28	0.85724400389415	0.967204301075269	0.918843199277
wdLC_k1_0.08_k2_0.28	40	0.831332082551595	0.822514071294559	0.782739212007505	0.843151969981238	0.08	0.28	0.85724400389415	0.967204301075269	0.918843199277
wdLC_k1_0.08_k2_0.28	50	0.855174069627851	0.831452581032413	0.835678271308523	0.795438175270108	0.08	0.28	0.85724400389415	0.967204301075269	0.918843199277
wdLC_k1_0.08_k2_0.28	60	0.860905807168658	0.837065851625452	0.849069185884968	0.820672409002501	0.08	0.28	0.85724400389415	0.967204301075269	0.918843199277
wdLC_k1_0.08_k2_0.28	70	0.865278628291488	0.86058962470475	0.865278628291488	0.853101215991602	0.08	0.28	0.85724400389415	0.967204301075269	0.918843199277
wdLC_k1_0.08_k2_0.28	80	0.852156586966714	0.858204406938584	0.874589779653071	0.867346460384435	0.08	0.28	0.85724400389415	0.967204301075269	0.918843199277
wdLC_k1_0.08_k2_0.28	90	0.86447709593777	0.868839774457752	0.88629048853768	0.891723258015393	0.08	0.28	0.85724400389415	0.967204301075269	0.918843199277
wdLC_k1_0.08_k2_0.28	100	0.847284728472847	0.863822382238224	0.87005100510051	0.906222622262226	0.08	0.28	0.85724400389415	0.967204301075269	0.918843199277
wdLC_k1_0.08_k2_0.28	110	0.858656988932218	0.87462525077204	0.876067894416518	0.915812726821901	0.08	0.28	0.85724400389415	0.967204301075269	0.918843199277
wdLC_k1_0.08_k2_0.28	120	0.867087992221682	0.880172234182929	0.884533648170012	0.924619765261476	0.08	0.28	0.85724400389415	0.967204301075269	0.918843199277
wdLC_k1_0.08_k2_0.28	130	0.881216457960644	0.890398612571522	0.895773532343744	0.920774556528151	0.08	0.28	0.85724400389415	0.967204301075269	0.918843199277
wdLC_k1_0.08_k2_0.28	140	0.885281319017734	0.890975487087534	0.898554590977674	0.915755177013405	0.08	0.28	0.85724400389415	0.967204301075269	0.918843199277
wdLC_k1_0.08_k2_0.28	150	0.878408818169697	0.87986310502689	0.890967598559936	0.909503533490377	0.08	0.28	0.85724400389415	0.967204301075269	0.918843199277
wdLC_k1_0.08_k2_0.28	160	0.869811320754717	0.87020977381929	0.881331302003984	0.899979491386382	0.08	0.28	0.85724400389415	0.967204301075269	0.918843199277
wdLC_k1_0.08_k2_0.28	170	0.867147855716563	0.86346443903005	0.879233761396181	0.891485762788454	0.08	0.28	0.85724400389415	0.967204301075269	0.918843199277
wdLC_k1_0.08_k2_0.28	180	0.856468821054148	0.850232003045361	0.86816053993436	0.879134129654208	0.08	0.28	0.85724400389415	0.967204301075269	0.918843199277
wdLC_k1_0.08_k2_0.28	190	0.857266202154601	0.849289891395155	0.868668180048726	0.87678970550285	0.08	0.28	0.85724400389415	0.967204301075269	0.918843199277
wdLC_k1_0.08_k2_0.28	200	0.84380709517738	0.832567314182855	0.85550438760969	0.875108377709443	0.08	0.28	0.85724400389415	0.967204301075269	0.918843199277
wdLC_k1_0.08_k2_0.28	210	0.83754604088852	0.824595957796257	0.849489298429184	0.87454979542782	0.08	0.28	0.85724400389415	0.967204301075269	0.918843199277
wdLC_k1_0.08_k2_0.28	220	0.833100984430557	0.818622473416994	0.843091799417343	0.87794413483374	0.08	0.28	0.85724400389415	0.967204301075269	0.918843199277
wdLC_k1_0.08_k2_0.28	230	0.815037516119726	0.801826121476777	0.826460761566135	0.884458734734034	0.08	0.28	0.85724400389415	0.967204301075269	0.918843199277
wdLC_k1_0.08_k2_0.28	240	0.808951544297644	0.794774214830119	0.821687008455008	0.895594541571902	0.08	0.28	0.85724400389415	0.967204301075269	0.918843199277
wdLC_k1_0.08_k2_0.28	250	0.808943887102194	0.791132146114338	0.817033360533769	0.895594541571902	0.08	0.28	0.85724400389415	0.967204301075269	0.918843199277
wdLC_k1_0.08_k2_0.28	260	0.797771473633542	0.7761061554165	0.806324399427848	0.895594541571902	0.08	0.28	0.85724400389415	0.967204301075269	0.918843199277
wdLC_k1_0.08_k2_0.28	270	0.78904206885935	0.768143138680457	0.801715310833406	0.895594541571902	0.08	0.28	0.85724400389415	0.967204301075269	0.918843199277
wdLC_k1_0.08_k2_0.28	280	0.773887968687647	0.751885137018876	0.787952834675369	0.895594541571902	0.08	0.28	0.85724400389415	0.967204301075269	0.918843199277
wdLC_k1_0.08_k2_0.28	290	0.76934819430794	0.740860586722299	0.783855726686651	0.895594541571902	0.08	0.28	0.85724400389415	0.967204301075269	0.918843199277
wdLC_k1_0.08_k2_0.28	300	0.777713085700952	0.749005211169013	0.794304825609174	0.895594541571902	0.08	0.28	0.85724400389415	0.967204301075269	0.918843199277
wdLC_k1_0.08_k2_0.36	10	0.757575757575757	0.490909090909091	0.103030303030303	0.721212121212121	0.08	0.36	0.820780600053102	0.933512544802867	0.880976050610032
wdLC_k1_0.08_k2_0.36	20	0.828571428571429	0.806015037593985	0.633082706766917	0.778947368421053	0.08	0.36	0.820780600053102	0.933512544802867	0.880976050610032
wdLC_k1_0.08_k2_0.36	30	0.877641824249166	0.876307007786429	0.790433815350389	0.820689655172414	0.08	0.36	0.820780600053102	0.933512544802867	0.880976050610032
wdLC_k1_0.08_k2_0.36	40	0.87016885553471	0.844277673545967	0.85328330206379	0.848780487804878	0.08	0.36	0.820780600053102	0.933512544802867	0.880976050610032
wdLC_k1_0.08_k2_0.36	50	0.873805522208884	0.842016806722689	0.869099639855942	0.784105642256903	0.08	0.36	0.820780600053102	0.933512544802867	0.880976050610032
wdLC_k1_0.08_k2_0.36	60	0.860461239233121	0.841011392053348	0.877188107807725	0.818560711308697	0.08	0.36	0.820780600053102	0.933512544802867	0.880976050610032
wdLC_k1_0.08_k2_0.36	70	0.86587350188085	0.862899133934039	0.888653661097017	0.864963695214767	0.08	0.36	0.820780600053102	0.933512544802867	0.880976050610032
wdLC_k1_0.08_k2_0.36	80	0.86305672761369	0.867885607126113	0.898546647913737	0.869034224097515	0.08	0.36	0.820780600053102	0.933512544802867	0.880976050610032
wdLC_k1_0.08_k2_0.36	90	0.863653949047207	0.875359097831008	0.895740214841339	0.883063752726674	0.08	0.36	0.820780600053102	0.933512544802867	0.880976050610032
wdLC_k1_0.08_k2_0.36	100	0.884872487248725	0.893813381338134	0.909270927092709	0.891065106510651	0.08	0.36	0.820780600053102	0.933512544802867	0.880976050610032
wdLC_k1_0.08_k2_0.36	110	0.88404751707504	0.896977210738679	0.905236345603318	0.912233167279039	0.08	0.36	0.820780600053102	0.933512544802867	0.880976050610032
wdLC_k1_0.08_k2_0.36	120	0.892131398013751	0.899333287033821	0.909945135078825	0.916049725675394	0.08	0.36	0.820780600053102	0.933512544802867	0.880976050610032
wdLC_k1_0.08_k2_0.36	130	0.90242663425692	0.908500730584878	0.91756817654208	0.913493288178181	0.08	0.36	0.820780600053102	0.933512544802867	0.880976050610032
wdLC_k1_0.08_k2_0.36	140	0.893494566049288	0.899035665084954	0.908565305810063	0.912921213181431	0.08	0.36	0.820780600053102	0.933512544802867	0.880976050610032
wdLC_k1_0.08_k2_0.36	150	0.899732432552558	0.899309302635673	0.912977465665141	0.908660829370194	0.08	0.36	0.820780600053102	0.933512544802867	0.880976050610032
wdLC_k1_0.08_k2_0.36	160	0.885925231454354	0.885655689675378	0.899062463377476	0.908097972577054	0.08	0.36	0.820780600053102	0.933512544802867	0.880976050610032
wdLC_k1_0.08_k2_0.36	170	0.880386661048724	0.877743785150311	0.890787183761702	0.894040705662521	0.08	0.36	0.820780600053102	0.933512544802867	0.880976050610032
wdLC_k1_0.08_k2_0.36	180	0.874000226344435	0.868629690216776	0.88477216374991	0.881936685288641	0.08	0.36	0.820780600053102	0.933512544802867	0.880976050610032
wdLC_k1_0.08_k2_0.36	190	0.873215324524225	0.866906358391616	0.882610540312387	0.878446552681879	0.08	0.36	0.820780600053102	0.933512544802867	0.880976050610032
wdLC_k1_0.08_k2_0.36	200	0.863133578339459	0.854451361284032	0.873594839870997	0.879981999549989	0.08	0.36	0.820780600053102	0.933512544802867	0.880976050610032
wdLC_k1_0.08_k2_0.36	210	0.860249503552073	0.847471759968642	0.870411055644281	0.878212981829844	0.08	0.36	0.820780600053102	0.933512544802867	0.880976050610032
wdLC_k1_0.08_k2_0.36	220	0.859840079340482	0.844259366741236	0.870600632244468	0.885160286933051	0.08	0.36	0.820780600053102	0.933512544802867	0.880976050610032
wdLC_k1_0.08_k2_0.36	230	0.844454690932762	0.829833883602633	0.854490222137839	0.885908585433932	0.08	0.36	0.820780600053102	0.933512544802867	0.880976050610032
wdLC_k1_0.08_k2_0.36	240	0.828852931474505	0.812235455476657	0.839470303303877	0.896741262869147	0.08	0.36	0.820780600053102	0.933512544802867	0.880976050610032
wdLC_k1_0.08_k2_0.36	250	0.830780780492488	0.806533096529545	0.840584457351318	0.896741262869147	0.08	0.36	0.820780600053102	0.933512544802867	0.880976050610032
wdLC_k1_0.08_k2_0.36	260	0.814206855586166	0.791938660904178	0.82479850066057	0.896741262869147	0.08	0.36	0.820780600053102	0.933512544802867	0.880976050610032
wdLC_k1_0.08_k2_0.36	270	0.794914424980681	0.772943692262201	0.804362504591589	0.896741262869147	0.08	0.36	0.820780600053102	0.933512544802867	0.880976050610032
wdLC_k1_0.08_k2_0.36	280	0.791037604342621	0.769335979139676	0.804137625662135	0.896741262869147	0.08	0.36	0.820780600053102	0.933512544802867	0.880976050610032
wdLC_k1_0.08_k2_0.36	290	0.779182416782192	0.757704282022297	0.794907233715929	0.896741262869147	0.08	0.36	0.820780600053102	0.933512544802867	0.880976050610032
wdLC_k1_0.08_k2_0.36	300	0.790153668374093	0.767940532672585	0.805193391037678	0.896741262869147	0.08	0.36	0.820780600053102	0.933512544802867	0.880976050610032
wdLC_k1_0.08_k2_0.373	10	0.721212121212121	0.503030303030303	0.163636363636364	0.745454545454545	0.08	0.373	0.815116381980706	0.927598566308244	0.875011296882061
wdLC_k1_0.08_k2_0.373	20	0.827067669172932	0.806015037593985	0.64812030075188	0.772932330827068	0.08	0.373	0.815116381980706	0.927598566308244	0.875011296882061
wdLC_k1_0.08_k2_0.373	30	0.881646273637375	0.873637374860957	0.799332591768632	0.815350389321468	0.08	0.373	0.815116381980706	0.927598566308244	0.875011296882061
wdLC_k1_0.08_k2_0.373	40	0.881613508442777	0.850281425891182	0.861913696060038	0.847467166979362	0.08	0.373	0.815116381980706	0.927598566308244	0.875011296882061
wdLC_k1_0.08_k2_0.373	50	0.883025210084034	0.848259303721489	0.876686674669868	0.784105642256903	0.08	0.373	0.815116381980706	0.927598566308244	0.875011296882061
wdLC_k1_0.08_k2_0.373	60	0.869686023895527	0.84834676298972	0.884579049736038	0.816893581550431	0.08	0.373	0.815116381980706	0.927598566308244	0.875011296882061
wdLC_k1_0.08_k2_0.373	70	0.869477735981104	0.864963695214767	0.890928177762226	0.865068672907007	0.08	0.373	0.815116381980706	0.927598566308244	0.875011296882061
wdLC_k1_0.08_k2_0.373	80	0.8685419596812	0.872948898265354	0.903023909985935	0.869409282700422	0.08	0.373	0.815116381980706	0.927598566308244	0.875011296882061
wdLC_k1_0.08_k2_0.373	90	0.868543441577149	0.879606535786311	0.89983948635634	0.883623492612257	0.08	0.373	0.815116381980706	0.927598566308244	0.875011296882061
wdLC_k1_0.08_k2_0.373	100	0.886960696069607	0.895349534953495	0.910711071107111	0.891521152115212	0.08	0.373	0.815116381980706	0.927598566308244	0.875011296882061
wdLC_k1_0.08_k2_0.373	110	0.888213150598472	0.900719067691545	0.908987219078962	0.910538060996777	0.08	0.373	0.815116381980706	0.927598566308244	0.875011296882061
wdLC_k1_0.08_k2_0.373	120	0.895631641086187	0.902548788110285	0.913091186887978	0.916521980693103	0.08	0.373	0.815116381980706	0.927598566308244	0.875011296882061
wdLC_k1_0.08_k2_0.373	130	0.903890535170492	0.90967512870584	0.918917368801977	0.914050444496033	0.08	0.373	0.815116381980706	0.927598566308244	0.875011296882061
wdLC_k1_0.08_k2_0.373	140	0.896525332925149	0.901882749119853	0.911377402637161	0.913507248912117	0.08	0.373	0.815116381980706	0.927598566308244	0.875011296882061
wdLC_k1_0.08_k2_0.373	150	0.903284590426241	0.902754789101738	0.916355393573048	0.909194186408285	0.08	0.373	0.815116381980706	0.927598566308244	0.875011296882061
wdLC_k1_0.08_k2_0.373	160	0.889476151412164	0.889124575178718	0.902499121059416	0.908552091878589	0.08	0.373	0.815116381980706	0.927598566308244	0.875011296882061
wdLC_k1_0.08_k2_0.373	170	0.879903029414818	0.878344660816678	0.890916640714212	0.894531665048455	0.08	0.373	0.815116381980706	0.927598566308244	0.875011296882061
wdLC_k1_0.08_k2_0.373	180	0.878300770599916	0.873975534224307	0.8890356698252	0.880903731596654	0.08	0.373	0.815116381980706	0.927598566308244	0.875011296882061
wdLC_k1_0.08_k2_0.373	190	0.876537766755458	0.867996343389014	0.885269893757081	0.8770748861683	0.08	0.373	0.815116381980706	0.927598566308244	0.875011296882061
wdLC_k1_0.08_k2_0.373	200	0.866619665491637	0.857719942998575	0.876624915622891	0.880490512262807	0.08	0.373	0.815116381980706	0.927598566308244	0.875011296882061
wdLC_k1_0.08_k2_0.373	210	0.864088916820271	0.853101949185761	0.872549102182427	0.877632469800093	0.08	0.373	0.815116381980706	0.927598566308244	0.875011296882061
wdLC_k1_0.08_k2_0.373	220	0.863026095580487	0.847384525224977	0.873502645621904	0.885520925488694	0.08	0.373	0.815116381980706	0.927598566308244	0.875011296882061
wdLC_k1_0.08_k2_0.373	230	0.848414657300171	0.834138066224643	0.858485695053001	0.886133460236365	0.08	0.373	0.815116381980706	0.927598566308244	0.875011296882061
wdLC_k1_0.08_k2_0.373	240	0.834372992586677	0.815318842341013	0.845394017257244	0.896823729578638	0.08	0.373	0.815116381980706	0.927598566308244	0.875011296882061
wdLC_k1_0.08_k2_0.373	250	0.837881054096865	0.814041184658955	0.847487351797629	0.896823729578638	0.08	0.373	0.815116381980706	0.927598566308244	0.875011296882061
wdLC_k1_0.08_k2_0.373	260	0.811774184187977	0.790170314308245	0.823199478371892	0.896823729578638	0.08	0.373	0.815116381980706	0.927598566308244	0.875011296882061
wdLC_k1_0.08_k2_0.373	270	0.797976195375337	0.775984733825033	0.807720575347017	0.896823729578638	0.08	0.373	0.815116381980706	0.927598566308244	0.875011296882061
wdLC_k1_0.08_k2_0.373	280	0.792373627214633	0.769673811437099	0.805243507114705	0.896823729578638	0.08	0.373	0.815116381980706	0.927598566308244	0.875011296882061
wdLC_k1_0.08_k2_0.373	290	0.780196492557417	0.759696023282904	0.796698226351455	0.896823729578638	0.08	0.373	0.815116381980706	0.927598566308244	0.875011296882061
wdLC_k1_0.08_k2_0.373	300	0.790507894532161	0.768946321625796	0.805728063645152	0.896823729578638	0.08	0.373	0.815116381980706	0.927598566308244	0.875011296882061
wdLC_k1_0.08_k2_0.387	10	0.76969696969697	0.418181818181818	-0.0303030303030303	0.672727272727273	0.08	0.387	0.809009646871404	0.921863799283154	0.86823316764573
wdLC_k1_0.08_k2_0.387	20	0.780451127819549	0.765413533834587	0.572932330827068	0.760902255639098	0.08	0.387	0.809009646871404	0.921863799283154	0.86823316764573
wdLC_k1_0.08_k2_0.387	30	0.868743047830923	0.860734149054505	0.759288097886541	0.81579532814238	0.08	0.387	0.809009646871404	0.921863799283154	0.86823316764573
wdLC_k1_0.08_k2_0.387	40	0.85703564727955	0.845403377110694	0.824765478424015	0.838086303939963	0.08	0.387	0.809009646871404	0.921863799283154	0.86823316764573
wdLC_k1_0.08_k2_0.387	50	0.86765906362545	0.845666266506603	0.852869147659064	0.803793517406963	0.08	0.387	0.809009646871404	0.921863799283154	0.86823316764573
wdLC_k1_0.08_k2_0.387	60	0.882911919977772	0.864517921644902	0.879133092525702	0.832175604334538	0.08	0.387	0.809009646871404	0.921863799283154	0.86823316764573
wdLC_k1_0.08_k2_0.387	70	0.859224914705625	0.865663546496369	0.874306709824163	0.866783308546934	0.08	0.387	0.809009646871404	0.921863799283154	0.86823316764573
wdLC_k1_0.08_k2_0.387	80	0.863080168776371	0.869690576652602	0.891256446319737	0.873956868260666	0.08	0.387	0.809009646871404	0.921863799283154	0.86823316764573
wdLC_k1_0.08_k2_0.387	90	0.863275301477549	0.872132362020003	0.888727003333745	0.895476807836358	0.08	0.387	0.809009646871404	0.921863799283154	0.86823316764573
wdLC_k1_0.08_k2_0.387	100	0.865838583858386	0.880900090009001	0.889312931293129	0.903870387038704	0.08	0.387	0.809009646871404	0.921863799283154	0.86823316764573
wdLC_k1_0.08_k2_0.387	110	0.873002276672001	0.887356580934562	0.890882041340757	0.919870162071997	0.08	0.387	0.809009646871404	0.921863799283154	0.86823316764573
wdLC_k1_0.08_k2_0.387	120	0.877859573581499	0.88893673171748	0.895333009236752	0.923939162441836	0.08	0.387	0.809009646871404	0.921863799283154	0.86823316764573
wdLC_k1_0.08_k2_0.387	130	0.893025986972374	0.901569050512775	0.907457428068115	0.927875568422346	0.08	0.387	0.809009646871404	0.921863799283154	0.86823316764573
wdLC_k1_0.08_k2_0.387	140	0.900588222431174	0.905910651418075	0.913297325665304	0.921409984474426	0.08	0.387	0.809009646871404	0.921863799283154	0.86823316764573
wdLC_k1_0.08_k2_0.387	150	0.888553269034179	0.892076981199164	0.90144984221521	0.910349793324148	0.08	0.387	0.809009646871404	0.921863799283154	0.86823316764573
wdLC_k1_0.08_k2_0.387	160	0.883270830891832	0.882031524668932	0.895968592523145	0.906999296847533	0.08	0.387	0.809009646871404	0.921863799283154	0.86823316764573
wdLC_k1_0.08_k2_0.387	170	0.880323153864473	0.877841488510696	0.891033884746674	0.900374325999475	0.08	0.387	0.809009646871404	0.921863799283154	0.86823316764573
wdLC_k1_0.08_k2_0.387	180	0.866331265368273	0.861598609010566	0.877658775476609	0.887918351389446	0.08	0.387	0.809009646871404	0.921863799283154	0.86823316764573
wdLC_k1_0.08_k2_0.387	190	0.866785637741824	0.857901297746986	0.879690500247128	0.885918985946542	0.08	0.387	0.809009646871404	0.921863799283154	0.86823316764573
wdLC_k1_0.08_k2_0.387	200	0.853891847296183	0.842806570164254	0.865586139653492	0.883111077776945	0.08	0.387	0.809009646871404	0.921863799283154	0.86823316764573
wdLC_k1_0.08_k2_0.387	210	0.839732031500552	0.829032728309356	0.851377258311656	0.886721111265885	0.08	0.387	0.809009646871404	0.921863799283154	0.86823316764573
wdLC_k1_0.08_k2_0.387	220	0.835548818626982	0.825536590725954	0.848438266004745	0.889372996061151	0.08	0.387	0.809009646871404	0.921863799283154	0.86823316764573
wdLC_k1_0.08_k2_0.387	230	0.828630606151016	0.814007826234901	0.840456259138621	0.88951841778878	0.08	0.387	0.809009646871404	0.921863799283154	0.86823316764573
wdLC_k1_0.08_k2_0.387	240	0.826940571884929	0.809075678397194	0.837970277261758	0.900159724995226	0.08	0.387	0.809009646871404	0.921863799283154	0.86823316764573
wdLC_k1_0.08_k2_0.387	250	0.820483271732348	0.803338933422935	0.831676282820525	0.900159724995226	0.08	0.387	0.809009646871404	0.921863799283154	0.86823316764573
wdLC_k1_0.08_k2_0.387	260	0.812684302339475	0.793181965595759	0.823578409785306	0.900159724995226	0.08	0.387	0.809009646871404	0.921863799283154	0.86823316764573
wdLC_k1_0.08_k2_0.387	270	0.800726423621113	0.780301208216543	0.812498571082365	0.900159724995226	0.08	0.387	0.809009646871404	0.921863799283154	0.86823316764573
wdLC_k1_0.08_k2_0.387	280	0.788888706670821	0.767307345392525	0.802567088137057	0.900159724995226	0.08	0.387	0.809009646871404	0.921863799283154	0.86823316764573
wdLC_k1_0.08_k2_0.387	290	0.791861070142701	0.770832651665463	0.805866238927766	0.900159724995226	0.08	0.387	0.809009646871404	0.921863799283154	0.86823316764573
wdLC_k1_0.08_k2_0.387	300	0.783550483894266	0.760949343881599	0.79913865709619	0.900159724995226	0.08	0.387	0.809009646871404	0.921863799283154	0.86823316764573
wdLC_k1_0.08_k2_0.4	10	0.684848484848485	0.527272727272727	0.236363636363636	0.757575757575757	0.08	0.4	0.799805292503761	0.913978494623656	0.85901491188432
wdLC_k1_0.08_k2_0.4	20	0.786466165413534	0.792481203007519	0.642105263157895	0.765413533834587	0.08	0.4	0.799805292503761	0.913978494623656	0.85901491188432
wdLC_k1_0.08_k2_0.4	30	0.876307007786429	0.884315906562848	0.768631813125695	0.820689655172414	0.08	0.4	0.799805292503761	0.913978494623656	0.85901491188432
wdLC_k1_0.08_k2_0.4	40	0.87016885553471	0.85703564727955	0.849343339587242	0.80187617260788	0.08	0.4	0.799805292503761	0.913978494623656	0.85901491188432
wdLC_k1_0.08_k2_0.4	50	0.872268907563025	0.843937575030012	0.863337334933974	0.788715486194478	0.08	0.4	0.799805292503761	0.913978494623656	0.85901491188432
wdLC_k1_0.08_k2_0.4	60	0.883523200889136	0.863239788830231	0.887635454292859	0.8231731036399	0.08	0.4	0.799805292503761	0.913978494623656	0.85901491188432
wdLC_k1_0.08_k2_0.4	70	0.865348613419648	0.870142594698627	0.890158341352463	0.856145569066573	0.08	0.4	0.799805292503761	0.913978494623656	0.85901491188432
wdLC_k1_0.08_k2_0.4	80	0.877660571964369	0.879465541490858	0.903187998124707	0.872409751523676	0.08	0.4	0.799805292503761	0.913978494623656	0.85901491188432
wdLC_k1_0.08_k2_0.4	90	0.857002922171462	0.873959748117052	0.891805572704449	0.891706795077582	0.08	0.4	0.799805292503761	0.913978494623656	0.85901491188432
wdLC_k1_0.08_k2_0.4	100	0.877323732373237	0.88988898889889	0.903342334233423	0.900642064206421	0.08	0.4	0.799805292503761	0.913978494623656	0.85901491188432
wdLC_k1_0.08_k2_0.4	110	0.877916281586006	0.893541915560264	0.901169893830444	0.918535716700854	0.08	0.4	0.799805292503761	0.913978494623656	0.85901491188432
wdLC_k1_0.08_k2_0.4	120	0.889735398291548	0.899694423223835	0.908590874366275	0.922258490172928	0.08	0.4	0.799805292503761	0.913978494623656	0.85901491188432
wdLC_k1_0.08_k2_0.4	130	0.895385707847984	0.902721599366371	0.912602930532986	0.919272419396687	0.08	0.4	0.799805292503761	0.913978494623656	0.85901491188432
wdLC_k1_0.08_k2_0.4	140	0.897942314841136	0.903938247578229	0.913187990640922	0.918348603791739	0.08	0.4	0.799805292503761	0.913978494623656	0.85901491188432
wdLC_k1_0.08_k2_0.4	150	0.898061247166541	0.89943019689764	0.911924974443309	0.912806791412952	0.08	0.4	0.799805292503761	0.913978494623656	0.85901491188432
wdLC_k1_0.08_k2_0.4	160	0.892880581272706	0.892030938708543	0.904365404898629	0.90757939763272	0.08	0.4	0.799805292503761	0.913978494623656	0.85901491188432
wdLC_k1_0.08_k2_0.4	170	0.881556658789333	0.880308498360416	0.893041688802585	0.898207753982939	0.08	0.4	0.799805292503761	0.913978494623656	0.85901491188432
wdLC_k1_0.08_k2_0.4	180	0.875286274267724	0.872020741380907	0.886492381452103	0.88379476732821	0.08	0.4	0.799805292503761	0.913978494623656	0.85901491188432
wdLC_k1_0.08_k2_0.4	190	0.874013130557633	0.867557200155712	0.883611297003416	0.880323846264877	0.08	0.4	0.799805292503761	0.913978494623656	0.85901491188432
wdLC_k1_0.08_k2_0.4	200	0.865730143253581	0.857404935123378	0.876689417235431	0.883633090827271	0.08	0.4	0.799805292503761	0.913978494623656	0.85901491188432
wdLC_k1_0.08_k2_0.4	210	0.857954666934462	0.843369302186962	0.869168397080595	0.880060772353115	0.08	0.4	0.799805292503761	0.913978494623656	0.85901491188432
wdLC_k1_0.08_k2_0.4	220	0.858787465556201	0.843791663614387	0.87031324839544	0.887943965784417	0.08	0.4	0.799805292503761	0.913978494623656	0.85901491188432
wdLC_k1_0.08_k2_0.4	230	0.847324803542765	0.834669678147939	0.857859399002365	0.887822980133593	0.08	0.4	0.799805292503761	0.913978494623656	0.85901491188432
wdLC_k1_0.08_k2_0.4	240	0.840282817410024	0.8212034931162	0.852108543551103	0.898790777617667	0.08	0.4	0.799805292503761	0.913978494623656	0.85901491188432
wdLC_k1_0.08_k2_0.4	250	0.823138290212643	0.802060960975376	0.833336725387606	0.898790777617667	0.08	0.4	0.799805292503761	0.913978494623656	0.85901491188432
wdLC_k1_0.08_k2_0.4	260	0.812941702596875	0.790704914842846	0.824797817901266	0.898790777617667	0.08	0.4	0.799805292503761	0.913978494623656	0.85901491188432
wdLC_k1_0.08_k2_0.4	270	0.798351753034259	0.776049968678125	0.809429484629419	0.898790777617667	0.08	0.4	0.799805292503761	0.913978494623656	0.85901491188432
wdLC_k1_0.08_k2_0.4	280	0.791884918357195	0.768509984639017	0.80382001957022	0.898790777617667	0.08	0.4	0.799805292503761	0.913978494623656	0.85901491188432
wdLC_k1_0.08_k2_0.4	290	0.784634119639784	0.764719167188425	0.801414342948028	0.898790777617667	0.08	0.4	0.799805292503761	0.913978494623656	0.85901491188432
wdLC_k1_0.08_k2_0.4	300	0.786774075267503	0.767199635551506	0.801793353259481	0.898790777617667	0.08	0.4	0.799805292503761	0.913978494623656	0.85901491188432
wdLC_k1_0.08_k2_0.413	10	0.721212121212121	0.503030303030303	0.163636363636364	0.745454545454545	0.08	0.413	0.791751482432074	0.906810035842294	0.850519656574785
wdLC_k1_0.08_k2_0.413	20	0.840601503759399	0.810526315789474	0.654135338345865	0.790977443609023	0.08	0.413	0.791751482432074	0.906810035842294	0.850519656574785
wdLC_k1_0.08_k2_0.413	30	0.894549499443827	0.877641824249166	0.802002224694105	0.829588431590656	0.08	0.413	0.791751482432074	0.906810035842294	0.850519656574785
wdLC_k1_0.08_k2_0.413	40	0.887429643527205	0.851031894934334	0.869793621013134	0.853846153846154	0.08	0.413	0.791751482432074	0.906810035842294	0.850519656574785
wdLC_k1_0.08_k2_0.413	50	0.886674669867947	0.845186074429772	0.880432172869148	0.786602641056423	0.08	0.413	0.791751482432074	0.906810035842294	0.850519656574785
wdLC_k1_0.08_k2_0.413	60	0.880577938316199	0.857293692692415	0.896526813003612	0.819672131147541	0.08	0.413	0.791751482432074	0.906810035842294	0.850519656574785
wdLC_k1_0.08_k2_0.413	70	0.878050914180737	0.875041553669845	0.902930627241711	0.866118449829411	0.08	0.413	0.791751482432074	0.906810035842294	0.850519656574785
wdLC_k1_0.08_k2_0.413	80	0.879817158931083	0.879817158931083	0.905297702766057	0.868917018284107	0.08	0.413	0.791751482432074	0.906810035842294	0.850519656574785
wdLC_k1_0.08_k2_0.413	90	0.878174260196732	0.887591060624769	0.909503230851545	0.883129604477919	0.08	0.413	0.791751482432074	0.906810035842294	0.850519656574785
wdLC_k1_0.08_k2_0.413	100	0.893381338133814	0.900534053405341	0.917059705970597	0.891377137713772	0.08	0.413	0.791751482432074	0.906810035842294	0.850519656574785
wdLC_k1_0.08_k2_0.413	110	0.895047674864189	0.906183080495007	0.915614363320785	0.909924937447873	0.08	0.413	0.791751482432074	0.906810035842294	0.850519656574785
wdLC_k1_0.08_k2_0.413	120	0.900861170914647	0.906694909368706	0.918119313841239	0.917022015417737	0.08	0.413	0.791751482432074	0.906810035842294	0.850519656574785
wdLC_k1_0.08_k2_0.413	130	0.902890931188464	0.908074669871226	0.918382061751492	0.914017670594983	0.08	0.413	0.791751482432074	0.906810035842294	0.850519656574785
wdLC_k1_0.08_k2_0.413	140	0.907537556580875	0.91071264568892	0.922092235026568	0.915457785747086	0.08	0.413	0.791751482432074	0.906810035842294	0.850519656574785
wdLC_k1_0.08_k2_0.413	150	0.907718565269568	0.907010978265701	0.920348459931553	0.909887550557803	0.08	0.413	0.791751482432074	0.906810035842294	0.850519656574785
wdLC_k1_0.08_k2_0.413	160	0.889484940818001	0.888852103597797	0.902024493144263	0.907755185749443	0.08	0.413	0.791751482432074	0.906810035842294	0.850519656574785
wdLC_k1_0.08_k2_0.413	170	0.885889802822406	0.884201977271756	0.896676253808905	0.894121310934838	0.08	0.413	0.791751482432074	0.906810035842294	0.850519656574785
wdLC_k1_0.08_k2_0.413	180	0.88459931890902	0.880924308363427	0.894869183205243	0.882405835571057	0.08	0.413	0.791751482432074	0.906810035842294	0.850519656574785
wdLC_k1_0.08_k2_0.413	190	0.877940925612461	0.870898887707926	0.88624440682859	0.877633000476759	0.08	0.413	0.791751482432074	0.906810035842294	0.850519656574785
wdLC_k1_0.08_k2_0.413	200	0.873230330758269	0.864531613290333	0.883712592814821	0.880369009225231	0.08	0.413	0.791751482432074	0.906810035842294	0.850519656574785
wdLC_k1_0.08_k2_0.413	210	0.865341941670203	0.852917947604902	0.877191902634657	0.879069496230883	0.08	0.413	0.791751482432074	0.906810035842294	0.850519656574785
wdLC_k1_0.08_k2_0.413	220	0.856105216298609	0.844526464671509	0.866999881665474	0.882809374348456	0.08	0.413	0.791751482432074	0.906810035842294	0.850519656574785
wdLC_k1_0.08_k2_0.413	230	0.854802877016661	0.83985067524084	0.864187454846274	0.885749792262038	0.08	0.413	0.791751482432074	0.906810035842294	0.850519656574785
wdLC_k1_0.08_k2_0.413	240	0.833385996284658	0.815676487439018	0.84307626868522	0.89626903244848	0.08	0.413	0.791751482432074	0.906810035842294	0.850519656574785
wdLC_k1_0.08_k2_0.413	250	0.824229635674171	0.802868909902558	0.834967983487736	0.89626903244848	0.08	0.413	0.791751482432074	0.906810035842294	0.850519656574785
wdLC_k1_0.08_k2_0.413	260	0.812420757248343	0.790681018267225	0.822844443534099	0.89626903244848	0.08	0.413	0.791751482432074	0.906810035842294	0.850519656574785
wdLC_k1_0.08_k2_0.413	270	0.79455349943834	0.773147322551292	0.807062739772379	0.89626903244848	0.08	0.413	0.791751482432074	0.906810035842294	0.850519656574785
wdLC_k1_0.08_k2_0.413	280	0.782996321017214	0.760966156638295	0.797602374665858	0.89626903244848	0.08	0.413	0.791751482432074	0.906810035842294	0.850519656574785
wdLC_k1_0.08_k2_0.413	290	0.787621731530696	0.766157373637228	0.804049168652217	0.89626903244848	0.08	0.413	0.791751482432074	0.906810035842294	0.850519656574785
wdLC_k1_0.08_k2_0.413	300	0.791445238280425	0.77184857609529	0.806679185324281	0.89626903244848	0.08	0.413	0.791751482432074	0.906810035842294	0.850519656574785
wdLC_k1_0.08_k2_0.427	10	0.660606060606061	0.43030303030303	0.151515151515152	0.672727272727273	0.08	0.427	0.785113726878485	0.901792114695341	0.84365115228197
wdLC_k1_0.08_k2_0.427	20	0.792481203007519	0.786466165413534	0.618045112781955	0.780451127819549	0.08	0.427	0.785113726878485	0.901792114695341	0.84365115228197
wdLC_k1_0.08_k2_0.427	30	0.890100111234705	0.891879866518354	0.796218020022247	0.819354838709677	0.08	0.427	0.785113726878485	0.901792114695341	0.84365115228197
wdLC_k1_0.08_k2_0.427	40	0.842776735459663	0.836022514071295	0.833395872420263	0.809756097560976	0.08	0.427	0.785113726878485	0.901792114695341	0.84365115228197
wdLC_k1_0.08_k2_0.427	50	0.855366146458584	0.835390156062425	0.85594237695078	0.795726290516206	0.08	0.427	0.785113726878485	0.901792114695341	0.84365115228197
wdLC_k1_0.08_k2_0.427	60	0.864184495693248	0.848013337038066	0.876021116976938	0.827340928035566	0.08	0.427	0.785113726878485	0.901792114695341	0.84365115228197
wdLC_k1_0.08_k2_0.427	70	0.841693640101478	0.848657160353425	0.869022832648062	0.873256932901758	0.08	0.427	0.785113726878485	0.901792114695341	0.84365115228197
wdLC_k1_0.08_k2_0.427	80	0.870581340834506	0.870159399906235	0.895264885138303	0.881622128457572	0.08	0.427	0.785113726878485	0.901792114695341	0.84365115228197
wdLC_k1_0.08_k2_0.427	90	0.868477589825904	0.874091451619542	0.900053504547886	0.891048277565132	0.08	0.427	0.785113726878485	0.901792114695341	0.84365115228197
wdLC_k1_0.08_k2_0.427	100	0.868490849084909	0.876819681968197	0.894029402940294	0.912643264326433	0.08	0.427	0.785113726878485	0.901792114695341	0.84365115228197
wdLC_k1_0.08_k2_0.427	110	0.858837319387778	0.875617068277619	0.88180240290332	0.921853797083155	0.08	0.427	0.785113726878485	0.901792114695341	0.84365115228197
wdLC_k1_0.08_k2_0.427	120	0.868518647128273	0.882672407806098	0.89008958955483	0.927119938884644	0.08	0.427	0.785113726878485	0.901792114695341	0.84365115228197
wdLC_k1_0.08_k2_0.427	130	0.88511655218561	0.895128978956424	0.902672438514796	0.929973098089555	0.08	0.427	0.785113726878485	0.901792114695341	0.84365115228197
wdLC_k1_0.08_k2_0.427	140	0.894815333143819	0.901209245369662	0.910187837571888	0.921641774726116	0.08	0.427	0.785113726878485	0.901792114695341	0.84365115228197
wdLC_k1_0.08_k2_0.427	150	0.885683808169252	0.888048357704787	0.899092404106849	0.91144139739544	0.08	0.427	0.785113726878485	0.901792114695341	0.84365115228197
wdLC_k1_0.08_k2_0.427	160	0.878222782139927	0.879063635298254	0.891222313371616	0.908323567326849	0.08	0.427	0.785113726878485	0.901792114695341	0.84365115228197
wdLC_k1_0.08_k2_0.427	170	0.875809258614689	0.871962188799531	0.886756920145823	0.896598091120597	0.08	0.427	0.785113726878485	0.901792114695341	0.84365115228197
wdLC_k1_0.08_k2_0.427	180	0.865224235315905	0.86073850015947	0.877504449725815	0.891052192968919	0.08	0.427	0.785113726878485	0.901792114695341	0.84365115228197
wdLC_k1_0.08_k2_0.427	190	0.859176737655658	0.854055732699987	0.872517244244993	0.884150165990894	0.08	0.427	0.785113726878485	0.901792114695341	0.84365115228197
wdLC_k1_0.08_k2_0.427	200	0.85507237680942	0.845602640066002	0.868382209555239	0.886375159378985	0.08	0.427	0.785113726878485	0.901792114695341	0.84365115228197
wdLC_k1_0.08_k2_0.427	210	0.846893839510452	0.839002504106021	0.860249503552073	0.889589980984344	0.08	0.427	0.785113726878485	0.901792114695341	0.84365115228197
wdLC_k1_0.08_k2_0.427	220	0.824099671480816	0.815186264179012	0.839342285434147	0.889234375616326	0.08	0.427	0.785113726878485	0.901792114695341	0.84365115228197
wdLC_k1_0.08_k2_0.427	230	0.827174837693159	0.812630961216494	0.840274781227885	0.89236880453892	0.08	0.427	0.785113726878485	0.901792114695341	0.84365115228197
wdLC_k1_0.08_k2_0.427	240	0.821761662528863	0.806061737182937	0.833893817601	0.902625045573708	0.08	0.427	0.785113726878485	0.901792114695341	0.84365115228197
wdLC_k1_0.08_k2_0.427	250	0.811975231603706	0.795238707819325	0.826027552440839	0.902625045573708	0.08	0.427	0.785113726878485	0.901792114695341	0.84365115228197
wdLC_k1_0.08_k2_0.427	260	0.802960444339755	0.782791051756569	0.819320040009695	0.902625045573708	0.08	0.427	0.785113726878485	0.901792114695341	0.84365115228197
wdLC_k1_0.08_k2_0.427	270	0.791451490723086	0.772345604496937	0.807501703269821	0.902625045573708	0.08	0.427	0.785113726878485	0.901792114695341	0.84365115228197
wdLC_k1_0.08_k2_0.427	280	0.794507765222953	0.770553378049647	0.81226200042639	0.902625045573708	0.08	0.427	0.785113726878485	0.901792114695341	0.84365115228197
wdLC_k1_0.08_k2_0.427	290	0.777736337838287	0.755034030090152	0.795172930425594	0.902625045573708	0.08	0.427	0.785113726878485	0.901792114695341	0.84365115228197
wdLC_k1_0.08_k2_0.427	300	0.780852676140846	0.760355115056834	0.800356448404982	0.902625045573708	0.08	0.427	0.785113726878485	0.901792114695341	0.84365115228197
wdLC_k1_0.08_k2_0.44	10	0.575757575757576	0.503030303030303	0.321212121212121	0.745454545454545	0.08	0.44	0.776971413399416	0.895340501792115	0.835698147311342
wdLC_k1_0.08_k2_0.44	20	0.813533834586466	0.801503759398496	0.673684210526316	0.769924812030075	0.08	0.44	0.776971413399416	0.895340501792115	0.835698147311342
wdLC_k1_0.08_k2_0.44	30	0.881646273637375	0.852725250278087	0.809566184649611	0.805561735261401	0.08	0.44	0.776971413399416	0.895340501792115	0.835698147311342
wdLC_k1_0.08_k2_0.44	40	0.887429643527205	0.851219512195122	0.881238273921201	0.85797373358349	0.08	0.44	0.776971413399416	0.895340501792115	0.835698147311342
wdLC_k1_0.08_k2_0.44	50	0.890612244897959	0.84797118847539	0.890612244897959	0.791980792316927	0.08	0.44	0.776971413399416	0.895340501792115	0.835698147311342
wdLC_k1_0.08_k2_0.44	60	0.880188941372604	0.857071408724646	0.902083912197833	0.826229508196722	0.08	0.44	0.776971413399416	0.895340501792115	0.835698147311342
wdLC_k1_0.08_k2_0.44	70	0.878470824949698	0.875286501618406	0.906779809290526	0.861429446242673	0.08	0.44	0.776971413399416	0.895340501792115	0.835698147311342
wdLC_k1_0.08_k2_0.44	80	0.88033286451008	0.880121894045945	0.908063759962494	0.88539615564932	0.08	0.44	0.776971413399416	0.895340501792115	0.835698147311342
wdLC_k1_0.08_k2_0.44	90	0.87945836934601	0.888677614520311	0.912038523274478	0.886224636786435	0.08	0.44	0.776971413399416	0.895340501792115	0.835698147311342
wdLC_k1_0.08_k2_0.44	100	0.896561656165617	0.903258325832583	0.920744074407441	0.894089408940894	0.08	0.44	0.776971413399416	0.895340501792115	0.835698147311342
wdLC_k1_0.08_k2_0.44	110	0.897960011721479	0.908527376417285	0.919284088091428	0.912476613394045	0.08	0.44	0.776971413399416	0.895340501792115	0.835698147311342
wdLC_k1_0.08_k2_0.44	120	0.903340509757622	0.909035349677061	0.920862559899993	0.918008195013542	0.08	0.44	0.776971413399416	0.895340501792115	0.835698147311342
wdLC_k1_0.08_k2_0.44	130	0.907550287454424	0.912439061027735	0.923625885919513	0.916115200262191	0.08	0.44	0.776971413399416	0.895340501792115	0.835698147311342
wdLC_k1_0.08_k2_0.44	140	0.903041700378299	0.905438324112746	0.917946250902014	0.916612363604557	0.08	0.44	0.776971413399416	0.895340501792115	0.835698147311342
wdLC_k1_0.08_k2_0.44	150	0.909115960709365	0.908209253744611	0.922005422463221	0.913997955464687	0.08	0.44	0.776971413399416	0.895340501792115	0.835698147311342
wdLC_k1_0.08_k2_0.44	160	0.89781436774874	0.896692253603656	0.910960389077698	0.905812727059651	0.08	0.44	0.776971413399416	0.895340501792115	0.835698147311342
wdLC_k1_0.08_k2_0.44	170	0.890196078431373	0.887741281501701	0.901063134690189	0.893442272580163	0.08	0.44	0.776971413399416	0.895340501792115	0.835698147311342
wdLC_k1_0.08_k2_0.44	180	0.88720845293579	0.881146537444571	0.893677788409107	0.886482093068716	0.08	0.44	0.776971413399416	0.895340501792115	0.835698147311342
wdLC_k1_0.08_k2_0.44	190	0.881532802337432	0.872679954686017	0.893309189203375	0.877664492820183	0.08	0.44	0.776971413399416	0.895340501792115	0.835698147311342
wdLC_k1_0.08_k2_0.44	200	0.872142803570089	0.863933098327458	0.883049576239406	0.881891547288682	0.08	0.44	0.776971413399416	0.895340501792115	0.835698147311342
wdLC_k1_0.08_k2_0.44	210	0.864214608040999	0.855750535321501	0.874111819833945	0.880455987016227	0.08	0.44	0.776971413399416	0.895340501792115	0.835698147311342
wdLC_k1_0.08_k2_0.44	220	0.857548897516666	0.84502459667649	0.868925916951703	0.883964544721999	0.08	0.44	0.776971413399416	0.895340501792115	0.835698147311342
wdLC_k1_0.08_k2_0.44	230	0.857542798951571	0.842022492411708	0.867245949417964	0.887054657891947	0.08	0.44	0.776971413399416	0.895340501792115	0.835698147311342
wdLC_k1_0.08_k2_0.44	240	0.836147328946683	0.817750308165072	0.846111043594507	0.897095435684647	0.08	0.44	0.776971413399416	0.895340501792115	0.835698147311342
wdLC_k1_0.08_k2_0.44	250	0.829764700235204	0.807696635146162	0.840539144626314	0.897095435684647	0.08	0.44	0.776971413399416	0.895340501792115	0.835698147311342
wdLC_k1_0.08_k2_0.44	260	0.814537993848339	0.792088867950937	0.82661190937053	0.897095435684647	0.08	0.44	0.776971413399416	0.895340501792115	0.835698147311342
wdLC_k1_0.08_k2_0.44	270	0.796140474415896	0.775692091493406	0.809751391194209	0.897095435684647	0.08	0.44	0.776971413399416	0.895340501792115	0.835698147311342
wdLC_k1_0.08_k2_0.44	280	0.790820035969847	0.767147175711061	0.805661150925759	0.897095435684647	0.08	0.44	0.776971413399416	0.895340501792115	0.835698147311342
wdLC_k1_0.08_k2_0.44	290	0.785042013292216	0.763394619887645	0.801483227280164	0.897095435684647	0.08	0.44	0.776971413399416	0.895340501792115	0.835698147311342
wdLC_k1_0.08_k2_0.44	300	0.795050611673463	0.772808142312692	0.811430349226103	0.897095435684647	0.08	0.44	0.776971413399416	0.895340501792115	0.835698147311342
wdLC_k1_0.08_k2_0.453	10	0.733333333333333	0.43030303030303	0.0303030303030303	0.696969696969697	0.08	0.453	0.770068147623683	0.889605734767025	0.828739267962042
wdLC_k1_0.08_k2_0.453	20	0.831578947368421	0.807518796992481	0.616541353383459	0.76390977443609	0.08	0.453	0.770068147623683	0.889605734767025	0.828739267962042
wdLC_k1_0.08_k2_0.453	30	0.883426028921024	0.875417130144605	0.787764182424917	0.810011123470523	0.08	0.453	0.770068147623683	0.889605734767025	0.828739267962042
wdLC_k1_0.08_k2_0.453	40	0.894934333958724	0.888180112570357	0.850656660412758	0.835459662288931	0.08	0.453	0.770068147623683	0.889605734767025	0.828739267962042
wdLC_k1_0.08_k2_0.453	50	0.877839135654262	0.851908763505402	0.875246098439376	0.801584633853542	0.08	0.453	0.770068147623683	0.889605734767025	0.828739267962042
wdLC_k1_0.08_k2_0.453	60	0.858238399555432	0.842789663795499	0.873964990275077	0.826729647124201	0.08	0.453	0.770068147623683	0.889605734767025	0.828739267962042
wdLC_k1_0.08_k2_0.453	70	0.873291925465838	0.876861167002012	0.890928177762226	0.864788732394366	0.08	0.453	0.770068147623683	0.889605734767025	0.828739267962042
wdLC_k1_0.08_k2_0.453	80	0.870464135021097	0.878621659634318	0.901781528363807	0.874871073605251	0.08	0.453	0.770068147623683	0.889605734767025	0.828739267962042
wdLC_k1_0.08_k2_0.453	90	0.868033090505001	0.882322920525168	0.896859694612504	0.887854467629749	0.08	0.453	0.770068147623683	0.889605734767025	0.828739267962042
wdLC_k1_0.08_k2_0.453	100	0.885928592859286	0.896117611761176	0.907482748274828	0.896117611761176	0.08	0.453	0.770068147623683	0.889605734767025	0.828739267962042
wdLC_k1_0.08_k2_0.453	110	0.884164731871154	0.897996077812591	0.903415008002164	0.913450397854067	0.08	0.453	0.770068147623683	0.889605734767025	0.828739267962042
wdLC_k1_0.08_k2_0.453	120	0.89070074310716	0.898763803041878	0.906778248489478	0.918431835544135	0.08	0.453	0.770068147623683	0.889605734767025	0.828739267962042
wdLC_k1_0.08_k2_0.453	130	0.894894099332232	0.901640060631717	0.909549495418482	0.915902169905365	0.08	0.453	0.770068147623683	0.889605734767025	0.828739267962042
wdLC_k1_0.08_k2_0.453	140	0.900487634208743	0.904804180971332	0.91477990859592	0.915400931534408	0.08	0.453	0.770068147623683	0.889605734767025	0.828739267962042
wdLC_k1_0.08_k2_0.453	150	0.89780168007467	0.898118138583937	0.909667096315392	0.913208587048313	0.08	0.453	0.770068147623683	0.889605734767025	0.828739267962042
wdLC_k1_0.08_k2_0.453	160	0.889924411109809	0.889124575178718	0.901013711473104	0.906386968240947	0.08	0.453	0.770068147623683	0.889605734767025	0.828739267962042
wdLC_k1_0.08_k2_0.453	170	0.881588412381459	0.879338792508595	0.893022148130507	0.894668449752994	0.08	0.453	0.770068147623683	0.889605734767025	0.828739267962042
wdLC_k1_0.08_k2_0.453	180	0.875617560212764	0.869878699959875	0.884405897301357	0.884829778696873	0.08	0.453	0.770068147623683	0.889605734767025	0.828739267962042
wdLC_k1_0.08_k2_0.453	190	0.870179812533078	0.862444943073216	0.880738495453293	0.880241616257048	0.08	0.453	0.770068147623683	0.889605734767025	0.828739267962042
wdLC_k1_0.08_k2_0.453	200	0.866295657391435	0.859125478136954	0.879440486012151	0.883769594239856	0.08	0.453	0.770068147623683	0.889605734767025	0.828739267962042
wdLC_k1_0.08_k2_0.453	210	0.859338566148244	0.851436864457568	0.870250378207475	0.883381871309035	0.08	0.453	0.770068147623683	0.889605734767025	0.828739267962042
wdLC_k1_0.08_k2_0.453	220	0.853072471444752	0.841402433183255	0.864325521376287	0.886260234527761	0.08	0.453	0.770068147623683	0.889605734767025	0.828739267962042
wdLC_k1_0.08_k2_0.453	230	0.848407753249219	0.833866835651533	0.858688871409585	0.891454510934291	0.08	0.453	0.770068147623683	0.889605734767025	0.828739267962042
wdLC_k1_0.08_k2_0.453	240	0.835959825691418	0.817962117397871	0.845317627042136	0.896924425771281	0.08	0.453	0.770068147623683	0.889605734767025	0.828739267962042
wdLC_k1_0.08_k2_0.453	250	0.825177362837805	0.802954927278836	0.838730475687611	0.896924425771281	0.08	0.453	0.770068147623683	0.889605734767025	0.828739267962042
wdLC_k1_0.08_k2_0.453	260	0.813429192739537	0.791393136220722	0.825711349849281	0.896924425771281	0.08	0.453	0.770068147623683	0.889605734767025	0.828739267962042
wdLC_k1_0.08_k2_0.453	270	0.792947624643533	0.771246976410284	0.810181819290312	0.896924425771281	0.08	0.453	0.770068147623683	0.889605734767025	0.828739267962042
wdLC_k1_0.08_k2_0.453	280	0.783734304191198	0.760421142397953	0.800643958651076	0.896924425771281	0.08	0.453	0.770068147623683	0.889605734767025	0.828739267962042
wdLC_k1_0.08_k2_0.453	290	0.788513291600909	0.767139959432049	0.803983236505744	0.896924425771281	0.08	0.453	0.770068147623683	0.889605734767025	0.828739267962042
wdLC_k1_0.08_k2_0.453	300	0.783673596373293	0.758318203535595	0.801102234469272	0.896924425771281	0.08	0.453	0.770068147623683	0.889605734767025	0.828739267962042
wdLC_k1_0.08_k2_0.467	10	0.733333333333333	0.43030303030303	0.0303030303030303	0.696969696969697	0.08	0.467	0.760598283033897	0.880465949820789	0.819069136918211
wdLC_k1_0.08_k2_0.467	20	0.796992481203008	0.790977443609023	0.6	0.745864661654135	0.08	0.467	0.760598283033897	0.880465949820789	0.819069136918211
wdLC_k1_0.08_k2_0.467	30	0.886540600667408	0.880311457174638	0.789988876529477	0.815350389321468	0.08	0.467	0.760598283033897	0.880465949820789	0.819069136918211
wdLC_k1_0.08_k2_0.467	40	0.862476547842402	0.848780487804878	0.848780487804878	0.85891181988743	0.08	0.467	0.760598283033897	0.880465949820789	0.819069136918211
wdLC_k1_0.08_k2_0.467	50	0.876494597839136	0.852004801920768	0.870924369747899	0.798319327731092	0.08	0.467	0.760598283033897	0.880465949820789	0.819069136918211
wdLC_k1_0.08_k2_0.467	60	0.860016671297583	0.84406779661017	0.873464851347597	0.824784662406224	0.08	0.467	0.760598283033897	0.880465949820789	0.819069136918211
wdLC_k1_0.08_k2_0.467	70	0.872417111363835	0.872976992389117	0.888373720584376	0.858700026244423	0.08	0.467	0.760598283033897	0.880465949820789	0.819069136918211
wdLC_k1_0.08_k2_0.467	80	0.87149554617909	0.879184247538678	0.901898734177215	0.873816221284576	0.08	0.467	0.760598283033897	0.880465949820789	0.819069136918211
wdLC_k1_0.08_k2_0.467	90	0.869350125529901	0.883228382104787	0.897402971560275	0.887327653619789	0.08	0.467	0.760598283033897	0.880465949820789	0.819069136918211
wdLC_k1_0.08_k2_0.467	100	0.887560756075608	0.897653765376538	0.908622862286229	0.895325532553255	0.08	0.467	0.760598283033897	0.880465949820789	0.819069136918211
wdLC_k1_0.08_k2_0.467	110	0.886130333836756	0.899907580641526	0.90504699862498	0.912909406487388	0.08	0.467	0.760598283033897	0.880465949820789	0.819069136918211
wdLC_k1_0.08_k2_0.467	120	0.895346899090214	0.903715535801097	0.911327175498298	0.919036044169734	0.08	0.467	0.760598283033897	0.880465949820789	0.819069136918211
wdLC_k1_0.08_k2_0.467	130	0.890709964631498	0.897018940583649	0.905736798262983	0.917508091056822	0.08	0.467	0.760598283033897	0.880465949820789	0.819069136918211
wdLC_k1_0.08_k2_0.467	140	0.903098554590978	0.906684743390698	0.916949115479653	0.917740701056177	0.08	0.467	0.760598283033897	0.880465949820789	0.819069136918211
wdLC_k1_0.08_k2_0.467	150	0.895732254766879	0.896770523134362	0.907217209653762	0.916394506422508	0.08	0.467	0.760598283033897	0.880465949820789	0.819069136918211
wdLC_k1_0.08_k2_0.467	160	0.892089534747451	0.891242821985234	0.903673971639517	0.91214109926169	0.08	0.467	0.760598283033897	0.880465949820789	0.819069136918211
wdLC_k1_0.08_k2_0.467	170	0.89073100432948	0.885284041988019	0.900384096335514	0.896747088745184	0.08	0.467	0.760598283033897	0.880465949820789	0.819069136918211
wdLC_k1_0.08_k2_0.467	180	0.878288424539852	0.87197341481733	0.887074703951768	0.888910151547887	0.08	0.467	0.760598283033897	0.880465949820789	0.819069136918211
wdLC_k1_0.08_k2_0.467	190	0.877160615325399	0.869871887397377	0.887948492522756	0.881597536598915	0.08	0.467	0.760598283033897	0.880465949820789	0.819069136918211
wdLC_k1_0.08_k2_0.467	200	0.865815645391135	0.859920498012451	0.878411460286507	0.885200630015751	0.08	0.467	0.760598283033897	0.880465949820789	0.819069136918211
wdLC_k1_0.08_k2_0.467	210	0.862957695833725	0.855644280887484	0.87315164257045	0.884344640144091	0.08	0.467	0.760598283033897	0.880465949820789	0.819069136918211
wdLC_k1_0.08_k2_0.467	220	0.855364780264055	0.842031296664657	0.866079126353099	0.887283546429397	0.08	0.467	0.760598283033897	0.880465949820789	0.819069136918211
wdLC_k1_0.08_k2_0.467	230	0.853974390902434	0.839230296948163	0.864867010718539	0.892131107927577	0.08	0.467	0.760598283033897	0.880465949820789	0.819069136918211
wdLC_k1_0.08_k2_0.467	240	0.838607441101408	0.82115748537301	0.847808121668779	0.897445268147016	0.08	0.467	0.760598283033897	0.880465949820789	0.819069136918211
wdLC_k1_0.08_k2_0.467	250	0.8305457687323	0.808015360245764	0.842613545816733	0.897445268147016	0.08	0.467	0.760598283033897	0.880465949820789	0.819069136918211
wdLC_k1_0.08_k2_0.467	260	0.819761785279027	0.795557967971761	0.83242014276497	0.897445268147016	0.08	0.467	0.760598283033897	0.880465949820789	0.819069136918211
wdLC_k1_0.08_k2_0.467	270	0.79526498610711	0.770764116563099	0.812325424369485	0.897445268147016	0.08	0.467	0.760598283033897	0.880465949820789	0.819069136918211
wdLC_k1_0.08_k2_0.467	280	0.78889581317546	0.764604140358933	0.80689877604124	0.897445268147016	0.08	0.467	0.760598283033897	0.880465949820789	0.819069136918211
wdLC_k1_0.08_k2_0.467	290	0.785930129145822	0.763695742825266	0.801817316291022	0.897445268147016	0.08	0.467	0.760598283033897	0.880465949820789	0.819069136918211
wdLC_k1_0.08_k2_0.467	300	0.781406015622396	0.759698218869099	0.801882687585418	0.897445268147016	0.08	0.467	0.760598283033897	0.880465949820789	0.819069136918211
wdLC_k1_0.08_k2_0.48	10	0.733333333333333	0.43030303030303	0.0303030303030303	0.696969696969697	0.08	0.48	0.752809983184353	0.873118279569893	0.811387257117036
wdLC_k1_0.08_k2_0.48	20	0.803007518796992	0.793984962406015	0.598496240601504	0.733834586466166	0.08	0.48	0.752809983184353	0.873118279569893	0.811387257117036
wdLC_k1_0.08_k2_0.48	30	0.889210233592881	0.882091212458287	0.789098998887653	0.811345939933259	0.08	0.48	0.752809983184353	0.873118279569893	0.811387257117036
wdLC_k1_0.08_k2_0.48	40	0.897748592870544	0.892120075046904	0.85046904315197	0.80656660412758	0.08	0.48	0.752809983184353	0.873118279569893	0.811387257117036
wdLC_k1_0.08_k2_0.48	50	0.876494597839136	0.849603841536615	0.872557022809124	0.806770708283314	0.08	0.48	0.752809983184353	0.873118279569893	0.811387257117036
wdLC_k1_0.08_k2_0.48	60	0.857960544595721	0.839733259238678	0.870964156710197	0.828785773826063	0.08	0.48	0.752809983184353	0.873118279569893	0.811387257117036
wdLC_k1_0.08_k2_0.48	70	0.872067185723034	0.871892222902633	0.888688653661097	0.866573353162453	0.08	0.48	0.752809983184353	0.873118279569893	0.811387257117036
wdLC_k1_0.08_k2_0.48	80	0.871612751992499	0.878902953586498	0.902414439756212	0.876230661040788	0.08	0.48	0.752809983184353	0.873118279569893	0.811387257117036
wdLC_k1_0.08_k2_0.48	90	0.867209943614438	0.881022348438079	0.896102399473186	0.88971477960242	0.08	0.48	0.752809983184353	0.873118279569893	0.811387257117036
wdLC_k1_0.08_k2_0.48	100	0.888040804080408	0.898073807380738	0.909282928292829	0.897917791779178	0.08	0.48	0.752809983184353	0.873118279569893	0.811387257117036
wdLC_k1_0.08_k2_0.48	110	0.886914771318441	0.900646935509321	0.905867502197777	0.914947140635214	0.08	0.48	0.752809983184353	0.873118279569893	0.811387257117036
wdLC_k1_0.08_k2_0.48	120	0.893020348635322	0.901034794082922	0.908861726508785	0.921313980137509	0.08	0.48	0.752809983184353	0.873118279569893	0.811387257117036
wdLC_k1_0.08_k2_0.48	130	0.894309631430171	0.901268623086482	0.909270917259555	0.919447213535621	0.08	0.48	0.752809983184353	0.873118279569893	0.811387257117036
wdLC_k1_0.08_k2_0.48	140	0.902910498349041	0.907371367343815	0.916376199951893	0.919437580634581	0.08	0.48	0.752809983184353	0.873118279569893	0.811387257117036
wdLC_k1_0.08_k2_0.48	150	0.893943730832482	0.894569536423841	0.905556691408507	0.9176816747411	0.08	0.48	0.752809983184353	0.873118279569893	0.811387257117036
wdLC_k1_0.08_k2_0.48	160	0.895681471932497	0.894275166998711	0.906949490214461	0.91315774053674	0.08	0.48	0.752809983184353	0.873118279569893	0.811387257117036
wdLC_k1_0.08_k2_0.48	170	0.891353863251934	0.886107192799262	0.900750483936957	0.897545813716331	0.08	0.48	0.752809983184353	0.873118279569893	0.811387257117036
wdLC_k1_0.08_k2_0.48	180	0.877446834778851	0.871199728386679	0.885418274226571	0.887259894852722	0.08	0.48	0.752809983184353	0.873118279569893	0.811387257117036
wdLC_k1_0.08_k2_0.48	190	0.878192864359853	0.870998613462102	0.889353400954393	0.882404090505496	0.08	0.48	0.752809983184353	0.873118279569893	0.811387257117036
wdLC_k1_0.08_k2_0.48	200	0.869309232730818	0.861909547738694	0.881689042226056	0.882128553213831	0.08	0.48	0.752809983184353	0.873118279569893	0.811387257117036
wdLC_k1_0.08_k2_0.48	210	0.859652146307172	0.852692480879061	0.870582099367333	0.885280197477753	0.08	0.48	0.752809983184353	0.873118279569893	0.811387257117036
wdLC_k1_0.08_k2_0.48	220	0.857649200114954	0.84408693643182	0.867108073232167	0.888200920755313	0.08	0.48	0.752809983184353	0.873118279569893	0.811387257117036
wdLC_k1_0.08_k2_0.48	230	0.858989690772489	0.843242536844208	0.869438478741687	0.892971429557722	0.08	0.48	0.752809983184353	0.873118279569893	0.811387257117036
wdLC_k1_0.08_k2_0.48	240	0.843141373982187	0.825468324102849	0.854516571468255	0.898461778850327	0.08	0.48	0.752809983184353	0.873118279569893	0.811387257117036
wdLC_k1_0.08_k2_0.48	250	0.82866337061393	0.810006816109058	0.842651178418855	0.898461778850327	0.08	0.48	0.752809983184353	0.873118279569893	0.811387257117036
wdLC_k1_0.08_k2_0.48	260	0.814951745986229	0.794725684380857	0.82938937421696	0.898461778850327	0.08	0.48	0.752809983184353	0.873118279569893	0.811387257117036
wdLC_k1_0.08_k2_0.48	270	0.79798107274753	0.773209509046763	0.815259163744054	0.898461778850327	0.08	0.48	0.752809983184353	0.873118279569893	0.811387257117036
wdLC_k1_0.08_k2_0.48	280	0.78615598231027	0.7610410482641	0.803894364541822	0.898461778850327	0.08	0.48	0.752809983184353	0.873118279569893	0.811387257117036
wdLC_k1_0.08_k2_0.48	290	0.788503450982032	0.766385183964219	0.80475178884	0.898461778850327	0.08	0.48	0.752809983184353	0.873118279569893	0.811387257117036
wdLC_k1_0.08_k2_0.48	300	0.780296669963	0.758012422360249	0.799848887209858	0.898461778850327	0.08	0.48	0.752809983184353	0.873118279569893	0.811387257117036
wdLC_k1_0.08_k2_0.493	10	0.672727272727273	0.515151515151515	0.284848484848485	0.733333333333333	0.08	0.493	0.743605628816709	0.863799283154122	0.801897876186173
wdLC_k1_0.08_k2_0.493	20	0.804511278195489	0.810526315789474	0.63609022556391	0.736842105263158	0.08	0.493	0.743605628816709	0.863799283154122	0.801897876186173
wdLC_k1_0.08_k2_0.493	30	0.89321468298109	0.887875417130145	0.80734149054505	0.810901001112347	0.08	0.493	0.743605628816709	0.863799283154122	0.801897876186173
wdLC_k1_0.08_k2_0.493	40	0.86547842401501	0.85234521575985	0.848217636022514	0.865103189493434	0.08	0.493	0.743605628816709	0.863799283154122	0.801897876186173
wdLC_k1_0.08_k2_0.493	50	0.870828331332533	0.843649459783914	0.861032412965186	0.793421368547419	0.08	0.493	0.743605628816709	0.863799283154122	0.801897876186173
wdLC_k1_0.08_k2_0.493	60	0.883856626840789	0.865295915532092	0.892470130591831	0.828507918866352	0.08	0.493	0.743605628816709	0.863799283154122	0.801897876186173
wdLC_k1_0.08_k2_0.493	70	0.86062461726883	0.864963695214767	0.88420960545884	0.861709386755315	0.08	0.493	0.743605628816709	0.863799283154122	0.801897876186173
wdLC_k1_0.08_k2_0.493	80	0.886685419596812	0.885067979371777	0.908438818565401	0.882372245663385	0.08	0.493	0.743605628816709	0.863799283154122	0.801897876186173
wdLC_k1_0.08_k2_0.493	90	0.864839280569618	0.874766432069803	0.895674363090094	0.894275013376137	0.08	0.493	0.743605628816709	0.863799283154122	0.801897876186173
wdLC_k1_0.08_k2_0.493	100	0.865850585058506	0.882988298829883	0.894533453345335	0.910447044704471	0.08	0.493	0.743605628816709	0.863799283154122	0.801897876186173
wdLC_k1_0.08_k2_0.493	110	0.875599035232063	0.890836958726867	0.897617383855916	0.925920248856029	0.08	0.493	0.743605628816709	0.863799283154122	0.801897876186173
wdLC_k1_0.08_k2_0.493	120	0.881172303632197	0.894548232516147	0.901527883880825	0.931057712341135	0.08	0.493	0.743605628816709	0.863799283154122	0.801897876186173
wdLC_k1_0.08_k2_0.493	130	0.893146157942891	0.902311925603245	0.910095727102651	0.931595406191536	0.08	0.493	0.743605628816709	0.863799283154122	0.801897876186173
wdLC_k1_0.08_k2_0.493	140	0.899591087008813	0.906037480046358	0.913756532767707	0.921081979401282	0.08	0.493	0.743605628816709	0.863799283154122	0.801897876186173
wdLC_k1_0.08_k2_0.493	150	0.904585981599182	0.907156762522779	0.917489666207387	0.919196408729277	0.08	0.493	0.743605628816709	0.863799283154122	0.801897876186173
wdLC_k1_0.08_k2_0.493	160	0.888304230634009	0.888020039845306	0.900782257119419	0.911197703035275	0.08	0.493	0.743605628816709	0.863799283154122	0.801897876186173
wdLC_k1_0.08_k2_0.493	170	0.886688527793553	0.882267450736134	0.898061198942361	0.902426096567559	0.08	0.493	0.743605628816709	0.863799283154122	0.801897876186173
wdLC_k1_0.08_k2_0.493	180	0.880932539070136	0.875817154850459	0.890019239276932	0.893827998806547	0.08	0.493	0.743605628816709	0.863799283154122	0.801897876186173
wdLC_k1_0.08_k2_0.493	190	0.867091813302891	0.86052740927362	0.881244122522712	0.88818643467307	0.08	0.493	0.743605628816709	0.863799283154122	0.801897876186173
wdLC_k1_0.08_k2_0.493	200	0.854059851496288	0.844564614115353	0.870504762619066	0.889870246756169	0.08	0.493	0.743605628816709	0.863799283154122	0.801897876186173
wdLC_k1_0.08_k2_0.493	210	0.843489810264567	0.835227880126858	0.857611283702578	0.892320201624268	0.08	0.493	0.743605628816709	0.863799283154122	0.801897876186173
wdLC_k1_0.08_k2_0.493	220	0.83261412238044	0.824644010300739	0.848190326997741	0.889474425654925	0.08	0.493	0.743605628816709	0.863799283154122	0.801897876186173
wdLC_k1_0.08_k2_0.493	230	0.831138749232541	0.819251946079362	0.846312866931815	0.894488348181153	0.08	0.493	0.743605628816709	0.863799283154122	0.801897876186173
wdLC_k1_0.08_k2_0.493	240	0.823138422542058	0.804929773086338	0.835983263598326	0.904590357471484	0.08	0.493	0.743605628816709	0.863799283154122	0.801897876186173
wdLC_k1_0.08_k2_0.493	250	0.819081649306389	0.800471175538809	0.833702299236788	0.904590357471484	0.08	0.493	0.743605628816709	0.863799283154122	0.801897876186173
wdLC_k1_0.08_k2_0.493	260	0.808135759859898	0.785504337228475	0.827883207193552	0.904590357471484	0.08	0.493	0.743605628816709	0.863799283154122	0.801897876186173
wdLC_k1_0.08_k2_0.493	270	0.803301676139438	0.780765168246478	0.821837519490437	0.904590357471484	0.08	0.493	0.743605628816709	0.863799283154122	0.801897876186173
wdLC_k1_0.08_k2_0.493	280	0.797855475561824	0.774488195002487	0.816566355620425	0.904590357471484	0.08	0.493	0.743605628816709	0.863799283154122	0.801897876186173
wdLC_k1_0.08_k2_0.493	290	0.776961389101761	0.755410433762179	0.795477497579823	0.904590357471484	0.08	0.493	0.743605628816709	0.863799283154122	0.801897876186173
wdLC_k1_0.08_k2_0.493	300	0.779570439671552	0.758292425471394	0.799207991199902	0.904590357471484	0.08	0.493	0.743605628816709	0.863799283154122	0.801897876186173
wdLC_k1_0.08_k2_0.507	10	0.781818181818182	0.466666666666667	0.00606060606060606	0.696969696969697	0.08	0.507	0.735551818745022	0.855376344086021	0.793312245820154
wdLC_k1_0.08_k2_0.507	20	0.816541353383459	0.804511278195489	0.603007518796992	0.735338345864662	0.08	0.507	0.735551818745022	0.855376344086021	0.793312245820154
wdLC_k1_0.08_k2_0.507	30	0.896329254727475	0.89098998887653	0.796218020022247	0.808231368186874	0.08	0.507	0.735551818745022	0.855376344086021	0.793312245820154
wdLC_k1_0.08_k2_0.507	40	0.904502814258912	0.900187617260788	0.852720450281426	0.801688555347092	0.08	0.507	0.735551818745022	0.855376344086021	0.793312245820154
wdLC_k1_0.08_k2_0.507	50	0.878319327731093	0.849027611044418	0.871500600240096	0.803889555822329	0.08	0.507	0.735551818745022	0.855376344086021	0.793312245820154
wdLC_k1_0.08_k2_0.507	60	0.867629897193665	0.850847457627119	0.882411781050292	0.828785773826063	0.08	0.507	0.735551818745022	0.855376344086021	0.793312245820154
wdLC_k1_0.08_k2_0.507	70	0.878540810077858	0.879450616743942	0.896352025194646	0.868218003674219	0.08	0.507	0.735551818745022	0.855376344086021	0.793312245820154
wdLC_k1_0.08_k2_0.507	80	0.864275668073137	0.876160337552743	0.896999531176746	0.876746366619784	0.08	0.507	0.735551818745022	0.855376344086021	0.793312245820154
wdLC_k1_0.08_k2_0.507	90	0.875589578960365	0.88879285508499	0.903675350866362	0.89155862863728	0.08	0.507	0.735551818745022	0.855376344086021	0.793312245820154
wdLC_k1_0.08_k2_0.507	100	0.894377437743775	0.903714371437144	0.915451545154516	0.901146114611461	0.08	0.507	0.735551818745022	0.855376344086021	0.793312245820154
wdLC_k1_0.08_k2_0.507	110	0.893586998174154	0.905831436106665	0.912693009940716	0.918382435813628	0.08	0.507	0.735551818745022	0.855376344086021	0.793312245820154
wdLC_k1_0.08_k2_0.507	120	0.901611223001597	0.908979790263213	0.917195638586013	0.921105632335579	0.08	0.507	0.735551818745022	0.855376344086021	0.793312245820154
wdLC_k1_0.08_k2_0.507	130	0.900558521897063	0.90624479372926	0.915306777369621	0.922910322413251	0.08	0.507	0.735551818745022	0.855376344086021	0.793312245820154
wdLC_k1_0.08_k2_0.507	140	0.901567864249634	0.906772211410203	0.914320701493516	0.924226454702499	0.08	0.507	0.735551818745022	0.855376344086021	0.793312245820154
wdLC_k1_0.08_k2_0.507	150	0.90292190764034	0.903106804746878	0.914211298279924	0.919562647228766	0.08	0.507	0.735551818745022	0.855376344086021	0.793312245820154
wdLC_k1_0.08_k2_0.507	160	0.904157388960506	0.901508848001875	0.914692956756123	0.910550216805344	0.08	0.507	0.735551818745022	0.855376344086021	0.793312245820154
wdLC_k1_0.08_k2_0.507	170	0.898293244423276	0.893383650563932	0.908583850855821	0.903305426811024	0.08	0.507	0.735551818745022	0.855376344086021	0.793312245820154
wdLC_k1_0.08_k2_0.507	180	0.885936808749241	0.881481938742965	0.895710772966244	0.89282591026472	0.08	0.507	0.735551818745022	0.855376344086021	0.793312245820154
wdLC_k1_0.08_k2_0.507	190	0.884652293911043	0.877319826617154	0.895475162601093	0.890208942950745	0.08	0.507	0.735551818745022	0.855376344086021	0.793312245820154
wdLC_k1_0.08_k2_0.507	200	0.872838820970524	0.866985674641866	0.883996099902498	0.886999174979375	0.08	0.507	0.735551818745022	0.855376344086021	0.793312245820154
wdLC_k1_0.08_k2_0.507	210	0.868764111917018	0.861985856498204	0.881409685350818	0.88926603453917	0.08	0.507	0.735551818745022	0.855376344086021	0.793312245820154
wdLC_k1_0.08_k2_0.507	220	0.861247696702975	0.85010058434716	0.872979719716223	0.891125474042477	0.08	0.507	0.735551818745022	0.855376344086021	0.793312245820154
wdLC_k1_0.08_k2_0.507	230	0.849390101070375	0.83258268217448	0.861233507331856	0.891895383902219	0.08	0.507	0.735551818745022	0.855376344086021	0.793312245820154
wdLC_k1_0.08_k2_0.507	240	0.848316811055747	0.83066199065956	0.858883834788798	0.902218788520634	0.08	0.507	0.735551818745022	0.855376344086021	0.793312245820154
wdLC_k1_0.08_k2_0.507	250	0.834105505688091	0.815918206691307	0.848541832669323	0.902218788520634	0.08	0.507	0.735551818745022	0.855376344086021	0.793312245820154
wdLC_k1_0.08_k2_0.507	260	0.825190404500749	0.80250026456923	0.83919038401797	0.902218788520634	0.08	0.507	0.735551818745022	0.855376344086021	0.793312245820154
wdLC_k1_0.08_k2_0.507	270	0.808977718029968	0.784364059253975	0.824947453935506	0.902218788520634	0.08	0.507	0.735551818745022	0.855376344086021	0.793312245820154
wdLC_k1_0.08_k2_0.507	280	0.795798962450323	0.772222313331256	0.815331463775959	0.902218788520634	0.08	0.507	0.735551818745022	0.855376344086021	0.793312245820154
wdLC_k1_0.08_k2_0.507	290	0.795914913088884	0.772989715323197	0.815574993511342	0.902218788520634	0.08	0.507	0.735551818745022	0.855376344086021	0.793312245820154
wdLC_k1_0.08_k2_0.507	300	0.790656340626007	0.765069834109268	0.810625006944522	0.902218788520634	0.08	0.507	0.735551818745022	0.855376344086021	0.793312245820154
wdLC_k1_0.08_k2_0.52	10	0.721212121212121	0.454545454545455	0.0545454545454545	0.745454545454545	0.08	0.52	0.725816443933091	0.846774193548387	0.783099864437415
wdLC_k1_0.08_k2_0.52	20	0.774436090225564	0.766917293233083	0.578947368421053	0.756390977443609	0.08	0.52	0.725816443933091	0.846774193548387	0.783099864437415
wdLC_k1_0.08_k2_0.52	30	0.867408231368187	0.87007786429366	0.751724137931035	0.818020022246941	0.08	0.52	0.725816443933091	0.846774193548387	0.783099864437415
wdLC_k1_0.08_k2_0.52	40	0.916322701688556	0.91031894934334	0.870731707317073	0.808255159474672	0.08	0.52	0.725816443933091	0.846774193548387	0.783099864437415
wdLC_k1_0.08_k2_0.52	50	0.883889555822329	0.854117647058824	0.882929171668667	0.807635054021609	0.08	0.52	0.725816443933091	0.846774193548387	0.783099864437415
wdLC_k1_0.08_k2_0.52	60	0.883856626840789	0.867463184217839	0.899972214504029	0.827618782995277	0.08	0.52	0.725816443933091	0.846774193548387	0.783099864437415
wdLC_k1_0.08_k2_0.52	70	0.878820750590499	0.878295862129298	0.898556556731695	0.86594348700901	0.08	0.52	0.725816443933091	0.846774193548387	0.783099864437415
wdLC_k1_0.08_k2_0.52	80	0.863220815752461	0.874706985466479	0.897937177684013	0.874894514767932	0.08	0.52	0.725816443933091	0.846774193548387	0.783099864437415
wdLC_k1_0.08_k2_0.52	90	0.874766432069803	0.887788615878504	0.904004609622587	0.889089187965593	0.08	0.52	0.725816443933091	0.846774193548387	0.783099864437415
wdLC_k1_0.08_k2_0.52	100	0.893297329732974	0.903474347434743	0.915643564356436	0.898649864986499	0.08	0.52	0.725816443933091	0.846774193548387	0.783099864437415
wdLC_k1_0.08_k2_0.52	110	0.891468115321326	0.903937966323287	0.911674142866803	0.916597164303586	0.08	0.52	0.725816443933091	0.846774193548387	0.783099864437415
wdLC_k1_0.08_k2_0.52	120	0.895201055628863	0.90312521702896	0.911493853739843	0.920147232446697	0.08	0.52	0.725816443933091	0.846774193548387	0.783099864437415
wdLC_k1_0.08_k2_0.52	130	0.899646314984501	0.90540359693564	0.915131983230687	0.919594696090347	0.08	0.52	0.725816443933091	0.846774193548387	0.783099864437415
wdLC_k1_0.08_k2_0.52	140	0.900605716035075	0.904314360062103	0.913625330738449	0.921431851479303	0.08	0.52	0.725816443933091	0.846774193548387	0.783099864437415
wdLC_k1_0.08_k2_0.52	150	0.903362816125161	0.902879239077292	0.91415085114894	0.919864882883684	0.08	0.52	0.725816443933091	0.846774193548387	0.783099864437415
wdLC_k1_0.08_k2_0.52	160	0.907151646548693	0.904380053908356	0.917326848705027	0.909565803351693	0.08	0.52	0.725816443933091	0.846774193548387	0.783099864437415
wdLC_k1_0.08_k2_0.52	170	0.90021067287083	0.894482813368262	0.909091908329822	0.90073094326488	0.08	0.52	0.725816443933091	0.846774193548387	0.783099864437415
wdLC_k1_0.08_k2_0.52	180	0.889965739683324	0.884218648723726	0.900105970348879	0.892941140158647	0.08	0.52	0.725816443933091	0.846774193548387	0.783099864437415
wdLC_k1_0.08_k2_0.52	190	0.879590774492952	0.873385033263788	0.890494123616196	0.885332878443929	0.08	0.52	0.725816443933091	0.846774193548387	0.783099864437415
wdLC_k1_0.08_k2_0.52	200	0.871499287482187	0.864929123228081	0.882529063226581	0.884888622215556	0.08	0.52	0.725816443933091	0.846774193548387	0.783099864437415
wdLC_k1_0.08_k2_0.52	210	0.871604474348301	0.864491906198067	0.883139559368045	0.885105266397359	0.08	0.52	0.725816443933091	0.846774193548387	0.783099864437415
wdLC_k1_0.08_k2_0.52	220	0.859307010475423	0.846679026050501	0.870611902199332	0.890743422572593	0.08	0.52	0.725816443933091	0.846774193548387	0.783099864437415
wdLC_k1_0.08_k2_0.52	230	0.849064624382642	0.83298311712969	0.860530280427755	0.895134370091651	0.08	0.52	0.725816443933091	0.846774193548387	0.783099864437415
wdLC_k1_0.08_k2_0.52	240	0.846049410580045	0.830597753433219	0.859604333408566	0.900218753797809	0.08	0.52	0.725816443933091	0.846774193548387	0.783099864437415
wdLC_k1_0.08_k2_0.52	250	0.828572745163923	0.812361541784669	0.845213267412279	0.900218753797809	0.08	0.52	0.725816443933091	0.846774193548387	0.783099864437415
wdLC_k1_0.08_k2_0.52	260	0.820979145117076	0.798042529077012	0.837336692509106	0.900218753797809	0.08	0.52	0.725816443933091	0.846774193548387	0.783099864437415
wdLC_k1_0.08_k2_0.52	270	0.807609615129609	0.781250466779761	0.825591876736611	0.900218753797809	0.08	0.52	0.725816443933091	0.846774193548387	0.783099864437415
wdLC_k1_0.08_k2_0.52	280	0.795200922752295	0.766868928721758	0.813132273917488	0.900218753797809	0.08	0.52	0.725816443933091	0.846774193548387	0.783099864437415
wdLC_k1_0.08_k2_0.52	290	0.793756373338319	0.768565865107257	0.811270706814752	0.900218753797809	0.08	0.52	0.725816443933091	0.846774193548387	0.783099864437415
wdLC_k1_0.08_k2_0.52	300	0.782617584639829	0.754485716507961	0.801160901787798	0.900218753797809	0.08	0.52	0.725816443933091	0.846774193548387	0.783099864437415
wdLC_k1_0.08_k2_0.6	10	0.721212121212121	0.454545454545455	0.0545454545454545	0.745454545454545	0.08	0.6	0.675989025577485	0.795878136200717	0.729145955716222
wdLC_k1_0.08_k2_0.6	20	0.792481203007519	0.781954887218045	0.622556390977444	0.778947368421053	0.08	0.6	0.675989025577485	0.795878136200717	0.729145955716222
wdLC_k1_0.08_k2_0.6	30	0.873192436040045	0.868298109010011	0.770856507230256	0.826473859844271	0.08	0.6	0.675989025577485	0.795878136200717	0.729145955716222
wdLC_k1_0.08_k2_0.6	40	0.906191369606004	0.89718574108818	0.870731707317073	0.804127579737336	0.08	0.6	0.675989025577485	0.795878136200717	0.729145955716222
wdLC_k1_0.08_k2_0.6	50	0.885714285714286	0.851524609843938	0.889939975990396	0.820792316926771	0.08	0.6	0.675989025577485	0.795878136200717	0.729145955716222
wdLC_k1_0.08_k2_0.6	60	0.885746040566824	0.865184773548208	0.906029452625729	0.833731592108919	0.08	0.6	0.675989025577485	0.795878136200717	0.729145955716222
wdLC_k1_0.08_k2_0.6	70	0.883299798792756	0.878610795206019	0.904400314933077	0.868672907007261	0.08	0.6	0.675989025577485	0.795878136200717	0.729145955716222
wdLC_k1_0.08_k2_0.6	80	0.86446319737459	0.873136427566807	0.900937646507267	0.887107360525082	0.08	0.6	0.675989025577485	0.795878136200717	0.729145955716222
wdLC_k1_0.08_k2_0.6	90	0.877021854549945	0.887821541754126	0.906967938428613	0.886274025599868	0.08	0.6	0.675989025577485	0.795878136200717	0.729145955716222
wdLC_k1_0.08_k2_0.6	100	0.892829282928293	0.90001800180018	0.916243624362436	0.897509750975098	0.08	0.6	0.675989025577485	0.795878136200717	0.729145955716222
wdLC_k1_0.08_k2_0.6	110	0.894452584360841	0.904992899488312	0.914379099700201	0.914802876270766	0.08	0.6	0.675989025577485	0.795878136200717	0.729145955716222
wdLC_k1_0.08_k2_0.6	120	0.898736023334954	0.905562886311549	0.915417737342871	0.920668101951524	0.08	0.6	0.675989025577485	0.795878136200717	0.729145955716222
wdLC_k1_0.08_k2_0.6	130	0.90106651736334	0.905638476559833	0.916071501727458	0.920665310191318	0.08	0.6	0.675989025577485	0.795878136200717	0.729145955716222
wdLC_k1_0.08_k2_0.6	140	0.906934027246288	0.908071111499858	0.920539677680348	0.915444665544161	0.08	0.6	0.675989025577485	0.795878136200717	0.729145955716222
wdLC_k1_0.08_k2_0.6	150	0.896884305969154	0.8971509844882	0.908970176452287	0.915395350904485	0.08	0.6	0.675989025577485	0.795878136200717	0.729145955716222
wdLC_k1_0.08_k2_0.6	160	0.898992148130786	0.896129731630142	0.910166412750498	0.910377358490566	0.08	0.6	0.675989025577485	0.795878136200717	0.729145955716222
wdLC_k1_0.08_k2_0.6	170	0.885000702242903	0.880630919449686	0.895115442626755	0.896676253808905	0.08	0.6	0.675989025577485	0.795878136200717	0.729145955716222
wdLC_k1_0.08_k2_0.6	180	0.877370700741792	0.872812946901653	0.891058365998951	0.88729899070959	0.08	0.6	0.675989025577485	0.795878136200717	0.729145955716222
wdLC_k1_0.08_k2_0.6	190	0.879998425382829	0.870027599539862	0.889341153931951	0.883933218736195	0.08	0.6	0.675989025577485	0.795878136200717	0.729145955716222
wdLC_k1_0.08_k2_0.6	200	0.873675841896048	0.865470636765919	0.881980049501238	0.880145503637591	0.08	0.6	0.675989025577485	0.795878136200717	0.729145955716222
wdLC_k1_0.08_k2_0.6	210	0.871914167149887	0.860149728046959	0.879199074808953	0.881627377361975	0.08	0.6	0.675989025577485	0.795878136200717	0.729145955716222
wdLC_k1_0.08_k2_0.6	220	0.864655731053797	0.849152781143112	0.872586398291475	0.886555507345193	0.08	0.6	0.675989025577485	0.795878136200717	0.729145955716222
wdLC_k1_0.08_k2_0.6	230	0.854787096328771	0.834459597740403	0.86380477316494	0.891748426246243	0.08	0.6	0.675989025577485	0.795878136200717	0.729145955716222
wdLC_k1_0.08_k2_0.6	240	0.84283928540426	0.826226149759544	0.853571242556294	0.897004288268893	0.08	0.6	0.675989025577485	0.795878136200717	0.729145955716222
wdLC_k1_0.08_k2_0.6	250	0.82695147122354	0.808060672970768	0.840051456823309	0.897004288268893	0.08	0.6	0.675989025577485	0.795878136200717	0.729145955716222
wdLC_k1_0.08_k2_0.6	260	0.815982029775133	0.792878137705724	0.829420098385615	0.897004288268893	0.08	0.6	0.675989025577485	0.795878136200717	0.729145955716222
wdLC_k1_0.08_k2_0.6	270	0.797163503233545	0.773871002650547	0.812227876925609	0.897004288268893	0.08	0.6	0.675989025577485	0.795878136200717	0.729145955716222
wdLC_k1_0.08_k2_0.6	280	0.79632265717675	0.772981616019155	0.810895364919013	0.897004288268893	0.08	0.6	0.675989025577485	0.795878136200717	0.729145955716222
wdLC_k1_0.08_k2_0.6	290	0.795049430658694	0.768148622866892	0.809118071435513	0.897004288268893	0.08	0.6	0.675989025577485	0.795878136200717	0.729145955716222
wdLC_k1_0.08_k2_0.6	300	0.786608740097112	0.758354203935599	0.804690718785764	0.897004288268893	0.08	0.6	0.675989025577485	0.795878136200717	0.729145955716222
wdLC_k1_0.12_k2_0.04	10	0.660606060606061	0.2	-0.224242424242424	0.575757575757576	0.12	0.04	0.86618284803965	0.969713261648745	0.921012200632625
wdLC_k1_0.12_k2_0.04	20	0.830075187969925	0.760902255639098	0.577443609022556	0.75187969924812	0.12	0.04	0.86618284803965	0.969713261648745	0.921012200632625
wdLC_k1_0.12_k2_0.04	30	0.803337041156841	0.81357063403782	0.688987764182425	0.809121245828699	0.12	0.04	0.86618284803965	0.969713261648745	0.921012200632625
wdLC_k1_0.12_k2_0.04	40	0.822889305816135	0.826829268292683	0.775234521575985	0.828705440900563	0.12	0.04	0.86618284803965	0.969713261648745	0.921012200632625
wdLC_k1_0.12_k2_0.04	50	0.811380552220888	0.800528211284514	0.787755102040816	0.780264105642257	0.12	0.04	0.86618284803965	0.969713261648745	0.921012200632625
wdLC_k1_0.12_k2_0.04	60	0.828730202834121	0.816893581550431	0.812670186162823	0.805390386218394	0.12	0.04	0.86618284803965	0.969713261648745	0.921012200632625
wdLC_k1_0.12_k2_0.04	70	0.841868602921879	0.838474324206106	0.83427521651649	0.830286064211355	0.12	0.04	0.86618284803965	0.969713261648745	0.921012200632625
wdLC_k1_0.12_k2_0.04	80	0.815541490857947	0.827097984060009	0.832137834036568	0.857641819034224	0.12	0.04	0.86618284803965	0.969713261648745	0.921012200632625
wdLC_k1_0.12_k2_0.04	90	0.833148125282957	0.836160842902416	0.848096472815574	0.885664896900852	0.12	0.04	0.86618284803965	0.969713261648745	0.921012200632625
wdLC_k1_0.12_k2_0.04	100	0.85002100210021	0.855481548154815	0.864710471047105	0.894749474947495	0.12	0.04	0.86618284803965	0.969713261648745	0.921012200632625
wdLC_k1_0.12_k2_0.04	110	0.822518765638032	0.838982936230643	0.840001803304556	0.90100759642044	0.12	0.04	0.86618284803965	0.969713261648745	0.921012200632625
wdLC_k1_0.12_k2_0.04	120	0.835384401694562	0.850204875338565	0.849336759497187	0.91350788249184	0.12	0.04	0.86618284803965	0.969713261648745	0.921012200632625
wdLC_k1_0.12_k2_0.04	130	0.846399650411722	0.857788581026643	0.861836157806334	0.911406683144656	0.12	0.04	0.86618284803965	0.969713261648745	0.921012200632625
wdLC_k1_0.12_k2_0.04	140	0.85384968620848	0.85931206402659	0.867162318777197	0.902993592967571	0.12	0.04	0.86618284803965	0.969713261648745	0.921012200632625
wdLC_k1_0.12_k2_0.04	150	0.849422641006267	0.85138539490644	0.862504111293836	0.896663851726743	0.12	0.04	0.86618284803965	0.969713261648745	0.921012200632625
wdLC_k1_0.12_k2_0.04	160	0.84332884097035	0.842634477909293	0.855244345482245	0.890176374077112	0.12	0.04	0.86618284803965	0.969713261648745	0.921012200632625
wdLC_k1_0.12_k2_0.04	170	0.842465544299314	0.841576443719811	0.855946165448428	0.871832731847021	0.12	0.04	0.86618284803965	0.969713261648745	0.921012200632625
wdLC_k1_0.12_k2_0.04	180	0.83130549296789	0.824066586417276	0.84466804531004	0.864541086659053	0.12	0.04	0.86618284803965	0.969713261648745	0.921012200632625
wdLC_k1_0.12_k2_0.04	190	0.822857317814607	0.81448735276236	0.835522488594961	0.864304740909867	0.12	0.04	0.86618284803965	0.969713261648745	0.921012200632625
wdLC_k1_0.12_k2_0.04	200	0.827350183754594	0.812939323483087	0.837008925223131	0.864075601890047	0.12	0.04	0.86618284803965	0.969713261648745	0.921012200632625
wdLC_k1_0.12_k2_0.04	210	0.821662298788764	0.808834019559886	0.831695568088684	0.859532934015349	0.12	0.04	0.86618284803965	0.969713261648745	0.921012200632625
wdLC_k1_0.12_k2_0.04	220	0.81050359793309	0.797768548936961	0.823343457509453	0.862209023852859	0.12	0.04	0.86618284803965	0.969713261648745	0.921012200632625
wdLC_k1_0.12_k2_0.04	230	0.79673487704625	0.783239430021279	0.807037693652465	0.87327022701999	0.12	0.04	0.86618284803965	0.969713261648745	0.921012200632625
wdLC_k1_0.12_k2_0.04	240	0.778470980398965	0.765210333512735	0.788508481050018	0.884076980503133	0.12	0.04	0.86618284803965	0.969713261648745	0.921012200632625
wdLC_k1_0.12_k2_0.04	250	0.764682570921135	0.748133442135074	0.771463351413623	0.884076980503133	0.12	0.04	0.86618284803965	0.969713261648745	0.921012200632625
wdLC_k1_0.12_k2_0.04	260	0.75882210364969	0.740227154020257	0.768869589559245	0.884076980503133	0.12	0.04	0.86618284803965	0.969713261648745	0.921012200632625
wdLC_k1_0.12_k2_0.04	270	0.755218102366897	0.736743835839845	0.767706613869113	0.884076980503133	0.12	0.04	0.86618284803965	0.969713261648745	0.921012200632625
wdLC_k1_0.12_k2_0.04	280	0.74841606944695	0.725121493896606	0.763549644401441	0.884076980503133	0.12	0.04	0.86618284803965	0.969713261648745	0.921012200632625
wdLC_k1_0.12_k2_0.04	290	0.752282101021333	0.724799220622985	0.770526608418403	0.884076980503133	0.12	0.04	0.86618284803965	0.969713261648745	0.921012200632625
wdLC_k1_0.12_k2_0.04	300	0.755355503950044	0.729076545294948	0.771519239102657	0.884076980503133	0.12	0.04	0.86618284803965	0.969713261648745	0.921012200632625
wdLC_k1_0.12_k2_0.12	10	0.696969696969697	0.284848484848485	-0.212121212121212	0.563636363636364	0.12	0.12	0.843260465527923	0.953405017921147	0.899322187076367
wdLC_k1_0.12_k2_0.12	20	0.806015037593985	0.774436090225564	0.538345864661654	0.77593984962406	0.12	0.12	0.843260465527923	0.953405017921147	0.899322187076367
wdLC_k1_0.12_k2_0.12	30	0.853615127919911	0.848720800889878	0.738820912124583	0.797997775305896	0.12	0.12	0.843260465527923	0.953405017921147	0.899322187076367
wdLC_k1_0.12_k2_0.12	40	0.840525328330207	0.829831144465291	0.8093808630394	0.850281425891182	0.12	0.12	0.843260465527923	0.953405017921147	0.899322187076367
wdLC_k1_0.12_k2_0.12	50	0.847683073229292	0.828955582232893	0.834813925570228	0.775558223289316	0.12	0.12	0.843260465527923	0.953405017921147	0.899322187076367
wdLC_k1_0.12_k2_0.12	60	0.847791053070298	0.826118366212837	0.848680188941373	0.820672409002501	0.12	0.12	0.843260465527923	0.953405017921147	0.899322187076367
wdLC_k1_0.12_k2_0.12	70	0.860239699063949	0.856110576502493	0.872067185723034	0.859434870090106	0.12	0.12	0.843260465527923	0.953405017921147	0.899322187076367
wdLC_k1_0.12_k2_0.12	80	0.859329582747304	0.857688701359587	0.876910454758556	0.877074542897328	0.12	0.12	0.843260465527923	0.953405017921147	0.899322187076367
wdLC_k1_0.12_k2_0.12	90	0.845709346832942	0.852179281392765	0.874354858624522	0.886586821418282	0.12	0.12	0.843260465527923	0.953405017921147	0.899322187076367
wdLC_k1_0.12_k2_0.12	100	0.864074407440744	0.869270927092709	0.885820582058206	0.907518751875187	0.12	0.12	0.843260465527923	0.953405017921147	0.899322187076367
wdLC_k1_0.12_k2_0.12	110	0.837657507382278	0.856727453057728	0.859495525550571	0.916218470346911	0.12	0.12	0.843260465527923	0.953405017921147	0.899322187076367
wdLC_k1_0.12_k2_0.12	120	0.8518022084867	0.865810125703174	0.870157649836794	0.925786512952288	0.12	0.12	0.843260465527923	0.953405017921147	0.899322187076367
wdLC_k1_0.12_k2_0.12	130	0.857029318985648	0.869068265304729	0.875098663097953	0.920430430567125	0.12	0.12	0.843260465527923	0.953405017921147	0.899322187076367
wdLC_k1_0.12_k2_0.12	140	0.866991756139162	0.875113161750235	0.882123723513591	0.913013054601911	0.12	0.12	0.843260465527923	0.953405017921147	0.899322187076367
wdLC_k1_0.12_k2_0.12	150	0.871208498155474	0.873583714831771	0.884265078447931	0.911800524467754	0.12	0.12	0.843260465527923	0.953405017921147	0.899322187076367
wdLC_k1_0.12_k2_0.12	160	0.860620532052033	0.860055080276573	0.873482362592289	0.900779327317473	0.12	0.12	0.843260465527923	0.953405017921147	0.899322187076367
wdLC_k1_0.12_k2_0.12	170	0.850750789259958	0.848569561739364	0.865889924951607	0.884294795464122	0.12	0.12	0.843260465527923	0.953405017921147	0.899322187076367
wdLC_k1_0.12_k2_0.12	180	0.854561354774324	0.846478800786033	0.869203782009733	0.876329516343097	0.12	0.12	0.843260465527923	0.953405017921147	0.899322187076367
wdLC_k1_0.12_k2_0.12	190	0.834950377689425	0.826039794075066	0.845932457671229	0.875678725609836	0.12	0.12	0.843260465527923	0.953405017921147	0.899322187076367
wdLC_k1_0.12_k2_0.12	200	0.833533338333459	0.818997974949374	0.845164629115728	0.877121428035701	0.12	0.12	0.843260465527923	0.953405017921147	0.899322187076367
wdLC_k1_0.12_k2_0.12	210	0.828418525849307	0.813925161892236	0.842438927996424	0.869051776360332	0.12	0.12	0.843260465527923	0.953405017921147	0.899322187076367
wdLC_k1_0.12_k2_0.12	220	0.809006947927174	0.795735449079527	0.823849478482839	0.869085950310769	0.12	0.12	0.843260465527923	0.953405017921147	0.899322187076367
wdLC_k1_0.12_k2_0.12	230	0.800627775490126	0.788247825840383	0.813399283458141	0.880477069920776	0.12	0.12	0.843260465527923	0.953405017921147	0.899322187076367
wdLC_k1_0.12_k2_0.12	240	0.792275039497213	0.777954478376361	0.804534800951405	0.890594454764839	0.12	0.12	0.843260465527923	0.953405017921147	0.899322187076367
wdLC_k1_0.12_k2_0.12	250	0.775112945807133	0.759405558488936	0.784562569001104	0.890594454764839	0.12	0.12	0.843260465527923	0.953405017921147	0.899322187076367
wdLC_k1_0.12_k2_0.12	260	0.764794199276958	0.747558623420692	0.77891912374671	0.890594454764839	0.12	0.12	0.843260465527923	0.953405017921147	0.899322187076367
wdLC_k1_0.12_k2_0.12	270	0.770726926600121	0.748358078376323	0.785882141349295	0.890594454764839	0.12	0.12	0.843260465527923	0.953405017921147	0.899322187076367
wdLC_k1_0.12_k2_0.12	280	0.761968173792304	0.742157425477366	0.780156452432884	0.890594454764839	0.12	0.12	0.843260465527923	0.953405017921147	0.899322187076367
wdLC_k1_0.12_k2_0.12	290	0.767157180515083	0.744335309247599	0.784014160650563	0.890594454764839	0.12	0.12	0.843260465527923	0.953405017921147	0.899322187076367
wdLC_k1_0.12_k2_0.12	300	0.774179268658541	0.750969677440861	0.794348381648685	0.890594454764839	0.12	0.12	0.843260465527923	0.953405017921147	0.899322187076367
wdLC_k1_0.12_k2_0.2	10	0.648484848484848	0.478787878787879	0.212121212121212	0.660606060606061	0.12	0.2	0.81989556597929	0.933154121863799	0.87663804789878
wdLC_k1_0.12_k2_0.2	20	0.784962406015038	0.780451127819549	0.621052631578947	0.750375939849624	0.12	0.2	0.81989556597929	0.933154121863799	0.87663804789878
wdLC_k1_0.12_k2_0.2	30	0.877641824249166	0.880311457174638	0.767296996662959	0.806896551724138	0.12	0.2	0.81989556597929	0.933154121863799	0.87663804789878
wdLC_k1_0.12_k2_0.2	40	0.860225140712946	0.839962476547843	0.848030018761726	0.800562851782364	0.12	0.2	0.81989556597929	0.933154121863799	0.87663804789878
wdLC_k1_0.12_k2_0.2	50	0.865642256902761	0.836734693877551	0.864969987995198	0.788427370948379	0.12	0.2	0.81989556597929	0.933154121863799	0.87663804789878
wdLC_k1_0.12_k2_0.2	60	0.854737427063073	0.840733537093637	0.876410113920534	0.821783828841345	0.12	0.2	0.81989556597929	0.933154121863799	0.87663804789878
wdLC_k1_0.12_k2_0.2	70	0.854605896247047	0.856250546758814	0.878505817513778	0.857195345988977	0.12	0.2	0.81989556597929	0.933154121863799	0.87663804789878
wdLC_k1_0.12_k2_0.2	80	0.870768870135959	0.872011251758087	0.897702766057197	0.879113924050633	0.12	0.2	0.81989556597929	0.933154121863799	0.87663804789878
wdLC_k1_0.12_k2_0.2	90	0.865250854014899	0.872082973206569	0.895690826027905	0.886471580853603	0.12	0.2	0.81989556597929	0.933154121863799	0.87663804789878
wdLC_k1_0.12_k2_0.2	100	0.87005100510051	0.883588358835884	0.897197719771977	0.901998199819982	0.12	0.2	0.81989556597929	0.933154121863799	0.87663804789878
wdLC_k1_0.12_k2_0.2	110	0.873344904537565	0.887095101774001	0.893127155512477	0.914766810179654	0.12	0.2	0.81989556597929	0.933154121863799	0.87663804789878
wdLC_k1_0.12_k2_0.2	120	0.876991457740121	0.887158830474338	0.896728939509688	0.921918188763108	0.12	0.2	0.81989556597929	0.933154121863799	0.87663804789878
wdLC_k1_0.12_k2_0.2	130	0.890791899384124	0.899154706468749	0.906763713829221	0.914957189091753	0.12	0.2	0.81989556597929	0.933154121863799	0.87663804789878
wdLC_k1_0.12_k2_0.2	140	0.896197327852004	0.901484769631104	0.911080011370843	0.910327786403096	0.12	0.2	0.81989556597929	0.933154121863799	0.87663804789878
wdLC_k1_0.12_k2_0.2	150	0.87843015245122	0.882778790168452	0.893758833725944	0.910083114805103	0.12	0.2	0.81989556597929	0.933154121863799	0.87663804789878
wdLC_k1_0.12_k2_0.2	160	0.875767608109692	0.876344779092933	0.889271065275987	0.905522676667057	0.12	0.2	0.81989556597929	0.933154121863799	0.87663804789878
wdLC_k1_0.12_k2_0.2	170	0.871791207918858	0.868908958787501	0.885567381733136	0.894709973681158	0.12	0.2	0.81989556597929	0.933154121863799	0.87663804789878
wdLC_k1_0.12_k2_0.2	180	0.862720042799675	0.857870098871364	0.876689609761618	0.875039353066453	0.12	0.2	0.81989556597929	0.933154121863799	0.87663804789878
wdLC_k1_0.12_k2_0.2	190	0.861183499761621	0.855390658146238	0.872244310601985	0.878796467608813	0.12	0.2	0.81989556597929	0.933154121863799	0.87663804789878
wdLC_k1_0.12_k2_0.2	200	0.856003900097503	0.847629190729768	0.865683642091052	0.876221405535139	0.12	0.2	0.81989556597929	0.933154121863799	0.87663804789878
wdLC_k1_0.12_k2_0.2	210	0.855907325400965	0.843334315970884	0.867194915336597	0.8794374993926	0.12	0.2	0.81989556597929	0.933154121863799	0.87663804789878
wdLC_k1_0.12_k2_0.2	220	0.853788113578605	0.841552323582944	0.865423214980024	0.879425006902847	0.12	0.2	0.81989556597929	0.933154121863799	0.87663804789878
wdLC_k1_0.12_k2_0.2	230	0.834858060109626	0.82087834322503	0.847815977453342	0.887580352057284	0.12	0.2	0.81989556597929	0.933154121863799	0.87663804789878
wdLC_k1_0.12_k2_0.2	240	0.816081876421466	0.802033889477248	0.828284345214327	0.892525911908193	0.12	0.2	0.81989556597929	0.933154121863799	0.87663804789878
wdLC_k1_0.12_k2_0.2	250	0.81622771564345	0.794303268852302	0.82632093313493	0.892525911908193	0.12	0.2	0.81989556597929	0.933154121863799	0.87663804789878
wdLC_k1_0.12_k2_0.2	260	0.804027597131045	0.781629678181402	0.815425580942822	0.892525911908193	0.12	0.2	0.81989556597929	0.933154121863799	0.87663804789878
wdLC_k1_0.12_k2_0.2	270	0.787430707020825	0.765513625396477	0.802289621409225	0.892525911908193	0.12	0.2	0.81989556597929	0.933154121863799	0.87663804789878
wdLC_k1_0.12_k2_0.2	280	0.772624104170425	0.753038577387102	0.790388725803718	0.892525911908193	0.12	0.2	0.81989556597929	0.933154121863799	0.87663804789878
wdLC_k1_0.12_k2_0.2	290	0.778949194114818	0.759150852997145	0.793794751751938	0.892525911908193	0.12	0.2	0.81989556597929	0.933154121863799	0.87663804789878
wdLC_k1_0.12_k2_0.2	300	0.777481972021911	0.751587462082912	0.793834153712819	0.892525911908193	0.12	0.2	0.81989556597929	0.933154121863799	0.87663804789878
wdLC_k1_0.12_k2_0.28	10	0.418181818181818	0.478787878787879	0.406060606060606	0.733333333333333	0.12	0.28	0.779183998583946	0.896774193548387	0.838409399005874
wdLC_k1_0.12_k2_0.28	20	0.813533834586466	0.825563909774436	0.721804511278195	0.796992481203008	0.12	0.28	0.779183998583946	0.896774193548387	0.838409399005874
wdLC_k1_0.12_k2_0.28	30	0.898998887652948	0.866073414905451	0.829143492769744	0.805561735261401	0.12	0.28	0.779183998583946	0.896774193548387	0.838409399005874
wdLC_k1_0.12_k2_0.28	40	0.918949343339588	0.903189493433396	0.90187617260788	0.801688555347092	0.12	0.28	0.779183998583946	0.896774193548387	0.838409399005874
wdLC_k1_0.12_k2_0.28	50	0.886482593037215	0.84921968787515	0.898295318127251	0.792364945978391	0.12	0.28	0.779183998583946	0.896774193548387	0.838409399005874
wdLC_k1_0.12_k2_0.28	60	0.877021394831898	0.857404834676299	0.901139205334816	0.818671853292582	0.12	0.28	0.779183998583946	0.896774193548387	0.838409399005874
wdLC_k1_0.12_k2_0.28	70	0.874411687516403	0.873886799055201	0.903980404164115	0.864858717522527	0.12	0.28	0.779183998583946	0.896774193548387	0.838409399005874
wdLC_k1_0.12_k2_0.28	80	0.863408345053915	0.871706516643225	0.903727144866385	0.875293014533521	0.12	0.28	0.779183998583946	0.896774193548387	0.838409399005874
wdLC_k1_0.12_k2_0.28	90	0.876791373420587	0.887640449438202	0.910062970737128	0.881154051940569	0.12	0.28	0.779183998583946	0.896774193548387	0.838409399005874
wdLC_k1_0.12_k2_0.28	100	0.894605460546055	0.902910291029103	0.91979597959796	0.89036903690369	0.12	0.28	0.779183998583946	0.896774193548387	0.838409399005874
wdLC_k1_0.12_k2_0.28	110	0.892694362419133	0.904776502941641	0.91455943015576	0.91074544102067	0.12	0.28	0.779183998583946	0.896774193548387	0.838409399005874
wdLC_k1_0.12_k2_0.28	120	0.899090214598236	0.905778179040211	0.917251197999861	0.920175012153622	0.12	0.28	0.779183998583946	0.896774193548387	0.838409399005874
wdLC_k1_0.12_k2_0.28	130	0.901328708571741	0.906807412363954	0.917792131532589	0.913313031722405	0.12	0.28	0.779183998583946	0.896774193548387	0.838409399005874
wdLC_k1_0.12_k2_0.28	140	0.900430779996064	0.904244385646498	0.915641468588048	0.91217336161466	0.12	0.28	0.779183998583946	0.896774193548387	0.838409399005874
wdLC_k1_0.12_k2_0.28	150	0.909883994844215	0.909603093470821	0.921952086759412	0.912646784301525	0.12	0.28	0.779183998583946	0.896774193548387	0.838409399005874
wdLC_k1_0.12_k2_0.28	160	0.888072776280323	0.888954646665885	0.902074299777335	0.907295206844017	0.12	0.28	0.779183998583946	0.896774193548387	0.838409399005874
wdLC_k1_0.12_k2_0.28	170	0.883000225939021	0.88177160618218	0.892858495001863	0.890850690945952	0.12	0.28	0.779183998583946	0.896774193548387	0.838409399005874
wdLC_k1_0.12_k2_0.28	180	0.883031369280945	0.876967396113049	0.891801187279443	0.881296747842012	0.12	0.28	0.779183998583946	0.896774193548387	0.838409399005874
wdLC_k1_0.12_k2_0.28	190	0.879428064051928	0.871745681831105	0.890938515573401	0.880224120510701	0.12	0.28	0.779183998583946	0.896774193548387	0.838409399005874
wdLC_k1_0.12_k2_0.28	200	0.868796219905498	0.862619065476637	0.879116477911948	0.880945023625591	0.12	0.28	0.779183998583946	0.896774193548387	0.838409399005874
wdLC_k1_0.12_k2_0.28	210	0.863069133410865	0.851581992465006	0.875599381910183	0.877239846708542	0.12	0.28	0.779183998583946	0.896774193548387	0.838409399005874
wdLC_k1_0.12_k2_0.28	220	0.864379617159633	0.850980767822025	0.874993660650389	0.882212066740673	0.12	0.28	0.779183998583946	0.896774193548387	0.838409399005874
wdLC_k1_0.12_k2_0.28	230	0.850095300560461	0.837256724668914	0.859271770568524	0.889580554247348	0.12	0.28	0.779183998583946	0.896774193548387	0.838409399005874
wdLC_k1_0.12_k2_0.28	240	0.836958974982204	0.820468237295786	0.847650132814806	0.893785482386847	0.12	0.28	0.779183998583946	0.896774193548387	0.838409399005874
wdLC_k1_0.12_k2_0.28	250	0.82649143186291	0.804245955935295	0.836445639130226	0.893785482386847	0.12	0.28	0.779183998583946	0.896774193548387	0.838409399005874
wdLC_k1_0.12_k2_0.28	260	0.80931215413974	0.787023476678649	0.820762027658579	0.893785482386847	0.12	0.28	0.779183998583946	0.896774193548387	0.838409399005874
wdLC_k1_0.12_k2_0.28	270	0.797838409610862	0.774495915962877	0.809826990463213	0.893785482386847	0.12	0.28	0.779183998583946	0.896774193548387	0.838409399005874
wdLC_k1_0.12_k2_0.28	280	0.792745352072639	0.770342916181511	0.8076509722245	0.893785482386847	0.12	0.28	0.779183998583946	0.896774193548387	0.838409399005874
wdLC_k1_0.12_k2_0.28	290	0.790570965007989	0.766817679163843	0.807122393927354	0.893785482386847	0.12	0.28	0.779183998583946	0.896774193548387	0.838409399005874
wdLC_k1_0.12_k2_0.28	300	0.786070511894577	0.762922699141102	0.804465382948699	0.893785482386847	0.12	0.28	0.779183998583946	0.896774193548387	0.838409399005874
wdLC_k1_0.12_k2_0.293	10	0.709090909090909	0.527272727272727	0.248484848484848	0.793939393939394	0.12	0.293	0.773165766882025	0.890501792114695	0.83136014460009
wdLC_k1_0.12_k2_0.293	20	0.803007518796992	0.818045112781955	0.640601503759399	0.772932330827068	0.12	0.293	0.773165766882025	0.890501792114695	0.83136014460009
wdLC_k1_0.12_k2_0.293	30	0.877196885428254	0.891879866518354	0.772191323692992	0.825583982202447	0.12	0.293	0.773165766882025	0.890501792114695	0.83136014460009
wdLC_k1_0.12_k2_0.293	40	0.89906191369606	0.892495309568481	0.859474671669794	0.806378986866792	0.12	0.293	0.773165766882025	0.890501792114695	0.83136014460009
wdLC_k1_0.12_k2_0.293	50	0.871020408163265	0.841056422569028	0.870348139255702	0.805138055222089	0.12	0.293	0.773165766882025	0.890501792114695	0.83136014460009
wdLC_k1_0.12_k2_0.293	60	0.857849402611837	0.841178105029175	0.875354265073632	0.828785773826063	0.12	0.293	0.773165766882025	0.890501792114695	0.83136014460009
wdLC_k1_0.12_k2_0.293	70	0.871647274954072	0.871717260082233	0.890193333916543	0.861499431370834	0.12	0.293	0.773165766882025	0.890501792114695	0.83136014460009
wdLC_k1_0.12_k2_0.293	80	0.871026722925457	0.878879512423816	0.903258321612752	0.876254102203469	0.12	0.293	0.773165766882025	0.890501792114695	0.83136014460009
wdLC_k1_0.12_k2_0.293	90	0.869053792649298	0.883178993291353	0.898555377207063	0.888644688644689	0.12	0.293	0.773165766882025	0.890501792114695	0.83136014460009
wdLC_k1_0.12_k2_0.293	100	0.886804680468047	0.897161716171617	0.909462946294629	0.897113711371137	0.12	0.293	0.773165766882025	0.890501792114695	0.83136014460009
wdLC_k1_0.12_k2_0.293	110	0.885318846786737	0.899447737979848	0.905551923900548	0.914361066654644	0.12	0.293	0.773165766882025	0.890501792114695	0.83136014460009
wdLC_k1_0.12_k2_0.293	120	0.892284186401833	0.900298631849434	0.908986735189944	0.923182165428154	0.12	0.293	0.773165766882025	0.890501792114695	0.83136014460009
wdLC_k1_0.12_k2_0.293	130	0.894905023965915	0.9014543418591	0.910155812587909	0.916317305985334	0.12	0.293	0.773165766882025	0.890501792114695	0.83136014460009
wdLC_k1_0.12_k2_0.293	140	0.89425116441801	0.898808248234239	0.908770855655901	0.917421442784982	0.12	0.293	0.773165766882025	0.890501792114695	0.83136014460009
wdLC_k1_0.12_k2_0.293	150	0.901339615094004	0.902776123383262	0.913208587048313	0.913407707009201	0.12	0.293	0.773165766882025	0.890501792114695	0.83136014460009
wdLC_k1_0.12_k2_0.293	160	0.889622641509434	0.890246689323802	0.902018633540373	0.909510137114731	0.12	0.293	0.773165766882025	0.890501792114695	0.83136014460009
wdLC_k1_0.12_k2_0.293	170	0.885042226171067	0.882203943551884	0.895064148362553	0.893156490251037	0.12	0.293	0.773165766882025	0.890501792114695	0.83136014460009
wdLC_k1_0.12_k2_0.293	180	0.875730732430013	0.870166774694692	0.88514048787514	0.886346286408017	0.12	0.293	0.773165766882025	0.890501792114695	0.83136014460009
wdLC_k1_0.12_k2_0.293	190	0.871367773710017	0.864245255372288	0.88077873566989	0.878264596919874	0.12	0.293	0.773165766882025	0.890501792114695	0.83136014460009
wdLC_k1_0.12_k2_0.293	200	0.860702017550439	0.853626340658517	0.872009300232506	0.883292582314558	0.12	0.293	0.773165766882025	0.890501792114695	0.83136014460009
wdLC_k1_0.12_k2_0.293	210	0.863407333499626	0.852892031889288	0.876024399646251	0.882923163142669	0.12	0.293	0.773165766882025	0.890501792114695	0.83136014460009
wdLC_k1_0.12_k2_0.293	220	0.851786569594789	0.839044758625742	0.862715044826246	0.883706462755617	0.12	0.293	0.773165766882025	0.890501792114695	0.83136014460009
wdLC_k1_0.12_k2_0.293	230	0.852422952024243	0.838615836413444	0.861131919153563	0.890816379367737	0.12	0.293	0.773165766882025	0.890501792114695	0.83136014460009
wdLC_k1_0.12_k2_0.293	240	0.83642858382958	0.818145280300005	0.847420094098856	0.895063282348652	0.12	0.293	0.773165766882025	0.890501792114695	0.83136014460009
wdLC_k1_0.12_k2_0.293	250	0.820041664666635	0.800962703403254	0.830422886766188	0.895063282348652	0.12	0.293	0.773165766882025	0.890501792114695	0.83136014460009
wdLC_k1_0.12_k2_0.293	260	0.807689235275442	0.786197337921476	0.819888095750165	0.895063282348652	0.12	0.293	0.773165766882025	0.890501792114695	0.83136014460009
wdLC_k1_0.12_k2_0.293	270	0.791414300760108	0.768722326628471	0.808652153436032	0.895063282348652	0.12	0.293	0.773165766882025	0.890501792114695	0.83136014460009
wdLC_k1_0.12_k2_0.293	280	0.793410083583428	0.774314905620152	0.808106881829761	0.895063282348652	0.12	0.293	0.773165766882025	0.890501792114695	0.83136014460009
wdLC_k1_0.12_k2_0.293	290	0.792776247698218	0.766798489957033	0.80884893050924	0.895063282348652	0.12	0.293	0.773165766882025	0.890501792114695	0.83136014460009
wdLC_k1_0.12_k2_0.293	300	0.788847876087512	0.764073823042478	0.805711619017989	0.895063282348652	0.12	0.293	0.773165766882025	0.890501792114695	0.83136014460009
wdLC_k1_0.12_k2_0.307	10	0.721212121212121	0.454545454545455	0.0545454545454545	0.745454545454545	0.12	0.307	0.767147535180104	0.885304659498208	0.824220515137822
wdLC_k1_0.12_k2_0.307	20	0.810526315789474	0.81203007518797	0.633082706766917	0.754887218045113	0.12	0.307	0.767147535180104	0.885304659498208	0.824220515137822
wdLC_k1_0.12_k2_0.307	30	0.889655172413793	0.898553948832036	0.785094549499444	0.818464961067853	0.12	0.307	0.767147535180104	0.885304659498208	0.824220515137822
wdLC_k1_0.12_k2_0.307	40	0.909568480300188	0.900562851782364	0.870544090056285	0.802439024390244	0.12	0.307	0.767147535180104	0.885304659498208	0.824220515137822
wdLC_k1_0.12_k2_0.307	50	0.880144057623049	0.848931572629052	0.878799519807923	0.801776710684274	0.12	0.307	0.767147535180104	0.885304659498208	0.824220515137822
wdLC_k1_0.12_k2_0.307	60	0.865962767435399	0.846290636287858	0.88135593220339	0.826896360100028	0.12	0.307	0.767147535180104	0.885304659498208	0.824220515137822
wdLC_k1_0.12_k2_0.307	70	0.878155891872977	0.877176100078733	0.896911906219928	0.859959758551308	0.12	0.307	0.767147535180104	0.885304659498208	0.824220515137822
wdLC_k1_0.12_k2_0.307	80	0.876933895921238	0.88370839193624	0.909165494608533	0.870839193624004	0.12	0.307	0.767147535180104	0.885304659498208	0.824220515137822
wdLC_k1_0.12_k2_0.307	90	0.871885417952834	0.885483804584928	0.901090669629995	0.888233115199407	0.12	0.307	0.767147535180104	0.885304659498208	0.824220515137822
wdLC_k1_0.12_k2_0.307	100	0.890669066906691	0.900846084608461	0.913327332733273	0.896969696969697	0.12	0.307	0.767147535180104	0.885304659498208	0.824220515137822
wdLC_k1_0.12_k2_0.307	110	0.889042670694047	0.902531388769921	0.909329846944526	0.914956157157992	0.12	0.307	0.767147535180104	0.885304659498208	0.824220515137822
wdLC_k1_0.12_k2_0.307	120	0.895492742551566	0.903007153274533	0.912236960900062	0.920140287519967	0.12	0.307	0.767147535180104	0.885304659498208	0.824220515137822
wdLC_k1_0.12_k2_0.307	130	0.897936609813052	0.904125414794685	0.913313031722405	0.917813980799956	0.12	0.307	0.767147535180104	0.885304659498208	0.824220515137822
wdLC_k1_0.12_k2_0.307	140	0.898795128031314	0.902932365353918	0.913100522621417	0.917574511819116	0.12	0.307	0.767147535180104	0.885304659498208	0.824220515137822
wdLC_k1_0.12_k2_0.307	150	0.902978799057736	0.904273078803502	0.914869105293569	0.913237032757011	0.12	0.307	0.767147535180104	0.885304659498208	0.824220515137822
wdLC_k1_0.12_k2_0.307	160	0.894023204031407	0.894295675612329	0.906310793390367	0.909709363647017	0.12	0.307	0.767147535180104	0.885304659498208	0.824220515137822
wdLC_k1_0.12_k2_0.307	170	0.886927901026496	0.885071537179182	0.899404620147655	0.891944968582263	0.12	0.307	0.767147535180104	0.885304659498208	0.824220515137822
wdLC_k1_0.12_k2_0.307	180	0.877173163780775	0.872166836424993	0.886052038643168	0.886121999650195	0.12	0.307	0.767147535180104	0.885304659498208	0.824220515137822
wdLC_k1_0.12_k2_0.307	190	0.878388816718936	0.871107087089452	0.887658063133401	0.87975523450861	0.12	0.307	0.767147535180104	0.885304659498208	0.824220515137822
wdLC_k1_0.12_k2_0.307	200	0.865421135528388	0.857931448286207	0.876350408760219	0.885703142578565	0.12	0.307	0.767147535180104	0.885304659498208	0.824220515137822
wdLC_k1_0.12_k2_0.307	210	0.867588834213928	0.856722374657022	0.880024490351255	0.883909256121778	0.12	0.307	0.767147535180104	0.885304659498208	0.824220515137822
wdLC_k1_0.12_k2_0.307	220	0.855858404287091	0.84289344821174	0.86636538320664	0.885833103238422	0.12	0.307	0.767147535180104	0.885304659498208	0.824220515137822
wdLC_k1_0.12_k2_0.307	230	0.85368639334844	0.840191932616463	0.863189326337228	0.89131544362226	0.12	0.307	0.767147535180104	0.885304659498208	0.824220515137822
wdLC_k1_0.12_k2_0.307	240	0.844707373391899	0.826449243910484	0.85512942933037	0.896932238406917	0.12	0.307	0.767147535180104	0.885304659498208	0.824220515137822
wdLC_k1_0.12_k2_0.307	250	0.824407046512744	0.80205481687707	0.834778284452551	0.896932238406917	0.12	0.307	0.767147535180104	0.885304659498208	0.824220515137822
wdLC_k1_0.12_k2_0.307	260	0.811652653031963	0.790117059082576	0.825361094326612	0.896932238406917	0.12	0.307	0.767147535180104	0.885304659498208	0.824220515137822
wdLC_k1_0.12_k2_0.307	270	0.799047388243399	0.775924376344135	0.813296631107575	0.896932238406917	0.12	0.307	0.767147535180104	0.885304659498208	0.824220515137822
wdLC_k1_0.12_k2_0.307	280	0.794226784962636	0.77416074913492	0.811320115234706	0.896932238406917	0.12	0.307	0.767147535180104	0.885304659498208	0.824220515137822
wdLC_k1_0.12_k2_0.307	290	0.795108474371953	0.770665361144562	0.81029697757692	0.896932238406917	0.12	0.307	0.767147535180104	0.885304659498208	0.824220515137822
wdLC_k1_0.12_k2_0.307	300	0.792735474838609	0.767308970099668	0.809104990055445	0.896932238406917	0.12	0.307	0.767147535180104	0.885304659498208	0.824220515137822
wdLC_k1_0.12_k2_0.32	10	0.721212121212121	0.454545454545455	0.0545454545454545	0.745454545454545	0.12	0.32	0.759624745552704	0.879390681003584	0.816900135562585
wdLC_k1_0.12_k2_0.32	20	0.810526315789474	0.81203007518797	0.633082706766917	0.754887218045113	0.12	0.32	0.759624745552704	0.879390681003584	0.816900135562585
wdLC_k1_0.12_k2_0.32	30	0.883426028921024	0.896329254727475	0.775750834260289	0.81979977753059	0.12	0.32	0.759624745552704	0.879390681003584	0.816900135562585
wdLC_k1_0.12_k2_0.32	40	0.901688555347092	0.897936210131332	0.861350844277674	0.857786116322702	0.12	0.32	0.759624745552704	0.879390681003584	0.816900135562585
wdLC_k1_0.12_k2_0.32	50	0.880720288115246	0.848931572629052	0.879951980792317	0.806290516206483	0.12	0.32	0.759624745552704	0.879390681003584	0.816900135562585
wdLC_k1_0.12_k2_0.32	60	0.867407613225896	0.846568491247569	0.88285634898583	0.830397332592387	0.12	0.32	0.759624745552704	0.879390681003584	0.816900135562585
wdLC_k1_0.12_k2_0.32	70	0.878225877001137	0.876651211617531	0.896701950835448	0.862304260344677	0.12	0.32	0.759624745552704	0.879390681003584	0.816900135562585
wdLC_k1_0.12_k2_0.32	80	0.876254102203469	0.882676980778247	0.908180965775902	0.872714486638537	0.12	0.32	0.759624745552704	0.879390681003584	0.816900135562585
wdLC_k1_0.12_k2_0.32	90	0.872412231962794	0.885878915092398	0.901090669629995	0.889352594970573	0.12	0.32	0.759624745552704	0.879390681003584	0.816900135562585
wdLC_k1_0.12_k2_0.32	100	0.891221122112211	0.900858085808581	0.913471347134714	0.897653765376538	0.12	0.32	0.759624745552704	0.879390681003584	0.816900135562585
wdLC_k1_0.12_k2_0.32	110	0.887293465275117	0.900619885940987	0.907328178887812	0.915271735455222	0.12	0.32	0.759624745552704	0.879390681003584	0.816900135562585
wdLC_k1_0.12_k2_0.32	120	0.893874574623238	0.901229252031391	0.910466004583651	0.920633377317869	0.12	0.32	0.759624745552704	0.879390681003584	0.816900135562585
wdLC_k1_0.12_k2_0.32	130	0.894320556063855	0.90064591896653	0.909937319914242	0.918229116879925	0.12	0.32	0.759624745552704	0.879390681003584	0.816900135562585
wdLC_k1_0.12_k2_0.32	140	0.898384028339638	0.902258861603726	0.911547965275197	0.919520675253111	0.12	0.32	0.759624745552704	0.879390681003584	0.816900135562585
wdLC_k1_0.12_k2_0.32	150	0.903796613182808	0.904664207298102	0.915676252277879	0.913709942664118	0.12	0.32	0.759624745552704	0.879390681003584	0.816900135562585
wdLC_k1_0.12_k2_0.32	160	0.891735028712059	0.891966483065745	0.904239423414977	0.911856908472987	0.12	0.32	0.759624745552704	0.879390681003584	0.816900135562585
wdLC_k1_0.12_k2_0.32	170	0.885464793204731	0.88287565415453	0.895178949811005	0.891957181502311	0.12	0.32	0.759624745552704	0.879390681003584	0.816900135562585
wdLC_k1_0.12_k2_0.32	180	0.877119664187166	0.870689424570717	0.886790744570306	0.886144634093645	0.12	0.32	0.759624745552704	0.879390681003584	0.816900135562585
wdLC_k1_0.12_k2_0.32	190	0.878485043323842	0.871058098999681	0.888623828331737	0.87947005384316	0.12	0.32	0.759624745552704	0.879390681003584	0.816900135562585
wdLC_k1_0.12_k2_0.32	200	0.867699692492313	0.859537988449711	0.878340958523963	0.885620640516013	0.12	0.32	0.759624745552704	0.879390681003584	0.816900135562585
wdLC_k1_0.12_k2_0.32	210	0.863552461507064	0.854428833825192	0.876093076292627	0.883761536542779	0.12	0.32	0.759624745552704	0.879390681003584	0.816900135562585
wdLC_k1_0.12_k2_0.32	220	0.853349712334402	0.840957269966134	0.864982559744848	0.885728292658188	0.12	0.32	0.759624745552704	0.879390681003584	0.816900135562585
wdLC_k1_0.12_k2_0.32	230	0.849968068764347	0.8371294928728	0.859974997472624	0.891081692182888	0.12	0.32	0.759624745552704	0.879390681003584	0.816900135562585
wdLC_k1_0.12_k2_0.32	240	0.838170801576416	0.820246011215472	0.849775169707807	0.896739526727894	0.12	0.32	0.759624745552704	0.879390681003584	0.816900135562585
wdLC_k1_0.12_k2_0.32	250	0.81712629002064	0.798888302212835	0.828179522872366	0.896739526727894	0.12	0.32	0.759624745552704	0.879390681003584	0.816900135562585
wdLC_k1_0.12_k2_0.32	260	0.80933195415954	0.787822305063684	0.823867899729969	0.896739526727894	0.12	0.32	0.759624745552704	0.879390681003584	0.816900135562585
wdLC_k1_0.12_k2_0.32	270	0.797515893374547	0.77454834771396	0.81253819973144	0.896739526727894	0.12	0.32	0.759624745552704	0.879390681003584	0.816900135562585
wdLC_k1_0.12_k2_0.32	280	0.792978226763097	0.771624820287431	0.810443828547376	0.896739526727894	0.12	0.32	0.759624745552704	0.879390681003584	0.816900135562585
wdLC_k1_0.12_k2_0.32	290	0.792408208552236	0.766544601990019	0.807288700386367	0.896739526727894	0.12	0.32	0.759624745552704	0.879390681003584	0.816900135562585
wdLC_k1_0.12_k2_0.32	300	0.784560717341304	0.762175579728664	0.802889365437394	0.896739526727894	0.12	0.32	0.759624745552704	0.879390681003584	0.816900135562585
wdLC_k1_0.12_k2_0.333	10	0.781818181818182	0.466666666666667	0.00606060606060606	0.696969696969697	0.12	0.333	0.751216921851491	0.871863799283154	0.808043380027113
wdLC_k1_0.12_k2_0.333	20	0.818045112781955	0.813533834586466	0.625563909774436	0.748872180451128	0.12	0.333	0.751216921851491	0.871863799283154	0.808043380027113
wdLC_k1_0.12_k2_0.333	30	0.887875417130145	0.895884315906563	0.777085650723026	0.81579532814238	0.12	0.333	0.751216921851491	0.871863799283154	0.808043380027113
wdLC_k1_0.12_k2_0.333	40	0.904315196998124	0.89812382739212	0.862101313320826	0.803001876172608	0.12	0.333	0.751216921851491	0.871863799283154	0.808043380027113
wdLC_k1_0.12_k2_0.333	50	0.883889555822329	0.851236494597839	0.882641056422569	0.807827130852341	0.12	0.333	0.751216921851491	0.871863799283154	0.808043380027113
wdLC_k1_0.12_k2_0.333	60	0.868574604056683	0.847513198110586	0.884412336760211	0.830953042511809	0.12	0.333	0.751216921851491	0.871863799283154	0.808043380027113
wdLC_k1_0.12_k2_0.333	70	0.881025282127548	0.878750765462339	0.90009622955122	0.867413174700376	0.12	0.333	0.751216921851491	0.871863799283154	0.808043380027113
wdLC_k1_0.12_k2_0.333	80	0.863220815752461	0.874097515236756	0.898382559774965	0.875785278949836	0.12	0.333	0.751216921851491	0.871863799283154	0.808043380027113
wdLC_k1_0.12_k2_0.333	90	0.874815820883237	0.887442894184467	0.904086924311643	0.888727003333745	0.12	0.333	0.751216921851491	0.871863799283154	0.808043380027113
wdLC_k1_0.12_k2_0.333	100	0.891305130513051	0.900654065406541	0.914227422742274	0.897821782178218	0.12	0.333	0.751216921851491	0.871863799283154	0.808043380027113
wdLC_k1_0.12_k2_0.333	110	0.892829610260803	0.905371593444988	0.913089736942948	0.915704528548565	0.12	0.333	0.751216921851491	0.871863799283154	0.808043380027113
wdLC_k1_0.12_k2_0.333	120	0.893909299256893	0.901319536078894	0.910111813320369	0.921487603305785	0.12	0.333	0.751216921851491	0.871863799283154	0.808043380027113
wdLC_k1_0.12_k2_0.333	130	0.900143385817094	0.905862431550342	0.91533408895383	0.919556459872455	0.12	0.333	0.751216921851491	0.871863799283154	0.808043380027113
wdLC_k1_0.12_k2_0.333	140	0.901799654501323	0.905538912335178	0.915243489099298	0.920124204587698	0.12	0.333	0.751216921851491	0.871863799283154	0.808043380027113
wdLC_k1_0.12_k2_0.333	150	0.898367038535046	0.899405306902529	0.910061780523579	0.915018445264234	0.12	0.333	0.751216921851491	0.871863799283154	0.808043380027113
wdLC_k1_0.12_k2_0.333	160	0.887981952420016	0.888954646665885	0.901084026719794	0.912981952420016	0.12	0.333	0.751216921851491	0.871863799283154	0.808043380027113
wdLC_k1_0.12_k2_0.333	170	0.891661628837147	0.88878670745782	0.901544323740085	0.893276176867508	0.12	0.333	0.751216921851491	0.871863799283154	0.808043380027113
wdLC_k1_0.12_k2_0.333	180	0.884539646285379	0.879354301058675	0.89202135868391	0.887222856672531	0.12	0.333	0.751216921851491	0.871863799283154	0.808043380027113
wdLC_k1_0.12_k2_0.333	190	0.881975444720003	0.873705205421932	0.891493130732591	0.885024953308227	0.12	0.333	0.751216921851491	0.871863799283154	0.808043380027113
wdLC_k1_0.12_k2_0.333	200	0.873389334733368	0.865139128478212	0.884707117677942	0.886228155703893	0.12	0.333	0.751216921851491	0.871863799283154	0.808043380027113
wdLC_k1_0.12_k2_0.333	210	0.869316116659594	0.860005895825302	0.882544793694706	0.882143100102691	0.12	0.333	0.751216921851491	0.871863799283154	0.808043380027113
wdLC_k1_0.12_k2_0.333	220	0.861670320010368	0.850235823805526	0.873125102133966	0.885815071310639	0.12	0.333	0.751216921851491	0.871863799283154	0.808043380027113
wdLC_k1_0.12_k2_0.333	230	0.855635308302861	0.842591583468743	0.866975705137847	0.893036524895268	0.12	0.333	0.751216921851491	0.871863799283154	0.808043380027113
wdLC_k1_0.12_k2_0.333	240	0.839577075990903	0.821089775864164	0.850644976475286	0.898012986336568	0.12	0.333	0.751216921851491	0.871863799283154	0.808043380027113
wdLC_k1_0.12_k2_0.333	250	0.822086113377814	0.803787452599242	0.833678490855854	0.898012986336568	0.12	0.333	0.751216921851491	0.871863799283154	0.808043380027113
wdLC_k1_0.12_k2_0.333	260	0.811897080862598	0.792475992475992	0.826362019465468	0.898012986336568	0.12	0.333	0.751216921851491	0.871863799283154	0.808043380027113
wdLC_k1_0.12_k2_0.333	270	0.793431703833767	0.772634588799419	0.811819397004379	0.898012986336568	0.12	0.333	0.751216921851491	0.871863799283154	0.808043380027113
wdLC_k1_0.12_k2_0.333	280	0.79290661506251	0.77166909927787	0.811347994599056	0.898012986336568	0.12	0.333	0.751216921851491	0.871863799283154	0.808043380027113
wdLC_k1_0.12_k2_0.333	290	0.799504770855039	0.775146286949986	0.815947460935818	0.898012986336568	0.12	0.333	0.751216921851491	0.871863799283154	0.808043380027113
wdLC_k1_0.12_k2_0.333	300	0.787284303158924	0.762961366237403	0.806777853087257	0.898012986336568	0.12	0.333	0.751216921851491	0.871863799283154	0.808043380027113
wdLC_k1_0.12_k2_0.347	10	0.781818181818182	0.466666666666667	0.00606060606060606	0.696969696969697	0.12	0.347	0.741304540224799	0.862365591397849	0.797830998644374
wdLC_k1_0.12_k2_0.347	20	0.816541353383459	0.809022556390977	0.618045112781955	0.75187969924812	0.12	0.347	0.741304540224799	0.862365591397849	0.797830998644374
wdLC_k1_0.12_k2_0.347	30	0.885650723025584	0.89321468298109	0.770856507230256	0.818020022246941	0.12	0.347	0.741304540224799	0.862365591397849	0.797830998644374
wdLC_k1_0.12_k2_0.347	40	0.894934333958724	0.888742964352721	0.859099437148218	0.836960600375235	0.12	0.347	0.741304540224799	0.862365591397849	0.797830998644374
wdLC_k1_0.12_k2_0.347	50	0.883025210084034	0.85046818727491	0.882641056422569	0.808787515006003	0.12	0.347	0.741304540224799	0.862365591397849	0.797830998644374
wdLC_k1_0.12_k2_0.347	60	0.867518755209781	0.846235065295916	0.883523200889136	0.831175326479578	0.12	0.347	0.741304540224799	0.862365591397849	0.797830998644374
wdLC_k1_0.12_k2_0.347	70	0.880570378794506	0.877980929052576	0.899396378269618	0.867833085469338	0.12	0.347	0.741304540224799	0.862365591397849	0.797830998644374
wdLC_k1_0.12_k2_0.347	80	0.863291139240506	0.873300515705579	0.897819971870605	0.875808720112518	0.12	0.347	0.741304540224799	0.862365591397849	0.797830998644374
wdLC_k1_0.12_k2_0.347	90	0.875869448903157	0.887854467629749	0.904646664197226	0.88839774457752	0.12	0.347	0.741304540224799	0.862365591397849	0.797830998644374
wdLC_k1_0.12_k2_0.347	100	0.889312931293129	0.901434143414341	0.910663066306631	0.897917791779178	0.12	0.347	0.741304540224799	0.862365591397849	0.797830998644374
wdLC_k1_0.12_k2_0.347	110	0.892315668462457	0.903838784572729	0.912386448166265	0.915470098956337	0.12	0.347	0.741304540224799	0.862365591397849	0.797830998644374
wdLC_k1_0.12_k2_0.347	120	0.897326203208556	0.903507187999167	0.91350788249184	0.921043127994999	0.12	0.347	0.741304540224799	0.862365591397849	0.797830998644374
wdLC_k1_0.12_k2_0.347	130	0.898138715536195	0.903273293367382	0.913689931584481	0.919190484644062	0.12	0.347	0.741304540224799	0.862365591397849	0.797830998644374
wdLC_k1_0.12_k2_0.347	140	0.899731035840021	0.902989219566596	0.913170497037021	0.919197043580941	0.12	0.347	0.741304540224799	0.862365591397849	0.797830998644374
wdLC_k1_0.12_k2_0.347	150	0.899568869727544	0.89970398684386	0.911334725987822	0.914883328147918	0.12	0.347	0.741304540224799	0.862365591397849	0.797830998644374
wdLC_k1_0.12_k2_0.347	160	0.888034688855033	0.887249501933669	0.90090823860307	0.91301125043947	0.12	0.347	0.741304540224799	0.862365591397849	0.797830998644374
wdLC_k1_0.12_k2_0.347	170	0.887321157052046	0.884094503575333	0.897567796972417	0.893232210355335	0.12	0.347	0.741304540224799	0.862365591397849	0.797830998644374
wdLC_k1_0.12_k2_0.347	180	0.880819366852887	0.874129859975102	0.890683868843689	0.887255779499367	0.12	0.347	0.741304540224799	0.862365591397849	0.797830998644374
wdLC_k1_0.12_k2_0.347	190	0.880416573720514	0.872937142157313	0.890529115108889	0.880589781609347	0.12	0.347	0.741304540224799	0.862365591397849	0.797830998644374
wdLC_k1_0.12_k2_0.347	200	0.872424810620266	0.864360609015226	0.883381084527113	0.886376659416485	0.12	0.347	0.741304540224799	0.862365591397849	0.797830998644374
wdLC_k1_0.12_k2_0.347	210	0.864716077138128	0.855295714512477	0.87801861396274	0.882846711781608	0.12	0.347	0.741304540224799	0.862365591397849	0.797830998644374
wdLC_k1_0.12_k2_0.347	220	0.858653353093321	0.846343181395559	0.870263660594039	0.88415726095017	0.12	0.347	0.741304540224799	0.862365591397849	0.797830998644374
wdLC_k1_0.12_k2_0.347	230	0.855440022290222	0.841876521048725	0.865989412144719	0.892760362857192	0.12	0.347	0.741304540224799	0.862365591397849	0.797830998644374
wdLC_k1_0.12_k2_0.347	240	0.839263702494835	0.821166166079272	0.849610236288824	0.898105001822948	0.12	0.347	0.741304540224799	0.862365591397849	0.797830998644374
wdLC_k1_0.12_k2_0.347	250	0.822011616185859	0.803988671818749	0.832885902174435	0.898105001822948	0.12	0.347	0.741304540224799	0.862365591397849	0.797830998644374
wdLC_k1_0.12_k2_0.347	260	0.810267334405265	0.788793871552492	0.825354266733577	0.898105001822948	0.12	0.347	0.741304540224799	0.862365591397849	0.797830998644374
wdLC_k1_0.12_k2_0.347	270	0.797026327140595	0.777110187458752	0.812081555759795	0.898105001822948	0.12	0.347	0.741304540224799	0.862365591397849	0.797830998644374
wdLC_k1_0.12_k2_0.347	280	0.796920696874778	0.776411324488468	0.812629898704976	0.898105001822948	0.12	0.347	0.741304540224799	0.862365591397849	0.797830998644374
wdLC_k1_0.12_k2_0.347	290	0.790815012356127	0.767577866972054	0.806723356831911	0.898105001822948	0.12	0.347	0.741304540224799	0.862365591397849	0.797830998644374
wdLC_k1_0.12_k2_0.347	300	0.791481683129813	0.762894698829987	0.808655207280081	0.898105001822948	0.12	0.347	0.741304540224799	0.862365591397849	0.797830998644374
wdLC_k1_0.12_k2_0.36	10	0.866666666666667	0.612121212121212	0.115151515151515	0.6	0.12	0.36	0.729887600672626	0.851075268817204	0.785991866244916
wdLC_k1_0.12_k2_0.36	20	0.827067669172932	0.828571428571429	0.637593984962406	0.739849624060151	0.12	0.36	0.729887600672626	0.851075268817204	0.785991866244916
wdLC_k1_0.12_k2_0.36	30	0.914571746384872	0.899888765294772	0.81979977753059	0.822914349276974	0.12	0.36	0.729887600672626	0.851075268817204	0.785991866244916
wdLC_k1_0.12_k2_0.36	40	0.904127579737336	0.897748592870544	0.864915572232646	0.844277673545967	0.12	0.36	0.729887600672626	0.851075268817204	0.785991866244916
wdLC_k1_0.12_k2_0.36	50	0.890516206482593	0.859495798319328	0.888211284513806	0.81109243697479	0.12	0.36	0.729887600672626	0.851075268817204	0.785991866244916
wdLC_k1_0.12_k2_0.36	60	0.875465407057516	0.855459849958322	0.889858293970548	0.833064740205613	0.12	0.36	0.729887600672626	0.851075268817204	0.785991866244916
wdLC_k1_0.12_k2_0.36	70	0.88676406263669	0.884979441868603	0.904435307497157	0.869302773160703	0.12	0.36	0.729887600672626	0.851075268817204	0.785991866244916
wdLC_k1_0.12_k2_0.36	80	0.868330989217065	0.878856071261135	0.90196905766526	0.877379278012189	0.12	0.36	0.729887600672626	0.851075268817204	0.785991866244916
wdLC_k1_0.12_k2_0.36	90	0.879112647651974	0.891212906943244	0.90719841955797	0.889599539037741	0.12	0.36	0.729887600672626	0.851075268817204	0.785991866244916
wdLC_k1_0.12_k2_0.36	100	0.893189318931893	0.905166516651665	0.914071407140714	0.898769876987699	0.12	0.36	0.729887600672626	0.851075268817204	0.785991866244916
wdLC_k1_0.12_k2_0.36	110	0.896219822825327	0.90738227802448	0.916182404255799	0.916182404255799	0.12	0.36	0.729887600672626	0.851075268817204	0.785991866244916
wdLC_k1_0.12_k2_0.36	120	0.900562539065213	0.90679213834294	0.916390027085214	0.921800125008681	0.12	0.36	0.729887600672626	0.851075268817204	0.785991866244916
wdLC_k1_0.12_k2_0.36	130	0.900208933619195	0.90537082303459	0.915345013587513	0.920075379972415	0.12	0.36	0.729887600672626	0.851075268817204	0.785991866244916
wdLC_k1_0.12_k2_0.36	140	0.908945791694912	0.911788502328836	0.92203538081389	0.91861538125123	0.12	0.36	0.729887600672626	0.851075268817204	0.785991866244916
wdLC_k1_0.12_k2_0.36	150	0.901499622205432	0.901837414996222	0.912984577092315	0.913990844037513	0.12	0.36	0.729887600672626	0.851075268817204	0.785991866244916
wdLC_k1_0.12_k2_0.36	160	0.896009609750381	0.893709715223251	0.906694597445212	0.913866752607524	0.12	0.36	0.729887600672626	0.851075268817204	0.785991866244916
wdLC_k1_0.12_k2_0.36	170	0.89105586800276	0.888085685847058	0.900792007865121	0.894038263078511	0.12	0.36	0.729887600672626	0.851075268817204	0.785991866244916
wdLC_k1_0.12_k2_0.36	180	0.88457668446557	0.875907692624258	0.894437071103018	0.890235295328045	0.12	0.36	0.729887600672626	0.851075268817204	0.785991866244916
wdLC_k1_0.12_k2_0.36	190	0.882888722679299	0.874835430635927	0.893370424315588	0.883711022757592	0.12	0.36	0.729887600672626	0.851075268817204	0.785991866244916
wdLC_k1_0.12_k2_0.36	200	0.871800795019876	0.864278106952674	0.881591539788495	0.887188179704493	0.12	0.36	0.729887600672626	0.851075268817204	0.785991866244916
wdLC_k1_0.12_k2_0.36	210	0.862461409879719	0.851961657698749	0.876854998331676	0.882695104845267	0.12	0.36	0.729887600672626	0.851075268817204	0.785991866244916
wdLC_k1_0.12_k2_0.36	220	0.858460636865149	0.846169624090656	0.870093484275596	0.887577692251343	0.12	0.36	0.729887600672626	0.851075268817204	0.785991866244916
wdLC_k1_0.12_k2_0.36	230	0.857459950340148	0.842383475647193	0.866813953086974	0.89379399791399	0.12	0.36	0.729887600672626	0.851075268817204	0.785991866244916
wdLC_k1_0.12_k2_0.36	240	0.838144759457629	0.820036806194552	0.848890605739683	0.898977412802305	0.12	0.36	0.729887600672626	0.851075268817204	0.785991866244916
wdLC_k1_0.12_k2_0.36	250	0.820956367301877	0.803338165410647	0.832218499495992	0.898977412802305	0.12	0.36	0.729887600672626	0.851075268817204	0.785991866244916
wdLC_k1_0.12_k2_0.36	260	0.812400957228543	0.79206770241253	0.826086184706874	0.898977412802305	0.12	0.36	0.729887600672626	0.851075268817204	0.785991866244916
wdLC_k1_0.12_k2_0.36	270	0.799005930579752	0.778482558059781	0.814779352254489	0.898977412802305	0.12	0.36	0.729887600672626	0.851075268817204	0.785991866244916
wdLC_k1_0.12_k2_0.36	280	0.795636606152046	0.773353887531364	0.811322301851518	0.898977412802305	0.12	0.36	0.729887600672626	0.851075268817204	0.785991866244916
wdLC_k1_0.12_k2_0.36	290	0.791833024378903	0.765374552405601	0.807766954463766	0.898977412802305	0.12	0.36	0.729887600672626	0.851075268817204	0.785991866244916
wdLC_k1_0.12_k2_0.36	300	0.788649651662796	0.760261336237069	0.806102734474828	0.898977412802305	0.12	0.36	0.729887600672626	0.851075268817204	0.785991866244916
wdLC_k1_0.12_k2_0.373	10	0.745454545454545	0.6	0.212121212121212	0.660606060606061	0.12	0.373	0.722276307637844	0.842652329749104	0.777406235878897
wdLC_k1_0.12_k2_0.373	20	0.815037593984962	0.822556390977444	0.666165413533835	0.753383458646617	0.12	0.373	0.722276307637844	0.842652329749104	0.777406235878897
wdLC_k1_0.12_k2_0.373	30	0.903003337041157	0.889210233592881	0.822914349276974	0.822914349276974	0.12	0.373	0.722276307637844	0.842652329749104	0.777406235878897
wdLC_k1_0.12_k2_0.373	40	0.893808630393997	0.886866791744841	0.860600375234522	0.845778611632271	0.12	0.373	0.722276307637844	0.842652329749104	0.777406235878897
wdLC_k1_0.12_k2_0.373	50	0.874573829531813	0.840192076830732	0.879567827130852	0.812244897959184	0.12	0.373	0.722276307637844	0.842652329749104	0.777406235878897
wdLC_k1_0.12_k2_0.373	60	0.862406223951098	0.839399833287024	0.883023061961656	0.834843011947763	0.12	0.373	0.722276307637844	0.842652329749104	0.777406235878897
wdLC_k1_0.12_k2_0.373	70	0.877840958796256	0.874236724696002	0.899606333654099	0.870632490595748	0.12	0.373	0.722276307637844	0.842652329749104	0.777406235878897
wdLC_k1_0.12_k2_0.373	80	0.861017346460385	0.87065166432255	0.898406000937646	0.888748241912799	0.12	0.373	0.722276307637844	0.842652329749104	0.777406235878897
wdLC_k1_0.12_k2_0.373	90	0.874239618059843	0.885664896900852	0.90509116351813	0.889434909659629	0.12	0.373	0.722276307637844	0.842652329749104	0.777406235878897
wdLC_k1_0.12_k2_0.373	100	0.888880888088809	0.90007800780078	0.911863186318632	0.899009900990099	0.12	0.373	0.722276307637844	0.842652329749104	0.777406235878897
wdLC_k1_0.12_k2_0.373	110	0.895660798413092	0.906588824020017	0.916705362576922	0.912224150756261	0.12	0.373	0.722276307637844	0.842652329749104	0.777406235878897
wdLC_k1_0.12_k2_0.373	120	0.899951385512883	0.906597680394472	0.916167789429821	0.920209736787277	0.12	0.373	0.722276307637844	0.842652329749104	0.777406235878897
wdLC_k1_0.12_k2_0.373	130	0.900602220431796	0.905004847806197	0.916459326223217	0.921206079558645	0.12	0.373	0.722276307637844	0.842652329749104	0.777406235878897
wdLC_k1_0.12_k2_0.373	140	0.905359602895192	0.909872952701669	0.920163565196475	0.918624128053181	0.12	0.373	0.722276307637844	0.842652329749104	0.777406235878897
wdLC_k1_0.12_k2_0.373	150	0.902018756389173	0.901314725098893	0.914108182585893	0.916785634917107	0.12	0.373	0.722276307637844	0.842652329749104	0.777406235878897
wdLC_k1_0.12_k2_0.373	160	0.899748037032697	0.896935427165124	0.910925231454354	0.908505215047463	0.12	0.373	0.722276307637844	0.842652329749104	0.777406235878897
wdLC_k1_0.12_k2_0.373	170	0.895078803866611	0.890948394306337	0.906124168758129	0.89963178046055	0.12	0.373	0.722276307637844	0.842652329749104	0.777406235878897
wdLC_k1_0.12_k2_0.373	180	0.890029527660319	0.881068345730835	0.900422852557178	0.88920851466609	0.12	0.373	0.722276307637844	0.842652329749104	0.777406235878897
wdLC_k1_0.12_k2_0.373	190	0.882397092206957	0.874123353759617	0.892744076596378	0.883483578055086	0.12	0.373	0.722276307637844	0.842652329749104	0.777406235878897
wdLC_k1_0.12_k2_0.373	200	0.875154878871972	0.867875196879922	0.886361659041476	0.887957698942474	0.12	0.373	0.722276307637844	0.842652329749104	0.777406235878897
wdLC_k1_0.12_k2_0.373	210	0.869431441594076	0.861461063257023	0.880982076043189	0.883515337244447	0.12	0.373	0.722276307637844	0.842652329749104	0.777406235878897
wdLC_k1_0.12_k2_0.373	220	0.860600801293791	0.847976197855328	0.872682192907817	0.889339186196559	0.12	0.373	0.722276307637844	0.842652329749104	0.777406235878897
wdLC_k1_0.12_k2_0.373	230	0.85357296965423	0.837360285433192	0.863652884043999	0.894166816665393	0.12	0.373	0.722276307637844	0.842652329749104	0.777406235878897
wdLC_k1_0.12_k2_0.373	240	0.838565773711349	0.820719109706766	0.848147537283633	0.899339398253442	0.12	0.373	0.722276307637844	0.842652329749104	0.777406235878897
wdLC_k1_0.12_k2_0.373	250	0.825436950991216	0.807631354101666	0.836739787836605	0.899339398253442	0.12	0.373	0.722276307637844	0.842652329749104	0.777406235878897
wdLC_k1_0.12_k2_0.373	260	0.819537840227495	0.798956061025027	0.829598298563816	0.899339398253442	0.12	0.373	0.722276307637844	0.842652329749104	0.777406235878897
wdLC_k1_0.12_k2_0.373	270	0.796244118575015	0.77777229073406	0.812870470712142	0.899339398253442	0.12	0.373	0.722276307637844	0.842652329749104	0.777406235878897
wdLC_k1_0.12_k2_0.373	280	0.796433627979949	0.774756602216136	0.813799192045088	0.899339398253442	0.12	0.373	0.722276307637844	0.842652329749104	0.777406235878897
wdLC_k1_0.12_k2_0.373	290	0.789761082074452	0.765760796696504	0.80467847622937	0.899339398253442	0.12	0.373	0.722276307637844	0.842652329749104	0.777406235878897
wdLC_k1_0.12_k2_0.373	300	0.789080323114701	0.763334259269548	0.806293403260036	0.899339398253442	0.12	0.373	0.722276307637844	0.842652329749104	0.777406235878897
wdLC_k1_0.12_k2_0.387	10	0.721212121212121	0.406060606060606	-0.00606060606060606	0.648484848484848	0.12	0.387	0.712894946455439	0.833512544802867	0.768730230456394
wdLC_k1_0.12_k2_0.387	20	0.828571428571429	0.807518796992481	0.637593984962406	0.75187969924812	0.12	0.387	0.712894946455439	0.833512544802867	0.768730230456394
wdLC_k1_0.12_k2_0.387	30	0.902558398220245	0.891879866518354	0.813125695216908	0.814905450500556	0.12	0.387	0.712894946455439	0.833512544802867	0.768730230456394
wdLC_k1_0.12_k2_0.387	40	0.910506566604128	0.90281425891182	0.866791744840526	0.810694183864916	0.12	0.387	0.712894946455439	0.833512544802867	0.768730230456394
wdLC_k1_0.12_k2_0.387	50	0.876206482593037	0.843265306122449	0.877743097238896	0.809555822328932	0.12	0.387	0.712894946455439	0.833512544802867	0.768730230456394
wdLC_k1_0.12_k2_0.387	60	0.876298971936649	0.858571825507086	0.896693525979439	0.833620450125035	0.12	0.387	0.712894946455439	0.833512544802867	0.768730230456394
wdLC_k1_0.12_k2_0.387	70	0.877561018283615	0.874446680080483	0.897926690578252	0.874201732131922	0.12	0.387	0.712894946455439	0.833512544802867	0.768730230456394
wdLC_k1_0.12_k2_0.387	80	0.872948898265354	0.877988748241913	0.906844819503047	0.887623066104079	0.12	0.387	0.712894946455439	0.833512544802867	0.768730230456394
wdLC_k1_0.12_k2_0.387	90	0.873910359303618	0.885039305264024	0.903675350866362	0.888759929209368	0.12	0.387	0.712894946455439	0.833512544802867	0.768730230456394
wdLC_k1_0.12_k2_0.387	100	0.888424842484248	0.89958595859586	0.910879087908791	0.898517851785179	0.12	0.387	0.712894946455439	0.833512544802867	0.768730230456394
wdLC_k1_0.12_k2_0.387	110	0.89575998016365	0.906688005770575	0.916380767756914	0.912702026463494	0.12	0.387	0.712894946455439	0.833512544802867	0.768730230456394
wdLC_k1_0.12_k2_0.387	120	0.896374748246406	0.902389054795472	0.912931453573165	0.923362733523161	0.12	0.387	0.712894946455439	0.833512544802867	0.768730230456394
wdLC_k1_0.12_k2_0.387	130	0.902268227068511	0.906709090660804	0.918294664682025	0.921916180748064	0.12	0.387	0.712894946455439	0.833512544802867	0.768730230456394
wdLC_k1_0.12_k2_0.387	140	0.897176969670464	0.900618836238001	0.911631059893726	0.922376506089961	0.12	0.387	0.712894946455439	0.833512544802867	0.768730230456394
wdLC_k1_0.12_k2_0.387	150	0.904244633094804	0.903373483265923	0.916024712209432	0.916398062136095	0.12	0.387	0.712894946455439	0.833512544802867	0.768730230456394
wdLC_k1_0.12_k2_0.387	160	0.896885620532052	0.896006679948435	0.909513066916676	0.910019922653228	0.12	0.387	0.712894946455439	0.833512544802867	0.768730230456394
wdLC_k1_0.12_k2_0.387	170	0.893984526230299	0.891749561861493	0.905137364818241	0.902917055953493	0.12	0.387	0.712894946455439	0.833512544802867	0.768730230456394
wdLC_k1_0.12_k2_0.387	180	0.887084992335154	0.881825570748068	0.897513297735527	0.890134469170859	0.12	0.387	0.712894946455439	0.833512544802867	0.768730230456394
wdLC_k1_0.12_k2_0.387	190	0.890828292371417	0.87999142708429	0.900599666706032	0.886429861739865	0.12	0.387	0.712894946455439	0.833512544802867	0.768730230456394
wdLC_k1_0.12_k2_0.387	200	0.879779494487362	0.870572264306608	0.890548263706593	0.887543688592215	0.12	0.387	0.712894946455439	0.833512544802867	0.768730230456394
wdLC_k1_0.12_k2_0.387	210	0.868726534129378	0.861037341306735	0.880130744785272	0.883192686585054	0.12	0.387	0.712894946455439	0.833512544802867	0.768730230456394
wdLC_k1_0.12_k2_0.387	220	0.864638826121501	0.85123772279292	0.875530110501907	0.888807244326987	0.12	0.387	0.712894946455439	0.833512544802867	0.768730230456394
wdLC_k1_0.12_k2_0.387	230	0.855922319563861	0.839370350553187	0.864918297954182	0.894972618040778	0.12	0.387	0.712894946455439	0.833512544802867	0.768730230456394
wdLC_k1_0.12_k2_0.387	240	0.843689994617962	0.826523029913714	0.8532570009896	0.898614559280543	0.12	0.387	0.712894946455439	0.833512544802867	0.768730230456394
wdLC_k1_0.12_k2_0.387	250	0.827232563721019	0.811403830461287	0.840408582537321	0.898614559280543	0.12	0.387	0.712894946455439	0.833512544802867	0.768730230456394
wdLC_k1_0.12_k2_0.387	260	0.820751786269028	0.800925138856173	0.830376644169748	0.898614559280543	0.12	0.387	0.712894946455439	0.833512544802867	0.768730230456394
wdLC_k1_0.12_k2_0.387	270	0.796733684808967	0.778544134883728	0.814223331824396	0.898614559280543	0.12	0.387	0.712894946455439	0.833512544802867	0.768730230456394
wdLC_k1_0.12_k2_0.387	280	0.802476343539367	0.777627630090034	0.818160945930433	0.898614559280543	0.12	0.387	0.712894946455439	0.833512544802867	0.768730230456394
wdLC_k1_0.12_k2_0.387	290	0.792128242945199	0.766933306435642	0.808452353568516	0.898614559280543	0.12	0.387	0.712894946455439	0.833512544802867	0.768730230456394
wdLC_k1_0.12_k2_0.387	300	0.7921630240336	0.767300525561395	0.812760586228736	0.898614559280543	0.12	0.387	0.712894946455439	0.833512544802867	0.768730230456394
wdLC_k1_0.12_k2_0.4	10	0.757575757575757	0.478787878787879	0.0545454545454545	0.624242424242424	0.12	0.4	0.705726170457563	0.826702508960574	0.761138725711704
wdLC_k1_0.12_k2_0.4	20	0.833082706766917	0.818045112781955	0.651127819548872	0.748872180451128	0.12	0.4	0.705726170457563	0.826702508960574	0.761138725711704
wdLC_k1_0.12_k2_0.4	30	0.885650723025584	0.892769744160178	0.785539488320356	0.806451612903226	0.12	0.4	0.705726170457563	0.826702508960574	0.761138725711704
wdLC_k1_0.12_k2_0.4	40	0.921575984990619	0.91500938086304	0.881425891181989	0.793058161350845	0.12	0.4	0.705726170457563	0.826702508960574	0.761138725711704
wdLC_k1_0.12_k2_0.4	50	0.891860744297719	0.862280912364946	0.896374549819928	0.820216086434574	0.12	0.4	0.705726170457563	0.826702508960574	0.761138725711704
wdLC_k1_0.12_k2_0.4	60	0.89041400388997	0.873631564323423	0.911642122811892	0.841233676021117	0.12	0.4	0.705726170457563	0.826702508960574	0.761138725711704
wdLC_k1_0.12_k2_0.4	70	0.888793631353338	0.88679905520077	0.910209080570379	0.87885574315458	0.12	0.4	0.705726170457563	0.826702508960574	0.761138725711704
wdLC_k1_0.12_k2_0.4	80	0.870112517580872	0.880778246601031	0.906422878574777	0.889920300046882	0.12	0.4	0.705726170457563	0.826702508960574	0.761138725711704
wdLC_k1_0.12_k2_0.4	90	0.880314442112195	0.892776886035313	0.909898341359016	0.889533687286496	0.12	0.4	0.705726170457563	0.826702508960574	0.761138725711704
wdLC_k1_0.12_k2_0.4	100	0.895205520552055	0.906390639063906	0.917683768376838	0.899141914191419	0.12	0.4	0.705726170457563	0.826702508960574	0.761138725711704
wdLC_k1_0.12_k2_0.4	110	0.900565786804319	0.910565110565111	0.920735748258684	0.912377431643487	0.12	0.4	0.705726170457563	0.826702508960574	0.761138725711704
wdLC_k1_0.12_k2_0.4	120	0.901305646225432	0.907167164386416	0.918244322522397	0.923501632057782	0.12	0.4	0.705726170457563	0.826702508960574	0.761138725711704
wdLC_k1_0.12_k2_0.4	130	0.905873356184025	0.910259596607901	0.922036351718581	0.923074191918502	0.12	0.4	0.705726170457563	0.826702508960574	0.761138725711704
wdLC_k1_0.12_k2_0.4	140	0.899429271172728	0.903225383219261	0.913603463733572	0.922437733703615	0.12	0.4	0.705726170457563	0.826702508960574	0.761138725711704
wdLC_k1_0.12_k2_0.4	150	0.907643895284235	0.907466109604871	0.919039957331437	0.918094137517223	0.12	0.4	0.705726170457563	0.826702508960574	0.761138725711704
wdLC_k1_0.12_k2_0.4	160	0.899812492675495	0.899496074065393	0.912117660846127	0.909557013945857	0.12	0.4	0.705726170457563	0.826702508960574	0.761138725711704
wdLC_k1_0.12_k2_0.4	170	0.895777382893363	0.893466698420259	0.905308345698915	0.900686976752707	0.12	0.4	0.705726170457563	0.826702508960574	0.761138725711704
wdLC_k1_0.12_k2_0.4	180	0.890218833914627	0.884292725084108	0.899412533308641	0.889508935460971	0.12	0.4	0.705726170457563	0.826702508960574	0.761138725711704
wdLC_k1_0.12_k2_0.4	190	0.887789281231001	0.880271359025837	0.899618155335984	0.886046704894873	0.12	0.4	0.705726170457563	0.826702508960574	0.761138725711704
wdLC_k1_0.12_k2_0.4	200	0.881828545713643	0.873021825545639	0.891881797044926	0.882748068701718	0.12	0.4	0.705726170457563	0.826702508960574	0.761138725711704
wdLC_k1_0.12_k2_0.4	210	0.873620717023062	0.866852827890493	0.88415545542011	0.88396886226769	0.12	0.4	0.705726170457563	0.826702508960574	0.761138725711704
wdLC_k1_0.12_k2_0.4	220	0.86880532843466	0.854897077137206	0.879808185368218	0.887354547145039	0.12	0.4	0.705726170457563	0.826702508960574	0.761138725711704
wdLC_k1_0.12_k2_0.4	230	0.85826772430152	0.843203085124483	0.866816911965953	0.893853175493578	0.12	0.4	0.705726170457563	0.826702508960574	0.761138725711704
wdLC_k1_0.12_k2_0.4	240	0.846916613135645	0.830195836733276	0.857617319745134	0.898538169065435	0.12	0.4	0.705726170457563	0.826702508960574	0.761138725711704
wdLC_k1_0.12_k2_0.4	250	0.829939807036913	0.815743099889598	0.844313157010512	0.898538169065435	0.12	0.4	0.705726170457563	0.826702508960574	0.761138725711704
wdLC_k1_0.12_k2_0.4	260	0.816653182170423	0.797950356571046	0.829000201413994	0.898538169065435	0.12	0.4	0.705726170457563	0.826702508960574	0.761138725711704
wdLC_k1_0.12_k2_0.4	270	0.797672578956273	0.781253515137382	0.815255505714908	0.898538169065435	0.12	0.4	0.705726170457563	0.826702508960574	0.761138725711704
wdLC_k1_0.12_k2_0.4	280	0.801234891844466	0.776935019214895	0.817222340663966	0.898538169065435	0.12	0.4	0.705726170457563	0.826702508960574	0.761138725711704
wdLC_k1_0.12_k2_0.4	290	0.793699297748835	0.770793781220901	0.811028135559445	0.898538169065435	0.12	0.4	0.705726170457563	0.826702508960574	0.761138725711704
wdLC_k1_0.12_k2_0.4	300	0.788669207435638	0.764544939388216	0.806910743452705	0.898538169065435	0.12	0.4	0.705726170457563	0.826702508960574	0.761138725711704
wdLC_k1_0.12_k2_0.413	10	0.781818181818182	0.745454545454545	0.345454545454545	0.733333333333333	0.12	0.413	0.697141339941588	0.816308243727599	0.751287844554903
wdLC_k1_0.12_k2_0.413	20	0.834586466165414	0.854135338345865	0.699248120300752	0.748872180451128	0.12	0.413	0.697141339941588	0.816308243727599	0.751287844554903
wdLC_k1_0.12_k2_0.413	30	0.889655172413793	0.902113459399333	0.802892102335929	0.805116796440489	0.12	0.413	0.697141339941588	0.816308243727599	0.751287844554903
wdLC_k1_0.12_k2_0.413	40	0.930206378986867	0.926454033771107	0.894934333958724	0.786303939962477	0.12	0.413	0.697141339941588	0.816308243727599	0.751287844554903
wdLC_k1_0.12_k2_0.413	50	0.900408163265306	0.873613445378151	0.906362545018007	0.814549819927971	0.12	0.413	0.697141339941588	0.816308243727599	0.751287844554903
wdLC_k1_0.12_k2_0.413	60	0.895637677132537	0.881411503195332	0.918421783828841	0.837010280633509	0.12	0.413	0.697141339941588	0.816308243727599	0.751287844554903
wdLC_k1_0.12_k2_0.413	70	0.89215291750503	0.891593036479748	0.914583151080395	0.87101740880063	0.12	0.413	0.697141339941588	0.816308243727599	0.751287844554903
wdLC_k1_0.12_k2_0.413	80	0.858110642287858	0.88089545241444	0.900539146741678	0.887716830754805	0.12	0.413	0.697141339941588	0.816308243727599	0.751287844554903
wdLC_k1_0.12_k2_0.413	90	0.885302712269004	0.897534675062765	0.915051240893938	0.887706301189447	0.12	0.413	0.697141339941588	0.816308243727599	0.751287844554903
wdLC_k1_0.12_k2_0.413	100	0.897461746174617	0.908850885088509	0.92032403240324	0.895865586558656	0.12	0.413	0.697141339941588	0.816308243727599	0.751287844554903
wdLC_k1_0.12_k2_0.413	110	0.902089579153799	0.912377431643487	0.923765299912089	0.910907738430674	0.12	0.413	0.697141339941588	0.816308243727599	0.751287844554903
wdLC_k1_0.12_k2_0.413	120	0.901611223001597	0.907660254184318	0.91948746440725	0.922779359677755	0.12	0.413	0.697141339941588	0.816308243727599	0.751287844554903
wdLC_k1_0.12_k2_0.413	130	0.902557729861121	0.908052820603859	0.918971991970394	0.917688347512597	0.12	0.413	0.697141339941588	0.816308243727599	0.751287844554903
wdLC_k1_0.12_k2_0.413	140	0.903553388292406	0.905845050403446	0.917215892939144	0.921501825894907	0.12	0.413	0.697141339941588	0.816308243727599	0.751287844554903
wdLC_k1_0.12_k2_0.413	150	0.906648295479799	0.906662518334148	0.918414151740078	0.916273612160541	0.12	0.413	0.697141339941588	0.816308243727599	0.751287844554903
wdLC_k1_0.12_k2_0.413	160	0.903650533223954	0.903020625805695	0.91553966951834	0.909606820578929	0.12	0.413	0.697141339941588	0.816308243727599	0.751287844554903
wdLC_k1_0.12_k2_0.413	170	0.893193129011181	0.890305994711806	0.902103675478289	0.901331818931247	0.12	0.413	0.697141339941588	0.816308243727599	0.751287844554903
wdLC_k1_0.12_k2_0.413	180	0.888918382254597	0.883591057337161	0.900186219739292	0.889251725876313	0.12	0.413	0.697141339941588	0.816308243727599	0.751287844554903
wdLC_k1_0.12_k2_0.413	190	0.886473601105731	0.879004666990338	0.898885083564059	0.888198681695513	0.12	0.413	0.697141339941588	0.816308243727599	0.751287844554903
wdLC_k1_0.12_k2_0.413	200	0.880082502062552	0.870852771319283	0.890773269331733	0.885826145653642	0.12	0.413	0.697141339941588	0.816308243727599	0.751287844554903
wdLC_k1_0.12_k2_0.413	210	0.866188089784997	0.859308763075288	0.878108023181608	0.885966963941521	0.12	0.413	0.697141339941588	0.816308243727599	0.751287844554903
wdLC_k1_0.12_k2_0.413	220	0.866551337461894	0.855644275144678	0.878048945413974	0.892092436169793	0.12	0.413	0.697141339941588	0.816308243727599	0.751287844554903
wdLC_k1_0.12_k2_0.413	230	0.852008708967129	0.838308112999588	0.865641250718145	0.896788383441127	0.12	0.413	0.697141339941588	0.816308243727599	0.751287844554903
wdLC_k1_0.12_k2_0.413	240	0.848789041476414	0.832977135019705	0.863666035868678	0.899597215229431	0.12	0.413	0.697141339941588	0.816308243727599	0.751287844554903
wdLC_k1_0.12_k2_0.413	250	0.830258532136514	0.815782268516296	0.84455661690587	0.899597215229431	0.12	0.413	0.697141339941588	0.816308243727599	0.751287844554903
wdLC_k1_0.12_k2_0.413	260	0.821051517603242	0.80273786480683	0.836380829484278	0.899597215229431	0.12	0.413	0.697141339941588	0.816308243727599	0.751287844554903
wdLC_k1_0.12_k2_0.413	270	0.800627656834189	0.779843344901851	0.815946263551855	0.899597215229431	0.12	0.413	0.697141339941588	0.816308243727599	0.751287844554903
wdLC_k1_0.12_k2_0.413	280	0.797923807337193	0.775280843596766	0.815193160262613	0.899597215229431	0.12	0.413	0.697141339941588	0.816308243727599	0.751287844554903
wdLC_k1_0.12_k2_0.413	290	0.797048552383459	0.77243716457328	0.813437119060418	0.899597215229431	0.12	0.413	0.697141339941588	0.816308243727599	0.751287844554903
wdLC_k1_0.12_k2_0.413	300	0.785548283869821	0.762740919343548	0.805013389037656	0.899597215229431	0.12	0.413	0.697141339941588	0.816308243727599	0.751287844554903
wdLC_k1_0.12_k2_0.427	10	0.660606060606061	0.721212121212121	0.442424242424242	0.83030303030303	0.12	0.427	0.687317461722276	0.808602150537634	0.740081337550836
wdLC_k1_0.12_k2_0.427	20	0.8	0.83609022556391	0.708270676691729	0.759398496240602	0.12	0.427	0.687317461722276	0.808602150537634	0.740081337550836
wdLC_k1_0.12_k2_0.427	30	0.871412680756396	0.894994438264739	0.799332591768632	0.810456062291435	0.12	0.427	0.687317461722276	0.808602150537634	0.740081337550836
wdLC_k1_0.12_k2_0.427	40	0.909756097560976	0.91313320825516	0.890243902439025	0.799249530956848	0.12	0.427	0.687317461722276	0.808602150537634	0.740081337550836
wdLC_k1_0.12_k2_0.427	50	0.894165666266507	0.873613445378151	0.90405762304922	0.834621848739496	0.12	0.427	0.687317461722276	0.808602150537634	0.740081337550836
wdLC_k1_0.12_k2_0.427	60	0.883300916921367	0.874742984162267	0.912697971658794	0.846012781328147	0.12	0.427	0.687317461722276	0.808602150537634	0.740081337550836
wdLC_k1_0.12_k2_0.427	70	0.87637127110489	0.880395415974105	0.90527512903508	0.880255445717785	0.12	0.427	0.687317461722276	0.808602150537634	0.740081337550836
wdLC_k1_0.12_k2_0.427	80	0.885747773089545	0.892498827941866	0.921659634317862	0.878574777308955	0.12	0.427	0.687317461722276	0.808602150537634	0.740081337550836
wdLC_k1_0.12_k2_0.427	90	0.881499773634605	0.891542165699469	0.912729966662551	0.901782113018068	0.12	0.427	0.687317461722276	0.808602150537634	0.740081337550836
wdLC_k1_0.12_k2_0.427	100	0.883540354035404	0.899261926192619	0.911923192319232	0.909282928292829	0.12	0.427	0.687317461722276	0.808602150537634	0.740081337550836
wdLC_k1_0.12_k2_0.427	110	0.883136848274463	0.899384622320402	0.908076550278385	0.920275905597006	0.12	0.427	0.687317461722276	0.808602150537634	0.740081337550836
wdLC_k1_0.12_k2_0.427	120	0.895645530939648	0.908083894714911	0.915758038752691	0.932210570178484	0.12	0.427	0.687317461722276	0.808602150537634	0.740081337550836
wdLC_k1_0.12_k2_0.427	130	0.901858553305384	0.9100629532016	0.919174097693537	0.936669898537465	0.12	0.427	0.687317461722276	0.808602150537634	0.740081337550836
wdLC_k1_0.12_k2_0.427	140	0.904629244932322	0.910760753099648	0.919043974546806	0.922254050862654	0.12	0.427	0.687317461722276	0.808602150537634	0.740081337550836
wdLC_k1_0.12_k2_0.427	150	0.905784257078093	0.909883994844215	0.917884350415574	0.922688119471977	0.12	0.427	0.687317461722276	0.808602150537634	0.740081337550836
wdLC_k1_0.12_k2_0.427	160	0.906615492792687	0.907371381694597	0.91832884097035	0.918771241064104	0.12	0.427	0.687317461722276	0.808602150537634	0.740081337550836
wdLC_k1_0.12_k2_0.427	170	0.892902461514036	0.89008616215094	0.904448556127528	0.907211118642412	0.12	0.427	0.687317461722276	0.808602150537634	0.740081337550836
wdLC_k1_0.12_k2_0.427	180	0.887945101186251	0.883016965544204	0.90070681193864	0.897663508132967	0.12	0.427	0.687317461722276	0.808602150537634	0.740081337550836
wdLC_k1_0.12_k2_0.427	190	0.873554742003351	0.867873873164587	0.888730552384452	0.89751341705048	0.12	0.427	0.687317461722276	0.808602150537634	0.740081337550836
wdLC_k1_0.12_k2_0.427	200	0.874136353408835	0.865140628515713	0.887479186979675	0.894227855696393	0.12	0.427	0.687317461722276	0.808602150537634	0.740081337550836
wdLC_k1_0.12_k2_0.427	210	0.860522914351799	0.850291389827434	0.87598682185861	0.898920934391127	0.12	0.427	0.687317461722276	0.808602150537634	0.740081337550836
wdLC_k1_0.12_k2_0.427	220	0.848322185469647	0.84091782512411	0.865528025560258	0.896480956593769	0.12	0.427	0.687317461722276	0.808602150537634	0.740081337550836
wdLC_k1_0.12_k2_0.427	230	0.843530534398201	0.833776096696165	0.85978760180393	0.895566366422641	0.12	0.427	0.687317461722276	0.808602150537634	0.740081337550836
wdLC_k1_0.12_k2_0.427	240	0.828646330665463	0.81845691765482	0.844558065244188	0.905093838434695	0.12	0.427	0.687317461722276	0.808602150537634	0.740081337550836
wdLC_k1_0.12_k2_0.427	250	0.82239869437911	0.806927086833389	0.839431670906734	0.905093838434695	0.12	0.427	0.687317461722276	0.808602150537634	0.740081337550836
wdLC_k1_0.12_k2_0.427	260	0.813801296559917	0.790175093623369	0.829729388350078	0.905093838434695	0.12	0.427	0.687317461722276	0.808602150537634	0.740081337550836
wdLC_k1_0.12_k2_0.427	270	0.80800529194883	0.779054429949504	0.823404375307694	0.905093838434695	0.12	0.427	0.687317461722276	0.808602150537634	0.740081337550836
wdLC_k1_0.12_k2_0.427	280	0.814930766245196	0.784038243928038	0.82944607529615	0.905093838434695	0.12	0.427	0.687317461722276	0.808602150537634	0.740081337550836
wdLC_k1_0.12_k2_0.427	290	0.802454496363276	0.770312574957839	0.819625392240918	0.905093838434695	0.12	0.427	0.687317461722276	0.808602150537634	0.740081337550836
wdLC_k1_0.12_k2_0.427	300	0.798370204113379	0.769101434460383	0.815787286525406	0.905093838434695	0.12	0.427	0.687317461722276	0.808602150537634	0.740081337550836
wdLC_k1_0.12_k2_0.44	10	0.684848484848485	0.636363636363636	0.321212121212121	0.806060606060606	0.12	0.44	0.67864412779892	0.79820788530466	0.730772706732942
wdLC_k1_0.12_k2_0.44	20	0.789473684210526	0.809022556390977	0.678195488721805	0.759398496240602	0.12	0.44	0.67864412779892	0.79820788530466	0.730772706732942
wdLC_k1_0.12_k2_0.44	30	0.871857619577308	0.880311457174638	0.790433815350389	0.817130144605117	0.12	0.44	0.67864412779892	0.79820788530466	0.730772706732942
wdLC_k1_0.12_k2_0.44	40	0.912945590994372	0.91313320825516	0.882551594746717	0.843527204502814	0.12	0.44	0.67864412779892	0.79820788530466	0.730772706732942
wdLC_k1_0.12_k2_0.44	50	0.887058823529412	0.85469387755102	0.896950780312125	0.811188475390156	0.12	0.44	0.67864412779892	0.79820788530466	0.730772706732942
wdLC_k1_0.12_k2_0.44	60	0.886357321478189	0.867018616282301	0.912197832731314	0.833842734092804	0.12	0.44	0.67864412779892	0.79820788530466	0.730772706732942
wdLC_k1_0.12_k2_0.44	70	0.884804479048202	0.881095267255708	0.910139095442218	0.86835797393054	0.12	0.44	0.67864412779892	0.79820788530466	0.730772706732942
wdLC_k1_0.12_k2_0.44	80	0.866479137365213	0.875785278949836	0.906540084388186	0.886755743084857	0.12	0.44	0.67864412779892	0.79820788530466	0.730772706732942
wdLC_k1_0.12_k2_0.44	90	0.878964481211672	0.889862946042721	0.911709264518253	0.887014857801375	0.12	0.44	0.67864412779892	0.79820788530466	0.730772706732942
wdLC_k1_0.12_k2_0.44	100	0.892529252925293	0.903378337833783	0.916687668766877	0.897557755775578	0.12	0.44	0.67864412779892	0.79820788530466	0.730772706732942
wdLC_k1_0.12_k2_0.44	110	0.900791199873769	0.91137659761513	0.922304623222054	0.911088068886234	0.12	0.44	0.67864412779892	0.79820788530466	0.730772706732942
wdLC_k1_0.12_k2_0.44	120	0.902041808458921	0.908521425098965	0.919522189040906	0.921244530870199	0.12	0.44	0.67864412779892	0.79820788530466	0.730772706732942
wdLC_k1_0.12_k2_0.44	130	0.910144887954226	0.914378183506534	0.925799888022505	0.923183438255336	0.12	0.44	0.67864412779892	0.79820788530466	0.730772706732942
wdLC_k1_0.12_k2_0.44	140	0.909116354332947	0.912667555924865	0.923653539174739	0.918164920950777	0.12	0.44	0.67864412779892	0.79820788530466	0.730772706732942
wdLC_k1_0.12_k2_0.44	150	0.903928174585537	0.903881950308903	0.916874527756789	0.918069247522112	0.12	0.44	0.67864412779892	0.79820788530466	0.730772706732942
wdLC_k1_0.12_k2_0.44	160	0.905642798546818	0.902689558185866	0.917988983944685	0.905897691316067	0.12	0.44	0.67864412779892	0.79820788530466	0.730772706732942
wdLC_k1_0.12_k2_0.44	170	0.896617631792674	0.890916640714212	0.908351805374906	0.903627847900294	0.12	0.44	0.67864412779892	0.79820788530466	0.730772706732942
wdLC_k1_0.12_k2_0.44	180	0.883366770579339	0.878302828276593	0.896340422029487	0.890696214903752	0.12	0.44	0.67864412779892	0.79820788530466	0.730772706732942
wdLC_k1_0.12_k2_0.44	190	0.885150922681923	0.876088126074348	0.893799070101082	0.887122693295193	0.12	0.44	0.67864412779892	0.79820788530466	0.730772706732942
wdLC_k1_0.12_k2_0.44	200	0.875237380934524	0.867057676441911	0.885203630090752	0.884525613140329	0.12	0.44	0.67864412779892	0.79820788530466	0.730772706732942
wdLC_k1_0.12_k2_0.44	210	0.873811197532824	0.864267735258007	0.88195521116449	0.88385742469055	0.12	0.44	0.67864412779892	0.79820788530466	0.730772706732942
wdLC_k1_0.12_k2_0.44	220	0.873191594867663	0.858222840817523	0.88206330333647	0.888651718949866	0.12	0.44	0.67864412779892	0.79820788530466	0.730772706732942
wdLC_k1_0.12_k2_0.44	230	0.85216355696705	0.836604785000456	0.863414201139662	0.890236439087778	0.12	0.44	0.67864412779892	0.79820788530466	0.730772706732942
wdLC_k1_0.12_k2_0.44	240	0.847721314606156	0.831038733311342	0.861674681852115	0.900511293598847	0.12	0.44	0.67864412779892	0.79820788530466	0.730772706732942
wdLC_k1_0.12_k2_0.44	250	0.837486295780732	0.82069524312389	0.850588585417367	0.900511293598847	0.12	0.44	0.67864412779892	0.79820788530466	0.730772706732942
wdLC_k1_0.12_k2_0.44	260	0.828838387459077	0.808257973775215	0.840105964243895	0.900511293598847	0.12	0.44	0.67864412779892	0.79820788530466	0.730772706732942
wdLC_k1_0.12_k2_0.44	270	0.804467977765279	0.781584566775036	0.817822222831894	0.900511293598847	0.12	0.44	0.67864412779892	0.79820788530466	0.730772706732942
wdLC_k1_0.12_k2_0.44	280	0.804263902783017	0.778827536065511	0.819627072502747	0.900511293598847	0.12	0.44	0.67864412779892	0.79820788530466	0.730772706732942
wdLC_k1_0.12_k2_0.44	290	0.797797915510907	0.772638897260249	0.812416646882922	0.900511293598847	0.12	0.44	0.67864412779892	0.79820788530466	0.730772706732942
wdLC_k1_0.12_k2_0.44	300	0.786943410482339	0.76034000377782	0.805806286736519	0.900511293598847	0.12	0.44	0.67864412779892	0.79820788530466	0.730772706732942
wdLC_k1_0.12_k2_0.52	10	0.478787878787879	0.648484848484848	0.6	0.478787878787879	0.12	0.52	0.629082219665457	0.747849462365591	0.676005422503389
wdLC_k1_0.12_k2_0.52	20	0.77593984962406	0.82406015037594	0.705263157894737	0.736842105263158	0.12	0.52	0.629082219665457	0.747849462365591	0.676005422503389
wdLC_k1_0.12_k2_0.52	30	0.887430478309233	0.915461624026696	0.842046718576196	0.821134593993326	0.12	0.52	0.629082219665457	0.747849462365591	0.676005422503389
wdLC_k1_0.12_k2_0.52	40	0.890619136960601	0.907129455909944	0.875797373358349	0.834146341463415	0.12	0.52	0.629082219665457	0.747849462365591	0.676005422503389
wdLC_k1_0.12_k2_0.52	50	0.884753901560624	0.877262905162065	0.895126050420168	0.841536614645858	0.12	0.52	0.629082219665457	0.747849462365591	0.676005422503389
wdLC_k1_0.12_k2_0.52	60	0.894470686301751	0.888858016115588	0.914587385384829	0.834843011947763	0.12	0.52	0.629082219665457	0.747849462365591	0.676005422503389
wdLC_k1_0.12_k2_0.52	70	0.865418598547809	0.876021345464089	0.897891698014172	0.86303910419036	0.12	0.52	0.629082219665457	0.747849462365591	0.676005422503389
wdLC_k1_0.12_k2_0.52	80	0.899953117674637	0.903422409751524	0.924988279418659	0.884716361931552	0.12	0.52	0.629082219665457	0.747849462365591	0.676005422503389
wdLC_k1_0.12_k2_0.52	90	0.890554389430794	0.896612750545335	0.921175453759723	0.899773634605095	0.12	0.52	0.629082219665457	0.747849462365591	0.676005422503389
wdLC_k1_0.12_k2_0.52	100	0.892913291329133	0.901206120612061	0.918883888388839	0.916687668766877	0.12	0.52	0.629082219665457	0.747849462365591	0.676005422503389
wdLC_k1_0.12_k2_0.52	110	0.858377476726101	0.881072064558303	0.887600027049568	0.931663773865609	0.12	0.52	0.629082219665457	0.747849462365591	0.676005422503389
wdLC_k1_0.12_k2_0.52	120	0.876477533162025	0.892749496492812	0.898798527675533	0.933168970067365	0.12	0.52	0.629082219665457	0.747849462365591	0.676005422503389
wdLC_k1_0.12_k2_0.52	130	0.891261658632509	0.903262368733698	0.910106651736334	0.935850551011211	0.12	0.52	0.629082219665457	0.747849462365591	0.676005422503389
wdLC_k1_0.12_k2_0.52	140	0.898751394021561	0.905425203909821	0.914626839561785	0.940622334958781	0.12	0.52	0.629082219665457	0.747849462365591	0.676005422503389
wdLC_k1_0.12_k2_0.52	150	0.899679096848749	0.90392461887195	0.913976621183164	0.926538957286991	0.12	0.52	0.629082219665457	0.747849462365591	0.676005422503389
wdLC_k1_0.12_k2_0.52	160	0.902481542247744	0.904084143911872	0.914335520918786	0.919946091644205	0.12	0.52	0.629082219665457	0.747849462365591	0.676005422503389
wdLC_k1_0.12_k2_0.52	170	0.900840859545313	0.897286899811311	0.912164679013929	0.90469037194448	0.12	0.52	0.629082219665457	0.747849462365591	0.676005422503389
wdLC_k1_0.12_k2_0.52	180	0.89742070228505	0.892704507340762	0.908723520273259	0.895470024795004	0.12	0.52	0.629082219665457	0.747849462365591	0.676005422503389
wdLC_k1_0.12_k2_0.52	190	0.877277836825922	0.873572237749697	0.89173632160681	0.891550866695535	0.12	0.52	0.629082219665457	0.747849462365591	0.676005422503389
wdLC_k1_0.12_k2_0.52	200	0.874598364959124	0.865572639315983	0.887884197104928	0.889918247956199	0.12	0.52	0.629082219665457	0.747849462365591	0.676005422503389
wdLC_k1_0.12_k2_0.52	210	0.877257987709472	0.862907160188278	0.891524589154921	0.89167101294814	0.12	0.52	0.629082219665457	0.747849462365591	0.676005422503389
wdLC_k1_0.12_k2_0.52	220	0.844542242608318	0.832498041845342	0.861047091506399	0.888045395378192	0.12	0.52	0.629082219665457	0.747849462365591	0.676005422503389
wdLC_k1_0.12_k2_0.52	230	0.836089940058043	0.826041587044055	0.851638849094706	0.897238133045993	0.12	0.52	0.629082219665457	0.747849462365591	0.676005422503389
wdLC_k1_0.12_k2_0.52	240	0.824155801315995	0.813093109255369	0.84006059132971	0.904947134498863	0.12	0.52	0.629082219665457	0.747849462365591	0.676005422503389
wdLC_k1_0.12_k2_0.52	250	0.818370469927519	0.803236019776317	0.833935006960111	0.904947134498863	0.12	0.52	0.629082219665457	0.747849462365591	0.676005422503389
wdLC_k1_0.12_k2_0.52	260	0.814620607724056	0.799310413103517	0.827975379699518	0.904947134498863	0.12	0.52	0.629082219665457	0.747849462365591	0.676005422503389
wdLC_k1_0.12_k2_0.52	270	0.807872383556549	0.787343523992861	0.824082330042631	0.904947134498863	0.12	0.52	0.629082219665457	0.747849462365591	0.676005422503389
wdLC_k1_0.12_k2_0.52	280	0.808687975247498	0.783524388977265	0.823099966654094	0.904947134498863	0.12	0.52	0.629082219665457	0.747849462365591	0.676005422503389
wdLC_k1_0.12_k2_0.52	290	0.809964364658893	0.788331240151693	0.827327644635571	0.904947134498863	0.12	0.52	0.629082219665457	0.747849462365591	0.676005422503389
wdLC_k1_0.12_k2_0.52	300	0.793784819831332	0.769714774608607	0.809849887220969	0.904947134498863	0.12	0.52	0.629082219665457	0.747849462365591	0.676005422503389
wdLC_k1_0.12_k2_0.6	10	0.793939393939394	0.806060606060606	0.466666666666667	0.83030303030303	0.12	0.6	0.578989291087707	0.693906810035842	0.621238138273836
wdLC_k1_0.12_k2_0.6	20	0.759398496240602	0.8	0.578947368421053	0.780451127819549	0.12	0.6	0.578989291087707	0.693906810035842	0.621238138273836
wdLC_k1_0.12_k2_0.6	30	0.868298109010011	0.897664071190211	0.796662958843159	0.847830923248053	0.12	0.6	0.578989291087707	0.693906810035842	0.621238138273836
wdLC_k1_0.12_k2_0.6	40	0.899812382739212	0.913508442776736	0.870356472795497	0.812757973733584	0.12	0.6	0.578989291087707	0.693906810035842	0.621238138273836
wdLC_k1_0.12_k2_0.6	50	0.908955582232893	0.893973589435774	0.907418967587035	0.840384153661465	0.12	0.6	0.578989291087707	0.693906810035842	0.621238138273836
wdLC_k1_0.12_k2_0.6	60	0.905973881633787	0.899861072520145	0.920088913587108	0.84912475687691	0.12	0.6	0.578989291087707	0.693906810035842	0.621238138273836
wdLC_k1_0.12_k2_0.6	70	0.894252471349838	0.895442218528563	0.9158078908232	0.867728107777097	0.12	0.6	0.578989291087707	0.693906810035842	0.621238138273836
wdLC_k1_0.12_k2_0.6	80	0.907829348335677	0.909329582747304	0.928574777308955	0.892639474917956	0.12	0.6	0.578989291087707	0.693906810035842	0.621238138273836
wdLC_k1_0.12_k2_0.6	90	0.873712804049883	0.891525702761658	0.908087418199778	0.901568094826522	0.12	0.6	0.578989291087707	0.693906810035842	0.621238138273836
wdLC_k1_0.12_k2_0.6	100	0.891125112511251	0.904206420642064	0.916675667566757	0.916711671167117	0.12	0.6	0.578989291087707	0.693906810035842	0.621238138273836
wdLC_k1_0.12_k2_0.6	110	0.892694362419133	0.906399477041679	0.914811892793544	0.930455559813358	0.12	0.6	0.578989291087707	0.693906810035842	0.621238138273836
wdLC_k1_0.12_k2_0.6	120	0.906090700743107	0.916126119869435	0.923939162441836	0.938488783943329	0.12	0.6	0.578989291087707	0.693906810035842	0.621238138273836
wdLC_k1_0.12_k2_0.6	130	0.912171407502492	0.917360608502096	0.926149476300373	0.939089704898332	0.12	0.6	0.578989291087707	0.693906810035842	0.621238138273836
wdLC_k1_0.12_k2_0.6	140	0.919756838905775	0.921532439701734	0.930948372001487	0.93473573724607	0.12	0.6	0.578989291087707	0.693906810035842	0.621238138273836
wdLC_k1_0.12_k2_0.6	150	0.904913107249211	0.906737188319481	0.918542157429219	0.924753989066181	0.12	0.6	0.578989291087707	0.693906810035842	0.621238138273836
wdLC_k1_0.12_k2_0.6	160	0.904822454002109	0.905727762803234	0.917385444743935	0.914854095863119	0.12	0.6	0.578989291087707	0.693906810035842	0.621238138273836
wdLC_k1_0.12_k2_0.6	170	0.899091969394423	0.897264916555224	0.910481738631298	0.901141297378497	0.12	0.6	0.578989291087707	0.693906810035842	0.621238138273836
wdLC_k1_0.12_k2_0.6	180	0.892169511404673	0.887764025638651	0.90510612467463	0.895017335926006	0.12	0.6	0.578989291087707	0.693906810035842	0.621238138273836
wdLC_k1_0.12_k2_0.6	190	0.879744737060802	0.873661466056065	0.893219960897007	0.894554886343258	0.12	0.6	0.578989291087707	0.693906810035842	0.621238138273836
wdLC_k1_0.12_k2_0.6	200	0.875891397284932	0.865688142203555	0.891035775894398	0.895384384609615	0.12	0.6	0.578989291087707	0.693906810035842	0.621238138273836
wdLC_k1_0.12_k2_0.6	210	0.873637562238211	0.860844269225412	0.882832458138021	0.89217636940261	0.12	0.6	0.578989291087707	0.693906810035842	0.621238138273836
wdLC_k1_0.12_k2_0.6	220	0.86239272411714	0.848831587429493	0.870840682283068	0.895502724511588	0.12	0.6	0.578989291087707	0.693906810035842	0.621238138273836
wdLC_k1_0.12_k2_0.6	230	0.851120058980321	0.835267371701775	0.863991182540642	0.898634723924263	0.12	0.6	0.578989291087707	0.693906810035842	0.621238138273836
wdLC_k1_0.12_k2_0.6	240	0.830528307783121	0.816173023837219	0.8427082067397	0.902158891647424	0.12	0.6	0.578989291087707	0.693906810035842	0.621238138273836
wdLC_k1_0.12_k2_0.6	250	0.828177218835501	0.809557528920463	0.844314693035089	0.902158891647424	0.12	0.6	0.578989291087707	0.693906810035842	0.621238138273836
wdLC_k1_0.12_k2_0.6	260	0.808705181118974	0.79151739841395	0.823350368177954	0.902158891647424	0.12	0.6	0.578989291087707	0.693906810035842	0.621238138273836
wdLC_k1_0.12_k2_0.6	270	0.804265566819237	0.785871167261858	0.820871799796065	0.902158891647424	0.12	0.6	0.578989291087707	0.693906810035842	0.621238138273836
wdLC_k1_0.12_k2_0.6	280	0.80565951096315	0.786820167166855	0.821645319820041	0.902158891647424	0.12	0.6	0.578989291087707	0.693906810035842	0.621238138273836
wdLC_k1_0.12_k2_0.6	290	0.804046708497497	0.782973023173427	0.819691816418335	0.902158891647424	0.12	0.6	0.578989291087707	0.693906810035842	0.621238138273836
wdLC_k1_0.12_k2_0.6	300	0.800216891298792	0.778193091034345	0.81405082278692	0.902158891647424	0.12	0.6	0.578989291087707	0.693906810035842	0.621238138273836
wdLC_k1_0.16_k2_0.2	10	0.781818181818182	0.466666666666667	0.103030303030303	0.696969696969697	0.16	0.2	0.744136649260997	0.861469534050179	0.798011748757343
wdLC_k1_0.16_k2_0.2	20	0.809022556390977	0.807518796992481	0.613533834586466	0.757894736842105	0.16	0.2	0.744136649260997	0.861469534050179	0.798011748757343
wdLC_k1_0.16_k2_0.2	30	0.900778642936596	0.887875417130145	0.809121245828699	0.81979977753059	0.16	0.2	0.744136649260997	0.861469534050179	0.798011748757343
wdLC_k1_0.16_k2_0.2	40	0.902439024390244	0.89624765478424	0.857598499061914	0.808818011257036	0.16	0.2	0.744136649260997	0.861469534050179	0.798011748757343
wdLC_k1_0.16_k2_0.2	50	0.878607442977191	0.850948379351741	0.880912364945979	0.812436974789916	0.16	0.2	0.744136649260997	0.861469534050179	0.798011748757343
wdLC_k1_0.16_k2_0.2	60	0.85718255070853	0.838677410391776	0.877243678799667	0.832953598221728	0.16	0.2	0.744136649260997	0.861469534050179	0.798011748757343
wdLC_k1_0.16_k2_0.2	70	0.873046977517278	0.872207155979355	0.895232263144082	0.864088881112764	0.16	0.2	0.744136649260997	0.861469534050179	0.798011748757343
wdLC_k1_0.16_k2_0.2	80	0.872269104547586	0.87822315986873	0.906915142991092	0.875011720581341	0.16	0.2	0.744136649260997	0.861469534050179	0.798011748757343
wdLC_k1_0.16_k2_0.2	90	0.8692019590896	0.88196073589332	0.900596781495658	0.891575091575092	0.16	0.2	0.744136649260997	0.861469534050179	0.798011748757343
wdLC_k1_0.16_k2_0.2	100	0.883372337233723	0.896057605760576	0.906546654665467	0.900738073807381	0.16	0.2	0.744136649260997	0.861469534050179	0.798011748757343
wdLC_k1_0.16_k2_0.2	110	0.891269751820211	0.900710051168767	0.909501160877307	0.917489800058607	0.16	0.2	0.744136649260997	0.861469534050179	0.798011748757343
wdLC_k1_0.16_k2_0.2	120	0.889297867907493	0.896506701854295	0.906736578929092	0.924960066671296	0.16	0.2	0.744136649260997	0.861469534050179	0.798011748757343
wdLC_k1_0.16_k2_0.2	130	0.896849608761556	0.902202679266411	0.912815960889811	0.918611479058843	0.16	0.2	0.744136649260997	0.861469534050179	0.798011748757343
wdLC_k1_0.16_k2_0.2	140	0.893223415188822	0.898034156261617	0.90794865627255	0.920294767225733	0.16	0.2	0.744136649260997	0.861469534050179	0.798011748757343
wdLC_k1_0.16_k2_0.2	150	0.901744966442953	0.901912084981555	0.914293079692431	0.914826436730521	0.16	0.2	0.744136649260997	0.861469534050179	0.798011748757343
wdLC_k1_0.16_k2_0.2	160	0.895230282432907	0.894456814719325	0.906363529825384	0.91021621938357	0.16	0.2	0.744136649260997	0.861469534050179	0.798011748757343
wdLC_k1_0.16_k2_0.2	170	0.883166321651675	0.881143862091707	0.894131081270877	0.896304981039442	0.16	0.2	0.744136649260997	0.861469534050179	0.798011748757343
wdLC_k1_0.16_k2_0.2	180	0.877358354681729	0.871187382326615	0.887626161301275	0.887056184861673	0.16	0.2	0.744136649260997	0.861469534050179	0.798011748757343
wdLC_k1_0.16_k2_0.2	190	0.87699965445901	0.869709176956353	0.888980741557209	0.884440595380248	0.16	0.2	0.744136649260997	0.861469534050179	0.798011748757343
wdLC_k1_0.16_k2_0.2	200	0.868905722643066	0.861161029025726	0.879986499662492	0.885704642616066	0.16	0.2	0.744136649260997	0.861469534050179	0.798011748757343
wdLC_k1_0.16_k2_0.2	210	0.860675817073921	0.851469259102085	0.872818625624812	0.882181973676112	0.16	0.2	0.744136649260997	0.861469534050179	0.798011748757343
wdLC_k1_0.16_k2_0.2	220	0.859867127232156	0.844525337676023	0.870787713495208	0.886626508060835	0.16	0.2	0.744136649260997	0.861469534050179	0.798011748757343
wdLC_k1_0.16_k2_0.2	230	0.851466247820909	0.832807556976913	0.860917893574055	0.89203445121425	0.16	0.2	0.744136649260997	0.861469534050179	0.798011748757343
wdLC_k1_0.16_k2_0.2	240	0.849289050157121	0.829215784996267	0.859519262487196	0.897533811350891	0.16	0.2	0.744136649260997	0.861469534050179	0.798011748757343
wdLC_k1_0.16_k2_0.2	250	0.82765804252868	0.808778764460231	0.840480775692411	0.897533811350891	0.16	0.2	0.744136649260997	0.861469534050179	0.798011748757343
wdLC_k1_0.16_k2_0.2	260	0.811898446381205	0.791481894930171	0.825524273800136	0.897533811350891	0.16	0.2	0.744136649260997	0.861469534050179	0.798011748757343
wdLC_k1_0.16_k2_0.2	270	0.804980711517152	0.784319553232707	0.818722098001649	0.897533811350891	0.16	0.2	0.744136649260997	0.861469534050179	0.798011748757343
wdLC_k1_0.16_k2_0.2	280	0.798379716942454	0.773326554821217	0.81583547895108	0.897533811350891	0.16	0.2	0.744136649260997	0.861469534050179	0.798011748757343
wdLC_k1_0.16_k2_0.2	290	0.798308643630598	0.774894859137691	0.813276224941787	0.897533811350891	0.16	0.2	0.744136649260997	0.861469534050179	0.798011748757343
wdLC_k1_0.16_k2_0.2	300	0.792849698329981	0.765264947388304	0.808999211102346	0.897533811350891	0.16	0.2	0.744136649260997	0.861469534050179	0.798011748757343
wdLC_k1_0.16_k2_0.28	10	0.648484848484848	0.684848484848485	0.454545454545455	0.721212121212121	0.16	0.28	0.694486237720152	0.813620071684588	0.747763217352011
wdLC_k1_0.16_k2_0.28	20	0.825563909774436	0.840601503759399	0.738345864661654	0.780451127819549	0.16	0.28	0.694486237720152	0.813620071684588	0.747763217352011
wdLC_k1_0.16_k2_0.28	30	0.901223581757508	0.898553948832036	0.844716351501669	0.805116796440489	0.16	0.28	0.694486237720152	0.813620071684588	0.747763217352011
wdLC_k1_0.16_k2_0.28	40	0.934521575984991	0.929268292682927	0.920262664165103	0.809943714821764	0.16	0.28	0.694486237720152	0.813620071684588	0.747763217352011
wdLC_k1_0.16_k2_0.28	50	0.893973589435774	0.867947178871549	0.912701080432173	0.816758703481393	0.16	0.28	0.694486237720152	0.813620071684588	0.747763217352011
wdLC_k1_0.16_k2_0.28	60	0.885357043623229	0.873520422339539	0.918088357877188	0.833620450125035	0.16	0.28	0.694486237720152	0.813620071684588	0.747763217352011
wdLC_k1_0.16_k2_0.28	70	0.877141107514653	0.878190884437057	0.910384043390779	0.861674394191234	0.16	0.28	0.694486237720152	0.813620071684588	0.747763217352011
wdLC_k1_0.16_k2_0.28	80	0.893225503984998	0.893999062353493	0.923159868729489	0.880965775902485	0.16	0.28	0.694486237720152	0.813620071684588	0.747763217352011
wdLC_k1_0.16_k2_0.28	90	0.873202452977734	0.888842243898424	0.910359303617731	0.894554883318928	0.16	0.28	0.694486237720152	0.813620071684588	0.747763217352011
wdLC_k1_0.16_k2_0.28	100	0.887596759675968	0.902226222622262	0.915067506750675	0.903990399039904	0.16	0.28	0.694486237720152	0.813620071684588	0.747763217352011
wdLC_k1_0.16_k2_0.28	110	0.893316502490814	0.906967517976692	0.91882424542975	0.920555417803124	0.16	0.28	0.694486237720152	0.813620071684588	0.747763217352011
wdLC_k1_0.16_k2_0.28	120	0.901354260712549	0.909702062643239	0.921577887353288	0.927078269324258	0.16	0.28	0.694486237720152	0.813620071684588	0.747763217352011
wdLC_k1_0.16_k2_0.28	130	0.906758251512379	0.913187398435046	0.92345655409742	0.92377883079108	0.16	0.28	0.694486237720152	0.813620071684588	0.747763217352011
wdLC_k1_0.16_k2_0.28	140	0.908779602457851	0.914250727077912	0.923915943233255	0.918676608864884	0.16	0.28	0.694486237720152	0.813620071684588	0.747763217352011
wdLC_k1_0.16_k2_0.28	150	0.905684697097649	0.907060758255923	0.919189297302102	0.918780390239566	0.16	0.28	0.694486237720152	0.813620071684588	0.747763217352011
wdLC_k1_0.16_k2_0.28	160	0.902440525020508	0.901239306222899	0.913887261221141	0.914010312902848	0.16	0.28	0.694486237720152	0.813620071684588	0.747763217352011
wdLC_k1_0.16_k2_0.28	170	0.893659662557019	0.892919559602103	0.906006924725668	0.9043655082712	0.16	0.28	0.694486237720152	0.813620071684588	0.747763217352011
wdLC_k1_0.16_k2_0.28	180	0.885084930604854	0.880724713725732	0.898628558494604	0.894459705546468	0.16	0.28	0.694486237720152	0.813620071684588	0.747763217352011
wdLC_k1_0.16_k2_0.28	190	0.875160851517975	0.867765399537238	0.888672816421508	0.886881251995609	0.16	0.28	0.694486237720152	0.813620071684588	0.747763217352011
wdLC_k1_0.16_k2_0.28	200	0.865152628815721	0.85684692117303	0.878247956198905	0.88915172879322	0.16	0.28	0.694486237720152	0.813620071684588	0.747763217352011
wdLC_k1_0.16_k2_0.28	210	0.859291917860139	0.850365249616933	0.87688091404729	0.889709193276168	0.16	0.28	0.694486237720152	0.813620071684588	0.747763217352011
wdLC_k1_0.16_k2_0.28	220	0.858504589689118	0.847978451846301	0.872222378749373	0.888660734913757	0.16	0.28	0.694486237720152	0.813620071684588	0.747763217352011
wdLC_k1_0.16_k2_0.28	230	0.842425886245898	0.830110045640708	0.855746759411084	0.894514978091967	0.16	0.28	0.694486237720152	0.813620071684588	0.747763217352011
wdLC_k1_0.16_k2_0.28	240	0.840097918366638	0.823163596590218	0.85362506293512	0.904386360874321	0.16	0.28	0.694486237720152	0.813620071684588	0.747763217352011
wdLC_k1_0.16_k2_0.28	250	0.825913886622186	0.808392454279268	0.838119905918495	0.904386360874321	0.16	0.28	0.694486237720152	0.813620071684588	0.747763217352011
wdLC_k1_0.16_k2_0.28	260	0.82568950155157	0.803418575832369	0.838678314540383	0.904386360874321	0.16	0.28	0.694486237720152	0.813620071684588	0.747763217352011
wdLC_k1_0.16_k2_0.28	270	0.807444394146544	0.783203854343376	0.820976663298231	0.904386360874321	0.16	0.28	0.694486237720152	0.813620071684588	0.747763217352011
wdLC_k1_0.16_k2_0.28	280	0.8026862587533	0.776881993757209	0.818552350339746	0.904386360874321	0.16	0.28	0.694486237720152	0.813620071684588	0.747763217352011
wdLC_k1_0.16_k2_0.28	290	0.807153883907759	0.779994267839505	0.821340612111096	0.904386360874321	0.16	0.28	0.694486237720152	0.813620071684588	0.747763217352011
wdLC_k1_0.16_k2_0.28	300	0.801180902010022	0.774088156535073	0.818535317059079	0.904386360874321	0.16	0.28	0.694486237720152	0.813620071684588	0.747763217352011
wdLC_k1_0.16_k2_0.293	10	0.648484848484848	0.684848484848485	0.454545454545455	0.721212121212121	0.16	0.293	0.686609434463227	0.805913978494624	0.738996836873023
wdLC_k1_0.16_k2_0.293	20	0.825563909774436	0.840601503759399	0.738345864661654	0.780451127819549	0.16	0.293	0.686609434463227	0.805913978494624	0.738996836873023
wdLC_k1_0.16_k2_0.293	30	0.90789766407119	0.90166852057842	0.848720800889878	0.802002224694105	0.16	0.293	0.686609434463227	0.805913978494624	0.738996836873023
wdLC_k1_0.16_k2_0.293	40	0.931519699812383	0.928893058161351	0.919324577861163	0.818386491557224	0.16	0.293	0.686609434463227	0.805913978494624	0.738996836873023
wdLC_k1_0.16_k2_0.293	50	0.903961584633853	0.878415366146459	0.922689075630252	0.835678271308523	0.16	0.293	0.686609434463227	0.805913978494624	0.738996836873023
wdLC_k1_0.16_k2_0.293	60	0.888746874131703	0.87707696582384	0.921200333425952	0.833231453181439	0.16	0.293	0.686609434463227	0.805913978494624	0.738996836873023
wdLC_k1_0.16_k2_0.293	70	0.885119412124923	0.88683404776485	0.919797043128335	0.861849357011635	0.16	0.293	0.686609434463227	0.805913978494624	0.738996836873023
wdLC_k1_0.16_k2_0.293	80	0.901031411157993	0.902555086732302	0.931762775433661	0.881997187060478	0.16	0.293	0.686609434463227	0.805913978494624	0.738996836873023
wdLC_k1_0.16_k2_0.293	90	0.879804091040046	0.89628349178911	0.91771823681936	0.89536156727168	0.16	0.293	0.686609434463227	0.805913978494624	0.738996836873023
wdLC_k1_0.16_k2_0.293	100	0.892481248124813	0.907638763876388	0.920948094809481	0.903786378637864	0.16	0.293	0.686609434463227	0.805913978494624	0.738996836873023
wdLC_k1_0.16_k2_0.293	110	0.897581317764804	0.910997903658454	0.923098077226518	0.922043144061493	0.16	0.293	0.686609434463227	0.805913978494624	0.738996836873023
wdLC_k1_0.16_k2_0.293	120	0.904416973400931	0.913112021668171	0.925508715883047	0.927383846100424	0.16	0.293	0.686609434463227	0.805913978494624	0.738996836873023
wdLC_k1_0.16_k2_0.293	130	0.908484343634352	0.915033661527537	0.925554083764629	0.924576329049967	0.16	0.293	0.686609434463227	0.805913978494624	0.738996836873023
wdLC_k1_0.16_k2_0.293	140	0.911403643043013	0.917215892939144	0.927191620563731	0.922009140408038	0.16	0.293	0.686609434463227	0.805913978494624	0.738996836873023
wdLC_k1_0.16_k2_0.293	150	0.910289346193164	0.912220098671052	0.923669496422063	0.920437352771234	0.16	0.293	0.686609434463227	0.805913978494624	0.738996836873023
wdLC_k1_0.16_k2_0.293	160	0.904696472518458	0.904848822219618	0.918325911168405	0.916582679010899	0.16	0.293	0.686609434463227	0.805913978494624	0.738996836873023
wdLC_k1_0.16_k2_0.293	170	0.896204835095047	0.895916610181912	0.909871092628892	0.907428508619268	0.16	0.293	0.686609434463227	0.805913978494624	0.738996836873023
wdLC_k1_0.16_k2_0.293	180	0.887492412317253	0.883813286418305	0.899153266047306	0.897186127143842	0.16	0.293	0.686609434463227	0.805913978494624	0.738996836873023
wdLC_k1_0.16_k2_0.293	190	0.880222370936066	0.871859404182358	0.891176457723716	0.889759302269636	0.16	0.293	0.686609434463227	0.805913978494624	0.738996836873023
wdLC_k1_0.16_k2_0.293	200	0.874700367509188	0.864669616740419	0.887269181729544	0.892106802670067	0.16	0.293	0.686609434463227	0.805913978494624	0.738996836873023
wdLC_k1_0.16_k2_0.293	210	0.860392039987949	0.850316009757267	0.877207452064025	0.894037117783688	0.16	0.293	0.686609434463227	0.805913978494624	0.738996836873023
wdLC_k1_0.16_k2_0.293	220	0.858009838670596	0.847673036069491	0.872078123327116	0.893999312532753	0.16	0.293	0.686609434463227	0.805913978494624	0.738996836873023
wdLC_k1_0.16_k2_0.293	230	0.848921611898639	0.837365216898158	0.859496645370957	0.896633535441206	0.16	0.293	0.686609434463227	0.805913978494624	0.738996836873023
wdLC_k1_0.16_k2_0.293	240	0.838817514192955	0.824956162433375	0.851559922915328	0.906401152797791	0.16	0.293	0.686609434463227	0.805913978494624	0.738996836873023
wdLC_k1_0.16_k2_0.293	250	0.835956415302645	0.818004896078337	0.847839101425623	0.906401152797791	0.16	0.293	0.686609434463227	0.805913978494624	0.738996836873023
wdLC_k1_0.16_k2_0.293	260	0.825997425997426	0.808273677239195	0.837073830177278	0.906401152797791	0.16	0.293	0.686609434463227	0.805913978494624	0.738996836873023
wdLC_k1_0.16_k2_0.293	270	0.815888954428578	0.790659527413118	0.828595118664941	0.906401152797791	0.16	0.293	0.686609434463227	0.805913978494624	0.738996836873023
wdLC_k1_0.16_k2_0.293	280	0.814784809573008	0.788468876242955	0.828235236236614	0.906401152797791	0.16	0.293	0.686609434463227	0.805913978494624	0.738996836873023
wdLC_k1_0.16_k2_0.293	290	0.807634106108933	0.779753664707974	0.819803507442583	0.906401152797791	0.16	0.293	0.686609434463227	0.805913978494624	0.738996836873023
wdLC_k1_0.16_k2_0.293	300	0.804060489560995	0.778412204580051	0.820674896387738	0.906401152797791	0.16	0.293	0.686609434463227	0.805913978494624	0.738996836873023
wdLC_k1_0.16_k2_0.307	10	0.721212121212121	0.696969696969697	0.345454545454545	0.733333333333333	0.16	0.307	0.679617665280113	0.799283154121864	0.732037957523724
wdLC_k1_0.16_k2_0.307	20	0.828571428571429	0.851127819548872	0.718796992481203	0.762406015037594	0.16	0.307	0.679617665280113	0.799283154121864	0.732037957523724
wdLC_k1_0.16_k2_0.307	30	0.897664071190211	0.894104560622914	0.818020022246941	0.810901001112347	0.16	0.307	0.679617665280113	0.799283154121864	0.732037957523724
wdLC_k1_0.16_k2_0.307	40	0.918386491557223	0.912945590994372	0.895309568480301	0.795497185741088	0.16	0.307	0.679617665280113	0.799283154121864	0.732037957523724
wdLC_k1_0.16_k2_0.307	50	0.898487394957983	0.868139255702281	0.912701080432173	0.850372148859544	0.16	0.307	0.679617665280113	0.799283154121864	0.732037957523724
wdLC_k1_0.16_k2_0.307	60	0.884190052792443	0.864462350652959	0.909641567101973	0.835176437899417	0.16	0.307	0.679617665280113	0.799283154121864	0.732037957523724
wdLC_k1_0.16_k2_0.307	70	0.895372233400402	0.893412649811915	0.92098679030706	0.87094742367247	0.16	0.307	0.679617665280113	0.799283154121864	0.732037957523724
wdLC_k1_0.16_k2_0.307	80	0.86896390060947	0.889521800281294	0.910454758556024	0.887599624941397	0.16	0.307	0.679617665280113	0.799283154121864	0.732037957523724
wdLC_k1_0.16_k2_0.307	90	0.890933037000453	0.90089311437626	0.921833971272173	0.8835411779232	0.16	0.307	0.679617665280113	0.799283154121864	0.732037957523724
wdLC_k1_0.16_k2_0.307	100	0.903966396639664	0.913015301530153	0.926828682868287	0.896189618961896	0.16	0.307	0.679617665280113	0.799283154121864	0.732037957523724
wdLC_k1_0.16_k2_0.307	110	0.909023285170074	0.917895543583617	0.930419493722246	0.915920925095237	0.16	0.307	0.679617665280113	0.799283154121864	0.732037957523724
wdLC_k1_0.16_k2_0.307	120	0.909049239530523	0.913764844780887	0.926592124453087	0.923890547954719	0.16	0.307	0.679617665280113	0.799283154121864	0.732037957523724
wdLC_k1_0.16_k2_0.307	130	0.908478881317511	0.911854593125674	0.923915388712122	0.923123352770077	0.16	0.307	0.679617665280113	0.799283154121864	0.732037957523724
wdLC_k1_0.16_k2_0.307	140	0.90842098357788	0.910362773610899	0.922192823249	0.924611313988323	0.16	0.307	0.679617665280113	0.799283154121864	0.732037957523724
wdLC_k1_0.16_k2_0.307	150	0.911939197297658	0.911462731676964	0.924931774745544	0.92372638783946	0.16	0.307	0.679617665280113	0.799283154121864	0.732037957523724
wdLC_k1_0.16_k2_0.307	160	0.903044064221259	0.903703269658971	0.916609047228407	0.911730926989335	0.16	0.307	0.679617665280113	0.799283154121864	0.732037957523724
wdLC_k1_0.16_k2_0.307	170	0.906087529997985	0.901944907517663	0.915894504796625	0.908710865224321	0.16	0.307	0.679617665280113	0.799283154121864	0.732037957523724
wdLC_k1_0.16_k2_0.307	180	0.902721277405681	0.895585254688931	0.913801866312746	0.900498986594237	0.16	0.307	0.679617665280113	0.799283154121864	0.732037957523724
wdLC_k1_0.16_k2_0.307	190	0.901600423397062	0.891571861591151	0.912360307400263	0.889495116499801	0.16	0.307	0.679617665280113	0.799283154121864	0.732037957523724
wdLC_k1_0.16_k2_0.307	200	0.891406285157129	0.881149028725718	0.900846021150529	0.889205730143254	0.16	0.307	0.679617665280113	0.799283154121864	0.732037957523724
wdLC_k1_0.16_k2_0.307	210	0.88484481345544	0.875758763561208	0.894906590042534	0.889989083004798	0.16	0.307	0.679617665280113	0.799283154121864	0.732037957523724
wdLC_k1_0.16_k2_0.307	220	0.873927522920271	0.860542197528499	0.885766610504725	0.891924513842322	0.16	0.307	0.679617665280113	0.799283154121864	0.732037957523724
wdLC_k1_0.16_k2_0.307	230	0.859441412963342	0.844820605633212	0.870361648983255	0.897175996587426	0.16	0.307	0.679617665280113	0.799283154121864	0.732037957523724
wdLC_k1_0.16_k2_0.307	240	0.8450085938992	0.829272209586972	0.855807392489453	0.903794336707234	0.16	0.307	0.679617665280113	0.799283154121864	0.732037957523724
wdLC_k1_0.16_k2_0.307	250	0.83942936686987	0.823215091441463	0.852212163394614	0.903794336707234	0.16	0.307	0.679617665280113	0.799283154121864	0.732037957523724
wdLC_k1_0.16_k2_0.307	260	0.827448289517255	0.806671923913303	0.837983265569472	0.903794336707234	0.16	0.307	0.679617665280113	0.799283154121864	0.732037957523724
wdLC_k1_0.16_k2_0.307	270	0.823617760341172	0.800471580923988	0.834469303800845	0.903794336707234	0.16	0.307	0.679617665280113	0.799283154121864	0.732037957523724
wdLC_k1_0.16_k2_0.307	280	0.817145809075553	0.791683202956306	0.830327281871307	0.903794336707234	0.16	0.307	0.679617665280113	0.799283154121864	0.732037957523724
wdLC_k1_0.16_k2_0.307	290	0.808491224013078	0.782103112464743	0.823315624319613	0.903794336707234	0.16	0.307	0.679617665280113	0.799283154121864	0.732037957523724
wdLC_k1_0.16_k2_0.307	300	0.80387515416838	0.77407482305359	0.820481560906232	0.903794336707234	0.16	0.307	0.679617665280113	0.799283154121864	0.732037957523724
wdLC_k1_0.16_k2_0.32	10	0.636363636363636	0.636363636363636	0.260606060606061	0.587878787878788	0.16	0.32	0.671386848393663	0.789068100358423	0.723813827383642
wdLC_k1_0.16_k2_0.32	20	0.78796992481203	0.796992481203008	0.670676691729323	0.75187969924812	0.16	0.32	0.671386848393663	0.789068100358423	0.723813827383642
wdLC_k1_0.16_k2_0.32	30	0.871857619577308	0.876751946607342	0.810456062291435	0.82202447163515	0.16	0.32	0.671386848393663	0.789068100358423	0.723813827383642
wdLC_k1_0.16_k2_0.32	40	0.926454033771107	0.923264540337711	0.905816135084428	0.785178236397749	0.16	0.32	0.671386848393663	0.789068100358423	0.723813827383642
wdLC_k1_0.16_k2_0.32	50	0.899447779111645	0.886578631452581	0.925666266506603	0.810516206482593	0.16	0.32	0.671386848393663	0.789068100358423	0.723813827383642
wdLC_k1_0.16_k2_0.32	60	0.904084467907752	0.890858571825507	0.926979716587941	0.824506807446513	0.16	0.32	0.671386848393663	0.789068100358423	0.723813827383642
wdLC_k1_0.16_k2_0.32	70	0.903805441343714	0.90006123698714	0.929874901583414	0.857265331117138	0.16	0.32	0.671386848393663	0.789068100358423	0.723813827383642
wdLC_k1_0.16_k2_0.32	80	0.881950304735115	0.895264885138303	0.921331458040319	0.862705110173465	0.16	0.32	0.671386848393663	0.789068100358423	0.723813827383642
wdLC_k1_0.16_k2_0.32	90	0.902687574597687	0.908696546898794	0.930674568876816	0.886784376672017	0.16	0.32	0.671386848393663	0.789068100358423	0.723813827383642
wdLC_k1_0.16_k2_0.32	100	0.911623162316232	0.91989198919892	0.935781578157816	0.890849084908491	0.16	0.32	0.671386848393663	0.789068100358423	0.723813827383642
wdLC_k1_0.16_k2_0.32	110	0.922286590176498	0.928733403962762	0.941374568897505	0.909744606992313	0.16	0.32	0.671386848393663	0.789068100358423	0.723813827383642
wdLC_k1_0.16_k2_0.32	120	0.919661087575526	0.921730675741371	0.936578929092298	0.91582054309327	0.16	0.32	0.671386848393663	0.789068100358423	0.723813827383642
wdLC_k1_0.16_k2_0.32	130	0.917158502778954	0.91905392672302	0.932824427480916	0.922429638531183	0.16	0.32	0.671386848393663	0.789068100358423	0.723813827383642
wdLC_k1_0.16_k2_0.32	140	0.917110931315738	0.915562747370493	0.930633487131268	0.927943845531478	0.16	0.32	0.671386848393663	0.789068100358423	0.723813827383642
wdLC_k1_0.16_k2_0.32	150	0.915875372238766	0.914805102448998	0.929433308147029	0.922439219520868	0.16	0.32	0.671386848393663	0.789068100358423	0.723813827383642
wdLC_k1_0.16_k2_0.32	160	0.908382163365756	0.905915270127739	0.919793741943045	0.909952537208485	0.16	0.32	0.671386848393663	0.789068100358423	0.723813827383642
wdLC_k1_0.16_k2_0.32	170	0.910916518585011	0.904956613601529	0.921981424148607	0.908981992049389	0.16	0.32	0.671386848393663	0.789068100358423	0.723813827383642
wdLC_k1_0.16_k2_0.32	180	0.908178235953785	0.899688261983395	0.91944607343848	0.900128604792329	0.16	0.32	0.671386848393663	0.789068100358423	0.723813827383642
wdLC_k1_0.16_k2_0.32	190	0.906971617525489	0.895328198331781	0.915560279407069	0.88865881982443	0.16	0.32	0.671386848393663	0.789068100358423	0.723813827383642
wdLC_k1_0.16_k2_0.32	200	0.901165529138229	0.888460211505288	0.911082277056927	0.888695717392935	0.16	0.32	0.671386848393663	0.789068100358423	0.723813827383642
wdLC_k1_0.16_k2_0.32	210	0.88814647562465	0.877257987709472	0.895870654663371	0.890284522162796	0.16	0.32	0.671386848393663	0.789068100358423	0.723813827383642
wdLC_k1_0.16_k2_0.32	220	0.882473529693514	0.868693755881508	0.891734051605123	0.89438361799361	0.16	0.32	0.671386848393663	0.789068100358423	0.723813827383642
wdLC_k1_0.16_k2_0.32	230	0.869279685569794	0.855408460914442	0.881379528009488	0.900846979107849	0.16	0.32	0.671386848393663	0.789068100358423	0.723813827383642
wdLC_k1_0.16_k2_0.32	240	0.852013055782218	0.837229813017587	0.863425580305214	0.902671053316898	0.16	0.32	0.671386848393663	0.789068100358423	0.723813827383642
wdLC_k1_0.16_k2_0.32	250	0.842289444631114	0.82988988623818	0.859521336341381	0.902671053316898	0.16	0.32	0.671386848393663	0.789068100358423	0.723813827383642
wdLC_k1_0.16_k2_0.32	260	0.832049404463198	0.816404657783968	0.847649771787703	0.902671053316898	0.16	0.32	0.671386848393663	0.789068100358423	0.723813827383642
wdLC_k1_0.16_k2_0.32	270	0.832420197807926	0.815276234546732	0.847741852883213	0.902671053316898	0.16	0.32	0.671386848393663	0.789068100358423	0.723813827383642
wdLC_k1_0.16_k2_0.32	280	0.824024905565486	0.799852403365203	0.840624060438089	0.902671053316898	0.16	0.32	0.671386848393663	0.789068100358423	0.723813827383642
wdLC_k1_0.16_k2_0.32	290	0.809828072087454	0.784481098016254	0.827474269856831	0.902671053316898	0.16	0.32	0.671386848393663	0.789068100358423	0.723813827383642
wdLC_k1_0.16_k2_0.32	300	0.804197824420271	0.773954821720241	0.822907365637396	0.902671053316898	0.16	0.32	0.671386848393663	0.789068100358423	0.723813827383642
wdLC_k1_0.16_k2_0.333	10	0.527272727272727	0.478787878787879	0.296969696969697	0.466666666666667	0.16	0.333	0.661739976989114	0.778673835125448	0.713601446000904
wdLC_k1_0.16_k2_0.333	20	0.756390977443609	0.795488721804511	0.679699248120301	0.723308270676692	0.16	0.333	0.661739976989114	0.778673835125448	0.713601446000904
wdLC_k1_0.16_k2_0.333	30	0.860734149054505	0.898998887652948	0.806451612903226	0.83047830923248	0.16	0.333	0.661739976989114	0.778673835125448	0.713601446000904
wdLC_k1_0.16_k2_0.333	40	0.918198874296436	0.936772983114447	0.908067542213884	0.80187617260788	0.16	0.333	0.661739976989114	0.778673835125448	0.713601446000904
wdLC_k1_0.16_k2_0.333	50	0.916158463385354	0.906938775510204	0.933157262905162	0.8153181272509	0.16	0.333	0.661739976989114	0.778673835125448	0.713601446000904
wdLC_k1_0.16_k2_0.333	60	0.912142261739372	0.903695470964157	0.94431786607391	0.839121978327313	0.16	0.333	0.661739976989114	0.778673835125448	0.713601446000904
wdLC_k1_0.16_k2_0.333	70	0.905590062111801	0.905695039804042	0.933479135683667	0.857755227014259	0.16	0.333	0.661739976989114	0.778673835125448	0.713601446000904
wdLC_k1_0.16_k2_0.333	80	0.920018752930145	0.921308016877637	0.945007032348805	0.880145335208626	0.16	0.333	0.661739976989114	0.778673835125448	0.713601446000904
wdLC_k1_0.16_k2_0.333	90	0.901551631888711	0.908449602831625	0.931991603901716	0.900794336749393	0.16	0.333	0.661739976989114	0.778673835125448	0.713601446000904
wdLC_k1_0.16_k2_0.333	100	0.902958295829583	0.916591659165917	0.93046504650465	0.909306930693069	0.16	0.333	0.661739976989114	0.778673835125448	0.713601446000904
wdLC_k1_0.16_k2_0.333	110	0.901296125149336	0.915740594639677	0.925694835786579	0.926966165498276	0.16	0.333	0.661739976989114	0.778673835125448	0.713601446000904
wdLC_k1_0.16_k2_0.333	120	0.905403152996736	0.913417598444336	0.924932286964372	0.933342593235641	0.16	0.333	0.661739976989114	0.778673835125448	0.713601446000904
wdLC_k1_0.16_k2_0.333	130	0.912919744909803	0.918573242840951	0.929317620068552	0.934108071938713	0.16	0.333	0.661739976989114	0.778673835125448	0.713601446000904
wdLC_k1_0.16_k2_0.333	140	0.917320854562551	0.919866173930157	0.931757451181912	0.926233845750148	0.16	0.333	0.661739976989114	0.778673835125448	0.713601446000904
wdLC_k1_0.16_k2_0.333	150	0.923516600737811	0.922734343748611	0.936925196675408	0.917144761989422	0.16	0.333	0.661739976989114	0.778673835125448	0.713601446000904
wdLC_k1_0.16_k2_0.333	160	0.911979960154693	0.910119535919372	0.92318938239775	0.915703738427282	0.16	0.333	0.661739976989114	0.778673835125448	0.713601446000904
wdLC_k1_0.16_k2_0.333	170	0.909748963428411	0.905061644713943	0.918945292224645	0.911439231563071	0.16	0.333	0.661739976989114	0.778673835125448	0.713601446000904
wdLC_k1_0.16_k2_0.333	180	0.890175622704405	0.885113738078336	0.899134746957211	0.898128543062029	0.16	0.333	0.661739976989114	0.778673835125448	0.713601446000904
wdLC_k1_0.16_k2_0.333	190	0.877517528550871	0.868829140915115	0.88847861363706	0.890775805132377	0.16	0.333	0.661739976989114	0.778673835125448	0.713601446000904
wdLC_k1_0.16_k2_0.333	200	0.877320933023326	0.868032700817521	0.884243606090152	0.890705767644191	0.16	0.333	0.661739976989114	0.778673835125448	0.713601446000904
wdLC_k1_0.16_k2_0.333	210	0.86684764474737	0.85681178387589	0.882732682632907	0.895513017787899	0.16	0.333	0.661739976989114	0.778673835125448	0.713601446000904
wdLC_k1_0.16_k2_0.333	220	0.840277691687845	0.83445563300519	0.860792390526476	0.892788919380378	0.16	0.333	0.661739976989114	0.778673835125448	0.713601446000904
wdLC_k1_0.16_k2_0.333	230	0.830950367270853	0.827547656444562	0.848824955185312	0.89349416484408	0.16	0.333	0.661739976989114	0.778673835125448	0.713601446000904
wdLC_k1_0.16_k2_0.333	240	0.831171548117155	0.825735689855727	0.849747391447768	0.904536537092658	0.16	0.333	0.661739976989114	0.778673835125448	0.713601446000904
wdLC_k1_0.16_k2_0.333	250	0.828048960783373	0.816730763692219	0.845102673642778	0.904536537092658	0.16	0.333	0.661739976989114	0.778673835125448	0.713601446000904
wdLC_k1_0.16_k2_0.333	260	0.828864332312608	0.813675668848082	0.845596031802928	0.904536537092658	0.16	0.333	0.661739976989114	0.778673835125448	0.713601446000904
wdLC_k1_0.16_k2_0.333	270	0.819793900541236	0.801151974345022	0.835800216738227	0.904536537092658	0.16	0.333	0.661739976989114	0.778673835125448	0.713601446000904
wdLC_k1_0.16_k2_0.333	280	0.825449486418376	0.800231781382051	0.838407924299326	0.904536537092658	0.16	0.333	0.661739976989114	0.778673835125448	0.713601446000904
wdLC_k1_0.16_k2_0.333	290	0.801246560396183	0.777541985615475	0.815905638305593	0.904536537092658	0.16	0.333	0.661739976989114	0.778673835125448	0.713601446000904
wdLC_k1_0.16_k2_0.333	300	0.791230124779164	0.765817397971089	0.804312492361026	0.904536537092658	0.16	0.333	0.661739976989114	0.778673835125448	0.713601446000904
wdLC_k1_0.16_k2_0.347	10	0.466666666666667	0.563636363636364	0.575757575757576	0.527272727272727	0.16	0.347	0.654128683954332	0.771146953405018	0.705286940804338
wdLC_k1_0.16_k2_0.347	20	0.67218045112782	0.693233082706767	0.556390977443609	0.745864661654135	0.16	0.347	0.654128683954332	0.771146953405018	0.705286940804338
wdLC_k1_0.16_k2_0.347	30	0.848275862068966	0.841156840934372	0.770856507230256	0.830033370411569	0.16	0.347	0.654128683954332	0.771146953405018	0.705286940804338
wdLC_k1_0.16_k2_0.347	40	0.922701688555347	0.914821763602252	0.893433395872421	0.800750469043152	0.16	0.347	0.654128683954332	0.771146953405018	0.705286940804338
wdLC_k1_0.16_k2_0.347	50	0.899831932773109	0.885330132052821	0.920288115246098	0.827130852340936	0.16	0.347	0.654128683954332	0.771146953405018	0.705286940804338
wdLC_k1_0.16_k2_0.347	60	0.912809113642679	0.901694915254238	0.931647679911087	0.832564601278133	0.16	0.347	0.654128683954332	0.771146953405018	0.705286940804338
wdLC_k1_0.16_k2_0.347	70	0.91594786107952	0.912378619543347	0.937643250809203	0.846872539585338	0.16	0.347	0.654128683954332	0.771146953405018	0.705286940804338
wdLC_k1_0.16_k2_0.347	80	0.892920768870136	0.907665260196906	0.929184247538678	0.862587904360056	0.16	0.347	0.654128683954332	0.771146953405018	0.705286940804338
wdLC_k1_0.16_k2_0.347	90	0.908861176276907	0.91877186483928	0.933967156439067	0.876313948224061	0.16	0.347	0.654128683954332	0.771146953405018	0.705286940804338
wdLC_k1_0.16_k2_0.347	100	0.91992799279928	0.929204920492049	0.941506150615061	0.881848184818482	0.16	0.347	0.654128683954332	0.771146953405018	0.705286940804338
wdLC_k1_0.16_k2_0.347	110	0.927687487320515	0.933548227126209	0.944881996258143	0.903018280999932	0.16	0.347	0.654128683954332	0.771146953405018	0.705286940804338
wdLC_k1_0.16_k2_0.347	120	0.9246475449684	0.927529689561775	0.939634696853948	0.917237308146399	0.16	0.347	0.654128683954332	0.771146953405018	0.705286940804338
wdLC_k1_0.16_k2_0.347	130	0.921129607122861	0.921954416965956	0.935386254079668	0.91756817654208	0.16	0.347	0.654128683954332	0.771146953405018	0.705286940804338
wdLC_k1_0.16_k2_0.347	140	0.917272747151823	0.916428680763596	0.930257374647395	0.920535304279373	0.16	0.347	0.654128683954332	0.771146953405018	0.705286940804338
wdLC_k1_0.16_k2_0.347	150	0.919839992888573	0.917998133250367	0.931691186274946	0.919100404462421	0.16	0.347	0.654128683954332	0.771146953405018	0.705286940804338
wdLC_k1_0.16_k2_0.347	160	0.911253369272237	0.909413453650533	0.922454002109457	0.910948669869917	0.16	0.347	0.654128683954332	0.771146953405018	0.705286940804338
wdLC_k1_0.16_k2_0.347	170	0.907167152130239	0.902702108560647	0.918593560127259	0.908630259952003	0.16	0.347	0.654128683954332	0.771146953405018	0.705286940804338
wdLC_k1_0.16_k2_0.347	180	0.91024208566108	0.901268557671533	0.922970873586633	0.897959813574493	0.16	0.347	0.654128683954332	0.771146953405018	0.705286940804338
wdLC_k1_0.16_k2_0.347	190	0.908068600821425	0.898108272426267	0.918361348397171	0.889043726244057	0.16	0.347	0.654128683954332	0.771146953405018	0.705286940804338
wdLC_k1_0.16_k2_0.347	200	0.897296932423311	0.883603090077252	0.906472661816546	0.887773194329858	0.16	0.347	0.654128683954332	0.771146953405018	0.705286940804338
wdLC_k1_0.16_k2_0.347	210	0.884839630312317	0.871953040723308	0.893879031918443	0.887076156569796	0.16	0.347	0.654128683954332	0.771146953405018	0.705286940804338
wdLC_k1_0.16_k2_0.347	220	0.876593994241053	0.863065540422511	0.884274468480754	0.893806596304582	0.16	0.347	0.654128683954332	0.771146953405018	0.705286940804338
wdLC_k1_0.16_k2_0.347	230	0.87488774752872	0.86036162432593	0.885491383497839	0.899703865528813	0.16	0.347	0.654128683954332	0.771146953405018	0.705286940804338
wdLC_k1_0.16_k2_0.347	240	0.859902081633362	0.84590097050296	0.872437021476067	0.901697078074272	0.16	0.347	0.654128683954332	0.771146953405018	0.705286940804338
wdLC_k1_0.16_k2_0.347	250	0.841296404742476	0.827238707819325	0.856285700571209	0.901697078074272	0.16	0.347	0.654128683954332	0.771146953405018	0.705286940804338
wdLC_k1_0.16_k2_0.347	260	0.840707475190234	0.82472339713719	0.857258926224443	0.901697078074272	0.16	0.347	0.654128683954332	0.771146953405018	0.705286940804338
wdLC_k1_0.16_k2_0.347	270	0.8249523313077	0.807291976265488	0.83880101998046	0.901697078074272	0.16	0.347	0.654128683954332	0.771146953405018	0.705286940804338
wdLC_k1_0.16_k2_0.347	280	0.826623699646315	0.802143977783973	0.839992128179478	0.901697078074272	0.16	0.347	0.654128683954332	0.771146953405018	0.705286940804338
wdLC_k1_0.16_k2_0.347	290	0.810973028093737	0.784540633760457	0.826650118025923	0.901697078074272	0.16	0.347	0.654128683954332	0.771146953405018	0.705286940804338
wdLC_k1_0.16_k2_0.347	300	0.800872454138379	0.773901932243692	0.819174879720886	0.901697078074272	0.16	0.347	0.654128683954332	0.771146953405018	0.705286940804338
wdLC_k1_0.16_k2_0.36	10	0.6	0.636363636363636	0.163636363636364	0.418181818181818	0.16	0.36	0.646163377290026	0.762903225806452	0.696791685494803
wdLC_k1_0.16_k2_0.36	20	0.502255639097744	0.61203007518797	0.6	0.455639097744361	0.16	0.36	0.646163377290026	0.762903225806452	0.696791685494803
wdLC_k1_0.16_k2_0.36	30	0.803337041156841	0.821579532814238	0.780645161290323	0.748164627363738	0.16	0.36	0.646163377290026	0.762903225806452	0.696791685494803
wdLC_k1_0.16_k2_0.36	40	0.890243902439025	0.893433395872421	0.886303939962477	0.80656660412758	0.16	0.36	0.646163377290026	0.762903225806452	0.696791685494803
wdLC_k1_0.16_k2_0.36	50	0.907611044417767	0.905210084033613	0.913949579831933	0.82578631452581	0.16	0.36	0.646163377290026	0.762903225806452	0.696791685494803
wdLC_k1_0.16_k2_0.36	60	0.871964434565157	0.856293414837455	0.903473186996388	0.826562934148375	0.16	0.36	0.646163377290026	0.762903225806452	0.696791685494803
wdLC_k1_0.16_k2_0.36	70	0.910069110314058	0.900516140320182	0.933234187735106	0.851001662146794	0.16	0.36	0.646163377290026	0.762903225806452	0.696791685494803
wdLC_k1_0.16_k2_0.36	80	0.888982653539616	0.90182841068917	0.927402719174871	0.867932489451477	0.16	0.36	0.646163377290026	0.762903225806452	0.696791685494803
wdLC_k1_0.16_k2_0.36	90	0.904877145326584	0.91389883524715	0.931892826274849	0.880940033749022	0.16	0.36	0.646163377290026	0.762903225806452	0.696791685494803
wdLC_k1_0.16_k2_0.36	100	0.907806780678068	0.916735673567357	0.928808880888089	0.863234323432343	0.16	0.36	0.646163377290026	0.762903225806452	0.696791685494803
wdLC_k1_0.16_k2_0.36	110	0.918075874039177	0.923566936410973	0.934801523792349	0.886355746906206	0.16	0.36	0.646163377290026	0.762903225806452	0.696791685494803
wdLC_k1_0.16_k2_0.36	120	0.916251128550594	0.918862421001458	0.930946593513438	0.904750329884019	0.16	0.36	0.646163377290026	0.762903225806452	0.696791685494803
wdLC_k1_0.16_k2_0.36	130	0.912641166750877	0.913433202692922	0.926635622499283	0.906108235808218	0.16	0.36	0.646163377290026	0.762903225806452	0.696791685494803
wdLC_k1_0.16_k2_0.36	140	0.915549627167567	0.914154512256456	0.927327195993965	0.916922875073801	0.16	0.36	0.646163377290026	0.762903225806452	0.696791685494803
wdLC_k1_0.16_k2_0.36	150	0.914598871060936	0.912675230010223	0.925717587448331	0.912536557180319	0.16	0.36	0.646163377290026	0.762903225806452	0.696791685494803
wdLC_k1_0.16_k2_0.36	160	0.905215047462791	0.903463025899449	0.916579749208953	0.908077463963436	0.16	0.36	0.646163377290026	0.762903225806452	0.696791685494803
wdLC_k1_0.16_k2_0.36	170	0.903725551260679	0.897987921422073	0.915620935387547	0.904082168526084	0.16	0.36	0.646163377290026	0.762903225806452	0.696791685494803
wdLC_k1_0.16_k2_0.36	180	0.907019763984485	0.898301387902919	0.921197156290832	0.893389713674291	0.16	0.36	0.646163377290026	0.762903225806452	0.696791685494803
wdLC_k1_0.16_k2_0.36	190	0.901710646599046	0.890065477830703	0.911534508172701	0.886813018584857	0.16	0.36	0.646163377290026	0.762903225806452	0.696791685494803
wdLC_k1_0.16_k2_0.36	200	0.891526288157204	0.879563489087227	0.899813995349884	0.887981699542489	0.16	0.36	0.646163377290026	0.762903225806452	0.696791685494803
wdLC_k1_0.16_k2_0.36	210	0.880418409228586	0.869502709812014	0.88917273796296	0.878889382007367	0.16	0.36	0.646163377290026	0.762903225806452	0.696791685494803
wdLC_k1_0.16_k2_0.36	220	0.877477558702377	0.863609879242434	0.886056248344725	0.883699700782698	0.16	0.36	0.646163377290026	0.762903225806452	0.696791685494803
wdLC_k1_0.16_k2_0.36	230	0.868444295404614	0.85333625933588	0.875355250407462	0.892918169736093	0.16	0.36	0.646163377290026	0.762903225806452	0.696791685494803
wdLC_k1_0.16_k2_0.36	240	0.857183284432021	0.840965988992864	0.869083664646956	0.900388027569923	0.16	0.36	0.646163377290026	0.762903225806452	0.696791685494803
wdLC_k1_0.16_k2_0.36	250	0.84314731435703	0.824032256516104	0.858054432870926	0.900388027569923	0.16	0.36	0.646163377290026	0.762903225806452	0.696791685494803
wdLC_k1_0.16_k2_0.36	260	0.832172301137818	0.81623874727323	0.848138627448972	0.900388027569923	0.16	0.36	0.646163377290026	0.762903225806452	0.696791685494803
wdLC_k1_0.16_k2_0.36	270	0.824060991539283	0.803252292745976	0.83967406960315	0.900388027569923	0.16	0.36	0.646163377290026	0.762903225806452	0.696791685494803
wdLC_k1_0.16_k2_0.36	280	0.817457401971235	0.796860564912453	0.836514860794507	0.900388027569923	0.16	0.36	0.646163377290026	0.762903225806452	0.696791685494803
wdLC_k1_0.16_k2_0.36	290	0.805268421331018	0.784731541766662	0.824884710999475	0.900388027569923	0.16	0.36	0.646163377290026	0.762903225806452	0.696791685494803
wdLC_k1_0.16_k2_0.36	300	0.804984055378393	0.779402882254247	0.826413182368693	0.900388027569923	0.16	0.36	0.646163377290026	0.762903225806452	0.696791685494803
wdLC_k1_0.16_k2_0.413	10	0.757575757575757	0.757575757575757	0.175757575757576	0.818181818181818	0.16	0.413	0.610673510930171	0.727240143369176	0.657840036150023
wdLC_k1_0.16_k2_0.413	20	0.756390977443609	0.809022556390977	0.714285714285714	0.681203007518797	0.16	0.413	0.610673510930171	0.727240143369176	0.657840036150023
wdLC_k1_0.16_k2_0.413	30	0.857174638487208	0.903893214682981	0.830033370411569	0.810901001112347	0.16	0.413	0.610673510930171	0.727240143369176	0.657840036150023
wdLC_k1_0.16_k2_0.413	40	0.895121951219512	0.91782363977486	0.882926829268293	0.795121951219513	0.16	0.413	0.610673510930171	0.727240143369176	0.657840036150023
wdLC_k1_0.16_k2_0.413	50	0.89358943577431	0.885810324129652	0.908859543817527	0.802448979591837	0.16	0.413	0.610673510930171	0.727240143369176	0.657840036150023
wdLC_k1_0.16_k2_0.413	60	0.906251736593499	0.892414559599889	0.931314253959433	0.847791053070298	0.16	0.413	0.610673510930171	0.727240143369176	0.657840036150023
wdLC_k1_0.16_k2_0.413	70	0.884874464176363	0.887253958533812	0.916997638001924	0.87105240136471	0.16	0.413	0.610673510930171	0.727240143369176	0.657840036150023
wdLC_k1_0.16_k2_0.413	80	0.903445850914205	0.90253164556962	0.931645569620253	0.891068917018284	0.16	0.413	0.610673510930171	0.727240143369176	0.657840036150023
wdLC_k1_0.16_k2_0.413	90	0.892612256657201	0.900810799687204	0.926558834424003	0.897551138000576	0.16	0.413	0.610673510930171	0.727240143369176	0.657840036150023
wdLC_k1_0.16_k2_0.413	100	0.894533453345335	0.909174917491749	0.923744374437444	0.914491449144915	0.16	0.413	0.610673510930171	0.727240143369176	0.657840036150023
wdLC_k1_0.16_k2_0.413	110	0.900619885940987	0.913459414376845	0.923431688569303	0.927480107296621	0.16	0.413	0.610673510930171	0.727240143369176	0.657840036150023
wdLC_k1_0.16_k2_0.413	120	0.901382040419473	0.912028613098132	0.921869574275991	0.939134662129314	0.16	0.413	0.610673510930171	0.727240143369176	0.657840036150023
wdLC_k1_0.16_k2_0.413	130	0.905884280817709	0.913591609881331	0.923658659820563	0.936101817585929	0.16	0.413	0.610673510930171	0.727240143369176	0.657840036150023
wdLC_k1_0.16_k2_0.413	140	0.914985458441757	0.918873411908771	0.931328857886335	0.934766351052896	0.16	0.413	0.610673510930171	0.727240143369176	0.657840036150023
wdLC_k1_0.16_k2_0.413	150	0.914012178319036	0.914381972532113	0.927178985732699	0.924679319080848	0.16	0.413	0.610673510930171	0.727240143369176	0.657840036150023
wdLC_k1_0.16_k2_0.413	160	0.915111918434314	0.914508379233564	0.927209070666823	0.919670690261338	0.16	0.413	0.610673510930171	0.727240143369176	0.657840036150023
wdLC_k1_0.16_k2_0.413	170	0.907174479882268	0.903884319221304	0.917594543267323	0.909719652420296	0.16	0.413	0.610673510930171	0.727240143369176	0.657840036150023
wdLC_k1_0.16_k2_0.413	180	0.900066874492011	0.894076977684497	0.909791454468759	0.898624443141249	0.16	0.413	0.610673510930171	0.727240143369176	0.657840036150023
wdLC_k1_0.16_k2_0.413	190	0.88687425369707	0.87936507936508	0.89283855362665	0.890161704435609	0.16	0.413	0.610673510930171	0.727240143369176	0.657840036150023
wdLC_k1_0.16_k2_0.413	200	0.872291307282682	0.862268056701418	0.880019500487512	0.89278331958299	0.16	0.413	0.610673510930171	0.727240143369176	0.657840036150023
wdLC_k1_0.16_k2_0.413	210	0.871012300246523	0.860018853683109	0.8792496104544	0.891231741568484	0.16	0.413	0.610673510930171	0.727240143369176	0.657840036150023
wdLC_k1_0.16_k2_0.413	220	0.852442480967864	0.84436417732147	0.865854854251309	0.88918929579687	0.16	0.413	0.610673510930171	0.727240143369176	0.657840036150023
wdLC_k1_0.16_k2_0.413	230	0.834991209663699	0.827511163603816	0.848796352688512	0.890948542628816	0.16	0.413	0.610673510930171	0.727240143369176	0.657840036150023
wdLC_k1_0.16_k2_0.413	240	0.81420163544506	0.81226931023108	0.830517890935606	0.897625826837271	0.16	0.413	0.610673510930171	0.727240143369176	0.657840036150023
wdLC_k1_0.16_k2_0.413	250	0.816306820909135	0.812825421206739	0.83117169874718	0.897625826837271	0.16	0.413	0.610673510930171	0.727240143369176	0.657840036150023
wdLC_k1_0.16_k2_0.413	260	0.812982668155082	0.808185601289049	0.82975942975943	0.897625826837271	0.16	0.413	0.610673510930171	0.727240143369176	0.657840036150023
wdLC_k1_0.16_k2_0.413	270	0.812180932218244	0.801731162293035	0.829254783254152	0.897625826837271	0.16	0.413	0.610673510930171	0.727240143369176	0.657840036150023
wdLC_k1_0.16_k2_0.413	280	0.808726787695907	0.790660959596788	0.829243813241058	0.897625826837271	0.16	0.413	0.610673510930171	0.727240143369176	0.657840036150023
wdLC_k1_0.16_k2_0.413	290	0.805179363730185	0.786118084966364	0.823038118867296	0.897625826837271	0.16	0.413	0.610673510930171	0.727240143369176	0.657840036150023
wdLC_k1_0.16_k2_0.413	300	0.791401682240914	0.771542794919944	0.805260502894477	0.897625826837271	0.16	0.413	0.610673510930171	0.727240143369176	0.657840036150023
wdLC_k1_0.16_k2_0.44	10	0.672727272727273	0.745454545454545	0.187878787878788	0.854545454545454	0.16	0.44	0.595008407823701	0.713082437275986	0.641662901039313
wdLC_k1_0.16_k2_0.44	20	0.834586466165414	0.878195488721805	0.732330827067669	0.757894736842105	0.16	0.44	0.595008407823701	0.713082437275986	0.641662901039313
wdLC_k1_0.16_k2_0.44	30	0.888320355951057	0.927474972191324	0.844271412680756	0.842046718576196	0.16	0.44	0.595008407823701	0.713082437275986	0.641662901039313
wdLC_k1_0.16_k2_0.44	40	0.903564727954972	0.924390243902439	0.889118198874297	0.859099437148218	0.16	0.44	0.595008407823701	0.713082437275986	0.641662901039313
wdLC_k1_0.16_k2_0.44	50	0.900888355342137	0.89109243697479	0.910972388955582	0.824729891956783	0.16	0.44	0.595008407823701	0.713082437275986	0.641662901039313
wdLC_k1_0.16_k2_0.44	60	0.885023617671576	0.881800500138928	0.915087524312309	0.837565990552932	0.16	0.44	0.595008407823701	0.713082437275986	0.641662901039313
wdLC_k1_0.16_k2_0.44	70	0.886624092380369	0.891872976992389	0.913498381593911	0.860064736243548	0.16	0.44	0.595008407823701	0.713082437275986	0.641662901039313
wdLC_k1_0.16_k2_0.44	80	0.904336615096109	0.90548523206751	0.928738865447726	0.88413033286451	0.16	0.44	0.595008407823701	0.713082437275986	0.641662901039313
wdLC_k1_0.16_k2_0.44	90	0.873795118738939	0.895328641396057	0.910408692431164	0.892480553154711	0.16	0.44	0.595008407823701	0.713082437275986	0.641662901039313
wdLC_k1_0.16_k2_0.44	100	0.891425142514251	0.906966696669667	0.919243924392439	0.910747074707471	0.16	0.44	0.595008407823701	0.713082437275986	0.641662901039313
wdLC_k1_0.16_k2_0.44	110	0.891368933570768	0.907319162365034	0.915064355431328	0.922746432838176	0.16	0.44	0.595008407823701	0.713082437275986	0.641662901039313
wdLC_k1_0.16_k2_0.44	120	0.903923883603028	0.915799708313077	0.922980762552955	0.936141398708243	0.16	0.44	0.595008407823701	0.713082437275986	0.641662901039313
wdLC_k1_0.16_k2_0.44	130	0.910860451460487	0.918742574663043	0.927094457113985	0.939433830859359	0.16	0.44	0.595008407823701	0.713082437275986	0.641662901039313
wdLC_k1_0.16_k2_0.44	140	0.914749294789093	0.921003258183727	0.93009555881131	0.927834510507096	0.16	0.44	0.595008407823701	0.713082437275986	0.641662901039313
wdLC_k1_0.16_k2_0.44	150	0.908543490821814	0.911786301613405	0.921596515400685	0.924437530556914	0.16	0.44	0.595008407823701	0.713082437275986	0.641662901039313
wdLC_k1_0.16_k2_0.44	160	0.909791398101488	0.909000351576233	0.921261572717684	0.911118598382749	0.16	0.44	0.595008407823701	0.713082437275986	0.641662901039313
wdLC_k1_0.16_k2_0.44	170	0.908356690542926	0.907018154505652	0.921019046048815	0.903215051202667	0.16	0.44	0.595008407823701	0.713082437275986	0.641662901039313
wdLC_k1_0.16_k2_0.44	180	0.899387841188514	0.890963712871797	0.909688570634896	0.893638692552239	0.16	0.44	0.595008407823701	0.713082437275986	0.641662901039313
wdLC_k1_0.16_k2_0.44	190	0.886660805591641	0.877181610221015	0.898591155025435	0.892714333827588	0.16	0.44	0.595008407823701	0.713082437275986	0.641662901039313
wdLC_k1_0.16_k2_0.44	200	0.884789619740494	0.872910822770569	0.894637365934148	0.893261831545789	0.16	0.44	0.595008407823701	0.713082437275986	0.641662901039313
wdLC_k1_0.16_k2_0.44	210	0.875360957326535	0.862327943944307	0.884154159634329	0.894047484069933	0.16	0.44	0.595008407823701	0.713082437275986	0.641662901039313
wdLC_k1_0.16_k2_0.44	220	0.85708006739433	0.845229709855012	0.870332407318709	0.894158218896333	0.16	0.44	0.595008407823701	0.713082437275986	0.641662901039313
wdLC_k1_0.16_k2_0.44	230	0.849408840637244	0.839142516871775	0.860691046185635	0.89610192351791	0.16	0.44	0.595008407823701	0.713082437275986	0.641662901039313
wdLC_k1_0.16_k2_0.44	240	0.834860848278616	0.823537735030122	0.846158787478949	0.906046979982291	0.16	0.44	0.595008407823701	0.713082437275986	0.641662901039313
wdLC_k1_0.16_k2_0.44	250	0.82741535064561	0.810517544280708	0.839970815533049	0.906046979982291	0.16	0.44	0.595008407823701	0.713082437275986	0.641662901039313
wdLC_k1_0.16_k2_0.44	260	0.821519890485408	0.801657739588774	0.834062861649068	0.906046979982291	0.16	0.44	0.595008407823701	0.713082437275986	0.641662901039313
wdLC_k1_0.16_k2_0.44	270	0.816376691647957	0.796877567288684	0.831620308768143	0.906046979982291	0.16	0.44	0.595008407823701	0.713082437275986	0.641662901039313
wdLC_k1_0.16_k2_0.44	280	0.801597323581022	0.77953873318355	0.814967938730997	0.906046979982291	0.16	0.44	0.595008407823701	0.713082437275986	0.641662901039313
wdLC_k1_0.16_k2_0.44	290	0.808178784363749	0.785152720254577	0.822691237051898	0.906046979982291	0.16	0.44	0.595008407823701	0.713082437275986	0.641662901039313
wdLC_k1_0.16_k2_0.44	300	0.801958243980489	0.780590895454394	0.819020211335682	0.906046979982291	0.16	0.44	0.595008407823701	0.713082437275986	0.641662901039313
wdLC_k1_0.16_k2_0.453	10	0.745454545454545	0.721212121212121	0.0787878787878788	0.76969696969697	0.16	0.453	0.585361536419152	0.704480286738351	0.630908269317668
wdLC_k1_0.16_k2_0.453	20	0.842105263157895	0.884210526315789	0.711278195488722	0.739849624060151	0.16	0.453	0.585361536419152	0.704480286738351	0.630908269317668
wdLC_k1_0.16_k2_0.453	30	0.899888765294772	0.935928809788654	0.846051167964405	0.83448275862069	0.16	0.453	0.585361536419152	0.704480286738351	0.630908269317668
wdLC_k1_0.16_k2_0.453	40	0.911819887429644	0.936960600375235	0.896998123827392	0.87016885553471	0.16	0.453	0.585361536419152	0.704480286738351	0.630908269317668
wdLC_k1_0.16_k2_0.453	50	0.898103241296519	0.893877551020408	0.910396158463385	0.819255702280912	0.16	0.453	0.585361536419152	0.704480286738351	0.630908269317668
wdLC_k1_0.16_k2_0.453	60	0.882300639066408	0.884690191719922	0.91308696860239	0.833787163100862	0.16	0.453	0.585361536419152	0.704480286738351	0.630908269317668
wdLC_k1_0.16_k2_0.453	70	0.884839471612282	0.893762575452716	0.911258857492783	0.857650249322019	0.16	0.453	0.585361536419152	0.704480286738351	0.630908269317668
wdLC_k1_0.16_k2_0.453	80	0.901781528363807	0.905766526019691	0.926113455227379	0.879957805907173	0.16	0.453	0.585361536419152	0.704480286738351	0.630908269317668
wdLC_k1_0.16_k2_0.453	90	0.889023336214348	0.900794336749393	0.920566325060707	0.893007367164671	0.16	0.453	0.585361536419152	0.704480286738351	0.630908269317668
wdLC_k1_0.16_k2_0.453	100	0.892709270927093	0.91041104110411	0.9199399939994	0.911635163516352	0.16	0.453	0.585361536419152	0.704480286738351	0.630908269317668
wdLC_k1_0.16_k2_0.453	110	0.891062371796317	0.908653607736176	0.914297950995199	0.926533372404932	0.16	0.453	0.585361536419152	0.704480286738351	0.630908269317668
wdLC_k1_0.16_k2_0.453	120	0.903757205361483	0.916987290784082	0.922522397388707	0.935717758177651	0.16	0.453	0.585361536419152	0.704480286738351	0.630908269317668
wdLC_k1_0.16_k2_0.453	130	0.911368446926764	0.920162777041882	0.927799095986563	0.94066831446558	0.16	0.453	0.585361536419152	0.704480286738351	0.630908269317668
wdLC_k1_0.16_k2_0.453	140	0.917596378823993	0.922704511163106	0.93164811615753	0.927637707463209	0.16	0.453	0.585361536419152	0.704480286738351	0.630908269317668
wdLC_k1_0.16_k2_0.453	150	0.912646784301525	0.914225521134273	0.92612293879728	0.918257700342238	0.16	0.453	0.585361536419152	0.704480286738351	0.630908269317668
wdLC_k1_0.16_k2_0.453	160	0.902897574123989	0.904986522911051	0.915366811203562	0.910119535919372	0.16	0.453	0.585361536419152	0.704480286738351	0.630908269317668
wdLC_k1_0.16_k2_0.453	170	0.905577029939974	0.903793943612948	0.917577445179255	0.903102692338225	0.16	0.453	0.585361536419152	0.704480286738351	0.630908269317668
wdLC_k1_0.16_k2_0.453	180	0.902034013395475	0.896873360288898	0.912908834634814	0.891899955759951	0.16	0.453	0.585361536419152	0.704480286738351	0.630908269317668
wdLC_k1_0.16_k2_0.453	190	0.89475433785161	0.88535212376491	0.90436650089447	0.895902058811952	0.16	0.453	0.585361536419152	0.704480286738351	0.630908269317668
wdLC_k1_0.16_k2_0.453	200	0.880861021525538	0.869139728493212	0.890417760444011	0.892822320558014	0.16	0.453	0.585361536419152	0.704480286738351	0.630908269317668
wdLC_k1_0.16_k2_0.453	210	0.873222910788389	0.85899388713058	0.881732336010211	0.891455912508544	0.16	0.453	0.585361536419152	0.704480286738351	0.630908269317668
wdLC_k1_0.16_k2_0.453	220	0.852703943920705	0.839924942100607	0.864921701988584	0.893279162416955	0.16	0.453	0.585361536419152	0.704480286738351	0.630908269317668
wdLC_k1_0.16_k2_0.453	230	0.840212644769319	0.830545000850678	0.849564674930158	0.895043631136284	0.16	0.453	0.585361536419152	0.704480286738351	0.630908269317668
wdLC_k1_0.16_k2_0.453	240	0.828653275230473	0.821162693796767	0.841480754874216	0.905038281914617	0.16	0.453	0.585361536419152	0.704480286738351	0.630908269317668
wdLC_k1_0.16_k2_0.453	250	0.820138434214947	0.807123697979167	0.831828349253588	0.905038281914617	0.16	0.453	0.585361536419152	0.704480286738351	0.630908269317668
wdLC_k1_0.16_k2_0.453	260	0.818452252935012	0.799872324010255	0.830186837083389	0.905038281914617	0.16	0.453	0.585361536419152	0.704480286738351	0.630908269317668
wdLC_k1_0.16_k2_0.453	270	0.805056920457681	0.788468977626579	0.81869771114068	0.905038281914617	0.16	0.453	0.585361536419152	0.704480286738351	0.630908269317668
wdLC_k1_0.16_k2_0.453	280	0.807572254019275	0.786083277301278	0.817844433146924	0.905038281914617	0.16	0.453	0.585361536419152	0.704480286738351	0.630908269317668
wdLC_k1_0.16_k2_0.453	290	0.810714711848228	0.792013107704344	0.822390606145221	0.905038281914617	0.16	0.453	0.585361536419152	0.704480286738351	0.630908269317668
wdLC_k1_0.16_k2_0.453	300	0.807774753052812	0.786996744408271	0.819023766930744	0.905038281914617	0.16	0.453	0.585361536419152	0.704480286738351	0.630908269317668
wdLC_k1_0.16_k2_0.467	10	0.551515151515151	0.745454545454545	0.272727272727273	0.842424242424242	0.16	0.467	0.57695371271794	0.695161290322581	0.622232263895165
wdLC_k1_0.16_k2_0.467	20	0.819548872180451	0.87218045112782	0.744360902255639	0.750375939849624	0.16	0.467	0.57695371271794	0.695161290322581	0.622232263895165
wdLC_k1_0.16_k2_0.467	30	0.887430478309233	0.935928809788654	0.822469410456062	0.821579532814238	0.16	0.467	0.57695371271794	0.695161290322581	0.622232263895165
wdLC_k1_0.16_k2_0.467	40	0.915196998123828	0.934146341463415	0.907692307692308	0.802439024390244	0.16	0.467	0.57695371271794	0.695161290322581	0.622232263895165
wdLC_k1_0.16_k2_0.467	50	0.927875150060024	0.932773109243698	0.927683073229292	0.823769507803121	0.16	0.467	0.57695371271794	0.695161290322581	0.622232263895165
wdLC_k1_0.16_k2_0.467	60	0.886968602389553	0.889469297026952	0.920589052514588	0.839066407335371	0.16	0.467	0.57695371271794	0.695161290322581	0.622232263895165
wdLC_k1_0.16_k2_0.467	70	0.881130259819788	0.888408713148456	0.916227801592162	0.86300411162628	0.16	0.467	0.57695371271794	0.695161290322581	0.622232263895165
wdLC_k1_0.16_k2_0.467	80	0.886544772620722	0.897116736990155	0.918448195030473	0.888654477262072	0.16	0.467	0.57695371271794	0.695161290322581	0.622232263895165
wdLC_k1_0.16_k2_0.467	90	0.883607029674445	0.90089311437626	0.921619953080627	0.88393628843067	0.16	0.467	0.57695371271794	0.695161290322581	0.622232263895165
wdLC_k1_0.16_k2_0.467	100	0.89970597059706	0.915595559555956	0.927872787278728	0.905670567056706	0.16	0.467	0.57695371271794	0.695161290322581	0.622232263895165
wdLC_k1_0.16_k2_0.467	110	0.903910916754953	0.917913576629173	0.927534206433289	0.918057840993621	0.16	0.467	0.57695371271794	0.695161290322581	0.622232263895165
wdLC_k1_0.16_k2_0.467	120	0.913313424543371	0.923494687131051	0.932661990416001	0.931543857212306	0.16	0.467	0.57695371271794	0.695161290322581	0.622232263895165
wdLC_k1_0.16_k2_0.467	130	0.90857174070382	0.915579893211706	0.925701566319354	0.934528670335523	0.16	0.467	0.57695371271794	0.695161290322581	0.622232263895165
wdLC_k1_0.16_k2_0.467	140	0.914088911241827	0.918812184295117	0.929321466838687	0.920985764579826	0.16	0.467	0.57695371271794	0.695161290322581	0.622232263895165
wdLC_k1_0.16_k2_0.467	150	0.920074669985333	0.922830348015468	0.933255700253345	0.922250766700742	0.16	0.467	0.57695371271794	0.695161290322581	0.622232263895165
wdLC_k1_0.16_k2_0.467	160	0.902267666705731	0.901151412164537	0.915536739716395	0.913573772412985	0.16	0.467	0.57695371271794	0.695161290322581	0.622232263895165
wdLC_k1_0.16_k2_0.467	170	0.905191101666453	0.902890187529388	0.918576462039191	0.907716733532404	0.16	0.467	0.57695371271794	0.695161290322581	0.622232263895165
wdLC_k1_0.16_k2_0.467	180	0.898031832258197	0.893827998806547	0.911163924812494	0.895657273372635	0.16	0.467	0.57695371271794	0.695161290322581	0.622232263895165
wdLC_k1_0.16_k2_0.467	190	0.889447877984665	0.882279870706435	0.902298503676294	0.894292450148058	0.16	0.467	0.57695371271794	0.695161290322581	0.622232263895165
wdLC_k1_0.16_k2_0.467	200	0.873417835445886	0.864567614190355	0.88532813320333	0.89089627240681	0.16	0.467	0.57695371271794	0.695161290322581	0.622232263895165
wdLC_k1_0.16_k2_0.467	210	0.86822765660381	0.856091326981823	0.87774002001989	0.894944167830174	0.16	0.467	0.57695371271794	0.695161290322581	0.622232263895165
wdLC_k1_0.16_k2_0.467	220	0.867736936713568	0.855382812191837	0.876678518902532	0.890019891470335	0.16	0.467	0.57695371271794	0.695161290322581	0.622232263895165
wdLC_k1_0.16_k2_0.467	230	0.857673975919657	0.845048439314625	0.863558199916658	0.894757606168276	0.16	0.467	0.57695371271794	0.695161290322581	0.622232263895165
wdLC_k1_0.16_k2_0.467	240	0.847378426708797	0.835225437941631	0.85482126425806	0.905232729734891	0.16	0.467	0.57695371271794	0.695161290322581	0.622232263895165
wdLC_k1_0.16_k2_0.467	250	0.835333557336917	0.823807228915663	0.849838237411799	0.905232729734891	0.16	0.467	0.57695371271794	0.695161290322581	0.622232263895165
wdLC_k1_0.16_k2_0.467	260	0.835225600742842	0.819428598738944	0.848103806724496	0.905232729734891	0.16	0.467	0.57695371271794	0.695161290322581	0.622232263895165
wdLC_k1_0.16_k2_0.467	270	0.820829732460893	0.804271663534479	0.834232141577921	0.905232729734891	0.16	0.467	0.57695371271794	0.695161290322581	0.622232263895165
wdLC_k1_0.16_k2_0.467	280	0.813538984644483	0.792564956185666	0.825456592923015	0.905232729734891	0.16	0.467	0.57695371271794	0.695161290322581	0.622232263895165
wdLC_k1_0.16_k2_0.467	290	0.814594375840297	0.793435569162945	0.827556931055394	0.905232729734891	0.16	0.467	0.57695371271794	0.695161290322581	0.622232263895165
wdLC_k1_0.16_k2_0.467	300	0.813858820653563	0.791050122779142	0.827002522250247	0.905232729734891	0.16	0.467	0.57695371271794	0.695161290322581	0.622232263895165
wdLC_k1_0.16_k2_0.48	10	0.575757575757576	0.781818181818182	0.284848484848485	0.818181818181818	0.16	0.48	0.569076909461014	0.685483870967742	0.612923633077271
wdLC_k1_0.16_k2_0.48	20	0.84812030075188	0.873684210526316	0.777443609022556	0.765413533834587	0.16	0.48	0.569076909461014	0.685483870967742	0.612923633077271
wdLC_k1_0.16_k2_0.48	30	0.917686318131257	0.919466073414906	0.845606229143493	0.837597330367075	0.16	0.48	0.569076909461014	0.685483870967742	0.612923633077271
wdLC_k1_0.16_k2_0.48	40	0.925703564727955	0.926078799249531	0.915759849906192	0.787429643527205	0.16	0.48	0.569076909461014	0.685483870967742	0.612923633077271
wdLC_k1_0.16_k2_0.48	50	0.933253301320528	0.929315726290516	0.943625450180072	0.81781512605042	0.16	0.48	0.569076909461014	0.685483870967742	0.612923633077271
wdLC_k1_0.16_k2_0.48	60	0.922145040288969	0.922978605168102	0.934092803556543	0.828341205890525	0.16	0.48	0.569076909461014	0.685483870967742	0.612923633077271
wdLC_k1_0.16_k2_0.48	70	0.889003586737818	0.885574315457965	0.929664946198933	0.859224914705625	0.16	0.48	0.569076909461014	0.685483870967742	0.612923633077271
wdLC_k1_0.16_k2_0.48	80	0.872948898265354	0.885724331926864	0.923675574308486	0.878340365682138	0.16	0.48	0.569076909461014	0.685483870967742	0.612923633077271
wdLC_k1_0.16_k2_0.48	90	0.899329135284192	0.907280734247026	0.934247026381858	0.871012882248837	0.16	0.48	0.569076909461014	0.685483870967742	0.612923633077271
wdLC_k1_0.16_k2_0.48	100	0.916699669966997	0.924356435643564	0.945442544254425	0.892037203720372	0.16	0.48	0.569076909461014	0.685483870967742	0.612923633077271
wdLC_k1_0.16_k2_0.48	110	0.92411694430043	0.930203097175574	0.945909879854834	0.904379775939409	0.16	0.48	0.569076909461014	0.685483870967742	0.612923633077271
wdLC_k1_0.16_k2_0.48	120	0.928564483644698	0.932974512118897	0.946260156955344	0.921897353982915	0.16	0.48	0.569076909461014	0.685483870967742	0.612923633077271
wdLC_k1_0.16_k2_0.48	130	0.920080842289257	0.92297040789851	0.936440481230114	0.920714471042893	0.16	0.48	0.569076909461014	0.685483870967742	0.612923633077271
wdLC_k1_0.16_k2_0.48	140	0.915899499245588	0.916848527257222	0.930108679014235	0.9262775797599	0.16	0.48	0.569076909461014	0.685483870967742	0.612923633077271
wdLC_k1_0.16_k2_0.48	150	0.919395528690164	0.920124449975555	0.932878794613094	0.922072981021379	0.16	0.48	0.569076909461014	0.685483870967742	0.612923633077271
wdLC_k1_0.16_k2_0.48	160	0.919166764326731	0.915161725067385	0.930821516465487	0.910799249970702	0.16	0.48	0.569076909461014	0.685483870967742	0.612923633077271
wdLC_k1_0.16_k2_0.48	170	0.918508069686922	0.912023009141371	0.931404913257736	0.904963941353558	0.16	0.48	0.569076909461014	0.685483870967742	0.612923633077271
wdLC_k1_0.16_k2_0.48	180	0.914711359404097	0.906501229461815	0.92813975739992	0.8973980678416	0.16	0.48	0.569076909461014	0.685483870967742	0.612923633077271
wdLC_k1_0.16_k2_0.48	190	0.907183316056284	0.896150498410074	0.914904188919069	0.895697358579696	0.16	0.48	0.569076909461014	0.685483870967742	0.612923633077271
wdLC_k1_0.16_k2_0.48	200	0.891899797494938	0.883816095402385	0.899141978549464	0.891817295432386	0.16	0.48	0.569076909461014	0.685483870967742	0.612923633077271
wdLC_k1_0.16_k2_0.48	210	0.884378330574389	0.872327522813928	0.892076593897497	0.892340934196758	0.16	0.48	0.569076909461014	0.685483870967742	0.612923633077271
wdLC_k1_0.16_k2_0.48	220	0.88451564551484	0.871373751148127	0.890008621515471	0.891936910792672	0.16	0.48	0.569076909461014	0.685483870967742	0.612923633077271
wdLC_k1_0.16_k2_0.48	230	0.870846905135874	0.85618368720704	0.876275461770051	0.898409849121829	0.16	0.48	0.569076909461014	0.685483870967742	0.612923633077271
wdLC_k1_0.16_k2_0.48	240	0.850842896578065	0.835915554089481	0.858463688605705	0.901995694369694	0.16	0.48	0.569076909461014	0.685483870967742	0.612923633077271
wdLC_k1_0.16_k2_0.48	250	0.837503960063361	0.823150578409255	0.84784447751164	0.901995694369694	0.16	0.48	0.569076909461014	0.685483870967742	0.612923633077271
wdLC_k1_0.16_k2_0.48	260	0.831233507095576	0.816566471738885	0.847562378596861	0.901995694369694	0.16	0.48	0.569076909461014	0.685483870967742	0.612923633077271
wdLC_k1_0.16_k2_0.48	270	0.813706940043378	0.797295801954302	0.83170932081068	0.901995694369694	0.16	0.48	0.569076909461014	0.685483870967742	0.612923633077271
wdLC_k1_0.16_k2_0.48	280	0.809281641711902	0.787689347349547	0.827167620578251	0.901995694369694	0.16	0.48	0.569076909461014	0.685483870967742	0.612923633077271
wdLC_k1_0.16_k2_0.48	290	0.812766480883983	0.789322190472559	0.830603586659565	0.901995694369694	0.16	0.48	0.569076909461014	0.685483870967742	0.612923633077271
wdLC_k1_0.16_k2_0.48	300	0.805874731941466	0.780884676496406	0.820779341992689	0.901995694369694	0.16	0.48	0.569076909461014	0.685483870967742	0.612923633077271
wdLC_k1_0.16_k2_0.52	10	0.466666666666667	0.854545454545454	0.43030303030303	0.660606060606061	0.16	0.52	0.54482697583857	0.656272401433692	0.585359240849526
wdLC_k1_0.16_k2_0.52	20	0.837593984962406	0.906766917293233	0.803007518796992	0.759398496240602	0.16	0.52	0.54482697583857	0.656272401433692	0.585359240849526
wdLC_k1_0.16_k2_0.52	30	0.909677419354839	0.919021134593993	0.853170189098999	0.817575083426029	0.16	0.52	0.54482697583857	0.656272401433692	0.585359240849526
wdLC_k1_0.16_k2_0.52	40	0.921013133208255	0.928705440900563	0.921951219512195	0.801313320825516	0.16	0.52	0.54482697583857	0.656272401433692	0.585359240849526
wdLC_k1_0.16_k2_0.52	50	0.933829531812725	0.946890756302521	0.95140456182473	0.805042016806723	0.16	0.52	0.54482697583857	0.656272401433692	0.585359240849526
wdLC_k1_0.16_k2_0.52	60	0.925090302861906	0.928313420394554	0.944373437065852	0.818838566268408	0.16	0.52	0.54482697583857	0.656272401433692	0.585359240849526
wdLC_k1_0.16_k2_0.52	70	0.879170676231301	0.874446680080483	0.922841396203307	0.846662584200857	0.16	0.52	0.54482697583857	0.656272401433692	0.585359240849526
wdLC_k1_0.16_k2_0.52	80	0.86671354899203	0.87808251289264	0.91924519456165	0.868284106891702	0.16	0.52	0.54482697583857	0.656272401433692	0.585359240849526
wdLC_k1_0.16_k2_0.52	90	0.894686586821418	0.90089311437626	0.931151994073342	0.870272050047331	0.16	0.52	0.54482697583857	0.656272401433692	0.585359240849526
wdLC_k1_0.16_k2_0.52	100	0.910627062706271	0.917191719171917	0.94025802580258	0.883324332433243	0.16	0.52	0.54482697583857	0.656272401433692	0.585359240849526
wdLC_k1_0.16_k2_0.52	110	0.92052836823479	0.925027613101008	0.943114757793657	0.898834614430945	0.16	0.52	0.54482697583857	0.656272401433692	0.585359240849526
wdLC_k1_0.16_k2_0.52	120	0.924585040627821	0.926918536009445	0.943558580456976	0.917265087853323	0.16	0.52	0.54482697583857	0.656272401433692	0.585359240849526
wdLC_k1_0.16_k2_0.52	130	0.919709404744022	0.921348099796529	0.935998033565937	0.916601346461101	0.16	0.52	0.54482697583857	0.656272401433692	0.585359240849526
wdLC_k1_0.16_k2_0.52	140	0.919463821040432	0.919944895147712	0.934324637554394	0.921847324571953	0.16	0.52	0.54482697583857	0.656272401433692	0.585359240849526
wdLC_k1_0.16_k2_0.52	150	0.924117516334059	0.922392995244233	0.937970576470065	0.921624961109383	0.16	0.52	0.54482697583857	0.656272401433692	0.585359240849526
wdLC_k1_0.16_k2_0.52	160	0.918906011953592	0.914095277159264	0.93080686745576	0.913400914098207	0.16	0.52	0.54482697583857	0.656272401433692	0.585359240849526
wdLC_k1_0.16_k2_0.52	170	0.920513431158823	0.913762128956223	0.931424453929812	0.911339085618676	0.16	0.52	0.54482697583857	0.656272401433692	0.585359240849526
wdLC_k1_0.16_k2_0.52	180	0.917147648589977	0.908451906951861	0.928061565686184	0.905984752615822	0.16	0.52	0.54482697583857	0.656272401433692	0.585359240849526
wdLC_k1_0.16_k2_0.52	190	0.907678445677895	0.898223744352155	0.91760728172963	0.890280675510767	0.16	0.52	0.54482697583857	0.656272401433692	0.585359240849526
wdLC_k1_0.16_k2_0.52	200	0.904354608865222	0.894385359633991	0.912469811745294	0.891571289282232	0.16	0.52	0.54482697583857	0.656272401433692	0.585359240849526
wdLC_k1_0.16_k2_0.52	210	0.891349658074527	0.88130213513102	0.898648819377181	0.888044108547975	0.16	0.52	0.54482697583857	0.656272401433692	0.585359240849526
wdLC_k1_0.16_k2_0.52	220	0.887060401323093	0.872145743056299	0.894680017806529	0.891275364442165	0.16	0.52	0.54482697583857	0.656272401433692	0.585359240849526
wdLC_k1_0.16_k2_0.52	230	0.872795820090295	0.857885042620186	0.880341947780718	0.894731962550455	0.16	0.52	0.54482697583857	0.656272401433692	0.585359240849526
wdLC_k1_0.16_k2_0.52	240	0.863942950398444	0.846954808243198	0.870262504557371	0.894317609680723	0.16	0.52	0.54482697583857	0.656272401433692	0.585359240849526
wdLC_k1_0.16_k2_0.52	250	0.849140882254116	0.832638602217635	0.860151874429991	0.894317609680723	0.16	0.52	0.54482697583857	0.656272401433692	0.585359240849526
wdLC_k1_0.16_k2_0.52	260	0.836806188530326	0.822399967227553	0.84846293811811	0.894317609680723	0.16	0.52	0.54482697583857	0.656272401433692	0.585359240849526
wdLC_k1_0.16_k2_0.52	270	0.828365882171833	0.811404820367906	0.844830671355041	0.894317609680723	0.16	0.52	0.54482697583857	0.656272401433692	0.585359240849526
wdLC_k1_0.16_k2_0.52	280	0.819887279903352	0.803030104246957	0.838811901755306	0.894317609680723	0.16	0.52	0.54482697583857	0.656272401433692	0.585359240849526
wdLC_k1_0.16_k2_0.52	290	0.81508345459846	0.790788934716104	0.835099273393304	0.894317609680723	0.16	0.52	0.54482697583857	0.656272401433692	0.585359240849526
wdLC_k1_0.16_k2_0.52	300	0.805188057645085	0.778876209735664	0.824278047533861	0.894317609680723	0.16	0.52	0.54482697583857	0.656272401433692	0.585359240849526
wdLC_k1_0.16_k2_0.6	10	0.515151515151515	0.818181818181818	0.406060606060606	0.660606060606061	0.16	0.6	0.493406496150102	0.598028673835126	0.5286940804338
wdLC_k1_0.16_k2_0.6	20	0.796992481203008	0.851127819548872	0.732330827067669	0.754887218045113	0.16	0.6	0.493406496150102	0.598028673835126	0.5286940804338
wdLC_k1_0.16_k2_0.6	30	0.876307007786429	0.911902113459399	0.860734149054505	0.826473859844271	0.16	0.6	0.493406496150102	0.598028673835126	0.5286940804338
wdLC_k1_0.16_k2_0.6	40	0.91313320825516	0.931144465290807	0.902626641651032	0.786866791744841	0.16	0.6	0.493406496150102	0.598028673835126	0.5286940804338
wdLC_k1_0.16_k2_0.6	50	0.941992797118847	0.946218487394958	0.935174069627851	0.817334933973589	0.16	0.6	0.493406496150102	0.598028673835126	0.5286940804338
wdLC_k1_0.16_k2_0.6	60	0.880800222283968	0.871908863573215	0.90930814115032	0.831508752431231	0.16	0.6	0.493406496150102	0.598028673835126	0.5286940804338
wdLC_k1_0.16_k2_0.6	70	0.873256932901758	0.873536873414399	0.91045402851894	0.858770011372583	0.16	0.6	0.493406496150102	0.598028673835126	0.5286940804338
wdLC_k1_0.16_k2_0.6	80	0.850750117205813	0.869315518049695	0.899953117674637	0.883966244725738	0.16	0.6	0.493406496150102	0.598028673835126	0.5286940804338
wdLC_k1_0.16_k2_0.6	90	0.886175247973001	0.897551138000576	0.92310161748364	0.887541671811335	0.16	0.6	0.493406496150102	0.598028673835126	0.5286940804338
wdLC_k1_0.16_k2_0.6	100	0.903294329432943	0.913783378337834	0.92998499849985	0.901086108610861	0.16	0.6	0.493406496150102	0.598028673835126	0.5286940804338
wdLC_k1_0.16_k2_0.6	110	0.910159367040101	0.92034803777923	0.932709690507856	0.913612695264071	0.16	0.6	0.493406496150102	0.598028673835126	0.5286940804338
wdLC_k1_0.16_k2_0.6	120	0.918529064518369	0.925557330370164	0.937467879713869	0.927800541704285	0.16	0.6	0.493406496150102	0.598028673835126	0.5286940804338
wdLC_k1_0.16_k2_0.6	130	0.906823799314479	0.911952914828825	0.923986398831064	0.929923937237979	0.16	0.6	0.493406496150102	0.598028673835126	0.5286940804338
wdLC_k1_0.16_k2_0.6	140	0.917648859635696	0.91869847586976	0.930703461546872	0.9283112112134	0.16	0.6	0.493406496150102	0.598028673835126	0.5286940804338
wdLC_k1_0.16_k2_0.6	150	0.912892128539046	0.913066358504823	0.924636650517801	0.933785501577848	0.16	0.6	0.493406496150102	0.598028673835126	0.5286940804338
wdLC_k1_0.16_k2_0.6	160	0.916084612680183	0.915440056252197	0.927692487987812	0.928255009961326	0.16	0.6	0.493406496150102	0.598028673835126	0.5286940804338
wdLC_k1_0.16_k2_0.6	170	0.913422609778885	0.910650276927962	0.924871001031992	0.919944309084581	0.16	0.6	0.493406496150102	0.598028673835126	0.5286940804338
wdLC_k1_0.16_k2_0.6	180	0.9036698663539	0.899412533308641	0.915785466629629	0.906927168534008	0.16	0.6	0.493406496150102	0.598028673835126	0.5286940804338
wdLC_k1_0.16_k2_0.6	190	0.905563209944582	0.897889575596933	0.917458567885683	0.899607657888176	0.16	0.6	0.493406496150102	0.598028673835126	0.5286940804338
wdLC_k1_0.16_k2_0.6	200	0.896822920573015	0.884785119627991	0.906915172879322	0.895270381759544	0.16	0.6	0.493406496150102	0.598028673835126	0.5286940804338
wdLC_k1_0.16_k2_0.6	210	0.889437078262222	0.877009196839578	0.89989666108399	0.891036077915599	0.16	0.6	0.493406496150102	0.598028673835126	0.5286940804338
wdLC_k1_0.16_k2_0.6	220	0.87785059420837	0.863446464896908	0.889003341541617	0.894739748567307	0.16	0.6	0.493406496150102	0.598028673835126	0.5286940804338
wdLC_k1_0.16_k2_0.6	230	0.872054127759463	0.858478791002049	0.881831250200341	0.894422266550613	0.16	0.6	0.493406496150102	0.598028673835126	0.5286940804338
wdLC_k1_0.16_k2_0.6	240	0.867982083022275	0.856172850223094	0.878674976996128	0.899258667685203	0.16	0.6	0.493406496150102	0.598028673835126	0.5286940804338
wdLC_k1_0.16_k2_0.6	250	0.859863101809629	0.84550204003264	0.86997705563289	0.899258667685203	0.16	0.6	0.493406496150102	0.598028673835126	0.5286940804338
wdLC_k1_0.16_k2_0.6	260	0.844362285741596	0.830959720614893	0.863808636222429	0.899258667685203	0.16	0.6	0.493406496150102	0.598028673835126	0.5286940804338
wdLC_k1_0.16_k2_0.6	270	0.831962334493233	0.815337811370679	0.851299895898587	0.899258667685203	0.16	0.6	0.493406496150102	0.598028673835126	0.5286940804338
wdLC_k1_0.16_k2_0.6	280	0.827618063641482	0.808056589643089	0.84661539050243	0.899258667685203	0.16	0.6	0.493406496150102	0.598028673835126	0.5286940804338
wdLC_k1_0.16_k2_0.6	290	0.821460667661389	0.798495123358308	0.840479139733098	0.899258667685203	0.16	0.6	0.493406496150102	0.598028673835126	0.5286940804338
wdLC_k1_0.16_k2_0.6	300	0.815699285547617	0.794888387648752	0.835183057589529	0.899258667685203	0.16	0.6	0.493406496150102	0.598028673835126	0.5286940804338
wdLC_k1_0.2_k2_0.12	10	0.672727272727273	0.587878787878788	0.333333333333333	0.757575757575757	0.2	0.12	0.722010797415701	0.840860215053763	0.774514234071396
wdLC_k1_0.2_k2_0.12	20	0.845112781954887	0.828571428571429	0.712781954887218	0.772932330827068	0.2	0.12	0.722010797415701	0.840860215053763	0.774514234071396
wdLC_k1_0.2_k2_0.12	30	0.900778642936596	0.855839822024472	0.809566184649611	0.81979977753059	0.2	0.12	0.722010797415701	0.840860215053763	0.774514234071396
wdLC_k1_0.2_k2_0.12	40	0.928330206378987	0.90093808630394	0.895684803001876	0.793245778611633	0.2	0.12	0.722010797415701	0.840860215053763	0.774514234071396
wdLC_k1_0.2_k2_0.12	50	0.898391356542617	0.856326530612245	0.908379351740696	0.827611044417767	0.2	0.12	0.722010797415701	0.840860215053763	0.774514234071396
wdLC_k1_0.2_k2_0.12	60	0.885968324534593	0.867852181161434	0.91536537927202	0.81761600444568	0.2	0.12	0.722010797415701	0.840860215053763	0.774514234071396
wdLC_k1_0.2_k2_0.12	70	0.898381593911294	0.890648237249584	0.921861604409063	0.854535911118887	0.2	0.12	0.722010797415701	0.840860215053763	0.774514234071396
wdLC_k1_0.2_k2_0.12	80	0.880239099859353	0.88553680262541	0.910384435067979	0.872362869198312	0.2	0.12	0.722010797415701	0.840860215053763	0.774514234071396
wdLC_k1_0.2_k2_0.12	90	0.8912952216323	0.896448121167222	0.922344322344322	0.883261307980409	0.2	0.12	0.722010797415701	0.840860215053763	0.774514234071396
wdLC_k1_0.2_k2_0.12	100	0.902106210621062	0.908382838283828	0.923696369636964	0.883348334833483	0.2	0.12	0.722010797415701	0.840860215053763	0.774514234071396
wdLC_k1_0.2_k2_0.12	110	0.9068412866578	0.91330613348962	0.926578455018822	0.904136329824403	0.2	0.12	0.722010797415701	0.840860215053763	0.774514234071396
wdLC_k1_0.2_k2_0.12	120	0.905208695048267	0.908875616362247	0.922765469824293	0.911604972567539	0.2	0.12	0.722010797415701	0.840860215053763	0.774514234071396
wdLC_k1_0.2_k2_0.12	130	0.917054718758962	0.919010228188286	0.931092873042101	0.913187398435046	0.2	0.12	0.722010797415701	0.840860215053763	0.774514234071396
wdLC_k1_0.2_k2_0.12	140	0.896179834248103	0.897937941440161	0.910874461525005	0.912890599374604	0.2	0.12	0.722010797415701	0.840860215053763	0.774514234071396
wdLC_k1_0.2_k2_0.12	150	0.901769856438064	0.903323703275701	0.915278012356105	0.91036046046491	0.2	0.12	0.722010797415701	0.840860215053763	0.774514234071396
wdLC_k1_0.2_k2_0.12	160	0.901725653345834	0.899132778624165	0.913896050626978	0.901183639985937	0.2	0.12	0.722010797415701	0.840860215053763	0.774514234071396
wdLC_k1_0.2_k2_0.12	170	0.898376292279603	0.893703629069193	0.90774604454052	0.889863887006064	0.2	0.12	0.722010797415701	0.840860215053763	0.774514234071396
wdLC_k1_0.2_k2_0.12	180	0.894233361111968	0.888257868041195	0.90393324896859	0.880202063849707	0.2	0.12	0.722010797415701	0.840860215053763	0.774514234071396
wdLC_k1_0.2_k2_0.12	190	0.886987976048324	0.877417802796695	0.895027271494618	0.877807957940226	0.2	0.12	0.722010797415701	0.840860215053763	0.774514234071396
wdLC_k1_0.2_k2_0.12	200	0.880247506187655	0.872210305257632	0.88772819320483	0.87881647041176	0.2	0.12	0.722010797415701	0.840860215053763	0.774514234071396
wdLC_k1_0.2_k2_0.12	210	0.875896116853962	0.865731973190192	0.885477156916419	0.877693371731785	0.2	0.12	0.722010797415701	0.840860215053763	0.774514234071396
wdLC_k1_0.2_k2_0.12	220	0.865662138023137	0.853517634661873	0.873702123822994	0.881039991434834	0.2	0.12	0.722010797415701	0.840860215053763	0.774514234071396
wdLC_k1_0.2_k2_0.12	230	0.852219775667659	0.838049704235389	0.860781785141003	0.885792202860743	0.2	0.12	0.722010797415701	0.840860215053763	0.774514234071396
wdLC_k1_0.2_k2_0.12	240	0.847477386760187	0.825066407402906	0.855230993593639	0.895162242400041	0.2	0.12	0.722010797415701	0.840860215053763	0.774514234071396
wdLC_k1_0.2_k2_0.12	250	0.830082657322517	0.808112129794077	0.840001536024576	0.895162242400041	0.2	0.12	0.722010797415701	0.840860215053763	0.774514234071396
wdLC_k1_0.2_k2_0.12	260	0.810421638007845	0.786217137941276	0.823336030232582	0.895162242400041	0.2	0.12	0.722010797415701	0.840860215053763	0.774514234071396
wdLC_k1_0.2_k2_0.12	270	0.805455035962999	0.781765029546206	0.818475181034338	0.895162242400041	0.2	0.12	0.722010797415701	0.840860215053763	0.774514234071396
wdLC_k1_0.2_k2_0.12	280	0.788798508727334	0.768766365460201	0.803865391869065	0.895162242400041	0.2	0.12	0.722010797415701	0.840860215053763	0.774514234071396
wdLC_k1_0.2_k2_0.12	290	0.795056811122851	0.769212393767444	0.810547913358271	0.895162242400041	0.2	0.12	0.722010797415701	0.840860215053763	0.774514234071396
wdLC_k1_0.2_k2_0.12	300	0.789719885776509	0.764648940543784	0.806301403348926	0.895162242400041	0.2	0.12	0.722010797415701	0.840860215053763	0.774514234071396
wdLC_k1_0.2_k2_0.2	10	0.721212121212121	0.757575757575757	0.478787878787879	0.781818181818182	0.2	0.2	0.669705283653421	0.789426523297491	0.720831450519657
wdLC_k1_0.2_k2_0.2	20	0.78796992481203	0.834586466165414	0.678195488721805	0.771428571428571	0.2	0.2	0.669705283653421	0.789426523297491	0.720831450519657
wdLC_k1_0.2_k2_0.2	30	0.866073414905451	0.894549499443827	0.781535038932147	0.825583982202447	0.2	0.2	0.669705283653421	0.789426523297491	0.720831450519657
wdLC_k1_0.2_k2_0.2	40	0.910506566604128	0.916697936210132	0.881425891181989	0.817448405253284	0.2	0.2	0.669705283653421	0.789426523297491	0.720831450519657
wdLC_k1_0.2_k2_0.2	50	0.883889555822329	0.863241296518608	0.892821128451381	0.80734693877551	0.2	0.2	0.669705283653421	0.789426523297491	0.720831450519657
wdLC_k1_0.2_k2_0.2	60	0.873020283412059	0.863739927757711	0.901139205334816	0.840566824117811	0.2	0.2	0.669705283653421	0.789426523297491	0.720831450519657
wdLC_k1_0.2_k2_0.2	70	0.872872014696877	0.874901583413525	0.898941474936576	0.864613769573966	0.2	0.2	0.669705283653421	0.789426523297491	0.720831450519657
wdLC_k1_0.2_k2_0.2	80	0.887201125175809	0.888701359587436	0.913877168307548	0.873089545241444	0.2	0.2	0.669705283653421	0.789426523297491	0.720831450519657
wdLC_k1_0.2_k2_0.2	90	0.865168539325843	0.881450384821171	0.900679096184714	0.891097666378565	0.2	0.2	0.669705283653421	0.789426523297491	0.720831450519657
wdLC_k1_0.2_k2_0.2	100	0.884728472847285	0.896861686168617	0.910999099909991	0.900510051005101	0.2	0.2	0.669705283653421	0.789426523297491	0.720831450519657
wdLC_k1_0.2_k2_0.2	110	0.890178752564074	0.901223992967112	0.911295448910128	0.9171652052386	0.2	0.2	0.669705283653421	0.789426523297491	0.720831450519657
wdLC_k1_0.2_k2_0.2	120	0.890811861934857	0.898999930550733	0.910021529272866	0.926564344746163	0.2	0.2	0.669705283653421	0.789426523297491	0.720831450519657
wdLC_k1_0.2_k2_0.2	130	0.893774324379686	0.900088762648677	0.910259596607901	0.927700774283412	0.2	0.2	0.669705283653421	0.789426523297491	0.720831450519657
wdLC_k1_0.2_k2_0.2	140	0.904742953357679	0.90704336227067	0.919144562769238	0.913835253985262	0.2	0.2	0.669705283653421	0.789426523297491	0.720831450519657
wdLC_k1_0.2_k2_0.2	150	0.898747499888884	0.901876527845682	0.913116138495044	0.912753455709143	0.2	0.2	0.669705283653421	0.789426523297491	0.720831450519657
wdLC_k1_0.2_k2_0.2	160	0.8979667174499	0.896850462908707	0.91081975858432	0.911815891245752	0.2	0.2	0.669705283653421	0.789426523297491	0.720831450519657
wdLC_k1_0.2_k2_0.2	170	0.890110587991036	0.884548824201123	0.901461275883758	0.898346981271487	0.2	0.2	0.669705283653421	0.789426523297491	0.720831450519657
wdLC_k1_0.2_k2_0.2	180	0.883054003724395	0.875712213339918	0.896735495951521	0.885440908670021	0.2	0.2	0.669705283653421	0.789426523297491	0.720831450519657
wdLC_k1_0.2_k2_0.2	190	0.878290840539394	0.868976105184427	0.887351887572334	0.883243886330136	0.2	0.2	0.669705283653421	0.789426523297491	0.720831450519657
wdLC_k1_0.2_k2_0.2	200	0.860616515412886	0.852855321383035	0.871257781444536	0.877920948023701	0.2	0.2	0.669705283653421	0.789426523297491	0.720831450519657
wdLC_k1_0.2_k2_0.2	210	0.861983264926642	0.852844087815402	0.871442501125714	0.881089626262986	0.2	0.2	0.669705283653421	0.789426523297491	0.720831450519657
wdLC_k1_0.2_k2_0.2	220	0.855454939902966	0.843047846593374	0.8637947065022	0.888419557879671	0.2	0.2	0.669705283653421	0.789426523297491	0.720831450519657
wdLC_k1_0.2_k2_0.2	230	0.842042218271571	0.826619554738028	0.851961366903459	0.892359927901982	0.2	0.2	0.669705283653421	0.789426523297491	0.720831450519657
wdLC_k1_0.2_k2_0.2	240	0.837262799701384	0.821644472994323	0.847027726175801	0.897055504435841	0.2	0.2	0.669705283653421	0.789426523297491	0.720831450519657
wdLC_k1_0.2_k2_0.2	250	0.825549848797581	0.809906974511592	0.837769692315077	0.897055504435841	0.2	0.2	0.669705283653421	0.789426523297491	0.720831450519657
wdLC_k1_0.2_k2_0.2	260	0.8169058031127	0.798517046792909	0.828251897217414	0.897055504435841	0.2	0.2	0.669705283653421	0.789426523297491	0.720831450519657
wdLC_k1_0.2_k2_0.2	270	0.796492254885374	0.770902511999098	0.811813300289137	0.897055504435841	0.2	0.2	0.669705283653421	0.789426523297491	0.720831450519657
wdLC_k1_0.2_k2_0.2	280	0.790750064231869	0.764412264733697	0.807881113643942	0.897055504435841	0.2	0.2	0.669705283653421	0.789426523297491	0.720831450519657
wdLC_k1_0.2_k2_0.2	290	0.796089584073942	0.77256066434018	0.812800923050051	0.897055504435841	0.2	0.2	0.669705283653421	0.789426523297491	0.720831450519657
wdLC_k1_0.2_k2_0.2	300	0.795928843653818	0.770523228035867	0.811090789897665	0.897055504435841	0.2	0.2	0.669705283653421	0.789426523297491	0.720831450519657
wdLC_k1_0.2_k2_0.28	10	0.684848484848485	0.818181818181818	0.466666666666667	0.793939393939394	0.2	0.28	0.615275688113992	0.734229390681004	0.666154541346588
wdLC_k1_0.2_k2_0.28	20	0.84812030075188	0.846616541353384	0.750375939849624	0.803007518796992	0.2	0.28	0.615275688113992	0.734229390681004	0.666154541346588
wdLC_k1_0.2_k2_0.28	30	0.909232480533927	0.911457174638487	0.846496106785317	0.841601779755284	0.2	0.28	0.615275688113992	0.734229390681004	0.666154541346588
wdLC_k1_0.2_k2_0.28	40	0.934521575984991	0.936772983114447	0.920075046904315	0.820825515947468	0.2	0.28	0.615275688113992	0.734229390681004	0.666154541346588
wdLC_k1_0.2_k2_0.28	50	0.909339735894358	0.889075630252101	0.929027611044418	0.812917166866747	0.2	0.28	0.615275688113992	0.734229390681004	0.666154541346588
wdLC_k1_0.2_k2_0.28	60	0.900861350375104	0.89369269241456	0.937982772992498	0.836121144762434	0.2	0.28	0.615275688113992	0.734229390681004	0.666154541346588
wdLC_k1_0.2_k2_0.28	70	0.898171638526813	0.899641326218179	0.930539760300936	0.856740442655936	0.2	0.28	0.615275688113992	0.734229390681004	0.666154541346588
wdLC_k1_0.2_k2_0.28	80	0.913572433192686	0.913947491795593	0.942475386779184	0.872620721987811	0.2	0.28	0.615275688113992	0.734229390681004	0.666154541346588
wdLC_k1_0.2_k2_0.28	90	0.887706301189447	0.904926534140017	0.924500967197596	0.891443388072602	0.2	0.28	0.615275688113992	0.734229390681004	0.666154541346588
wdLC_k1_0.2_k2_0.28	100	0.902958295829583	0.918187818781878	0.93010501050105	0.901278127812781	0.2	0.28	0.615275688113992	0.734229390681004	0.666154541346588
wdLC_k1_0.2_k2_0.28	110	0.904469941167189	0.917417667876383	0.928931767463877	0.915307801546334	0.2	0.28	0.615275688113992	0.734229390681004	0.666154541346588
wdLC_k1_0.2_k2_0.28	120	0.913056462254323	0.922154316271963	0.932918952705049	0.930154871866102	0.2	0.28	0.615275688113992	0.734229390681004	0.666154541346588
wdLC_k1_0.2_k2_0.28	130	0.91255376968141	0.918890057217769	0.930093269060072	0.935550123584919	0.2	0.28	0.615275688113992	0.734229390681004	0.666154541346588
wdLC_k1_0.2_k2_0.28	140	0.915654588790973	0.918733463077562	0.930117425816186	0.921904178784632	0.2	0.28	0.615275688113992	0.734229390681004	0.666154541346588
wdLC_k1_0.2_k2_0.28	150	0.920803591270723	0.923381483621494	0.934429085737144	0.918005244677541	0.2	0.28	0.615275688113992	0.734229390681004	0.666154541346588
wdLC_k1_0.2_k2_0.28	160	0.910752373139576	0.908669283956404	0.922952068440173	0.913910699636704	0.2	0.28	0.615275688113992	0.734229390681004	0.666154541346588
wdLC_k1_0.2_k2_0.28	170	0.904331312095066	0.897655729996764	0.91638057901454	0.9043655082712	0.2	0.28	0.615275688113992	0.734229390681004	0.666154541346588
wdLC_k1_0.2_k2_0.28	180	0.899107997160406	0.893175715299855	0.911826496702573	0.8932621377203	0.2	0.28	0.615275688113992	0.734229390681004	0.666154541346588
wdLC_k1_0.2_k2_0.28	190	0.884697782851544	0.878236603725719	0.898438942032219	0.8873501379977	0.2	0.28	0.615275688113992	0.734229390681004	0.666154541346588
wdLC_k1_0.2_k2_0.28	200	0.879752493812345	0.869022725568139	0.892457811445286	0.890374259356484	0.2	0.28	0.615275688113992	0.734229390681004	0.666154541346588
wdLC_k1_0.2_k2_0.28	210	0.862299436657132	0.853112315472006	0.874578302714995	0.891729323308271	0.2	0.28	0.615275688113992	0.734229390681004	0.666154541346588
wdLC_k1_0.2_k2_0.28	220	0.858768306632932	0.850572795455954	0.869675368950147	0.895651487915791	0.2	0.28	0.615275688113992	0.734229390681004	0.666154541346588
wdLC_k1_0.2_k2_0.28	230	0.849066596968629	0.837959951573014	0.859751108963184	0.89835954817918	0.2	0.28	0.615275688113992	0.734229390681004	0.666154541346588
wdLC_k1_0.2_k2_0.28	240	0.830867723397975	0.820664421257313	0.841838399972222	0.904247469574124	0.2	0.28	0.615275688113992	0.734229390681004	0.666154541346588
wdLC_k1_0.2_k2_0.28	250	0.826858541736668	0.817413526616426	0.843541304660875	0.904247469574124	0.2	0.28	0.615275688113992	0.734229390681004	0.666154541346588
wdLC_k1_0.2_k2_0.28	260	0.831611072990383	0.814032751963786	0.850850547402271	0.904247469574124	0.2	0.28	0.615275688113992	0.734229390681004	0.666154541346588
wdLC_k1_0.2_k2_0.28	270	0.813204570707417	0.793604850546647	0.83071494655467	0.904247469574124	0.2	0.28	0.615275688113992	0.734229390681004	0.666154541346588
wdLC_k1_0.2_k2_0.28	280	0.796692195417944	0.774169495602167	0.815641963363235	0.904247469574124	0.2	0.28	0.615275688113992	0.734229390681004	0.666154541346588
wdLC_k1_0.2_k2_0.28	290	0.795901628253401	0.77360869025053	0.812864887072748	0.904247469574124	0.2	0.28	0.615275688113992	0.734229390681004	0.666154541346588
wdLC_k1_0.2_k2_0.28	300	0.793041256013956	0.773967266302959	0.811636129290325	0.904247469574124	0.2	0.28	0.615275688113992	0.734229390681004	0.666154541346588
wdLC_k1_0.2_k2_0.293	10	0.696969696969697	0.709090909090909	0.357575757575758	0.745454545454545	0.2	0.293	0.607398884857067	0.725448028673835	0.657840036150023
wdLC_k1_0.2_k2_0.293	20	0.810526315789474	0.840601503759399	0.703759398496241	0.760902255639098	0.2	0.293	0.607398884857067	0.725448028673835	0.657840036150023
wdLC_k1_0.2_k2_0.293	30	0.891434927697442	0.923470522803115	0.842491657397108	0.833592880978865	0.2	0.293	0.607398884857067	0.725448028673835	0.657840036150023
wdLC_k1_0.2_k2_0.293	40	0.912382739212008	0.933395872420263	0.896810506566605	0.807692307692308	0.2	0.293	0.607398884857067	0.725448028673835	0.657840036150023
wdLC_k1_0.2_k2_0.293	50	0.915198079231693	0.905978391356543	0.923649459783914	0.816758703481393	0.2	0.293	0.607398884857067	0.725448028673835	0.657840036150023
wdLC_k1_0.2_k2_0.293	60	0.901694915254238	0.902083912197833	0.931091969991664	0.842400666851903	0.2	0.293	0.607398884857067	0.725448028673835	0.657840036150023
wdLC_k1_0.2_k2_0.293	70	0.898416586475374	0.904960195958359	0.924276091330592	0.861079520601872	0.2	0.293	0.607398884857067	0.725448028673835	0.657840036150023
wdLC_k1_0.2_k2_0.293	80	0.915635255508673	0.921683075480544	0.939521800281294	0.885864978902954	0.2	0.293	0.607398884857067	0.725448028673835	0.657840036150023
wdLC_k1_0.2_k2_0.293	90	0.894719512697041	0.905963699222126	0.925274725274725	0.893320162983084	0.2	0.293	0.607398884857067	0.725448028673835	0.657840036150023
wdLC_k1_0.2_k2_0.293	100	0.896993699369937	0.914503450345035	0.924428442844284	0.911347134713471	0.2	0.293	0.607398884857067	0.725448028673835	0.657840036150023
wdLC_k1_0.2_k2_0.293	110	0.893704212970268	0.910736424497892	0.917949642720285	0.924378423460992	0.2	0.293	0.607398884857067	0.725448028673835	0.657840036150023
wdLC_k1_0.2_k2_0.293	120	0.90393777345649	0.916181679283283	0.923223834988541	0.936099729147857	0.2	0.293	0.607398884857067	0.725448028673835	0.657840036150023
wdLC_k1_0.2_k2_0.293	130	0.904791817449371	0.912335277007743	0.921735924292289	0.938696418085731	0.2	0.293	0.607398884857067	0.725448028673835	0.657840036150023
wdLC_k1_0.2_k2_0.293	140	0.917495790601562	0.920097964181846	0.932347860313573	0.931989241433601	0.2	0.293	0.607398884857067	0.725448028673835	0.657840036150023
wdLC_k1_0.2_k2_0.293	150	0.921653406818081	0.920814258411485	0.93277923463265	0.925113116138495	0.2	0.293	0.607398884857067	0.725448028673835	0.657840036150023
wdLC_k1_0.2_k2_0.293	160	0.915741825852572	0.914159732802062	0.926051798898394	0.910204500175788	0.2	0.293	0.607398884857067	0.725448028673835	0.657840036150023
wdLC_k1_0.2_k2_0.293	170	0.902343048711232	0.899983512557935	0.913801210300377	0.90008365850233	0.2	0.293	0.607398884857067	0.725448028673835	0.657840036150023
wdLC_k1_0.2_k2_0.293	180	0.894175746165005	0.890613907836662	0.907176147411957	0.888004773809891	0.2	0.293	0.607398884857067	0.725448028673835	0.657840036150023
wdLC_k1_0.2_k2_0.293	190	0.880845219506008	0.874181089722561	0.893484146666842	0.88519466204779	0.2	0.293	0.607398884857067	0.725448028673835	0.657840036150023
wdLC_k1_0.2_k2_0.293	200	0.876147903697593	0.868932723318083	0.886522163054077	0.885652141303533	0.2	0.293	0.607398884857067	0.725448028673835	0.657840036150023
wdLC_k1_0.2_k2_0.293	210	0.860240433051608	0.853263922408347	0.875682312200147	0.890954443411415	0.2	0.293	0.607398884857067	0.725448028673835	0.657840036150023
wdLC_k1_0.2_k2_0.293	220	0.853413951077126	0.843991141815477	0.870572457357308	0.890904582927145	0.2	0.293	0.607398884857067	0.725448028673835	0.657840036150023
wdLC_k1_0.2_k2_0.293	230	0.834041409511316	0.827992474584463	0.847620691440703	0.896064444384171	0.2	0.293	0.607398884857067	0.725448028673835	0.657840036150023
wdLC_k1_0.2_k2_0.293	240	0.822450042535461	0.81190819285057	0.836752374173163	0.900097223910137	0.2	0.293	0.607398884857067	0.725448028673835	0.657840036150023
wdLC_k1_0.2_k2_0.293	250	0.808983055728892	0.798083425334805	0.826267940287045	0.900097223910137	0.2	0.293	0.607398884857067	0.725448028673835	0.657840036150023
wdLC_k1_0.2_k2_0.293	260	0.809215202318651	0.794496960014201	0.828121490190456	0.900097223910137	0.2	0.293	0.607398884857067	0.725448028673835	0.657840036150023
wdLC_k1_0.2_k2_0.293	270	0.804883773744801	0.786941140786872	0.823031866006392	0.900097223910137	0.2	0.293	0.607398884857067	0.725448028673835	0.657840036150023
wdLC_k1_0.2_k2_0.293	280	0.79717106449973	0.778115245639066	0.813706807484789	0.900097223910137	0.2	0.293	0.607398884857067	0.725448028673835	0.657840036150023
wdLC_k1_0.2_k2_0.293	290	0.785976380054542	0.765680103621717	0.800048957078911	0.900097223910137	0.2	0.293	0.607398884857067	0.725448028673835	0.657840036150023
wdLC_k1_0.2_k2_0.293	300	0.785341614906832	0.764070267447416	0.800473783042034	0.900097223910137	0.2	0.293	0.607398884857067	0.725448028673835	0.657840036150023
wdLC_k1_0.2_k2_0.32	10	0.660606060606061	0.587878787878788	0.0666666666666667	0.781818181818182	0.2	0.32	0.588370652270112	0.705017921146953	0.637686398553999
wdLC_k1_0.2_k2_0.32	20	0.825563909774436	0.855639097744361	0.715789473684211	0.774436090225564	0.2	0.32	0.588370652270112	0.705017921146953	0.637686398553999
wdLC_k1_0.2_k2_0.32	30	0.898998887652948	0.931479421579533	0.847830923248053	0.840266963292547	0.2	0.32	0.588370652270112	0.705017921146953	0.637686398553999
wdLC_k1_0.2_k2_0.32	40	0.910881801125704	0.935834896810507	0.897560975609756	0.818949343339587	0.2	0.32	0.588370652270112	0.705017921146953	0.637686398553999
wdLC_k1_0.2_k2_0.32	50	0.90405762304922	0.895510204081633	0.923361344537815	0.815414165666267	0.2	0.32	0.588370652270112	0.705017921146953	0.637686398553999
wdLC_k1_0.2_k2_0.32	60	0.895637677132537	0.886246179494304	0.934981939427619	0.859849958321756	0.2	0.32	0.588370652270112	0.705017921146953	0.637686398553999
wdLC_k1_0.2_k2_0.32	70	0.896177062374246	0.89470737468288	0.928370221327968	0.867798092905258	0.2	0.32	0.588370652270112	0.705017921146953	0.637686398553999
wdLC_k1_0.2_k2_0.32	80	0.91193155180497	0.908016877637131	0.939662447257384	0.88525550867323	0.2	0.32	0.588370652270112	0.705017921146953	0.637686398553999
wdLC_k1_0.2_k2_0.32	90	0.883738733176936	0.90076141087377	0.922080915339342	0.89470304975923	0.2	0.32	0.588370652270112	0.705017921146953	0.637686398553999
wdLC_k1_0.2_k2_0.32	100	0.902550255025503	0.914851485148515	0.931245124512451	0.912451245124513	0.2	0.32	0.588370652270112	0.705017921146953	0.637686398553999
wdLC_k1_0.2_k2_0.32	110	0.899285440569844	0.912936456055722	0.924648919144332	0.925613687081577	0.2	0.32	0.588370652270112	0.705017921146953	0.637686398553999
wdLC_k1_0.2_k2_0.32	120	0.907069935412181	0.91670254878811	0.927383846100424	0.937426210153483	0.2	0.32	0.588370652270112	0.705017921146953	0.637686398553999
wdLC_k1_0.2_k2_0.32	130	0.911182728154147	0.917622799710497	0.928520121809665	0.938483387728905	0.2	0.32	0.588370652270112	0.705017921146953	0.637686398553999
wdLC_k1_0.2_k2_0.32	140	0.919936148345761	0.922660777153354	0.935164330541646	0.936436990225449	0.2	0.32	0.588370652270112	0.705017921146953	0.637686398553999
wdLC_k1_0.2_k2_0.32	150	0.922823236588293	0.919029290190675	0.934937552780124	0.930464465087337	0.2	0.32	0.588370652270112	0.705017921146953	0.637686398553999
wdLC_k1_0.2_k2_0.32	160	0.91538731981718	0.913743700925817	0.926561584436892	0.907122348529239	0.2	0.32	0.588370652270112	0.705017921146953	0.637686398553999
wdLC_k1_0.2_k2_0.32	170	0.904570685328009	0.900821318873236	0.915581854043393	0.901502799811921	0.2	0.32	0.588370652270112	0.705017921146953	0.637686398553999
wdLC_k1_0.2_k2_0.32	180	0.897848699033921	0.892208607261541	0.909521898824038	0.883706287231087	0.2	0.32	0.588370652270112	0.705017921146953	0.637686398553999
wdLC_k1_0.2_k2_0.32	190	0.881817983002883	0.874212582065985	0.893610116040538	0.886032708297795	0.2	0.32	0.588370652270112	0.705017921146953	0.637686398553999
wdLC_k1_0.2_k2_0.32	200	0.880862521563039	0.870285757143929	0.888896722418061	0.886162154053852	0.2	0.32	0.588370652270112	0.705017921146953	0.637686398553999
wdLC_k1_0.2_k2_0.32	210	0.860526801709142	0.849760117657349	0.869080283647507	0.887878247968046	0.2	0.32	0.588370652270112	0.705017921146953	0.637686398553999
wdLC_k1_0.2_k2_0.32	220	0.846003955754157	0.839817877529401	0.863248113691305	0.893459481694776	0.2	0.32	0.588370652270112	0.705017921146953	0.637686398553999
wdLC_k1_0.2_k2_0.32	230	0.833590673613457	0.823580786026201	0.846848424027084	0.893022716793364	0.2	0.32	0.588370652270112	0.705017921146953	0.637686398553999
wdLC_k1_0.2_k2_0.32	240	0.825637597874963	0.817114012396048	0.837650827271307	0.900477438844424	0.2	0.32	0.588370652270112	0.705017921146953	0.637686398553999
wdLC_k1_0.2_k2_0.32	250	0.813363029808477	0.804782028512456	0.824912398598378	0.900477438844424	0.2	0.32	0.588370652270112	0.705017921146953	0.637686398553999
wdLC_k1_0.2_k2_0.32	260	0.80986245813832	0.795184498632774	0.82543414957208	0.900477438844424	0.2	0.32	0.588370652270112	0.705017921146953	0.637686398553999
wdLC_k1_0.2_k2_0.32	270	0.813231396254483	0.791016185254789	0.827761088019802	0.900477438844424	0.2	0.32	0.588370652270112	0.705017921146953	0.637686398553999
wdLC_k1_0.2_k2_0.32	280	0.800906352668493	0.780615641963363	0.815172934057103	0.900477438844424	0.2	0.32	0.588370652270112	0.705017921146953	0.637686398553999
wdLC_k1_0.2_k2_0.32	290	0.787748675514203	0.767245746084971	0.802753651177123	0.900477438844424	0.2	0.32	0.588370652270112	0.705017921146953	0.637686398553999
wdLC_k1_0.2_k2_0.32	300	0.786597628862543	0.764495161057345	0.801609351215014	0.900477438844424	0.2	0.32	0.588370652270112	0.705017921146953	0.637686398553999
wdLC_k1_0.2_k2_0.333	10	0.660606060606061	0.587878787878788	0.0666666666666667	0.781818181818182	0.2	0.333	0.579077794495088	0.693548387096774	0.626931766832354
wdLC_k1_0.2_k2_0.333	20	0.828571428571429	0.869172932330827	0.700751879699248	0.748872180451128	0.2	0.333	0.579077794495088	0.693548387096774	0.626931766832354
wdLC_k1_0.2_k2_0.333	30	0.877641824249166	0.930144605116796	0.799332591768632	0.842046718576196	0.2	0.333	0.579077794495088	0.693548387096774	0.626931766832354
wdLC_k1_0.2_k2_0.333	40	0.923264540337711	0.94671669793621	0.905253283302064	0.811632270168856	0.2	0.333	0.579077794495088	0.693548387096774	0.626931766832354
wdLC_k1_0.2_k2_0.333	50	0.909723889555822	0.903001200480192	0.924705882352941	0.814165666266507	0.2	0.333	0.579077794495088	0.693548387096774	0.626931766832354
wdLC_k1_0.2_k2_0.333	60	0.900361211447624	0.893136982495138	0.93626007224229	0.852959155320923	0.2	0.333	0.579077794495088	0.693548387096774	0.626931766832354
wdLC_k1_0.2_k2_0.333	70	0.900446155192022	0.901041028781384	0.930434782608696	0.868847869827662	0.2	0.333	0.579077794495088	0.693548387096774	0.626931766832354
wdLC_k1_0.2_k2_0.333	80	0.91474449132677	0.912587904360056	0.941326769807782	0.892475386779184	0.2	0.333	0.579077794495088	0.693548387096774	0.626931766832354
wdLC_k1_0.2_k2_0.333	90	0.88629048853768	0.904942997077829	0.922871136354282	0.89681030579907	0.2	0.333	0.579077794495088	0.693548387096774	0.626931766832354
wdLC_k1_0.2_k2_0.333	100	0.905286528652865	0.918547854785479	0.933369336933693	0.914035403540354	0.2	0.333	0.579077794495088	0.693548387096774	0.626931766832354
wdLC_k1_0.2_k2_0.333	110	0.90338795843383	0.917264386989158	0.927994049094966	0.927453057728287	0.2	0.333	0.579077794495088	0.693548387096774	0.626931766832354
wdLC_k1_0.2_k2_0.333	120	0.911764705882353	0.92145287867213	0.931411903604417	0.938842975206611	0.2	0.333	0.579077794495088	0.693548387096774	0.626931766832354
wdLC_k1_0.2_k2_0.333	130	0.916655969629518	0.923194362889019	0.933135779540892	0.940285952286662	0.2	0.333	0.579077794495088	0.693548387096774	0.626931766832354
wdLC_k1_0.2_k2_0.333	140	0.919323872209224	0.921790470359275	0.934643895825589	0.933047604469616	0.2	0.333	0.579077794495088	0.693548387096774	0.626931766832354
wdLC_k1_0.2_k2_0.333	150	0.921098715498467	0.918741277390106	0.933152584559314	0.92263122805458	0.2	0.333	0.579077794495088	0.693548387096774	0.626931766832354
wdLC_k1_0.2_k2_0.333	160	0.918120825032228	0.915229110512129	0.928688620649244	0.911771944216571	0.2	0.333	0.579077794495088	0.693548387096774	0.626931766832354
wdLC_k1_0.2_k2_0.333	170	0.911878896684803	0.908642472872052	0.92234781175005	0.904209182894584	0.2	0.333	0.579077794495088	0.693548387096774	0.626931766832354
wdLC_k1_0.2_k2_0.333	180	0.903320061318765	0.898402214060105	0.916338981655812	0.888978054878237	0.2	0.333	0.579077794495088	0.693548387096774	0.626931766832354
wdLC_k1_0.2_k2_0.333	190	0.886023960424622	0.878066894986157	0.896246725014981	0.889724310776943	0.2	0.333	0.579077794495088	0.693548387096774	0.626931766832354
wdLC_k1_0.2_k2_0.333	200	0.875948398709968	0.865338633465837	0.885500637515938	0.891058276456912	0.2	0.333	0.579077794495088	0.693548387096774	0.626931766832354
wdLC_k1_0.2_k2_0.333	210	0.869452174166567	0.85867771540009	0.876735786039852	0.895541525075075	0.2	0.333	0.579077794495088	0.693548387096774	0.626931766832354
wdLC_k1_0.2_k2_0.333	220	0.84962386525642	0.843243943808005	0.866657275037614	0.897258583479373	0.2	0.333	0.579077794495088	0.693548387096774	0.626931766832354
wdLC_k1_0.2_k2_0.333	230	0.828706550711487	0.819907830919792	0.843077825914355	0.897786511950173	0.2	0.333	0.579077794495088	0.693548387096774	0.626931766832354
wdLC_k1_0.2_k2_0.333	240	0.823556832583899	0.816129620305908	0.834948523411865	0.903669334537058	0.2	0.333	0.579077794495088	0.693548387096774	0.626931766832354
wdLC_k1_0.2_k2_0.333	250	0.822828013248212	0.811836221379542	0.835245235923775	0.903669334537058	0.2	0.333	0.579077794495088	0.693548387096774	0.626931766832354
wdLC_k1_0.2_k2_0.333	260	0.81220227427124	0.797559818249473	0.82600220531255	0.903669334537058	0.2	0.333	0.579077794495088	0.693548387096774	0.626931766832354
wdLC_k1_0.2_k2_0.333	270	0.81277353293979	0.790707691463532	0.827537948241936	0.903669334537058	0.2	0.333	0.579077794495088	0.693548387096774	0.626931766832354
wdLC_k1_0.2_k2_0.333	280	0.809423225150466	0.790353193280526	0.825190918980381	0.903669334537058	0.2	0.333	0.579077794495088	0.693548387096774	0.626931766832354
wdLC_k1_0.2_k2_0.333	290	0.794287274726708	0.775214187220234	0.810830831150971	0.903669334537058	0.2	0.333	0.579077794495088	0.693548387096774	0.626931766832354
wdLC_k1_0.2_k2_0.333	300	0.791987910976789	0.770511672351915	0.80899832220358	0.903669334537058	0.2	0.333	0.579077794495088	0.693548387096774	0.626931766832354
wdLC_k1_0.2_k2_0.347	10	0.672727272727273	0.660606060606061	0.127272727272727	0.793939393939394	0.2	0.347	0.570581467386494	0.68584229390681	0.617171260732038
wdLC_k1_0.2_k2_0.347	20	0.842105263157895	0.875187969924812	0.718796992481203	0.759398496240602	0.2	0.347	0.570581467386494	0.68584229390681	0.617171260732038
wdLC_k1_0.2_k2_0.347	30	0.888765294771969	0.936818687430478	0.804226918798665	0.848275862068966	0.2	0.347	0.570581467386494	0.68584229390681	0.617171260732038
wdLC_k1_0.2_k2_0.347	40	0.913508442776736	0.932833020637899	0.89812382739212	0.820075046904315	0.2	0.347	0.570581467386494	0.68584229390681	0.617171260732038
wdLC_k1_0.2_k2_0.347	50	0.906170468187275	0.896182472989196	0.92124849939976	0.815510204081633	0.2	0.347	0.570581467386494	0.68584229390681	0.617171260732038
wdLC_k1_0.2_k2_0.347	60	0.89697138093915	0.884356765768269	0.932647957766046	0.853125868296749	0.2	0.347	0.570581467386494	0.68584229390681	0.617171260732038
wdLC_k1_0.2_k2_0.347	70	0.897051876476249	0.894952322631441	0.926760563380282	0.867763100341177	0.2	0.347	0.570581467386494	0.68584229390681	0.617171260732038
wdLC_k1_0.2_k2_0.347	80	0.899742147210502	0.907055789967182	0.937740271917487	0.891772151898734	0.2	0.347	0.570581467386494	0.68584229390681	0.617171260732038
wdLC_k1_0.2_k2_0.347	90	0.90403753549821	0.908745935712228	0.934707988640573	0.895674363090094	0.2	0.347	0.570581467386494	0.68584229390681	0.617171260732038
wdLC_k1_0.2_k2_0.347	100	0.904050405040504	0.915991599159916	0.931953195319532	0.913387338733873	0.2	0.347	0.570581467386494	0.68584229390681	0.617171260732038
wdLC_k1_0.2_k2_0.347	110	0.901828099993238	0.914703694520208	0.926298942812704	0.926389108040484	0.2	0.347	0.570581467386494	0.68584229390681	0.617171260732038
wdLC_k1_0.2_k2_0.347	120	0.90991041044517	0.918779081880686	0.929425654559344	0.938023473852351	0.2	0.347	0.570581467386494	0.68584229390681	0.617171260732038
wdLC_k1_0.2_k2_0.347	130	0.916688743530568	0.921932567698589	0.933157628808259	0.938991383195182	0.2	0.347	0.570581467386494	0.68584229390681	0.617171260732038
wdLC_k1_0.2_k2_0.347	140	0.916761059237716	0.918243642168332	0.931438192910717	0.935081235923116	0.2	0.347	0.570581467386494	0.68584229390681	0.617171260732038
wdLC_k1_0.2_k2_0.347	150	0.913873505489133	0.913112582781457	0.927541668518601	0.927186097159874	0.2	0.347	0.570581467386494	0.68584229390681	0.617171260732038
wdLC_k1_0.2_k2_0.347	160	0.919782022735263	0.9149302707137	0.931193601312551	0.910626391655924	0.2	0.347	0.570581467386494	0.68584229390681	0.617171260732038
wdLC_k1_0.2_k2_0.347	170	0.913989289269118	0.910449985039173	0.924648725887116	0.903596094308169	0.2	0.347	0.570581467386494	0.68584229390681	0.617171260732038
wdLC_k1_0.2_k2_0.347	180	0.899651223803204	0.895334218134305	0.91074621644701	0.888504789242466	0.2	0.347	0.570581467386494	0.68584229390681	0.617171260732038
wdLC_k1_0.2_k2_0.347	190	0.886394870247171	0.880523297773229	0.899093282945584	0.887498851841646	0.2	0.347	0.570581467386494	0.68584229390681	0.617171260732038
wdLC_k1_0.2_k2_0.347	200	0.870039750993775	0.86041551038776	0.881467036675917	0.889189229730743	0.2	0.347	0.570581467386494	0.68584229390681	0.617171260732038
wdLC_k1_0.2_k2_0.347	210	0.861972898640397	0.853184879475725	0.870681874872446	0.89128098142815	0.2	0.347	0.570581467386494	0.68584229390681	0.617171260732038
wdLC_k1_0.2_k2_0.347	220	0.840228103886444	0.835600660419355	0.856845652333163	0.895910696877659	0.2	0.347	0.570581467386494	0.68584229390681	0.617171260732038
wdLC_k1_0.2_k2_0.347	230	0.841836083036007	0.833875712288471	0.854806822188633	0.896384989606938	0.2	0.347	0.570581467386494	0.68584229390681	0.617171260732038
wdLC_k1_0.2_k2_0.347	240	0.824135835691592	0.815655653743989	0.83811003663258	0.902041702112884	0.2	0.347	0.570581467386494	0.68584229390681	0.617171260732038
wdLC_k1_0.2_k2_0.347	250	0.813690971055537	0.802491047856766	0.83224077185235	0.902041702112884	0.2	0.347	0.570581467386494	0.68584229390681	0.617171260732038
wdLC_k1_0.2_k2_0.347	260	0.809991499646672	0.795062284717457	0.825945536290364	0.902041702112884	0.2	0.347	0.570581467386494	0.68584229390681	0.617171260732038
wdLC_k1_0.2_k2_0.347	270	0.822681304879963	0.804027185253265	0.834793649051732	0.902041702112884	0.2	0.347	0.570581467386494	0.68584229390681	0.617171260732038
wdLC_k1_0.2_k2_0.347	280	0.809247202497116	0.790291968009796	0.822668656487965	0.902041702112884	0.2	0.347	0.570581467386494	0.68584229390681	0.617171260732038
wdLC_k1_0.2_k2_0.347	290	0.799132303430563	0.780021329541415	0.815303884461294	0.902041702112884	0.2	0.347	0.570581467386494	0.68584229390681	0.617171260732038
wdLC_k1_0.2_k2_0.347	300	0.787034522605807	0.770268558539539	0.80510227891421	0.902041702112884	0.2	0.347	0.570581467386494	0.68584229390681	0.617171260732038
wdLC_k1_0.2_k2_0.36	10	0.696969696969697	0.587878787878788	0.151515151515152	0.818181818181818	0.2	0.36	0.561465616426232	0.674910394265233	0.607501129688206
wdLC_k1_0.2_k2_0.36	20	0.84812030075188	0.86015037593985	0.733834586466166	0.781954887218045	0.2	0.36	0.561465616426232	0.674910394265233	0.607501129688206
wdLC_k1_0.2_k2_0.36	30	0.915906562847608	0.914571746384872	0.822914349276974	0.858954393770856	0.2	0.36	0.561465616426232	0.674910394265233	0.607501129688206
wdLC_k1_0.2_k2_0.36	40	0.920075046904315	0.921200750469043	0.90281425891182	0.807692307692308	0.2	0.36	0.561465616426232	0.674910394265233	0.607501129688206
wdLC_k1_0.2_k2_0.36	50	0.946794717887155	0.939975990396158	0.938535414165666	0.823385354141657	0.2	0.36	0.561465616426232	0.674910394265233	0.607501129688206
wdLC_k1_0.2_k2_0.36	60	0.902584051125313	0.896637954987497	0.934815226451792	0.849791608780217	0.2	0.36	0.561465616426232	0.674910394265233	0.607501129688206
wdLC_k1_0.2_k2_0.36	70	0.900201207243461	0.893517627504155	0.929629953634853	0.865453591111889	0.2	0.36	0.561465616426232	0.674910394265233	0.607501129688206
wdLC_k1_0.2_k2_0.36	80	0.889826535396156	0.896155649320206	0.930450070323488	0.878762306610408	0.2	0.36	0.561465616426232	0.674910394265233	0.607501129688206
wdLC_k1_0.2_k2_0.36	90	0.898341359015516	0.908466065769437	0.931086142322097	0.892332386714409	0.2	0.36	0.561465616426232	0.674910394265233	0.607501129688206
wdLC_k1_0.2_k2_0.36	100	0.912163216321632	0.921992199219922	0.936669666966697	0.905466546654665	0.2	0.36	0.561465616426232	0.674910394265233	0.607501129688206
wdLC_k1_0.2_k2_0.36	110	0.914352050131867	0.922935779816514	0.936713026621283	0.918716047156414	0.2	0.36	0.561465616426232	0.674910394265233	0.607501129688206
wdLC_k1_0.2_k2_0.36	120	0.917779012431419	0.922716855337176	0.936169178415168	0.932571706368498	0.2	0.36	0.561465616426232	0.674910394265233	0.607501129688206
wdLC_k1_0.2_k2_0.36	130	0.921003973835502	0.923483865681629	0.936877466577449	0.934949268732333	0.2	0.36	0.561465616426232	0.674910394265233	0.607501129688206
wdLC_k1_0.2_k2_0.36	140	0.91828300277711	0.920474076665719	0.931954254225799	0.924554459775645	0.2	0.36	0.561465616426232	0.674910394265233	0.607501129688206
wdLC_k1_0.2_k2_0.36	150	0.922855238010578	0.920618694164185	0.934891328503489	0.917528779056847	0.2	0.36	0.561465616426232	0.674910394265233	0.607501129688206
wdLC_k1_0.2_k2_0.36	160	0.91730634009141	0.914086487753428	0.928325325208016	0.918656978788234	0.2	0.36	0.561465616426232	0.674910394265233	0.607501129688206
wdLC_k1_0.2_k2_0.36	170	0.920940883360507	0.913674195931877	0.93059886053456	0.912391839326824	0.2	0.36	0.561465616426232	0.674910394265233	0.607501129688206
wdLC_k1_0.2_k2_0.36	180	0.906272827350638	0.900822041832567	0.917026245666018	0.906729631572991	0.2	0.36	0.561465616426232	0.674910394265233	0.607501129688206
wdLC_k1_0.2_k2_0.36	190	0.893265449837509	0.885427355474201	0.903729655727451	0.899584913417925	0.2	0.36	0.561465616426232	0.674910394265233	0.607501129688206
wdLC_k1_0.2_k2_0.36	200	0.879453986349659	0.870596264906623	0.888908722718068	0.900117002925073	0.2	0.36	0.561465616426232	0.674910394265233	0.607501129688206
wdLC_k1_0.2_k2_0.36	210	0.856461921715102	0.848919152685678	0.866645502165582	0.90174445160726	0.2	0.36	0.561465616426232	0.674910394265233	0.607501129688206
wdLC_k1_0.2_k2_0.36	220	0.850586319401791	0.841863374337186	0.862171833001809	0.904486005533548	0.2	0.36	0.561465616426232	0.674910394265233	0.607501129688206
wdLC_k1_0.2_k2_0.36	230	0.847911647873676	0.840373410527198	0.861456409548303	0.904263498036044	0.2	0.36	0.561465616426232	0.674910394265233	0.607501129688206
wdLC_k1_0.2_k2_0.36	240	0.842329727946666	0.832267053247452	0.85401395857567	0.908118196496467	0.2	0.36	0.561465616426232	0.674910394265233	0.607501129688206
wdLC_k1_0.2_k2_0.36	250	0.831812989007824	0.821543896702347	0.845709403350454	0.908118196496467	0.2	0.36	0.561465616426232	0.674910394265233	0.607501129688206
wdLC_k1_0.2_k2_0.36	260	0.830251016457913	0.819943399253744	0.849177787108822	0.908118196496467	0.2	0.36	0.561465616426232	0.674910394265233	0.607501129688206
wdLC_k1_0.2_k2_0.36	270	0.829420613908741	0.814548896418332	0.84702853719987	0.908118196496467	0.2	0.36	0.561465616426232	0.674910394265233	0.607501129688206
wdLC_k1_0.2_k2_0.36	280	0.824121116705206	0.808459473790664	0.841842552656466	0.908118196496467	0.2	0.36	0.561465616426232	0.674910394265233	0.607501129688206
wdLC_k1_0.2_k2_0.36	290	0.820692115327133	0.800910995292494	0.83892333788872	0.908118196496467	0.2	0.36	0.561465616426232	0.674910394265233	0.607501129688206
wdLC_k1_0.2_k2_0.36	300	0.816684185379838	0.794517272414138	0.835346170513006	0.908118196496467	0.2	0.36	0.561465616426232	0.674910394265233	0.607501129688206
wdLC_k1_0.2_k2_0.44	10	0.406060606060606	0.757575757575757	0.442424242424242	0.515151515151515	0.2	0.44	0.513762279847774	0.620967741935484	0.551558969724356
wdLC_k1_0.2_k2_0.44	20	0.807518796992481	0.861654135338346	0.742857142857143	0.733834586466166	0.2	0.44	0.513762279847774	0.620967741935484	0.551558969724356
wdLC_k1_0.2_k2_0.44	30	0.883870967741936	0.91412680756396	0.829143492769744	0.812680756395996	0.2	0.44	0.513762279847774	0.620967741935484	0.551558969724356
wdLC_k1_0.2_k2_0.44	40	0.913320825515948	0.934146341463415	0.911632270168856	0.785928705440901	0.2	0.44	0.513762279847774	0.620967741935484	0.551558969724356
wdLC_k1_0.2_k2_0.44	50	0.942857142857143	0.948523409363746	0.940552220888355	0.81781512605042	0.2	0.44	0.513762279847774	0.620967741935484	0.551558969724356
wdLC_k1_0.2_k2_0.44	60	0.906251736593499	0.90930814115032	0.926535148652404	0.834065018060573	0.2	0.44	0.513762279847774	0.620967741935484	0.551558969724356
wdLC_k1_0.2_k2_0.44	70	0.864648762138046	0.860729594961071	0.902825649549471	0.851736505992477	0.2	0.44	0.513762279847774	0.620967741935484	0.551558969724356
wdLC_k1_0.2_k2_0.44	80	0.848546647913737	0.867112048757618	0.897819971870605	0.882794186591655	0.2	0.44	0.513762279847774	0.620967741935484	0.551558969724356
wdLC_k1_0.2_k2_0.44	90	0.880001646293781	0.887969708194427	0.91653290529695	0.883343622669465	0.2	0.44	0.513762279847774	0.620967741935484	0.551558969724356
wdLC_k1_0.2_k2_0.44	100	0.89945394539454	0.906882688268827	0.926108610861086	0.896981698169817	0.2	0.44	0.513762279847774	0.620967741935484	0.551558969724356
wdLC_k1_0.2_k2_0.44	110	0.904145346347181	0.912043820300701	0.927876834298853	0.908653607736176	0.2	0.44	0.513762279847774	0.620967741935484	0.551558969724356
wdLC_k1_0.2_k2_0.44	120	0.912528647822765	0.917049795124661	0.931793874574623	0.923543301618168	0.2	0.44	0.513762279847774	0.620967741935484	0.551558969724356
wdLC_k1_0.2_k2_0.44	130	0.910893225361537	0.914219776318125	0.92707807016346	0.931087410725259	0.2	0.44	0.513762279847774	0.620967741935484	0.551558969724356
wdLC_k1_0.2_k2_0.44	140	0.915260982703199	0.91616627670508	0.928678576895323	0.924226454702499	0.2	0.44	0.513762279847774	0.620967741935484	0.551558969724356
wdLC_k1_0.2_k2_0.44	150	0.91554469087515	0.914545535357127	0.927715898484377	0.92592737454998	0.2	0.44	0.513762279847774	0.620967741935484	0.551558969724356
wdLC_k1_0.2_k2_0.44	160	0.908645845540841	0.907069612094222	0.922081917262393	0.921120942224305	0.2	0.44	0.513762279847774	0.620967741935484	0.551558969724356
wdLC_k1_0.2_k2_0.44	170	0.910183743382124	0.904485194887672	0.923373697034093	0.906004482141658	0.2	0.44	0.513762279847774	0.620967741935484	0.551558969724356
wdLC_k1_0.2_k2_0.44	180	0.902282992273424	0.896988590182825	0.915285451197053	0.894644896447421	0.2	0.44	0.513762279847774	0.620967741935484	0.551558969724356
wdLC_k1_0.2_k2_0.44	190	0.898333967554139	0.890935016424132	0.909256561998364	0.889726060351577	0.2	0.44	0.513762279847774	0.620967741935484	0.551558969724356
wdLC_k1_0.2_k2_0.44	200	0.890087752193805	0.882071551788795	0.899812495312383	0.891085277131928	0.2	0.44	0.513762279847774	0.620967741935484	0.551558969724356
wdLC_k1_0.2_k2_0.44	210	0.87900859429919	0.866333217792435	0.889773982565202	0.893306294603376	0.2	0.44	0.513762279847774	0.620967741935484	0.551558969724356
wdLC_k1_0.2_k2_0.44	220	0.873416993964939	0.858528256594332	0.882377735077171	0.888318128285896	0.2	0.44	0.513762279847774	0.620967741935484	0.551558969724356
wdLC_k1_0.2_k2_0.44	230	0.86151854600687	0.848375205580446	0.874668790484245	0.895808994498951	0.2	0.44	0.513762279847774	0.620967741935484	0.551558969724356
wdLC_k1_0.2_k2_0.44	240	0.858225837254119	0.843085817462109	0.871719127068178	0.90211375197486	0.2	0.44	0.513762279847774	0.620967741935484	0.551558969724356
wdLC_k1_0.2_k2_0.44	250	0.842966063457015	0.826513704219267	0.857181970911535	0.90211375197486	0.2	0.44	0.513762279847774	0.620967741935484	0.551558969724356
wdLC_k1_0.2_k2_0.44	260	0.839154197774887	0.823342857825616	0.857953975195354	0.90211375197486	0.2	0.44	0.513762279847774	0.620967741935484	0.551558969724356
wdLC_k1_0.2_k2_0.44	270	0.831549586871333	0.808732020405706	0.850339053576409	0.90211375197486	0.2	0.44	0.513762279847774	0.620967741935484	0.551558969724356
wdLC_k1_0.2_k2_0.44	280	0.820636742815597	0.794792025408487	0.841153768360748	0.90211375197486	0.2	0.44	0.513762279847774	0.620967741935484	0.551558969724356
wdLC_k1_0.2_k2_0.44	290	0.811172300625986	0.783673183206492	0.829691853320655	0.90211375197486	0.2	0.44	0.513762279847774	0.620967741935484	0.551558969724356
wdLC_k1_0.2_k2_0.44	300	0.810316559072879	0.780904232269247	0.830004777830865	0.90211375197486	0.2	0.44	0.513762279847774	0.620967741935484	0.551558969724356
wdLC_k1_0.2_k2_0.52	10	0.357575757575758	0.781818181818182	0.696969696969697	0.515151515151515	0.2	0.52	0.458624657049296	0.560394265232975	0.492272932670583
wdLC_k1_0.2_k2_0.52	20	0.790977443609023	0.846616541353384	0.819548872180451	0.813533834586466	0.2	0.52	0.458624657049296	0.560394265232975	0.492272932670583
wdLC_k1_0.2_k2_0.52	30	0.865628476084538	0.908787541713014	0.882536151279199	0.790878754171302	0.2	0.52	0.458624657049296	0.560394265232975	0.492272932670583
wdLC_k1_0.2_k2_0.52	40	0.907879924953096	0.934333958724203	0.914821763602252	0.775797373358349	0.2	0.52	0.458624657049296	0.560394265232975	0.492272932670583
wdLC_k1_0.2_k2_0.52	50	0.9015606242497	0.903865546218487	0.925186074429772	0.798415366146459	0.2	0.52	0.458624657049296	0.560394265232975	0.492272932670583
wdLC_k1_0.2_k2_0.52	60	0.888357877188108	0.895137538205057	0.919477632675743	0.813392609058072	0.2	0.52	0.458624657049296	0.560394265232975	0.492272932670583
wdLC_k1_0.2_k2_0.52	70	0.886414136995888	0.90268567929315	0.920671857230339	0.845997725483335	0.2	0.52	0.458624657049296	0.560394265232975	0.492272932670583
wdLC_k1_0.2_k2_0.52	80	0.86727613689639	0.898757618377872	0.912517580872011	0.855977496483826	0.2	0.52	0.458624657049296	0.560394265232975	0.492272932670583
wdLC_k1_0.2_k2_0.52	90	0.896662139358769	0.91403053874964	0.930740420628061	0.877466353870848	0.2	0.52	0.458624657049296	0.560394265232975	0.492272932670583
wdLC_k1_0.2_k2_0.52	100	0.911587158715872	0.926552655265527	0.936177617761776	0.894941494149415	0.2	0.52	0.458624657049296	0.560394265232975	0.492272932670583
wdLC_k1_0.2_k2_0.52	110	0.916957825214706	0.930635890268918	0.938615512927439	0.909888871356761	0.2	0.52	0.458624657049296	0.560394265232975	0.492272932670583
wdLC_k1_0.2_k2_0.52	120	0.921570942426557	0.930738245711508	0.940231960552816	0.922223765539273	0.2	0.52	0.458624657049296	0.560394265232975	0.492272932670583
wdLC_k1_0.2_k2_0.52	130	0.918054322740991	0.924996927446776	0.933687473541903	0.933283262095618	0.2	0.52	0.458624657049296	0.560394265232975	0.492272932670583
wdLC_k1_0.2_k2_0.52	140	0.91787627648641	0.922415866698738	0.931145175045374	0.927777656294417	0.2	0.52	0.458624657049296	0.560394265232975	0.492272932670583
wdLC_k1_0.2_k2_0.52	150	0.916888750611138	0.917767011867194	0.927338992844127	0.935332236988311	0.2	0.52	0.458624657049296	0.560394265232975	0.492272932670583
wdLC_k1_0.2_k2_0.52	160	0.919992968475331	0.919146255713114	0.930314660728935	0.935078518692136	0.2	0.52	0.458624657049296	0.560394265232975	0.492272932670583
wdLC_k1_0.2_k2_0.52	170	0.912311234054506	0.910520819975452	0.922902278320235	0.916803146048204	0.2	0.52	0.458624657049296	0.560394265232975	0.492272932670583
wdLC_k1_0.2_k2_0.52	180	0.911371750156898	0.905655524347459	0.921962612014774	0.910750331800364	0.2	0.52	0.458624657049296	0.560394265232975	0.492272932670583
wdLC_k1_0.2_k2_0.52	190	0.899056541878256	0.893832312019141	0.907632956737393	0.901254007619398	0.2	0.52	0.458624657049296	0.560394265232975	0.492272932670583
wdLC_k1_0.2_k2_0.52	200	0.900160504012601	0.892093302332559	0.91140778519463	0.893897847446186	0.2	0.52	0.458624657049296	0.560394265232975	0.492272932670583
wdLC_k1_0.2_k2_0.52	210	0.896933199003541	0.886884380274253	0.905993333182158	0.891139740778054	0.2	0.52	0.458624657049296	0.560394265232975	0.492272932670583
wdLC_k1_0.2_k2_0.52	220	0.892419264860844	0.878247296619577	0.899937451750506	0.890984599606679	0.2	0.52	0.458624657049296	0.560394265232975	0.492272932670583
wdLC_k1_0.2_k2_0.52	230	0.880339975194731	0.869453273136584	0.890444546909328	0.893721998525492	0.2	0.52	0.458624657049296	0.560394265232975	0.492272932670583
wdLC_k1_0.2_k2_0.52	240	0.871289432108196	0.858904668483828	0.88106911578326	0.897374954426292	0.2	0.52	0.458624657049296	0.560394265232975	0.492272932670583
wdLC_k1_0.2_k2_0.52	250	0.866146978351654	0.850935726971632	0.875148082369318	0.897374954426292	0.2	0.52	0.458624657049296	0.560394265232975	0.492272932670583
wdLC_k1_0.2_k2_0.52	260	0.862533241843586	0.841780772815256	0.872367024091162	0.897374954426292	0.2	0.52	0.458624657049296	0.560394265232975	0.492272932670583
wdLC_k1_0.2_k2_0.52	270	0.849853145371602	0.834627818397143	0.867044663011686	0.897374954426292	0.2	0.52	0.458624657049296	0.560394265232975	0.492272932670583
wdLC_k1_0.2_k2_0.52	280	0.843217387976887	0.825863850304213	0.860886345124665	0.897374954426292	0.2	0.52	0.458624657049296	0.560394265232975	0.492272932670583
wdLC_k1_0.2_k2_0.52	290	0.826469542669539	0.801545223179086	0.845138180740187	0.897374954426292	0.2	0.52	0.458624657049296	0.560394265232975	0.492272932670583
wdLC_k1_0.2_k2_0.52	300	0.823014033489261	0.799406660074001	0.841702241136013	0.897374954426292	0.2	0.52	0.458624657049296	0.560394265232975	0.492272932670583
wdLC_k1_0.2_k2_0.6	10	0.381818181818182	0.442424242424242	0.224242424242424	0.612121212121212	0.2	0.6	0.39906186388176	0.487096774193548	0.425395390872119
wdLC_k1_0.2_k2_0.6	20	0.821052631578947	0.790977443609023	0.627067669172932	0.720300751879699	0.2	0.6	0.39906186388176	0.487096774193548	0.425395390872119
wdLC_k1_0.2_k2_0.6	30	0.87007786429366	0.884315906562848	0.824694104560623	0.796218020022247	0.2	0.6	0.39906186388176	0.487096774193548	0.425395390872119
wdLC_k1_0.2_k2_0.6	40	0.901313320825516	0.907879924953096	0.896622889305816	0.809005628517824	0.2	0.6	0.39906186388176	0.487096774193548	0.425395390872119
wdLC_k1_0.2_k2_0.6	50	0.907130852340936	0.890708283313325	0.912701080432173	0.778727490996399	0.2	0.6	0.39906186388176	0.487096774193548	0.425395390872119
wdLC_k1_0.2_k2_0.6	60	0.913420394554043	0.893748263406502	0.91686579605446	0.806779661016949	0.2	0.6	0.39906186388176	0.487096774193548	0.425395390872119
wdLC_k1_0.2_k2_0.6	70	0.900376170063861	0.894322456477998	0.921756626716823	0.840013997025632	0.2	0.6	0.39906186388176	0.487096774193548	0.425395390872119
wdLC_k1_0.2_k2_0.6	80	0.896155649320206	0.903211439287389	0.926793248945148	0.844819503047351	0.2	0.6	0.39906186388176	0.487096774193548	0.425395390872119
wdLC_k1_0.2_k2_0.6	90	0.917635922130304	0.922031526525909	0.939976128740174	0.840391817919908	0.2	0.6	0.39906186388176	0.487096774193548	0.425395390872119
wdLC_k1_0.2_k2_0.6	100	0.92964896489649	0.931509150915091	0.947398739873987	0.861782178217822	0.2	0.6	0.39906186388176	0.487096774193548	0.425395390872119
wdLC_k1_0.2_k2_0.6	110	0.934224466334558	0.934630209859568	0.948578770597119	0.889457430741834	0.2	0.6	0.39906186388176	0.487096774193548	0.425395390872119
wdLC_k1_0.2_k2_0.6	120	0.93299534689909	0.933662059865268	0.945871241058407	0.907090770192374	0.2	0.6	0.39906186388176	0.487096774193548	0.425395390872119
wdLC_k1_0.2_k2_0.6	130	0.928170533531797	0.928782313018067	0.940236791435087	0.91284327247402	0.2	0.6	0.39906186388176	0.487096774193548	0.425395390872119
wdLC_k1_0.2_k2_0.6	140	0.929627604906956	0.928892873543111	0.940093153440773	0.919201416981916	0.2	0.6	0.39906186388176	0.487096774193548	0.425395390872119
wdLC_k1_0.2_k2_0.6	150	0.929817325214454	0.927488332814792	0.937970576470065	0.924149517756345	0.2	0.6	0.39906186388176	0.487096774193548	0.425395390872119
wdLC_k1_0.2_k2_0.6	160	0.927645611156686	0.923725536153756	0.936722137583499	0.91960623461854	0.2	0.6	0.39906186388176	0.487096774193548	0.425395390872119
wdLC_k1_0.2_k2_0.6	170	0.924607201958952	0.920327794774092	0.933244179016982	0.920935998192488	0.2	0.6	0.39906186388176	0.487096774193548	0.425395390872119
wdLC_k1_0.2_k2_0.6	180	0.919769128676811	0.91429570871529	0.927174707038283	0.916258732265399	0.2	0.6	0.39906186388176	0.487096774193548	0.425395390872119
wdLC_k1_0.2_k2_0.6	190	0.916499800985886	0.908469253412764	0.923036211821001	0.907088839026012	0.2	0.6	0.39906186388176	0.487096774193548	0.425395390872119
wdLC_k1_0.2_k2_0.6	200	0.90638415960399	0.898235955898898	0.91305632640816	0.895883897097428	0.2	0.6	0.39906186388176	0.487096774193548	0.425395390872119
wdLC_k1_0.2_k2_0.6	210	0.896525026482622	0.887152607930857	0.905388201222574	0.897018720865067	0.2	0.6	0.39906186388176	0.487096774193548	0.425395390872119
wdLC_k1_0.2_k2_0.6	220	0.892233310605591	0.880600463195145	0.900681268771519	0.8972563294884	0.2	0.6	0.39906186388176	0.487096774193548	0.425395390872119
wdLC_k1_0.2_k2_0.6	230	0.892676527952776	0.878324978609771	0.89941586797482	0.903974514189058	0.2	0.6	0.39906186388176	0.487096774193548	0.425395390872119
wdLC_k1_0.2_k2_0.6	240	0.876528238337471	0.860761471553325	0.88294154412403	0.907754474904078	0.2	0.6	0.39906186388176	0.487096774193548	0.425395390872119
wdLC_k1_0.2_k2_0.6	250	0.868413382614122	0.848788364613834	0.875744059904958	0.907754474904078	0.2	0.6	0.39906186388176	0.487096774193548	0.425395390872119
wdLC_k1_0.2_k2_0.6	260	0.8553697312318	0.836856712718782	0.868490999525482	0.907754474904078	0.2	0.6	0.39906186388176	0.487096774193548	0.425395390872119
wdLC_k1_0.2_k2_0.6	270	0.855857190542166	0.832991460026124	0.873694350326403	0.907754474904078	0.2	0.6	0.39906186388176	0.487096774193548	0.425395390872119
wdLC_k1_0.2_k2_0.6	280	0.853522913010917	0.833442664173924	0.877062389644183	0.907754474904078	0.2	0.6	0.39906186388176	0.487096774193548	0.425395390872119
wdLC_k1_0.2_k2_0.6	290	0.844542331267213	0.823656109732741	0.868732540589478	0.907754474904078	0.2	0.6	0.39906186388176	0.487096774193548	0.425395390872119
wdLC_k1_0.2_k2_0.6	300	0.837431527016967	0.816237513750153	0.860493116590184	0.907754474904078	0.2	0.6	0.39906186388176	0.487096774193548	0.425395390872119
