domainDef	Ntopdommks	LCloose	LCstrict	nmfpred	srtnmfpred	SRTdomain8266	SRTdomain12252	LFF_Visium_Domains	k1	k2	looseInDom	strictInDom	WebDivNMFInDom
wdLC_k1_0.04_k2_0.04	10	0.551515151515151	0.139393939393939	0.0909090909090909	-0.333333333333333	0.563636363636364	0.648484848484848	0.6	0.04	0.04	0.930093390153232	0.99962921764924	1
wdLC_k1_0.04_k2_0.04	20	0.759398496240602	0.712781954887218	0.603007518796992	0.282706766917293	0.87218045112782	0.870676691729323	0.723308270676692	0.04	0.04	0.930093390153232	0.99962921764924	1
wdLC_k1_0.04_k2_0.04	30	0.767741935483871	0.702780867630701	0.721913236929922	0.432258064516129	0.906562847608454	0.887875417130145	0.777530589543938	0.04	0.04	0.930093390153232	0.99962921764924	1
wdLC_k1_0.04_k2_0.04	40	0.755347091932458	0.721013133208255	0.746153846153846	0.581238273921201	0.921575984990619	0.904127579737336	0.750093808630394	0.04	0.04	0.930093390153232	0.99962921764924	1
wdLC_k1_0.04_k2_0.04	50	0.784777911164466	0.75078031212485	0.769699879951981	0.679039615846339	0.928451380552221	0.897142857142857	0.786122448979592	0.04	0.04	0.930093390153232	0.99962921764924	1
wdLC_k1_0.04_k2_0.04	60	0.782161711586552	0.749819394276188	0.776271186440678	0.705918310641845	0.943651014170603	0.909196999166435	0.781494859683246	0.04	0.04	0.930093390153232	0.99962921764924	1
wdLC_k1_0.04_k2_0.04	70	0.805686291663022	0.7842358498819	0.803341789869653	0.752357624004899	0.960003499256408	0.93158953722334	0.82115300498644	0.04	0.04	0.930093390153232	0.99962921764924	1
wdLC_k1_0.04_k2_0.04	80	0.834903891233005	0.812517580872011	0.831434599156118	0.794327238631036	0.96375996249414	0.940248476324426	0.84746835443038	0.04	0.04	0.930093390153232	0.99962921764924	1
wdLC_k1_0.04_k2_0.04	90	0.819352183397127	0.799481417458946	0.828406799193316	0.793472445157839	0.962662057044079	0.943779067374573	0.860114417417788	0.04	0.04	0.930093390153232	0.99962921764924	1
wdLC_k1_0.04_k2_0.04	100	0.81010501050105	0.796807680768077	0.81944194419442	0.804428442844284	0.962688268826883	0.943114311431143	0.870555055505551	0.04	0.04	0.930093390153232	0.99962921764924	1
wdLC_k1_0.04_k2_0.04	110	0.807641503054347	0.79676757658409	0.816279331875662	0.80323242341591	0.957063318531208	0.936622861393504	0.890981223091315	0.04	0.04	0.930093390153232	0.99962921764924	1
wdLC_k1_0.04_k2_0.04	120	0.798465171192444	0.790068754774637	0.812160566706021	0.802659906937982	0.959205500381971	0.937842905757344	0.89327731092437	0.04	0.04	0.930093390153232	0.99962921764924	1
wdLC_k1_0.04_k2_0.04	130	0.808480246896721	0.801013259774133	0.820551967116853	0.815914460118259	0.963812150923814	0.944306217482145	0.889426320173702	0.04	0.04	0.930093390153232	0.99962921764924	1
wdLC_k1_0.04_k2_0.04	140	0.814235420174499	0.80659071526973	0.826642758741335	0.826752093765717	0.965012792197853	0.945166298572085	0.878310117863156	0.04	0.04	0.930093390153232	0.99962921764924	1
wdLC_k1_0.04_k2_0.04	150	0.815465576247833	0.804833992621894	0.824507755900262	0.828671496510956	0.966167385217121	0.949082181430286	0.875852260100449	0.04	0.04	0.930093390153232	0.99962921764924	1
wdLC_k1_0.04_k2_0.04	160	0.804494316184226	0.794881636001406	0.81293507558889	0.819998828079222	0.958376303761866	0.939262275870151	0.863005390835579	0.04	0.04	0.930093390153232	0.99962921764924	1
wdLC_k1_0.04_k2_0.04	170	0.80548726497762	0.79289085923999	0.812121323147758	0.828029872802438	0.957596741592931	0.933930545123687	0.855110801717137	0.04	0.04	0.930093390153232	0.99962921764924	1
wdLC_k1_0.04_k2_0.04	180	0.799569945574452	0.789009948866735	0.809072296470056	0.827330061627416	0.955885469716143	0.932983528298199	0.849221683796825	0.04	0.04	0.930093390153232	0.99962921764924	1
wdLC_k1_0.04_k2_0.04	190	0.793153039667231	0.780503615058589	0.803130863808737	0.823963048983716	0.955490821294073	0.931010773005813	0.850901249633683	0.04	0.04	0.930093390153232	0.99962921764924	1
wdLC_k1_0.04_k2_0.04	200	0.782454061351534	0.763937598439961	0.794583364584115	0.817572939323483	0.951155778894472	0.923013575339384	0.859704492612316	0.04	0.04	0.930093390153232	0.99962921764924	1
wdLC_k1_0.04_k2_0.04	210	0.773609378897481	0.757425014496604	0.789024046544625	0.812026835723518	0.950821042265293	0.923476074935292	0.847659648906843	0.04	0.04	0.930093390153232	0.99962921764924	1
wdLC_k1_0.04_k2_0.04	220	0.756599403819388	0.736063292066515	0.771739461183458	0.794584786687929	0.945302401063884	0.913746527445158	0.850824115449418	0.04	0.04	0.930093390153232	0.99962921764924	1
wdLC_k1_0.04_k2_0.04	230	0.7564980680986	0.735907229281066	0.769068372296016	0.796129293148469	0.94423400787555	0.912328415840852	0.857087131588745	0.04	0.04	0.930093390153232	0.99962921764924	1
wdLC_k1_0.04_k2_0.04	240	0.756013993298495	0.728444070209552	0.770151391517214	0.794497300300352	0.943268980364242	0.91167120956961	0.86955415892637	0.04	0.04	0.930093390153232	0.99962921764924	1
wdLC_k1_0.04_k2_0.04	240	0.756013993298495	0.728444070209552	0.770151391517214	0.794497300300352	0.943268980364242	0.91167120956961	0.86955415892637	0.04	0.04	0.930093390153232	0.99962921764924	1
wdLC_k1_0.04_k2_0.04	250	0.735333749339989	0.713283348533577	0.750506600105602	0.774754284068545	0.943417462679403	0.913372053952863	0.86955415892637	0.04	0.04	0.930093390153232	0.99962921764924	1
wdLC_k1_0.04_k2_0.04	260	0.734556838005114	0.70587548518583	0.746696298420436	0.776671480119756	0.94260315639626	0.910673234811166	0.86955415892637	0.04	0.04	0.930093390153232	0.99962921764924	1
wdLC_k1_0.04_k2_0.04	270	0.733811315808325	0.702591256395835	0.746024255781591	0.777217489647015	0.941759908305403	0.909733863137888	0.86955415892637	0.04	0.04	0.930093390153232	0.99962921764924	1
wdLC_k1_0.04_k2_0.04	280	0.727528412352198	0.693372364443424	0.739320836818254	0.768966987552684	0.941020384735228	0.906214364979145	0.86955415892637	0.04	0.04	0.930093390153232	0.99962921764924	1
wdLC_k1_0.04_k2_0.04	290	0.735275543478929	0.696227967776894	0.748814266929247	0.775296848418797	0.944418216461633	0.910511872091636	0.86955415892637	0.04	0.04	0.930093390153232	0.99962921764924	1
wdLC_k1_0.04_k2_0.04	300	0.73091834353715	0.694550383893154	0.750363004033378	0.778247758308426	0.947723863598485	0.915219057989533	0.86955415892637	0.04	0.04	0.930093390153232	0.99962921764924	1
wdLC_k1_0.04_k2_0.12	10	0.466666666666667	0.103030303030303	-0.151515151515152	-0.563636363636364	0.575757575757576	0.624242424242424	0.563636363636364	0.04	0.12	0.923474476380452	0.99925843529848	0.999629045720115
wdLC_k1_0.04_k2_0.12	20	0.766917293233083	0.745864661654135	0.618045112781955	0.207518796992481	0.902255639097744	0.885714285714286	0.721804511278195	0.04	0.12	0.923474476380452	0.99925843529848	0.999629045720115
wdLC_k1_0.04_k2_0.12	30	0.812235817575084	0.767741935483871	0.762847608453838	0.424694104560623	0.946162402669633	0.919466073414906	0.818020022246941	0.04	0.12	0.923474476380452	0.99925843529848	0.999629045720115
wdLC_k1_0.04_k2_0.12	40	0.815384615384616	0.788742964352721	0.811444652908068	0.628142589118199	0.95422138836773	0.941275797373359	0.785741088180113	0.04	0.12	0.923474476380452	0.99925843529848	0.999629045720115
wdLC_k1_0.04_k2_0.12	50	0.827418967587035	0.798607442977191	0.817911164465786	0.702569027611044	0.952845138055222	0.934117647058823	0.76672268907563	0.04	0.12	0.923474476380452	0.99925843529848	0.999629045720115
wdLC_k1_0.04_k2_0.12	60	0.820116699083079	0.793053626007224	0.814392886913032	0.742873020283412	0.96776882467352	0.944206724090025	0.807001944984718	0.04	0.12	0.923474476380452	0.99925843529848	0.999629045720115
wdLC_k1_0.04_k2_0.12	70	0.831230863441519	0.808135771148631	0.829481235237512	0.771183623480011	0.977464788732394	0.959443618231126	0.844423060099729	0.04	0.12	0.923474476380452	0.99925843529848	0.999629045720115
wdLC_k1_0.04_k2_0.12	80	0.868659165494609	0.849554617909048	0.866947960618847	0.824425691514299	0.981247069854665	0.967955930614158	0.86840131270511	0.04	0.12	0.923474476380452	0.99925843529848	0.999629045720115
wdLC_k1_0.04_k2_0.12	90	0.85329876116393	0.836440712845207	0.863044820348191	0.823978268922089	0.979997530559328	0.968819195785488	0.87853644482858	0.04	0.12	0.923474476380452	0.99925843529848	0.999629045720115
wdLC_k1_0.04_k2_0.12	100	0.825418541854186	0.814113411341134	0.834131413141314	0.813921392139214	0.972673267326733	0.955823582358236	0.88961296129613	0.04	0.12	0.923474476380452	0.99925843529848	0.999629045720115
wdLC_k1_0.04_k2_0.12	110	0.839199332777314	0.829163942925411	0.84774699637085	0.831336924914906	0.974104546581611	0.959993688434055	0.905903568288889	0.04	0.12	0.923474476380452	0.99925843529848	0.999629045720115
wdLC_k1_0.04_k2_0.12	120	0.823869713174526	0.818313771789707	0.837704007222724	0.822077922077922	0.974262101534829	0.9583165497604	0.905507326897701	0.04	0.12	0.923474476380452	0.99925843529848	0.999629045720115
wdLC_k1_0.04_k2_0.12	130	0.839511668874353	0.832798481475918	0.850835051687173	0.84387059771402	0.976730530254407	0.960731404225102	0.903153122396865	0.04	0.12	0.923474476380452	0.99925843529848	0.999629045720115
wdLC_k1_0.04_k2_0.12	140	0.821412171174914	0.815683015897313	0.831628435853141	0.828243423498284	0.972237650608996	0.954123023769434	0.891102315715817	0.04	0.12	0.923474476380452	0.99925843529848	0.999629045720115
wdLC_k1_0.04_k2_0.12	150	0.826570069780879	0.817574114405085	0.836725187786124	0.836639850660029	0.972670785368239	0.956940308458154	0.886921196497622	0.04	0.12	0.923474476380452	0.99925843529848	0.999629045720115
wdLC_k1_0.04_k2_0.12	160	0.829133950544943	0.818800539083558	0.838649947263565	0.846381694597445	0.970599437478026	0.952132895816243	0.873567326848705	0.04	0.12	0.923474476380452	0.99925843529848	0.999629045720115
wdLC_k1_0.04_k2_0.12	170	0.824671319789205	0.81366992140986	0.832084562258413	0.849778640824128	0.968566386380152	0.948158596979745	0.86372823810309	0.04	0.12	0.923474476380452	0.99925843529848	0.999629045720115
wdLC_k1_0.04_k2_0.12	180	0.805263536940441	0.796526641768779	0.81600255151908	0.832307581509717	0.962556457503833	0.94065248927436	0.860481290574812	0.04	0.12	0.923474476380452	0.99925843529848	0.999629045720115
wdLC_k1_0.04_k2_0.12	190	0.802086367751841	0.794143298910453	0.815729550752973	0.834565471269798	0.960879511168847	0.935956820498017	0.860625385453162	0.04	0.12	0.923474476380452	0.99925843529848	0.999629045720115
wdLC_k1_0.04_k2_0.12	200	0.800535513387835	0.788734718367959	0.814535363384085	0.835414385359634	0.958486462161554	0.933198829970749	0.860378009450237	0.04	0.12	0.923474476380452	0.99925843529848	0.999629045720115
wdLC_k1_0.04_k2_0.12	210	0.786499855843832	0.76907542445083	0.801037276517446	0.820937954537356	0.953639376338304	0.923551230510572	0.851461484387401	0.04	0.12	0.923474476380452	0.99925843529848	0.999629045720115
wdLC_k1_0.04_k2_0.12	220	0.779166361438723	0.763257693152939	0.792319525760299	0.820024455802055	0.952653792621561	0.922165183728439	0.851538630587785	0.04	0.12	0.923474476380452	0.99925843529848	0.999629045720115
wdLC_k1_0.04_k2_0.12	230	0.772970147376831	0.749228102446253	0.784817498810284	0.814221851814409	0.950420037528448	0.919445506079263	0.862704070184609	0.04	0.12	0.923474476380452	0.99925843529848	0.999629045720115
wdLC_k1_0.04_k2_0.12	240	0.75714682546572	0.732162884772305	0.771807670272053	0.796653587735898	0.950143231653327	0.918617510720672	0.876352020000347	0.04	0.12	0.923474476380452	0.99925843529848	0.999629045720115
wdLC_k1_0.04_k2_0.12	240	0.75714682546572	0.732162884772305	0.771807670272053	0.796653587735898	0.950143231653327	0.918617510720672	0.876352020000347	0.04	0.12	0.923474476380452	0.99925843529848	0.999629045720115
wdLC_k1_0.04_k2_0.12	250	0.744631306100898	0.723696827149234	0.762247971967551	0.783720059520952	0.948480967695483	0.919134450151202	0.876352020000347	0.04	0.12	0.923474476380452	0.99925843529848	0.999629045720115
wdLC_k1_0.04_k2_0.12	260	0.746840360633464	0.722112866940453	0.761940948147845	0.791388356905598	0.949372032130653	0.915580908684357	0.876352020000347	0.04	0.12	0.923474476380452	0.99925843529848	0.999629045720115
wdLC_k1_0.04_k2_0.12	270	0.731501270403039	0.702130954395046	0.745838915638227	0.780735904013315	0.947187204214049	0.910012483024458	0.876352020000347	0.04	0.12	0.923474476380452	0.99925843529848	0.999629045720115
wdLC_k1_0.04_k2_0.12	280	0.737461119219815	0.702970518938835	0.752955485948254	0.781013059568909	0.950943251827191	0.914710464601407	0.876352020000347	0.04	0.12	0.923474476380452	0.99925843529848	0.999629045720115
wdLC_k1_0.04_k2_0.12	290	0.738389115291461	0.697588433336573	0.756310850389381	0.782228088324475	0.952648418059012	0.916955509331982	0.876352020000347	0.04	0.12	0.923474476380452	0.99925843529848	0.999629045720115
wdLC_k1_0.04_k2_0.12	300	0.742773586373182	0.703595817731308	0.763404037822643	0.787888754319492	0.956629740330448	0.922131579239769	0.876352020000347	0.04	0.12	0.923474476380452	0.99925843529848	0.999629045720115
wdLC_k1_0.04_k2_0.2	10	0.551515151515151	0.139393939393939	0.0909090909090909	-0.333333333333333	0.563636363636364	0.648484848484848	0.6	0.04	0.2	0.916583552452625	0.9990730441231	0.998979875730316
wdLC_k1_0.04_k2_0.2	20	0.717293233082707	0.667669172932331	0.514285714285714	0.129323308270677	0.839097744360902	0.86015037593985	0.682706766917293	0.04	0.2	0.916583552452625	0.9990730441231	0.998979875730316
wdLC_k1_0.04_k2_0.2	30	0.773971078976641	0.705005561735261	0.718798665183537	0.431368186874305	0.917686318131257	0.89321468298109	0.768631813125695	0.04	0.2	0.916583552452625	0.9990730441231	0.998979875730316
wdLC_k1_0.04_k2_0.2	40	0.790994371482177	0.750656660412758	0.771482176360225	0.61313320825516	0.946341463414634	0.933020637898687	0.772045028142589	0.04	0.2	0.916583552452625	0.9990730441231	0.998979875730316
wdLC_k1_0.04_k2_0.2	50	0.815606242496999	0.775174069627851	0.79937575030012	0.704969987995198	0.95313325330132	0.928931572629052	0.785834333733494	0.04	0.2	0.916583552452625	0.9990730441231	0.998979875730316
wdLC_k1_0.04_k2_0.2	60	0.815948874687413	0.779716587941095	0.806724090025007	0.741761600444568	0.962378438455127	0.931036398999722	0.790386218393999	0.04	0.2	0.916583552452625	0.9990730441231	0.998979875730316
wdLC_k1_0.04_k2_0.2	70	0.829901146006474	0.801347213717085	0.822832648062287	0.767754352200157	0.97095617181349	0.945621555419473	0.831020908057038	0.04	0.2	0.916583552452625	0.9990730441231	0.998979875730316
wdLC_k1_0.04_k2_0.2	80	0.842264416315049	0.81882325363338	0.84901547116737	0.79943741209564	0.975691514299109	0.955321143928739	0.849601500234412	0.04	0.2	0.916583552452625	0.9990730441231	0.998979875730316
wdLC_k1_0.04_k2_0.2	90	0.825196526320122	0.809062847265095	0.832769477713298	0.804206280610775	0.974350742890069	0.950759353006544	0.870502531176689	0.04	0.2	0.916583552452625	0.9990730441231	0.998979875730316
wdLC_k1_0.04_k2_0.2	100	0.818505850585059	0.806684668466847	0.830459045904591	0.805592559255926	0.977569756975698	0.955523552355235	0.88014401440144	0.04	0.2	0.916583552452625	0.9990730441231	0.998979875730316
wdLC_k1_0.04_k2_0.2	110	0.814304713387282	0.807731668282127	0.827613101007596	0.807839866555463	0.976223429434438	0.958740391767915	0.891017289182427	0.04	0.2	0.916583552452625	0.9990730441231	0.998979875730316
wdLC_k1_0.04_k2_0.2	120	0.825022571011876	0.820237516494201	0.837801236196958	0.827488020001389	0.978929092298076	0.962066810195152	0.902222376553927	0.04	0.2	0.916583552452625	0.9990730441231	0.998979875730316
wdLC_k1_0.04_k2_0.2	130	0.842739898127791	0.836370836690382	0.853036365374373	0.846967731363258	0.982061751491895	0.966526922394133	0.900105149599203	0.04	0.2	0.916583552452625	0.9990730441231	0.998979875730316
wdLC_k1_0.04_k2_0.2	140	0.842128971594761	0.833963831973935	0.851396208261355	0.851037589381383	0.980009184142048	0.964129365200849	0.898488989963045	0.04	0.2	0.916583552452625	0.9990730441231	0.998979875730316
wdLC_k1_0.04_k2_0.2	150	0.845006444730877	0.836746522067648	0.853963287257212	0.858685274901107	0.979828436819414	0.963287257211432	0.892492999688875	0.04	0.2	0.916583552452625	0.9990730441231	0.998979875730316
wdLC_k1_0.04_k2_0.2	160	0.847328020625806	0.838175319348412	0.854295089651939	0.861224071252783	0.980762920426579	0.96391362943865	0.88193777100668	0.04	0.2	0.916583552452625	0.9990730441231	0.998979875730316
wdLC_k1_0.04_k2_0.2	170	0.8344416558277	0.823875037402068	0.840829013012866	0.851749806119894	0.979428557470949	0.960276256251489	0.872482459193581	0.04	0.2	0.916583552452625	0.9990730441231	0.998979875730316
wdLC_k1_0.04_k2_0.2	180	0.834606006358221	0.820745496260173	0.838739878802844	0.861814665061679	0.973886025288846	0.953871004249102	0.85629391853658	0.04	0.2	0.916583552452625	0.9990730441231	0.998979875730316
wdLC_k1_0.04_k2_0.2	190	0.837273812804262	0.819855047741518	0.843787479169127	0.86284034694065	0.968721104681424	0.947059621129613	0.862905081202133	0.04	0.2	0.916583552452625	0.9990730441231	0.998979875730316
wdLC_k1_0.04_k2_0.2	200	0.821701042526063	0.804542113552839	0.831337283432086	0.853744843621091	0.965572639315983	0.940198004950124	0.862235055876397	0.04	0.2	0.916583552452625	0.9990730441231	0.998979875730316
wdLC_k1_0.04_k2_0.2	210	0.809222755294095	0.794627024260349	0.819301377096338	0.844421480240887	0.966432669351103	0.938956827657252	0.861468837971706	0.04	0.2	0.916583552452625	0.9990730441231	0.998979875730316
wdLC_k1_0.04_k2_0.2	220	0.787040678902081	0.770477226238709	0.800563497743192	0.824682328147276	0.966435820424539	0.937869865831187	0.86055121349239	0.04	0.2	0.916583552452625	0.9990730441231	0.998979875730316
wdLC_k1_0.04_k2_0.2	230	0.780069484341366	0.765203090055948	0.794999001378344	0.820712646002185	0.964383973725155	0.935198577765504	0.870450415352637	0.04	0.2	0.916583552452625	0.9990730441231	0.998979875730316
wdLC_k1_0.04_k2_0.2	240	0.784016215559298	0.762251948818556	0.794657893366204	0.823513429052588	0.962657337801003	0.930942377471831	0.883728016111391	0.04	0.2	0.916583552452625	0.9990730441231	0.998979875730316
wdLC_k1_0.04_k2_0.2	240	0.784016215559298	0.762251948818556	0.794657893366204	0.823513429052588	0.962657337801003	0.930942377471831	0.883728016111391	0.04	0.2	0.916583552452625	0.9990730441231	0.998979875730316
wdLC_k1_0.04_k2_0.2	250	0.771094705515288	0.748936782988528	0.785329813277012	0.813452119233908	0.963130034080545	0.927792252676043	0.883728016111391	0.04	0.2	0.916583552452625	0.9990730441231	0.998979875730316
wdLC_k1_0.04_k2_0.2	260	0.76404043300595	0.739566243014519	0.777607543124784	0.809264360988499	0.96557254488289	0.930040385212799	0.883728016111391	0.04	0.2	0.916583552452625	0.9990730441231	0.998979875730316
wdLC_k1_0.04_k2_0.2	270	0.747669149553949	0.725083867939051	0.761809261215289	0.793977969519472	0.965773650301559	0.929281761219099	0.883728016111391	0.04	0.2	0.916583552452625	0.9990730441231	0.998979875730316
wdLC_k1_0.04_k2_0.2	280	0.753678162804555	0.723560249492978	0.765786553399916	0.796220432840798	0.96814372632304	0.931803794873477	0.883728016111391	0.04	0.2	0.916583552452625	0.9990730441231	0.998979875730316
wdLC_k1_0.04_k2_0.2	290	0.760838519134468	0.726003220342527	0.777095713549425	0.802965224482968	0.970700541357046	0.936822734781791	0.883728016111391	0.04	0.2	0.916583552452625	0.9990730441231	0.998979875730316
wdLC_k1_0.04_k2_0.2	300	0.762267136301515	0.725332059245103	0.780114001266681	0.804936054845054	0.973090812120135	0.941029566995189	0.883728016111391	0.04	0.2	0.916583552452625	0.9990730441231	0.998979875730316
wdLC_k1_0.04_k2_0.28	10	0.478787878787879	0.115151515151515	-0.127272727272727	-0.406060606060606	0.6	0.636363636363636	0.551515151515151	0.04	0.28	0.908695257956297	0.997033741193919	0.991931744412501
wdLC_k1_0.04_k2_0.28	20	0.790977443609023	0.664661654135338	0.619548872180451	0.278195488721805	0.875187969924812	0.858646616541354	0.842105263157895	0.04	0.28	0.908695257956297	0.997033741193919	0.991931744412501
wdLC_k1_0.04_k2_0.28	30	0.816240266963293	0.763737486095662	0.755283648498332	0.414905450500556	0.933704115684093	0.900778642936596	0.803781979977753	0.04	0.28	0.908695257956297	0.997033741193919	0.991931744412501
wdLC_k1_0.04_k2_0.28	40	0.818198874296435	0.775234521575985	0.796622889305816	0.613883677298312	0.957410881801126	0.930769230769231	0.764915572232646	0.04	0.28	0.908695257956297	0.997033741193919	0.991931744412501
wdLC_k1_0.04_k2_0.28	50	0.841920768307323	0.804945978391357	0.83625450180072	0.718799519807923	0.970900360144058	0.939303721488595	0.78343337334934	0.04	0.28	0.908695257956297	0.997033741193919	0.991931744412501
wdLC_k1_0.04_k2_0.28	60	0.824395665462629	0.786940816893582	0.820450125034732	0.735926646290636	0.979049736037788	0.955209780494582	0.802056126701862	0.04	0.28	0.908695257956297	0.997033741193919	0.991931744412501
wdLC_k1_0.04_k2_0.28	70	0.847607383431021	0.81831860729595	0.848412212404864	0.780491645525326	0.985688041291226	0.968226751815239	0.841938588050039	0.04	0.28	0.908695257956297	0.997033741193919	0.991931744412501
wdLC_k1_0.04_k2_0.28	80	0.864345991561181	0.840576652601969	0.871870604781997	0.817627754336615	0.987552742616034	0.973722456633849	0.858227848101266	0.04	0.28	0.908695257956297	0.997033741193919	0.991931744412501
wdLC_k1_0.04_k2_0.28	90	0.843272832036877	0.828357410379882	0.855438943079393	0.819615590402107	0.987702185454994	0.971058155327818	0.887245338930732	0.04	0.28	0.908695257956297	0.997033741193919	0.991931744412501
wdLC_k1_0.04_k2_0.28	100	0.833351335133514	0.821638163816382	0.848436843684369	0.817593759375938	0.98964296429643	0.974257425742574	0.894377437743775	0.04	0.28	0.908695257956297	0.997033741193919	0.991931744412501
wdLC_k1_0.04_k2_0.28	110	0.827676216667042	0.824385185853076	0.844257602055767	0.82055316367243	0.98873836305029	0.975934900705543	0.907499492820594	0.04	0.28	0.908695257956297	0.997033741193919	0.991931744412501
wdLC_k1_0.04_k2_0.28	120	0.83740537537329	0.832557816515036	0.851149385373984	0.836002500173623	0.989506215709424	0.976644211403569	0.916341412598097	0.04	0.28	0.908695257956297	0.997033741193919	0.991931744412501
wdLC_k1_0.04_k2_0.28	130	0.85127749935135	0.846066449084379	0.863480315175682	0.856270056944653	0.989490502396592	0.977784757404853	0.910210435756326	0.04	0.28	0.908695257956297	0.997033741193919	0.991931744412501
wdLC_k1_0.04_k2_0.28	140	0.855957665478559	0.848435415801098	0.865482932802694	0.862797664603879	0.989630666287639	0.976943430058385	0.911311801622532	0.04	0.28	0.908695257956297	0.997033741193919	0.991931744412501
wdLC_k1_0.04_k2_0.28	150	0.865032223654385	0.856025601137828	0.874241521845416	0.876492288546158	0.989727543446375	0.975067336326059	0.903309480421352	0.04	0.28	0.908695257956297	0.997033741193919	0.991931744412501
wdLC_k1_0.04_k2_0.28	160	0.85151177780382	0.842854213055197	0.859527715926403	0.866154927926872	0.989848236259229	0.974938474159147	0.896876831126216	0.04	0.28	0.908695257956297	0.997033741193919	0.991931744412501
wdLC_k1_0.04_k2_0.28	170	0.850550497371169	0.840631163708087	0.857858708727964	0.869749207686812	0.989103632733068	0.973664059208237	0.879736933702164	0.04	0.28	0.908695257956297	0.997033741193919	0.991931744412501
wdLC_k1_0.04_k2_0.28	180	0.849133203699703	0.836406473450827	0.85657993559472	0.873300616274165	0.987079848143461	0.96888998631645	0.868586479006554	0.04	0.28	0.908695257956297	0.997033741193919	0.991931744412501
wdLC_k1_0.04_k2_0.28	190	0.843810223639378	0.828006315964431	0.854416145074729	0.866773390719382	0.982170084898109	0.961672068478351	0.87345326667454	0.04	0.28	0.908695257956297	0.997033741193919	0.991931744412501
wdLC_k1_0.04_k2_0.28	200	0.842230555763894	0.828314707867697	0.850059251481287	0.864174604365109	0.982224555613891	0.960489012225306	0.872934823370584	0.04	0.28	0.908695257956297	0.997033741193919	0.991931744412501
wdLC_k1_0.04_k2_0.28	210	0.828523484497543	0.812747292617584	0.838275568283052	0.854859034704383	0.982000239720369	0.959874697515007	0.87072593158899	0.04	0.28	0.908695257956297	0.997033741193919	0.991931744412501
wdLC_k1_0.04_k2_0.28	220	0.808017445890129	0.791919442362633	0.815764412863527	0.835178037111962	0.97958785775063	0.956543054045069	0.869619019175828	0.04	0.28	0.908695257956297	0.997033741193919	0.991931744412501
wdLC_k1_0.04_k2_0.28	230	0.803926925552139	0.782823214378179	0.811344835153455	0.834016752186488	0.977755147832991	0.948383342497639	0.878897028545785	0.04	0.28	0.908695257956297	0.997033741193919	0.991931744412501
wdLC_k1_0.04_k2_0.28	240	0.793997291619646	0.772777305161548	0.802700567718189	0.824807722356291	0.976323373669682	0.94836455494019	0.890815812774527	0.04	0.28	0.908695257956297	0.997033741193919	0.991931744412501
wdLC_k1_0.04_k2_0.28	240	0.793997291619646	0.772777305161548	0.802700567718189	0.824807722356291	0.976323373669682	0.94836455494019	0.890815812774527	0.04	0.28	0.908695257956297	0.997033741193919	0.991931744412501
wdLC_k1_0.04_k2_0.28	250	0.784326021216339	0.76192924686795	0.794231843709499	0.817584025344405	0.977892766284261	0.946881966111458	0.890815812774527	0.04	0.28	0.908695257956297	0.997033741193919	0.991931744412501
wdLC_k1_0.04_k2_0.28	260	0.766656766656767	0.74215390077459	0.778619392412496	0.808503767124457	0.978495130219268	0.947473278507761	0.890815812774527	0.04	0.28	0.908695257956297	0.997033741193919	0.991931744412501
wdLC_k1_0.04_k2_0.28	270	0.77151035450875	0.74597060468746	0.782880118764013	0.809791629514808	0.979031567267345	0.947698718622874	0.890815812774527	0.04	0.28	0.908695257956297	0.997033741193919	0.991931744412501
wdLC_k1_0.04_k2_0.28	280	0.765664649512658	0.736132202852442	0.776729477234586	0.803059076919713	0.979983163050549	0.947346813825978	0.890815812774527	0.04	0.28	0.908695257956297	0.997033741193919	0.991931744412501
wdLC_k1_0.04_k2_0.28	290	0.771374377734616	0.737457700714798	0.788135903866994	0.807001354315173	0.981607391288838	0.951001590490026	0.890815812774527	0.04	0.28	0.908695257956297	0.997033741193919	0.991931744412501
wdLC_k1_0.04_k2_0.28	300	0.763551595017722	0.728348537205969	0.78234824831387	0.797972866365182	0.983241147123857	0.953426149179435	0.890815812774527	0.04	0.28	0.908695257956297	0.997033741193919	0.991931744412501
wdLC_k1_0.04_k2_0.36	10	0.527272727272727	0.127272727272727	-0.103030303030303	-0.418181818181818	0.612121212121212	0.624242424242424	0.515151515151515	0.04	0.36	0.891649288240094	0.987393400074156	0.970601873319113
wdLC_k1_0.04_k2_0.36	20	0.804511278195489	0.67218045112782	0.625563909774436	0.270676691729323	0.869172932330827	0.855639097744361	0.796992481203008	0.04	0.36	0.891649288240094	0.987393400074156	0.970601873319113
wdLC_k1_0.04_k2_0.36	30	0.829588431590656	0.775750834260289	0.773971078976641	0.487875417130145	0.932369299221357	0.898998887652948	0.734816462736374	0.04	0.36	0.891649288240094	0.987393400074156	0.970601873319113
wdLC_k1_0.04_k2_0.36	40	0.860225140712946	0.80656660412758	0.830018761726079	0.633771106941839	0.94577861163227	0.91969981238274	0.827954971857411	0.04	0.36	0.891649288240094	0.987393400074156	0.970601873319113
wdLC_k1_0.04_k2_0.36	50	0.882641056422569	0.835966386554622	0.866218487394958	0.75202881152461	0.96609843937575	0.952076830732293	0.790636254501801	0.04	0.36	0.891649288240094	0.987393400074156	0.970601873319113
wdLC_k1_0.04_k2_0.36	60	0.871464295637677	0.832675743262018	0.868018894137261	0.770325090302862	0.96976938038344	0.957821617115866	0.798777438177272	0.04	0.36	0.891649288240094	0.987393400074156	0.970601873319113
wdLC_k1_0.04_k2_0.36	70	0.871367334441431	0.844143119587088	0.871752252646313	0.811600034992564	0.97882949873152	0.96574227976555	0.843198320356924	0.04	0.36	0.891649288240094	0.987393400074156	0.970601873319113
wdLC_k1_0.04_k2_0.36	80	0.870417252695734	0.850890764181903	0.883075480543835	0.824449132676981	0.982887951242382	0.971284575714956	0.856282231598687	0.04	0.36	0.891649288240094	0.987393400074156	0.970601873319113
wdLC_k1_0.04_k2_0.36	90	0.861036341935218	0.846038605589167	0.87275795365683	0.824225212989258	0.98475531958678	0.977165905255793	0.879227888216652	0.04	0.36	0.891649288240094	0.987393400074156	0.970601873319113
wdLC_k1_0.04_k2_0.36	100	0.87973597359736	0.868226822682268	0.88950495049505	0.854713471347135	0.985994599459946	0.981782178217822	0.886444644464446	0.04	0.36	0.891649288240094	0.987393400074156	0.970601873319113
wdLC_k1_0.04_k2_0.36	110	0.878006446813786	0.870730112931948	0.889727926425174	0.866086603701283	0.986303901900232	0.983364515474607	0.908374095530059	0.04	0.36	0.891649288240094	0.987393400074156	0.970601873319113
wdLC_k1_0.04_k2_0.36	120	0.891721647336621	0.883769706229599	0.900902840475033	0.885498992985624	0.986915758038753	0.98465865685117	0.914382943259949	0.04	0.36	0.891649288240094	0.987393400074156	0.970601873319113
wdLC_k1_0.04_k2_0.36	130	0.894244083628071	0.886908192109683	0.902677900831638	0.893998279370195	0.987534992967267	0.983749607395977	0.914547515328626	0.04	0.36	0.891649288240094	0.987393400074156	0.970601873319113
wdLC_k1_0.04_k2_0.36	140	0.888255231680917	0.880706741597604	0.895445102884258	0.889663466794953	0.987841945288754	0.982851894775973	0.918326736786863	0.04	0.36	0.891649288240094	0.987393400074156	0.970601873319113
wdLC_k1_0.04_k2_0.36	150	0.882501444508645	0.874433530379128	0.889392417440775	0.89091070714254	0.986552291212943	0.980639139517312	0.904607315880706	0.04	0.36	0.891649288240094	0.987393400074156	0.970601873319113
wdLC_k1_0.04_k2_0.36	160	0.879022618071018	0.868873784132193	0.88536856908473	0.892792687214344	0.985225008789406	0.979605648658151	0.901502988397984	0.04	0.36	0.891649288240094	0.987393400074156	0.970601873319113
wdLC_k1_0.04_k2_0.36	170	0.884358302648372	0.872030581151801	0.891974279590379	0.90047447194387	0.984565311643187	0.979194069406025	0.881940144478844	0.04	0.36	0.891649288240094	0.987393400074156	0.970601873319113
wdLC_k1_0.04_k2_0.36	180	0.879720567507228	0.866329207691596	0.88571252199142	0.899865222177639	0.982028251900779	0.974877825447287	0.869541240984804	0.04	0.36	0.891649288240094	0.987393400074156	0.970601873319113
wdLC_k1_0.04_k2_0.36	190	0.866670165815936	0.855073985137364	0.873937898848343	0.893568126249306	0.972997065088551	0.962713065385978	0.866428724516352	0.04	0.36	0.891649288240094	0.987393400074156	0.970601873319113
wdLC_k1_0.04_k2_0.36	200	0.855768394209856	0.84388809720243	0.863292582314558	0.881710042751069	0.969915247881197	0.956561914047851	0.867077176929423	0.04	0.36	0.891649288240094	0.987393400074156	0.970601873319113
wdLC_k1_0.04_k2_0.36	210	0.849555383503999	0.831560806367491	0.85705409581688	0.878314053120738	0.967413579187089	0.949724807494825	0.874748050652266	0.04	0.36	0.891649288240094	0.987393400074156	0.970601873319113
wdLC_k1_0.04_k2_0.36	220	0.839056028580606	0.824549342679883	0.848281613632138	0.873406851005562	0.968406935530223	0.949060931010971	0.873770870547664	0.04	0.36	0.891649288240094	0.987393400074156	0.970601873319113
wdLC_k1_0.04_k2_0.36	230	0.837717323496705	0.820381251556494	0.846438126141942	0.87394189254831	0.968354789315488	0.947263899950439	0.882158699474059	0.04	0.36	0.891649288240094	0.987393400074156	0.970601873319113
wdLC_k1_0.04_k2_0.36	240	0.813653014809285	0.795288980711471	0.823812045348009	0.85553655445407	0.967752044306325	0.945581520512509	0.894059792704734	0.04	0.36	0.891649288240094	0.987393400074156	0.970601873319113
wdLC_k1_0.04_k2_0.36	240	0.813653014809285	0.795288980711471	0.823812045348009	0.85553655445407	0.967752044306325	0.945581520512509	0.894059792704734	0.04	0.36	0.891649288240094	0.987393400074156	0.970601873319113
wdLC_k1_0.04_k2_0.36	250	0.801167762684203	0.777934622953967	0.808457735323765	0.841847837565401	0.968240387846205	0.945421206739308	0.894059792704734	0.04	0.36	0.891649288240094	0.987393400074156	0.970601873319113
wdLC_k1_0.04_k2_0.36	260	0.795364747088885	0.767979271427547	0.800682076544146	0.834658910520979	0.968883244745314	0.944934779417538	0.894059792704734	0.04	0.36	0.891649288240094	0.987393400074156	0.970601873319113
wdLC_k1_0.04_k2_0.36	270	0.794454732651416	0.767348127012869	0.803561396208757	0.833201187030458	0.97162588726259	0.947652993258557	0.894059792704734	0.04	0.36	0.891649288240094	0.987393400074156	0.970601873319113
wdLC_k1_0.04_k2_0.36	280	0.776103558172207	0.751941989055983	0.782924709316628	0.806621622360344	0.97110604544883	0.94719703057437	0.894059792704734	0.04	0.36	0.891649288240094	0.987393400074156	0.970601873319113
wdLC_k1_0.04_k2_0.36	290	0.779853054958626	0.751705440755169	0.785854356380473	0.809553518820799	0.973636489998856	0.951531015785583	0.894059792704734	0.04	0.36	0.891649288240094	0.987393400074156	0.970601873319113
wdLC_k1_0.04_k2_0.36	300	0.773425038055978	0.744699385548728	0.786641184902055	0.803978266425183	0.975699729997	0.955283947599418	0.894059792704734	0.04	0.36	0.891649288240094	0.987393400074156	0.970601873319113
wdLC_k1_0.04_k2_0.44	10	0.587878787878788	0.151515151515152	0.0181818181818182	-0.636363636363636	0.575757575757576	0.636363636363636	0.563636363636364	0.04	0.44	0.864538942787197	0.968668891360771	0.937494203839377
wdLC_k1_0.04_k2_0.44	20	0.84812030075188	0.709774436090226	0.685714285714286	0.389473684210526	0.915789473684211	0.908270676691729	0.765413533834587	0.04	0.44	0.864538942787197	0.968668891360771	0.937494203839377
wdLC_k1_0.04_k2_0.44	30	0.838487208008899	0.794438264738599	0.781535038932147	0.445161290322581	0.931479421579533	0.909677419354839	0.788654060066741	0.04	0.44	0.864538942787197	0.968668891360771	0.937494203839377
wdLC_k1_0.04_k2_0.44	40	0.824953095684803	0.791369606003753	0.79906191369606	0.602063789868668	0.963414634146342	0.947279549718574	0.787992495309569	0.04	0.44	0.864538942787197	0.968668891360771	0.937494203839377
wdLC_k1_0.04_k2_0.44	50	0.833661464585834	0.794765906362545	0.825402160864346	0.696806722689076	0.975030012004802	0.948043217286915	0.807250900360144	0.04	0.44	0.864538942787197	0.968668891360771	0.937494203839377
wdLC_k1_0.04_k2_0.44	60	0.847235343150875	0.811947763267575	0.835676576826896	0.753764934704085	0.980939149763824	0.962100583495416	0.819283134203946	0.04	0.44	0.864538942787197	0.968668891360771	0.937494203839377
wdLC_k1_0.04_k2_0.44	70	0.867763100341177	0.838369346513866	0.862514215729158	0.795223515003062	0.987157728982591	0.972390866940775	0.85271629778672	0.04	0.44	0.864538942787197	0.968668891360771	0.937494203839377
wdLC_k1_0.04_k2_0.44	80	0.848124706985466	0.830637599624941	0.857102672292546	0.808673230192218	0.989873417721519	0.974542897327708	0.867065166432255	0.04	0.44	0.864538942787197	0.968668891360771	0.937494203839377
wdLC_k1_0.04_k2_0.44	90	0.858451660698852	0.843190517347821	0.868905626208997	0.831962793760546	0.991686216405318	0.978729884347862	0.891640943326337	0.04	0.44	0.864538942787197	0.968668891360771	0.937494203839377
wdLC_k1_0.04_k2_0.44	100	0.858733873387339	0.847296729672967	0.868394839483949	0.839111911191119	0.993231323132313	0.983042304230423	0.905778577857786	0.04	0.44	0.864538942787197	0.968668891360771	0.937494203839377
wdLC_k1_0.04_k2_0.44	110	0.856907783513288	0.853066744809864	0.867718594324099	0.847332236323062	0.994175326285418	0.985934224466334	0.915975024231905	0.04	0.44	0.864538942787197	0.968668891360771	0.937494203839377
wdLC_k1_0.04_k2_0.44	120	0.865539273560664	0.859768039447184	0.875046878255434	0.862809917355372	0.995013542607125	0.986617126189319	0.922723800263907	0.04	0.44	0.864538942787197	0.968668891360771	0.937494203839377
wdLC_k1_0.04_k2_0.44	130	0.87981264253233	0.874541506780101	0.887694765734887	0.881150910158544	0.995750317497166	0.987387510412541	0.923795217741605	0.04	0.44	0.864538942787197	0.968668891360771	0.937494203839377
wdLC_k1_0.04_k2_0.44	140	0.883785615884193	0.876709453106208	0.890026459075901	0.889615359384225	0.995141151516477	0.987881305897531	0.919630010277493	0.04	0.44	0.864538942787197	0.968668891360771	0.937494203839377
wdLC_k1_0.04_k2_0.44	150	0.88239121738744	0.873761500511134	0.888805724698876	0.890373794390862	0.995377572336549	0.988116805191342	0.91039957331437	0.04	0.44	0.864538942787197	0.968668891360771	0.937494203839377
wdLC_k1_0.04_k2_0.44	160	0.873939411695769	0.864880464080628	0.879441579749209	0.890442986054143	0.995669752724716	0.987196765498652	0.901675846712762	0.04	0.44	0.864538942787197	0.968668891360771	0.937494203839377
wdLC_k1_0.04_k2_0.44	170	0.874580638857848	0.863740451023138	0.881869309542565	0.894871184225793	0.994088946696711	0.98455309872314	0.89196939442236	0.04	0.44	0.864538942787197	0.968668891360771	0.937494203839377
wdLC_k1_0.04_k2_0.44	180	0.866771608177207	0.856715742255419	0.874171013508647	0.885679599164583	0.993366050392502	0.982406864409395	0.878564153214606	0.04	0.44	0.864538942787197	0.968668891360771	0.937494203839377
wdLC_k1_0.04_k2_0.44	190	0.855381910273065	0.842004662616402	0.862973314612885	0.878051148814445	0.989369584519764	0.976225030289511	0.877718729633858	0.04	0.44	0.864538942787197	0.968668891360771	0.937494203839377
wdLC_k1_0.04_k2_0.44	200	0.851164779119478	0.835753393834846	0.858042451061277	0.877794944873622	0.988635715892898	0.972877821945549	0.880948023700593	0.04	0.44	0.864538942787197	0.968668891360771	0.937494203839377
wdLC_k1_0.04_k2_0.44	210	0.845810562597792	0.829584733051932	0.854059534877694	0.87438263906211	0.989485994175443	0.973599660504125	0.874509626068618	0.04	0.44	0.864538942787197	0.968668891360771	0.937494203839377
wdLC_k1_0.04_k2_0.44	220	0.842474205890806	0.823919352202995	0.852564196480393	0.872351983230307	0.989520068972124	0.972417912466261	0.87488434208821	0.04	0.44	0.864538942787197	0.968668891360771	0.937494203839377
wdLC_k1_0.04_k2_0.44	230	0.820534126970428	0.804547303844817	0.82960309104224	0.852118187489367	0.989559102374747	0.970774166027631	0.883793973256666	0.04	0.44	0.864538942787197	0.968668891360771	0.937494203839377
wdLC_k1_0.04_k2_0.44	240	0.806296116252018	0.790227260889946	0.816739005885519	0.838061424677512	0.988237643014635	0.968370110592198	0.895516415215542	0.04	0.44	0.864538942787197	0.968668891360771	0.937494203839377
wdLC_k1_0.04_k2_0.44	240	0.806296116252018	0.790227260889946	0.816739005885519	0.838061424677512	0.988237643014635	0.968370110592198	0.895516415215542	0.04	0.44	0.864538942787197	0.968668891360771	0.937494203839377
wdLC_k1_0.04_k2_0.44	250	0.808033792540681	0.784594825517208	0.817201555224884	0.842023712379398	0.989426006816109	0.966451687226995	0.895516415215542	0.04	0.44	0.864538942787197	0.968668891360771	0.937494203839377
wdLC_k1_0.04_k2_0.44	260	0.794313980520877	0.770045301079784	0.805366488125109	0.833468178295764	0.989301844474258	0.96836776147121	0.895516415215542	0.04	0.44	0.864538942787197	0.968668891360771	0.937494203839377
wdLC_k1_0.04_k2_0.44	270	0.790317501688028	0.766897579756467	0.803245586359209	0.827021556460918	0.989178940116539	0.970769908442579	0.895516415215542	0.04	0.44	0.864538942787197	0.968668891360771	0.937494203839377
wdLC_k1_0.04_k2_0.44	280	0.781133323493558	0.754104553082856	0.792986973230344	0.813173819636912	0.986616811803358	0.968473905461622	0.895516415215542	0.04	0.44	0.864538942787197	0.968668891360771	0.937494203839377
wdLC_k1_0.04_k2_0.44	290	0.769186808158365	0.739899650289007	0.781222377075294	0.800615776726198	0.986709260145371	0.970974110561813	0.895516415215542	0.04	0.44	0.864538942787197	0.968668891360771	0.937494203839377
wdLC_k1_0.04_k2_0.44	300	0.772371693018811	0.741142901587795	0.787956310625674	0.800924899165546	0.987096301070012	0.971021900243336	0.895516415215542	0.04	0.44	0.864538942787197	0.968668891360771	0.937494203839377
wdLC_k1_0.04_k2_0.52	10	0.418181818181818	0.151515151515152	0.00606060606060606	-0.309090909090909	0.76969696969697	0.672727272727273	0.454545454545455	0.04	0.52	0.830084323148064	0.942528735632184	0.900120560140963
wdLC_k1_0.04_k2_0.52	20	0.861654135338346	0.747368421052632	0.715789473684211	0.368421052631579	0.933834586466165	0.905263157894737	0.801503759398496	0.04	0.52	0.830084323148064	0.942528735632184	0.900120560140963
wdLC_k1_0.04_k2_0.52	30	0.881646273637375	0.812680756395996	0.824694104560623	0.553281423804227	0.961290322580645	0.93503893214683	0.761512791991101	0.04	0.52	0.830084323148064	0.942528735632184	0.900120560140963
wdLC_k1_0.04_k2_0.52	40	0.884615384615385	0.830956848030019	0.871669793621013	0.678799249530957	0.950281425891182	0.932082551594747	0.772983114446529	0.04	0.52	0.830084323148064	0.942528735632184	0.900120560140963
wdLC_k1_0.04_k2_0.52	50	0.894645858343337	0.849891956782713	0.895894357743097	0.776326530612245	0.964945978391357	0.957262905162065	0.774021608643457	0.04	0.52	0.830084323148064	0.942528735632184	0.900120560140963
wdLC_k1_0.04_k2_0.52	60	0.896248958043901	0.852736871353154	0.894859683245346	0.807224228952487	0.9707696582384	0.967824395665463	0.799777716032231	0.04	0.52	0.830084323148064	0.942528735632184	0.900120560140963
wdLC_k1_0.04_k2_0.52	70	0.875811390079608	0.853591111888724	0.88417461289476	0.8157641501181	0.979634327705362	0.976659959758551	0.843548245997726	0.04	0.52	0.830084323148064	0.942528735632184	0.900120560140963
wdLC_k1_0.04_k2_0.52	80	0.876324425691514	0.854125644631974	0.896038443506798	0.830567276136896	0.982770745428973	0.980121894045945	0.86741678387248	0.04	0.52	0.830084323148064	0.942528735632184	0.900120560140963
wdLC_k1_0.04_k2_0.52	90	0.878585833642013	0.863242375601926	0.89575667777915	0.844573404123966	0.981429806148907	0.981429806148907	0.874190229246409	0.04	0.52	0.830084323148064	0.942528735632184	0.900120560140963
wdLC_k1_0.04_k2_0.52	100	0.893189318931893	0.881860186018602	0.906870687068707	0.868754875487549	0.982886288628863	0.984446444644465	0.884920492049205	0.04	0.52	0.830084323148064	0.942528735632184	0.900120560140963
wdLC_k1_0.04_k2_0.52	110	0.895038658341411	0.889168902012939	0.907256046705588	0.882262245564998	0.981804657034015	0.984419448639632	0.903442057570498	0.04	0.52	0.830084323148064	0.942528735632184	0.900120560140963
wdLC_k1_0.04_k2_0.52	120	0.900493089797902	0.892721716785888	0.910077088686714	0.893749565942079	0.983380790332662	0.985867074102368	0.913702340440308	0.04	0.52	0.830084323148064	0.942528735632184	0.900120560140963
wdLC_k1_0.04_k2_0.52	130	0.906506984937661	0.901039205779131	0.914285324120226	0.904830053667263	0.985912684865286	0.987791721858826	0.911281049857297	0.04	0.52	0.830084323148064	0.942528735632184	0.900120560140963
wdLC_k1_0.04_k2_0.52	140	0.903129168397805	0.895996151407142	0.910004154730927	0.905674487765411	0.985506549167961	0.986289387942534	0.911976558570773	0.04	0.52	0.830084323148064	0.942528735632184	0.900120560140963
wdLC_k1_0.04_k2_0.52	150	0.902232099204409	0.894388195030891	0.909482199208854	0.909464420640917	0.986118494155296	0.986221609849327	0.911391617405218	0.04	0.52	0.830084323148064	0.942528735632184	0.900120560140963
wdLC_k1_0.04_k2_0.52	160	0.892886440876597	0.884762100082034	0.898930622289933	0.904368334700574	0.984310910582445	0.986625454119301	0.903249150357436	0.04	0.52	0.830084323148064	0.942528735632184	0.900120560140963
wdLC_k1_0.04_k2_0.52	170	0.882499496217048	0.871600686366107	0.888637709833233	0.897201409370974	0.983246316277991	0.98331715121427	0.889079817538975	0.04	0.52	0.830084323148064	0.942528735632184	0.900120560140963
wdLC_k1_0.04_k2_0.52	180	0.883506692593393	0.871498091504882	0.888259925717872	0.902587528421659	0.979865633712975	0.976624792946284	0.87615461382553	0.04	0.52	0.830084323148064	0.942528735632184	0.900120560140963
wdLC_k1_0.04_k2_0.52	190	0.874497762731436	0.86384110363168	0.879512043634392	0.896727858039514	0.974004820078119	0.968437673590608	0.874189837595735	0.04	0.52	0.830084323148064	0.942528735632184	0.900120560140963
wdLC_k1_0.04_k2_0.52	200	0.876306907672692	0.86062401560039	0.883447086177154	0.899411985299633	0.96974424360609	0.962608565214131	0.874002850071252	0.04	0.52	0.830084323148064	0.942528735632184	0.900120560140963
wdLC_k1_0.04_k2_0.52	210	0.875599381910183	0.857597030058991	0.881696054008351	0.903038941602174	0.969276919139728	0.959194409980142	0.875237857677369	0.04	0.52	0.830084323148064	0.942528735632184	0.900120560140963
wdLC_k1_0.04_k2_0.52	220	0.863556910454574	0.844610989332988	0.868128004147344	0.891974101643723	0.962282842057218	0.952003516225918	0.876494818638251	0.04	0.52	0.830084323148064	0.942528735632184	0.900120560140963
wdLC_k1_0.04_k2_0.52	230	0.849368402624526	0.83104702398418	0.854914328124884	0.880374495449491	0.963658062082212	0.950561077426466	0.885171824568065	0.04	0.52	0.830084323148064	0.942528735632184	0.900120560140963
wdLC_k1_0.04_k2_0.52	240	0.83020191322766	0.808448063334433	0.838325318147884	0.867114012396048	0.965290196010347	0.946106703241376	0.896313304050417	0.04	0.52	0.830084323148064	0.942528735632184	0.900120560140963
wdLC_k1_0.04_k2_0.52	240	0.83020191322766	0.808448063334433	0.838325318147884	0.867114012396048	0.965290196010347	0.946106703241376	0.896313304050417	0.04	0.52	0.830084323148064	0.942528735632184	0.900120560140963
wdLC_k1_0.04_k2_0.52	250	0.820834253348054	0.796350789612634	0.829674842797485	0.859373877982048	0.966940143042289	0.94717073873182	0.896313304050417	0.04	0.52	0.830084323148064	0.942528735632184	0.900120560140963
wdLC_k1_0.04_k2_0.52	260	0.811251873320839	0.785512530340116	0.82241908448805	0.853282536041157	0.967943085184464	0.947825582308341	0.896313304050417	0.04	0.52	0.830084323148064	0.942528735632184	0.900120560140963
wdLC_k1_0.04_k2_0.52	270	0.801844561196541	0.775613443866781	0.812031562694809	0.841217148230962	0.969085386021146	0.949319835205787	0.896313304050417	0.04	0.52	0.830084323148064	0.942528735632184	0.900120560140963
wdLC_k1_0.04_k2_0.52	280	0.799643581459676	0.773646347529943	0.81160054884082	0.836207641132449	0.971251455466815	0.95333267734829	0.896313304050417	0.04	0.52	0.830084323148064	0.942528735632184	0.900120560140963
wdLC_k1_0.04_k2_0.52	290	0.787733422554945	0.757640810030543	0.802563235201862	0.821844943828517	0.969768634749439	0.955336875136077	0.896313304050417	0.04	0.52	0.830084323148064	0.942528735632184	0.900120560140963
wdLC_k1_0.04_k2_0.52	300	0.781566906298959	0.749731885909844	0.797133301481128	0.813569484105379	0.971753019477994	0.956279069767442	0.896313304050417	0.04	0.52	0.830084323148064	0.942528735632184	0.900120560140963
wdLC_k1_0.04_k2_0.6	10	0.624242424242424	0.284848484848485	0.127272727272727	-0.43030303030303	0.757575757575757	0.757575757575757	0.539393939393939	0.04	0.6	0.792456251700064	0.907489803485354	0.855606046554762
wdLC_k1_0.04_k2_0.6	20	0.8	0.748872180451128	0.693233082706767	0.264661654135338	0.954887218045113	0.944360902255639	0.712781954887218	0.04	0.6	0.792456251700064	0.907489803485354	0.855606046554762
wdLC_k1_0.04_k2_0.6	30	0.890545050055617	0.85139043381535	0.84916573971079	0.489210233592881	0.975528364849833	0.96440489432703	0.818464961067853	0.04	0.6	0.792456251700064	0.907489803485354	0.855606046554762
wdLC_k1_0.04_k2_0.6	40	0.885741088180113	0.85422138836773	0.874859287054409	0.675797373358349	0.983302063789869	0.977485928705441	0.814821763602252	0.04	0.6	0.792456251700064	0.907489803485354	0.855606046554762
wdLC_k1_0.04_k2_0.6	50	0.885042016806723	0.847202881152461	0.88436974789916	0.765762304921969	0.990204081632653	0.973493397358944	0.805810324129652	0.04	0.6	0.792456251700064	0.907489803485354	0.855606046554762
wdLC_k1_0.04_k2_0.6	60	0.892025562656294	0.860238955265352	0.888191164212281	0.806557377049181	0.989274798555154	0.982383995554321	0.830008335648792	0.04	0.6	0.792456251700064	0.907489803485354	0.855606046554762
wdLC_k1_0.04_k2_0.6	70	0.873956784183361	0.853836059837285	0.874656635464964	0.81842358498819	0.993141457440294	0.985303123086344	0.866153442393491	0.04	0.6	0.792456251700064	0.907489803485354	0.855606046554762
wdLC_k1_0.04_k2_0.6	80	0.88202062822316	0.8643225503985	0.894889826535396	0.843975621190811	0.994608532583216	0.987834036568214	0.872503516174402	0.04	0.6	0.792456251700064	0.907489803485354	0.855606046554762
wdLC_k1_0.04_k2_0.6	90	0.878882166522616	0.863851504300943	0.893106144791538	0.852969502407705	0.993875787134214	0.989134461044573	0.895114623204511	0.04	0.6	0.792456251700064	0.907489803485354	0.855606046554762
wdLC_k1_0.04_k2_0.6	100	0.883264326432643	0.875367536753675	0.893453345334534	0.862562256225623	0.993159315931593	0.991095109510951	0.904338433843384	0.04	0.6	0.792456251700064	0.907489803485354	0.855606046554762
wdLC_k1_0.04_k2_0.6	110	0.881135180217749	0.876789216238757	0.892198453666344	0.872704731420328	0.993958929738746	0.992795798300385	0.916452899939138	0.04	0.6	0.792456251700064	0.907489803485354	0.855606046554762
wdLC_k1_0.04_k2_0.6	120	0.891638308215848	0.885749010347941	0.900590318772137	0.888304743384957	0.993923189110355	0.992978679074936	0.926744912841169	0.04	0.6	0.792456251700064	0.907489803485354	0.855606046554762
wdLC_k1_0.04_k2_0.6	130	0.899629928033976	0.893812560597577	0.906905734067105	0.900798863838097	0.994324652801486	0.993729260265742	0.922429638531183	0.04	0.6	0.792456251700064	0.907489803485354	0.855606046554762
wdLC_k1_0.04_k2_0.6	140	0.902599986879797	0.895375128468654	0.90916883514465	0.906776584811178	0.993934092847303	0.993247468894186	0.924843104240012	0.04	0.6	0.792456251700064	0.907489803485354	0.855606046554762
wdLC_k1_0.04_k2_0.6	150	0.898441708520379	0.889954220187564	0.904802880128006	0.905542468554158	0.993194364193964	0.993037912796124	0.913151695630917	0.04	0.6	0.792456251700064	0.907489803485354	0.855606046554762
wdLC_k1_0.04_k2_0.6	160	0.90075588890191	0.888374545880698	0.905636938942927	0.912946794796672	0.993838626508848	0.99162662604008	0.910641040665651	0.04	0.6	0.792456251700064	0.907489803485354	0.855606046554762
wdLC_k1_0.04_k2_0.6	170	0.889402238628245	0.879160483875893	0.896392914063788	0.907250199986566	0.991880850752011	0.988082632617046	0.903156429186437	0.04	0.6	0.792456251700064	0.907489803485354	0.855606046554762
wdLC_k1_0.04_k2_0.6	180	0.868944514748397	0.861030690247641	0.877300739734766	0.890428716935708	0.988248608496147	0.985098305503256	0.890912270954865	0.04	0.6	0.792456251700064	0.907489803485354	0.855606046554762
wdLC_k1_0.04_k2_0.6	190	0.867693666977216	0.859077011901482	0.874641227851479	0.888223175740398	0.98789119395347	0.980570973682024	0.884461590275864	0.04	0.6	0.792456251700064	0.907489803485354	0.855606046554762
wdLC_k1_0.04_k2_0.6	200	0.856657916447911	0.842340058501463	0.860796519912998	0.882388059701493	0.987114677866947	0.976165904147604	0.88561614040351	0.04	0.6	0.792456251700064	0.907489803485354	0.855606046554762
wdLC_k1_0.04_k2_0.6	210	0.856535781504602	0.839699636856035	0.863878999523799	0.883096798437282	0.984609952282689	0.976739349450749	0.889088511887215	0.04	0.6	0.792456251700064	0.907489803485354	0.855606046554762
wdLC_k1_0.04_k2_0.6	220	0.851557789511053	0.83448042690589	0.85783402737472	0.878771349520745	0.985065055814452	0.977222294224712	0.886665952902859	0.04	0.6	0.792456251700064	0.907489803485354	0.855606046554762
wdLC_k1_0.04_k2_0.6	230	0.845884815772798	0.828990603093508	0.852309528330033	0.872124154561975	0.985545876185709	0.978359745437778	0.891828315978686	0.04	0.6	0.792456251700064	0.907489803485354	0.855606046554762
wdLC_k1_0.04_k2_0.6	240	0.834245386204622	0.816489001545166	0.843443462560114	0.863041025017795	0.98436083959791	0.970890987690758	0.902246566780673	0.04	0.6	0.792456251700064	0.907489803485354	0.855606046554762
wdLC_k1_0.04_k2_0.6	240	0.834245386204622	0.816489001545166	0.843443462560114	0.863041025017795	0.98436083959791	0.970890987690758	0.902246566780673	0.04	0.6	0.792456251700064	0.907489803485354	0.855606046554762
wdLC_k1_0.04_k2_0.6	250	0.822987759804157	0.801643162290597	0.833933470935535	0.857027600441607	0.984922382758124	0.970138146210339	0.902246566780673	0.04	0.6	0.792456251700064	0.907489803485354	0.855606046554762
wdLC_k1_0.04_k2_0.6	260	0.818737646323853	0.795799664765182	0.830007271386582	0.854310771552151	0.985397144017833	0.971907868459592	0.902246566780673	0.04	0.6	0.792456251700064	0.907489803485354	0.855606046554762
wdLC_k1_0.04_k2_0.6	270	0.818514200011889	0.790797922849117	0.830623495826036	0.851523645347977	0.986137288882182	0.972699518816749	0.902246566780673	0.04	0.6	0.792456251700064	0.907489803485354	0.855606046554762
wdLC_k1_0.04_k2_0.6	280	0.802021527242512	0.774504594628576	0.814589107368352	0.834451241178368	0.985616434611958	0.972160541406323	0.902246566780673	0.04	0.6	0.792456251700064	0.907489803485354	0.855606046554762
wdLC_k1_0.04_k2_0.6	290	0.78767880712018	0.759966148271065	0.80292438591463	0.818540956040726	0.986087333032374	0.97220566401421	0.902246566780673	0.04	0.6	0.792456251700064	0.907489803485354	0.855606046554762
wdLC_k1_0.04_k2_0.6	300	0.788489205435616	0.755591951021678	0.805980066445183	0.814473938599318	0.983006477849754	0.97390815453505	0.902246566780673	0.04	0.6	0.792456251700064	0.907489803485354	0.855606046554762
wdLC_k1_0.04_k2_0.68	10	0.648484848484848	0.563636363636364	0.551515151515151	0.224242424242424	0.963636363636364	0.915151515151515	0.745454545454545	0.04	0.68	0.74340375374014	0.862254356692622	0.801539460261523
wdLC_k1_0.04_k2_0.68	20	0.843609022556391	0.790977443609023	0.784962406015038	0.377443609022556	0.97593984962406	0.93984962406015	0.760902255639098	0.04	0.68	0.74340375374014	0.862254356692622	0.801539460261523
wdLC_k1_0.04_k2_0.68	30	0.902113459399333	0.861624026696329	0.881201334816463	0.557730812013348	0.986206896551724	0.9706340378198	0.825139043381535	0.04	0.68	0.74340375374014	0.862254356692622	0.801539460261523
wdLC_k1_0.04_k2_0.68	40	0.877485928705441	0.845403377110694	0.879362101313321	0.687242026266417	0.981801125703565	0.969793621013133	0.815384615384616	0.04	0.68	0.74340375374014	0.862254356692622	0.801539460261523
wdLC_k1_0.04_k2_0.68	50	0.891572629051621	0.863049219687875	0.894453781512605	0.782376950780312	0.979159663865546	0.972821128451381	0.796590636254502	0.04	0.68	0.74340375374014	0.862254356692622	0.801539460261523
wdLC_k1_0.04_k2_0.68	60	0.893470408446791	0.861239233120311	0.900194498471798	0.815948874687413	0.980883578771881	0.976048902472909	0.815226451792165	0.04	0.68	0.74340375374014	0.862254356692622	0.801539460261523
wdLC_k1_0.04_k2_0.68	70	0.874236724696002	0.854430933426647	0.881725133409151	0.822237774472925	0.987192721546671	0.982678680780334	0.864613769573966	0.04	0.68	0.74340375374014	0.862254356692622	0.801539460261523
wdLC_k1_0.04_k2_0.68	80	0.883052039381153	0.86502578527895	0.897444913267698	0.848851383028598	0.990576652601969	0.986591654946085	0.872315986872949	0.04	0.68	0.74340375374014	0.862254356692622	0.801539460261523
wdLC_k1_0.04_k2_0.68	90	0.89208544264724	0.877598057373338	0.910326377742108	0.869004403835865	0.990863069514755	0.988936905790838	0.884430176565008	0.04	0.68	0.74340375374014	0.862254356692622	0.801539460261523
wdLC_k1_0.04_k2_0.68	100	0.877479747974797	0.870699069906991	0.892241224122412	0.856873687368737	0.991059105910591	0.990783078307831	0.902334233423342	0.04	0.68	0.74340375374014	0.862254356692622	0.801539460261523
wdLC_k1_0.04_k2_0.68	110	0.877429389355995	0.873786714153687	0.891441065752992	0.869756328471925	0.992489236525934	0.992570385230936	0.919581633343101	0.04	0.68	0.74340375374014	0.862254356692622	0.801539460261523
wdLC_k1_0.04_k2_0.68	120	0.893117577609556	0.888533925967081	0.904541982082089	0.890103479408292	0.993207861657059	0.993527328286686	0.92831446628238	0.04	0.68	0.74340375374014	0.862254356692622	0.801539460261523
wdLC_k1_0.04_k2_0.68	130	0.900492974094962	0.895358396263775	0.909341927378497	0.900766089937047	0.992740580917396	0.994056999276243	0.929306695434869	0.04	0.68	0.74340375374014	0.862254356692622	0.801539460261523
wdLC_k1_0.04_k2_0.68	140	0.901148017756008	0.895353261463777	0.909479346613895	0.904244385646498	0.992880103212263	0.994266471321423	0.919769959108701	0.04	0.68	0.74340375374014	0.862254356692622	0.801539460261523
wdLC_k1_0.04_k2_0.68	150	0.902708564825103	0.89369838659496	0.910993377483444	0.911736521623183	0.992397884350416	0.994321525401129	0.911249388861727	0.04	0.68	0.74340375374014	0.862254356692622	0.801539460261523
wdLC_k1_0.04_k2_0.68	160	0.899030235556076	0.887797374897457	0.905305871323099	0.909937888198758	0.991298488222196	0.992517285831478	0.902420016406891	0.04	0.68	0.74340375374014	0.862254356692622	0.801539460261523
wdLC_k1_0.04_k2_0.68	170	0.898073411862409	0.886334353112158	0.903879434053285	0.91268006423996	0.990029372072716	0.991734295711433	0.898237064991054	0.04	0.68	0.74340375374014	0.862254356692622	0.801539460261523
wdLC_k1_0.04_k2_0.68	180	0.88834429046164	0.875465292138646	0.894369167772668	0.909791454468759	0.986265008179265	0.983552990318631	0.893772441536262	0.04	0.68	0.74340375374014	0.862254356692622	0.801539460261523
wdLC_k1_0.04_k2_0.68	190	0.869005847953217	0.85719446959458	0.873944897146881	0.890229937846361	0.985392801375166	0.978686681800487	0.880759490348909	0.04	0.68	0.74340375374014	0.862254356692622	0.801539460261523
wdLC_k1_0.04_k2_0.68	200	0.86411160279007	0.851077776944424	0.869529738243456	0.886265656641416	0.986852171304283	0.981260031500788	0.884858621465537	0.04	0.68	0.74340375374014	0.862254356692622	0.801539460261523
wdLC_k1_0.04_k2_0.68	210	0.849450424855763	0.835861519373617	0.85630901899298	0.871367345550434	0.984915757726933	0.982216635945745	0.888767157013603	0.04	0.68	0.74340375374014	0.862254356692622	0.801539460261523
wdLC_k1_0.04_k2_0.68	220	0.846594501389022	0.830828961530009	0.852366972270276	0.871643103069372	0.984785560933829	0.982406473462074	0.885870294089472	0.04	0.68	0.74340375374014	0.862254356692622	0.801539460261523
wdLC_k1_0.04_k2_0.68	230	0.836469662860398	0.81831496773589	0.842818430857163	0.862006761038468	0.985456123523335	0.982325629563146	0.891861849940453	0.04	0.68	0.74340375374014	0.862254356692622	0.801539460261523
wdLC_k1_0.04_k2_0.68	240	0.831203666730325	0.8122302470529	0.837773225229605	0.853562561850032	0.985846976510009	0.980362506293512	0.902340318408305	0.04	0.68	0.74340375374014	0.862254356692622	0.801539460261523
wdLC_k1_0.04_k2_0.68	240	0.831203666730325	0.8122302470529	0.837773225229605	0.853562561850032	0.985846976510009	0.980362506293512	0.902340318408305	0.04	0.68	0.74340375374014	0.862254356692622	0.801539460261523
wdLC_k1_0.04_k2_0.68	250	0.817385878174051	0.79721249939999	0.827027504440071	0.843507512120194	0.985641242259876	0.98150856813709	0.902340318408305	0.04	0.68	0.74340375374014	0.862254356692622	0.801539460261523
wdLC_k1_0.04_k2_0.68	260	0.812830412830413	0.793513103857931	0.82562805321426	0.846311563552943	0.986270393166945	0.982494051459568	0.902340318408305	0.04	0.68	0.74340375374014	0.862254356692622	0.801539460261523
wdLC_k1_0.04_k2_0.68	270	0.807629734289908	0.78506030413464	0.826404568878403	0.84183596482805	0.986531136686831	0.97880415978881	0.902340318408305	0.04	0.68	0.74340375374014	0.862254356692622	0.801539460261523
wdLC_k1_0.04_k2_0.68	280	0.807405524487375	0.782529478327894	0.828089826218629	0.838763796185447	0.98695628406339	0.977437394427407	0.902340318408305	0.04	0.68	0.74340375374014	0.862254356692622	0.801539460261523
wdLC_k1_0.04_k2_0.68	290	0.786592894827156	0.760898546909615	0.805701408561584	0.815187273127607	0.985991879029272	0.979054734752269	0.902340318408305	0.04	0.68	0.74340375374014	0.862254356692622	0.801539460261523
wdLC_k1_0.04_k2_0.68	300	0.781677574195269	0.754020822453583	0.800236891521017	0.805197391082123	0.983192257691752	0.979334437049301	0.902340318408305	0.04	0.68	0.74340375374014	0.862254356692622	0.801539460261523
wdLC_k1_0.04_k2_0.76	10	0.648484848484848	0.357575757575758	0.248484848484848	-0.236363636363636	0.842424242424242	0.866666666666667	0.672727272727273	0.04	0.76	0.681566778493064	0.804041527623285	0.73532412130205
wdLC_k1_0.04_k2_0.76	20	0.778947368421053	0.736842105263158	0.690225563909774	0.311278195488722	0.96390977443609	0.957894736842105	0.744360902255639	0.04	0.76	0.681566778493064	0.804041527623285	0.73532412130205
wdLC_k1_0.04_k2_0.76	30	0.882091212458287	0.839822024471635	0.848275862068966	0.538153503893215	0.984872080088988	0.979532814238042	0.812235817575084	0.04	0.76	0.681566778493064	0.804041527623285	0.73532412130205
wdLC_k1_0.04_k2_0.76	40	0.887429643527205	0.854409005628518	0.877861163227017	0.7	0.973545966228893	0.971669793621013	0.814446529080676	0.04	0.76	0.681566778493064	0.804041527623285	0.73532412130205
wdLC_k1_0.04_k2_0.76	50	0.890612244897959	0.856134453781513	0.888211284513806	0.784201680672269	0.983769507803121	0.982617046818728	0.799567827130852	0.04	0.76	0.681566778493064	0.804041527623285	0.73532412130205
wdLC_k1_0.04_k2_0.76	60	0.900416782439567	0.870241733814949	0.901139205334816	0.821950541817172	0.982717421505974	0.988719088635732	0.827618782995277	0.04	0.76	0.681566778493064	0.804041527623285	0.73532412130205
wdLC_k1_0.04_k2_0.76	70	0.881410200332429	0.862829148805879	0.88434957571516	0.828606421135509	0.988207505904995	0.990726970518765	0.864858717522527	0.04	0.76	0.681566778493064	0.804041527623285	0.73532412130205
wdLC_k1_0.04_k2_0.76	80	0.888748241912799	0.873136427566807	0.90225035161744	0.852766057196437	0.991490857946554	0.992100328176278	0.874285044538209	0.04	0.76	0.681566778493064	0.804041527623285	0.73532412130205
wdLC_k1_0.04_k2_0.76	90	0.8964151952916	0.883096678602297	0.910326377742108	0.869629995472692	0.991225254146603	0.992970325554595	0.891920813269128	0.04	0.76	0.681566778493064	0.804041527623285	0.73532412130205
wdLC_k1_0.04_k2_0.76	100	0.881596159615962	0.875871587158716	0.894725472547255	0.861530153015302	0.992139213921392	0.993879387938794	0.903954395439544	0.04	0.76	0.681566778493064	0.804041527623285	0.73532412130205
wdLC_k1_0.04_k2_0.76	110	0.879710569618827	0.876121993553186	0.892973874625251	0.871983409598088	0.993012194847057	0.995221242927665	0.917156188715822	0.04	0.76	0.681566778493064	0.804041527623285	0.73532412130205
wdLC_k1_0.04_k2_0.76	120	0.892471699423571	0.88825612889784	0.903458573512049	0.889582609903465	0.993603722480728	0.995735814987152	0.927647753316202	0.04	0.76	0.681566778493064	0.804041527623285	0.73532412130205
wdLC_k1_0.04_k2_0.76	130	0.899018148547707	0.893178931843942	0.907309945513389	0.900159772767619	0.993696486364692	0.995160387278264	0.928935257889634	0.04	0.76	0.681566778493064	0.804041527623285	0.73532412130205
wdLC_k1_0.04_k2_0.76	140	0.913179243838971	0.906138068268789	0.920587785091076	0.915965100260217	0.993111893463952	0.995119284511601	0.912982440795084	0.04	0.76	0.681566778493064	0.804041527623285	0.73532412130205
wdLC_k1_0.04_k2_0.76	150	0.902651673407707	0.894388195030891	0.909965776256723	0.91058091470732	0.991160496022046	0.993389928441264	0.917671007600338	0.04	0.76	0.681566778493064	0.804041527623285	0.73532412130205
wdLC_k1_0.04_k2_0.76	160	0.895218563225126	0.887038556193601	0.901989335520919	0.90803058713231	0.991459627329192	0.990554318528067	0.910081448494082	0.04	0.76	0.681566778493064	0.804041527623285	0.73532412130205
wdLC_k1_0.04_k2_0.76	170	0.889683135789352	0.879602591581634	0.894871184225793	0.903434883763533	0.990945341076325	0.988358644610133	0.901092445698304	0.04	0.76	0.681566778493064	0.804041527623285	0.73532412130205
wdLC_k1_0.04_k2_0.76	180	0.885961500869368	0.871339650400732	0.889529512227744	0.902990833050403	0.986933753099376	0.986297931006101	0.89892486393613	0.04	0.76	0.681566778493064	0.804041527623285	0.73532412130205
wdLC_k1_0.04_k2_0.76	190	0.873960643318593	0.85934644639522	0.876415296531031	0.893709841794714	0.988045156521321	0.986302580185193	0.891484382859417	0.04	0.76	0.681566778493064	0.804041527623285	0.73532412130205
wdLC_k1_0.04_k2_0.76	200	0.855924398109953	0.840588014700368	0.860070501762544	0.879686492162304	0.987186679666992	0.985980649516238	0.886985674641866	0.04	0.76	0.681566778493064	0.804041527623285	0.73532412130205
wdLC_k1_0.04_k2_0.76	210	0.851430385528664	0.837989199625518	0.858158105302031	0.874697515006819	0.985855202417936	0.987480117786927	0.892581950351968	0.04	0.76	0.681566778493064	0.804041527623285	0.73532412130205
wdLC_k1_0.04_k2_0.76	220	0.84633641942264	0.832995046854837	0.850841020381713	0.871014239587971	0.985814507812896	0.987102663653832	0.884364628119664	0.04	0.76	0.681566778493064	0.804041527623285	0.73532412130205
wdLC_k1_0.04_k2_0.76	230	0.841160472335714	0.82486691208924	0.844404389990112	0.865503169699107	0.98486829289943	0.983375045307834	0.891595550832308	0.04	0.76	0.681566778493064	0.804041527623285	0.73532412130205
wdLC_k1_0.04_k2_0.76	240	0.831919824996962	0.814549731766176	0.838647372350214	0.855514852688415	0.984757547874095	0.983968471674855	0.902313408218893	0.04	0.76	0.681566778493064	0.804041527623285	0.73532412130205
wdLC_k1_0.04_k2_0.76	240	0.831919824996962	0.814549731766176	0.838647372350214	0.855514852688415	0.984757547874095	0.983968471674855	0.902313408218893	0.04	0.76	0.681566778493064	0.804041527623285	0.73532412130205
wdLC_k1_0.04_k2_0.76	250	0.822066145058321	0.802737579801277	0.830733931742908	0.845809244947919	0.985168914702635	0.982831085297365	0.902313408218893	0.04	0.76	0.681566778493064	0.804041527623285	0.73532412130205
wdLC_k1_0.04_k2_0.76	260	0.809400230089885	0.788754271512892	0.826185184805874	0.840497185324771	0.984451522382557	0.979039289384117	0.902313408218893	0.04	0.76	0.681566778493064	0.804041527623285	0.73532412130205
wdLC_k1_0.04_k2_0.76	270	0.816369985261191	0.791986172649831	0.832054394893391	0.845946979915896	0.985080118459177	0.98075388932328	0.902313408218893	0.04	0.76	0.681566778493064	0.804041527623285	0.73532412130205
wdLC_k1_0.04_k2_0.76	280	0.805072404349181	0.778194510498494	0.823484264558768	0.834596651196353	0.984565765233886	0.981077018110654	0.902313408218893	0.04	0.76	0.681566778493064	0.804041527623285	0.73532412130205
wdLC_k1_0.04_k2_0.76	290	0.799986961179989	0.76843892112375	0.813942926870671	0.826588614157944	0.985008309172564	0.979865601747694	0.902313408218893	0.04	0.76	0.681566778493064	0.804041527623285	0.73532412130205
wdLC_k1_0.04_k2_0.76	300	0.791793686596518	0.760870676340848	0.816001955577284	0.820862009577884	0.985441171568573	0.981178013089034	0.902313408218893	0.04	0.76	0.681566778493064	0.804041527623285	0.73532412130205
wdLC_k1_0.08_k2_0.04	10	0.466666666666667	0.103030303030303	-0.151515151515152	-0.381818181818182	0.612121212121212	0.648484848484848	0.539393939393939	0.08	0.04	0.897361501496056	0.989247311827957	0.956320133543541
wdLC_k1_0.08_k2_0.04	20	0.769924812030075	0.714285714285714	0.574436090225564	0.141353383458647	0.854135338345865	0.857142857142857	0.736842105263158	0.08	0.04	0.897361501496056	0.989247311827957	0.956320133543541
wdLC_k1_0.08_k2_0.04	30	0.805561735261401	0.739265850945495	0.747274749721913	0.420244716351502	0.919911012235817	0.888320355951057	0.811790878754171	0.08	0.04	0.897361501496056	0.989247311827957	0.956320133543541
wdLC_k1_0.08_k2_0.04	40	0.799624765478424	0.76172607879925	0.774671669793621	0.588930581613509	0.941463414634146	0.918949343339588	0.760225140712946	0.08	0.04	0.897361501496056	0.989247311827957	0.956320133543541
wdLC_k1_0.08_k2_0.04	50	0.821944777911164	0.782761104441777	0.807539015606243	0.69546218487395	0.959183673469388	0.923553421368547	0.792076830732293	0.08	0.04	0.897361501496056	0.989247311827957	0.956320133543541
wdLC_k1_0.08_k2_0.04	60	0.811614337315921	0.775548763545429	0.800611280911364	0.727257571547652	0.966546262850792	0.937260350097249	0.786496248958044	0.08	0.04	0.897361501496056	0.989247311827957	0.956320133543541
wdLC_k1_0.08_k2_0.04	70	0.82906132446855	0.800822325255883	0.823182573703088	0.764779984253346	0.974980316682705	0.952760038491821	0.826926778059662	0.08	0.04	0.897361501496056	0.989247311827957	0.956320133543541
wdLC_k1_0.08_k2_0.04	80	0.848007501172058	0.826769807782466	0.854242850445382	0.802742616033755	0.980426629160806	0.962423816221284	0.856915142991092	0.08	0.04	0.897361501496056	0.989247311827957	0.956320133543541
wdLC_k1_0.08_k2_0.04	90	0.819401572210561	0.803169115528666	0.826546487220645	0.795612627073301	0.977824422768243	0.956636621805161	0.87866814833107	0.08	0.04	0.897361501496056	0.989247311827957	0.956320133543541
wdLC_k1_0.08_k2_0.04	100	0.839111911191119	0.824422442244224	0.845856585658566	0.824194419441944	0.982058205820582	0.964584458445845	0.889216921692169	0.08	0.04	0.897361501496056	0.989247311827957	0.956320133543541
wdLC_k1_0.08_k2_0.04	110	0.826035209521448	0.81664900930956	0.836467326375583	0.815044068255077	0.981471045691229	0.963807677569145	0.902351058314361	0.08	0.04	0.897361501496056	0.989247311827957	0.956320133543541
wdLC_k1_0.08_k2_0.04	120	0.820862559899993	0.816667824154455	0.832912007778318	0.820765330925759	0.981825126744913	0.964817001180637	0.903646086533787	0.08	0.04	0.897361501496056	0.989247311827957	0.956320133543541
wdLC_k1_0.08_k2_0.04	130	0.830728263392918	0.826200002731158	0.842002485354163	0.835376695025195	0.982515123789755	0.966275655819416	0.908506192901719	0.08	0.04	0.897361501496056	0.989247311827957	0.956320133543541
wdLC_k1_0.08_k2_0.04	140	0.839216286545232	0.8325905840677	0.848715313463515	0.847893114080165	0.983901511010037	0.966578469746999	0.902005204347161	0.08	0.04	0.897361501496056	0.989247311827957	0.956320133543541
wdLC_k1_0.08_k2_0.04	150	0.837077203431264	0.828600382239211	0.846588737277213	0.851108049246633	0.983960176007823	0.96753633494822	0.893090359571537	0.08	0.04	0.897361501496056	0.989247311827957	0.956320133543541
wdLC_k1_0.08_k2_0.04	160	0.839605062697762	0.827964959568733	0.845520332825501	0.858314777921012	0.980924059533575	0.966272120004687	0.879090003515762	0.08	0.04	0.897361501496056	0.989247311827957	0.956320133543541
wdLC_k1_0.08_k2_0.04	170	0.838085991170059	0.827602420600754	0.845931571008971	0.863540159134348	0.979592210599593	0.962274289971361	0.867472719389843	0.08	0.04	0.897361501496056	0.989247311827957	0.956320133543541
wdLC_k1_0.08_k2_0.04	180	0.827142813049786	0.814687696122308	0.832797308558906	0.856106669958949	0.977484901797381	0.956420465652232	0.859656162227229	0.08	0.04	0.897361501496056	0.989247311827957	0.956320133543541
wdLC_k1_0.08_k2_0.04	190	0.825331216348026	0.807991182143842	0.833883137162278	0.851237167963539	0.976518958828135	0.953230370866083	0.857875054127465	0.08	0.04	0.897361501496056	0.989247311827957	0.956320133543541
wdLC_k1_0.08_k2_0.04	200	0.817245931148279	0.797362934073352	0.827624690617266	0.84652816320408	0.973941348533713	0.949201230030751	0.851478286957174	0.08	0.04	0.897361501496056	0.989247311827957	0.956320133543541
wdLC_k1_0.08_k2_0.04	210	0.80462530734419	0.784250371728546	0.816657974103721	0.838003453269106	0.969730444162971	0.944646623020282	0.849906541450567	0.08	0.04	0.897361501496056	0.989247311827957	0.956320133543541
wdLC_k1_0.08_k2_0.04	220	0.790652699435939	0.771083549810383	0.800659292359534	0.828343936482535	0.968364109701741	0.941335376951815	0.854405707105143	0.08	0.04	0.897361501496056	0.989247311827957	0.956320133543541
wdLC_k1_0.08_k2_0.04	230	0.77245924760639	0.75407967767945	0.786486306554657	0.810161283561701	0.966605105545679	0.938225510961414	0.865523881851962	0.08	0.04	0.897361501496056	0.989247311827957	0.956320133543541
wdLC_k1_0.08_k2_0.04	240	0.763003697980868	0.744369693918297	0.775003038247192	0.801470511640827	0.966969912672095	0.938159516658275	0.878786090036285	0.08	0.04	0.897361501496056	0.989247311827957	0.956320133543541
wdLC_k1_0.08_k2_0.04	240	0.763003697980868	0.744369693918297	0.775003038247192	0.801470511640827	0.966969912672095	0.938159516658275	0.878786090036285	0.08	0.04	0.897361501496056	0.989247311827957	0.956320133543541
wdLC_k1_0.08_k2_0.04	250	0.762906926510824	0.744248835981376	0.775353333653338	0.801699995199923	0.967229683674939	0.940418374693995	0.878786090036285	0.08	0.04	0.897361501496056	0.989247311827957	0.956320133543541
wdLC_k1_0.08_k2_0.04	260	0.752977684012167	0.731013317220214	0.766096904027938	0.792809179016075	0.9661883937746	0.936620136620136	0.878786090036285	0.08	0.04	0.897361501496056	0.989247311827957	0.956320133543541
wdLC_k1_0.08_k2_0.04	270	0.757109913106566	0.734486831857166	0.769339314210986	0.796577608898766	0.968786037302752	0.939669954320361	0.878786090036285	0.08	0.04	0.897361501496056	0.989247311827957	0.956320133543541
wdLC_k1_0.08_k2_0.04	280	0.742959913847298	0.715280078280882	0.75579480787838	0.781729176574774	0.966663386741449	0.941547359386873	0.878786090036285	0.08	0.04	0.897361501496056	0.989247311827957	0.956320133543541
wdLC_k1_0.08_k2_0.04	290	0.751327560990311	0.713964207208991	0.762288534325924	0.784898832287563	0.969112265470375	0.942011201084436	0.878786090036285	0.08	0.04	0.897361501496056	0.989247311827957	0.956320133543541
wdLC_k1_0.08_k2_0.04	300	0.752264358492872	0.715247058300648	0.766551628351426	0.786184735385949	0.971621906910077	0.94582562028467	0.878786090036285	0.08	0.04	0.897361501496056	0.989247311827957	0.956320133543541
wdLC_k1_0.08_k2_0.12	10	0.527272727272727	0.127272727272727	-0.103030303030303	-0.418181818181818	0.612121212121212	0.624242424242424	0.515151515151515	0.08	0.12	0.885211714570677	0.983500185391175	0.945933413706761
wdLC_k1_0.08_k2_0.12	20	0.795488721804511	0.670676691729323	0.615037593984962	0.189473684210526	0.87218045112782	0.854135338345865	0.702255639097744	0.08	0.12	0.885211714570677	0.983500185391175	0.945933413706761
wdLC_k1_0.08_k2_0.12	30	0.838932146829811	0.773526140155729	0.780200222469411	0.503448275862069	0.934593993325918	0.913681868743048	0.758398220244716	0.08	0.12	0.885211714570677	0.983500185391175	0.945933413706761
wdLC_k1_0.08_k2_0.12	40	0.849343339587242	0.789305816135085	0.817636022514072	0.631707317073171	0.939774859287055	0.918574108818012	0.811444652908068	0.08	0.12	0.885211714570677	0.983500185391175	0.945933413706761
wdLC_k1_0.08_k2_0.12	50	0.879663865546218	0.829339735894358	0.86391356542617	0.762977190876351	0.963697478991597	0.950732292917167	0.78641056422569	0.08	0.12	0.885211714570677	0.983500185391175	0.945933413706761
wdLC_k1_0.08_k2_0.12	60	0.873631564323423	0.832786885245902	0.869686023895527	0.777493748263407	0.965156988052237	0.953987218671853	0.788496804667964	0.08	0.12	0.885211714570677	0.983500185391175	0.945933413706761
wdLC_k1_0.08_k2_0.12	70	0.86583850931677	0.837634502668183	0.867028256495495	0.805791269355262	0.971900971043653	0.960388417461289	0.827031755751903	0.08	0.12	0.885211714570677	0.983500185391175	0.945933413706761
wdLC_k1_0.08_k2_0.12	80	0.851453352086264	0.830590717299578	0.863970932958275	0.801054852320675	0.976605719643694	0.964674167838725	0.858696671354899	0.08	0.12	0.885211714570677	0.983500185391175	0.945933413706761
wdLC_k1_0.08_k2_0.12	90	0.864691114129316	0.84752026999218	0.876972465736511	0.829822611845084	0.978515866156316	0.970004527307898	0.868691608017451	0.08	0.12	0.885211714570677	0.983500185391175	0.945933413706761
wdLC_k1_0.08_k2_0.12	100	0.882244224422442	0.86967896789679	0.88991299129913	0.856789678967897	0.977305730573057	0.974161416141614	0.882628262826283	0.08	0.12	0.885211714570677	0.983500185391175	0.945933413706761
wdLC_k1_0.08_k2_0.12	110	0.880395825349954	0.872641615760882	0.889818091652954	0.865617744516827	0.979559542862295	0.976719338187228	0.895913261050876	0.08	0.12	0.885211714570677	0.983500185391175	0.945933413706761
wdLC_k1_0.08_k2_0.12	120	0.88676296965067	0.878852698104035	0.894221820959789	0.879172164733662	0.977359538856865	0.975706646294881	0.902833530106257	0.08	0.12	0.885211714570677	0.983500185391175	0.945933413706761
wdLC_k1_0.08_k2_0.12	130	0.893676002676535	0.885127476819293	0.899651777301342	0.890551557443089	0.979822201586803	0.977817531305903	0.903874148219967	0.08	0.12	0.885211714570677	0.983500185391175	0.945933413706761
wdLC_k1_0.08_k2_0.12	140	0.88439789202073	0.876888762546194	0.88977717522031	0.886667687126894	0.979987317137172	0.97540399291509	0.905442697513722	0.08	0.12	0.885211714570677	0.983500185391175	0.945933413706761
wdLC_k1_0.08_k2_0.12	150	0.874003289035068	0.867603004577981	0.881384950442242	0.881349393306369	0.979103071247611	0.973748166585182	0.894804213520601	0.08	0.12	0.885211714570677	0.983500185391175	0.945933413706761
wdLC_k1_0.08_k2_0.12	160	0.878196413922419	0.867338567912809	0.884811906715106	0.889816008437829	0.976816477206141	0.971033048165944	0.884621469588656	0.08	0.12	0.885211714570677	0.983500185391175	0.945933413706761
wdLC_k1_0.08_k2_0.12	170	0.87216736585634	0.8622333766892	0.87638326585695	0.888342157168068	0.976712404052247	0.969450601791636	0.869407245925465	0.08	0.12	0.885211714570677	0.983500185391175	0.945933413706761
wdLC_k1_0.08_k2_0.12	180	0.867569986727986	0.853878206117473	0.871987818554071	0.886971820117905	0.970083438789263	0.964219060259062	0.866267477391278	0.08	0.12	0.885211714570677	0.983500185391175	0.945933413706761
wdLC_k1_0.08_k2_0.12	190	0.863765871922389	0.849191915215613	0.869403001395286	0.888116451687684	0.965806313340069	0.954512809073294	0.860716363334164	0.08	0.12	0.885211714570677	0.983500185391175	0.945933413706761
wdLC_k1_0.08_k2_0.12	200	0.855414385359634	0.838630465761644	0.862641566039151	0.882778069451736	0.95236780919523	0.93980799519988	0.85620790519763	0.08	0.12	0.885211714570677	0.983500185391175	0.945933413706761
wdLC_k1_0.08_k2_0.12	210	0.841991881902084	0.822435882899839	0.847719255052755	0.87600496285954	0.949306268687661	0.930561431584131	0.858944647270913	0.08	0.12	0.885211714570677	0.983500185391175	0.945933413706761
wdLC_k1_0.08_k2_0.12	220	0.827325132562844	0.810511486901495	0.833448099040363	0.866623465173022	0.95011467179074	0.932073728044719	0.863723705786559	0.08	0.12	0.885211714570677	0.983500185391175	0.945933413706761
wdLC_k1_0.08_k2_0.12	230	0.816082986692442	0.798325767644165	0.822007648702162	0.857889974085152	0.947828059542508	0.9266020480374	0.873217953491354	0.08	0.12	0.885211714570677	0.983500185391175	0.945933413706761
wdLC_k1_0.08_k2_0.12	240	0.81089602250039	0.790114411708536	0.817915241584055	0.852704040000694	0.947601520859737	0.922714804076459	0.885296619732981	0.08	0.12	0.885211714570677	0.983500185391175	0.945933413706761
wdLC_k1_0.08_k2_0.12	240	0.81089602250039	0.790114411708536	0.817915241584055	0.852704040000694	0.947601520859737	0.922714804076459	0.885296619732981	0.08	0.12	0.885211714570677	0.983500185391175	0.945933413706761
wdLC_k1_0.08_k2_0.12	250	0.794294820717131	0.770762156194499	0.799647866365862	0.836799692795085	0.949636826189219	0.923162674602793	0.885296619732981	0.08	0.12	0.885211714570677	0.983500185391175	0.945933413706761
wdLC_k1_0.08_k2_0.12	260	0.78923493406252	0.764405709233295	0.797537287192459	0.832977274356585	0.952592607765022	0.926365774641637	0.885296619732981	0.08	0.12	0.885211714570677	0.983500185391175	0.945933413706761
wdLC_k1_0.08_k2_0.12	270	0.7924233071327	0.763172486743455	0.800110045710122	0.832822581013914	0.956828549698136	0.929345776729143	0.885296619732981	0.08	0.12	0.885211714570677	0.983500185391175	0.945933413706761
wdLC_k1_0.08_k2_0.12	280	0.782420147487304	0.752661932641269	0.793378377639657	0.823735178837923	0.958181500128464	0.929354784044257	0.885296619732981	0.08	0.12	0.885211714570677	0.983500185391175	0.945933413706761
wdLC_k1_0.08_k2_0.12	290	0.776235151428673	0.746970134951787	0.787944011798902	0.810675349372722	0.957993350201794	0.93525758434948	0.885296619732981	0.08	0.12	0.885211714570677	0.983500185391175	0.945933413706761
wdLC_k1_0.08_k2_0.12	300	0.772040133779264	0.738181535350393	0.78432427026967	0.806591628795876	0.960103112256803	0.939212657918421	0.885296619732981	0.08	0.12	0.885211714570677	0.983500185391175	0.945933413706761
wdLC_k1_0.08_k2_0.2	10	0.466666666666667	0.0787878787878788	-0.139393939393939	-0.442424242424242	0.624242424242424	0.6	0.466666666666667	0.08	0.2	0.872245897180162	0.976084538375973	0.933877399610498
wdLC_k1_0.08_k2_0.2	20	0.815037593984962	0.678195488721805	0.646616541353383	0.219548872180451	0.896240601503759	0.861654135338346	0.715789473684211	0.08	0.2	0.872245897180162	0.976084538375973	0.933877399610498
wdLC_k1_0.08_k2_0.2	30	0.85139043381535	0.797997775305896	0.80111234705228	0.517686318131257	0.947942157953281	0.916351501668521	0.752169076751947	0.08	0.2	0.872245897180162	0.976084538375973	0.933877399610498
wdLC_k1_0.08_k2_0.2	40	0.869793621013134	0.815196998123828	0.845028142589118	0.639774859287055	0.952157598499062	0.925328330206379	0.778611632270169	0.08	0.2	0.872245897180162	0.976084538375973	0.933877399610498
wdLC_k1_0.08_k2_0.2	50	0.877839135654262	0.832316926770708	0.871500600240096	0.746458583433373	0.968787515006002	0.954861944777911	0.791788715486194	0.08	0.2	0.872245897180162	0.976084538375973	0.933877399610498
wdLC_k1_0.08_k2_0.2	60	0.870686301750486	0.832342317310364	0.871686579605446	0.768713531536538	0.97204779105307	0.963545429285913	0.8025006946374	0.08	0.2	0.872245897180162	0.976084538375973	0.933877399610498
wdLC_k1_0.08_k2_0.2	70	0.86303910419036	0.837529524975943	0.865453591111889	0.795748403464264	0.979634327705362	0.968156766687079	0.843478260869565	0.08	0.2	0.872245897180162	0.976084538375973	0.933877399610498
wdLC_k1_0.08_k2_0.2	80	0.865002344116268	0.845053914674168	0.882559774964838	0.818377871542429	0.984481950304735	0.975503984997656	0.864510079699953	0.08	0.2	0.872245897180162	0.976084538375973	0.933877399610498
wdLC_k1_0.08_k2_0.2	90	0.858517512450097	0.84370086841997	0.87420669218422	0.823303288471828	0.985891262295757	0.980178622875252	0.87985347985348	0.08	0.2	0.872245897180162	0.976084538375973	0.933877399610498
wdLC_k1_0.08_k2_0.2	100	0.879027902790279	0.868322832283228	0.88957695769577	0.851725172517252	0.986426642664266	0.983606360636064	0.893969396939694	0.08	0.2	0.872245897180162	0.976084538375973	0.933877399610498
wdLC_k1_0.08_k2_0.2	110	0.881333543718865	0.875373622162613	0.892270585848567	0.866465297657958	0.985465365281879	0.983752225954061	0.907463426729482	0.08	0.2	0.872245897180162	0.976084538375973	0.933877399610498
wdLC_k1_0.08_k2_0.2	120	0.888179734703799	0.880700048614487	0.896992846725467	0.87997083130773	0.987297729008959	0.985165636502535	0.913098131814709	0.08	0.2	0.872245897180162	0.976084538375973	0.933877399610498
wdLC_k1_0.08_k2_0.2	130	0.89016373294733	0.883313987627852	0.897936609813052	0.887962419260129	0.988561908533504	0.986060167420011	0.914372721189693	0.08	0.2	0.872245897180162	0.976084538375973	0.933877399610498
wdLC_k1_0.08_k2_0.2	140	0.885963569569876	0.881297150729265	0.89310533336249	0.888828147208677	0.988734119087709	0.984045833242221	0.91111937197962	0.08	0.2	0.872245897180162	0.976084538375973	0.933877399610498
wdLC_k1_0.08_k2_0.2	150	0.885043779723543	0.878295035334904	0.890843148584382	0.892340104004622	0.985915818480821	0.980646250944487	0.907202986799413	0.08	0.2	0.872245897180162	0.976084538375973	0.933877399610498
wdLC_k1_0.08_k2_0.2	160	0.878509902730575	0.868630610570725	0.884762100082034	0.889150943396226	0.987100082034454	0.982157506152584	0.898959920309387	0.08	0.2	0.872245897180162	0.976084538375973	0.933877399610498
wdLC_k1_0.08_k2_0.2	170	0.876231825648354	0.865359884221518	0.882633838337577	0.891832609717821	0.985942929024615	0.98032742838649	0.881676345405805	0.08	0.2	0.872245897180162	0.976084538375973	0.933877399610498
wdLC_k1_0.08_k2_0.2	180	0.872815004578331	0.861950471722378	0.878535345741124	0.892838256324784	0.982417152792782	0.974005370536128	0.871621552105518	0.08	0.2	0.872245897180162	0.976084538375973	0.933877399610498
wdLC_k1_0.08_k2_0.2	190	0.875551006661506	0.861958561324778	0.881693763203821	0.899780865777008	0.977063076539517	0.966453655954896	0.872188324213676	0.08	0.2	0.872245897180162	0.976084538375973	0.933877399610498
wdLC_k1_0.08_k2_0.2	200	0.864293107327683	0.848067201680042	0.871485787144679	0.890384759618991	0.972748818720468	0.955454886372159	0.867690692267307	0.08	0.2	0.872245897180162	0.976084538375973	0.933877399610498
wdLC_k1_0.08_k2_0.2	210	0.854307029961807	0.834660325954913	0.861190244028857	0.883213419157545	0.966218864697288	0.948916237167671	0.871813095858993	0.08	0.2	0.872245897180162	0.976084538375973	0.933877399610498
wdLC_k1_0.08_k2_0.2	220	0.842358125355708	0.824232656948209	0.849140384192761	0.872342967266416	0.962966928317452	0.942595357905592	0.87283095631202	0.08	0.2	0.872245897180162	0.976084538375973	0.933877399610498
wdLC_k1_0.08_k2_0.2	230	0.83295155575391	0.813276983126993	0.84207969740531	0.868323967659453	0.963647212859288	0.941617372564781	0.87967422742437	0.08	0.2	0.872245897180162	0.976084538375973	0.933877399610498
wdLC_k1_0.08_k2_0.2	240	0.819250334207191	0.80044618830188	0.827250473098491	0.858611260612163	0.965350092883557	0.942750742200385	0.891791524158406	0.08	0.2	0.872245897180162	0.976084538375973	0.933877399610498
wdLC_k1_0.08_k2_0.2	240	0.819250334207191	0.80044618830188	0.827250473098491	0.858611260612163	0.965350092883557	0.942750742200385	0.891791524158406	0.08	0.2	0.872245897180162	0.976084538375973	0.933877399610498
wdLC_k1_0.08_k2_0.2	250	0.79925694811117	0.780194115105842	0.806966255460087	0.841092881486104	0.965275860413767	0.941004368069889	0.891791524158406	0.08	0.2	0.872245897180162	0.976084538375973	0.933877399610498
wdLC_k1_0.08_k2_0.2	260	0.800881442260753	0.772468413847724	0.806792772310014	0.840048612462405	0.96775805741323	0.941618617480686	0.891791524158406	0.08	0.2	0.872245897180162	0.976084538375973	0.933877399610498
wdLC_k1_0.08_k2_0.2	270	0.794976611476152	0.76705975238191	0.804527725574653	0.834541854712227	0.970173649691887	0.942628690227423	0.891791524158406	0.08	0.2	0.872245897180162	0.976084538375973	0.933877399610498
wdLC_k1_0.08_k2_0.2	280	0.781589233098819	0.755000519321493	0.791681016339494	0.819850107417551	0.971671285894682	0.943625738666492	0.891791524158406	0.08	0.2	0.872245897180162	0.976084538375973	0.933877399610498
wdLC_k1_0.08_k2_0.2	290	0.777489338304486	0.748099345967868	0.791112199046198	0.812505212452811	0.973428360909618	0.948397270704355	0.891791524158406	0.08	0.2	0.872245897180162	0.976084538375973	0.933877399610498
wdLC_k1_0.08_k2_0.2	300	0.777215746841632	0.743023811375682	0.791667462971811	0.810801453349482	0.971544572717475	0.951955910621229	0.891791524158406	0.08	0.2	0.872245897180162	0.976084538375973	0.933877399610498
wdLC_k1_0.08_k2_0.28	10	0.575757575757576	0.127272727272727	-0.0666666666666667	-0.393939393939394	0.636363636363636	0.587878787878788	0.527272727272727	0.08	0.28	0.85102910508659	0.961624026696329	0.912083835667254
wdLC_k1_0.08_k2_0.28	20	0.816541353383459	0.684210526315789	0.658646616541354	0.290225563909774	0.905263157894737	0.876691729323308	0.781954887218045	0.08	0.28	0.85102910508659	0.961624026696329	0.912083835667254
wdLC_k1_0.08_k2_0.28	30	0.87853170189099	0.82202447163515	0.821579532814238	0.494104560622914	0.949276974416018	0.919911012235817	0.84916573971079	0.08	0.28	0.85102910508659	0.961624026696329	0.912083835667254
wdLC_k1_0.08_k2_0.28	40	0.850656660412758	0.810694183864916	0.828330206378987	0.634709193245779	0.973733583489681	0.955347091932458	0.819887429643528	0.08	0.28	0.85102910508659	0.961624026696329	0.912083835667254
wdLC_k1_0.08_k2_0.28	50	0.85594237695078	0.812821128451381	0.843841536614646	0.721200480192077	0.98280912364946	0.963505402160864	0.808499399759904	0.08	0.28	0.85102910508659	0.961624026696329	0.912083835667254
wdLC_k1_0.08_k2_0.28	60	0.870130591831064	0.832898027229786	0.86196165601556	0.777049180327869	0.985218116143373	0.96926924145596	0.837565990552932	0.08	0.28	0.85102910508659	0.961624026696329	0.912083835667254
wdLC_k1_0.08_k2_0.28	70	0.884874464176363	0.854815851631528	0.881760125973231	0.812194908581926	0.989852156416761	0.977534773860554	0.875041553669845	0.08	0.28	0.85102910508659	0.961624026696329	0.912083835667254
wdLC_k1_0.08_k2_0.28	80	0.863408345053915	0.845124238162213	0.874660103141116	0.822175339896859	0.992873886544773	0.980450070323488	0.875597749648383	0.08	0.28	0.85102910508659	0.961624026696329	0.912083835667254
wdLC_k1_0.08_k2_0.28	90	0.8744700991892	0.858994937646623	0.887953245256616	0.849775692472322	0.994205045890439	0.984409597892744	0.898505988393629	0.08	0.28	0.85102910508659	0.961624026696329	0.912083835667254
wdLC_k1_0.08_k2_0.28	100	0.863078307830783	0.854845484548455	0.874611461146115	0.841068106810681	0.993903390339034	0.987074707470747	0.903666366636664	0.08	0.28	0.85102910508659	0.961624026696329	0.912083835667254
wdLC_k1_0.08_k2_0.28	110	0.869530915402475	0.864878389649032	0.879611387868269	0.857809435791087	0.99380564885152	0.98837770213917	0.920726731735906	0.08	0.28	0.85102910508659	0.961624026696329	0.912083835667254
wdLC_k1_0.08_k2_0.28	120	0.876262240433363	0.870539620807	0.884825335092715	0.871400791721647	0.994860754219043	0.98913813459268	0.926578234599625	0.08	0.28	0.85102910508659	0.961624026696329	0.912083835667254
wdLC_k1_0.08_k2_0.28	130	0.892490679921889	0.887230468803343	0.899520681697142	0.891622171544061	0.995449890070874	0.989594286416584	0.920780018844993	0.08	0.28	0.85102910508659	0.961624026696329	0.912083835667254
wdLC_k1_0.08_k2_0.28	140	0.891316612363605	0.884835232118257	0.896499092519298	0.894977148979904	0.995145524917452	0.988659771271129	0.918519166429774	0.08	0.28	0.85102910508659	0.961624026696329	0.912083835667254
wdLC_k1_0.08_k2_0.28	150	0.886672296546513	0.879119960887151	0.892784568203031	0.89281301391173	0.995541135161563	0.988895506466954	0.914840659584871	0.08	0.28	0.85102910508659	0.961624026696329	0.912083835667254
wdLC_k1_0.08_k2_0.28	160	0.881260986757295	0.870892417672565	0.88680417203797	0.894998828079222	0.995318176491269	0.986974100550803	0.905713113793507	0.08	0.28	0.85102910508659	0.961624026696329	0.912083835667254
wdLC_k1_0.08_k2_0.28	170	0.877328545868675	0.867277312669073	0.882379809600577	0.89274857872143	0.995236961181234	0.986729441075714	0.893036803634565	0.08	0.28	0.85102910508659	0.961624026696329	0.912083835667254
wdLC_k1_0.08_k2_0.28	180	0.874045495231334	0.862812638250152	0.881586880253506	0.897665565809644	0.991625255923537	0.980958260028602	0.887395701513421	0.08	0.28	0.85102910508659	0.961624026696329	0.912083835667254
wdLC_k1_0.08_k2_0.28	190	0.867394489714688	0.854752063404585	0.873343043472556	0.890504621064004	0.98765500137779	0.97242320460838	0.882594794140675	0.08	0.28	0.85102910508659	0.961624026696329	0.912083835667254
wdLC_k1_0.08_k2_0.28	200	0.855199879997	0.840255006375159	0.859548488712218	0.88145653641341	0.987396684917123	0.971209780244506	0.88116702917573	0.08	0.28	0.85102910508659	0.961624026696329	0.912083835667254
wdLC_k1_0.08_k2_0.28	210	0.852435915294484	0.835913350804845	0.860025332612013	0.877176353205288	0.987062874765544	0.970233209045881	0.879788657339169	0.08	0.28	0.85102910508659	0.961624026696329	0.912083835667254
wdLC_k1_0.08_k2_0.28	220	0.853663017079617	0.836272349729239	0.860375402196514	0.878497489617554	0.986842327696478	0.970326208843534	0.88422262668838	0.08	0.28	0.85102910508659	0.961624026696329	0.912083835667254
wdLC_k1_0.08_k2_0.28	230	0.838304167827616	0.820684043505384	0.845028713454762	0.864066140808119	0.986756057688277	0.965938371482324	0.887182875981053	0.08	0.28	0.85102910508659	0.961624026696329	0.912083835667254
wdLC_k1_0.08_k2_0.28	240	0.819266827549089	0.802474001284744	0.829303460129516	0.84971700897585	0.987044913974201	0.967160888209865	0.897906213649542	0.08	0.28	0.85102910508659	0.961624026696329	0.912083835667254
wdLC_k1_0.08_k2_0.28	240	0.819266827549089	0.802474001284744	0.829303460129516	0.84971700897585	0.987044913974201	0.967160888209865	0.897906213649542	0.08	0.28	0.85102910508659	0.961624026696329	0.912083835667254
wdLC_k1_0.08_k2_0.28	250	0.802879662074593	0.783579513272212	0.812806988911823	0.839270388326213	0.986568233091729	0.96510382566121	0.897906213649542	0.08	0.28	0.85102910508659	0.961624026696329	0.912083835667254
wdLC_k1_0.08_k2_0.28	260	0.811499714947991	0.785708482260206	0.821885166712753	0.847152723014792	0.987595628974939	0.965462620635034	0.897906213649542	0.08	0.28	0.85102910508659	0.961624026696329	0.912083835667254
wdLC_k1_0.08_k2_0.28	270	0.803409587999226	0.774966582379578	0.813675237124118	0.838672379288849	0.987481614593097	0.96530481289943	0.897906213649542	0.08	0.28	0.85102910508659	0.961624026696329	0.912083835667254
wdLC_k1_0.08_k2_0.28	280	0.785812683470817	0.759661293055852	0.799879189421148	0.818328768770739	0.98785662353565	0.965202180056961	0.897906213649542	0.08	0.28	0.85102910508659	0.961624026696329	0.912083835667254
wdLC_k1_0.08_k2_0.28	290	0.788036021585398	0.760231844980731	0.802294094275589	0.820017540903147	0.988552900091887	0.968034717703396	0.897906213649542	0.08	0.28	0.85102910508659	0.961624026696329	0.912083835667254
wdLC_k1_0.08_k2_0.28	300	0.789222991366571	0.756143957155079	0.805395171057456	0.819691774353048	0.989199879998667	0.969598773319704	0.897906213649542	0.08	0.28	0.85102910508659	0.961624026696329	0.912083835667254
wdLC_k1_0.08_k2_0.36	10	0.6	0.321212121212121	0.2	-0.163636363636364	0.83030303030303	0.781818181818182	0.563636363636364	0.08	0.36	0.816483815395775	0.9302929180571	0.876843179078179
wdLC_k1_0.08_k2_0.36	20	0.852631578947369	0.741353383458647	0.732330827067669	0.287218045112782	0.957894736842105	0.921804511278195	0.783458646616541	0.08	0.36	0.816483815395775	0.9302929180571	0.876843179078179
wdLC_k1_0.08_k2_0.36	30	0.872747497219132	0.826028921023359	0.822469410456062	0.456284760845384	0.981312569521691	0.963515016685206	0.822914349276974	0.08	0.36	0.816483815395775	0.9302929180571	0.876843179078179
wdLC_k1_0.08_k2_0.36	40	0.878799249530957	0.838273921200751	0.869793621013134	0.687054409005629	0.984615384615385	0.970168855534709	0.828893058161351	0.08	0.36	0.816483815395775	0.9302929180571	0.876843179078179
wdLC_k1_0.08_k2_0.36	50	0.884465786314526	0.847394957983193	0.886578631452581	0.775174069627851	0.989051620648259	0.977430972388956	0.817046818727491	0.08	0.36	0.816483815395775	0.9302929180571	0.876843179078179
wdLC_k1_0.08_k2_0.36	60	0.891136426785218	0.857293692692415	0.890636287857739	0.809669352597944	0.986996387885524	0.983828841344818	0.841344818005002	0.08	0.36	0.816483815395775	0.9302929180571	0.876843179078179
wdLC_k1_0.08_k2_0.36	70	0.893412649811915	0.867658122648937	0.894112501093518	0.822832648062287	0.991251858979967	0.986492870265069	0.871997200594874	0.08	0.36	0.816483815395775	0.9302929180571	0.876843179078179
wdLC_k1_0.08_k2_0.36	80	0.881669010782935	0.86474449132677	0.895147679324895	0.843975621190811	0.993459915611814	0.987927801218941	0.874706985466479	0.08	0.36	0.816483815395775	0.9302929180571	0.876843179078179
wdLC_k1_0.08_k2_0.36	90	0.875408486644442	0.860740009054616	0.890982425813887	0.849907395974812	0.993530065440178	0.989282627484875	0.895443881960736	0.08	0.36	0.816483815395775	0.9302929180571	0.876843179078179
wdLC_k1_0.08_k2_0.36	100	0.878031803180318	0.872595259525953	0.891545154515452	0.85983798379838	0.992931293129313	0.991563156315632	0.903330333033303	0.08	0.36	0.816483815395775	0.9302929180571	0.876843179078179
wdLC_k1_0.08_k2_0.36	110	0.88404751707504	0.878962198228253	0.894939476590853	0.874706399477042	0.992561368708158	0.991822013840362	0.916434866893582	0.08	0.36	0.816483815395775	0.9302929180571	0.876843179078179
wdLC_k1_0.08_k2_0.36	120	0.888520036113619	0.883144662823807	0.897312313355094	0.884165567053267	0.993728731161886	0.992756441419543	0.925335092714772	0.08	0.36	0.816483815395775	0.9302929180571	0.876843179078179
wdLC_k1_0.08_k2_0.36	130	0.897608870802551	0.892490679921889	0.904567862458862	0.898302585041445	0.994286416583594	0.993139330046839	0.924789359406792	0.08	0.36	0.816483815395775	0.9302929180571	0.876843179078179
wdLC_k1_0.08_k2_0.36	140	0.898690166407907	0.892493057225952	0.904554897115742	0.90256937307297	0.993824757822921	0.992525857733266	0.923229319280138	0.08	0.36	0.816483815395775	0.9302929180571	0.876843179078179
wdLC_k1_0.08_k2_0.36	150	0.897165207342549	0.887948797724343	0.90345526467843	0.903604604649096	0.993656606960309	0.992501000044447	0.917151873416596	0.08	0.36	0.816483815395775	0.9302929180571	0.876843179078179
wdLC_k1_0.08_k2_0.36	160	0.898095628735497	0.888289581624282	0.90452361420368	0.910430094925583	0.993990976210008	0.992221375834993	0.912311027774522	0.08	0.36	0.816483815395775	0.9302929180571	0.876843179078179
wdLC_k1_0.08_k2_0.36	170	0.889140882139215	0.880648017537753	0.895049492858495	0.906129053926149	0.992933604460159	0.987870127808209	0.906888697553142	0.08	0.36	0.816483815395775	0.9302929180571	0.876843179078179
wdLC_k1_0.08_k2_0.36	180	0.887694064631624	0.878142329495766	0.89306665843596	0.909624782657901	0.989355638548515	0.980260707635009	0.89404405485766	0.08	0.36	0.816483815395775	0.9302929180571	0.876843179078179
wdLC_k1_0.08_k2_0.36	190	0.874303559946988	0.860877324200554	0.879135885087938	0.897786350693488	0.986127622721726	0.975490208942951	0.89086678301338	0.08	0.36	0.816483815395775	0.9302929180571	0.876843179078179
wdLC_k1_0.08_k2_0.36	200	0.865347633690842	0.848109202730069	0.870741768544214	0.887653191329783	0.985496137403435	0.975511887797195	0.891850296257407	0.08	0.36	0.816483815395775	0.9302929180571	0.876843179078179
wdLC_k1_0.08_k2_0.36	210	0.85811793594283	0.841277903936921	0.864262552114884	0.882211776749068	0.984977955444406	0.974702374203497	0.88685976034442	0.08	0.36	0.816483815395775	0.9302929180571	0.876843179078179
wdLC_k1_0.08_k2_0.36	220	0.85249657675121	0.836406462192119	0.857033860579388	0.877610544169771	0.985187898322467	0.974190676366341	0.893214923674231	0.08	0.36	0.816483815395775	0.9302929180571	0.876843179078179
wdLC_k1_0.08_k2_0.36	230	0.846688644562197	0.831166365436348	0.854430058265259	0.871258189314009	0.986029159752342	0.974086137898555	0.897790457122145	0.08	0.36	0.816483815395775	0.9302929180571	0.876843179078179
wdLC_k1_0.08_k2_0.36	240	0.834305283077831	0.818944773346759	0.845016406534836	0.861264952516537	0.986446813312731	0.973907533116894	0.90198961787531	0.08	0.36	0.816483815395775	0.9302929180571	0.876843179078179
wdLC_k1_0.08_k2_0.36	240	0.834305283077831	0.818944773346759	0.845016406534836	0.861264952516537	0.986446813312731	0.973907533116894	0.90198961787531	0.08	0.36	0.816483815395775	0.9302929180571	0.876843179078179
wdLC_k1_0.08_k2_0.36	250	0.833909662554601	0.814468199491192	0.844210243363894	0.865656986511784	0.987734075745212	0.971671866749868	0.90198961787531	0.08	0.36	0.816483815395775	0.9302929180571	0.876843179078179
wdLC_k1_0.08_k2_0.36	260	0.821275462654773	0.796048189151637	0.82958737441496	0.854137350689075	0.987449518484001	0.9728002348692	0.90198961787531	0.08	0.36	0.816483815395775	0.9302929180571	0.876843179078179
wdLC_k1_0.08_k2_0.36	270	0.810637243918908	0.785983346822316	0.823737865631444	0.845403762587812	0.988125427722679	0.971847807697408	0.90198961787531	0.08	0.36	0.816483815395775	0.9302929180571	0.876843179078179
wdLC_k1_0.08_k2_0.36	280	0.796554985213004	0.771349853223346	0.811773838223155	0.826754896655023	0.988500582186726	0.972420748806927	0.90198961787531	0.08	0.36	0.816483815395775	0.9302929180571	0.876843179078179
wdLC_k1_0.08_k2_0.36	290	0.79105069517822	0.764052957290484	0.80463862172292	0.820517936373019	0.988733967479215	0.97401633788749	0.90198961787531	0.08	0.36	0.816483815395775	0.9302929180571	0.876843179078179
wdLC_k1_0.08_k2_0.36	300	0.789850553895043	0.760991566572962	0.805739174879721	0.818076200846676	0.98837764864054	0.975230835898177	0.90198961787531	0.08	0.36	0.816483815395775	0.9302929180571	0.876843179078179
wdLC_k1_0.08_k2_0.44	10	0.684848484848485	0.478787878787879	0.43030303030303	-0.284848484848485	0.866666666666667	0.806060606060606	0.696969696969697	0.08	0.44	0.772418170278357	0.89191694475343	0.830566632662525
wdLC_k1_0.08_k2_0.44	20	0.864661654135338	0.792481203007519	0.778947368421053	0.318796992481203	0.968421052631579	0.929323308270677	0.76390977443609	0.08	0.44	0.772418170278357	0.89191694475343	0.830566632662525
wdLC_k1_0.08_k2_0.44	30	0.876751946607342	0.837597330367075	0.840266963292547	0.479866518353726	0.98754171301446	0.968409343715239	0.806006674082314	0.08	0.44	0.772418170278357	0.89191694475343	0.830566632662525
wdLC_k1_0.08_k2_0.44	40	0.919512195121951	0.890243902439025	0.904127579737336	0.717073170731708	0.983114446529081	0.977485928705441	0.816322701688556	0.08	0.44	0.772418170278357	0.89191694475343	0.830566632662525
wdLC_k1_0.08_k2_0.44	50	0.884273709483793	0.848739495798319	0.890228091236495	0.785642256902761	0.988667466986795	0.978295318127251	0.829147659063626	0.08	0.44	0.772418170278357	0.89191694475343	0.830566632662525
wdLC_k1_0.08_k2_0.44	60	0.873186996387886	0.838399555432065	0.87429841622673	0.793831619894415	0.989719366490692	0.985440400111142	0.834287302028341	0.08	0.44	0.772418170278357	0.89191694475343	0.830566632662525
wdLC_k1_0.08_k2_0.44	70	0.881900096229551	0.862024319832036	0.886134196483247	0.832105677543522	0.988277491033155	0.984393316420261	0.86846295162278	0.08	0.44	0.772418170278357	0.89191694475343	0.830566632662525
wdLC_k1_0.08_k2_0.44	80	0.884200656352555	0.868354430379747	0.902719174871074	0.848124706985466	0.990576652601969	0.986427566807314	0.872620721987811	0.08	0.44	0.772418170278357	0.89191694475343	0.830566632662525
wdLC_k1_0.08_k2_0.44	90	0.879705313413179	0.867967238753756	0.895838992468206	0.853232909412685	0.988986294604272	0.986928427377866	0.88931966909495	0.08	0.44	0.772418170278357	0.89191694475343	0.830566632662525
wdLC_k1_0.08_k2_0.44	100	0.891353135313531	0.885004500450045	0.903210321032103	0.872403240324032	0.988250825082508	0.989210921092109	0.8997899789979	0.08	0.44	0.772418170278357	0.89191694475343	0.830566632662525
wdLC_k1_0.08_k2_0.44	110	0.897788697788698	0.892847643306359	0.908888037328404	0.888934472420711	0.987737529021933	0.990325271059216	0.913630728309627	0.08	0.44	0.772418170278357	0.89191694475343	0.830566632662525
wdLC_k1_0.08_k2_0.44	120	0.900152788388082	0.894103757205361	0.909146468504757	0.89687478297104	0.989152024446142	0.991054934370442	0.928078338773526	0.08	0.44	0.772418170278357	0.89191694475343	0.830566632662525
wdLC_k1_0.08_k2_0.44	130	0.903289680317907	0.897696267872018	0.910499938548936	0.903983394556801	0.990364473091262	0.990462794794412	0.917644648977864	0.08	0.44	0.772418170278357	0.89191694475343	0.830566632662525
wdLC_k1_0.08_k2_0.44	140	0.905324615687389	0.898764514224487	0.912282696639041	0.909698016662658	0.989320154818395	0.990107366993943	0.921563053508561	0.08	0.44	0.772418170278357	0.89191694475343	0.830566632662525
wdLC_k1_0.08_k2_0.44	150	0.902224987777235	0.895817591892973	0.908792390772923	0.91093293035246	0.987903462376106	0.989012845015334	0.917365216231833	0.08	0.44	0.772418170278357	0.89191694475343	0.830566632662525
wdLC_k1_0.08_k2_0.44	160	0.892115902964959	0.88404722840736	0.898426696355326	0.904913277862416	0.988734911519981	0.990029883979843	0.910769951951248	0.08	0.44	0.772418170278357	0.89191694475343	0.830566632662525
wdLC_k1_0.08_k2_0.44	170	0.897914643901784	0.886879049346304	0.904155446046373	0.915650246395662	0.982003041017092	0.980964942813002	0.905051874377904	0.08	0.44	0.772418170278357	0.89191694475343	0.830566632662525
wdLC_k1_0.08_k2_0.44	180	0.886694033766474	0.874759509038345	0.89248022058294	0.906439499161497	0.977038385958414	0.970805683302983	0.891387594267313	0.08	0.44	0.772418170278357	0.89191694475343	0.830566632662525
wdLC_k1_0.08_k2_0.44	190	0.882414587953304	0.870286536585793	0.886697546658969	0.902599430513457	0.975325748927292	0.96869311148727	0.886917993062937	0.08	0.44	0.772418170278357	0.89191694475343	0.830566632662525
wdLC_k1_0.08_k2_0.44	200	0.880898522463062	0.867348683717093	0.885032625815646	0.906327158178955	0.972270306757669	0.964246606165154	0.890077251931298	0.08	0.44	0.772418170278357	0.89191694475343	0.830566632662525
wdLC_k1_0.08_k2_0.44	210	0.876125470937145	0.858660870184941	0.880361394654236	0.903305873472997	0.971781673053811	0.960862086279896	0.892812600220932	0.08	0.44	0.772418170278357	0.89191694475343	0.830566632662525
wdLC_k1_0.08_k2_0.44	220	0.864164361021734	0.847297746572525	0.868372562167889	0.894712700675634	0.971870192659878	0.961962775339085	0.887654327944417	0.08	0.44	0.772418170278357	0.89191694475343	0.830566632662525
wdLC_k1_0.08_k2_0.44	230	0.860630882313054	0.843735683340772	0.863518748196933	0.887144410554321	0.972601766943897	0.962826617089006	0.895538750218834	0.08	0.44	0.772418170278357	0.89191694475343	0.830566632662525
wdLC_k1_0.08_k2_0.44	240	0.851302105939339	0.8318581919825	0.856397680515287	0.876552544315005	0.973803364641747	0.961140818416986	0.90063716383965	0.08	0.44	0.772418170278357	0.89191694475343	0.830566632662525
wdLC_k1_0.08_k2_0.44	240	0.851302105939339	0.8318581919825	0.856397680515287	0.876552544315005	0.973803364641747	0.961140818416986	0.90063716383965	0.08	0.44	0.772418170278357	0.89191694475343	0.830566632662525
wdLC_k1_0.08_k2_0.44	250	0.835530936494984	0.816231555704891	0.843495223923583	0.87017289876638	0.974769260308165	0.962183074929199	0.90063716383965	0.08	0.44	0.772418170278357	0.89191694475343	0.830566632662525
wdLC_k1_0.08_k2_0.44	260	0.834223992844682	0.814723021619573	0.844885279368038	0.870516746378815	0.976785500923432	0.964404343714688	0.90063716383965	0.08	0.44	0.772418170278357	0.89191694475343	0.830566632662525
wdLC_k1_0.08_k2_0.44	270	0.811558457592011	0.78875918127211	0.823213548120611	0.845921983383403	0.977729308891602	0.965076186077846	0.90063716383965	0.08	0.44	0.772418170278357	0.89191694475343	0.830566632662525
wdLC_k1_0.08_k2_0.44	280	0.804406032875784	0.780330288469423	0.817169861860483	0.837341948603572	0.97878107045826	0.967823933614314	0.90063716383965	0.08	0.44	0.772418170278357	0.89191694475343	0.830566632662525
wdLC_k1_0.08_k2_0.44	290	0.80364963952583	0.776700612701533	0.820041650419395	0.835366446195801	0.979197423725978	0.968766367716866	0.90063716383965	0.08	0.44	0.772418170278357	0.89191694475343	0.830566632662525
wdLC_k1_0.08_k2_0.44	300	0.810163224035823	0.777989977666419	0.825695841064901	0.837864865165169	0.980042889365437	0.968980544228269	0.90063716383965	0.08	0.44	0.772418170278357	0.89191694475343	0.830566632662525
wdLC_k1_0.08_k2_0.52	10	0.696969696969697	0.721212121212121	0.721212121212121	0.103030303030303	0.745454545454545	0.806060606060606	0.709090909090909	0.08	0.52	0.721008250974703	0.847237671486837	0.776592784939256
wdLC_k1_0.08_k2_0.52	20	0.839097744360902	0.837593984962406	0.813533834586466	0.401503759398496	0.95187969924812	0.942857142857143	0.735338345864662	0.08	0.52	0.721008250974703	0.847237671486837	0.776592784939256
wdLC_k1_0.08_k2_0.52	30	0.922135706340378	0.904338153503893	0.913236929922136	0.584427141268076	0.967519466073415	0.974638487208009	0.825139043381535	0.08	0.52	0.721008250974703	0.847237671486837	0.776592784939256
wdLC_k1_0.08_k2_0.52	40	0.940150093808631	0.929643527204503	0.933771106941839	0.750281425891182	0.955909943714822	0.980112570356473	0.865853658536586	0.08	0.52	0.721008250974703	0.847237671486837	0.776592784939256
wdLC_k1_0.08_k2_0.52	50	0.90405762304922	0.879183673469388	0.911164465786315	0.803697478991597	0.971380552220888	0.977430972388956	0.811476590636255	0.08	0.52	0.721008250974703	0.847237671486837	0.776592784939256
wdLC_k1_0.08_k2_0.52	60	0.894415115309809	0.87051958877466	0.900527924423451	0.823006390664073	0.975159766601834	0.98210614059461	0.826840789108086	0.08	0.52	0.721008250974703	0.847237671486837	0.776592784939256
wdLC_k1_0.08_k2_0.52	70	0.8895634677631	0.872697051876476	0.899256408013297	0.836164814976817	0.982223777447292	0.985233137958184	0.86307409675444	0.08	0.52	0.721008250974703	0.847237671486837	0.776592784939256
wdLC_k1_0.08_k2_0.52	80	0.903141115799344	0.891584622597281	0.918729488982654	0.870675105485232	0.985513361462729	0.989170182841069	0.874285044538209	0.08	0.52	0.721008250974703	0.847237671486837	0.776592784939256
wdLC_k1_0.08_k2_0.52	90	0.893995143433346	0.883261307980409	0.912269004403836	0.869514754908013	0.986763797999753	0.990599662509775	0.886504506729226	0.08	0.52	0.721008250974703	0.847237671486837	0.776592784939256
wdLC_k1_0.08_k2_0.52	100	0.888916891689169	0.886888688868887	0.905574557455746	0.874443444344434	0.988922892289229	0.992943294329433	0.905622562256226	0.08	0.52	0.721008250974703	0.847237671486837	0.776592784939256
wdLC_k1_0.08_k2_0.52	110	0.893749295584158	0.891666478822442	0.908482293803395	0.888240200166806	0.990758064152559	0.994049094966526	0.919653765525325	0.08	0.52	0.721008250974703	0.847237671486837	0.776592784939256
wdLC_k1_0.08_k2_0.52	120	0.90013889853462	0.898104035002431	0.909688172789777	0.895944162789082	0.989290922980762	0.992346690742412	0.930384054448225	0.08	0.52	0.721008250974703	0.847237671486837	0.776592784939256
wdLC_k1_0.08_k2_0.52	130	0.907517513553374	0.902666976197954	0.91494626445807	0.906769176146062	0.990823307705963	0.992789741768971	0.930371847218998	0.08	0.52	0.721008250974703	0.847237671486837	0.776592784939256
wdLC_k1_0.08_k2_0.52	140	0.913384793684809	0.909142594738799	0.919358859417026	0.917504537403512	0.99096018018412	0.99332619011174	0.921326889855897	0.08	0.52	0.721008250974703	0.847237671486837	0.776592784939256
wdLC_k1_0.08_k2_0.52	150	0.913144584203742	0.90431574736655	0.918517267434108	0.921180496910974	0.9906982532557	0.990506244721988	0.91163696164274	0.08	0.52	0.721008250974703	0.847237671486837	0.776592784939256
wdLC_k1_0.08_k2_0.52	160	0.912691902027423	0.903568498769483	0.916626626040079	0.925087894058361	0.991301418024141	0.988061057072542	0.909970116020157	0.08	0.52	0.721008250974703	0.847237671486837	0.776592784939256
wdLC_k1_0.08_k2_0.52	170	0.899805203925233	0.888373910760193	0.903559455548024	0.915423086082767	0.988004469928738	0.986636622883348	0.895809136485488	0.08	0.52	0.721008250974703	0.847237671486837	0.776592784939256
wdLC_k1_0.08_k2_0.52	180	0.885362716956285	0.87382326615019	0.888766114180479	0.899157381400661	0.986106567075115	0.987003714106402	0.890443120672449	0.08	0.52	0.721008250974703	0.847237671486837	0.776592784939256
wdLC_k1_0.08_k2_0.52	190	0.88461730241835	0.866628176024704	0.889556351612015	0.902013323010843	0.984416538729022	0.983151596268157	0.881842477047768	0.08	0.52	0.721008250974703	0.847237671486837	0.776592784939256
wdLC_k1_0.08_k2_0.52	200	0.866885172129303	0.848980724518113	0.876453911347784	0.890395259881497	0.982277056926423	0.980105002625066	0.884654616365409	0.08	0.52	0.721008250974703	0.847237671486837	0.776592784939256
wdLC_k1_0.08_k2_0.52	210	0.850734548564431	0.8350840479052	0.857594438487429	0.873857845820929	0.981301811184575	0.981132063247304	0.889720855348194	0.08	0.52	0.721008250974703	0.847237671486837	0.776592784939256
wdLC_k1_0.08_k2_0.52	220	0.844956976947307	0.827319497585412	0.85225990769907	0.868075035359483	0.979742256132264	0.980611169652266	0.883738018629236	0.08	0.52	0.721008250974703	0.847237671486837	0.776592784939256
wdLC_k1_0.08_k2_0.52	230	0.828231157488799	0.81019876269544	0.835950872746012	0.853865898673189	0.979704062787412	0.980763341462031	0.890941638577864	0.08	0.52	0.721008250974703	0.847237671486837	0.776592784939256
wdLC_k1_0.08_k2_0.52	240	0.822335457212799	0.805362072258199	0.829852080765291	0.842096216948211	0.97832254032188	0.981113387385197	0.901668431743606	0.08	0.52	0.721008250974703	0.847237671486837	0.776592784939256
wdLC_k1_0.08_k2_0.52	240	0.822335457212799	0.805362072258199	0.829852080765291	0.842096216948211	0.97832254032188	0.981113387385197	0.901668431743606	0.08	0.52	0.721008250974703	0.847237671486837	0.776592784939256
wdLC_k1_0.08_k2_0.52	250	0.805608409734556	0.788170690731052	0.814581097297557	0.830889070225124	0.976288388614218	0.978676138818221	0.901668431743606	0.08	0.52	0.721008250974703	0.847237671486837	0.776592784939256
wdLC_k1_0.08_k2_0.52	260	0.801224870190387	0.780628070283243	0.814714145748628	0.82505794919588	0.97709205985068	0.979735021114331	0.901668431743606	0.08	0.52	0.721008250974703	0.847237671486837	0.776592784939256
wdLC_k1_0.08_k2_0.52	270	0.805045946370244	0.782588086103909	0.821136397237578	0.827547093314799	0.976641045220861	0.980184456119654	0.901668431743606	0.08	0.52	0.721008250974703	0.847237671486837	0.776592784939256
wdLC_k1_0.08_k2_0.52	280	0.804926447676993	0.782413040982666	0.818797251422668	0.831792861789418	0.977167893905352	0.980559883234662	0.901668431743606	0.08	0.52	0.721008250974703	0.847237671486837	0.776592784939256
wdLC_k1_0.08_k2_0.52	290	0.793456726493529	0.769692615968618	0.812142585647211	0.820064283842811	0.977783818824366	0.9803113817828	0.901668431743606	0.08	0.52	0.721008250974703	0.847237671486837	0.776592784939256
wdLC_k1_0.08_k2_0.52	300	0.798130645896066	0.773393482149802	0.8138423760264	0.82077311970133	0.975370393004367	0.980462894032156	0.901668431743606	0.08	0.52	0.721008250974703	0.847237671486837	0.776592784939256
wdLC_k1_0.08_k2_0.6	10	0.709090909090909	0.636363636363636	0.636363636363636	-0.0545454545454545	0.866666666666667	0.854545454545454	0.745454545454545	0.08	0.6	0.6663342098105	0.792547274749722	0.719094871557081
wdLC_k1_0.08_k2_0.6	20	0.846616541353384	0.798496240601504	0.801503759398496	0.44812030075188	0.971428571428571	0.933834586466165	0.777443609022556	0.08	0.6	0.6663342098105	0.792547274749722	0.719094871557081
wdLC_k1_0.08_k2_0.6	30	0.931479421579533	0.896329254727475	0.919466073414906	0.621357063403782	0.959510567296997	0.968854282536151	0.826918798665184	0.08	0.6	0.6663342098105	0.792547274749722	0.719094871557081
wdLC_k1_0.08_k2_0.6	40	0.926454033771107	0.905440900562852	0.923264540337711	0.758161350844278	0.971482176360226	0.96829268292683	0.815384615384616	0.08	0.6	0.6663342098105	0.792547274749722	0.719094871557081
wdLC_k1_0.08_k2_0.6	50	0.898199279711885	0.870252100840336	0.907130852340936	0.814645858343337	0.969555822328932	0.963697478991597	0.82828331332533	0.08	0.6	0.6663342098105	0.792547274749722	0.719094871557081
wdLC_k1_0.08_k2_0.6	60	0.911364267852181	0.892525701583774	0.918088357877188	0.852681300361212	0.973214781883857	0.974492914698528	0.822506251736594	0.08	0.6	0.6663342098105	0.792547274749722	0.719094871557081
wdLC_k1_0.08_k2_0.6	70	0.883404776484997	0.869407750852944	0.89474236724696	0.841553669845158	0.980509141807366	0.982153792319132	0.863354037267081	0.08	0.6	0.6663342098105	0.792547274749722	0.719094871557081
wdLC_k1_0.08_k2_0.6	80	0.89746835443038	0.885607126113455	0.914533520862635	0.870276605719644	0.98455227379278	0.985864978902954	0.869573370839194	0.08	0.6	0.6663342098105	0.792547274749722	0.719094871557081
wdLC_k1_0.08_k2_0.6	90	0.876791373420587	0.869844013664238	0.898094414948348	0.856146849405277	0.985726632917644	0.987685722517183	0.888348355764086	0.08	0.6	0.6663342098105	0.792547274749722	0.719094871557081
wdLC_k1_0.08_k2_0.6	100	0.892661266126613	0.887524752475248	0.907050705070507	0.875883588358836	0.986414641464146	0.98981098109811	0.901398139813981	0.08	0.6	0.6663342098105	0.792547274749722	0.719094871557081
wdLC_k1_0.08_k2_0.6	110	0.89117958659243	0.888979555034601	0.904794535987196	0.887086085251223	0.987503099429705	0.991416270315353	0.916281586006357	0.08	0.6	0.6663342098105	0.792547274749722	0.719094871557081
wdLC_k1_0.08_k2_0.6	120	0.899888881172304	0.897333148135287	0.910722966872699	0.899958330439614	0.989110354885756	0.99267310229877	0.928613098131814	0.08	0.6	0.6663342098105	0.792547274749722	0.719094871557081
wdLC_k1_0.08_k2_0.6	130	0.906332190798727	0.902153518414836	0.915650903330648	0.910166737221592	0.989954799328135	0.992390992639528	0.931300441082085	0.08	0.6	0.6663342098105	0.792547274749722	0.719094871557081
wdLC_k1_0.08_k2_0.6	140	0.914377555706195	0.908149832717413	0.921768603354399	0.920434716056942	0.990002405370537	0.992333428090354	0.918103693337124	0.08	0.6	0.6663342098105	0.792547274749722	0.719094871557081
wdLC_k1_0.08_k2_0.6	150	0.917219431974755	0.909663540601805	0.922261433841504	0.924540646250945	0.98957820347571	0.991860971598738	0.91132405884706	0.08	0.6	0.6663342098105	0.792547274749722	0.719094871557081
wdLC_k1_0.08_k2_0.6	160	0.898866166647134	0.891020157037384	0.904763857963202	0.911364701746162	0.986877417086605	0.986458455408414	0.910210359779679	0.08	0.6	0.6663342098105	0.792547274749722	0.719094871557081
wdLC_k1_0.08_k2_0.6	170	0.89541099529192	0.887479925012671	0.900818876289227	0.911886224436832	0.985942929024615	0.98507092653318	0.899636665628569	0.08	0.6	0.6663342098105	0.792547274749722	0.719094871557081
wdLC_k1_0.08_k2_0.6	180	0.892517258763131	0.882068376595985	0.897239626737451	0.912894430898073	0.985131228330092	0.986141547578629	0.893439097914545	0.08	0.6	0.6663342098105	0.792547274749722	0.719094871557081
wdLC_k1_0.08_k2_0.6	190	0.88511593118923	0.869982110599361	0.889698067157423	0.90643974683655	0.981916396576083	0.982105350636627	0.892430902736772	0.08	0.6	0.6663342098105	0.792547274749722	0.719094871557081
wdLC_k1_0.08_k2_0.6	200	0.870399759994	0.851818795469887	0.874908872721818	0.891694292357309	0.983397584939624	0.983141078526963	0.884791119777995	0.08	0.6	0.6663342098105	0.792547274749722	0.719094871557081
wdLC_k1_0.08_k2_0.6	210	0.857940413290875	0.839476761701756	0.862355155445702	0.877316298069603	0.9840722011837	0.981449530763574	0.891393714791071	0.08	0.6	0.6663342098105	0.792547274749722	0.719094871557081
wdLC_k1_0.08_k2_0.6	220	0.848845111375329	0.829860872407206	0.855575528420009	0.870057420420031	0.98321452922581	0.982760350044798	0.888774561457882	0.08	0.6	0.6663342098105	0.792547274749722	0.719094871557081
wdLC_k1_0.08_k2_0.6	230	0.855857224226315	0.836228021077081	0.860274830542535	0.873000969032866	0.981976481843579	0.982322670684167	0.888921710527938	0.08	0.6	0.6663342098105	0.792547274749722	0.719094871557081
wdLC_k1_0.08_k2_0.6	240	0.835281862532336	0.817075817288495	0.841818434347819	0.858432438063161	0.980974496085001	0.981318252052987	0.89954686713311	0.08	0.6	0.6663342098105	0.792547274749722	0.719094871557081
wdLC_k1_0.08_k2_0.6	240	0.835281862532336	0.817075817288495	0.841818434347819	0.858432438063161	0.980974496085001	0.981318252052987	0.89954686713311	0.08	0.6	0.6663342098105	0.792547274749722	0.719094871557081
wdLC_k1_0.08_k2_0.6	250	0.820057792924687	0.803193011088177	0.831700091201459	0.847372149954399	0.981279700475208	0.980901070417127	0.89954686713311	0.08	0.6	0.6663342098105	0.792547274749722	0.719094871557081
wdLC_k1_0.08_k2_0.6	260	0.813333606437055	0.792086819673027	0.829719146960526	0.844663382594417	0.981893906031837	0.979477620856931	0.89954686713311	0.08	0.6	0.6663342098105	0.792547274749722	0.719094871557081
wdLC_k1_0.08_k2_0.6	270	0.812005346819267	0.790985092007054	0.830303418275818	0.842256638179764	0.981679370697053	0.980031428567074	0.89954686713311	0.08	0.6	0.6663342098105	0.792547274749722	0.719094871557081
wdLC_k1_0.08_k2_0.6	280	0.805629991636191	0.784737961307816	0.825960061443933	0.83608191066577	0.981536754295335	0.980421579721316	0.89954686713311	0.08	0.6	0.6663342098105	0.792547274749722	0.719094871557081
wdLC_k1_0.08_k2_0.6	290	0.799013231942157	0.774958331129445	0.820418546122366	0.828986772978153	0.980937245143347	0.980055525692011	0.89954686713311	0.08	0.6	0.6663342098105	0.792547274749722	0.719094871557081
wdLC_k1_0.08_k2_0.6	300	0.795519061322904	0.77340770453005	0.822914032378138	0.827554528383649	0.98123668040756	0.980332670363004	0.89954686713311	0.08	0.6	0.6663342098105	0.792547274749722	0.719094871557081
wdLC_k1_0.08_k2_0.68	10	0.684848484848485	0.406060606060606	0.333333333333333	-0.248484848484848	0.684848484848485	0.866666666666667	0.636363636363636	0.08	0.68	0.612204188956388	0.735446792732666	0.659556709635537
wdLC_k1_0.08_k2_0.68	20	0.789473684210526	0.721804511278195	0.681203007518797	0.37593984962406	0.920300751879699	0.933834586466165	0.744360902255639	0.08	0.68	0.612204188956388	0.735446792732666	0.659556709635537
wdLC_k1_0.08_k2_0.68	30	0.886540600667408	0.855394883203559	0.866963292547275	0.576418242491657	0.970189098998888	0.969744160177976	0.818909899888765	0.08	0.68	0.612204188956388	0.735446792732666	0.659556709635537
wdLC_k1_0.08_k2_0.68	40	0.918198874296436	0.903001876172608	0.906003752345216	0.757786116322702	0.959099437148218	0.960412757973734	0.820075046904315	0.08	0.68	0.612204188956388	0.735446792732666	0.659556709635537
wdLC_k1_0.08_k2_0.68	50	0.882929171668667	0.85719087635054	0.886866746698679	0.814453781512605	0.974165666266506	0.968307322929172	0.800912364945978	0.08	0.68	0.612204188956388	0.735446792732666	0.659556709635537
wdLC_k1_0.08_k2_0.68	60	0.890580716865796	0.864517921644902	0.893859405390387	0.839233120311198	0.973992775771048	0.976160044456794	0.828896915809948	0.08	0.68	0.612204188956388	0.735446792732666	0.659556709635537
wdLC_k1_0.08_k2_0.68	70	0.902335753652349	0.88413962033068	0.907234712623567	0.854185985478086	0.982433732831773	0.981978829498732	0.869092817776222	0.08	0.68	0.612204188956388	0.735446792732666	0.659556709635537
wdLC_k1_0.08_k2_0.68	80	0.880356305672762	0.871894045944679	0.901593999062353	0.859939052977028	0.987271448663854	0.985044538209095	0.877754336615096	0.08	0.68	0.612204188956388	0.735446792732666	0.659556709635537
wdLC_k1_0.08_k2_0.68	90	0.875029839074783	0.867884924064699	0.893748199366177	0.860591842614315	0.988064370086842	0.987586944890316	0.898588303082685	0.08	0.68	0.612204188956388	0.735446792732666	0.659556709635537
wdLC_k1_0.08_k2_0.68	100	0.887740774077408	0.884248424842484	0.901758175817582	0.877527752775278	0.986162616261626	0.987242724272427	0.904194419441944	0.08	0.68	0.612204188956388	0.735446792732666	0.659556709635537
wdLC_k1_0.08_k2_0.68	110	0.897698532560918	0.894831278317517	0.910402813155107	0.895471451434754	0.986195703626896	0.988927710028627	0.918238171449181	0.08	0.68	0.612204188956388	0.735446792732666	0.659556709635537
wdLC_k1_0.08_k2_0.68	120	0.900229182582124	0.896034446836586	0.911764705882353	0.904354469060351	0.985624001666782	0.990589624279464	0.925668449197861	0.08	0.68	0.612204188956388	0.735446792732666	0.659556709635537
wdLC_k1_0.08_k2_0.68	130	0.902918242772672	0.898100479318303	0.912564694315094	0.909970093815292	0.987174480055715	0.990550191863879	0.933627388056644	0.08	0.68	0.612204188956388	0.735446792732666	0.659556709635537
wdLC_k1_0.08_k2_0.68	140	0.908565305810063	0.903404692659247	0.917360215171328	0.917408322582056	0.985475935361134	0.988882814720868	0.920797708337889	0.08	0.68	0.612204188956388	0.735446792732666	0.659556709635537
wdLC_k1_0.08_k2_0.68	150	0.903199253300147	0.894761544957554	0.910584470420908	0.913973065469576	0.983828614605094	0.984813547268768	0.918983065914041	0.08	0.68	0.612204188956388	0.735446792732666	0.659556709635537
wdLC_k1_0.08_k2_0.68	160	0.910266026016641	0.897310441814133	0.917069026133833	0.922913981014883	0.983886089300363	0.984181999296847	0.914232977850697	0.08	0.68	0.612204188956388	0.735446792732666	0.659556709635537
wdLC_k1_0.08_k2_0.68	170	0.905222855258578	0.890132571247123	0.910528147727481	0.921070340313017	0.980024547969297	0.977347475894749	0.906361099407063	0.08	0.68	0.612204188956388	0.735446792732666	0.659556709635537
wdLC_k1_0.08_k2_0.68	180	0.904824222969845	0.890490447236026	0.910095990616994	0.921123079930451	0.977120693025505	0.97737996028684	0.901410537362264	0.08	0.68	0.612204188956388	0.735446792732666	0.659556709635537
wdLC_k1_0.08_k2_0.68	190	0.889416385641241	0.875648982841047	0.894962537233135	0.906371513425799	0.974209520310375	0.976062319848487	0.893769327332293	0.08	0.68	0.612204188956388	0.735446792732666	0.659556709635537
wdLC_k1_0.08_k2_0.68	200	0.876912922823071	0.862184054601365	0.880049501237531	0.89908797719943	0.971310282757069	0.970980274506863	0.892772819320483	0.08	0.68	0.612204188956388	0.735446792732666	0.659556709635537
wdLC_k1_0.08_k2_0.68	210	0.870645592870587	0.855597632599379	0.87266701868847	0.894516558522545	0.964555075754876	0.966305682344595	0.892022170894708	0.08	0.68	0.612204188956388	0.735446792732666	0.659556709635537
wdLC_k1_0.08_k2_0.68	220	0.868281275533492	0.847775592658751	0.872351983230307	0.893044747355787	0.963504505164457	0.95939998760305	0.890898947949714	0.08	0.68	0.612204188956388	0.735446792732666	0.659556709635537
wdLC_k1_0.08_k2_0.68	230	0.858535009702657	0.838578357279705	0.861215754057979	0.881480129894787	0.963584090107728	0.961603613777527	0.890749311444204	0.08	0.68	0.612204188956388	0.735446792732666	0.659556709635537
wdLC_k1_0.08_k2_0.68	240	0.845306342123995	0.827105505303912	0.8494869702599	0.87182676782583	0.964266740742027	0.961589610930745	0.894483411170333	0.08	0.68	0.612204188956388	0.735446792732666	0.659556709635537
wdLC_k1_0.08_k2_0.68	240	0.845306342123995	0.827105505303912	0.8494869702599	0.87182676782583	0.964266740742027	0.961589610930745	0.894483411170333	0.08	0.68	0.612204188956388	0.735446792732666	0.659556709635537
wdLC_k1_0.08_k2_0.68	250	0.838112225795613	0.8150012000192	0.843608121729948	0.862970479527672	0.963267508280133	0.962540968655498	0.894483411170333	0.08	0.68	0.612204188956388	0.735446792732666	0.659556709635537
wdLC_k1_0.08_k2_0.68	260	0.822653270929133	0.798296515537895	0.830623120278293	0.847636799360937	0.963270963270963	0.962696762696762	0.894483411170333	0.08	0.68	0.612204188956388	0.735446792732666	0.659556709635537
wdLC_k1_0.08_k2_0.68	270	0.823729939901629	0.797281779509245	0.834611357265989	0.848559422397198	0.963618461463425	0.963497136830104	0.894483411170333	0.08	0.68	0.612204188956388	0.735446792732666	0.659556709635537
wdLC_k1_0.08_k2_0.68	280	0.817575479279073	0.79514079078997	0.833000420923736	0.845786116076554	0.963510285298829	0.963778692512477	0.894483411170333	0.08	0.68	0.612204188956388	0.735446792732666	0.659556709635537
wdLC_k1_0.08_k2_0.68	290	0.806234770104692	0.786110704502206	0.825556333237797	0.836680168815817	0.963788982689121	0.964909337148213	0.894483411170333	0.08	0.68	0.612204188956388	0.735446792732666	0.659556709635537
wdLC_k1_0.08_k2_0.68	300	0.807752530583673	0.785635840398227	0.827868309647885	0.834001266680741	0.963273369704108	0.965496949966111	0.894483411170333	0.08	0.68	0.612204188956388	0.735446792732666	0.659556709635537
wdLC_k1_0.08_k2_0.76	10	0.696969696969697	0.636363636363636	0.575757575757576	-0.0787878787878788	0.806060606060606	0.927272727272727	0.76969696969697	0.08	0.76	0.550820563967722	0.666110493140527	0.590280997867013
wdLC_k1_0.08_k2_0.76	20	0.852631578947369	0.78796992481203	0.798496240601504	0.509774436090226	0.93984962406015	0.906766917293233	0.818045112781955	0.08	0.76	0.550820563967722	0.666110493140527	0.590280997867013
wdLC_k1_0.08_k2_0.76	30	0.902558398220245	0.870522803114572	0.880756395995551	0.597330367074527	0.976418242491657	0.968854282536151	0.842491657397108	0.08	0.76	0.550820563967722	0.666110493140527	0.590280997867013
wdLC_k1_0.08_k2_0.76	40	0.895309568480301	0.873358348968105	0.91125703564728	0.774108818011257	0.977485928705441	0.969043151969981	0.838836772983115	0.08	0.76	0.550820563967722	0.666110493140527	0.590280997867013
wdLC_k1_0.08_k2_0.76	50	0.91875150060024	0.900696278511405	0.931140456182473	0.856998799519808	0.92672268907563	0.936518607442977	0.828763505402161	0.08	0.76	0.550820563967722	0.666110493140527	0.590280997867013
wdLC_k1_0.08_k2_0.76	60	0.914976382328425	0.894915254237288	0.926646290636288	0.868185607113087	0.943651014170603	0.957710475131981	0.839677688246735	0.08	0.76	0.550820563967722	0.666110493140527	0.590280997867013
wdLC_k1_0.08_k2_0.76	70	0.900271192371621	0.889038579301898	0.914058262619193	0.867133234187735	0.962382993613857	0.969381506429884	0.854290963170326	0.08	0.76	0.550820563967722	0.666110493140527	0.590280997867013
wdLC_k1_0.08_k2_0.76	80	0.912025316455696	0.904172526957337	0.929840600093765	0.892569151429911	0.971776840131271	0.978434130332865	0.872737927801219	0.08	0.76	0.550820563967722	0.666110493140527	0.590280997867013
wdLC_k1_0.08_k2_0.76	90	0.896777379923447	0.889352594970573	0.915578054903898	0.879705313413179	0.977231757007038	0.982071860723546	0.892546404905955	0.08	0.76	0.550820563967722	0.666110493140527	0.590280997867013
wdLC_k1_0.08_k2_0.76	100	0.897089708970897	0.896981698169817	0.913795379537954	0.888628862886289	0.9795499549955	0.985574557455746	0.903762376237624	0.08	0.76	0.550820563967722	0.666110493140527	0.590280997867013
wdLC_k1_0.08_k2_0.76	110	0.899023961409282	0.898041160426481	0.912954489101278	0.897896896062034	0.983229267632937	0.988585082163064	0.920248856028672	0.08	0.76	0.550820563967722	0.666110493140527	0.590280997867013
wdLC_k1_0.08_k2_0.76	120	0.909424265573998	0.907035210778526	0.923029377040072	0.912667546357386	0.984992013334259	0.990443780818112	0.93367594971873	0.08	0.76	0.550820563967722	0.666110493140527	0.590280997867013
wdLC_k1_0.08_k2_0.76	130	0.911728959838315	0.907058678938672	0.922271231342774	0.918611479058843	0.986011006568436	0.990020347130235	0.931049174507367	0.08	0.76	0.550820563967722	0.666110493140527	0.590280997867013
wdLC_k1_0.08_k2_0.76	140	0.91966937088627	0.913782773173559	0.930130546019112	0.930161159825939	0.986193173121078	0.989914937351031	0.927309702390064	0.08	0.76	0.550820563967722	0.666110493140527	0.590280997867013
wdLC_k1_0.08_k2_0.76	150	0.925866927418996	0.918243477487889	0.934421974309969	0.937273656606961	0.985112227210098	0.989176407840349	0.918190141784079	0.08	0.76	0.550820563967722	0.666110493140527	0.590280997867013
wdLC_k1_0.08_k2_0.76	160	0.917798546818235	0.910922301652408	0.924894527129966	0.931987577639751	0.981955349818352	0.985887144029063	0.909975975624048	0.08	0.76	0.550820563967722	0.666110493140527	0.590280997867013
wdLC_k1_0.08_k2_0.76	170	0.909397231331025	0.903662044076429	0.91605571534126	0.926028785852554	0.977557538119577	0.98344905075079	0.910611195583808	0.08	0.76	0.550820563967722	0.666110493140527	0.590280997867013
wdLC_k1_0.08_k2_0.76	180	0.872496064693355	0.865329176826445	0.879909873761536	0.89032171774849	0.974095908309927	0.981750465549348	0.900126547115652	0.08	0.76	0.550820563967722	0.666110493140527	0.590280997867013
wdLC_k1_0.08_k2_0.76	190	0.877718729633858	0.863746626601408	0.884123922371374	0.896626382710704	0.96738093051127	0.979725929133479	0.895398181317168	0.08	0.76	0.550820563967722	0.666110493140527	0.590280997867013
wdLC_k1_0.08_k2_0.76	200	0.878471461786545	0.862052051301283	0.888338708467712	0.898505962649066	0.968362709067727	0.978661966549164	0.888538213455336	0.08	0.76	0.550820563967722	0.666110493140527	0.590280997867013
wdLC_k1_0.08_k2_0.76	210	0.871699066710291	0.855122079217864	0.879835305627274	0.894970083545788	0.967797131778174	0.975516127673773	0.895019323405455	0.08	0.76	0.550820563967722	0.666110493140527	0.590280997867013
wdLC_k1_0.08_k2_0.76	220	0.853704715912613	0.836888816260291	0.863350670280566	0.878114311152184	0.965627764660803	0.976493128145022	0.897005009494937	0.08	0.76	0.550820563967722	0.666110493140527	0.590280997867013
wdLC_k1_0.08_k2_0.76	230	0.843854038499947	0.82690064824107	0.852240487820514	0.866332642106327	0.963825731891044	0.975400866458395	0.896156169632532	0.08	0.76	0.550820563967722	0.666110493140527	0.590280997867013
wdLC_k1_0.08_k2_0.76	240	0.839288008472369	0.823901456622511	0.851588569245994	0.860100001736141	0.961800552092918	0.972768624455286	0.899489574471779	0.08	0.76	0.550820563967722	0.666110493140527	0.590280997867013
wdLC_k1_0.08_k2_0.76	240	0.839288008472369	0.823901456622511	0.851588569245994	0.860100001736141	0.961800552092918	0.972768624455286	0.899489574471779	0.08	0.76	0.550820563967722	0.666110493140527	0.590280997867013
wdLC_k1_0.08_k2_0.76	250	0.818103201651226	0.801052560840973	0.828942159074545	0.840023040368646	0.958111841789469	0.973232467719484	0.899489574471779	0.08	0.76	0.550820563967722	0.666110493140527	0.590280997867013
wdLC_k1_0.08_k2_0.76	260	0.8209443243926	0.80188646395543	0.83735717528821	0.840579799200489	0.958430882568813	0.974377408860167	0.899489574471779	0.08	0.76	0.550820563967722	0.666110493140527	0.590280997867013
wdLC_k1_0.08_k2_0.76	270	0.81926775401583	0.80491547666406	0.836928109058042	0.8394966551896	0.958064353877739	0.974899213676152	0.899489574471779	0.08	0.76	0.550820563967722	0.666110493140527	0.590280997867013
wdLC_k1_0.08_k2_0.76	280	0.826180363087722	0.808821905527221	0.843401610443282	0.844141780234077	0.957742536803494	0.975492398773308	0.899489574471779	0.08	0.76	0.550820563967722	0.666110493140527	0.590280997867013
wdLC_k1_0.08_k2_0.76	290	0.819550603537456	0.797795947387131	0.836018387196371	0.839217080362184	0.959178652745471	0.975852597369849	0.899489574471779	0.08	0.76	0.550820563967722	0.666110493140527	0.590280997867013
wdLC_k1_0.08_k2_0.76	300	0.810233891487683	0.786705630062556	0.823285592062134	0.832142579361993	0.957595528839209	0.975545061611796	0.899489574471779	0.08	0.76	0.550820563967722	0.666110493140527	0.590280997867013
wdLC_k1_0.12_k2_0.04	10	0.381818181818182	-0.00606060606060606	-0.187878787878788	-0.515151515151515	0.6	0.563636363636364	0.442424242424242	0.12	0.04	0.860821470668238	0.966073414905451	0.916906241305759
wdLC_k1_0.12_k2_0.04	20	0.827067669172932	0.696240601503759	0.657142857142857	0.317293233082707	0.899248120300752	0.875187969924812	0.796992481203008	0.12	0.04	0.860821470668238	0.966073414905451	0.916906241305759
wdLC_k1_0.12_k2_0.04	30	0.860734149054505	0.800222469410456	0.808676307007786	0.5265850945495	0.944827586206896	0.924805339265851	0.769076751946607	0.12	0.04	0.860821470668238	0.966073414905451	0.916906241305759
wdLC_k1_0.12_k2_0.04	40	0.886679174484053	0.833958724202627	0.860225140712946	0.662851782363978	0.932082551594747	0.921200750469043	0.771294559099437	0.12	0.04	0.860821470668238	0.966073414905451	0.916906241305759
wdLC_k1_0.12_k2_0.04	50	0.905018007202881	0.863529411764706	0.891188475390156	0.778247298919568	0.957551020408163	0.953325330132053	0.802256902761105	0.12	0.04	0.860821470668238	0.966073414905451	0.916906241305759
wdLC_k1_0.12_k2_0.04	60	0.880744651292026	0.844679077521534	0.880300083356488	0.781494859683246	0.962489580439011	0.957877188107808	0.801055848846902	0.12	0.04	0.860821470668238	0.966073414905451	0.916906241305759
wdLC_k1_0.12_k2_0.04	70	0.868148018546059	0.846627591636777	0.869057825212142	0.80264193858805	0.970746216429009	0.962138045665296	0.839874026769311	0.12	0.04	0.860821470668238	0.966073414905451	0.916906241305759
wdLC_k1_0.12_k2_0.04	80	0.86797937177684	0.848898265353962	0.882419127988748	0.820135958743554	0.975128926394749	0.966619784341303	0.859446788560713	0.12	0.04	0.860821470668238	0.966073414905451	0.916906241305759
wdLC_k1_0.12_k2_0.04	90	0.863341153228794	0.849215952586739	0.877301724492736	0.828077540437091	0.977873811581677	0.972605671482076	0.878503518952957	0.12	0.04	0.860821470668238	0.966073414905451	0.916906241305759
wdLC_k1_0.12_k2_0.04	100	0.880720072007201	0.87012301230123	0.891149114911491	0.856045604560456	0.97993399339934	0.977293729372937	0.886576657665767	0.12	0.04	0.860821470668238	0.966073414905451	0.916906241305759
wdLC_k1_0.12_k2_0.04	110	0.883542591799473	0.876915447557649	0.894687013953069	0.869765344994703	0.97877510538061	0.977756238306697	0.896896062033677	0.12	0.04	0.860821470668238	0.966073414905451	0.916906241305759
wdLC_k1_0.12_k2_0.04	120	0.88656156677547	0.880158344329467	0.893805125355927	0.877290089589555	0.978165150357663	0.977248420029169	0.906854642683519	0.12	0.04	0.860821470668238	0.966073414905451	0.916906241305759
wdLC_k1_0.12_k2_0.04	130	0.893883570716519	0.887377951358069	0.900132461183411	0.890092722828388	0.98107307214355	0.979188572833167	0.90873561020907	0.12	0.04	0.860821470668238	0.966073414905451	0.916906241305759
wdLC_k1_0.12_k2_0.04	140	0.88414860816514	0.879359734097221	0.89001771227395	0.885797380332816	0.983503531521288	0.979361920797708	0.909120727733922	0.12	0.04	0.860821470668238	0.966073414905451	0.916906241305759
wdLC_k1_0.12_k2_0.04	150	0.881978754611316	0.875589137294991	0.889787101648962	0.888307924796658	0.980962709453754	0.97640784034846	0.897204320192009	0.12	0.04	0.860821470668238	0.966073414905451	0.916906241305759
wdLC_k1_0.12_k2_0.04	160	0.873801711004336	0.863793507558889	0.878782374311497	0.883575530294152	0.97956756123286	0.973690378530411	0.890527950310559	0.12	0.04	0.860821470668238	0.966073414905451	0.916906241305759
wdLC_k1_0.12_k2_0.04	170	0.872660767826284	0.863425357685896	0.878750129762276	0.887882951374259	0.974929317725222	0.972574666739945	0.872047679239868	0.12	0.04	0.860821470668238	0.966073414905451	0.916906241305759
wdLC_k1_0.12_k2_0.04	180	0.866755146763789	0.85653466670782	0.872786197104849	0.887788717758779	0.972268691420517	0.964867228412399	0.86448347171209	0.12	0.04	0.860821470668238	0.966073414905451	0.916906241305759
wdLC_k1_0.12_k2_0.04	190	0.863638152974058	0.85025915574276	0.869544716940694	0.886877752846339	0.965648851622949	0.955203891053988	0.863062542919253	0.12	0.04	0.860821470668238	0.966073414905451	0.916906241305759
wdLC_k1_0.12_k2_0.04	200	0.855544888622216	0.837754443861097	0.860766519162979	0.880766519162979	0.960424510612765	0.949034725868147	0.857107927698193	0.12	0.04	0.860821470668238	0.966073414905451	0.916906241305759
wdLC_k1_0.12_k2_0.04	210	0.844383902453247	0.824357533212609	0.851531456819559	0.874783036868345	0.956361822263543	0.9407994350374	0.86602611656241	0.12	0.04	0.860821470668238	0.966073414905451	0.916906241305759
wdLC_k1_0.12_k2_0.04	220	0.835070972540755	0.816011224875044	0.839527112693914	0.871913581986104	0.9559694133425	0.936497185328773	0.868433419924153	0.12	0.04	0.860821470668238	0.966073414905451	0.916906241305759
wdLC_k1_0.12_k2_0.04	230	0.827119605285544	0.805779183793234	0.8301830313222	0.862643906312029	0.952332459642123	0.930355879169245	0.871264107071967	0.12	0.04	0.860821470668238	0.966073414905451	0.916906241305759
wdLC_k1_0.12_k2_0.04	240	0.810171183527492	0.787735030122051	0.814712060973281	0.849260403826455	0.953821246896647	0.927247868886612	0.883505790031077	0.12	0.04	0.860821470668238	0.966073414905451	0.916906241305759
wdLC_k1_0.12_k2_0.04	240	0.810171183527492	0.787735030122051	0.814712060973281	0.849260403826455	0.953821246896647	0.927247868886612	0.883505790031077	0.12	0.04	0.860821470668238	0.966073414905451	0.916906241305759
wdLC_k1_0.12_k2_0.04	250	0.797632602121634	0.773770460327365	0.80385196563145	0.837090001440023	0.956312388998224	0.930287524600394	0.883505790031077	0.12	0.04	0.860821470668238	0.966073414905451	0.916906241305759
wdLC_k1_0.12_k2_0.04	260	0.798253501701777	0.774295477743753	0.807080213976766	0.83499551085758	0.960195132608925	0.934840183116045	0.883505790031077	0.12	0.04	0.860821470668238	0.966073414905451	0.916906241305759
wdLC_k1_0.12_k2_0.04	270	0.780309743617882	0.753440909873783	0.791402107329624	0.81990851878779	0.960437195450021	0.933242187440462	0.883505790031077	0.12	0.04	0.860821470668238	0.966073414905451	0.916906241305759
wdLC_k1_0.12_k2_0.04	280	0.773775357921839	0.745610093423203	0.787640148471282	0.813474479448535	0.962639465153528	0.937561703593158	0.883505790031077	0.12	0.04	0.860821470668238	0.966073414905451	0.916906241305759
wdLC_k1_0.12_k2_0.04	290	0.78047596613351	0.750921635461654	0.795285605511731	0.81725429512262	0.96384802640238	0.941285947473237	0.883505790031077	0.12	0.04	0.860821470668238	0.966073414905451	0.916906241305759
wdLC_k1_0.12_k2_0.04	300	0.771398348870543	0.740770453005033	0.783600706674519	0.806147623862487	0.964295158835098	0.943367815197947	0.883505790031077	0.12	0.04	0.860821470668238	0.966073414905451	0.916906241305759
wdLC_k1_0.12_k2_0.12	10	0.503030303030303	0.127272727272727	-0.0424242424242424	-0.345454545454545	0.721212121212121	0.6	0.454545454545455	0.12	0.12	0.836249886662435	0.946978123841305	0.894092553092831
wdLC_k1_0.12_k2_0.12	20	0.821052631578947	0.720300751879699	0.676691729323308	0.317293233082707	0.924812030075188	0.899248120300752	0.784962406015038	0.12	0.12	0.836249886662435	0.946978123841305	0.894092553092831
wdLC_k1_0.12_k2_0.12	30	0.838042269187987	0.796218020022247	0.78642936596218	0.490989988876529	0.957730812013348	0.935483870967742	0.744605116796441	0.12	0.12	0.836249886662435	0.946978123841305	0.894092553092831
wdLC_k1_0.12_k2_0.12	40	0.862851782363978	0.820262664165103	0.845966228893058	0.651031894934334	0.966604127579738	0.956472795497186	0.784990619136961	0.12	0.12	0.836249886662435	0.946978123841305	0.894092553092831
wdLC_k1_0.12_k2_0.12	50	0.876206482593037	0.838655462184874	0.869195678271309	0.761632653061225	0.97906362545018	0.962160864345738	0.804081632653061	0.12	0.12	0.836249886662435	0.946978123841305	0.894092553092831
wdLC_k1_0.12_k2_0.12	60	0.862850791886635	0.830063906640734	0.862795220894693	0.769713809391498	0.981272575715477	0.967879966657405	0.818005001389275	0.12	0.12	0.836249886662435	0.946978123841305	0.894092553092831
wdLC_k1_0.12_k2_0.12	70	0.85002187035255	0.827346688828624	0.85250634240224	0.789239786545359	0.983238561805616	0.970221327967807	0.842568454203482	0.12	0.12	0.836249886662435	0.946978123841305	0.894092553092831
wdLC_k1_0.12_k2_0.12	80	0.857946554149086	0.840740740740741	0.874191279887483	0.813267698077825	0.98525550867323	0.973206751054853	0.857946554149086	0.12	0.12	0.836249886662435	0.946978123841305	0.894092553092831
wdLC_k1_0.12_k2_0.12	90	0.856690126353048	0.843947812487138	0.870979956373215	0.823039881466848	0.985841873482323	0.97856525496975	0.878980944149484	0.12	0.12	0.836249886662435	0.946978123841305	0.894092553092831
wdLC_k1_0.12_k2_0.12	100	0.873147314731473	0.866342634263426	0.885712571257126	0.853057305730573	0.984074407440744	0.97951395139514	0.882364236423643	0.12	0.12	0.836249886662435	0.946978123841305	0.894092553092831
wdLC_k1_0.12_k2_0.12	110	0.875364605639835	0.870306336361382	0.884840971079503	0.860559475238374	0.981462029168451	0.978829204517278	0.900800216396546	0.12	0.12	0.836249886662435	0.946978123841305	0.894092553092831
wdLC_k1_0.12_k2_0.12	120	0.883325230918814	0.877283144662824	0.891304951732759	0.876526147649142	0.979720813945413	0.977762344607264	0.907410236822001	0.12	0.12	0.836249886662435	0.946978123841305	0.894092553092831
wdLC_k1_0.12_k2_0.12	130	0.893080610140791	0.886514905297082	0.899018148547707	0.889524641876852	0.982864712067623	0.980346584003605	0.906004451788226	0.12	0.12	0.836249886662435	0.946978123841305	0.894092553092831
wdLC_k1_0.12_k2_0.12	140	0.887240602654655	0.882101856508714	0.892904156917627	0.890577507598784	0.983035577616934	0.980394043427872	0.908114845509611	0.12	0.12	0.836249886662435	0.946978123841305	0.894092553092831
wdLC_k1_0.12_k2_0.12	150	0.882096093159696	0.876776745633139	0.888041246277613	0.887298102137873	0.980870260900485	0.976948308813725	0.90082403662385	0.12	0.12	0.836249886662435	0.946978123841305	0.894092553092831
wdLC_k1_0.12_k2_0.12	160	0.879054845892418	0.869617953826321	0.884715223250908	0.891058244462674	0.981369389429274	0.977537208484706	0.898898394468534	0.12	0.12	0.836249886662435	0.946978123841305	0.894092553092831
wdLC_k1_0.12_k2_0.12	170	0.871561605021953	0.858093196792887	0.876226940480334	0.887648463309335	0.978651815755888	0.975188231630242	0.879260629820287	0.12	0.12	0.836249886662435	0.946978123841305	0.894092553092831
wdLC_k1_0.12_k2_0.12	180	0.871897280780271	0.857530582219616	0.877346008621665	0.890521312386185	0.972805745033283	0.967482535469202	0.870652386390526	0.12	0.12	0.836249886662435	0.946978123841305	0.894092553092831
wdLC_k1_0.12_k2_0.12	190	0.869931372934955	0.85661710996514	0.876249086940738	0.892308432512346	0.967254961137574	0.958692542875514	0.866661417942763	0.12	0.12	0.836249886662435	0.946978123841305	0.894092553092831
wdLC_k1_0.12_k2_0.12	200	0.8672001800045	0.84932723318083	0.875495387384685	0.894454361359034	0.963214580364509	0.950437260931523	0.866723168079202	0.12	0.12	0.836249886662435	0.946978123841305	0.894092553092831
wdLC_k1_0.12_k2_0.12	210	0.863323107423881	0.843089412458332	0.868625462838484	0.891864085029463	0.962661932729281	0.950202952447901	0.874273793056532	0.12	0.12	0.836249886662435	0.946978123841305	0.894092553092831
wdLC_k1_0.12_k2_0.12	220	0.857481277787483	0.838174718110254	0.862372438198385	0.888959388717648	0.961717090323053	0.947113482810501	0.875184122887588	0.12	0.12	0.836249886662435	0.946978123841305	0.894092553092831
wdLC_k1_0.12_k2_0.12	230	0.839080380413208	0.822051045593859	0.846351332358547	0.870698961186905	0.956141523181584	0.941157760029983	0.88313019807229	0.12	0.12	0.836249886662435	0.946978123841305	0.894092553092831
wdLC_k1_0.12_k2_0.12	240	0.824681852115488	0.805581694126634	0.82992586676852	0.861643431309571	0.959085227174083	0.938680359034011	0.889339224639316	0.12	0.12	0.836249886662435	0.946978123841305	0.894092553092831
wdLC_k1_0.12_k2_0.12	240	0.824681852115488	0.805581694126634	0.82992586676852	0.861643431309571	0.959085227174083	0.938680359034011	0.889339224639316	0.12	0.12	0.836249886662435	0.946978123841305	0.894092553092831
wdLC_k1_0.12_k2_0.12	250	0.816935822973168	0.791946239139826	0.822601449623194	0.852371141938271	0.962299812797005	0.940992847885566	0.889339224639316	0.12	0.12	0.836249886662435	0.946978123841305	0.894092553092831
wdLC_k1_0.12_k2_0.12	260	0.806478703030427	0.779448944966186	0.81519753933547	0.844500203120893	0.964457598940357	0.943920881851916	0.889339224639316	0.12	0.12	0.836249886662435	0.946978123841305	0.894092553092831
wdLC_k1_0.12_k2_0.12	270	0.788126342229965	0.762087271430335	0.800748371795985	0.827282495873286	0.96658634244335	0.943777921050586	0.889339224639316	0.12	0.12	0.836249886662435	0.946978123841305	0.894092553092831
wdLC_k1_0.12_k2_0.12	280	0.776550721310221	0.750263760652924	0.789763900049746	0.815133574954491	0.96754732658762	0.944841497613854	0.889339224639316	0.12	0.12	0.836249886662435	0.946978123841305	0.894092553092831
wdLC_k1_0.12_k2_0.12	290	0.780439063812723	0.754109503946703	0.795022860987728	0.816431127353599	0.969138343110398	0.949629316187695	0.889339224639316	0.12	0.12	0.836249886662435	0.946978123841305	0.894092553092831
wdLC_k1_0.12_k2_0.12	300	0.776582850920566	0.746718519094657	0.790312336803742	0.811858798431094	0.970445449393882	0.952736363737375	0.889339224639316	0.12	0.12	0.836249886662435	0.946978123841305	0.894092553092831
wdLC_k1_0.12_k2_0.2	10	0.418181818181818	0.212121212121212	0.2	-0.163636363636364	0.842424242424242	0.660606060606061	0.490909090909091	0.12	0.2	0.81204098286336	0.92973674453096	0.869702309190392
wdLC_k1_0.12_k2_0.2	20	0.852631578947369	0.766917293233083	0.75187969924812	0.266165413533835	0.944360902255639	0.893233082706767	0.757894736842105	0.12	0.2	0.81204098286336	0.92973674453096	0.869702309190392
wdLC_k1_0.12_k2_0.2	30	0.876751946607342	0.84293659621802	0.838487208008899	0.45539488320356	0.976418242491657	0.956395995550612	0.794438264738599	0.12	0.2	0.81204098286336	0.92973674453096	0.869702309190392
wdLC_k1_0.12_k2_0.2	40	0.872420262664165	0.839774859287055	0.872232645403377	0.680675422138837	0.984240150093809	0.958724202626642	0.805253283302064	0.12	0.2	0.81204098286336	0.92973674453096	0.869702309190392
wdLC_k1_0.12_k2_0.2	50	0.874765906362545	0.837887154861945	0.878799519807923	0.762785114045618	0.987226890756302	0.97109243697479	0.79015606242497	0.12	0.2	0.81204098286336	0.92973674453096	0.869702309190392
wdLC_k1_0.12_k2_0.2	60	0.885412614615171	0.852070019449847	0.886357321478189	0.806279522089469	0.98638510697416	0.981494859683245	0.816782439566546	0.12	0.2	0.81204098286336	0.92973674453096	0.869702309190392
wdLC_k1_0.12_k2_0.2	70	0.866888286239174	0.84736243548246	0.874726620593124	0.811879975505205	0.990482022570204	0.985338115650424	0.85527075496457	0.12	0.2	0.81204098286336	0.92973674453096	0.869702309190392
wdLC_k1_0.12_k2_0.2	80	0.886661978434131	0.868190342240975	0.89873417721519	0.848968588842007	0.992287857477731	0.988185654008439	0.867112048757618	0.12	0.2	0.81204098286336	0.92973674453096	0.869702309190392
wdLC_k1_0.12_k2_0.2	90	0.869152570276166	0.855175536074412	0.888364818701897	0.842663703337861	0.993134954932708	0.989842367370457	0.89142692513479	0.12	0.2	0.81204098286336	0.92973674453096	0.869702309190392
wdLC_k1_0.12_k2_0.2	100	0.871347134713471	0.866510651065106	0.88961296129613	0.855493549354936	0.993735373537354	0.991815181518152	0.906846684668467	0.12	0.2	0.81204098286336	0.92973674453096	0.869702309190392
wdLC_k1_0.12_k2_0.2	110	0.880287627076618	0.876500687509862	0.892856659829137	0.869116155354688	0.992624484367603	0.99178594774925	0.913630728309627	0.12	0.2	0.81204098286336	0.92973674453096	0.869702309190392
wdLC_k1_0.12_k2_0.2	120	0.88513091186888	0.881637613723175	0.895096881727898	0.88051948051948	0.993937078963817	0.992180012500868	0.922320994513508	0.12	0.2	0.81204098286336	0.92973674453096	0.869702309190392
wdLC_k1_0.12_k2_0.2	130	0.898619399418263	0.893834409864944	0.906867497849213	0.897619795436234	0.994827185950921	0.992795204085813	0.920430430567125	0.12	0.2	0.81204098286336	0.92973674453096	0.869702309190392
wdLC_k1_0.12_k2_0.2	140	0.891115435918742	0.887621088539503	0.898777634427413	0.896464105311496	0.994104655485338	0.992442763114736	0.920146071592574	0.12	0.2	0.81204098286336	0.92973674453096	0.869702309190392
wdLC_k1_0.12_k2_0.2	150	0.892603226810081	0.886711409395973	0.899540424018845	0.898701275612249	0.993432597004312	0.991654740210676	0.914840659584871	0.12	0.2	0.81204098286336	0.92973674453096	0.869702309190392
wdLC_k1_0.12_k2_0.2	160	0.887718270244931	0.878709129262862	0.894615024024376	0.898710887144029	0.993844486112739	0.989965428337044	0.909469119887495	0.12	0.2	0.81204098286336	0.92973674453096	0.869702309190392
wdLC_k1_0.12_k2_0.2	170	0.886759362729832	0.876288005080575	0.892257619335495	0.901734845292835	0.991597511006894	0.985632720855393	0.89748474911609	0.12	0.2	0.81204098286336	0.92973674453096	0.869702309190392
wdLC_k1_0.12_k2_0.2	180	0.88231324012058	0.869672932292149	0.888620019136393	0.902036071072152	0.99141948825581	0.982279288455405	0.888879286397728	0.12	0.2	0.81204098286336	0.92973674453096	0.869702309190392
wdLC_k1_0.12_k2_0.2	190	0.873759442235607	0.859971044539796	0.879788476426669	0.896773346980016	0.988461555284372	0.979582464013437	0.882481071789422	0.12	0.2	0.81204098286336	0.92973674453096	0.869702309190392
wdLC_k1_0.12_k2_0.2	200	0.863502587564689	0.849010725268132	0.868397209930248	0.88844821120528	0.987528688217206	0.97713642841071	0.884081602040051	0.12	0.2	0.81204098286336	0.92973674453096	0.869702309190392
wdLC_k1_0.12_k2_0.2	210	0.853541220565416	0.835111259406595	0.85975840074119	0.875437408687596	0.98720541120142	0.975513536102212	0.885040477108325	0.12	0.2	0.81204098286336	0.92973674453096	0.869702309190392
wdLC_k1_0.12_k2_0.2	220	0.851390994179068	0.832386469292191	0.856633777181722	0.8734947566535	0.987313411809786	0.973725227230465	0.889167882882629	0.12	0.2	0.81204098286336	0.92973674453096	0.869702309190392
wdLC_k1_0.12_k2_0.2	230	0.841409018169983	0.826780320495908	0.848324904637796	0.86500607803057	0.987312326936402	0.974586188446071	0.891219773201926	0.12	0.2	0.81204098286336	0.92973674453096	0.869702309190392
wdLC_k1_0.12_k2_0.2	240	0.831556971475199	0.815472490841855	0.842896578065591	0.858856924599385	0.987152554731853	0.971990833174187	0.902034757547874	0.12	0.2	0.81204098286336	0.92973674453096	0.869702309190392
wdLC_k1_0.12_k2_0.2	240	0.831556971475199	0.815472490841855	0.842896578065591	0.858856924599385	0.987152554731853	0.971990833174187	0.902034757547874	0.12	0.2	0.81204098286336	0.92973674453096	0.869702309190392
wdLC_k1_0.12_k2_0.2	250	0.818781356501704	0.797806172898766	0.831789948639178	0.850492583881342	0.988376134018144	0.969719579513272	0.902034757547874	0.12	0.2	0.81204098286336	0.92973674453096	0.869702309190392
wdLC_k1_0.12_k2_0.2	260	0.821825083894049	0.797661549385687	0.833005950247329	0.85700289148565	0.989368754885996	0.971675047537116	0.902034757547874	0.12	0.2	0.81204098286336	0.92973674453096	0.869702309190392
wdLC_k1_0.12_k2_0.2	270	0.806199444894077	0.781772345604497	0.82083643884766	0.841967653877282	0.988459527717954	0.969504840029813	0.902034757547874	0.12	0.2	0.81204098286336	0.92973674453096	0.869702309190392
wdLC_k1_0.12_k2_0.2	280	0.785536076444124	0.761242217010786	0.799058661462519	0.815949729679497	0.987475605556193	0.970725574123577	0.902034757547874	0.12	0.2	0.81204098286336	0.92973674453096	0.869702309190392
wdLC_k1_0.12_k2_0.2	290	0.786934364302171	0.761218859054046	0.800274799282127	0.818707262499739	0.988155831120219	0.973175457004491	0.902034757547874	0.12	0.2	0.81204098286336	0.92973674453096	0.869702309190392
wdLC_k1_0.12_k2_0.2	300	0.78524339159324	0.759234658162869	0.805095167724086	0.817508638984878	0.989110101223347	0.975163279591995	0.902034757547874	0.12	0.2	0.81204098286336	0.92973674453096	0.869702309190392
wdLC_k1_0.12_k2_0.28	10	0.721212121212121	0.551515151515151	0.515151515151515	-0.0909090909090909	0.878787878787879	0.781818181818182	0.696969696969697	0.12	0.28	0.771783479916584	0.89247311827957	0.828711861263099
wdLC_k1_0.12_k2_0.28	20	0.875187969924812	0.813533834586466	0.81203007518797	0.407518796992481	0.977443609022556	0.936842105263158	0.769924812030075	0.12	0.28	0.771783479916584	0.89247311827957	0.828711861263099
wdLC_k1_0.12_k2_0.28	30	0.900778642936596	0.861179087875417	0.88476084538376	0.585761957730812	0.987986651835373	0.971968854282536	0.822914349276974	0.12	0.28	0.771783479916584	0.89247311827957	0.828711861263099
wdLC_k1_0.12_k2_0.28	40	0.915196998123828	0.885365853658537	0.90375234521576	0.732082551594747	0.988742964352721	0.975984990619137	0.806378986866792	0.12	0.28	0.771783479916584	0.89247311827957	0.828711861263099
wdLC_k1_0.12_k2_0.28	50	0.882256902761105	0.847106842737095	0.890420168067227	0.793325330132053	0.990108043217287	0.976854741896759	0.804945978391357	0.12	0.28	0.771783479916584	0.89247311827957	0.828711861263099
wdLC_k1_0.12_k2_0.28	60	0.871130869686024	0.836398999722145	0.873520422339539	0.797777160322312	0.989052514587386	0.98438455126424	0.829786051681023	0.12	0.28	0.771783479916584	0.89247311827957	0.828711861263099
wdLC_k1_0.12_k2_0.28	70	0.879170676231301	0.857755227014259	0.885259382381244	0.829761175750153	0.990132096929402	0.986702825649549	0.870737468287989	0.12	0.28	0.771783479916584	0.89247311827957	0.828711861263099
wdLC_k1_0.12_k2_0.28	80	0.88525550867323	0.869971870604782	0.904125644631974	0.852015939990624	0.991115799343647	0.989334270979841	0.876160337552743	0.12	0.28	0.771783479916584	0.89247311827957	0.828711861263099
wdLC_k1_0.12_k2_0.28	90	0.882026587644565	0.870403753549821	0.898324896077705	0.857332180927686	0.989134461044573	0.989002757542083	0.893962217557723	0.12	0.28	0.771783479916584	0.89247311827957	0.828711861263099
wdLC_k1_0.12_k2_0.28	100	0.894209420942094	0.888160816081608	0.906354635463546	0.876831683168317	0.988550855085509	0.990711071107111	0.902634263426343	0.12	0.28	0.771783479916584	0.89247311827957	0.828711861263099
wdLC_k1_0.12_k2_0.28	110	0.899610035389852	0.894073890404166	0.910646259270112	0.891955007551338	0.988395735184726	0.991362171178685	0.919536550729211	0.12	0.28	0.771783479916584	0.89247311827957	0.828711861263099
wdLC_k1_0.12_k2_0.28	120	0.90305576776165	0.897263698867977	0.91215362177929	0.900527814431558	0.990193763455795	0.992041113966247	0.925675394124592	0.12	0.28	0.771783479916584	0.89247311827957	0.828711861263099
wdLC_k1_0.12_k2_0.28	130	0.908582665337503	0.90288000655478	0.916470250856901	0.90918898250693	0.990643051250188	0.992238047767961	0.923172513621653	0.12	0.28	0.771783479916584	0.89247311827957	0.828711861263099
wdLC_k1_0.12_k2_0.28	140	0.906278017099998	0.900347685377534	0.913927095405742	0.910476482036256	0.989670026896416	0.991843607181124	0.921781723557324	0.12	0.28	0.771783479916584	0.89247311827957	0.828711861263099
wdLC_k1_0.12_k2_0.28	150	0.910431574736655	0.904209075958932	0.916710964931775	0.919089737321659	0.986801191164052	0.99032134761545	0.921767189652874	0.12	0.28	0.771783479916584	0.89247311827957	0.828711861263099
wdLC_k1_0.12_k2_0.28	160	0.90275694363061	0.893410875424821	0.908174147427634	0.915340442986054	0.984228876127974	0.98703269658971	0.909797257705379	0.12	0.28	0.771783479916584	0.89247311827957	0.828711861263099
wdLC_k1_0.12_k2_0.28	170	0.900518438456043	0.888674348593377	0.906981515745507	0.91566490189972	0.982494000403026	0.984362577170389	0.904079725942074	0.12	0.28	0.771783479916584	0.89247311827957	0.828711861263099
wdLC_k1_0.12_k2_0.28	180	0.896334248999455	0.883597230367193	0.900741792442154	0.912816239184337	0.98027511137175	0.98001172875706	0.89056246591973	0.12	0.28	0.771783479916584	0.89247311827957	0.828711861263099
wdLC_k1_0.12_k2_0.28	190	0.886571577285273	0.873364038368172	0.891143215805658	0.907197312653361	0.976681669269159	0.973030307006609	0.884662791358851	0.12	0.28	0.771783479916584	0.89247311827957	0.828711861263099
wdLC_k1_0.12_k2_0.28	200	0.87703892597315	0.864248106202655	0.881515037875947	0.900793519837996	0.972372309307733	0.967320183004575	0.888538213455336	0.12	0.28	0.771783479916584	0.89247311827957	0.828711861263099
wdLC_k1_0.12_k2_0.28	210	0.882018704667744	0.865424871960168	0.888289012060526	0.905745838098046	0.971921617918126	0.968819506759143	0.887911938398344	0.12	0.28	0.771783479916584	0.89247311827957	0.828711861263099
wdLC_k1_0.12_k2_0.28	220	0.874540608464863	0.860770977612235	0.882047525399661	0.9019987264951	0.970595560764779	0.968044042983608	0.891561621295707	0.12	0.28	0.771783479916584	0.89247311827957	0.828711861263099
wdLC_k1_0.12_k2_0.28	230	0.858961088275689	0.845745748460767	0.868249009391975	0.88556436917933	0.972447905236969	0.965958097342187	0.896095019466958	0.12	0.28	0.771783479916584	0.89247311827957	0.828711861263099
wdLC_k1_0.12_k2_0.28	240	0.849272556815222	0.833029219257279	0.857915936040556	0.875542978176704	0.972736505842115	0.963845726488307	0.900969634889494	0.12	0.28	0.771783479916584	0.89247311827957	0.828711861263099
wdLC_k1_0.12_k2_0.28	240	0.849272556815222	0.833029219257279	0.857915936040556	0.875542978176704	0.972736505842115	0.963845726488307	0.900969634889494	0.12	0.28	0.771783479916584	0.89247311827957	0.828711861263099
wdLC_k1_0.12_k2_0.28	250	0.845200979215667	0.823956991311861	0.856449287188595	0.875015984255748	0.975361397782365	0.964073153170451	0.900969634889494	0.12	0.28	0.771783479916584	0.89247311827957	0.828711861263099
wdLC_k1_0.12_k2_0.28	260	0.831389176216762	0.807866069935036	0.841051585879172	0.861382792417275	0.975805741322983	0.965331530848772	0.900969634889494	0.12	0.28	0.771783479916584	0.89247311827957	0.828711861263099
wdLC_k1_0.12_k2_0.28	270	0.800445365048446	0.775402497519399	0.811340804857863	0.831523370995792	0.977343996488292	0.964170823864372	0.900969634889494	0.12	0.28	0.771783479916584	0.89247311827957	0.828711861263099
wdLC_k1_0.12_k2_0.28	280	0.798328331447376	0.771518222717855	0.814252915033537	0.830559063253358	0.978448704702866	0.966160464874734	0.900969634889494	0.12	0.28	0.771783479916584	0.89247311827957	0.828711861263099
wdLC_k1_0.12_k2_0.28	290	0.798413938252577	0.772831773390229	0.812553431485306	0.829896538193287	0.979093113165887	0.969131454677185	0.900969634889494	0.12	0.28	0.771783479916584	0.89247311827957	0.828711861263099
wdLC_k1_0.12_k2_0.28	300	0.799550661674019	0.769472994144379	0.818377981977578	0.827233191479905	0.980374448604985	0.971231680352004	0.900969634889494	0.12	0.28	0.771783479916584	0.89247311827957	0.828711861263099
wdLC_k1_0.12_k2_0.36	10	0.709090909090909	0.660606060606061	0.660606060606061	0.212121212121212	0.806060606060606	0.854545454545454	0.684848484848485	0.12	0.36	0.721189591078067	0.845012977382277	0.774274320689975
wdLC_k1_0.12_k2_0.36	20	0.86015037593985	0.864661654135338	0.845112781954887	0.487218045112782	0.957894736842105	0.93984962406015	0.742857142857143	0.12	0.36	0.721189591078067	0.845012977382277	0.774274320689975
wdLC_k1_0.12_k2_0.36	30	0.930144605116796	0.907007786429366	0.917686318131257	0.608898776418243	0.969299221357063	0.967964404894327	0.835817575083426	0.12	0.36	0.721189591078067	0.845012977382277	0.774274320689975
wdLC_k1_0.12_k2_0.36	40	0.938649155722327	0.923827392120075	0.930581613508443	0.757410881801126	0.965290806754222	0.982551594746717	0.854596622889306	0.12	0.36	0.721189591078067	0.845012977382277	0.774274320689975
wdLC_k1_0.12_k2_0.36	50	0.921920768307323	0.89406962785114	0.927875150060024	0.826842737094838	0.967058823529412	0.97406962785114	0.793709483793517	0.12	0.36	0.721189591078067	0.845012977382277	0.774274320689975
wdLC_k1_0.12_k2_0.36	60	0.920755765490414	0.887802167268686	0.926312864684635	0.852959155320923	0.966323978883023	0.973437065851626	0.839455404278967	0.12	0.36	0.721189591078067	0.845012977382277	0.774274320689975
wdLC_k1_0.12_k2_0.36	70	0.895932114425685	0.872172163415274	0.904085381856355	0.8421835359986	0.977324818476074	0.98152392616569	0.870282564954947	0.12	0.36	0.721189591078067	0.845012977382277	0.774274320689975
wdLC_k1_0.12_k2_0.36	80	0.906258790436006	0.888021565869667	0.920112517580872	0.871448663853727	0.982208157524613	0.987130801687764	0.879582747304266	0.12	0.36	0.721189591078067	0.845012977382277	0.774274320689975
wdLC_k1_0.12_k2_0.36	90	0.882108902333621	0.872264065522493	0.899790097542907	0.853973741614191	0.98528213359674	0.989002757542083	0.89654689879409	0.12	0.36	0.721189591078067	0.845012977382277	0.774274320689975
wdLC_k1_0.12_k2_0.36	100	0.898769876987699	0.891425142514251	0.912523252325233	0.880684068406841	0.985970597059706	0.99041104110411	0.906066606660666	0.12	0.36	0.721189591078067	0.845012977382277	0.774274320689975
wdLC_k1_0.12_k2_0.36	110	0.897788697788698	0.892766494601357	0.911547911547911	0.891161553546875	0.988386718661948	0.992290873024818	0.925559587944909	0.12	0.36	0.721189591078067	0.845012977382277	0.774274320689975
wdLC_k1_0.12_k2_0.36	120	0.902437669282589	0.897590110424335	0.913459268004722	0.900458365164247	0.990103479408292	0.992680047225502	0.930627126883811	0.12	0.36	0.721189591078067	0.845012977382277	0.774274320689975
wdLC_k1_0.12_k2_0.36	130	0.913946660476041	0.9077960917123	0.92297040789851	0.915093747012796	0.99133130317224	0.992855289571072	0.925515847546737	0.12	0.36	0.721189591078067	0.845012977382277	0.774274320689975
wdLC_k1_0.12_k2_0.36	140	0.916065688482649	0.908604666418841	0.922708884564081	0.921755483151473	0.992018543220135	0.992473376921563	0.925534101594105	0.12	0.36	0.721189591078067	0.845012977382277	0.774274320689975
wdLC_k1_0.12_k2_0.36	150	0.913240588470599	0.904134405973599	0.919441752966799	0.923737054980221	0.990428019023068	0.990954264633984	0.910922263211699	0.12	0.36	0.721189591078067	0.845012977382277	0.774274320689975
wdLC_k1_0.12_k2_0.36	160	0.911915504511895	0.899581038321809	0.916808273760694	0.923795851400445	0.989736903785304	0.988811086370561	0.899165006445564	0.12	0.36	0.721189591078067	0.845012977382277	0.774274320689975
wdLC_k1_0.12_k2_0.36	170	0.900677206416668	0.88768265948547	0.903488620611745	0.914668327623793	0.98617008933751	0.987215515293629	0.893410518988038	0.12	0.36	0.721189591078067	0.845012977382277	0.774274320689975
wdLC_k1_0.12_k2_0.36	180	0.882241221436876	0.869934257230162	0.88509521898824	0.898649135261376	0.984184697058551	0.98314762801321	0.881946973672027	0.12	0.36	0.721189591078067	0.845012977382277	0.774274320689975
wdLC_k1_0.12_k2_0.36	190	0.876149361186562	0.85979258792706	0.88132985167981	0.898015544970629	0.984344806169	0.979759171051538	0.876205347574871	0.12	0.36	0.721189591078067	0.845012977382277	0.774274320689975
wdLC_k1_0.12_k2_0.36	200	0.873402835070877	0.854284857121428	0.878562964074102	0.897248931223281	0.984435610890272	0.980733518337959	0.878793969849246	0.12	0.36	0.721189591078067	0.845012977382277	0.774274320689975
wdLC_k1_0.12_k2_0.36	210	0.860753564220763	0.844793370759946	0.871499515700064	0.883469984742122	0.982011901792396	0.982071507938308	0.883885931977725	0.12	0.36	0.721189591078067	0.845012977382277	0.774274320689975
wdLC_k1_0.12_k2_0.36	220	0.845985923826375	0.834287710677719	0.858527129598846	0.872010503597933	0.980252785087596	0.980502978085573	0.886150915965582	0.12	0.36	0.721189591078067	0.845012977382277	0.774274320689975
wdLC_k1_0.12_k2_0.36	230	0.830628835755094	0.817153114589986	0.841782823214378	0.85491925958985	0.977889283680056	0.975627713846814	0.884422241893288	0.12	0.36	0.721189591078067	0.845012977382277	0.774274320689975
wdLC_k1_0.12_k2_0.36	240	0.804847306376847	0.79680723623674	0.820395319363183	0.832819146165732	0.977003941040643	0.976721818087119	0.895722147953957	0.12	0.36	0.721189591078067	0.845012977382277	0.774274320689975
wdLC_k1_0.12_k2_0.36	240	0.804847306376847	0.79680723623674	0.820395319363183	0.832819146165732	0.977003941040643	0.976721818087119	0.895722147953957	0.12	0.36	0.721189591078067	0.845012977382277	0.774274320689975
wdLC_k1_0.12_k2_0.36	250	0.805527768444295	0.796110401766428	0.821328853261652	0.834127778044449	0.976549512792205	0.977014160226564	0.895722147953957	0.12	0.36	0.721189591078067	0.845012977382277	0.774274320689975
wdLC_k1_0.12_k2_0.36	260	0.802104946932533	0.789082678737851	0.821529449115656	0.828909394426636	0.977103666758839	0.977333073884798	0.895722147953957	0.12	0.36	0.721189591078067	0.845012977382277	0.774274320689975
wdLC_k1_0.12_k2_0.36	270	0.788476903356394	0.76760662773914	0.807187722434845	0.813472826178076	0.977506169113736	0.974170046533179	0.895722147953957	0.12	0.36	0.721189591078067	0.845012977382277	0.774274320689975
wdLC_k1_0.12_k2_0.36	280	0.783806462545987	0.75964434677556	0.802193723316442	0.814899606955628	0.977414434950883	0.974806894402808	0.895722147953957	0.12	0.36	0.721189591078067	0.845012977382277	0.774274320689975
wdLC_k1_0.12_k2_0.36	290	0.785128610738329	0.758396077529316	0.801795174898549	0.812209009824628	0.977189937475168	0.975643484218723	0.895722147953957	0.12	0.36	0.721189591078067	0.845012977382277	0.774274320689975
wdLC_k1_0.12_k2_0.36	300	0.780089112101246	0.753622151357237	0.798010200113335	0.805720063556262	0.978019311325681	0.976954855053945	0.895722147953957	0.12	0.36	0.721189591078067	0.845012977382277	0.774274320689975
wdLC_k1_0.12_k2_0.44	10	0.612121212121212	0.454545454545455	0.454545454545455	-0.0181818181818182	0.951515151515151	0.866666666666667	0.76969696969697	0.12	0.44	0.669416991567685	0.794215795328142	0.721784290086247
wdLC_k1_0.12_k2_0.44	20	0.803007518796992	0.77593984962406	0.765413533834587	0.422556390977444	0.984962406015038	0.95187969924812	0.765413533834587	0.12	0.44	0.669416991567685	0.794215795328142	0.721784290086247
wdLC_k1_0.12_k2_0.44	30	0.909232480533927	0.866518353726363	0.888320355951057	0.57686318131257	0.97686318131257	0.971523915461624	0.842046718576196	0.12	0.44	0.669416991567685	0.794215795328142	0.721784290086247
wdLC_k1_0.12_k2_0.44	40	0.919136960600375	0.892495309568481	0.906754221388368	0.734709193245779	0.976547842401501	0.963039399624766	0.824953095684803	0.12	0.44	0.669416991567685	0.794215795328142	0.721784290086247
wdLC_k1_0.12_k2_0.44	50	0.880720288115246	0.842689075630252	0.885042016806723	0.792941176470588	0.9815606242497	0.965714285714286	0.819159663865546	0.12	0.44	0.669416991567685	0.794215795328142	0.721784290086247
wdLC_k1_0.12_k2_0.44	60	0.878966379549875	0.848235621005835	0.885746040566824	0.810391775493193	0.982939705473743	0.978494026118366	0.838399555432065	0.12	0.44	0.669416991567685	0.794215795328142	0.721784290086247
wdLC_k1_0.12_k2_0.44	70	0.875391479310646	0.855725658297612	0.882005073921792	0.835255008310734	0.987892572828274	0.983693465138658	0.872417111363835	0.12	0.44	0.669416991567685	0.794215795328142	0.721784290086247
wdLC_k1_0.12_k2_0.44	80	0.890295358649789	0.873605250820441	0.9042194092827	0.862025316455696	0.990201593999062	0.985935302390999	0.876371308016878	0.12	0.44	0.669416991567685	0.794215795328142	0.721784290086247
wdLC_k1_0.12_k2_0.44	90	0.874684117380747	0.86342346791785	0.892282997900976	0.852953039469893	0.989332016298308	0.988607647034613	0.891130592254188	0.12	0.44	0.669416991567685	0.794215795328142	0.721784290086247
wdLC_k1_0.12_k2_0.44	100	0.892013201320132	0.883852385238524	0.904410441044105	0.875955595559556	0.987878787878788	0.988694869486949	0.902850285028503	0.12	0.44	0.669416991567685	0.794215795328142	0.721784290086247
wdLC_k1_0.12_k2_0.44	110	0.896102608029213	0.890990239614093	0.908004418096161	0.890954173522981	0.989108040484187	0.990794130243671	0.917634064423055	0.12	0.44	0.669416991567685	0.794215795328142	0.721784290086247
wdLC_k1_0.12_k2_0.44	120	0.897735953885686	0.892575873324536	0.909410375720536	0.899618029029794	0.989506215709424	0.992353635669143	0.928529759011042	0.12	0.44	0.669416991567685	0.794215795328142	0.721784290086247
wdLC_k1_0.12_k2_0.44	130	0.906720015294487	0.901044668095973	0.916885386936869	0.913220172336096	0.990222452853378	0.991959469609035	0.928771388384383	0.12	0.44	0.669416991567685	0.794215795328142	0.721784290086247
wdLC_k1_0.12_k2_0.44	140	0.905613260151757	0.898397148542564	0.914001443222322	0.913454768100413	0.990824604753887	0.991406267083598	0.916148783101179	0.12	0.44	0.669416991567685	0.794215795328142	0.721784290086247
wdLC_k1_0.12_k2_0.44	150	0.912547224321081	0.902121872083204	0.919480865816259	0.922488999511089	0.987021645406463	0.987704342415219	0.916597182096982	0.12	0.44	0.669416991567685	0.794215795328142	0.721784290086247
wdLC_k1_0.12_k2_0.44	160	0.899452127036212	0.888705613500527	0.907500292980194	0.911115668580804	0.985447673737255	0.984302121176608	0.905924059533575	0.12	0.44	0.669416991567685	0.794215795328142	0.721784290086247
wdLC_k1_0.12_k2_0.44	170	0.889670922869304	0.879055452763479	0.897142787354743	0.904089496278113	0.98532739785419	0.984167170449619	0.899961529301849	0.12	0.44	0.669416991567685	0.794215795328142	0.721784290086247
wdLC_k1_0.12_k2_0.44	180	0.889087111742132	0.874440569153369	0.892723026430857	0.909052748541622	0.9833204728541	0.979505540294454	0.89017150735105	0.12	0.44	0.669416991567685	0.794215795328142	0.721784290086247
wdLC_k1_0.12_k2_0.44	190	0.884522825388078	0.868452982368662	0.888755046429337	0.907052097958684	0.983826932077139	0.979187060146002	0.885324130570755	0.12	0.44	0.669416991567685	0.794215795328142	0.721784290086247
wdLC_k1_0.12_k2_0.44	200	0.868631215780395	0.85334433360834	0.87036825920648	0.891742293557339	0.978934973374334	0.976617415435386	0.889636240906023	0.12	0.44	0.669416991567685	0.794215795328142	0.721784290086247
wdLC_k1_0.12_k2_0.44	210	0.864283284687376	0.844728581470911	0.866684375739003	0.884878503885738	0.978141389665461	0.977247297476781	0.890910386694872	0.12	0.44	0.669416991567685	0.794215795328142	0.721784290086247
wdLC_k1_0.12_k2_0.44	220	0.860703357883052	0.84412412728287	0.863707927849749	0.884488597623167	0.979577714791252	0.978082191780822	0.889957906718584	0.12	0.44	0.669416991567685	0.794215795328142	0.721784290086247
wdLC_k1_0.12_k2_0.44	230	0.855087915691675	0.837456942146519	0.86129465749743	0.882935898352644	0.978531360418583	0.978911083220937	0.893558273888633	0.12	0.44	0.669416991567685	0.794215795328142	0.721784290086247
wdLC_k1_0.12_k2_0.44	240	0.834785326134134	0.816065383079567	0.844421778155871	0.862218962134759	0.975049914061008	0.977083803538256	0.899161443775066	0.12	0.44	0.669416991567685	0.794215795328142	0.721784290086247
wdLC_k1_0.12_k2_0.44	240	0.834785326134134	0.816065383079567	0.844421778155871	0.862218962134759	0.975049914061008	0.977083803538256	0.899161443775066	0.12	0.44	0.669416991567685	0.794215795328142	0.721784290086247
wdLC_k1_0.12_k2_0.44	250	0.824374021984352	0.80512533000528	0.839381750108002	0.853228243651898	0.976288388614218	0.973380694091105	0.899161443775066	0.12	0.44	0.669416991567685	0.794215795328142	0.721784290086247
wdLC_k1_0.12_k2_0.44	260	0.814923070095484	0.792516275274896	0.829455601869395	0.847388274974482	0.976175114106148	0.974292063947236	0.899161443775066	0.12	0.44	0.669416991567685	0.794215795328142	0.721784290086247
wdLC_k1_0.12_k2_0.44	270	0.81898059872792	0.790578441100396	0.835336866379816	0.847644305439337	0.977559820207867	0.974538288133811	0.899161443775066	0.12	0.44	0.669416991567685	0.794215795328142	0.721784290086247
wdLC_k1_0.12_k2_0.44	280	0.809464770869891	0.781972437695087	0.825271277148214	0.836901345315994	0.978800750009566	0.976342992713099	0.899161443775066	0.12	0.44	0.669416991567685	0.794215795328142	0.721784290086247
wdLC_k1_0.12_k2_0.44	290	0.802671974040447	0.775076418555963	0.818833714452302	0.830782193892174	0.978420014834733	0.97712203720492	0.899161443775066	0.12	0.44	0.669416991567685	0.794215795328142	0.721784290086247
wdLC_k1_0.12_k2_0.44	300	0.798604873387482	0.770334337048189	0.813068589650996	0.821488683207591	0.976304181157568	0.978412649029434	0.899161443775066	0.12	0.44	0.669416991567685	0.794215795328142	0.721784290086247
wdLC_k1_0.12_k2_0.52	10	0.709090909090909	0.721212121212121	0.684848484848485	0.0545454545454545	0.733333333333333	0.842424242424242	0.709090909090909	0.12	0.52	0.618460422522441	0.739896180941787	0.666790318093295
wdLC_k1_0.12_k2_0.52	20	0.851127819548872	0.818045112781955	0.809022556390977	0.457142857142857	0.95187969924812	0.930827067669173	0.757894736842105	0.12	0.52	0.618460422522441	0.739896180941787	0.666790318093295
wdLC_k1_0.12_k2_0.52	30	0.930144605116796	0.889655172413793	0.916796440489433	0.610233592880979	0.965739710789766	0.966184649610678	0.836262513904338	0.12	0.52	0.618460422522441	0.739896180941787	0.666790318093295
wdLC_k1_0.12_k2_0.52	40	0.935834896810507	0.919887429643527	0.934709193245779	0.767542213883678	0.938086303939963	0.95328330206379	0.773545966228893	0.12	0.52	0.618460422522441	0.739896180941787	0.666790318093295
wdLC_k1_0.12_k2_0.52	50	0.907707082833133	0.880528211284514	0.918175270108043	0.827995198079232	0.925090036014406	0.933157262905162	0.824729891956783	0.12	0.52	0.618460422522441	0.739896180941787	0.666790318093295
wdLC_k1_0.12_k2_0.52	60	0.899694359544318	0.884467907752154	0.908530147263129	0.847013059183107	0.940983606557377	0.956876910252848	0.827118644067797	0.12	0.52	0.618460422522441	0.739896180941787	0.666790318093295
wdLC_k1_0.12_k2_0.52	70	0.900446155192022	0.885889248534686	0.915422972618319	0.857335316245298	0.951500306184936	0.960808328230251	0.849881900096229	0.12	0.52	0.618460422522441	0.739896180941787	0.666790318093295
wdLC_k1_0.12_k2_0.52	80	0.891748710736053	0.881504922644163	0.911040787623066	0.858532583216127	0.961954992967651	0.970979840600094	0.873112986404126	0.12	0.52	0.618460422522441	0.739896180941787	0.666790318093295
wdLC_k1_0.12_k2_0.52	90	0.900975429065317	0.893106144791538	0.920352306869161	0.877532205622093	0.965394904720747	0.974136724698523	0.879622998724122	0.12	0.52	0.618460422522441	0.739896180941787	0.666790318093295
wdLC_k1_0.12_k2_0.52	100	0.913687368736874	0.909198919891989	0.927944794479448	0.897941794179418	0.965124512451245	0.974833483348335	0.889240924092409	0.12	0.52	0.618460422522441	0.739896180941787	0.666790318093295
wdLC_k1_0.12_k2_0.52	110	0.918355386245294	0.91460451276965	0.930735072019475	0.912079886391813	0.9684962694137	0.979180848905619	0.906083898744449	0.12	0.52	0.618460422522441	0.739896180941787	0.666790318093295
wdLC_k1_0.12_k2_0.52	120	0.91513994027363	0.910209042294604	0.927036599763872	0.914896867838044	0.972789777067852	0.983325230918813	0.920154177373428	0.12	0.52	0.618460422522441	0.739896180941787	0.666790318093295
wdLC_k1_0.12_k2_0.52	130	0.918098021275724	0.91375001706974	0.928509197175982	0.922134673421732	0.976834314274399	0.984399623100138	0.920206475576616	0.12	0.52	0.618460422522441	0.739896180941787	0.666790318093295
wdLC_k1_0.12_k2_0.52	140	0.915365944326606	0.909886072904594	0.925499114386303	0.92268264415823	0.976987164068138	0.984780564606066	0.916463667971398	0.12	0.52	0.618460422522441	0.739896180941787	0.666790318093295
wdLC_k1_0.12_k2_0.52	150	0.921553846837637	0.914851326725632	0.929326636739411	0.92979599093293	0.976141161829415	0.983149473309925	0.921966309613761	0.12	0.52	0.618460422522441	0.739896180941787	0.666790318093295
wdLC_k1_0.12_k2_0.52	160	0.920848470643384	0.910403726708074	0.928694480253135	0.92945329895699	0.9729989452713	0.979737489745693	0.915123637642095	0.12	0.52	0.618460422522441	0.739896180941787	0.666790318093295
wdLC_k1_0.12_k2_0.52	170	0.911478312907225	0.898764663137133	0.917132894889504	0.921612593963154	0.973810614248814	0.977643028559914	0.904424130287431	0.12	0.52	0.618460422522441	0.739896180941787	0.666790318093295
wdLC_k1_0.12_k2_0.52	180	0.907669989814501	0.894776587754766	0.91425043982839	0.922839182279288	0.969180118727944	0.974956017161023	0.897340452894637	0.12	0.52	0.618460422522441	0.739896180941787	0.666790318093295
wdLC_k1_0.12_k2_0.52	190	0.901196271656454	0.889556351612015	0.907064344981127	0.921251645693641	0.967162233681936	0.968731602129233	0.891059236223194	0.12	0.52	0.618460422522441	0.739896180941787	0.666790318093295
wdLC_k1_0.12_k2_0.52	200	0.898310957773945	0.883712592814821	0.900958523963099	0.920631515787895	0.962677566939174	0.96627165679142	0.887827195679892	0.12	0.52	0.618460422522441	0.739896180941787	0.666790318093295
wdLC_k1_0.12_k2_0.52	210	0.889091103458776	0.873522237303729	0.892907192582922	0.913695483862608	0.962287450638661	0.960974819642817	0.893385337535998	0.12	0.52	0.618460422522441	0.739896180941787	0.666790318093295
wdLC_k1_0.12_k2_0.52	220	0.888843308182551	0.868135893115748	0.892696505750495	0.910614606988499	0.96450076917442	0.963865143720099	0.889892540980373	0.12	0.52	0.618460422522441	0.739896180941787	0.666790318093295
wdLC_k1_0.12_k2_0.52	230	0.880974161589313	0.861057947179079	0.886516141917699	0.905249791029172	0.966607078131665	0.963880964298659	0.889980989202558	0.12	0.52	0.618460422522441	0.739896180941787	0.666790318093295
wdLC_k1_0.12_k2_0.52	240	0.869601034740186	0.847725654959287	0.876855500963558	0.894944356672859	0.966094897480859	0.965105296966961	0.901842045868852	0.12	0.52	0.618460422522441	0.739896180941787	0.666790318093295
wdLC_k1_0.12_k2_0.52	240	0.869601034740186	0.847725654959287	0.876855500963558	0.894944356672859	0.966094897480859	0.965105296966961	0.901842045868852	0.12	0.52	0.618460422522441	0.739896180941787	0.666790318093295
wdLC_k1_0.12_k2_0.52	250	0.846794604713675	0.825084433350934	0.85496932750924	0.873597465559449	0.964118465895454	0.965621465943455	0.901842045868852	0.12	0.52	0.618460422522441	0.739896180941787	0.666790318093295
wdLC_k1_0.12_k2_0.52	260	0.841742538294262	0.817899900658521	0.855388848492297	0.871146250456595	0.966417118141256	0.967904850663471	0.901842045868852	0.12	0.52	0.618460422522441	0.739896180941787	0.666790318093295
wdLC_k1_0.12_k2_0.52	270	0.828915196215159	0.807566328451389	0.845500090688639	0.858477558753283	0.966669867442169	0.969634090392948	0.901842045868852	0.12	0.52	0.618460422522441	0.739896180941787	0.666790318093295
wdLC_k1_0.12_k2_0.52	280	0.817524093783995	0.794601243091658	0.839233372145782	0.853243572713209	0.967640257802122	0.970338542947887	0.901842045868852	0.12	0.52	0.618460422522441	0.739896180941787	0.666790318093295
wdLC_k1_0.12_k2_0.52	290	0.808710669814025	0.782130666197597	0.828929697388669	0.842873362305755	0.969198862916489	0.971873051096184	0.901842045868852	0.12	0.52	0.618460422522441	0.739896180941787	0.666790318093295
wdLC_k1_0.12_k2_0.52	300	0.805161835131502	0.784274936388182	0.827080300892232	0.835616840187113	0.965399615551284	0.973141923799153	0.901842045868852	0.12	0.52	0.618460422522441	0.739896180941787	0.666790318093295
wdLC_k1_0.12_k2_0.6	10	0.612121212121212	0.721212121212121	0.648484848484848	0.115151515151515	0.757575757575757	0.903030303030303	0.709090909090909	0.12	0.6	0.565871792546922	0.684464219503152	0.609292404711119
wdLC_k1_0.12_k2_0.6	20	0.813533834586466	0.819548872180451	0.733834586466166	0.398496240601504	0.918796992481203	0.953383458646617	0.87218045112782	0.12	0.6	0.565871792546922	0.684464219503152	0.609292404711119
wdLC_k1_0.12_k2_0.6	30	0.873192436040045	0.842491657397108	0.852280311457175	0.62091212458287	0.948387096774194	0.954171301446051	0.83670745272525	0.12	0.6	0.565871792546922	0.684464219503152	0.609292404711119
wdLC_k1_0.12_k2_0.6	40	0.920075046904315	0.90562851782364	0.925703564727955	0.795309568480301	0.942776735459663	0.964165103189494	0.792870544090057	0.12	0.6	0.565871792546922	0.684464219503152	0.609292404711119
wdLC_k1_0.12_k2_0.6	50	0.886770708283313	0.881968787515006	0.904825930372149	0.835390156062425	0.9262424969988	0.9446818727491	0.800720288115246	0.12	0.6	0.565871792546922	0.684464219503152	0.609292404711119
wdLC_k1_0.12_k2_0.6	60	0.892081133648236	0.889469297026952	0.904306751875521	0.852903584328981	0.919588774659628	0.937982772992498	0.802278410669631	0.12	0.6	0.565871792546922	0.684464219503152	0.609292404711119
wdLC_k1_0.12_k2_0.6	70	0.913008485696789	0.908914355699414	0.929210042865891	0.882005073921792	0.925570816201557	0.940757589012335	0.839804041641151	0.12	0.6	0.565871792546922	0.684464219503152	0.609292404711119
wdLC_k1_0.12_k2_0.6	80	0.901312705110174	0.89887482419128	0.926629160806376	0.876605719643694	0.941467416783873	0.9542194092827	0.862189404594468	0.12	0.6	0.565871792546922	0.684464219503152	0.609292404711119
wdLC_k1_0.12_k2_0.6	90	0.918887105403959	0.917438366876569	0.937934724451578	0.903362555047948	0.947005803185578	0.960060912869902	0.877219409803679	0.12	0.6	0.565871792546922	0.684464219503152	0.609292404711119
wdLC_k1_0.12_k2_0.6	100	0.930501050105011	0.92950495049505	0.943282328232823	0.918571857185719	0.948394839483948	0.962844284428443	0.88972097209721	0.12	0.6	0.565871792546922	0.684464219503152	0.609292404711119
wdLC_k1_0.12_k2_0.6	110	0.93619006830016	0.935189234271803	0.947388589590424	0.931095732930595	0.955043617428938	0.969208574713162	0.892063205824674	0.12	0.6	0.565871792546922	0.684464219503152	0.609292404711119
wdLC_k1_0.12_k2_0.6	120	0.930321550107646	0.929307590804917	0.939627751927217	0.928696437252587	0.956781720952844	0.969310368775609	0.907819987499132	0.12	0.6	0.565871792546922	0.684464219503152	0.609292404711119
wdLC_k1_0.12_k2_0.6	130	0.929481489573803	0.926750331152959	0.939641398899343	0.931895833617829	0.955624137978123	0.968531592675033	0.91297436807822	0.12	0.6	0.565871792546922	0.684464219503152	0.609292404711119
wdLC_k1_0.12_k2_0.6	140	0.921974153200236	0.91885591830487	0.930773435962476	0.928761671513853	0.9568170387702	0.968695195819029	0.917320854562551	0.12	0.6	0.565871792546922	0.684464219503152	0.609292404711119
wdLC_k1_0.12_k2_0.6	150	0.916675407795902	0.910915151784524	0.924384194853105	0.925166451842304	0.956790968487488	0.96669007511445	0.909652873461043	0.12	0.6	0.565871792546922	0.684464219503152	0.609292404711119
wdLC_k1_0.12_k2_0.6	160	0.922577053791164	0.911698699167936	0.927411227001055	0.932468065158795	0.955217977264737	0.961593226297902	0.904497245986171	0.12	0.6	0.565871792546922	0.684464219503152	0.609292404711119
wdLC_k1_0.12_k2_0.6	170	0.919064978841116	0.907833977564866	0.925134800105031	0.932274473165162	0.951395020792497	0.958886425950013	0.898271261167189	0.12	0.6	0.565871792546922	0.684464219503152	0.609292404711119
wdLC_k1_0.12_k2_0.6	180	0.918384312273013	0.90397028714878	0.922184841095919	0.934316902785065	0.952395650071504	0.957432842577446	0.893799191333066	0.12	0.6	0.565871792546922	0.684464219503152	0.609292404711119
wdLC_k1_0.12_k2_0.6	190	0.905080327345414	0.893750082011311	0.909240815826652	0.926388396821023	0.946903908987128	0.948768955547683	0.893414163681455	0.12	0.6	0.565871792546922	0.684464219503152	0.609292404711119
wdLC_k1_0.12_k2_0.6	200	0.899078976974425	0.888659716492913	0.900438010950274	0.921918547963699	0.943603090077252	0.946868671716793	0.883891097277432	0.12	0.6	0.565871792546922	0.684464219503152	0.609292404711119
wdLC_k1_0.12_k2_0.6	210	0.884445711434985	0.872336593314393	0.886029161658995	0.909933817741251	0.945488883777734	0.9469544174957	0.881322867703511	0.12	0.6	0.565871792546922	0.684464219503152	0.609292404711119
wdLC_k1_0.12_k2_0.6	220	0.876029369502375	0.859637220152933	0.879571516316077	0.901200813690741	0.940652417687067	0.943095743901546	0.881487408642929	0.12	0.6	0.565871792546922	0.684464219503152	0.609292404711119
wdLC_k1_0.12_k2_0.6	230	0.867018115736551	0.847049627797682	0.873409294332021	0.893528685098839	0.940945707036461	0.941257375622289	0.887099041076638	0.12	0.6	0.565871792546922	0.684464219503152	0.609292404711119
wdLC_k1_0.12_k2_0.6	240	0.860244969530721	0.837527561242383	0.867222521224327	0.884252330769631	0.942399173596764	0.941925207034844	0.889795829788712	0.12	0.6	0.565871792546922	0.684464219503152	0.609292404711119
wdLC_k1_0.12_k2_0.6	240	0.860244969530721	0.837527561242383	0.867222521224327	0.884252330769631	0.942399173596764	0.941925207034844	0.889795829788712	0.12	0.6	0.565871792546922	0.684464219503152	0.609292404711119
wdLC_k1_0.12_k2_0.6	250	0.84226563625018	0.823103729659674	0.85077444439111	0.866099361589785	0.944952719243508	0.946501032016512	0.889795829788712	0.12	0.6	0.565871792546922	0.684464219503152	0.609292404711119
wdLC_k1_0.12_k2_0.6	260	0.834202827306276	0.81655349931212	0.844364334019506	0.859917590952074	0.948239334446231	0.949424604597018	0.889795829788712	0.12	0.6	0.565871792546922	0.684464219503152	0.609292404711119
wdLC_k1_0.12_k2_0.6	270	0.829106633073766	0.804869141628219	0.842965686162438	0.854976215189661	0.951701821850932	0.953395489345228	0.889795829788712	0.12	0.6	0.565871792546922	0.684464219503152	0.609292404711119
wdLC_k1_0.12_k2_0.6	280	0.818116666939994	0.794854343987624	0.833353559538842	0.848037238084305	0.954973733265548	0.956636108696722	0.889795829788712	0.12	0.6	0.565871792546922	0.684464219503152	0.609292404711119
wdLC_k1_0.12_k2_0.6	290	0.803951746525339	0.784442227571692	0.828421429423696	0.839874925734079	0.953510456272595	0.95736010637709	0.889795829788712	0.12	0.6	0.565871792546922	0.684464219503152	0.609292404711119
wdLC_k1_0.12_k2_0.6	300	0.799619551328348	0.779625106945633	0.825855842842698	0.839746663851821	0.954384826498072	0.95683863154035	0.889795829788712	0.12	0.6	0.565871792546922	0.684464219503152	0.609292404711119
wdLC_k1_0.12_k2_0.68	10	0.76969696969697	0.672727272727273	0.684848484848485	-0.115151515151515	0.733333333333333	0.903030303030303	0.76969696969697	0.12	0.68	0.510653731072627	0.624953652206155	0.548734118519892
wdLC_k1_0.12_k2_0.68	20	0.870676691729323	0.827067669172932	0.825563909774436	0.556390977443609	0.929323308270677	0.936842105263158	0.772932330827068	0.12	0.68	0.510653731072627	0.624953652206155	0.548734118519892
wdLC_k1_0.12_k2_0.68	30	0.92880978865406	0.904338153503893	0.926585094549499	0.670745272525028	0.960845383759733	0.973748609566185	0.829143492769744	0.12	0.68	0.510653731072627	0.624953652206155	0.548734118519892
wdLC_k1_0.12_k2_0.68	40	0.942213883677299	0.927016885553471	0.945028142589118	0.802626641651032	0.950844277673546	0.975422138836773	0.803564727954972	0.12	0.68	0.510653731072627	0.624953652206155	0.548734118519892
wdLC_k1_0.12_k2_0.68	50	0.903769507803121	0.887731092436975	0.918271308523409	0.852484993997599	0.927298919567827	0.9446818727491	0.816662665066026	0.12	0.68	0.510653731072627	0.624953652206155	0.548734118519892
wdLC_k1_0.12_k2_0.68	60	0.896526813003612	0.890358432898028	0.913809391497639	0.872131147540984	0.929091414281745	0.951208669074743	0.830675187552098	0.12	0.68	0.510653731072627	0.624953652206155	0.548734118519892
wdLC_k1_0.12_k2_0.68	70	0.895547196220803	0.887393928790132	0.913638351850232	0.861849357011635	0.950695477211093	0.965567316945149	0.8420085731782	0.12	0.68	0.510653731072627	0.624953652206155	0.548734118519892
wdLC_k1_0.12_k2_0.68	80	0.883755274261603	0.881082981715893	0.909282700421941	0.858626347866854	0.962001875293015	0.973347398030942	0.873042662916081	0.12	0.68	0.510653731072627	0.624953652206155	0.548734118519892
wdLC_k1_0.12_k2_0.68	90	0.907758159443553	0.903082685105157	0.926871630242417	0.890027575420834	0.961888298966951	0.97555253735029	0.880956496686834	0.12	0.68	0.510653731072627	0.624953652206155	0.548734118519892
wdLC_k1_0.12_k2_0.68	100	0.920528052805281	0.918787878787879	0.934725472547255	0.90985898589859	0.961188118811881	0.974305430543054	0.895001500150015	0.12	0.68	0.510653731072627	0.624953652206155	0.548734118519892
wdLC_k1_0.12_k2_0.68	110	0.927660437752181	0.924703018281	0.938272885061876	0.92268331717873	0.964880643779726	0.97832427924171	0.912548745576268	0.12	0.68	0.510653731072627	0.624953652206155	0.548734118519892
wdLC_k1_0.12_k2_0.68	120	0.922168206125425	0.918008195013542	0.93313424543371	0.922487672755052	0.96870616015001	0.982207097715119	0.925536495589971	0.12	0.68	0.510653731072627	0.624953652206155	0.548734118519892
wdLC_k1_0.12_k2_0.68	130	0.924128419068948	0.920785481161835	0.933135779540892	0.92892433325595	0.970694670144342	0.982198309412937	0.926542763112974	0.12	0.68	0.510653731072627	0.624953652206155	0.548734118519892
wdLC_k1_0.12_k2_0.68	140	0.924593820384422	0.919450700837506	0.93165686295948	0.929868141960596	0.973081716997223	0.98272506614769	0.929562003892327	0.12	0.68	0.510653731072627	0.624953652206155	0.548734118519892
wdLC_k1_0.12_k2_0.68	150	0.930571136494955	0.924281079159074	0.936448731054714	0.93778212364994	0.971838748388817	0.98082403662385	0.928238588381706	0.12	0.68	0.510653731072627	0.624953652206155	0.548734118519892
wdLC_k1_0.12_k2_0.68	160	0.922243056369389	0.91568615961561	0.929646665885386	0.933338216336575	0.97123227469823	0.979775577170983	0.924953123168874	0.12	0.68	0.510653731072627	0.624953652206155	0.548734118519892
wdLC_k1_0.12_k2_0.68	170	0.918923308968558	0.910545245815548	0.926593022758777	0.930493829422146	0.96293134506995	0.97591123649709	0.916580870903329	0.12	0.68	0.510653731072627	0.624953652206155	0.548734118519892
wdLC_k1_0.12_k2_0.68	180	0.915087914236036	0.9077152587014	0.921937919894647	0.92861302303569	0.95839995061576	0.969038139037213	0.911476691667438	0.12	0.68	0.510653731072627	0.624953652206155	0.548734118519892
wdLC_k1_0.12_k2_0.68	190	0.912956912350685	0.905167806077148	0.918175893485896	0.926759306643573	0.956706775665167	0.967191976450725	0.911321060067271	0.12	0.68	0.510653731072627	0.624953652206155	0.548734118519892
wdLC_k1_0.12_k2_0.68	200	0.904867621690542	0.896468911722793	0.910173254331358	0.924348608715218	0.956546913672842	0.964462611565289	0.903390084752119	0.12	0.68	0.510653731072627	0.624953652206155	0.548734118519892
wdLC_k1_0.12_k2_0.68	210	0.90124039093857	0.889382655259433	0.906844664440075	0.920415428921291	0.951813614173305	0.958580207520093	0.906041277256044	0.12	0.68	0.510653731072627	0.624953652206155	0.548734118519892
wdLC_k1_0.12_k2_0.68	220	0.900127913987705	0.884133594044956	0.903440153722184	0.917545629229755	0.950169894569572	0.957738796256121	0.901471292607473	0.12	0.68	0.510653731072627	0.624953652206155	0.548734118519892
wdLC_k1_0.12_k2_0.68	230	0.893231810907907	0.87531678498073	0.896941258855062	0.906191700837609	0.951531589731704	0.958843965982755	0.906537889678197	0.12	0.68	0.510653731072627	0.624953652206155	0.548734118519892
wdLC_k1_0.12_k2_0.68	240	0.884642094480807	0.86486397333287	0.889024983072623	0.898164030625532	0.951960103474018	0.95882133370371	0.91140905224049	0.12	0.68	0.510653731072627	0.624953652206155	0.548734118519892
wdLC_k1_0.12_k2_0.68	240	0.884642094480807	0.86486397333287	0.889024983072623	0.898164030625532	0.951960103474018	0.95882133370371	0.91140905224049	0.12	0.68	0.510653731072627	0.624953652206155	0.548734118519892
wdLC_k1_0.12_k2_0.68	250	0.869914078625258	0.851082417318677	0.878448999183987	0.888355589689435	0.948326597225556	0.961059472951567	0.91140905224049	0.12	0.68	0.510653731072627	0.624953652206155	0.548734118519892
wdLC_k1_0.12_k2_0.68	260	0.8553103311724	0.835683732235456	0.869228379573207	0.873951708434467	0.949441673579604	0.961873354976803	0.91140905224049	0.12	0.68	0.510653731072627	0.624953652206155	0.548734118519892
wdLC_k1_0.12_k2_0.68	270	0.841809748952508	0.823920157417187	0.864092633491391	0.864353572903759	0.951431127694176	0.964778666374024	0.91140905224049	0.12	0.68	0.510653731072627	0.624953652206155	0.548734118519892
wdLC_k1_0.12_k2_0.68	280	0.839141534239686	0.8249536710563	0.86393667557713	0.863129813973575	0.953066456751453	0.966731718516818	0.91140905224049	0.12	0.68	0.510653731072627	0.624953652206155	0.548734118519892
wdLC_k1_0.12_k2_0.68	290	0.835836335747155	0.820649800665964	0.856527713027872	0.857156528574082	0.949461041604907	0.966633905606324	0.91140905224049	0.12	0.68	0.510653731072627	0.624953652206155	0.548734118519892
wdLC_k1_0.12_k2_0.68	300	0.83016922410249	0.808999655551728	0.853417482416471	0.854433493705486	0.951868798542206	0.967414304603384	0.91140905224049	0.12	0.68	0.510653731072627	0.624953652206155	0.548734118519892
wdLC_k1_0.12_k2_0.76	10	0.806060606060606	0.757575757575757	0.648484848484848	0.139393939393939	0.490909090909091	0.781818181818182	0.854545454545454	0.12	0.76	0.45017680660078	0.553578049684835	0.48112770101085
wdLC_k1_0.12_k2_0.76	20	0.816541353383459	0.803007518796992	0.732330827067669	0.360902255639098	0.893233082706767	0.942857142857143	0.870676691729323	0.12	0.76	0.45017680660078	0.553578049684835	0.48112770101085
wdLC_k1_0.12_k2_0.76	30	0.89098998887653	0.884315906562848	0.879866518353726	0.602224694104561	0.948832035595106	0.977753058954394	0.825139043381535	0.12	0.76	0.45017680660078	0.553578049684835	0.48112770101085
wdLC_k1_0.12_k2_0.76	40	0.915759849906192	0.910881801125704	0.912570356472796	0.756472795497186	0.953095684803002	0.975797373358349	0.79718574108818	0.12	0.76	0.45017680660078	0.553578049684835	0.48112770101085
wdLC_k1_0.12_k2_0.76	50	0.914909963985594	0.913949579831933	0.92124849939976	0.845858343337335	0.917310924369748	0.950828331332533	0.792557022809124	0.12	0.76	0.45017680660078	0.553578049684835	0.48112770101085
wdLC_k1_0.12_k2_0.76	60	0.897860516810225	0.89219227563212	0.908474576271187	0.864740205612671	0.923645457071409	0.94381772714643	0.810169491525424	0.12	0.76	0.45017680660078	0.553578049684835	0.48112770101085
wdLC_k1_0.12_k2_0.76	70	0.891698014171988	0.882669932639314	0.900866065960983	0.850686729070073	0.947581139007961	0.959793543871927	0.84225352112676	0.12	0.76	0.45017680660078	0.553578049684835	0.48112770101085
wdLC_k1_0.12_k2_0.76	80	0.881669010782935	0.876277543366151	0.901804969526489	0.853141115799344	0.961533052039381	0.970628223159869	0.864697609001406	0.12	0.76	0.45017680660078	0.553578049684835	0.48112770101085
wdLC_k1_0.12_k2_0.76	90	0.890011112483023	0.889517224348685	0.908466065769437	0.873663415236449	0.963699222126188	0.973988558258221	0.885286249331193	0.12	0.76	0.45017680660078	0.553578049684835	0.48112770101085
wdLC_k1_0.12_k2_0.76	100	0.907182718271827	0.907674767476748	0.92009600960096	0.896513651365137	0.964920492049205	0.977101710171017	0.901326132613261	0.12	0.76	0.45017680660078	0.553578049684835	0.48112770101085
wdLC_k1_0.12_k2_0.76	110	0.914478281450758	0.913089736942948	0.926055496697698	0.910465928814553	0.968649550300926	0.981299731758447	0.913756959628519	0.12	0.76	0.45017680660078	0.553578049684835	0.48112770101085
wdLC_k1_0.12_k2_0.76	120	0.921362594624627	0.918890200708382	0.931141051461907	0.92111257726231	0.972755052434197	0.984075283005764	0.926196263629419	0.12	0.76	0.45017680660078	0.553578049684835	0.48112770101085
wdLC_k1_0.12_k2_0.76	130	0.914771470319136	0.910538174766827	0.921419109915471	0.917879528602056	0.977358696691202	0.985803438528452	0.930093269060072	0.12	0.76	0.45017680660078	0.553578049684835	0.48112770101085
wdLC_k1_0.12_k2_0.76	140	0.91127681441473	0.906221162887319	0.917408322582056	0.916717325227964	0.978614069230938	0.986442456976668	0.932474688941856	0.12	0.76	0.45017680660078	0.553578049684835	0.48112770101085
wdLC_k1_0.12_k2_0.76	150	0.911004044624206	0.90462865016223	0.916796302057869	0.919800880039113	0.980400906706965	0.987188763945064	0.933163251700076	0.12	0.76	0.45017680660078	0.553578049684835	0.48112770101085
wdLC_k1_0.12_k2_0.76	160	0.916034806047111	0.907687800304699	0.920968592523145	0.925861361771944	0.975096683464198	0.980994374780265	0.922219617953826	0.12	0.76	0.45017680660078	0.553578049684835	0.48112770101085
wdLC_k1_0.12_k2_0.76	170	0.912589688631603	0.903632733068313	0.918310220382142	0.923124553465111	0.972970365349503	0.978231691306233	0.911927748364995	0.12	0.76	0.45017680660078	0.553578049684835	0.48112770101085
wdLC_k1_0.12_k2_0.76	180	0.918277313085795	0.907322242456043	0.924075845962324	0.927534800456804	0.96455857691081	0.971579369733634	0.9098963959793	0.12	0.76	0.45017680660078	0.553578049684835	0.48112770101085
wdLC_k1_0.12_k2_0.76	190	0.911922913741597	0.899467691917403	0.915696746228573	0.923400123345012	0.961563594851002	0.968323951239355	0.906326024485297	0.12	0.76	0.45017680660078	0.553578049684835	0.48112770101085
wdLC_k1_0.12_k2_0.76	200	0.902022050551264	0.8892792319808	0.907710192754819	0.915555388884722	0.957787444686117	0.964171604290107	0.905379134478362	0.12	0.76	0.45017680660078	0.553578049684835	0.48112770101085
wdLC_k1_0.12_k2_0.76	210	0.895528567217268	0.880056884995772	0.901399772589595	0.909414207643193	0.953276556319709	0.960136446242707	0.901018811570071	0.12	0.76	0.45017680660078	0.553578049684835	0.48112770101085
wdLC_k1_0.12_k2_0.76	220	0.886319965288539	0.872314792379257	0.892373058045903	0.897971971622254	0.948572941965367	0.958751965198379	0.908202836647639	0.12	0.76	0.45017680660078	0.553578049684835	0.48112770101085
wdLC_k1_0.12_k2_0.76	230	0.872818504829137	0.857536881193612	0.880406056825271	0.884870018912168	0.951137072534452	0.960609430440454	0.906052633525578	0.12	0.76	0.45017680660078	0.553578049684835	0.48112770101085
wdLC_k1_0.12_k2_0.76	240	0.867686070938732	0.852243094498168	0.877043004218823	0.875680133335648	0.939770655740551	0.954450598100661	0.915258077397177	0.12	0.76	0.45017680660078	0.553578049684835	0.48112770101085
wdLC_k1_0.12_k2_0.76	240	0.867686070938732	0.852243094498168	0.877043004218823	0.875680133335648	0.939770655740551	0.954450598100661	0.915258077397177	0.12	0.76	0.45017680660078	0.553578049684835	0.48112770101085
wdLC_k1_0.12_k2_0.76	250	0.849599385590169	0.836335045360726	0.864013440215043	0.860889934238948	0.943348341573465	0.95540690251044	0.915258077397177	0.12	0.76	0.45017680660078	0.553578049684835	0.48112770101085
wdLC_k1_0.12_k2_0.76	260	0.839013549358377	0.825325590842832	0.855575241782138	0.854781875471531	0.940991161680817	0.954663416732382	0.915258077397177	0.12	0.76	0.45017680660078	0.553578049684835	0.48112770101085
wdLC_k1_0.12_k2_0.76	270	0.833971811837077	0.815382317391947	0.854074511005333	0.847635160366473	0.942542116870983	0.953333302849757	0.915258077397177	0.12	0.76	0.45017680660078	0.553578049684835	0.48112770101085
wdLC_k1_0.12_k2_0.76	280	0.824919778495717	0.807494629122456	0.846185173644708	0.835699799377908	0.942251996654476	0.956411433819309	0.915258077397177	0.12	0.76	0.45017680660078	0.553578049684835	0.48112770101085
wdLC_k1_0.12_k2_0.76	290	0.82678099825698	0.808018382276061	0.847062021730547	0.837459545830837	0.938745099679319	0.956362759653955	0.915258077397177	0.12	0.76	0.45017680660078	0.553578049684835	0.48112770101085
wdLC_k1_0.12_k2_0.76	300	0.828044311603462	0.814053933932599	0.853353926154735	0.839567550750564	0.937706418960211	0.956383959821776	0.915258077397177	0.12	0.76	0.45017680660078	0.553578049684835	0.48112770101085
wdLC_k1_0.16_k2_0.04	10	0.345454545454545	0.127272727272727	0.0909090909090909	-0.236363636363636	0.793939393939394	0.624242424242424	0.454545454545455	0.16	0.04	0.819203916946233	0.930663700407861	0.872391727719559
wdLC_k1_0.16_k2_0.04	20	0.843609022556391	0.744360902255639	0.732330827067669	0.333834586466165	0.933834586466165	0.882706766917293	0.738345864661654	0.16	0.04	0.819203916946233	0.930663700407861	0.872391727719559
wdLC_k1_0.16_k2_0.04	30	0.88476084538376	0.844716351501669	0.839377085650723	0.481646273637375	0.973303670745272	0.950611790878754	0.822914349276974	0.16	0.04	0.819203916946233	0.930663700407861	0.872391727719559
wdLC_k1_0.16_k2_0.04	40	0.85891181988743	0.827016885553471	0.854033771106942	0.65046904315197	0.982551594746717	0.951969981238274	0.79718574108818	0.16	0.04	0.819203916946233	0.930663700407861	0.872391727719559
wdLC_k1_0.16_k2_0.04	50	0.881104441776711	0.851812725090036	0.884465786314526	0.764513805522209	0.985210084033613	0.968499399759904	0.79265306122449	0.16	0.04	0.819203916946233	0.930663700407861	0.872391727719559
wdLC_k1_0.16_k2_0.04	60	0.864184495693248	0.829119199777716	0.86724090025007	0.774659627674354	0.986496248958044	0.976660183384274	0.810002778549597	0.16	0.04	0.819203916946233	0.930663700407861	0.872391727719559
wdLC_k1_0.16_k2_0.04	70	0.849461989327268	0.830041116262794	0.857055375732657	0.791689266030968	0.990517015134284	0.980124223602484	0.844528037791969	0.16	0.04	0.819203916946233	0.930663700407861	0.872391727719559
wdLC_k1_0.16_k2_0.04	80	0.872573839662447	0.854383497421472	0.88469292076887	0.83384903891233	0.992076887013596	0.98384903891233	0.863314580403188	0.16	0.04	0.819203916946233	0.930663700407861	0.872391727719559
wdLC_k1_0.16_k2_0.04	90	0.868922089146808	0.853776186360456	0.88721241305511	0.844260608305552	0.993332510186443	0.986500390994773	0.886274025599868	0.16	0.04	0.819203916946233	0.930663700407861	0.872391727719559
wdLC_k1_0.16_k2_0.04	100	0.854461446144615	0.847032703270327	0.870435043504351	0.832679267926793	0.993495349534954	0.988406840684068	0.90025802580258	0.16	0.04	0.819203916946233	0.930663700407861	0.872391727719559
wdLC_k1_0.16_k2_0.04	110	0.866853008137412	0.860469310010594	0.88036877578162	0.854996280684354	0.9938958140793	0.989459684872529	0.911701192435137	0.16	0.04	0.819203916946233	0.930663700407861	0.872391727719559
wdLC_k1_0.16_k2_0.04	120	0.869747899159664	0.866330995208001	0.8812625876797	0.86626154594069	0.994263490520175	0.98886728245017	0.91982776581707	0.16	0.04	0.819203916946233	0.930663700407861	0.872391727719559
wdLC_k1_0.16_k2_0.04	130	0.885007305848776	0.880812246514359	0.894992421035382	0.884477461115132	0.995045678624589	0.989403105327125	0.919414439634571	0.16	0.04	0.819203916946233	0.930663700407861	0.872391727719559
wdLC_k1_0.16_k2_0.04	140	0.890070193085653	0.884358531411953	0.898012289256741	0.892414336008397	0.99379851741707	0.98884345411209	0.91331919267018	0.16	0.04	0.819203916946233	0.930663700407861	0.872391727719559
wdLC_k1_0.16_k2_0.04	150	0.879162629450198	0.87193030801369	0.886679407973688	0.888706164718432	0.99236588292813	0.988362149428864	0.913660162673897	0.16	0.04	0.819203916946233	0.930663700407861	0.872391727719559
wdLC_k1_0.16_k2_0.04	160	0.868610101957108	0.856993437243642	0.874375952185632	0.882049103480605	0.990589476151412	0.983631196531114	0.896115082620415	0.16	0.04	0.819203916946233	0.930663700407861	0.872391727719559
wdLC_k1_0.16_k2_0.04	170	0.86658361881034	0.85619042384939	0.872912353979275	0.885428154444587	0.989379644726156	0.980022105385287	0.891151128779136	0.16	0.04	0.819203916946233	0.930663700407861	0.872391727719559
wdLC_k1_0.16_k2_0.04	180	0.861590378303857	0.846882105414776	0.869277858370114	0.88165889893721	0.986911118655926	0.976303795384631	0.870666790127267	0.16	0.04	0.819203916946233	0.930663700407861	0.872391727719559
wdLC_k1_0.16_k2_0.04	190	0.857320438968276	0.84209389092277	0.86862094153359	0.88130710720956	0.98494840941796	0.976225030289511	0.870351270847275	0.16	0.04	0.819203916946233	0.930663700407861	0.872391727719559
wdLC_k1_0.16_k2_0.04	200	0.851031275781895	0.836179404485112	0.860220505512638	0.87587189679742	0.983787594689867	0.97233480837021	0.874823370584265	0.16	0.04	0.819203916946233	0.930663700407861	0.872391727719559
wdLC_k1_0.16_k2_0.04	210	0.847440661109905	0.829928116283816	0.855725915391668	0.871967294366895	0.982111677297509	0.963563799632645	0.874104045119261	0.16	0.04	0.819203916946233	0.930663700407861	0.872391727719559
wdLC_k1_0.16_k2_0.04	220	0.83559277145095	0.818315930644698	0.843578661467461	0.862122245200408	0.979747891109696	0.961852329781419	0.876276181513893	0.16	0.04	0.819203916946233	0.930663700407861	0.872391727719559
wdLC_k1_0.16_k2_0.04	230	0.817154100882979	0.80128168774457	0.824865925796247	0.842526488131197	0.980063073436911	0.96251593479617	0.880477069920776	0.16	0.04	0.819203916946233	0.930663700407861	0.872391727719559
wdLC_k1_0.16_k2_0.04	240	0.80788294935676	0.787156027014358	0.815607909859546	0.836670775534297	0.981496206531363	0.958005347315057	0.891058872549871	0.16	0.04	0.819203916946233	0.930663700407861	0.872391727719559
wdLC_k1_0.16_k2_0.04	240	0.80788294935676	0.787156027014358	0.815607909859546	0.836670775534297	0.981496206531363	0.958005347315057	0.891058872549871	0.16	0.04	0.819203916946233	0.930663700407861	0.872391727719559
wdLC_k1_0.16_k2_0.04	250	0.805179858877742	0.783410550568809	0.813465175442807	0.831128690059041	0.98263293812701	0.961308308932943	0.891058872549871	0.16	0.04	0.819203916946233	0.930663700407861	0.872391727719559
wdLC_k1_0.16_k2_0.04	260	0.789856245028659	0.764796247554868	0.797617852790267	0.821017379638069	0.983319507457438	0.963754356857805	0.891058872549871	0.16	0.04	0.819203916946233	0.930663700407861	0.872391727719559
wdLC_k1_0.16_k2_0.04	270	0.77529580500266	0.753195821921044	0.791205183427299	0.81288754151482	0.98262862926027	0.963319722416555	0.891058872549871	0.16	0.04	0.819203916946233	0.930663700407861	0.872391727719559
wdLC_k1_0.16_k2_0.04	280	0.766564442330715	0.739209319360852	0.781799694966955	0.801261131246208	0.983442937501025	0.962576599920188	0.891058872549871	0.16	0.04	0.819203916946233	0.930663700407861	0.872391727719559
wdLC_k1_0.16_k2_0.04	290	0.776152982261054	0.751798434603552	0.793031611758063	0.8129204865694	0.983626194251356	0.965344784533499	0.891058872549871	0.16	0.04	0.819203916946233	0.930663700407861	0.872391727719559
wdLC_k1_0.16_k2_0.04	300	0.773306814520161	0.744822498027756	0.795587062078468	0.80988855431727	0.984821164679608	0.967499638884876	0.891058872549871	0.16	0.04	0.819203916946233	0.930663700407861	0.872391727719559
wdLC_k1_0.16_k2_0.12	10	0.478787878787879	0.466666666666667	0.478787878787879	0.212121212121212	0.951515151515151	0.818181818181818	0.709090909090909	0.16	0.12	0.774594251518724	0.89321468298109	0.828619122693128
wdLC_k1_0.16_k2_0.12	20	0.881203007518797	0.833082706766917	0.822556390977444	0.404511278195489	0.965413533834587	0.921804511278195	0.793984962406015	0.16	0.12	0.774594251518724	0.89321468298109	0.828619122693128
wdLC_k1_0.16_k2_0.12	30	0.91412680756396	0.875862068965517	0.887875417130145	0.544382647385984	0.969299221357063	0.959955506117909	0.814460511679644	0.16	0.12	0.774594251518724	0.89321468298109	0.828619122693128
wdLC_k1_0.16_k2_0.12	40	0.940150093808631	0.913883677298312	0.932270168855535	0.754784240150094	0.965853658536586	0.969418386491557	0.806003752345216	0.16	0.12	0.774594251518724	0.89321468298109	0.828619122693128
wdLC_k1_0.16_k2_0.12	50	0.896470588235294	0.860840336134454	0.904441776710684	0.801008403361345	0.97358943577431	0.97234093637455	0.794093637454982	0.16	0.12	0.774594251518724	0.89321468298109	0.828619122693128
wdLC_k1_0.16_k2_0.12	60	0.881133648235621	0.846957488191164	0.890636287857739	0.804612392331203	0.978994165045846	0.978160600166713	0.822506251736594	0.16	0.12	0.774594251518724	0.89321468298109	0.828619122693128
wdLC_k1_0.16_k2_0.12	70	0.88942349750678	0.872487096491996	0.901495932114426	0.840888811127635	0.981104015396728	0.981978829498732	0.860939550345552	0.16	0.12	0.774594251518724	0.89321468298109	0.828619122693128
wdLC_k1_0.16_k2_0.12	80	0.889990623534927	0.871565869667136	0.910993905297703	0.8514064697609	0.982536333802157	0.982395686826067	0.876746366619784	0.16	0.12	0.774594251518724	0.89321468298109	0.828619122693128
wdLC_k1_0.16_k2_0.12	90	0.888512985142199	0.87616578178376	0.906523439107709	0.860048565666543	0.981182862081738	0.983059636992221	0.882734493970449	0.16	0.12	0.774594251518724	0.89321468298109	0.828619122693128
wdLC_k1_0.16_k2_0.12	100	0.897953795379538	0.891185118511851	0.911899189918992	0.879003900390039	0.982430243024302	0.986594659465947	0.892217221722172	0.16	0.12	0.774594251518724	0.89321468298109	0.828619122693128
wdLC_k1_0.16_k2_0.12	110	0.904659288145526	0.899700200617632	0.915956991186349	0.892703378941911	0.982778441494038	0.986691612379686	0.911322498478462	0.16	0.12	0.774594251518724	0.89321468298109	0.828619122693128
wdLC_k1_0.16_k2_0.12	120	0.908965900409751	0.904104451698034	0.918154038474894	0.90373637058129	0.985311479963886	0.987297729008959	0.917904021112577	0.16	0.12	0.774594251518724	0.89321468298109	0.828619122693128
wdLC_k1_0.16_k2_0.12	130	0.911767196056207	0.906304879214519	0.919518223654563	0.909991943082658	0.987360198828333	0.989572437149217	0.915803848202215	0.16	0.12	0.774594251518724	0.89321468298109	0.828619122693128
wdLC_k1_0.16_k2_0.12	140	0.904528656709891	0.898344667730861	0.911823489536638	0.906273643699023	0.986836063064442	0.988786599899412	0.912300190242943	0.16	0.12	0.774594251518724	0.89321468298109	0.828619122693128
wdLC_k1_0.16_k2_0.12	150	0.904763767278546	0.898320814258412	0.911068047468776	0.911921418729721	0.986346059824881	0.988095470909818	0.913329481310281	0.16	0.12	0.774594251518724	0.89321468298109	0.828619122693128
wdLC_k1_0.16_k2_0.12	160	0.901737372553615	0.894237079573421	0.908039376538146	0.912817883511075	0.984375366225243	0.98691843431384	0.910682057892886	0.16	0.12	0.774594251518724	0.89321468298109	0.828619122693128
wdLC_k1_0.16_k2_0.12	170	0.897054854330396	0.883908867190601	0.901422194539604	0.911595556939687	0.98266986645172	0.984037713497109	0.895694335037036	0.16	0.12	0.774594251518724	0.89321468298109	0.828619122693128
wdLC_k1_0.16_k2_0.12	180	0.88938959021369	0.875243063057502	0.894990586129202	0.907525952447092	0.979198946469541	0.978120723890655	0.887023262034836	0.16	0.12	0.774594251518724	0.89321468298109	0.828619122693128
wdLC_k1_0.16_k2_0.12	190	0.881139148044632	0.866710406032533	0.887572333976302	0.903082313112625	0.977341258906429	0.972494937168401	0.880687757788888	0.16	0.12	0.774594251518724	0.89321468298109	0.828619122693128
wdLC_k1_0.16_k2_0.12	200	0.877217430435761	0.860157503937599	0.882560564014101	0.90135903397585	0.972942323558089	0.967774694367359	0.884875121878047	0.16	0.12	0.774594251518724	0.89321468298109	0.828619122693128
wdLC_k1_0.16_k2_0.12	210	0.871328471977013	0.85459339861934	0.876542713958529	0.896772521566735	0.970037545392996	0.964257045025316	0.88353995717428	0.16	0.12	0.774594251518724	0.89321468298109	0.828619122693128
wdLC_k1_0.16_k2_0.12	220	0.867564506404152	0.851724584843038	0.872428618923381	0.890045812366522	0.969983602215673	0.964159289542045	0.885671942883869	0.16	0.12	0.774594251518724	0.89321468298109	0.828619122693128
wdLC_k1_0.16_k2_0.12	230	0.857604935410138	0.842243422042169	0.863591733878425	0.881974262684344	0.971184463912772	0.963808964910161	0.88815930604425	0.16	0.12	0.774594251518724	0.89321468298109	0.828619122693128
wdLC_k1_0.16_k2_0.12	240	0.841657841281967	0.821904026111564	0.849872393617945	0.869661799684022	0.971486484140349	0.955968853625931	0.898608482786159	0.16	0.12	0.774594251518724	0.89321468298109	0.828619122693128
wdLC_k1_0.16_k2_0.12	240	0.841657841281967	0.821904026111564	0.849872393617945	0.869661799684022	0.971486484140349	0.955968853625931	0.898608482786159	0.16	0.12	0.774594251518724	0.89321468298109	0.828619122693128
wdLC_k1_0.16_k2_0.12	250	0.836872653962463	0.809933854941679	0.844628042048673	0.864643978303653	0.973367637882206	0.958307684922959	0.898608482786159	0.16	0.12	0.774594251518724	0.89321468298109	0.828619122693128
wdLC_k1_0.16_k2_0.12	260	0.828098959133442	0.800328407224959	0.835352593973284	0.857777140535761	0.97478569892363	0.960485988072195	0.898608482786159	0.16	0.12	0.774594251518724	0.89321468298109	0.828619122693128
wdLC_k1_0.16_k2_0.12	270	0.810809780960263	0.783787919663583	0.822556322217497	0.843453423381817	0.976348402889233	0.960146382132966	0.898608482786159	0.16	0.12	0.774594251518724	0.89321468298109	0.828619122693128
wdLC_k1_0.16_k2_0.12	280	0.79444981987744	0.77155430189525	0.80904220717101	0.828161984573418	0.977166800596946	0.961318201944996	0.898608482786159	0.16	0.12	0.774594251518724	0.89321468298109	0.828619122693128
wdLC_k1_0.16_k2_0.12	290	0.786602243415088	0.763005423411078	0.804887589380496	0.821408512381344	0.977558960683037	0.9632846509717	0.898608482786159	0.16	0.12	0.774594251518724	0.89321468298109	0.828619122693128
wdLC_k1_0.16_k2_0.12	300	0.789462994033267	0.766549850553895	0.805188502094468	0.822491805464505	0.978491761019567	0.965491172124135	0.898608482786159	0.16	0.12	0.774594251518724	0.89321468298109	0.828619122693128
wdLC_k1_0.16_k2_0.2	10	0.648484848484848	0.563636363636364	0.551515151515151	-0.127272727272727	0.903030303030303	0.890909090909091	0.76969696969697	0.16	0.2	0.733792728261855	0.85669262143122	0.787072243346008
wdLC_k1_0.16_k2_0.2	20	0.866165413533835	0.834586466165414	0.819548872180451	0.427067669172932	0.97593984962406	0.944360902255639	0.780451127819549	0.16	0.2	0.733792728261855	0.85669262143122	0.787072243346008
wdLC_k1_0.16_k2_0.2	30	0.916351501668521	0.883870967741936	0.88698553948832	0.547942157953281	0.986206896551724	0.973748609566185	0.851835372636263	0.16	0.2	0.733792728261855	0.85669262143122	0.787072243346008
wdLC_k1_0.16_k2_0.2	40	0.945590994371482	0.928330206378987	0.940337711069419	0.772795497185741	0.968667917448406	0.982176360225141	0.84859287054409	0.16	0.2	0.733792728261855	0.85669262143122	0.787072243346008
wdLC_k1_0.16_k2_0.2	50	0.919135654261705	0.892629051620648	0.925666266506603	0.832605042016807	0.967827130852341	0.970420168067227	0.798223289315726	0.16	0.2	0.733792728261855	0.85669262143122	0.787072243346008
wdLC_k1_0.16_k2_0.2	60	0.914920811336482	0.888191164212281	0.918199499861073	0.848457904973604	0.973881633787163	0.980161155876633	0.826562934148375	0.16	0.2	0.733792728261855	0.85669262143122	0.787072243346008
wdLC_k1_0.16_k2_0.2	70	0.900866065960983	0.884734493920042	0.908354474674132	0.851281602659435	0.981838859242411	0.985093167701863	0.853871052401365	0.16	0.2	0.733792728261855	0.85669262143122	0.787072243346008
wdLC_k1_0.16_k2_0.2	80	0.901383028598218	0.892733239568683	0.921284575714956	0.870417252695734	0.983895921237693	0.989310829817159	0.877613689639006	0.16	0.2	0.733792728261855	0.85669262143122	0.787072243346008
wdLC_k1_0.16_k2_0.2	90	0.896497509980656	0.885730748652097	0.911412931637651	0.871737251512533	0.987060130880356	0.990830143639132	0.896563361731901	0.16	0.2	0.733792728261855	0.85669262143122	0.787072243346008
wdLC_k1_0.16_k2_0.2	100	0.894005400540054	0.891617161716172	0.907746774677468	0.878799879987999	0.988286828682868	0.992163216321632	0.908286828682868	0.16	0.2	0.733792728261855	0.85669262143122	0.787072243346008
wdLC_k1_0.16_k2_0.2	110	0.899051010977616	0.895967360187544	0.911412663706242	0.893018957239141	0.989955593625318	0.993490070554291	0.924531704348218	0.16	0.2	0.733792728261855	0.85669262143122	0.787072243346008
wdLC_k1_0.16_k2_0.2	120	0.904882283491909	0.901847350510452	0.915396902562678	0.902347385235086	0.990909090909091	0.993700951454962	0.929168692270296	0.16	0.2	0.733792728261855	0.85669262143122	0.787072243346008
wdLC_k1_0.16_k2_0.2	130	0.908069207554384	0.903830449685234	0.916901773887394	0.910259596607901	0.991407775608024	0.993346898086823	0.935528274317552	0.16	0.2	0.733792728261855	0.85669262143122	0.787072243346008
wdLC_k1_0.16_k2_0.2	140	0.910835100916228	0.904944129802541	0.918611007850255	0.914994205243708	0.991629310533336	0.993444271938073	0.924130239881044	0.16	0.2	0.733792728261855	0.85669262143122	0.787072243346008
wdLC_k1_0.16_k2_0.2	150	0.915274456642518	0.907163873949953	0.921621405395796	0.921891639628428	0.988707053646829	0.991757855904707	0.923015245122006	0.16	0.2	0.733792728261855	0.85669262143122	0.787072243346008
wdLC_k1_0.16_k2_0.2	160	0.906633071604359	0.899229462088363	0.911578577288175	0.917517285831478	0.989408765967421	0.990941052384859	0.919204851752021	0.16	0.2	0.733792728261855	0.85669262143122	0.787072243346008
wdLC_k1_0.16_k2_0.2	170	0.900606371480389	0.894155507110973	0.906595587471987	0.915330267890401	0.988654197275298	0.98948223325456	0.910904305664963	0.16	0.2	0.733792728261855	0.85669262143122	0.787072243346008
wdLC_k1_0.16_k2_0.2	180	0.895684023169439	0.886903916787555	0.90109777050732	0.911163924812494	0.987287673487865	0.985695031739663	0.898815807072235	0.16	0.2	0.733792728261855	0.85669262143122	0.787072243346008
wdLC_k1_0.16_k2_0.2	190	0.888245920210649	0.875383047496578	0.893800819675717	0.906392508321415	0.987194863248873	0.983905662935699	0.897588648759771	0.16	0.2	0.733792728261855	0.85669262143122	0.787072243346008
wdLC_k1_0.16_k2_0.2	200	0.867690692267307	0.853005325133129	0.875834395859897	0.885985149628741	0.986690167254181	0.983645091127278	0.896494412360309	0.16	0.2	0.733792728261855	0.85669262143122	0.787072243346008
wdLC_k1_0.16_k2_0.2	210	0.864130381965254	0.848228498864568	0.873493730016554	0.882661414414969	0.985690637623788	0.985597341047578	0.897867460551422	0.16	0.2	0.733792728261855	0.85669262143122	0.787072243346008
wdLC_k1_0.16_k2_0.2	220	0.854483469793704	0.83845646698185	0.864052788468582	0.870875619143145	0.98503124594986	0.984154443461454	0.897335219172447	0.16	0.2	0.733792728261855	0.85669262143122	0.787072243346008
wdLC_k1_0.16_k2_0.2	230	0.847837675899191	0.82995618393378	0.857771618925976	0.866661077673039	0.984745006275289	0.982650119957885	0.897011285657574	0.16	0.2	0.733792728261855	0.85669262143122	0.787072243346008
wdLC_k1_0.16_k2_0.2	240	0.83285647320266	0.813095713467247	0.843248146669213	0.851200541676071	0.985550964426466	0.982917238146495	0.907603430615115	0.16	0.2	0.733792728261855	0.85669262143122	0.787072243346008
wdLC_k1_0.16_k2_0.2	240	0.83285647320266	0.813095713467247	0.843248146669213	0.851200541676071	0.985550964426466	0.982917238146495	0.907603430615115	0.16	0.2	0.733792728261855	0.85669262143122	0.787072243346008
wdLC_k1_0.16_k2_0.2	250	0.830323045168723	0.808847885566169	0.841924638794221	0.847555704891278	0.985433110929775	0.984032256516104	0.907603430615115	0.16	0.2	0.733792728261855	0.85669262143122	0.787072243346008
wdLC_k1_0.16_k2_0.2	260	0.826037026037026	0.803613162233852	0.839713377644412	0.842598035701484	0.986606310744241	0.984009777113225	0.907603430615115	0.16	0.2	0.733792728261855	0.85669262143122	0.787072243346008
wdLC_k1_0.16_k2_0.2	270	0.811184728947661	0.789379217212246	0.826911205915033	0.829411468835878	0.985426411884936	0.982548152619072	0.907603430615115	0.16	0.2	0.733792728261855	0.85669262143122	0.787072243346008
wdLC_k1_0.16_k2_0.2	280	0.808306957268041	0.783039506699247	0.822844679141316	0.827467187081468	0.985832363022123	0.983652306060755	0.907603430615115	0.16	0.2	0.733792728261855	0.85669262143122	0.787072243346008
wdLC_k1_0.16_k2_0.2	290	0.799515595535803	0.77467098505825	0.820057887440541	0.824018736538341	0.986516876046335	0.984895634086428	0.907603430615115	0.16	0.2	0.733792728261855	0.85669262143122	0.787072243346008
wdLC_k1_0.16_k2_0.2	300	0.794640829342548	0.766595184390938	0.814121045789398	0.815776619740219	0.98421049122768	0.985530950343893	0.907603430615115	0.16	0.2	0.733792728261855	0.85669262143122	0.787072243346008
wdLC_k1_0.16_k2_0.28	10	0.648484848484848	0.684848484848485	0.648484848484848	0.490909090909091	0.83030303030303	0.866666666666667	0.660606060606061	0.16	0.28	0.685828270922114	0.809974045235447	0.73606602986182
wdLC_k1_0.16_k2_0.28	20	0.878195488721805	0.852631578947369	0.840601503759399	0.473684210526316	0.947368421052632	0.926315789473684	0.762406015037594	0.16	0.28	0.685828270922114	0.809974045235447	0.73606602986182
wdLC_k1_0.16_k2_0.28	30	0.92035595105673	0.893659621802002	0.898553948832036	0.575083426028921	0.981757508342603	0.975528364849833	0.830033370411569	0.16	0.28	0.685828270922114	0.809974045235447	0.73606602986182
wdLC_k1_0.16_k2_0.28	40	0.939024390243903	0.925515947467167	0.940900562851782	0.781988742964353	0.964165103189494	0.972420262664165	0.801125703564728	0.16	0.28	0.685828270922114	0.809974045235447	0.73606602986182
wdLC_k1_0.16_k2_0.28	50	0.916062424969988	0.889171668667467	0.928355342136855	0.838655462184874	0.976662665066026	0.973493397358944	0.798703481392557	0.16	0.28	0.685828270922114	0.809974045235447	0.73606602986182
wdLC_k1_0.16_k2_0.28	60	0.925368157821617	0.903639899972215	0.936037788274521	0.870630730758544	0.963934426229508	0.968880244512365	0.821839399833287	0.16	0.28	0.685828270922114	0.809974045235447	0.73606602986182
wdLC_k1_0.16_k2_0.28	70	0.896317032630566	0.880745341614907	0.908984340827574	0.855760650861692	0.97631003411775	0.978724521039279	0.850371795993351	0.16	0.28	0.685828270922114	0.809974045235447	0.73606602986182
wdLC_k1_0.16_k2_0.28	80	0.908556024378809	0.895757149554618	0.925574308485701	0.883098921706517	0.980496952648851	0.98483356774496	0.874660103141116	0.16	0.28	0.685828270922114	0.809974045235447	0.73606602986182
wdLC_k1_0.16_k2_0.28	90	0.884150306622217	0.878849240646994	0.904383257192246	0.863917356052188	0.984656541959913	0.987833888957484	0.895657900152282	0.16	0.28	0.685828270922114	0.809974045235447	0.73606602986182
wdLC_k1_0.16_k2_0.28	100	0.898661866186619	0.896765676567657	0.915019501950195	0.887644764476448	0.985226522652265	0.989462946294629	0.903870387038704	0.16	0.28	0.685828270922114	0.809974045235447	0.73606602986182
wdLC_k1_0.16_k2_0.28	110	0.903856817618285	0.900123977188197	0.918445551473074	0.900421522439871	0.98662849672024	0.991407253792575	0.918986542839754	0.16	0.28	0.685828270922114	0.809974045235447	0.73606602986182
wdLC_k1_0.16_k2_0.28	120	0.908681158413778	0.905548996458087	0.921209806236544	0.908993680116675	0.988742273769012	0.992381415376068	0.929439544412806	0.16	0.28	0.685828270922114	0.809974045235447	0.73606602986182
wdLC_k1_0.16_k2_0.28	130	0.914793319586503	0.910745742806811	0.924843982575209	0.919485449753513	0.989495964713433	0.992762430184763	0.930404621120048	0.16	0.28	0.685828270922114	0.809974045235447	0.73606602986182
wdLC_k1_0.16_k2_0.28	140	0.915623974984146	0.910668911679167	0.923404255319149	0.924213334499574	0.989617546084713	0.992245960070849	0.919901161137959	0.16	0.28	0.685828270922114	0.809974045235447	0.73606602986182
wdLC_k1_0.16_k2_0.28	150	0.919676430063559	0.911587181652518	0.926759411529402	0.928459042624117	0.988397706564736	0.990616471843193	0.91931019156407	0.16	0.28	0.685828270922114	0.809974045235447	0.73606602986182
wdLC_k1_0.16_k2_0.28	160	0.911367631548107	0.903852689558186	0.916650064455643	0.921126801828196	0.987387202625102	0.98842435251377	0.911742646197117	0.16	0.28	0.685828270922114	0.809974045235447	0.73606602986182
wdLC_k1_0.16_k2_0.28	170	0.898056313774342	0.88988587026215	0.903881876637295	0.910310757750625	0.984494476706908	0.986827144436099	0.903840352709131	0.16	0.28	0.685828270922114	0.809974045235447	0.73606602986182
wdLC_k1_0.16_k2_0.28	180	0.897371318044796	0.884743356276428	0.901295307468337	0.91320514007634	0.979935594720002	0.984059178781238	0.890733253083943	0.16	0.28	0.685828270922114	0.809974045235447	0.73606602986182
wdLC_k1_0.16_k2_0.28	190	0.893480647517573	0.87870898887708	0.896829333368325	0.911802193091805	0.980684696033277	0.983279315216488	0.889085716035289	0.16	0.28	0.685828270922114	0.809974045235447	0.73606602986182
wdLC_k1_0.16_k2_0.28	200	0.883520588014701	0.864593114827871	0.88785569639241	0.901701042526063	0.981119027975699	0.980811520288007	0.890675766894172	0.16	0.28	0.685828270922114	0.809974045235447	0.73606602986182
wdLC_k1_0.16_k2_0.28	210	0.864311791974551	0.8483269785839	0.874115707191287	0.884663403446142	0.980787384229639	0.981711279491275	0.896168685392931	0.16	0.28	0.685828270922114	0.809974045235447	0.73606602986182
wdLC_k1_0.16_k2_0.28	220	0.861394206116205	0.844591830409719	0.871957534810073	0.882342798217093	0.97880572288308	0.983066892817094	0.892712283687304	0.16	0.28	0.685828270922114	0.809974045235447	0.73606602986182
wdLC_k1_0.16_k2_0.28	230	0.85109145648352	0.835629341230253	0.861980131127653	0.87082027522506	0.976768854839863	0.981013859882286	0.89969005742691	0.16	0.28	0.685828270922114	0.809974045235447	0.73606602986182
wdLC_k1_0.16_k2_0.28	240	0.840643066719908	0.82025816420424	0.850351568603622	0.864242434764492	0.97702998315943	0.981507491449504	0.904449730030035	0.16	0.28	0.685828270922114	0.809974045235447	0.73606602986182
wdLC_k1_0.16_k2_0.28	240	0.840643066719908	0.82025816420424	0.850351568603622	0.864242434764492	0.97702998315943	0.981507491449504	0.904449730030035	0.16	0.28	0.685828270922114	0.809974045235447	0.73606602986182
wdLC_k1_0.16_k2_0.28	250	0.82676407622522	0.801466519464311	0.837132242115874	0.847528824461191	0.978068641098258	0.980271300340805	0.904449730030035	0.16	0.28	0.685828270922114	0.809974045235447	0.73606602986182
wdLC_k1_0.16_k2_0.28	260	0.823284823284823	0.794774160291401	0.837449347794175	0.841229786057372	0.978568868224041	0.980077083525359	0.904449730030035	0.16	0.28	0.685828270922114	0.809974045235447	0.73606602986182
wdLC_k1_0.16_k2_0.28	270	0.829696185437691	0.800639850264674	0.843893606222308	0.843354046923369	0.977015993208259	0.980194820535566	0.904449730030035	0.16	0.28	0.685828270922114	0.809974045235447	0.73606602986182
wdLC_k1_0.16_k2_0.28	280	0.811388993664278	0.782474812907599	0.826449316955574	0.831654558276071	0.97757132470713	0.98139681081938	0.904449730030035	0.16	0.28	0.685828270922114	0.809974045235447	0.73606602986182
wdLC_k1_0.16_k2_0.28	290	0.805647777188707	0.778628881970387	0.822189857520139	0.8267037493988	0.975709416365195	0.982049727107338	0.904449730030035	0.16	0.28	0.685828270922114	0.809974045235447	0.73606602986182
wdLC_k1_0.16_k2_0.28	300	0.811345903843376	0.784901165568506	0.829116767964089	0.832157246191624	0.976660629562551	0.983207813420149	0.904449730030035	0.16	0.28	0.685828270922114	0.809974045235447	0.73606602986182
wdLC_k1_0.16_k2_0.36	10	0.696969696969697	0.672727272727273	0.6	-0.212121212121212	0.806060606060606	0.939393939393939	0.806060606060606	0.16	0.36	0.631879590171366	0.754356692621431	0.68125753500881
wdLC_k1_0.16_k2_0.36	20	0.845112781954887	0.786466165413534	0.783458646616541	0.481203007518797	0.93984962406015	0.930827067669173	0.813533834586466	0.16	0.36	0.631879590171366	0.754356692621431	0.68125753500881
wdLC_k1_0.16_k2_0.36	30	0.923470522803115	0.880311457174638	0.90567296996663	0.622691879866518	0.979977753058954	0.973748609566185	0.865183537263626	0.16	0.36	0.631879590171366	0.754356692621431	0.68125753500881
wdLC_k1_0.16_k2_0.36	40	0.933583489681051	0.914446529080676	0.933958724202627	0.776547842401501	0.947279549718574	0.964727954971858	0.817636022514072	0.16	0.36	0.631879590171366	0.754356692621431	0.68125753500881
wdLC_k1_0.16_k2_0.36	50	0.920576230492197	0.903193277310924	0.929891956782713	0.848547418967587	0.942953181272509	0.962641056422569	0.803793517406963	0.16	0.36	0.631879590171366	0.754356692621431	0.68125753500881
wdLC_k1_0.16_k2_0.36	60	0.922700750208391	0.905418171714365	0.932036676854682	0.871742150597388	0.942372881355932	0.959322033898305	0.852403445401501	0.16	0.36	0.631879590171366	0.754356692621431	0.68125753500881
wdLC_k1_0.16_k2_0.36	70	0.906359898521564	0.88413962033068	0.91591286851544	0.874656635464964	0.954124748490946	0.959303647974805	0.87903070597498	0.16	0.36	0.631879590171366	0.754356692621431	0.68125753500881
wdLC_k1_0.16_k2_0.36	80	0.910337552742616	0.89606188466948	0.929395218002813	0.891678387248008	0.965986872948898	0.970698546647914	0.890201593999062	0.16	0.36	0.631879590171366	0.754356692621431	0.68125753500881
wdLC_k1_0.16_k2_0.36	90	0.898637691896119	0.888694077458123	0.913536650615302	0.880446145614685	0.971008766514385	0.976803720623945	0.895279252582624	0.16	0.36	0.631879590171366	0.754356692621431	0.68125753500881
wdLC_k1_0.16_k2_0.36	100	0.913963396339634	0.908022802280228	0.926540654065407	0.904050405040504	0.97032103210321	0.977653765376538	0.904254425442544	0.16	0.36	0.631879590171366	0.754356692621431	0.68125753500881
wdLC_k1_0.16_k2_0.36	110	0.915136487613552	0.909852805265649	0.926019430606587	0.913621711786849	0.974988165813854	0.981966954444018	0.919752947275883	0.16	0.36	0.631879590171366	0.754356692621431	0.68125753500881
wdLC_k1_0.16_k2_0.36	120	0.916695603861379	0.912445308701993	0.927710257656782	0.919966664351691	0.9791582748802	0.985214250989652	0.930967428293631	0.16	0.36	0.631879590171366	0.754356692621431	0.68125753500881
wdLC_k1_0.16_k2_0.36	130	0.916956397055811	0.912007537997242	0.925341053407803	0.923117890453236	0.982908410602357	0.98734927419465	0.928378101571782	0.16	0.36	0.631879590171366	0.754356692621431	0.68125753500881
wdLC_k1_0.16_k2_0.36	140	0.925315431545341	0.919284511600446	0.931460059915594	0.932229778487241	0.981294964028777	0.987247162756118	0.919004613938029	0.16	0.36	0.631879590171366	0.754356692621431	0.68125753500881
wdLC_k1_0.16_k2_0.36	150	0.931413840615139	0.922321880972488	0.937636339392862	0.940160896039824	0.981232943686386	0.986267834125961	0.918058580381351	0.16	0.36	0.631879590171366	0.754356692621431	0.68125753500881
wdLC_k1_0.16_k2_0.36	160	0.925583030587132	0.915692019219501	0.931445564279855	0.938960506269776	0.979051916090472	0.981644790812141	0.920690261338333	0.16	0.36	0.631879590171366	0.754356692621431	0.68125753500881
wdLC_k1_0.16_k2_0.36	170	0.913246743730192	0.904372836023229	0.919514414298887	0.928090326756676	0.976294722186601	0.978558997563523	0.912560377623488	0.16	0.36	0.631879590171366	0.754356692621431	0.68125753500881
wdLC_k1_0.16_k2_0.36	180	0.903614309083614	0.890640657633466	0.909820261942241	0.918316408942663	0.974330483451135	0.977519882300894	0.900484582857496	0.16	0.36	0.631879590171366	0.754356692621431	0.68125753500881
wdLC_k1_0.16_k2_0.36	190	0.882540557327	0.869296277342571	0.889853779299908	0.901339736776496	0.971712877306705	0.973681148770705	0.898575408853723	0.16	0.36	0.631879590171366	0.754356692621431	0.68125753500881
wdLC_k1_0.16_k2_0.36	200	0.879012975324383	0.864731118277957	0.881410035250882	0.899428485712143	0.969502737568439	0.972595814895372	0.89516687917198	0.16	0.36	0.631879590171366	0.754356692621431	0.68125753500881
wdLC_k1_0.16_k2_0.36	210	0.870309984353387	0.854535088259209	0.875491831690385	0.891064585202774	0.964421609819465	0.970019404392066	0.89855422701519	0.16	0.36	0.631879590171366	0.754356692621431	0.68125753500881
wdLC_k1_0.16_k2_0.36	220	0.856443314944524	0.843696995993531	0.866093777294422	0.878487346658177	0.964962837323837	0.973005077114666	0.896483210584742	0.16	0.36	0.631879590171366	0.754356692621431	0.68125753500881
wdLC_k1_0.16_k2_0.36	230	0.848186823618758	0.836839522732821	0.857378088021718	0.871190135097483	0.963566336833851	0.975227278891604	0.895232999390964	0.16	0.36	0.631879590171366	0.754356692621431	0.68125753500881
wdLC_k1_0.16_k2_0.36	240	0.84204586885189	0.834954599906248	0.859029670654004	0.869175680133336	0.964346603239639	0.977323391031094	0.901646729977951	0.16	0.36	0.631879590171366	0.754356692621431	0.68125753500881
wdLC_k1_0.16_k2_0.36	240	0.84204586885189	0.834954599906248	0.859029670654004	0.869175680133336	0.964346603239639	0.977323391031094	0.901646729977951	0.16	0.36	0.631879590171366	0.754356692621431	0.68125753500881
wdLC_k1_0.16_k2_0.36	250	0.838308836941391	0.824062977007632	0.85595315125042	0.861303124849998	0.964199875198003	0.974919022704363	0.901646729977951	0.16	0.36	0.631879590171366	0.754356692621431	0.68125753500881
wdLC_k1_0.16_k2_0.36	260	0.829776498742016	0.811544777062018	0.844852506921472	0.8483420897214	0.96447398516364	0.97346933898658	0.901646729977951	0.16	0.36	0.631879590171366	0.754356692621431	0.68125753500881
wdLC_k1_0.16_k2_0.36	270	0.832816484298672	0.813313092238729	0.851131016886377	0.849077033521265	0.964378721854133	0.974247474816755	0.901646729977951	0.16	0.36	0.631879590171366	0.754356692621431	0.68125753500881
wdLC_k1_0.16_k2_0.36	280	0.823769071398506	0.797777850665005	0.8417375950495	0.841758367909212	0.964523782191099	0.974042125172879	0.901646729977951	0.16	0.36	0.631879590171366	0.754356692621431	0.68125753500881
wdLC_k1_0.16_k2_0.36	290	0.815389989876463	0.791597341556811	0.831410025376496	0.834529993591297	0.962850187648301	0.973891854058702	0.901646729977951	0.16	0.36	0.631879590171366	0.754356692621431	0.68125753500881
wdLC_k1_0.16_k2_0.36	300	0.815084167601862	0.794066156290626	0.831238569317437	0.834216824631385	0.962923588039867	0.974441493794376	0.901646729977951	0.16	0.36	0.631879590171366	0.754356692621431	0.68125753500881
wdLC_k1_0.16_k2_0.44	10	0.709090909090909	0.515151515151515	0.539393939393939	-0.36969696969697	0.890909090909091	0.915151515151515	0.818181818181818	0.16	0.44	0.576661528697071	0.695031516499815	0.622183065937123
wdLC_k1_0.16_k2_0.44	20	0.857142857142857	0.83609022556391	0.780451127819549	0.464661654135338	0.932330827067669	0.944360902255639	0.803007518796992	0.16	0.44	0.576661528697071	0.695031516499815	0.622183065937123
wdLC_k1_0.16_k2_0.44	30	0.919021134593993	0.910122358175751	0.906117908787542	0.613348164627364	0.959955506117909	0.975528364849833	0.860289210233593	0.16	0.44	0.576661528697071	0.695031516499815	0.622183065937123
wdLC_k1_0.16_k2_0.44	40	0.928142589118199	0.927016885553471	0.925703564727955	0.765290806754222	0.937523452157599	0.966228893058162	0.793433395872421	0.16	0.44	0.576661528697071	0.695031516499815	0.622183065937123
wdLC_k1_0.16_k2_0.44	50	0.905594237695078	0.892244897959184	0.912989195678271	0.825210084033614	0.942857142857143	0.962160864345738	0.836158463385354	0.16	0.44	0.576661528697071	0.695031516499815	0.622183065937123
wdLC_k1_0.16_k2_0.44	60	0.904251180883579	0.893025840511253	0.915698805223673	0.843289802722979	0.960655737704918	0.973937204779105	0.850236176715755	0.16	0.44	0.576661528697071	0.695031516499815	0.622183065937123
wdLC_k1_0.16_k2_0.44	70	0.900936051089143	0.89470737468288	0.914163240311434	0.858665033680343	0.964132621817864	0.97617006386143	0.873011984953197	0.16	0.44	0.576661528697071	0.695031516499815	0.622183065937123
wdLC_k1_0.16_k2_0.44	80	0.921378340365682	0.912986404125645	0.932630098452883	0.895428973277075	0.941139240506329	0.95407876230661	0.870018752930145	0.16	0.44	0.576661528697071	0.695031516499815	0.622183065937123
wdLC_k1_0.16_k2_0.44	90	0.904185701938511	0.901321150759353	0.92033584393135	0.883755196114747	0.953837922377248	0.965444293534181	0.884364324813763	0.16	0.44	0.576661528697071	0.695031516499815	0.622183065937123
wdLC_k1_0.16_k2_0.44	100	0.914995499549955	0.915271527152715	0.926768676867687	0.902142214221422	0.961884188418842	0.973081308130813	0.887740774077408	0.16	0.44	0.576661528697071	0.695031516499815	0.622183065937123
wdLC_k1_0.16_k2_0.44	110	0.918535716700854	0.918184072312513	0.928688321348872	0.912702026463494	0.960976489416856	0.970615152266528	0.905867502197777	0.16	0.44	0.576661528697071	0.695031516499815	0.622183065937123
wdLC_k1_0.16_k2_0.44	120	0.921584832280019	0.920543093270366	0.93163414125981	0.920855614973262	0.967463018265157	0.976824779498576	0.920522258490173	0.16	0.44	0.576661528697071	0.695031516499815	0.622183065937123
wdLC_k1_0.16_k2_0.44	130	0.922795613759576	0.920168239358724	0.930836144150542	0.926373431290882	0.973240109792568	0.98065247374674	0.91756817654208	0.16	0.44	0.576661528697071	0.695031516499815	0.622183065937123
wdLC_k1_0.16_k2_0.44	140	0.924694408606853	0.92235901248606	0.931062080426844	0.930126172618137	0.974288775666397	0.981539874483392	0.911114998578645	0.16	0.44	0.576661528697071	0.695031516499815	0.622183065937123
wdLC_k1_0.16_k2_0.44	150	0.92104182408107	0.912728565714032	0.927726565625139	0.928050135561581	0.976450508911507	0.980884483754834	0.912860127116761	0.16	0.44	0.576661528697071	0.695031516499815	0.622183065937123
wdLC_k1_0.16_k2_0.44	160	0.924704090003516	0.913825735380288	0.93050216805344	0.934937888198758	0.974727528419079	0.976875073245048	0.911795382632134	0.16	0.44	0.576661528697071	0.695031516499815	0.622183065937123
wdLC_k1_0.16_k2_0.44	170	0.918644854391461	0.910308315166615	0.923432319050324	0.934206557116774	0.973041200285783	0.974455456427355	0.908161283822156	0.16	0.44	0.576661528697071	0.695031516499815	0.622183065937123
wdLC_k1_0.16_k2_0.44	180	0.913174274926181	0.906713170159573	0.916878092945255	0.931376482813256	0.973272837639022	0.973497124396843	0.899184131197465	0.16	0.44	0.576661528697071	0.695031516499815	0.622183065937123
wdLC_k1_0.16_k2_0.44	190	0.893125483866735	0.88212065941468	0.896248474589616	0.910315054652338	0.96472332664121	0.969728859670993	0.894864561053594	0.16	0.44	0.576661528697071	0.695031516499815	0.622183065937123
wdLC_k1_0.16_k2_0.44	200	0.888667216680417	0.872637815945399	0.894881872046801	0.907744693617341	0.963930098252457	0.96873621840546	0.891794794869872	0.16	0.44	0.576661528697071	0.695031516499815	0.622183065937123
wdLC_k1_0.16_k2_0.44	210	0.866870968891423	0.85117900308721	0.872840653983084	0.890059055436955	0.96404064879994	0.96689396908903	0.888340843491754	0.16	0.44	0.576661528697071	0.695031516499815	0.622183065937123
wdLC_k1_0.16_k2_0.44	220	0.867114835205085	0.847413827107623	0.87545460180432	0.886925161864727	0.961860218749824	0.964002637169438	0.887835774217724	0.16	0.44	0.576661528697071	0.695031516499815	0.622183065937123
wdLC_k1_0.16_k2_0.44	230	0.854240690010578	0.836035693943421	0.864853202616635	0.878897028545785	0.960135023510759	0.964924462285389	0.895990472409686	0.16	0.44	0.576661528697071	0.695031516499815	0.622183065937123
wdLC_k1_0.16_k2_0.44	240	0.840713380440633	0.823405788294935	0.850467890067536	0.861628674108926	0.959178978801715	0.966384833070018	0.902267400475703	0.16	0.44	0.576661528697071	0.695031516499815	0.622183065937123
wdLC_k1_0.16_k2_0.44	240	0.840713380440633	0.823405788294935	0.850467890067536	0.861628674108926	0.959178978801715	0.966384833070018	0.902267400475703	0.16	0.44	0.576661528697071	0.695031516499815	0.622183065937123
wdLC_k1_0.16_k2_0.44	250	0.834779820477128	0.818637738203811	0.848014208227332	0.858530600489608	0.959142514280228	0.965397206355302	0.902267400475703	0.16	0.44	0.576661528697071	0.695031516499815	0.622183065937123
wdLC_k1_0.16_k2_0.44	260	0.82541230127437	0.809058850438161	0.84253795288278	0.848293613810855	0.959622297553332	0.965404586094241	0.902267400475703	0.16	0.44	0.576661528697071	0.695031516499815	0.622183065937123
wdLC_k1_0.16_k2_0.44	270	0.818431284684594	0.804500290356063	0.842395033615764	0.84875451728495	0.961327315875389	0.967995903007357	0.902267400475703	0.16	0.44	0.576661528697071	0.695031516499815	0.622183065937123
wdLC_k1_0.16_k2_0.44	280	0.820435027414708	0.801414741077237	0.846732921156064	0.851058049209811	0.962154036221308	0.968421973312342	0.902267400475703	0.16	0.44	0.576661528697071	0.695031516499815	0.622183065937123
wdLC_k1_0.16_k2_0.44	290	0.809959444349455	0.786005409880227	0.832627309931522	0.836997036743641	0.957292206106842	0.967801987066967	0.902267400475703	0.16	0.44	0.576661528697071	0.695031516499815	0.622183065937123
wdLC_k1_0.16_k2_0.44	300	0.805011611240125	0.782579806442294	0.821147790531006	0.822634473716375	0.956709741219347	0.968186313181258	0.902267400475703	0.16	0.44	0.576661528697071	0.695031516499815	0.622183065937123
wdLC_k1_0.16_k2_0.52	10	0.854545454545454	0.854545454545454	0.854545454545454	0.175757575757576	0.636363636363636	0.793939393939394	0.842424242424242	0.16	0.52	0.528334391150603	0.64330737856878	0.568209218213855
wdLC_k1_0.16_k2_0.52	20	0.864661654135338	0.82406015037594	0.818045112781955	0.517293233082707	0.944360902255639	0.933834586466165	0.765413533834587	0.16	0.52	0.528334391150603	0.64330737856878	0.568209218213855
wdLC_k1_0.16_k2_0.52	30	0.926140155728587	0.905228031145718	0.923915461624027	0.648498331479422	0.970189098998888	0.971078976640712	0.825583982202447	0.16	0.52	0.528334391150603	0.64330737856878	0.568209218213855
wdLC_k1_0.16_k2_0.52	40	0.940150093808631	0.925328330206379	0.943339587242027	0.785741088180113	0.959287054409006	0.968855534709193	0.769981238273921	0.16	0.52	0.528334391150603	0.64330737856878	0.568209218213855
wdLC_k1_0.16_k2_0.52	50	0.934309723889556	0.915678271308524	0.937959183673469	0.85469387755102	0.921056422569028	0.938535414165666	0.824921968787515	0.16	0.52	0.528334391150603	0.64330737856878	0.568209218213855
wdLC_k1_0.16_k2_0.52	60	0.929480411225341	0.917199222006113	0.932036676854682	0.869130313976105	0.93575993331481	0.958766323978883	0.814003889969436	0.16	0.52	0.528334391150603	0.64330737856878	0.568209218213855
wdLC_k1_0.16_k2_0.52	70	0.905730032368122	0.897016883912169	0.91570291313096	0.852331379581839	0.950835447467413	0.964762487971306	0.858070160090981	0.16	0.52	0.528334391150603	0.64330737856878	0.568209218213855
wdLC_k1_0.16_k2_0.52	80	0.901383028598218	0.896179090482888	0.92149554617909	0.861111111111111	0.958884200656353	0.970206282231599	0.873300515705579	0.16	0.52	0.528334391150603	0.64330737856878	0.568209218213855
wdLC_k1_0.16_k2_0.52	90	0.920895583816932	0.914968926204881	0.935580524344569	0.891706795077582	0.958035971519118	0.969938675556653	0.875885911840968	0.16	0.52	0.528334391150603	0.64330737856878	0.568209218213855
wdLC_k1_0.16_k2_0.52	100	0.927764776477648	0.927032703270327	0.937965796579658	0.908382838283828	0.96013201320132	0.973417341734173	0.888460846084609	0.16	0.52	0.528334391150603	0.64330737856878	0.568209218213855
wdLC_k1_0.16_k2_0.52	110	0.931348195568379	0.929490791876113	0.940247503550256	0.921547235308703	0.959146135292924	0.973617654351599	0.903604354980502	0.16	0.52	0.528334391150603	0.64330737856878	0.568209218213855
wdLC_k1_0.16_k2_0.52	120	0.929140912563372	0.926189318702687	0.936481700118063	0.923987776928953	0.964851725814292	0.978123480797277	0.919091603583582	0.16	0.52	0.528334391150603	0.64330737856878	0.568209218213855
wdLC_k1_0.16_k2_0.52	130	0.927755397451829	0.923527564216362	0.933621925739802	0.926859577489792	0.969383714102336	0.978636878832157	0.9204795914187	0.16	0.52	0.528334391150603	0.64330737856878	0.568209218213855
wdLC_k1_0.16_k2_0.52	140	0.925197349719009	0.919590649668715	0.929360827447465	0.928416172836807	0.970715707069603	0.97833417156852	0.926780520872056	0.16	0.52	0.528334391150603	0.64330737856878	0.568209218213855
wdLC_k1_0.16_k2_0.52	150	0.930329347971021	0.922424996666519	0.933831725854483	0.934037957242544	0.970601360060447	0.977200764478421	0.927260767145207	0.16	0.52	0.528334391150603	0.64330737856878	0.568209218213855
wdLC_k1_0.16_k2_0.52	160	0.926585022852455	0.916966483065745	0.93050802765733	0.932122348529239	0.969324973631782	0.977059650767608	0.919565217391304	0.16	0.52	0.528334391150603	0.64330737856878	0.568209218213855
wdLC_k1_0.16_k2_0.52	170	0.91943136644256	0.911058188457569	0.923986785620508	0.930486501670117	0.960119930874873	0.969729056368733	0.915713753579912	0.16	0.52	0.528334391150603	0.64330737856878	0.568209218213855
wdLC_k1_0.16_k2_0.52	180	0.919170344763727	0.910943753408027	0.924160210706092	0.932294206611315	0.956731174830499	0.963630564729364	0.901544286346286	0.16	0.52	0.528334391150603	0.64330737856878	0.568209218213855
wdLC_k1_0.16_k2_0.52	190	0.917579288535475	0.907302287131441	0.922709041364319	0.933789097525664	0.952917197006478	0.955693771951695	0.898571909704453	0.16	0.52	0.528334391150603	0.64330737856878	0.568209218213855
wdLC_k1_0.16_k2_0.52	200	0.912483312082802	0.899792994824871	0.91788794719868	0.930675766894172	0.950234755868897	0.954485862146554	0.894266856671417	0.16	0.52	0.528334391150603	0.64330737856878	0.568209218213855
wdLC_k1_0.16_k2_0.52	210	0.908137858649208	0.896246432539773	0.910113931964768	0.928264003394959	0.945168824689902	0.951533724444675	0.89635268697379	0.16	0.52	0.528334391150603	0.64330737856878	0.568209218213855
wdLC_k1_0.16_k2_0.52	220	0.903797411291368	0.890113432095705	0.904128747964364	0.924449603579338	0.947706282436339	0.953936313485065	0.896451654711123	0.16	0.52	0.528334391150603	0.64330737856878	0.568209218213855
wdLC_k1_0.16_k2_0.52	230	0.889559842094492	0.874923254076472	0.892577898653464	0.908070588989518	0.947433542345257	0.954531893016799	0.898491711440259	0.16	0.52	0.528334391150603	0.64330737856878	0.568209218213855
wdLC_k1_0.16_k2_0.52	240	0.870155731870345	0.852650219621868	0.873573325925797	0.887872185280994	0.952465320578482	0.953527839024983	0.904031319988194	0.16	0.52	0.528334391150603	0.64330737856878	0.568209218213855
wdLC_k1_0.16_k2_0.52	240	0.870155731870345	0.852650219621868	0.873573325925797	0.887872185280994	0.952465320578482	0.953527839024983	0.904031319988194	0.16	0.52	0.528334391150603	0.64330737856878	0.568209218213855
wdLC_k1_0.16_k2_0.52	250	0.853486295780733	0.833097873565977	0.860989775836413	0.876502856045697	0.95591379062065	0.953843229491672	0.904031319988194	0.16	0.52	0.528334391150603	0.64330737856878	0.568209218213855
wdLC_k1_0.16_k2_0.52	260	0.846745115710633	0.822234739476119	0.857183822701064	0.869143717419579	0.956101990584749	0.954961782547989	0.904031319988194	0.16	0.52	0.528334391150603	0.64330737856878	0.568209218213855
wdLC_k1_0.16_k2_0.52	270	0.840497735832377	0.816663846935867	0.85540176591357	0.864175548818685	0.956868178347211	0.956353005909241	0.904031319988194	0.16	0.52	0.528334391150603	0.64330737856878	0.568209218213855
wdLC_k1_0.16_k2_0.52	280	0.82673029721589	0.803572385216284	0.847596088142524	0.857061405666617	0.957444063608683	0.958908550218388	0.904031319988194	0.16	0.52	0.528334391150603	0.64330737856878	0.568209218213855
wdLC_k1_0.16_k2_0.52	290	0.821879385994585	0.796622453586106	0.842910264626542	0.848844649840028	0.955405267437269	0.960998675206684	0.904031319988194	0.16	0.52	0.528334391150603	0.64330737856878	0.568209218213855
wdLC_k1_0.16_k2_0.52	300	0.812206357848421	0.787619417993533	0.835611951243903	0.840273336370404	0.958266647407193	0.962822253580595	0.904031319988194	0.16	0.52	0.528334391150603	0.64330737856878	0.568209218213855
wdLC_k1_0.16_k2_0.6	10	0.854545454545454	0.793939393939394	0.684848484848485	0.515151515151515	0.672727272727273	0.842424242424242	0.721212121212121	0.16	0.6	0.47511107081331	0.584167593622544	0.509227487712139
wdLC_k1_0.16_k2_0.6	20	0.849624060150376	0.796992481203008	0.774436090225564	0.449624060150376	0.923308270676692	0.930827067669173	0.78796992481203	0.16	0.6	0.47511107081331	0.584167593622544	0.509227487712139
wdLC_k1_0.16_k2_0.6	30	0.913236929922136	0.881201334816463	0.903003337041157	0.62714126807564	0.967964404894327	0.978197997775306	0.838932146829811	0.16	0.6	0.47511107081331	0.584167593622544	0.509227487712139
wdLC_k1_0.16_k2_0.6	40	0.907129455909944	0.893808630393997	0.912382739212008	0.767729831144465	0.926454033771107	0.951969981238274	0.806378986866792	0.16	0.6	0.47511107081331	0.584167593622544	0.509227487712139
wdLC_k1_0.16_k2_0.6	50	0.926050420168067	0.913853541416567	0.932100840336135	0.844129651860744	0.9262424969988	0.951596638655462	0.791884753901561	0.16	0.6	0.47511107081331	0.584167593622544	0.509227487712139
wdLC_k1_0.16_k2_0.6	60	0.911419838844123	0.891636565712698	0.919755487635454	0.850236176715755	0.944595721033621	0.958766323978883	0.825229230341762	0.16	0.6	0.47511107081331	0.584167593622544	0.509227487712139
wdLC_k1_0.16_k2_0.6	70	0.888968594173738	0.870632490595748	0.899816289038579	0.847747353687342	0.961998075408976	0.967037004636515	0.854081007785845	0.16	0.6	0.47511107081331	0.584167593622544	0.509227487712139
wdLC_k1_0.16_k2_0.6	80	0.903352086263479	0.888021565869667	0.918635724331927	0.878715424285045	0.969456165025785	0.974730426629161	0.877308954524144	0.16	0.6	0.47511107081331	0.584167593622544	0.509227487712139
wdLC_k1_0.16_k2_0.6	90	0.885500267522739	0.876939539860888	0.904498497756925	0.866041075029839	0.973132485492036	0.979009754290653	0.88852944808001	0.16	0.6	0.47511107081331	0.584167593622544	0.509227487712139
wdLC_k1_0.16_k2_0.6	100	0.8999099909991	0.897389738973897	0.914275427542754	0.889276927692769	0.972541254125413	0.981278127812781	0.902934293429343	0.16	0.6	0.47511107081331	0.584167593622544	0.509227487712139
wdLC_k1_0.16_k2_0.6	110	0.904433875076077	0.90127809210378	0.917579965286387	0.901954331312129	0.975817685909429	0.984726010414084	0.91648896603025	0.16	0.6	0.47511107081331	0.584167593622544	0.509227487712139
wdLC_k1_0.16_k2_0.6	120	0.917459545801792	0.91398708243628	0.927383846100424	0.918147093548163	0.979040211125773	0.986478227654698	0.92831446628238	0.16	0.6	0.47511107081331	0.584167593622544	0.509227487712139
wdLC_k1_0.16_k2_0.6	130	0.918179956028349	0.911750809105682	0.926149476300373	0.921031285419711	0.980133553646779	0.987524068333584	0.937811522757377	0.16	0.6	0.47511107081331	0.584167593622544	0.509227487712139
wdLC_k1_0.16_k2_0.6	140	0.914377555706195	0.906076840655136	0.92049157026962	0.918707222671711	0.981929107170191	0.987837571887779	0.929120290393825	0.16	0.6	0.47511107081331	0.584167593622544	0.509227487712139
wdLC_k1_0.16_k2_0.6	150	0.914915329570203	0.90613982843682	0.9201955642473	0.922336103826837	0.978868394150851	0.985862482777013	0.924469531979199	0.16	0.6	0.47511107081331	0.584167593622544	0.509227487712139
wdLC_k1_0.16_k2_0.6	160	0.908546232274698	0.901520567209656	0.914971287940935	0.920080862533693	0.977581155513887	0.983124340794562	0.91790987929216	0.16	0.6	0.47511107081331	0.584167593622544	0.509227487712139
wdLC_k1_0.16_k2_0.6	170	0.904385048943277	0.896368488223692	0.912474887183151	0.917342957114331	0.971937152313433	0.978366033426762	0.909939484981162	0.16	0.6	0.47511107081331	0.584167593622544	0.509227487712139
wdLC_k1_0.16_k2_0.6	180	0.902667777812072	0.893076946819346	0.910275008487916	0.914711359404097	0.965968085434736	0.973511528133584	0.909281150652798	0.16	0.6	0.47511107081331	0.584167593622544	0.509227487712139
wdLC_k1_0.16_k2_0.6	190	0.904181045983196	0.893167473657967	0.909784933538034	0.915985426043293	0.95750283212394	0.965155471575973	0.908483250009841	0.16	0.6	0.47511107081331	0.584167593622544	0.509227487712139
wdLC_k1_0.16_k2_0.6	200	0.894839870996775	0.880921023025576	0.901687542188555	0.908482712067802	0.956684917122928	0.962896572414311	0.899137478436961	0.16	0.6	0.47511107081331	0.584167593622544	0.509227487712139
wdLC_k1_0.16_k2_0.6	210	0.877164691133262	0.862561185384832	0.880682749527848	0.889810264567062	0.955688013657582	0.962256351779924	0.902275723777345	0.16	0.6	0.47511107081331	0.584167593622544	0.509227487712139
wdLC_k1_0.16_k2_0.6	220	0.873318945357624	0.859476059798381	0.880653431983005	0.886650174966049	0.956049430022033	0.959375193702349	0.905517206403588	0.16	0.6	0.47511107081331	0.584167593622544	0.509227487712139
wdLC_k1_0.16_k2_0.6	230	0.86193180277099	0.847482610421665	0.870925808575325	0.873842276956004	0.945774597530815	0.954919506163098	0.908669268836347	0.16	0.6	0.47511107081331	0.584167593622544	0.509227487712139
wdLC_k1_0.16_k2_0.6	240	0.856835188110905	0.84488880015278	0.864858764909113	0.864531502283026	0.937290577961423	0.951926248719596	0.913572284241046	0.16	0.6	0.47511107081331	0.584167593622544	0.509227487712139
wdLC_k1_0.16_k2_0.6	240	0.856835188110905	0.84488880015278	0.864858764909113	0.864531502283026	0.937290577961423	0.951926248719596	0.913572284241046	0.16	0.6	0.47511107081331	0.584167593622544	0.509227487712139
wdLC_k1_0.16_k2_0.6	250	0.849508760140162	0.834588585417367	0.863726203619258	0.860750156002496	0.942580329285269	0.95651821629146	0.913572284241046	0.16	0.6	0.47511107081331	0.584167593622544	0.509227487712139
wdLC_k1_0.16_k2_0.6	260	0.839291432394881	0.824044734389562	0.858728907004769	0.853470977608908	0.943835536938985	0.956037811210225	0.913572284241046	0.16	0.6	0.47511107081331	0.584167593622544	0.509227487712139
wdLC_k1_0.16_k2_0.6	270	0.8216503503325	0.807018843422635	0.844531322636646	0.835615486266387	0.943632209556296	0.959056899119177	0.913572284241046	0.16	0.6	0.47511107081331	0.584167593622544	0.509227487712139
wdLC_k1_0.16_k2_0.6	280	0.818799438039479	0.802414024960231	0.842954447305268	0.831499308482433	0.944200818887996	0.960236373277356	0.913572284241046	0.16	0.6	0.47511107081331	0.584167593622544	0.509227487712139
wdLC_k1_0.16_k2_0.6	290	0.821404576133793	0.802636547812492	0.843610916690551	0.835873238067942	0.942165206769854	0.9613042264228	0.913572284241046	0.16	0.6	0.47511107081331	0.584167593622544	0.509227487712139
wdLC_k1_0.16_k2_0.6	300	0.82442382693141	0.802512472360804	0.847852087245414	0.838206646740519	0.944472271914132	0.962923143590484	0.913572284241046	0.16	0.6	0.47511107081331	0.584167593622544	0.509227487712139
wdLC_k1_0.16_k2_0.68	10	0.793939393939394	0.612121212121212	0.503030303030303	-0.127272727272727	0.393939393939394	0.721212121212121	0.757575757575757	0.16	0.68	0.413818115876326	0.512606599925844	0.443104887322637
wdLC_k1_0.16_k2_0.68	20	0.792481203007519	0.806015037593985	0.714285714285714	0.356390977443609	0.858646616541354	0.926315789473684	0.83609022556391	0.16	0.68	0.413818115876326	0.512606599925844	0.443104887322637
wdLC_k1_0.16_k2_0.68	30	0.874082313681869	0.885650723025584	0.866963292547275	0.605784204671858	0.930144605116796	0.963515016685206	0.749054505005562	0.16	0.68	0.413818115876326	0.512606599925844	0.443104887322637
wdLC_k1_0.16_k2_0.68	40	0.89906191369606	0.90750469043152	0.902251407129456	0.747842401500938	0.94484052532833	0.967166979362102	0.796622889305816	0.16	0.68	0.413818115876326	0.512606599925844	0.443104887322637
wdLC_k1_0.16_k2_0.68	50	0.940168067226891	0.949099639855942	0.939495798319328	0.863625450180072	0.888307322929172	0.933733493397359	0.776710684273709	0.16	0.68	0.413818115876326	0.512606599925844	0.443104887322637
wdLC_k1_0.16_k2_0.68	60	0.895137538205057	0.892525701583774	0.904084467907752	0.867407613225896	0.916921367046402	0.944373437065852	0.831564323423173	0.16	0.68	0.413818115876326	0.512606599925844	0.443104887322637
wdLC_k1_0.16_k2_0.68	70	0.87378182136296	0.863633977779722	0.88690403289301	0.840013997025632	0.933934039016709	0.948980841571166	0.854675881375208	0.16	0.68	0.413818115876326	0.512606599925844	0.443104887322637
wdLC_k1_0.16_k2_0.68	80	0.874402250351617	0.867158931082982	0.892311298640413	0.849249882794187	0.95365682137834	0.963502109704642	0.874730426629161	0.16	0.68	0.413818115876326	0.512606599925844	0.443104887322637
wdLC_k1_0.16_k2_0.68	90	0.888578836893444	0.885994155657077	0.907264271309215	0.872148824957814	0.950380705436885	0.962991315800305	0.884924064699346	0.16	0.68	0.413818115876326	0.512606599925844	0.443104887322637
wdLC_k1_0.16_k2_0.68	100	0.907026702670267	0.904410441044105	0.920576057605761	0.897725772577258	0.953519351935194	0.965856585658566	0.900510051005101	0.16	0.68	0.413818115876326	0.512606599925844	0.443104887322637
wdLC_k1_0.16_k2_0.68	110	0.91519058675022	0.912792191691274	0.925171877465455	0.910303631404549	0.95755021076122	0.969253657327052	0.913576629172959	0.16	0.68	0.413818115876326	0.512606599925844	0.443104887322637
wdLC_k1_0.16_k2_0.68	120	0.921126467115772	0.917758177651226	0.928168622821029	0.91989027015765	0.963011320230571	0.973574553788457	0.927863046044864	0.16	0.68	0.413818115876326	0.512606599925844	0.443104887322637
wdLC_k1_0.16_k2_0.68	130	0.916737904382144	0.910816752925753	0.921561130153354	0.91746985483893	0.967728632099305	0.975807398708162	0.935287932376518	0.16	0.68	0.413818115876326	0.512606599925844	0.443104887322637
wdLC_k1_0.16_k2_0.68	140	0.915086046664189	0.90859591961689	0.918501672825873	0.919844306925281	0.968935732872669	0.976269926308194	0.930445430889331	0.16	0.68	0.413818115876326	0.512606599925844	0.443104887322637
wdLC_k1_0.16_k2_0.68	150	0.91213120583137	0.906459842659674	0.916095826481177	0.919480865816259	0.969701764522868	0.97660340459576	0.929003066802969	0.16	0.68	0.413818115876326	0.512606599925844	0.443104887322637
wdLC_k1_0.16_k2_0.68	160	0.916318996835814	0.909431032462205	0.918733153638814	0.924106410406656	0.967904019688269	0.973974569319114	0.926224657213172	0.16	0.68	0.413818115876326	0.512606599925844	0.443104887322637
wdLC_k1_0.16_k2_0.68	170	0.918840261112231	0.909631719395949	0.923422548714285	0.929189489561007	0.964384682555676	0.969069558686134	0.914709851551957	0.16	0.68	0.413818115876326	0.512606599925844	0.443104887322637
wdLC_k1_0.16_k2_0.68	180	0.915042645349136	0.902737738819099	0.918279370762472	0.9253269133821	0.958681852320545	0.964089426628394	0.912141321234195	0.16	0.68	0.413818115876326	0.512606599925844	0.443104887322637
wdLC_k1_0.16_k2_0.68	190	0.911952656510386	0.899938327494128	0.91771225620771	0.923260157374239	0.953896958801892	0.961654572732005	0.904268524714929	0.16	0.68	0.413818115876326	0.512606599925844	0.443104887322637
wdLC_k1_0.16_k2_0.68	200	0.906510162754069	0.893450836270907	0.911212780319508	0.918561464036601	0.949190729768244	0.958648466211655	0.898753468836721	0.16	0.68	0.413818115876326	0.512606599925844	0.443104887322637
wdLC_k1_0.16_k2_0.68	210	0.893286857816666	0.878748141357271	0.899720434217815	0.903471734052926	0.947591944099801	0.956254272043746	0.902926208239254	0.16	0.68	0.413818115876326	0.512606599925844	0.443104887322637
wdLC_k1_0.16_k2_0.68	220	0.873023672540191	0.858858466271843	0.884713996720443	0.887906774933366	0.947328738948401	0.953872074742341	0.904305686255727	0.16	0.68	0.413818115876326	0.512606599925844	0.443104887322637
wdLC_k1_0.16_k2_0.68	230	0.866361244603128	0.853312588304045	0.877787448928516	0.882385546862479	0.949940699133788	0.95330888970532	0.907357499155487	0.16	0.68	0.413818115876326	0.512606599925844	0.443104887322637
wdLC_k1_0.16_k2_0.68	240	0.859397732599524	0.843717772878001	0.870168752929738	0.868504661539263	0.940351394989496	0.947533811350891	0.910462855257904	0.16	0.68	0.413818115876326	0.512606599925844	0.443104887322637
wdLC_k1_0.16_k2_0.68	240	0.859397732599524	0.843717772878001	0.870168752929738	0.868504661539263	0.940351394989496	0.947533811350891	0.910462855257904	0.16	0.68	0.413818115876326	0.512606599925844	0.443104887322637
wdLC_k1_0.16_k2_0.68	250	0.858394662314597	0.843269428310853	0.875458359333749	0.868527048432775	0.937071377142034	0.946676906830509	0.910462855257904	0.16	0.68	0.413818115876326	0.512606599925844	0.443104887322637
wdLC_k1_0.16_k2_0.68	260	0.84403046472012	0.83157283846939	0.861837510113372	0.853097508269922	0.931686517893414	0.94715238163514	0.910462855257904	0.16	0.68	0.413818115876326	0.512606599925844	0.443104887322637
wdLC_k1_0.16_k2_0.68	270	0.839347285666165	0.826967295695262	0.860162081174715	0.84943856873513	0.929189700818941	0.946328786707941	0.910462855257904	0.16	0.68	0.413818115876326	0.512606599925844	0.443104887322637
wdLC_k1_0.16_k2_0.68	280	0.830548130169299	0.815514046279745	0.854176711437646	0.843028245622666	0.928553388982731	0.946589151100688	0.910462855257904	0.16	0.68	0.413818115876326	0.512606599925844	0.443104887322637
wdLC_k1_0.16_k2_0.68	290	0.827086057442153	0.808464162311168	0.85356962299359	0.840952965532002	0.929332547723926	0.947595752296862	0.910462855257904	0.16	0.68	0.413818115876326	0.512606599925844	0.443104887322637
wdLC_k1_0.16_k2_0.68	300	0.839687107634529	0.820761119567995	0.863950488338759	0.851069900776675	0.930884120934677	0.948456760630674	0.910462855257904	0.16	0.68	0.413818115876326	0.512606599925844	0.443104887322637
wdLC_k1_0.16_k2_0.76	10	0.224242424242424	0.551515151515151	0.575757575757576	0.660606060606061	-0.175757575757576	0.127272727272727	0.103030303030303	0.16	0.76	0.344274186236286	0.432146829810901	0.36622461281647
wdLC_k1_0.16_k2_0.76	20	0.682706766917293	0.781954887218045	0.736842105263158	0.601503759398496	0.699248120300752	0.742857142857143	0.609022556390977	0.16	0.76	0.344274186236286	0.432146829810901	0.36622461281647
wdLC_k1_0.16_k2_0.76	30	0.808231368186874	0.852725250278087	0.867408231368187	0.711234705228031	0.875417130144605	0.897219132369299	0.695661846496107	0.16	0.76	0.344274186236286	0.432146829810901	0.36622461281647
wdLC_k1_0.16_k2_0.76	40	0.882363977485929	0.913883677298312	0.907692307692308	0.784052532833021	0.897936210131332	0.932457786116323	0.731707317073171	0.16	0.76	0.344274186236286	0.432146829810901	0.36622461281647
wdLC_k1_0.16_k2_0.76	50	0.920960384153662	0.939783913565426	0.935270108043217	0.881008403361345	0.893781512605042	0.927394957983193	0.761920768307323	0.16	0.76	0.344274186236286	0.432146829810901	0.36622461281647
wdLC_k1_0.16_k2_0.76	60	0.911808835787719	0.919366490691859	0.925034731869964	0.875632120033343	0.905362600722423	0.936371214226174	0.80150041678244	0.16	0.76	0.344274186236286	0.432146829810901	0.36622461281647
wdLC_k1_0.16_k2_0.76	70	0.920146968769137	0.92102178287114	0.92893010235325	0.880885311871227	0.909614206981017	0.935298749015834	0.833050476773686	0.16	0.76	0.344274186236286	0.432146829810901	0.36622461281647
wdLC_k1_0.16_k2_0.76	80	0.909704641350211	0.913267698077825	0.923112986404126	0.879465541490858	0.937529301453352	0.955297702766057	0.857571495546179	0.16	0.76	0.344274186236286	0.432146829810901	0.36622461281647
wdLC_k1_0.16_k2_0.76	90	0.910935506441125	0.914524426883978	0.928106350578261	0.892743960159691	0.942313865909371	0.95964933942462	0.862567395151665	0.16	0.76	0.344274186236286	0.432146829810901	0.36622461281647
wdLC_k1_0.16_k2_0.76	100	0.924140414041404	0.927236723672367	0.938829882988299	0.915115511551155	0.947110711071107	0.964380438043804	0.887404740474048	0.16	0.76	0.344274186236286	0.432146829810901	0.36622461281647
wdLC_k1_0.16_k2_0.76	110	0.935793341297928	0.937172869282961	0.946730383427631	0.931555575592273	0.944350021414241	0.961346166850754	0.908924103419516	0.16	0.76	0.344274186236286	0.432146829810901	0.36622461281647
wdLC_k1_0.16_k2_0.76	120	0.938280436141399	0.93788457531773	0.947350510452114	0.938204041947357	0.956087228279742	0.969352038335995	0.922987707479686	0.16	0.76	0.344274186236286	0.432146829810901	0.36622461281647
wdLC_k1_0.16_k2_0.76	130	0.928989881058051	0.926750331152959	0.934916494831283	0.931589943874694	0.956383400019118	0.969826161766513	0.93121850632946	0.16	0.76	0.344274186236286	0.432146829810901	0.36622461281647
wdLC_k1_0.16_k2_0.76	140	0.925280444337539	0.921996020205113	0.930266121449345	0.931499420524371	0.957429314906737	0.96855524698782	0.932067962651156	0.16	0.76	0.344274186236286	0.432146829810901	0.36622461281647
wdLC_k1_0.16_k2_0.76	150	0.928427041201831	0.924366416285168	0.932722343215254	0.935182897017645	0.954102849015512	0.963948619938664	0.927925685586026	0.16	0.76	0.344274186236286	0.432146829810901	0.36622461281647
wdLC_k1_0.16_k2_0.76	160	0.924891597328021	0.919137466307278	0.927677838978085	0.933141919606235	0.95614379467948	0.964903902496191	0.925410172272354	0.16	0.76	0.344274186236286	0.432146829810901	0.36622461281647
wdLC_k1_0.16_k2_0.76	170	0.929914937011865	0.923771838227661	0.931456207521938	0.938617863838155	0.956905490318208	0.961456024328137	0.924270125365625	0.16	0.76	0.344274186236286	0.432146829810901	0.36622461281647
wdLC_k1_0.16_k2_0.76	180	0.932814798810663	0.923886539708016	0.935765507165859	0.942078459211704	0.951270100929041	0.955282570449705	0.922810374805807	0.16	0.76	0.344274186236286	0.432146829810901	0.36622461281647
wdLC_k1_0.16_k2_0.76	190	0.921095933551156	0.91248277762469	0.926386647246389	0.932588889326283	0.942538720273634	0.949428545184952	0.910579240422173	0.16	0.76	0.344274186236286	0.432146829810901	0.36622461281647
wdLC_k1_0.16_k2_0.76	200	0.907192679816996	0.894497862446561	0.912519312982825	0.917284932123303	0.942821570539264	0.948163204080102	0.908089702242556	0.16	0.76	0.344274186236286	0.432146829810901	0.36622461281647
wdLC_k1_0.16_k2_0.76	210	0.901005853712264	0.887945628828642	0.906656775501874	0.912587587020114	0.937015740557771	0.943517993605297	0.903806046784345	0.16	0.76	0.344274186236286	0.432146829810901	0.36622461281647
wdLC_k1_0.16_k2_0.76	220	0.896739038560151	0.883759431543477	0.902664780827553	0.908515014397367	0.933181564607834	0.939464564444419	0.909584533113945	0.16	0.76	0.344274186236286	0.432146829810901	0.36622461281647
wdLC_k1_0.16_k2_0.76	230	0.889741320005227	0.873221898663326	0.893754546194265	0.899714714751738	0.923813797745827	0.928569702558691	0.911784968401638	0.16	0.76	0.344274186236286	0.432146829810901	0.36622461281647
wdLC_k1_0.16_k2_0.76	240	0.881093421760794	0.865542804562579	0.885886039688189	0.890553655445407	0.91829372037709	0.922984774041216	0.911000190975538	0.16	0.76	0.344274186236286	0.432146829810901	0.36622461281647
wdLC_k1_0.16_k2_0.76	240	0.881093421760794	0.865542804562579	0.885886039688189	0.890553655445407	0.91829372037709	0.922984774041216	0.911000190975538	0.16	0.76	0.344274186236286	0.432146829810901	0.36622461281647
wdLC_k1_0.16_k2_0.76	250	0.879124081985312	0.864608649738396	0.889075985215763	0.888549128786061	0.920360965775452	0.926441319061105	0.911000190975538	0.16	0.76	0.344274186236286	0.432146829810901	0.36622461281647
wdLC_k1_0.16_k2_0.76	260	0.858714569059396	0.845788569926501	0.873175411106445	0.868371516647379	0.920288534081637	0.929996005858075	0.911000190975538	0.16	0.76	0.344274186236286	0.432146829810901	0.36622461281647
wdLC_k1_0.16_k2_0.76	270	0.851068830390906	0.837423162335712	0.870640505661562	0.863988989332272	0.922471730293511	0.932180749316787	0.911000190975538	0.16	0.76	0.344274186236286	0.432146829810901	0.36622461281647
wdLC_k1_0.16_k2_0.76	280	0.849013562490775	0.831477988968518	0.865066609814629	0.86030743832374	0.917726355839087	0.930272069796809	0.911000190975538	0.16	0.76	0.344274186236286	0.432146829810901	0.36622461281647
wdLC_k1_0.16_k2_0.76	290	0.845473745843876	0.830565208245947	0.866965657470198	0.859921742478385	0.918882794538949	0.93264834425437	0.911000190975538	0.16	0.76	0.344274186236286	0.432146829810901	0.36622461281647
wdLC_k1_0.16_k2_0.76	300	0.832198579984222	0.815061500683341	0.856299292214358	0.851605462282914	0.919735552617251	0.933008588984322	0.911000190975538	0.16	0.76	0.344274186236286	0.432146829810901	0.36622461281647
wdLC_k1_0.24_k2_0.04	10	0.515151515151515	0.333333333333333	0.345454545454545	-0.0545454545454545	0.927272727272727	0.915151515151515	0.842424242424242	0.24	0.04	0.706138362498867	0.824434556915091	0.7538718352963
wdLC_k1_0.24_k2_0.04	20	0.896240601503759	0.84812030075188	0.834586466165414	0.415037593984962	0.950375939849624	0.929323308270677	0.825563909774436	0.24	0.04	0.706138362498867	0.824434556915091	0.7538718352963
wdLC_k1_0.24_k2_0.04	30	0.897664071190211	0.853170189098999	0.866518353726363	0.5412680756396	0.971078976640712	0.957285873192436	0.826918798665184	0.24	0.04	0.706138362498867	0.824434556915091	0.7538718352963
wdLC_k1_0.24_k2_0.04	40	0.931144465290807	0.900562851782364	0.917260787992496	0.751219512195122	0.966791744840526	0.968667917448406	0.811444652908068	0.24	0.04	0.706138362498867	0.824434556915091	0.7538718352963
wdLC_k1_0.24_k2_0.04	50	0.893013205282113	0.853925570228091	0.898391356542617	0.804657863145258	0.965906362545018	0.962256902761104	0.809747899159664	0.24	0.04	0.706138362498867	0.824434556915091	0.7538718352963
wdLC_k1_0.24_k2_0.04	60	0.882133926090581	0.848958043901084	0.888469019171992	0.809335926646291	0.972992497916088	0.976437899416505	0.833953876076688	0.24	0.04	0.706138362498867	0.824434556915091	0.7538718352963
wdLC_k1_0.24_k2_0.04	70	0.890963170326306	0.868812877263581	0.899116437756977	0.840678855743155	0.9788644912956	0.979109439244161	0.872312133671595	0.24	0.04	0.706138362498867	0.824434556915091	0.7538718352963
wdLC_k1_0.24_k2_0.04	80	0.896390060947023	0.882606657290202	0.91516643225504	0.864135021097047	0.981973745897796	0.984458509142053	0.877754336615096	0.24	0.04	0.706138362498867	0.824434556915091	0.7538718352963
wdLC_k1_0.24_k2_0.04	90	0.896349343540355	0.88196073589332	0.910573321809277	0.870288512985142	0.983504136313125	0.986434539243528	0.901057743754373	0.24	0.04	0.706138362498867	0.824434556915091	0.7538718352963
wdLC_k1_0.24_k2_0.04	100	0.893309330933093	0.888016801680168	0.907962796279628	0.878319831983198	0.986006600660066	0.98941494149415	0.90991899189919	0.24	0.04	0.706138362498867	0.824434556915091	0.7538718352963
wdLC_k1_0.24_k2_0.04	110	0.899501837116516	0.894082906926944	0.91074544102067	0.891657462299664	0.987935892523048	0.990703965015891	0.920501318666456	0.24	0.04	0.706138362498867	0.824434556915091	0.7538718352963
wdLC_k1_0.24_k2_0.04	120	0.905514271824432	0.900937565108688	0.915216334467671	0.903784985068407	0.990047919994444	0.991395235780262	0.924071116049726	0.24	0.04	0.706138362498867	0.824434556915091	0.7538718352963
wdLC_k1_0.24_k2_0.04	130	0.911368446926764	0.905906130085075	0.91876442393041	0.911958377145666	0.991107348181731	0.992172499965861	0.926389818241407	0.24	0.04	0.706138362498867	0.824434556915091	0.7538718352963
wdLC_k1_0.24_k2_0.04	140	0.909387505193414	0.901865255515952	0.914994205243708	0.912501366687805	0.991135116223131	0.99169053814699	0.922420240099714	0.24	0.04	0.706138362498867	0.824434556915091	0.7538718352963
wdLC_k1_0.24_k2_0.04	150	0.909496422063203	0.900244455309125	0.913261922752122	0.915498466598516	0.988426152273435	0.989674207742566	0.915992710787146	0.24	0.04	0.706138362498867	0.824434556915091	0.7538718352963
wdLC_k1_0.24_k2_0.04	160	0.898740185163483	0.888427282315715	0.904948435485761	0.912044415797492	0.985011133247392	0.986812961443806	0.903477674909176	0.24	0.04	0.706138362498867	0.824434556915091	0.7538718352963
wdLC_k1_0.24_k2_0.04	170	0.89611934465471	0.882352941176471	0.90131472084318	0.913210104970048	0.985759735223894	0.985916060600509	0.897738777853091	0.24	0.04	0.706138362498867	0.824434556915091	0.7538718352963
wdLC_k1_0.24_k2_0.04	180	0.887465662520448	0.872745043571304	0.892552239266644	0.906982725804294	0.985242342870665	0.983480971634927	0.886589092255934	0.24	0.04	0.706138362498867	0.824434556915091	0.7538718352963
wdLC_k1_0.24_k2_0.04	190	0.8814908125462	0.865079802473024	0.887588080148014	0.9006888950124	0.981527991007187	0.978219545373032	0.883716271481496	0.24	0.04	0.706138362498867	0.824434556915091	0.7538718352963
wdLC_k1_0.24_k2_0.04	200	0.875694892372309	0.861965049126228	0.881915547888697	0.894604365109128	0.979708992724818	0.977229430735768	0.882151053776344	0.24	0.04	0.706138362498867	0.824434556915091	0.7538718352963
wdLC_k1_0.24_k2_0.04	210	0.863952859313298	0.849684962082069	0.870176518417975	0.882750823633837	0.97894218527793	0.976344134787637	0.887385849371382	0.24	0.04	0.706138362498867	0.824434556915091	0.7538718352963
wdLC_k1_0.24_k2_0.04	220	0.854218625854404	0.83776787273967	0.863574942382356	0.874707403796848	0.979380490581135	0.973258651099102	0.887186624817568	0.24	0.04	0.706138362498867	0.824434556915091	0.7538718352963
wdLC_k1_0.24_k2_0.04	230	0.834658828925015	0.815598716832816	0.841853836309883	0.855374926952675	0.979158642762212	0.971262381059229	0.890811447902771	0.24	0.04	0.706138362498867	0.824434556915091	0.7538718352963
wdLC_k1_0.24_k2_0.04	240	0.825520408340422	0.805797843712564	0.833595201305578	0.84616312783208	0.980247052900224	0.973218285039671	0.90153648500842	0.24	0.04	0.706138362498867	0.824434556915091	0.7538718352963
wdLC_k1_0.24_k2_0.04	240	0.825520408340422	0.805797843712564	0.833595201305578	0.84616312783208	0.980247052900224	0.973218285039671	0.90153648500842	0.24	0.04	0.706138362498867	0.824434556915091	0.7538718352963
wdLC_k1_0.24_k2_0.04	250	0.814237027792445	0.795187250996016	0.8219048624778	0.832235395766332	0.981561560984976	0.975545720731532	0.90153648500842	0.24	0.04	0.706138362498867	0.824434556915091	0.7538718352963
wdLC_k1_0.24_k2_0.04	260	0.807648269717235	0.786533255498773	0.817664348698831	0.827091206401551	0.981570960881306	0.974009401595608	0.90153648500842	0.24	0.04	0.706138362498867	0.824434556915091	0.7538718352963
wdLC_k1_0.24_k2_0.04	270	0.801280005365109	0.776441987468202	0.816293776320663	0.822469748861057	0.981961648612769	0.97567105782582	0.90153648500842	0.24	0.04	0.706138362498867	0.824434556915091	0.7538718352963
wdLC_k1_0.24_k2_0.04	280	0.803005504807824	0.779031438083212	0.819217081850534	0.828882474812908	0.98250651885137	0.977317130502758	0.90153648500842	0.24	0.04	0.706138362498867	0.824434556915091	0.7538718352963
wdLC_k1_0.24_k2_0.04	290	0.805569052237695	0.781124954948417	0.821579739149795	0.833275314684541	0.983542548990906	0.979187583107102	0.90153648500842	0.24	0.04	0.706138362498867	0.824434556915091	0.7538718352963
wdLC_k1_0.24_k2_0.04	300	0.797367526305848	0.771964132934811	0.817192191024345	0.822905587839865	0.981587795419949	0.979922888032089	0.90153648500842	0.24	0.04	0.706138362498867	0.824434556915091	0.7538718352963
wdLC_k1_0.24_k2_0.12	10	0.721212121212121	0.393939393939394	0.272727272727273	-0.187878787878788	0.454545454545455	0.76969696969697	0.660606060606061	0.24	0.12	0.63532505213528	0.754356692621431	0.681721227858666
wdLC_k1_0.24_k2_0.12	20	0.837593984962406	0.77593984962406	0.721804511278195	0.421052631578947	0.924812030075188	0.948872180451128	0.756390977443609	0.24	0.12	0.63532505213528	0.754356692621431	0.681721227858666
wdLC_k1_0.24_k2_0.12	30	0.906117908787542	0.869187986651835	0.856729699666296	0.534149054505006	0.974193548387097	0.980867630700779	0.834927697441602	0.24	0.12	0.63532505213528	0.754356692621431	0.681721227858666
wdLC_k1_0.24_k2_0.12	40	0.935647279549719	0.911819887429644	0.924390243902439	0.765666041275798	0.96078799249531	0.976923076923077	0.806378986866792	0.24	0.12	0.63532505213528	0.754356692621431	0.681721227858666
wdLC_k1_0.24_k2_0.12	50	0.923265306122449	0.903097238895558	0.927875150060024	0.841536614645858	0.960816326530612	0.976950780312125	0.832316926770708	0.24	0.12	0.63532505213528	0.754356692621431	0.681721227858666
wdLC_k1_0.24_k2_0.12	60	0.908752431230898	0.879911086412893	0.911919977771603	0.849347040844679	0.952931369824952	0.960989163656571	0.831508752431231	0.24	0.12	0.63532505213528	0.754356692621431	0.681721227858666
wdLC_k1_0.24_k2_0.12	70	0.910209080570379	0.893692590324556	0.917592511591287	0.871892222902633	0.961193246435133	0.965322368996588	0.859399877526026	0.24	0.12	0.63532505213528	0.754356692621431	0.681721227858666
wdLC_k1_0.24_k2_0.12	80	0.89943741209564	0.886169714017815	0.917018284106892	0.869549929676512	0.968846694796062	0.973581809657759	0.880239099859353	0.24	0.12	0.63532505213528	0.754356692621431	0.681721227858666
wdLC_k1_0.24_k2_0.12	90	0.905766143968391	0.895378030209491	0.919479771165164	0.884446639502819	0.972852615549245	0.978186607400091	0.883508252047578	0.24	0.12	0.63532505213528	0.754356692621431	0.681721227858666
wdLC_k1_0.24_k2_0.12	100	0.914815481548155	0.909258925892589	0.925088508850885	0.901494149414942	0.972877287728773	0.97965796579658	0.893549354935494	0.24	0.12	0.63532505213528	0.754356692621431	0.681721227858666
wdLC_k1_0.24_k2_0.12	110	0.917886527060839	0.913107769988504	0.927759619502739	0.912007754209589	0.975700471113315	0.982327615355138	0.908211798120055	0.24	0.12	0.63532505213528	0.754356692621431	0.681721227858666
wdLC_k1_0.24_k2_0.12	120	0.910181262587679	0.904694770470171	0.920320855614973	0.911500798666574	0.977894298215154	0.985498992985624	0.920820890339607	0.24	0.12	0.63532505213528	0.754356692621431	0.681721227858666
wdLC_k1_0.24_k2_0.12	130	0.912559231998252	0.908058282920701	0.920490516052384	0.916355542203226	0.979123025031067	0.984820221496948	0.923216212156386	0.24	0.12	0.63532505213528	0.754356692621431	0.681721227858666
wdLC_k1_0.24_k2_0.12	140	0.910445868229429	0.903575255297282	0.917780061664954	0.917137171721589	0.977979926089524	0.982502022697951	0.925713411034091	0.24	0.12	0.63532505213528	0.754356692621431	0.681721227858666
wdLC_k1_0.24_k2_0.12	150	0.912956131383617	0.906001155606916	0.919107515889595	0.922716565180675	0.977791012933908	0.981200942264101	0.915637139428419	0.24	0.12	0.63532505213528	0.754356692621431	0.681721227858666
wdLC_k1_0.24_k2_0.12	160	0.918053439587484	0.907717098324153	0.923022383686863	0.930704324387671	0.975205086136177	0.979397632720028	0.902677838978085	0.24	0.12	0.63532505213528	0.754356692621431	0.681721227858666
wdLC_k1_0.24_k2_0.12	170	0.910430444367096	0.897878005141639	0.913322463834491	0.923124553465111	0.975603470911878	0.974980611989424	0.899199443090846	0.24	0.12	0.63532505213528	0.754356692621431	0.681721227858666
wdLC_k1_0.24_k2_0.12	180	0.902130724199307	0.888294906221385	0.906110270893134	0.919102441433378	0.967461958702429	0.969997016368818	0.88880315236067	0.24	0.12	0.63532505213528	0.754356692621431	0.681721227858666
wdLC_k1_0.24_k2_0.12	190	0.895583636228442	0.881873969391192	0.899884090680454	0.91363749688357	0.963750563144336	0.966205216356773	0.88132985167981	0.24	0.12	0.63532505213528	0.754356692621431	0.681721227858666
wdLC_k1_0.24_k2_0.12	200	0.882107552688817	0.868134703367584	0.88659116477912	0.901485037125928	0.962292057301433	0.964174604365109	0.885025125628141	0.24	0.12	0.63532505213528	0.754356692621431	0.681721227858666
wdLC_k1_0.24_k2_0.12	210	0.877667456016171	0.863866041665992	0.883201757085519	0.900264664245707	0.962335394712546	0.963879971363134	0.88519985875935	0.24	0.12	0.63532505213528	0.754356692621431	0.681721227858666
wdLC_k1_0.24_k2_0.12	220	0.869011568608668	0.85321334588055	0.87285913119918	0.891204363726523	0.955691045457363	0.958018291136744	0.892563520283101	0.24	0.12	0.63532505213528	0.754356692621431	0.681721227858666
wdLC_k1_0.24_k2_0.12	230	0.852996974546244	0.839623827852421	0.862113280681726	0.880715752825113	0.954087074876898	0.955224270697975	0.894392677760819	0.24	0.12	0.63532505213528	0.754356692621431	0.681721227858666
wdLC_k1_0.24_k2_0.12	240	0.840838382610809	0.824691400892377	0.851364607024427	0.868985572666192	0.955065192104029	0.954656330839077	0.8991857497526	0.24	0.12	0.63532505213528	0.754356692621431	0.681721227858666
wdLC_k1_0.24_k2_0.12	240	0.840838382610809	0.824691400892377	0.851364607024427	0.868985572666192	0.955065192104029	0.954656330839077	0.8991857497526	0.24	0.12	0.63532505213528	0.754356692621431	0.681721227858666
wdLC_k1_0.24_k2_0.12	250	0.830790764652235	0.810955311284981	0.840564489031825	0.858069025104402	0.958165602649643	0.956091201459223	0.8991857497526	0.24	0.12	0.63532505213528	0.754356692621431	0.681721227858666
wdLC_k1_0.24_k2_0.12	260	0.821203090168607	0.800409655582069	0.832411266894025	0.8451351692731	0.953977243632416	0.954951541158438	0.8991857497526	0.24	0.12	0.63532505213528	0.754356692621431	0.681721227858666
wdLC_k1_0.24_k2_0.12	270	0.810047691554982	0.786871028561587	0.825876593338424	0.834880832079696	0.956193881641419	0.956303622515779	0.8991857497526	0.24	0.12	0.63532505213528	0.754356692621431	0.681721227858666
wdLC_k1_0.24_k2_0.12	280	0.801774986196982	0.776407497909048	0.82265280351608	0.825879156621896	0.957979784727575	0.957396504693026	0.8991857497526	0.24	0.12	0.63532505213528	0.754356692621431	0.681721227858666
wdLC_k1_0.24_k2_0.12	290	0.79920660010308	0.775759849536938	0.819300159787049	0.82796531673877	0.960545022676476	0.959874876530985	0.8991857497526	0.24	0.12	0.63532505213528	0.754356692621431	0.681721227858666
wdLC_k1_0.24_k2_0.12	300	0.790236335959289	0.766359626218069	0.808981877576418	0.814641940466005	0.958211091234347	0.962758252869476	0.8991857497526	0.24	0.12	0.63532505213528	0.754356692621431	0.681721227858666
wdLC_k1_0.24_k2_0.2	10	0.890909090909091	0.551515151515151	0.515151515151515	-0.175757575757576	0.503030303030303	0.745454545454545	0.612121212121212	0.24	0.2	0.570405295131018	0.686874304783092	0.614949457479366
wdLC_k1_0.24_k2_0.2	20	0.894736842105263	0.869172932330827	0.825563909774436	0.500751879699248	0.908270676691729	0.926315789473684	0.753383458646617	0.24	0.2	0.570405295131018	0.686874304783092	0.614949457479366
wdLC_k1_0.24_k2_0.2	30	0.919911012235817	0.912347052280312	0.884315906562848	0.5559510567297	0.94972191323693	0.962625139043381	0.844716351501669	0.24	0.2	0.570405295131018	0.686874304783092	0.614949457479366
wdLC_k1_0.24_k2_0.2	40	0.947467166979362	0.942589118198875	0.945590994371482	0.772607879924953	0.955534709193246	0.972983114446529	0.807317073170732	0.24	0.2	0.570405295131018	0.686874304783092	0.614949457479366
wdLC_k1_0.24_k2_0.2	50	0.932677070828331	0.925570228091236	0.937575030012005	0.850180072028812	0.928163265306122	0.956686674669868	0.823097238895558	0.24	0.2	0.570405295131018	0.686874304783092	0.614949457479366
wdLC_k1_0.24_k2_0.2	60	0.918866351764379	0.900305640455682	0.927479855515421	0.862406223951098	0.925312586829675	0.944040011114199	0.845290358432898	0.24	0.2	0.570405295131018	0.686874304783092	0.614949457479366
wdLC_k1_0.24_k2_0.2	70	0.908389467238212	0.893622605196396	0.91594786107952	0.864753739830286	0.949190796955647	0.961158253871053	0.858944974192984	0.24	0.2	0.570405295131018	0.686874304783092	0.614949457479366
wdLC_k1_0.24_k2_0.2	80	0.906352555086732	0.896272855133615	0.924660103141116	0.878762306610408	0.962751992498828	0.973042662916081	0.883473980309423	0.24	0.2	0.570405295131018	0.686874304783092	0.614949457479366
wdLC_k1_0.24_k2_0.2	90	0.909898341359016	0.900448615055357	0.922854673416471	0.886767913734206	0.968045437708359	0.979026217228464	0.896003621846318	0.24	0.2	0.570405295131018	0.686874304783092	0.614949457479366
wdLC_k1_0.24_k2_0.2	100	0.908826882688269	0.907518751875187	0.922244224422442	0.897053705370537	0.970693069306931	0.98004200420042	0.908514851485149	0.24	0.2	0.570405295131018	0.686874304783092	0.614949457479366
wdLC_k1_0.24_k2_0.2	110	0.911349548046796	0.909870838311205	0.922466920632058	0.90679620404391	0.975114397132746	0.983139102405157	0.922809548497622	0.24	0.2	0.570405295131018	0.686874304783092	0.614949457479366
wdLC_k1_0.24_k2_0.2	120	0.919202722411278	0.916709493714841	0.927140773664838	0.918063754427391	0.978755469129801	0.985297590110424	0.933043961386207	0.24	0.2	0.570405295131018	0.686874304783092	0.614949457479366
wdLC_k1_0.24_k2_0.2	130	0.926449903726666	0.921326250529162	0.933037457837742	0.929088202761201	0.981897881986645	0.986289584727362	0.932349205915689	0.24	0.2	0.570405295131018	0.686874304783092	0.614949457479366
wdLC_k1_0.24_k2_0.2	140	0.932470315540881	0.925901467276027	0.938374406857493	0.936428243423499	0.983262994467648	0.986766088648838	0.926338807373554	0.24	0.2	0.570405295131018	0.686874304783092	0.614949457479366
wdLC_k1_0.24_k2_0.2	150	0.935147339881773	0.928508822614338	0.939744877550113	0.938511044935331	0.98032979243522	0.983355704697987	0.917226543401929	0.24	0.2	0.570405295131018	0.686874304783092	0.614949457479366
wdLC_k1_0.24_k2_0.2	160	0.920224422829017	0.910585374428688	0.925146490097269	0.925723661080511	0.977408297199109	0.976476620180476	0.916336575647486	0.24	0.2	0.570405295131018	0.686874304783092	0.614949457479366
wdLC_k1_0.24_k2_0.2	170	0.904683044192451	0.898031887934246	0.908534999175628	0.914304382606359	0.973730008976496	0.97338560463114	0.903752419684785	0.24	0.2	0.570405295131018	0.686874304783092	0.614949457479366
wdLC_k1_0.24_k2_0.2	180	0.897393952488246	0.887556200294248	0.901319999588465	0.906165828163421	0.965770548473718	0.967661553340124	0.898821980102267	0.24	0.2	0.570405295131018	0.686874304783092	0.614949457479366
wdLC_k1_0.24_k2_0.2	190	0.898820349302576	0.885941730416793	0.903899364467014	0.907967125492615	0.958757277136996	0.966198218058235	0.897702371111024	0.24	0.2	0.570405295131018	0.686874304783092	0.614949457479366
wdLC_k1_0.24_k2_0.2	200	0.875651391284782	0.861443036075902	0.882434560864022	0.884405610140254	0.953237830945774	0.961650041251031	0.895016875421886	0.24	0.2	0.570405295131018	0.686874304783092	0.614949457479366
wdLC_k1_0.24_k2_0.2	210	0.866339696721338	0.850792858924563	0.87391615618106	0.877064915628148	0.951989841039479	0.963285205689795	0.892368145698153	0.24	0.2	0.570405295131018	0.686874304783092	0.614949457479366
wdLC_k1_0.24_k2_0.2	220	0.848108056327235	0.835189307066825	0.8576785019976	0.864260155638077	0.952138755684284	0.965041727007883	0.891065743281698	0.24	0.2	0.570405295131018	0.686874304783092	0.614949457479366
wdLC_k1_0.24_k2_0.2	230	0.836258596159868	0.819671120601442	0.845838460002121	0.849833932917282	0.953082042316901	0.967328058309642	0.898539053503929	0.24	0.2	0.570405295131018	0.686874304783092	0.614949457479366
wdLC_k1_0.24_k2_0.2	240	0.836373895380128	0.817411760620844	0.845534644698693	0.848326359832636	0.95344797652737	0.96623031649855	0.903171061997604	0.24	0.2	0.570405295131018	0.686874304783092	0.614949457479366
wdLC_k1_0.24_k2_0.2	240	0.836373895380128	0.817411760620844	0.845534644698693	0.848326359832636	0.95344797652737	0.96623031649855	0.903171061997604	0.24	0.2	0.570405295131018	0.686874304783092	0.614949457479366
wdLC_k1_0.24_k2_0.2	250	0.834701483223732	0.818648490375846	0.84143080689291	0.842285604569673	0.952459271348341	0.96792780684491	0.903171061997604	0.24	0.2	0.570405295131018	0.686874304783092	0.614949457479366
wdLC_k1_0.24_k2_0.2	260	0.827562993080234	0.811181549112584	0.838244762382693	0.834742889915304	0.951821772511428	0.968371175267727	0.903171061997604	0.24	0.2	0.570405295131018	0.686874304783092	0.614949457479366
wdLC_k1_0.24_k2_0.2	270	0.811907799375391	0.791938618270941	0.831482523003669	0.823103807246251	0.954031986416518	0.969168301348441	0.903171061997604	0.24	0.2	0.570405295131018	0.686874304783092	0.614949457479366
wdLC_k1_0.24_k2_0.2	280	0.808540925266904	0.791626350919199	0.832930449185758	0.820691408235892	0.95291776680825	0.968658127928017	0.903171061997604	0.24	0.2	0.570405295131018	0.686874304783092	0.614949457479366
wdLC_k1_0.24_k2_0.2	290	0.80561333502264	0.78543859023294	0.827638608192069	0.815542519469049	0.950186295216106	0.968945466980418	0.903171061997604	0.24	0.2	0.570405295131018	0.686874304783092	0.614949457479366
wdLC_k1_0.24_k2_0.2	300	0.784371381904243	0.766742297136635	0.807322303581151	0.795942177135301	0.950143446038289	0.969124101378904	0.903171061997604	0.24	0.2	0.570405295131018	0.686874304783092	0.614949457479366
wdLC_k1_0.24_k2_0.28	10	0.757575757575757	0.648484848484848	0.660606060606061	-0.175757575757576	0.757575757575757	0.890909090909091	0.733333333333333	0.24	0.28	0.510835071175991	0.623655913978495	0.551145321339145
wdLC_k1_0.24_k2_0.28	20	0.858646616541354	0.870676691729323	0.818045112781955	0.467669172932331	0.936842105263158	0.950375939849624	0.736842105263158	0.24	0.28	0.510835071175991	0.623655913978495	0.551145321339145
wdLC_k1_0.24_k2_0.28	30	0.924360400444939	0.921690767519466	0.915016685205784	0.598665183537264	0.963070077864294	0.972413793103448	0.850500556173526	0.24	0.28	0.510835071175991	0.623655913978495	0.551145321339145
wdLC_k1_0.24_k2_0.28	40	0.931144465290807	0.925328330206379	0.930018761726079	0.751594746716698	0.958536585365854	0.978611632270169	0.813508442776736	0.24	0.28	0.510835071175991	0.623655913978495	0.551145321339145
wdLC_k1_0.24_k2_0.28	50	0.92547418967587	0.904249699879952	0.931332533013205	0.844417767106843	0.956014405762305	0.96187274909964	0.847106842737095	0.24	0.28	0.510835071175991	0.623655913978495	0.551145321339145
wdLC_k1_0.24_k2_0.28	60	0.904306751875521	0.889302584051126	0.911642122811892	0.858238399555432	0.9450958599611	0.964212281189219	0.864073353709364	0.24	0.28	0.510835071175991	0.623655913978495	0.551145321339145
wdLC_k1_0.24_k2_0.28	70	0.904400314933077	0.888548683404777	0.911678768261744	0.854955821887849	0.960773335666171	0.9737555769399	0.877106114950573	0.24	0.28	0.510835071175991	0.623655913978495	0.551145321339145
wdLC_k1_0.24_k2_0.28	80	0.906915142991092	0.896132208157525	0.91910454758556	0.872925457102672	0.967158931082982	0.979934364744491	0.886263478668542	0.24	0.28	0.510835071175991	0.623655913978495	0.551145321339145
wdLC_k1_0.24_k2_0.28	90	0.898357821953328	0.891443388072602	0.912483022595382	0.872461620776228	0.97344528131045	0.983767543318105	0.896662139358769	0.24	0.28	0.510835071175991	0.623655913978495	0.551145321339145
wdLC_k1_0.24_k2_0.28	100	0.91027902790279	0.907578757875788	0.922712271227123	0.895613561356136	0.974209420942094	0.984722472247225	0.908310831083108	0.24	0.28	0.510835071175991	0.623655913978495	0.551145321339145
wdLC_k1_0.24_k2_0.28	110	0.915560264184117	0.913107769988504	0.92663255415549	0.909438045217862	0.97675540427834	0.987268669837477	0.923152176363185	0.24	0.28	0.510835071175991	0.623655913978495	0.551145321339145
wdLC_k1_0.24_k2_0.28	120	0.920126397666504	0.916605319813876	0.928835335787207	0.917660948676991	0.980081950135426	0.988075560802833	0.932821723730815	0.24	0.28	0.510835071175991	0.623655913978495	0.551145321339145
wdLC_k1_0.24_k2_0.28	130	0.927400346857119	0.921479195400729	0.93341982001666	0.928842398503325	0.983329008999167	0.989490502396592	0.932496688470415	0.24	0.28	0.510835071175991	0.623655913978495	0.551145321339145
wdLC_k1_0.24_k2_0.28	140	0.928927860750913	0.922463974109466	0.934635149023638	0.932448448536004	0.98395399182174	0.98956506527301	0.928857886335309	0.24	0.28	0.510835071175991	0.623655913978495	0.551145321339145
wdLC_k1_0.24_k2_0.28	150	0.921400951153385	0.914925996710965	0.928387928352371	0.927267878572381	0.984006400284457	0.987732788123917	0.923701497844349	0.24	0.28	0.510835071175991	0.623655913978495	0.551145321339145
wdLC_k1_0.24_k2_0.28	160	0.916462557131138	0.907936833470057	0.921252783311848	0.925043947029181	0.983388022969647	0.985702566506504	0.925237313957576	0.24	0.28	0.510835071175991	0.623655913978495	0.551145321339145
wdLC_k1_0.24_k2_0.28	170	0.906158364934264	0.898881907169595	0.911917978028957	0.917582330347274	0.979697241712007	0.980400705906779	0.910281446742509	0.24	0.28	0.510835071175991	0.623655913978495	0.551145321339145
wdLC_k1_0.24_k2_0.28	180	0.900184162062615	0.888399847731926	0.903153389507907	0.913194851692954	0.973842814078624	0.976585697089416	0.902546374888114	0.24	0.28	0.510835071175991	0.623655913978495	0.551145321339145
wdLC_k1_0.24_k2_0.28	190	0.884090680453315	0.870080086778902	0.887936245500313	0.895732350072389	0.967230467092688	0.97207853840535	0.897901822619376	0.24	0.28	0.510835071175991	0.623655913978495	0.551145321339145
wdLC_k1_0.24_k2_0.28	200	0.870011250281257	0.855513387834696	0.872882322058052	0.886364659116478	0.967896197404935	0.971389784744619	0.89299182479562	0.24	0.28	0.510835071175991	0.623655913978495	0.551145321339145
wdLC_k1_0.24_k2_0.28	210	0.869904403404029	0.853609897211793	0.871553938702854	0.884436640934521	0.960355434039645	0.967329353111344	0.898061828418526	0.24	0.28	0.510835071175991	0.623655913978495	0.551145321339145
wdLC_k1_0.24_k2_0.28	220	0.856060136479153	0.841411449147146	0.858169872029663	0.872314792379257	0.961681026467489	0.966807728935046	0.899718814626148	0.24	0.28	0.510835071175991	0.623655913978495	0.551145321339145
wdLC_k1_0.24_k2_0.28	230	0.849706701121169	0.832816433613852	0.855945004302703	0.86640266890884	0.957667318441953	0.963576199763783	0.900194053146398	0.24	0.28	0.510835071175991	0.623655913978495	0.551145321339145
wdLC_k1_0.24_k2_0.28	240	0.843576277365926	0.823871074150593	0.850819458671157	0.854367263320544	0.956714526293859	0.960066146981718	0.906656365561902	0.24	0.28	0.510835071175991	0.623655913978495	0.551145321339145
wdLC_k1_0.24_k2_0.28	240	0.843576277365926	0.823871074150593	0.850819458671157	0.854367263320544	0.956714526293859	0.960066146981718	0.906656365561902	0.24	0.28	0.510835071175991	0.623655913978495	0.551145321339145
wdLC_k1_0.24_k2_0.28	250	0.84030259684155	0.821927902846446	0.849190803052849	0.853176018816301	0.956374597993568	0.962769836317381	0.906656365561902	0.24	0.28	0.510835071175991	0.623655913978495	0.551145321339145
wdLC_k1_0.24_k2_0.28	260	0.838592969627452	0.820546958477993	0.853093411714101	0.852270003994142	0.95813729606833	0.966279200761959	0.906656365561902	0.24	0.28	0.510835071175991	0.623655913978495	0.551145321339145
wdLC_k1_0.24_k2_0.28	270	0.824121349020182	0.800730691321783	0.84141894950548	0.840005121240803	0.955991470695376	0.96698750630629	0.906656365561902	0.24	0.28	0.510835071175991	0.623655913978495	0.551145321339145
wdLC_k1_0.24_k2_0.28	280	0.813251991187934	0.791160054884082	0.829430768978467	0.831184435661534	0.956312489408575	0.967439089055436	0.906656365561902	0.24	0.28	0.510835071175991	0.623655913978495	0.551145321339145
wdLC_k1_0.24_k2_0.28	290	0.807373821739649	0.787421474936559	0.825373297726694	0.825090379933994	0.959187017271516	0.968644836073741	0.906656365561902	0.24	0.28	0.510835071175991	0.623655913978495	0.551145321339145
wdLC_k1_0.24_k2_0.28	300	0.811233902598918	0.791658129534773	0.830747008300092	0.829227880309781	0.959407548972766	0.96951966132957	0.906656365561902	0.24	0.28	0.510835071175991	0.623655913978495	0.551145321339145
wdLC_k1_0.24_k2_0.36	10	0.684848484848485	0.842424242424242	0.818181818181818	0.551515151515151	0.539393939393939	0.696969696969697	0.454545454545455	0.24	0.36	0.453259588357965	0.556915090841676	0.487155708058982
wdLC_k1_0.24_k2_0.36	20	0.905263157894737	0.885714285714286	0.893233082706767	0.550375939849624	0.854135338345865	0.861654135338346	0.732330827067669	0.24	0.36	0.453259588357965	0.556915090841676	0.487155708058982
wdLC_k1_0.24_k2_0.36	30	0.938153503893215	0.929254727474972	0.941713014460512	0.649388209121246	0.939933259176863	0.946607341490545	0.852280311457175	0.24	0.36	0.453259588357965	0.556915090841676	0.487155708058982
wdLC_k1_0.24_k2_0.36	40	0.950093808630394	0.946529080675422	0.950844277673546	0.789118198874297	0.955347091932458	0.965853658536586	0.834521575984991	0.24	0.36	0.453259588357965	0.556915090841676	0.487155708058982
wdLC_k1_0.24_k2_0.36	50	0.959279711884754	0.960048019207683	0.960144057623049	0.874669867947179	0.914909963985594	0.946890756302521	0.811188475390156	0.24	0.36	0.453259588357965	0.556915090841676	0.487155708058982
wdLC_k1_0.24_k2_0.36	60	0.896082245068075	0.886746318421784	0.90830786329536	0.860016671297583	0.93475965545985	0.953431508752431	0.847624340094471	0.24	0.36	0.453259588357965	0.556915090841676	0.487155708058982
wdLC_k1_0.24_k2_0.36	70	0.900691103140583	0.886309159303648	0.915213017233838	0.864578777009885	0.94744116875164	0.955489458490071	0.872242148543435	0.24	0.36	0.453259588357965	0.556915090841676	0.487155708058982
wdLC_k1_0.24_k2_0.36	80	0.898124706985467	0.88581809657759	0.914299109235818	0.872480075011721	0.958532583216128	0.966361931551805	0.892030004688233	0.24	0.36	0.453259588357965	0.556915090841676	0.487155708058982
wdLC_k1_0.24_k2_0.36	90	0.903955220809153	0.89746882331152	0.919496234102976	0.888216652261596	0.936617689426678	0.946972877309956	0.873350619418035	0.24	0.36	0.453259588357965	0.556915090841676	0.487155708058982
wdLC_k1_0.24_k2_0.36	100	0.91949594959496	0.914335433543354	0.932001200120012	0.910543054305431	0.941878187818782	0.954071407140714	0.88939693969397	0.24	0.36	0.453259588357965	0.556915090841676	0.487155708058982
wdLC_k1_0.24_k2_0.36	110	0.923323490295967	0.917715213128057	0.934711358564569	0.922800531974844	0.948100894889886	0.959452697067376	0.907797038072267	0.24	0.36	0.453259588357965	0.556915090841676	0.487155708058982
wdLC_k1_0.24_k2_0.36	120	0.924286408778387	0.918779081880686	0.933293978748524	0.926821307035211	0.956087228279742	0.96666435169109	0.921501493159247	0.24	0.36	0.453259588357965	0.556915090841676	0.487155708058982
wdLC_k1_0.24_k2_0.36	130	0.918971991970394	0.913258408553988	0.927646151114995	0.924740198555217	0.962746999139685	0.970792991847492	0.930650425377924	0.24	0.36	0.453259588357965	0.556915090841676	0.487155708058982
wdLC_k1_0.24_k2_0.36	140	0.923360521309396	0.914924230828104	0.929951236579126	0.929820034549868	0.96774179440642	0.974179440642015	0.923609805164987	0.24	0.36	0.453259588357965	0.556915090841676	0.487155708058982
wdLC_k1_0.24_k2_0.36	150	0.919032845904263	0.911836081603627	0.925554024623317	0.930087559447087	0.969783545935375	0.97595270900929	0.926666962976132	0.24	0.36	0.453259588357965	0.556915090841676	0.487155708058982
wdLC_k1_0.24_k2_0.36	160	0.926347708894879	0.917277042071956	0.932676081096918	0.937864760342201	0.968041720379702	0.97304289230048	0.930396695183405	0.24	0.36	0.453259588357965	0.556915090841676	0.487155708058982
wdLC_k1_0.24_k2_0.36	170	0.927882707115858	0.918449447670691	0.932833824903365	0.941302263664731	0.962486794780198	0.968173130354602	0.926597907926796	0.24	0.36	0.453259588357965	0.556915090841676	0.487155708058982
wdLC_k1_0.24_k2_0.36	180	0.923800117287571	0.913291562496785	0.92865829192259	0.938673004310833	0.961560541992037	0.966859059435991	0.911345000360093	0.24	0.36	0.453259588357965	0.556915090841676	0.487155708058982
wdLC_k1_0.24_k2_0.36	190	0.911632484352242	0.899201756572933	0.918695517152393	0.926922017084596	0.950826455318051	0.957889488118201	0.909354538177906	0.24	0.36	0.453259588357965	0.556915090841676	0.487155708058982
wdLC_k1_0.24_k2_0.36	200	0.906765169129228	0.894797869946749	0.91313582839571	0.92636765919148	0.944119102977575	0.952139803495088	0.905722643066077	0.24	0.36	0.453259588357965	0.556915090841676	0.487155708058982
wdLC_k1_0.24_k2_0.36	210	0.898752482239636	0.884028468413602	0.905126452494873	0.920708276507728	0.947168222149514	0.953854476777899	0.899265613408791	0.24	0.36	0.453259588357965	0.556915090841676	0.487155708058982
wdLC_k1_0.24_k2_0.36	220	0.893923803835166	0.874894485047587	0.898421642821321	0.916595572034734	0.948920056575174	0.953142908662651	0.903943920704598	0.24	0.36	0.453259588357965	0.556915090841676	0.487155708058982
wdLC_k1_0.24_k2_0.36	230	0.898853680968737	0.875858259833958	0.903859117908862	0.917093197290653	0.949040213631062	0.951721944279377	0.904475551029567	0.24	0.36	0.453259588357965	0.556915090841676	0.487155708058982
wdLC_k1_0.24_k2_0.36	240	0.890333165506345	0.871470858869077	0.897466101842046	0.909106928939738	0.942723832010972	0.950743068456049	0.90813121755586	0.24	0.36	0.453259588357965	0.556915090841676	0.487155708058982
wdLC_k1_0.24_k2_0.36	240	0.890333165506345	0.871470858869077	0.897466101842046	0.909106928939738	0.942723832010972	0.950743068456049	0.90813121755586	0.24	0.36	0.453259588357965	0.556915090841676	0.487155708058982
wdLC_k1_0.24_k2_0.36	250	0.876823885182163	0.858241059856958	0.884496327941247	0.894349157586521	0.943361397782364	0.952449287188595	0.90813121755586	0.24	0.36	0.453259588357965	0.556915090841676	0.487155708058982
wdLC_k1_0.24_k2_0.36	260	0.869985559640732	0.848400807021496	0.883935697728801	0.883755449272691	0.94363070914795	0.953900091831126	0.90813121755586	0.24	0.36	0.453259588357965	0.556915090841676	0.487155708058982
wdLC_k1_0.24_k2_0.36	270	0.856946063884431	0.835661211630704	0.87548922329372	0.870478333036118	0.942042795892643	0.955326319062447	0.90813121755586	0.24	0.36	0.453259588357965	0.556915090841676	0.487155708058982
wdLC_k1_0.24_k2_0.36	280	0.846515899437493	0.82250083364766	0.868542783891194	0.860100256380821	0.94328462644385	0.956520764659899	0.90813121755586	0.24	0.36	0.453259588357965	0.556915090841676	0.487155708058982
wdLC_k1_0.24_k2_0.36	290	0.829009898432512	0.808108915969725	0.85051657098715	0.845261680507087	0.938232895466796	0.955623729176328	0.90813121755586	0.24	0.36	0.453259588357965	0.556915090841676	0.487155708058982
wdLC_k1_0.24_k2_0.36	300	0.832103912265692	0.813840153779487	0.852242358248425	0.845922732474805	0.940181113123479	0.956950632784809	0.90813121755586	0.24	0.36	0.453259588357965	0.556915090841676	0.487155708058982
wdLC_k1_0.24_k2_0.44	10	0.660606060606061	0.842424242424242	0.842424242424242	0.406060606060606	0.721212121212121	0.793939393939394	0.575757575757576	0.24	0.44	0.400670958382446	0.49833147942158	0.431141611796346
wdLC_k1_0.24_k2_0.44	20	0.881203007518797	0.909774436090226	0.840601503759399	0.497744360902256	0.879699248120301	0.899248120300752	0.765413533834587	0.24	0.44	0.400670958382446	0.49833147942158	0.431141611796346
wdLC_k1_0.24_k2_0.44	30	0.89321468298109	0.879866518353726	0.90567296996663	0.699221357063404	0.911902113459399	0.93503893214683	0.867408231368187	0.24	0.44	0.400670958382446	0.49833147942158	0.431141611796346
wdLC_k1_0.24_k2_0.44	40	0.898686679174484	0.86923076923077	0.898499061913696	0.781613508442777	0.930581613508443	0.954596622889306	0.803564727954972	0.24	0.44	0.400670958382446	0.49833147942158	0.431141611796346
wdLC_k1_0.24_k2_0.44	50	0.936710684273709	0.906938775510204	0.936422569027611	0.869867947178872	0.938055222088836	0.949579831932773	0.837983193277311	0.24	0.44	0.400670958382446	0.49833147942158	0.431141611796346
wdLC_k1_0.24_k2_0.44	60	0.917254792998055	0.894303973325924	0.916198944151153	0.852181161433732	0.936982495137538	0.956543484301195	0.840455682133926	0.24	0.44	0.400670958382446	0.49833147942158	0.431141611796346
wdLC_k1_0.24_k2_0.44	70	0.870002624442306	0.841238736768437	0.881795118537311	0.832770536261045	0.942962120549383	0.947861079520602	0.864088881112764	0.24	0.44	0.400670958382446	0.49833147942158	0.431141611796346
wdLC_k1_0.24_k2_0.44	80	0.853305203938115	0.837341772151899	0.875972808251289	0.83609939052977	0.960478199718706	0.961837787154243	0.875410220346929	0.24	0.44	0.400670958382446	0.49833147942158	0.431141611796346
wdLC_k1_0.24_k2_0.44	90	0.867637979997531	0.859225418775981	0.887953245256616	0.859357122278471	0.959435321233074	0.964686998394864	0.885006379388402	0.24	0.44	0.400670958382446	0.49833147942158	0.431141611796346
wdLC_k1_0.24_k2_0.44	100	0.88966096609661	0.882700270027003	0.904326432643264	0.883636363636364	0.960912091209121	0.969228922892289	0.900378037803781	0.24	0.44	0.400670958382446	0.49833147942158	0.431141611796346
wdLC_k1_0.24_k2_0.44	110	0.903649437594392	0.897941978675924	0.917453733967495	0.903631404548836	0.965520816896964	0.975105380609968	0.915479115479115	0.24	0.44	0.400670958382446	0.49833147942158	0.431141611796346
wdLC_k1_0.24_k2_0.44	120	0.910577123411348	0.904083616917841	0.920730606292103	0.913695395513577	0.970143759983332	0.979324953121744	0.924939231891103	0.24	0.44	0.400670958382446	0.49833147942158	0.431141611796346
wdLC_k1_0.24_k2_0.44	130	0.918600554425159	0.911494080214123	0.926231411052998	0.924445233445766	0.974059457318822	0.982170997828729	0.935091288970217	0.24	0.44	0.400670958382446	0.49833147942158	0.431141611796346
wdLC_k1_0.24_k2_0.44	140	0.914513131136428	0.904292493057226	0.92073210732326	0.923395508517198	0.976960923662286	0.983835909995408	0.92512300190243	0.24	0.44	0.400670958382446	0.49833147942158	0.431141611796346
wdLC_k1_0.24_k2_0.44	150	0.913503711276057	0.905844704209076	0.919367082981466	0.923559269300858	0.977855015778479	0.983672163207254	0.929159518200809	0.24	0.44	0.400670958382446	0.49833147942158	0.431141611796346
wdLC_k1_0.24_k2_0.44	160	0.901977616313137	0.894691198874956	0.90795441228173	0.913629438649947	0.976186569787882	0.981662369623813	0.926763740771124	0.24	0.44	0.400670958382446	0.49833147942158	0.431141611796346
wdLC_k1_0.24_k2_0.44	170	0.906620013312083	0.899778335501127	0.911864241180745	0.918669280231557	0.97110911633417	0.97786286112078	0.926084965284775	0.24	0.44	0.400670958382446	0.49833147942158	0.431141611796346
wdLC_k1_0.24_k2_0.44	180	0.907523894770415	0.897190242497197	0.910052779406772	0.9192361904174	0.963871312900604	0.970161630502999	0.916297828122267	0.24	0.44	0.400670958382446	0.49833147942158	0.431141611796346
wdLC_k1_0.24_k2_0.44	190	0.907979372515057	0.894918797867269	0.909893407165383	0.921515831463476	0.963750563144336	0.968785838942907	0.902902106925254	0.24	0.44	0.400670958382446	0.49833147942158	0.431141611796346
wdLC_k1_0.24_k2_0.44	200	0.906771169279232	0.889913747843696	0.912306307657692	0.922283057076427	0.95748743718593	0.963649591239781	0.903277581939549	0.24	0.44	0.400670958382446	0.49833147942158	0.431141611796346
wdLC_k1_0.24_k2_0.44	210	0.892219130333373	0.875392056185271	0.899677673287052	0.909156346272834	0.949626327775492	0.95510620584205	0.899283754409721	0.24	0.44	0.400670958382446	0.49833147942158	0.431141611796346
wdLC_k1_0.24_k2_0.44	220	0.880014425542226	0.863278542569437	0.885961580723869	0.895592884150499	0.946554493049255	0.951817561970664	0.899281540377431	0.24	0.44	0.400670958382446	0.49833147942158	0.431141611796346
wdLC_k1_0.24_k2_0.44	230	0.872571931580855	0.853756420150952	0.878956206125373	0.887317998121112	0.94493427590067	0.950481187694022	0.905968798621162	0.24	0.44	0.400670958382446	0.49833147942158	0.431141611796346
wdLC_k1_0.24_k2_0.44	240	0.863261514956857	0.844439139568395	0.872564627858122	0.879028281741002	0.948227399781246	0.951871560270143	0.905653743988611	0.24	0.44	0.400670958382446	0.49833147942158	0.431141611796346
wdLC_k1_0.24_k2_0.44	240	0.863261514956857	0.844439139568395	0.872564627858122	0.879028281741002	0.948227399781246	0.951871560270143	0.905653743988611	0.24	0.44	0.400670958382446	0.49833147942158	0.431141611796346
wdLC_k1_0.24_k2_0.44	250	0.857668122689963	0.841244179906879	0.87320961935391	0.871751932030912	0.94196207939327	0.948843469495512	0.905653743988611	0.24	0.44	0.400670958382446	0.49833147942158	0.431141611796346
wdLC_k1_0.24_k2_0.44	260	0.853171929033998	0.8341878066016	0.872668120943983	0.866875591013522	0.945229731436628	0.952606945710394	0.905653743988611	0.24	0.44	0.400670958382446	0.49833147942158	0.431141611796346
wdLC_k1_0.24_k2_0.44	270	0.841675011545654	0.82308063972833	0.862186800306665	0.852794200804462	0.938725573129337	0.949761237389325	0.905653743988611	0.24	0.44	0.400670958382446	0.49833147942158	0.431141611796346
wdLC_k1_0.24_k2_0.44	280	0.834955803007692	0.814598400489802	0.856235411165959	0.849608868917789	0.93917925337969	0.950625099081074	0.905653743988611	0.24	0.44	0.400670958382446	0.49833147942158	0.431141611796346
wdLC_k1_0.24_k2_0.44	290	0.829714486744071	0.811930028279479	0.853288181293722	0.847739056309251	0.938854330548848	0.951033080470431	0.905653743988611	0.24	0.44	0.400670958382446	0.49833147942158	0.431141611796346
wdLC_k1_0.24_k2_0.44	300	0.83523461371793	0.817270414115712	0.858970877454194	0.852372581917577	0.938765541839354	0.949807442304914	0.905653743988611	0.24	0.44	0.400670958382446	0.49833147942158	0.431141611796346
wdLC_k1_0.24_k2_0.52	10	0.36969696969697	0.636363636363636	0.684848484848485	0.781818181818182	0.187878787878788	0.418181818181818	0.454545454545455	0.24	0.52	0.345996917218243	0.433259176863181	0.370768802745062
wdLC_k1_0.24_k2_0.52	20	0.640601503759399	0.721804511278195	0.781954887218045	0.759398496240602	0.676691729323308	0.664661654135338	0.615037593984962	0.24	0.52	0.345996917218243	0.433259176863181	0.370768802745062
wdLC_k1_0.24_k2_0.52	30	0.785539488320356	0.818464961067853	0.862068965517241	0.76329254727475	0.866518353726363	0.874972191323693	0.726807563959956	0.24	0.52	0.345996917218243	0.433259176863181	0.370768802745062
wdLC_k1_0.24_k2_0.52	40	0.871857410881801	0.890994371482177	0.916510318949344	0.838086303939963	0.889681050656661	0.921763602251407	0.723827392120075	0.24	0.52	0.345996917218243	0.433259176863181	0.370768802745062
wdLC_k1_0.24_k2_0.52	50	0.915678271308524	0.918943577430972	0.937671068427371	0.905402160864346	0.921632653061225	0.941032412965186	0.781032412965186	0.24	0.52	0.345996917218243	0.433259176863181	0.370768802745062
wdLC_k1_0.24_k2_0.52	60	0.905084745762712	0.906474020561267	0.91686579605446	0.875798833009169	0.916143373159211	0.94559599888858	0.814448457904974	0.24	0.52	0.345996917218243	0.433259176863181	0.370768802745062
wdLC_k1_0.24_k2_0.52	70	0.909964132621818	0.90275566442131	0.920321931589537	0.882005073921792	0.917067623130085	0.939637826961771	0.837844458052664	0.24	0.52	0.345996917218243	0.433259176863181	0.370768802745062
wdLC_k1_0.24_k2_0.52	80	0.908391936240038	0.902133145804032	0.921870604781997	0.886896390060947	0.940037505860291	0.956024378809189	0.848429442100328	0.24	0.52	0.345996917218243	0.433259176863181	0.370768802745062
wdLC_k1_0.24_k2_0.52	90	0.897699304440877	0.898143803761781	0.915512203152653	0.885944766843643	0.953508663621023	0.965082108902334	0.866732518417912	0.24	0.52	0.345996917218243	0.433259176863181	0.370768802745062
wdLC_k1_0.24_k2_0.52	100	0.914635463546355	0.914743474347435	0.92991299129913	0.908754875487549	0.951527152715272	0.966372637263726	0.892961296129613	0.24	0.52	0.345996917218243	0.433259176863181	0.370768802745062
wdLC_k1_0.24_k2_0.52	110	0.926100579311588	0.924937447873228	0.937254017987963	0.924549737393774	0.953096048508892	0.967756914545905	0.91115118454568	0.24	0.52	0.345996917218243	0.433259176863181	0.370768802745062
wdLC_k1_0.24_k2_0.52	120	0.925272588374192	0.922001527883881	0.933245364261407	0.926008750607681	0.958962427946385	0.9726439336065	0.922848808945066	0.24	0.52	0.345996917218243	0.433259176863181	0.370768802745062
wdLC_k1_0.24_k2_0.52	130	0.934517745701839	0.930191590763222	0.940526294227697	0.936314847942755	0.962725149872318	0.974775020825083	0.925592319982521	0.24	0.52	0.345996917218243	0.433259176863181	0.370768802745062
wdLC_k1_0.24_k2_0.52	140	0.932151057269686	0.925018040279023	0.937149854584418	0.935837834291837	0.966425400712865	0.974839824189281	0.932737093000372	0.24	0.52	0.345996917218243	0.433259176863181	0.370768802745062
wdLC_k1_0.24_k2_0.52	150	0.926108715942931	0.920711142717454	0.930510689363972	0.935666474065514	0.965043779723543	0.971938308369261	0.93266189608427	0.24	0.52	0.345996917218243	0.433259176863181	0.370768802745062
wdLC_k1_0.24_k2_0.52	160	0.914300363295441	0.908062814953709	0.917271182468065	0.925624047814368	0.963354037267081	0.967848353451307	0.931006093988046	0.24	0.52	0.345996917218243	0.433259176863181	0.370768802745062
wdLC_k1_0.24_k2_0.52	170	0.921761591587741	0.914094320381532	0.924778182839626	0.932892446919596	0.958898638870061	0.962701742173045	0.928837757463621	0.24	0.52	0.345996917218243	0.433259176863181	0.370768802745062
wdLC_k1_0.24_k2_0.52	180	0.92267251046843	0.91326481269998	0.926145868699651	0.935687315452123	0.95885058180808	0.961402100887888	0.928386678601191	0.24	0.52	0.345996917218243	0.433259176863181	0.370768802745062
wdLC_k1_0.24_k2_0.52	190	0.915143880644019	0.903671919764507	0.918293114986419	0.92721944477249	0.953526048979342	0.953807730495523	0.92674705962113	0.24	0.52	0.345996917218243	0.433259176863181	0.370768802745062
wdLC_k1_0.24_k2_0.52	200	0.901465536638416	0.889201230030751	0.906381159528988	0.916269406735168	0.948179704492613	0.949877746943674	0.91833495837396	0.24	0.52	0.345996917218243	0.433259176863181	0.370768802745062
wdLC_k1_0.24_k2_0.52	210	0.897455400673161	0.884299287641767	0.902365132996213	0.912159977712484	0.944881160246588	0.946631766836307	0.909212065061404	0.24	0.52	0.345996917218243	0.433259176863181	0.370768802745062
wdLC_k1_0.24_k2_0.52	220	0.888094983179592	0.875469252745643	0.891739686582555	0.89899190253743	0.934879946805813	0.939391309737804	0.908084502121569	0.24	0.52	0.345996917218243	0.433259176863181	0.370768802745062
wdLC_k1_0.24_k2_0.52	230	0.883159786862084	0.872811600778185	0.888984833279498	0.889452336158241	0.922930079223985	0.930349961411287	0.911436806975064	0.24	0.52	0.345996917218243	0.433259176863181	0.370768802745062
wdLC_k1_0.24_k2_0.52	240	0.873069844962586	0.85900536467647	0.884055278737478	0.878023055955833	0.924327679299988	0.931627285195923	0.907612111321377	0.24	0.52	0.345996917218243	0.433259176863181	0.370768802745062
wdLC_k1_0.24_k2_0.52	240	0.873069844962586	0.85900536467647	0.884055278737478	0.878023055955833	0.924327679299988	0.931627285195923	0.907612111321377	0.24	0.52	0.345996917218243	0.433259176863181	0.370768802745062
wdLC_k1_0.24_k2_0.52	250	0.870523112369798	0.855096049536793	0.884636106177699	0.873873181970911	0.923651130418087	0.930393510296165	0.907612111321377	0.24	0.52	0.345996917218243	0.433259176863181	0.370768802745062
wdLC_k1_0.24_k2_0.52	260	0.849241966483346	0.838746590470728	0.869609359264532	0.859424638734983	0.925216007974629	0.932953036401312	0.907612111321377	0.24	0.52	0.345996917218243	0.433259176863181	0.370768802745062
wdLC_k1_0.24_k2_0.52	270	0.847975357076991	0.83578619429317	0.870899006387833	0.855338969746575	0.918883203701925	0.930751679264004	0.907612111321377	0.24	0.52	0.345996917218243	0.433259176863181	0.370768802745062
wdLC_k1_0.24_k2_0.52	280	0.849142572882672	0.834703795420131	0.870487779545293	0.857472489627237	0.921629466848156	0.934028130825284	0.907612111321377	0.24	0.52	0.345996917218243	0.433259176863181	0.370768802745062
wdLC_k1_0.24_k2_0.52	290	0.847292784243201	0.833484427835667	0.869914890947492	0.853391507791925	0.918835067537397	0.934523966212235	0.907612111321377	0.24	0.52	0.345996917218243	0.433259176863181	0.370768802745062
wdLC_k1_0.24_k2_0.52	300	0.850376559739553	0.836185290947677	0.871462127356971	0.856787742086023	0.9186430960344	0.934254380604229	0.907612111321377	0.24	0.52	0.345996917218243	0.433259176863181	0.370768802745062
wdLC_k1_0.24_k2_0.6	10	0.503030303030303	0.612121212121212	0.696969696969697	0.76969696969697	0.2	0.393939393939394	0.212121212121212	0.24	0.6	0.292138906519177	0.371153133110864	0.311601595103404
wdLC_k1_0.24_k2_0.6	20	0.386466165413534	0.422556390977444	0.479699248120301	0.651127819548872	0.473684210526316	0.542857142857143	0.499248120300752	0.24	0.6	0.292138906519177	0.371153133110864	0.311601595103404
wdLC_k1_0.24_k2_0.6	30	0.667630700778643	0.697886540600667	0.747274749721913	0.704115684093437	0.764627363737486	0.790433815350389	0.663626251390434	0.24	0.6	0.292138906519177	0.371153133110864	0.311601595103404
wdLC_k1_0.24_k2_0.6	40	0.816510318949344	0.840712945590995	0.863414634146342	0.817073170731708	0.870544090056285	0.900375234521576	0.668667917448406	0.24	0.6	0.292138906519177	0.371153133110864	0.311601595103404
wdLC_k1_0.24_k2_0.6	50	0.868619447779112	0.880528211284514	0.893781512605042	0.877262905162065	0.888211284513806	0.921536614645858	0.718991596638655	0.24	0.6	0.292138906519177	0.371153133110864	0.311601595103404
wdLC_k1_0.24_k2_0.6	60	0.870297304806891	0.878021672686858	0.879911086412893	0.855237565990553	0.89697138093915	0.935093081411503	0.780272297860517	0.24	0.6	0.292138906519177	0.371153133110864	0.311601595103404
wdLC_k1_0.24_k2_0.6	70	0.888268742892135	0.888058787507655	0.900376170063861	0.869722683929665	0.895407225964483	0.921896596973143	0.812299886274167	0.24	0.6	0.292138906519177	0.371153133110864	0.311601595103404
wdLC_k1_0.24_k2_0.6	80	0.907641819034224	0.906211908110642	0.92107360525082	0.895710267229255	0.925339896858884	0.944327238631036	0.832512892639475	0.24	0.6	0.292138906519177	0.371153133110864	0.311601595103404
wdLC_k1_0.24_k2_0.6	90	0.885681359838663	0.888562373955632	0.904679590072848	0.879030332962917	0.943811993250196	0.957558546322591	0.857595587932667	0.24	0.6	0.292138906519177	0.371153133110864	0.311601595103404
wdLC_k1_0.24_k2_0.6	100	0.906726672667267	0.908838883888389	0.922988298829883	0.905190519051905	0.94019801980198	0.957239723972397	0.885088508850885	0.24	0.6	0.292138906519177	0.371153133110864	0.311601595103404
wdLC_k1_0.24_k2_0.6	110	0.920095575141447	0.920023442959223	0.93197033564006	0.921213623965917	0.940040123526362	0.958109235173455	0.905606023037216	0.24	0.6	0.292138906519177	0.371153133110864	0.311601595103404
wdLC_k1_0.24_k2_0.6	120	0.924786443503021	0.922737690117369	0.932960622265435	0.927251892492534	0.951135495520522	0.966379609695118	0.919765261476491	0.24	0.6	0.292138906519177	0.371153133110864	0.311601595103404
wdLC_k1_0.24_k2_0.6	130	0.932245421895697	0.929678132980104	0.938035477747887	0.936555189883789	0.958366221032651	0.970989635253793	0.924412459544716	0.24	0.6	0.292138906519177	0.371153133110864	0.311601595103404
wdLC_k1_0.24_k2_0.6	140	0.922074741422667	0.918484179221972	0.928201876189019	0.931079574030745	0.962572434453653	0.973138571209902	0.93376484222956	0.24	0.6	0.292138906519177	0.371153133110864	0.311601595103404
wdLC_k1_0.24_k2_0.6	150	0.924170852037869	0.92007822569892	0.928974621094271	0.932821903195698	0.954433530379128	0.961612516111827	0.937309213742833	0.24	0.6	0.292138906519177	0.371153133110864	0.311601595103404
wdLC_k1_0.24_k2_0.6	160	0.928723778272589	0.923892534864643	0.932239540607055	0.938181178952303	0.956389898042892	0.960679128090941	0.933180007031525	0.24	0.6	0.292138906519177	0.371153133110864	0.311601595103404
wdLC_k1_0.24_k2_0.6	170	0.921226665689633	0.916058157925269	0.923471400394477	0.931302324729331	0.952836145358174	0.95448977473269	0.9249491637203	0.24	0.6	0.292138906519177	0.371153133110864	0.311601595103404
wdLC_k1_0.24_k2_0.6	180	0.911472576314084	0.907079436608126	0.914087883370886	0.92289062419622	0.949792689074765	0.951004660637674	0.923028488533597	0.24	0.6	0.292138906519177	0.371153133110864	0.311601595103404
wdLC_k1_0.24_k2_0.6	190	0.907024104764529	0.901227763999878	0.909888158441479	0.918886220787571	0.944935637523128	0.947008883465208	0.927476632243786	0.24	0.6	0.292138906519177	0.371153133110864	0.311601595103404
wdLC_k1_0.24_k2_0.6	200	0.905778144453611	0.89628740718518	0.908950723768094	0.916617415435386	0.945214130353259	0.947102677566939	0.913918847971199	0.24	0.6	0.292138906519177	0.371153133110864	0.311601595103404
wdLC_k1_0.24_k2_0.6	210	0.90659328199862	0.899459981275895	0.912994463755252	0.917480474128017	0.930176583207264	0.936032239150224	0.913574975785003	0.24	0.6	0.292138906519177	0.371153133110864	0.311601595103404
wdLC_k1_0.24_k2_0.6	220	0.901585119151598	0.891416238877963	0.908429362740402	0.912262274389591	0.927350489961288	0.932654130720207	0.916779272299014	0.24	0.6	0.292138906519177	0.371153133110864	0.311601595103404
wdLC_k1_0.24_k2_0.6	230	0.893434000971499	0.885149139829223	0.900706925502825	0.900837116177917	0.917598179303135	0.926788457413102	0.915797208297683	0.24	0.6	0.292138906519177	0.371153133110864	0.311601595103404
wdLC_k1_0.24_k2_0.6	240	0.885033594333235	0.875645410510599	0.895176131530061	0.892418271150541	0.923266896994739	0.932293963436865	0.915755481866004	0.24	0.6	0.292138906519177	0.371153133110864	0.311601595103404
wdLC_k1_0.24_k2_0.6	240	0.885033594333235	0.875645410510599	0.895176131530061	0.892418271150541	0.923266896994739	0.932293963436865	0.915755481866004	0.24	0.6	0.292138906519177	0.371153133110864	0.311601595103404
wdLC_k1_0.24_k2_0.6	250	0.871496951951231	0.863735419766716	0.882409638554217	0.877205587289397	0.917067729083665	0.927528824461191	0.915755481866004	0.24	0.6	0.292138906519177	0.371153133110864	0.311601595103404
wdLC_k1_0.24_k2_0.6	260	0.864896954552127	0.855107551659276	0.881497564256185	0.874642660849557	0.909767213215489	0.924198696612489	0.915755481866004	0.24	0.6	0.292138906519177	0.371153133110864	0.311601595103404
wdLC_k1_0.24_k2_0.6	270	0.866865419583564	0.853042337114821	0.8829936700854	0.877248125641108	0.909899084120953	0.924116624065869	0.915755481866004	0.24	0.6	0.292138906519177	0.371153133110864	0.311601595103404
wdLC_k1_0.24_k2_0.6	280	0.861059634507	0.846191733495143	0.883046613203886	0.871869721370353	0.914762396750687	0.927286791194494	0.915755481866004	0.24	0.6	0.292138906519177	0.371153133110864	0.311601595103404
wdLC_k1_0.24_k2_0.6	290	0.856213797285711	0.837438388500253	0.876049532755115	0.866868727374265	0.914260163821703	0.928093613807372	0.915755481866004	0.24	0.6	0.292138906519177	0.371153133110864	0.311601595103404
wdLC_k1_0.24_k2_0.6	300	0.855866398515539	0.836582184246492	0.874968388537651	0.866967855198391	0.91686263180702	0.931774353048367	0.915755481866004	0.24	0.6	0.292138906519177	0.371153133110864	0.311601595103404
wdLC_k1_0.24_k2_0.68	10	0.272727272727273	0.321212121212121	0.284848484848485	0.539393939393939	-0.127272727272727	0.0666666666666667	0.224242424242424	0.24	0.68	0.236648834889836	0.303856136447905	0.249466753222665
wdLC_k1_0.24_k2_0.68	20	0.290225563909774	0.410526315789474	0.499248120300752	0.78796992481203	0.341353383458647	0.384962406015038	0.129323308270677	0.24	0.68	0.236648834889836	0.303856136447905	0.249466753222665
wdLC_k1_0.24_k2_0.68	30	0.62714126807564	0.680088987764182	0.715684093437152	0.768186874304783	0.678754171301446	0.693882091212458	0.603114571746385	0.24	0.68	0.236648834889836	0.303856136447905	0.249466753222665
wdLC_k1_0.24_k2_0.68	40	0.734333958724203	0.783677298311445	0.787617260787993	0.764727954971858	0.795121951219513	0.821388367729831	0.60844277673546	0.24	0.68	0.236648834889836	0.303856136447905	0.249466753222665
wdLC_k1_0.24_k2_0.68	50	0.804273709483794	0.843937575030012	0.832220888355342	0.818967587034814	0.812436974789916	0.851812725090036	0.66031212484994	0.24	0.68	0.236648834889836	0.303856136447905	0.249466753222665
wdLC_k1_0.24_k2_0.68	60	0.834120589052515	0.857960544595721	0.849458182828564	0.828174492914699	0.84406779661017	0.877743817727147	0.746874131703251	0.24	0.68	0.236648834889836	0.303856136447905	0.249466753222665
wdLC_k1_0.24_k2_0.68	70	0.851736505992477	0.867168226751815	0.864893710086607	0.843933164202607	0.866748315982854	0.889248534686379	0.795328492695302	0.24	0.68	0.236648834889836	0.303856136447905	0.249466753222665
wdLC_k1_0.24_k2_0.68	80	0.859165494608533	0.873675574308486	0.879864041256446	0.85070323488045	0.904688232536334	0.920323488045007	0.830028129395218	0.24	0.68	0.236648834889836	0.303856136447905	0.249466753222665
wdLC_k1_0.24_k2_0.68	90	0.874651191505124	0.887047783676997	0.892217146149731	0.872609787216529	0.927826480635469	0.939498703543647	0.849413507840474	0.24	0.68	0.236648834889836	0.303856136447905	0.249466753222665
wdLC_k1_0.24_k2_0.68	100	0.89932193219322	0.909090909090909	0.913771377137714	0.900966096609661	0.92976897689769	0.945154515451545	0.876351635163516	0.24	0.68	0.236648834889836	0.303856136447905	0.249466753222665
wdLC_k1_0.24_k2_0.68	110	0.915641412889119	0.920203773414782	0.927453057728287	0.919716881184771	0.93228591393729	0.947983680093772	0.901034645988774	0.24	0.68	0.236648834889836	0.303856136447905	0.249466753222665
wdLC_k1_0.24_k2_0.68	120	0.924842002916869	0.928800611153552	0.933849572887006	0.929293700951455	0.940155566358775	0.955420515313563	0.911368845058684	0.24	0.68	0.236648834889836	0.303856136447905	0.249466753222665
wdLC_k1_0.24_k2_0.68	130	0.926324270439307	0.927591527946579	0.934304715345013	0.934217318275546	0.947807562577667	0.961009982384028	0.920982124568136	0.24	0.68	0.236648834889836	0.303856136447905	0.249466753222665
wdLC_k1_0.24_k2_0.68	140	0.923246812884039	0.925319804946317	0.93082591677418	0.933056351271566	0.953125888347073	0.963140976580438	0.931954254225799	0.24	0.68	0.236648834889836	0.303856136447905	0.249466753222665
wdLC_k1_0.24_k2_0.68	150	0.919761767189653	0.919815102893462	0.925038446153162	0.930428907951465	0.94871238721721	0.957783012578337	0.932313436152718	0.24	0.68	0.236648834889836	0.303856136447905	0.249466753222665
wdLC_k1_0.24_k2_0.68	160	0.924003867338568	0.92270010547287	0.929233563811086	0.93469471463729	0.946443220438298	0.953864408765967	0.928149537091292	0.24	0.68	0.236648834889836	0.303856136447905	0.249466753222665
wdLC_k1_0.24_k2_0.68	170	0.916114337357491	0.910779733880472	0.920493890486746	0.927171915169058	0.944050170675558	0.946529393445326	0.928884166559804	0.24	0.68	0.236648834889836	0.303856136447905	0.249466753222665
wdLC_k1_0.24_k2_0.68	180	0.915764889862856	0.908964268444499	0.918966634772678	0.928135642046565	0.942364476269844	0.946615636285071	0.920987273269751	0.24	0.68	0.236648834889836	0.303856136447905	0.249466753222665
wdLC_k1_0.24_k2_0.68	190	0.911954406085021	0.904224785349062	0.913775713279709	0.92047133540658	0.934221242460427	0.939543448499084	0.921799262554292	0.24	0.68	0.236648834889836	0.303856136447905	0.249466753222665
wdLC_k1_0.24_k2_0.68	200	0.912513312832821	0.903198079951999	0.915784894622366	0.920186004650116	0.932241806045151	0.934875871896798	0.918406960174004	0.24	0.68	0.236648834889836	0.303856136447905	0.249466753222665
wdLC_k1_0.24_k2_0.68	210	0.906305617555306	0.896885254929655	0.912213104929493	0.91675872144817	0.929000009718393	0.933754247747762	0.919516153589489	0.24	0.68	0.236648834889836	0.303856136447905	0.249466753222665
wdLC_k1_0.24_k2_0.68	220	0.895009100488553	0.886130630046827	0.903732045553158	0.903831221155959	0.927483475428681	0.932183046606898	0.921237666443146	0.24	0.68	0.236648834889836	0.303856136447905	0.249466753222665
wdLC_k1_0.24_k2_0.68	230	0.88516393422412	0.875596892190779	0.895455901607411	0.89083314634862	0.926629664241208	0.932639147448337	0.921019629696296	0.24	0.68	0.236648834889836	0.303856136447905	0.249466753222665
wdLC_k1_0.24_k2_0.68	240	0.871500373270369	0.861627806038299	0.883478879841664	0.875694022465668	0.915866594906161	0.923977846837619	0.921562874355457	0.24	0.68	0.236648834889836	0.303856136447905	0.249466753222665
wdLC_k1_0.24_k2_0.68	240	0.871500373270369	0.861627806038299	0.883478879841664	0.875694022465668	0.915866594906161	0.923977846837619	0.921562874355457	0.24	0.68	0.236648834889836	0.303856136447905	0.249466753222665
wdLC_k1_0.24_k2_0.68	250	0.862935918974704	0.855479287668603	0.876200259204147	0.86553103249652	0.90536706187299	0.917971679546873	0.921562874355457	0.24	0.68	0.236648834889836	0.303856136447905	0.249466753222665
wdLC_k1_0.24_k2_0.68	260	0.852135500411362	0.846592860385964	0.869344448654793	0.858517934380003	0.90197761232244	0.91311683035821	0.921562874355457	0.24	0.68	0.236648834889836	0.303856136447905	0.249466753222665
wdLC_k1_0.24_k2_0.68	270	0.850792649190432	0.844059436876897	0.869642473376407	0.858392204739891	0.900395524401341	0.915843991153666	0.921562874355457	0.24	0.68	0.236648834889836	0.303856136447905	0.249466753222665
wdLC_k1_0.24_k2_0.68	280	0.856937861816751	0.846044683514549	0.876419524301513	0.860712509088126	0.900289726727564	0.916507316966507	0.921562874355457	0.24	0.68	0.236648834889836	0.303856136447905	0.249466753222665
wdLC_k1_0.24_k2_0.68	290	0.846688078213239	0.836600951833861	0.870509756358577	0.857553105514806	0.904456939296912	0.920515845241507	0.921562874355457	0.24	0.68	0.236648834889836	0.303856136447905	0.249466753222665
wdLC_k1_0.24_k2_0.68	300	0.844716052400582	0.838121312459027	0.869050545006056	0.856632184802053	0.902908698985544	0.920222224691385	0.921562874355457	0.24	0.68	0.236648834889836	0.303856136447905	0.249466753222665
wdLC_k1_0.24_k2_0.76	10	0.115151515151515	0.0787878787878788	0.0909090909090909	0.454545454545455	-0.454545454545455	-0.175757575757576	0.0787878787878788	0.24	0.76	0.180977423157131	0.234334445680386	0.19122693128072
wdLC_k1_0.24_k2_0.76	20	0.171428571428571	0.294736842105263	0.433082706766917	0.760902255639098	0.195488721804511	0.203007518796993	0.171428571428571	0.24	0.76	0.180977423157131	0.234334445680386	0.19122693128072
wdLC_k1_0.24_k2_0.76	30	0.566629588431591	0.649388209121246	0.674749721913237	0.817575083426029	0.595550611790879	0.599555061179088	0.494104560622914	0.24	0.76	0.180977423157131	0.234334445680386	0.19122693128072
wdLC_k1_0.24_k2_0.76	40	0.744652908067543	0.781238273921201	0.812757973733584	0.84859287054409	0.771294559099437	0.797748592870544	0.610131332082552	0.24	0.76	0.180977423157131	0.234334445680386	0.19122693128072
wdLC_k1_0.24_k2_0.76	50	0.822905162064826	0.84797118847539	0.859399759903962	0.872364945978391	0.852773109243698	0.878415366146459	0.688931572629052	0.24	0.76	0.180977423157131	0.234334445680386	0.19122693128072
wdLC_k1_0.24_k2_0.76	60	0.856960266740762	0.879799944429008	0.877799388719089	0.874909697138094	0.853626007224229	0.892081133648236	0.730647402056127	0.24	0.76	0.180977423157131	0.234334445680386	0.19122693128072
wdLC_k1_0.24_k2_0.76	70	0.857580264193859	0.875321494182486	0.880920304435307	0.867763100341177	0.887918817251334	0.910349050826699	0.791374332954247	0.24	0.76	0.180977423157131	0.234334445680386	0.19122693128072
wdLC_k1_0.24_k2_0.76	80	0.880004688232536	0.892639474917956	0.902930145335209	0.887388654477262	0.89648382559775	0.913502109704641	0.827262072198781	0.24	0.76	0.180977423157131	0.234334445680386	0.19122693128072
wdLC_k1_0.24_k2_0.76	90	0.892974441289048	0.903938757871342	0.911692801580442	0.901798575955879	0.917158496933778	0.931102605259909	0.831320739185908	0.24	0.76	0.180977423157131	0.234334445680386	0.19122693128072
wdLC_k1_0.24_k2_0.76	100	0.911035103510351	0.918811881188119	0.926444644464446	0.919699969997	0.926792679267927	0.941758175817582	0.86969096909691	0.24	0.76	0.180977423157131	0.234334445680386	0.19122693128072
wdLC_k1_0.24_k2_0.76	110	0.924721051326556	0.92874242048554	0.936938439690733	0.932340013073958	0.930987534657259	0.946856614746523	0.882226179473886	0.24	0.76	0.180977423157131	0.234334445680386	0.19122693128072
wdLC_k1_0.24_k2_0.76	120	0.933363428015834	0.936884505868463	0.943891936940065	0.943989165914299	0.936926175428849	0.952482811306341	0.898951316063615	0.24	0.76	0.180977423157131	0.234334445680386	0.19122693128072
wdLC_k1_0.24_k2_0.76	130	0.931234893279985	0.932824427480916	0.94267298474648	0.943454096054842	0.928815086919117	0.945994073386227	0.915071897745429	0.24	0.76	0.180977423157131	0.234334445680386	0.19122693128072
wdLC_k1_0.24_k2_0.76	140	0.923343027705495	0.924305175920054	0.933533051977871	0.935614790842098	0.934604535216812	0.948039623012836	0.925717784435066	0.24	0.76	0.180977423157131	0.234334445680386	0.19122693128072
wdLC_k1_0.24_k2_0.76	150	0.928096359838215	0.928238588381706	0.937223876616739	0.939641761856083	0.937220320903151	0.948445708698164	0.930546246499845	0.24	0.76	0.180977423157131	0.234334445680386	0.19122693128072
wdLC_k1_0.24_k2_0.76	160	0.928630024610336	0.926552795031056	0.936640103129028	0.939854095863119	0.938140161725067	0.944667760459393	0.930877182702449	0.24	0.76	0.180977423157131	0.234334445680386	0.19122693128072
wdLC_k1_0.24_k2_0.76	170	0.93371071256282	0.928884166559804	0.940437588925324	0.942318378612734	0.922648249583234	0.930828463431464	0.936834777511129	0.24	0.76	0.180977423157131	0.234334445680386	0.19122693128072
wdLC_k1_0.24_k2_0.76	180	0.930339413767915	0.925184933691369	0.934814860540963	0.941096947436649	0.922884451166188	0.92789900922868	0.923468831342531	0.24	0.76	0.180977423157131	0.234334445680386	0.19122693128072
wdLC_k1_0.24_k2_0.76	190	0.916828721017203	0.910587988295346	0.920819500758878	0.929100237504757	0.914164118848605	0.917343095959795	0.916753489307912	0.24	0.76	0.180977423157131	0.234334445680386	0.19122693128072
wdLC_k1_0.24_k2_0.76	200	0.907446186154654	0.8979194479862	0.90980724518113	0.920294007350184	0.921921548038701	0.922574064351609	0.911731793294832	0.24	0.76	0.180977423157131	0.234334445680386	0.19122693128072
wdLC_k1_0.24_k2_0.76	210	0.898390958006822	0.88924789353824	0.902739615086834	0.912562967090281	0.920845629800481	0.920730304866	0.90118337636422	0.24	0.76	0.180977423157131	0.234334445680386	0.19122693128072
wdLC_k1_0.24_k2_0.76	220	0.888177253850098	0.879801423395299	0.894998957529175	0.904189605720629	0.921997261400968	0.920581755070071	0.903531440356581	0.24	0.76	0.180977423157131	0.234334445680386	0.19122693128072
wdLC_k1_0.24_k2_0.76	230	0.875574207451937	0.868237173876057	0.885956913790595	0.892997073175543	0.915269541546359	0.916503394080762	0.905486501347523	0.24	0.76	0.180977423157131	0.234334445680386	0.19122693128072
wdLC_k1_0.24_k2_0.76	240	0.86384746262956	0.860218927411934	0.875901491345336	0.879660237156895	0.901139776732235	0.906862966370944	0.912035799232625	0.24	0.76	0.180977423157131	0.234334445680386	0.19122693128072
wdLC_k1_0.24_k2_0.76	240	0.86384746262956	0.860218927411934	0.875901491345336	0.879660237156895	0.901139776732235	0.906862966370944	0.912035799232625	0.24	0.76	0.180977423157131	0.234334445680386	0.19122693128072
wdLC_k1_0.24_k2_0.76	250	0.861802332837325	0.855463159410551	0.874425382806125	0.872782604521672	0.899394230307685	0.906243363893822	0.912035799232625	0.24	0.76	0.180977423157131	0.234334445680386	0.19122693128072
wdLC_k1_0.24_k2_0.76	260	0.862142703522014	0.856096869889973	0.880846211880695	0.875745317124627	0.904961953237815	0.911436559712422	0.912035799232625	0.24	0.76	0.180977423157131	0.234334445680386	0.19122693128072
wdLC_k1_0.24_k2_0.76	270	0.86097538298803	0.848967902318428	0.88035562140008	0.869476033050293	0.905544200423417	0.910881874618003	0.912035799232625	0.24	0.76	0.180977423157131	0.234334445680386	0.19122693128072
wdLC_k1_0.24_k2_0.76	280	0.850254467531474	0.84231376857941	0.872619730936801	0.863374715056497	0.899185485237603	0.904454138445643	0.912035799232625	0.24	0.76	0.180977423157131	0.234334445680386	0.19122693128072
wdLC_k1_0.24_k2_0.76	290	0.848418551042675	0.840379749482445	0.867456212321193	0.855995335546652	0.87981307744444	0.892518792506861	0.912035799232625	0.24	0.76	0.180977423157131	0.234334445680386	0.19122693128072
wdLC_k1_0.24_k2_0.76	300	0.845297392193247	0.836631962577362	0.864931832575918	0.852113912376804	0.878180424226936	0.892174801942244	0.912035799232625	0.24	0.76	0.180977423157131	0.234334445680386	0.19122693128072
wdLC_k1_0.28_k2_0.04	10	0.721212121212121	0.236363636363636	0.151515151515152	-0.466666666666667	0.503030303030303	0.76969696969697	0.612121212121212	0.28	0.04	0.641399945597969	0.760103819058213	0.685616247797459
wdLC_k1_0.28_k2_0.04	20	0.815037593984962	0.777443609022556	0.712781954887218	0.374436090225564	0.918796992481203	0.947368421052632	0.729323308270677	0.28	0.04	0.641399945597969	0.760103819058213	0.685616247797459
wdLC_k1_0.28_k2_0.04	30	0.916796440489433	0.878086763070078	0.887430478309233	0.556840934371524	0.967519466073415	0.976418242491657	0.837152391546163	0.28	0.04	0.641399945597969	0.760103819058213	0.685616247797459
wdLC_k1_0.28_k2_0.04	40	0.908818011257036	0.883114446529081	0.900750469043152	0.742213883677299	0.95046904315197	0.974108818011257	0.815759849906192	0.28	0.04	0.641399945597969	0.760103819058213	0.685616247797459
wdLC_k1_0.28_k2_0.04	50	0.93046818727491	0.904825930372149	0.932292917166867	0.845954381752701	0.954285714285714	0.967154861944778	0.81656662665066	0.28	0.04	0.641399945597969	0.760103819058213	0.685616247797459
wdLC_k1_0.28_k2_0.04	60	0.911475409836066	0.889024729091414	0.911253125868297	0.841789385940539	0.965268130036121	0.977993887190886	0.823895526535149	0.28	0.04	0.641399945597969	0.760103819058213	0.685616247797459
wdLC_k1_0.28_k2_0.04	70	0.909089318519814	0.896072084682005	0.913883299798793	0.863668970343802	0.970851194121249	0.978269617706238	0.861394453678593	0.28	0.04	0.641399945597969	0.760103819058213	0.685616247797459
wdLC_k1_0.28_k2_0.04	80	0.896741678387248	0.88384903891233	0.911275199249883	0.863384903891233	0.976113455227379	0.982325363338022	0.88300515705579	0.28	0.04	0.641399945597969	0.760103819058213	0.685616247797459
wdLC_k1_0.28_k2_0.04	90	0.90495946001564	0.897172490430917	0.91798164382434	0.88103881137589	0.977626867514508	0.984821171338025	0.882273531711734	0.28	0.04	0.641399945597969	0.760103819058213	0.685616247797459
wdLC_k1_0.28_k2_0.04	100	0.910939093909391	0.906678667866787	0.921644164416442	0.895193519351935	0.977197719771977	0.984902490249025	0.893033303330333	0.28	0.04	0.641399945597969	0.760103819058213	0.685616247797459
wdLC_k1_0.28_k2_0.04	110	0.917318486125825	0.914045488357415	0.925352207921015	0.908879020805626	0.977882469625589	0.985708811396885	0.911908572459031	0.28	0.04	0.641399945597969	0.760103819058213	0.685616247797459
wdLC_k1_0.28_k2_0.04	120	0.916917841516772	0.912681436210848	0.923932217515105	0.914125980970901	0.981825126744913	0.987165775401069	0.918334606569901	0.28	0.04	0.641399945597969	0.760103819058213	0.685616247797459
wdLC_k1_0.28_k2_0.04	130	0.917497166423138	0.912684865285611	0.923145202037444	0.918256428464133	0.984672738942222	0.988507285365088	0.921910718431223	0.28	0.04	0.641399945597969	0.760103819058213	0.685616247797459
wdLC_k1_0.28_k2_0.04	140	0.916861647460147	0.911018783757189	0.92065775950668	0.921169447420787	0.9845269073495	0.987995014322888	0.922796352583587	0.28	0.04	0.641399945597969	0.760103819058213	0.685616247797459
wdLC_k1_0.28_k2_0.04	150	0.903067691897418	0.893765945153118	0.907462553891284	0.909798657718121	0.984223298813281	0.987359438197253	0.910474243299702	0.28	0.04	0.641399945597969	0.760103819058213	0.685616247797459
wdLC_k1_0.28_k2_0.04	160	0.907268838626509	0.894975389663659	0.911446736200633	0.916339505449432	0.97949138638228	0.983839212469237	0.905853744286886	0.28	0.04	0.641399945597969	0.760103819058213	0.685616247797459
wdLC_k1_0.28_k2_0.04	170	0.908798798248668	0.892479894480371	0.910244807982365	0.917826588748237	0.976321590610707	0.980290789626346	0.89670800740103	0.28	0.04	0.641399945597969	0.760103819058213	0.685616247797459
wdLC_k1_0.28_k2_0.04	180	0.904073170982644	0.888045927343437	0.905686389497618	0.9160323878309	0.970408551704271	0.972622611809006	0.888424539852053	0.28	0.04	0.641399945597969	0.760103819058213	0.685616247797459
wdLC_k1_0.28_k2_0.04	190	0.893335432822895	0.880029917726253	0.898440691606853	0.912474029751517	0.967645116281104	0.968264465701776	0.881985942167811	0.28	0.04	0.641399945597969	0.760103819058213	0.685616247797459
wdLC_k1_0.28_k2_0.04	200	0.881041026025651	0.868899722493062	0.886832670816771	0.902979074476862	0.960654016350409	0.964330608265207	0.884915622890573	0.28	0.04	0.641399945597969	0.760103819058213	0.685616247797459
wdLC_k1_0.28_k2_0.04	210	0.874391709562575	0.856333638922813	0.878963241796866	0.895747555014205	0.957473606463379	0.957635579685966	0.887396215657627	0.28	0.04	0.641399945597969	0.760103819058213	0.685616247797459
wdLC_k1_0.28_k2_0.04	220	0.854235530786699	0.838361799360994	0.861990386728501	0.879434022866739	0.95488186269814	0.952059866000237	0.890140479987378	0.28	0.04	0.641399945597969	0.760103819058213	0.685616247797459
wdLC_k1_0.28_k2_0.04	230	0.852148762572154	0.833515715345979	0.860735429370326	0.877866352367966	0.954024938418331	0.95378822809998	0.894077064003018	0.28	0.04	0.641399945597969	0.760103819058213	0.685616247797459
wdLC_k1_0.28_k2_0.04	240	0.84004236184656	0.818789388704665	0.849607632076946	0.86266949078977	0.952838590947759	0.952288234170732	0.902336846125801	0.28	0.04	0.641399945597969	0.760103819058213	0.685616247797459
wdLC_k1_0.28_k2_0.04	240	0.84004236184656	0.818789388704665	0.849607632076946	0.86266949078977	0.952838590947759	0.952288234170732	0.902336846125801	0.28	0.04	0.641399945597969	0.760103819058213	0.685616247797459
wdLC_k1_0.28_k2_0.04	250	0.827301684826957	0.802430374885998	0.835304372869966	0.850745259924159	0.954070561128978	0.953865501848029	0.902336846125801	0.28	0.04	0.641399945597969	0.760103819058213	0.685616247797459
wdLC_k1_0.28_k2_0.04	260	0.822959147097078	0.798572350296488	0.833100853790509	0.847068743620468	0.956081507805646	0.956505501333087	0.902336846125801	0.28	0.04	0.641399945597969	0.760103819058213	0.685616247797459
wdLC_k1_0.28_k2_0.04	270	0.809082581532135	0.784754858701003	0.825213880391592	0.832826848714584	0.957768663188491	0.956658451342878	0.902336846125801	0.28	0.04	0.641399945597969	0.760103819058213	0.685616247797459
wdLC_k1_0.28_k2_0.04	280	0.813403961056355	0.787627028770411	0.833237668847817	0.835868715526619	0.96052610000492	0.959756410887165	0.902336846125801	0.28	0.04	0.641399945597969	0.760103819058213	0.685616247797459
wdLC_k1_0.28_k2_0.04	290	0.793378001542517	0.768164367857095	0.814119073948561	0.81979415885465	0.960810719386142	0.961986181310943	0.902336846125801	0.28	0.04	0.641399945597969	0.760103819058213	0.685616247797459
wdLC_k1_0.28_k2_0.04	300	0.791794131045901	0.767587195413282	0.812735697063301	0.817165079611996	0.959171990799898	0.964428049200547	0.902336846125801	0.28	0.04	0.641399945597969	0.760103819058213	0.685616247797459
wdLC_k1_0.28_k2_0.12	10	0.76969696969697	0.587878787878788	0.6	-0.139393939393939	0.696969696969697	0.842424242424242	0.672727272727273	0.28	0.12	0.5554447366035	0.669076751946607	0.597236390614857
wdLC_k1_0.28_k2_0.12	20	0.861654135338346	0.837593984962406	0.82406015037594	0.520300751879699	0.945864661654135	0.941353383458647	0.720300751879699	0.28	0.12	0.5554447366035	0.669076751946607	0.597236390614857
wdLC_k1_0.28_k2_0.12	30	0.922135706340378	0.909232480533927	0.919466073414906	0.629810901001112	0.974193548387097	0.977308120133482	0.834037819799778	0.28	0.12	0.5554447366035	0.669076751946607	0.597236390614857
wdLC_k1_0.28_k2_0.12	40	0.913508442776736	0.906191369606004	0.923639774859287	0.779737335834897	0.951969981238274	0.972607879924954	0.80656660412758	0.28	0.12	0.5554447366035	0.669076751946607	0.597236390614857
wdLC_k1_0.28_k2_0.12	50	0.939015606242497	0.924897959183673	0.947947178871549	0.860456182472989	0.942857142857143	0.964273709483793	0.820504201680672	0.28	0.12	0.5554447366035	0.669076751946607	0.597236390614857
wdLC_k1_0.28_k2_0.12	60	0.920700194498472	0.905584884690192	0.928368991386496	0.867018616282301	0.961933870519589	0.974715198666296	0.832342317310364	0.28	0.12	0.5554447366035	0.669076751946607	0.597236390614857
wdLC_k1_0.28_k2_0.12	70	0.893587612632316	0.882739917767474	0.903805441343714	0.852436357274079	0.974035517452541	0.982153792319132	0.850756714198233	0.28	0.12	0.5554447366035	0.669076751946607	0.597236390614857
wdLC_k1_0.28_k2_0.12	80	0.905461790904829	0.896718237224566	0.920393811533052	0.880403187998125	0.978809188935771	0.987365213314581	0.876957337083919	0.28	0.12	0.5554447366035	0.669076751946607	0.597236390614857
wdLC_k1_0.28_k2_0.12	90	0.907774622381364	0.899806560480718	0.92336502448862	0.889220891468083	0.982055397785735	0.988492406469935	0.887195950117298	0.28	0.12	0.5554447366035	0.669076751946607	0.597236390614857
wdLC_k1_0.28_k2_0.12	100	0.890993099309931	0.88951695169517	0.907038703870387	0.878703870387039	0.985118511851185	0.990567056705671	0.907638763876388	0.28	0.12	0.5554447366035	0.669076751946607	0.597236390614857
wdLC_k1_0.28_k2_0.12	110	0.88974595947073	0.891098437887429	0.903081396659378	0.886013119040642	0.986944075017469	0.991488402497577	0.924901381782116	0.28	0.12	0.5554447366035	0.669076751946607	0.597236390614857
wdLC_k1_0.28_k2_0.12	120	0.902222376553927	0.902007083825265	0.912257795680255	0.90353496770609	0.988110285436488	0.991339676366414	0.930154871866102	0.28	0.12	0.5554447366035	0.669076751946607	0.597236390614857
wdLC_k1_0.28_k2_0.12	130	0.910816752925753	0.906605306640812	0.917011020224228	0.91378279097079	0.989146376435565	0.990462794794412	0.930590339892665	0.28	0.12	0.5554447366035	0.669076751946607	0.597236390614857
wdLC_k1_0.28_k2_0.12	140	0.918125560342	0.912326430648794	0.923736633793269	0.922433360302639	0.986372482561064	0.987728236863397	0.927226607771534	0.28	0.12	0.5554447366035	0.669076751946607	0.597236390614857
wdLC_k1_0.28_k2_0.12	150	0.922609893773057	0.914904662429441	0.929180852482333	0.927641228499045	0.983764611760523	0.983174363305036	0.914630872483222	0.28	0.12	0.5554447366035	0.669076751946607	0.597236390614857
wdLC_k1_0.28_k2_0.12	160	0.917183288409703	0.906770772295793	0.924118129614438	0.923476502988398	0.978635884214227	0.978656392827845	0.915779913277862	0.28	0.12	0.5554447366035	0.669076751946607	0.597236390614857
wdLC_k1_0.28_k2_0.12	170	0.902245345350847	0.893781791757501	0.908161283822156	0.9111168104738	0.972181410714395	0.973082724213946	0.896725105489097	0.28	0.12	0.5554447366035	0.669076751946607	0.597236390614857
wdLC_k1_0.28_k2_0.12	180	0.883041657664331	0.878597076041442	0.889301110116568	0.8953980061113	0.96519028365073	0.967367305575275	0.893681903762462	0.28	0.12	0.5554447366035	0.669076751946607	0.597236390614857
wdLC_k1_0.28_k2_0.12	190	0.887274906288409	0.875876427543554	0.891669837770692	0.894894303822383	0.959635563603599	0.965099485187664	0.895184733211738	0.28	0.12	0.5554447366035	0.669076751946607	0.597236390614857
wdLC_k1_0.28_k2_0.12	200	0.868833720843021	0.855802895072377	0.870399759994	0.877668941723543	0.954469361734044	0.962205055126378	0.888457211430286	0.28	0.12	0.5554447366035	0.669076751946607	0.597236390614857
wdLC_k1_0.28_k2_0.12	210	0.858375797313188	0.841886923253848	0.863453981787731	0.870307392781825	0.951423582653316	0.962112519558267	0.890410213383523	0.28	0.12	0.5554447366035	0.669076751946607	0.597236390614857
wdLC_k1_0.28_k2_0.12	220	0.858955387883672	0.845137296225129	0.867741444695514	0.871206955816142	0.949646968663891	0.964471467291774	0.888344049182083	0.28	0.12	0.5554447366035	0.669076751946607	0.597236390614857
wdLC_k1_0.28_k2_0.12	230	0.838561590298822	0.821346832396766	0.844975453633134	0.849210595745625	0.951758437120123	0.963743869572615	0.894026763060369	0.28	0.12	0.5554447366035	0.669076751946607	0.597236390614857
wdLC_k1_0.28_k2_0.12	240	0.815634820048959	0.797463497630167	0.825460511467213	0.826836403409781	0.952390666504627	0.963907359502769	0.90231861664265	0.28	0.12	0.5554447366035	0.669076751946607	0.597236390614857
wdLC_k1_0.28_k2_0.12	240	0.815634820048959	0.797463497630167	0.825460511467213	0.826836403409781	0.952390666504627	0.963907359502769	0.90231861664265	0.28	0.12	0.5554447366035	0.669076751946607	0.597236390614857
wdLC_k1_0.28_k2_0.12	250	0.81456266500264	0.797239379830077	0.82603984063745	0.821132242115874	0.949867229875678	0.965682906926511	0.90231861664265	0.28	0.12	0.5554447366035	0.669076751946607	0.597236390614857
wdLC_k1_0.28_k2_0.12	260	0.807920007920008	0.785707799500903	0.825334466713777	0.817567396877742	0.95258236637547	0.963363818536232	0.90231861664265	0.28	0.12	0.5554447366035	0.669076751946607	0.597236390614857
wdLC_k1_0.28_k2_0.12	270	0.799221754299327	0.775511019050711	0.817936231406924	0.805419675014594	0.951599397034862	0.965162149762761	0.90231861664265	0.28	0.12	0.5554447366035	0.669076751946607	0.597236390614857
wdLC_k1_0.28_k2_0.12	280	0.794886596585598	0.771758203912951	0.814928579628384	0.79894222411729	0.948652770716828	0.964538541854579	0.90231861664265	0.28	0.12	0.5554447366035	0.669076751946607	0.597236390614857
wdLC_k1_0.28_k2_0.12	290	0.790373660599515	0.768578657911796	0.805570036299583	0.79751548974915	0.950196135834983	0.96582845095128	0.90231861664265	0.28	0.12	0.5554447366035	0.669076751946607	0.597236390614857
wdLC_k1_0.28_k2_0.12	300	0.784379826442516	0.766476516405738	0.800485338725986	0.792107023411371	0.953475483060923	0.967156079511995	0.90231861664265	0.28	0.12	0.5554447366035	0.669076751946607	0.597236390614857
wdLC_k1_0.28_k2_0.2	10	0.624242424242424	0.660606060606061	0.624242424242424	0.187878787878788	0.806060606060606	0.842424242424242	0.551515151515151	0.28	0.2	0.493789101459788	0.603448275862069	0.53222665306501
wdLC_k1_0.28_k2_0.2	20	0.854135338345865	0.840601503759399	0.83609022556391	0.46015037593985	0.92781954887218	0.906766917293233	0.733834586466166	0.28	0.2	0.493789101459788	0.603448275862069	0.53222665306501
wdLC_k1_0.28_k2_0.2	30	0.903893214682981	0.905228031145718	0.90789766407119	0.579977753058954	0.953281423804227	0.957285873192436	0.82825361512792	0.28	0.2	0.493789101459788	0.603448275862069	0.53222665306501
wdLC_k1_0.28_k2_0.2	40	0.91125703564728	0.911069418386492	0.923639774859287	0.752908067542214	0.923452157598499	0.955722326454034	0.806378986866792	0.28	0.2	0.493789101459788	0.603448275862069	0.53222665306501
wdLC_k1_0.28_k2_0.2	50	0.941320528211284	0.93046818727491	0.950636254501801	0.853061224489796	0.936518607442977	0.951116446578632	0.804849939975991	0.28	0.2	0.493789101459788	0.603448275862069	0.53222665306501
wdLC_k1_0.28_k2_0.2	60	0.907752153375938	0.900416782439567	0.911753264795777	0.845901639344262	0.930591831064185	0.95843289802723	0.822339538760767	0.28	0.2	0.493789101459788	0.603448275862069	0.53222665306501
wdLC_k1_0.28_k2_0.2	70	0.907514653136209	0.898451579039454	0.916262794156242	0.851036654710874	0.94996063336541	0.966372145918992	0.849566967019508	0.28	0.2	0.493789101459788	0.603448275862069	0.53222665306501
wdLC_k1_0.28_k2_0.2	80	0.895264885138303	0.890060947022972	0.914556962025317	0.855016408813877	0.96319737458978	0.976090014064697	0.873886544772621	0.28	0.2	0.493789101459788	0.603448275862069	0.53222665306501
wdLC_k1_0.28_k2_0.2	90	0.901469317199654	0.898851710087665	0.918508457834301	0.873614026423015	0.965378441782936	0.977017738815492	0.885533193398362	0.28	0.2	0.493789101459788	0.603448275862069	0.53222665306501
wdLC_k1_0.28_k2_0.2	100	0.914695469546955	0.914779477947795	0.927680768076808	0.897305730573057	0.965868586858686	0.978121812181218	0.899273927392739	0.28	0.2	0.493789101459788	0.603448275862069	0.53222665306501
wdLC_k1_0.28_k2_0.2	110	0.917255370466379	0.916597164303586	0.927065347248833	0.908446227712283	0.969668417374839	0.981083335211775	0.913928273561301	0.28	0.2	0.493789101459788	0.603448275862069	0.53222665306501
wdLC_k1_0.28_k2_0.2	120	0.925369817348427	0.92389749288145	0.93313424543371	0.92057087297729	0.973560663934995	0.983137717897076	0.926105979581915	0.28	0.2	0.493789101459788	0.603448275862069	0.53222665306501
wdLC_k1_0.28_k2_0.2	130	0.929202911414876	0.923838916276339	0.934976580316541	0.927771784402354	0.977801144355378	0.986021931202119	0.933933277799779	0.28	0.2	0.493789101459788	0.603448275862069	0.53222665306501
wdLC_k1_0.28_k2_0.2	140	0.922267171065579	0.91640681375872	0.926671185847674	0.92398591764886	0.979847368305963	0.986731101441036	0.927366556602742	0.28	0.2	0.493789101459788	0.603448275862069	0.53222665306501
wdLC_k1_0.28_k2_0.2	150	0.915843370816481	0.908600382239211	0.920622249877772	0.918780390239566	0.978071914307303	0.985243788612827	0.929120405351349	0.28	0.2	0.493789101459788	0.603448275862069	0.53222665306501
wdLC_k1_0.28_k2_0.2	160	0.919292745810383	0.911982889956639	0.924364232977851	0.923356381108637	0.971651236376421	0.980226766670573	0.926705144732216	0.28	0.2	0.493789101459788	0.603448275862069	0.53222665306501
wdLC_k1_0.28_k2_0.2	170	0.909817355780681	0.902111003230317	0.91384761939656	0.919174895121549	0.968002149473929	0.97559125799183	0.914731834808044	0.28	0.2	0.493789101459788	0.603448275862069	0.53222665306501
wdLC_k1_0.28_k2_0.2	180	0.90761031719086	0.89817998497896	0.913452061277611	0.915822504809819	0.959381462390814	0.967986666255131	0.905661697377491	0.28	0.2	0.493789101459788	0.603448275862069	0.53222665306501
wdLC_k1_0.28_k2_0.2	190	0.904345505998854	0.893463151771226	0.910577490847538	0.917748997275038	0.956416346275812	0.964319174900602	0.901210268253531	0.28	0.2	0.493789101459788	0.603448275862069	0.53222665306501
wdLC_k1_0.28_k2_0.2	200	0.893474836870922	0.882146553663842	0.898937973449336	0.907891697292433	0.952654316357909	0.960562514062852	0.902773569339234	0.28	0.2	0.493789101459788	0.603448275862069	0.53222665306501
wdLC_k1_0.28_k2_0.2	210	0.881613123718387	0.869563611743707	0.885119520040947	0.89480551875164	0.950173149374945	0.956566556416893	0.899913506299139	0.28	0.2	0.493789101459788	0.603448275862069	0.53222665306501
wdLC_k1_0.28_k2_0.2	220	0.874524830528054	0.861213886838383	0.879786772453976	0.886945447783482	0.950342324878989	0.95680113601145	0.901842074122493	0.28	0.2	0.493789101459788	0.603448275862069	0.53222665306501
wdLC_k1_0.28_k2_0.2	230	0.868894045009481	0.855528788659603	0.873646004650371	0.875805000012329	0.943663930525522	0.954411565271637	0.90775892040369	0.28	0.2	0.493789101459788	0.603448275862069	0.53222665306501
wdLC_k1_0.28_k2_0.2	240	0.862288407784857	0.848600670150523	0.87049948783833	0.875139325335509	0.944689143908748	0.957514019340613	0.9139646521641	0.28	0.2	0.493789101459788	0.603448275862069	0.53222665306501
wdLC_k1_0.28_k2_0.2	240	0.862288407784857	0.848600670150523	0.87049948783833	0.875139325335509	0.944689143908748	0.957514019340613	0.9139646521641	0.28	0.2	0.493789101459788	0.603448275862069	0.53222665306501
wdLC_k1_0.28_k2_0.2	250	0.857492247875966	0.838480103681659	0.871170546728748	0.867487159794557	0.947031728507656	0.957436758988144	0.9139646521641	0.28	0.2	0.493789101459788	0.603448275862069	0.53222665306501
wdLC_k1_0.28_k2_0.2	260	0.843240512206029	0.821187386704628	0.859105790140273	0.852682390613425	0.948003782486541	0.960000546207443	0.9139646521641	0.28	0.2	0.493789101459788	0.603448275862069	0.53222665306501
wdLC_k1_0.28_k2_0.2	270	0.82414268752353	0.800329527458843	0.838124284588571	0.836549503041499	0.945147243293994	0.962385095969919	0.9139646521641	0.28	0.2	0.493789101459788	0.603448275862069	0.53222665306501
wdLC_k1_0.28_k2_0.2	280	0.814834555105477	0.791107576080599	0.832767546233279	0.830736725869317	0.948686116623208	0.964693244994014	0.9139646521641	0.28	0.2	0.493789101459788	0.603448275862069	0.53222665306501
wdLC_k1_0.28_k2_0.2	290	0.815268950264282	0.79680302894249	0.836272767194329	0.830251784534729	0.950257147672017	0.965699046813054	0.9139646521641	0.28	0.2	0.493789101459788	0.603448275862069	0.53222665306501
wdLC_k1_0.28_k2_0.2	300	0.819412660140668	0.803847598306648	0.839576884187602	0.831906132290359	0.951312347914977	0.967418749097212	0.9139646521641	0.28	0.2	0.493789101459788	0.603448275862069	0.53222665306501
wdLC_k1_0.28_k2_0.28	10	0.781818181818182	0.757575757575757	0.854545454545454	0.442424242424242	0.648484848484848	0.672727272727273	0.721212121212121	0.28	0.28	0.433221506936259	0.53559510567297	0.467402392655105
wdLC_k1_0.28_k2_0.28	20	0.855639097744361	0.806015037593985	0.86015037593985	0.482706766917293	0.821052631578947	0.815037593984962	0.780451127819549	0.28	0.28	0.433221506936259	0.53559510567297	0.467402392655105
wdLC_k1_0.28_k2_0.28	30	0.912791991101223	0.89321468298109	0.909232480533927	0.654727474972191	0.927474972191324	0.925250278086763	0.856284760845384	0.28	0.28	0.433221506936259	0.53559510567297	0.467402392655105
wdLC_k1_0.28_k2_0.28	40	0.940525328330207	0.91969981238274	0.947467166979362	0.817073170731708	0.947842401500938	0.95046904315197	0.818574108818012	0.28	0.28	0.433221506936259	0.53559510567297	0.467402392655105
wdLC_k1_0.28_k2_0.28	50	0.952172869147659	0.94593037214886	0.960432172869148	0.886962785114046	0.883985594237695	0.90828331332533	0.823865546218487	0.28	0.28	0.433221506936259	0.53559510567297	0.467402392655105
wdLC_k1_0.28_k2_0.28	60	0.936148930258405	0.934148374548486	0.943262017227008	0.895582106140595	0.913364823562101	0.939316476799111	0.826896360100028	0.28	0.28	0.433221506936259	0.53559510567297	0.467402392655105
wdLC_k1_0.28_k2_0.28	70	0.915457965182399	0.90527512903508	0.931939462864141	0.877631003411775	0.935123786195433	0.951710261569417	0.847222465226139	0.28	0.28	0.433221506936259	0.53559510567297	0.467402392655105
wdLC_k1_0.28_k2_0.28	80	0.872995780590717	0.865986872948898	0.900796999531177	0.85253164556962	0.940436005625879	0.948968588842007	0.864908579465542	0.28	0.28	0.433221506936259	0.53559510567297	0.467402392655105
wdLC_k1_0.28_k2_0.28	90	0.898868173025477	0.893665884677121	0.920319380993538	0.885697822776474	0.946478989175618	0.957245750504178	0.87196773264189	0.28	0.28	0.433221506936259	0.53559510567297	0.467402392655105
wdLC_k1_0.28_k2_0.28	100	0.918379837983798	0.914767476747675	0.933789378937894	0.908226822682268	0.946918691869187	0.96009600960096	0.878115811581158	0.28	0.28	0.433221506936259	0.53559510567297	0.467402392655105
wdLC_k1_0.28_k2_0.28	110	0.919347203750873	0.915091404999662	0.93058179113225	0.914189752721863	0.943277055203661	0.957288731600658	0.896787863760341	0.28	0.28	0.433221506936259	0.53559510567297	0.467402392655105
wdLC_k1_0.28_k2_0.28	120	0.927050489617334	0.922244600319466	0.938113757899854	0.927015764983679	0.950218765192027	0.963976665046184	0.915514966317105	0.28	0.28	0.433221506936259	0.53559510567297	0.467402392655105
wdLC_k1_0.28_k2_0.28	130	0.921621215638613	0.916426552322167	0.930033183574813	0.925466686695162	0.956995179505387	0.967531988693004	0.920255636428191	0.28	0.28	0.433221506936259	0.53559510567297	0.467402392655105
wdLC_k1_0.28_k2_0.28	140	0.920303514027684	0.914163259058407	0.926959830312042	0.925000546675122	0.957521156327218	0.967803022020074	0.92211847543242	0.28	0.28	0.433221506936259	0.53559510567297	0.467402392655105
wdLC_k1_0.28_k2_0.28	150	0.923171696519845	0.917126983421485	0.929106182497	0.928224365527357	0.958373261033824	0.96869549757767	0.926126494510867	0.28	0.28	0.433221506936259	0.53559510567297	0.467402392655105
wdLC_k1_0.28_k2_0.28	160	0.920526192429392	0.912753427868276	0.926456111566858	0.926335989687097	0.957309855853744	0.966131489511309	0.920690261338333	0.28	0.28	0.433221506936259	0.53559510567297	0.467402392655105
wdLC_k1_0.28_k2_0.28	170	0.926842166327758	0.916336612502366	0.931463535273966	0.935513339561923	0.955088207815048	0.961934770794023	0.918933079304596	0.28	0.28	0.433221506936259	0.53559510567297	0.467402392655105
wdLC_k1_0.28_k2_0.28	180	0.920507834603949	0.909879934565881	0.927281706225501	0.932250995401093	0.94624731215984	0.952877146413984	0.916110579544636	0.28	0.28	0.433221506936259	0.53559510567297	0.467402392655105
wdLC_k1_0.28_k2_0.28	190	0.915698495803208	0.904567701977457	0.922639058378932	0.930377426988064	0.940685920735521	0.946786687486605	0.911116359835015	0.28	0.28	0.433221506936259	0.53559510567297	0.467402392655105
wdLC_k1_0.28_k2_0.28	200	0.905502137553439	0.893444836120903	0.913705842646066	0.926700667516688	0.938688967224181	0.945281632040801	0.899033975849396	0.28	0.28	0.433221506936259	0.53559510567297	0.467402392655105
wdLC_k1_0.28_k2_0.28	210	0.905587752232801	0.890662891610759	0.913244550410926	0.925125610234116	0.937431687793374	0.945337276841393	0.895932852380845	0.28	0.28	0.433221506936259	0.53559510567297	0.467402392655105
wdLC_k1_0.28_k2_0.28	220	0.898388959952215	0.88038408006176	0.904799310278762	0.919479553484388	0.93405836709624	0.942001431284268	0.895702202712678	0.28	0.28	0.433221506936259	0.53559510567297	0.467402392655105
wdLC_k1_0.28_k2_0.28	230	0.881201995270725	0.865017913546488	0.885347384720842	0.899418826853799	0.938048964515644	0.947234311160645	0.892178449991247	0.28	0.28	0.433221506936259	0.53559510567297	0.467402392655105
wdLC_k1_0.28_k2_0.28	240	0.869028108126877	0.85421621903158	0.875993506831716	0.888227226167121	0.936827028247018	0.944256844736888	0.898900154516571	0.28	0.28	0.433221506936259	0.53559510567297	0.467402392655105
wdLC_k1_0.28_k2_0.28	240	0.869028108126877	0.85421621903158	0.875993506831716	0.888227226167121	0.936827028247018	0.944256844736888	0.898900154516571	0.28	0.28	0.433221506936259	0.53559510567297	0.467402392655105
wdLC_k1_0.28_k2_0.28	250	0.847870589929439	0.831409014544233	0.856841741467864	0.866692267076273	0.939431478903662	0.947863485815773	0.898900154516571	0.28	0.28	0.433221506936259	0.53559510567297	0.467402392655105
wdLC_k1_0.28_k2_0.28	260	0.852164176302107	0.830210050899706	0.865074471971024	0.870331035848277	0.940989113402906	0.945625731832628	0.898900154516571	0.28	0.28	0.433221506936259	0.53559510567297	0.467402392655105
wdLC_k1_0.28_k2_0.28	270	0.846723091766233	0.826395423805539	0.867688476141267	0.868087810989634	0.944181523599623	0.949235700535444	0.898900154516571	0.28	0.28	0.433221506936259	0.53559510567297	0.467402392655105
wdLC_k1_0.28_k2_0.28	280	0.839572297751611	0.816882321749731	0.864351039462967	0.861490398018925	0.944610262886006	0.950115070709721	0.898900154516571	0.28	0.28	0.433221506936259	0.53559510567297	0.467402392655105
wdLC_k1_0.28_k2_0.28	290	0.827991886409736	0.806170806081995	0.853845652353076	0.852129940451955	0.947678413495425	0.953638876348934	0.898900154516571	0.28	0.28	0.433221506936259	0.53559510567297	0.467402392655105
wdLC_k1_0.28_k2_0.28	300	0.830100334448161	0.811027678085312	0.854869942999367	0.851135234835943	0.94541494905499	0.953416815742397	0.898900154516571	0.28	0.28	0.433221506936259	0.53559510567297	0.467402392655105
wdLC_k1_0.28_k2_0.36	10	0.563636363636364	0.709090909090909	0.721212121212121	0.806060606060606	0.490909090909091	0.721212121212121	0.587878787878788	0.28	0.36	0.376552724635053	0.472376714868372	0.406565890753965
wdLC_k1_0.28_k2_0.36	20	0.607518796992481	0.705263157894737	0.742857142857143	0.750375939849624	0.663157894736842	0.663157894736842	0.55187969924812	0.28	0.36	0.376552724635053	0.472376714868372	0.406565890753965
wdLC_k1_0.28_k2_0.36	30	0.753058954393771	0.799332591768632	0.829143492769744	0.733036707452725	0.859399332591769	0.864293659621802	0.708565072302558	0.28	0.36	0.376552724635053	0.472376714868372	0.406565890753965
wdLC_k1_0.28_k2_0.36	40	0.860037523452158	0.886491557223265	0.905440900562852	0.827016885553471	0.883302063789869	0.916697936210132	0.715759849906192	0.28	0.36	0.376552724635053	0.472376714868372	0.406565890753965
wdLC_k1_0.28_k2_0.36	50	0.913565426170468	0.924897959183673	0.933637454981993	0.893109243697479	0.919903961584634	0.952749099639856	0.791020408163265	0.28	0.36	0.376552724635053	0.472376714868372	0.406565890753965
wdLC_k1_0.28_k2_0.36	60	0.907085301472631	0.908863573214782	0.917310363989997	0.896693525979439	0.906974159488747	0.939149763823284	0.817338149485969	0.28	0.36	0.376552724635053	0.472376714868372	0.406565890753965
wdLC_k1_0.28_k2_0.36	70	0.893762575452716	0.88669407750853	0.906219928265244	0.870247572390867	0.936173563117837	0.958848744641764	0.842883387280203	0.28	0.36	0.376552724635053	0.472376714868372	0.406565890753965
wdLC_k1_0.28_k2_0.36	80	0.91193155180497	0.907313642756681	0.924871073605251	0.893694327238631	0.952133145804032	0.968518518518519	0.853984997655884	0.28	0.36	0.376552724635053	0.472376714868372	0.406565890753965
wdLC_k1_0.28_k2_0.36	90	0.889879408980533	0.892315923776598	0.90825204757789	0.877219409803679	0.963040704613738	0.974943408651274	0.870848252870725	0.28	0.36	0.376552724635053	0.472376714868372	0.406565890753965
wdLC_k1_0.28_k2_0.36	100	0.905622562256226	0.905142514251425	0.921992199219922	0.900990099009901	0.955655565556556	0.970945094509451	0.897029702970297	0.28	0.36	0.376552724635053	0.472376714868372	0.406565890753965
wdLC_k1_0.28_k2_0.36	110	0.917832427924171	0.916056172936907	0.929364560557221	0.917219304375268	0.958262516060681	0.973202894303812	0.918472601041408	0.28	0.36	0.376552724635053	0.472376714868372	0.406565890753965
wdLC_k1_0.28_k2_0.36	120	0.927661643169664	0.924376692825891	0.936655323286339	0.928300576428919	0.965810125703174	0.977727619973609	0.925828182512674	0.28	0.36	0.376552724635053	0.472376714868372	0.406565890753965
wdLC_k1_0.28_k2_0.36	130	0.933403433066135	0.92937770555381	0.940193092900354	0.935708530773327	0.968897567903426	0.980373895587813	0.927820945253929	0.28	0.36	0.376552724635053	0.472376714868372	0.406565890753965
wdLC_k1_0.28_k2_0.36	140	0.927292208786163	0.922722004767007	0.932514049550633	0.931691850167283	0.971870284927074	0.980219107388861	0.923741007194245	0.28	0.36	0.376552724635053	0.472376714868372	0.406565890753965
wdLC_k1_0.28_k2_0.36	150	0.928252811236055	0.925845593137473	0.931740966265167	0.937447886572737	0.972386328281257	0.977118983065914	0.927964798435486	0.28	0.36	0.376552724635053	0.472376714868372	0.406565890753965
wdLC_k1_0.28_k2_0.36	160	0.925249033165358	0.920479315598265	0.929590999648424	0.935614672448142	0.966802414156803	0.970520332825501	0.920221493027071	0.28	0.36	0.376552724635053	0.472376714868372	0.406565890753965
wdLC_k1_0.28_k2_0.36	170	0.914971208040987	0.908600948943888	0.918346859142287	0.927792331507502	0.964201488754954	0.967222965174859	0.920977522120652	0.28	0.36	0.376552724635053	0.472376714868372	0.406565890753965
wdLC_k1_0.28_k2_0.36	180	0.886235171867444	0.878911900573063	0.888461578032244	0.902071051575666	0.956513061102709	0.955510972560882	0.916456269226416	0.28	0.36	0.376552724635053	0.472376714868372	0.406565890753965
wdLC_k1_0.28_k2_0.36	190	0.889117208378713	0.878528782689709	0.890180949756591	0.905106570964934	0.955161901262756	0.953566289195939	0.910775192781255	0.28	0.36	0.376552724635053	0.472376714868372	0.406565890753965
wdLC_k1_0.28_k2_0.36	200	0.88875121878047	0.875786394659867	0.888859221480537	0.904141603540089	0.949627240681017	0.949385734643366	0.907260181504538	0.28	0.36	0.376552724635053	0.472376714868372	0.406565890753965
wdLC_k1_0.28_k2_0.36	210	0.885338507837884	0.871103005251172	0.886334967103239	0.897194947731241	0.939730411768327	0.942916749003055	0.903502832911663	0.28	0.36	0.376552724635053	0.472376714868372	0.406565890753965
wdLC_k1_0.28_k2_0.36	220	0.881876222085731	0.866941277900182	0.885089286217409	0.892406867910494	0.936967142446595	0.938925860601928	0.909485357511143	0.28	0.36	0.376552724635053	0.472376714868372	0.406565890753965
wdLC_k1_0.28_k2_0.36	230	0.866231053928035	0.847684800485256	0.87390737229355	0.873193296166526	0.933029719473615	0.937017302044832	0.914635355151778	0.28	0.36	0.376552724635053	0.472376714868372	0.406565890753965
wdLC_k1_0.28_k2_0.36	240	0.862893453011337	0.845004253546068	0.872103682355596	0.869835413809268	0.930122050730047	0.936952898487821	0.912850049480026	0.28	0.36	0.376552724635053	0.472376714868372	0.406565890753965
wdLC_k1_0.28_k2_0.36	240	0.862893453011337	0.845004253546068	0.872103682355596	0.869835413809268	0.930122050730047	0.936952898487821	0.912850049480026	0.28	0.36	0.376552724635053	0.472376714868372	0.406565890753965
wdLC_k1_0.28_k2_0.36	250	0.860758604137666	0.845669466711467	0.876300868813901	0.867735227763644	0.923900734411751	0.932755148082369	0.912850049480026	0.28	0.36	0.376552724635053	0.472376714868372	0.406565890753965
wdLC_k1_0.28_k2_0.36	260	0.846162722024791	0.828674525226249	0.861125392159875	0.851133209753899	0.926281112488009	0.935586439034715	0.912850049480026	0.28	0.36	0.376552724635053	0.472376714868372	0.406565890753965
wdLC_k1_0.28_k2_0.36	270	0.840106936385349	0.822000911458929	0.857539883949025	0.846373749982853	0.92992557434868	0.939930284061205	0.912850049480026	0.28	0.36	0.376552724635053	0.472376714868372	0.406565890753965
wdLC_k1_0.28_k2_0.36	280	0.844918029202268	0.82225647921894	0.861463611962981	0.852162837353975	0.932479459468324	0.943449169358939	0.912850049480026	0.28	0.36	0.376552724635053	0.472376714868372	0.406565890753965
wdLC_k1_0.28_k2_0.36	290	0.840079610606711	0.820007208253327	0.862209194336232	0.850125898417752	0.932495814661784	0.944839394949548	0.912850049480026	0.28	0.36	0.376552724635053	0.472376714868372	0.406565890753965
wdLC_k1_0.28_k2_0.36	300	0.83282703141146	0.819539772664141	0.85779930888121	0.845906732297026	0.929915221280237	0.945053611706797	0.912850049480026	0.28	0.36	0.376552724635053	0.472376714868372	0.406565890753965
wdLC_k1_0.28_k2_0.44	10	0.115151515151515	0.478787878787879	0.636363636363636	0.927272727272727	0.0909090909090909	0.2	0.103030303030303	0.28	0.44	0.324870795176353	0.408787541713014	0.350180840211444
wdLC_k1_0.28_k2_0.44	20	0.497744360902256	0.595488721804511	0.630075187969925	0.697744360902256	0.66015037593985	0.699248120300752	0.556390977443609	0.28	0.44	0.324870795176353	0.408787541713014	0.350180840211444
wdLC_k1_0.28_k2_0.44	30	0.719688542825362	0.772636262513904	0.790878754171302	0.723692992213571	0.82825361512792	0.837597330367075	0.680978865406007	0.28	0.44	0.324870795176353	0.408787541713014	0.350180840211444
wdLC_k1_0.28_k2_0.44	40	0.833771106941839	0.863227016885554	0.876923076923077	0.805253283302064	0.877861163227017	0.906754221388368	0.751219512195122	0.28	0.44	0.324870795176353	0.408787541713014	0.350180840211444
wdLC_k1_0.28_k2_0.44	50	0.869483793517407	0.884561824729892	0.887154861944778	0.847683073229292	0.890132052821129	0.922208883553422	0.738871548619448	0.28	0.44	0.324870795176353	0.408787541713014	0.350180840211444
wdLC_k1_0.28_k2_0.44	60	0.872353431508753	0.88285634898583	0.874854126146152	0.851458738538483	0.903417616004446	0.933926090580717	0.784940261183662	0.28	0.44	0.324870795176353	0.408787541713014	0.350180840211444
wdLC_k1_0.28_k2_0.44	70	0.869512728545184	0.870142594698627	0.881305222640189	0.84998687778847	0.911993701338466	0.932289388504943	0.820768086781559	0.28	0.44	0.324870795176353	0.408787541713014	0.350180840211444
wdLC_k1_0.28_k2_0.44	80	0.89479606188467	0.89563994374121	0.907196436943272	0.880356305672762	0.935982184716362	0.950515705578997	0.840295358649789	0.28	0.44	0.324870795176353	0.408787541713014	0.350180840211444
wdLC_k1_0.28_k2_0.44	90	0.874799357945425	0.880330905050006	0.893023830102482	0.866370333786064	0.951566036959295	0.961591966086348	0.862880190970079	0.28	0.44	0.324870795176353	0.408787541713014	0.350180840211444
wdLC_k1_0.28_k2_0.44	100	0.897545754575458	0.900738073807381	0.913987398739874	0.895289528952895	0.95042304230423	0.964128412841284	0.891185118511851	0.28	0.44	0.324870795176353	0.408787541713014	0.350180840211444
wdLC_k1_0.28_k2_0.44	110	0.913297116966842	0.915109438045218	0.925424340103239	0.914496314496314	0.951509140499966	0.965737213443635	0.909744606992313	0.28	0.44	0.324870795176353	0.408787541713014	0.350180840211444
wdLC_k1_0.28_k2_0.44	120	0.925578165150358	0.924050281269533	0.934682964094728	0.928071393846795	0.959684700326411	0.972136953955136	0.92186262934926	0.28	0.44	0.324870795176353	0.408787541713014	0.350180840211444
wdLC_k1_0.28_k2_0.44	130	0.922915784730093	0.921025823102869	0.93005503284218	0.927192778817135	0.964292834805883	0.975457810430294	0.92429775089104	0.28	0.44	0.324870795176353	0.408787541713014	0.350180840211444
wdLC_k1_0.28_k2_0.44	140	0.930016837593755	0.926754280466205	0.935452975006014	0.933812949640288	0.965471999300256	0.972976755373817	0.927677068071986	0.28	0.44	0.324870795176353	0.408787541713014	0.350180840211444
wdLC_k1_0.28_k2_0.44	150	0.916206053602382	0.911043157473666	0.920977821236499	0.922008978176808	0.958917285212676	0.96563402817903	0.930386239388417	0.28	0.44	0.324870795176353	0.408787541713014	0.350180840211444
wdLC_k1_0.28_k2_0.44	160	0.906047111215282	0.902320403140748	0.911443806398687	0.917016289698816	0.958886089300363	0.963772998945271	0.929626157271768	0.28	0.44	0.324870795176353	0.408787541713014	0.350180840211444
wdLC_k1_0.28_k2_0.44	170	0.909580425131747	0.905623439036157	0.912653195815854	0.92105079964094	0.956116535683099	0.958632397213012	0.924790395759674	0.28	0.44	0.324870795176353	0.408787541713014	0.350180840211444
wdLC_k1_0.28_k2_0.44	180	0.899955759951439	0.892930851775261	0.902542259534759	0.911493153080856	0.948545737008344	0.950292704507341	0.923182814284391	0.28	0.44	0.324870795176353	0.408787541713014	0.350180840211444
wdLC_k1_0.28_k2_0.44	190	0.895657118363098	0.887045712011267	0.895975540946608	0.909186579012978	0.945722946108727	0.946984389420322	0.921771269360137	0.28	0.44	0.324870795176353	0.408787541713014	0.350180840211444
wdLC_k1_0.28_k2_0.44	200	0.897445436135904	0.888382209555239	0.897698942473562	0.910117752943824	0.943303082577065	0.943162079051976	0.918370959273982	0.28	0.44	0.324870795176353	0.408787541713014	0.350180840211444
wdLC_k1_0.28_k2_0.44	210	0.899260430265669	0.890898724622845	0.902336625709038	0.912084822137204	0.934602987434117	0.936369143453204	0.919148150427771	0.28	0.44	0.324870795176353	0.408787541713014	0.350180840211444
wdLC_k1_0.28_k2_0.44	220	0.891920005860377	0.881467122724174	0.894714954666607	0.900651966888873	0.922138135836766	0.928202498548993	0.919958526566101	0.28	0.44	0.324870795176353	0.408787541713014	0.350180840211444
wdLC_k1_0.28_k2_0.44	230	0.877184823909715	0.866990499532744	0.882123192926307	0.886616743802998	0.916017151635151	0.923528759070813	0.913908457215843	0.28	0.44	0.324870795176353	0.408787541713014	0.350180840211444
wdLC_k1_0.28_k2_0.44	240	0.874462230247053	0.863155610340457	0.884519696522509	0.881884234101286	0.918239899998264	0.923090678657615	0.918936092640497	0.28	0.44	0.324870795176353	0.408787541713014	0.350180840211444
wdLC_k1_0.28_k2_0.44	240	0.874462230247053	0.863155610340457	0.884519696522509	0.881884234101286	0.918239899998264	0.923090678657615	0.918936092640497	0.28	0.44	0.324870795176353	0.408787541713014	0.350180840211444
wdLC_k1_0.28_k2_0.44	250	0.860497479959679	0.852278980463687	0.870291940671051	0.865582489319829	0.917298900782412	0.926320741131858	0.918936092640497	0.28	0.44	0.324870795176353	0.408787541713014	0.350180840211444
wdLC_k1_0.28_k2_0.44	260	0.852407921373439	0.845985887365198	0.86657039760488	0.859940122009087	0.915142577211543	0.927852824404548	0.918936092640497	0.28	0.44	0.324870795176353	0.408787541713014	0.350180840211444
wdLC_k1_0.28_k2_0.44	270	0.851937612312926	0.837593260690971	0.865246132015223	0.861363743748962	0.914876442444722	0.927158884971749	0.918936092640497	0.28	0.44	0.324870795176353	0.408787541713014	0.350180840211444
wdLC_k1_0.28_k2_0.44	280	0.854006701980528	0.839569564480596	0.872841672543199	0.86151171753284	0.917213047542516	0.929917291219093	0.918936092640497	0.28	0.44	0.324870795176353	0.408787541713014	0.350180840211444
wdLC_k1_0.28_k2_0.44	290	0.850306473774136	0.834242647520103	0.871121842852697	0.858480091812974	0.918223965105165	0.933674720803191	0.918936092640497	0.28	0.44	0.324870795176353	0.408787541713014	0.350180840211444
wdLC_k1_0.28_k2_0.44	300	0.849607662307359	0.836953299481105	0.87095678840876	0.859104656718408	0.922393804375604	0.936996188846543	0.918936092640497	0.28	0.44	0.324870795176353	0.408787541713014	0.350180840211444
wdLC_k1_0.28_k2_0.52	10	0.551515151515151	0.854545454545454	0.878787878787879	0.733333333333333	0.442424242424242	0.587878787878788	0.660606060606061	0.28	0.52	0.273823556079427	0.350018539117538	0.294074005378837
wdLC_k1_0.28_k2_0.52	20	0.62406015037594	0.609022556390977	0.633082706766917	0.545864661654135	0.655639097744361	0.729323308270677	0.718796992481203	0.28	0.52	0.273823556079427	0.350018539117538	0.294074005378837
wdLC_k1_0.28_k2_0.52	30	0.790878754171302	0.766852057842047	0.827808676307008	0.725472747497219	0.851835372636263	0.87007786429366	0.74238042269188	0.28	0.52	0.273823556079427	0.350018539117538	0.294074005378837
wdLC_k1_0.28_k2_0.52	40	0.881425891181989	0.879174484052533	0.90281425891182	0.833208255159475	0.882926829268293	0.916697936210132	0.731519699812383	0.28	0.52	0.273823556079427	0.350018539117538	0.294074005378837
wdLC_k1_0.28_k2_0.52	50	0.92124849939976	0.919519807923169	0.931428571428571	0.891764705882353	0.891476590636255	0.940552220888355	0.775846338535414	0.28	0.52	0.273823556079427	0.350018539117538	0.294074005378837
wdLC_k1_0.28_k2_0.52	60	0.896749096971381	0.895804390108364	0.902750764101139	0.876243400944707	0.908696860238955	0.939761044734649	0.794776326757433	0.28	0.52	0.273823556079427	0.350018539117538	0.294074005378837
wdLC_k1_0.28_k2_0.52	70	0.899396378269618	0.890753214941825	0.909824162365497	0.885364360073484	0.930084856967894	0.952270142594699	0.802082057562768	0.28	0.52	0.273823556079427	0.350018539117538	0.294074005378837
wdLC_k1_0.28_k2_0.52	80	0.886404125644632	0.884294421003282	0.904406938584154	0.873863103609939	0.92850445382091	0.943905297702766	0.828809188935771	0.28	0.52	0.273823556079427	0.350018539117538	0.294074005378837
wdLC_k1_0.28_k2_0.52	90	0.903247314483269	0.900679096184714	0.918952957155204	0.89983948635634	0.934098859941557	0.9495246326707	0.85790838375108	0.28	0.52	0.273823556079427	0.350018539117538	0.294074005378837
wdLC_k1_0.28_k2_0.52	100	0.921272127212721	0.917815781578158	0.933981398139814	0.921644164416442	0.941770177017702	0.957047704770477	0.868346834683468	0.28	0.52	0.273823556079427	0.350018539117538	0.294074005378837
wdLC_k1_0.28_k2_0.52	110	0.934224466334558	0.931555575592273	0.944881996258143	0.936568762256836	0.939012239929671	0.953997700786692	0.879016297364921	0.28	0.52	0.273823556079427	0.350018539117538	0.294074005378837
wdLC_k1_0.28_k2_0.52	120	0.931898048475588	0.928835335787207	0.941877908188068	0.937377595666366	0.940537537328981	0.95471907771373	0.893325925411487	0.28	0.52	0.273823556079427	0.350018539117538	0.294074005378837
wdLC_k1_0.28_k2_0.52	130	0.935380791762826	0.932070627756763	0.942967949855931	0.943131819361182	0.936888391211132	0.949134905570197	0.907348181731281	0.28	0.52	0.273823556079427	0.350018539117538	0.294074005378837
wdLC_k1_0.28_k2_0.52	140	0.930029957796681	0.926671185847674	0.936804355907371	0.937525967068291	0.934114714307581	0.945384968620848	0.916682338020162	0.28	0.52	0.273823556079427	0.350018539117538	0.294074005378837
wdLC_k1_0.28_k2_0.52	150	0.927815458464821	0.923502377883462	0.935549135517134	0.938045246455398	0.928523045468688	0.940395573136584	0.924241966309614	0.28	0.52	0.273823556079427	0.350018539117538	0.294074005378837
wdLC_k1_0.28_k2_0.52	160	0.927364350169928	0.923584905660377	0.934920309387085	0.93963143091527	0.925670924645494	0.936180124223602	0.9282081331302	0.28	0.52	0.273823556079427	0.350018539117538	0.294074005378837
wdLC_k1_0.28_k2_0.52	170	0.925506072874494	0.919294581738021	0.934409291589573	0.94052796453368	0.927135276408913	0.935786908971001	0.926084965284775	0.28	0.52	0.273823556079427	0.350018539117538	0.294074005378837
wdLC_k1_0.28_k2_0.52	180	0.924351574637077	0.91631840488904	0.931580192804305	0.940109262631563	0.922804201775775	0.928434005164768	0.914785435764478	0.28	0.52	0.273823556079427	0.350018539117538	0.294074005378837
wdLC_k1_0.28_k2_0.52	190	0.927018243689503	0.916772734628893	0.932441925056971	0.941765408285111	0.916109645842355	0.919825742366387	0.912344561228551	0.28	0.52	0.273823556079427	0.350018539117538	0.294074005378837
wdLC_k1_0.28_k2_0.52	200	0.924909622740569	0.912583814595365	0.929411235280882	0.94081602040051	0.914397359933998	0.919351983799595	0.908626715667892	0.28	0.52	0.273823556079427	0.350018539117538	0.294074005378837
wdLC_k1_0.28_k2_0.52	210	0.910869375074913	0.90047458154218	0.91340134049039	0.928300285396818	0.909892352596269	0.912290852076335	0.905165326068295	0.28	0.52	0.273823556079427	0.350018539117538	0.294074005378837
wdLC_k1_0.28_k2_0.52	220	0.90343226475378	0.894386998980069	0.906265531406547	0.921441652626181	0.915338972067417	0.916291283253411	0.906010830426624	0.28	0.52	0.273823556079427	0.350018539117538	0.294074005378837
wdLC_k1_0.28_k2_0.52	230	0.890940652284871	0.881092516748488	0.893775258347121	0.909240332479368	0.903774296711453	0.906666107767304	0.907354540276507	0.28	0.52	0.273823556079427	0.350018539117538	0.294074005378837
wdLC_k1_0.28_k2_0.52	240	0.878137641278494	0.864515008941127	0.8830795673536	0.893555443670897	0.904750082466709	0.903968818903106	0.907155506171982	0.28	0.52	0.273823556079427	0.350018539117538	0.294074005378837
wdLC_k1_0.28_k2_0.52	240	0.878137641278494	0.864515008941127	0.8830795673536	0.893555443670897	0.904750082466709	0.903968818903106	0.907155506171982	0.28	0.52	0.273823556079427	0.350018539117538	0.294074005378837
wdLC_k1_0.28_k2_0.52	250	0.860857677722843	0.84919464311429	0.870368741899871	0.880322181154899	0.905198867181875	0.904747275956415	0.907155506171982	0.28	0.52	0.273823556079427	0.350018539117538	0.294074005378837
wdLC_k1_0.28_k2_0.52	260	0.858332906608769	0.846286301458715	0.872205892895548	0.879882838503528	0.904540007988284	0.904778290985187	0.907155506171982	0.28	0.52	0.273823556079427	0.350018539117538	0.294074005378837
wdLC_k1_0.28_k2_0.52	270	0.853889780533493	0.844433165521246	0.874300973493006	0.87659760612476	0.900786933519893	0.905613093305654	0.907155506171982	0.28	0.52	0.273823556079427	0.350018539117538	0.294074005378837
wdLC_k1_0.28_k2_0.52	280	0.848870885743805	0.831484548818954	0.868459145798143	0.866961313282057	0.900631932258611	0.908889690648387	0.907155506171982	0.28	0.52	0.273823556079427	0.350018539117538	0.294074005378837
wdLC_k1_0.28_k2_0.52	290	0.838340281220286	0.822278423090028	0.857292329114578	0.857422717314692	0.895671234763954	0.90849208506723	0.907155506171982	0.28	0.52	0.273823556079427	0.350018539117538	0.294074005378837
wdLC_k1_0.28_k2_0.52	300	0.840917787975422	0.824898054422827	0.861509127879199	0.857375748619429	0.89891576573073	0.912915921288014	0.907155506171982	0.28	0.52	0.273823556079427	0.350018539117538	0.294074005378837
wdLC_k1_0.28_k2_0.6	10	0.333333333333333	0.36969696969697	0.333333333333333	0.236363636363636	-0.0181818181818182	0.175757575757576	0.309090909090909	0.28	0.6	0.22322966724091	0.288283277715981	0.237410739126403
wdLC_k1_0.28_k2_0.6	20	0.38796992481203	0.493233082706767	0.595488721804511	0.768421052631579	0.4	0.410526315789474	0.314285714285714	0.28	0.6	0.22322966724091	0.288283277715981	0.237410739126403
wdLC_k1_0.28_k2_0.6	30	0.621357063403782	0.698776418242492	0.707230255839822	0.720133481646274	0.664516129032258	0.674304783092325	0.586651835372636	0.28	0.6	0.22322966724091	0.288283277715981	0.237410739126403
wdLC_k1_0.28_k2_0.6	40	0.718761726078799	0.764915572232646	0.771482176360225	0.734896810506567	0.779737335834897	0.80750469043152	0.630956848030019	0.28	0.6	0.22322966724091	0.288283277715981	0.237410739126403
wdLC_k1_0.28_k2_0.6	50	0.810708283313325	0.841536614645858	0.837791116446579	0.815222088835534	0.822136854741897	0.851908763505402	0.647154861944778	0.28	0.6	0.22322966724091	0.288283277715981	0.237410739126403
wdLC_k1_0.28_k2_0.6	60	0.815893303695471	0.837732703528758	0.831397610447347	0.821005834954154	0.863462072798	0.883356487913309	0.750486246179495	0.28	0.6	0.22322966724091	0.288283277715981	0.237410739126403
wdLC_k1_0.28_k2_0.6	70	0.840468900358674	0.855620680605371	0.85261132009448	0.828116525238387	0.87626629341265	0.896422010322807	0.809360510891436	0.28	0.6	0.22322966724091	0.288283277715981	0.237410739126403
wdLC_k1_0.28_k2_0.6	80	0.843764650726676	0.857618377871543	0.866877637130802	0.835489920300047	0.911767463666198	0.925175808720113	0.838466947960619	0.28	0.6	0.22322966724091	0.288283277715981	0.237410739126403
wdLC_k1_0.28_k2_0.6	90	0.863522245544717	0.876017615343458	0.883442400296333	0.86171132238548	0.9300654401778	0.940898053257604	0.851619541507182	0.28	0.6	0.22322966724091	0.288283277715981	0.237410739126403
wdLC_k1_0.28_k2_0.6	100	0.891677167716772	0.900906090609061	0.907698769876988	0.892997299729973	0.93033303330333	0.945454545454546	0.878871887188719	0.28	0.6	0.22322966724091	0.288283277715981	0.237410739126403
wdLC_k1_0.28_k2_0.6	110	0.909465094786196	0.914099587494083	0.92223249103983	0.912927439532944	0.932844938349525	0.948073845321552	0.896382120235331	0.28	0.6	0.22322966724091	0.288283277715981	0.237410739126403
wdLC_k1_0.28_k2_0.6	120	0.920425029515938	0.922529342315439	0.930384054448225	0.924473921800125	0.940857003958608	0.955677477602611	0.914945482325161	0.28	0.6	0.22322966724091	0.288283277715981	0.237410739126403
wdLC_k1_0.28_k2_0.6	130	0.923090578869027	0.926378893607724	0.931912220568354	0.929661746029578	0.948069753786068	0.95952969451993	0.921877944530172	0.28	0.6	0.22322966724091	0.288283277715981	0.237410739126403
wdLC_k1_0.28_k2_0.6	140	0.916367453149942	0.91755264481424	0.923019396033325	0.926872362292537	0.9511228707004	0.961968905119066	0.929317093437712	0.28	0.6	0.22322966724091	0.288283277715981	0.237410739126403
wdLC_k1_0.28_k2_0.6	150	0.924113960620472	0.924647317658563	0.93050002222321	0.93395262011645	0.953160584914885	0.962024978887951	0.932989021734299	0.28	0.6	0.22322966724091	0.288283277715981	0.237410739126403
wdLC_k1_0.28_k2_0.6	160	0.928668112035626	0.92843079807805	0.933461268018282	0.939092347357319	0.951546935427165	0.956697527247158	0.93360189851166	0.28	0.6	0.22322966724091	0.288283277715981	0.237410739126403
wdLC_k1_0.28_k2_0.6	170	0.919910112908446	0.915777260764163	0.923422548714285	0.929594958506604	0.942911926527073	0.948205006075928	0.93468774616667	0.28	0.6	0.22322966724091	0.288283277715981	0.237410739126403
wdLC_k1_0.28_k2_0.6	180	0.912616644546642	0.90621932775703	0.914921242425178	0.92155930738603	0.942590820704343	0.945319299978394	0.921293867094663	0.28	0.6	0.22322966724091	0.288283277715981	0.237410739126403
wdLC_k1_0.28_k2_0.6	190	0.912202845683144	0.906857895174236	0.91319135535173	0.91897194994467	0.937237509130593	0.941511719963084	0.916027415834525	0.28	0.6	0.22322966724091	0.288283277715981	0.237410739126403
wdLC_k1_0.28_k2_0.6	200	0.913752343808595	0.905323633090827	0.915706892672317	0.920099002475062	0.933806345158629	0.938097952448811	0.908488712217806	0.28	0.6	0.22322966724091	0.288283277715981	0.237410739126403
wdLC_k1_0.28_k2_0.6	210	0.902349583566845	0.894104498644284	0.908468284023285	0.910838276216176	0.928797867136605	0.933988784974068	0.909948071384839	0.28	0.6	0.22322966724091	0.288283277715981	0.237410739126403
wdLC_k1_0.28_k2_0.6	220	0.90213283895798	0.891820830257575	0.907097254075497	0.91029341327488	0.930573697052343	0.934262353279275	0.911018071372624	0.28	0.6	0.22322966724091	0.288283277715981	0.237410739126403
wdLC_k1_0.28_k2_0.6	230	0.886006228440252	0.876957976521295	0.891843110373583	0.894086926932949	0.931126173996878	0.935271563446995	0.909069703791557	0.28	0.6	0.22322966724091	0.288283277715981	0.237410739126403
wdLC_k1_0.28_k2_0.6	240	0.867945624055973	0.864902168440424	0.881822601086824	0.877747877567319	0.921371898817688	0.928911092206462	0.90885345231688	0.28	0.6	0.22322966724091	0.288283277715981	0.237410739126403
wdLC_k1_0.28_k2_0.6	240	0.867945624055973	0.864902168440424	0.881822601086824	0.877747877567319	0.921371898817688	0.928911092206462	0.90885345231688	0.28	0.6	0.22322966724091	0.288283277715981	0.237410739126403
wdLC_k1_0.28_k2_0.6	250	0.858692651082417	0.852072385158163	0.871038448615178	0.867099313589018	0.91984255748092	0.928152450439207	0.90885345231688	0.28	0.6	0.22322966724091	0.288283277715981	0.237410739126403
wdLC_k1_0.28_k2_0.6	260	0.854505357953634	0.846981350429626	0.870471684264787	0.861323392357875	0.919492436733816	0.926535781708195	0.90885345231688	0.28	0.6	0.22322966724091	0.288283277715981	0.237410739126403
wdLC_k1_0.28_k2_0.6	270	0.853401433642589	0.847390682085259	0.867531790559541	0.857682547085694	0.901691686061842	0.913432740275358	0.90885345231688	0.28	0.6	0.22322966724091	0.288283277715981	0.237410739126403
wdLC_k1_0.28_k2_0.6	280	0.855336165002105	0.84838272354057	0.871500183129158	0.858928776423898	0.894198358944083	0.908754120406055	0.90885345231688	0.28	0.6	0.22322966724091	0.288283277715981	0.237410739126403
wdLC_k1_0.28_k2_0.6	290	0.85122903179381	0.845532297526192	0.867649088451173	0.85720130338997	0.889361429940329	0.909312300650588	0.90885345231688	0.28	0.6	0.22322966724091	0.288283277715981	0.237410739126403
wdLC_k1_0.28_k2_0.6	300	0.851449016100179	0.844499605551173	0.873997266636296	0.858801097789975	0.890709896776631	0.909450105001167	0.90885345231688	0.28	0.6	0.22322966724091	0.288283277715981	0.237410739126403
wdLC_k1_0.28_k2_0.68	10	0.333333333333333	0.345454545454545	0.321212121212121	0.442424242424242	0.115151515151515	0.296969696969697	0.466666666666667	0.28	0.68	0.173723819022577	0.225064886911383	0.183900584252991
wdLC_k1_0.28_k2_0.68	20	0.0180451127819549	0.183458646616541	0.249624060150376	0.723308270676692	-0.0240601503759399	0.0571428571428571	0.124812030075188	0.28	0.68	0.173723819022577	0.225064886911383	0.183900584252991
wdLC_k1_0.28_k2_0.68	30	0.527030033370412	0.619132369299221	0.633815350389321	0.719688542825362	0.551501668520578	0.577753058954394	0.446496106785317	0.28	0.68	0.173723819022577	0.225064886911383	0.183900584252991
wdLC_k1_0.28_k2_0.68	40	0.689118198874297	0.720262664165103	0.753846153846154	0.791181988742965	0.746341463414634	0.772420262664165	0.611632270168856	0.28	0.68	0.173723819022577	0.225064886911383	0.183900584252991
wdLC_k1_0.28_k2_0.68	50	0.777863145258103	0.806482593037215	0.812052821128451	0.824345738295318	0.780360144057623	0.828955582232893	0.638415366146459	0.28	0.68	0.173723819022577	0.225064886911383	0.183900584252991
wdLC_k1_0.28_k2_0.68	60	0.831175326479578	0.847124201166991	0.846512920255627	0.861016949152543	0.863073075854404	0.881300361211448	0.748874687413171	0.28	0.68	0.173723819022577	0.225064886911383	0.183900584252991
wdLC_k1_0.28_k2_0.68	70	0.836514740617619	0.849042078558306	0.847712361123261	0.853626104452804	0.860799580089231	0.883719709561718	0.802292012947249	0.28	0.68	0.173723819022577	0.225064886911383	0.183900584252991
wdLC_k1_0.28_k2_0.68	80	0.842991092358181	0.858813877168308	0.86319737458978	0.855977496483826	0.900820440693858	0.916315049226442	0.831223628691983	0.28	0.68	0.173723819022577	0.225064886911383	0.183900584252991
wdLC_k1_0.28_k2_0.68	90	0.866370333786064	0.877647446186772	0.882718031032638	0.87800963081862	0.922624192287114	0.934938469769931	0.838564431822859	0.28	0.68	0.173723819022577	0.225064886911383	0.183900584252991
wdLC_k1_0.28_k2_0.68	100	0.887092709270927	0.894197419741974	0.900978097809781	0.897089708970897	0.922568256825683	0.938145814581458	0.878235823582358	0.28	0.68	0.173723819022577	0.225064886911383	0.183900584252991
wdLC_k1_0.28_k2_0.68	110	0.90536257692221	0.908833938191736	0.917011924351374	0.916155354687465	0.930897369429479	0.946955796497081	0.898897730090391	0.28	0.68	0.173723819022577	0.225064886911383	0.183900584252991
wdLC_k1_0.28_k2_0.68	120	0.918320716716438	0.920133342593235	0.927863046044864	0.928842280713938	0.940794499618029	0.954809361761233	0.905180915341343	0.28	0.68	0.173723819022577	0.225064886911383	0.183900584252991
wdLC_k1_0.28_k2_0.68	130	0.920004369853473	0.922156522689099	0.927525980144478	0.931032787556842	0.949222302639665	0.961348646028213	0.914214314001284	0.28	0.68	0.173723819022577	0.225064886911383	0.183900584252991
wdLC_k1_0.28_k2_0.68	140	0.923299293695743	0.923242439483064	0.928927860750913	0.934119087708557	0.94737923946557	0.957582383940872	0.923719140189368	0.28	0.68	0.173723819022577	0.225064886911383	0.183900584252991
wdLC_k1_0.28_k2_0.68	150	0.922072981021379	0.91937419440864	0.92822080981377	0.933216587403885	0.943108582603671	0.951937419440864	0.926471398728833	0.28	0.68	0.173723819022577	0.225064886911383	0.183900584252991
wdLC_k1_0.28_k2_0.68	160	0.905549044884566	0.901646548693308	0.911007265908824	0.919102308683933	0.928339974217743	0.937390132427048	0.924698230399625	0.28	0.68	0.173723819022577	0.225064886911383	0.183900584252991
wdLC_k1_0.28_k2_0.68	170	0.901341589267286	0.896580993032529	0.904553587239941	0.916023961749135	0.932235391821008	0.938295442748884	0.921448940834509	0.28	0.68	0.173723819022577	0.225064886911383	0.183900584252991
wdLC_k1_0.28_k2_0.68	180	0.90332417667212	0.897021513009661	0.90654238299536	0.918415177423172	0.925014146527156	0.930137761453543	0.918715598218052	0.28	0.68	0.173723819022577	0.225064886911383	0.183900584252991
wdLC_k1_0.28_k2_0.68	190	0.89060434681818	0.884041692363544	0.895917804983664	0.90465867985846	0.925111207337716	0.92519868606945	0.908773679399196	0.28	0.68	0.173723819022577	0.225064886911383	0.183900584252991
wdLC_k1_0.28_k2_0.68	200	0.876083402085052	0.870941273531838	0.880828020700518	0.889739743493587	0.927306682667067	0.925065626640666	0.900555013875347	0.28	0.68	0.173723819022577	0.225064886911383	0.183900584252991
wdLC_k1_0.28_k2_0.68	210	0.872739582692189	0.864208129112095	0.87915760966397	0.880949681398671	0.91472563355826	0.914991269643303	0.904087232298756	0.28	0.68	0.173723819022577	0.225064886911383	0.183900584252991
wdLC_k1_0.28_k2_0.68	220	0.87257850932307	0.862788299532861	0.881623775096781	0.873394454055212	0.904127620968878	0.907715974597522	0.90651685140001	0.28	0.68	0.173723819022577	0.225064886911383	0.183900584252991
wdLC_k1_0.28_k2_0.68	230	0.855231914468672	0.847751868408789	0.86263502967509	0.858966019740654	0.905147216557887	0.908810308734364	0.912677563560419	0.28	0.68	0.173723819022577	0.225064886911383	0.183900584252991
wdLC_k1_0.28_k2_0.68	240	0.831694126634143	0.828720984739318	0.84442872272088	0.839334884286186	0.900818590600531	0.909868226878939	0.912295352349867	0.28	0.68	0.173723819022577	0.225064886911383	0.183900584252991
wdLC_k1_0.28_k2_0.68	240	0.831694126634143	0.828720984739318	0.84442872272088	0.839334884286186	0.900818590600531	0.909868226878939	0.912295352349867	0.28	0.68	0.173723819022577	0.225064886911383	0.183900584252991
wdLC_k1_0.28_k2_0.68	250	0.831277684442951	0.826550568809101	0.851342005472088	0.8407027312437	0.905278740459847	0.911602553640858	0.912295352349867	0.28	0.68	0.173723819022577	0.225064886911383	0.183900584252991
wdLC_k1_0.28_k2_0.68	260	0.836031939480215	0.834913579741166	0.855126668919772	0.842784428991326	0.891077360042877	0.902258226396157	0.912295352349867	0.28	0.68	0.173723819022577	0.225064886911383	0.183900584252991
wdLC_k1_0.28_k2_0.68	270	0.828451236185224	0.82837563691622	0.850245164161679	0.83531004083275	0.88585546822011	0.897364847254421	0.912295352349867	0.28	0.68	0.173723819022577	0.225064886911383	0.183900584252991
wdLC_k1_0.28_k2_0.68	280	0.829080363634376	0.826418704320208	0.852222422662097	0.83423859269342	0.889698848199594	0.901125561003876	0.912295352349867	0.28	0.68	0.173723819022577	0.225064886911383	0.183900584252991
wdLC_k1_0.28_k2_0.68	290	0.832573186527701	0.830856982595635	0.853622762335523	0.832893990703075	0.879131122556298	0.894374241196029	0.912295352349867	0.28	0.68	0.173723819022577	0.225064886911383	0.183900584252991
wdLC_k1_0.28_k2_0.68	300	0.819602884476494	0.816065067389638	0.84498672207469	0.82054378381982	0.87739508216758	0.893110812342359	0.912295352349867	0.28	0.68	0.173723819022577	0.225064886911383	0.183900584252991
wdLC_k1_0.2_k2_0.04	10	0.575757575757576	0.539393939393939	0.539393939393939	0.309090909090909	0.975757575757576	0.903030303030303	0.76969696969697	0.2	0.04	0.76833801795267	0.888023730070449	0.818881572846147
wdLC_k1_0.2_k2_0.04	20	0.875187969924812	0.8	0.815037593984962	0.437593984962406	0.971428571428571	0.92781954887218	0.834586466165414	0.2	0.04	0.76833801795267	0.888023730070449	0.818881572846147
wdLC_k1_0.2_k2_0.04	30	0.922135706340378	0.881646273637375	0.908787541713014	0.659176863181313	0.987986651835373	0.9706340378198	0.853615127919911	0.2	0.04	0.76833801795267	0.888023730070449	0.818881572846147
wdLC_k1_0.2_k2_0.04	40	0.894183864915572	0.867729831144466	0.884427767354597	0.717636022514072	0.992870544090056	0.969418386491557	0.861913696060038	0.2	0.04	0.76833801795267	0.888023730070449	0.818881572846147
wdLC_k1_0.2_k2_0.04	50	0.871500600240096	0.84	0.879183673469388	0.78765906362545	0.994141656662665	0.975414165666266	0.814453781512605	0.2	0.04	0.76833801795267	0.888023730070449	0.818881572846147
wdLC_k1_0.2_k2_0.04	60	0.87379827729925	0.840455682133926	0.878632953598222	0.805890525145874	0.993498193942762	0.979049736037788	0.820227841066963	0.2	0.04	0.76833801795267	0.888023730070449	0.818881572846147
wdLC_k1_0.2_k2_0.04	70	0.856005598810253	0.836024844720497	0.861744379319395	0.811075146531362	0.995380981541422	0.983448517190097	0.858909981628904	0.2	0.04	0.76833801795267	0.888023730070449	0.818881572846147
wdLC_k1_0.2_k2_0.04	80	0.880567276136896	0.862587904360056	0.890342240975152	0.851195499296765	0.996015002344116	0.986591654946085	0.878316924519456	0.2	0.04	0.76833801795267	0.888023730070449	0.818881572846147
wdLC_k1_0.2_k2_0.04	90	0.873334156480224	0.858023624315759	0.892151294398486	0.854665185002264	0.996608634810882	0.989381405111742	0.88984648310491	0.2	0.04	0.76833801795267	0.888023730070449	0.818881572846147
wdLC_k1_0.2_k2_0.04	100	0.869150915091509	0.858037803780378	0.884512451245124	0.852961296129613	0.996543654365437	0.990735073507351	0.913123312331233	0.2	0.04	0.76833801795267	0.888023730070449	0.818881572846147
wdLC_k1_0.2_k2_0.04	110	0.865671843653495	0.861776705813403	0.879800734846606	0.859089782025562	0.997240944029935	0.991767914703694	0.919347203750873	0.2	0.04	0.76833801795267	0.888023730070449	0.818881572846147
wdLC_k1_0.2_k2_0.04	120	0.878304048892284	0.874255156608098	0.889290922980762	0.876005278144315	0.996888672824502	0.991874435724703	0.929085353149524	0.2	0.04	0.76833801795267	0.888023730070449	0.818881572846147
wdLC_k1_0.2_k2_0.04	130	0.881467724535362	0.876458779991533	0.890005325758921	0.883740048341504	0.996318398448702	0.992014092777451	0.925679717051987	0.2	0.04	0.76833801795267	0.888023730070449	0.818881572846147
wdLC_k1_0.2_k2_0.04	140	0.895790601561304	0.887940346810698	0.903452800069975	0.90044390019899	0.995014322888194	0.992350921694256	0.920447836259868	0.2	0.04	0.76833801795267	0.888023730070449	0.818881572846147
wdLC_k1_0.2_k2_0.04	150	0.892439663985066	0.88339392861905	0.899714653984622	0.903224143295258	0.994140184008178	0.990076003377928	0.917959020400907	0.2	0.04	0.76833801795267	0.888023730070449	0.818881572846147
wdLC_k1_0.2_k2_0.04	160	0.887683112621587	0.875917028008906	0.895256650650416	0.901579163248564	0.992080745341615	0.987990741825853	0.905721903199344	0.2	0.04	0.76833801795267	0.888023730070449	0.818881572846147
wdLC_k1_0.2_k2_0.04	170	0.883156551315637	0.868632946794414	0.889700233877419	0.900533093960101	0.99117494397323	0.98558875434322	0.89651015809625	0.2	0.04	0.76833801795267	0.888023730070449	0.818881572846147
wdLC_k1_0.2_k2_0.04	180	0.867255162196364	0.854028416514913	0.874471434303528	0.887459489490416	0.989474983795796	0.985505725485354	0.882506661728243	0.2	0.04	0.76833801795267	0.888023730070449	0.818881572846147
wdLC_k1_0.2_k2_0.04	190	0.848602308563731	0.836524994860625	0.854204446543934	0.872237312303446	0.987698740743657	0.980047850866258	0.879057154229378	0.2	0.04	0.76833801795267	0.888023730070449	0.818881572846147
wdLC_k1_0.2_k2_0.04	200	0.853434335858397	0.837607440186005	0.860421510537764	0.87065476636916	0.984470111752794	0.977293932348309	0.876803420085502	0.2	0.04	0.76833801795267	0.888023730070449	0.818881572846147
wdLC_k1_0.2_k2_0.04	210	0.846393666199104	0.831619116727623	0.851181594658771	0.865030953082836	0.983626450875141	0.974454879119384	0.884213765780241	0.2	0.04	0.76833801795267	0.888023730070449	0.818881572846147
wdLC_k1_0.2_k2_0.04	220	0.83333089150978	0.817728765996292	0.843123355290962	0.856277646608025	0.984606368651493	0.974413821472645	0.883235378642308	0.2	0.04	0.76833801795267	0.888023730070449	0.818881572846147
wdLC_k1_0.2_k2_0.04	230	0.822820354128499	0.803247369679874	0.832868707142487	0.842744458882678	0.984704568262571	0.973302034969018	0.88718484856704	0.2	0.04	0.76833801795267	0.888023730070449	0.818881572846147
wdLC_k1_0.2_k2_0.04	240	0.811998472195698	0.7906725811212	0.821305057379468	0.82993281133353	0.985783607354294	0.973197451344641	0.897817670445667	0.2	0.04	0.76833801795267	0.888023730070449	0.818881572846147
wdLC_k1_0.2_k2_0.04	240	0.811998472195698	0.7906725811212	0.821305057379468	0.82993281133353	0.985783607354294	0.973197451344641	0.897817670445667	0.2	0.04	0.76833801795267	0.888023730070449	0.818881572846147
wdLC_k1_0.2_k2_0.04	250	0.809245715931455	0.785308308932943	0.817044112705803	0.825569049104786	0.986332453319253	0.975774588393414	0.897817670445667	0.2	0.04	0.76833801795267	0.888023730070449	0.818881572846147
wdLC_k1_0.2_k2_0.04	260	0.792913641189503	0.770427646289715	0.803299775713569	0.814057331298711	0.985705068463689	0.974502353812698	0.897817670445667	0.2	0.04	0.76833801795267	0.888023730070449	0.818881572846147
wdLC_k1_0.2_k2_0.04	270	0.779102593999918	0.752267901861175	0.792245283047626	0.808397920410431	0.985872081769145	0.972156911160189	0.897817670445667	0.2	0.04	0.76833801795267	0.888023730070449	0.818881572846147
wdLC_k1_0.2_k2_0.04	280	0.777560391623071	0.756584723201644	0.796664862707797	0.806569690211063	0.985954813563584	0.972885404879435	0.897817670445667	0.2	0.04	0.76833801795267	0.888023730070449	0.818881572846147
wdLC_k1_0.2_k2_0.04	290	0.784099282003845	0.757407095332226	0.800750593204807	0.810357005352067	0.986622170668313	0.974676643414104	0.897817670445667	0.2	0.04	0.76833801795267	0.888023730070449	0.818881572846147
wdLC_k1_0.2_k2_0.04	300	0.775882843142702	0.750030111445683	0.795587950977233	0.803287592084357	0.987316303514483	0.975216613517928	0.897817670445667	0.2	0.04	0.76833801795267	0.888023730070449	0.818881572846147
wdLC_k1_0.2_k2_0.12	10	0.660606060606061	0.684848484848485	0.709090909090909	0.466666666666667	0.903030303030303	0.83030303030303	0.76969696969697	0.2	0.12	0.71003717472119	0.832220986281053	0.760085319484374
wdLC_k1_0.2_k2_0.12	20	0.902255639097744	0.863157894736842	0.858646616541354	0.458646616541353	0.95187969924812	0.920300751879699	0.803007518796992	0.2	0.12	0.71003717472119	0.832220986281053	0.760085319484374
wdLC_k1_0.2_k2_0.12	30	0.923470522803115	0.882536151279199	0.897664071190211	0.639599555061179	0.978642936596218	0.961290322580645	0.842491657397108	0.2	0.12	0.71003717472119	0.832220986281053	0.760085319484374
wdLC_k1_0.2_k2_0.12	40	0.949155722326454	0.923827392120075	0.941651031894935	0.767542213883678	0.945403377110694	0.956848030018762	0.824390243902439	0.2	0.12	0.71003717472119	0.832220986281053	0.760085319484374
wdLC_k1_0.2_k2_0.12	50	0.909051620648259	0.874573829531813	0.919711884753902	0.819255702280912	0.947466986794718	0.945258103241297	0.798319327731092	0.2	0.12	0.71003717472119	0.832220986281053	0.760085319484374
wdLC_k1_0.2_k2_0.12	60	0.882467352042234	0.857627118644068	0.897138093914977	0.825340372325646	0.960155598777438	0.964545707140873	0.826785218116143	0.2	0.12	0.71003717472119	0.832220986281053	0.760085319484374
wdLC_k1_0.2_k2_0.12	70	0.906254920829324	0.889983378532062	0.919062199282653	0.85513078470825	0.966407138483072	0.969906394891085	0.852401364709999	0.2	0.12	0.71003717472119	0.832220986281053	0.760085319484374
wdLC_k1_0.2_k2_0.12	80	0.898687294889827	0.88413033286451	0.918706047819972	0.860618846694796	0.971612751992499	0.976910454758556	0.879395218002813	0.2	0.12	0.71003717472119	0.832220986281053	0.760085319484374
wdLC_k1_0.2_k2_0.12	90	0.906227106227106	0.897024323990616	0.92389183849858	0.87853644482858	0.973346503683582	0.978845124912541	0.888628225706877	0.2	0.12	0.71003717472119	0.832220986281053	0.760085319484374
wdLC_k1_0.2_k2_0.12	100	0.914827482748275	0.90949894989499	0.927656765676568	0.896297629762976	0.974449444944494	0.981806180618062	0.893801380138014	0.2	0.12	0.71003717472119	0.832220986281053	0.760085319484374
wdLC_k1_0.2_k2_0.12	110	0.916597164303586	0.9124946464396	0.928724387439984	0.90670603881613	0.975511124134977	0.983770258999617	0.908365079007281	0.2	0.12	0.71003717472119	0.832220986281053	0.760085319484374
wdLC_k1_0.2_k2_0.12	120	0.915695534412112	0.911153552330023	0.925598999930551	0.911299395791374	0.979255503854434	0.985797624835058	0.91995971942496	0.2	0.12	0.71003717472119	0.832220986281053	0.760085319484374
wdLC_k1_0.2_k2_0.12	130	0.917513553373663	0.913039915880321	0.926012918379331	0.917846754701006	0.981384424203526	0.986786655559956	0.919589233773505	0.2	0.12	0.71003717472119	0.832220986281053	0.760085319484374
wdLC_k1_0.2_k2_0.12	140	0.915204128490521	0.908963285298813	0.923119984255757	0.918562900439527	0.981106907786841	0.985720845815749	0.920216046008178	0.2	0.12	0.71003717472119	0.832220986281053	0.760085319484374
wdLC_k1_0.2_k2_0.12	150	0.911900084448198	0.905073114360638	0.918591937419441	0.920206231388062	0.980340459575981	0.985037557224766	0.920977821236499	0.2	0.12	0.71003717472119	0.832220986281053	0.760085319484374
wdLC_k1_0.2_k2_0.12	160	0.912234852923942	0.902578225711942	0.918712645025196	0.923877885854916	0.978744286886206	0.982139927340912	0.914868744872846	0.2	0.12	0.71003717472119	0.832220986281053	0.760085319484374
wdLC_k1_0.2_k2_0.12	170	0.911661506707947	0.900882383473477	0.918373727566393	0.924932065632233	0.974687501908269	0.977130085917893	0.899941988629772	0.2	0.12	0.71003717472119	0.832220986281053	0.760085319484374
wdLC_k1_0.2_k2_0.12	180	0.8994886673457	0.886150807123677	0.904274823297015	0.914958280605368	0.970478512711298	0.969869440414828	0.888706441556838	0.2	0.12	0.71003717472119	0.832220986281053	0.760085319484374
wdLC_k1_0.2_k2_0.12	190	0.901705397875142	0.886701045808238	0.906392508321415	0.918475070748424	0.967267208160016	0.967762337781627	0.886386122373998	0.2	0.12	0.71003717472119	0.832220986281053	0.760085319484374
wdLC_k1_0.2_k2_0.12	200	0.884923123078077	0.873317332933324	0.889655741393535	0.906792169804245	0.963010575264382	0.959777994449861	0.886363159078977	0.2	0.12	0.71003717472119	0.832220986281053	0.760085319484374
wdLC_k1_0.2_k2_0.12	210	0.88256941362454	0.869489751954207	0.88818405341229	0.905056480062716	0.964569329398464	0.961114764507132	0.888149067196211	0.2	0.12	0.71003717472119	0.832220986281053	0.760085319484374
wdLC_k1_0.2_k2_0.12	220	0.882163605934758	0.865858235237768	0.888919943875625	0.904188478725143	0.963550711979398	0.958529947087562	0.894633810991587	0.2	0.12	0.71003717472119	0.832220986281053	0.760085319484374
wdLC_k1_0.2_k2_0.12	230	0.870295567352716	0.853646941628715	0.875020897082792	0.894559361276658	0.963469680120525	0.960203077727285	0.892637076233051	0.2	0.12	0.71003717472119	0.832220986281053	0.760085319484374
wdLC_k1_0.2_k2_0.12	240	0.855655480129863	0.836419903123318	0.864169516831889	0.879512665150436	0.965952533898158	0.958710220663553	0.902814284970225	0.2	0.12	0.71003717472119	0.832220986281053	0.760085319484374
wdLC_k1_0.2_k2_0.12	240	0.855655480129863	0.836419903123318	0.864169516831889	0.879512665150436	0.965952533898158	0.958710220663553	0.902814284970225	0.2	0.12	0.71003717472119	0.832220986281053	0.760085319484374
wdLC_k1_0.2_k2_0.12	250	0.845180242883886	0.822363365813853	0.852348101569625	0.86639965439447	0.967685882974128	0.96083674938799	0.902814284970225	0.2	0.12	0.71003717472119	0.832220986281053	0.760085319484374
wdLC_k1_0.2_k2_0.12	260	0.832403073782384	0.806537420330524	0.84224300086369	0.856991967336795	0.96907646562819	0.96254177633488	0.902814284970225	0.2	0.12	0.71003717472119	0.832220986281053	0.760085319484374
wdLC_k1_0.2_k2_0.12	270	0.824686514523138	0.800795316503351	0.834354075882766	0.85098713440666	0.970826607894332	0.962800282277916	0.902814284970225	0.2	0.12	0.71003717472119	0.832220986281053	0.760085319484374
wdLC_k1_0.2_k2_0.12	280	0.801814891953797	0.7773619561474	0.816848429189148	0.831846433901307	0.971695885333814	0.96551322629844	0.902814284970225	0.2	0.12	0.71003717472119	0.832220986281053	0.760085319484374
wdLC_k1_0.2_k2_0.12	290	0.80590018906289	0.78289872650091	0.821191034704173	0.834919682098807	0.973993704464074	0.968601537350684	0.902814284970225	0.2	0.12	0.71003717472119	0.832220986281053	0.760085319484374
wdLC_k1_0.2_k2_0.12	300	0.80351115012389	0.779594884387604	0.823313592373249	0.83340437115968	0.975432615917955	0.97088945432727	0.902814284970225	0.2	0.12	0.71003717472119	0.832220986281053	0.760085319484374
wdLC_k1_0.2_k2_0.2	10	0.6	0.36969696969697	0.43030303030303	-0.2	0.818181818181818	0.963636363636364	0.781818181818182	0.2	0.2	0.655635143712032	0.776232851316277	0.704256700361681
wdLC_k1_0.2_k2_0.2	20	0.828571428571429	0.786466165413534	0.783458646616541	0.523308270676692	0.957894736842105	0.945864661654135	0.806015037593985	0.2	0.2	0.655635143712032	0.776232851316277	0.704256700361681
wdLC_k1_0.2_k2_0.2	30	0.905228031145718	0.862513904338153	0.867853170189099	0.563070077864294	0.977753058954394	0.97285873192436	0.865628476084538	0.2	0.2	0.655635143712032	0.776232851316277	0.704256700361681
wdLC_k1_0.2_k2_0.2	40	0.938461538461539	0.912007504690432	0.924953095684803	0.774108818011257	0.96923076923077	0.975609756097561	0.82063789868668	0.2	0.2	0.655635143712032	0.776232851316277	0.704256700361681
wdLC_k1_0.2_k2_0.2	50	0.913181272509003	0.882256902761105	0.919423769507803	0.837599039615846	0.967635054021609	0.968499399759904	0.819927971188475	0.2	0.2	0.655635143712032	0.776232851316277	0.704256700361681
wdLC_k1_0.2_k2_0.2	60	0.901972770213949	0.872853570436232	0.907529869408169	0.843901083634343	0.962434009447069	0.965712697971659	0.844456793553765	0.2	0.2	0.655635143712032	0.776232851316277	0.704256700361681
wdLC_k1_0.2_k2_0.2	70	0.904785233137958	0.885189397253084	0.912588574927828	0.868218003674219	0.972495844633015	0.971411075146531	0.880605371358586	0.2	0.2	0.655635143712032	0.776232851316277	0.704256700361681
wdLC_k1_0.2_k2_0.2	80	0.907641819034224	0.894866385372714	0.925925925925926	0.885560243788092	0.977144866385373	0.979020159399906	0.896038443506798	0.2	0.2	0.655635143712032	0.776232851316277	0.704256700361681
wdLC_k1_0.2_k2_0.2	90	0.899394987035436	0.889813557229288	0.913289706548134	0.879079721776351	0.979668271803103	0.982895007614109	0.89944437584887	0.2	0.2	0.655635143712032	0.776232851316277	0.704256700361681
wdLC_k1_0.2_k2_0.2	100	0.911107110711071	0.906270627062706	0.923132313231323	0.900930093009301	0.97957395739574	0.984314431443144	0.905598559855986	0.2	0.2	0.655635143712032	0.776232851316277	0.704256700361681
wdLC_k1_0.2_k2_0.2	110	0.912170051619593	0.90702161711336	0.922241507562608	0.909979036584541	0.981858756170683	0.987034240245249	0.919293104614205	0.2	0.2	0.655635143712032	0.776232851316277	0.704256700361681
wdLC_k1_0.2_k2_0.2	120	0.911688311688311	0.906062921036183	0.922182095978887	0.91310507674144	0.983832210570178	0.989770122925203	0.930293770400722	0.2	0.2	0.655635143712032	0.776232851316277	0.704256700361681
wdLC_k1_0.2_k2_0.2	130	0.911827281541466	0.906217482145052	0.920840104330252	0.918027011156782	0.986453454232613	0.989954799328135	0.930147892228489	0.2	0.2	0.655635143712032	0.776232851316277	0.704256700361681
wdLC_k1_0.2_k2_0.2	140	0.919083335155584	0.91356847652577	0.92741466401347	0.928066300758785	0.984990487852879	0.988839080711115	0.926531237016466	0.2	0.2	0.655635143712032	0.776232851316277	0.704256700361681
wdLC_k1_0.2_k2_0.2	150	0.915615805146895	0.90682963687275	0.922243655273568	0.925813591715188	0.982840126227832	0.986267834125961	0.923153917951909	0.2	0.2	0.655635143712032	0.776232851316277	0.704256700361681
wdLC_k1_0.2_k2_0.2	160	0.915809211297316	0.906744404078284	0.922064338450721	0.928304816594398	0.980420133598968	0.983616547521387	0.917320989101137	0.2	0.2	0.655635143712032	0.776232851316277	0.704256700361681
wdLC_k1_0.2_k2_0.2	170	0.905552604099877	0.89482721771362	0.911844700508668	0.919463120034685	0.978104676937733	0.979435885222978	0.911519836835388	0.2	0.2	0.655635143712032	0.776232851316277	0.704256700361681
wdLC_k1_0.2_k2_0.2	180	0.902776834675967	0.891058365998951	0.909307900449602	0.920606603084457	0.974509501322057	0.975949874996142	0.903416772122596	0.2	0.2	0.655635143712032	0.776232851316277	0.704256700361681
wdLC_k1_0.2_k2_0.2	190	0.900982823551024	0.886496345575982	0.905841392311494	0.919041932930057	0.973114286589073	0.973187768723729	0.895996535842224	0.2	0.2	0.655635143712032	0.776232851316277	0.704256700361681
wdLC_k1_0.2_k2_0.2	200	0.897290932273307	0.883361584039601	0.901117527938199	0.914506862671567	0.969669241731043	0.971262281557039	0.897115427885697	0.2	0.2	0.655635143712032	0.776232851316277	0.704256700361681
wdLC_k1_0.2_k2_0.2	210	0.879815868840563	0.86802162666468	0.886255924170616	0.902270540634222	0.96857201167503	0.972259818006887	0.898494620869278	0.2	0.2	0.655635143712032	0.776232851316277	0.704256700361681
wdLC_k1_0.2_k2_0.2	220	0.881910031950322	0.866682068938314	0.88970658672512	0.903973222587244	0.969300642950925	0.973629432614122	0.899349160106614	0.2	0.2	0.655635143712032	0.776232851316277	0.704256700361681
wdLC_k1_0.2_k2_0.2	230	0.875905601897628	0.858646460810881	0.881980180442303	0.893143044538526	0.967489810360515	0.972433110842072	0.90670260060805	0.2	0.2	0.655635143712032	0.776232851316277	0.704256700361681
wdLC_k1_0.2_k2_0.2	240	0.852628517856213	0.835039670827618	0.859611277973576	0.874633240160419	0.968328443202139	0.973118456917655	0.907271827635896	0.2	0.2	0.655635143712032	0.776232851316277	0.704256700361681
wdLC_k1_0.2_k2_0.2	240	0.852628517856213	0.835039670827618	0.859611277973576	0.874633240160419	0.968328443202139	0.973118456917655	0.907271827635896	0.2	0.2	0.655635143712032	0.776232851316277	0.704256700361681
wdLC_k1_0.2_k2_0.2	250	0.844042816685067	0.82222819565113	0.851471031536505	0.864488839821437	0.970096673546777	0.973818461095377	0.907271827635896	0.2	0.2	0.655635143712032	0.776232851316277	0.704256700361681
wdLC_k1_0.2_k2_0.2	260	0.83263589470486	0.813738482704	0.842190428397325	0.851959348511073	0.970681632750598	0.975010326734465	0.907271827635896	0.2	0.2	0.655635143712032	0.776232851316277	0.704256700361681
wdLC_k1_0.2_k2_0.2	270	0.830669221190353	0.809941608709767	0.84172927231131	0.850584751200672	0.970893062090472	0.976422173143664	0.907271827635896	0.2	0.2	0.655635143712032	0.776232851316277	0.704256700361681
wdLC_k1_0.2_k2_0.2	280	0.821553481913946	0.800552667399183	0.836349224571013	0.841274032285397	0.971329080363634	0.976537054955147	0.907271827635896	0.2	0.2	0.655635143712032	0.776232851316277	0.704256700361681
wdLC_k1_0.2_k2_0.2	290	0.813201436238325	0.791232746627435	0.827697651905328	0.836349031990622	0.97245266354801	0.977218967300854	0.907271827635896	0.2	0.2	0.655635143712032	0.776232851316277	0.704256700361681
wdLC_k1_0.2_k2_0.2	300	0.815827731419238	0.793627929199213	0.830891898798875	0.836029289214325	0.970843231591462	0.978572650807231	0.907271827635896	0.2	0.2	0.655635143712032	0.776232851316277	0.704256700361681
wdLC_k1_0.2_k2_0.28	10	0.806060606060606	0.527272727272727	0.515151515151515	-0.36969696969697	0.709090909090909	0.818181818181818	0.612121212121212	0.2	0.28	0.599691721824281	0.719873934000742	0.64638783269962
wdLC_k1_0.2_k2_0.28	20	0.888721804511278	0.861654135338346	0.831578947368421	0.47218045112782	0.942857142857143	0.93984962406015	0.744360902255639	0.2	0.28	0.599691721824281	0.719873934000742	0.64638783269962
wdLC_k1_0.2_k2_0.28	30	0.929254727474972	0.92258064516129	0.916796440489433	0.605784204671858	0.959510567296997	0.964849833147942	0.849610678531702	0.2	0.28	0.599691721824281	0.719873934000742	0.64638783269962
wdLC_k1_0.2_k2_0.28	40	0.907692307692308	0.898311444652908	0.91688555347092	0.754409005628518	0.965853658536586	0.978986866791745	0.812570356472796	0.2	0.28	0.599691721824281	0.719873934000742	0.64638783269962
wdLC_k1_0.2_k2_0.28	50	0.941704681872749	0.931140456182473	0.945354141656663	0.860360144057623	0.926626650660264	0.954477791116447	0.817430972388956	0.2	0.28	0.599691721824281	0.719873934000742	0.64638783269962
wdLC_k1_0.2_k2_0.28	60	0.933481522645179	0.922534037232565	0.940872464573493	0.875798833009169	0.944540150041678	0.967157543762156	0.834176160044457	0.2	0.28	0.599691721824281	0.719873934000742	0.64638783269962
wdLC_k1_0.2_k2_0.28	70	0.922911381331467	0.914128247747354	0.929944886711574	0.881795118537311	0.943941912343627	0.959268655410725	0.856005598810253	0.2	0.28	0.599691721824281	0.719873934000742	0.64638783269962
wdLC_k1_0.2_k2_0.28	80	0.918846694796062	0.912306610407876	0.935982184716362	0.892639474917956	0.958438818565401	0.97121425222691	0.886357243319269	0.2	0.28	0.599691721824281	0.719873934000742	0.64638783269962
wdLC_k1_0.2_k2_0.28	90	0.907412437749516	0.904992385891262	0.922459562909001	0.886092933283945	0.966053422233198	0.977775033954809	0.895838992468206	0.2	0.28	0.599691721824281	0.719873934000742	0.64638783269962
wdLC_k1_0.2_k2_0.28	100	0.921080108010801	0.920888088808881	0.933825382538254	0.90949894989499	0.966384638463846	0.978841884188419	0.900570057005701	0.2	0.28	0.599691721824281	0.719873934000742	0.64638783269962
wdLC_k1_0.2_k2_0.28	110	0.920248856028672	0.919464418546987	0.932529360052296	0.917742262696391	0.969866780875955	0.980416112526204	0.919022608930866	0.2	0.28	0.599691721824281	0.719873934000742	0.64638783269962
wdLC_k1_0.2_k2_0.28	120	0.921716785887909	0.919112438363775	0.931203555802486	0.922251545246198	0.976040002777971	0.984103062712688	0.930189596499757	0.2	0.28	0.599691721824281	0.719873934000742	0.64638783269962
wdLC_k1_0.2_k2_0.28	130	0.929066353493834	0.926701170301383	0.936653511586939	0.932857201381966	0.979620095863661	0.985492086468476	0.929175599830668	0.2	0.28	0.599691721824281	0.719873934000742	0.64638783269962
wdLC_k1_0.2_k2_0.28	140	0.934936913690932	0.931945507423848	0.941518882158711	0.940919726225099	0.979646191861101	0.986704861035184	0.9213793706676	0.2	0.28	0.599691721824281	0.719873934000742	0.64638783269962
wdLC_k1_0.2_k2_0.28	150	0.922360993821948	0.916415840704031	0.927680341348504	0.92991332948131	0.980994710876039	0.985570914262856	0.918481710298236	0.2	0.28	0.599691721824281	0.719873934000742	0.64638783269962
wdLC_k1_0.2_k2_0.28	160	0.919664830657447	0.911868627680769	0.925896519395289	0.92813195827962	0.97990448845658	0.984773819289816	0.906463143091527	0.2	0.28	0.599691721824281	0.719873934000742	0.64638783269962
wdLC_k1_0.2_k2_0.28	170	0.9221572901973	0.913095303521596	0.928762037359323	0.934135722180495	0.976346016450803	0.979711897216065	0.90352037420387	0.2	0.28	0.599691721824281	0.719873934000742	0.64638783269962
wdLC_k1_0.2_k2_0.28	180	0.911351173390125	0.898340483759787	0.916956284658992	0.924940070166775	0.972900398160437	0.976647427389734	0.894636665740712	0.2	0.28	0.599691721824281	0.719873934000742	0.64638783269962
wdLC_k1_0.2_k2_0.28	190	0.904345505998854	0.890179200181956	0.911571249240029	0.920670786914931	0.967837569490918	0.973228008940327	0.879102643169879	0.2	0.28	0.599691721824281	0.719873934000742	0.64638783269962
wdLC_k1_0.2_k2_0.28	200	0.88462311557789	0.867434185854646	0.890062251556289	0.901908047701193	0.964426610665267	0.967794194854872	0.881641041026026	0.2	0.28	0.599691721824281	0.719873934000742	0.64638783269962
wdLC_k1_0.2_k2_0.28	210	0.86580324140813	0.84608786075486	0.875887046353497	0.882351721613383	0.963591011134039	0.968505926600214	0.883366321879667	0.2	0.28	0.599691721824281	0.719873934000742	0.64638783269962
wdLC_k1_0.2_k2_0.28	220	0.856282154589971	0.839745749818272	0.867149772065163	0.875994432642297	0.965716797304227	0.97124358316945	0.886206138744415	0.2	0.28	0.599691721824281	0.719873934000742	0.64638783269962
wdLC_k1_0.2_k2_0.28	230	0.853640037577763	0.834821567268881	0.863604555687335	0.869726476295681	0.958466215766387	0.967383290717257	0.885410507472402	0.2	0.28	0.599691721824281	0.719873934000742	0.64638783269962
wdLC_k1_0.2_k2_0.28	240	0.850425354606851	0.834435493671765	0.85950450528655	0.866277192312366	0.956361221548985	0.968397020781611	0.896774249552944	0.2	0.28	0.599691721824281	0.719873934000742	0.64638783269962
wdLC_k1_0.2_k2_0.28	240	0.850425354606851	0.834435493671765	0.85950450528655	0.866277192312366	0.956361221548985	0.968397020781611	0.896774249552944	0.2	0.28	0.599691721824281	0.719873934000742	0.64638783269962
wdLC_k1_0.2_k2_0.28	250	0.839164402630442	0.825756444103106	0.856014592233476	0.859891518264292	0.956916046656746	0.969840157442519	0.896774249552944	0.2	0.28	0.599691721824281	0.719873934000742	0.64638783269962
wdLC_k1_0.2_k2_0.28	260	0.81836690802208	0.802875782186127	0.837272513134582	0.842684746133022	0.951795144898593	0.969357762461211	0.896774249552944	0.2	0.28	0.599691721824281	0.719873934000742	0.64638783269962
wdLC_k1_0.2_k2_0.28	270	0.817183287074506	0.803240708987015	0.840124007188027	0.840879390206541	0.953532055766654	0.970485191840766	0.896774249552944	0.2	0.28	0.599691721824281	0.719873934000742	0.64638783269962
wdLC_k1_0.2_k2_0.28	280	0.820364509022528	0.801919849560763	0.842009828842569	0.840823589222166	0.953139161760445	0.968836337198178	0.896774249552944	0.2	0.28	0.599691721824281	0.719873934000742	0.64638783269962
wdLC_k1_0.2_k2_0.28	290	0.818199978596654	0.798619607187096	0.839746505657741	0.84119701288014	0.952143594310646	0.96859464891747	0.896774249552944	0.2	0.28	0.599691721824281	0.719873934000742	0.64638783269962
wdLC_k1_0.2_k2_0.28	300	0.806671629684774	0.788030533672596	0.825671396348848	0.823202480027556	0.95075945288281	0.967187190968789	0.896774249552944	0.2	0.28	0.599691721824281	0.719873934000742	0.64638783269962
wdLC_k1_0.2_k2_0.36	10	0.757575757575757	0.6	0.612121212121212	0.0424242424242424	0.539393939393939	0.781818181818182	0.612121212121212	0.2	0.36	0.541300208541119	0.657026325546904	0.583603820829083
wdLC_k1_0.2_k2_0.36	20	0.855639097744361	0.858646616541354	0.821052631578947	0.541353383458647	0.914285714285714	0.92781954887218	0.738345864661654	0.2	0.36	0.541300208541119	0.657026325546904	0.583603820829083
wdLC_k1_0.2_k2_0.36	30	0.929254727474972	0.920800889877642	0.919021134593993	0.626251390433815	0.956395995550612	0.964849833147942	0.85761957730812	0.2	0.36	0.541300208541119	0.657026325546904	0.583603820829083
wdLC_k1_0.2_k2_0.36	40	0.946529080675422	0.936960600375235	0.942776735459663	0.778986866791745	0.953095684803002	0.968105065666042	0.814446529080676	0.2	0.36	0.541300208541119	0.657026325546904	0.583603820829083
wdLC_k1_0.2_k2_0.36	50	0.93296518607443	0.918655462184874	0.934309723889556	0.848163265306123	0.938535414165666	0.96436974789916	0.829819927971189	0.2	0.36	0.541300208541119	0.657026325546904	0.583603820829083
wdLC_k1_0.2_k2_0.36	60	0.927590997499306	0.911308696860239	0.932759099749931	0.878521811614337	0.935204223395388	0.956765768268964	0.85340372325646	0.2	0.36	0.541300208541119	0.657026325546904	0.583603820829083
wdLC_k1_0.2_k2_0.36	70	0.910349050826699	0.888233750328055	0.915492957746479	0.862829148805879	0.946006473624355	0.958463826436882	0.87896072084682	0.2	0.36	0.541300208541119	0.657026325546904	0.583603820829083
wdLC_k1_0.2_k2_0.36	80	0.897351148616972	0.881059540553211	0.91418190342241	0.863244256915143	0.958884200656353	0.97008907641819	0.882653539615565	0.2	0.36	0.541300208541119	0.657026325546904	0.583603820829083
wdLC_k1_0.2_k2_0.36	90	0.905305181709676	0.895443881960736	0.918409680207433	0.88143392188336	0.964291887887394	0.97489401983784	0.902243075276783	0.2	0.36	0.541300208541119	0.657026325546904	0.583603820829083
wdLC_k1_0.2_k2_0.36	100	0.917287728772877	0.911887188718872	0.928808880888089	0.903798379837984	0.966168616861686	0.977665766576658	0.907998799879988	0.2	0.36	0.541300208541119	0.657026325546904	0.583603820829083
wdLC_k1_0.2_k2_0.36	110	0.918968509794198	0.914054504880193	0.928264544778306	0.912179068142371	0.970497937470414	0.981002186506774	0.923521853797083	0.2	0.36	0.541300208541119	0.657026325546904	0.583603820829083
wdLC_k1_0.2_k2_0.36	120	0.921841794569067	0.915528856170567	0.928703382179318	0.919327731092437	0.975776095562192	0.983102993263421	0.932759219390235	0.2	0.36	0.541300208541119	0.657026325546904	0.583603820829083
wdLC_k1_0.2_k2_0.36	130	0.927689849649729	0.921867019896489	0.933731172076636	0.929410479454861	0.979614633546819	0.984913080883257	0.934408499365006	0.2	0.36	0.541300208541119	0.657026325546904	0.583603820829083
wdLC_k1_0.2_k2_0.36	140	0.93205484244823	0.924943692462444	0.936734381491767	0.937569701078043	0.98223524523846	0.986499311189347	0.92308937044893	0.2	0.36	0.541300208541119	0.657026325546904	0.583603820829083
wdLC_k1_0.2_k2_0.36	150	0.930094670874261	0.923310369349749	0.934638872838793	0.936765189563981	0.981037379439086	0.985105115782924	0.919423974398862	0.2	0.36	0.541300208541119	0.657026325546904	0.583603820829083
wdLC_k1_0.2_k2_0.36	160	0.915428337044416	0.908364584554084	0.919415797492089	0.923664010312903	0.979374194304465	0.979341966483066	0.920537911637173	0.2	0.36	0.541300208541119	0.657026325546904	0.583603820829083
wdLC_k1_0.2_k2_0.36	170	0.913244301146183	0.902211149174712	0.917496839906938	0.922318500741935	0.975830631224773	0.974482324851461	0.901256098826949	0.2	0.36	0.541300208541119	0.657026325546904	0.583603820829083
wdLC_k1_0.2_k2_0.36	180	0.910591890696215	0.898780826568721	0.914968568988755	0.919769128676811	0.97358971984732	0.973149377038386	0.896151115775178	0.2	0.36	0.541300208541119	0.657026325546904	0.583603820829083
wdLC_k1_0.2_k2_0.36	190	0.895711355176773	0.883527317420952	0.89948168851448	0.904544957507206	0.963950014652688	0.96611773762504	0.893041504284271	0.2	0.36	0.541300208541119	0.657026325546904	0.583603820829083
wdLC_k1_0.2_k2_0.36	200	0.879405985149629	0.866667666691668	0.883837095927398	0.892324308107703	0.96308707717693	0.965526138153454	0.895865896647416	0.2	0.36	0.541300208541119	0.657026325546904	0.583603820829083
wdLC_k1_0.2_k2_0.36	210	0.876270598944583	0.861696896269109	0.879629275688143	0.889383951045213	0.953849293634776	0.961005918501553	0.898057941061184	0.2	0.36	0.541300208541119	0.657026325546904	0.583603820829083
wdLC_k1_0.2_k2_0.36	220	0.855418876047402	0.841120684311659	0.862091816322276	0.871725373739878	0.954200030428878	0.962937626434806	0.897193217741163	0.2	0.36	0.541300208541119	0.657026325546904	0.583603820829083
wdLC_k1_0.2_k2_0.36	230	0.847027929351833	0.837378038707069	0.855927251028827	0.866646283278142	0.954536824481765	0.963027820859604	0.903356108482366	0.2	0.36	0.541300208541119	0.657026325546904	0.583603820829083
wdLC_k1_0.2_k2_0.36	240	0.842051077275647	0.832581294814146	0.852585114324901	0.856020069792878	0.950832479730551	0.962826611573117	0.907262278859008	0.2	0.36	0.541300208541119	0.657026325546904	0.583603820829083
wdLC_k1_0.2_k2_0.36	240	0.842051077275647	0.832581294814146	0.852585114324901	0.856020069792878	0.950832479730551	0.962826611573117	0.907262278859008	0.2	0.36	0.541300208541119	0.657026325546904	0.583603820829083
wdLC_k1_0.2_k2_0.36	250	0.843843901502424	0.83309249747996	0.856949263188211	0.855195891134258	0.950927086833389	0.964848845581529	0.907262278859008	0.2	0.36	0.541300208541119	0.657026325546904	0.583603820829083
wdLC_k1_0.2_k2_0.36	260	0.829969036865588	0.815381201588098	0.849093124955194	0.842594621904967	0.954588995968306	0.966165862717587	0.907262278859008	0.2	0.36	0.541300208541119	0.657026325546904	0.583603820829083
wdLC_k1_0.2_k2_0.36	270	0.815900538187538	0.801012969237499	0.837359146825669	0.829731546386096	0.952610232422027	0.967247836047134	0.907262278859008	0.2	0.36	0.541300208541119	0.657026325546904	0.583603820829083
wdLC_k1_0.2_k2_0.36	280	0.813860417315819	0.795319000060132	0.832124134236406	0.826483209516156	0.950217295045673	0.967099070141201	0.907262278859008	0.2	0.36	0.541300208541119	0.657026325546904	0.583603820829083
wdLC_k1_0.2_k2_0.36	290	0.795940498697963	0.774581927457418	0.813224561692685	0.807404327658167	0.950805270143439	0.966807592529494	0.907262278859008	0.2	0.36	0.541300208541119	0.657026325546904	0.583603820829083
wdLC_k1_0.2_k2_0.36	300	0.799181768686319	0.779384659829554	0.817073078589762	0.81131612573473	0.953082145357171	0.96728852542806	0.907262278859008	0.2	0.36	0.541300208541119	0.657026325546904	0.583603820829083
wdLC_k1_0.2_k2_0.44	10	0.76969696969697	0.83030303030303	0.818181818181818	-0.0424242424242424	0.527272727272727	0.733333333333333	0.648484848484848	0.2	0.44	0.489708949134101	0.597515758249907	0.525920430306965
wdLC_k1_0.2_k2_0.44	20	0.870676691729323	0.851127819548872	0.83609022556391	0.554887218045113	0.887218045112782	0.909774436090226	0.753383458646617	0.2	0.44	0.489708949134101	0.597515758249907	0.525920430306965
wdLC_k1_0.2_k2_0.44	30	0.936373748609566	0.916796440489433	0.93503893214683	0.672969966629588	0.941713014460512	0.961290322580645	0.821134593993326	0.2	0.44	0.489708949134101	0.597515758249907	0.525920430306965
wdLC_k1_0.2_k2_0.44	40	0.948968105065666	0.936772983114447	0.947467166979362	0.802251407129456	0.954033771106942	0.967917448405253	0.809005628517824	0.2	0.44	0.489708949134101	0.597515758249907	0.525920430306965
wdLC_k1_0.2_k2_0.44	50	0.910588235294118	0.896374549819928	0.924609843937575	0.84672268907563	0.903865546218487	0.924801920768307	0.824249699879952	0.2	0.44	0.489708949134101	0.597515758249907	0.525920430306965
wdLC_k1_0.2_k2_0.44	60	0.915087524312309	0.900861350375104	0.926535148652404	0.874854126146152	0.910641844956933	0.936815782161712	0.803000833564879	0.2	0.44	0.489708949134101	0.597515758249907	0.525920430306965
wdLC_k1_0.2_k2_0.44	70	0.906429883649724	0.897541772373371	0.918852243898172	0.864928702650687	0.933024232350625	0.949820663109089	0.843828186510367	0.2	0.44	0.489708949134101	0.597515758249907	0.525920430306965
wdLC_k1_0.2_k2_0.44	80	0.90323488045007	0.89634317862166	0.923933427097984	0.871823722456634	0.945827473042663	0.959376465072668	0.8643225503985	0.2	0.44	0.489708949134101	0.597515758249907	0.525920430306965
wdLC_k1_0.2_k2_0.44	90	0.919249290035807	0.914837222702391	0.934889080956497	0.898110877886159	0.948849652220439	0.962546816479401	0.866650203728855	0.2	0.44	0.489708949134101	0.597515758249907	0.525920430306965
wdLC_k1_0.2_k2_0.44	100	0.93053705370537	0.928424842484248	0.941566156615662	0.915919591959196	0.95038703870387	0.965004500450045	0.881848184818482	0.2	0.44	0.489708949134101	0.597515758249907	0.525920430306965
wdLC_k1_0.2_k2_0.44	110	0.933340847102315	0.930852286815589	0.942483601199197	0.927299776841061	0.953050965895003	0.967738881500349	0.900710051168767	0.2	0.44	0.489708949134101	0.597515758249907	0.525920430306965
wdLC_k1_0.2_k2_0.44	120	0.928960344468366	0.924328078338773	0.936530314605181	0.927911660531981	0.960594485728175	0.973366205986527	0.91134106535176	0.2	0.44	0.489708949134101	0.597515758249907	0.525920430306965
wdLC_k1_0.2_k2_0.44	130	0.930535716724249	0.925799888022505	0.939215338185691	0.934069835720821	0.962435647079709	0.974141392071447	0.921380873697579	0.2	0.44	0.489708949134101	0.597515758249907	0.525920430306965
wdLC_k1_0.2_k2_0.44	140	0.925901467276027	0.919739345301874	0.933843563447115	0.930449804290306	0.966644070761628	0.976226192298441	0.924742516017581	0.2	0.44	0.489708949134101	0.597515758249907	0.525920430306965
wdLC_k1_0.2_k2_0.44	150	0.9285194897551	0.920465798479933	0.935712698342149	0.93401662296102	0.963913062802791	0.973556158051469	0.927392328547936	0.2	0.44	0.489708949134101	0.597515758249907	0.525920430306965
wdLC_k1_0.2_k2_0.44	160	0.932974920895347	0.923318293683347	0.93879936716278	0.939956638931208	0.961552209070667	0.970681471932497	0.920250791046525	0.2	0.44	0.489708949134101	0.597515758249907	0.525920430306965
wdLC_k1_0.2_k2_0.44	170	0.928500680870293	0.91838838307045	0.934177246108659	0.940107840084025	0.955586494953011	0.965598646808459	0.917191516905735	0.2	0.44	0.489708949134101	0.597515758249907	0.525920430306965
wdLC_k1_0.2_k2_0.44	180	0.927269360165437	0.916124983281377	0.932030823996625	0.939985802030927	0.949761823924607	0.957636552568495	0.911445826517279	0.2	0.44	0.489708949134101	0.597515758249907	0.525920430306965
wdLC_k1_0.2_k2_0.44	190	0.917801484514078	0.908325788292722	0.925634330153482	0.934215993736523	0.945757937601421	0.952488551220985	0.902027319607921	0.2	0.44	0.489708949134101	0.597515758249907	0.525920430306965
wdLC_k1_0.2_k2_0.44	200	0.910773269331733	0.896941423535589	0.915165379134478	0.929402235055877	0.947603690092252	0.951574289357234	0.896425410635266	0.2	0.44	0.489708949134101	0.597515758249907	0.525920430306965
wdLC_k1_0.2_k2_0.44	210	0.905898740820168	0.892035128752515	0.908643215103679	0.924392195482243	0.943069651725177	0.947093066574234	0.899424995059817	0.2	0.44	0.489708949134101	0.597515758249907	0.525920430306965
wdLC_k1_0.2_k2_0.44	220	0.897353251100229	0.883071964296783	0.900566315231908	0.919601268996918	0.943365095822791	0.946666065602407	0.900313868242958	0.2	0.44	0.489708949134101	0.597515758249907	0.525920430306965
wdLC_k1_0.2_k2_0.44	230	0.887237122095675	0.872871764650766	0.887932458655831	0.904812863233216	0.940027468259859	0.947567678192322	0.905348420328485	0.2	0.44	0.489708949134101	0.597515758249907	0.525920430306965
wdLC_k1_0.2_k2_0.44	240	0.876933627319919	0.858619941318426	0.878700151044289	0.891248980017014	0.940992031111651	0.948109342176079	0.910030556086043	0.2	0.44	0.489708949134101	0.597515758249907	0.525920430306965
wdLC_k1_0.2_k2_0.44	240	0.876933627319919	0.858619941318426	0.878700151044289	0.891248980017014	0.940992031111651	0.948109342176079	0.910030556086043	0.2	0.44	0.489708949134101	0.597515758249907	0.525920430306965
wdLC_k1_0.2_k2_0.44	250	0.858045984735756	0.839998463975424	0.867587001392022	0.877114961839389	0.941460567369078	0.944993423894782	0.910030556086043	0.2	0.44	0.489708949134101	0.597515758249907	0.525920430306965
wdLC_k1_0.2_k2_0.44	260	0.840385212799006	0.821313697175766	0.855159441366338	0.862686179927559	0.94493136562102	0.948558183040942	0.910030556086043	0.2	0.44	0.489708949134101	0.597515758249907	0.525920430306965
wdLC_k1_0.2_k2_0.44	270	0.840649544041909	0.816070026871272	0.855615150947048	0.85929695728184	0.94567765752007	0.952833981871417	0.910030556086043	0.2	0.44	0.489708949134101	0.597515758249907	0.525920430306965
wdLC_k1_0.2_k2_0.44	280	0.837095407558041	0.812461529210467	0.858109888427877	0.85845865380936	0.948543986530441	0.955997069933472	0.910030556086043	0.2	0.44	0.489708949134101	0.597515758249907	0.525920430306965
wdLC_k1_0.2_k2_0.44	290	0.826962557675252	0.804800991934383	0.853583399860017	0.852701680408681	0.946444399888309	0.955601095752912	0.910030556086043	0.2	0.44	0.489708949134101	0.597515758249907	0.525920430306965
wdLC_k1_0.2_k2_0.44	300	0.818936210402338	0.795679507550084	0.846298292203247	0.843959155101723	0.948422982477583	0.956773297481083	0.910030556086043	0.2	0.44	0.489708949134101	0.597515758249907	0.525920430306965
wdLC_k1_0.2_k2_0.52	10	0.418181818181818	0.842424242424242	0.854545454545454	0.757575757575757	0.212121212121212	0.43030303030303	0.224242424242424	0.2	0.52	0.431589446005984	0.533370411568409	0.46332189557637
wdLC_k1_0.2_k2_0.52	20	0.867669172932331	0.882706766917293	0.900751879699248	0.598496240601504	0.818045112781955	0.819548872180451	0.649624060150376	0.2	0.52	0.431589446005984	0.533370411568409	0.46332189557637
wdLC_k1_0.2_k2_0.52	30	0.915016685205784	0.92035595105673	0.940378197997775	0.675639599555061	0.917241379310345	0.933704115684093	0.781979977753059	0.2	0.52	0.431589446005984	0.533370411568409	0.46332189557637
wdLC_k1_0.2_k2_0.52	40	0.911632270168856	0.912007504690432	0.925891181988743	0.773358348968105	0.939587242026267	0.947091932457786	0.791932457786117	0.2	0.52	0.431589446005984	0.533370411568409	0.46332189557637
wdLC_k1_0.2_k2_0.52	50	0.936134453781512	0.943241296518608	0.948043217286915	0.858823529411765	0.877262905162065	0.914141656662665	0.779975990396159	0.2	0.52	0.431589446005984	0.533370411568409	0.46332189557637
wdLC_k1_0.2_k2_0.52	60	0.888691303139761	0.881133648235621	0.903862183939983	0.842622950819672	0.903195332036677	0.925034731869964	0.807390941928314	0.2	0.52	0.431589446005984	0.533370411568409	0.46332189557637
wdLC_k1_0.2_k2_0.52	70	0.882110051614032	0.870737468287989	0.902090805703788	0.86062461726883	0.916752690053364	0.922841396203307	0.845717784970694	0.2	0.52	0.431589446005984	0.533370411568409	0.46332189557637
wdLC_k1_0.2_k2_0.52	80	0.887998124706986	0.878176277543366	0.908954524144398	0.871823722456634	0.936990154711674	0.942662916080638	0.856516643225504	0.2	0.52	0.431589446005984	0.533370411568409	0.46332189557637
wdLC_k1_0.2_k2_0.52	90	0.898077952010536	0.892233609087542	0.919496234102976	0.88800263407005	0.941309626702885	0.948800263407005	0.864180763057168	0.2	0.52	0.431589446005984	0.533370411568409	0.46332189557637
wdLC_k1_0.2_k2_0.52	100	0.915703570357036	0.911731173117312	0.92997299729973	0.909054905490549	0.945262526252625	0.955751575157516	0.878607860786079	0.2	0.52	0.431589446005984	0.533370411568409	0.46332189557637
wdLC_k1_0.2_k2_0.52	110	0.92317922593152	0.918698014110858	0.934783490746793	0.921303789193697	0.946216441629286	0.958578094357911	0.899222324910398	0.2	0.52	0.431589446005984	0.533370411568409	0.46332189557637
wdLC_k1_0.2_k2_0.52	120	0.927953330092367	0.923203000208348	0.939655531634141	0.931995277449823	0.946933814848253	0.958976317799847	0.914445447600528	0.2	0.52	0.431589446005984	0.533370411568409	0.46332189557637
wdLC_k1_0.2_k2_0.52	130	0.925832661923555	0.91954007292193	0.935484575782818	0.930978164388425	0.952324898605744	0.963107512051236	0.920151852408199	0.2	0.52	0.431589446005984	0.533370411568409	0.46332189557637
wdLC_k1_0.2_k2_0.52	140	0.926041416107236	0.91990990793991	0.934796964859723	0.932802694015001	0.956922000393606	0.965590081126588	0.925031160481949	0.2	0.52	0.431589446005984	0.533370411568409	0.46332189557637
wdLC_k1_0.2_k2_0.52	150	0.932078759055958	0.924423307702565	0.938457709231522	0.941419618649718	0.955909151517845	0.961719187519445	0.928846615405129	0.2	0.52	0.431589446005984	0.533370411568409	0.46332189557637
wdLC_k1_0.2_k2_0.52	160	0.931392827844838	0.921698113207547	0.936291456697527	0.939818938239775	0.954063635298254	0.960734794327903	0.924964842376655	0.2	0.52	0.431589446005984	0.533370411568409	0.46332189557637
wdLC_k1_0.2_k2_0.52	170	0.925679496339177	0.917389366210514	0.931888544891641	0.938437112621442	0.951050616447139	0.954384743620276	0.918512954854941	0.2	0.52	0.431589446005984	0.533370411568409	0.46332189557637
wdLC_k1_0.2_k2_0.52	180	0.926298136773769	0.915499449571489	0.931203637972365	0.940815045731864	0.95079683529327	0.954342212208196	0.911923207506405	0.2	0.52	0.431589446005984	0.533370411568409	0.46332189557637
wdLC_k1_0.2_k2_0.52	190	0.924586334947316	0.910096357823005	0.929688094582005	0.942920127543991	0.943217555231884	0.947357048817507	0.906450244284358	0.2	0.52	0.431589446005984	0.533370411568409	0.46332189557637
wdLC_k1_0.2_k2_0.52	200	0.914274356858922	0.900859521488037	0.918652966324158	0.935991899797495	0.938106952673817	0.943877596939924	0.892621315532889	0.2	0.52	0.431589446005984	0.533370411568409	0.46332189557637
wdLC_k1_0.2_k2_0.52	210	0.903704975493451	0.889170146391399	0.906790241437286	0.926061167567778	0.937168643279893	0.940516953737208	0.895978204883169	0.2	0.52	0.431589446005984	0.533370411568409	0.46332189557637
wdLC_k1_0.2_k2_0.52	220	0.899704163684825	0.882375481086198	0.902503620473	0.918013332356604	0.941414266635862	0.943235491341857	0.90265012988623	0.2	0.52	0.431589446005984	0.533370411568409	0.46332189557637
wdLC_k1_0.2_k2_0.52	230	0.887328847344036	0.869091303608106	0.887787473585841	0.907618866798666	0.941503948870571	0.941555236106214	0.903119398164016	0.2	0.52	0.431589446005984	0.533370411568409	0.46332189557637
wdLC_k1_0.2_k2_0.52	240	0.878365943853192	0.860429000503481	0.883169846698727	0.900444452160628	0.936876508272713	0.939100505217104	0.907275299918401	0.2	0.52	0.431589446005984	0.533370411568409	0.46332189557637
wdLC_k1_0.2_k2_0.52	240	0.878365943853192	0.860429000503481	0.883169846698727	0.900444452160628	0.936876508272713	0.939100505217104	0.907275299918401	0.2	0.52	0.431589446005984	0.533370411568409	0.46332189557637
wdLC_k1_0.2_k2_0.52	250	0.870488551816829	0.852767436278981	0.877589593433495	0.89285921374742	0.930632362117794	0.9344708875342	0.907275299918401	0.2	0.52	0.431589446005984	0.533370411568409	0.46332189557637
wdLC_k1_0.2_k2_0.52	260	0.864587664587664	0.843134684513995	0.874997695687351	0.88525000938794	0.928775914982811	0.935269638717914	0.907275299918401	0.2	0.52	0.431589446005984	0.533370411568409	0.46332189557637
wdLC_k1_0.2_k2_0.52	270	0.8476534505122	0.825422388052877	0.864734617606399	0.870083875559945	0.931518646041479	0.940546661972196	0.907275299918401	0.2	0.52	0.431589446005984	0.533370411568409	0.46332189557637
wdLC_k1_0.2_k2_0.52	280	0.837926321946526	0.81984245425871	0.861045968151926	0.864283800996004	0.935119252614374	0.944817444828925	0.907275299918401	0.2	0.52	0.431589446005984	0.533370411568409	0.46332189557637
wdLC_k1_0.2_k2_0.52	290	0.830324605114416	0.808119248619546	0.85413545857899	0.856437179334208	0.936278056526975	0.945775729835649	0.907275299918401	0.2	0.52	0.431589446005984	0.533370411568409	0.46332189557637
wdLC_k1_0.2_k2_0.52	300	0.825164279603107	0.804743163812931	0.848046756075067	0.850766786297626	0.933696596628851	0.946168735208169	0.907275299918401	0.2	0.52	0.431589446005984	0.533370411568409	0.46332189557637
wdLC_k1_0.2_k2_0.6	10	0.539393939393939	0.442424242424242	0.418181818181818	0.575757575757576	0.187878787878788	0.454545454545455	0.503030303030303	0.2	0.6	0.379091486082147	0.472932888394512	0.404618380784568
wdLC_k1_0.2_k2_0.6	20	0.630075187969925	0.669172932330827	0.643609022556391	0.536842105263158	0.652631578947368	0.699248120300752	0.630075187969925	0.2	0.6	0.379091486082147	0.472932888394512	0.404618380784568
wdLC_k1_0.2_k2_0.6	30	0.795328142380423	0.802447163515017	0.814015572858732	0.639599555061179	0.878976640711902	0.89944382647386	0.731701890989989	0.2	0.6	0.379091486082147	0.472932888394512	0.404618380784568
wdLC_k1_0.2_k2_0.6	40	0.879174484052533	0.883302063789869	0.905440900562852	0.821575984990619	0.930018761726079	0.939962476547843	0.756285178236398	0.2	0.6	0.379091486082147	0.472932888394512	0.404618380784568
wdLC_k1_0.2_k2_0.6	50	0.917695078031212	0.924033613445378	0.930948379351741	0.893013205282113	0.944777911164466	0.962160864345738	0.776422569027611	0.2	0.6	0.379091486082147	0.472932888394512	0.404618380784568
wdLC_k1_0.2_k2_0.6	60	0.907974437343707	0.907140872464574	0.914476243400945	0.882245068074465	0.928924701305919	0.951486524034454	0.79344262295082	0.2	0.6	0.379091486082147	0.472932888394512	0.404618380784568
wdLC_k1_0.2_k2_0.6	70	0.912378619543347	0.911153879800542	0.92382118799755	0.898661534423935	0.906079958008923	0.925185897996676	0.835394978567054	0.2	0.6	0.379091486082147	0.472932888394512	0.404618380784568
wdLC_k1_0.2_k2_0.6	80	0.898992030004688	0.902367557430849	0.915986872948898	0.887623066104079	0.933450539146742	0.946507266760431	0.854828879512424	0.2	0.6	0.379091486082147	0.472932888394512	0.404618380784568
wdLC_k1_0.2_k2_0.6	90	0.917240811622834	0.917421903938758	0.931217845824587	0.911478783388896	0.93939992591678	0.953278182491666	0.844145367740873	0.2	0.6	0.379091486082147	0.472932888394512	0.404618380784568
wdLC_k1_0.2_k2_0.6	100	0.926540654065407	0.925208520852085	0.935841584158416	0.925532553255326	0.913699369936994	0.928952895289529	0.864818481848185	0.2	0.6	0.379091486082147	0.472932888394512	0.404618380784568
wdLC_k1_0.2_k2_0.6	110	0.932033451299506	0.929130130964993	0.939048306020783	0.934792507269571	0.92488334873656	0.938831909474111	0.890277934314632	0.2	0.6	0.379091486082147	0.472932888394512	0.404618380784568
wdLC_k1_0.2_k2_0.6	120	0.935856656712271	0.932849503437738	0.941308424196125	0.940308354746857	0.931481352871727	0.943308563094659	0.901375095492742	0.2	0.6	0.379091486082147	0.472932888394512	0.404618380784568
wdLC_k1_0.2_k2_0.6	130	0.930191590763222	0.925231807070969	0.933239563560884	0.93600895819962	0.934938344098649	0.946758797744063	0.916442939272692	0.2	0.6	0.379091486082147	0.472932888394512	0.404618380784568
wdLC_k1_0.2_k2_0.6	140	0.92920775841333	0.923977170846909	0.931840545800442	0.93719358859417	0.941287091907022	0.950659290197022	0.923894076228379	0.2	0.6	0.379091486082147	0.472932888394512	0.404618380784568
wdLC_k1_0.2_k2_0.6	150	0.931950753366816	0.925397573225477	0.933074358860394	0.939769767545224	0.943218809724877	0.950173785501578	0.92298324369972	0.2	0.6	0.379091486082147	0.472932888394512	0.404618380784568
wdLC_k1_0.2_k2_0.6	160	0.924540021094574	0.919087659674206	0.926605531466073	0.934641978202273	0.943487050275401	0.949203093870854	0.922204968944099	0.2	0.6	0.379091486082147	0.472932888394512	0.404618380784568
wdLC_k1_0.2_k2_0.6	170	0.928068343500589	0.922670232839321	0.9309896739761	0.940899237303143	0.940391179829141	0.947157137535799	0.921969211228559	0.2	0.6	0.379091486082147	0.472932888394512	0.404618380784568
wdLC_k1_0.2_k2_0.6	180	0.925191106721401	0.920032511291501	0.927211745218474	0.939372614381102	0.936942498225254	0.941117524203422	0.917598279782298	0.2	0.6	0.379091486082147	0.472932888394512	0.404618380784568
wdLC_k1_0.2_k2_0.6	190	0.927424145004746	0.91776124429748	0.93073958893744	0.941894876808076	0.937179773167649	0.941041084386359	0.91579297283348	0.2	0.6	0.379091486082147	0.472932888394512	0.404618380784568
wdLC_k1_0.2_k2_0.6	200	0.925986649666242	0.913738843471087	0.928214205355134	0.939480987024676	0.932931823295583	0.936564914122853	0.903078076951924	0.2	0.6	0.379091486082147	0.472932888394512	0.404618380784568
wdLC_k1_0.2_k2_0.6	210	0.918024704155909	0.905012423346172	0.921991104430615	0.93317114414645	0.928300285396818	0.931883133080439	0.902036003407917	0.2	0.6	0.379091486082147	0.472932888394512	0.404618380784568
wdLC_k1_0.2_k2_0.6	220	0.910730687523596	0.894181885801548	0.916231552492632	0.927270473281755	0.929756625324716	0.933321312048145	0.903371406997515	0.2	0.6	0.379091486082147	0.472932888394512	0.404618380784568
wdLC_k1_0.2_k2_0.6	230	0.904385798367192	0.886080200414736	0.906984680404084	0.918292529570297	0.921487132575038	0.925117677082742	0.907310157091817	0.2	0.6	0.379091486082147	0.472932888394512	0.404618380784568
wdLC_k1_0.2_k2_0.6	240	0.890485945936561	0.875407559159013	0.893779405892463	0.907487977221827	0.920831090817549	0.926036910363027	0.906652893279397	0.2	0.6	0.379091486082147	0.472932888394512	0.404618380784568
wdLC_k1_0.2_k2_0.6	240	0.890485945936561	0.875407559159013	0.893779405892463	0.907487977221827	0.920831090817549	0.926036910363027	0.906652893279397	0.2	0.6	0.379091486082147	0.472932888394512	0.404618380784568
wdLC_k1_0.2_k2_0.6	250	0.884718283492536	0.864835981375702	0.886727403638458	0.893836893390294	0.919751164018624	0.927469687515	0.906652893279397	0.2	0.6	0.379091486082147	0.472932888394512	0.404618380784568
wdLC_k1_0.2_k2_0.6	260	0.875395061601958	0.857577774819154	0.879793397034776	0.887914136189998	0.92158577675819	0.926937926937927	0.906652893279397	0.2	0.6	0.379091486082147	0.472932888394512	0.404618380784568
wdLC_k1_0.2_k2_0.6	270	0.876491523279545	0.854268386550037	0.884951325349685	0.885723169499353	0.917653496237565	0.925372547405771	0.906652893279397	0.2	0.6	0.379091486082147	0.472932888394512	0.404618380784568
wdLC_k1_0.2_k2_0.6	280	0.862188475436093	0.844875390174437	0.880334115048844	0.87645232355369	0.921720211445846	0.929509487183692	0.906652893279397	0.2	0.6	0.379091486082147	0.472932888394512	0.404618380784568
wdLC_k1_0.2_k2_0.6	290	0.855096395012282	0.840271502674803	0.877884316144642	0.871688170469041	0.9205483192838	0.93142023501858	0.906652893279397	0.2	0.6	0.379091486082147	0.472932888394512	0.404618380784568
wdLC_k1_0.2_k2_0.6	300	0.846873854153935	0.832092801031123	0.869336325959177	0.862957588417649	0.92177246413849	0.933272147468305	0.906652893279397	0.2	0.6	0.379091486082147	0.472932888394512	0.404618380784568
wdLC_k1_0.2_k2_0.68	10	0.418181818181818	0.696969696969697	0.757575757575757	0.806060606060606	0.163636363636364	0.296969696969697	0.345454545454545	0.2	0.68	0.31580379000816	0.398776418242492	0.335899100435871
wdLC_k1_0.2_k2_0.68	20	0.481203007518797	0.487218045112782	0.527819548872181	0.658646616541354	0.586466165413534	0.654135338345865	0.580451127819549	0.2	0.68	0.31580379000816	0.398776418242492	0.335899100435871
wdLC_k1_0.2_k2_0.68	30	0.732146829810901	0.760177975528365	0.789988876529477	0.734371523915462	0.808676307007786	0.826473859844271	0.668520578420467	0.2	0.68	0.31580379000816	0.398776418242492	0.335899100435871
wdLC_k1_0.2_k2_0.68	40	0.837148217636023	0.852720450281426	0.873733583489681	0.836960600375235	0.868480300187617	0.901125703564728	0.735647279549719	0.2	0.68	0.31580379000816	0.398776418242492	0.335899100435871
wdLC_k1_0.2_k2_0.68	50	0.889171668667467	0.894741896758704	0.907899159663866	0.899159663865546	0.895222088835534	0.925762304921969	0.772581032412965	0.2	0.68	0.31580379000816	0.398776418242492	0.335899100435871
wdLC_k1_0.2_k2_0.68	60	0.891636565712698	0.887413170325091	0.899861072520145	0.888191164212281	0.904084467907752	0.928980272297861	0.82845234787441	0.2	0.68	0.31580379000816	0.398776418242492	0.335899100435871
wdLC_k1_0.2_k2_0.68	70	0.89211792494095	0.882809902895635	0.900761088268743	0.880255445717785	0.910069110314058	0.930749715685417	0.832280640363923	0.2	0.68	0.31580379000816	0.398776418242492	0.335899100435871
wdLC_k1_0.2_k2_0.68	80	0.901383028598218	0.897069854664791	0.916807313642757	0.891139240506329	0.933591186122832	0.949554617909048	0.844889826535396	0.2	0.68	0.31580379000816	0.398776418242492	0.335899100435871
wdLC_k1_0.2_k2_0.68	90	0.890290982425814	0.889418446721818	0.905305181709676	0.884479565378442	0.94833930114829	0.959501172984319	0.864938058196485	0.2	0.68	0.31580379000816	0.398776418242492	0.335899100435871
wdLC_k1_0.2_k2_0.68	100	0.908910891089109	0.907674767476748	0.922820282028203	0.907830783078308	0.947782778277828	0.962460246024602	0.892529252925293	0.2	0.68	0.31580379000816	0.398776418242492	0.335899100435871
wdLC_k1_0.2_k2_0.68	110	0.923071027658183	0.921402970944255	0.933178549692311	0.924540720870996	0.947893514865992	0.963915875842481	0.912449563825711	0.2	0.68	0.31580379000816	0.398776418242492	0.335899100435871
wdLC_k1_0.2_k2_0.68	120	0.929960413917633	0.926279602750191	0.936474755191333	0.9332661990416	0.957142857142857	0.970935481630669	0.917001180637544	0.2	0.68	0.31580379000816	0.398776418242492	0.335899100435871
wdLC_k1_0.2_k2_0.68	130	0.932491226153573	0.928257930601264	0.938740116620465	0.936325772576438	0.962255390623933	0.973977522566196	0.929650821395895	0.2	0.68	0.31580379000816	0.398776418242492	0.335899100435871
wdLC_k1_0.2_k2_0.68	140	0.93800704117557	0.933327502132033	0.942459163368394	0.943276989350769	0.964326168244736	0.972674990706523	0.931792438389714	0.2	0.68	0.31580379000816	0.398776418242492	0.335899100435871
wdLC_k1_0.2_k2_0.68	150	0.921376061158274	0.917062980576915	0.924323747722121	0.928725721143162	0.966281168051914	0.972436108271479	0.930215565136228	0.2	0.68	0.31580379000816	0.398776418242492	0.335899100435871
wdLC_k1_0.2_k2_0.68	160	0.916386382280558	0.910670338685105	0.919527129966014	0.92737606937771	0.962926286183054	0.966002578225712	0.926312551271534	0.2	0.68	0.31580379000816	0.398776418242492	0.335899100435871
wdLC_k1_0.2_k2_0.68	170	0.906563833879862	0.899363096219491	0.908359133126935	0.919780655955936	0.959743772937391	0.961622120040791	0.924331189965865	0.2	0.68	0.31580379000816	0.398776418242492	0.335899100435871
wdLC_k1_0.2_k2_0.68	180	0.892253876148441	0.885537619473852	0.8941942652551	0.90579750403819	0.952848338940502	0.954521230079118	0.923804232640925	0.2	0.68	0.31580379000816	0.398776418242492	0.335899100435871
wdLC_k1_0.2_k2_0.68	190	0.895119998950255	0.884255140468974	0.897511667475845	0.910668468728541	0.946183084237645	0.94759849011709	0.920950718856478	0.2	0.68	0.31580379000816	0.398776418242492	0.335899100435871
wdLC_k1_0.2_k2_0.68	200	0.887048676216906	0.873938348458712	0.888346208655216	0.900375009375235	0.943747093677342	0.945313132828321	0.918870471761794	0.2	0.68	0.31580379000816	0.398776418242492	0.335899100435871
wdLC_k1_0.2_k2_0.68	210	0.875450366545403	0.86061750671379	0.878491575772693	0.887127988001024	0.938218229762256	0.940776110893347	0.907495148901983	0.2	0.68	0.31580379000816	0.398776418242492	0.335899100435871
wdLC_k1_0.2_k2_0.68	220	0.875778049508912	0.863836405335197	0.88419783278768	0.884521280492272	0.925270056293425	0.930879112829153	0.904393591903665	0.2	0.68	0.31580379000816	0.398776418242492	0.335899100435871
wdLC_k1_0.2_k2_0.68	230	0.873205131682443	0.858517256428781	0.881701059525248	0.879014397411967	0.925288305770554	0.932016796569673	0.906255809882163	0.2	0.68	0.31580379000816	0.398776418242492	0.335899100435871
wdLC_k1_0.2_k2_0.68	240	0.864561016684317	0.850129342523308	0.874144516397854	0.867993367940415	0.915752877654126	0.927117658292678	0.905350787340058	0.2	0.68	0.31580379000816	0.398776418242492	0.335899100435871
wdLC_k1_0.2_k2_0.68	240	0.864561016684317	0.850129342523308	0.874144516397854	0.867993367940415	0.915752877654126	0.927117658292678	0.905350787340058	0.2	0.68	0.31580379000816	0.398776418242492	0.335899100435871
wdLC_k1_0.2_k2_0.68	250	0.852441799068785	0.840418566697067	0.868842701483224	0.856903950463208	0.919174386790189	0.931020976335621	0.905350787340058	0.2	0.68	0.31580379000816	0.398776418242492	0.335899100435871
wdLC_k1_0.2_k2_0.68	260	0.853611626025419	0.84247445626756	0.875550730723144	0.859266238576583	0.918223187188704	0.929259991328957	0.905350787340058	0.2	0.68	0.31580379000816	0.398776418242492	0.335899100435871
wdLC_k1_0.2_k2_0.68	270	0.833236547978862	0.823673850121401	0.855758423755241	0.839988050438125	0.91481852364992	0.927385073107236	0.905350787340058	0.2	0.68	0.31580379000816	0.398776418242492	0.335899100435871
wdLC_k1_0.2_k2_0.68	280	0.840449131093144	0.827466093773062	0.86303633610487	0.849026135537443	0.905494968048062	0.923427412521661	0.905350787340058	0.2	0.68	0.31580379000816	0.398776418242492	0.335899100435871
wdLC_k1_0.2_k2_0.68	290	0.842450215694065	0.82813506741439	0.86605540022412	0.847711010545453	0.91014334091471	0.926126474093956	0.905350787340058	0.2	0.68	0.31580379000816	0.398776418242492	0.335899100435871
wdLC_k1_0.2_k2_0.68	300	0.840279558661763	0.826798075534173	0.862486472071912	0.848790319892443	0.909837664862943	0.928086312070134	0.905350787340058	0.2	0.68	0.31580379000816	0.398776418242492	0.335899100435871
wdLC_k1_0.2_k2_0.76	10	0.575757575757576	0.612121212121212	0.563636363636364	0.721212121212121	0.224242424242424	0.381818181818182	0.296969696969697	0.2	0.76	0.253694804606039	0.326103077493511	0.269683761476398
wdLC_k1_0.2_k2_0.76	20	0.23609022556391	0.261654135338346	0.290225563909774	0.615037593984962	0.312781954887218	0.415037593984962	0.395488721804511	0.2	0.76	0.253694804606039	0.326103077493511	0.269683761476398
wdLC_k1_0.2_k2_0.76	30	0.619577308120134	0.668965517241379	0.672525027808676	0.685428253615128	0.703225806451613	0.731256952169077	0.629810901001112	0.2	0.76	0.253694804606039	0.326103077493511	0.269683761476398
wdLC_k1_0.2_k2_0.76	40	0.791557223264541	0.814821763602252	0.818574108818012	0.800750469043152	0.84671669793621	0.870356472795497	0.752157598499062	0.2	0.76	0.253694804606039	0.326103077493511	0.269683761476398
wdLC_k1_0.2_k2_0.76	50	0.856806722689076	0.869387755102041	0.869963985594238	0.855558223289316	0.842208883553422	0.892244897959184	0.716590636254502	0.2	0.76	0.253694804606039	0.326103077493511	0.269683761476398
wdLC_k1_0.2_k2_0.76	60	0.856015559877744	0.862684078910809	0.860461239233121	0.853848291191998	0.871575437621562	0.900416782439567	0.798666296193387	0.2	0.76	0.253694804606039	0.326103077493511	0.269683761476398
wdLC_k1_0.2_k2_0.76	70	0.875636427259207	0.875671419823287	0.879590587000262	0.86832298136646	0.886204181611408	0.908459452366372	0.813454640888811	0.2	0.76	0.253694804606039	0.326103077493511	0.269683761476398
wdLC_k1_0.2_k2_0.76	80	0.874144397562119	0.879418659165495	0.887740271917487	0.865377402719175	0.919878105954055	0.935864978902954	0.848781059540553	0.2	0.76	0.253694804606039	0.326103077493511	0.269683761476398
wdLC_k1_0.2_k2_0.76	90	0.878964481211672	0.8835411779232	0.891196444005433	0.875556653084743	0.939811499362061	0.951615425772729	0.864559410626826	0.2	0.76	0.253694804606039	0.326103077493511	0.269683761476398
wdLC_k1_0.2_k2_0.76	100	0.901470147014702	0.905418541854185	0.911863186318632	0.902598259825983	0.939081908190819	0.954563456345635	0.888304830483049	0.2	0.76	0.253694804606039	0.326103077493511	0.269683761476398
wdLC_k1_0.2_k2_0.76	110	0.918968509794198	0.920465252575344	0.926803868088272	0.922088226675383	0.938146653742984	0.954773121745599	0.907797038072267	0.2	0.76	0.253694804606039	0.326103077493511	0.269683761476398
wdLC_k1_0.2_k2_0.76	120	0.925828182512674	0.926112924508646	0.932620320855615	0.932189735398291	0.950732689770123	0.964365580943121	0.924328078338773	0.2	0.76	0.253694804606039	0.326103077493511	0.269683761476398
wdLC_k1_0.2_k2_0.76	130	0.933692935858744	0.932671482609349	0.938931297709924	0.939750645236177	0.95939859891573	0.970197599311748	0.924871294159418	0.2	0.76	0.253694804606039	0.326103077493511	0.269683761476398
wdLC_k1_0.2_k2_0.76	140	0.91697972928648	0.912925586582406	0.921571800310512	0.92520609652096	0.962135094356126	0.969762305656994	0.933777962432486	0.2	0.76	0.253694804606039	0.326103077493511	0.269683761476398
wdLC_k1_0.2_k2_0.76	150	0.916974087737233	0.912949019956443	0.919327970132006	0.926090937374995	0.9531285834926	0.96029334637095	0.937302102315659	0.2	0.76	0.253694804606039	0.326103077493511	0.269683761476398
wdLC_k1_0.2_k2_0.76	160	0.919579866401031	0.915024024375952	0.92213465369741	0.928943513418493	0.953339974217743	0.959290401968827	0.924314426344779	0.2	0.76	0.253694804606039	0.326103077493511	0.269683761476398
wdLC_k1_0.2_k2_0.76	170	0.914218892166023	0.909490049523391	0.915750392340057	0.926529515574526	0.948827864998382	0.95358113348111	0.925935967660188	0.2	0.76	0.253694804606039	0.326103077493511	0.269683761476398
wdLC_k1_0.2_k2_0.76	180	0.914929473131887	0.907207012562116	0.916153790754859	0.924617014928444	0.946761731329156	0.950650740249185	0.927826990544976	0.2	0.76	0.253694804606039	0.326103077493511	0.269683761476398
wdLC_k1_0.2_k2_0.76	190	0.898122269023344	0.888756796003972	0.901372978694555	0.909916151635634	0.942829149662988	0.944804419425527	0.918357849247902	0.2	0.76	0.253694804606039	0.326103077493511	0.269683761476398
wdLC_k1_0.2_k2_0.76	200	0.89857496437411	0.891422785569639	0.899986499662492	0.907315682892072	0.927044176104403	0.933213830345759	0.919300982524563	0.2	0.76	0.253694804606039	0.326103077493511	0.269683761476398
wdLC_k1_0.2_k2_0.76	210	0.891481828224158	0.885422733913629	0.895240902773954	0.900784274343765	0.925436598821483	0.927923211734636	0.91502366428782	0.2	0.76	0.253694804606039	0.326103077493511	0.269683761476398
wdLC_k1_0.2_k2_0.76	220	0.89182533823952	0.880206014774911	0.896003110507543	0.901006970467083	0.930775429244406	0.930719079470087	0.91932628209824	0.2	0.76	0.253694804606039	0.326103077493511	0.269683761476398
wdLC_k1_0.2_k2_0.76	230	0.882670585537493	0.870667399811125	0.887352518375871	0.891079719596902	0.928097268214982	0.930918066175328	0.917355551226825	0.2	0.76	0.253694804606039	0.326103077493511	0.269683761476398
wdLC_k1_0.2_k2_0.76	240	0.873233910310943	0.863624368478619	0.883059601729196	0.880836472855431	0.91464087918193	0.92127467490755	0.921080227087276	0.2	0.76	0.253694804606039	0.326103077493511	0.269683761476398
wdLC_k1_0.2_k2_0.76	240	0.873233910310943	0.863624368478619	0.883059601729196	0.880836472855431	0.91464087918193	0.92127467490755	0.921080227087276	0.2	0.76	0.253694804606039	0.326103077493511	0.269683761476398
wdLC_k1_0.2_k2_0.76	250	0.870788844621514	0.862208611337781	0.882408102529641	0.877918302692843	0.904737291796669	0.914418086689387	0.921080227087276	0.2	0.76	0.253694804606039	0.326103077493511	0.269683761476398
wdLC_k1_0.2_k2_0.76	260	0.849950670640326	0.842835635939084	0.862712807540394	0.857057512229926	0.907050513947065	0.917892048926532	0.921080227087276	0.2	0.76	0.253694804606039	0.326103077493511	0.269683761476398
wdLC_k1_0.2_k2_0.76	270	0.847561390112042	0.839825877812681	0.863501861784417	0.856942405855285	0.905755756442323	0.919160604245448	0.921080227087276	0.2	0.76	0.253694804606039	0.326103077493511	0.269683761476398
wdLC_k1_0.2_k2_0.76	280	0.855247607021227	0.84652464590474	0.872852058973055	0.863647495503769	0.900888859733998	0.916894348142196	0.921080227087276	0.2	0.76	0.253694804606039	0.326103077493511	0.269683761476398
wdLC_k1_0.2_k2_0.76	290	0.861672388576518	0.851161623554505	0.877336685704164	0.870182555780933	0.904301457518663	0.919635109852059	0.921080227087276	0.2	0.76	0.253694804606039	0.326103077493511	0.269683761476398
wdLC_k1_0.2_k2_0.76	300	0.846481849798331	0.834420826898077	0.864936277069745	0.857713085700952	0.904155379504217	0.921452460582895	0.921080227087276	0.2	0.76	0.253694804606039	0.326103077493511	0.269683761476398
wdLC_k1_0.32_k2_0.04	10	0.757575757575757	0.515151515151515	0.43030303030303	-0.272727272727273	0.660606060606061	0.806060606060606	0.587878787878788	0.32	0.04	0.574757457611751	0.688913607712273	0.61596958174905
wdLC_k1_0.32_k2_0.04	20	0.855639097744361	0.78796992481203	0.753383458646617	0.4	0.942857142857143	0.92781954887218	0.723308270676692	0.32	0.04	0.574757457611751	0.688913607712273	0.61596958174905
wdLC_k1_0.32_k2_0.04	30	0.919021134593993	0.891879866518354	0.897219132369299	0.584427141268076	0.974193548387097	0.971968854282536	0.836262513904338	0.32	0.04	0.574757457611751	0.688913607712273	0.61596958174905
wdLC_k1_0.32_k2_0.04	40	0.915759849906192	0.89812382739212	0.918198874296436	0.761350844277674	0.963414634146342	0.976172607879925	0.814634146341464	0.32	0.04	0.574757457611751	0.688913607712273	0.61596958174905
wdLC_k1_0.32_k2_0.04	50	0.924897959183673	0.904825930372149	0.931332533013205	0.837214885954382	0.955246098439376	0.969267707082833	0.836638655462185	0.32	0.04	0.574757457611751	0.688913607712273	0.61596958174905
wdLC_k1_0.32_k2_0.04	60	0.91058627396499	0.890469574881912	0.917254792998055	0.846012781328147	0.968435676576827	0.977493748263407	0.818227285357044	0.32	0.04	0.574757457611751	0.688913607712273	0.61596958174905
wdLC_k1_0.32_k2_0.04	70	0.883999650074359	0.869897646750066	0.893727582888636	0.835499956259295	0.97896946898784	0.98411337590762	0.85534074009273	0.32	0.04	0.574757457611751	0.688913607712273	0.61596958174905
wdLC_k1_0.32_k2_0.04	80	0.900539146741678	0.891279887482419	0.915260196905766	0.870768870135959	0.983122362869198	0.988677918424754	0.876277543366151	0.32	0.04	0.574757457611751	0.688913607712273	0.61596958174905
wdLC_k1_0.32_k2_0.04	90	0.89891756183891	0.88905626208997	0.914721982137712	0.877170020990246	0.985035189529571	0.989183849858007	0.882372309338602	0.32	0.04	0.574757457611751	0.688913607712273	0.61596958174905
wdLC_k1_0.32_k2_0.04	100	0.880420042004201	0.877155715571557	0.896477647764777	0.865598559855986	0.987662766276628	0.990759075907591	0.908910891089109	0.32	0.04	0.574757457611751	0.688913607712273	0.61596958174905
wdLC_k1_0.32_k2_0.04	110	0.889673827288506	0.888844307192931	0.903090413182156	0.88243355949778	0.988449834321394	0.991407253792575	0.919193922863647	0.32	0.04	0.574757457611751	0.688913607712273	0.61596958174905
wdLC_k1_0.32_k2_0.04	120	0.89049934023196	0.889582609903465	0.900840336134454	0.890228488089451	0.989096465032294	0.990895201055629	0.930286825473991	0.32	0.04	0.574757457611751	0.688913607712273	0.61596958174905
wdLC_k1_0.32_k2_0.04	130	0.900585833481271	0.895735296125852	0.907069603572355	0.903830449685234	0.988845949009272	0.98941949227765	0.933474443185077	0.32	0.04	0.574757457611751	0.688913607712273	0.61596958174905
wdLC_k1_0.32_k2_0.04	140	0.907170190898953	0.900404539590213	0.912518860291706	0.911101878375719	0.984903019833374	0.985712099013798	0.925053027486825	0.32	0.04	0.574757457611751	0.688913607712273	0.61596958174905
wdLC_k1_0.32_k2_0.04	150	0.913361482732566	0.901855193564159	0.919015067336326	0.917244321969865	0.9831565847371	0.983725498911063	0.90973465487355	0.32	0.04	0.574757457611751	0.688913607712273	0.61596958174905
wdLC_k1_0.32_k2_0.04	160	0.907520801593812	0.89743349349584	0.91549572248916	0.917367865932263	0.977147544825969	0.97583206375249	0.899715809211297	0.32	0.04	0.574757457611751	0.688913607712273	0.61596958174905
wdLC_k1_0.32_k2_0.04	170	0.903803713948987	0.892377305951967	0.910635621423905	0.91312949969773	0.973243934758581	0.971976233657587	0.886673872289495	0.32	0.04	0.574757457611751	0.688913607712273	0.61596958174905
wdLC_k1_0.32_k2_0.04	180	0.888434828235439	0.88087698179985	0.894513205140076	0.90136115312201	0.967772667880696	0.968797390865973	0.886037634906427	0.32	0.04	0.574757457611751	0.688913607712273	0.61596958174905
wdLC_k1_0.32_k2_0.04	190	0.873199578352513	0.863571669137941	0.877270838527383	0.883431090816046	0.95621339561819	0.95996973235882	0.882647281379715	0.32	0.04	0.574757457611751	0.688913607712273	0.61596958174905
wdLC_k1_0.32_k2_0.04	200	0.86723168079202	0.857836945923648	0.87169579239481	0.878592964824121	0.951926798169954	0.959996999924998	0.880375009375235	0.32	0.04	0.574757457611751	0.688913607712273	0.61596958174905
wdLC_k1_0.32_k2_0.04	210	0.856766431373565	0.843935560573126	0.863076908125549	0.867253225696728	0.945288036981726	0.957272759667372	0.884686727590195	0.32	0.04	0.574757457611751	0.688913607712273	0.61596958174905
wdLC_k1_0.32_k2_0.04	220	0.839611637355392	0.826656824239419	0.845254503755712	0.852203557924751	0.947345643880696	0.959538608047875	0.892459836698354	0.32	0.04	0.574757457611751	0.688913607712273	0.61596958174905
wdLC_k1_0.32_k2_0.04	230	0.80926868840292	0.797095860281735	0.816285176756033	0.82090990460081	0.946688891135445	0.958417887409723	0.89168431720169	0.32	0.04	0.574757457611751	0.688913607712273	0.61596958174905
wdLC_k1_0.32_k2_0.04	240	0.798577232243615	0.783320022917064	0.807373391899165	0.810518411777982	0.946070244275074	0.961899512144308	0.899687494574558	0.32	0.04	0.574757457611751	0.688913607712273	0.61596958174905
wdLC_k1_0.32_k2_0.04	240	0.798577232243615	0.783320022917064	0.807373391899165	0.810518411777982	0.946070244275074	0.961899512144308	0.899687494574558	0.32	0.04	0.574757457611751	0.688913607712273	0.61596958174905
wdLC_k1_0.32_k2_0.04	250	0.803811260980176	0.779069745115922	0.820326597225555	0.814431334901359	0.950238947823165	0.962639274228388	0.899687494574558	0.32	0.04	0.574757457611751	0.688913607712273	0.61596958174905
wdLC_k1_0.32_k2_0.04	260	0.791809619395826	0.766282614558477	0.808468263640677	0.802093340024374	0.951231185713944	0.963335825404791	0.899687494574558	0.32	0.04	0.574757457611751	0.688913607712273	0.61596958174905
wdLC_k1_0.32_k2_0.04	270	0.784608537535189	0.757013585005739	0.800839822524619	0.788006846611217	0.948573597260136	0.964136072587492	0.899687494574558	0.32	0.04	0.574757457611751	0.688913607712273	0.61596958174905
wdLC_k1_0.32_k2_0.04	280	0.779212380624388	0.753334863965102	0.79725634255539	0.786121543095484	0.949509377852852	0.965484253625684	0.899687494574558	0.32	0.04	0.574757457611751	0.688913607712273	0.61596958174905
wdLC_k1_0.32_k2_0.04	290	0.776758672352904	0.753832490525329	0.792679317602284	0.785119754181341	0.951368153543176	0.96697291492662	0.899687494574558	0.32	0.04	0.574757457611751	0.688913607712273	0.61596958174905
wdLC_k1_0.32_k2_0.04	300	0.772162801808909	0.752449693885488	0.78957410637896	0.783969155212836	0.954890165446283	0.96918587984311	0.899687494574558	0.32	0.04	0.574757457611751	0.688913607712273	0.61596958174905
wdLC_k1_0.32_k2_0.12	10	0.709090909090909	0.551515151515151	0.612121212121212	0.103030303030303	0.587878787878788	0.83030303030303	0.672727272727273	0.32	0.12	0.483634055671412	0.591954022988506	0.520077900398776
wdLC_k1_0.32_k2_0.12	20	0.840601503759399	0.798496240601504	0.795488721804511	0.595488721804511	0.912781954887218	0.936842105263158	0.762406015037594	0.32	0.12	0.483634055671412	0.591954022988506	0.520077900398776
wdLC_k1_0.32_k2_0.12	30	0.876751946607342	0.870967741935484	0.85761957730812	0.5706340378198	0.965739710789766	0.97285873192436	0.835372636262514	0.32	0.12	0.483634055671412	0.591954022988506	0.520077900398776
wdLC_k1_0.32_k2_0.12	40	0.918198874296436	0.908630393996248	0.923076923076923	0.786303939962477	0.960975609756098	0.971294559099437	0.802251407129456	0.32	0.12	0.483634055671412	0.591954022988506	0.520077900398776
wdLC_k1_0.32_k2_0.12	50	0.942088835534214	0.925858343337335	0.945354141656663	0.868139255702281	0.930948379351741	0.957358943577431	0.847490996398559	0.32	0.12	0.483634055671412	0.591954022988506	0.520077900398776
wdLC_k1_0.32_k2_0.12	60	0.9158655181995	0.899083078632954	0.921867185329258	0.873353709363712	0.952709085857183	0.972770213948319	0.848402333981662	0.32	0.12	0.483634055671412	0.591954022988506	0.520077900398776
wdLC_k1_0.32_k2_0.12	70	0.90254570903683	0.888338728020296	0.910349050826699	0.859889773423148	0.967631878225877	0.979844283089843	0.861464438806754	0.32	0.12	0.483634055671412	0.591954022988506	0.520077900398776
wdLC_k1_0.32_k2_0.12	80	0.908438818565401	0.900398499765588	0.925527426160338	0.879465541490858	0.972034692920769	0.983356774496015	0.888490389123301	0.32	0.12	0.483634055671412	0.591954022988506	0.520077900398776
wdLC_k1_0.32_k2_0.12	90	0.893682347614932	0.890883648187019	0.908021566448533	0.869827550726427	0.978038440959789	0.986895501502243	0.898193192575215	0.32	0.12	0.483634055671412	0.591954022988506	0.520077900398776
wdLC_k1_0.32_k2_0.12	100	0.911359135913591	0.90969096909691	0.923456345634563	0.898025802580258	0.975553555355536	0.984314431443144	0.901014101410141	0.32	0.12	0.483634055671412	0.591954022988506	0.520077900398776
wdLC_k1_0.32_k2_0.12	110	0.917697180082501	0.915947974663571	0.927948966481076	0.911863489845141	0.973410274327705	0.982174334467912	0.919942294254221	0.32	0.12	0.483634055671412	0.591954022988506	0.520077900398776
wdLC_k1_0.32_k2_0.12	120	0.919897215084381	0.9166330995208	0.927508854781582	0.91805680950066	0.97624140565317	0.98445030904924	0.92702270991041	0.32	0.12	0.483634055671412	0.591954022988506	0.520077900398776
wdLC_k1_0.32_k2_0.12	130	0.922964945581668	0.917579101175764	0.928804162285433	0.923729669939505	0.977850305206954	0.984639965041172	0.925357440358328	0.32	0.12	0.483634055671412	0.591954022988506	0.520077900398776
wdLC_k1_0.32_k2_0.12	140	0.931088320832696	0.923880956025453	0.93498502110166	0.934692003236317	0.978679670245567	0.98338107629398	0.923482976536704	0.32	0.12	0.483634055671412	0.591954022988506	0.520077900398776
wdLC_k1_0.32_k2_0.12	150	0.924903329036846	0.917535890484022	0.928459042624117	0.932800568914174	0.975799813325037	0.981030268011912	0.92480732476999	0.32	0.12	0.483634055671412	0.591954022988506	0.520077900398776
wdLC_k1_0.32_k2_0.12	160	0.928143677487402	0.917540724247041	0.933320637524903	0.933853861478964	0.968261455525606	0.973933552091878	0.925922887612797	0.32	0.12	0.483634055671412	0.591954022988506	0.520077900398776
wdLC_k1_0.32_k2_0.12	170	0.915784588516191	0.903173527274504	0.921260861865768	0.924367828726009	0.964277208859252	0.970217573170657	0.916693229767771	0.32	0.12	0.483634055671412	0.591954022988506	0.520077900398776
wdLC_k1_0.32_k2_0.12	180	0.907986872022799	0.892000781917137	0.913429426834161	0.914398592549153	0.95389569636923	0.959624268238732	0.9087831928969	0.32	0.12	0.483634055671412	0.591954022988506	0.520077900398776
wdLC_k1_0.32_k2_0.12	190	0.888020225082777	0.875227335354092	0.891148464529561	0.898015544970629	0.946041368692237	0.954199635213689	0.903085812261894	0.32	0.12	0.483634055671412	0.591954022988506	0.520077900398776
wdLC_k1_0.32_k2_0.12	200	0.881030525763144	0.869498237455936	0.883664591614791	0.892273306832671	0.944939623490587	0.953608340208505	0.902193054826371	0.32	0.12	0.483634055671412	0.591954022988506	0.520077900398776
wdLC_k1_0.32_k2_0.12	210	0.87470010657838	0.861393682396426	0.87712322598828	0.884469035579038	0.937616985160013	0.948241132775929	0.905393384365697	0.32	0.12	0.483634055671412	0.591954022988506	0.520077900398776
wdLC_k1_0.32_k2_0.12	220	0.872569493359179	0.857131909186704	0.876188275865955	0.881815364329466	0.93934284893189	0.949607523821867	0.902686193741794	0.32	0.12	0.483634055671412	0.591954022988506	0.520077900398776
wdLC_k1_0.32_k2_0.12	230	0.860637786364006	0.848029016739858	0.866337573571293	0.868169119659532	0.935215344746387	0.948326137504038	0.905107764838162	0.32	0.12	0.483634055671412	0.591954022988506	0.520077900398776
wdLC_k1_0.32_k2_0.12	240	0.860128648066807	0.849070296359312	0.867641799336794	0.866255490546711	0.933480615982916	0.949361968089724	0.903127658466293	0.32	0.12	0.483634055671412	0.591954022988506	0.520077900398776
wdLC_k1_0.32_k2_0.12	240	0.860128648066807	0.849070296359312	0.867641799336794	0.866255490546711	0.933480615982916	0.949361968089724	0.903127658466293	0.32	0.12	0.483634055671412	0.591954022988506	0.520077900398776
wdLC_k1_0.32_k2_0.12	250	0.838460903374454	0.822371813949023	0.851712187394998	0.848455815293045	0.93912581001296	0.953588249411991	0.903127658466293	0.32	0.12	0.483634055671412	0.591954022988506	0.520077900398776
wdLC_k1_0.32_k2_0.12	260	0.825268239061342	0.809583892342513	0.840181750526578	0.836594533146257	0.941541465679397	0.953520477658409	0.903127658466293	0.32	0.12	0.483634055671412	0.591954022988506	0.520077900398776
wdLC_k1_0.32_k2_0.12	270	0.81384289679328	0.797300069654972	0.831206951474719	0.825104139517232	0.944033373419236	0.955775037304276	0.903127658466293	0.32	0.12	0.483634055671412	0.591954022988506	0.520077900398776
wdLC_k1_0.32_k2_0.12	280	0.804249143119537	0.78474998770028	0.820090088612646	0.816699192591742	0.942195691271572	0.957423290748971	0.903127658466293	0.32	0.12	0.483634055671412	0.591954022988506	0.520077900398776
wdLC_k1_0.32_k2_0.12	290	0.799483613524455	0.779458938172622	0.817279880731699	0.81367526203723	0.944498909536421	0.958756982226612	0.903127658466293	0.32	0.12	0.483634055671412	0.591954022988506	0.520077900398776
wdLC_k1_0.32_k2_0.12	300	0.808558317314637	0.793613706818965	0.827114079045323	0.821148234980389	0.944911832353693	0.96021333570373	0.903127658466293	0.32	0.12	0.483634055671412	0.591954022988506	0.520077900398776
wdLC_k1_0.32_k2_0.2	10	0.43030303030303	0.696969696969697	0.854545454545454	0.709090909090909	0.357575757575758	0.503030303030303	0.406060606060606	0.32	0.2	0.415450176806601	0.518168335187245	0.44699990726143
wdLC_k1_0.32_k2_0.2	20	0.76390977443609	0.837593984962406	0.893233082706767	0.766917293233083	0.831578947368421	0.818045112781955	0.634586466165414	0.32	0.2	0.415450176806601	0.518168335187245	0.44699990726143
wdLC_k1_0.32_k2_0.2	30	0.882981090100111	0.898998887652948	0.943047830923248	0.780200222469411	0.931924360400445	0.936373748609566	0.793103448275862	0.32	0.2	0.415450176806601	0.518168335187245	0.44699990726143
wdLC_k1_0.32_k2_0.2	40	0.916135084427768	0.925328330206379	0.946341463414634	0.819887429643528	0.941651031894935	0.95140712945591	0.766228893058162	0.32	0.2	0.415450176806601	0.518168335187245	0.44699990726143
wdLC_k1_0.32_k2_0.2	50	0.938535414165666	0.948043217286915	0.959759903961585	0.889939975990396	0.902617046818727	0.937767106842737	0.810900360144058	0.32	0.2	0.415450176806601	0.518168335187245	0.44699990726143
wdLC_k1_0.32_k2_0.2	60	0.939594331758822	0.944540150041678	0.950263962211726	0.89647124201167	0.904251180883579	0.937093637121423	0.812725757154765	0.32	0.2	0.415450176806601	0.518168335187245	0.44699990726143
wdLC_k1_0.32_k2_0.2	70	0.919412124923454	0.912343626979267	0.935578689528475	0.880080482897384	0.925920741842359	0.947091243110839	0.829481235237512	0.32	0.2	0.415450176806601	0.518168335187245	0.44699990726143
wdLC_k1_0.32_k2_0.2	80	0.905414908579466	0.904008438818565	0.927168307548054	0.871894045944679	0.943366150961088	0.959024847632443	0.847866854195968	0.32	0.2	0.415450176806601	0.518168335187245	0.44699990726143
wdLC_k1_0.32_k2_0.2	90	0.922624192287114	0.921010824381611	0.940157221056097	0.901847964769313	0.941046219697905	0.958003045643495	0.860295509733712	0.32	0.2	0.415450176806601	0.518168335187245	0.44699990726143
wdLC_k1_0.32_k2_0.2	100	0.932757275727573	0.930993099309931	0.947122712271227	0.92028802880288	0.950795079507951	0.965208520852085	0.876939693969397	0.32	0.2	0.415450176806601	0.518168335187245	0.44699990726143
wdLC_k1_0.32_k2_0.2	110	0.941320469760837	0.938922074701891	0.952491941482767	0.933962987173996	0.950688636927169	0.966440502220319	0.900547753758763	0.32	0.2	0.415450176806601	0.518168335187245	0.44699990726143
wdLC_k1_0.32_k2_0.2	120	0.942739079102715	0.938981873741232	0.95281616778943	0.940044447531078	0.957649836794222	0.971539690256268	0.908583929439544	0.32	0.2	0.415450176806601	0.518168335187245	0.44699990726143
wdLC_k1_0.32_k2_0.2	130	0.940848570921356	0.937379999726884	0.949167679471248	0.94179901405181	0.955405645304456	0.968187466714007	0.914886178972811	0.32	0.2	0.415450176806601	0.518168335187245	0.44699990726143
wdLC_k1_0.32_k2_0.2	140	0.93091775819466	0.924624434191249	0.936646913472262	0.934215302530013	0.956878266383853	0.96790798364348	0.919406966827754	0.32	0.2	0.415450176806601	0.518168335187245	0.44699990726143
wdLC_k1_0.32_k2_0.2	150	0.921340504022401	0.914790879594649	0.925628694608649	0.926535401573403	0.953967731899196	0.965459798213254	0.918204364638428	0.32	0.2	0.415450176806601	0.518168335187245	0.44699990726143
wdLC_k1_0.32_k2_0.2	160	0.918167701863354	0.910450603539201	0.922629790226181	0.922204968944099	0.950424821282081	0.961221141450838	0.918510488690964	0.32	0.2	0.415450176806601	0.518168335187245	0.44699990726143
wdLC_k1_0.32_k2_0.2	170	0.911881339268813	0.902853548769243	0.917230598249889	0.918256483533931	0.943476163433296	0.95351518371285	0.916275547902126	0.32	0.2	0.415450176806601	0.518168335187245	0.44699990726143
wdLC_k1_0.32_k2_0.2	180	0.908916941880922	0.89742070228505	0.916937765568896	0.917532434128625	0.94078829593506	0.953117894585224	0.91074621644701	0.32	0.2	0.415450176806601	0.518168335187245	0.44699990726143
wdLC_k1_0.32_k2_0.2	190	0.901404471037979	0.891647093300442	0.90946476137989	0.914097635012488	0.933012286387872	0.946625726620216	0.910287061458183	0.32	0.2	0.415450176806601	0.518168335187245	0.44699990726143
wdLC_k1_0.32_k2_0.2	200	0.897658441461037	0.885788644716118	0.905307132678317	0.912322808070202	0.933065326633166	0.944117602940074	0.89867246681167	0.32	0.2	0.415450176806601	0.518168335187245	0.44699990726143
wdLC_k1_0.32_k2_0.2	210	0.889911335857956	0.876253753729434	0.896451166693122	0.905385609651012	0.930580868370841	0.941740175514184	0.896585928414315	0.32	0.2	0.415450176806601	0.518168335187245	0.44699990726143
wdLC_k1_0.32_k2_0.2	220	0.885173810878887	0.869638178099097	0.890044685371035	0.900136929951596	0.926194192592259	0.935875083820289	0.897110947070657	0.32	0.2	0.415450176806601	0.518168335187245	0.44699990726143
wdLC_k1_0.32_k2_0.2	230	0.876712389566006	0.862006761038468	0.882001878888152	0.89283532112467	0.924147164777505	0.935249865001147	0.902088721986197	0.32	0.2	0.415450176806601	0.518168335187245	0.44699990726143
wdLC_k1_0.32_k2_0.2	240	0.861832670706089	0.847893192590149	0.867146131009219	0.878155002691019	0.924745221271202	0.936544905293495	0.904588621330231	0.32	0.2	0.415450176806601	0.518168335187245	0.44699990726143
wdLC_k1_0.32_k2_0.2	240	0.861832670706089	0.847893192590149	0.867146131009219	0.878155002691019	0.924745221271202	0.936544905293495	0.904588621330231	0.32	0.2	0.415450176806601	0.518168335187245	0.44699990726143
wdLC_k1_0.32_k2_0.2	250	0.859318581097297	0.838623721979552	0.866049440791053	0.870497767964287	0.927635578169251	0.935621369941919	0.904588621330231	0.32	0.2	0.415450176806601	0.518168335187245	0.44699990726143
wdLC_k1_0.32_k2_0.2	260	0.845517514483032	0.82553110139317	0.856230007954146	0.861947434361227	0.930376985549399	0.93962973962974	0.904588621330231	0.32	0.2	0.415450176806601	0.518168335187245	0.44699990726143
wdLC_k1_0.32_k2_0.2	270	0.826161919611761	0.807013356378917	0.848154600505113	0.849841561612642	0.930728511746084	0.93888469739716	0.904588621330231	0.32	0.2	0.415450176806601	0.518168335187245	0.44699990726143
wdLC_k1_0.32_k2_0.2	280	0.817324564999918	0.798102016607355	0.842072694075909	0.839958782273098	0.931173502577474	0.940139724814274	0.904588621330231	0.32	0.2	0.415450176806601	0.518168335187245	0.44699990726143
wdLC_k1_0.32_k2_0.2	290	0.818856347875718	0.796288856606192	0.842100381693005	0.840357116059029	0.932912072840261	0.942361035085496	0.904588621330231	0.32	0.2	0.415450176806601	0.518168335187245	0.44699990726143
wdLC_k1_0.32_k2_0.2	300	0.826390959899555	0.803947154968389	0.846904521161346	0.846050289447661	0.935581506461183	0.945639395993289	0.904588621330231	0.32	0.2	0.415450176806601	0.518168335187245	0.44699990726143
wdLC_k1_0.32_k2_0.28	10	0.515151515151515	0.733333333333333	0.757575757575757	0.818181818181818	0.406060606060606	0.624242424242424	0.563636363636364	0.32	0.28	0.354066551817935	0.444382647385984	0.383473986831123
wdLC_k1_0.32_k2_0.28	20	0.639097744360902	0.715789473684211	0.760902255639098	0.742857142857143	0.678195488721805	0.678195488721805	0.538345864661654	0.32	0.28	0.354066551817935	0.444382647385984	0.383473986831123
wdLC_k1_0.32_k2_0.28	30	0.778865406006674	0.835817575083426	0.845606229143493	0.71301446051168	0.860734149054505	0.863403781979978	0.714794215795328	0.32	0.28	0.354066551817935	0.444382647385984	0.383473986831123
wdLC_k1_0.32_k2_0.28	40	0.834146341463415	0.860975609756098	0.884240150093809	0.780300187617261	0.891932457786117	0.91688555347092	0.76454033771107	0.32	0.28	0.354066551817935	0.444382647385984	0.383473986831123
wdLC_k1_0.32_k2_0.28	50	0.868235294117647	0.885234093637455	0.888691476590636	0.829723889555823	0.897430972388956	0.926818727490996	0.75078031212485	0.32	0.28	0.354066551817935	0.444382647385984	0.383473986831123
wdLC_k1_0.32_k2_0.28	60	0.873853848291192	0.884968046679633	0.878632953598222	0.845679355376494	0.884190052792443	0.917643789941651	0.77582661850514	0.32	0.28	0.354066551817935	0.444382647385984	0.383473986831123
wdLC_k1_0.32_k2_0.28	70	0.865138658035168	0.868672907007261	0.876896159566092	0.833120461901846	0.920776834922579	0.941422447729857	0.824267343189572	0.32	0.28	0.354066551817935	0.444382647385984	0.383473986831123
wdLC_k1_0.32_k2_0.28	80	0.877988748241913	0.883473980309423	0.892311298640413	0.851570557899672	0.942358180965776	0.957102672292546	0.843999062353493	0.32	0.28	0.354066551817935	0.444382647385984	0.383473986831123
wdLC_k1_0.32_k2_0.28	90	0.881186977816191	0.884397250689386	0.898456599580195	0.866699592542289	0.95622504835988	0.966925957937194	0.865596575708935	0.32	0.28	0.354066551817935	0.444382647385984	0.383473986831123
wdLC_k1_0.32_k2_0.28	100	0.893777377737774	0.898493849384938	0.90989498949895	0.885100510051005	0.954299429942994	0.968076807680768	0.892817281728173	0.32	0.28	0.354066551817935	0.444382647385984	0.383473986831123
wdLC_k1_0.32_k2_0.28	110	0.908184748551721	0.911178234114014	0.920627549985348	0.904677321191082	0.954655906949485	0.969289723418164	0.91083560624845	0.32	0.28	0.354066551817935	0.444382647385984	0.383473986831123
wdLC_k1_0.32_k2_0.28	120	0.914521841794569	0.914375998333217	0.923668310299326	0.914987151885547	0.962997430377109	0.975276060837558	0.924126675463574	0.32	0.28	0.354066551817935	0.444382647385984	0.383473986831123
wdLC_k1_0.32_k2_0.28	130	0.926034767646697	0.924854907208893	0.933567302571386	0.927864643788663	0.968050908792964	0.978664190416365	0.929530650425378	0.32	0.28	0.354066551817935	0.444382647385984	0.383473986831123
wdLC_k1_0.32_k2_0.28	140	0.925144868907306	0.922481467713368	0.93050228510201	0.927611467057357	0.969521768603354	0.976593557980364	0.929312720036737	0.32	0.28	0.354066551817935	0.444382647385984	0.383473986831123
wdLC_k1_0.32_k2_0.28	150	0.923420596470954	0.91923196586515	0.929401306724743	0.92906706964754	0.969239521756523	0.974075292235211	0.92898884394862	0.32	0.28	0.354066551817935	0.444382647385984	0.383473986831123
wdLC_k1_0.32_k2_0.28	160	0.912129380053908	0.907377241298488	0.916585608812844	0.917863002461034	0.95867221375835	0.964461502402438	0.921803586077581	0.32	0.28	0.354066551817935	0.444382647385984	0.383473986831123
wdLC_k1_0.32_k2_0.28	170	0.914839308504467	0.908254102014521	0.918188091181661	0.923344386025977	0.957435531048296	0.961521974096397	0.921722510243587	0.32	0.28	0.354066551817935	0.444382647385984	0.383473986831123
wdLC_k1_0.32_k2_0.28	180	0.901739765630626	0.89319423438995	0.902824161239544	0.913711328538947	0.955796989619021	0.956105641120611	0.919692994639752	0.32	0.28	0.354066551817935	0.444382647385984	0.383473986831123
wdLC_k1_0.32_k2_0.28	190	0.889250176050948	0.883508072099971	0.891127469633945	0.9070730928543	0.94744102839997	0.949006897697997	0.918198637956147	0.32	0.28	0.354066551817935	0.444382647385984	0.383473986831123
wdLC_k1_0.32_k2_0.28	200	0.885590639765994	0.878282457061427	0.886804170104253	0.897590939773495	0.946556663916598	0.948628215705393	0.911022275556889	0.32	0.28	0.354066551817935	0.444382647385984	0.383473986831123
wdLC_k1_0.32_k2_0.28	210	0.882539610551584	0.873364151438484	0.88764371074174	0.893789622699575	0.939845736702808	0.94354131774935	0.913537397997363	0.32	0.28	0.354066551817935	0.444382647385984	0.383473986831123
wdLC_k1_0.32_k2_0.28	220	0.873376422127429	0.863497179693795	0.878967446735376	0.882638071034526	0.930252503338724	0.935051250119743	0.912922693744612	0.32	0.28	0.354066551817935	0.444382647385984	0.383473986831123
wdLC_k1_0.32_k2_0.28	230	0.87291713412845	0.861506710490952	0.876530911655271	0.879814281029394	0.925053568038189	0.931542389639978	0.91161532600682	0.32	0.28	0.354066551817935	0.444382647385984	0.383473986831123
wdLC_k1_0.32_k2_0.28	240	0.864942967759857	0.856948037292314	0.874800777791281	0.872774700949669	0.917717321481275	0.927385024045556	0.914113960311811	0.32	0.28	0.354066551817935	0.444382647385984	0.383473986831123
wdLC_k1_0.32_k2_0.28	240	0.864942967759857	0.856948037292314	0.874800777791281	0.872774700949669	0.917717321481275	0.927385024045556	0.914113960311811	0.32	0.28	0.354066551817935	0.444382647385984	0.383473986831123
wdLC_k1_0.32_k2_0.28	250	0.841604377670043	0.832360581769308	0.850001824029184	0.848251524024384	0.921692699083185	0.933613017808285	0.914113960311811	0.32	0.28	0.354066551817935	0.444382647385984	0.383473986831123
wdLC_k1_0.32_k2_0.28	260	0.83399185468151	0.827455799869593	0.847959061752165	0.843393450290002	0.924746269573856	0.937018868053351	0.914113960311811	0.32	0.28	0.354066551817935	0.444382647385984	0.383473986831123
wdLC_k1_0.32_k2_0.28	270	0.834137642491666	0.819607950726347	0.849571477127411	0.843244915720532	0.928783659583808	0.939180997757933	0.914113960311811	0.32	0.28	0.354066551817935	0.444382647385984	0.383473986831123
wdLC_k1_0.32_k2_0.28	280	0.83308077909157	0.811988673324915	0.850121083905954	0.840860761707966	0.927481946744948	0.940345813448787	0.914113960311811	0.32	0.28	0.354066551817935	0.444382647385984	0.383473986831123
wdLC_k1_0.32_k2_0.28	290	0.832199243010393	0.810745709797689	0.853008215686685	0.841038086885284	0.932682786420438	0.943546337629174	0.914113960311811	0.32	0.28	0.354066551817935	0.444382647385984	0.383473986831123
wdLC_k1_0.32_k2_0.28	300	0.831588350981678	0.814924610273448	0.853560595117724	0.840966232958144	0.932917476860854	0.945534505938955	0.914113960311811	0.32	0.28	0.354066551817935	0.444382647385984	0.383473986831123
wdLC_k1_0.32_k2_0.36	10	0.672727272727273	0.721212121212121	0.76969696969697	0.793939393939394	0.466666666666667	0.696969696969697	0.6	0.32	0.36	0.305286064013056	0.388394512421209	0.328665491978114
wdLC_k1_0.32_k2_0.36	20	0.581954887218045	0.681203007518797	0.769924812030075	0.804511278195489	0.601503759398496	0.6	0.511278195488722	0.32	0.36	0.305286064013056	0.388394512421209	0.328665491978114
wdLC_k1_0.32_k2_0.36	30	0.743270300333704	0.802892102335929	0.823359288097887	0.773971078976641	0.826918798665184	0.842491657397108	0.697441601779755	0.32	0.36	0.305286064013056	0.388394512421209	0.328665491978114
wdLC_k1_0.32_k2_0.36	40	0.842026266416511	0.868667917448405	0.890243902439025	0.836772983114447	0.857786116322702	0.903001876172608	0.709756097560976	0.32	0.36	0.305286064013056	0.388394512421209	0.328665491978114
wdLC_k1_0.32_k2_0.36	50	0.880720288115246	0.892629051620648	0.908379351740696	0.869003601440576	0.903673469387755	0.93046818727491	0.732821128451381	0.32	0.36	0.305286064013056	0.388394512421209	0.328665491978114
wdLC_k1_0.32_k2_0.36	60	0.88563489858294	0.895859961100306	0.897693803834399	0.870575159766602	0.911919977771603	0.941483745484857	0.772936926924146	0.32	0.36	0.305286064013056	0.388394512421209	0.328665491978114
wdLC_k1_0.32_k2_0.36	70	0.881375207768349	0.885469337765725	0.89736680955297	0.859154929577465	0.915213017233838	0.935998600297437	0.816708949348264	0.32	0.36	0.305286064013056	0.388394512421209	0.328665491978114
wdLC_k1_0.32_k2_0.36	80	0.876722925457103	0.881293952180028	0.90014064697609	0.858931082981716	0.939076418190342	0.953774027191749	0.845124238162213	0.32	0.36	0.305286064013056	0.388394512421209	0.328665491978114
wdLC_k1_0.32_k2_0.36	90	0.88918796559246	0.894423179816438	0.909256286784377	0.87919496234103	0.95150018520805	0.962431575914722	0.855817590649051	0.32	0.36	0.305286064013056	0.388394512421209	0.328665491978114
wdLC_k1_0.32_k2_0.36	100	0.910963096309631	0.915211521152115	0.927356735673568	0.907182718271827	0.947386738673867	0.961692169216922	0.884068406840684	0.32	0.36	0.305286064013056	0.388394512421209	0.328665491978114
wdLC_k1_0.32_k2_0.36	110	0.924955480918783	0.926335008903816	0.937443364966301	0.92420710952821	0.945233640646484	0.961652728625206	0.904442891598855	0.32	0.36	0.305286064013056	0.388394512421209	0.328665491978114
wdLC_k1_0.32_k2_0.36	120	0.928661712618932	0.927960275019098	0.939204111396625	0.931168831168831	0.953955135773317	0.969074241266754	0.91968886728245	0.32	0.36	0.305286064013056	0.388394512421209	0.328665491978114
wdLC_k1_0.32_k2_0.36	130	0.93144792363681	0.930093269060072	0.940034685711945	0.936161903071188	0.96062762020511	0.973201873574677	0.923718745305821	0.32	0.36	0.305286064013056	0.388394512421209	0.328665491978114
wdLC_k1_0.32_k2_0.36	140	0.929881262163522	0.92692484310424	0.937609061686821	0.936852463318099	0.962331897400013	0.973659005925958	0.932216658284315	0.32	0.36	0.305286064013056	0.388394512421209	0.328665491978114
wdLC_k1_0.32_k2_0.36	150	0.927257211431619	0.923441930752478	0.933565047335437	0.934909107071426	0.956869194186408	0.966448286590515	0.930411129383528	0.32	0.36	0.305286064013056	0.388394512421209	0.328665491978114
wdLC_k1_0.32_k2_0.36	160	0.930297081917262	0.924915035743584	0.936244579866401	0.938819875776397	0.953249150357436	0.960066799484355	0.926368217508496	0.32	0.36	0.305286064013056	0.388394512421209	0.328665491978114
wdLC_k1_0.32_k2_0.36	170	0.914958995120939	0.910625851087866	0.919890572236369	0.925630644658985	0.946028663723353	0.952521052020933	0.926475778726315	0.32	0.36	0.305286064013056	0.388394512421209	0.328665491978114
wdLC_k1_0.32_k2_0.36	180	0.912608413839933	0.904437379754519	0.91561879481877	0.923402985688859	0.948444910851158	0.952521168348817	0.922269205839686	0.32	0.36	0.305286064013056	0.388394512421209	0.328665491978114
wdLC_k1_0.32_k2_0.36	190	0.908037108478002	0.901857610868358	0.908904897496796	0.91957555319363	0.945378279905698	0.949481032423992	0.919684026820979	0.32	0.36	0.305286064013056	0.388394512421209	0.328665491978114
wdLC_k1_0.32_k2_0.36	200	0.901800045001125	0.892693317332934	0.90371109277732	0.91516837920948	0.935868896722418	0.938954473861847	0.91975999399985	0.32	0.36	0.305286064013056	0.388394512421209	0.328665491978114
wdLC_k1_0.32_k2_0.36	210	0.903075223604034	0.893640607334795	0.905291017289022	0.915334652875187	0.932025669516316	0.936354889809617	0.91772926499791	0.32	0.36	0.305286064013056	0.388394512421209	0.328665491978114
wdLC_k1_0.32_k2_0.36	220	0.902246665502105	0.890680310825355	0.907329415145692	0.910244952468965	0.923515324321126	0.927326823056074	0.91324726844469	0.32	0.36	0.305286064013056	0.388394512421209	0.328665491978114
wdLC_k1_0.32_k2_0.36	230	0.892282010755525	0.883313648569012	0.8999928493758	0.901519630929162	0.916283450743295	0.916843665163392	0.915225158361669	0.32	0.36	0.305286064013056	0.388394512421209	0.328665491978114
wdLC_k1_0.32_k2_0.36	240	0.878462299692703	0.865561902116356	0.884147294223858	0.886039688189031	0.915865726835535	0.918524627163666	0.914811889095296	0.32	0.36	0.305286064013056	0.388394512421209	0.328665491978114
wdLC_k1_0.32_k2_0.36	240	0.878462299692703	0.865561902116356	0.884147294223858	0.886039688189031	0.915865726835535	0.918524627163666	0.914811889095296	0.32	0.36	0.305286064013056	0.388394512421209	0.328665491978114
wdLC_k1_0.32_k2_0.36	250	0.87208524936399	0.858685738971824	0.881852829645274	0.878839149426391	0.916467911486584	0.921706523304373	0.914811889095296	0.32	0.36	0.305286064013056	0.388394512421209	0.328665491978114
wdLC_k1_0.32_k2_0.36	260	0.86136981999051	0.853301653301653	0.875295378743654	0.869665345527414	0.909643633781565	0.922185239426619	0.914811889095296	0.32	0.36	0.305286064013056	0.388394512421209	0.328665491978114
wdLC_k1_0.32_k2_0.36	270	0.856986302205029	0.845180622809945	0.874492410351613	0.869216312980974	0.910925161296223	0.925448146674775	0.914811889095296	0.32	0.36	0.305286064013056	0.388394512421209	0.328665491978114
wdLC_k1_0.32_k2_0.36	280	0.85506666448005	0.835580628761664	0.873467591605578	0.864640219536328	0.915851331922965	0.927909976985858	0.914811889095296	0.32	0.36	0.305286064013056	0.388394512421209	0.328665491978114
wdLC_k1_0.32_k2_0.36	290	0.849173326510504	0.831242242824651	0.868955430607031	0.860391632029738	0.916594358619214	0.930742216377988	0.914811889095296	0.32	0.36	0.305286064013056	0.388394512421209	0.328665491978114
wdLC_k1_0.32_k2_0.36	300	0.852123245813842	0.835034611495683	0.873201257791753	0.864317603528928	0.916634184824276	0.932754363937377	0.914811889095296	0.32	0.36	0.305286064013056	0.388394512421209	0.328665491978114
wdLC_k1_0.32_k2_0.44	10	0.0787878787878788	0.175757575757576	0.151515151515152	0.406060606060606	-0.2	-0.0303030303030303	0.0909090909090909	0.32	0.44	0.255870885846405	0.328698553948832	0.275155337104702
wdLC_k1_0.32_k2_0.44	20	0.362406015037594	0.455639097744361	0.512781954887218	0.705263157894737	0.335338345864662	0.359398496240602	0.255639097744361	0.32	0.44	0.255870885846405	0.328698553948832	0.275155337104702
wdLC_k1_0.32_k2_0.44	30	0.651167964404894	0.692547274749722	0.743715239154616	0.749499443826474	0.732591768631813	0.753058954393771	0.60845383759733	0.32	0.44	0.255870885846405	0.328698553948832	0.275155337104702
wdLC_k1_0.32_k2_0.44	40	0.735272045028143	0.787242026266417	0.784615384615385	0.718011257035648	0.794559099437148	0.830769230769231	0.610131332082552	0.32	0.44	0.255870885846405	0.328698553948832	0.275155337104702
wdLC_k1_0.32_k2_0.44	50	0.800336134453782	0.835102040816327	0.823961584633854	0.789291716686675	0.831932773109244	0.866218487394958	0.647058823529412	0.32	0.44	0.255870885846405	0.328698553948832	0.275155337104702
wdLC_k1_0.32_k2_0.44	60	0.832453459294249	0.85768268963601	0.84256737982773	0.827174215059739	0.861016949152543	0.892581272575716	0.744151153098083	0.32	0.44	0.255870885846405	0.328698553948832	0.275155337104702
wdLC_k1_0.32_k2_0.44	70	0.844283089843408	0.861254483422273	0.855620680605371	0.826961770623742	0.879310646487621	0.898871489808416	0.794418686029219	0.32	0.44	0.255870885846405	0.328698553948832	0.275155337104702
wdLC_k1_0.32_k2_0.44	80	0.858016877637131	0.870628223159869	0.875621190811064	0.84704641350211	0.913431786216596	0.926957337083919	0.825457102672293	0.32	0.44	0.255870885846405	0.328698553948832	0.275155337104702
wdLC_k1_0.32_k2_0.44	90	0.861875951763592	0.874223155122032	0.882471086965469	0.85830349425855	0.934938469769931	0.944931473021361	0.849298267275795	0.32	0.44	0.255870885846405	0.328698553948832	0.275155337104702
wdLC_k1_0.32_k2_0.44	100	0.888964896489649	0.899081908190819	0.905886588658866	0.89010501050105	0.937797779777978	0.94995499549955	0.878127812781278	0.32	0.44	0.255870885846405	0.328698553948832	0.275155337104702
wdLC_k1_0.32_k2_0.44	110	0.907995401573383	0.914072537925749	0.922241507562608	0.911656109821247	0.939228636476343	0.954123932105583	0.898915763135947	0.32	0.44	0.255870885846405	0.328698553948832	0.275155337104702
wdLC_k1_0.32_k2_0.44	120	0.91731370234044	0.922098756858115	0.929238141537606	0.92301548718661	0.944093339815265	0.957941523716925	0.914785749010348	0.32	0.44	0.255870885846405	0.328698553948832	0.275155337104702
wdLC_k1_0.32_k2_0.44	130	0.929366780920127	0.930497480506357	0.938264895055238	0.934796323860765	0.951336219257398	0.961960425514482	0.922680905105901	0.32	0.44	0.255870885846405	0.328698553948832	0.275155337104702
wdLC_k1_0.32_k2_0.44	140	0.918422951608318	0.917653233036671	0.925905840677003	0.925975815092607	0.955203253810326	0.96448798408082	0.933170059696923	0.32	0.44	0.255870885846405	0.328698553948832	0.275155337104702
wdLC_k1_0.32_k2_0.44	150	0.908824392195209	0.906278501266723	0.916010489355083	0.919711987199431	0.947940797368772	0.955372238766168	0.928800391128495	0.32	0.44	0.255870885846405	0.328698553948832	0.275155337104702
wdLC_k1_0.32_k2_0.44	160	0.913315949841791	0.910556076409235	0.917842493847416	0.923086839329661	0.942965545529122	0.947489159732802	0.930074416969413	0.32	0.44	0.255870885846405	0.328698553948832	0.275155337104702
wdLC_k1_0.32_k2_0.44	170	0.910603867831779	0.908642472872052	0.913378643266712	0.922750838111638	0.939643749122197	0.942262199180513	0.923317517601871	0.32	0.44	0.255870885846405	0.328698553948832	0.275155337104702
wdLC_k1_0.32_k2_0.44	180	0.907048571457967	0.899363149068387	0.909048633188267	0.918048910974619	0.942907702912641	0.944848092019301	0.92798131629577	0.32	0.44	0.255870885846405	0.328698553948832	0.275155337104702
wdLC_k1_0.32_k2_0.44	190	0.910479514667997	0.902036067481094	0.911914165868424	0.921067940357001	0.934086525213558	0.937211265511073	0.921822007024542	0.32	0.44	0.255870885846405	0.328698553948832	0.275155337104702
wdLC_k1_0.32_k2_0.44	200	0.900988524713118	0.89105527638191	0.903223580589515	0.912435310882772	0.935225380634516	0.936474911872797	0.919881497037426	0.32	0.44	0.255870885846405	0.328698553948832	0.275155337104702
wdLC_k1_0.32_k2_0.44	210	0.900746696556125	0.890182155086121	0.902889926237394	0.910944530650193	0.932137107093455	0.934334759777514	0.916788524521126	0.32	0.44	0.255870885846405	0.328698553948832	0.275155337104702
wdLC_k1_0.32_k2_0.44	220	0.898297673317818	0.88859424218006	0.904714785617284	0.907301240258533	0.924583716042217	0.925398533778872	0.914909586787105	0.32	0.44	0.255870885846405	0.328698553948832	0.275155337104702
wdLC_k1_0.32_k2_0.44	230	0.887211478477854	0.878239171119369	0.895763625021267	0.895290204384566	0.924563380420605	0.926933442483091	0.917530125086609	0.32	0.44	0.255870885846405	0.328698553948832	0.275155337104702
wdLC_k1_0.32_k2_0.44	240	0.882563933401621	0.874492612718971	0.896469556763138	0.891209048768208	0.926806889008489	0.930125523012552	0.913469851907151	0.32	0.44	0.255870885846405	0.328698553948832	0.275155337104702
wdLC_k1_0.32_k2_0.44	240	0.882563933401621	0.874492612718971	0.896469556763138	0.891209048768208	0.926806889008489	0.930125523012552	0.913469851907151	0.32	0.44	0.255870885846405	0.328698553948832	0.275155337104702
wdLC_k1_0.32_k2_0.44	250	0.875889982239716	0.867761340181443	0.887284980559689	0.879686266980272	0.91435741371862	0.922327845245524	0.913469851907151	0.32	0.44	0.255870885846405	0.328698553948832	0.275155337104702
wdLC_k1_0.32_k2_0.44	260	0.868191950950572	0.859930563378839	0.883177834901973	0.872995845409638	0.91097296614538	0.91947741602914	0.913469851907151	0.32	0.44	0.255870885846405	0.328698553948832	0.275155337104702
wdLC_k1_0.32_k2_0.44	270	0.85583768105339	0.84841980761815	0.87404613079588	0.864744372350787	0.906345308806248	0.921362737790947	0.913469851907151	0.32	0.44	0.255870885846405	0.328698553948832	0.275155337104702
wdLC_k1_0.32_k2_0.44	280	0.855212621152238	0.845073278995906	0.873498204240943	0.864863801105335	0.906137286736529	0.921228769317393	0.913469851907151	0.32	0.44	0.255870885846405	0.328698553948832	0.275155337104702
wdLC_k1_0.32_k2_0.44	290	0.855994351484765	0.84249203832429	0.875619497710211	0.863546534441551	0.900808529848442	0.918142779999434	0.913469851907151	0.32	0.44	0.255870885846405	0.328698553948832	0.275155337104702
wdLC_k1_0.32_k2_0.44	300	0.855963732930366	0.843336481516461	0.879148434982611	0.864823386926521	0.905404726719186	0.922169801886688	0.913469851907151	0.32	0.44	0.255870885846405	0.328698553948832	0.275155337104702
wdLC_k1_0.32_k2_0.52	10	0.333333333333333	0.406060606060606	0.406060606060606	0.624242424242424	0.175757575757576	0.236363636363636	0.0787878787878788	0.32	0.52	0.206365037628071	0.264367816091954	0.220346842251693
wdLC_k1_0.32_k2_0.52	20	0.123308270676692	0.332330827067669	0.404511278195489	0.729323308270677	0.141353383458647	0.178947368421053	0.0902255639097744	0.32	0.52	0.206365037628071	0.264367816091954	0.220346842251693
wdLC_k1_0.32_k2_0.52	30	0.544382647385984	0.650723025583982	0.641379310344828	0.74860956618465	0.563959955506118	0.582647385984427	0.494104560622914	0.32	0.52	0.206365037628071	0.264367816091954	0.220346842251693
wdLC_k1_0.32_k2_0.52	40	0.711632270168856	0.772983114446529	0.782176360225141	0.803001876172608	0.734521575984991	0.769981238273921	0.578424015009381	0.32	0.52	0.206365037628071	0.264367816091954	0.220346842251693
wdLC_k1_0.32_k2_0.52	50	0.802833133253301	0.84422569027611	0.840960384153662	0.843073229291717	0.783721488595438	0.831164465786315	0.638895558223289	0.32	0.52	0.206365037628071	0.264367816091954	0.220346842251693
wdLC_k1_0.32_k2_0.52	60	0.835954431786608	0.861294804112254	0.855570991942206	0.841789385940539	0.833009169213671	0.867574326201723	0.695804390108364	0.32	0.52	0.206365037628071	0.264367816091954	0.220346842251693
wdLC_k1_0.32_k2_0.52	70	0.84743242061062	0.86594348700901	0.866783308546934	0.83945411600035	0.839104190359549	0.872382118799755	0.767474411687516	0.32	0.52	0.206365037628071	0.264367816091954	0.220346842251693
wdLC_k1_0.32_k2_0.52	80	0.858438818565401	0.876394749179559	0.884036568213783	0.85168776371308	0.884669479606188	0.907454289732771	0.802320675105485	0.32	0.52	0.206365037628071	0.264367816091954	0.220346842251693
wdLC_k1_0.32_k2_0.52	90	0.886208173848623	0.898275507264271	0.906062476848994	0.885566119273984	0.906375272667408	0.924632670700086	0.821294810058855	0.32	0.52	0.206365037628071	0.264367816091954	0.220346842251693
wdLC_k1_0.32_k2_0.52	100	0.909054905490549	0.918067806780678	0.924872487248725	0.910891089108911	0.912895289528953	0.934533453345334	0.860966096609661	0.32	0.52	0.206365037628071	0.264367816091954	0.220346842251693
wdLC_k1_0.32_k2_0.52	110	0.921682483150373	0.926425174131596	0.932439194824516	0.924189076482654	0.921916912742601	0.94139260194306	0.87458016815815	0.32	0.52	0.206365037628071	0.264367816091954	0.220346842251693
wdLC_k1_0.32_k2_0.52	120	0.931578581845961	0.933773178692965	0.94263490520175	0.936745607333842	0.931064657267866	0.950357663726647	0.895173275921939	0.32	0.52	0.206365037628071	0.264367816091954	0.220346842251693
wdLC_k1_0.32_k2_0.52	130	0.930644963061082	0.931611793142061	0.940285952286662	0.937511095331085	0.932791653579866	0.949249614223873	0.906228406778735	0.32	0.52	0.206365037628071	0.264367816091954	0.220346842251693
wdLC_k1_0.32_k2_0.52	140	0.928193129387068	0.928381185629005	0.936471977433251	0.93604775753865	0.938794253351119	0.95136340775404	0.915864512037786	0.32	0.52	0.206365037628071	0.264367816091954	0.220346842251693
wdLC_k1_0.32_k2_0.52	150	0.924785990488466	0.924209964887329	0.931211164940664	0.933618383039246	0.933540157340326	0.945882039201742	0.922304102404551	0.32	0.52	0.206365037628071	0.264367816091954	0.220346842251693
wdLC_k1_0.32_k2_0.52	160	0.919483182936833	0.919219500761748	0.926916090472284	0.931615492792687	0.930361537560061	0.942435251377007	0.919869916793625	0.32	0.52	0.206365037628071	0.264367816091954	0.220346842251693
wdLC_k1_0.32_k2_0.52	170	0.917235483417908	0.913188121713961	0.923227141993515	0.929866085331673	0.930696563894945	0.938290557580865	0.924538809606683	0.32	0.52	0.206365037628071	0.264367816091954	0.220346842251693
wdLC_k1_0.32_k2_0.52	180	0.918042737944587	0.913219543813081	0.924324824840273	0.929442266736628	0.930590450322541	0.938539255326811	0.914024095393891	0.32	0.52	0.206365037628071	0.264367816091954	0.220346842251693
wdLC_k1_0.32_k2_0.52	190	0.917505806400819	0.911219584738461	0.921972470443124	0.927399650959861	0.929168470915509	0.934084775638923	0.916664261001544	0.32	0.52	0.206365037628071	0.264367816091954	0.220346842251693
wdLC_k1_0.32_k2_0.52	200	0.913368334208355	0.906882172054302	0.919626490662267	0.923274581864547	0.925416635415885	0.930498762469062	0.915655891397285	0.32	0.52	0.206365037628071	0.264367816091954	0.220346842251693
wdLC_k1_0.32_k2_0.52	210	0.893540831829682	0.882688625916364	0.901149685933921	0.903686834492522	0.931625271710081	0.932094346162692	0.910969150580026	0.32	0.52	0.206365037628071	0.264367816091954	0.220346842251693
wdLC_k1_0.32_k2_0.52	220	0.879899472002615	0.871861740193731	0.888669750877648	0.891872672049949	0.922623870891397	0.922922524695289	0.91224086147535	0.32	0.52	0.206365037628071	0.264367816091954	0.220346842251693
wdLC_k1_0.32_k2_0.52	230	0.869276726690814	0.865641250718145	0.884431118530226	0.881813496926464	0.912691371662323	0.916092109902628	0.914868120298156	0.32	0.52	0.206365037628071	0.264367816091954	0.220346842251693
wdLC_k1_0.32_k2_0.52	240	0.86699855900276	0.860082640323617	0.882770534210663	0.873272105418497	0.909382107328252	0.913425580305213	0.914636538828799	0.32	0.52	0.206365037628071	0.264367816091954	0.220346842251693
wdLC_k1_0.32_k2_0.52	240	0.86699855900276	0.860082640323617	0.882770534210663	0.873272105418497	0.909382107328252	0.913425580305213	0.914636538828799	0.32	0.52	0.206365037628071	0.264367816091954	0.220346842251693
wdLC_k1_0.32_k2_0.52	250	0.851190707051313	0.848490375846014	0.87029654874478	0.859360821773148	0.900850381606105	0.909025872413959	0.914636538828799	0.32	0.52	0.206365037628071	0.264367816091954	0.220346842251693
wdLC_k1_0.32_k2_0.52	260	0.847716682199441	0.845425341977066	0.869418186659566	0.860444681134336	0.898918167883685	0.910934731624387	0.914636538828799	0.32	0.52	0.206365037628071	0.264367816091954	0.220346842251693
wdLC_k1_0.32_k2_0.52	270	0.85372334020738	0.847180955080926	0.87603183095028	0.860508984271999	0.893714134167364	0.909129678657381	0.914636538828799	0.32	0.52	0.206365037628071	0.264367816091954	0.220346842251693
wdLC_k1_0.32_k2_0.52	280	0.852667399183299	0.84741951883497	0.87568919428637	0.862020652595788	0.896131328205717	0.913022396422695	0.914636538828799	0.32	0.52	0.206365037628071	0.264367816091954	0.220346842251693
wdLC_k1_0.32_k2_0.52	290	0.846089276554603	0.837991431281113	0.870134828779382	0.858049564737126	0.897238845350984	0.916846278462453	0.914636538828799	0.32	0.52	0.206365037628071	0.264367816091954	0.220346842251693
wdLC_k1_0.32_k2_0.52	300	0.842330692563251	0.831430571450794	0.86807764530717	0.852218357981755	0.898158423982489	0.91849064989611	0.914636538828799	0.32	0.52	0.206365037628071	0.264367816091954	0.220346842251693
wdLC_k1_0.32_k2_0.6	10	0.321212121212121	0.418181818181818	0.357575757575758	0.793939393939394	0.260606060606061	0.466666666666667	0.296969696969697	0.32	0.6	0.159216610753468	0.205598813496478	0.169804321617361
wdLC_k1_0.32_k2_0.6	20	0.203007518796993	0.359398496240602	0.443609022556391	0.696240601503759	0.213533834586466	0.267669172932331	0.233082706766917	0.32	0.6	0.159216610753468	0.205598813496478	0.169804321617361
wdLC_k1_0.32_k2_0.6	30	0.676529477196885	0.737486095661847	0.774416017797553	0.757508342602892	0.675639599555061	0.679199110122358	0.572413793103448	0.32	0.6	0.159216610753468	0.205598813496478	0.169804321617361
wdLC_k1_0.32_k2_0.6	40	0.789305816135085	0.820262664165103	0.827204502814259	0.767917448405254	0.768855534709194	0.804315196998124	0.643339587242027	0.32	0.6	0.159216610753468	0.205598813496478	0.169804321617361
wdLC_k1_0.32_k2_0.6	50	0.850948379351741	0.872364945978391	0.873421368547419	0.844417767106843	0.847875150060024	0.868811524609844	0.72734693877551	0.32	0.6	0.159216610753468	0.205598813496478	0.169804321617361
wdLC_k1_0.32_k2_0.6	60	0.851403167546541	0.868018894137261	0.868908030008336	0.837899416504585	0.843011947763268	0.877299249791609	0.752097804945819	0.32	0.6	0.159216610753468	0.205598813496478	0.169804321617361
wdLC_k1_0.32_k2_0.6	70	0.861709386755315	0.873466888286239	0.875566442131047	0.849601959583588	0.853976030093605	0.882529962382994	0.803761700638614	0.32	0.6	0.159216610753468	0.205598813496478	0.169804321617361
wdLC_k1_0.32_k2_0.6	80	0.856610407876231	0.875293014533521	0.87906704172527	0.844960150023441	0.895194561650258	0.916244725738397	0.836615096108767	0.32	0.6	0.159216610753468	0.205598813496478	0.169804321617361
wdLC_k1_0.32_k2_0.6	90	0.880923570811211	0.892447627279088	0.898209655513026	0.875836523027534	0.921208379635346	0.935020784458987	0.843486850228423	0.32	0.6	0.159216610753468	0.205598813496478	0.169804321617361
wdLC_k1_0.32_k2_0.6	100	0.900678067806781	0.908346834683469	0.915331533153315	0.90022202220222	0.91947194719472	0.937401740174018	0.882232223222322	0.32	0.6	0.159216610753468	0.205598813496478	0.169804321617361
wdLC_k1_0.32_k2_0.6	110	0.916957825214706	0.92079886391813	0.928399792619976	0.91850866713252	0.931357212091157	0.948371390573225	0.894515700020287	0.32	0.6	0.159216610753468	0.205598813496478	0.169804321617361
wdLC_k1_0.32_k2_0.6	120	0.926994930203486	0.928800611153552	0.935558024862838	0.92871727203278	0.942898812417529	0.95743454406556	0.90923675255226	0.32	0.6	0.159216610753468	0.205598813496478	0.169804321617361
wdLC_k1_0.32_k2_0.6	130	0.924887681109943	0.926799492004534	0.932622321757773	0.930666812328449	0.947059225170356	0.960299881194609	0.913913886574991	0.32	0.6	0.159216610753468	0.205598813496478	0.169804321617361
wdLC_k1_0.32_k2_0.6	140	0.923264306487941	0.922057247818766	0.929649471911832	0.93059412652249	0.947711617939691	0.958054711246201	0.922039754214865	0.32	0.6	0.159216610753468	0.205598813496478	0.169804321617361
wdLC_k1_0.32_k2_0.6	150	0.921617849682208	0.918467487443887	0.927253655718032	0.929931108049247	0.942546779856883	0.952470776478955	0.922897906573626	0.32	0.6	0.159216610753468	0.205598813496478	0.169804321617361
wdLC_k1_0.32_k2_0.6	160	0.918091527012774	0.914572834876362	0.922506738544474	0.927967889370678	0.941559240595336	0.949150357435837	0.931427985468182	0.32	0.6	0.159216610753468	0.205598813496478	0.169804321617361
wdLC_k1_0.32_k2_0.6	170	0.908642472872052	0.905103168642107	0.913999059605156	0.919062536257107	0.940772222934643	0.946802962854404	0.923981900452489	0.32	0.6	0.159216610753468	0.205598813496478	0.169804321617361
wdLC_k1_0.32_k2_0.6	180	0.896418613743223	0.891198288013005	0.901834418757781	0.905270738808811	0.936234657448275	0.939467267508256	0.925287817525232	0.32	0.6	0.159216610753468	0.205598813496478	0.169804321617361
wdLC_k1_0.32_k2_0.6	190	0.891953268861508	0.886973979451246	0.895898559662682	0.901516443814598	0.930172726755808	0.932562645706763	0.916695753344968	0.32	0.6	0.159216610753468	0.205598813496478	0.169804321617361
wdLC_k1_0.32_k2_0.6	200	0.888215705392635	0.880669016725418	0.89172729318233	0.897985449636241	0.930108752718818	0.926121653041326	0.909618240456011	0.32	0.6	0.159216610753468	0.205598813496478	0.169804321617361
wdLC_k1_0.32_k2_0.6	210	0.880459874373569	0.872501158108542	0.884406837861565	0.8872705244369	0.918128367018365	0.916237815564331	0.905971304823886	0.32	0.6	0.159216610753468	0.205598813496478	0.169804321617361
wdLC_k1_0.32_k2_0.6	220	0.868980012735049	0.864665874013175	0.875352045215059	0.875811859373503	0.916809701177147	0.919585491060108	0.911136405898694	0.32	0.6	0.159216610753468	0.205598813496478	0.169804321617361
wdLC_k1_0.32_k2_0.6	230	0.864303837419463	0.859844806797531	0.879683104061308	0.875072184318435	0.90356224371793	0.911003824351081	0.906147317652919	0.32	0.6	0.159216610753468	0.205598813496478	0.169804321617361
wdLC_k1_0.32_k2_0.6	240	0.850502612892585	0.842452125904963	0.866214691227278	0.858889043212556	0.906419382280942	0.909838712477647	0.915244188267157	0.32	0.6	0.159216610753468	0.205598813496478	0.169804321617361
wdLC_k1_0.32_k2_0.6	240	0.850502612892585	0.842452125904963	0.866214691227278	0.858889043212556	0.906419382280942	0.909838712477647	0.915244188267157	0.32	0.6	0.159216610753468	0.205598813496478	0.169804321617361
wdLC_k1_0.32_k2_0.6	250	0.841591321461143	0.837454039264628	0.859605817693083	0.854982383718139	0.904848653578457	0.910679402870446	0.915244188267157	0.32	0.6	0.159216610753468	0.205598813496478	0.169804321617361
wdLC_k1_0.32_k2_0.6	260	0.838050858740514	0.837152347497175	0.855237958686234	0.846366867056522	0.892575333954644	0.900296658917348	0.915244188267157	0.32	0.6	0.159216610753468	0.205598813496478	0.169804321617361
wdLC_k1_0.32_k2_0.6	270	0.832293386130887	0.830119297475503	0.852646050624075	0.841875593477124	0.890349357025169	0.900544893924776	0.915244188267157	0.32	0.6	0.159216610753468	0.205598813496478	0.169804321617361
wdLC_k1_0.32_k2_0.6	280	0.83478688685898	0.833037046755334	0.854782950948718	0.84040758537372	0.882521825169053	0.89409777457074	0.915244188267157	0.32	0.6	0.159216610753468	0.205598813496478	0.169804321617361
wdLC_k1_0.32_k2_0.6	290	0.827321740264245	0.824087128839533	0.846543421115754	0.831342617137192	0.874618214739525	0.889468692686083	0.915244188267157	0.32	0.6	0.159216610753468	0.205598813496478	0.169804321617361
wdLC_k1_0.32_k2_0.6	300	0.83061189568773	0.826737185968733	0.854985055389504	0.834944832720364	0.876189290992122	0.891100567784087	0.915244188267157	0.32	0.6	0.159216610753468	0.205598813496478	0.169804321617361
wdLC_k1_0.36_k2_0.04	10	0.612121212121212	0.83030303030303	0.733333333333333	0.418181818181818	0.6	0.636363636363636	0.624242424242424	0.36	0.04	0.506482908695258	0.616054875787913	0.542798850041732
wdLC_k1_0.36_k2_0.04	20	0.78796992481203	0.754887218045113	0.792481203007519	0.613533834586466	0.885714285714286	0.866165413533835	0.784962406015038	0.36	0.04	0.506482908695258	0.616054875787913	0.542798850041732
wdLC_k1_0.36_k2_0.04	30	0.901223581757508	0.866518353726363	0.909677419354839	0.709899888765295	0.917241379310345	0.903893214682981	0.820689655172414	0.36	0.04	0.506482908695258	0.616054875787913	0.542798850041732
wdLC_k1_0.36_k2_0.04	40	0.928705440900563	0.899249530956848	0.931894934333959	0.825328330206379	0.948405253283302	0.954033771106942	0.80281425891182	0.36	0.04	0.506482908695258	0.616054875787913	0.542798850041732
wdLC_k1_0.36_k2_0.04	50	0.917214885954382	0.900984393757503	0.930948379351741	0.873037214885954	0.904249699879952	0.939591836734694	0.79265306122449	0.36	0.04	0.506482908695258	0.616054875787913	0.542798850041732
wdLC_k1_0.36_k2_0.04	60	0.894081689358155	0.869408168935816	0.9073075854404	0.859349819394276	0.915476521255905	0.935093081411503	0.813392609058072	0.36	0.04	0.506482908695258	0.616054875787913	0.542798850041732
wdLC_k1_0.36_k2_0.04	70	0.90254570903683	0.881060274691628	0.92119674569154	0.869197795468463	0.930014871839734	0.937783221065524	0.85516577727233	0.36	0.04	0.506482908695258	0.616054875787913	0.542798850041732
wdLC_k1_0.36_k2_0.04	80	0.907477730895452	0.888115330520394	0.926324425691514	0.880637599624942	0.943202062822316	0.952273792780122	0.86910454758556	0.36	0.04	0.506482908695258	0.616054875787913	0.542798850041732
wdLC_k1_0.36_k2_0.04	90	0.901782113018068	0.892200683211919	0.922607729349302	0.883738733176936	0.954233032884718	0.962513890603778	0.879079721776351	0.36	0.04	0.506482908695258	0.616054875787913	0.542798850041732
wdLC_k1_0.36_k2_0.04	100	0.915631563156316	0.909270927092709	0.930501050105011	0.903474347434743	0.959207920792079	0.968676867686769	0.883804380438044	0.36	0.04	0.506482908695258	0.616054875787913	0.542798850041732
wdLC_k1_0.36_k2_0.04	110	0.923431688569303	0.918039807948065	0.935946622185154	0.918021774902509	0.958037102991231	0.968135608502581	0.903937966323287	0.36	0.04	0.506482908695258	0.616054875787913	0.542798850041732
wdLC_k1_0.36_k2_0.04	120	0.923432182790471	0.918716577540107	0.934002361275088	0.923821098687409	0.96469893742621	0.973143968331134	0.921209806236544	0.36	0.04	0.506482908695258	0.616054875787913	0.542798850041732
wdLC_k1_0.36_k2_0.04	130	0.919239645495637	0.91258654358246	0.929497876524328	0.923614961285829	0.96735719455407	0.975665378470278	0.921211541875486	0.36	0.04	0.506482908695258	0.616054875787913	0.542798850041732
wdLC_k1_0.36_k2_0.04	140	0.928411799435831	0.920216046008178	0.937320417222453	0.934066606896853	0.968926986070718	0.975530821543373	0.920950777372023	0.36	0.04	0.506482908695258	0.616054875787913	0.542798850041732
wdLC_k1_0.36_k2_0.04	150	0.927011867194098	0.918424818880839	0.934382861460509	0.932665451797858	0.965232232543669	0.972005866927419	0.91073736610516	0.36	0.04	0.506482908695258	0.616054875787913	0.542798850041732
wdLC_k1_0.36_k2_0.04	160	0.914810148833939	0.902563576702215	0.92017754599789	0.922571194187273	0.955777569436306	0.961798312434079	0.904013828665182	0.36	0.04	0.506482908695258	0.616054875787913	0.542798850041732
wdLC_k1_0.36_k2_0.04	170	0.908376231215003	0.892751021305439	0.913796325132358	0.917357612618389	0.956700313261399	0.962467254108121	0.894138409022906	0.36	0.04	0.506482908695258	0.616054875787913	0.542798850041732
wdLC_k1_0.36_k2_0.04	180	0.897558566622427	0.881228844511662	0.90415136269638	0.907567105980637	0.95366935193473	0.960101649227857	0.884459396894966	0.36	0.04	0.506482908695258	0.616054875787913	0.542798850041732
wdLC_k1_0.36_k2_0.04	190	0.89480682509065	0.87983396536717	0.899910334299974	0.904441732603761	0.94615509104349	0.952479803347811	0.882213386870317	0.36	0.04	0.506482908695258	0.616054875787913	0.542798850041732
wdLC_k1_0.36_k2_0.04	200	0.880226505662642	0.864264606615165	0.884489612240306	0.893002325058127	0.942238055951399	0.949058726468162	0.879207980199505	0.36	0.04	0.506482908695258	0.616054875787913	0.542798850041732
wdLC_k1_0.36_k2_0.04	210	0.866843757390028	0.853990858231317	0.871169090325987	0.884216357351803	0.93824544126365	0.942578548914294	0.880691820028313	0.36	0.04	0.506482908695258	0.616054875787913	0.542798850041732
wdLC_k1_0.36_k2_0.04	220	0.850522080659067	0.837807317581693	0.852339924378603	0.866799276468898	0.927678445647825	0.934803311112739	0.883519381504877	0.36	0.04	0.506482908695258	0.616054875787913	0.542798850041732
wdLC_k1_0.36_k2_0.04	230	0.840184042272518	0.825814739655636	0.845685584588186	0.856291193143291	0.928513483858082	0.935565478758947	0.887336737687981	0.36	0.04	0.506482908695258	0.616054875787913	0.542798850041732
wdLC_k1_0.36_k2_0.04	240	0.834853903713606	0.821089775864164	0.847744752513064	0.853589472039445	0.931818260733693	0.936301845518151	0.896664872654039	0.36	0.04	0.506482908695258	0.616054875787913	0.542798850041732
wdLC_k1_0.36_k2_0.04	240	0.834853903713606	0.821089775864164	0.847744752513064	0.853589472039445	0.931818260733693	0.936301845518151	0.896664872654039	0.36	0.04	0.506482908695258	0.616054875787913	0.542798850041732
wdLC_k1_0.36_k2_0.04	250	0.819986367781885	0.80474209187347	0.832726923630778	0.839453943263092	0.933358037728604	0.935097585561369	0.896664872654039	0.36	0.04	0.506482908695258	0.616054875787913	0.542798850041732
wdLC_k1_0.36_k2_0.04	260	0.806593406593407	0.784359349876591	0.820955931300759	0.827584841377945	0.936706847051674	0.93935663590836	0.896664872654039	0.36	0.04	0.506482908695258	0.616054875787913	0.542798850041732
wdLC_k1_0.36_k2_0.04	270	0.793662769341448	0.769295417861242	0.813353330559328	0.812921683120177	0.939941258148641	0.944307725605137	0.896664872654039	0.36	0.04	0.506482908695258	0.616054875787913	0.542798850041732
wdLC_k1_0.36_k2_0.04	280	0.779918657854601	0.754833789789593	0.797798076870514	0.805040151751207	0.943928585094926	0.948446682082315	0.896664872654039	0.36	0.04	0.506482908695258	0.616054875787913	0.542798850041732
wdLC_k1_0.36_k2_0.04	290	0.769748707496215	0.745828131131167	0.790542919244191	0.793976803201153	0.945981398770169	0.950982401283217	0.896664872654039	0.36	0.04	0.506482908695258	0.616054875787913	0.542798850041732
wdLC_k1_0.36_k2_0.04	300	0.773917487972089	0.750447004966722	0.792821698018867	0.798414204602273	0.948566984077601	0.95372526361404	0.896664872654039	0.36	0.04	0.506482908695258	0.616054875787913	0.542798850041732
wdLC_k1_0.36_k2_0.12	10	0.454545454545455	0.466666666666667	0.612121212121212	0.515151515151515	0.357575757575758	0.563636363636364	0.393939393939394	0.36	0.12	0.411098014325868	0.510567296996663	0.442362978762867
wdLC_k1_0.36_k2_0.12	20	0.744360902255639	0.803007518796992	0.796992481203008	0.527819548872181	0.87218045112782	0.897744360902256	0.754887218045113	0.36	0.12	0.411098014325868	0.510567296996663	0.442362978762867
wdLC_k1_0.36_k2_0.12	30	0.829588431590656	0.838487208008899	0.84916573971079	0.628031145717464	0.947942157953281	0.959065628476085	0.777085650723026	0.36	0.12	0.411098014325868	0.510567296996663	0.442362978762867
wdLC_k1_0.36_k2_0.12	40	0.899624765478424	0.912382739212008	0.924015009380863	0.777673545966229	0.943339587242027	0.963789868667918	0.772045028142589	0.36	0.12	0.411098014325868	0.510567296996663	0.442362978762867
wdLC_k1_0.36_k2_0.12	50	0.932869147659064	0.941128451380552	0.942280912364946	0.865066026410564	0.888883553421369	0.941416566626651	0.779783913565426	0.36	0.12	0.411098014325868	0.510567296996663	0.442362978762867
wdLC_k1_0.36_k2_0.12	60	0.909863851069742	0.914031675465407	0.917921644901362	0.874409558210614	0.927368713531537	0.959766601833843	0.827507641011392	0.36	0.12	0.411098014325868	0.510567296996663	0.442362978762867
wdLC_k1_0.36_k2_0.12	70	0.909544221852856	0.907759601084769	0.917137608258245	0.868707899571341	0.948875863878926	0.970326305660047	0.846242673431896	0.36	0.12	0.411098014325868	0.510567296996663	0.442362978762867
wdLC_k1_0.36_k2_0.12	80	0.908532583216127	0.908040318799813	0.926605719643694	0.882255039849977	0.964064697609001	0.979231129864041	0.870323488045007	0.36	0.12	0.411098014325868	0.510567296996663	0.442362978762867
wdLC_k1_0.36_k2_0.12	90	0.912087912087912	0.909519693789357	0.925785076346874	0.890307445363625	0.963600444499321	0.978993291352842	0.885203934642137	0.36	0.12	0.411098014325868	0.510567296996663	0.442362978762867
wdLC_k1_0.36_k2_0.12	100	0.910711071107111	0.914287428742874	0.924140414041404	0.89938193819382	0.969288928892889	0.982298229822982	0.906234623462346	0.36	0.12	0.411098014325868	0.510567296996663	0.442362978762867
wdLC_k1_0.36_k2_0.12	110	0.917634064423055	0.920104591664225	0.927380925546063	0.912521696007934	0.968370038094809	0.980984153461218	0.92429727475599	0.36	0.12	0.411098014325868	0.510567296996663	0.442362978762867
wdLC_k1_0.36_k2_0.12	120	0.929731231335509	0.930509063129384	0.936530314605181	0.927911660531981	0.975338565178137	0.984825335092715	0.933550941037572	0.36	0.12	0.411098014325868	0.510567296996663	0.442362978762867
wdLC_k1_0.36_k2_0.12	130	0.934785399227082	0.933195865026151	0.941187234565541	0.93432656461238	0.975916645044996	0.983290772781275	0.930579415258982	0.36	0.12	0.411098014325868	0.510567296996663	0.442362978762867
wdLC_k1_0.36_k2_0.12	140	0.929015328770418	0.925302311342416	0.933353742537885	0.930655354136144	0.973042356388446	0.979821127900112	0.931844919201417	0.36	0.12	0.411098014325868	0.510567296996663	0.442362978762867
wdLC_k1_0.36_k2_0.12	150	0.928000355571359	0.923772612116094	0.933042357438108	0.93085203786835	0.969534645984266	0.97517045202009	0.924785990488466	0.36	0.12	0.411098014325868	0.510567296996663	0.442362978762867
wdLC_k1_0.36_k2_0.12	160	0.91663248564397	0.910005273643502	0.921153170045705	0.924047814367749	0.966494784952537	0.970915856088128	0.91848119067151	0.36	0.12	0.411098014325868	0.510567296996663	0.442362978762867
wdLC_k1_0.36_k2_0.12	170	0.904900434169308	0.895266882835352	0.908085563717857	0.914297054854331	0.964504369172147	0.968573714132181	0.913820750972454	0.36	0.12	0.411098014325868	0.510567296996663	0.442362978762867
wdLC_k1_0.36_k2_0.12	180	0.885969731576078	0.876973569143081	0.887934812802864	0.896484459396895	0.956955461588321	0.961039949792689	0.913207197753017	0.36	0.12	0.411098014325868	0.510567296996663	0.442362978762867
wdLC_k1_0.36_k2_0.12	190	0.891022495155865	0.878957428475202	0.894427167394927	0.900648654795803	0.950726729563875	0.955651782160463	0.905162557353244	0.36	0.12	0.411098014325868	0.510567296996663	0.442362978762867
wdLC_k1_0.36_k2_0.12	200	0.878786469661742	0.866358658966474	0.882275556888922	0.885526138153454	0.944164104102603	0.952826820670517	0.906669166729168	0.36	0.12	0.411098014325868	0.510567296996663	0.442362978762867
wdLC_k1_0.36_k2_0.12	210	0.870571733081087	0.861582867120408	0.876479220455274	0.881724561295527	0.943192751374343	0.950970057630073	0.906919820015355	0.36	0.12	0.411098014325868	0.510567296996663	0.442362978762867
wdLC_k1_0.36_k2_0.12	220	0.855919262043356	0.846888647210968	0.859305883479937	0.864336791331151	0.936135419777644	0.943489065326293	0.897403965897117	0.36	0.12	0.411098014325868	0.510567296996663	0.442362978762867
wdLC_k1_0.36_k2_0.12	230	0.842354873150392	0.830928668825005	0.849275691083172	0.850466146725877	0.930240482889049	0.940107357992302	0.904148101755848	0.36	0.12	0.411098014325868	0.510567296996663	0.442362978762867
wdLC_k1_0.36_k2_0.12	240	0.832471049844615	0.820443931318252	0.845770759909026	0.839710758867341	0.927990937342662	0.935400788208128	0.903194499904512	0.36	0.12	0.411098014325868	0.510567296996663	0.442362978762867
wdLC_k1_0.36_k2_0.12	240	0.832471049844615	0.820443931318252	0.845770759909026	0.839710758867341	0.927990937342662	0.935400788208128	0.903194499904512	0.36	0.12	0.411098014325868	0.510567296996663	0.442362978762867
wdLC_k1_0.36_k2_0.12	250	0.823255796092738	0.814227043632698	0.840419334709355	0.829310036960591	0.924766284260548	0.936772620361926	0.903194499904512	0.36	0.12	0.411098014325868	0.510567296996663	0.442362978762867
wdLC_k1_0.36_k2_0.12	260	0.82328823708134	0.812874792185137	0.842058655851759	0.832020728572453	0.929141191210157	0.941226713640507	0.903194499904512	0.36	0.12	0.411098014325868	0.510567296996663	0.442362978762867
wdLC_k1_0.36_k2_0.12	270	0.814343437114668	0.801183677264282	0.830063207695274	0.820901673700752	0.926907090632245	0.941011231673655	0.903194499904512	0.36	0.12	0.411098014325868	0.510567296996663	0.442362978762867
wdLC_k1_0.36_k2_0.12	280	0.81536316971973	0.800787182052249	0.829095123297856	0.818825677441221	0.927667809173951	0.943513674554887	0.903194499904512	0.36	0.12	0.411098014325868	0.510567296996663	0.442362978762867
wdLC_k1_0.36_k2_0.12	290	0.812630680343487	0.794160330743201	0.828042073566007	0.819434484234714	0.931447788751435	0.94558678995322	0.903194499904512	0.36	0.12	0.411098014325868	0.510567296996663	0.442362978762867
wdLC_k1_0.36_k2_0.12	300	0.811419237991533	0.798391093234369	0.830542117134635	0.819356215069056	0.930638784875388	0.948151868354093	0.903194499904512	0.36	0.12	0.411098014325868	0.510567296996663	0.442362978762867
wdLC_k1_0.36_k2_0.2	10	0.539393939393939	0.636363636363636	0.672727272727273	0.866666666666667	0.503030303030303	0.684848484848485	0.442424242424242	0.36	0.2	0.343458155771149	0.433629959213941	0.370212371325234
wdLC_k1_0.36_k2_0.2	20	0.548872180451128	0.667669172932331	0.700751879699248	0.790977443609023	0.61203007518797	0.622556390977444	0.476691729323308	0.36	0.2	0.343458155771149	0.433629959213941	0.370212371325234
wdLC_k1_0.36_k2_0.2	30	0.758843159065629	0.816685205784205	0.839822024471635	0.787319243604004	0.864738598442714	0.866073414905451	0.684983314794216	0.36	0.2	0.343458155771149	0.433629959213941	0.370212371325234
wdLC_k1_0.36_k2_0.2	40	0.800187617260788	0.837335834896811	0.86078799249531	0.776172607879925	0.867542213883678	0.895872420262664	0.759662288930582	0.36	0.2	0.343458155771149	0.433629959213941	0.370212371325234
wdLC_k1_0.36_k2_0.2	50	0.860744297719088	0.881200480192077	0.888499399759904	0.835198079231693	0.899543817527011	0.919711884753902	0.733493397358944	0.36	0.2	0.343458155771149	0.433629959213941	0.370212371325234
wdLC_k1_0.36_k2_0.2	60	0.86901917199222	0.882245068074465	0.880188941372604	0.849180327868853	0.887246457349264	0.915309808280078	0.760933592664629	0.36	0.2	0.343458155771149	0.433629959213941	0.370212371325234
wdLC_k1_0.36_k2_0.2	70	0.858525063424022	0.864683754702126	0.874516665208643	0.830496019595836	0.922491470562506	0.939917767474412	0.81590412037442	0.36	0.2	0.343458155771149	0.433629959213941	0.370212371325234
wdLC_k1_0.36_k2_0.2	80	0.872855133614627	0.880285982184716	0.889521800281294	0.848921706516643	0.943577121425223	0.956047819971871	0.839193624003751	0.36	0.2	0.343458155771149	0.433629959213941	0.370212371325234
wdLC_k1_0.36_k2_0.2	90	0.88038029386344	0.881845495328641	0.898604766020496	0.864905132320863	0.956784788245462	0.965460756471992	0.862600321027287	0.36	0.2	0.343458155771149	0.433629959213941	0.370212371325234
wdLC_k1_0.36_k2_0.2	100	0.887308730873087	0.894089408940894	0.903186318631863	0.87971197119712	0.954767476747675	0.966012601260126	0.890393039303931	0.36	0.2	0.343458155771149	0.433629959213941	0.370212371325234
wdLC_k1_0.36_k2_0.2	110	0.902549421815477	0.906778170998354	0.914586479724094	0.898663300498163	0.954710006086153	0.96697247706422	0.912647927326826	0.36	0.2	0.343458155771149	0.433629959213941	0.370212371325234
wdLC_k1_0.36_k2_0.2	120	0.910577123411348	0.910764636433085	0.918799916660879	0.910209042294604	0.963268282519619	0.973491214667685	0.921063962775193	0.36	0.2	0.343458155771149	0.433629959213941	0.370212371325234
wdLC_k1_0.36_k2_0.2	130	0.919987982902948	0.919228720861953	0.927291100520286	0.922222070491199	0.967379043821437	0.975720001638695	0.928192382799164	0.36	0.2	0.343458155771149	0.433629959213941	0.370212371325234
wdLC_k1_0.36_k2_0.2	140	0.923238066082089	0.921165074019812	0.929452668867945	0.927012311123746	0.971502919245151	0.975902560626271	0.924418884345411	0.36	0.2	0.343458155771149	0.433629959213941	0.370212371325234
wdLC_k1_0.36_k2_0.2	150	0.919939552869016	0.917276323392151	0.92433797057647	0.923367260767145	0.97020667585226	0.972973021023157	0.927420774256634	0.36	0.2	0.343458155771149	0.433629959213941	0.370212371325234
wdLC_k1_0.36_k2_0.2	160	0.918988046408063	0.912738778858549	0.920423649361303	0.923353451306692	0.962428219852338	0.966485995546701	0.921220555490449	0.36	0.2	0.343458155771149	0.433629959213941	0.370212371325234
wdLC_k1_0.36_k2_0.2	170	0.907926795757232	0.89930447420326	0.910039630925556	0.913351774842606	0.949301726296249	0.953937750746515	0.918109928493353	0.36	0.2	0.343458155771149	0.433629959213941	0.370212371325234
wdLC_k1_0.36_k2_0.2	180	0.902385876107287	0.892504912703067	0.9036698663539	0.911933495889791	0.94536045351194	0.949745362511189	0.91561879481877	0.36	0.2	0.343458155771149	0.433629959213941	0.370212371325234
wdLC_k1_0.36_k2_0.2	190	0.882328858796205	0.875914918185516	0.884636547739331	0.897196744041605	0.940017583225079	0.944568226849847	0.914655749320947	0.36	0.2	0.343458155771149	0.433629959213941	0.370212371325234
wdLC_k1_0.36_k2_0.2	200	0.88135903397585	0.872889822245556	0.883139578489462	0.894763369084227	0.945427135678392	0.948515712892822	0.909981249531238	0.36	0.2	0.343458155771149	0.433629959213941	0.370212371325234
wdLC_k1_0.36_k2_0.2	210	0.863907506810974	0.853296317052865	0.866207526571707	0.877689484374443	0.943900250410602	0.946793740058894	0.911652029686452	0.36	0.2	0.343458155771149	0.433629959213941	0.370212371325234
wdLC_k1_0.36_k2_0.2	220	0.867614094205553	0.85417918101238	0.874974501727121	0.877873134118098	0.934530578205034	0.93815274169827	0.91425367541403	0.36	0.2	0.343458155771149	0.433629959213941	0.370212371325234
wdLC_k1_0.36_k2_0.2	230	0.858669145549723	0.843225769863324	0.861541230745712	0.862492017191087	0.920224677543835	0.923566238204552	0.914428233623221	0.36	0.2	0.343458155771149	0.433629959213941	0.370212371325234
wdLC_k1_0.36_k2_0.2	240	0.856777895449574	0.842626608100835	0.861080053473151	0.858065244188267	0.916856195420059	0.9254336012778	0.913305786558794	0.36	0.2	0.343458155771149	0.433629959213941	0.370212371325234
wdLC_k1_0.36_k2_0.2	240	0.856777895449574	0.842626608100835	0.861080053473151	0.858065244188267	0.916856195420059	0.9254336012778	0.913305786558794	0.36	0.2	0.343458155771149	0.433629959213941	0.370212371325234
wdLC_k1_0.36_k2_0.2	250	0.841991455863294	0.826527528440455	0.844919886718187	0.84149071185139	0.913876638026208	0.92621782748524	0.913305786558794	0.36	0.2	0.343458155771149	0.433629959213941	0.370212371325234
wdLC_k1_0.36_k2_0.2	260	0.827121930570206	0.811237535375466	0.835009848802952	0.828123538468366	0.919270539960195	0.932533139429691	0.913305786558794	0.36	0.2	0.343458155771149	0.433629959213941	0.370212371325234
wdLC_k1_0.36_k2_0.2	270	0.830090642913864	0.810989634059909	0.840404456089171	0.834407117305374	0.922259564603081	0.934580416436134	0.913305786558794	0.36	0.2	0.343458155771149	0.433629959213941	0.370212371325234
wdLC_k1_0.36_k2_0.2	280	0.821119985131006	0.798978849948888	0.836398970103482	0.826234481853814	0.923618194838491	0.937480252116918	0.913305786558794	0.36	0.2	0.343458155771149	0.433629959213941	0.370212371325234
wdLC_k1_0.36_k2_0.2	290	0.823151778015319	0.801977226347765	0.84210874621905	0.829617064617194	0.924754199791625	0.939070824164132	0.913305786558794	0.36	0.2	0.343458155771149	0.433629959213941	0.370212371325234
wdLC_k1_0.36_k2_0.2	300	0.818965988510984	0.803688040978233	0.843950710563451	0.828149646107179	0.928720096889965	0.942767808531206	0.913305786558794	0.36	0.2	0.343458155771149	0.433629959213941	0.370212371325234
wdLC_k1_0.36_k2_0.28	10	0.0545454545454545	0.357575757575758	0.454545454545455	0.890909090909091	-0.139393939393939	0.0545454545454545	0.103030303030303	0.36	0.28	0.295312358328044	0.377641824249166	0.319020680701104
wdLC_k1_0.36_k2_0.28	20	0.481203007518797	0.598496240601504	0.57593984962406	0.723308270676692	0.603007518796992	0.673684210526316	0.53984962406015	0.36	0.28	0.295312358328044	0.377641824249166	0.319020680701104
wdLC_k1_0.36_k2_0.28	30	0.717908787541713	0.779310344827586	0.784649610678532	0.737041156840934	0.810456062291435	0.833147942157953	0.666295884315907	0.36	0.28	0.295312358328044	0.377641824249166	0.319020680701104
wdLC_k1_0.36_k2_0.28	40	0.824953095684803	0.855909943714822	0.863039399624766	0.823264540337711	0.872983114446529	0.91031894934334	0.758724202626642	0.36	0.28	0.295312358328044	0.377641824249166	0.319020680701104
wdLC_k1_0.36_k2_0.28	50	0.888307322929172	0.904633853541416	0.905402160864346	0.879663865546218	0.901944777911164	0.933349339735894	0.741944777911164	0.36	0.28	0.295312358328044	0.377641824249166	0.319020680701104
wdLC_k1_0.36_k2_0.28	60	0.876799110864129	0.88613503751042	0.882745207001945	0.870630730758544	0.917199222006113	0.939983328702418	0.798888580161156	0.36	0.28	0.295312358328044	0.377641824249166	0.319020680701104
wdLC_k1_0.36_k2_0.28	70	0.879310646487621	0.88434957571516	0.88952847519902	0.866328405213892	0.92098679030706	0.936103577989677	0.832420610620243	0.36	0.28	0.295312358328044	0.377641824249166	0.319020680701104
wdLC_k1_0.36_k2_0.28	80	0.875738396624473	0.882395686826067	0.89549929676512	0.866666666666667	0.943764650726676	0.95436005625879	0.852484763244257	0.36	0.28	0.295312358328044	0.377641824249166	0.319020680701104
wdLC_k1_0.36_k2_0.28	90	0.884018603119727	0.887656912376014	0.901140058443429	0.880067498045026	0.956537844178294	0.964324813763016	0.867753220562209	0.36	0.28	0.295312358328044	0.377641824249166	0.319020680701104
wdLC_k1_0.36_k2_0.28	100	0.906714671467147	0.909318931893189	0.921344134413441	0.908286828682868	0.94995499549955	0.960696069606961	0.892649264926493	0.36	0.28	0.295312358328044	0.377641824249166	0.319020680701104
wdLC_k1_0.36_k2_0.28	110	0.923080044180962	0.923936613844871	0.933881838468994	0.926650587201046	0.949768951603814	0.962265852174109	0.909852805265649	0.36	0.28	0.295312358328044	0.377641824249166	0.319020680701104
wdLC_k1_0.36_k2_0.28	120	0.926731022987707	0.92389749288145	0.936169178415168	0.933891242447392	0.957455378845753	0.969511771650809	0.923001597333148	0.36	0.28	0.295312358328044	0.377641824249166	0.319020680701104
wdLC_k1_0.36_k2_0.28	130	0.929426866405386	0.926225948736156	0.936822843409032	0.936211063922763	0.963407939477529	0.973573311119911	0.924390610277349	0.36	0.28	0.295312358328044	0.377641824249166	0.319020680701104
wdLC_k1_0.36_k2_0.28	140	0.92748901183005	0.924344536528832	0.93466138942949	0.937525967068291	0.966403533707988	0.973326627451838	0.928123154971464	0.36	0.28	0.295312358328044	0.377641824249166	0.319020680701104
wdLC_k1_0.36_k2_0.28	150	0.919000844481977	0.914207742566336	0.92647495444242	0.929305302457887	0.959998222143206	0.966946086492733	0.931641406284724	0.36	0.28	0.295312358328044	0.377641824249166	0.319020680701104
wdLC_k1_0.36_k2_0.28	160	0.914927340911754	0.908935895933435	0.919541778975741	0.926555724833001	0.952267666705731	0.959038439001523	0.927625102543068	0.36	0.28	0.295312358328044	0.377641824249166	0.319020680701104
wdLC_k1_0.36_k2_0.28	170	0.909773389268507	0.902372359719347	0.912362528318708	0.920156813893418	0.950559657061205	0.956082339506965	0.926939869688143	0.36	0.28	0.295312358328044	0.377641824249166	0.319020680701104
wdLC_k1_0.36_k2_0.28	180	0.910729755033591	0.901319999588465	0.911318250563289	0.922884451166188	0.946002448635246	0.948821465683097	0.92254493451444	0.36	0.28	0.295312358328044	0.377641824249166	0.319020680701104
wdLC_k1_0.36_k2_0.28	190	0.895772590288986	0.887141938616174	0.896442677374064	0.910204831450354	0.939653671701068	0.942834398386892	0.921148420790196	0.36	0.28	0.295312358328044	0.377641824249166	0.319020680701104
wdLC_k1_0.36_k2_0.28	200	0.890596264906623	0.881746043651091	0.891988299707493	0.908001200030001	0.936615915397885	0.940711017775445	0.921564539113478	0.36	0.28	0.295312358328044	0.377641824249166	0.319020680701104
wdLC_k1_0.36_k2_0.28	210	0.885755750859268	0.874424104207093	0.886938803277042	0.899529953708053	0.928661809629632	0.933940840900182	0.917966393795778	0.36	0.28	0.295312358328044	0.377641824249166	0.319020680701104
wdLC_k1_0.36_k2_0.28	220	0.884889808016319	0.876608645182376	0.893869708051819	0.900920191814632	0.932629336819506	0.937141826746984	0.91589570783769	0.36	0.28	0.295312358328044	0.377641824249166	0.319020680701104
wdLC_k1_0.36_k2_0.28	230	0.880334057436773	0.869693928626908	0.890118083928602	0.893536575442784	0.92248723367007	0.92668095147685	0.913018820936041	0.36	0.28	0.295312358328044	0.377641824249166	0.319020680701104
wdLC_k1_0.36_k2_0.28	240	0.873155783954582	0.862083543117068	0.881128144585843	0.882657685029254	0.916937794058924	0.920443931318252	0.919151374155801	0.36	0.28	0.295312358328044	0.377641824249166	0.319020680701104
wdLC_k1_0.36_k2_0.28	240	0.873155783954582	0.862083543117068	0.881128144585843	0.882657685029254	0.916937794058924	0.920443931318252	0.919151374155801	0.36	0.28	0.295312358328044	0.377641824249166	0.319020680701104
wdLC_k1_0.36_k2_0.28	250	0.862306148898382	0.855642874285989	0.875145010320165	0.871973887582201	0.912441991071857	0.919559928958863	0.919151374155801	0.36	0.28	0.295312358328044	0.377641824249166	0.319020680701104
wdLC_k1_0.36_k2_0.28	260	0.849900146451871	0.839655343103619	0.862968842279187	0.855030399857986	0.910148875666117	0.920971293385086	0.919151374155801	0.36	0.28	0.295312358328044	0.377641824249166	0.319020680701104
wdLC_k1_0.36_k2_0.28	270	0.850778017073851	0.837663372916257	0.864313944254684	0.855218864456302	0.903085395166219	0.915607438602267	0.919151374155801	0.36	0.28	0.295312358328044	0.377641824249166	0.319020680701104
wdLC_k1_0.36_k2_0.28	280	0.852875674434623	0.835223663567137	0.867705856306476	0.859225063001897	0.906572970136281	0.919568580503031	0.919151374155801	0.36	0.28	0.295312358328044	0.377641824249166	0.319020680701104
wdLC_k1_0.36_k2_0.28	290	0.847041356430906	0.827941699253466	0.864147304223963	0.85713438718161	0.906179539631247	0.920945880286411	0.919151374155801	0.36	0.28	0.295312358328044	0.377641824249166	0.319020680701104
wdLC_k1_0.36_k2_0.28	300	0.853752597251081	0.836834187046523	0.86995588839876	0.860082889809887	0.906910076778631	0.92276047511639	0.919151374155801	0.36	0.28	0.295312358328044	0.377641824249166	0.319020680701104
wdLC_k1_0.36_k2_0.36	10	0.309090909090909	0.406060606060606	0.381818181818182	0.624242424242424	-0.0424242424242424	0.163636363636364	0.321212121212121	0.36	0.36	0.242270378094116	0.308861698183167	0.25948251877956
wdLC_k1_0.36_k2_0.36	20	0.380451127819549	0.46015037593985	0.527819548872181	0.819548872180451	0.378947368421053	0.409022556390977	0.356390977443609	0.36	0.36	0.242270378094116	0.308861698183167	0.25948251877956
wdLC_k1_0.36_k2_0.36	30	0.666295884315907	0.723248053392659	0.755283648498332	0.758843159065629	0.721023359288098	0.735706340378198	0.624471635150167	0.36	0.36	0.242270378094116	0.308861698183167	0.25948251877956
wdLC_k1_0.36_k2_0.36	40	0.781050656660413	0.81688555347092	0.835459662288931	0.80375234521576	0.819136960600375	0.850281425891182	0.633020637898687	0.36	0.36	0.242270378094116	0.308861698183167	0.25948251877956
wdLC_k1_0.36_k2_0.36	50	0.830108043217287	0.858055222088836	0.85795918367347	0.839327731092437	0.838943577430973	0.878895558223289	0.671068427370948	0.36	0.36	0.242270378094116	0.308861698183167	0.25948251877956
wdLC_k1_0.36_k2_0.36	60	0.858016115587664	0.875520978049458	0.87379827729925	0.857571547652126	0.86196165601556	0.894137260350098	0.745040288969158	0.36	0.36	0.242270378094116	0.308861698183167	0.25948251877956
wdLC_k1_0.36_k2_0.36	70	0.869302773160703	0.881235237512029	0.882844895459715	0.851806491120637	0.882285014434433	0.908634415186773	0.797043128335229	0.36	0.36	0.242270378094116	0.308861698183167	0.25948251877956
wdLC_k1_0.36_k2_0.36	80	0.877777777777778	0.887248007501172	0.89690576652602	0.866385372714487	0.914345991561181	0.932887951242382	0.836333802156587	0.36	0.36	0.242270378094116	0.308861698183167	0.25948251877956
wdLC_k1_0.36_k2_0.36	90	0.882372309338602	0.894340865127382	0.903411943861382	0.876560892291229	0.934839692143063	0.94860270815327	0.846400790221015	0.36	0.36	0.242270378094116	0.308861698183167	0.25948251877956
wdLC_k1_0.36_k2_0.36	100	0.902622262226223	0.910687068706871	0.92027602760276	0.902190219021902	0.932217221722172	0.94965496549655	0.884056405640564	0.36	0.36	0.242270378094116	0.308861698183167	0.25948251877956
wdLC_k1_0.36_k2_0.36	110	0.918021774902509	0.921808714469265	0.930951468566147	0.919536550729211	0.941906543741406	0.958001036900119	0.89966413452652	0.36	0.36	0.242270378094116	0.308861698183167	0.25948251877956
wdLC_k1_0.36_k2_0.36	120	0.927585248975623	0.929578442947427	0.937933189804847	0.929592332800889	0.943628029724286	0.959316619209667	0.910236822001528	0.36	0.36	0.242270378094116	0.308861698183167	0.25948251877956
wdLC_k1_0.36_k2_0.36	130	0.931267667181035	0.930836144150542	0.942208687814937	0.937221592538475	0.94940255909544	0.963495336546996	0.919474525119829	0.36	0.36	0.242270378094116	0.308861698183167	0.25948251877956
wdLC_k1_0.36_k2_0.36	140	0.919275764798496	0.918645995058057	0.930082438608384	0.930379829874702	0.954324200214297	0.965402024884652	0.931446939712668	0.36	0.36	0.242270378094116	0.308861698183167	0.25948251877956
wdLC_k1_0.36_k2_0.36	150	0.908799502200098	0.908003022356549	0.9167038535046	0.920110227121205	0.94875150006667	0.958476376727855	0.928331036934975	0.36	0.36	0.242270378094116	0.308861698183167	0.25948251877956
wdLC_k1_0.36_k2_0.36	160	0.911599085901793	0.909436892066096	0.917467479198406	0.923368100316418	0.949566389312082	0.953486464315012	0.926051798898394	0.36	0.36	0.242270378094116	0.308861698183167	0.25948251877956
wdLC_k1_0.36_k2_0.36	170	0.910608752999799	0.904707470032548	0.916492937878982	0.923859771252008	0.944443426701107	0.947816635218398	0.925784527451591	0.36	0.36	0.242270378094116	0.308861698183167	0.25948251877956
wdLC_k1_0.36_k2_0.36	180	0.90578310030145	0.900439313970596	0.909052748541622	0.918898731442328	0.938504274823297	0.94108871672994	0.928682984042717	0.36	0.36	0.242270378094116	0.308861698183167	0.25948251877956
wdLC_k1_0.36_k2_0.36	190	0.906327774059932	0.896796091450266	0.908537486823516	0.916982683585054	0.933140005336203	0.934474930782454	0.919657783201459	0.36	0.36	0.242270378094116	0.308861698183167	0.25948251877956
wdLC_k1_0.36_k2_0.36	200	0.896300907522688	0.889961749043726	0.899099977499438	0.910810770269257	0.929633240831021	0.930723768094203	0.920370509262732	0.36	0.36	0.242270378094116	0.308861698183167	0.25948251877956
wdLC_k1_0.36_k2_0.36	210	0.895903049307889	0.888312336204579	0.900186917098865	0.909460855931297	0.924594338064031	0.926062463353558	0.917962506438436	0.36	0.36	0.242270378094116	0.308861698183167	0.25948251877956
wdLC_k1_0.36_k2_0.36	220	0.890071733262708	0.880947577804951	0.89948439956498	0.9014690386165	0.92809768796876	0.928847139967204	0.918342415038628	0.36	0.36	0.242270378094116	0.308861698183167	0.25948251877956
wdLC_k1_0.36_k2_0.36	230	0.87951346166649	0.869397054435976	0.888708671241422	0.888385167139676	0.920921986689976	0.925339593006196	0.912971478872371	0.36	0.36	0.242270378094116	0.308861698183167	0.25948251877956
wdLC_k1_0.36_k2_0.36	240	0.868212121738224	0.862093091893956	0.882242747269918	0.874615878747895	0.904978385041407	0.914534106494904	0.914197295091929	0.36	0.36	0.242270378094116	0.308861698183167	0.25948251877956
wdLC_k1_0.36_k2_0.36	240	0.868212121738224	0.862093091893956	0.882242747269918	0.874615878747895	0.904978385041407	0.914534106494904	0.914197295091929	0.36	0.36	0.242270378094116	0.308861698183167	0.25948251877956
wdLC_k1_0.36_k2_0.36	250	0.863736187779004	0.857651994431911	0.881368213891422	0.870222051552825	0.912087937406998	0.921688859021744	0.914197295091929	0.36	0.36	0.242270378094116	0.308861698183167	0.25948251877956
wdLC_k1_0.36_k2_0.36	260	0.858289892772651	0.851563348115072	0.878958382406658	0.861307006134592	0.907797452625039	0.920444203202824	0.914197295091929	0.36	0.36	0.242270378094116	0.308861698183167	0.25948251877956
wdLC_k1_0.36_k2_0.36	270	0.853541658093161	0.847032195229015	0.876622602657253	0.861332040829702	0.901821546096502	0.917217581097744	0.914197295091929	0.36	0.36	0.242270378094116	0.308861698183167	0.25948251877956
wdLC_k1_0.36_k2_0.36	280	0.849279236433409	0.839449300555947	0.87170627176367	0.859121745357539	0.899989613570144	0.917614291727482	0.914197295091929	0.36	0.36	0.242270378094116	0.308861698183167	0.25948251877956
wdLC_k1_0.36_k2_0.36	290	0.849908912771524	0.840356131997141	0.874110438805497	0.859755928050315	0.9008597010666	0.920504036498855	0.914197295091929	0.36	0.36	0.242270378094116	0.308861698183167	0.25948251877956
wdLC_k1_0.36_k2_0.36	300	0.855226835853732	0.844066711852354	0.880309781219791	0.862116690185447	0.900825564728497	0.920976455293948	0.914197295091929	0.36	0.36	0.242270378094116	0.308861698183167	0.25948251877956
wdLC_k1_0.36_k2_0.44	10	0.539393939393939	0.587878787878788	0.672727272727273	0.83030303030303	0.418181818181818	0.442424242424242	0.345454545454545	0.36	0.44	0.188865717653459	0.242491657397108	0.203375683946954
wdLC_k1_0.36_k2_0.44	20	0.150375939849624	0.395488721804511	0.457142857142857	0.721804511278195	0.109774436090226	0.171428571428571	0.108270676691729	0.36	0.44	0.188865717653459	0.242491657397108	0.203375683946954
wdLC_k1_0.36_k2_0.44	30	0.646273637374861	0.754838709677419	0.755728587319244	0.740155728587319	0.630700778642937	0.641379310344828	0.540378197997775	0.36	0.44	0.188865717653459	0.242491657397108	0.203375683946954
wdLC_k1_0.36_k2_0.44	40	0.762288930581614	0.812570356472796	0.825515947467167	0.802063789868668	0.777861163227017	0.805065666041276	0.621013133208255	0.36	0.44	0.188865717653459	0.242491657397108	0.203375683946954
wdLC_k1_0.36_k2_0.44	50	0.821080432172869	0.862088835534214	0.856038415366147	0.845090036014406	0.787082833133253	0.838655462184874	0.686338535414166	0.36	0.44	0.188865717653459	0.242491657397108	0.203375683946954
wdLC_k1_0.36_k2_0.44	60	0.844623506529592	0.86851903306474	0.867296471242012	0.850180605723812	0.858238399555432	0.888357877188108	0.749096971380939	0.36	0.44	0.188865717653459	0.242491657397108	0.203375683946954
wdLC_k1_0.36_k2_0.44	70	0.867028256495495	0.883859679818039	0.879695564692503	0.861989327267956	0.868812877263581	0.892992739042953	0.804741492432858	0.36	0.44	0.188865717653459	0.242491657397108	0.203375683946954
wdLC_k1_0.36_k2_0.44	80	0.86446319737459	0.880942334739803	0.883473980309423	0.86165025785279	0.908227848101266	0.923745897796531	0.836872948898265	0.36	0.44	0.188865717653459	0.242491657397108	0.203375683946954
wdLC_k1_0.36_k2_0.44	90	0.88117051487838	0.894521957443306	0.901123595505618	0.881845495328641	0.928633164588221	0.941721200148166	0.843552701979668	0.36	0.44	0.188865717653459	0.242491657397108	0.203375683946954
wdLC_k1_0.36_k2_0.44	100	0.90006600660066	0.90964296429643	0.916951695169517	0.904242424242424	0.927656765676568	0.944014401440144	0.873675367536754	0.36	0.44	0.188865717653459	0.242491657397108	0.203375683946954
wdLC_k1_0.36_k2_0.44	110	0.916227486869689	0.922313639744832	0.930049816288348	0.921646417059261	0.938372066812434	0.954214097333363	0.900385456348759	0.36	0.44	0.188865717653459	0.242491657397108	0.203375683946954
wdLC_k1_0.36_k2_0.44	120	0.927640808389471	0.929835405236475	0.938176262240433	0.933155080213903	0.941516771998055	0.956608097784568	0.912827279672199	0.36	0.44	0.188865717653459	0.242491657397108	0.203375683946954
wdLC_k1_0.36_k2_0.44	130	0.930382771852681	0.933026533204058	0.938838438323615	0.937576643133185	0.95063158038482	0.963391552527004	0.913127312949788	0.36	0.44	0.188865717653459	0.242491657397108	0.203375683946954
wdLC_k1_0.36_k2_0.44	140	0.92577901204872	0.926220725547222	0.93261901117404	0.936428243423499	0.953077780936345	0.963622050687717	0.919927401543811	0.36	0.44	0.188865717653459	0.242491657397108	0.203375683946954
wdLC_k1_0.36_k2_0.44	150	0.919992888572826	0.91876261167163	0.926204720209787	0.931684074847771	0.952847682119205	0.959934219298636	0.919740432908129	0.36	0.44	0.188865717653459	0.242491657397108	0.203375683946954
wdLC_k1_0.36_k2_0.44	160	0.916916676432673	0.914985936950662	0.922817297550685	0.927569436306106	0.950676784249385	0.956155513887261	0.928644673620063	0.36	0.44	0.188865717653459	0.242491657397108	0.203375683946954
wdLC_k1_0.36_k2_0.44	170	0.90780955172477	0.903127118178321	0.912633655143777	0.91891353863252	0.945239709088245	0.947628556249657	0.923236912329554	0.36	0.44	0.188865717653459	0.242491657397108	0.203375683946954
wdLC_k1_0.36_k2_0.44	180	0.90206076319228	0.896192269308724	0.905988867969176	0.914610533246911	0.944815169192465	0.944568247991193	0.919933742810992	0.36	0.44	0.188865717653459	0.242491657397108	0.203375683946954
wdLC_k1_0.36_k2_0.44	190	0.903402485270769	0.896675370800474	0.906147567872561	0.913009399589725	0.928228949336693	0.931035267050698	0.916132390312605	0.36	0.44	0.188865717653459	0.242491657397108	0.203375683946954
wdLC_k1_0.36_k2_0.44	200	0.885922148053701	0.879830495762394	0.888392709817746	0.898210455261382	0.927864696617416	0.929484737118428	0.907581189529738	0.36	0.44	0.188865717653459	0.242491657397108	0.203375683946954
wdLC_k1_0.36_k2_0.44	210	0.870925482599217	0.866987589611686	0.873217727645266	0.883256180088308	0.920513908640623	0.923079564486399	0.911111687015902	0.36	0.44	0.188865717653459	0.242491657397108	0.203375683946954
wdLC_k1_0.36_k2_0.44	220	0.859136834156979	0.856694634937987	0.868652057048512	0.87105819241194	0.910899736846554	0.914383279894964	0.913856973002823	0.36	0.44	0.188865717653459	0.242491657397108	0.203375683946954
wdLC_k1_0.36_k2_0.44	230	0.849235253070453	0.845703337862062	0.866193574794296	0.862790863968005	0.916719392246258	0.920613276983127	0.912054226388762	0.36	0.44	0.188865717653459	0.242491657397108	0.203375683946954
wdLC_k1_0.36_k2_0.44	240	0.835563985485859	0.831400718762478	0.853981839962499	0.848242156981892	0.910807479296515	0.916963836177711	0.916022847618882	0.36	0.44	0.188865717653459	0.242491657397108	0.203375683946954
wdLC_k1_0.36_k2_0.44	240	0.835563985485859	0.831400718762478	0.853981839962499	0.848242156981892	0.910807479296515	0.916963836177711	0.916022847618882	0.36	0.44	0.188865717653459	0.242491657397108	0.203375683946954
wdLC_k1_0.36_k2_0.44	250	0.837391830269284	0.829326933230932	0.859455287284597	0.846613353813661	0.909037392598282	0.916085441367062	0.916022847618882	0.36	0.44	0.188865717653459	0.242491657397108	0.203375683946954
wdLC_k1_0.36_k2_0.44	260	0.831733969665004	0.825888867268177	0.852843521809039	0.835964346309174	0.899753865271107	0.910118834256765	0.916022847618882	0.36	0.44	0.188865717653459	0.242491657397108	0.203375683946954
wdLC_k1_0.36_k2_0.44	270	0.83319143228607	0.826912425258082	0.851568151369246	0.836978711794553	0.890700527823122	0.903282928740068	0.916022847618882	0.36	0.44	0.188865717653459	0.242491657397108	0.203375683946954
wdLC_k1_0.36_k2_0.44	280	0.83378104312555	0.828718478552022	0.856274770268571	0.836257386664917	0.885011835063494	0.901259491283599	0.916022847618882	0.36	0.44	0.188865717653459	0.242491657397108	0.203375683946954
wdLC_k1_0.36_k2_0.44	290	0.836711658796222	0.826151690679827	0.8571511162337	0.838973033014046	0.88556393511588	0.903786301120477	0.916022847618882	0.36	0.44	0.188865717653459	0.242491657397108	0.203375683946954
wdLC_k1_0.36_k2_0.44	300	0.839450660562895	0.830674563050701	0.8616793519928	0.841877798642207	0.883524039155991	0.903237147079412	0.916022847618882	0.36	0.44	0.188865717653459	0.242491657397108	0.203375683946954
wdLC_k1_0.36_k2_0.52	10	0.551515151515151	0.539393939393939	0.587878787878788	0.406060606060606	0.0181818181818182	0.272727272727273	0.612121212121212	0.36	0.52	0.149242905068456	0.193548387096774	0.159510340350552
wdLC_k1_0.36_k2_0.52	20	0.33984962406015	0.560902255639098	0.639097744360902	0.700751879699248	0.356390977443609	0.430075187969925	0.257142857142857	0.36	0.52	0.149242905068456	0.193548387096774	0.159510340350552
wdLC_k1_0.36_k2_0.52	30	0.733481646273638	0.813125695216908	0.817130144605117	0.663626251390434	0.731256952169077	0.753503893214683	0.686318131256952	0.36	0.52	0.149242905068456	0.193548387096774	0.159510340350552
wdLC_k1_0.36_k2_0.52	40	0.814258911819888	0.849155722326454	0.873921200750469	0.756660412757974	0.826829268292683	0.857223264540338	0.693245778611632	0.36	0.52	0.149242905068456	0.193548387096774	0.159510340350552
wdLC_k1_0.36_k2_0.52	50	0.856518607442977	0.882352941176471	0.895702280912365	0.836926770708283	0.853157262905162	0.88360144057623	0.730516206482593	0.36	0.52	0.149242905068456	0.193548387096774	0.159510340350552
wdLC_k1_0.36_k2_0.52	60	0.866018338427341	0.877521533759378	0.889636010002779	0.842845234787441	0.869185884968047	0.896360100027786	0.759822172825785	0.36	0.52	0.149242905068456	0.193548387096774	0.159510340350552
wdLC_k1_0.36_k2_0.52	70	0.880465401102266	0.889213542122299	0.897121861604409	0.856320531886974	0.875146531362086	0.895792144169364	0.791094392441606	0.36	0.52	0.149242905068456	0.193548387096774	0.159510340350552
wdLC_k1_0.36_k2_0.52	80	0.882981715893108	0.889826535396156	0.903047351148617	0.866666666666667	0.910759493670886	0.925222691045476	0.832114392873887	0.36	0.52	0.149242905068456	0.193548387096774	0.159510340350552
wdLC_k1_0.36_k2_0.52	90	0.881005885500268	0.891130592254188	0.901930279458369	0.87104580812446	0.934839692143063	0.945886323414413	0.848228176318064	0.36	0.52	0.149242905068456	0.193548387096774	0.159510340350552
wdLC_k1_0.36_k2_0.52	100	0.898589858985899	0.905790579057906	0.917023702370237	0.895469546954696	0.938457845784578	0.951107110711071	0.884308430843085	0.36	0.52	0.149242905068456	0.193548387096774	0.159510340350552
wdLC_k1_0.36_k2_0.52	110	0.912052836823479	0.916119288596353	0.923584969456529	0.909753623515091	0.942402452494195	0.955737889682844	0.90468633771386	0.36	0.52	0.149242905068456	0.193548387096774	0.159510340350552
wdLC_k1_0.36_k2_0.52	120	0.931078547121328	0.933995416348357	0.939815264948955	0.929849295089937	0.946926869921522	0.95946940759775	0.906826862976595	0.36	0.52	0.149242905068456	0.193548387096774	0.159510340350552
wdLC_k1_0.36_k2_0.52	130	0.933212251976676	0.936200139289079	0.940930505673982	0.933763945977686	0.953685015499324	0.963309617774379	0.915623591746439	0.36	0.52	0.149242905068456	0.193548387096774	0.159510340350552
wdLC_k1_0.36_k2_0.52	140	0.92489121165074	0.92619448514137	0.932081082854082	0.926819881480834	0.95119721851698	0.960280772342612	0.92252520172312	0.36	0.52	0.149242905068456	0.193548387096774	0.159510340350552
wdLC_k1_0.36_k2_0.52	150	0.916277167874128	0.918623938841727	0.92147206542513	0.921568069691986	0.939911996088715	0.949025290012889	0.921361838303925	0.36	0.52	0.149242905068456	0.193548387096774	0.159510340350552
wdLC_k1_0.36_k2_0.52	160	0.925287120590648	0.924882807922184	0.930247275284191	0.929951365287706	0.939587483886089	0.948825149419899	0.913860893003633	0.36	0.52	0.149242905068456	0.193548387096774	0.159510340350552
wdLC_k1_0.36_k2_0.52	170	0.913857389732598	0.910525705143471	0.918925751552568	0.917992684460891	0.934194344196726	0.943048711231612	0.914665885039784	0.36	0.52	0.149242905068456	0.193548387096774	0.159510340350552
wdLC_k1_0.36_k2_0.52	180	0.909838781032336	0.904803646203072	0.91428747800858	0.913532310668025	0.925446258629382	0.933002047388294	0.918404889039785	0.36	0.52	0.149242905068456	0.193548387096774	0.159510340350552
wdLC_k1_0.36_k2_0.52	190	0.895345694078127	0.890950762595844	0.899315478924187	0.899929579620955	0.923800775936351	0.930186723352885	0.913817703070941	0.36	0.52	0.149242905068456	0.193548387096774	0.159510340350552
wdLC_k1_0.36_k2_0.52	200	0.877923948098703	0.871259281482037	0.883538588464712	0.882145053626341	0.913224330608265	0.917781444536114	0.912097802445061	0.36	0.52	0.149242905068456	0.193548387096774	0.159510340350552
wdLC_k1_0.36_k2_0.52	210	0.870834777594568	0.86800348566375	0.880852497465119	0.874144214478462	0.912893392464358	0.916393309858014	0.913328776486671	0.36	0.52	0.149242905068456	0.193548387096774	0.159510340350552
wdLC_k1_0.36_k2_0.52	220	0.860929883975815	0.853603286318838	0.872078123327116	0.861048218501885	0.905307585243121	0.911720189560641	0.915295019243448	0.36	0.52	0.149242905068456	0.193548387096774	0.159510340350552
wdLC_k1_0.36_k2_0.52	230	0.850751185400891	0.845761529148657	0.864646081088078	0.851100333120458	0.89355728759564	0.904210238214415	0.916059562233855	0.36	0.52	0.149242905068456	0.193548387096774	0.159510340350552
wdLC_k1_0.36_k2_0.52	240	0.844071077622875	0.83886699421865	0.862215489852254	0.840110071355405	0.887877393704752	0.903023489991146	0.921567214708588	0.36	0.52	0.149242905068456	0.193548387096774	0.159510340350552
wdLC_k1_0.36_k2_0.52	240	0.844071077622875	0.83886699421865	0.862215489852254	0.840110071355405	0.887877393704752	0.903023489991146	0.921567214708588	0.36	0.52	0.149242905068456	0.193548387096774	0.159510340350552
wdLC_k1_0.36_k2_0.52	250	0.846513512216195	0.845120337925407	0.864561032976528	0.845901406422503	0.88923496375942	0.904210435366966	0.921567214708588	0.36	0.52	0.149242905068456	0.193548387096774	0.159510340350552
wdLC_k1_0.36_k2_0.52	260	0.839389749734577	0.837049933601658	0.863336849543746	0.839890895063309	0.887262101055204	0.902362688569585	0.921567214708588	0.36	0.52	0.149242905068456	0.193548387096774	0.159510340350552
wdLC_k1_0.36_k2_0.52	270	0.835605731521999	0.828921292930401	0.857414291615035	0.835821555241575	0.882527881040892	0.901768504673894	0.921567214708588	0.36	0.52	0.149242905068456	0.193548387096774	0.159510340350552
wdLC_k1_0.36_k2_0.52	280	0.820113594743373	0.812947504796891	0.84191744428227	0.816769710983923	0.877908063696148	0.900648878538903	0.921567214708588	0.36	0.52	0.149242905068456	0.193548387096774	0.159510340350552
wdLC_k1_0.36_k2_0.52	290	0.823430267529525	0.81989305707436	0.848600602491891	0.81572899919676	0.865754769317442	0.888416238497239	0.921567214708588	0.36	0.52	0.149242905068456	0.193548387096774	0.159510340350552
wdLC_k1_0.36_k2_0.52	300	0.821005122279136	0.819229991444349	0.847797864420716	0.815340170446338	0.865194946610518	0.889669440771564	0.921567214708588	0.36	0.52	0.149242905068456	0.193548387096774	0.159510340350552
wdLC_k1_0.44_k2_0.04	10	0.490909090909091	0.83030303030303	0.939393939393939	0.624242424242424	0.296969696969697	0.43030303030303	0.478787878787879					
wdLC_k1_0.44_k2_0.04	20	0.735338345864662	0.766917293233083	0.830075187969925	0.747368421052632	0.760902255639098	0.735338345864662	0.584962406015038					
wdLC_k1_0.44_k2_0.04	30	0.838487208008899	0.868298109010011	0.899888765294772	0.758398220244716	0.910567296996663	0.90166852057842	0.761957730812013					
wdLC_k1_0.44_k2_0.04	40	0.877110694183865	0.884803001876173	0.92063789868668	0.831144465290807	0.94859287054409	0.948405253283302	0.768480300187617					
wdLC_k1_0.44_k2_0.04	50	0.930180072028812	0.931236494597839	0.955534213685474	0.908475390156062	0.928163265306122	0.942569027611044	0.796494597839136					
wdLC_k1_0.44_k2_0.04	60	0.916476799110864	0.917754931925535	0.935537649347041	0.909363712142262	0.928146707418728	0.943428730202834	0.804723534315088					
wdLC_k1_0.44_k2_0.04	70	0.898066660834573	0.893097716735194	0.917242585950486	0.878820750590499	0.948176012597323	0.960703350538011	0.843863179074447					
wdLC_k1_0.44_k2_0.04	80	0.900257852789498	0.893506797937178	0.919432723863104	0.880262541022035	0.96136896390061	0.971167369901547	0.869456165025785					
wdLC_k1_0.44_k2_0.04	90	0.896481047042845	0.898374284891139	0.918821253652714	0.885319175206816	0.962974852862493	0.972358727414907	0.872395769024983					
wdLC_k1_0.44_k2_0.04	100	0.912535253525353	0.914515451545155	0.930825082508251	0.909102910291029	0.965412541254126	0.975061506150615	0.884644464446445					
wdLC_k1_0.44_k2_0.04	110	0.922223474517052	0.923161192885963	0.93578432477515	0.921907896219823	0.965638031693078	0.97643982598111	0.907580641525595					
wdLC_k1_0.44_k2_0.04	120	0.925078130425724	0.924112785610112	0.935967775539968	0.927460240294465	0.968122786304604	0.977449822904368	0.921001458434614					
wdLC_k1_0.44_k2_0.04	130	0.927766322085512	0.924510781247866	0.935642982971227	0.93180297423152	0.967695858198255	0.976850701224924	0.920709008726051					
wdLC_k1_0.44_k2_0.04	140	0.933314381929107	0.927817016903195	0.939682053749098	0.939113511622313	0.968284096127354	0.976274299709169	0.918934639522425					
wdLC_k1_0.44_k2_0.04	150	0.927111427174541	0.920380461353838	0.932267211876083	0.933732165874039	0.966590515134006	0.973179252411218	0.919711987199431					
wdLC_k1_0.44_k2_0.04	160	0.916321926637759	0.909097035040431	0.920511543419665	0.927045001757881	0.960808039376538	0.96323391538732	0.915897105355678					
wdLC_k1_0.44_k2_0.04	170	0.912589688631603	0.902445637239636	0.915264318122142	0.926422041878103	0.958925507294167	0.961636775544849	0.911280463602445					
wdLC_k1_0.44_k2_0.04	180	0.908468368365279	0.895928886694034	0.91266397111022	0.920571622580944	0.954243443727687	0.9585501610132	0.907604144160828					
wdLC_k1_0.44_k2_0.04	190	0.891960267160047	0.88317040419548	0.89556789005673	0.905452986742598	0.944192068303394	0.948000892283064	0.908607469808903					
wdLC_k1_0.44_k2_0.04	200	0.892312307807695	0.882022050551264	0.895609390234756	0.904339608490212	0.934368859221481	0.937554938873472	0.906069151728793					
wdLC_k1_0.44_k2_0.04	210	0.884720418020493	0.874110524048165	0.886949169563288	0.895135944125717	0.928545188909369	0.935289753897886	0.90653756321005					
wdLC_k1_0.44_k2_0.04	220	0.874651054022529	0.864478792762435	0.87963913604526	0.886230932645115	0.932623701842074	0.937938612555857	0.90478127835098					
wdLC_k1_0.44_k2_0.04	230	0.866757734386365	0.855545555640486	0.871686240473026	0.873584854484798	0.933670809919149	0.939913058272656	0.908234313626377					
wdLC_k1_0.44_k2_0.04	240	0.848139724647997	0.841126582058716	0.857318703449712	0.85888123057692	0.92881039601382	0.941183874720047	0.905946283789649					
wdLC_k1_0.44_k2_0.04	240	0.848139724647997	0.841126582058716	0.857318703449712	0.85888123057692	0.92881039601382	0.941183874720047	0.905946283789649					
wdLC_k1_0.44_k2_0.04	250	0.837858781740508	0.826631210099361	0.851263668218692	0.849833629338069	0.925874525992416	0.93835088561417	0.905946283789649					
wdLC_k1_0.44_k2_0.04	260	0.834598144942972	0.818683025579577	0.849060352508628	0.849703511772477	0.929485301899095	0.940763802832768	0.905946283789649					
wdLC_k1_0.44_k2_0.04	270	0.826335675996165	0.810228763997677	0.842526722664996	0.839661266501141	0.929479294792948	0.944107753345191	0.905946283789649					
wdLC_k1_0.44_k2_0.04	280	0.817743848773581	0.79957579633851	0.832426434010638	0.829905811480831	0.930577649496258	0.945457030246377	0.905946283789649					
wdLC_k1_0.44_k2_0.04	290	0.822164271911061	0.802109090640711	0.838330932632353	0.835926377409875	0.934523966212235	0.948774658438269	0.905946283789649					
wdLC_k1_0.44_k2_0.04	300	0.82327848087201	0.803775153057256	0.839360437338193	0.838546650518339	0.935735730397004	0.950547450527228	0.905946283789649					
wdLC_k1_0.44_k2_0.12	10	0.466666666666667	0.575757575757576	0.575757575757576	0.612121212121212	0.357575757575758	0.624242424242424	0.515151515151515					
wdLC_k1_0.44_k2_0.12	20	0.657142857142857	0.735338345864662	0.790977443609023	0.792481203007519	0.673684210526316	0.696240601503759	0.461654135338346					
wdLC_k1_0.44_k2_0.12	30	0.783759733036708	0.834037819799778	0.845606229143493	0.73392658509455	0.847385984427141	0.847830923248053	0.665406006674082					
wdLC_k1_0.44_k2_0.12	40	0.845966228893058	0.861163227016886	0.901500938086304	0.835459662288931	0.916135084427768	0.921951219512195	0.75891181988743					
wdLC_k1_0.44_k2_0.12	50	0.880048019207683	0.897142857142857	0.913373349339736	0.874189675870348	0.875054021608644	0.910492196878752	0.762208883553421					
wdLC_k1_0.44_k2_0.12	60	0.889247013059183	0.897527090858572	0.906029452625729	0.874687413170325	0.918699638788553	0.941706029452626	0.781050291747708					
wdLC_k1_0.44_k2_0.12	70	0.873291925465838	0.879450616743942	0.89747178724521	0.854360948298487	0.911503805441344	0.933269180299186	0.821222990114601					
wdLC_k1_0.44_k2_0.12	80	0.869760900140647	0.879817158931083	0.895757149554618	0.84873417721519	0.935185185185185	0.951148616971402	0.850117205813408					
wdLC_k1_0.44_k2_0.12	90	0.892464090216899	0.897666378565255	0.9132403177347	0.881154051940569	0.938642630777462	0.954348273449397	0.85593283121373					
wdLC_k1_0.44_k2_0.12	100	0.911431143114311	0.915271527152715	0.927656765676568	0.905802580258026	0.941542154215422	0.957203720372037	0.882232223222322					
wdLC_k1_0.44_k2_0.12	110	0.924973513964339	0.927272727272727	0.938002389378536	0.923080044180962	0.949750918558258	0.963546198408584	0.891296801388544					
wdLC_k1_0.44_k2_0.12	120	0.93170359052712	0.93184248906174	0.941780679213834	0.932148065837905	0.952871727203278	0.967199111049378	0.909125633724564					
wdLC_k1_0.44_k2_0.12	130	0.935140449821792	0.933277799778776	0.945497002553633	0.938603558699422	0.954509825342419	0.967521064059321	0.916093350994825					
wdLC_k1_0.44_k2_0.12	140	0.929649471911832	0.92725722157836	0.93882049375697	0.936235813780587	0.948302027071352	0.961207933349369	0.918694102468785					
wdLC_k1_0.44_k2_0.12	150	0.918478154584648	0.913386372727677	0.924903329036846	0.926894528645718	0.944875772256545	0.955553580159118	0.922428552380106					
wdLC_k1_0.44_k2_0.12	160	0.917660846126802	0.910743583733739	0.923789991796554	0.925594749794914	0.938676315481073	0.947544825969764	0.923368100316418					
wdLC_k1_0.44_k2_0.12	170	0.918784081680009	0.911781193324418	0.923290649177765	0.927850953523733	0.934345784405323	0.944436098949078	0.919973620092696					
wdLC_k1_0.44_k2_0.12	180	0.906546498348714	0.902095743695793	0.908690597446423	0.916289597415558	0.922376205026904	0.930843544553844	0.920026338261469					
wdLC_k1_0.44_k2_0.12	190	0.902207525795291	0.89559413367625	0.903517957196657	0.913565764323549	0.922761528603359	0.929019757071562	0.914905938493704					
wdLC_k1_0.44_k2_0.12	200	0.896017400435011	0.884524113102828	0.895525388134704	0.907581189529738	0.926429160729018	0.928257706442661	0.914353858846471					
wdLC_k1_0.44_k2_0.12	210	0.883691564110621	0.874779149511003	0.884824080882948	0.896779000495638	0.920557965357167	0.924213377044507	0.915431836808739					
wdLC_k1_0.44_k2_0.12	220	0.871289226486648	0.862282278559474	0.874533846491945	0.882324766289311	0.91248992747784	0.916540349255901	0.907367732992229					
wdLC_k1_0.44_k2_0.12	230	0.855357173678799	0.846837574804159	0.862272073853619	0.868566595735762	0.911434834389078	0.914420343279276	0.913188463330859					
wdLC_k1_0.44_k2_0.12	240	0.856699769093213	0.851393253355093	0.864803208389034	0.866832757513151	0.89599298598934	0.902039097901005	0.910443757704127					
wdLC_k1_0.44_k2_0.12	240	0.856699769093213	0.851393253355093	0.864803208389034	0.866832757513151	0.89599298598934	0.902039097901005	0.910443757704127					
wdLC_k1_0.44_k2_0.12	250	0.850100129602074	0.844033600537608	0.859919166706667	0.862371429942879	0.897339797436759	0.903890174242788	0.910443757704127					
wdLC_k1_0.44_k2_0.12	260	0.848116779151262	0.839531763669695	0.862149531115048	0.859740073533177	0.901326942706253	0.906756244687279	0.910443757704127					
wdLC_k1_0.44_k2_0.12	270	0.844110039613407	0.835356985540116	0.862522119644988	0.854584196399585	0.900852168372985	0.909139433401769	0.910443757704127					
wdLC_k1_0.44_k2_0.12	280	0.829536273239637	0.821111785317961	0.851993921205263	0.846844438613466	0.900394684334531	0.911796797699679	0.910443757704127					
wdLC_k1_0.44_k2_0.12	290	0.831999478447199	0.822091451331374	0.853117938587158	0.844556108133641	0.898317869210795	0.914536685212133	0.910443757704127					
wdLC_k1_0.44_k2_0.12	300	0.829329214769053	0.818526428071423	0.850214335714841	0.839879554217269	0.899833998155535	0.917108856765075	0.910443757704127					
wdLC_k1_0.44_k2_0.2	10	0.466666666666667	0.503030303030303	0.503030303030303	0.878787878787879	0.248484848484848	0.539393939393939	0.345454545454545					
wdLC_k1_0.44_k2_0.2	20	0.515789473684211	0.676691729323308	0.717293233082707	0.738345864661654	0.56390977443609	0.616541353383459	0.430075187969925					
wdLC_k1_0.44_k2_0.2	30	0.734816462736374	0.822914349276974	0.803337041156841	0.732591768631813	0.77174638487208	0.790878754171302	0.619132369299221					
wdLC_k1_0.44_k2_0.2	40	0.81594746716698	0.849718574108818	0.874108818011257	0.831894934333959	0.863977485928706	0.891181988742965	0.710694183864916					
wdLC_k1_0.44_k2_0.2	50	0.848931572629052	0.87140456182473	0.883793517406963	0.861128451380552	0.870924369747899	0.903481392557023	0.740888355342137					
wdLC_k1_0.44_k2_0.2	60	0.862628507918867	0.877299249791609	0.883412058905252	0.858738538482912	0.880300083356488	0.909641567101973	0.772825784940261					
wdLC_k1_0.44_k2_0.2	70	0.89477735981104	0.901810865191147	0.908284489545971	0.883579739305398	0.900971043653224	0.922001574665383	0.815099291400577					
wdLC_k1_0.44_k2_0.2	80	0.871917487107361	0.875199249882794	0.897280825128926	0.866619784341303	0.923253633380216	0.93581809657759	0.856094702297234					
wdLC_k1_0.44_k2_0.2	90	0.8886611515825	0.895526196649792	0.912499485533193	0.888200189323785	0.942017533028769	0.951648351648352	0.865036835823353					
wdLC_k1_0.44_k2_0.2	100	0.909018901890189	0.912691269126913	0.926996699669967	0.910927092709271	0.943942394239424	0.955259525952595	0.884956495649565					
wdLC_k1_0.44_k2_0.2	110	0.922493970200392	0.923846448617091	0.937073687532403	0.927038297680499	0.942140973333634	0.955972319275071	0.908202781597277					
wdLC_k1_0.44_k2_0.2	120	0.927397735953886	0.928217237308146	0.937967914438503	0.932307799152719	0.945371206333773	0.958240155566359	0.914556566428224					
wdLC_k1_0.44_k2_0.2	130	0.924319600158407	0.925838124240397	0.933343347580876	0.933086618689317	0.951319832306873	0.96311843668492	0.926056616914064					
wdLC_k1_0.44_k2_0.2	140	0.931726837375085	0.931495047123396	0.938789879950143	0.940893485819247	0.956497780499005	0.965227088845641	0.929470162471846					
wdLC_k1_0.44_k2_0.2	150	0.931488510600471	0.92894973109916	0.936526956753634	0.9407262545002	0.949750655584693	0.955269123072137	0.924490866260723					
wdLC_k1_0.44_k2_0.2	160	0.919990038673386	0.917279971873901	0.925166998710887	0.932772764561116	0.950363295441228	0.954558771827024	0.925090823860307					
wdLC_k1_0.44_k2_0.2	170	0.924533924438664	0.919064978841116	0.929069802944535	0.936524569341907	0.946607556133634	0.951018862855014	0.926436697382161					
wdLC_k1_0.44_k2_0.2	180	0.912207166887867	0.903859172608208	0.915087914236036	0.922160148975791	0.938263526652057	0.942613455147793	0.9213267899215					
wdLC_k1_0.44_k2_0.2	190	0.916398325657075	0.906768666867868	0.916219869044339	0.92740315010913	0.937730889177569	0.942045340226658	0.919202893796446					
wdLC_k1_0.44_k2_0.2	200	0.905773644341109	0.89763144078602	0.905373134328358	0.917737943448586	0.933396834920873	0.937875946898673	0.917628440711018					
wdLC_k1_0.44_k2_0.2	210	0.896497814981227	0.887647598099082	0.898576255373462	0.908342592802558	0.930227118852711	0.934579663290065	0.918129662804145					
wdLC_k1_0.44_k2_0.2	220	0.892762998484191	0.882821771298806	0.89784236714132	0.903133610949888	0.923094955004705	0.926420718685022	0.916184218682204					
wdLC_k1_0.44_k2_0.2	230	0.889260995317574	0.874204246484482	0.896416550982718	0.895160013709473	0.915432279890226	0.918777785722916	0.916087178437662					
wdLC_k1_0.44_k2_0.2	240	0.87463758051355	0.858534002326429	0.881212347436587	0.879044775082901	0.913796246462612	0.920396187433809	0.919397906213649					
wdLC_k1_0.44_k2_0.2	240	0.87463758051355	0.858534002326429	0.881212347436587	0.879044775082901	0.913796246462612	0.920396187433809	0.919397906213649					
wdLC_k1_0.44_k2_0.2	250	0.860191043056689	0.846736235779772	0.873184274948399	0.866418086689387	0.91418691499064	0.923647290356646	0.919397906213649					
wdLC_k1_0.44_k2_0.2	260	0.856856780994712	0.842670408187649	0.873250514629825	0.863941091527298	0.909822516719068	0.923776068603655	0.919397906213649					
wdLC_k1_0.44_k2_0.2	270	0.858484265140049	0.845103804197893	0.877439562499714	0.866348418131021	0.906881819747565	0.924273309647594	0.919397906213649					
wdLC_k1_0.44_k2_0.2	280	0.859528456084535	0.842554843082911	0.877259731811448	0.869804461791605	0.909669219541794	0.927253991942317	0.919397906213649					
wdLC_k1_0.44_k2_0.2	290	0.85553971489267	0.839731744729426	0.874480446075254	0.863247871658649	0.911766550998392	0.930653158777156	0.919397906213649					
wdLC_k1_0.44_k2_0.2	300	0.848037867087412	0.834039044878277	0.869223435815954	0.856632184802053	0.907857642862698	0.931185902065578	0.919397906213649					
wdLC_k1_0.44_k2_0.28	10	0.587878787878788	0.442424242424242	0.478787878787879	0.284848484848485	-0.103030303030303	0.0303030303030303	0.333333333333333					
wdLC_k1_0.44_k2_0.28	20	0.503759398496241	0.506766917293233	0.621052631578947	0.790977443609023	0.407518796992481	0.431578947368421	0.469172932330827					
wdLC_k1_0.44_k2_0.28	30	0.501668520578421	0.566629588431591	0.6146829810901	0.734816462736374	0.501223581757508	0.507452725250278	0.323692992213571					
wdLC_k1_0.44_k2_0.28	40	0.670919324577861	0.690619136960601	0.767166979362101	0.805816135084428	0.726078799249531	0.74671669793621	0.529455909943715					
wdLC_k1_0.44_k2_0.28	50	0.787082833133253	0.795246098439376	0.838463385354142	0.850756302521008	0.821176470588235	0.842881152460984	0.689699879951981					
wdLC_k1_0.44_k2_0.28	60	0.8025006946374	0.816226729647124	0.840011114198389	0.845568213392609	0.843123089747152	0.86674076132259	0.715809947207558					
wdLC_k1_0.44_k2_0.28	70	0.849077071122386	0.855725658297612	0.879730557256583	0.875146531362086	0.879555594436182	0.899011460064736	0.781121511678768					
wdLC_k1_0.44_k2_0.28	80	0.86460384435068	0.872386310360994	0.891045475855603	0.8800515705579	0.884857008907642	0.899765588373183	0.791115799343647					
wdLC_k1_0.44_k2_0.28	90	0.884528954191876	0.891756183891016	0.910046507799317	0.899098654154834	0.908284973453513	0.923480265053299	0.832736551837676					
wdLC_k1_0.44_k2_0.28	100	0.903822382238224	0.908046804680468	0.924176417641764	0.918307830783078	0.921128112811281	0.935697569756976	0.852841284128413					
wdLC_k1_0.44_k2_0.28	110	0.918752113247526	0.921502152694813	0.934206433289002	0.930599824177806	0.932006401731172	0.944800847553141	0.877005612785429					
wdLC_k1_0.44_k2_0.28	120	0.923272449475658	0.924605875408014	0.938808250572956	0.937259531911938	0.93896798388777	0.951906382387666	0.89762483505799					
wdLC_k1_0.44_k2_0.28	130	0.930311761733739	0.931966843736771	0.942378019637029	0.944054950907427	0.933993363285037	0.948577749252345	0.907681383058624					
wdLC_k1_0.44_k2_0.28	140	0.926330060571604	0.924331416325906	0.935321772976756	0.94011502044565	0.932680238787693	0.945879162931053	0.904305613260152					
wdLC_k1_0.44_k2_0.28	150	0.928921285390462	0.927331881416952	0.937974132183653	0.944310413796169	0.934279745766479	0.944399306635851	0.911263611716076					
wdLC_k1_0.44_k2_0.28	160	0.929497245986171	0.926977616313137	0.937129380053908	0.942578811672331	0.929257002226649	0.937214344310324	0.912656744404078					
wdLC_k1_0.44_k2_0.28	170	0.930833348599484	0.927802101843541	0.937337949817112	0.942706749470265	0.928752267023284	0.936119100396309	0.917433332722687					
wdLC_k1_0.44_k2_0.28	180	0.927896951552002	0.924602611191703	0.9336440425116	0.939212115600276	0.922357685936809	0.930734487689949	0.911842958115991					
wdLC_k1_0.44_k2_0.28	190	0.920270134323593	0.915357328749448	0.927772310357045	0.931757841374816	0.913915679250482	0.921305882507316	0.918401588613768					
wdLC_k1_0.44_k2_0.28	200	0.913974349358734	0.905155628890722	0.923804095102378	0.924615615390385	0.908682217055427	0.916278406960174	0.91081527038176					
wdLC_k1_0.44_k2_0.28	210	0.900285396818198	0.893777960627549	0.909411616071631	0.911430450317953	0.899330402697826	0.908183211151533	0.902865306307561					
wdLC_k1_0.44_k2_0.28	220	0.886413505913909	0.8759031460079	0.894815257264895	0.898932171776652	0.897782636380541	0.898994156528403	0.902164394831599					
wdLC_k1_0.44_k2_0.28	230	0.877343617081608	0.865689579074808	0.888224401381797	0.888864505534336	0.900915033324375	0.899379375134074	0.900883471948594					
wdLC_k1_0.44_k2_0.28	240	0.862900397576347	0.853398496501675	0.87601086824424	0.875126304276116	0.893347974791229	0.89513272799875	0.897426170593239					
wdLC_k1_0.44_k2_0.28	240	0.862900397576347	0.853398496501675	0.87601086824424	0.875126304276116	0.893347974791229	0.89513272799875	0.897426170593239					
wdLC_k1_0.44_k2_0.28	250	0.861152594441511	0.852848845581529	0.87777468439495	0.871155954495272	0.886864877838045	0.891886910190563	0.897426170593239					
wdLC_k1_0.44_k2_0.28	260	0.849380566621946	0.842492890768753	0.870337863441312	0.858152658152658	0.884954374609547	0.891300622335105	0.897426170593239					
wdLC_k1_0.44_k2_0.28	270	0.847666253614209	0.839109513771718	0.868548112990424	0.854782949316482	0.882563851660821	0.891084011211859	0.897426170593239					
wdLC_k1_0.44_k2_0.28	280	0.845284287518244	0.839538951845231	0.869845460856826	0.852888247481291	0.880181051872017	0.891971289721261	0.897426170593239					
wdLC_k1_0.44_k2_0.28	290	0.834339085585093	0.827250395777391	0.861606948460989	0.845567231723203	0.885748446719814	0.897456323028155	0.897426170593239					
wdLC_k1_0.44_k2_0.28	300	0.835612840142668	0.828259425104723	0.859912221246903	0.843508927876976	0.887745863842932	0.901897576639741	0.897426170593239					
wdLC_k1_0.48_k2_0.04	10	0.345454545454545	0.563636363636364	0.709090909090909	0.793939393939394	0.381818181818182	0.503030303030303	0.284848484848485					
wdLC_k1_0.48_k2_0.04	20	0.639097744360902	0.727819548872181	0.756390977443609	0.652631578947368	0.748872180451128	0.762406015037594	0.508270676691729					
wdLC_k1_0.48_k2_0.04	30	0.780200222469411	0.817130144605117	0.838487208008899	0.714349276974416	0.906117908787542	0.908787541713014	0.717018909899889					
wdLC_k1_0.48_k2_0.04	40	0.854784240150094	0.886116322701689	0.897560975609756	0.776172607879925	0.885928705440901	0.914258911819888	0.768105065666042					
wdLC_k1_0.48_k2_0.04	50	0.89781512605042	0.911356542617047	0.921536614645858	0.852100840336135	0.89406962785114	0.931620648259304	0.803889555822329					
wdLC_k1_0.48_k2_0.04	60	0.891247568769103	0.897304806890803	0.907196443456516	0.874076132258961	0.908085579327591	0.929647124201167	0.787496526813004					
wdLC_k1_0.48_k2_0.04	70	0.877141107514653	0.877631003411775	0.89222290263319	0.845507829586213	0.937433295424722	0.954334703875426	0.824267343189572					
wdLC_k1_0.48_k2_0.04	80	0.895733708391936	0.896741678387248	0.9143225503985	0.876488513830286	0.955414908579466	0.967768401312705	0.859376465072668					
wdLC_k1_0.48_k2_0.04	90	0.880676626744043	0.879079721776351	0.901996131209614	0.865613038646747	0.957789027451949	0.970712433633782	0.879787628102235					
wdLC_k1_0.48_k2_0.04	100	0.892277227722772	0.891977197719772	0.909390939093909	0.886168616861686	0.962436243624363	0.972457245724572	0.89986198619862					
wdLC_k1_0.48_k2_0.04	110	0.895191939228636	0.897256722944796	0.909239681716746	0.893027973761919	0.964321619367491	0.973797984807159	0.918337353199738					
wdLC_k1_0.48_k2_0.04	120	0.906285158691576	0.904944787832488	0.916084450309049	0.906326828251962	0.971220223626641	0.977741509827071	0.931648031113271					
wdLC_k1_0.48_k2_0.04	130	0.921828783678597	0.916797989867402	0.93034453563479	0.92283931229431	0.974982588865067	0.979980608775212	0.93254584932199					
wdLC_k1_0.48_k2_0.04	140	0.921409984474426	0.916721698628939	0.927764536091492	0.924493232161991	0.97303798298747	0.9767816142223	0.919398220025803					
wdLC_k1_0.48_k2_0.04	150	0.910417351882306	0.906534512645007	0.915654917996356	0.917777679007956	0.971657406995867	0.972980132450331	0.910669807547002					
wdLC_k1_0.48_k2_0.04	160	0.911227001054729	0.905379116371733	0.914634360717215	0.91957400679714	0.962311027774522	0.965067971405133	0.905335169342552					
wdLC_k1_0.48_k2_0.04	170	0.90559901319606	0.898288359255256	0.908713307808331	0.914607263023553	0.952911865462473	0.9557867868418	0.912557935039479					
wdLC_k1_0.48_k2_0.04	180	0.887307221416299	0.878442750290647	0.887646738068047	0.898830210808976	0.944389230120271	0.946422214677408	0.912694836260379					
wdLC_k1_0.48_k2_0.04	190	0.889038477520153	0.881884466839	0.886888250294147	0.898524671189317	0.94263494687854	0.945173579673442	0.907629457588124					
wdLC_k1_0.48_k2_0.04	200	0.855777394434861	0.84611115277882	0.853453836345909	0.867029175729393	0.938499962499063	0.936441911047776	0.907587189679742					
wdLC_k1_0.48_k2_0.04	210	0.834924666254175	0.826875244984499	0.835277119986524	0.848041905712148	0.929725649755582	0.928473920691431	0.907882588850411					
wdLC_k1_0.48_k2_0.04	220	0.83380761060052	0.821621408406259	0.834828668511183	0.840732997864344	0.922787285236923	0.921734671452641	0.904572784185999					
wdLC_k1_0.48_k2_0.04	230	0.827429301285386	0.810743196427647	0.831230474480902	0.831798579244943	0.918237297162682	0.923078023172954	0.905421406009976					
wdLC_k1_0.48_k2_0.04	240	0.812282331290474	0.798278615948193	0.816473376273894	0.812304033056129	0.910646886230664	0.921608882098647	0.905036545773364					
wdLC_k1_0.48_k2_0.04	240	0.812282331290474	0.798278615948193	0.816473376273894	0.812304033056129	0.910646886230664	0.921608882098647	0.905036545773364					
wdLC_k1_0.48_k2_0.04	250	0.812564297028752	0.796525896414343	0.8172330437287	0.81364258628138	0.905068305092881	0.921705755292085	0.905036545773364					
wdLC_k1_0.48_k2_0.04	260	0.796855893407618	0.78310990035128	0.807529469598435	0.799450378760723	0.908401694608591	0.924251951838159	0.905036545773364					
wdLC_k1_0.48_k2_0.04	270	0.805493445269025	0.791718526850696	0.8149281121064	0.808041872240284	0.912520671675118	0.930120669236432	0.905036545773364					
wdLC_k1_0.48_k2_0.04	280	0.803859925327036	0.786148875805632	0.815198080150439	0.804971273321635	0.916568542237237	0.933117951577371	0.905036545773364					
wdLC_k1_0.48_k2_0.04	290	0.79113040419112	0.776566780284812	0.812376300345529	0.799516087566747	0.91744655621392	0.936088624613602	0.905036545773364					
wdLC_k1_0.48_k2_0.04	300	0.799225769175213	0.785868731874799	0.820307781197569	0.809252547250525	0.919224435827065	0.938924210269003	0.905036545773364					
wdLC_k1_0.48_k2_0.12	10	0.357575757575758	0.442424242424242	0.43030303030303	0.878787878787879	0.0909090909090909	0.381818181818182	0.187878787878788					
wdLC_k1_0.48_k2_0.12	20	0.329323308270677	0.479699248120301	0.556390977443609	0.843609022556391	0.409022556390977	0.449624060150376	0.359398496240602					
wdLC_k1_0.48_k2_0.12	30	0.646273637374861	0.716573971078977	0.73615127919911	0.738820912124583	0.75083426028921	0.753948832035595	0.60622914349277					
wdLC_k1_0.48_k2_0.12	40	0.816135084427767	0.857223264540338	0.877861163227017	0.840712945590995	0.85422138836773	0.875609756097561	0.673733583489681					
wdLC_k1_0.48_k2_0.12	50	0.858727490996399	0.886194477791116	0.899927971188476	0.880720288115246	0.853925570228091	0.877935174069628	0.687298919567827					
wdLC_k1_0.48_k2_0.12	60	0.872464573492637	0.888802445123646	0.89469297026952	0.87001944984718	0.872964712420117	0.903473186996388	0.767324256737983					
wdLC_k1_0.48_k2_0.12	70	0.881795118537311	0.890578252121424	0.901320969294025	0.866468375470213	0.911468812877264	0.930224827224215	0.816079083194821					
wdLC_k1_0.48_k2_0.12	80	0.879137365213315	0.884435067979372	0.901945616502578	0.866666666666667	0.935841537740272	0.949601500234412	0.855297702766057					
wdLC_k1_0.48_k2_0.12	90	0.883327159731654	0.892925052475614	0.908334362266947	0.878618759517636	0.948652096966704	0.958645100218134	0.860114417417788					
wdLC_k1_0.48_k2_0.12	100	0.907830783078308	0.914011401140114	0.927584758475848	0.905922592259226	0.944794479447945	0.95960396039604	0.886324632463246					
wdLC_k1_0.48_k2_0.12	110	0.921339855284809	0.924216126050988	0.936568762256836	0.9228185650204	0.949137795009355	0.964096206298041	0.91142168022902					
wdLC_k1_0.48_k2_0.12	120	0.928613098131814	0.930015973331481	0.940058337384541	0.930870199319397	0.953864851725814	0.966157372039725	0.920237516494201					
wdLC_k1_0.48_k2_0.12	130	0.93015335454533	0.930339073317948	0.938964071610974	0.934643378989198	0.957912848734791	0.968160155129798	0.918600554425159					
wdLC_k1_0.48_k2_0.12	140	0.92700793772277	0.927681441472961	0.935111849729943	0.934796964859723	0.959703483413877	0.968511512978067	0.92464192779515					
wdLC_k1_0.48_k2_0.12	150	0.930987154984666	0.930055558024801	0.936715409573759	0.938311924974443	0.956211387172763	0.961640961820525	0.925088226143384					
wdLC_k1_0.48_k2_0.12	160	0.92760459392945	0.923620063283722	0.93348763623579	0.934908590179304	0.956108637056135	0.960605883042306	0.924103480604711					
wdLC_k1_0.48_k2_0.12	170	0.91709625612936	0.91287058579271	0.92170541215552	0.925870017891928	0.952352513724269	0.954831736494037	0.929509468066268					
wdLC_k1_0.48_k2_0.12	180	0.907351049929525	0.901173904544379	0.909571283064292	0.917993353704332	0.953687871024826	0.955605625688036	0.921880304947684					
wdLC_k1_0.48_k2_0.12	190	0.89601753073784	0.887944993373486	0.897826590910085	0.908322289143452	0.944937387097762	0.948266827627533	0.92033661815971					
wdLC_k1_0.48_k2_0.12	200	0.896329408235206	0.886736668416711	0.89542338558464	0.90806420160504	0.942796069901748	0.945889147228681	0.917365934148354					
wdLC_k1_0.48_k2_0.12	210	0.895708681440784	0.88518042197264	0.900470694184837	0.907743939771877	0.932400151606936	0.935151104819351	0.916959568244178					
wdLC_k1_0.48_k2_0.12	220	0.885618974096009	0.873757346601827	0.891592050173839	0.894043265356722	0.931726613434913	0.932232634408299	0.920165893735596					
wdLC_k1_0.48_k2_0.12	230	0.878843768724156	0.865330568425309	0.884560322912326	0.883305758225067	0.925325784904292	0.927838859450783	0.913328516935884					
wdLC_k1_0.48_k2_0.12	240	0.857334328720985	0.841008524453549	0.86646729977951	0.860384728901543	0.921854546085869	0.928070799840275	0.915884824389312					
wdLC_k1_0.48_k2_0.12	240	0.857334328720985	0.841008524453549	0.86646729977951	0.860384728901543	0.921854546085869	0.928070799840275	0.915884824389312					
wdLC_k1_0.48_k2_0.12	250	0.845109585753372	0.830004320069121	0.855668218691499	0.845772380358086	0.910389862237796	0.923025968415495	0.915884824389312					
wdLC_k1_0.48_k2_0.12	260	0.841362241362241	0.832267204680998	0.860984743743364	0.847945406566096	0.907194576160093	0.924035517138965	0.915884824389312					
wdLC_k1_0.48_k2_0.12	270	0.850178709965538	0.836130049032832	0.868610909157419	0.852555209566966	0.907916432324174	0.927711247372697	0.915884824389312					
wdLC_k1_0.48_k2_0.12	280	0.837912655591452	0.829303945203383	0.858748380536924	0.84403846258972	0.910067730455746	0.931187715586751	0.915884824389312					
wdLC_k1_0.48_k2_0.12	290	0.840871780426271	0.832726700182174	0.862976270577657	0.849511351768913	0.910177291049834	0.933389342855772	0.915884824389312					
wdLC_k1_0.48_k2_0.12	300	0.835791953243925	0.826007844531606	0.857484194268825	0.845897398859987	0.915461727352526	0.936905521172458	0.915884824389312					
wdLC_k1_0.48_k2_0.2	10	0.224242424242424	0.127272727272727	0.272727272727273	0.636363636363636	0.224242424242424	0.103030303030303	0.175757575757576					
wdLC_k1_0.48_k2_0.2	20	0.103759398496241	0.121804511278196	0.0601503759398496	0.207518796992481	-0.081203007518797	-0.0526315789473684	0.0571428571428571					
wdLC_k1_0.48_k2_0.2	30	0.258286985539488	0.37797552836485	0.410901001112347	0.557285873192436	0.273859844271413	0.318353726362625	0.130144605116796					
wdLC_k1_0.48_k2_0.2	40	0.50187617260788	0.566604127579737	0.61500938086304	0.710131332082552	0.483302063789869	0.511444652908068	0.30281425891182					
wdLC_k1_0.48_k2_0.2	50	0.680960384153662	0.709195678271309	0.751260504201681	0.79563025210084	0.715918367346939	0.722545018007203	0.583481392557023					
wdLC_k1_0.48_k2_0.2	60	0.774715198666296	0.794220616838011	0.815671019727702	0.834620727979995	0.800944706863018	0.81889413726035	0.698749652681301					
wdLC_k1_0.48_k2_0.2	70	0.802082057562768	0.820733094217479	0.839979004461552	0.835779896771936	0.780281690140845	0.813909544221853	0.698189134808853					
wdLC_k1_0.48_k2_0.2	80	0.839287388654477	0.851898734177215	0.867323019221754	0.856047819971871	0.840623534927332	0.863314580403188	0.747351148616971					
wdLC_k1_0.48_k2_0.2	90	0.869975717166729	0.882553401654525	0.896711528172202	0.885022842326213	0.871934806766267	0.892398238465654	0.800008231468906					
wdLC_k1_0.48_k2_0.2	100	0.896993699369937	0.905766576657666	0.917767776777678	0.910915091509151	0.898697869786979	0.915499549954995	0.824566456645665					
wdLC_k1_0.48_k2_0.2	110	0.915551247661339	0.9223677388815	0.931591641683385	0.927263710749949	0.913802042242409	0.929292428374997	0.847467484164732					
wdLC_k1_0.48_k2_0.2	120	0.919529133967636	0.925355927494965	0.934676019167998	0.933071741093131	0.921286200430585	0.936648378359608	0.878644350302104					
wdLC_k1_0.48_k2_0.2	130	0.929563424326428	0.933146704174576	0.940963279575032	0.941870024170752	0.916830763768452	0.932245421895697	0.8869628152781					
wdLC_k1_0.48_k2_0.2	140	0.928354945223153	0.930882770986858	0.938042028383372	0.941689444796746	0.920784588134963	0.93393103146662	0.896551573331001					
wdLC_k1_0.48_k2_0.2	150	0.932462776123383	0.933134805991378	0.940352904573537	0.943702386772746	0.919146628739055	0.932462776123383	0.908411929419085					
wdLC_k1_0.48_k2_0.2	160	0.935353920075003	0.93314484940818	0.942470409000351	0.946159029649596	0.92292863002461	0.932260049220672	0.91761103949373					
wdLC_k1_0.48_k2_0.2	170	0.938810827974915	0.934682860998651	0.944929500919022	0.948178137651822	0.918151452421517	0.929411764705882	0.913959978261003					
wdLC_k1_0.48_k2_0.2	180	0.937271726493616	0.933633754128214	0.942068170828318	0.946171178122782	0.910861446340937	0.922546992191117	0.906073232712944					
wdLC_k1_0.48_k2_0.2	190	0.93578186303455	0.929740581821045	0.941048082684897	0.94481666644797	0.908178824023409	0.919851985985907	0.911744457128861					
wdLC_k1_0.48_k2_0.2	200	0.925685142128553	0.918753468836721	0.932640816020401	0.932663316582915	0.908341708542714	0.920310507762694	0.904218105452636					
wdLC_k1_0.48_k2_0.2	210	0.913756385794301	0.906474069706796	0.921097012241936	0.923235058780083	0.90120281315093	0.909957141885303	0.901079713501764					
wdLC_k1_0.48_k2_0.2	220	0.891260713500843	0.886153169956554	0.899713179648716	0.906044640291216	0.893210415692285	0.896986977567155	0.906554042251061					
wdLC_k1_0.48_k2_0.2	230	0.882286917563166	0.877570464470028	0.893900517557248	0.898634723924263	0.892827430780725	0.896569426396653	0.902769264151455					
wdLC_k1_0.48_k2_0.2	240	0.879027413670376	0.871456101668431	0.889863539297557	0.886772339797566	0.887259327418879	0.888333130783521	0.895641417385718					
wdLC_k1_0.48_k2_0.2	240	0.879027413670376	0.871456101668431	0.889863539297557	0.886772339797566	0.887259327418879	0.888333130783521	0.895641417385718					
wdLC_k1_0.48_k2_0.2	250	0.868114625834013	0.859312436998992	0.878005088081409	0.873749531992512	0.888043776700427	0.889148946383142	0.895641417385718					
wdLC_k1_0.48_k2_0.2	260	0.858667458667459	0.851437037643934	0.872444175892452	0.865980493566701	0.88501240915034	0.891314277521174	0.895641417385718					
wdLC_k1_0.48_k2_0.2	270	0.855407252957288	0.850862151744194	0.87546178807513	0.862839148837585	0.883385079203952	0.891589428905441	0.895641417385718					
wdLC_k1_0.48_k2_0.2	280	0.84619118684094	0.835535803117022	0.868385347480744	0.856239237745379	0.885954813563584	0.896201846597898	0.895641417385718					
wdLC_k1_0.48_k2_0.2	290	0.84716534822875	0.8372154984827	0.869587198338904	0.85730413785723	0.883662235517992	0.895347970433861	0.895641417385718					
wdLC_k1_0.48_k2_0.2	300	0.850417004633385	0.839353770597451	0.872339470438561	0.858239758219536	0.888913432371471	0.901295347726086	0.895641417385718					
wdLC_k1_0.4_k2_0.04	10	0.478787878787879	0.636363636363636	0.660606060606061	0.321212121212121	0.672727272727273	0.76969696969697	0.490909090909091	0.4	0.04	0.441653821742678	0.542639970337412	0.473430399703237
wdLC_k1_0.4_k2_0.04	20	0.750375939849624	0.744360902255639	0.75187969924812	0.596992481203008	0.909774436090226	0.903759398496241	0.699248120300752	0.4	0.04	0.441653821742678	0.542639970337412	0.473430399703237
wdLC_k1_0.4_k2_0.04	30	0.881201334816463	0.875417130144605	0.888320355951057	0.653392658509455	0.96440489432703	0.959955506117909	0.826473859844271	0.4	0.04	0.441653821742678	0.542639970337412	0.473430399703237
wdLC_k1_0.4_k2_0.04	40	0.899437148217636	0.896622889305816	0.912945590994372	0.79718574108818	0.938649155722327	0.96360225140713	0.80656660412758	0.4	0.04	0.441653821742678	0.542639970337412	0.473430399703237
wdLC_k1_0.4_k2_0.04	50	0.927587034813926	0.916638655462185	0.939783913565426	0.868043217286915	0.958511404561825	0.975894357743097	0.80686674669868	0.4	0.04	0.441653821742678	0.542639970337412	0.473430399703237
wdLC_k1_0.4_k2_0.04	60	0.908252292303418	0.900472353431509	0.914476243400945	0.863239788830231	0.958599611003056	0.971603223117533	0.820116699083079	0.4	0.04	0.441653821742678	0.542639970337412	0.473430399703237
wdLC_k1_0.4_k2_0.04	70	0.888058787507655	0.878295862129298	0.899221415449217	0.859294899833785	0.969731432070685	0.977464788732394	0.849706937275829	0.4	0.04	0.441653821742678	0.542639970337412	0.473430399703237
wdLC_k1_0.4_k2_0.04	80	0.905578996718237	0.894538209095171	0.919737458977965	0.883895921237694	0.972855133614627	0.980918893577121	0.870604781997187	0.4	0.04	0.441653821742678	0.542639970337412	0.473430399703237
wdLC_k1_0.4_k2_0.04	90	0.889434909659629	0.886488043791415	0.907149030744536	0.870831789932914	0.976655554183644	0.983224266370334	0.875375560768819	0.4	0.04	0.441653821742678	0.542639970337412	0.473430399703237
wdLC_k1_0.4_k2_0.04	100	0.906078607860786	0.905754575457546	0.921284128412841	0.898037803780378	0.976765676567657	0.984386438643864	0.889168916891689	0.4	0.04	0.441653821742678	0.542639970337412	0.473430399703237
wdLC_k1_0.4_k2_0.04	110	0.914577463201316	0.91451434754187	0.926785835042716	0.912404481211821	0.972643869891576	0.981281698712891	0.910781507111782	0.4	0.04	0.441653821742678	0.542639970337412	0.473430399703237
wdLC_k1_0.4_k2_0.04	120	0.916931731370234	0.915778873532884	0.92614070421557	0.917397041461212	0.974512118897145	0.983540523647475	0.923182165428154	0.4	0.04	0.441653821742678	0.542639970337412	0.473430399703237
wdLC_k1_0.4_k2_0.04	130	0.919906048150323	0.915596280162231	0.926537300796133	0.923096041185869	0.978068797880621	0.984361386882246	0.923849840910022	0.4	0.04	0.441653821742678	0.542639970337412	0.473430399703237
wdLC_k1_0.4_k2_0.04	140	0.927952592333428	0.923233692681114	0.933550545581772	0.933248780914478	0.978307931162669	0.983105552032538	0.918038092322495	0.4	0.04	0.441653821742678	0.542639970337412	0.473430399703237
wdLC_k1_0.4_k2_0.04	150	0.931310724921108	0.922424996666519	0.935559802657896	0.93925418907507	0.973449486643851	0.977798124361083	0.91585759367083	0.4	0.04	0.441653821742678	0.542639970337412	0.473430399703237
wdLC_k1_0.4_k2_0.04	160	0.922884682995429	0.91252197351459	0.924791984061877	0.931480721903199	0.9632778624165	0.968730223836869	0.910822688386265	0.4	0.04	0.441653821742678	0.542639970337412	0.473430399703237
wdLC_k1_0.4_k2_0.04	170	0.916353710590434	0.905310788282925	0.920911572352392	0.926727364879306	0.958639724965041	0.964111113146598	0.905745568236638	0.4	0.04	0.441653821742678	0.542639970337412	0.473430399703237
wdLC_k1_0.4_k2_0.04	180	0.898149119828801	0.885669310781197	0.902951737193535	0.912281243248249	0.95112812123831	0.955052110661852	0.902005205921994	0.4	0.04	0.441653821742678	0.542639970337412	0.473430399703237
wdLC_k1_0.4_k2_0.04	190	0.886800771562414	0.874534503798764	0.891610352233113	0.899593661291099	0.945089600090978	0.950385562510115	0.905538715899697	0.4	0.04	0.441653821742678	0.542639970337412	0.473430399703237
wdLC_k1_0.4_k2_0.04	200	0.869646741168529	0.85753543838596	0.874362859071477	0.882710567764194	0.938460961524038	0.944611115277882	0.903421585539639	0.4	0.04	0.441653821742678	0.542639970337412	0.473430399703237
wdLC_k1_0.4_k2_0.04	210	0.868192670387731	0.858253993449803	0.875598086124402	0.881944844878245	0.93429070306097	0.941171325556459	0.894167992147538	0.4	0.04	0.441653821742678	0.542639970337412	0.473430399703237
wdLC_k1_0.4_k2_0.04	220	0.862071530403521	0.853118678259694	0.865236133729285	0.873649155035134	0.929533480218412	0.939511898254847	0.89593549077836	0.4	0.04	0.441653821742678	0.542639970337412	0.473430399703237
wdLC_k1_0.4_k2_0.04	230	0.856408562009473	0.846287223313994	0.859759985600122	0.8646717247059	0.927215522279126	0.940558093890161	0.904584043258811	0.4	0.04	0.441653821742678	0.542639970337412	0.473430399703237
wdLC_k1_0.4_k2_0.04	240	0.844797652737027	0.835461553151964	0.853595548533829	0.855762252816889	0.931110783173319	0.942981648986961	0.900811646035521	0.4	0.04	0.441653821742678	0.542639970337412	0.473430399703237
wdLC_k1_0.4_k2_0.04	240	0.844797652737027	0.835461553151964	0.853595548533829	0.855762252816889	0.931110783173319	0.942981648986961	0.900811646035521	0.4	0.04	0.441653821742678	0.542639970337412	0.473430399703237
wdLC_k1_0.4_k2_0.04	250	0.823069937118994	0.809685786972592	0.834428838861422	0.839166706667307	0.934057696923151	0.947892670282724	0.900811646035521	0.4	0.04	0.441653821742678	0.542639970337412	0.473430399703237
wdLC_k1_0.4_k2_0.04	260	0.818263128607956	0.798912364429606	0.830545968477003	0.832292466775225	0.937134254375634	0.94785903751421	0.900811646035521	0.4	0.04	0.441653821742678	0.542639970337412	0.473430399703237
wdLC_k1_0.4_k2_0.04	270	0.814436107186351	0.792750091069684	0.828814600413662	0.827648908459345	0.940423508324302	0.950862304162075	0.900811646035521	0.4	0.04	0.441653821742678	0.542639970337412	0.473430399703237
wdLC_k1_0.4_k2_0.04	280	0.800877379995736	0.778550929038818	0.814231595519622	0.814487429686603	0.942628094746106	0.954501424034199	0.900811646035521	0.4	0.04	0.441653821742678	0.542639970337412	0.473430399703237
wdLC_k1_0.4_k2_0.04	290	0.81330623882936	0.792892859031904	0.826904498023881	0.826595502591158	0.94463126586031	0.957299094540056	0.900811646035521	0.4	0.04	0.441653821742678	0.542639970337412	0.473430399703237
wdLC_k1_0.4_k2_0.04	300	0.81088456538406	0.791457682863143	0.826690518783542	0.827027855865065	0.947165635173724	0.959982666474072	0.900811646035521	0.4	0.04	0.441653821742678	0.542639970337412	0.473430399703237
wdLC_k1_0.4_k2_0.12	10	0.260606060606061	0.515151515151515	0.660606060606061	0.842424242424242	0.212121212121212	0.345454545454545	0.309090909090909	0.4	0.12	0.343730165926195	0.435113088616982	0.370305109895205
wdLC_k1_0.4_k2_0.12	20	0.598496240601504	0.694736842105263	0.708270676691729	0.733834586466166	0.658646616541354	0.673684210526316	0.487218045112782	0.4	0.12	0.343730165926195	0.435113088616982	0.370305109895205
wdLC_k1_0.4_k2_0.12	30	0.774416017797553	0.827808676307008	0.845161290322581	0.76329254727475	0.876751946607342	0.878086763070078	0.675194660734149	0.4	0.12	0.343730165926195	0.435113088616982	0.370305109895205
wdLC_k1_0.4_k2_0.12	40	0.812945590994372	0.851594746716698	0.866791744840526	0.769981238273921	0.871294559099438	0.9	0.74671669793621	0.4	0.12	0.343730165926195	0.435113088616982	0.370305109895205
wdLC_k1_0.4_k2_0.12	50	0.859207683073229	0.879663865546218	0.885330132052821	0.82530612244898	0.896182472989196	0.92124849939976	0.737142857142857	0.4	0.12	0.343730165926195	0.435113088616982	0.370305109895205
wdLC_k1_0.4_k2_0.12	60	0.87429841622673	0.887746596276744	0.889524868018894	0.856626840789108	0.889247013059183	0.916643512086691	0.762267296471242	0.4	0.12	0.343730165926195	0.435113088616982	0.370305109895205
wdLC_k1_0.4_k2_0.12	70	0.866923278803254	0.874691628029044	0.880325430845945	0.83420523138833	0.923576240048989	0.944081882599948	0.824897209343015	0.4	0.12	0.343730165926195	0.435113088616982	0.370305109895205
wdLC_k1_0.4_k2_0.12	80	0.876840131270511	0.883098921706517	0.899671823722457	0.856751054852321	0.946929207688701	0.960876699484295	0.855344585091421	0.4	0.12	0.343730165926195	0.435113088616982	0.370305109895205
wdLC_k1_0.4_k2_0.12	90	0.881861958266453	0.886389266164547	0.900020578672264	0.868494052763716	0.960752356257974	0.970547804255669	0.872132362020003	0.4	0.12	0.343730165926195	0.435113088616982	0.370305109895205
wdLC_k1_0.4_k2_0.12	100	0.891485148514852	0.898301830183018	0.905970597059706	0.882520252025203	0.958775877587759	0.96974497449745	0.897185718571857	0.4	0.12	0.343730165926195	0.435113088616982	0.370305109895205
wdLC_k1_0.4_k2_0.12	110	0.903730586299394	0.907959335482271	0.913901223992967	0.899321506660956	0.956125600162297	0.968406104185921	0.916425850370804	0.4	0.12	0.343730165926195	0.435113088616982	0.370305109895205
wdLC_k1_0.4_k2_0.12	120	0.918834641294534	0.922043197444267	0.926057365094798	0.917758177651226	0.965525383707202	0.975345510104868	0.927640808389471	0.4	0.12	0.343730165926195	0.435113088616982	0.370305109895205
wdLC_k1_0.4_k2_0.12	130	0.922265769025932	0.921020360786027	0.928033975610755	0.923145202037444	0.969438337270753	0.976719605620724	0.929361318603285	0.4	0.12	0.343730165926195	0.435113088616982	0.370305109895205
wdLC_k1_0.4_k2_0.12	140	0.929251492423083	0.925805252454571	0.933992259080274	0.930126172618137	0.972587522687018	0.976899696048632	0.921681135334893	0.4	0.12	0.343730165926195	0.435113088616982	0.370305109895205
wdLC_k1_0.4_k2_0.12	150	0.925788701720077	0.925138006133606	0.929227076758967	0.930350682252545	0.97203075692253	0.972727676785635	0.922969020845371	0.4	0.12	0.343730165926195	0.435113088616982	0.370305109895205
wdLC_k1_0.4_k2_0.12	160	0.911279737489746	0.906466072893472	0.914733973983359	0.916910816828782	0.967713582561819	0.968545646314309	0.924293917731161	0.4	0.12	0.343730165926195	0.435113088616982	0.370305109895205
wdLC_k1_0.4_k2_0.12	170	0.907689865108298	0.902194051086645	0.909104121249871	0.914199351493946	0.95215466441949	0.953070633423098	0.918383497902431	0.4	0.12	0.343730165926195	0.435113088616982	0.370305109895205
wdLC_k1_0.4_k2_0.12	180	0.895087296933033	0.887764025638651	0.895184007736864	0.903521713633137	0.945018879183514	0.946002448635246	0.917902815930533	0.4	0.12	0.343730165926195	0.435113088616982	0.370305109895205
wdLC_k1_0.4_k2_0.12	190	0.886625814098947	0.880098151137005	0.887964238694467	0.896950054018117	0.939419228700023	0.942619200706828	0.911712964785437	0.4	0.12	0.343730165926195	0.435113088616982	0.370305109895205
wdLC_k1_0.4_k2_0.12	200	0.886955673891847	0.882103052576315	0.890245256131404	0.899233480837021	0.940018000450011	0.944318607965199	0.917713942848571	0.4	0.12	0.343730165926195	0.435113088616982	0.370305109895205
wdLC_k1_0.4_k2_0.12	210	0.877383678930199	0.872709779619233	0.879713501763888	0.887952107757546	0.930104019203545	0.935208119393702	0.919231080717736	0.4	0.12	0.343730165926195	0.435113088616982	0.370305109895205
wdLC_k1_0.4_k2_0.12	220	0.870973667750461	0.859612426252233	0.877169888934595	0.882746262601218	0.927881304835374	0.933707871499975	0.913385888889515	0.4	0.12	0.343730165926195	0.435113088616982	0.370305109895205
wdLC_k1_0.4_k2_0.12	230	0.860774881090051	0.846914505657623	0.8673268254434	0.870516496983176	0.929292655322653	0.930583712850658	0.910196050389709	0.4	0.12	0.343730165926195	0.435113088616982	0.370305109895205
wdLC_k1_0.4_k2_0.12	240	0.846256879459713	0.834425944894877	0.855071268598413	0.853337731557839	0.925082032674178	0.926362436847862	0.909421170506432	0.4	0.12	0.343730165926195	0.435113088616982	0.370305109895205
wdLC_k1_0.4_k2_0.12	240	0.846256879459713	0.834425944894877	0.855071268598413	0.853337731557839	0.925082032674178	0.926362436847862	0.909421170506432	0.4	0.12	0.343730165926195	0.435113088616982	0.370305109895205
wdLC_k1_0.4_k2_0.12	250	0.843826237219795	0.832117889886238	0.858916142658283	0.849579417270676	0.91658464935439	0.924342341477464	0.909421170506432	0.4	0.12	0.343730165926195	0.435113088616982	0.370305109895205
wdLC_k1_0.4_k2_0.12	260	0.822688774412912	0.812997688859758	0.835151179978766	0.826191329639605	0.916063619511895	0.929092715299612	0.909421170506432	0.4	0.12	0.343730165926195	0.435113088616982	0.370305109895205
wdLC_k1_0.4_k2_0.12	270	0.820646831003626	0.805429429758982	0.833170703454247	0.82586439990794	0.917520587845284	0.930582800251794	0.909421170506432	0.4	0.12	0.343730165926195	0.435113088616982	0.370305109895205
wdLC_k1_0.4_k2_0.12	280	0.818238570827252	0.800565787100054	0.831787941901591	0.826496329217027	0.918168599089274	0.932794878943427	0.909421170506432	0.4	0.12	0.343730165926195	0.435113088616982	0.370305109895205
wdLC_k1_0.4_k2_0.12	290	0.827926446294207	0.809469381529404	0.844832137493127	0.836289988277363	0.922184322172021	0.936186538771423	0.909421170506432	0.4	0.12	0.343730165926195	0.435113088616982	0.370305109895205
wdLC_k1_0.4_k2_0.12	300	0.823919821331348	0.805063167368526	0.845317836864854	0.832879031989244	0.921380459782886	0.935741063789598	0.909421170506432	0.4	0.12	0.343730165926195	0.435113088616982	0.370305109895205
wdLC_k1_0.4_k2_0.2	10	0.212121212121212	0.515151515151515	0.551515151515151	0.806060606060606	0.0303030303030303	0.187878787878788	0.406060606060606	0.4	0.2	0.285792002901442	0.365776789024842	0.308633960864324
wdLC_k1_0.4_k2_0.2	20	0.521804511278195	0.646616541353383	0.654135338345865	0.736842105263158	0.603007518796992	0.655639097744361	0.500751879699248	0.4	0.2	0.285792002901442	0.365776789024842	0.308633960864324
wdLC_k1_0.4_k2_0.2	30	0.722358175750834	0.761067853170189	0.797552836484983	0.770856507230256	0.81979977753059	0.83047830923248	0.646273637374861	0.4	0.2	0.285792002901442	0.365776789024842	0.308633960864324
wdLC_k1_0.4_k2_0.2	40	0.786866791744841	0.830393996247655	0.834146341463415	0.752532833020638	0.851219512195122	0.869793621013134	0.69249530956848	0.4	0.2	0.285792002901442	0.365776789024842	0.308633960864324
wdLC_k1_0.4_k2_0.2	50	0.827226890756302	0.857478991596639	0.851332533013205	0.80609843937575	0.860264105642257	0.888115246098439	0.726674669867947	0.4	0.2	0.285792002901442	0.365776789024842	0.308633960864324
wdLC_k1_0.4_k2_0.2	60	0.83928869130314	0.857904973603779	0.852903584328981	0.828174492914699	0.885412614615171	0.908141150319533	0.752986940816894	0.4	0.2	0.285792002901442	0.365776789024842	0.308633960864324
wdLC_k1_0.4_k2_0.2	70	0.843268305485085	0.854675881375208	0.858944974192984	0.824057387805091	0.903665471087394	0.922946373895547	0.823182573703088	0.4	0.2	0.285792002901442	0.365776789024842	0.308633960864324
wdLC_k1_0.4_k2_0.2	80	0.872667604313174	0.881340834505392	0.889709329582747	0.858134083450539	0.931715893108298	0.945100796999531	0.84957805907173	0.4	0.2	0.285792002901442	0.365776789024842	0.308633960864324
wdLC_k1_0.4_k2_0.2	90	0.860575379676503	0.873696341112072	0.881400996007738	0.852360373708688	0.95031485368564	0.95951763592213	0.86553072395769	0.4	0.2	0.285792002901442	0.365776789024842	0.308633960864324
wdLC_k1_0.4_k2_0.2	100	0.885820582058206	0.894293429342934	0.902370237023703	0.882544254425443	0.946570657065707	0.959075907590759	0.892325232523252	0.4	0.2	0.285792002901442	0.365776789024842	0.308633960864324
wdLC_k1_0.4_k2_0.2	110	0.902206793949913	0.907697856321709	0.916371751234136	0.903261727114938	0.947280391317089	0.961373216419088	0.914099587494083	0.4	0.2	0.285792002901442	0.365776789024842	0.308633960864324
wdLC_k1_0.4_k2_0.2	120	0.91520938954094	0.916153899576359	0.925876796999792	0.917473435655254	0.958163761372317	0.969567331064657	0.921939023543301	0.4	0.2	0.285792002901442	0.365776789024842	0.308633960864324
wdLC_k1_0.4_k2_0.2	130	0.91656311024321	0.917267749115787	0.925657867784621	0.922123748788048	0.960862499829302	0.971732510344263	0.924565404416283	0.4	0.2	0.285792002901442	0.365776789024842	0.308633960864324
wdLC_k1_0.4_k2_0.2	140	0.922179703046074	0.921033871990554	0.930874024184908	0.929089676586998	0.963232818000919	0.970470796614988	0.925101134897553	0.4	0.2	0.285792002901442	0.365776789024842	0.308633960864324
wdLC_k1_0.4_k2_0.2	150	0.923441930752478	0.922279212409441	0.929244855326904	0.932185430463576	0.96470954264634	0.96877372327659	0.929404862438331	0.4	0.2	0.285792002901442	0.365776789024842	0.308633960864324
wdLC_k1_0.4_k2_0.2	160	0.912381343021211	0.907696589710535	0.917086604945506	0.922284073596625	0.962867690144146	0.96583850931677	0.931152584085316	0.4	0.2	0.285792002901442	0.365776789024842	0.308633960864324
wdLC_k1_0.4_k2_0.2	170	0.899990840309964	0.895980117366162	0.901935137181625	0.911764095236351	0.954335891940084	0.958400351732098	0.923222256825496	0.4	0.2	0.285792002901442	0.365776789024842	0.308633960864324
wdLC_k1_0.4_k2_0.2	180	0.895083181579678	0.889613876971512	0.897815776207085	0.906906591767236	0.943506486825725	0.949391442122699	0.922656049055012	0.4	0.2	0.285792002901442	0.365776789024842	0.308633960864324
wdLC_k1_0.4_k2_0.2	190	0.875955158402114	0.868809895594134	0.876882432958487	0.890082973577049	0.934697126761056	0.940475971779361	0.918062171134643	0.4	0.2	0.285792002901442	0.365776789024842	0.308633960864324
wdLC_k1_0.4_k2_0.2	200	0.877740943523588	0.871068776719418	0.877593939848496	0.890557263931598	0.925763144078602	0.934115352883822	0.917611940298508	0.4	0.2	0.285792002901442	0.365776789024842	0.308633960864324
wdLC_k1_0.4_k2_0.2	210	0.875620114482674	0.864695344565637	0.878853100005507	0.88725238343597	0.927649800934909	0.935129076461079	0.914393912398402	0.4	0.2	0.285792002901442	0.365776789024842	0.308633960864324
wdLC_k1_0.4_k2_0.2	220	0.871564213385326	0.859806269475891	0.878167279940044	0.882357449158416	0.927473332469303	0.934905867702	0.914887046877377	0.4	0.2	0.285792002901442	0.365776789024842	0.308633960864324
wdLC_k1_0.4_k2_0.2	230	0.857989589677458	0.846203388409578	0.865879933622482	0.866633461469231	0.925736082789434	0.929053972418316	0.909185100071753	0.4	0.2	0.285792002901442	0.365776789024842	0.308633960864324
wdLC_k1_0.4_k2_0.2	240	0.856344728207087	0.846311567909165	0.86638917342315	0.861737182937204	0.914968141808017	0.92122866716436	0.911060955919373	0.4	0.2	0.285792002901442	0.365776789024842	0.308633960864324
wdLC_k1_0.4_k2_0.2	240	0.856344728207087	0.846311567909165	0.86638917342315	0.861737182937204	0.914968141808017	0.92122866716436	0.911060955919373	0.4	0.2	0.285792002901442	0.365776789024842	0.308633960864324
wdLC_k1_0.4_k2_0.2	250	0.847544952719244	0.836890318245092	0.858443815101042	0.85031056496904	0.910253924062785	0.921361685786973	0.911060955919373	0.4	0.2	0.285792002901442	0.365776789024842	0.308633960864324
wdLC_k1_0.4_k2_0.2	260	0.847706440809889	0.834331186055324	0.861683889270096	0.850991878578085	0.908151804703529	0.924281310488207	0.911060955919373	0.4	0.2	0.285792002901442	0.365776789024842	0.308633960864324
wdLC_k1_0.4_k2_0.2	270	0.835333208350671	0.818320934138709	0.850896903021075	0.837195754857177	0.90253425210832	0.922137630298236	0.911060955919373	0.4	0.2	0.285792002901442	0.365776789024842	0.308633960864324
wdLC_k1_0.4_k2_0.2	280	0.834957989624503	0.819041605851387	0.851738633692485	0.84111714252915	0.903055250340292	0.924871672925857	0.911060955919373	0.4	0.2	0.285792002901442	0.365776789024842	0.308633960864324
wdLC_k1_0.4_k2_0.2	290	0.839952666623204	0.821147735981116	0.856346645640544	0.844792775017621	0.905611243891128	0.927344250679925	0.911060955919373	0.4	0.2	0.285792002901442	0.365776789024842	0.308633960864324
wdLC_k1_0.4_k2_0.2	300	0.840817342414916	0.826853187257636	0.859358881765353	0.845949843887154	0.907204302270025	0.929643218257981	0.911060955919373	0.4	0.2	0.285792002901442	0.365776789024842	0.308633960864324
wdLC_k1_0.4_k2_0.28	10	0.175757575757576	0.36969696969697	0.454545454545455	0.83030303030303	-0.260606060606061	-0.0545454545454545	0.0545454545454545	0.4	0.28	0.23075528153051	0.299035965888024	0.249930446072522
wdLC_k1_0.4_k2_0.28	20	0.479699248120301	0.57593984962406	0.622556390977444	0.77593984962406	0.511278195488722	0.548872180451128	0.410526315789474	0.4	0.28	0.23075528153051	0.299035965888024	0.249930446072522
wdLC_k1_0.4_k2_0.28	30	0.68587319243604	0.746384872080089	0.754393770856507	0.781979977753059	0.735261401557286	0.758398220244716	0.625361512791991	0.4	0.28	0.23075528153051	0.299035965888024	0.249930446072522
wdLC_k1_0.4_k2_0.28	40	0.795497185741088	0.828705440900563	0.834333958724203	0.813696060037524	0.835272045028143	0.858536585365854	0.685178236397749	0.4	0.28	0.23075528153051	0.299035965888024	0.249930446072522
wdLC_k1_0.4_k2_0.28	50	0.836542617046819	0.858343337334934	0.857286914765906	0.846530612244898	0.843649459783914	0.875534213685474	0.687202881152461	0.4	0.28	0.23075528153051	0.299035965888024	0.249930446072522
wdLC_k1_0.4_k2_0.28	60	0.847957766046124	0.867352042233954	0.861628230063907	0.857071408724646	0.848735759933315	0.881467074187275	0.757710475131981	0.4	0.28	0.23075528153051	0.299035965888024	0.249930446072522
wdLC_k1_0.4_k2_0.28	70	0.861149505730032	0.872277141107515	0.873186947773598	0.86300411162628	0.893307672119675	0.913533374157991	0.826716822675182	0.4	0.28	0.23075528153051	0.299035965888024	0.249930446072522
wdLC_k1_0.4_k2_0.28	80	0.871378340365682	0.8814580403188	0.888865447726207	0.868729488982654	0.923253633380216	0.937130801687764	0.84732770745429	0.4	0.28	0.23075528153051	0.299035965888024	0.249930446072522
wdLC_k1_0.4_k2_0.28	90	0.884627731818743	0.898341359015516	0.902588796970819	0.88668559904515	0.942445569411862	0.953475737745401	0.866139852656707	0.4	0.28	0.23075528153051	0.299035965888024	0.249930446072522
wdLC_k1_0.4_k2_0.28	100	0.904698469846985	0.914095409540954	0.91984398439844	0.91000300030003	0.9396099609961	0.954095409540954	0.894041404140414	0.4	0.28	0.23075528153051	0.299035965888024	0.249930446072522
wdLC_k1_0.4_k2_0.28	110	0.913621711786849	0.916750445190812	0.92452268782544	0.918896377611974	0.944386087505353	0.958172350832901	0.908265897256723	0.4	0.28	0.23075528153051	0.299035965888024	0.249930446072522
wdLC_k1_0.4_k2_0.28	120	0.919258281825127	0.920577817904021	0.929418709632613	0.927578304048892	0.940815334398222	0.954295437183138	0.924071116049726	0.4	0.28	0.23075528153051	0.299035965888024	0.249930446072522
wdLC_k1_0.4_k2_0.28	130	0.931983230687296	0.931125646943151	0.939925439375111	0.940111158147728	0.950303841374319	0.960256182659875	0.915738300400115	0.4	0.28	0.23075528153051	0.299035965888024	0.249930446072522
wdLC_k1_0.4_k2_0.28	140	0.917972491307866	0.917657606437646	0.925157989110232	0.92855174826704	0.950646169994096	0.959637882399248	0.927913231724651	0.4	0.28	0.23075528153051	0.299035965888024	0.249930446072522
wdLC_k1_0.4_k2_0.28	150	0.914794435308236	0.912739232854794	0.920330681363616	0.926432285879373	0.953334814880661	0.959735099337749	0.930311569403085	0.4	0.28	0.23075528153051	0.299035965888024	0.249930446072522
wdLC_k1_0.4_k2_0.28	160	0.918317121762569	0.912595218563225	0.922395406070549	0.929687683112621	0.95350697292863	0.95573069260518	0.926995195124809	0.4	0.28	0.23075528153051	0.299035965888024	0.249930446072522
wdLC_k1_0.4_k2_0.28	170	0.917858342340362	0.911287791354474	0.917931619860651	0.925506072874494	0.937462521601602	0.940628110478075	0.92105324222495	0.4	0.28	0.23075528153051	0.299035965888024	0.249930446072522
wdLC_k1_0.4_k2_0.28	180	0.89761618156939	0.888354578845026	0.898898114139325	0.906637036122514	0.937617416175396	0.942901529882609	0.917783470683252	0.4	0.28	0.23075528153051	0.299035965888024	0.249930446072522
wdLC_k1_0.4_k2_0.28	190	0.889729559500847	0.878796467608813	0.890730316191876	0.897973555179397	0.92569731484033	0.932814584454155	0.913936674146098	0.4	0.28	0.23075528153051	0.299035965888024	0.249930446072522
wdLC_k1_0.4_k2_0.28	200	0.88177604440111	0.870561764044101	0.8824000600015	0.892745818645466	0.92865521638041	0.930882772069302	0.904995124878122	0.4	0.28	0.23075528153051	0.299035965888024	0.249930446072522
wdLC_k1_0.4_k2_0.28	210	0.87932476602968	0.866953899181387	0.881734927581772	0.890688807326373	0.928839332281587	0.929112743081314	0.908805188326266	0.4	0.28	0.23075528153051	0.299035965888024	0.249930446072522
wdLC_k1_0.4_k2_0.28	220	0.871594642263458	0.857859948270907	0.873007894603382	0.88206330333647	0.923325989079414	0.922201247584004	0.904553625262731	0.4	0.28	0.23075528153051	0.299035965888024	0.249930446072522
wdLC_k1_0.4_k2_0.28	230	0.858421586008448	0.843877709531782	0.863186367458249	0.870613153696503	0.924069247631047	0.923106625669755	0.909147620938014	0.4	0.28	0.23075528153051	0.299035965888024	0.249930446072522
wdLC_k1_0.4_k2_0.28	240	0.847625826837271	0.83357176339867	0.858364728554315	0.859871699161444	0.915764162572267	0.916377888505009	0.910921196548551	0.4	0.28	0.23075528153051	0.299035965888024	0.249930446072522
wdLC_k1_0.4_k2_0.28	240	0.847625826837271	0.83357176339867	0.858364728554315	0.859871699161444	0.915764162572267	0.916377888505009	0.910921196548551	0.4	0.28	0.23075528153051	0.299035965888024	0.249930446072522
wdLC_k1_0.4_k2_0.28	250	0.849457303316853	0.840542216675467	0.863840637450199	0.857936158978544	0.910134114145826	0.912948111169779	0.910921196548551	0.4	0.28	0.23075528153051	0.299035965888024	0.249930446072522
wdLC_k1_0.4_k2_0.28	260	0.839367218677563	0.834764738213014	0.85420767489733	0.843633781564816	0.893931293931294	0.901610970576488	0.910921196548551	0.4	0.28	0.23075528153051	0.299035965888024	0.249930446072522
wdLC_k1_0.4_k2_0.28	270	0.828594508993417	0.822823968016632	0.847568096498809	0.833499926077328	0.889763462690389	0.898902438838515	0.910921196548551	0.4	0.28	0.23075528153051	0.299035965888024	0.249930446072522
wdLC_k1_0.4_k2_0.28	280	0.832151466946554	0.825833784323051	0.854332507885487	0.836862532867584	0.890838075558544	0.902492196511253	0.910921196548551	0.4	0.28	0.23075528153051	0.299035965888024	0.249930446072522
wdLC_k1_0.4_k2_0.28	290	0.822465886879626	0.816132464570697	0.844846898421442	0.832118057904662	0.883738008283341	0.900423269619426	0.910921196548551	0.4	0.28	0.23075528153051	0.299035965888024	0.249930446072522
wdLC_k1_0.4_k2_0.28	300	0.82771675240836	0.820461560684008	0.852129912554584	0.837028411426794	0.8795124390271	0.897392193246592	0.910921196548551	0.4	0.28	0.23075528153051	0.299035965888024	0.249930446072522
wdLC_k1_0.4_k2_0.36	10	0.345454545454545	0.212121212121212	0.260606060606061	0.212121212121212	-0.175757575757576	-0.0303030303030303	0.345454545454545	0.4	0.36	0.177713301296582	0.231553578049685	0.191597885560605
wdLC_k1_0.4_k2_0.36	20	0.311278195488722	0.475187969924812	0.533834586466166	0.697744360902256	0.215037593984962	0.266165413533835	0.263157894736842	0.4	0.36	0.177713301296582	0.231553578049685	0.191597885560605
wdLC_k1_0.4_k2_0.36	30	0.571523915461624	0.671635150166852	0.676529477196885	0.676974416017798	0.555061179087875	0.574193548387097	0.430033370411569	0.4	0.36	0.177713301296582	0.231553578049685	0.191597885560605
wdLC_k1_0.4_k2_0.36	40	0.724765478424015	0.769230769230769	0.81313320825516	0.782363977485929	0.744090056285178	0.777110694183865	0.566791744840526	0.4	0.36	0.177713301296582	0.231553578049685	0.191597885560605
wdLC_k1_0.4_k2_0.36	50	0.818679471788716	0.842112845138055	0.865738295318127	0.848739495798319	0.824345738295318	0.852773109243698	0.690084033613445	0.4	0.36	0.177713301296582	0.231553578049685	0.191597885560605
wdLC_k1_0.4_k2_0.36	60	0.834620727979995	0.849736037788275	0.867463184217839	0.844290080577938	0.883523200889136	0.896693525979439	0.741650458460684	0.4	0.36	0.177713301296582	0.231553578049685	0.191597885560605
wdLC_k1_0.4_k2_0.36	70	0.859189922141545	0.875041553669845	0.884909456740443	0.858909981628904	0.842288513690841	0.870492520339428	0.758516315283002	0.4	0.36	0.177713301296582	0.231553578049685	0.191597885560605
wdLC_k1_0.4_k2_0.36	80	0.857641819034224	0.870745428973277	0.885724331926864	0.856211908110642	0.888912330051571	0.907993436474449	0.798992030004688	0.4	0.36	0.177713301296582	0.231553578049685	0.191597885560605
wdLC_k1_0.4_k2_0.36	90	0.881121126064946	0.894060995184591	0.907609993003251	0.884183232497839	0.914079927563074	0.929686792608141	0.826217228464419	0.4	0.36	0.177713301296582	0.231553578049685	0.191597885560605
wdLC_k1_0.4_k2_0.36	100	0.902166216621662	0.911227122712271	0.924476447644764	0.908382838283828	0.918187818781878	0.937401740174018	0.859297929792979	0.4	0.36	0.177713301296582	0.231553578049685	0.191597885560605
wdLC_k1_0.4_k2_0.36	110	0.917850460969727	0.922746432838176	0.93444086288123	0.924216126050988	0.927732569934405	0.944277889232018	0.888285282780696	0.4	0.36	0.177713301296582	0.231553578049685	0.191597885560605
wdLC_k1_0.4_k2_0.36	120	0.926821307035211	0.931398013750955	0.940211125772623	0.933884297520661	0.935724703104382	0.95166330995208	0.890888256128898	0.4	0.36	0.177713301296582	0.231553578049685	0.191597885560605
wdLC_k1_0.4_k2_0.36	130	0.924210353821573	0.928378101571782	0.935730380040694	0.934020674869246	0.942225074765462	0.956055661008617	0.90841333351541	0.4	0.36	0.177713301296582	0.231553578049685	0.191597885560605
wdLC_k1_0.4_k2_0.36	140	0.924121493079093	0.925359165555094	0.933126325687171	0.934980647700685	0.943653101834642	0.956366578469747	0.91877282368634	0.4	0.36	0.177713301296582	0.231553578049685	0.191597885560605
wdLC_k1_0.4_k2_0.36	150	0.930048446597627	0.929305302457887	0.937725232232544	0.938475487799458	0.938592826347838	0.949722209875994	0.918510156006934	0.4	0.36	0.177713301296582	0.231553578049685	0.191597885560605
wdLC_k1_0.4_k2_0.36	160	0.929321457869448	0.926784249384741	0.936810031641861	0.937612797374897	0.937252431735615	0.945250791046525	0.920116020157037	0.4	0.36	0.177713301296582	0.231553578049685	0.191597885560605
wdLC_k1_0.4_k2_0.36	170	0.929419092457911	0.925374173337974	0.935769810882933	0.936988660303736	0.931287669225274	0.938896318415252	0.915388889906632	0.4	0.36	0.177713301296582	0.231553578049685	0.191597885560605
wdLC_k1_0.4_k2_0.36	180	0.920647756618003	0.91685957385516	0.924479150591068	0.928366101834419	0.920575737934298	0.923793944257539	0.914266901241808	0.4	0.36	0.177713301296582	0.231553578049685	0.191597885560605
wdLC_k1_0.4_k2_0.36	190	0.907534980557852	0.904273773438833	0.911363049858503	0.91810591050051	0.923072952888329	0.923855012750025	0.913291081105906	0.4	0.36	0.177713301296582	0.231553578049685	0.191597885560605
wdLC_k1_0.4_k2_0.36	200	0.902361059026476	0.897310432760819	0.908616215405385	0.915964899122478	0.920085502137553	0.92124803120078	0.912606315157879	0.4	0.36	0.177713301296582	0.231553578049685	0.191597885560605
wdLC_k1_0.4_k2_0.36	210	0.901171714292193	0.891892592316638	0.908451438808136	0.911245152951314	0.909517870505648	0.91440816604199	0.915748008539228	0.4	0.36	0.177713301296582	0.231553578049685	0.191597885560605
wdLC_k1_0.4_k2_0.36	220	0.882271797501451	0.87155970540338	0.895360723080304	0.893847168142092	0.912809994195973	0.917252610403295	0.918362700957383	0.4	0.36	0.177713301296582	0.231553578049685	0.191597885560605
wdLC_k1_0.4_k2_0.36	230	0.871152655963744	0.859575548810408	0.886095981102626	0.879720583195047	0.909125922492165	0.914846421852308	0.917298346233224	0.4	0.36	0.177713301296582	0.231553578049685	0.191597885560605
wdLC_k1_0.4_k2_0.36	240	0.860465459469782	0.850355908956753	0.876868522022952	0.865917811073109	0.904744005972326	0.910980225351134	0.913764995920068	0.4	0.36	0.177713301296582	0.231553578049685	0.191597885560605
wdLC_k1_0.4_k2_0.36	240	0.860465459469782	0.850355908956753	0.876868522022952	0.865917811073109	0.904744005972326	0.910980225351134	0.913764995920068	0.4	0.36	0.177713301296582	0.231553578049685	0.191597885560605
wdLC_k1_0.4_k2_0.36	250	0.860081217299477	0.851309748955983	0.878893678298853	0.865250708011328	0.898899630394086	0.907745595929535	0.913764995920068	0.4	0.36	0.177713301296582	0.231553578049685	0.191597885560605
wdLC_k1_0.4_k2_0.36	260	0.858218885805093	0.85257246636557	0.877822270925719	0.863241946000567	0.891909643633781	0.902550447378033	0.913764995920068	0.4	0.36	0.177713301296582	0.231553578049685	0.191597885560605
wdLC_k1_0.4_k2_0.36	270	0.852059546617771	0.845225738502738	0.870821578104257	0.856029727583521	0.893130068847157	0.906674531429329	0.913764995920068	0.4	0.36	0.177713301296582	0.231553578049685	0.191597885560605
wdLC_k1_0.4_k2_0.36	280	0.852531282286764	0.845915673122653	0.871986705369784	0.854050980970967	0.889588424050598	0.907636759215223	0.913764995920068	0.4	0.36	0.177713301296582	0.231553578049685	0.191597885560605
wdLC_k1_0.4_k2_0.36	290	0.849681594475477	0.841285578450029	0.873824568827134	0.850172641357415	0.896318255455086	0.91274618460755	0.913764995920068	0.4	0.36	0.177713301296582	0.231553578049685	0.191597885560605
wdLC_k1_0.4_k2_0.36	300	0.842256469516328	0.83566439627107	0.869364770719675	0.845851620573562	0.898170424115824	0.91666218513539	0.913764995920068	0.4	0.36	0.177713301296582	0.231553578049685	0.191597885560605
wdLC_k1_0.4_k2_0.44	10	0.696969696969697	0.43030303030303	0.575757575757576	0.309090909090909	0.0303030303030303	0.151515151515152	0.696969696969697	0.4	0.44	0.13673043793635	0.17834631071561	0.147083371974404
wdLC_k1_0.4_k2_0.44	20	0.369924812030075	0.430075187969925	0.46015037593985	0.584962406015038	0.242105263157895	0.299248120300752	0.305263157894737	0.4	0.44	0.13673043793635	0.17834631071561	0.147083371974404
wdLC_k1_0.4_k2_0.44	30	0.520800889877642	0.599110122358176	0.642269187986652	0.702780867630701	0.555506117908788	0.589766407119021	0.351724137931035	0.4	0.44	0.13673043793635	0.17834631071561	0.147083371974404
wdLC_k1_0.4_k2_0.44	40	0.700187617260788	0.736397748592871	0.783489681050657	0.834896810506567	0.708255159474672	0.729831144465291	0.511632270168856	0.4	0.44	0.13673043793635	0.17834631071561	0.147083371974404
wdLC_k1_0.4_k2_0.44	50	0.808979591836735	0.827130852340936	0.854309723889556	0.870348139255702	0.794957983193277	0.828667466986795	0.685954381752701	0.4	0.44	0.13673043793635	0.17834631071561	0.147083371974404
wdLC_k1_0.4_k2_0.44	60	0.838010558488469	0.846179494303974	0.872853570436232	0.878243956654626	0.824284523478744	0.843734370658516	0.740594609613782	0.4	0.44	0.13673043793635	0.17834631071561	0.147083371974404
wdLC_k1_0.4_k2_0.44	70	0.855655673169452	0.866818301111014	0.884804479048202	0.896457002886887	0.855935613682093	0.872242148543435	0.774262969119062	0.4	0.44	0.13673043793635	0.17834631071561	0.147083371974404
wdLC_k1_0.4_k2_0.44	80	0.864814814814815	0.875761837787154	0.891561181434599	0.888959212376934	0.897585560243788	0.908227848101266	0.789404594467886	0.4	0.44	0.13673043793635	0.17834631071561	0.147083371974404
wdLC_k1_0.4_k2_0.44	90	0.897633452689633	0.9068033090505	0.917092645182533	0.918343828456188	0.894637198007984	0.906095402724616	0.80886529201136	0.4	0.44	0.13673043793635	0.17834631071561	0.147083371974404
wdLC_k1_0.4_k2_0.44	100	0.913195319531953	0.919123912391239	0.928292829282928	0.931077107710771	0.912295229522952	0.921404140414041	0.846252625262526	0.4	0.44	0.13673043793635	0.17834631071561	0.147083371974404
wdLC_k1_0.4_k2_0.44	110	0.928841602236098	0.932673624416744	0.93995897482136	0.942411469016974	0.915199603272998	0.927813718639407	0.869801411085815	0.4	0.44	0.13673043793635	0.17834631071561	0.147083371974404
wdLC_k1_0.4_k2_0.44	120	0.933773178692965	0.937710952149455	0.94250295159386	0.945398986040697	0.922696020556983	0.934856587263004	0.889936801166748	0.4	0.44	0.13673043793635	0.17834631071561	0.147083371974404
wdLC_k1_0.4_k2_0.44	130	0.936609813052206	0.937756899588961	0.943891081402177	0.947195783091398	0.926930587608734	0.939220800502533	0.895331084679567	0.4	0.44	0.13673043793635	0.17834631071561	0.147083371974404
wdLC_k1_0.4_k2_0.44	140	0.939940084406639	0.940184994861254	0.945608012070587	0.950012026852682	0.926115763923816	0.937700903107302	0.908254794340819	0.4	0.44	0.13673043793635	0.17834631071561	0.147083371974404
wdLC_k1_0.4_k2_0.44	150	0.943211698297702	0.94139117294102	0.946401173385484	0.951884083737055	0.931189830659141	0.940072003200142	0.916561624961109	0.4	0.44	0.13673043793635	0.17834631071561	0.147083371974404
wdLC_k1_0.4_k2_0.44	160	0.938266143208719	0.936725067385445	0.941896167819055	0.948558537442869	0.926171920778155	0.93367807336224	0.917745810383218	0.4	0.44	0.13673043793635	0.17834631071561	0.147083371974404
wdLC_k1_0.4_k2_0.44	170	0.937320851729044	0.934289604973101	0.941199675136327	0.94656603220547	0.922103553349088	0.930437649989925	0.915293629130257	0.4	0.44	0.13673043793635	0.17834631071561	0.147083371974404
wdLC_k1_0.4_k2_0.44	180	0.925975081535438	0.92598125456547	0.931341502309742	0.935331337386956	0.903494963836332	0.914581725773429	0.920057203411628	0.4	0.44	0.13673043793635	0.17834631071561	0.147083371974404
wdLC_k1_0.4_k2_0.44	190	0.914715234858525	0.915597020474397	0.916909201450397	0.923345886531337	0.892968022149615	0.902037817055728	0.915649507713437	0.4	0.44	0.13673043793635	0.17834631071561	0.147083371974404
wdLC_k1_0.4_k2_0.44	200	0.910759768994225	0.906709667741694	0.914206855171379	0.917334433360834	0.896348908722718	0.904242106052651	0.904594614865372	0.4	0.44	0.13673043793635	0.17834631071561	0.147083371974404
wdLC_k1_0.4_k2_0.44	210	0.902131891555688	0.896045585743765	0.906507760137094	0.906794128794628	0.89297846080086	0.900477173113741	0.908061407288147	0.4	0.44	0.13673043793635	0.17834631071561	0.147083371974404
wdLC_k1_0.4_k2_0.44	220	0.894009455492131	0.889954525732125	0.898828488191905	0.896597037128866	0.881557282363084	0.8872418475964	0.905113742019463	0.4	0.44	0.13673043793635	0.17834631071561	0.147083371974404
wdLC_k1_0.4_k2_0.44	230	0.881424897487172	0.878965082762311	0.891650783239923	0.887796350222779	0.882962528263459	0.888442372133278	0.906393890901201	0.4	0.44	0.13673043793635	0.17834631071561	0.147083371974404
wdLC_k1_0.4_k2_0.44	240	0.867982083022275	0.865875275612424	0.880306949773433	0.87438236774944	0.874180975364155	0.879180194100592	0.910899494782895	0.4	0.44	0.13673043793635	0.17834631071561	0.147083371974404
wdLC_k1_0.4_k2_0.44	240	0.867982083022275	0.865875275612424	0.880306949773433	0.87438236774944	0.874180975364155	0.879180194100592	0.910899494782895	0.4	0.44	0.13673043793635	0.17834631071561	0.147083371974404
wdLC_k1_0.4_k2_0.44	250	0.861070417126674	0.858608169730716	0.880627850045601	0.86728978063649	0.875068977103634	0.882865069841117	0.910899494782895	0.4	0.44	0.13673043793635	0.17834631071561	0.147083371974404
wdLC_k1_0.4_k2_0.44	260	0.852868783903267	0.850237429547774	0.871711575159851	0.856165828579622	0.871678119953982	0.879125658436003	0.910899494782895	0.4	0.44	0.13673043793635	0.17834631071561	0.147083371974404
wdLC_k1_0.4_k2_0.44	270	0.843939941258149	0.842151774677598	0.866144178170406	0.846167681007665	0.872493907095205	0.882860761693119	0.910899494782895	0.4	0.44	0.13673043793635	0.17834631071561	0.147083371974404
wdLC_k1_0.4_k2_0.44	280	0.843495088311986	0.843179668836884	0.866420672275339	0.845591507180303	0.869854753978276	0.883334153314638	0.910899494782895	0.4	0.44	0.13673043793635	0.17834631071561	0.147083371974404
wdLC_k1_0.4_k2_0.44	290	0.843904167133071	0.841593589820864	0.865904346724366	0.848441184466091	0.874252635748262	0.887945856914941	0.910899494782895	0.4	0.44	0.13673043793635	0.17834631071561	0.147083371974404
wdLC_k1_0.4_k2_0.44	300	0.831693685485394	0.833711930132557	0.856775297503306	0.834637718196869	0.861190902121135	0.876015955732841	0.910899494782895	0.4	0.44	0.13673043793635	0.17834631071561	0.147083371974404
