domainDef	Ntopdommks	LFF_Xenium_loose	LFF_Xenium_strict	LFF_Visium	k1	k2	looseInDom	strictInDom
LC_k1_0.05_k2_0.04	10	0.36969696969697	-0.212121212121212	0.393939393939394	0.05	0.04	0.719473907509546	0.842987249544627
LC_k1_0.05_k2_0.04	20	0.742857142857143	0.604511278195489	0.679699248120301	0.05	0.04	0.719473907509546	0.842987249544627
LC_k1_0.05_k2_0.04	30	0.821134593993326	0.785984427141268	0.747274749721913	0.05	0.04	0.719473907509546	0.842987249544627
LC_k1_0.05_k2_0.04	40	0.842776735459663	0.797373358348968	0.792120075046905	0.05	0.04	0.719473907509546	0.842987249544627
LC_k1_0.05_k2_0.04	50	0.841536614645858	0.801200480192077	0.790252100840336	0.05	0.04	0.719473907509546	0.842987249544627
LC_k1_0.05_k2_0.04	60	0.855181994998611	0.816282300639067	0.823951097527091	0.05	0.04	0.719473907509546	0.842987249544627
LC_k1_0.05_k2_0.04	70	0.873011984953197	0.843093342664684	0.873221940337678	0.05	0.04	0.719473907509546	0.842987249544627
LC_k1_0.05_k2_0.04	80	0.868330989217065	0.847398030942335	0.873159868729489	0.05	0.04	0.719473907509546	0.842987249544627
LC_k1_0.05_k2_0.04	90	0.883475326171955	0.868461126888093	0.891262295756678	0.05	0.04	0.719473907509546	0.842987249544627
LC_k1_0.05_k2_0.04	100	0.866738673867387	0.857293729372937	0.907734773477348	0.05	0.04	0.719473907509546	0.842987249544627
LC_k1_0.05_k2_0.04	110	0.875671167414287	0.869440750174695	0.921889863174267	0.05	0.04	0.719473907509546	0.842987249544627
LC_k1_0.05_k2_0.04	120	0.883061323703035	0.875442739079103	0.932641155635808	0.05	0.04	0.719473907509546	0.842987249544627
LC_k1_0.05_k2_0.04	130	0.892599926258723	0.885995985197121	0.931906758251512	0.05	0.04	0.719473907509546	0.842987249544627
LC_k1_0.05_k2_0.04	140	0.89001771227395	0.882849708075485	0.932024228641403	0.05	0.04	0.719473907509546	0.842987249544627
LC_k1_0.05_k2_0.04	150	0.899238188363927	0.89098893284146	0.924163740610694	0.05	0.04	0.719473907509546	0.842987249544627
LC_k1_0.05_k2_0.04	160	0.892529005039259	0.879057775694363	0.918196999882808	0.05	0.04	0.719473907509546	0.842987249544627
LC_k1_0.05_k2_0.04	170	0.892247848999457	0.880237663424137	0.91352031313927	0.05	0.04	0.719473907509546	0.842987249544627
LC_k1_0.05_k2_0.04	180	0.884601376585697	0.874551683693941	0.910787369980555	0.05	0.04	0.719473907509546	0.842987249544627
LC_k1_0.05_k2_0.04	190	0.88238309560988	0.871887397376513	0.896444426948698	0.05	0.04	0.719473907509546	0.842987249544627
LC_k1_0.05_k2_0.04	200	0.863753093827346	0.855397884947124	0.897406435160879	0.05	0.04	0.719473907509546	0.842987249544627
LC_k1_0.05_k2_0.04	210	0.859141606709579	0.847175025024863	0.903417311050137	0.05	0.04	0.719473907509546	0.842987249544627
LC_k1_0.05_k2_0.04	220	0.854818187453159	0.839484286865431	0.899952102691829	0.05	0.04	0.719473907509546	0.842987249544627
LC_k1_0.05_k2_0.04	230	0.853202123488814	0.836207308924226	0.906264686519101	0.05	0.04	0.719473907509546	0.842987249544627
LC_k1_0.05_k2_0.04	240	0.843839302765673	0.82626174065522	0.913931665480303	0.05	0.04	0.719473907509546	0.842987249544627
LC_k1_0.05_k2_0.04	250	0.838498535976576	0.817508760140162	0.91679838624697	0.05	0.04	0.719473907509546	0.842987249544627
LC_k1_0.05_k2_0.04	260	0.831675252364907	0.814240993551338	0.91679838624697	0.05	0.04	0.719473907509546	0.842987249544627
LC_k1_0.05_k2_0.04	270	0.833306050532624	0.813755713765316	0.91679838624697	0.05	0.04	0.719473907509546	0.842987249544627
LC_k1_0.05_k2_0.04	280	0.832703041037331	0.810437815351143	0.91679838624697	0.05	0.04	0.719473907509546	0.842987249544627
LC_k1_0.05_k2_0.04	290	0.816289422441777	0.794334509697315	0.91679838624697	0.05	0.04	0.719473907509546	0.842987249544627
LC_k1_0.05_k2_0.04	300	0.817667307414527	0.798965766286292	0.91679838624697	0.05	0.04	0.719473907509546	0.842987249544627
LC_k1_0.05_k2_0.12	10	0.381818181818182	-0.151515151515152	0.442424242424242	0.05	0.12	0.717437420449724	0.842622950819672
LC_k1_0.05_k2_0.12	20	0.759398496240602	0.633082706766917	0.684210526315789	0.05	0.12	0.717437420449724	0.842622950819672
LC_k1_0.05_k2_0.12	30	0.832703003337041	0.79888765294772	0.758398220244716	0.05	0.12	0.717437420449724	0.842622950819672
LC_k1_0.05_k2_0.12	40	0.847842401500938	0.813320825515948	0.805816135084428	0.05	0.12	0.717437420449724	0.842622950819672
LC_k1_0.05_k2_0.12	50	0.862857142857143	0.81656662665066	0.825882352941177	0.05	0.12	0.717437420449724	0.842622950819672
LC_k1_0.05_k2_0.12	60	0.868130036121145	0.831731036399	0.833009169213671	0.05	0.12	0.717437420449724	0.842622950819672
LC_k1_0.05_k2_0.12	70	0.894322456477998	0.86583850931677	0.880780334178987	0.05	0.12	0.717437420449724	0.842622950819672
LC_k1_0.05_k2_0.12	80	0.886755743084857	0.864978902953587	0.877566807313643	0.05	0.12	0.717437420449724	0.842622950819672
LC_k1_0.05_k2_0.12	90	0.876791373420587	0.86553072395769	0.896876157550315	0.05	0.12	0.717437420449724	0.842622950819672
LC_k1_0.05_k2_0.12	100	0.892205220522052	0.885388538853885	0.904806480648065	0.05	0.12	0.717437420449724	0.842622950819672
LC_k1_0.05_k2_0.12	110	0.900114960665419	0.893848477334716	0.917102089579154	0.05	0.12	0.717437420449724	0.842622950819672
LC_k1_0.05_k2_0.12	120	0.902166817140079	0.894756580318077	0.922973817626224	0.05	0.12	0.717437420449724	0.842622950819672
LC_k1_0.05_k2_0.12	130	0.900471124827596	0.893189856477625	0.927930191590763	0.05	0.12	0.717437420449724	0.842622950819672
LC_k1_0.05_k2_0.12	140	0.908381622969102	0.898042903063568	0.928661083291422	0.05	0.12	0.717437420449724	0.842622950819672
LC_k1_0.05_k2_0.12	150	0.901115605138006	0.890896484288191	0.926642072981022	0.05	0.12	0.717437420449724	0.842622950819672
LC_k1_0.05_k2_0.12	160	0.90493671627798	0.893771241064104	0.918920660963319	0.05	0.12	0.717437420449724	0.842622950819672
LC_k1_0.05_k2_0.12	170	0.900706517424784	0.88813453752725	0.914304382606359	0.05	0.12	0.717437420449724	0.842622950819672
LC_k1_0.05_k2_0.12	180	0.901476383015937	0.889731164542116	0.899875510561026	0.05	0.12	0.717437420449724	0.842622950819672
LC_k1_0.05_k2_0.12	190	0.900188516666885	0.888153192755012	0.889955254628719	0.05	0.12	0.717437420449724	0.842622950819672
LC_k1_0.05_k2_0.12	200	0.890885772144304	0.879197479936999	0.893740343508588	0.05	0.12	0.717437420449724	0.842622950819672
LC_k1_0.05_k2_0.12	210	0.883616408535341	0.870514718506736	0.897667909541195	0.05	0.12	0.717437420449724	0.842622950819672
LC_k1_0.05_k2_0.12	220	0.870643458072951	0.855392955151215	0.896985850571669	0.05	0.12	0.717437420449724	0.842622950819672
LC_k1_0.05_k2_0.12	230	0.86587302957153	0.849785604560619	0.899970164636958	0.05	0.12	0.717437420449724	0.842622950819672
LC_k1_0.05_k2_0.12	240	0.864250247400128	0.847145783780968	0.910323095887081	0.05	0.12	0.717437420449724	0.842622950819672
LC_k1_0.05_k2_0.12	250	0.854329573273173	0.833984927758844	0.91331346249379	0.05	0.12	0.717437420449724	0.842622950819672
LC_k1_0.05_k2_0.12	260	0.838661928317101	0.816977492839562	0.91331346249379	0.05	0.12	0.717437420449724	0.842622950819672
LC_k1_0.05_k2_0.12	270	0.825960118337243	0.804529554589226	0.91331346249379	0.05	0.12	0.717437420449724	0.842622950819672
LC_k1_0.05_k2_0.12	280	0.823965320257365	0.798935117612652	0.91331346249379	0.05	0.12	0.717437420449724	0.842622950819672
LC_k1_0.05_k2_0.12	290	0.820332440707196	0.797999156166931	0.91331346249379	0.05	0.12	0.717437420449724	0.842622950819672
LC_k1_0.05_k2_0.12	300	0.804825386948744	0.784726496961077	0.91331346249379	0.05	0.12	0.717437420449724	0.842622950819672
LC_k1_0.05_k2_0.2	10	0.442424242424242	-0.139393939393939	0.406060606060606	0.05	0.2	0.714552397114977	0.840619307832423
LC_k1_0.05_k2_0.2	20	0.789473684210526	0.666165413533835	0.682706766917293	0.05	0.2	0.714552397114977	0.840619307832423
LC_k1_0.05_k2_0.2	30	0.838042269187987	0.807786429365962	0.752614015572859	0.05	0.2	0.714552397114977	0.840619307832423
LC_k1_0.05_k2_0.2	40	0.85328330206379	0.8140712945591	0.808818011257036	0.05	0.2	0.714552397114977	0.840619307832423
LC_k1_0.05_k2_0.2	50	0.863241296518608	0.817911164465786	0.805330132052821	0.05	0.2	0.714552397114977	0.840619307832423
LC_k1_0.05_k2_0.2	60	0.868296749096972	0.832786885245902	0.831842178382884	0.05	0.2	0.714552397114977	0.840619307832423
LC_k1_0.05_k2_0.2	70	0.895092292887761	0.866363397777972	0.87896072084682	0.05	0.2	0.714552397114977	0.840619307832423
LC_k1_0.05_k2_0.2	80	0.887177684013127	0.865213314580403	0.881082981715893	0.05	0.2	0.714552397114977	0.840619307832423
LC_k1_0.05_k2_0.2	90	0.878816314771371	0.867045314236326	0.895378030209491	0.05	0.2	0.714552397114977	0.840619307832423
LC_k1_0.05_k2_0.2	100	0.894089408940894	0.886912691269127	0.903678367836784	0.05	0.2	0.714552397114977	0.840619307832423
LC_k1_0.05_k2_0.2	110	0.902089579153799	0.895732930595316	0.916164371210243	0.05	0.2	0.714552397114977	0.840619307832423
LC_k1_0.05_k2_0.2	120	0.901409820126397	0.894860754219043	0.923182165428154	0.05	0.2	0.714552397114977	0.840619307832423
LC_k1_0.05_k2_0.2	130	0.899553455598192	0.890671728413607	0.927001597727676	0.05	0.2	0.714552397114977	0.840619307832423
LC_k1_0.05_k2_0.2	140	0.906404845728281	0.895248299840371	0.929680085718659	0.05	0.2	0.714552397114977	0.840619307832423
LC_k1_0.05_k2_0.2	150	0.90435486021601	0.894477087870572	0.925066891861861	0.05	0.2	0.714552397114977	0.840619307832423
LC_k1_0.05_k2_0.2	160	0.907081331302004	0.895992030938708	0.920637524903316	0.05	0.2	0.714552397114977	0.840619307832423
LC_k1_0.05_k2_0.2	170	0.904971269105587	0.892660645697083	0.910547688399558	0.05	0.2	0.714552397114977	0.840619307832423
LC_k1_0.05_k2_0.2	180	0.905686389497618	0.894011132030824	0.90207516692902	0.05	0.2	0.714552397114977	0.840619307832423
LC_k1_0.05_k2_0.2	190	0.902282757504582	0.890751311087492	0.893300441330202	0.05	0.2	0.714552397114977	0.840619307832423
LC_k1_0.05_k2_0.2	200	0.891565289132229	0.879761494037351	0.893497337433436	0.05	0.2	0.714552397114977	0.840619307832423
LC_k1_0.05_k2_0.2	210	0.884520867010266	0.872021717369685	0.899190457833511	0.05	0.2	0.714552397114977	0.840619307832423
LC_k1_0.05_k2_0.2	220	0.876817139347357	0.862355533266089	0.898931044781166	0.05	0.2	0.714552397114977	0.840619307832423
LC_k1_0.05_k2_0.2	230	0.872165578867686	0.854598714367084	0.904244758469175	0.05	0.2	0.714552397114977	0.840619307832423
LC_k1_0.05_k2_0.2	240	0.862743276793	0.846841090991163	0.911672945710863	0.05	0.2	0.714552397114977	0.840619307832423
LC_k1_0.05_k2_0.2	250	0.856696587145394	0.834869677914847	0.914612259371325	0.05	0.2	0.714552397114977	0.840619307832423
LC_k1_0.05_k2_0.2	260	0.842488794212932	0.821343738585118	0.914612259371325	0.05	0.2	0.714552397114977	0.840619307832423
LC_k1_0.05_k2_0.2	270	0.83064422465786	0.809236218756239	0.914612259371325	0.05	0.2	0.714552397114977	0.840619307832423
LC_k1_0.05_k2_0.2	280	0.824665584291345	0.804005335345021	0.914612259371325	0.05	0.2	0.714552397114977	0.840619307832423
LC_k1_0.05_k2_0.2	290	0.818451406408949	0.798411478097858	0.914612259371325	0.05	0.2	0.714552397114977	0.840619307832423
LC_k1_0.05_k2_0.2	300	0.810067222969144	0.788746986077623	0.914612259371325	0.05	0.2	0.714552397114977	0.840619307832423
LC_k1_0.05_k2_0.28	10	0.478787878787879	-0.0545454545454545	0.503030303030303	0.05	0.28	0.705218498090793	0.830601092896175
LC_k1_0.05_k2_0.28	20	0.804511278195489	0.684210526315789	0.702255639097744	0.05	0.28	0.705218498090793	0.830601092896175
LC_k1_0.05_k2_0.28	30	0.831368186874305	0.79265850945495	0.762402669632925	0.05	0.28	0.705218498090793	0.830601092896175
LC_k1_0.05_k2_0.28	40	0.897560975609756	0.872607879924953	0.805816135084428	0.05	0.28	0.705218498090793	0.830601092896175
LC_k1_0.05_k2_0.28	50	0.872076830732293	0.832412965186074	0.804273709483794	0.05	0.28	0.705218498090793	0.830601092896175
LC_k1_0.05_k2_0.28	60	0.877854959711031	0.846679633231453	0.830452903584329	0.05	0.28	0.705218498090793	0.830601092896175
LC_k1_0.05_k2_0.28	70	0.903175575190272	0.874621642900884	0.873186947773598	0.05	0.28	0.705218498090793	0.830601092896175
LC_k1_0.05_k2_0.28	80	0.898148148148148	0.877988748241913	0.881950304735115	0.05	0.28	0.705218498090793	0.830601092896175
LC_k1_0.05_k2_0.28	90	0.889089187965593	0.878585833642013	0.896135325348809	0.05	0.28	0.705218498090793	0.830601092896175
LC_k1_0.05_k2_0.28	100	0.903042304230423	0.897053705370537	0.905310531053105	0.05	0.28	0.705218498090793	0.830601092896175
LC_k1_0.05_k2_0.28	110	0.90913148344341	0.902206793949913	0.917850460969727	0.05	0.28	0.705218498090793	0.830601092896175
LC_k1_0.05_k2_0.28	120	0.910959094381554	0.904632266129592	0.921216751163275	0.05	0.28	0.705218498090793	0.830601092896175
LC_k1_0.05_k2_0.28	130	0.909527646151115	0.902410247306395	0.929426866405386	0.05	0.28	0.705218498090793	0.830601092896175
LC_k1_0.05_k2_0.28	140	0.909951673919223	0.900076534517067	0.931464433316569	0.05	0.28	0.705218498090793	0.830601092896175
LC_k1_0.05_k2_0.28	150	0.910076003377928	0.900479132405885	0.927306991421841	0.05	0.28	0.705218498090793	0.830601092896175
LC_k1_0.05_k2_0.28	160	0.910342200867221	0.899367162779796	0.919934372436423	0.05	0.28	0.705218498090793	0.830601092896175
LC_k1_0.05_k2_0.28	170	0.911295119106503	0.899453471827847	0.912052320149486	0.05	0.28	0.705218498090793	0.830601092896175
LC_k1_0.05_k2_0.28	180	0.911038406535181	0.899237630791074	0.902595759128368	0.05	0.28	0.705218498090793	0.830601092896175
LC_k1_0.05_k2_0.28	190	0.905986607006172	0.896140000962266	0.893755330735215	0.05	0.28	0.705218498090793	0.830601092896175
LC_k1_0.05_k2_0.28	200	0.901219530488262	0.887906697667442	0.894452861321533	0.05	0.28	0.705218498090793	0.830601092896175
LC_k1_0.05_k2_0.28	210	0.890300071592164	0.877953824673705	0.89946905177636	0.05	0.28	0.705218498090793	0.830601092896175
LC_k1_0.05_k2_0.28	220	0.887333134230797	0.870951127840733	0.899006553478753	0.05	0.28	0.705218498090793	0.830601092896175
LC_k1_0.05_k2_0.28	230	0.867202552526266	0.848914707847687	0.904054403921501	0.05	0.28	0.705218498090793	0.830601092896175
LC_k1_0.05_k2_0.28	240	0.86265126130662	0.843203006996649	0.911120852792583	0.05	0.28	0.705218498090793	0.830601092896175
LC_k1_0.05_k2_0.28	250	0.854397926366822	0.833942687082993	0.914348820210718	0.05	0.28	0.705218498090793	0.830601092896175
LC_k1_0.05_k2_0.28	260	0.84291005670316	0.821130717682442	0.914348820210718	0.05	0.28	0.705218498090793	0.830601092896175
LC_k1_0.05_k2_0.28	270	0.83316826476815	0.811718191531358	0.914348820210718	0.05	0.28	0.705218498090793	0.830601092896175
LC_k1_0.05_k2_0.28	280	0.833791976209609	0.808192159885421	0.914348820210718	0.05	0.28	0.705218498090793	0.830601092896175
LC_k1_0.05_k2_0.28	290	0.817301530093228	0.796660831999725	0.914348820210718	0.05	0.28	0.705218498090793	0.830601092896175
LC_k1_0.05_k2_0.28	300	0.805706730074779	0.786285180946455	0.914348820210718	0.05	0.28	0.705218498090793	0.830601092896175
LC_k1_0.05_k2_0.36	10	0.466666666666667	-0.0424242424242424	0.478787878787879	0.05	0.36	0.678065337293169	0.806010928961749
LC_k1_0.05_k2_0.36	20	0.765413533834587	0.682706766917293	0.675187969924812	0.05	0.36	0.678065337293169	0.806010928961749
LC_k1_0.05_k2_0.36	30	0.880311457174638	0.853170189098999	0.777530589543938	0.05	0.36	0.678065337293169	0.806010928961749
LC_k1_0.05_k2_0.36	40	0.900750469043152	0.863227016885554	0.811632270168856	0.05	0.36	0.678065337293169	0.806010928961749
LC_k1_0.05_k2_0.36	50	0.914237695078031	0.882448979591837	0.809171668667467	0.05	0.36	0.678065337293169	0.806010928961749
LC_k1_0.05_k2_0.36	60	0.916587941094749	0.888580161155877	0.828118921922756	0.05	0.36	0.678065337293169	0.806010928961749
LC_k1_0.05_k2_0.36	70	0.904645262881638	0.883999650074359	0.861464438806754	0.05	0.36	0.678065337293169	0.806010928961749
LC_k1_0.05_k2_0.36	80	0.907032348804501	0.891115799343647	0.880801687763713	0.05	0.36	0.678065337293169	0.806010928961749
LC_k1_0.05_k2_0.36	90	0.906474050294275	0.894851216199531	0.89340247767214	0.05	0.36	0.678065337293169	0.806010928961749
LC_k1_0.05_k2_0.36	100	0.903858385838584	0.899201920192019	0.910927092709271	0.05	0.36	0.678065337293169	0.806010928961749
LC_k1_0.05_k2_0.36	110	0.907499492820594	0.90293713229493	0.926145661925478	0.05	0.36	0.678065337293169	0.806010928961749
LC_k1_0.05_k2_0.36	120	0.915181609834016	0.909646503229391	0.933717619279116	0.05	0.36	0.678065337293169	0.806010928961749
LC_k1_0.05_k2_0.36	130	0.916612271094785	0.910658345737344	0.929153750563301	0.05	0.36	0.678065337293169	0.806010928961749
LC_k1_0.05_k2_0.36	140	0.915750803612429	0.908110472108635	0.926526863615491	0.05	0.36	0.678065337293169	0.806010928961749
LC_k1_0.05_k2_0.36	150	0.919779545757589	0.912330325792258	0.925479354637984	0.05	0.36	0.678065337293169	0.806010928961749
LC_k1_0.05_k2_0.36	160	0.915850228524552	0.90554611508262	0.913937067854213	0.05	0.36	0.678065337293169	0.806010928961749
LC_k1_0.05_k2_0.36	170	0.899265392859106	0.886820427330073	0.909240905954409	0.05	0.36	0.678065337293169	0.806010928961749
LC_k1_0.05_k2_0.36	180	0.893683961439139	0.881374939555748	0.897171723407101	0.05	0.36	0.678065337293169	0.806010928961749
LC_k1_0.05_k2_0.36	190	0.891067984096367	0.879237360416749	0.88981353908331	0.05	0.36	0.678065337293169	0.806010928961749
LC_k1_0.05_k2_0.36	200	0.885268131703293	0.872265806645166	0.890906772669317	0.05	0.36	0.678065337293169	0.806010928961749
LC_k1_0.05_k2_0.36	210	0.871496924128503	0.858040188795988	0.895910824022572	0.05	0.36	0.678065337293169	0.806010928961749
LC_k1_0.05_k2_0.36	220	0.862189864929591	0.846619295289722	0.898102703098674	0.05	0.36	0.678065337293169	0.806010928961749
LC_k1_0.05_k2_0.36	230	0.848686874166274	0.833728754632495	0.901714916941801	0.05	0.36	0.678065337293169	0.806010928961749
LC_k1_0.05_k2_0.36	240	0.856118161773642	0.839105713640862	0.909239743745551	0.05	0.36	0.678065337293169	0.806010928961749
LC_k1_0.05_k2_0.36	250	0.853156050496808	0.833672346757548	0.912544052881857	0.05	0.36	0.678065337293169	0.806010928961749
LC_k1_0.05_k2_0.36	260	0.837115478494789	0.814626752557787	0.912544052881857	0.05	0.36	0.678065337293169	0.806010928961749
LC_k1_0.05_k2_0.36	270	0.828525006439655	0.804769155498246	0.912544052881857	0.05	0.36	0.678065337293169	0.806010928961749
LC_k1_0.05_k2_0.36	280	0.834217273179505	0.808581377677922	0.912544052881857	0.05	0.36	0.678065337293169	0.806010928961749
LC_k1_0.05_k2_0.36	290	0.821943842048226	0.800452422452848	0.912544052881857	0.05	0.36	0.678065337293169	0.806010928961749
LC_k1_0.05_k2_0.36	300	0.805886732074801	0.786684740941566	0.912544052881857	0.05	0.36	0.678065337293169	0.806010928961749
LC_k1_0.05_k2_0.44	10	0.381818181818182	0.224242424242424	0.587878787878788	0.05	0.44	0.646414934238439	0.78287795992714
LC_k1_0.05_k2_0.44	20	0.81203007518797	0.742857142857143	0.762406015037594	0.05	0.44	0.646414934238439	0.78287795992714
LC_k1_0.05_k2_0.44	30	0.905228031145718	0.878976640711902	0.816240266963293	0.05	0.44	0.646414934238439	0.78287795992714
LC_k1_0.05_k2_0.44	40	0.913320825515948	0.885928705440901	0.831707317073171	0.05	0.44	0.646414934238439	0.78287795992714
LC_k1_0.05_k2_0.44	50	0.894645858343337	0.853157262905162	0.818007202881153	0.05	0.44	0.646414934238439	0.78287795992714
LC_k1_0.05_k2_0.44	60	0.903862183939983	0.866351764378995	0.835621005834954	0.05	0.44	0.646414934238439	0.78287795992714
LC_k1_0.05_k2_0.44	70	0.891488058787508	0.864718747266206	0.86828798880238	0.05	0.44	0.646414934238439	0.78287795992714
LC_k1_0.05_k2_0.44	80	0.899531176746367	0.874800750117206	0.893225503984998	0.05	0.44	0.646414934238439	0.78287795992714
LC_k1_0.05_k2_0.44	90	0.895015845577643	0.87972177635099	0.891805572704449	0.05	0.44	0.646414934238439	0.78287795992714
LC_k1_0.05_k2_0.44	100	0.911431143114311	0.90025802580258	0.90982298229823	0.05	0.44	0.646414934238439	0.78287795992714
LC_k1_0.05_k2_0.44	110	0.912476613394045	0.90554290737777	0.923693167729865	0.05	0.44	0.646414934238439	0.78287795992714
LC_k1_0.05_k2_0.44	120	0.913257865129523	0.905194805194805	0.935363566914369	0.05	0.44	0.646414934238439	0.78287795992714
LC_k1_0.05_k2_0.44	130	0.91760095044313	0.910112114053176	0.926591923964549	0.05	0.44	0.646414934238439	0.78287795992714
LC_k1_0.05_k2_0.44	140	0.91983556012333	0.910528962847959	0.932916402440358	0.05	0.44	0.646414934238439	0.78287795992714
LC_k1_0.05_k2_0.44	150	0.914808658162585	0.904333525934486	0.92635761589404	0.05	0.44	0.646414934238439	0.78287795992714
LC_k1_0.05_k2_0.44	160	0.910989687097152	0.898288995663893	0.918393296613149	0.05	0.44	0.646414934238439	0.78287795992714
LC_k1_0.05_k2_0.44	170	0.905235068178626	0.891165784283193	0.90891115711311	0.05	0.44	0.646414934238439	0.78287795992714
LC_k1_0.05_k2_0.44	180	0.900770599915635	0.888994516291655	0.897276664917642	0.05	0.44	0.646414934238439	0.78287795992714
LC_k1_0.05_k2_0.44	190	0.897396195549957	0.88375126297419	0.89144414264282	0.05	0.44	0.646414934238439	0.78287795992714
LC_k1_0.05_k2_0.44	200	0.886871671791795	0.871733293332333	0.891965799144979	0.05	0.44	0.646414934238439	0.78287795992714
LC_k1_0.05_k2_0.44	210	0.879294962956724	0.864202945968972	0.897430780743328	0.05	0.44	0.646414934238439	0.78287795992714
LC_k1_0.05_k2_0.44	220	0.874196874841516	0.857056400489116	0.899692893729961	0.05	0.44	0.646414934238439	0.78287795992714
LC_k1_0.05_k2_0.44	230	0.858807226568761	0.841682221329079	0.902072941298307	0.05	0.44	0.646414934238439	0.78287795992714
LC_k1_0.05_k2_0.44	240	0.858121668778972	0.839916491605757	0.909053108560912	0.05	0.44	0.646414934238439	0.78287795992714
LC_k1_0.05_k2_0.44	250	0.852977103633658	0.832319877118034	0.912345009960509	0.05	0.44	0.646414934238439	0.78287795992714
LC_k1_0.05_k2_0.44	260	0.836141180968767	0.811031342065825	0.912345009960509	0.05	0.44	0.646414934238439	0.78287795992714
LC_k1_0.05_k2_0.44	270	0.83447296182999	0.809786752142614	0.912345009960509	0.05	0.44	0.646414934238439	0.78287795992714
LC_k1_0.05_k2_0.44	280	0.830248563666082	0.807122357610247	0.912345009960509	0.05	0.44	0.646414934238439	0.78287795992714
LC_k1_0.05_k2_0.44	290	0.822828021654282	0.80008487533781	0.912345009960509	0.05	0.44	0.646414934238439	0.78287795992714
LC_k1_0.05_k2_0.44	300	0.813433038144868	0.795286169846332	0.912345009960509	0.05	0.44	0.646414934238439	0.78287795992714
LC_k1_0.05_k2_0.52	10	0.551515151515151	0.478787878787879	0.854545454545454	0.05	0.52	0.605854900296988	0.741530054644809
LC_k1_0.05_k2_0.52	20	0.810526315789474	0.792481203007519	0.699248120300752	0.05	0.52	0.605854900296988	0.741530054644809
LC_k1_0.05_k2_0.52	30	0.917686318131257	0.890545050055617	0.80111234705228	0.05	0.52	0.605854900296988	0.741530054644809
LC_k1_0.05_k2_0.52	40	0.916510318949344	0.892495309568481	0.79906191369606	0.05	0.52	0.605854900296988	0.741530054644809
LC_k1_0.05_k2_0.52	50	0.891476590636255	0.854885954381753	0.818103241296519	0.05	0.52	0.605854900296988	0.741530054644809
LC_k1_0.05_k2_0.52	60	0.909585996110031	0.871964434565157	0.8146151708808	0.05	0.52	0.605854900296988	0.741530054644809
LC_k1_0.05_k2_0.52	70	0.917977429796168	0.893517627504155	0.849357011635028	0.05	0.52	0.605854900296988	0.741530054644809
LC_k1_0.05_k2_0.52	80	0.908743553680262	0.888912330051571	0.877660571964369	0.05	0.52	0.605854900296988	0.741530054644809
LC_k1_0.05_k2_0.52	90	0.927842943573281	0.911314154010783	0.872856731283698	0.05	0.52	0.605854900296988	0.741530054644809
LC_k1_0.05_k2_0.52	100	0.921272127212721	0.900798079807981	0.884308430843085	0.05	0.52	0.605854900296988	0.741530054644809
LC_k1_0.05_k2_0.52	110	0.929301444897775	0.913793025719631	0.901287108626558	0.05	0.52	0.605854900296988	0.741530054644809
LC_k1_0.05_k2_0.52	120	0.927043544690603	0.911431349399264	0.916556705326759	0.05	0.52	0.605854900296988	0.741530054644809
LC_k1_0.05_k2_0.52	130	0.916279069767442	0.902918242772672	0.91879719783146	0.05	0.52	0.605854900296988	0.741530054644809
LC_k1_0.05_k2_0.52	140	0.921851697972929	0.908333515558374	0.922875073801142	0.05	0.52	0.605854900296988	0.741530054644809
LC_k1_0.05_k2_0.52	150	0.917646117605227	0.903149473309925	0.91923196586515	0.05	0.52	0.605854900296988	0.741530054644809
LC_k1_0.05_k2_0.52	160	0.919544708777686	0.903729637876479	0.914651939528888	0.05	0.52	0.605854900296988	0.741530054644809
LC_k1_0.05_k2_0.52	170	0.916080141181356	0.901148625130526	0.901798352477086	0.05	0.52	0.605854900296988	0.741530054644809
LC_k1_0.05_k2_0.52	180	0.92315400681091	0.907883988188936	0.897266376534255	0.05	0.52	0.605854900296988	0.741530054644809
LC_k1_0.05_k2_0.52	190	0.916935445069918	0.90116128016376	0.887656313558766	0.05	0.52	0.605854900296988	0.741530054644809
LC_k1_0.05_k2_0.52	200	0.909156228905723	0.892313807845196	0.890266256656416	0.05	0.52	0.605854900296988	0.741530054644809
LC_k1_0.05_k2_0.52	210	0.895541525075075	0.881627377361975	0.894442698733046	0.05	0.52	0.605854900296988	0.741530054644809
LC_k1_0.05_k2_0.52	220	0.884854871156241	0.870015721587035	0.896515893453847	0.05	0.52	0.605854900296988	0.741530054644809
LC_k1_0.05_k2_0.52	230	0.872648862434319	0.85482457546251	0.900246326675034	0.05	0.52	0.605854900296988	0.741530054644809
LC_k1_0.05_k2_0.52	240	0.868857098213511	0.846813312731124	0.906243163943818	0.05	0.52	0.605854900296988	0.741530054644809
LC_k1_0.05_k2_0.52	250	0.85304008064129	0.833071761148178	0.909624477930489	0.05	0.52	0.605854900296988	0.741530054644809
LC_k1_0.05_k2_0.52	260	0.829436484608898	0.810601886463955	0.909624477930489	0.05	0.52	0.605854900296988	0.741530054644809
LC_k1_0.05_k2_0.52	270	0.830087594556243	0.807869335198928	0.909624477930489	0.05	0.52	0.605854900296988	0.741530054644809
LC_k1_0.05_k2_0.52	280	0.823643340931827	0.798555192941601	0.909624477930489	0.05	0.52	0.605854900296988	0.741530054644809
LC_k1_0.05_k2_0.52	290	0.817085036477944	0.795860789685063	0.909624477930489	0.05	0.52	0.605854900296988	0.741530054644809
LC_k1_0.05_k2_0.52	300	0.813081923132479	0.792183024255825	0.909624477930489	0.05	0.52	0.605854900296988	0.741530054644809
LC_k1_0.05_k2_0.6	10	0.296969696969697	0.381818181818182	0.757575757575757	0.05	0.6	0.558421722528638	0.692714025500911
LC_k1_0.05_k2_0.6	20	0.863157894736842	0.818045112781955	0.750375939849624	0.05	0.6	0.558421722528638	0.692714025500911
LC_k1_0.05_k2_0.6	30	0.911902113459399	0.879866518353726	0.821134593993326	0.05	0.6	0.558421722528638	0.692714025500911
LC_k1_0.05_k2_0.6	40	0.916697936210132	0.890619136960601	0.795309568480301	0.05	0.6	0.558421722528638	0.692714025500911
LC_k1_0.05_k2_0.6	50	0.888307322929172	0.856614645858343	0.828859543817527	0.05	0.6	0.558421722528638	0.692714025500911
LC_k1_0.05_k2_0.6	60	0.898193942761879	0.859738816337872	0.837343706585163	0.05	0.6	0.558421722528638	0.692714025500911
LC_k1_0.05_k2_0.6	70	0.901565917242586	0.872907007260957	0.849287026506867	0.05	0.6	0.558421722528638	0.692714025500911
LC_k1_0.05_k2_0.6	80	0.899109235818097	0.874613220815752	0.86812001875293	0.05	0.6	0.558421722528638	0.692714025500911
LC_k1_0.05_k2_0.6	90	0.92125776844878	0.901601020702144	0.867242869490061	0.05	0.6	0.558421722528638	0.692714025500911
LC_k1_0.05_k2_0.6	100	0.934317431743174	0.91960396039604	0.885892589258926	0.05	0.6	0.558421722528638	0.692714025500911
LC_k1_0.05_k2_0.6	110	0.934792507269571	0.924576786962108	0.90670603881613	0.05	0.6	0.558421722528638	0.692714025500911
LC_k1_0.05_k2_0.6	120	0.936849781234808	0.927106049031183	0.918695742759914	0.05	0.6	0.558421722528638	0.692714025500911
LC_k1_0.05_k2_0.6	130	0.922861161561676	0.913160086850838	0.922156522689099	0.05	0.6	0.558421722528638	0.692714025500911
LC_k1_0.05_k2_0.6	140	0.931368218495113	0.922280291268505	0.927419037414445	0.05	0.6	0.558421722528638	0.692714025500911
LC_k1_0.05_k2_0.6	150	0.929426196719854	0.918350148895507	0.925742477443442	0.05	0.6	0.558421722528638	0.692714025500911
LC_k1_0.05_k2_0.6	160	0.92639751552795	0.912258291339505	0.912574709949607	0.05	0.6	0.558421722528638	0.692714025500911
LC_k1_0.05_k2_0.6	170	0.923840230579931	0.910296102246567	0.904556029823951	0.05	0.6	0.558421722528638	0.692714025500911
LC_k1_0.05_k2_0.6	180	0.927942220438902	0.912431453645689	0.894241591818678	0.05	0.6	0.558421722528638	0.692714025500911
LC_k1_0.05_k2_0.6	190	0.923849764026121	0.909587231604316	0.891542118822362	0.05	0.6	0.558421722528638	0.692714025500911
LC_k1_0.05_k2_0.6	200	0.914971874296858	0.901605040126003	0.887383184579615	0.05	0.6	0.558421722528638	0.692714025500911
LC_k1_0.05_k2_0.6	210	0.899973112445051	0.88549788948891	0.889275105039635	0.05	0.6	0.558421722528638	0.692714025500911
LC_k1_0.05_k2_0.6	220	0.88819866676434	0.872215616776455	0.892335867194852	0.05	0.6	0.558421722528638	0.692714025500911
LC_k1_0.05_k2_0.6	230	0.881164516136986	0.865260541622797	0.898305302064558	0.05	0.6	0.558421722528638	0.692714025500911
LC_k1_0.05_k2_0.6	240	0.867016788485911	0.849938366985538	0.905888991128318	0.05	0.6	0.558421722528638	0.692714025500911
LC_k1_0.05_k2_0.6	250	0.854314981039697	0.836365765852254	0.909015640759307	0.05	0.6	0.558421722528638	0.692714025500911
LC_k1_0.05_k2_0.6	260	0.840456219766564	0.818806605013501	0.909015640759307	0.05	0.6	0.558421722528638	0.692714025500911
LC_k1_0.05_k2_0.6	270	0.825001714701162	0.801551918864914	0.909015640759307	0.05	0.6	0.558421722528638	0.692714025500911
LC_k1_0.05_k2_0.6	280	0.82248607398418	0.797169424537121	0.909015640759307	0.05	0.6	0.558421722528638	0.692714025500911
LC_k1_0.05_k2_0.6	290	0.815408195021385	0.793687489006184	0.909015640759307	0.05	0.6	0.558421722528638	0.692714025500911
LC_k1_0.05_k2_0.6	300	0.809845442727142	0.788655429504772	0.909015640759307	0.05	0.6	0.558421722528638	0.692714025500911
LC_k1_0.05_k2_0.68	10	0.442424242424242	0.43030303030303	0.0666666666666667	0.05	0.68	0.509630886720407	0.636612021857924
LC_k1_0.05_k2_0.68	20	0.568421052631579	0.63609022556391	0.514285714285714	0.05	0.68	0.509630886720407	0.636612021857924
LC_k1_0.05_k2_0.68	30	0.685428253615128	0.741490545050056	0.556840934371524	0.05	0.68	0.509630886720407	0.636612021857924
LC_k1_0.05_k2_0.68	40	0.687242026266417	0.737335834896811	0.537335834896811	0.05	0.68	0.509630886720407	0.636612021857924
LC_k1_0.05_k2_0.68	50	0.792460984393757	0.820504201680672	0.657911164465786	0.05	0.68	0.509630886720407	0.636612021857924
LC_k1_0.05_k2_0.68	60	0.791553209224785	0.792775771047513	0.710530702973048	0.05	0.68	0.509630886720407	0.636612021857924
LC_k1_0.05_k2_0.68	70	0.830006123698714	0.831755751902721	0.77905695039804	0.05	0.68	0.509630886720407	0.636612021857924
LC_k1_0.05_k2_0.68	80	0.862939521800281	0.854055321143929	0.812095639943741	0.05	0.68	0.509630886720407	0.636612021857924
LC_k1_0.05_k2_0.68	90	0.888908095649669	0.880758941433099	0.849100712022061	0.05	0.68	0.509630886720407	0.636612021857924
LC_k1_0.05_k2_0.68	100	0.891953195319532	0.883288328832883	0.855889588958896	0.05	0.68	0.509630886720407	0.636612021857924
LC_k1_0.05_k2_0.68	110	0.905056015147758	0.898528052656493	0.883722922255032	0.05	0.68	0.509630886720407	0.636612021857924
LC_k1_0.05_k2_0.68	120	0.90352802277936	0.897638724911452	0.893381484825335	0.05	0.68	0.509630886720407	0.636612021857924
LC_k1_0.05_k2_0.68	130	0.911952914828825	0.905704024361933	0.910434390746835	0.05	0.68	0.509630886720407	0.636612021857924
LC_k1_0.05_k2_0.68	140	0.918213028361506	0.910830727515252	0.912352671054646	0.05	0.68	0.509630886720407	0.636612021857924
LC_k1_0.05_k2_0.68	150	0.916892306324726	0.907398551046713	0.915263789501756	0.05	0.68	0.509630886720407	0.636612021857924
LC_k1_0.05_k2_0.68	160	0.920367983124341	0.909674206023673	0.91504453298957	0.05	0.68	0.509630886720407	0.636612021857924
LC_k1_0.05_k2_0.68	170	0.926671185447085	0.915733294251989	0.909675685908122	0.05	0.68	0.509630886720407	0.636612021857924
LC_k1_0.05_k2_0.68	180	0.925890716791671	0.912849162011173	0.898702634854985	0.05	0.68	0.509630886720407	0.636612021857924
LC_k1_0.05_k2_0.68	190	0.917958946231198	0.90547223206358	0.897623640252464	0.05	0.68	0.509630886720407	0.636612021857924
LC_k1_0.05_k2_0.68	200	0.904893122328058	0.895448886222156	0.891971799294982	0.05	0.68	0.509630886720407	0.636612021857924
LC_k1_0.05_k2_0.68	210	0.897586275037011	0.886680941906684	0.896277531398509	0.05	0.68	0.509630886720407	0.636612021857924
LC_k1_0.05_k2_0.68	220	0.894386998980069	0.88082022731499	0.901479181575878	0.05	0.68	0.509630886720407	0.636612021857924
LC_k1_0.05_k2_0.68	230	0.886272527548396	0.872423987631886	0.905541733755138	0.05	0.68	0.509630886720407	0.636612021857924
LC_k1_0.05_k2_0.68	240	0.870610600878487	0.85808520981267	0.911422073299884	0.05	0.68	0.509630886720407	0.636612021857924
LC_k1_0.05_k2_0.68	250	0.857618969903518	0.840977679642874	0.914631494611623	0.05	0.68	0.509630886720407	0.636612021857924
LC_k1_0.05_k2_0.68	260	0.83708407156683	0.816804071976486	0.914631494611623	0.05	0.68	0.509630886720407	0.636612021857924
LC_k1_0.05_k2_0.68	270	0.83257078667441	0.812476013235969	0.914631494611623	0.05	0.68	0.509630886720407	0.636612021857924
LC_k1_0.05_k2_0.68	280	0.829195161016996	0.807940698952064	0.914631494611623	0.05	0.68	0.509630886720407	0.636612021857924
LC_k1_0.05_k2_0.68	290	0.8235478629251	0.801996415554574	0.914631494611623	0.05	0.68	0.509630886720407	0.636612021857924
LC_k1_0.05_k2_0.68	300	0.832951477238636	0.811257013966822	0.914631494611623	0.05	0.68	0.509630886720407	0.636612021857924
LC_k1_0.05_k2_0.76	10	0.478787878787879	0.515151515151515	0.709090909090909	0.05	0.76	0.441323716588884	0.556466302367942
LC_k1_0.05_k2_0.76	20	0.766917293233083	0.744360902255639	0.766917293233083	0.05	0.76	0.441323716588884	0.556466302367942
LC_k1_0.05_k2_0.76	30	0.898109010011124	0.884315906562848	0.794438264738599	0.05	0.76	0.441323716588884	0.556466302367942
LC_k1_0.05_k2_0.76	40	0.922701688555347	0.911819887429644	0.792682926829269	0.05	0.76	0.441323716588884	0.556466302367942
LC_k1_0.05_k2_0.76	50	0.94218487394958	0.927490996398559	0.796110444177671	0.05	0.76	0.441323716588884	0.556466302367942
LC_k1_0.05_k2_0.76	60	0.902750764101139	0.902528480133371	0.818060572381217	0.05	0.76	0.441323716588884	0.556466302367942
LC_k1_0.05_k2_0.76	70	0.913568366722071	0.90793456390517	0.840048989589712	0.05	0.76	0.441323716588884	0.556466302367942
LC_k1_0.05_k2_0.76	80	0.900773558368495	0.897093295827473	0.864814814814815	0.05	0.76	0.441323716588884	0.556466302367942
LC_k1_0.05_k2_0.76	90	0.91547927727703	0.910359303617731	0.881927810017698	0.05	0.76	0.441323716588884	0.556466302367942
LC_k1_0.05_k2_0.76	100	0.927188718871887	0.923048304830483	0.896741674167417	0.05	0.76	0.441323716588884	0.556466302367942
LC_k1_0.05_k2_0.76	110	0.93013096499335	0.927209611613281	0.914911074544102	0.05	0.76	0.441323716588884	0.556466302367942
LC_k1_0.05_k2_0.76	120	0.928231127161608	0.92382804361414	0.928814501007014	0.05	0.76	0.441323716588884	0.556466302367942
LC_k1_0.05_k2_0.76	130	0.92209643720384	0.917338759234729	0.930945390487375	0.05	0.76	0.441323716588884	0.556466302367942
LC_k1_0.05_k2_0.76	140	0.929999343989854	0.923399881918174	0.9327852004111	0.05	0.76	0.441323716588884	0.556466302367942
LC_k1_0.05_k2_0.76	150	0.930649362193875	0.922008978176808	0.931730299124406	0.05	0.76	0.441323716588884	0.556466302367942
LC_k1_0.05_k2_0.76	160	0.926892652056721	0.916828782374311	0.935427165123637	0.05	0.76	0.441323716588884	0.556466302367942
LC_k1_0.05_k2_0.76	170	0.927880264531849	0.917098698713369	0.925757659027486	0.05	0.76	0.441323716588884	0.556466302367942
LC_k1_0.05_k2_0.76	180	0.926812555943085	0.914108460137659	0.918147679455127	0.05	0.76	0.441323716588884	0.556466302367942
LC_k1_0.05_k2_0.76	190	0.928017250805898	0.915625013668552	0.918803990779742	0.05	0.76	0.441323716588884	0.556466302367942
LC_k1_0.05_k2_0.76	200	0.919140478511963	0.90670366759169	0.911341783544589	0.05	0.76	0.441323716588884	0.556466302367942
LC_k1_0.05_k2_0.76	210	0.908292057157111	0.896068909887817	0.910129481394136	0.05	0.76	0.441323716588884	0.556466302367942
LC_k1_0.05_k2_0.76	220	0.910537971295425	0.895570344240771	0.912431323712548	0.05	0.76	0.441323716588884	0.556466302367942
LC_k1_0.05_k2_0.76	230	0.895394751441837	0.876180777642711	0.913892676527953	0.05	0.76	0.441323716588884	0.556466302367942
LC_k1_0.05_k2_0.76	240	0.880800881959756	0.861971562006285	0.917027205333426	0.05	0.76	0.441323716588884	0.556466302367942
LC_k1_0.05_k2_0.76	250	0.866106273700379	0.847017328277252	0.919740541697819	0.05	0.76	0.441323716588884	0.556466302367942
LC_k1_0.05_k2_0.76	260	0.862723731689249	0.842934636038084	0.919740541697819	0.05	0.76	0.441323716588884	0.556466302367942
LC_k1_0.05_k2_0.76	270	0.848025350141977	0.829382814274239	0.919740541697819	0.05	0.76	0.441323716588884	0.556466302367942
LC_k1_0.05_k2_0.76	280	0.844426040419612	0.824036385303748	0.919740541697819	0.05	0.76	0.441323716588884	0.556466302367942
LC_k1_0.05_k2_0.76	290	0.833718142533984	0.815357515834171	0.919740541697819	0.05	0.76	0.441323716588884	0.556466302367942
LC_k1_0.05_k2_0.76	300	0.833738597095523	0.815114390159891	0.919740541697819	0.05	0.76	0.441323716588884	0.556466302367942
LC_k1_0.15_k2_0.04	10	0.587878787878788	0.854545454545454	0.0909090909090909	0.15	0.04	0.572337717437421	0.698907103825137
LC_k1_0.15_k2_0.04	20	0.781954887218045	0.855639097744361	0.500751879699248	0.15	0.04	0.572337717437421	0.698907103825137
LC_k1_0.15_k2_0.04	30	0.888765294771969	0.923025583982202	0.736596218020022	0.15	0.04	0.572337717437421	0.698907103825137
LC_k1_0.15_k2_0.04	40	0.941275797373359	0.94859287054409	0.75515947467167	0.15	0.04	0.572337717437421	0.698907103825137
LC_k1_0.15_k2_0.04	50	0.932581032412965	0.926050420168067	0.8031212484994	0.15	0.04	0.572337717437421	0.698907103825137
LC_k1_0.15_k2_0.04	60	0.927257571547652	0.911364267852181	0.832175604334538	0.15	0.04	0.572337717437421	0.698907103825137
LC_k1_0.15_k2_0.04	70	0.924905957484035	0.912203656722946	0.868812877263581	0.15	0.04	0.572337717437421	0.698907103825137
LC_k1_0.15_k2_0.04	80	0.914439756211908	0.905719643694327	0.882114392873887	0.15	0.04	0.572337717437421	0.698907103825137
LC_k1_0.15_k2_0.04	90	0.92217969296621	0.914310408692431	0.893632958801498	0.15	0.04	0.572337717437421	0.698907103825137
LC_k1_0.15_k2_0.04	100	0.931881188118812	0.928424842484248	0.913375337533753	0.15	0.04	0.572337717437421	0.698907103825137
LC_k1_0.15_k2_0.04	110	0.934314631562338	0.929048982259991	0.926731735906048	0.15	0.04	0.572337717437421	0.698907103825137
LC_k1_0.15_k2_0.04	120	0.934099590249323	0.92831446628238	0.92987012987013	0.15	0.04	0.572337717437421	0.698907103825137
LC_k1_0.15_k2_0.04	130	0.934441273266056	0.926559150063499	0.937341763508992	0.15	0.04	0.572337717437421	0.698907103825137
LC_k1_0.15_k2_0.04	140	0.938050775185323	0.931228269663904	0.93987448339201	0.15	0.04	0.572337717437421	0.698907103825137
LC_k1_0.15_k2_0.04	150	0.931563180585804	0.922883683719277	0.941220498688831	0.15	0.04	0.572337717437421	0.698907103825137
LC_k1_0.15_k2_0.04	160	0.92888784718153	0.917728231571546	0.935907652642681	0.15	0.04	0.572337717437421	0.698907103825137
LC_k1_0.15_k2_0.04	170	0.930154310244808	0.918962390312712	0.925645300163043	0.15	0.04	0.572337717437421	0.698907103825137
LC_k1_0.15_k2_0.04	180	0.936072100990771	0.922791855715711	0.922429704620513	0.15	0.04	0.572337717437421	0.698907103825137
LC_k1_0.15_k2_0.04	190	0.927315671377396	0.91445454823796	0.916275855432648	0.15	0.04	0.572337717437421	0.698907103825137
LC_k1_0.15_k2_0.04	200	0.921372534313358	0.908785719642991	0.916708917722943	0.15	0.04	0.572337717437421	0.698907103825137
LC_k1_0.15_k2_0.04	210	0.91567674032129	0.900652104194135	0.920722530151315	0.15	0.04	0.572337717437421	0.698907103825137
LC_k1_0.15_k2_0.04	220	0.905986036525924	0.892784411398432	0.919923589706023	0.15	0.04	0.572337717437421	0.698907103825137
LC_k1_0.15_k2_0.04	230	0.902291898342781	0.884100710377528	0.924714283248553	0.15	0.04	0.572337717437421	0.698907103825137
LC_k1_0.15_k2_0.04	240	0.900726575114151	0.8800708345631	0.930042188232434	0.15	0.04	0.572337717437421	0.698907103825137
LC_k1_0.15_k2_0.04	250	0.887673594777516	0.865565593049489	0.929407504419924	0.15	0.04	0.572337717437421	0.698907103825137
LC_k1_0.15_k2_0.04	260	0.872763024487162	0.851409727271796	0.929407504419924	0.15	0.04	0.572337717437421	0.698907103825137
LC_k1_0.15_k2_0.04	270	0.870583196538285	0.848346037363719	0.929407504419924	0.15	0.04	0.572337717437421	0.698907103825137
LC_k1_0.15_k2_0.04	280	0.865119088618113	0.845052506136194	0.929407504419924	0.15	0.04	0.572337717437421	0.698907103825137
LC_k1_0.15_k2_0.04	290	0.855546603325883	0.838168070389947	0.929407504419924	0.15	0.04	0.572337717437421	0.698907103825137
LC_k1_0.15_k2_0.04	300	0.853761486238736	0.837876420849121	0.929407504419924	0.15	0.04	0.572337717437421	0.698907103825137
LC_k1_0.15_k2_0.12	10	0.696969696969697	0.939393939393939	0.636363636363636	0.15	0.12	0.561476453118371	0.689981785063752
LC_k1_0.15_k2_0.12	20	0.821052631578947	0.840601503759399	0.642105263157895	0.15	0.12	0.561476453118371	0.689981785063752
LC_k1_0.15_k2_0.12	30	0.895439377085651	0.916351501668521	0.76952169076752	0.15	0.12	0.561476453118371	0.689981785063752
LC_k1_0.15_k2_0.12	40	0.940337711069419	0.939587242026267	0.803939962476548	0.15	0.12	0.561476453118371	0.689981785063752
LC_k1_0.15_k2_0.12	50	0.921728691476591	0.912605042016807	0.803217286914766	0.15	0.12	0.561476453118371	0.689981785063752
LC_k1_0.15_k2_0.12	60	0.919533203667686	0.905418171714365	0.83450958599611	0.15	0.12	0.561476453118371	0.689981785063752
LC_k1_0.15_k2_0.12	70	0.918222377744729	0.901146006473624	0.868847869827662	0.15	0.12	0.561476453118371	0.689981785063752
LC_k1_0.15_k2_0.12	80	0.915822784810127	0.903727144866385	0.892287857477731	0.15	0.12	0.561476453118371	0.689981785063752
LC_k1_0.15_k2_0.12	90	0.92376013499609	0.917685310943738	0.890488537679549	0.15	0.12	0.561476453118371	0.689981785063752
LC_k1_0.15_k2_0.12	100	0.933801380138014	0.928916891689169	0.903666366636664	0.15	0.12	0.561476453118371	0.689981785063752
LC_k1_0.15_k2_0.12	110	0.940833577530825	0.935387597772919	0.916371751234136	0.15	0.12	0.561476453118371	0.689981785063752
LC_k1_0.15_k2_0.12	120	0.933856517813737	0.928182512674491	0.926105979581915	0.15	0.12	0.561476453118371	0.689981785063752
LC_k1_0.15_k2_0.12	130	0.929508801158011	0.919955209001898	0.934758087642874	0.15	0.12	0.561476453118371	0.689981785063752
LC_k1_0.15_k2_0.12	140	0.937482233058538	0.928319958015351	0.934232796133914	0.15	0.12	0.561476453118371	0.689981785063752
LC_k1_0.15_k2_0.12	150	0.939421307613672	0.931260944930886	0.932345437575003	0.15	0.12	0.561476453118371	0.689981785063752
LC_k1_0.15_k2_0.12	160	0.944477323332942	0.935189851166061	0.931923121996953	0.15	0.12	0.561476453118371	0.689981785063752
LC_k1_0.15_k2_0.12	170	0.947826405554436	0.937613961810199	0.930369257637655	0.15	0.12	0.561476453118371	0.689981785063752
LC_k1_0.15_k2_0.12	180	0.943002356039795	0.931446443820283	0.921958496661419	0.15	0.12	0.561476453118371	0.689981785063752
LC_k1_0.15_k2_0.12	190	0.934270230550198	0.921923482353353	0.917099905085576	0.15	0.12	0.561476453118371	0.689981785063752
LC_k1_0.15_k2_0.12	200	0.923789094727368	0.911466286657167	0.913803345083627	0.15	0.12	0.561476453118371	0.689981785063752
LC_k1_0.15_k2_0.12	210	0.910586893774721	0.896497814981227	0.91474377455919	0.15	0.12	0.561476453118371	0.689981785063752
LC_k1_0.15_k2_0.12	220	0.906820013185847	0.893145049954075	0.917174847714735	0.15	0.12	0.561476453118371	0.689981785063752
LC_k1_0.15_k2_0.12	230	0.88643132072029	0.872703108548941	0.923981467554659	0.15	0.12	0.561476453118371	0.689981785063752
LC_k1_0.15_k2_0.12	240	0.884912932516189	0.869104498341985	0.929022205246619	0.15	0.12	0.561476453118371	0.689981785063752
LC_k1_0.15_k2_0.12	250	0.874373157970527	0.856794124705995	0.928377164591769	0.15	0.12	0.561476453118371	0.689981785063752
LC_k1_0.15_k2_0.12	260	0.873842466945915	0.854008309180723	0.928377164591769	0.15	0.12	0.561476453118371	0.689981785063752
LC_k1_0.15_k2_0.12	270	0.865819832919519	0.84632131823177	0.928377164591769	0.15	0.12	0.561476453118371	0.689981785063752
LC_k1_0.15_k2_0.12	280	0.858517692463279	0.838334125981928	0.928377164591769	0.15	0.12	0.561476453118371	0.689981785063752
LC_k1_0.15_k2_0.12	290	0.85648490633576	0.835152412735237	0.928377164591769	0.15	0.12	0.561476453118371	0.689981785063752
LC_k1_0.15_k2_0.12	300	0.847122745808287	0.830186113179035	0.928377164591769	0.15	0.12	0.561476453118371	0.689981785063752
LC_k1_0.15_k2_0.2	10	0.527272727272727	0.83030303030303	0.139393939393939	0.15	0.2	0.541450997030123	0.669581056466302
LC_k1_0.15_k2_0.2	20	0.759398496240602	0.846616541353384	0.466165413533835	0.15	0.2	0.541450997030123	0.669581056466302
LC_k1_0.15_k2_0.2	30	0.88476084538376	0.931924360400445	0.722358175750834	0.15	0.2	0.541450997030123	0.669581056466302
LC_k1_0.15_k2_0.2	40	0.885928705440901	0.889305816135085	0.771106941838649	0.15	0.2	0.541450997030123	0.669581056466302
LC_k1_0.15_k2_0.2	50	0.926914765906363	0.92797118847539	0.799951980792317	0.15	0.2	0.541450997030123	0.669581056466302
LC_k1_0.15_k2_0.2	60	0.923312031119756	0.914809669352598	0.816171158655182	0.15	0.2	0.541450997030123	0.669581056466302
LC_k1_0.15_k2_0.2	70	0.924451054150993	0.911573790569504	0.856250546758814	0.15	0.2	0.541450997030123	0.669581056466302
LC_k1_0.15_k2_0.2	80	0.915986872948898	0.909821847163619	0.874261603375527	0.15	0.2	0.541450997030123	0.669581056466302
LC_k1_0.15_k2_0.2	90	0.923776597933901	0.917882866197473	0.887854467629749	0.15	0.2	0.541450997030123	0.669581056466302
LC_k1_0.15_k2_0.2	100	0.934425442544254	0.931725172517252	0.908346834683469	0.15	0.2	0.541450997030123	0.669581056466302
LC_k1_0.15_k2_0.2	110	0.937605662376304	0.933692491490656	0.923819399048757	0.15	0.2	0.541450997030123	0.669581056466302
LC_k1_0.15_k2_0.2	120	0.936356691436905	0.931710535453851	0.932016112230016	0.15	0.2	0.541450997030123	0.669581056466302
LC_k1_0.15_k2_0.2	130	0.934490434117631	0.928072211828647	0.93558835980281	0.15	0.2	0.541450997030123	0.669581056466302
LC_k1_0.15_k2_0.2	140	0.93921847324572	0.932566530362336	0.937490979860489	0.15	0.2	0.541450997030123	0.669581056466302
LC_k1_0.15_k2_0.2	150	0.939574203297924	0.931797857682564	0.939787546113161	0.15	0.2	0.541450997030123	0.669581056466302
LC_k1_0.15_k2_0.2	160	0.93322102425876	0.925351576233447	0.933478846829954	0.15	0.2	0.541450997030123	0.669581056466302
LC_k1_0.15_k2_0.2	170	0.927081539560701	0.917316088690226	0.929634039850758	0.15	0.2	0.541450997030123	0.669581056466302
LC_k1_0.15_k2_0.2	180	0.932650184676482	0.92130415547805	0.926384559194214	0.15	0.2	0.541450997030123	0.669581056466302
LC_k1_0.15_k2_0.2	190	0.926967506025098	0.91334881706885	0.919643786604382	0.15	0.2	0.541450997030123	0.669581056466302
LC_k1_0.15_k2_0.2	200	0.91713642841071	0.905089627240681	0.91992049801245	0.15	0.2	0.541450997030123	0.669581056466302
LC_k1_0.15_k2_0.2	210	0.912358232936931	0.898803017885083	0.920213286339502	0.15	0.2	0.541450997030123	0.669581056466302
LC_k1_0.15_k2_0.2	220	0.90901878137978	0.893670229850729	0.921699734592563	0.15	0.2	0.541450997030123	0.669581056466302
LC_k1_0.15_k2_0.2	230	0.907246048047263	0.894409444741702	0.927432506737614	0.15	0.2	0.541450997030123	0.669581056466302
LC_k1_0.15_k2_0.2	240	0.896210871716523	0.883858226705325	0.928982273997812	0.15	0.2	0.541450997030123	0.669581056466302
LC_k1_0.15_k2_0.2	250	0.880954255268084	0.868161474583593	0.931545125037425	0.15	0.2	0.541450997030123	0.669581056466302
LC_k1_0.15_k2_0.2	260	0.865905390043321	0.852799825213618	0.931545125037425	0.15	0.2	0.541450997030123	0.669581056466302
LC_k1_0.15_k2_0.2	270	0.863045827484297	0.847073043221138	0.931545125037425	0.15	0.2	0.541450997030123	0.669581056466302
LC_k1_0.15_k2_0.2	280	0.865187420393482	0.844461572942804	0.931545125037425	0.15	0.2	0.541450997030123	0.669581056466302
LC_k1_0.15_k2_0.2	290	0.861576442542472	0.841728406299472	0.931545125037425	0.15	0.2	0.541450997030123	0.669581056466302
LC_k1_0.15_k2_0.2	300	0.86631318125757	0.847985866509628	0.931545125037425	0.15	0.2	0.541450997030123	0.669581056466302
LC_k1_0.15_k2_0.28	10	0.224242424242424	0.503030303030303	0.260606060606061	0.15	0.28	0.505897327110734	0.630965391621129
LC_k1_0.15_k2_0.28	20	0.675187969924812	0.757894736842105	0.544360902255639	0.15	0.28	0.505897327110734	0.630965391621129
LC_k1_0.15_k2_0.28	30	0.788209121245829	0.795328142380423	0.64182424916574	0.15	0.28	0.505897327110734	0.630965391621129
LC_k1_0.15_k2_0.28	40	0.875234521575985	0.875422138836773	0.674859287054409	0.15	0.28	0.505897327110734	0.630965391621129
LC_k1_0.15_k2_0.28	50	0.887539015606243	0.88561824729892	0.746746698679472	0.15	0.28	0.505897327110734	0.630965391621129
LC_k1_0.15_k2_0.28	60	0.904362322867463	0.893414837454849	0.792275632120034	0.15	0.28	0.505897327110734	0.630965391621129
LC_k1_0.15_k2_0.28	70	0.913778322106552	0.896596973143207	0.837599510104103	0.15	0.28	0.505897327110734	0.630965391621129
LC_k1_0.15_k2_0.28	80	0.918706047819972	0.905016408813877	0.86221284575715	0.15	0.28	0.505897327110734	0.630965391621129
LC_k1_0.15_k2_0.28	90	0.907428900687328	0.888973947400914	0.869613532534881	0.15	0.28	0.505897327110734	0.630965391621129
LC_k1_0.15_k2_0.28	100	0.920480048004801	0.907578757875788	0.894881488148815	0.15	0.28	0.505897327110734	0.630965391621129
LC_k1_0.15_k2_0.28	110	0.933683474967878	0.923269391159299	0.914568446678538	0.15	0.28	0.505897327110734	0.630965391621129
LC_k1_0.15_k2_0.28	120	0.926217098409612	0.915251059101326	0.926453225918466	0.15	0.28	0.505897327110734	0.630965391621129
LC_k1_0.15_k2_0.28	130	0.927782709036038	0.917491704106297	0.933239563560884	0.15	0.28	0.505897327110734	0.630965391621129
LC_k1_0.15_k2_0.28	140	0.930056198202532	0.919363232818001	0.930633487131268	0.15	0.28	0.505897327110734	0.630965391621129
LC_k1_0.15_k2_0.28	150	0.932757900351127	0.920960042668563	0.933348148806614	0.15	0.28	0.505897327110734	0.630965391621129
LC_k1_0.15_k2_0.28	160	0.935160553146607	0.923209891011368	0.929324387671393	0.15	0.28	0.505897327110734	0.630965391621129
LC_k1_0.15_k2_0.28	170	0.926881247671912	0.915381562154604	0.919841720556177	0.15	0.28	0.505897327110734	0.630965391621129
LC_k1_0.15_k2_0.28	180	0.925269298435137	0.914091998724241	0.911225655112812	0.15	0.28	0.505897327110734	0.630965391621129
LC_k1_0.15_k2_0.28	190	0.925118205636255	0.91240404676613	0.910066615054215	0.15	0.28	0.505897327110734	0.630965391621129
LC_k1_0.15_k2_0.28	200	0.917454436360909	0.896962424060602	0.906114152853822	0.15	0.28	0.505897327110734	0.630965391621129
LC_k1_0.15_k2_0.28	210	0.90905527498194	0.890579961320795	0.907295597891757	0.15	0.28	0.505897327110734	0.630965391621129
LC_k1_0.15_k2_0.28	220	0.897969717631281	0.879310053363236	0.901962662639536	0.15	0.28	0.505897327110734	0.630965391621129
LC_k1_0.15_k2_0.28	230	0.891832261150659	0.872400316600051	0.902551293399974	0.15	0.28	0.505897327110734	0.630965391621129
LC_k1_0.15_k2_0.28	240	0.878207086928592	0.858972377992673	0.908536606538308	0.15	0.28	0.505897327110734	0.630965391621129
LC_k1_0.15_k2_0.28	250	0.866279076465223	0.848315269044305	0.909434634471892	0.15	0.28	0.505897327110734	0.630965391621129
LC_k1_0.15_k2_0.28	260	0.859636294119053	0.84275370482267	0.909434634471892	0.15	0.28	0.505897327110734	0.630965391621129
LC_k1_0.15_k2_0.28	270	0.846876728990338	0.828601215380184	0.909434634471892	0.15	0.28	0.505897327110734	0.630965391621129
LC_k1_0.15_k2_0.28	280	0.845492016115366	0.828544642515484	0.909434634471892	0.15	0.28	0.505897327110734	0.630965391621129
LC_k1_0.15_k2_0.28	290	0.826964525799028	0.809207129036345	0.909434634471892	0.15	0.28	0.505897327110734	0.630965391621129
LC_k1_0.15_k2_0.28	300	0.833027922532473	0.817773086367626	0.909434634471892	0.15	0.28	0.505897327110734	0.630965391621129
LC_k1_0.15_k2_0.36	10	0.357575757575758	0.781818181818182	-0.0181818181818182	0.15	0.36	0.465591854051761	0.585974499089253
LC_k1_0.15_k2_0.36	20	0.709774436090226	0.796992481203008	0.536842105263158	0.15	0.36	0.465591854051761	0.585974499089253
LC_k1_0.15_k2_0.36	30	0.841601779755284	0.881646273637375	0.728142380422692	0.15	0.36	0.465591854051761	0.585974499089253
LC_k1_0.15_k2_0.36	40	0.91500938086304	0.926454033771107	0.754784240150094	0.15	0.36	0.465591854051761	0.585974499089253
LC_k1_0.15_k2_0.36	50	0.935078031212485	0.946314525810324	0.788523409363745	0.15	0.36	0.465591854051761	0.585974499089253
LC_k1_0.15_k2_0.36	60	0.889247013059183	0.880689080300084	0.816060016671298	0.15	0.36	0.465591854051761	0.585974499089253
LC_k1_0.15_k2_0.36	70	0.898766512116175	0.886134196483247	0.855445717784971	0.15	0.36	0.465591854051761	0.585974499089253
LC_k1_0.15_k2_0.36	80	0.885630567276137	0.876933895921238	0.890060947022972	0.15	0.36	0.465591854051761	0.585974499089253
LC_k1_0.15_k2_0.36	90	0.912285467341647	0.904663127135037	0.89457134625674	0.15	0.36	0.465591854051761	0.585974499089253
LC_k1_0.15_k2_0.36	100	0.924368436843684	0.921320132013201	0.898637863786379	0.15	0.36	0.465591854051761	0.585974499089253
LC_k1_0.15_k2_0.36	110	0.927939949958299	0.926389108040484	0.916029123368573	0.15	0.36	0.465591854051761	0.585974499089253
LC_k1_0.15_k2_0.36	120	0.924341968192235	0.920890339606917	0.926994930203486	0.15	0.36	0.465591854051761	0.585974499089253
LC_k1_0.15_k2_0.36	130	0.927438583075011	0.923221674473228	0.928498272542299	0.15	0.36	0.465591854051761	0.585974499089253
LC_k1_0.15_k2_0.36	140	0.925967068290656	0.919866173930157	0.933747348625659	0.15	0.36	0.465591854051761	0.585974499089253
LC_k1_0.15_k2_0.36	150	0.926834081514734	0.921244499755545	0.935040668474155	0.15	0.36	0.465591854051761	0.585974499089253
LC_k1_0.15_k2_0.36	160	0.924457986640103	0.919067151060588	0.932620414859955	0.15	0.36	0.465591854051761	0.585974499089253
LC_k1_0.15_k2_0.36	170	0.930882200279676	0.924226158853451	0.926490434230373	0.15	0.36	0.465591854051761	0.585974499089253
LC_k1_0.15_k2_0.36	180	0.924287786660082	0.916744343961233	0.921293867094663	0.15	0.36	0.465591854051761	0.585974499089253
LC_k1_0.15_k2_0.36	190	0.923219917157641	0.913875439033885	0.920746018624222	0.15	0.36	0.465591854051761	0.585974499089253
LC_k1_0.15_k2_0.36	200	0.92230405760144	0.910857271431786	0.914778369459237	0.15	0.36	0.465591854051761	0.585974499089253
LC_k1_0.15_k2_0.36	210	0.918714062191239	0.905292313074803	0.914848733207426	0.15	0.36	0.465591854051761	0.585974499089253
LC_k1_0.15_k2_0.36	220	0.907715974597522	0.892455328716409	0.917175974710221	0.15	0.36	0.465591854051761	0.585974499089253
LC_k1_0.15_k2_0.36	230	0.898054783644303	0.882216890760654	0.91733483907397	0.15	0.36	0.465591854051761	0.585974499089253
LC_k1_0.15_k2_0.36	240	0.884072640150002	0.869357974964843	0.921863226792132	0.15	0.36	0.465591854051761	0.585974499089253
LC_k1_0.15_k2_0.36	250	0.877697883166131	0.855540728651658	0.924688180028468	0.15	0.36	0.465591854051761	0.585974499089253
LC_k1_0.15_k2_0.36	260	0.872776679673231	0.845779694055556	0.924688180028468	0.15	0.36	0.465591854051761	0.585974499089253
LC_k1_0.15_k2_0.36	270	0.856414430315307	0.833326169692924	0.924688180028468	0.15	0.36	0.465591854051761	0.585974499089253
LC_k1_0.15_k2_0.36	280	0.84509623847243	0.821860154921801	0.924688180028468	0.15	0.36	0.465591854051761	0.585974499089253
LC_k1_0.15_k2_0.36	290	0.849580236101048	0.827769488423127	0.924688180028468	0.15	0.36	0.465591854051761	0.585974499089253
LC_k1_0.15_k2_0.36	300	0.849552106134513	0.833716819075768	0.924688180028468	0.15	0.36	0.465591854051761	0.585974499089253
LC_k1_0.15_k2_0.44	10	0.721212121212121	0.818181818181818	0.284848484848485	0.15	0.44	0.419516334323292	0.534061930783242
LC_k1_0.15_k2_0.44	20	0.604511278195489	0.708270676691729	0.566917293233083	0.15	0.44	0.419516334323292	0.534061930783242
LC_k1_0.15_k2_0.44	30	0.820244716351502	0.862513904338153	0.672080088987764	0.15	0.44	0.419516334323292	0.534061930783242
LC_k1_0.15_k2_0.44	40	0.895309568480301	0.912757973733584	0.81219512195122	0.15	0.44	0.419516334323292	0.534061930783242
LC_k1_0.15_k2_0.44	50	0.929315726290516	0.94093637454982	0.763361344537815	0.15	0.44	0.419516334323292	0.534061930783242
LC_k1_0.15_k2_0.44	60	0.913253681578216	0.919866629619339	0.801944984717977	0.15	0.44	0.419516334323292	0.534061930783242
LC_k1_0.15_k2_0.44	70	0.926130697226839	0.927565392354125	0.843093342664684	0.15	0.44	0.419516334323292	0.534061930783242
LC_k1_0.15_k2_0.44	80	0.905930614158462	0.907032348804501	0.861556493202063	0.15	0.44	0.419516334323292	0.534061930783242
LC_k1_0.15_k2_0.44	90	0.92270650697617	0.92283821047866	0.875540190146932	0.15	0.44	0.419516334323292	0.534061930783242
LC_k1_0.15_k2_0.44	100	0.936921692169217	0.936081608160816	0.900642064206421	0.15	0.44	0.419516334323292	0.534061930783242
LC_k1_0.15_k2_0.44	110	0.939742578274688	0.938876992088001	0.91922998895476	0.15	0.44	0.419516334323292	0.534061930783242
LC_k1_0.15_k2_0.44	120	0.936495589971526	0.93353705118411	0.924432252239739	0.15	0.44	0.419516334323292	0.534061930783242
LC_k1_0.15_k2_0.44	130	0.933326960630351	0.92850373485914	0.931966843736771	0.15	0.44	0.419516334323292	0.534061930783242
LC_k1_0.15_k2_0.44	140	0.937993920972645	0.931013973016116	0.935969036321095	0.15	0.44	0.419516334323292	0.534061930783242
LC_k1_0.15_k2_0.44	150	0.93875994488644	0.932672563225032	0.9401395617583	0.15	0.44	0.419516334323292	0.534061930783242
LC_k1_0.15_k2_0.44	160	0.935670338685105	0.928993320051564	0.93756006093988	0.15	0.44	0.419516334323292	0.534061930783242
LC_k1_0.15_k2_0.44	170	0.93611421522829	0.928146506188897	0.930571992110454	0.15	0.44	0.419516334323292	0.534061930783242
LC_k1_0.15_k2_0.44	180	0.938154469788162	0.928761175756453	0.927643857320699	0.15	0.44	0.419516334323292	0.534061930783242
LC_k1_0.15_k2_0.44	190	0.937365228078924	0.925756800377908	0.92422417299794	0.15	0.44	0.419516334323292	0.534061930783242
LC_k1_0.15_k2_0.44	200	0.933587339683492	0.921234530863272	0.916381909547739	0.15	0.44	0.419516334323292	0.534061930783242
LC_k1_0.15_k2_0.44	210	0.931040872322988	0.918807358767449	0.918668709688914	0.15	0.44	0.419516334323292	0.534061930783242
LC_k1_0.15_k2_0.44	220	0.925587869020585	0.912285941294805	0.916097440029753	0.15	0.44	0.419516334323292	0.534061930783242
LC_k1_0.15_k2_0.44	230	0.907937439435446	0.894329555009259	0.919121015684524	0.15	0.44	0.419516334323292	0.534061930783242
LC_k1_0.15_k2_0.44	240	0.893340162155593	0.882310456778763	0.924325075088109	0.15	0.44	0.419516334323292	0.534061930783242
LC_k1_0.15_k2_0.44	250	0.885225939615034	0.87222579561273	0.927077531399439	0.15	0.44	0.419516334323292	0.534061930783242
LC_k1_0.15_k2_0.44	260	0.869842180187008	0.853624598452185	0.927077531399439	0.15	0.44	0.419516334323292	0.534061930783242
LC_k1_0.15_k2_0.44	270	0.864426123815141	0.845207448357011	0.927077531399439	0.15	0.44	0.419516334323292	0.534061930783242
LC_k1_0.15_k2_0.44	280	0.860804346994222	0.841271845668586	0.927077531399439	0.15	0.44	0.419516334323292	0.534061930783242
LC_k1_0.15_k2_0.44	290	0.854475451961174	0.835320195287082	0.927077531399439	0.15	0.44	0.419516334323292	0.534061930783242
LC_k1_0.15_k2_0.44	300	0.857307747863865	0.84157512861254	0.927077531399439	0.15	0.44	0.419516334323292	0.534061930783242
LC_k1_0.15_k2_0.52	10	0.224242424242424	0.406060606060606	0.260606060606061	0.15	0.52	0.362070428510819	0.468488160291439
LC_k1_0.15_k2_0.52	20	0.431578947368421	0.544360902255639	0.580451127819549	0.15	0.52	0.362070428510819	0.468488160291439
LC_k1_0.15_k2_0.52	30	0.745050055617353	0.77797552836485	0.717463848720801	0.15	0.52	0.362070428510819	0.468488160291439
LC_k1_0.15_k2_0.52	40	0.877298311444653	0.898499061913696	0.754971857410882	0.15	0.52	0.362070428510819	0.468488160291439
LC_k1_0.15_k2_0.52	50	0.915294117647059	0.92297719087635	0.787370948379352	0.15	0.52	0.362070428510819	0.468488160291439
LC_k1_0.15_k2_0.52	60	0.925368157821617	0.922478466240623	0.814115031953321	0.15	0.52	0.362070428510819	0.468488160291439
LC_k1_0.15_k2_0.52	70	0.920846820050739	0.90779459364885	0.814609395503456	0.15	0.52	0.362070428510819	0.468488160291439
LC_k1_0.15_k2_0.52	80	0.91488513830286	0.909001406469761	0.841584622597281	0.15	0.52	0.362070428510819	0.468488160291439
LC_k1_0.15_k2_0.52	90	0.931036753508664	0.924352800757295	0.863011894472569	0.15	0.52	0.362070428510819	0.468488160291439
LC_k1_0.15_k2_0.52	100	0.93957395739574	0.933381338133813	0.868202820282028	0.15	0.52	0.362070428510819	0.468488160291439
LC_k1_0.15_k2_0.52	110	0.940427834005816	0.933196582737867	0.874940829069269	0.15	0.52	0.362070428510819	0.468488160291439
LC_k1_0.15_k2_0.52	120	0.942669629835405	0.933523161330648	0.901284811445239	0.15	0.52	0.362070428510819	0.468488160291439
LC_k1_0.15_k2_0.52	130	0.940881344822406	0.932032391538871	0.915650903330648	0.15	0.52	0.362070428510819	0.468488160291439
LC_k1_0.15_k2_0.52	140	0.947431720277274	0.939918217401763	0.92285758019724	0.15	0.52	0.362070428510819	0.468488160291439
LC_k1_0.15_k2_0.52	150	0.950330236899418	0.943087248322148	0.927218098582159	0.15	0.52	0.362070428510819	0.468488160291439
LC_k1_0.15_k2_0.52	160	0.951189499589828	0.941902027422946	0.928559709363647	0.15	0.52	0.362070428510819	0.468488160291439
LC_k1_0.15_k2_0.52	170	0.947113171023626	0.93929690219283	0.920591593847131	0.15	0.52	0.362070428510819	0.468488160291439
LC_k1_0.15_k2_0.52	180	0.938475467349815	0.931536981594082	0.916935707892219	0.15	0.52	0.362070428510819	0.468488160291439
LC_k1_0.15_k2_0.52	190	0.934105770534539	0.928069738044938	0.918441828830366	0.15	0.52	0.362070428510819	0.468488160291439
LC_k1_0.15_k2_0.52	200	0.933801845046126	0.92878421960549	0.913530338258457	0.15	0.52	0.362070428510819	0.468488160291439
LC_k1_0.15_k2_0.52	210	0.925496204967395	0.919196094501657	0.906413167775104	0.15	0.52	0.362070428510819	0.468488160291439
LC_k1_0.15_k2_0.52	220	0.913237125485312	0.905012312425689	0.904908628840941	0.15	0.52	0.362070428510819	0.468488160291439
LC_k1_0.15_k2_0.52	230	0.907798372123415	0.893213071341038	0.909714739409063	0.15	0.52	0.362070428510819	0.468488160291439
LC_k1_0.15_k2_0.52	240	0.890489418219066	0.877316446466084	0.914638274970051	0.15	0.52	0.362070428510819	0.468488160291439
LC_k1_0.15_k2_0.52	250	0.880159362549801	0.865530264484232	0.914376418598972	0.15	0.52	0.362070428510819	0.468488160291439
LC_k1_0.15_k2_0.52	260	0.87863202345961	0.864466133431651	0.914376418598972	0.15	0.52	0.362070428510819	0.468488160291439
LC_k1_0.15_k2_0.52	270	0.86296108314243	0.848340550320001	0.914376418598972	0.15	0.52	0.362070428510819	0.468488160291439
LC_k1_0.15_k2_0.52	280	0.863730040288415	0.842672373736546	0.914376418598972	0.15	0.52	0.362070428510819	0.468488160291439
LC_k1_0.15_k2_0.52	290	0.850414720581777	0.827289266221953	0.914376418598972	0.15	0.52	0.362070428510819	0.468488160291439
LC_k1_0.15_k2_0.52	300	0.852470360781787	0.831656351737242	0.914376418598972	0.15	0.52	0.362070428510819	0.468488160291439
LC_k1_0.15_k2_0.6	10	0.527272727272727	0.745454545454545	0.478787878787879	0.15	0.6	0.302418328383538	0.394535519125683
LC_k1_0.15_k2_0.6	20	0.258646616541353	0.398496240601504	0.354887218045113	0.15	0.6	0.302418328383538	0.394535519125683
LC_k1_0.15_k2_0.6	30	0.716129032258065	0.760622914349277	0.633815350389321	0.15	0.6	0.302418328383538	0.394535519125683
LC_k1_0.15_k2_0.6	40	0.865290806754222	0.876923076923077	0.7140712945591	0.15	0.6	0.302418328383538	0.394535519125683
LC_k1_0.15_k2_0.6	50	0.920384153661465	0.922016806722689	0.79140456182473	0.15	0.6	0.302418328383538	0.394535519125683
LC_k1_0.15_k2_0.6	60	0.912642400666852	0.902750764101139	0.827007502083912	0.15	0.6	0.302418328383538	0.394535519125683
LC_k1_0.15_k2_0.6	70	0.91318344851719	0.904715248009798	0.830111101390954	0.15	0.6	0.302418328383538	0.394535519125683
LC_k1_0.15_k2_0.6	80	0.903187998124707	0.900937646507267	0.855508673230192	0.15	0.6	0.302418328383538	0.394535519125683
LC_k1_0.15_k2_0.6	90	0.921438860764703	0.914936000329259	0.854451166810718	0.15	0.6	0.302418328383538	0.394535519125683
LC_k1_0.15_k2_0.6	100	0.933633363336334	0.928052805280528	0.86943894389439	0.15	0.6	0.302418328383538	0.394535519125683
LC_k1_0.15_k2_0.6	110	0.939426999977459	0.934747424655681	0.893992741699164	0.15	0.6	0.302418328383538	0.394535519125683
LC_k1_0.15_k2_0.6	120	0.93252309188138	0.92729356205292	0.910097923466907	0.15	0.6	0.302418328383538	0.394535519125683
LC_k1_0.15_k2_0.6	130	0.934506821068156	0.929705444564312	0.915656365647489	0.15	0.6	0.302418328383538	0.394535519125683
LC_k1_0.15_k2_0.6	140	0.939738907961777	0.933336248933984	0.926072029914063	0.15	0.6	0.302418328383538	0.394535519125683
LC_k1_0.15_k2_0.6	150	0.938774167740789	0.932533890395129	0.929767545224232	0.15	0.6	0.302418328383538	0.394535519125683
LC_k1_0.15_k2_0.6	160	0.940317004570491	0.933385093167702	0.92930094925583	0.15	0.6	0.302418328383538	0.394535519125683
LC_k1_0.15_k2_0.6	170	0.932599336838441	0.925283797729618	0.927484565922289	0.15	0.6	0.302418328383538	0.394535519125683
LC_k1_0.15_k2_0.6	180	0.926983343107297	0.917874008457051	0.921987304134901	0.15	0.6	0.302418328383538	0.394535519125683
LC_k1_0.15_k2_0.6	190	0.92572005931058	0.913095128746824	0.923151683746889	0.15	0.6	0.302418328383538	0.394535519125683
LC_k1_0.15_k2_0.6	200	0.92433510837771	0.91019125478137	0.927945698642466	0.15	0.6	0.302418328383538	0.394535519125683
LC_k1_0.15_k2_0.6	210	0.917054160606168	0.900744104984564	0.924708367212732	0.15	0.6	0.302418328383538	0.394535519125683
LC_k1_0.15_k2_0.6	220	0.919743270428202	0.902012250440937	0.923751993373267	0.15	0.6	0.302418328383538	0.394535519125683
LC_k1_0.15_k2_0.6	230	0.906178879028699	0.888620891165034	0.917792479022781	0.15	0.6	0.302418328383538	0.394535519125683
LC_k1_0.15_k2_0.6	240	0.889393913088769	0.872418791992917	0.918677407593882	0.15	0.6	0.302418328383538	0.394535519125683
LC_k1_0.15_k2_0.6	250	0.884186050976816	0.868168386694187	0.916680465860794	0.15	0.6	0.302418328383538	0.394535519125683
LC_k1_0.15_k2_0.6	260	0.872274168825893	0.863655015379153	0.916680465860794	0.15	0.6	0.302418328383538	0.394535519125683
LC_k1_0.15_k2_0.6	270	0.866406946597347	0.856943015526809	0.916680465860794	0.15	0.6	0.302418328383538	0.394535519125683
LC_k1_0.15_k2_0.6	280	0.856590736397877	0.85073552323007	0.916680465860794	0.15	0.6	0.302418328383538	0.394535519125683
LC_k1_0.15_k2_0.6	290	0.854904994975134	0.84909558562138	0.916680465860794	0.15	0.6	0.302418328383538	0.394535519125683
LC_k1_0.15_k2_0.6	300	0.852484138712652	0.847032522583584	0.916680465860794	0.15	0.6	0.302418328383538	0.394535519125683
LC_k1_0.15_k2_0.68	10	0.781818181818182	0.878787878787879	0.503030303030303	0.15	0.68	0.247518031395842	0.325865209471767
LC_k1_0.15_k2_0.68	20	0.443609022556391	0.554887218045113	0.503759398496241	0.15	0.68	0.247518031395842	0.325865209471767
LC_k1_0.15_k2_0.68	30	0.714794215795328	0.757508342602892	0.559065628476085	0.15	0.68	0.247518031395842	0.325865209471767
LC_k1_0.15_k2_0.68	40	0.817636022514072	0.831707317073171	0.682739212007505	0.15	0.68	0.247518031395842	0.325865209471767
LC_k1_0.15_k2_0.68	50	0.828187274909964	0.837599039615846	0.695654261704682	0.15	0.68	0.247518031395842	0.325865209471767
LC_k1_0.15_k2_0.68	60	0.848513475965546	0.847457627118644	0.762156154487358	0.15	0.68	0.247518031395842	0.325865209471767
LC_k1_0.15_k2_0.68	70	0.860764587525151	0.850721721634153	0.781856355524451	0.15	0.68	0.247518031395842	0.325865209471767
LC_k1_0.15_k2_0.68	80	0.86488513830286	0.85407876230661	0.826558837318331	0.15	0.68	0.247518031395842	0.325865209471767
LC_k1_0.15_k2_0.68	90	0.881549162448039	0.875474338395687	0.836951063917356	0.15	0.68	0.247518031395842	0.325865209471767
LC_k1_0.15_k2_0.68	100	0.90017401740174	0.894965496549655	0.871251125112511	0.15	0.68	0.247518031395842	0.325865209471767
LC_k1_0.15_k2_0.68	110	0.917886527060839	0.914334017086311	0.893614047742488	0.15	0.68	0.247518031395842	0.325865209471767
LC_k1_0.15_k2_0.68	120	0.923508576984513	0.919230502118203	0.910570178484617	0.15	0.68	0.247518031395842	0.325865209471767
LC_k1_0.15_k2_0.68	130	0.930431932704257	0.924762047822584	0.914738696418086	0.15	0.68	0.247518031395842	0.325865209471767
LC_k1_0.15_k2_0.68	140	0.922424613500689	0.916524895585052	0.925818372657497	0.15	0.68	0.247518031395842	0.325865209471767
LC_k1_0.15_k2_0.68	150	0.913439708431486	0.90582692564114	0.932352549002178	0.15	0.68	0.247518031395842	0.325865209471767
LC_k1_0.15_k2_0.68	160	0.911736786593226	0.906020742997773	0.931826438532755	0.15	0.68	0.247518031395842	0.325865209471767
LC_k1_0.15_k2_0.68	170	0.91780704807616	0.910220382142269	0.925310666153724	0.15	0.68	0.247518031395842	0.325865209471767
LC_k1_0.15_k2_0.68	180	0.904503225408192	0.899377552805128	0.915098202619422	0.15	0.68	0.247518031395842	0.325865209471767
LC_k1_0.15_k2_0.68	190	0.898108272426267	0.888622078757102	0.919671779798537	0.15	0.68	0.247518031395842	0.325865209471767
LC_k1_0.15_k2_0.68	200	0.895469886747169	0.881162529063227	0.91804845121128	0.15	0.68	0.247518031395842	0.325865209471767
LC_k1_0.15_k2_0.68	210	0.894892336398947	0.877835908167662	0.915431836808739	0.15	0.68	0.247518031395842	0.325865209471767
LC_k1_0.15_k2_0.68	220	0.877841578244479	0.865548311479013	0.919254154387112	0.15	0.68	0.247518031395842	0.325865209471767
LC_k1_0.15_k2_0.68	230	0.874379806637259	0.857512223868784	0.915024940884064	0.15	0.68	0.247518031395842	0.325865209471767
LC_k1_0.15_k2_0.68	240	0.872841542387888	0.859619958679838	0.915746801159742	0.15	0.68	0.247518031395842	0.325865209471767
LC_k1_0.15_k2_0.68	250	0.858340133442135	0.847518072289157	0.91233915575694	0.15	0.68	0.247518031395842	0.325865209471767
LC_k1_0.15_k2_0.68	260	0.851567444670893	0.840360633464082	0.91233915575694	0.15	0.68	0.247518031395842	0.325865209471767
LC_k1_0.15_k2_0.68	270	0.844853229201437	0.83236593704227	0.91233915575694	0.15	0.68	0.247518031395842	0.325865209471767
LC_k1_0.15_k2_0.68	280	0.844425493765409	0.832212692217284	0.91233915575694	0.15	0.68	0.247518031395842	0.325865209471767
LC_k1_0.15_k2_0.68	290	0.839469984267311	0.82519665861786	0.91233915575694	0.15	0.68	0.247518031395842	0.325865209471767
LC_k1_0.15_k2_0.68	300	0.83389370993011	0.821226013622374	0.91233915575694	0.15	0.68	0.247518031395842	0.325865209471767
LC_k1_0.15_k2_0.76	10	0.406060606060606	0.393939393939394	0.333333333333333	0.15	0.76	0.191175222740772	0.25063752276867
LC_k1_0.15_k2_0.76	20	0.263157894736842	0.452631578947368	0.0406015037593985	0.15	0.76	0.191175222740772	0.25063752276867
LC_k1_0.15_k2_0.76	30	0.557285873192436	0.640934371523915	0.524805339265851	0.15	0.76	0.191175222740772	0.25063752276867
LC_k1_0.15_k2_0.76	40	0.718761726078799	0.764352720450282	0.619699812382739	0.15	0.76	0.191175222740772	0.25063752276867
LC_k1_0.15_k2_0.76	50	0.756542617046819	0.789675870348139	0.645714285714286	0.15	0.76	0.191175222740772	0.25063752276867
LC_k1_0.15_k2_0.76	60	0.813225896082245	0.827729924979161	0.729091414281745	0.15	0.76	0.191175222740772	0.25063752276867
LC_k1_0.15_k2_0.76	70	0.834940075234013	0.840083982153792	0.784060887061499	0.15	0.76	0.191175222740772	0.25063752276867
LC_k1_0.15_k2_0.76	80	0.845194561650258	0.847960618846695	0.829653070792311	0.15	0.76	0.191175222740772	0.25063752276867
LC_k1_0.15_k2_0.76	90	0.864493558875581	0.86841173807466	0.841560686504507	0.15	0.76	0.191175222740772	0.25063752276867
LC_k1_0.15_k2_0.76	100	0.890693069306931	0.893321332133214	0.873831383138314	0.15	0.76	0.191175222740772	0.25063752276867
LC_k1_0.15_k2_0.76	110	0.911448729797354	0.913522530036291	0.900033811960417	0.15	0.76	0.191175222740772	0.25063752276867
LC_k1_0.15_k2_0.76	120	0.918654073199528	0.918147093548163	0.905035071879992	0.15	0.76	0.191175222740772	0.25063752276867
LC_k1_0.15_k2_0.76	130	0.922850236927993	0.920506903002909	0.917753895314698	0.15	0.76	0.191175222740772	0.25063752276867
LC_k1_0.15_k2_0.76	140	0.91780192866983	0.914911110625178	0.924134613282019	0.15	0.76	0.191175222740772	0.25063752276867
LC_k1_0.15_k2_0.76	150	0.913880616916308	0.90926530068003	0.928163918396373	0.15	0.76	0.191175222740772	0.25063752276867
LC_k1_0.15_k2_0.76	160	0.908475917028009	0.90146783077464	0.91968240946912	0.15	0.76	0.191175222740772	0.25063752276867
LC_k1_0.15_k2_0.76	170	0.901146182546516	0.890752987585567	0.919228631969761	0.15	0.76	0.191175222740772	0.25063752276867
LC_k1_0.15_k2_0.76	180	0.903025813553916	0.890725022377234	0.917956315524142	0.15	0.76	0.191175222740772	0.25063752276867
LC_k1_0.15_k2_0.76	190	0.888118201262318	0.874321055693335	0.919677028522441	0.15	0.76	0.191175222740772	0.25063752276867
LC_k1_0.15_k2_0.76	200	0.877490437260932	0.865632640816021	0.9140793519838	0.15	0.76	0.191175222740772	0.25063752276867
LC_k1_0.15_k2_0.76	210	0.873200882430117	0.861647656409442	0.910917319148798	0.15	0.76	0.191175222740772	0.25063752276867
LC_k1_0.15_k2_0.76	220	0.858895657122893	0.849186591007703	0.914056451203913	0.15	0.76	0.191175222740772	0.25063752276867
LC_k1_0.15_k2_0.76	230	0.853031494801003	0.841167376386666	0.919689120448566	0.15	0.76	0.191175222740772	0.25063752276867
LC_k1_0.15_k2_0.76	240	0.846107571312002	0.836905154603378	0.914898696157919	0.15	0.76	0.191175222740772	0.25063752276867
LC_k1_0.15_k2_0.76	250	0.835652282436519	0.823997695963135	0.917982607997511	0.15	0.76	0.191175222740772	0.25063752276867
LC_k1_0.15_k2_0.76	260	0.828449897415415	0.823117547255478	0.917982607997511	0.15	0.76	0.191175222740772	0.25063752276867
LC_k1_0.15_k2_0.76	270	0.817606399112318	0.813883744785403	0.917982607997511	0.15	0.76	0.191175222740772	0.25063752276867
LC_k1_0.15_k2_0.76	280	0.821212916345507	0.81707857060859	0.917982607997511	0.15	0.76	0.191175222740772	0.25063752276867
LC_k1_0.15_k2_0.76	290	0.821034568864036	0.81697777373219	0.917982607997511	0.15	0.76	0.191175222740772	0.25063752276867
LC_k1_0.15_k2_0.76	300	0.821322903587818	0.819569995222169	0.917982607997511	0.15	0.76	0.191175222740772	0.25063752276867
LC_k1_0.1_k2_0.04	10	0.418181818181818	0.175757575757576	0.539393939393939	0.1	0.04	0.657191344929996	0.777959927140255
LC_k1_0.1_k2_0.04	20	0.786466165413534	0.67218045112782	0.678195488721805	0.1	0.04	0.657191344929996	0.777959927140255
LC_k1_0.1_k2_0.04	30	0.87007786429366	0.843826473859844	0.749499443826474	0.1	0.04	0.657191344929996	0.777959927140255
LC_k1_0.1_k2_0.04	40	0.927579737335835	0.89906191369606	0.808255159474672	0.1	0.04	0.657191344929996	0.777959927140255
LC_k1_0.1_k2_0.04	50	0.881584633853542	0.845570228091236	0.805330132052821	0.1	0.04	0.657191344929996	0.777959927140255
LC_k1_0.1_k2_0.04	60	0.891858849680467	0.857404834676299	0.838510697415949	0.1	0.04	0.657191344929996	0.777959927140255
LC_k1_0.1_k2_0.04	70	0.895967106989765	0.867693115213017	0.88158516315283	0.1	0.04	0.657191344929996	0.777959927140255
LC_k1_0.1_k2_0.04	80	0.892475386779184	0.874496015002344	0.881481481481482	0.1	0.04	0.657191344929996	0.777959927140255
LC_k1_0.1_k2_0.04	90	0.884561880067498	0.872790879532453	0.897419434498086	0.1	0.04	0.657191344929996	0.777959927140255
LC_k1_0.1_k2_0.04	100	0.886276627662766	0.881500150015002	0.912943294329433	0.1	0.04	0.657191344929996	0.777959927140255
LC_k1_0.1_k2_0.04	110	0.895056691386967	0.889376282036832	0.925469422717129	0.1	0.04	0.657191344929996	0.777959927140255
LC_k1_0.1_k2_0.04	120	0.902465448989513	0.896492812000833	0.935655253837072	0.1	0.04	0.657191344929996	0.777959927140255
LC_k1_0.1_k2_0.04	130	0.902464870474812	0.8953747832143	0.93432656461238	0.1	0.04	0.657191344929996	0.777959927140255
LC_k1_0.1_k2_0.04	140	0.906623515777044	0.900465767203866	0.93548358881284	0.1	0.04	0.657191344929996	0.777959927140255
LC_k1_0.1_k2_0.04	150	0.908699942219654	0.899152851237833	0.933575714476199	0.1	0.04	0.657191344929996	0.777959927140255
LC_k1_0.1_k2_0.04	160	0.901426813547404	0.890088480018751	0.925029298019454	0.1	0.04	0.657191344929996	0.777959927140255
LC_k1_0.1_k2_0.04	170	0.909336166730785	0.897492076868119	0.916009306245077	0.1	0.04	0.657191344929996	0.777959927140255
LC_k1_0.1_k2_0.04	180	0.895430928938136	0.884109591859831	0.911443768840602	0.1	0.04	0.657191344929996	0.777959927140255
LC_k1_0.1_k2_0.04	190	0.891764314800964	0.882659528402158	0.904705918373596	0.1	0.04	0.657191344929996	0.777959927140255
LC_k1_0.1_k2_0.04	200	0.876768919222981	0.868349208730218	0.905281632040801	0.1	0.04	0.657191344929996	0.777959927140255
LC_k1_0.1_k2_0.04	210	0.874017227471954	0.863277754921556	0.901771663108655	0.1	0.04	0.657191344929996	0.777959927140255
LC_k1_0.1_k2_0.04	220	0.869062283405555	0.853072471444752	0.901918709815567	0.1	0.04	0.657191344929996	0.777959927140255
LC_k1_0.1_k2_0.04	230	0.851725642878102	0.83802800578954	0.906961995665242	0.1	0.04	0.657191344929996	0.777959927140255
LC_k1_0.1_k2_0.04	240	0.850534731505755	0.835768850153648	0.913929061268425	0.1	0.04	0.657191344929996	0.777959927140255
LC_k1_0.1_k2_0.04	250	0.851872701963231	0.831805308884942	0.916804240450539	0.1	0.04	0.657191344929996	0.777959927140255
LC_k1_0.1_k2_0.04	260	0.839700405217647	0.822814402124747	0.916804240450539	0.1	0.04	0.657191344929996	0.777959927140255
LC_k1_0.1_k2_0.04	270	0.843557067540935	0.823919547745663	0.916804240450539	0.1	0.04	0.657191344929996	0.777959927140255
LC_k1_0.1_k2_0.04	280	0.834985322334651	0.811597815569805	0.916804240450539	0.1	0.04	0.657191344929996	0.777959927140255
LC_k1_0.1_k2_0.04	290	0.824508307327448	0.798965504940606	0.916804240450539	0.1	0.04	0.657191344929996	0.777959927140255
LC_k1_0.1_k2_0.04	300	0.814901054456161	0.794266158512872	0.916804240450539	0.1	0.04	0.657191344929996	0.777959927140255
LC_k1_0.1_k2_0.12	10	0.36969696969697	-0.0424242424242424	0.6	0.1	0.12	0.656088247772592	0.777413479052823
LC_k1_0.1_k2_0.12	20	0.784962406015038	0.678195488721805	0.726315789473684	0.1	0.12	0.656088247772592	0.777413479052823
LC_k1_0.1_k2_0.12	30	0.859844271412681	0.838042269187987	0.761957730812013	0.1	0.12	0.656088247772592	0.777413479052823
LC_k1_0.1_k2_0.12	40	0.915384615384616	0.893808630393997	0.817448405253284	0.1	0.12	0.656088247772592	0.777413479052823
LC_k1_0.1_k2_0.12	50	0.876590636254502	0.842593037214886	0.81109243697479	0.1	0.12	0.656088247772592	0.777413479052823
LC_k1_0.1_k2_0.12	60	0.889024729091414	0.853348152264518	0.840122256182273	0.1	0.12	0.656088247772592	0.777413479052823
LC_k1_0.1_k2_0.12	70	0.894147493657598	0.864263843933164	0.872417111363835	0.1	0.12	0.656088247772592	0.777413479052823
LC_k1_0.1_k2_0.12	80	0.892545710267229	0.872808251289264	0.887154242850446	0.1	0.12	0.656088247772592	0.777413479052823
LC_k1_0.1_k2_0.12	90	0.887821541754126	0.874437173313578	0.897798082067745	0.1	0.12	0.656088247772592	0.777413479052823
LC_k1_0.1_k2_0.12	100	0.89002100210021	0.884032403240324	0.914083408340834	0.1	0.12	0.656088247772592	0.777413479052823
LC_k1_0.1_k2_0.12	110	0.898059193472037	0.892658296328021	0.925424340103239	0.1	0.12	0.656088247772592	0.777413479052823
LC_k1_0.1_k2_0.12	120	0.906479616640044	0.899368011667477	0.928640877838738	0.1	0.12	0.656088247772592	0.777413479052823
LC_k1_0.1_k2_0.12	130	0.899258490488741	0.892315885782955	0.937210667904792	0.1	0.12	0.656088247772592	0.777413479052823
LC_k1_0.1_k2_0.12	140	0.906151188471715	0.897819859613829	0.934394611969999	0.1	0.12	0.656088247772592	0.777413479052823
LC_k1_0.1_k2_0.12	150	0.908291035157118	0.898626605626917	0.930610249344415	0.1	0.12	0.656088247772592	0.777413479052823
LC_k1_0.1_k2_0.12	160	0.908042306340091	0.897579983593109	0.925670924645494	0.1	0.12	0.656088247772592	0.777413479052823
LC_k1_0.1_k2_0.12	170	0.911270693266407	0.899543847436203	0.91676894987207	0.1	0.12	0.656088247772592	0.777413479052823
LC_k1_0.1_k2_0.12	180	0.902192454499625	0.890397851785549	0.908293465847711	0.1	0.12	0.656088247772592	0.777413479052823
LC_k1_0.1_k2_0.12	190	0.892926032358383	0.883438089114584	0.902590682640283	0.1	0.12	0.656088247772592	0.777413479052823
LC_k1_0.1_k2_0.12	200	0.886436660916523	0.876890422260557	0.901527038175954	0.1	0.12	0.656088247772592	0.777413479052823
LC_k1_0.1_k2_0.12	210	0.874621063645758	0.863446207073047	0.902685192084045	0.1	0.12	0.656088247772592	0.777413479052823
LC_k1_0.1_k2_0.12	220	0.872599922237311	0.857551151507638	0.902420222807008	0.1	0.12	0.656088247772592	0.777413479052823
LC_k1_0.1_k2_0.12	230	0.864733861164467	0.8499749728153	0.907857549703003	0.1	0.12	0.656088247772592	0.777413479052823
LC_k1_0.1_k2_0.12	240	0.855881178492682	0.838383478879841	0.914464660844806	0.1	0.12	0.656088247772592	0.777413479052823
LC_k1_0.1_k2_0.12	250	0.850240675850814	0.831961215379446	0.917320246679412	0.1	0.12	0.656088247772592	0.777413479052823
LC_k1_0.1_k2_0.12	260	0.845851383782418	0.828021124572848	0.917320246679412	0.1	0.12	0.656088247772592	0.777413479052823
LC_k1_0.1_k2_0.12	270	0.842137752232541	0.822648382617655	0.917320246679412	0.1	0.12	0.656088247772592	0.777413479052823
LC_k1_0.1_k2_0.12	280	0.83156545364099	0.808156627362229	0.917320246679412	0.1	0.12	0.656088247772592	0.777413479052823
LC_k1_0.1_k2_0.12	290	0.829188997696065	0.806004991653925	0.917320246679412	0.1	0.12	0.656088247772592	0.777413479052823
LC_k1_0.1_k2_0.12	300	0.817725974733053	0.799310659007322	0.917320246679412	0.1	0.12	0.656088247772592	0.777413479052823
LC_k1_0.1_k2_0.2	10	0.490909090909091	0.309090909090909	0.587878787878788	0.1	0.2	0.651421298260501	0.773406193078324
LC_k1_0.1_k2_0.2	20	0.810526315789474	0.709774436090226	0.684210526315789	0.1	0.2	0.651421298260501	0.773406193078324
LC_k1_0.1_k2_0.2	30	0.879421579532814	0.853615127919911	0.757953281423804	0.1	0.2	0.651421298260501	0.773406193078324
LC_k1_0.1_k2_0.2	40	0.931332082551595	0.906003752345216	0.805065666041276	0.1	0.2	0.651421298260501	0.773406193078324
LC_k1_0.1_k2_0.2	50	0.884465786314526	0.850372148859544	0.777671068427371	0.1	0.2	0.651421298260501	0.773406193078324
LC_k1_0.1_k2_0.2	60	0.896526813003612	0.865351486524035	0.837899416504585	0.1	0.2	0.651421298260501	0.773406193078324
LC_k1_0.1_k2_0.2	70	0.905730032368122	0.878750765462339	0.876161315720409	0.1	0.2	0.651421298260501	0.773406193078324
LC_k1_0.1_k2_0.2	80	0.901476793248945	0.8842709798406	0.889287388654477	0.1	0.2	0.651421298260501	0.773406193078324
LC_k1_0.1_k2_0.2	90	0.894538420381117	0.883178993291353	0.901387002510598	0.1	0.2	0.651421298260501	0.773406193078324
LC_k1_0.1_k2_0.2	100	0.895601560156016	0.891101110111011	0.918007800780078	0.1	0.2	0.651421298260501	0.773406193078324
LC_k1_0.1_k2_0.2	110	0.902369091359917	0.897842796925366	0.928886684849988	0.1	0.2	0.651421298260501	0.773406193078324
LC_k1_0.1_k2_0.2	120	0.908195013542607	0.90244461420932	0.936620598652684	0.1	0.2	0.651421298260501	0.773406193078324
LC_k1_0.1_k2_0.2	130	0.907146076008139	0.900427426292862	0.935692143822802	0.1	0.2	0.651421298260501	0.773406193078324
LC_k1_0.1_k2_0.2	140	0.914185126063283	0.907463208764296	0.933528678576895	0.1	0.2	0.651421298260501	0.773406193078324
LC_k1_0.1_k2_0.2	150	0.916828303480155	0.908024356638073	0.933920618694164	0.1	0.2	0.651421298260501	0.773406193078324
LC_k1_0.1_k2_0.2	160	0.907614555256065	0.895968592523145	0.926798898394468	0.1	0.2	0.651421298260501	0.773406193078324
LC_k1_0.1_k2_0.2	170	0.911822717252582	0.899702615396829	0.921065455144998	0.1	0.2	0.651421298260501	0.773406193078324
LC_k1_0.1_k2_0.2	180	0.900525736391041	0.888469808738953	0.91033262343488	0.1	0.2	0.651421298260501	0.773406193078324
LC_k1_0.1_k2_0.2	190	0.889208186259716	0.878976673796184	0.903971097027035	0.1	0.2	0.651421298260501	0.773406193078324
LC_k1_0.1_k2_0.2	200	0.883355583889597	0.871482787069677	0.905854646366159	0.1	0.2	0.651421298260501	0.773406193078324
LC_k1_0.1_k2_0.2	210	0.882187156819235	0.869180059152621	0.908255775155251	0.1	0.2	0.651421298260501	0.773406193078324
LC_k1_0.1_k2_0.2	220	0.8737596005928	0.860084637361027	0.909997013461961	0.1	0.2	0.651421298260501	0.773406193078324
LC_k1_0.1_k2_0.2	230	0.855602760634088	0.841290663010807	0.91068821059328	0.1	0.2	0.651421298260501	0.773406193078324
LC_k1_0.1_k2_0.2	240	0.859978471848469	0.839675167971666	0.917258980190628	0.1	0.2	0.651421298260501	0.773406193078324
LC_k1_0.1_k2_0.2	250	0.849292948687179	0.828304708875342	0.92002237978393	0.1	0.2	0.651421298260501	0.773406193078324
LC_k1_0.1_k2_0.2	260	0.845305859098962	0.82552905311526	0.92002237978393	0.1	0.2	0.651421298260501	0.773406193078324
LC_k1_0.1_k2_0.2	270	0.841645137640968	0.823058081881934	0.92002237978393	0.1	0.2	0.651421298260501	0.773406193078324
LC_k1_0.1_k2_0.2	280	0.830706113233952	0.809507956551924	0.92002237978393	0.1	0.2	0.651421298260501	0.773406193078324
LC_k1_0.1_k2_0.2	290	0.829783371076207	0.810224649028178	0.92002237978393	0.1	0.2	0.651421298260501	0.773406193078324
LC_k1_0.1_k2_0.2	300	0.815772619695775	0.797684863165146	0.92002237978393	0.1	0.2	0.651421298260501	0.773406193078324
LC_k1_0.1_k2_0.28	10	0.333333333333333	0.309090909090909	0.733333333333333	0.1	0.28	0.63623249893933	0.761020036429873
LC_k1_0.1_k2_0.28	20	0.869172932330827	0.803007518796992	0.783458646616541	0.1	0.28	0.63623249893933	0.761020036429873
LC_k1_0.1_k2_0.28	30	0.901223581757508	0.876751946607342	0.804226918798665	0.1	0.28	0.63623249893933	0.761020036429873
LC_k1_0.1_k2_0.28	40	0.932645403377111	0.906378986866792	0.831144465290807	0.1	0.28	0.63623249893933	0.761020036429873
LC_k1_0.1_k2_0.28	50	0.904921968787515	0.872557022809124	0.809939975990396	0.1	0.28	0.63623249893933	0.761020036429873
LC_k1_0.1_k2_0.28	60	0.910252848013337	0.875020839121979	0.834231731036399	0.1	0.28	0.63623249893933	0.761020036429873
LC_k1_0.1_k2_0.28	70	0.905065173650599	0.882599947511154	0.874026769311521	0.1	0.28	0.63623249893933	0.761020036429873
LC_k1_0.1_k2_0.28	80	0.912306610407876	0.889381153305204	0.880215658696671	0.1	0.28	0.63623249893933	0.761020036429873
LC_k1_0.1_k2_0.28	90	0.905173478207186	0.892365312590032	0.891657406264148	0.1	0.28	0.63623249893933	0.761020036429873
LC_k1_0.1_k2_0.28	100	0.915907590759076	0.908670867086709	0.91020702070207	0.1	0.28	0.63623249893933	0.761020036429873
LC_k1_0.1_k2_0.28	110	0.919798029889773	0.91330613348962	0.924937447873228	0.1	0.28	0.63623249893933	0.761020036429873
LC_k1_0.1_k2_0.28	120	0.923237724842003	0.91629279811098	0.934509340926453	0.1	0.28	0.63623249893933	0.761020036429873
LC_k1_0.1_k2_0.28	130	0.9184093733357	0.91083860219312	0.930634038427399	0.1	0.28	0.63623249893933	0.761020036429873
LC_k1_0.1_k2_0.28	140	0.923657912575715	0.916778552841618	0.931272003673657	0.1	0.28	0.63623249893933	0.761020036429873
LC_k1_0.1_k2_0.28	150	0.922037423885506	0.911814747322103	0.929948886617183	0.1	0.28	0.63623249893933	0.761020036429873
LC_k1_0.1_k2_0.28	160	0.918642329778507	0.907983710301183	0.920397281143795	0.1	0.28	0.63623249893933	0.761020036429873
LC_k1_0.1_k2_0.28	170	0.908813453752725	0.896480847088135	0.914582837183456	0.1	0.28	0.63623249893933	0.761020036429873
LC_k1_0.1_k2_0.28	180	0.904706935399241	0.891677726678807	0.904704877722564	0.1	0.28	0.63623249893933	0.761020036429873
LC_k1_0.1_k2_0.28	190	0.902767389678385	0.888539848749273	0.900200763689328	0.1	0.28	0.63623249893933	0.761020036429873
LC_k1_0.1_k2_0.28	200	0.892261306532664	0.879021975549389	0.900742518562964	0.1	0.28	0.63623249893933	0.761020036429873
LC_k1_0.1_k2_0.28	210	0.891060697845432	0.875458141260087	0.904688476900999	0.1	0.28	0.63623249893933	0.761020036429873
LC_k1_0.1_k2_0.28	220	0.878691332841212	0.865067084406327	0.902488969531677	0.1	0.28	0.63623249893933	0.761020036429873
LC_k1_0.1_k2_0.28	230	0.874748680216688	0.858993635944462	0.907921658747556	0.1	0.28	0.63623249893933	0.761020036429873
LC_k1_0.1_k2_0.28	240	0.863071407489713	0.845618847549437	0.914956856889876	0.1	0.28	0.63623249893933	0.761020036429873
LC_k1_0.1_k2_0.28	250	0.859264820237124	0.841330965295445	0.917803636631257	0.1	0.28	0.63623249893933	0.761020036429873
LC_k1_0.1_k2_0.28	260	0.851243816761058	0.830278326830051	0.917803636631257	0.1	0.28	0.63623249893933	0.761020036429873
LC_k1_0.1_k2_0.28	270	0.850762165614221	0.826572838219088	0.917803636631257	0.1	0.28	0.63623249893933	0.761020036429873
LC_k1_0.1_k2_0.28	280	0.836160082216792	0.815138494842318	0.917803636631257	0.1	0.28	0.63623249893933	0.761020036429873
LC_k1_0.1_k2_0.28	290	0.829558512934878	0.811465059037563	0.917803636631257	0.1	0.28	0.63623249893933	0.761020036429873
LC_k1_0.1_k2_0.28	300	0.81925088056534	0.800702674474161	0.917803636631257	0.1	0.28	0.63623249893933	0.761020036429873
LC_k1_0.1_k2_0.36	10	0.284848484848485	0.43030303030303	0.454545454545455	0.1	0.36	0.608315655494272	0.737158469945355
LC_k1_0.1_k2_0.36	20	0.851127819548872	0.806015037593985	0.741353383458647	0.1	0.36	0.608315655494272	0.737158469945355
LC_k1_0.1_k2_0.36	30	0.913681868743048	0.882981090100111	0.818464961067853	0.1	0.36	0.608315655494272	0.737158469945355
LC_k1_0.1_k2_0.36	40	0.930393996247655	0.903939962476548	0.828893058161351	0.1	0.36	0.608315655494272	0.737158469945355
LC_k1_0.1_k2_0.36	50	0.882545018007203	0.845954381752701	0.811284513805522	0.1	0.36	0.608315655494272	0.737158469945355
LC_k1_0.1_k2_0.36	60	0.898471797721589	0.866685190330647	0.816282300639067	0.1	0.36	0.608315655494272	0.737158469945355
LC_k1_0.1_k2_0.36	70	0.903315545446593	0.880850319307147	0.854955821887849	0.1	0.36	0.608315655494272	0.737158469945355
LC_k1_0.1_k2_0.36	80	0.898429442100328	0.878902953586498	0.876090014064698	0.1	0.36	0.608315655494272	0.737158469945355
LC_k1_0.1_k2_0.36	90	0.921833971272173	0.905585051652467	0.880479071490307	0.1	0.36	0.608315655494272	0.737158469945355
LC_k1_0.1_k2_0.36	100	0.92973297329733	0.92001200120012	0.89015301530153	0.1	0.36	0.608315655494272	0.737158469945355
LC_k1_0.1_k2_0.36	110	0.939454049545792	0.93174492257061	0.907048666681694	0.1	0.36	0.608315655494272	0.737158469945355
LC_k1_0.1_k2_0.36	120	0.936912285575387	0.927751927217168	0.914987151885547	0.1	0.36	0.608315655494272	0.737158469945355
LC_k1_0.1_k2_0.36	130	0.923560338117412	0.914389108140218	0.924991465129935	0.1	0.36	0.608315655494272	0.737158469945355
LC_k1_0.1_k2_0.36	140	0.925162362511207	0.913629704139424	0.926736786862304	0.1	0.36	0.608315655494272	0.737158469945355
LC_k1_0.1_k2_0.36	150	0.927150540024001	0.916735854926886	0.924131739188408	0.1	0.36	0.608315655494272	0.737158469945355
LC_k1_0.1_k2_0.36	160	0.926081096917848	0.914189030821516	0.915167584671276	0.1	0.36	0.608315655494272	0.737158469945355
LC_k1_0.1_k2_0.36	170	0.928686317255024	0.917374710706457	0.910183743382124	0.1	0.36	0.608315655494272	0.737158469945355
LC_k1_0.1_k2_0.36	180	0.927038900377584	0.91428747800858	0.893535808718376	0.1	0.36	0.608315655494272	0.737158469945355
LC_k1_0.1_k2_0.36	190	0.920247389853342	0.90696811837622	0.887224168624004	0.1	0.36	0.608315655494272	0.737158469945355
LC_k1_0.1_k2_0.36	200	0.908211205280132	0.895981399534989	0.88534313357834	0.1	0.36	0.608315655494272	0.737158469945355
LC_k1_0.1_k2_0.36	210	0.900593793834003	0.886342741817923	0.886665392477316	0.1	0.36	0.608315655494272	0.737158469945355
LC_k1_0.1_k2_0.36	220	0.887103227151575	0.870703188833729	0.893187875782558	0.1	0.36	0.608315655494272	0.737158469945355
LC_k1_0.1_k2_0.36	230	0.878769796749672	0.859786615510937	0.89795911322397	0.1	0.36	0.608315655494272	0.737158469945355
LC_k1_0.1_k2_0.36	240	0.870511640827098	0.851264778902411	0.908264900432299	0.1	0.36	0.608315655494272	0.737158469945355
LC_k1_0.1_k2_0.36	250	0.860717131474103	0.839081457303317	0.908100712372943	0.1	0.36	0.608315655494272	0.737158469945355
LC_k1_0.1_k2_0.36	260	0.839616425823322	0.818034404241301	0.908100712372943	0.1	0.36	0.608315655494272	0.737158469945355
LC_k1_0.1_k2_0.36	270	0.83159957993632	0.807229789770016	0.908100712372943	0.1	0.36	0.608315655494272	0.737158469945355
LC_k1_0.1_k2_0.36	280	0.822604151292017	0.797260715789013	0.908100712372943	0.1	0.36	0.608315655494272	0.737158469945355
LC_k1_0.1_k2_0.36	290	0.813830743815479	0.789458483043999	0.908100712372943	0.1	0.36	0.608315655494272	0.737158469945355
LC_k1_0.1_k2_0.36	300	0.813108590095446	0.793521261347348	0.908100712372943	0.1	0.36	0.608315655494272	0.737158469945355
LC_k1_0.1_k2_0.44	10	0.636363636363636	0.575757575757576	0.721212121212121	0.1	0.44	0.576750106067034	0.706921675774135
LC_k1_0.1_k2_0.44	20	0.825563909774436	0.819548872180451	0.679699248120301	0.1	0.44	0.576750106067034	0.706921675774135
LC_k1_0.1_k2_0.44	30	0.92035595105673	0.910567296996663	0.781535038932147	0.1	0.44	0.576750106067034	0.706921675774135
LC_k1_0.1_k2_0.44	40	0.920450281425891	0.903377110694184	0.798874296435272	0.1	0.44	0.576750106067034	0.706921675774135
LC_k1_0.1_k2_0.44	50	0.884177671068427	0.861704681872749	0.813109243697479	0.1	0.44	0.576750106067034	0.706921675774135
LC_k1_0.1_k2_0.44	60	0.900083356487914	0.878188385662684	0.835621005834954	0.1	0.44	0.576750106067034	0.706921675774135
LC_k1_0.1_k2_0.44	70	0.900271192371621	0.871542297261832	0.844458052663809	0.1	0.44	0.576750106067034	0.706921675774135
LC_k1_0.1_k2_0.44	80	0.89479606188467	0.871143928738865	0.859868729488983	0.1	0.44	0.576750106067034	0.706921675774135
LC_k1_0.1_k2_0.44	90	0.919199901222373	0.900432152117545	0.869761698975182	0.1	0.44	0.576750106067034	0.706921675774135
LC_k1_0.1_k2_0.44	100	0.931329132913291	0.919207920792079	0.885424542454245	0.1	0.44	0.576750106067034	0.706921675774135
LC_k1_0.1_k2_0.44	110	0.936307283096274	0.925893199287695	0.903270743637716	0.1	0.44	0.576750106067034	0.706921675774135
LC_k1_0.1_k2_0.44	120	0.932009167303285	0.921640391693868	0.920306965761511	0.1	0.44	0.576750106067034	0.706921675774135
LC_k1_0.1_k2_0.44	130	0.921462808450204	0.911690723620423	0.919977058269265	0.1	0.44	0.576750106067034	0.706921675774135
LC_k1_0.1_k2_0.44	140	0.926977323915943	0.917871903085434	0.926994817519844	0.1	0.44	0.576750106067034	0.706921675774135
LC_k1_0.1_k2_0.44	150	0.925113116138495	0.91338281701409	0.917023867727455	0.1	0.44	0.576750106067034	0.706921675774135
LC_k1_0.1_k2_0.44	160	0.921387554201336	0.906498300714872	0.912419430446502	0.1	0.44	0.576750106067034	0.706921675774135
LC_k1_0.1_k2_0.44	170	0.917699574379736	0.90547444141157	0.911830045004611	0.1	0.44	0.576750106067034	0.706921675774135
LC_k1_0.1_k2_0.44	180	0.917577703015525	0.904050536539194	0.895233391977119	0.1	0.44	0.576750106067034	0.706921675774135
LC_k1_0.1_k2_0.44	190	0.916193625424819	0.900020557501957	0.886429861739865	0.1	0.44	0.576750106067034	0.706921675774135
LC_k1_0.1_k2_0.44	200	0.911374784369609	0.892628815720393	0.883138078451962	0.1	0.44	0.576750106067034	0.706921675774135
LC_k1_0.1_k2_0.44	210	0.893744270197251	0.877270945567279	0.888958933309145	0.1	0.44	0.576750106067034	0.706921675774135
LC_k1_0.1_k2_0.44	220	0.875463617768211	0.860047446509977	0.887462738711731	0.1	0.44	0.576750106067034	0.706921675774135
LC_k1_0.1_k2_0.44	230	0.861572792121492	0.846506180358468	0.891145801227442	0.1	0.44	0.576750106067034	0.706921675774135
LC_k1_0.1_k2_0.44	240	0.865387419920485	0.850600704873348	0.901539089220299	0.1	0.44	0.576750106067034	0.706921675774135
LC_k1_0.1_k2_0.44	250	0.842913838621418	0.825370901934431	0.901503024950616	0.1	0.44	0.576750106067034	0.706921675774135
LC_k1_0.1_k2_0.44	260	0.838834666420873	0.821275462654773	0.901503024950616	0.1	0.44	0.576750106067034	0.706921675774135
LC_k1_0.1_k2_0.44	270	0.836311121475527	0.814843977436057	0.901503024950616	0.1	0.44	0.576750106067034	0.706921675774135
LC_k1_0.1_k2_0.44	280	0.819014819795442	0.79698410876232	0.901503024950616	0.1	0.44	0.576750106067034	0.706921675774135
LC_k1_0.1_k2_0.44	290	0.810976472310344	0.784695131476819	0.901503024950616	0.1	0.44	0.576750106067034	0.706921675774135
LC_k1_0.1_k2_0.44	300	0.802112912365693	0.780078889765442	0.901503024950616	0.1	0.44	0.576750106067034	0.706921675774135
LC_k1_0.1_k2_0.52	10	0.381818181818182	0.551515151515151	0.866666666666667	0.1	0.52	0.536274925753076	0.663934426229508
LC_k1_0.1_k2_0.52	20	0.78796992481203	0.81203007518797	0.834586466165414	0.1	0.52	0.536274925753076	0.663934426229508
LC_k1_0.1_k2_0.52	30	0.895439377085651	0.87230255839822	0.79888765294772	0.1	0.52	0.536274925753076	0.663934426229508
LC_k1_0.1_k2_0.52	40	0.897748592870544	0.871857410881801	0.790806754221389	0.1	0.52	0.536274925753076	0.663934426229508
LC_k1_0.1_k2_0.52	50	0.915870348139256	0.903385354141657	0.818871548619448	0.1	0.52	0.536274925753076	0.663934426229508
LC_k1_0.1_k2_0.52	60	0.907641011392054	0.88791330925257	0.81889413726035	0.1	0.52	0.536274925753076	0.663934426229508
LC_k1_0.1_k2_0.52	70	0.880990289563468	0.849811914968069	0.85009185548071	0.1	0.52	0.536274925753076	0.663934426229508
LC_k1_0.1_k2_0.52	80	0.894960150023441	0.870018752930145	0.86966713548992	0.1	0.52	0.536274925753076	0.663934426229508
LC_k1_0.1_k2_0.52	90	0.912433633781948	0.892579330781578	0.884496028316253	0.1	0.52	0.536274925753076	0.663934426229508
LC_k1_0.1_k2_0.52	100	0.906750675067507	0.890477047704771	0.882892289228923	0.1	0.52	0.536274925753076	0.663934426229508
LC_k1_0.1_k2_0.52	110	0.912954489101278	0.901494488650452	0.90145842255934	0.1	0.52	0.536274925753076	0.663934426229508
LC_k1_0.1_k2_0.52	120	0.910695187165775	0.901993193971803	0.908389471491076	0.1	0.52	0.536274925753076	0.663934426229508
LC_k1_0.1_k2_0.52	130	0.914776932635978	0.907916262682817	0.917661035928389	0.1	0.52	0.536274925753076	0.663934426229508
LC_k1_0.1_k2_0.52	140	0.913467888303339	0.904996610614244	0.918759703483414	0.1	0.52	0.536274925753076	0.663934426229508
LC_k1_0.1_k2_0.52	150	0.916198942175208	0.90539668429708	0.919317302991244	0.1	0.52	0.536274925753076	0.663934426229508
LC_k1_0.1_k2_0.52	160	0.91677897574124	0.903293097386616	0.918088597210829	0.1	0.52	0.536274925753076	0.663934426229508
LC_k1_0.1_k2_0.52	170	0.921715182491558	0.906583374551939	0.908249216846502	0.1	0.52	0.536274925753076	0.663934426229508
LC_k1_0.1_k2_0.52	180	0.923534676996204	0.907421010936552	0.900021605605111	0.1	0.52	0.536274925753076	0.663934426229508
LC_k1_0.1_k2_0.52	190	0.910227575920605	0.895443670257669	0.894992280001925	0.1	0.52	0.536274925753076	0.663934426229508
LC_k1_0.1_k2_0.52	200	0.901393534838371	0.888166204155104	0.89383934598365	0.1	0.52	0.536274925753076	0.663934426229508
LC_k1_0.1_k2_0.52	210	0.892392765627987	0.879055242587296	0.898493325083497	0.1	0.52	0.536274925753076	0.663934426229508
LC_k1_0.1_k2_0.52	220	0.880529462479503	0.865912331021114	0.901112908042803	0.1	0.52	0.536274925753076	0.663934426229508
LC_k1_0.1_k2_0.52	230	0.875601823655744	0.858642515638908	0.902640059769355	0.1	0.52	0.536274925753076	0.663934426229508
LC_k1_0.1_k2_0.52	240	0.86671122762548	0.848562475042969	0.909492352297783	0.1	0.52	0.536274925753076	0.663934426229508
LC_k1_0.1_k2_0.52	250	0.861068881102098	0.84314731435703	0.912774039450641	0.1	0.52	0.536274925753076	0.663934426229508
LC_k1_0.1_k2_0.52	260	0.847776765018144	0.828817904679973	0.912774039450641	0.1	0.52	0.536274925753076	0.663934426229508
LC_k1_0.1_k2_0.52	270	0.831482523003669	0.811661492079605	0.912774039450641	0.1	0.52	0.536274925753076	0.663934426229508
LC_k1_0.1_k2_0.52	280	0.8213042075974	0.797905767748495	0.912774039450641	0.1	0.52	0.536274925753076	0.663934426229508
LC_k1_0.1_k2_0.52	290	0.819417755182623	0.79400337287212	0.912774039450641	0.1	0.52	0.536274925753076	0.663934426229508
LC_k1_0.1_k2_0.52	300	0.8178073089701	0.796454182824254	0.912774039450641	0.1	0.52	0.536274925753076	0.663934426229508
LC_k1_0.1_k2_0.6	10	0.36969696969697	0.406060606060606	0.672727272727273	0.1	0.6	0.490963088672041	0.614207650273224
LC_k1_0.1_k2_0.6	20	0.581954887218045	0.667669172932331	0.506766917293233	0.1	0.6	0.490963088672041	0.614207650273224
LC_k1_0.1_k2_0.6	30	0.844271412680756	0.850500556173526	0.732591768631813	0.1	0.6	0.490963088672041	0.614207650273224
LC_k1_0.1_k2_0.6	40	0.832082551594747	0.801313320825516	0.727392120075047	0.1	0.6	0.490963088672041	0.614207650273224
LC_k1_0.1_k2_0.6	50	0.886962785114046	0.877166866746699	0.772004801920768	0.1	0.6	0.490963088672041	0.614207650273224
LC_k1_0.1_k2_0.6	60	0.880466796332315	0.873853848291192	0.77582661850514	0.1	0.6	0.490963088672041	0.614207650273224
LC_k1_0.1_k2_0.6	70	0.891068148018546	0.886064211355087	0.803936663459015	0.1	0.6	0.490963088672041	0.614207650273224
LC_k1_0.1_k2_0.6	80	0.890904828879512	0.888537271448664	0.823347398030942	0.1	0.6	0.490963088672041	0.614207650273224
LC_k1_0.1_k2_0.6	90	0.911906819771988	0.909618471416224	0.85198172613903	0.1	0.6	0.490963088672041	0.614207650273224
LC_k1_0.1_k2_0.6	100	0.925088508850885	0.922880288028803	0.870735073507351	0.1	0.6	0.490963088672041	0.614207650273224
LC_k1_0.1_k2_0.6	110	0.930383427631134	0.928039131708857	0.897572301242026	0.1	0.6	0.490963088672041	0.614207650273224
LC_k1_0.1_k2_0.6	120	0.925237863740537	0.920202791860546	0.905333703729425	0.1	0.6	0.490963088672041	0.614207650273224
LC_k1_0.1_k2_0.6	130	0.930278987832689	0.925898209725655	0.919239645495637	0.1	0.6	0.490963088672041	0.614207650273224
LC_k1_0.1_k2_0.6	140	0.935584177035271	0.929426428462094	0.922966915221622	0.1	0.6	0.490963088672041	0.614207650273224
LC_k1_0.1_k2_0.6	150	0.931097382105871	0.921425841148496	0.923477487888351	0.1	0.6	0.490963088672041	0.614207650273224
LC_k1_0.1_k2_0.6	160	0.931518809328489	0.922234266963553	0.922111215281847	0.1	0.6	0.490963088672041	0.614207650273224
LC_k1_0.1_k2_0.6	170	0.933161131160655	0.921075225481037	0.91385006198057	0.1	0.6	0.490963088672041	0.614207650273224
LC_k1_0.1_k2_0.6	180	0.934880706194636	0.920923485292756	0.906599997942323	0.1	0.6	0.490963088672041	0.614207650273224
LC_k1_0.1_k2_0.6	190	0.923524343144073	0.912157356742642	0.9009513312076	0.1	0.6	0.490963088672041	0.614207650273224
LC_k1_0.1_k2_0.6	200	0.920055501387535	0.908427210680267	0.899182479561989	0.1	0.6	0.490963088672041	0.614207650273224
LC_k1_0.1_k2_0.6	210	0.914609012837998	0.902217413417214	0.899088090756836	0.1	0.6	0.490963088672041	0.614207650273224
LC_k1_0.1_k2_0.6	220	0.899159824864901	0.885614466114063	0.901096003110507	0.1	0.6	0.490963088672041	0.614207650273224
LC_k1_0.1_k2_0.6	230	0.884023779524064	0.871321312065569	0.905785348124441	0.1	0.6	0.490963088672041	0.614207650273224
LC_k1_0.1_k2_0.6	240	0.868022014271081	0.852607684161183	0.908664212920363	0.1	0.6	0.490963088672041	0.614207650273224
LC_k1_0.1_k2_0.6	250	0.860330821293141	0.844150338405414	0.911683484957206	0.1	0.6	0.490963088672041	0.614207650273224
LC_k1_0.1_k2_0.6	260	0.84735413700931	0.828094862577621	0.911683484957206	0.1	0.6	0.490963088672041	0.614207650273224
LC_k1_0.1_k2_0.6	270	0.836226986805184	0.81651996445615	0.911683484957206	0.1	0.6	0.490963088672041	0.614207650273224
LC_k1_0.1_k2_0.6	280	0.83079467121483	0.809966052773997	0.911683484957206	0.1	0.6	0.490963088672041	0.614207650273224
LC_k1_0.1_k2_0.6	290	0.827261220458155	0.806807002092362	0.911683484957206	0.1	0.6	0.490963088672041	0.614207650273224
LC_k1_0.1_k2_0.6	300	0.823281147568306	0.806127623640263	0.911683484957206	0.1	0.6	0.490963088672041	0.614207650273224
LC_k1_0.1_k2_0.68	10	0.551515151515151	0.83030303030303	0.660606060606061	0.1	0.68	0.433856597369538	0.544444444444444
LC_k1_0.1_k2_0.68	20	0.769924812030075	0.810526315789474	0.762406015037594	0.1	0.68	0.433856597369538	0.544444444444444
LC_k1_0.1_k2_0.68	30	0.89098998887653	0.899888765294772	0.781535038932147	0.1	0.68	0.433856597369538	0.544444444444444
LC_k1_0.1_k2_0.68	40	0.920450281425891	0.9187617260788	0.826641651031895	0.1	0.68	0.433856597369538	0.544444444444444
LC_k1_0.1_k2_0.68	50	0.93719087635054	0.946602641056423	0.799279711884754	0.1	0.68	0.433856597369538	0.544444444444444
LC_k1_0.1_k2_0.68	60	0.918588496804668	0.918588496804668	0.803334259516532	0.1	0.68	0.433856597369538	0.544444444444444
LC_k1_0.1_k2_0.68	70	0.917802466975768	0.913953284926953	0.856705450091855	0.1	0.68	0.433856597369538	0.544444444444444
LC_k1_0.1_k2_0.68	80	0.909071729957806	0.905578996718237	0.869010782934834	0.1	0.68	0.433856597369538	0.544444444444444
LC_k1_0.1_k2_0.68	90	0.91363542824217	0.910244063053052	0.89169033213977	0.1	0.68	0.433856597369538	0.544444444444444
LC_k1_0.1_k2_0.68	100	0.926720672067207	0.923756375637564	0.906294629462946	0.1	0.68	0.433856597369538	0.544444444444444
LC_k1_0.1_k2_0.68	110	0.931249013817821	0.928940783986655	0.921285756148141	0.1	0.68	0.433856597369538	0.544444444444444
LC_k1_0.1_k2_0.68	120	0.933231474407945	0.930259045767067	0.932745329536773	0.1	0.68	0.433856597369538	0.544444444444444
LC_k1_0.1_k2_0.68	130	0.928257930601264	0.923429242513212	0.932141637875705	0.1	0.68	0.433856597369538	0.544444444444444
LC_k1_0.1_k2_0.68	140	0.927440904419322	0.921891058581706	0.935802847084035	0.1	0.68	0.433856597369538	0.544444444444444
LC_k1_0.1_k2_0.68	150	0.929867105204676	0.923079247966576	0.934706431396951	0.1	0.68	0.433856597369538	0.544444444444444
LC_k1_0.1_k2_0.68	160	0.926916090472284	0.917757529591	0.93537442868862	0.1	0.68	0.433856597369538	0.544444444444444
LC_k1_0.1_k2_0.68	170	0.927860723859771	0.919209091297684	0.923251567833611	0.1	0.68	0.433856597369538	0.544444444444444
LC_k1_0.1_k2_0.68	180	0.923536734672881	0.912698951613733	0.924184902826219	0.1	0.68	0.433856597369538	0.544444444444444
LC_k1_0.1_k2_0.68	190	0.918905466108553	0.906576213658055	0.923013467350751	0.1	0.68	0.433856597369538	0.544444444444444
LC_k1_0.1_k2_0.68	200	0.919177979449486	0.906145653641341	0.91763144078602	0.1	0.68	0.433856597369538	0.544444444444444
LC_k1_0.1_k2_0.68	210	0.91522839844117	0.903935625362415	0.916415338216286	0.1	0.68	0.433856597369538	0.544444444444444
LC_k1_0.1_k2_0.68	220	0.908721254571376	0.895423834827542	0.91498284149372	0.1	0.68	0.433856597369538	0.544444444444444
LC_k1_0.1_k2_0.68	230	0.896014143441521	0.877046742890677	0.918384254818658	0.1	0.68	0.433856597369538	0.544444444444444
LC_k1_0.1_k2_0.68	240	0.879174985676835	0.858455875970069	0.920851924512578	0.1	0.68	0.433856597369538	0.544444444444444
LC_k1_0.1_k2_0.68	250	0.869665242643882	0.849910430566889	0.923428689946325	0.1	0.68	0.433856597369538	0.544444444444444
LC_k1_0.1_k2_0.68	260	0.853651226065019	0.833872371803406	0.923428689946325	0.1	0.68	0.433856597369538	0.544444444444444
LC_k1_0.1_k2_0.68	270	0.844494132673669	0.824889535140705	0.923428689946325	0.1	0.68	0.433856597369538	0.544444444444444
LC_k1_0.1_k2_0.68	280	0.845066172491267	0.826656498898492	0.923428689946325	0.1	0.68	0.433856597369538	0.544444444444444
LC_k1_0.1_k2_0.68	290	0.849639771845251	0.830286718731741	0.923428689946325	0.1	0.68	0.433856597369538	0.544444444444444
LC_k1_0.1_k2_0.68	300	0.845371170790787	0.82818831320348	0.923428689946325	0.1	0.68	0.433856597369538	0.544444444444444
LC_k1_0.1_k2_0.76	10	0.236363636363636	0.587878787878788	0.115151515151515	0.1	0.76	0.373186253712346	0.475045537340619
LC_k1_0.1_k2_0.76	20	0.464661654135338	0.565413533834587	0.523308270676692	0.1	0.76	0.373186253712346	0.475045537340619
LC_k1_0.1_k2_0.76	30	0.741045606229144	0.766852057842047	0.668075639599555	0.1	0.76	0.373186253712346	0.475045537340619
LC_k1_0.1_k2_0.76	40	0.871857410881801	0.886303939962477	0.739774859287055	0.1	0.76	0.373186253712346	0.475045537340619
LC_k1_0.1_k2_0.76	50	0.916830732292917	0.924705882352941	0.777767106842737	0.1	0.76	0.373186253712346	0.475045537340619
LC_k1_0.1_k2_0.76	60	0.896804667963323	0.888746874131703	0.819283134203946	0.1	0.76	0.373186253712346	0.475045537340619
LC_k1_0.1_k2_0.76	70	0.906954772110926	0.904785233137958	0.811740005248885	0.1	0.76	0.373186253712346	0.475045537340619
LC_k1_0.1_k2_0.76	80	0.895053914674168	0.893741209563994	0.851593999062354	0.1	0.76	0.373186253712346	0.475045537340619
LC_k1_0.1_k2_0.76	90	0.917207885747212	0.913586039428736	0.870041568917974	0.1	0.76	0.373186253712346	0.475045537340619
LC_k1_0.1_k2_0.76	100	0.929120912091209	0.926228622862286	0.885592559255926	0.1	0.76	0.373186253712346	0.475045537340619
LC_k1_0.1_k2_0.76	110	0.936451547460722	0.935017920339021	0.907147848432252	0.1	0.76	0.373186253712346	0.475045537340619
LC_k1_0.1_k2_0.76	120	0.934189874296826	0.930995208000555	0.921536217792902	0.1	0.76	0.373186253712346	0.475045537340619
LC_k1_0.1_k2_0.76	130	0.932709718827241	0.927170929549768	0.924292288574199	0.1	0.76	0.373186253712346	0.475045537340619
LC_k1_0.1_k2_0.76	140	0.928704817301174	0.922879447202117	0.925341671951193	0.1	0.76	0.373186253712346	0.475045537340619
LC_k1_0.1_k2_0.76	150	0.932775678919063	0.92402506778079	0.930076892306325	0.1	0.76	0.373186253712346	0.475045537340619
LC_k1_0.1_k2_0.76	160	0.930780499238251	0.919084729872261	0.927340911754365	0.1	0.76	0.373186253712346	0.475045537340619
LC_k1_0.1_k2_0.76	170	0.927921788460012	0.917699574379736	0.922425974438358	0.1	0.76	0.373186253712346	0.475045537340619
LC_k1_0.1_k2_0.76	180	0.923166352870973	0.913692809448851	0.917279339897322	0.1	0.76	0.373186253712346	0.475045537340619
LC_k1_0.1_k2_0.76	190	0.919484575312627	0.909620473522375	0.920432844764617	0.1	0.76	0.373186253712346	0.475045537340619
LC_k1_0.1_k2_0.76	200	0.912150303757594	0.901765544138603	0.918679966999175	0.1	0.76	0.373186253712346	0.475045537340619
LC_k1_0.1_k2_0.76	210	0.908470875594847	0.8970433407949	0.91675872144817	0.1	0.76	0.373186253712346	0.475045537340619
LC_k1_0.1_k2_0.76	220	0.893261130489172	0.881877349081217	0.90524560049137	0.1	0.76	0.373186253712346	0.475045537340619
LC_k1_0.1_k2_0.76	230	0.888627795215986	0.875177717668699	0.909908052835716	0.1	0.76	0.373186253712346	0.475045537340619
LC_k1_0.1_k2_0.76	240	0.873633222799007	0.85912949877602	0.910852618969079	0.1	0.76	0.373186253712346	0.475045537340619
LC_k1_0.1_k2_0.76	250	0.860227907646522	0.846973551576825	0.908792344708887	0.1	0.76	0.373186253712346	0.475045537340619
LC_k1_0.1_k2_0.76	260	0.860024784162715	0.845506590334176	0.908792344708887	0.1	0.76	0.373186253712346	0.475045537340619
LC_k1_0.1_k2_0.76	270	0.847228509459816	0.829740081787435	0.908792344708887	0.1	0.76	0.373186253712346	0.475045537340619
LC_k1_0.1_k2_0.76	280	0.834030317442096	0.815227599477399	0.908792344708887	0.1	0.76	0.373186253712346	0.475045537340619
LC_k1_0.1_k2_0.76	290	0.832448702698913	0.815527266509791	0.908792344708887	0.1	0.76	0.373186253712346	0.475045537340619
LC_k1_0.1_k2_0.76	300	0.839371993022145	0.821924688052089	0.908792344708887	0.1	0.76	0.373186253712346	0.475045537340619
LC_k1_0.25_k2_0.04	10	-0.0545454545454545	-0.0666666666666667	0.0666666666666667	0.25	0.04	0.373186253712346	0.476867030965392
LC_k1_0.25_k2_0.04	20	0.193984962406015	0.287218045112782	0.24812030075188	0.25	0.04	0.373186253712346	0.476867030965392
LC_k1_0.25_k2_0.04	30	0.661401557285873	0.693882091212458	0.592880978865406	0.25	0.04	0.373186253712346	0.476867030965392
LC_k1_0.25_k2_0.04	40	0.816322701688556	0.830956848030019	0.712757973733584	0.25	0.04	0.373186253712346	0.476867030965392
LC_k1_0.25_k2_0.04	50	0.891476590636255	0.901752701080432	0.753469387755102	0.25	0.04	0.373186253712346	0.476867030965392
LC_k1_0.25_k2_0.04	60	0.902695193109197	0.901528202278411	0.787774381772715	0.25	0.04	0.373186253712346	0.476867030965392
LC_k1_0.25_k2_0.04	70	0.91314845595311	0.908529437494532	0.836549733181699	0.25	0.04	0.373186253712346	0.476867030965392
LC_k1_0.25_k2_0.04	80	0.899882794186592	0.896225972808251	0.859681200187529	0.25	0.04	0.373186253712346	0.476867030965392
LC_k1_0.25_k2_0.04	90	0.925126558834424	0.919973659299502	0.876758447544965	0.25	0.04	0.373186253712346	0.476867030965392
LC_k1_0.25_k2_0.04	100	0.934605460546055	0.933009300930093	0.900882088208821	0.25	0.04	0.373186253712346	0.476867030965392
LC_k1_0.25_k2_0.04	110	0.941744246331402	0.939156504294119	0.914793859747988	0.25	0.04	0.373186253712346	0.476867030965392
LC_k1_0.25_k2_0.04	120	0.93482880755608	0.931029932634211	0.925335092714772	0.25	0.04	0.373186253712346	0.476867030965392
LC_k1_0.25_k2_0.04	130	0.934173619740813	0.927924729273921	0.933141241857734	0.25	0.04	0.373186253712346	0.476867030965392
LC_k1_0.25_k2_0.04	140	0.934976274299709	0.928954101156765	0.934455839583652	0.25	0.04	0.373186253712346	0.476867030965392
LC_k1_0.25_k2_0.04	150	0.936989199519979	0.929323081025824	0.935506466954087	0.25	0.04	0.373186253712346	0.476867030965392
LC_k1_0.25_k2_0.04	160	0.93649947263565	0.930174030235556	0.933311848119067	0.25	0.04	0.373186253712346	0.476867030965392
LC_k1_0.25_k2_0.04	170	0.938808385390905	0.930063934636452	0.924853902943925	0.25	0.04	0.373186253712346	0.476867030965392
LC_k1_0.25_k2_0.04	180	0.935039147298785	0.925861909318189	0.926629422718808	0.25	0.04	0.373186253712346	0.476867030965392
LC_k1_0.25_k2_0.04	190	0.930452658697354	0.919432088073587	0.919904473224947	0.25	0.04	0.373186253712346	0.476867030965392
LC_k1_0.25_k2_0.04	200	0.929783244581115	0.914932873321833	0.910302257556439	0.25	0.04	0.373186253712346	0.476867030965392
LC_k1_0.25_k2_0.04	210	0.918283861312048	0.90467163168585	0.913589229428591	0.25	0.04	0.373186253712346	0.476867030965392
LC_k1_0.25_k2_0.04	220	0.910270873365152	0.895095879141004	0.914448645633174	0.25	0.04	0.373186253712346	0.476867030965392
LC_k1_0.25_k2_0.04	230	0.898516368765087	0.883462578810974	0.91642054546934	0.25	0.04	0.373186253712346	0.476867030965392
LC_k1_0.25_k2_0.04	240	0.890829701904547	0.878938002395875	0.919620132293963	0.25	0.04	0.373186253712346	0.476867030965392
LC_k1_0.25_k2_0.04	250	0.880966543464695	0.864259972159555	0.92254805046658	0.25	0.04	0.373186253712346	0.476867030965392
LC_k1_0.25_k2_0.04	260	0.877844801982733	0.860522515694929	0.92254805046658	0.25	0.04	0.373186253712346	0.476867030965392
LC_k1_0.25_k2_0.04	270	0.868075007887625	0.848522842105744	0.92254805046658	0.25	0.04	0.373186253712346	0.476867030965392
LC_k1_0.25_k2_0.04	280	0.857008380208931	0.838785115699362	0.92254805046658	0.25	0.04	0.373186253712346	0.476867030965392
LC_k1_0.25_k2_0.04	290	0.861232512912737	0.842988989577555	0.92254805046658	0.25	0.04	0.373186253712346	0.476867030965392
LC_k1_0.25_k2_0.04	300	0.841067567417416	0.826278069756331	0.92254805046658	0.25	0.04	0.373186253712346	0.476867030965392
LC_k1_0.25_k2_0.12	10	-0.0909090909090909	0.0787878787878788	-0.0666666666666667	0.25	0.12	0.368095036062792	0.470673952641166
LC_k1_0.25_k2_0.12	20	0.22406015037594	0.396992481203008	0.311278195488722	0.25	0.12	0.368095036062792	0.470673952641166
LC_k1_0.25_k2_0.12	30	0.701890989988876	0.756173526140156	0.569299221357063	0.25	0.12	0.368095036062792	0.470673952641166
LC_k1_0.25_k2_0.12	40	0.839399624765479	0.863977485928706	0.705440900562852	0.25	0.12	0.368095036062792	0.470673952641166
LC_k1_0.25_k2_0.12	50	0.904921968787515	0.92249699879952	0.767875150060024	0.25	0.12	0.368095036062792	0.470673952641166
LC_k1_0.25_k2_0.12	60	0.904640177827174	0.917699360933593	0.77504862461795	0.25	0.12	0.368095036062792	0.470673952641166
LC_k1_0.25_k2_0.12	70	0.912623567491908	0.911713760825825	0.830426034467676	0.25	0.12	0.368095036062792	0.470673952641166
LC_k1_0.25_k2_0.12	80	0.900070323488045	0.902461322081575	0.866033755274262	0.25	0.12	0.368095036062792	0.470673952641166
LC_k1_0.25_k2_0.12	90	0.924797300078199	0.925011318269745	0.87223113964687	0.25	0.12	0.368095036062792	0.470673952641166
LC_k1_0.25_k2_0.12	100	0.936453645364536	0.93953795379538	0.897737773777378	0.25	0.12	0.368095036062792	0.470673952641166
LC_k1_0.25_k2_0.12	110	0.940058156571918	0.940743412303045	0.913820075287965	0.25	0.12	0.368095036062792	0.470673952641166
LC_k1_0.25_k2_0.12	120	0.938329050628516	0.937808181123689	0.929022848808945	0.25	0.12	0.368095036062792	0.470673952641166
LC_k1_0.25_k2_0.12	130	0.927755397451829	0.924193966871048	0.927252864302394	0.25	0.12	0.368095036062792	0.470673952641166
LC_k1_0.25_k2_0.12	140	0.936100238350353	0.930379829874702	0.936104611751329	0.25	0.12	0.368095036062792	0.470673952641166
LC_k1_0.25_k2_0.12	150	0.939869327525668	0.935076225610027	0.934418418596382	0.25	0.12	0.368095036062792	0.470673952641166
LC_k1_0.25_k2_0.12	160	0.94287179186687	0.937466307277628	0.936692839564045	0.25	0.12	0.368095036062792	0.470673952641166
LC_k1_0.25_k2_0.12	170	0.941680864186223	0.933109836896453	0.927987738228272	0.25	0.12	0.368095036062792	0.470673952641166
LC_k1_0.25_k2_0.12	180	0.936605039250183	0.928493677788409	0.918306120559276	0.25	0.12	0.368095036062792	0.470673952641166
LC_k1_0.25_k2_0.12	190	0.9326553731624	0.922861254357534	0.915234858525021	0.25	0.12	0.368095036062792	0.470673952641166
LC_k1_0.25_k2_0.12	200	0.926669166729168	0.913546838670967	0.915634890872272	0.25	0.12	0.368095036062792	0.470673952641166
LC_k1_0.25_k2_0.12	210	0.917825153145682	0.903619453631926	0.914975720213934	0.25	0.12	0.368095036062792	0.470673952641166
LC_k1_0.25_k2_0.12	220	0.905755002451215	0.893908025898356	0.914857744994731	0.25	0.12	0.368095036062792	0.470673952641166
LC_k1_0.25_k2_0.12	230	0.887640515929865	0.874777282713489	0.914270426744321	0.25	0.12	0.368095036062792	0.470673952641166
LC_k1_0.25_k2_0.12	240	0.882356464521953	0.869807635549228	0.917683466726853	0.25	0.12	0.368095036062792	0.470673952641166
LC_k1_0.25_k2_0.12	250	0.874811692987088	0.864778380454087	0.92068641373162	0.25	0.12	0.368095036062792	0.470673952641166
LC_k1_0.25_k2_0.12	260	0.866662570110846	0.854755930617999	0.92068641373162	0.25	0.12	0.368095036062792	0.470673952641166
LC_k1_0.25_k2_0.12	270	0.864079830389382	0.851997969793824	0.92068641373162	0.25	0.12	0.368095036062792	0.470673952641166
LC_k1_0.25_k2_0.12	280	0.861761538503589	0.847688472702822	0.92068641373162	0.25	0.12	0.368095036062792	0.470673952641166
LC_k1_0.25_k2_0.12	290	0.853674917615569	0.840847670910024	0.92068641373162	0.25	0.12	0.368095036062792	0.470673952641166
LC_k1_0.25_k2_0.12	300	0.849505438949322	0.836241291569906	0.92068641373162	0.25	0.12	0.368095036062792	0.470673952641166
LC_k1_0.25_k2_0.2	10	0.527272727272727	0.672727272727273	0.503030303030303	0.25	0.2	0.355451845566398	0.458469945355191
LC_k1_0.25_k2_0.2	20	0.46015037593985	0.645112781954887	0.356390977443609	0.25	0.2	0.355451845566398	0.458469945355191
LC_k1_0.25_k2_0.2	30	0.785984427141268	0.854060066740823	0.6293659621802	0.25	0.2	0.355451845566398	0.458469945355191
LC_k1_0.25_k2_0.2	40	0.885365853658537	0.900562851782364	0.70656660412758	0.25	0.2	0.355451845566398	0.458469945355191
LC_k1_0.25_k2_0.2	50	0.933445378151261	0.933061224489796	0.773445378151261	0.25	0.2	0.355451845566398	0.458469945355191
LC_k1_0.25_k2_0.2	60	0.94231731036399	0.942039455404279	0.764601278132815	0.25	0.2	0.355451845566398	0.458469945355191
LC_k1_0.25_k2_0.2	70	0.93690840696352	0.922631440818826	0.823147581139008	0.25	0.2	0.355451845566398	0.458469945355191
LC_k1_0.25_k2_0.2	80	0.91783872480075	0.908766994842944	0.849976558837318	0.25	0.2	0.355451845566398	0.458469945355191
LC_k1_0.25_k2_0.2	90	0.935646376095814	0.927447833065811	0.857068773922707	0.25	0.2	0.355451845566398	0.458469945355191
LC_k1_0.25_k2_0.2	100	0.945934593459346	0.93988598859886	0.884956495649565	0.25	0.2	0.355451845566398	0.458469945355191
LC_k1_0.25_k2_0.2	110	0.950697653449947	0.944286905754796	0.907012600590582	0.25	0.2	0.355451845566398	0.458469945355191
LC_k1_0.25_k2_0.2	120	0.940336134453781	0.933162025140635	0.916403916938676	0.25	0.2	0.355451845566398	0.458469945355191
LC_k1_0.25_k2_0.2	130	0.943230141064332	0.936587963784839	0.92672301956875	0.25	0.2	0.355451845566398	0.458469945355191
LC_k1_0.25_k2_0.2	140	0.943657475235617	0.936117731954254	0.927335942795915	0.25	0.2	0.355451845566398	0.458469945355191
LC_k1_0.25_k2_0.2	150	0.94596382061425	0.938930619138629	0.930834259300413	0.25	0.2	0.355451845566398	0.458469945355191
LC_k1_0.25_k2_0.2	160	0.945075002929802	0.937457517871792	0.930839095277159	0.25	0.2	0.355451845566398	0.458469945355191
LC_k1_0.25_k2_0.2	170	0.944081924267683	0.936776155494898	0.929629154682739	0.25	0.2	0.355451845566398	0.458469945355191
LC_k1_0.25_k2_0.2	180	0.946117678529173	0.936777884091073	0.922927662376411	0.25	0.2	0.355451845566398	0.458469945355191
LC_k1_0.25_k2_0.2	190	0.938756139913484	0.928005003783455	0.918831983973896	0.25	0.2	0.355451845566398	0.458469945355191
LC_k1_0.25_k2_0.2	200	0.937083927098178	0.923436585914648	0.914932873321833	0.25	0.2	0.355451845566398	0.458469945355191
LC_k1_0.25_k2_0.2	210	0.922982380552847	0.910452132053529	0.911715523189706	0.25	0.2	0.355451845566398	0.458469945355191
LC_k1_0.25_k2_0.2	220	0.916041090255434	0.900223708604047	0.912625166936206	0.25	0.2	0.355451845566398	0.458469945355191
LC_k1_0.25_k2_0.2	230	0.905133408455983	0.888531138502659	0.914849380731287	0.25	0.2	0.355451845566398	0.458469945355191
LC_k1_0.25_k2_0.2	240	0.892639629160228	0.878543898331568	0.919186965051476	0.25	0.2	0.355451845566398	0.458469945355191
LC_k1_0.25_k2_0.2	250	0.8858918062689	0.872069121105938	0.922124038865221	0.25	0.2	0.355451845566398	0.458469945355191
LC_k1_0.25_k2_0.2	260	0.874293770845495	0.858354754906479	0.922124038865221	0.25	0.2	0.355451845566398	0.458469945355191
LC_k1_0.25_k2_0.2	270	0.864212738781663	0.846660295599238	0.922124038865221	0.25	0.2	0.355451845566398	0.458469945355191
LC_k1_0.25_k2_0.2	280	0.860535939780573	0.84302332573484	0.922124038865221	0.25	0.2	0.355451845566398	0.458469945355191
LC_k1_0.25_k2_0.2	290	0.857754838201774	0.839145243844385	0.922124038865221	0.25	0.2	0.355451845566398	0.458469945355191
LC_k1_0.25_k2_0.2	300	0.849354770608562	0.830914121268014	0.922124038865221	0.25	0.2	0.355451845566398	0.458469945355191
LC_k1_0.25_k2_0.28	10	0.272727272727273	0.393939393939394	0.0181818181818182	0.25	0.28	0.32982605006364	0.428597449908925
LC_k1_0.25_k2_0.28	20	0.321804511278196	0.496240601503759	0.348872180451128	0.25	0.28	0.32982605006364	0.428597449908925
LC_k1_0.25_k2_0.28	30	0.729032258064516	0.76551724137931	0.651612903225806	0.25	0.28	0.32982605006364	0.428597449908925
LC_k1_0.25_k2_0.28	40	0.866041275797374	0.885553470919325	0.771106941838649	0.25	0.28	0.32982605006364	0.428597449908925
LC_k1_0.25_k2_0.28	50	0.922593037214886	0.930948379351741	0.745210084033614	0.25	0.28	0.32982605006364	0.428597449908925
LC_k1_0.25_k2_0.28	60	0.913976104473465	0.89469297026952	0.786218393998333	0.25	0.28	0.32982605006364	0.428597449908925
LC_k1_0.25_k2_0.28	70	0.922876388767387	0.905590062111801	0.81835359986003	0.25	0.28	0.32982605006364	0.428597449908925
LC_k1_0.25_k2_0.28	80	0.907501172058134	0.893413033286451	0.856704172526957	0.25	0.28	0.32982605006364	0.428597449908925
LC_k1_0.25_k2_0.28	90	0.924830225953821	0.914458575132732	0.862534469276042	0.25	0.28	0.32982605006364	0.428597449908925
LC_k1_0.25_k2_0.28	100	0.938613861386139	0.93048904890489	0.88981698169817	0.25	0.28	0.32982605006364	0.428597449908925
LC_k1_0.25_k2_0.28	110	0.944341004891464	0.937299100601853	0.909474111308974	0.25	0.28	0.32982605006364	0.428597449908925
LC_k1_0.25_k2_0.28	120	0.940370859087436	0.93360650045142	0.916952566150427	0.25	0.28	0.32982605006364	0.428597449908925
LC_k1_0.25_k2_0.28	130	0.938450613827855	0.929623509811687	0.927416733807645	0.25	0.28	0.32982605006364	0.428597449908925
LC_k1_0.25_k2_0.28	140	0.943154534123461	0.933686121012005	0.931608755548753	0.25	0.28	0.32982605006364	0.428597449908925
LC_k1_0.25_k2_0.28	150	0.940840037334993	0.93146362060536	0.93391350726699	0.25	0.28	0.32982605006364	0.428597449908925
LC_k1_0.25_k2_0.28	160	0.942962615727177	0.934173209891011	0.929500175788117	0.25	0.28	0.32982605006364	0.428597449908925
LC_k1_0.25_k2_0.28	170	0.942728732726351	0.933268604857079	0.929602286258633	0.25	0.28	0.32982605006364	0.428597449908925
LC_k1_0.25_k2_0.28	180	0.944127905182259	0.933609062008087	0.925633507207013	0.25	0.28	0.32982605006364	0.428597449908925
LC_k1_0.25_k2_0.28	190	0.939818131716726	0.928389910203082	0.920452090085598	0.25	0.28	0.32982605006364	0.428597449908925
LC_k1_0.25_k2_0.28	200	0.930977274431861	0.916797419935499	0.914727368184205	0.25	0.28	0.32982605006364	0.428597449908925
LC_k1_0.25_k2_0.28	210	0.920681065006333	0.9064066888462	0.91703731539102	0.25	0.28	0.32982605006364	0.428597449908925
LC_k1_0.25_k2_0.28	220	0.910408366814491	0.900844683117044	0.91229383026321	0.25	0.28	0.32982605006364	0.428597449908925
LC_k1_0.25_k2_0.28	230	0.899923808866281	0.888662315470745	0.913416297012272	0.25	0.28	0.32982605006364	0.428597449908925
LC_k1_0.25_k2_0.28	240	0.89349728293894	0.88071494296776	0.9189031059567	0.25	0.28	0.32982605006364	0.428597449908925
LC_k1_0.25_k2_0.28	250	0.881762204195267	0.870213603417655	0.921843037093906	0.25	0.28	0.32982605006364	0.428597449908925
LC_k1_0.25_k2_0.28	260	0.877821588166416	0.86814210952142	0.921843037093906	0.25	0.28	0.32982605006364	0.428597449908925
LC_k1_0.25_k2_0.28	270	0.866876393671	0.853422772145937	0.921843037093906	0.25	0.28	0.32982605006364	0.428597449908925
LC_k1_0.25_k2_0.28	280	0.861840803363017	0.852735730958667	0.921843037093906	0.25	0.28	0.32982605006364	0.428597449908925
LC_k1_0.25_k2_0.28	290	0.858057929263172	0.847881745282961	0.921843037093906	0.25	0.28	0.32982605006364	0.428597449908925
LC_k1_0.25_k2_0.28	300	0.858388648762764	0.844702274469716	0.921843037093906	0.25	0.28	0.32982605006364	0.428597449908925
LC_k1_0.25_k2_0.36	10	0.163636363636364	0.321212121212121	0.0909090909090909	0.25	0.36	0.30182435299109	0.39143897996357
LC_k1_0.25_k2_0.36	20	0.0345864661654135	0.221052631578947	0.0902255639097744	0.25	0.36	0.30182435299109	0.39143897996357
LC_k1_0.25_k2_0.36	30	0.611123470522803	0.668075639599555	0.550166852057842	0.25	0.36	0.30182435299109	0.39143897996357
LC_k1_0.25_k2_0.36	40	0.779174484052533	0.807879924953096	0.701500938086304	0.25	0.36	0.30182435299109	0.39143897996357
LC_k1_0.25_k2_0.36	50	0.859495798319328	0.868235294117647	0.740600240096038	0.25	0.36	0.30182435299109	0.39143897996357
LC_k1_0.25_k2_0.36	60	0.853959433175882	0.856348985829397	0.752542372881356	0.25	0.36	0.30182435299109	0.39143897996357
LC_k1_0.25_k2_0.36	70	0.882844895459715	0.876476248797131	0.821677893447643	0.25	0.36	0.30182435299109	0.39143897996357
LC_k1_0.25_k2_0.36	80	0.897702766057197	0.892100328176278	0.85379746835443	0.25	0.36	0.30182435299109	0.39143897996357
LC_k1_0.25_k2_0.36	90	0.892908589537803	0.889122113841215	0.842449685146314	0.25	0.36	0.30182435299109	0.39143897996357
LC_k1_0.25_k2_0.36	100	0.911419141914191	0.907734773477348	0.876051605160516	0.25	0.36	0.30182435299109	0.39143897996357
LC_k1_0.25_k2_0.36	110	0.924396456506548	0.922629218042062	0.901918265221017	0.25	0.36	0.30182435299109	0.39143897996357
LC_k1_0.25_k2_0.36	120	0.92763386346274	0.923515521911244	0.913563441905688	0.25	0.36	0.30182435299109	0.39143897996357
LC_k1_0.25_k2_0.36	130	0.926662934083492	0.920408581299758	0.921058597003919	0.25	0.36	0.30182435299109	0.39143897996357
LC_k1_0.25_k2_0.36	140	0.935103102927992	0.92945704226892	0.92766394786906	0.25	0.36	0.30182435299109	0.39143897996357
LC_k1_0.25_k2_0.36	150	0.934418418596382	0.928163918396373	0.924714876216721	0.25	0.36	0.30182435299109	0.39143897996357
LC_k1_0.25_k2_0.36	160	0.929289230048049	0.921009609750381	0.929362475096683	0.25	0.36	0.30182435299109	0.39143897996357
LC_k1_0.25_k2_0.36	170	0.928879281391785	0.919050323337058	0.92267511800734	0.25	0.36	0.30182435299109	0.39143897996357
LC_k1_0.25_k2_0.36	180	0.913526137637993	0.903583443933455	0.925411278125868	0.25	0.36	0.30182435299109	0.39143897996357
LC_k1_0.25_k2_0.36	190	0.909410524566215	0.895359690675205	0.928603358308511	0.25	0.36	0.30182435299109	0.39143897996357
LC_k1_0.25_k2_0.36	200	0.908517212930323	0.893912847821196	0.926729168229206	0.25	0.36	0.30182435299109	0.39143897996357
LC_k1_0.25_k2_0.36	210	0.907677854697061	0.891027007415134	0.927131486622632	0.25	0.36	0.30182435299109	0.39143897996357
LC_k1_0.25_k2_0.36	220	0.899694020725447	0.883704208764644	0.922918016713343	0.25	0.36	0.30182435299109	0.39143897996357
LC_k1_0.25_k2_0.36	230	0.887349559496892	0.874723036598867	0.925427373082585	0.25	0.36	0.30182435299109	0.39143897996357
LC_k1_0.25_k2_0.36	240	0.868813694682199	0.856382055244015	0.925684473688779	0.25	0.36	0.30182435299109	0.39143897996357
LC_k1_0.25_k2_0.36	250	0.862445927134834	0.850705323285173	0.928372983017791	0.25	0.36	0.30182435299109	0.39143897996357
LC_k1_0.25_k2_0.36	260	0.859120810844949	0.847924241027689	0.928372983017791	0.25	0.36	0.30182435299109	0.39143897996357
LC_k1_0.25_k2_0.36	270	0.843504026118328	0.835415514006441	0.928372983017791	0.25	0.36	0.30182435299109	0.39143897996357
LC_k1_0.25_k2_0.36	280	0.855132262984404	0.838872580371834	0.928372983017791	0.25	0.36	0.30182435299109	0.39143897996357
LC_k1_0.25_k2_0.36	290	0.850512634739599	0.835080576217438	0.928372983017791	0.25	0.36	0.30182435299109	0.39143897996357
LC_k1_0.25_k2_0.36	300	0.844432938143757	0.82788519872443	0.928372983017791	0.25	0.36	0.30182435299109	0.39143897996357
LC_k1_0.25_k2_0.44	10	0.636363636363636	0.757575757575757	0.466666666666667	0.25	0.44	0.26457361052185	0.348816029143898
LC_k1_0.25_k2_0.44	20	0.439097744360902	0.580451127819549	0.455639097744361	0.25	0.44	0.26457361052185	0.348816029143898
LC_k1_0.25_k2_0.44	30	0.725917686318131	0.769076751946607	0.652947719688543	0.25	0.44	0.26457361052185	0.348816029143898
LC_k1_0.25_k2_0.44	40	0.829643527204503	0.840712945590995	0.741088180112571	0.25	0.44	0.26457361052185	0.348816029143898
LC_k1_0.25_k2_0.44	50	0.838367346938776	0.834141656662665	0.779111644657863	0.25	0.44	0.26457361052185	0.348816029143898
LC_k1_0.25_k2_0.44	60	0.850013892747986	0.840789108085579	0.78310641844957	0.25	0.44	0.26457361052185	0.348816029143898
LC_k1_0.25_k2_0.44	70	0.863389029831161	0.844248097279328	0.796903158078908	0.25	0.44	0.26457361052185	0.348816029143898
LC_k1_0.25_k2_0.44	80	0.863548992030005	0.850586029067042	0.847351148616971	0.25	0.44	0.26457361052185	0.348816029143898
LC_k1_0.25_k2_0.44	90	0.89562497427666	0.884677120632177	0.841889945260732	0.25	0.44	0.26457361052185	0.348816029143898
LC_k1_0.25_k2_0.44	100	0.913159315931593	0.901962196219622	0.873687368736874	0.25	0.44	0.26457361052185	0.348816029143898
LC_k1_0.25_k2_0.44	110	0.926064513220476	0.916146338164687	0.894993575727521	0.25	0.44	0.26457361052185	0.348816029143898
LC_k1_0.25_k2_0.44	120	0.932974512118897	0.922244600319466	0.907965830960483	0.25	0.44	0.26457361052185	0.348816029143898
LC_k1_0.25_k2_0.44	130	0.928853323137009	0.917185814363162	0.921566592470196	0.25	0.44	0.26457361052185	0.348816029143898
LC_k1_0.25_k2_0.44	140	0.932172924274562	0.921987273403162	0.932234151888216	0.25	0.44	0.26457361052185	0.348816029143898
LC_k1_0.25_k2_0.44	150	0.929077736788302	0.918627494555314	0.931545402017868	0.25	0.44	0.26457361052185	0.348816029143898
LC_k1_0.25_k2_0.44	160	0.931729755068557	0.921739130434782	0.928243290753545	0.25	0.44	0.26457361052185	0.348816029143898
LC_k1_0.25_k2_0.44	170	0.931465977857976	0.92260916823908	0.929958903524038	0.25	0.44	0.26457361052185	0.348816029143898
LC_k1_0.25_k2_0.44	180	0.930755064456722	0.920956408119592	0.925913351235121	0.25	0.44	0.26457361052185	0.348816029143898
LC_k1_0.25_k2_0.44	190	0.928755571301727	0.917999186447795	0.918541554584542	0.25	0.44	0.26457361052185	0.348816029143898
LC_k1_0.25_k2_0.44	200	0.92523213080327	0.911320783019576	0.925845646141154	0.25	0.44	0.26457361052185	0.348816029143898
LC_k1_0.25_k2_0.44	210	0.917740927069937	0.903259225184893	0.919974861755854	0.25	0.44	0.26457361052185	0.348816029143898
LC_k1_0.25_k2_0.44	220	0.908679555738379	0.892793427362324	0.923144542806106	0.25	0.44	0.26457361052185	0.348816029143898
LC_k1_0.25_k2_0.44	230	0.901035361069536	0.885506177892736	0.921311572422262	0.25	0.44	0.26457361052185	0.348816029143898
LC_k1_0.25_k2_0.44	240	0.885470233858226	0.872557683293113	0.919350162329207	0.25	0.44	0.26457361052185	0.348816029143898
LC_k1_0.25_k2_0.44	250	0.882743723899582	0.869271252340037	0.918220121399456	0.25	0.44	0.26457361052185	0.348816029143898
LC_k1_0.25_k2_0.44	260	0.869450959106131	0.856651270444374	0.918220121399456	0.25	0.44	0.26457361052185	0.348816029143898
LC_k1_0.25_k2_0.44	270	0.870238122455574	0.858568399810392	0.918220121399456	0.25	0.44	0.26457361052185	0.348816029143898
LC_k1_0.25_k2_0.44	280	0.863830624661758	0.854259802876494	0.918220121399456	0.25	0.44	0.26457361052185	0.348816029143898
LC_k1_0.25_k2_0.44	290	0.853394952008532	0.842982593175285	0.918220121399456	0.25	0.44	0.26457361052185	0.348816029143898
LC_k1_0.25_k2_0.44	300	0.850186335403727	0.840326670296337	0.918220121399456	0.25	0.44	0.26457361052185	0.348816029143898
LC_k1_0.25_k2_0.52	10	0.357575757575758	0.309090909090909	0.0787878787878788	0.25	0.52	0.222910479422995	0.296174863387978
LC_k1_0.25_k2_0.52	20	0.0165413533834586	0.129323308270677	-0.0977443609022556	0.25	0.52	0.222910479422995	0.296174863387978
LC_k1_0.25_k2_0.52	30	0.440266963292547	0.558620689655172	0.388654060066741	0.25	0.52	0.222910479422995	0.296174863387978
LC_k1_0.25_k2_0.52	40	0.681050656660413	0.755722326454034	0.519136960600375	0.25	0.52	0.222910479422995	0.296174863387978
LC_k1_0.25_k2_0.52	50	0.775654261704682	0.818199279711885	0.625258103241297	0.25	0.52	0.222910479422995	0.296174863387978
LC_k1_0.25_k2_0.52	60	0.838399555432065	0.859405390386219	0.681467074187274	0.25	0.52	0.222910479422995	0.296174863387978
LC_k1_0.25_k2_0.52	70	0.858280115475461	0.857300323681218	0.753057475286502	0.25	0.52	0.222910479422995	0.296174863387978
LC_k1_0.25_k2_0.52	80	0.863173933427098	0.863666197843413	0.793108298171589	0.25	0.52	0.222910479422995	0.296174863387978
LC_k1_0.25_k2_0.52	90	0.889418446721818	0.887508745935712	0.815384615384615	0.25	0.52	0.222910479422995	0.296174863387978
LC_k1_0.25_k2_0.52	100	0.911071107110711	0.910999099909991	0.858205820582058	0.25	0.52	0.222910479422995	0.296174863387978
LC_k1_0.25_k2_0.52	110	0.922647251087618	0.923034961567071	0.881685188107207	0.25	0.52	0.222910479422995	0.296174863387978
LC_k1_0.25_k2_0.52	120	0.928293631502187	0.927335231613306	0.892860615320508	0.25	0.52	0.222910479422995	0.296174863387978
LC_k1_0.25_k2_0.52	130	0.930213440030589	0.927001597727676	0.908047358287017	0.25	0.52	0.222910479422995	0.296174863387978
LC_k1_0.25_k2_0.52	140	0.935348013382607	0.930769062561501	0.922708884564081	0.25	0.52	0.222910479422995	0.296174863387978
LC_k1_0.25_k2_0.52	150	0.92386861638295	0.919598204364639	0.925088226143384	0.25	0.52	0.222910479422995	0.296174863387978
LC_k1_0.25_k2_0.52	160	0.922465721317239	0.91625161139107	0.925568381577405	0.25	0.52	0.222910479422995	0.296174863387978
LC_k1_0.25_k2_0.52	170	0.925256929305512	0.919284811401982	0.922020505492761	0.25	0.52	0.222910479422995	0.296174863387978
LC_k1_0.25_k2_0.52	180	0.927738510447853	0.920164202598846	0.914266901241808	0.25	0.52	0.222910479422995	0.296174863387978
LC_k1_0.25_k2_0.52	190	0.920527321794889	0.912787203611122	0.91718738381731	0.25	0.52	0.222910479422995	0.296174863387978
LC_k1_0.25_k2_0.52	200	0.914407860196505	0.904731118277957	0.919207980199505	0.25	0.52	0.222910479422995	0.296174863387978
LC_k1_0.25_k2_0.52	210	0.910362722834661	0.897568134036081	0.915562711172589	0.25	0.52	0.222910479422995	0.296174863387978
LC_k1_0.25_k2_0.52	220	0.896334447180539	0.882100494187521	0.910569527169044	0.25	0.52	0.222910479422995	0.296174863387978
LC_k1_0.25_k2_0.52	230	0.87994841687646	0.868780621315271	0.916468873826003	0.25	0.52	0.222910479422995	0.296174863387978
LC_k1_0.25_k2_0.52	240	0.869536797513846	0.860093925241758	0.91537005850796	0.25	0.52	0.222910479422995	0.296174863387978
LC_k1_0.25_k2_0.52	250	0.867120817933087	0.857695771132338	0.917560269025743	0.25	0.52	0.222910479422995	0.296174863387978
LC_k1_0.25_k2_0.52	260	0.858865458865459	0.851735403459541	0.917560269025743	0.25	0.52	0.222910479422995	0.296174863387978
LC_k1_0.25_k2_0.52	270	0.854926222124675	0.847647353796958	0.917560269025743	0.25	0.52	0.222910479422995	0.296174863387978
LC_k1_0.25_k2_0.52	280	0.844254937654088	0.8350870000164	0.917560269025743	0.25	0.52	0.222910479422995	0.296174863387978
LC_k1_0.25_k2_0.52	290	0.842308510782243	0.83392085928284	0.917560269025743	0.25	0.52	0.222910479422995	0.296174863387978
LC_k1_0.25_k2_0.52	300	0.844720052445027	0.835465282947588	0.917560269025743	0.25	0.52	0.222910479422995	0.296174863387978
LC_k1_0.25_k2_0.6	10	-0.0424242424242424	0.139393939393939	0.0303030303030303	0.25	0.6	0.181586762834111	0.242440801457195
LC_k1_0.25_k2_0.6	20	0.198496240601504	0.306766917293233	0.12781954887218	0.25	0.6	0.181586762834111	0.242440801457195
LC_k1_0.25_k2_0.6	30	0.612903225806452	0.709899888765295	0.515906562847609	0.25	0.6	0.181586762834111	0.242440801457195
LC_k1_0.25_k2_0.6	40	0.738649155722327	0.788742964352721	0.685365853658537	0.25	0.6	0.181586762834111	0.242440801457195
LC_k1_0.25_k2_0.6	50	0.812533013205282	0.842016806722689	0.68374549819928	0.25	0.6	0.181586762834111	0.242440801457195
LC_k1_0.25_k2_0.6	60	0.841122534037233	0.863350930814115	0.730036121144763	0.25	0.6	0.181586762834111	0.242440801457195
LC_k1_0.25_k2_0.6	70	0.816743941912344	0.816673956784183	0.783291050651736	0.25	0.6	0.181586762834111	0.242440801457195
LC_k1_0.25_k2_0.6	80	0.841186122831693	0.839639006094702	0.800773558368495	0.25	0.6	0.181586762834111	0.242440801457195
LC_k1_0.25_k2_0.6	90	0.876643206980286	0.874651191505124	0.837477877927316	0.25	0.6	0.181586762834111	0.242440801457195
LC_k1_0.25_k2_0.6	100	0.883600360036004	0.878931893189319	0.86997899789979	0.25	0.6	0.181586762834111	0.242440801457195
LC_k1_0.25_k2_0.6	110	0.896760814192007	0.892820593738025	0.871487500845299	0.25	0.6	0.181586762834111	0.242440801457195
LC_k1_0.25_k2_0.6	120	0.905625390652128	0.898763803041878	0.889527050489617	0.25	0.6	0.181586762834111	0.242440801457195
LC_k1_0.25_k2_0.6	130	0.908741072525912	0.904535088557812	0.905977140204017	0.25	0.6	0.181586762834111	0.242440801457195
LC_k1_0.25_k2_0.6	140	0.91600883426997	0.911547965275197	0.907323259933087	0.25	0.6	0.181586762834111	0.242440801457195
LC_k1_0.25_k2_0.6	150	0.909645762033868	0.90624294413085	0.914769545313125	0.25	0.6	0.181586762834111	0.242440801457195
LC_k1_0.25_k2_0.6	160	0.915545529122231	0.910904722840736	0.921279151529357	0.25	0.6	0.181586762834111	0.242440801457195
LC_k1_0.25_k2_0.6	170	0.92221835479754	0.916798260880185	0.927643333882915	0.25	0.6	0.181586762834111	0.242440801457195
LC_k1_0.25_k2_0.6	180	0.91986789715732	0.913600213998374	0.914522053149789	0.25	0.6	0.181586762834111	0.242440801457195
LC_k1_0.25_k2_0.6	190	0.92440787833458	0.915885700289117	0.906896385816199	0.25	0.6	0.181586762834111	0.242440801457195
LC_k1_0.25_k2_0.6	200	0.924800120003	0.913633840846021	0.909850746268657	0.25	0.6	0.181586762834111	0.242440801457195
LC_k1_0.25_k2_0.6	210	0.921743609346503	0.909065641268186	0.909854774808629	0.25	0.6	0.181586762834111	0.242440801457195
LC_k1_0.25_k2_0.6	220	0.906554042251061	0.893998185537267	0.913680034711461	0.25	0.6	0.181586762834111	0.242440801457195
LC_k1_0.25_k2_0.6	230	0.896498413301147	0.886496416057836	0.914232947610582	0.25	0.6	0.181586762834111	0.242440801457195
LC_k1_0.25_k2_0.6	240	0.888575322488238	0.883894685671626	0.916705151131096	0.25	0.6	0.181586762834111	0.242440801457195
LC_k1_0.25_k2_0.6	250	0.883031728507656	0.876976719627514	0.913766745112994	0.25	0.6	0.181586762834111	0.242440801457195
LC_k1_0.25_k2_0.6	260	0.862273110548972	0.858943976185355	0.913766745112994	0.25	0.6	0.181586762834111	0.242440801457195
LC_k1_0.25_k2_0.6	270	0.849248351219572	0.845203790327866	0.913766745112994	0.25	0.6	0.181586762834111	0.242440801457195
LC_k1_0.25_k2_0.6	280	0.846163854130793	0.841344550677578	0.913766745112994	0.25	0.6	0.181586762834111	0.242440801457195
LC_k1_0.25_k2_0.6	290	0.84043830116476	0.835096321207641	0.913766745112994	0.25	0.6	0.181586762834111	0.242440801457195
LC_k1_0.25_k2_0.6	300	0.844927610306781	0.838757319525773	0.913766745112994	0.25	0.6	0.181586762834111	0.242440801457195
LC_k1_0.25_k2_0.68	10	0.0181818181818182	-0.00606060606060606	-0.212121212121212	0.25	0.68	0.144336020364871	0.192714025500911
LC_k1_0.25_k2_0.68	20	0.24812030075188	0.311278195488722	0.0962406015037594	0.25	0.68	0.144336020364871	0.192714025500911
LC_k1_0.25_k2_0.68	30	0.60845383759733	0.658286985539488	0.489655172413793	0.25	0.68	0.144336020364871	0.192714025500911
LC_k1_0.25_k2_0.68	40	0.723452157598499	0.772420262664165	0.533208255159475	0.25	0.68	0.144336020364871	0.192714025500911
LC_k1_0.25_k2_0.68	50	0.702569027611044	0.718223289315726	0.544393757503001	0.25	0.68	0.144336020364871	0.192714025500911
LC_k1_0.25_k2_0.68	60	0.727535426507363	0.754431786607391	0.597610447346485	0.25	0.68	0.144336020364871	0.192714025500911
LC_k1_0.25_k2_0.68	70	0.783885924241099	0.80267693115213	0.702143294549908	0.25	0.68	0.144336020364871	0.192714025500911
LC_k1_0.25_k2_0.68	80	0.796413502109705	0.802344116268167	0.707712142522269	0.25	0.68	0.144336020364871	0.192714025500911
LC_k1_0.25_k2_0.68	90	0.827863522245545	0.829756760093839	0.779972836152611	0.25	0.68	0.144336020364871	0.192714025500911
LC_k1_0.25_k2_0.68	100	0.846240624062406	0.845424542454246	0.82954695469547	0.25	0.68	0.144336020364871	0.192714025500911
LC_k1_0.25_k2_0.68	110	0.856213511259383	0.851542952460384	0.841047719946803	0.25	0.68	0.144336020364871	0.192714025500911
LC_k1_0.25_k2_0.68	120	0.876908118619348	0.875435794152372	0.870859087436627	0.25	0.68	0.144336020364871	0.192714025500911
LC_k1_0.25_k2_0.68	130	0.882166901091098	0.882347157546874	0.887530896229636	0.25	0.68	0.144336020364871	0.192714025500911
LC_k1_0.25_k2_0.68	140	0.878572521921673	0.879167304454309	0.891434694189937	0.25	0.68	0.144336020364871	0.192714025500911
LC_k1_0.25_k2_0.68	150	0.889385306013601	0.888290146228721	0.899565314013956	0.25	0.68	0.144336020364871	0.192714025500911
LC_k1_0.25_k2_0.68	160	0.902168053439587	0.897802648540958	0.907509082386031	0.25	0.68	0.144336020364871	0.192714025500911
LC_k1_0.25_k2_0.68	170	0.913498329883184	0.906480786023534	0.905122709314184	0.25	0.68	0.144336020364871	0.192714025500911
LC_k1_0.25_k2_0.68	180	0.914900665658405	0.907704970318014	0.910534275749252	0.25	0.68	0.144336020364871	0.192714025500911
LC_k1_0.25_k2_0.68	190	0.911553753493682	0.901964334921072	0.908684451092828	0.25	0.68	0.144336020364871	0.192714025500911
LC_k1_0.25_k2_0.68	200	0.912090302257556	0.899737493437336	0.902689567239181	0.25	0.68	0.144336020364871	0.192714025500911
LC_k1_0.25_k2_0.68	210	0.90109137557379	0.887293848580953	0.898288590930148	0.25	0.68	0.144336020364871	0.192714025500911
LC_k1_0.25_k2_0.68	220	0.882895026005421	0.87291209998704	0.903519043406231	0.25	0.68	0.144336020364871	0.192714025500911
LC_k1_0.25_k2_0.68	230	0.879752144570827	0.865663935456987	0.911159658643995	0.25	0.68	0.144336020364871	0.192714025500911
LC_k1_0.25_k2_0.68	240	0.869127936248893	0.858665080990989	0.900084202850744	0.25	0.68	0.144336020364871	0.192714025500911
LC_k1_0.25_k2_0.68	250	0.853897182354918	0.846751596025536	0.901499679691433	0.25	0.68	0.144336020364871	0.192714025500911
LC_k1_0.25_k2_0.68	260	0.854148957597233	0.846269915235432	0.901499679691433	0.25	0.68	0.144336020364871	0.192714025500911
LC_k1_0.25_k2_0.68	270	0.848739275496844	0.841937779972595	0.901499679691433	0.25	0.68	0.144336020364871	0.192714025500911
LC_k1_0.25_k2_0.68	280	0.838972071436771	0.832373955207155	0.901499679691433	0.25	0.68	0.144336020364871	0.192714025500911
LC_k1_0.25_k2_0.68	290	0.840173588516982	0.831895659918052	0.901499679691433	0.25	0.68	0.144336020364871	0.192714025500911
LC_k1_0.25_k2_0.68	300	0.834785719841332	0.82908654540606	0.901499679691433	0.25	0.68	0.144336020364871	0.192714025500911
LC_k1_0.25_k2_0.76	10	0.248484848484848	0.127272727272727	0.296969696969697	0.25	0.76	0.105133644463301	0.14207650273224
LC_k1_0.25_k2_0.76	20	0.222556390977444	0.294736842105263	0.302255639097744	0.25	0.76	0.105133644463301	0.14207650273224
LC_k1_0.25_k2_0.76	30	0.191991101223582	0.247163515016685	0.0109010011123471	0.25	0.76	0.105133644463301	0.14207650273224
LC_k1_0.25_k2_0.76	40	0.346341463414634	0.41125703564728	0.238649155722327	0.25	0.76	0.105133644463301	0.14207650273224
LC_k1_0.25_k2_0.76	50	0.595102040816327	0.619975990396159	0.444513805522209	0.25	0.76	0.105133644463301	0.14207650273224
LC_k1_0.25_k2_0.76	60	0.723589886079467	0.749763823284246	0.574604056682412	0.25	0.76	0.105133644463301	0.14207650273224
LC_k1_0.25_k2_0.76	70	0.784830723471262	0.785425597060625	0.700813577114863	0.25	0.76	0.105133644463301	0.14207650273224
LC_k1_0.25_k2_0.76	80	0.838607594936709	0.837482419127989	0.756188466947961	0.25	0.76	0.105133644463301	0.14207650273224
LC_k1_0.25_k2_0.76	90	0.870156809482652	0.862830802156645	0.815549244762728	0.25	0.76	0.105133644463301	0.14207650273224
LC_k1_0.25_k2_0.76	100	0.880828082808281	0.870483048304831	0.837959795979598	0.25	0.76	0.105133644463301	0.14207650273224
LC_k1_0.25_k2_0.76	110	0.897960011721479	0.891468115321326	0.851606068119829	0.25	0.76	0.105133644463301	0.14207650273224
LC_k1_0.25_k2_0.76	120	0.90577123411348	0.899951385512883	0.869970136815056	0.25	0.76	0.105133644463301	0.14207650273224
LC_k1_0.25_k2_0.76	130	0.912815960889811	0.907353644048123	0.884133335154106	0.25	0.76	0.105133644463301	0.14207650273224
LC_k1_0.25_k2_0.76	140	0.914399422711071	0.909181955347576	0.895816841967156	0.25	0.76	0.105133644463301	0.14207650273224
LC_k1_0.25_k2_0.76	150	0.925738921729855	0.921834748211032	0.902463220587582	0.25	0.76	0.105133644463301	0.14207650273224
LC_k1_0.25_k2_0.76	160	0.930112504394703	0.926239306222899	0.907424118129614	0.25	0.76	0.105133644463301	0.14207650273224
LC_k1_0.25_k2_0.76	170	0.937792270442902	0.932252489909075	0.909030843729582	0.25	0.76	0.105133644463301	0.14207650273224
LC_k1_0.25_k2_0.76	180	0.935489778491106	0.929835282981985	0.916213463378499	0.25	0.76	0.105133644463301	0.14207650273224
LC_k1_0.25_k2_0.76	190	0.928104729537631	0.921732778718174	0.902148040257713	0.25	0.76	0.105133644463301	0.14207650273224
LC_k1_0.25_k2_0.76	200	0.915660391509788	0.907461186529664	0.900378009450236	0.25	0.76	0.105133644463301	0.14207650273224
LC_k1_0.25_k2_0.76	210	0.903558551700233	0.89773399461601	0.905976487967009	0.25	0.76	0.105133644463301	0.14207650273224
LC_k1_0.25_k2_0.76	220	0.888597623166519	0.881711680744719	0.909479722533711	0.25	0.76	0.105133644463301	0.14207650273224
LC_k1_0.25_k2_0.76	230	0.889691019062578	0.880053950226724	0.911031440554888	0.25	0.76	0.105133644463301	0.14207650273224
LC_k1_0.25_k2_0.76	240	0.883180263546242	0.876702720533342	0.91229708849112	0.25	0.76	0.105133644463301	0.14207650273224
LC_k1_0.25_k2_0.76	250	0.869475543608698	0.867957951327221	0.911399974241504	0.25	0.76	0.105133644463301	0.14207650273224
LC_k1_0.25_k2_0.76	260	0.858217520286486	0.857163339921961	0.911399974241504	0.25	0.76	0.105133644463301	0.14207650273224
LC_k1_0.25_k2_0.76	270	0.849357482422408	0.844646550554725	0.911399974241504	0.25	0.76	0.105133644463301	0.14207650273224
LC_k1_0.25_k2_0.76	280	0.841588358452094	0.83411450218935	0.911399974241504	0.25	0.76	0.105133644463301	0.14207650273224
LC_k1_0.25_k2_0.76	290	0.837709989581245	0.834537866086398	0.911399974241504	0.25	0.76	0.105133644463301	0.14207650273224
LC_k1_0.25_k2_0.76	300	0.822816253513928	0.823404704496717	0.911399974241504	0.25	0.76	0.105133644463301	0.14207650273224
LC_k1_0.2_k2_0.04	10	0.248484848484848	0.490909090909091	0.357575757575758	0.2	0.04	0.464997878659313	0.585792349726776
LC_k1_0.2_k2_0.04	20	0.56390977443609	0.616541353383459	0.433082706766917	0.2	0.04	0.464997878659313	0.585792349726776
LC_k1_0.2_k2_0.04	30	0.803337041156841	0.84293659621802	0.714349276974416	0.2	0.04	0.464997878659313	0.585792349726776
LC_k1_0.2_k2_0.04	40	0.877673545966229	0.874108818011257	0.77016885553471	0.2	0.04	0.464997878659313	0.585792349726776
LC_k1_0.2_k2_0.04	50	0.919615846338535	0.923073229291717	0.793613445378151	0.2	0.04	0.464997878659313	0.585792349726776
LC_k1_0.2_k2_0.04	60	0.884078910808558	0.87051958877466	0.821617115865518	0.2	0.04	0.464997878659313	0.585792349726776
LC_k1_0.2_k2_0.04	70	0.907304697751728	0.888303735456215	0.862759163677719	0.2	0.04	0.464997878659313	0.585792349726776
LC_k1_0.2_k2_0.04	80	0.894069385841538	0.886193155180497	0.883661509610877	0.2	0.04	0.464997878659313	0.585792349726776
LC_k1_0.2_k2_0.04	90	0.896760916985636	0.891640943326337	0.884347861875952	0.2	0.04	0.464997878659313	0.585792349726776
LC_k1_0.2_k2_0.04	100	0.911647164716472	0.910903090309031	0.905046504650465	0.2	0.04	0.464997878659313	0.585792349726776
LC_k1_0.2_k2_0.04	110	0.9209341117598	0.918634898451412	0.921141491783693	0.2	0.04	0.464997878659313	0.585792349726776
LC_k1_0.2_k2_0.04	120	0.918369331203556	0.915195499687478	0.928738106812973	0.2	0.04	0.464997878659313	0.585792349726776
LC_k1_0.2_k2_0.04	130	0.926438979092982	0.92345655409742	0.927913804640238	0.2	0.04	0.464997878659313	0.585792349726776
LC_k1_0.2_k2_0.04	140	0.926986070717894	0.92057466488815	0.931569394939975	0.2	0.04	0.464997878659313	0.585792349726776
LC_k1_0.2_k2_0.04	150	0.918126138939509	0.909620872038757	0.936206942530779	0.2	0.04	0.464997878659313	0.585792349726776
LC_k1_0.2_k2_0.04	160	0.922029180827376	0.913450720731278	0.928615375600609	0.2	0.04	0.464997878659313	0.585792349726776
LC_k1_0.2_k2_0.04	170	0.91975134494782	0.91046708312724	0.921390318818278	0.2	0.04	0.464997878659313	0.585792349726776
LC_k1_0.2_k2_0.04	180	0.91387388499645	0.901295307468337	0.911233885819521	0.2	0.04	0.464997878659313	0.585792349726776
LC_k1_0.2_k2_0.04	190	0.914772970821469	0.900786871191942	0.904286020461276	0.2	0.04	0.464997878659313	0.585792349726776
LC_k1_0.2_k2_0.04	200	0.904932123303083	0.890884272106803	0.905677641941049	0.2	0.04	0.464997878659313	0.585792349726776
LC_k1_0.2_k2_0.04	210	0.901850706041277	0.887261453936435	0.90967077322777	0.2	0.04	0.464997878659313	0.585792349726776
LC_k1_0.2_k2_0.04	220	0.895941125755791	0.881686886844018	0.908975955551298	0.2	0.04	0.464997878659313	0.585792349726776
LC_k1_0.2_k2_0.04	230	0.887061561942899	0.873339267529509	0.913277229700241	0.2	0.04	0.464997878659313	0.585792349726776
LC_k1_0.2_k2_0.04	240	0.872126252191878	0.859007968888349	0.921563742426084	0.2	0.04	0.464997878659313	0.585792349726776
LC_k1_0.2_k2_0.04	250	0.867580857293717	0.850977199635194	0.921152241072758	0.2	0.04	0.464997878659313	0.585792349726776
LC_k1_0.2_k2_0.04	260	0.859173383311314	0.839884750229578	0.921152241072758	0.2	0.04	0.464997878659313	0.585792349726776
LC_k1_0.2_k2_0.04	270	0.847957066931264	0.828959092564903	0.921152241072758	0.2	0.04	0.464997878659313	0.585792349726776
LC_k1_0.2_k2_0.04	280	0.851733167150456	0.831121023773991	0.921152241072758	0.2	0.04	0.464997878659313	0.585792349726776
LC_k1_0.2_k2_0.04	290	0.851658082776826	0.834400589453071	0.921152241072758	0.2	0.04	0.464997878659313	0.585792349726776
LC_k1_0.2_k2_0.04	300	0.835013722374693	0.821077567528528	0.921152241072758	0.2	0.04	0.464997878659313	0.585792349726776
LC_k1_0.2_k2_0.12	10	0.612121212121212	0.915151515151515	0.527272727272727	0.2	0.12	0.461858294442087	0.582331511839709
LC_k1_0.2_k2_0.12	20	0.76390977443609	0.830075187969925	0.592481203007519	0.2	0.12	0.461858294442087	0.582331511839709
LC_k1_0.2_k2_0.12	30	0.871857619577308	0.914571746384872	0.761067853170189	0.2	0.12	0.461858294442087	0.582331511839709
LC_k1_0.2_k2_0.12	40	0.901500938086304	0.911632270168856	0.775797373358349	0.2	0.12	0.461858294442087	0.582331511839709
LC_k1_0.2_k2_0.12	50	0.902136854741897	0.903097238895558	0.780552220888355	0.2	0.12	0.461858294442087	0.582331511839709
LC_k1_0.2_k2_0.12	60	0.900194498471798	0.891247568769103	0.813948318977494	0.2	0.12	0.461858294442087	0.582331511839709
LC_k1_0.2_k2_0.12	70	0.904435307497157	0.891907969556469	0.842883387280203	0.2	0.12	0.461858294442087	0.582331511839709
LC_k1_0.2_k2_0.12	80	0.898992030004688	0.890295358649789	0.874496015002344	0.2	0.12	0.461858294442087	0.582331511839709
LC_k1_0.2_k2_0.12	90	0.911363542824217	0.90495946001564	0.877960242005186	0.2	0.12	0.461858294442087	0.582331511839709
LC_k1_0.2_k2_0.12	100	0.922436243624362	0.92004800480048	0.898697869786979	0.2	0.12	0.461858294442087	0.582331511839709
LC_k1_0.2_k2_0.12	110	0.93278182269008	0.929382593602777	0.915857809435791	0.2	0.12	0.461858294442087	0.582331511839709
LC_k1_0.2_k2_0.12	120	0.929446489339537	0.925883741926522	0.921265365650392	0.2	0.12	0.461858294442087	0.582331511839709
LC_k1_0.2_k2_0.12	130	0.924958691228885	0.92038126971555	0.932212647994647	0.2	0.12	0.461858294442087	0.582331511839709
LC_k1_0.2_k2_0.12	140	0.928704817301174	0.921003258183727	0.931018346417091	0.2	0.12	0.461858294442087	0.582331511839709
LC_k1_0.2_k2_0.12	150	0.928739943997511	0.918314591759634	0.933572158762612	0.2	0.12	0.461858294442087	0.582331511839709
LC_k1_0.2_k2_0.12	160	0.929324387671393	0.919749794913864	0.93303058713231	0.2	0.12	0.461858294442087	0.582331511839709
LC_k1_0.2_k2_0.12	170	0.932306226757287	0.921688314067452	0.916908177160618	0.2	0.12	0.461858294442087	0.582331511839709
LC_k1_0.2_k2_0.12	180	0.931322983219647	0.918155910161836	0.91259606777987	0.2	0.12	0.461858294442087	0.582331511839709
LC_k1_0.2_k2_0.12	190	0.927882533559029	0.912029637794311	0.912055881413831	0.2	0.12	0.461858294442087	0.582331511839709
LC_k1_0.2_k2_0.12	200	0.919792994824871	0.903588089702243	0.907398184954624	0.2	0.12	0.461858294442087	0.582331511839709
LC_k1_0.2_k2_0.12	210	0.911430450317953	0.89612981181951	0.91071517656701	0.2	0.12	0.461858294442087	0.582331511839709
LC_k1_0.2_k2_0.12	220	0.895024878425362	0.881446836805419	0.909270101373244	0.2	0.12	0.461858294442087	0.582331511839709
LC_k1_0.2_k2_0.12	230	0.886453019166139	0.873220912370334	0.916912705672911	0.2	0.12	0.461858294442087	0.582331511839709
LC_k1_0.2_k2_0.12	240	0.877492664803208	0.86608534870397	0.922954391569298	0.2	0.12	0.461858294442087	0.582331511839709
LC_k1_0.2_k2_0.12	250	0.864788364613834	0.855031536504584	0.922479472653342	0.2	0.12	0.461858294442087	0.582331511839709
LC_k1_0.2_k2_0.12	260	0.860795619416309	0.848591979626462	0.922479472653342	0.2	0.12	0.461858294442087	0.582331511839709
LC_k1_0.2_k2_0.12	270	0.844570341614197	0.828807894026896	0.922479472653342	0.2	0.12	0.461858294442087	0.582331511839709
LC_k1_0.2_k2_0.12	280	0.848243326718817	0.832582230458479	0.922479472653342	0.2	0.12	0.461858294442087	0.582331511839709
LC_k1_0.2_k2_0.12	290	0.846615257633553	0.827247443591728	0.922479472653342	0.2	0.12	0.461858294442087	0.582331511839709
LC_k1_0.2_k2_0.12	300	0.843593373259703	0.824691385459838	0.922479472653342	0.2	0.12	0.461858294442087	0.582331511839709
LC_k1_0.2_k2_0.2	10	0.6	0.878787878787879	0.321212121212121	0.2	0.2	0.450572761985575	0.570127504553734
LC_k1_0.2_k2_0.2	20	0.657142857142857	0.757894736842105	0.568421052631579	0.2	0.2	0.450572761985575	0.570127504553734
LC_k1_0.2_k2_0.2	30	0.848720800889878	0.897219132369299	0.72146829810901	0.2	0.2	0.450572761985575	0.570127504553734
LC_k1_0.2_k2_0.2	40	0.872232645403377	0.868667917448405	0.787242026266417	0.2	0.2	0.450572761985575	0.570127504553734
LC_k1_0.2_k2_0.2	50	0.912701080432173	0.922689075630252	0.763937575030012	0.2	0.2	0.450572761985575	0.570127504553734
LC_k1_0.2_k2_0.2	60	0.902806335093082	0.900972492358989	0.797999444290081	0.2	0.2	0.450572761985575	0.570127504553734
LC_k1_0.2_k2_0.2	70	0.904925203394279	0.898556556731695	0.840608870614994	0.2	0.2	0.450572761985575	0.570127504553734
LC_k1_0.2_k2_0.2	80	0.903492733239569	0.89648382559775	0.875152367557431	0.2	0.2	0.450572761985575	0.570127504553734
LC_k1_0.2_k2_0.2	90	0.908466065769437	0.907181956620159	0.881763180639585	0.2	0.2	0.450572761985575	0.570127504553734
LC_k1_0.2_k2_0.2	100	0.921620162016202	0.923420342034204	0.902058205820582	0.2	0.2	0.450572761985575	0.570127504553734
LC_k1_0.2_k2_0.2	110	0.931095732930595	0.931690823433943	0.919996393390889	0.2	0.2	0.450572761985575	0.570127504553734
LC_k1_0.2_k2_0.2	120	0.928890895201055	0.927793596777554	0.928397805403153	0.2	0.2	0.450572761985575	0.570127504553734
LC_k1_0.2_k2_0.2	130	0.931060099141051	0.927990277076022	0.934698002157615	0.2	0.2	0.450572761985575	0.570127504553734
LC_k1_0.2_k2_0.2	140	0.925437886772649	0.919529422055061	0.932155430670661	0.2	0.2	0.450572761985575	0.570127504553734
LC_k1_0.2_k2_0.2	150	0.930094670874261	0.922588559491533	0.929891995199787	0.2	0.2	0.450572761985575	0.570127504553734
LC_k1_0.2_k2_0.2	160	0.926312551271534	0.916863939997656	0.924390601195359	0.2	0.2	0.450572761985575	0.570127504553734
LC_k1_0.2_k2_0.2	170	0.931622303234592	0.923857328667998	0.919805081796032	0.2	0.2	0.450572761985575	0.570127504553734
LC_k1_0.2_k2_0.2	180	0.926672633929031	0.918834943465333	0.910861446340937	0.2	0.2	0.450572761985575	0.570127504553734
LC_k1_0.2_k2_0.2	190	0.919911471523486	0.910720955967581	0.910134848464967	0.2	0.2	0.450572761985575	0.570127504553734
LC_k1_0.2_k2_0.2	200	0.91063976599415	0.896354908872722	0.911736293407335	0.2	0.2	0.450572761985575	0.570127504553734
LC_k1_0.2_k2_0.2	210	0.905748429669607	0.890300071592164	0.908535664883881	0.2	0.2	0.450572761985575	0.570127504553734
LC_k1_0.2_k2_0.2	220	0.896261192473924	0.880730067676079	0.903069372207164	0.2	0.2	0.450572761985575	0.570127504553734
LC_k1_0.2_k2_0.2	230	0.887128629866431	0.872356919708353	0.912178499305896	0.2	0.2	0.450572761985575	0.570127504553734
LC_k1_0.2_k2_0.2	240	0.87587284501467	0.864184274032535	0.914520217364885	0.2	0.2	0.450572761985575	0.570127504553734
LC_k1_0.2_k2_0.2	250	0.862273892382278	0.856194307108914	0.912911195077116	0.2	0.2	0.450572761985575	0.570127504553734
LC_k1_0.2_k2_0.2	260	0.850611581646064	0.840345612759406	0.912911195077116	0.2	0.2	0.450572761985575	0.570127504553734
LC_k1_0.2_k2_0.2	270	0.838084655939496	0.828315889106846	0.912911195077116	0.2	0.2	0.450572761985575	0.570127504553734
LC_k1_0.2_k2_0.2	280	0.835835916274442	0.823085206990614	0.912911195077116	0.2	0.2	0.450572761985575	0.570127504553734
LC_k1_0.2_k2_0.2	290	0.840723187081236	0.824610649763764	0.912911195077116	0.2	0.2	0.450572761985575	0.570127504553734
LC_k1_0.2_k2_0.2	300	0.840091556572851	0.823069589662107	0.912911195077116	0.2	0.2	0.450572761985575	0.570127504553734
LC_k1_0.2_k2_0.28	10	0.563636363636364	0.636363636363636	0.187878787878788	0.2	0.28	0.430292745014849	0.547905282331512
LC_k1_0.2_k2_0.28	20	0.497744360902256	0.657142857142857	0.409022556390977	0.2	0.28	0.430292745014849	0.547905282331512
LC_k1_0.2_k2_0.28	30	0.794883203559511	0.861179087875417	0.665850945494995	0.2	0.28	0.430292745014849	0.547905282331512
LC_k1_0.2_k2_0.28	40	0.886491557223265	0.900750469043152	0.754033771106942	0.2	0.28	0.430292745014849	0.547905282331512
LC_k1_0.2_k2_0.28	50	0.928451380552221	0.939591836734694	0.748475390156062	0.2	0.28	0.430292745014849	0.547905282331512
LC_k1_0.2_k2_0.28	60	0.913920533481523	0.92242289524868	0.794943039733259	0.2	0.28	0.430292745014849	0.547905282331512
LC_k1_0.2_k2_0.28	70	0.916542734668883	0.912938500568629	0.843793193946286	0.2	0.28	0.430292745014849	0.547905282331512
LC_k1_0.2_k2_0.28	80	0.901289263947492	0.902203469292077	0.878574777308955	0.2	0.28	0.430292745014849	0.547905282331512
LC_k1_0.2_k2_0.28	90	0.92217969296621	0.923924764374203	0.878338889574845	0.2	0.28	0.430292745014849	0.547905282331512
LC_k1_0.2_k2_0.28	100	0.938481848184819	0.940486048604861	0.902358235823582	0.2	0.28	0.430292745014849	0.547905282331512
LC_k1_0.2_k2_0.28	110	0.942537700335865	0.942745080359759	0.921015260464802	0.2	0.28	0.430292745014849	0.547905282331512
LC_k1_0.2_k2_0.28	120	0.942301548718661	0.941745954580179	0.929592332800889	0.2	0.28	0.430292745014849	0.547905282331512
LC_k1_0.2_k2_0.28	130	0.93878927747204	0.93591063649647	0.937893457510003	0.2	0.28	0.430292745014849	0.547905282331512
LC_k1_0.2_k2_0.28	140	0.93930156786425	0.932990750256937	0.935020008309462	0.2	0.28	0.430292745014849	0.547905282331512
LC_k1_0.2_k2_0.28	150	0.930549802213432	0.922581448064359	0.940406240277346	0.2	0.28	0.430292745014849	0.547905282331512
LC_k1_0.2_k2_0.28	160	0.93001289112856	0.922530176960037	0.939417555373257	0.2	0.28	0.430292745014849	0.547905282331512
LC_k1_0.2_k2_0.28	170	0.932628647846557	0.925410812098119	0.924807493847742	0.2	0.28	0.430292745014849	0.547905282331512
LC_k1_0.2_k2_0.28	180	0.935670854038705	0.923604638003231	0.921791824850561	0.2	0.28	0.430292745014849	0.547905282331512
LC_k1_0.2_k2_0.28	190	0.929838558000586	0.9172626155266	0.920924475236958	0.2	0.28	0.430292745014849	0.547905282331512
LC_k1_0.2_k2_0.28	200	0.914362859071477	0.900664516612915	0.913072826820671	0.2	0.28	0.430292745014849	0.547905282331512
LC_k1_0.2_k2_0.28	210	0.910820135215246	0.897039453437558	0.916379056214427	0.2	0.28	0.430292745014849	0.547905282331512
LC_k1_0.2_k2_0.28	220	0.902672669795957	0.892516186472673	0.917623391918315	0.2	0.28	0.430292745014849	0.547905282331512
LC_k1_0.2_k2_0.28	230	0.901728725043705	0.888742205203189	0.909885368096874	0.2	0.28	0.430292745014849	0.547905282331512
LC_k1_0.2_k2_0.28	240	0.88872202642407	0.875983089984201	0.912127814719005	0.2	0.28	0.430292745014849	0.547905282331512
LC_k1_0.2_k2_0.28	250	0.888057600921615	0.875201075217204	0.915327308521546	0.2	0.28	0.430292745014849	0.547905282331512
LC_k1_0.2_k2_0.28	260	0.87936052763639	0.867472322644736	0.915327308521546	0.2	0.28	0.430292745014849	0.547905282331512
LC_k1_0.2_k2_0.28	270	0.857098481765487	0.84338879820025	0.915327308521546	0.2	0.28	0.430292745014849	0.547905282331512
LC_k1_0.2_k2_0.28	280	0.854019275027196	0.837752485909988	0.915327308521546	0.2	0.28	0.430292745014849	0.547905282331512
LC_k1_0.2_k2_0.28	290	0.851120292955224	0.835244422521732	0.915327308521546	0.2	0.28	0.430292745014849	0.547905282331512
LC_k1_0.2_k2_0.28	300	0.848608984544273	0.833319036878187	0.915327308521546	0.2	0.28	0.430292745014849	0.547905282331512
LC_k1_0.2_k2_0.36	10	0.442424242424242	0.781818181818182	0.175757575757576	0.2	0.36	0.400593975392448	0.513114754098361
LC_k1_0.2_k2_0.36	20	0.657142857142857	0.75187969924812	0.595488721804511	0.2	0.36	0.400593975392448	0.513114754098361
LC_k1_0.2_k2_0.36	30	0.840711902113459	0.882981090100111	0.687208008898776	0.2	0.36	0.400593975392448	0.513114754098361
LC_k1_0.2_k2_0.36	40	0.876547842401501	0.887242026266417	0.77016885553471	0.2	0.36	0.400593975392448	0.513114754098361
LC_k1_0.2_k2_0.36	50	0.917695078031212	0.920096038415366	0.799471788715486	0.2	0.36	0.400593975392448	0.513114754098361
LC_k1_0.2_k2_0.36	60	0.902028341205891	0.902639622117255	0.800111141983885	0.2	0.36	0.400593975392448	0.513114754098361
LC_k1_0.2_k2_0.36	70	0.928055288251247	0.923996150817951	0.824582276266293	0.2	0.36	0.400593975392448	0.513114754098361
LC_k1_0.2_k2_0.36	80	0.920112517580872	0.916619784341303	0.86685419596812	0.2	0.36	0.400593975392448	0.513114754098361
LC_k1_0.2_k2_0.36	90	0.924468041321974	0.921883360085607	0.870288512985142	0.2	0.36	0.400593975392448	0.513114754098361
LC_k1_0.2_k2_0.36	100	0.934833483348335	0.932253225322532	0.895313531353135	0.2	0.36	0.400593975392448	0.513114754098361
LC_k1_0.2_k2_0.36	110	0.941077023645831	0.938399116380768	0.91712012262471	0.2	0.36	0.400593975392448	0.513114754098361
LC_k1_0.2_k2_0.36	120	0.936599763872491	0.932599486075422	0.921737620668102	0.2	0.36	0.400593975392448	0.513114754098361
LC_k1_0.2_k2_0.36	130	0.93461606740499	0.928410875472832	0.933070231738792	0.2	0.36	0.400593975392448	0.513114754098361
LC_k1_0.2_k2_0.36	140	0.936655660274212	0.929373947650391	0.936161465964007	0.2	0.36	0.400593975392448	0.513114754098361
LC_k1_0.2_k2_0.36	150	0.939990221787635	0.932757900351127	0.934510867149651	0.2	0.36	0.400593975392448	0.513114754098361
LC_k1_0.2_k2_0.36	160	0.937548341732099	0.928940583616547	0.932391890308215	0.2	0.36	0.400593975392448	0.513114754098361
LC_k1_0.2_k2_0.36	170	0.934516765285996	0.927076654392682	0.92221835479754	0.2	0.36	0.400593975392448	0.513114754098361
LC_k1_0.2_k2_0.36	180	0.935024743562044	0.925707583567394	0.921357655071658	0.2	0.36	0.400593975392448	0.513114754098361
LC_k1_0.2_k2_0.36	190	0.935003302322123	0.924129695967668	0.925625582280308	0.2	0.36	0.400593975392448	0.513114754098361
LC_k1_0.2_k2_0.36	200	0.930587264681617	0.918868971724293	0.912834320858022	0.2	0.36	0.400593975392448	0.513114754098361
LC_k1_0.2_k2_0.36	210	0.929189194442375	0.918118000732119	0.916003278338025	0.2	0.36	0.400593975392448	0.513114754098361
LC_k1_0.2_k2_0.36	220	0.916669953736835	0.904629133960318	0.914947904633642	0.2	0.36	0.400593975392448	0.513114754098361
LC_k1_0.2_k2_0.36	230	0.907189829346655	0.894132296410633	0.918877401315222	0.2	0.36	0.400593975392448	0.513114754098361
LC_k1_0.2_k2_0.36	240	0.892982517057588	0.880989253285647	0.926812965502873	0.2	0.36	0.400593975392448	0.513114754098361
LC_k1_0.2_k2_0.36	250	0.884696779148466	0.871077617241876	0.92622783556713	0.2	0.36	0.400593975392448	0.513114754098361
LC_k1_0.2_k2_0.36	260	0.874945805980289	0.857304671097774	0.92622783556713	0.2	0.36	0.400593975392448	0.513114754098361
LC_k1_0.2_k2_0.36	270	0.86405788221451	0.84399786005295	0.92622783556713	0.2	0.36	0.400593975392448	0.513114754098361
LC_k1_0.2_k2_0.36	280	0.854216070540258	0.834742061214338	0.92622783556713	0.2	0.36	0.400593975392448	0.513114754098361
LC_k1_0.2_k2_0.36	290	0.852985582263269	0.834139813052843	0.92622783556713	0.2	0.36	0.400593975392448	0.513114754098361
LC_k1_0.2_k2_0.36	300	0.852761919576884	0.835004388937655	0.92622783556713	0.2	0.36	0.400593975392448	0.513114754098361
LC_k1_0.2_k2_0.44	10	0.709090909090909	0.76969696969697	0.406060606060606	0.2	0.44	0.359270258803564	0.462112932604736
LC_k1_0.2_k2_0.44	20	0.529323308270677	0.664661654135338	0.461654135338346	0.2	0.44	0.359270258803564	0.462112932604736
LC_k1_0.2_k2_0.44	30	0.800222469410456	0.844271412680756	0.656952169076752	0.2	0.44	0.359270258803564	0.462112932604736
LC_k1_0.2_k2_0.44	40	0.882176360225141	0.895872420262664	0.765853658536586	0.2	0.44	0.359270258803564	0.462112932604736
LC_k1_0.2_k2_0.44	50	0.916542617046819	0.916926770708283	0.785354141656663	0.2	0.44	0.359270258803564	0.462112932604736
LC_k1_0.2_k2_0.44	60	0.917477076965824	0.911642122811892	0.793664906918589	0.2	0.44	0.359270258803564	0.462112932604736
LC_k1_0.2_k2_0.44	70	0.908459452366372	0.900586125448342	0.837984428308984	0.2	0.44	0.359270258803564	0.462112932604736
LC_k1_0.2_k2_0.44	80	0.913642756680731	0.90112517580872	0.864392873886545	0.2	0.44	0.359270258803564	0.462112932604736
LC_k1_0.2_k2_0.44	90	0.931217845824587	0.920253529242293	0.855965757089353	0.2	0.44	0.359270258803564	0.462112932604736
LC_k1_0.2_k2_0.44	100	0.939033903390339	0.928676867686769	0.873255325532553	0.2	0.44	0.359270258803564	0.462112932604736
LC_k1_0.2_k2_0.44	110	0.94143768455695	0.9317900051845	0.891233685729099	0.2	0.44	0.359270258803564	0.462112932604736
LC_k1_0.2_k2_0.44	120	0.94331550802139	0.935412181401486	0.910556288631155	0.2	0.44	0.359270258803564	0.462112932604736
LC_k1_0.2_k2_0.44	130	0.943459558371683	0.936642586953256	0.922107361837523	0.2	0.44	0.359270258803564	0.462112932604736
LC_k1_0.2_k2_0.44	140	0.948975530821543	0.942236119918655	0.927598346854431	0.2	0.44	0.359270258803564	0.462112932604736
LC_k1_0.2_k2_0.44	150	0.953868171918752	0.9463407262545	0.929195075336682	0.2	0.44	0.359270258803564	0.462112932604736
LC_k1_0.2_k2_0.44	160	0.95259873432556	0.944975389663659	0.929520684401734	0.2	0.44	0.359270258803564	0.462112932604736
LC_k1_0.2_k2_0.44	170	0.952015437130941	0.943576309377691	0.924729331159434	0.2	0.44	0.359270258803564	0.462112932604736
LC_k1_0.2_k2_0.44	180	0.944667016471702	0.936096793110898	0.919406977581613	0.2	0.44	0.359270258803564	0.462112932604736
LC_k1_0.2_k2_0.44	190	0.941002593744396	0.932385938668661	0.923116692254196	0.2	0.44	0.359270258803564	0.462112932604736
LC_k1_0.2_k2_0.44	200	0.934940373509338	0.925716642916073	0.90942473561839	0.2	0.44	0.359270258803564	0.462112932604736
LC_k1_0.2_k2_0.44	210	0.931237831761653	0.920434865708001	0.906287476554376	0.2	0.44	0.359270258803564	0.462112932604736
LC_k1_0.2_k2_0.44	220	0.923425164682216	0.910508669412779	0.908555586234877	0.2	0.44	0.359270258803564	0.462112932604736
LC_k1_0.2_k2_0.44	230	0.913738814821025	0.898464095236451	0.912578934261106	0.2	0.44	0.359270258803564	0.462112932604736
LC_k1_0.2_k2_0.44	240	0.900454869008142	0.885663813607875	0.921455233597806	0.2	0.44	0.359270258803564	0.462112932604736
LC_k1_0.2_k2_0.44	250	0.886761196179139	0.872933902942447	0.920990832317211	0.2	0.44	0.359270258803564	0.462112932604736
LC_k1_0.2_k2_0.44	260	0.868493047803393	0.854555882142089	0.920990832317211	0.2	0.44	0.359270258803564	0.462112932604736
LC_k1_0.2_k2_0.44	270	0.86278366872888	0.843391236886346	0.920990832317211	0.2	0.44	0.359270258803564	0.462112932604736
LC_k1_0.2_k2_0.44	280	0.846321290541242	0.827157780802598	0.920990832317211	0.2	0.44	0.359270258803564	0.462112932604736
LC_k1_0.2_k2_0.44	290	0.850214956018584	0.825935689095487	0.920990832317211	0.2	0.44	0.359270258803564	0.462112932604736
LC_k1_0.2_k2_0.44	300	0.84963344037156	0.826714963499595	0.920990832317211	0.2	0.44	0.359270258803564	0.462112932604736
LC_k1_0.2_k2_0.52	10	0.296969696969697	0.503030303030303	0.224242424242424	0.2	0.52	0.318795078489605	0.416393442622951
LC_k1_0.2_k2_0.52	20	0.369924812030075	0.538345864661654	0.481203007518797	0.2	0.52	0.318795078489605	0.416393442622951
LC_k1_0.2_k2_0.52	30	0.735261401557286	0.787319243604004	0.696996662958843	0.2	0.52	0.318795078489605	0.416393442622951
LC_k1_0.2_k2_0.52	40	0.867917448405254	0.886866791744841	0.749155722326454	0.2	0.52	0.318795078489605	0.416393442622951
LC_k1_0.2_k2_0.52	50	0.92	0.923265306122449	0.776902761104442	0.2	0.52	0.318795078489605	0.416393442622951
LC_k1_0.2_k2_0.52	60	0.915976660183384	0.910363989997222	0.824895804390109	0.2	0.52	0.318795078489605	0.416393442622951
LC_k1_0.2_k2_0.52	70	0.916017846207681	0.910733969031581	0.808590674481673	0.2	0.52	0.318795078489605	0.416393442622951
LC_k1_0.2_k2_0.52	80	0.917393342709799	0.915283638068448	0.845874355368026	0.2	0.52	0.318795078489605	0.416393442622951
LC_k1_0.2_k2_0.52	90	0.923085154545829	0.919134049471128	0.853529242293287	0.2	0.52	0.318795078489605	0.416393442622951
LC_k1_0.2_k2_0.52	100	0.935817581758176	0.931149114911491	0.882568256825683	0.2	0.52	0.318795078489605	0.416393442622951
LC_k1_0.2_k2_0.52	110	0.944539368392579	0.938759777291887	0.903126479273268	0.2	0.52	0.318795078489605	0.416393442622951
LC_k1_0.2_k2_0.52	120	0.941169525661504	0.93441905687895	0.916730328495034	0.2	0.52	0.318795078489605	0.416393442622951
LC_k1_0.2_k2_0.52	130	0.936254762457496	0.930197053080064	0.922833849977468	0.2	0.52	0.318795078489605	0.416393442622951
LC_k1_0.2_k2_0.52	140	0.938173230412631	0.930602873324441	0.930161159825939	0.2	0.52	0.318795078489605	0.416393442622951
LC_k1_0.2_k2_0.52	150	0.941096048713276	0.933557935908263	0.930233343704165	0.2	0.52	0.318795078489605	0.416393442622951
LC_k1_0.2_k2_0.52	160	0.940615844368921	0.933320637524903	0.932951482479784	0.2	0.52	0.318795078489605	0.416393442622951
LC_k1_0.2_k2_0.52	170	0.935611042922308	0.927083982144711	0.922860754392072	0.2	0.52	0.318795078489605	0.416393442622951
LC_k1_0.2_k2_0.52	180	0.934164634710948	0.924361863020463	0.929536919863782	0.2	0.52	0.318795078489605	0.416393442622951
LC_k1_0.2_k2_0.52	190	0.930718594041824	0.919412842752606	0.931528647097675	0.2	0.52	0.318795078489605	0.416393442622951
LC_k1_0.2_k2_0.52	200	0.929238730968274	0.914388359708993	0.930444761119028	0.2	0.52	0.318795078489605	0.416393442622951
LC_k1_0.2_k2_0.52	210	0.913815991940212	0.899414628773571	0.926496551590091	0.2	0.52	0.318795078489605	0.416393442622951
LC_k1_0.2_k2_0.52	220	0.908434997717834	0.894074821230341	0.918732355476916	0.2	0.52	0.318795078489605	0.416393442622951
LC_k1_0.2_k2_0.52	230	0.904671823335199	0.891366730857902	0.923951878764865	0.2	0.52	0.318795078489605	0.416393442622951
LC_k1_0.2_k2_0.52	240	0.89063351794302	0.878484001458359	0.916357922880606	0.2	0.52	0.318795078489605	0.416393442622951
LC_k1_0.2_k2_0.52	250	0.87509201747228	0.862780780492488	0.914447505356596	0.2	0.52	0.318795078489605	0.416393442622951
LC_k1_0.2_k2_0.52	260	0.872364975813252	0.85934475589648	0.914447505356596	0.2	0.52	0.318795078489605	0.416393442622951
LC_k1_0.2_k2_0.52	270	0.865490610296437	0.853309982913955	0.914447505356596	0.2	0.52	0.318795078489605	0.416393442622951
LC_k1_0.2_k2_0.52	280	0.856074148176088	0.842115879757941	0.914447505356596	0.2	0.52	0.318795078489605	0.416393442622951
LC_k1_0.2_k2_0.52	290	0.858989835870778	0.845708444604081	0.914447505356596	0.2	0.52	0.318795078489605	0.416393442622951
LC_k1_0.2_k2_0.52	300	0.863774486383182	0.850214780164224	0.914447505356596	0.2	0.52	0.318795078489605	0.416393442622951
LC_k1_0.2_k2_0.6	10	0.696969696969697	0.793939393939394	0.296969696969697	0.2	0.6	0.268985999151464	0.35264116575592
LC_k1_0.2_k2_0.6	20	0.41203007518797	0.592481203007519	0.404511278195489	0.2	0.6	0.268985999151464	0.35264116575592
LC_k1_0.2_k2_0.6	30	0.675639599555061	0.739265850945495	0.554616240266963	0.2	0.6	0.268985999151464	0.35264116575592
LC_k1_0.2_k2_0.6	40	0.801313320825516	0.840900562851783	0.711069418386492	0.2	0.6	0.268985999151464	0.35264116575592
LC_k1_0.2_k2_0.6	50	0.808307322929172	0.829339735894358	0.689411764705882	0.2	0.6	0.268985999151464	0.35264116575592
LC_k1_0.2_k2_0.6	60	0.824284523478744	0.828896915809948	0.760211169769381	0.2	0.6	0.268985999151464	0.35264116575592
LC_k1_0.2_k2_0.6	70	0.862094304960196	0.856600472399615	0.78679030705975	0.2	0.6	0.268985999151464	0.35264116575592
LC_k1_0.2_k2_0.6	80	0.860103141115799	0.859563994374121	0.828598218471636	0.2	0.6	0.268985999151464	0.35264116575592
LC_k1_0.2_k2_0.6	90	0.887640449438202	0.884166769560028	0.84095155780549	0.2	0.6	0.268985999151464	0.35264116575592
LC_k1_0.2_k2_0.6	100	0.903234323432343	0.897389738973897	0.874419441944195	0.2	0.6	0.268985999151464	0.35264116575592
LC_k1_0.2_k2_0.6	110	0.92088902914591	0.915316818069112	0.895552600139756	0.2	0.6	0.268985999151464	0.35264116575592
LC_k1_0.2_k2_0.6	120	0.926230988263074	0.91812625876797	0.912188346412945	0.2	0.6	0.268985999151464	0.35264116575592
LC_k1_0.2_k2_0.6	130	0.928219694383373	0.921020360786027	0.916497562441109	0.2	0.6	0.268985999151464	0.35264116575592
LC_k1_0.2_k2_0.6	140	0.924523845968818	0.914919857427128	0.925625943014585	0.2	0.6	0.268985999151464	0.35264116575592
LC_k1_0.2_k2_0.6	150	0.925856260278235	0.917582114760656	0.927072314325081	0.2	0.6	0.268985999151464	0.35264116575592
LC_k1_0.2_k2_0.6	160	0.921050626977616	0.914751552795031	0.929939646079925	0.2	0.6	0.268985999151464	0.35264116575592
LC_k1_0.2_k2_0.6	170	0.913183236545942	0.905042104041866	0.919846605724196	0.2	0.6	0.268985999151464	0.35264116575592
LC_k1_0.2_k2_0.6	180	0.904215150673375	0.894906221385434	0.921703344753439	0.2	0.6	0.268985999151464	0.35264116575592
LC_k1_0.2_k2_0.6	190	0.90528852672694	0.895982539245146	0.920793257139358	0.2	0.6	0.268985999151464	0.35264116575592
LC_k1_0.2_k2_0.6	200	0.903567089177229	0.890104252606315	0.918231455786395	0.2	0.6	0.268985999151464	0.35264116575592
LC_k1_0.2_k2_0.6	210	0.90282513694836	0.887204439362085	0.920050017331135	0.2	0.6	0.268985999151464	0.35264116575592
LC_k1_0.2_k2_0.6	220	0.895091371159059	0.876586105272648	0.924237728427898	0.2	0.6	0.268985999151464	0.35264116575592
LC_k1_0.2_k2_0.6	230	0.885309905587103	0.869113988346948	0.913325558056904	0.2	0.6	0.268985999151464	0.35264116575592
LC_k1_0.2_k2_0.6	240	0.878926717477734	0.863286689005017	0.919881421552457	0.2	0.6	0.268985999151464	0.35264116575592
LC_k1_0.2_k2_0.6	250	0.872392454279268	0.861527384438151	0.913795179816044	0.2	0.6	0.268985999151464	0.35264116575592
LC_k1_0.2_k2_0.6	260	0.86719990168266	0.853278439485336	0.913795179816044	0.2	0.6	0.268985999151464	0.35264116575592
LC_k1_0.2_k2_0.6	270	0.847898538464938	0.835347230795728	0.913795179816044	0.2	0.6	0.268985999151464	0.35264116575592
LC_k1_0.2_k2_0.6	280	0.850433770110042	0.834706528691146	0.913795179816044	0.2	0.6	0.268985999151464	0.35264116575592
LC_k1_0.2_k2_0.6	290	0.85416891668317	0.842197311788939	0.913795179816044	0.2	0.6	0.268985999151464	0.35264116575592
LC_k1_0.2_k2_0.6	300	0.85118456871743	0.839634662607362	0.913795179816044	0.2	0.6	0.268985999151464	0.35264116575592
LC_k1_0.2_k2_0.68	10	0.551515151515151	0.745454545454545	0.333333333333333	0.2	0.68	0.217225286380993	0.287249544626594
LC_k1_0.2_k2_0.68	20	0.482706766917293	0.562406015037594	0.371428571428571	0.2	0.68	0.217225286380993	0.287249544626594
LC_k1_0.2_k2_0.68	30	0.72146829810901	0.749054505005562	0.674304783092325	0.2	0.68	0.217225286380993	0.287249544626594
LC_k1_0.2_k2_0.68	40	0.814634146341464	0.829080675422139	0.720262664165103	0.2	0.68	0.217225286380993	0.287249544626594
LC_k1_0.2_k2_0.68	50	0.834621848739496	0.848931572629052	0.72561824729892	0.2	0.68	0.217225286380993	0.287249544626594
LC_k1_0.2_k2_0.68	60	0.811447624340095	0.810614059460962	0.766268407891081	0.2	0.68	0.217225286380993	0.287249544626594
LC_k1_0.2_k2_0.68	70	0.843058350100604	0.839314145744029	0.794523663721459	0.2	0.68	0.217225286380993	0.287249544626594
LC_k1_0.2_k2_0.68	80	0.845710267229255	0.833591186122832	0.838631036099391	0.2	0.68	0.217225286380993	0.287249544626594
LC_k1_0.2_k2_0.68	90	0.813359674033831	0.802592912705272	0.849528748405153	0.2	0.68	0.217225286380993	0.287249544626594
LC_k1_0.2_k2_0.68	100	0.852121212121212	0.845328532853285	0.867650765076508	0.2	0.68	0.217225286380993	0.287249544626594
LC_k1_0.2_k2_0.68	110	0.870153055474156	0.863462795572887	0.89714852467146	0.2	0.68	0.217225286380993	0.287249544626594
LC_k1_0.2_k2_0.68	120	0.891603583582193	0.884360025001736	0.912910618792971	0.2	0.68	0.217225286380993	0.287249544626594
LC_k1_0.2_k2_0.68	130	0.899624465717134	0.892774720397657	0.919556459872455	0.2	0.68	0.217225286380993	0.287249544626594
LC_k1_0.2_k2_0.68	140	0.910773873302574	0.904909142594739	0.913616583936498	0.2	0.68	0.217225286380993	0.287249544626594
LC_k1_0.2_k2_0.68	150	0.909137294990889	0.902299657762567	0.921720965376239	0.2	0.68	0.217225286380993	0.287249544626594
LC_k1_0.2_k2_0.68	160	0.904845892417672	0.895971522325091	0.918615961560998	0.2	0.68	0.217225286380993	0.287249544626594
LC_k1_0.2_k2_0.68	170	0.896036296798383	0.886554185673024	0.917291662850129	0.2	0.68	0.217225286380993	0.287249544626594
LC_k1_0.2_k2_0.68	180	0.886936839614391	0.876839820159059	0.913989114890377	0.2	0.68	0.217225286380993	0.287249544626594
LC_k1_0.2_k2_0.68	190	0.878229605427181	0.866524951121259	0.911343804537522	0.2	0.68	0.217225286380993	0.287249544626594
LC_k1_0.2_k2_0.68	200	0.882167554188855	0.867285682142054	0.907906697667442	0.2	0.68	0.217225286380993	0.287249544626594
LC_k1_0.2_k2_0.68	210	0.861601008121338	0.846270566549938	0.907066243808574	0.2	0.68	0.217225286380993	0.287249544626594
LC_k1_0.2_k2_0.68	220	0.843866045316489	0.826289423710858	0.910975245544142	0.2	0.68	0.217225286380993	0.287249544626594
LC_k1_0.2_k2_0.68	230	0.85173156063606	0.833401305358776	0.90548551505453	0.2	0.68	0.217225286380993	0.287249544626594
LC_k1_0.2_k2_0.68	240	0.839736800986128	0.826672338061425	0.906248372367576	0.2	0.68	0.217225286380993	0.287249544626594
LC_k1_0.2_k2_0.68	250	0.835533240531849	0.824033792540681	0.903689151826261	0.2	0.68	0.217225286380993	0.287249544626594
LC_k1_0.2_k2_0.68	260	0.828710711469332	0.817899900658521	0.903689151826261	0.2	0.68	0.217225286380993	0.287249544626594
LC_k1_0.2_k2_0.68	270	0.824203654675952	0.816777245839373	0.903689151826261	0.2	0.68	0.217225286380993	0.287249544626594
LC_k1_0.2_k2_0.68	280	0.821509749577709	0.812788975078035	0.903689151826261	0.2	0.68	0.217225286380993	0.287249544626594
LC_k1_0.2_k2_0.68	290	0.814773475103849	0.805153778121106	0.903689151826261	0.2	0.68	0.217225286380993	0.287249544626594
LC_k1_0.2_k2_0.68	300	0.808410760119557	0.799241769352993	0.903689151826261	0.2	0.68	0.217225286380993	0.287249544626594
LC_k1_0.2_k2_0.76	10	-0.139393939393939	0.00606060606060606	0.0545454545454545	0.2	0.76	0.169537547730165	0.221857923497268
LC_k1_0.2_k2_0.76	20	0.245112781954887	0.321804511278196	0.312781954887218	0.2	0.76	0.169537547730165	0.221857923497268
LC_k1_0.2_k2_0.76	30	0.537708565072303	0.651612903225806	0.438042269187987	0.2	0.76	0.169537547730165	0.221857923497268
LC_k1_0.2_k2_0.76	40	0.703001876172608	0.752532833020638	0.657786116322702	0.2	0.76	0.169537547730165	0.221857923497268
LC_k1_0.2_k2_0.76	50	0.772292917166867	0.807635054021609	0.670012004801921	0.2	0.76	0.169537547730165	0.221857923497268
LC_k1_0.2_k2_0.76	60	0.781939427618783	0.791664351208669	0.714087246457349	0.2	0.76	0.169537547730165	0.221857923497268
LC_k1_0.2_k2_0.76	70	0.819228413962033	0.817408800629866	0.775452716297787	0.2	0.76	0.169537547730165	0.221857923497268
LC_k1_0.2_k2_0.76	80	0.826582278481013	0.818893577121425	0.799367088607595	0.2	0.76	0.169537547730165	0.221857923497268
LC_k1_0.2_k2_0.76	90	0.853068280034572	0.844277071243363	0.828291558628637	0.2	0.76	0.169537547730165	0.221857923497268
LC_k1_0.2_k2_0.76	100	0.880756075607561	0.873807380738074	0.868982898289829	0.2	0.76	0.169537547730165	0.221857923497268
LC_k1_0.2_k2_0.76	110	0.898041160426481	0.893027973761919	0.881531907219981	0.2	0.76	0.169537547730165	0.221857923497268
LC_k1_0.2_k2_0.76	120	0.913118966594902	0.909327036599764	0.892277241475102	0.2	0.76	0.169537547730165	0.221857923497268
LC_k1_0.2_k2_0.76	130	0.914902565923336	0.911996613363558	0.900957271026506	0.2	0.76	0.169537547730165	0.221857923497268
LC_k1_0.2_k2_0.76	140	0.910765126500623	0.906203669283418	0.911097504974744	0.2	0.76	0.169537547730165	0.221857923497268
LC_k1_0.2_k2_0.76	150	0.912035201564514	0.906922085426019	0.917247877683453	0.2	0.76	0.169537547730165	0.221857923497268
LC_k1_0.2_k2_0.76	160	0.919990038673386	0.913726122114145	0.920924645493965	0.2	0.76	0.169537547730165	0.221857923497268
LC_k1_0.2_k2_0.76	170	0.91943136644256	0.910374264934875	0.918427464414604	0.2	0.76	0.169537547730165	0.221857923497268
LC_k1_0.2_k2_0.76	180	0.912030206693622	0.90249699064786	0.915240182310154	0.2	0.76	0.169537547730165	0.221857923497268
LC_k1_0.2_k2_0.76	190	0.907902391231132	0.897112764459141	0.914960175307379	0.2	0.76	0.169537547730165	0.221857923497268
LC_k1_0.2_k2_0.76	200	0.90270306757669	0.890683267081677	0.915514887872197	0.2	0.76	0.169537547730165	0.221857923497268
LC_k1_0.2_k2_0.76	210	0.902001017191838	0.889587389412782	0.909009922479616	0.2	0.76	0.169537547730165	0.221857923497268
LC_k1_0.2_k2_0.76	220	0.892029324422556	0.878801778398878	0.906555169246547	0.2	0.76	0.169537547730165	0.221857923497268
LC_k1_0.2_k2_0.76	230	0.875525879095273	0.866161027125523	0.912182444477869	0.2	0.76	0.169537547730165	0.221857923497268
LC_k1_0.2_k2_0.76	240	0.863482872966545	0.855131165471623	0.913167763329224	0.2	0.76	0.169537547730165	0.221857923497268
LC_k1_0.2_k2_0.76	250	0.847405174482792	0.841249555992896	0.911332232743062	0.2	0.76	0.169537547730165	0.221857923497268
LC_k1_0.2_k2_0.76	260	0.841364972399455	0.834152985877124	0.911332232743062	0.2	0.76	0.169537547730165	0.221857923497268
LC_k1_0.2_k2_0.76	270	0.831429481581061	0.82334035979765	0.911332232743062	0.2	0.76	0.169537547730165	0.221857923497268
LC_k1_0.2_k2_0.76	280	0.825292596662129	0.814691331704304	0.911332232743062	0.2	0.76	0.169537547730165	0.221857923497268
LC_k1_0.2_k2_0.76	290	0.821183162209071	0.8146977023385	0.911332232743062	0.2	0.76	0.169537547730165	0.221857923497268
LC_k1_0.2_k2_0.76	300	0.82282292025467	0.815858842876032	0.911332232743062	0.2	0.76	0.169537547730165	0.221857923497268
LC_k1_0.35_k2_0.04	10	-0.0909090909090909	-0.163636363636364	-0.0545454545454545	0.35	0.04	0.207042851081884	0.274499089253188
LC_k1_0.35_k2_0.04	20	0.0766917293233083	0.177443609022556	0.203007518796993	0.35	0.04	0.207042851081884	0.274499089253188
LC_k1_0.35_k2_0.04	30	0.443381535038932	0.563070077864294	0.318353726362625	0.35	0.04	0.207042851081884	0.274499089253188
LC_k1_0.35_k2_0.04	40	0.696060037523452	0.726266416510319	0.561913696060038	0.35	0.04	0.207042851081884	0.274499089253188
LC_k1_0.35_k2_0.04	50	0.773925570228091	0.792845138055222	0.641200480192077	0.35	0.04	0.207042851081884	0.274499089253188
LC_k1_0.35_k2_0.04	60	0.801555987774382	0.795443178660739	0.719588774659628	0.35	0.04	0.207042851081884	0.274499089253188
LC_k1_0.35_k2_0.04	70	0.839839034205231	0.826541859854781	0.7948036042341	0.35	0.04	0.207042851081884	0.274499089253188
LC_k1_0.35_k2_0.04	80	0.861298640412564	0.852156586966714	0.815682137834037	0.35	0.04	0.207042851081884	0.274499089253188
LC_k1_0.35_k2_0.04	90	0.882026587644565	0.877647446186772	0.846269086718525	0.35	0.04	0.207042851081884	0.274499089253188
LC_k1_0.35_k2_0.04	100	0.88975697569757	0.883396339633963	0.868502850285029	0.35	0.04	0.207042851081884	0.274499089253188
LC_k1_0.35_k2_0.04	110	0.904965849919978	0.899727250185966	0.885445078105628	0.35	0.04	0.207042851081884	0.274499089253188
LC_k1_0.35_k2_0.04	120	0.915299673588443	0.909174248211681	0.896381693173137	0.35	0.04	0.207042851081884	0.274499089253188
LC_k1_0.35_k2_0.04	130	0.926602848598233	0.919813188764014	0.912449985661418	0.35	0.04	0.207042851081884	0.274499089253188
LC_k1_0.35_k2_0.04	140	0.922582055935799	0.914246353676937	0.923281800091842	0.35	0.04	0.207042851081884	0.274499089253188
LC_k1_0.35_k2_0.04	150	0.932153429041291	0.924725543357482	0.926972754344638	0.35	0.04	0.207042851081884	0.274499089253188
LC_k1_0.35_k2_0.04	160	0.938893120825032	0.931521739130435	0.931114496660026	0.35	0.04	0.207042851081884	0.274499089253188
LC_k1_0.35_k2_0.04	170	0.936136198484377	0.927638448714896	0.930677023222868	0.35	0.04	0.207042851081884	0.274499089253188
LC_k1_0.35_k2_0.04	180	0.92008601088511	0.913707213185592	0.925557373169954	0.35	0.04	0.207042851081884	0.274499089253188
LC_k1_0.35_k2_0.04	190	0.917533799594974	0.909324795409116	0.922002213211913	0.35	0.04	0.207042851081884	0.274499089253188
LC_k1_0.35_k2_0.04	200	0.910713267831696	0.903570089252231	0.914092852321308	0.35	0.04	0.207042851081884	0.274499089253188
LC_k1_0.35_k2_0.04	210	0.910887516075842	0.903462663552462	0.915613246818036	0.35	0.04	0.207042851081884	0.274499089253188
LC_k1_0.35_k2_0.04	220	0.900129040983191	0.890018764474848	0.907309129226937	0.35	0.04	0.207042851081884	0.274499089253188
LC_k1_0.35_k2_0.04	230	0.896979724281794	0.889622964846052	0.910400213039287	0.35	0.04	0.207042851081884	0.274499089253188
LC_k1_0.35_k2_0.04	240	0.87959686800118	0.873963089636973	0.916160002777826	0.35	0.04	0.207042851081884	0.274499089253188
LC_k1_0.35_k2_0.04	250	0.866775980415687	0.864852877646042	0.919025492547599	0.35	0.04	0.207042851081884	0.274499089253188
LC_k1_0.35_k2_0.04	260	0.859262142020763	0.85395027463993	0.919025492547599	0.35	0.04	0.207042851081884	0.274499089253188
LC_k1_0.35_k2_0.04	270	0.848196667840284	0.845903083566152	0.919025492547599	0.35	0.04	0.207042851081884	0.274499089253188
LC_k1_0.35_k2_0.04	280	0.837242457538635	0.834819139456954	0.919025492547599	0.35	0.04	0.207042851081884	0.274499089253188
LC_k1_0.35_k2_0.04	290	0.827808358867689	0.823263469039568	0.919025492547599	0.35	0.04	0.207042851081884	0.274499089253188
LC_k1_0.35_k2_0.04	300	0.823551372793031	0.820210446782742	0.919025492547599	0.35	0.04	0.207042851081884	0.274499089253188
LC_k1_0.35_k2_0.12	10	0.139393939393939	0.0181818181818182	0.139393939393939	0.35	0.12	0.191260076368265	0.255737704918033
LC_k1_0.35_k2_0.12	20	0.246616541353383	0.294736842105263	0.326315789473684	0.35	0.12	0.191260076368265	0.255737704918033
LC_k1_0.35_k2_0.12	30	0.258286985539488	0.365962180200222	0.183982202447164	0.35	0.12	0.191260076368265	0.255737704918033
LC_k1_0.35_k2_0.12	40	0.561538461538462	0.617073170731707	0.40375234521576	0.35	0.12	0.191260076368265	0.255737704918033
LC_k1_0.35_k2_0.12	50	0.707466986794718	0.729555822328932	0.556974789915966	0.35	0.12	0.191260076368265	0.255737704918033
LC_k1_0.35_k2_0.12	60	0.763989997221451	0.768157821617116	0.651069741594888	0.35	0.12	0.191260076368265	0.255737704918033
LC_k1_0.35_k2_0.12	70	0.805091418073659	0.797882949873152	0.75515702913131	0.35	0.12	0.191260076368265	0.255737704918033
LC_k1_0.35_k2_0.12	80	0.854711673699016	0.847304266291608	0.778551336146273	0.35	0.12	0.191260076368265	0.255737704918033
LC_k1_0.35_k2_0.12	90	0.888315429888464	0.88261925340577	0.813244433469153	0.35	0.12	0.191260076368265	0.255737704918033
LC_k1_0.35_k2_0.12	100	0.895385538553856	0.886684668466847	0.847464746474648	0.35	0.12	0.191260076368265	0.255737704918033
LC_k1_0.35_k2_0.12	110	0.910456912291775	0.904902734260532	0.869107138831909	0.35	0.12	0.191260076368265	0.255737704918033
LC_k1_0.35_k2_0.12	120	0.917494270435447	0.910007639419404	0.883894714910758	0.35	0.12	0.191260076368265	0.255737704918033
LC_k1_0.35_k2_0.12	130	0.92885878545385	0.919982520586107	0.902901855822147	0.35	0.12	0.191260076368265	0.255737704918033
LC_k1_0.35_k2_0.12	140	0.94109466226411	0.933839190046139	0.914395049310096	0.35	0.12	0.191260076368265	0.255737704918033
LC_k1_0.35_k2_0.12	150	0.948314147295435	0.940978710164896	0.921308502600116	0.35	0.12	0.191260076368265	0.255737704918033
LC_k1_0.35_k2_0.12	160	0.951719793741943	0.944934372436423	0.922834876362358	0.35	0.12	0.191260076368265	0.255737704918033
LC_k1_0.35_k2_0.12	170	0.951160532727573	0.944963697095157	0.924543694774702	0.35	0.12	0.191260076368265	0.255737704918033
LC_k1_0.35_k2_0.12	180	0.935627642828482	0.92828996779736	0.912143378910872	0.35	0.12	0.191260076368265	0.255737704918033
LC_k1_0.35_k2_0.12	190	0.927898279730741	0.920581558608563	0.91860453927139	0.35	0.12	0.191260076368265	0.255737704918033
LC_k1_0.35_k2_0.12	200	0.924497112427811	0.916494412360309	0.91313582839571	0.35	0.12	0.191260076368265	0.255737704918033
LC_k1_0.35_k2_0.12	210	0.917751293356182	0.910008973316531	0.908667835033512	0.35	0.12	0.191260076368265	0.255737704918033
LC_k1_0.35_k2_0.12	220	0.914044054253563	0.903640758918761	0.91153648929636	0.35	0.12	0.191260076368265	0.255737704918033
LC_k1_0.35_k2_0.12	230	0.903723995768803	0.893744683264334	0.915986576552364	0.35	0.12	0.191260076368265	0.255737704918033
LC_k1_0.35_k2_0.12	240	0.887071824163614	0.878390249830726	0.91628326880675	0.35	0.12	0.191260076368265	0.255737704918033
LC_k1_0.35_k2_0.12	250	0.871212787404599	0.865805212883406	0.919181047099576	0.35	0.12	0.191260076368265	0.255737704918033
LC_k1_0.35_k2_0.12	260	0.864687347445968	0.859309935172004	0.919181047099576	0.35	0.12	0.191260076368265	0.255737704918033
LC_k1_0.35_k2_0.12	270	0.853163661748141	0.850709124191613	0.919181047099576	0.35	0.12	0.191260076368265	0.255737704918033
LC_k1_0.35_k2_0.12	280	0.847631620665715	0.840271468477185	0.919181047099576	0.35	0.12	0.191260076368265	0.255737704918033
LC_k1_0.35_k2_0.12	290	0.837491527842186	0.83145037191389	0.919181047099576	0.35	0.12	0.191260076368265	0.255737704918033
LC_k1_0.35_k2_0.12	300	0.837068856320626	0.83016922410249	0.919181047099576	0.35	0.12	0.191260076368265	0.255737704918033
LC_k1_0.35_k2_0.2	10	0.0787878787878788	-0.0909090909090909	0.0909090909090909	0.35	0.2	0.175053033517183	0.234790528233151
LC_k1_0.35_k2_0.2	20	0.183458646616541	0.219548872180451	0.135338345864662	0.35	0.2	0.175053033517183	0.234790528233151
LC_k1_0.35_k2_0.2	30	0.325472747497219	0.42202447163515	0.246273637374861	0.35	0.2	0.175053033517183	0.234790528233151
LC_k1_0.35_k2_0.2	40	0.653470919324578	0.70375234521576	0.54953095684803	0.35	0.2	0.175053033517183	0.234790528233151
LC_k1_0.35_k2_0.2	50	0.756734693877551	0.768739495798319	0.633133253301321	0.35	0.2	0.175053033517183	0.234790528233151
LC_k1_0.35_k2_0.2	60	0.778605168102251	0.769158099472076	0.751542095026396	0.35	0.2	0.175053033517183	0.234790528233151
LC_k1_0.35_k2_0.2	70	0.836094829848657	0.834520164465051	0.824897209343015	0.35	0.2	0.175053033517183	0.234790528233151
LC_k1_0.35_k2_0.2	80	0.866924519456165	0.860290670417253	0.857196436943272	0.35	0.2	0.175053033517183	0.234790528233151
LC_k1_0.35_k2_0.2	90	0.852985965345516	0.851207968061901	0.845083755196115	0.35	0.2	0.175053033517183	0.234790528233151
LC_k1_0.35_k2_0.2	100	0.877875787578758	0.874671467146715	0.883516351635164	0.35	0.2	0.175053033517183	0.234790528233151
LC_k1_0.35_k2_0.2	110	0.900304307643757	0.893163221603589	0.907679823276153	0.35	0.2	0.175053033517183	0.234790528233151
LC_k1_0.35_k2_0.2	120	0.913125911521633	0.906785193416209	0.914431557747066	0.35	0.2	0.175053033517183	0.234790528233151
LC_k1_0.35_k2_0.2	130	0.926116702399323	0.920419505933442	0.921440959182837	0.35	0.2	0.175053033517183	0.234790528233151
LC_k1_0.35_k2_0.2	140	0.93457829481096	0.928621722682644	0.932693358990619	0.35	0.2	0.175053033517183	0.234790528233151
LC_k1_0.35_k2_0.2	150	0.937106538068359	0.931054713542824	0.931929419085293	0.35	0.2	0.175053033517183	0.234790528233151
LC_k1_0.35_k2_0.2	160	0.93148658150709	0.925035157623345	0.925662135239658	0.35	0.2	0.175053033517183	0.234790528233151
LC_k1_0.35_k2_0.2	170	0.927401518065962	0.920804098655968	0.932650631102644	0.35	0.2	0.175053033517183	0.234790528233151
LC_k1_0.35_k2_0.2	180	0.923882424354661	0.91862711812093	0.928664464952622	0.35	0.2	0.175053033517183	0.234790528233151
LC_k1_0.35_k2_0.2	190	0.916886456980147	0.909977386747847	0.914599762932637	0.35	0.2	0.175053033517183	0.234790528233151
LC_k1_0.35_k2_0.2	200	0.895891397284932	0.890930773269332	0.914794869871747	0.35	0.2	0.175053033517183	0.234790528233151
LC_k1_0.35_k2_0.2	210	0.885973442870425	0.882205297820164	0.90657384521191	0.35	0.2	0.175053033517183	0.234790528233151
LC_k1_0.35_k2_0.2	220	0.888469145681072	0.8864473157785	0.909616088987564	0.35	0.2	0.175053033517183	0.234790528233151
LC_k1_0.35_k2_0.2	230	0.874595804802754	0.872144866714831	0.91174453038892	0.35	0.2	0.175053033517183	0.234790528233151
LC_k1_0.35_k2_0.2	240	0.861084393826282	0.859162485459817	0.916218163509783	0.35	0.2	0.175053033517183	0.234790528233151
LC_k1_0.35_k2_0.2	250	0.851168434694955	0.848064129026064	0.918726091850781	0.35	0.2	0.175053033517183	0.234790528233151
LC_k1_0.35_k2_0.2	260	0.835773173704208	0.837004188728326	0.918726091850781	0.35	0.2	0.175053033517183	0.234790528233151
LC_k1_0.35_k2_0.2	270	0.831381927202172	0.833484074617698	0.918726091850781	0.35	0.2	0.175053033517183	0.234790528233151
LC_k1_0.35_k2_0.2	280	0.824044585116793	0.826342172731795	0.918726091850781	0.35	0.2	0.175053033517183	0.234790528233151
LC_k1_0.35_k2_0.2	290	0.818635918012884	0.823261992946737	0.918726091850781	0.35	0.2	0.175053033517183	0.234790528233151
LC_k1_0.35_k2_0.2	300	0.814934388159868	0.822115356837298	0.918726091850781	0.35	0.2	0.175053033517183	0.234790528233151
LC_k1_0.35_k2_0.28	10	-0.0909090909090909	-0.0787878787878788	0.187878787878788	0.35	0.28	0.151972846839202	0.205100182149363
LC_k1_0.35_k2_0.28	20	0.075187969924812	0.126315789473684	0.0947368421052632	0.35	0.28	0.151972846839202	0.205100182149363
LC_k1_0.35_k2_0.28	30	0.226251390433815	0.286318131256952	0.225806451612903	0.35	0.28	0.151972846839202	0.205100182149363
LC_k1_0.35_k2_0.28	40	0.535272045028143	0.582739212007505	0.399812382739212	0.35	0.28	0.151972846839202	0.205100182149363
LC_k1_0.35_k2_0.28	50	0.655030012004802	0.687202881152461	0.500408163265306	0.35	0.28	0.151972846839202	0.205100182149363
LC_k1_0.35_k2_0.28	60	0.761933870519589	0.76976938038344	0.636787996665741	0.35	0.28	0.151972846839202	0.205100182149363
LC_k1_0.35_k2_0.28	70	0.806491120636865	0.805756276791182	0.742244772985741	0.35	0.28	0.151972846839202	0.205100182149363
LC_k1_0.35_k2_0.28	80	0.859329582747304	0.858274730426629	0.787763713080169	0.35	0.28	0.151972846839202	0.205100182149363
LC_k1_0.35_k2_0.28	90	0.852969502407705	0.848738527390213	0.806922665349632	0.35	0.28	0.151972846839202	0.205100182149363
LC_k1_0.35_k2_0.28	100	0.864518451845185	0.856393639363937	0.817089708970897	0.35	0.28	0.151972846839202	0.205100182149363
LC_k1_0.35_k2_0.28	110	0.861461127516173	0.850262606225909	0.836431260284471	0.35	0.28	0.151972846839202	0.205100182149363
LC_k1_0.35_k2_0.28	120	0.877248420029169	0.865824015556636	0.853927356066393	0.35	0.28	0.151972846839202	0.205100182149363
LC_k1_0.35_k2_0.28	130	0.9016509852654	0.891343593385134	0.878234032965082	0.35	0.28	0.151972846839202	0.205100182149363
LC_k1_0.35_k2_0.28	140	0.914959218035906	0.905049091425948	0.8957206271457	0.35	0.28	0.151972846839202	0.205100182149363
LC_k1_0.35_k2_0.28	150	0.927648339926219	0.919317302991244	0.907277656784746	0.35	0.28	0.151972846839202	0.205100182149363
LC_k1_0.35_k2_0.28	160	0.935570725418962	0.928536270948084	0.916263330598851	0.35	0.28	0.151972846839202	0.205100182149363
LC_k1_0.35_k2_0.28	170	0.935603715170279	0.929787922643365	0.918615543383345	0.35	0.28	0.151972846839202	0.205100182149363
LC_k1_0.35_k2_0.28	180	0.928857886560285	0.925814582754612	0.905746062121259	0.35	0.28	0.151972846839202	0.205100182149363
LC_k1_0.35_k2_0.28	190	0.930195471226058	0.92579879016914	0.905736417833414	0.35	0.28	0.151972846839202	0.205100182149363
LC_k1_0.35_k2_0.28	200	0.933027825695642	0.928241206030151	0.905239630990775	0.35	0.28	0.151972846839202	0.205100182149363
LC_k1_0.35_k2_0.28	210	0.935935055216672	0.930510895938683	0.901717240105866	0.35	0.28	0.151972846839202	0.205100182149363
LC_k1_0.35_k2_0.28	220	0.927644635783234	0.922587807035833	0.905583699137285	0.35	0.28	0.151972846839202	0.205100182149363
LC_k1_0.35_k2_0.28	230	0.920299635811312	0.917215497621801	0.912894548018907	0.35	0.28	0.151972846839202	0.205100182149363
LC_k1_0.35_k2_0.28	240	0.90397923575062	0.901322939634369	0.917102727477907	0.35	0.28	0.151972846839202	0.205100182149363
LC_k1_0.35_k2_0.28	250	0.897268372293957	0.896510344165507	0.917321082994208	0.35	0.28	0.151972846839202	0.205100182149363
LC_k1_0.35_k2_0.28	260	0.887166514752722	0.886560224491259	0.917321082994208	0.35	0.28	0.151972846839202	0.205100182149363
LC_k1_0.35_k2_0.28	270	0.873127965480398	0.873771778609979	0.917321082994208	0.35	0.28	0.151972846839202	0.205100182149363
LC_k1_0.35_k2_0.28	280	0.860939370582351	0.865546025550617	0.917321082994208	0.35	0.28	0.151972846839202	0.205100182149363
LC_k1_0.35_k2_0.28	290	0.845885575743859	0.849184643222212	0.917321082994208	0.35	0.28	0.151972846839202	0.205100182149363
LC_k1_0.35_k2_0.28	300	0.831232347026078	0.837738641540462	0.917321082994208	0.35	0.28	0.151972846839202	0.205100182149363
LC_k1_0.35_k2_0.36	10	0.0909090909090909	0.0181818181818182	0.0666666666666667	0.35	0.36	0.111327959270259	0.15063752276867
LC_k1_0.35_k2_0.36	20	0.26015037593985	0.276691729323308	0.317293233082707	0.35	0.36	0.111327959270259	0.15063752276867
LC_k1_0.35_k2_0.36	30	0.128364849833148	0.259176863181313	0.0327030033370412	0.35	0.36	0.111327959270259	0.15063752276867
LC_k1_0.35_k2_0.36	40	0.415009380863039	0.456285178236398	0.262101313320826	0.35	0.36	0.111327959270259	0.15063752276867
LC_k1_0.35_k2_0.36	50	0.672412965186075	0.677599039615846	0.546314525810324	0.35	0.36	0.111327959270259	0.15063752276867
LC_k1_0.35_k2_0.36	60	0.763601000277855	0.779661016949153	0.655459849958322	0.35	0.36	0.111327959270259	0.15063752276867
LC_k1_0.35_k2_0.36	70	0.820278190884437	0.820278190884437	0.719394628641414	0.35	0.36	0.111327959270259	0.15063752276867
LC_k1_0.35_k2_0.36	80	0.869924988279419	0.865353961556493	0.76699484294421	0.35	0.36	0.111327959270259	0.15063752276867
LC_k1_0.35_k2_0.36	90	0.881730254763963	0.875013376136972	0.791875540190147	0.35	0.36	0.111327959270259	0.15063752276867
LC_k1_0.35_k2_0.36	100	0.84948094809481	0.836567656765677	0.82940294029403	0.35	0.36	0.111327959270259	0.15063752276867
LC_k1_0.35_k2_0.36	110	0.869197304059689	0.856781552194396	0.845601063949688	0.35	0.36	0.111327959270259	0.15063752276867
LC_k1_0.35_k2_0.36	120	0.884373914855198	0.871748038058198	0.864316966456004	0.35	0.36	0.111327959270259	0.15063752276867
LC_k1_0.35_k2_0.36	130	0.89873957038878	0.890633492195715	0.886684237119174	0.35	0.36	0.111327959270259	0.15063752276867
LC_k1_0.35_k2_0.36	140	0.914141392053531	0.907992390282303	0.90247753165249	0.35	0.36	0.111327959270259	0.15063752276867
LC_k1_0.35_k2_0.36	150	0.925646473176586	0.920035557135873	0.901311169385306	0.35	0.36	0.111327959270259	0.15063752276867
LC_k1_0.35_k2_0.36	160	0.932081331302004	0.92665826790109	0.910175202156334	0.35	0.36	0.111327959270259	0.15063752276867
LC_k1_0.35_k2_0.36	170	0.933615451786445	0.929111326872699	0.909919944309085	0.35	0.36	0.111327959270259	0.15063752276867
LC_k1_0.35_k2_0.36	180	0.929115096144943	0.924042923135488	0.907451876086711	0.35	0.36	0.111327959270259	0.15063752276867
LC_k1_0.35_k2_0.36	190	0.926932514532404	0.922591819863796	0.903222279083398	0.35	0.36	0.111327959270259	0.15063752276867
LC_k1_0.35_k2_0.36	200	0.919582989574739	0.916858921473037	0.898777469436736	0.35	0.36	0.111327959270259	0.15063752276867
LC_k1_0.35_k2_0.36	210	0.907755601843903	0.904807689192823	0.901167826934851	0.35	0.36	0.111327959270259	0.15063752276867
LC_k1_0.35_k2_0.36	220	0.906188895713473	0.901518626417901	0.906584471129193	0.35	0.36	0.111327959270259	0.15063752276867
LC_k1_0.35_k2_0.36	230	0.904566289984934	0.897148380383619	0.907508401983435	0.35	0.36	0.111327959270259	0.15063752276867
LC_k1_0.35_k2_0.36	240	0.89353634611712	0.888519765968159	0.909349120644455	0.35	0.36	0.111327959270259	0.15063752276867
LC_k1_0.35_k2_0.36	250	0.888658954543273	0.887628282052513	0.908049697170412	0.35	0.36	0.111327959270259	0.15063752276867
LC_k1_0.35_k2_0.36	260	0.878540533712947	0.876937414868449	0.908049697170412	0.35	0.36	0.111327959270259	0.15063752276867
LC_k1_0.35_k2_0.36	270	0.87632630229648	0.876189735875054	0.908049697170412	0.35	0.36	0.111327959270259	0.15063752276867
LC_k1_0.35_k2_0.36	280	0.85967769268194	0.861496957869361	0.908049697170412	0.35	0.36	0.111327959270259	0.15063752276867
LC_k1_0.35_k2_0.36	290	0.851774202079569	0.852474362112633	0.908049697170412	0.35	0.36	0.111327959270259	0.15063752276867
LC_k1_0.35_k2_0.36	300	0.840063556261736	0.842039578217536	0.908049697170412	0.35	0.36	0.111327959270259	0.15063752276867
LC_k1_0.35_k2_0.44	10	-0.515151515151515	-0.478787878787879	-0.539393939393939	0.35	0.44	0.0862112855324565	0.117668488160291
LC_k1_0.35_k2_0.44	20	0.190977443609023	0.222556390977444	0.0962406015037594	0.35	0.44	0.0862112855324565	0.117668488160291
LC_k1_0.35_k2_0.44	30	0.389098998887653	0.422469410456062	0.284093437152392	0.35	0.44	0.0862112855324565	0.117668488160291
LC_k1_0.35_k2_0.44	40	0.238649155722327	0.310881801125704	0.0941838649155723	0.35	0.44	0.0862112855324565	0.117668488160291
LC_k1_0.35_k2_0.44	50	0.536998799519808	0.563697478991597	0.39140456182473	0.35	0.44	0.0862112855324565	0.117668488160291
LC_k1_0.35_k2_0.44	60	0.645234787440956	0.655515420950264	0.556654626285079	0.35	0.44	0.0862112855324565	0.117668488160291
LC_k1_0.35_k2_0.44	70	0.741894847344939	0.748578427084245	0.678313358411338	0.35	0.44	0.0862112855324565	0.117668488160291
LC_k1_0.35_k2_0.44	80	0.794960150023441	0.792381622128458	0.725949367088608	0.35	0.44	0.0862112855324565	0.117668488160291
LC_k1_0.35_k2_0.44	90	0.834251142116311	0.831337202123719	0.78323249783924	0.35	0.44	0.0862112855324565	0.117668488160291
LC_k1_0.35_k2_0.44	100	0.869282928292829	0.867122712271227	0.813417341734174	0.35	0.44	0.0862112855324565	0.117668488160291
LC_k1_0.35_k2_0.44	110	0.888691026305705	0.885679507697856	0.832076279782702	0.35	0.44	0.0862112855324565	0.117668488160291
LC_k1_0.35_k2_0.44	120	0.904507257448434	0.904396138620737	0.85804569761789	0.35	0.44	0.0862112855324565	0.117668488160291
LC_k1_0.35_k2_0.44	130	0.912581081265619	0.913498750495022	0.872482213330784	0.35	0.44	0.0862112855324565	0.117668488160291
LC_k1_0.35_k2_0.44	140	0.907428221556493	0.909531827425598	0.892112571341104	0.35	0.44	0.0862112855324565	0.117668488160291
LC_k1_0.35_k2_0.44	150	0.915224676652296	0.917688786168274	0.902121872083204	0.35	0.44	0.0862112855324565	0.117668488160291
LC_k1_0.35_k2_0.44	160	0.919398218680417	0.923710887144029	0.91432673151295	0.35	0.44	0.0862112855324565	0.117668488160291
LC_k1_0.35_k2_0.44	170	0.920354663198198	0.923095242456995	0.919489988458791	0.35	0.44	0.0862112855324565	0.117668488160291
LC_k1_0.35_k2_0.44	180	0.918411062069817	0.920100414621851	0.908661789972941	0.35	0.44	0.0862112855324565	0.117668488160291
LC_k1_0.35_k2_0.44	190	0.904957857120988	0.905211545443014	0.901813871502491	0.35	0.44	0.0862112855324565	0.117668488160291
LC_k1_0.35_k2_0.44	200	0.900787519687992	0.900457511437786	0.902491562289057	0.35	0.44	0.0862112855324565	0.117668488160291
LC_k1_0.35_k2_0.44	210	0.895177409270699	0.893358126034604	0.893938638064355	0.35	0.44	0.0862112855324565	0.117668488160291
LC_k1_0.35_k2_0.44	220	0.893493291559367	0.891997768548937	0.900632807965604	0.35	0.44	0.0862112855324565	0.117668488160291
LC_k1_0.35_k2_0.44	230	0.884034628746989	0.886740030427139	0.897088216511038	0.35	0.44	0.0862112855324565	0.117668488160291
LC_k1_0.35_k2_0.44	240	0.872801611139082	0.874489140436466	0.892571051580756	0.35	0.44	0.0862112855324565	0.117668488160291
LC_k1_0.35_k2_0.44	250	0.870419430710891	0.86860154562473	0.893052900256079	0.35	0.44	0.0862112855324565	0.117668488160291
LC_k1_0.35_k2_0.44	260	0.858850438160783	0.855597772839152	0.893052900256079	0.35	0.44	0.0862112855324565	0.117668488160291
LC_k1_0.35_k2_0.44	270	0.852996611750504	0.852271102636677	0.893052900256079	0.35	0.44	0.0862112855324565	0.117668488160291
LC_k1_0.35_k2_0.44	280	0.853700028972673	0.849920461813471	0.893052900256079	0.35	0.44	0.0862112855324565	0.117668488160291
LC_k1_0.35_k2_0.44	290	0.845267584878413	0.845349262015088	0.893052900256079	0.35	0.44	0.0862112855324565	0.117668488160291
LC_k1_0.35_k2_0.44	300	0.83420971344126	0.833691041011567	0.893052900256079	0.35	0.44	0.0862112855324565	0.117668488160291
LC_k1_0.35_k2_0.52	10	-0.2	-0.2	-0.333333333333333	0.35	0.52	0.068731438268986	0.0936247723132969
LC_k1_0.35_k2_0.52	20	0.216541353383459	0.17593984962406	0.267669172932331	0.35	0.52	0.068731438268986	0.0936247723132969
LC_k1_0.35_k2_0.52	30	0.327252502780868	0.412235817575083	0.0883203559510567	0.35	0.52	0.068731438268986	0.0936247723132969
LC_k1_0.35_k2_0.52	40	0.351969981238274	0.450844277673546	0.134146341463415	0.35	0.52	0.068731438268986	0.0936247723132969
LC_k1_0.35_k2_0.52	50	0.576278511404562	0.631212484993998	0.387851140456183	0.35	0.52	0.068731438268986	0.0936247723132969
LC_k1_0.35_k2_0.52	60	0.702028341205891	0.741094748541262	0.537149208113365	0.35	0.52	0.068731438268986	0.0936247723132969
LC_k1_0.35_k2_0.52	70	0.774507917067623	0.795048552182661	0.642515965357362	0.35	0.52	0.068731438268986	0.0936247723132969
LC_k1_0.35_k2_0.52	80	0.827074542897328	0.841279887482419	0.706516643225504	0.35	0.52	0.068731438268986	0.0936247723132969
LC_k1_0.35_k2_0.52	90	0.867670905873153	0.873959748117052	0.754883318928263	0.35	0.52	0.068731438268986	0.0936247723132969
LC_k1_0.35_k2_0.52	100	0.895169516951695	0.90004200420042	0.786726672667267	0.35	0.52	0.068731438268986	0.0936247723132969
LC_k1_0.35_k2_0.52	110	0.9110610193179	0.912981538669612	0.827964745395938	0.35	0.52	0.068731438268986	0.0936247723132969
LC_k1_0.35_k2_0.52	120	0.918598513785679	0.918070699354122	0.852538370720189	0.35	0.52	0.068731438268986	0.0936247723132969
LC_k1_0.35_k2_0.52	130	0.929770992366412	0.928066749511805	0.870067869286758	0.35	0.52	0.068731438268986	0.0936247723132969
LC_k1_0.35_k2_0.52	140	0.926181364938444	0.925066147689751	0.892838555902998	0.35	0.52	0.068731438268986	0.0936247723132969
LC_k1_0.35_k2_0.52	150	0.935844259744878	0.934094848659941	0.905432241432953	0.35	0.52	0.068731438268986	0.0936247723132969
LC_k1_0.35_k2_0.52	160	0.941275049806633	0.938758349935544	0.910784600960975	0.35	0.52	0.068731438268986	0.0936247723132969
LC_k1_0.35_k2_0.52	170	0.94377904385049	0.940491325773536	0.914480248655052	0.35	0.52	0.068731438268986	0.0936247723132969
LC_k1_0.35_k2_0.52	180	0.94370608146342	0.940125724044981	0.913635194501888	0.35	0.52	0.068731438268986	0.0936247723132969
LC_k1_0.35_k2_0.52	190	0.936737130785078	0.934135513303328	0.916303848626803	0.35	0.52	0.068731438268986	0.0936247723132969
LC_k1_0.35_k2_0.52	200	0.937706442661067	0.932999324983125	0.915652891322283	0.35	0.52	0.068731438268986	0.0936247723132969
LC_k1_0.35_k2_0.52	210	0.926173900930698	0.920802868869718	0.906141052761157	0.35	0.52	0.068731438268986	0.0936247723132969
LC_k1_0.35_k2_0.52	220	0.91936685393575	0.914226627522357	0.906484168530905	0.35	0.52	0.068731438268986	0.0936247723132969
LC_k1_0.35_k2_0.52	230	0.914630423686813	0.908705761677093	0.908586420224924	0.35	0.52	0.068731438268986	0.0936247723132969
LC_k1_0.35_k2_0.52	240	0.907000121529888	0.899989583152485	0.902302991371378	0.35	0.52	0.068731438268986	0.0936247723132969
LC_k1_0.35_k2_0.52	250	0.8987360437767	0.895106417702683	0.903979353060327	0.35	0.52	0.068731438268986	0.0936247723132969
LC_k1_0.35_k2_0.52	260	0.888998357963875	0.888453516039723	0.903979353060327	0.35	0.52	0.068731438268986	0.0936247723132969
LC_k1_0.35_k2_0.52	270	0.88462880911337	0.884142291237039	0.903979353060327	0.35	0.52	0.068731438268986	0.0936247723132969
LC_k1_0.35_k2_0.52	280	0.8793627105302	0.880447819123057	0.903979353060327	0.35	0.52	0.068731438268986	0.0936247723132969
LC_k1_0.35_k2_0.52	290	0.876828909770136	0.879430277370144	0.903979353060327	0.35	0.52	0.068731438268986	0.0936247723132969
LC_k1_0.35_k2_0.52	300	0.875037722641363	0.877743974933055	0.903979353060327	0.35	0.52	0.068731438268986	0.0936247723132969
LC_k1_0.35_k2_0.6	10	-0.0909090909090909	-0.0666666666666667	-0.0787878787878788	0.35	0.6	0.0539669070852779	0.0750455373406193
LC_k1_0.35_k2_0.6	20	0.305263157894737	0.359398496240602	0.300751879699248	0.35	0.6	0.0539669070852779	0.0750455373406193
LC_k1_0.35_k2_0.6	30	0.346829810901001	0.428698553948832	0.203114571746385	0.35	0.6	0.0539669070852779	0.0750455373406193
LC_k1_0.35_k2_0.6	40	0.305816135084428	0.423452157598499	0.237711069418387	0.35	0.6	0.0539669070852779	0.0750455373406193
LC_k1_0.35_k2_0.6	50	0.541128451380552	0.598271308523409	0.474189675870348	0.35	0.6	0.0539669070852779	0.0750455373406193
LC_k1_0.35_k2_0.6	60	0.703417616004446	0.729369269241456	0.582828563489859	0.35	0.6	0.0539669070852779	0.0750455373406193
LC_k1_0.35_k2_0.6	70	0.773878050914181	0.790289563467763	0.688951097891698	0.35	0.6	0.0539669070852779	0.0750455373406193
LC_k1_0.35_k2_0.6	80	0.833520862634787	0.841068917018284	0.751007969995312	0.35	0.6	0.0539669070852779	0.0750455373406193
LC_k1_0.35_k2_0.6	90	0.865547186895502	0.870815326995102	0.813787710416924	0.35	0.6	0.0539669070852779	0.0750455373406193
LC_k1_0.35_k2_0.6	100	0.894713471347135	0.899345934593459	0.833723372337234	0.35	0.6	0.0539669070852779	0.0750455373406193
LC_k1_0.35_k2_0.6	110	0.903820751527173	0.906309311813899	0.838748506638415	0.35	0.6	0.0539669070852779	0.0750455373406193
LC_k1_0.35_k2_0.6	120	0.913480102784915	0.915563580804222	0.861997360927842	0.35	0.6	0.0539669070852779	0.0750455373406193
LC_k1_0.35_k2_0.6	130	0.910237747340534	0.91087137609417	0.875115050048478	0.35	0.6	0.0539669070852779	0.0750455373406193
LC_k1_0.35_k2_0.6	140	0.912938706785332	0.912601954910236	0.895357634864753	0.35	0.6	0.0539669070852779	0.0750455373406193
LC_k1_0.35_k2_0.6	150	0.910769367527446	0.910019111960532	0.896404284634873	0.35	0.6	0.0539669070852779	0.0750455373406193
LC_k1_0.35_k2_0.6	160	0.920280089065979	0.917693073948201	0.901347708894879	0.35	0.6	0.0539669070852779	0.0750455373406193
LC_k1_0.35_k2_0.6	170	0.92735266638577	0.922648249583234	0.907049908097777	0.35	0.6	0.0539669070852779	0.0750455373406193
LC_k1_0.35_k2_0.6	180	0.924639649371894	0.916404827309485	0.900595697398068	0.35	0.6	0.0539669070852779	0.0750455373406193
LC_k1_0.35_k2_0.6	190	0.920595555205641	0.909742943746802	0.899656645977947	0.35	0.6	0.0539669070852779	0.0750455373406193
LC_k1_0.35_k2_0.6	200	0.917206930173255	0.905047626190655	0.906298657466437	0.35	0.6	0.0539669070852779	0.0750455373406193
LC_k1_0.35_k2_0.6	210	0.909498433718938	0.896845085570454	0.909529532577674	0.35	0.6	0.0539669070852779	0.0750455373406193
LC_k1_0.35_k2_0.6	220	0.897833351177429	0.885669688892896	0.902465302626463	0.35	0.6	0.0539669070852779	0.0750455373406193
LC_k1_0.35_k2_0.6	230	0.884873964084141	0.877837749871165	0.905801128812331	0.35	0.6	0.0539669070852779	0.0750455373406193
LC_k1_0.35_k2_0.6	240	0.863942950398444	0.856842132675914	0.894383583048317	0.35	0.6	0.0539669070852779	0.0750455373406193
LC_k1_0.35_k2_0.6	250	0.861704795276724	0.854251236019776	0.894593392109537	0.35	0.6	0.0539669070852779	0.0750455373406193
LC_k1_0.35_k2_0.6	260	0.849213290592601	0.84602002533037	0.894593392109537	0.35	0.6	0.0539669070852779	0.0750455373406193
LC_k1_0.35_k2_0.6	270	0.835336256708292	0.834553438471188	0.894593392109537	0.35	0.6	0.0539669070852779	0.0750455373406193
LC_k1_0.35_k2_0.6	280	0.828946433354653	0.830337668301163	0.894593392109537	0.35	0.6	0.0539669070852779	0.0750455373406193
LC_k1_0.35_k2_0.6	290	0.803210255892993	0.802952923709372	0.894593392109537	0.35	0.6	0.0539669070852779	0.0750455373406193
LC_k1_0.35_k2_0.6	300	0.805188057645085	0.802552028355871	0.894593392109537	0.35	0.6	0.0539669070852779	0.0750455373406193
LC_k1_0.35_k2_0.68	10	0.00606060606060606	0.0424242424242424	-0.0424242424242424	0.35	0.68	0.0385235468816292	0.0528233151183971
LC_k1_0.35_k2_0.68	20	0.279699248120301	0.33984962406015	0.275187969924812	0.35	0.68	0.0385235468816292	0.0528233151183971
LC_k1_0.35_k2_0.68	30	0.408676307007787	0.473192436040045	0.17908787541713	0.35	0.68	0.0385235468816292	0.0528233151183971
LC_k1_0.35_k2_0.68	40	0.322889305816135	0.368667917448405	0.0851782363977486	0.35	0.68	0.0385235468816292	0.0528233151183971
LC_k1_0.35_k2_0.68	50	0.304009603841537	0.366338535414166	0.120864345738295	0.35	0.68	0.0385235468816292	0.0528233151183971
LC_k1_0.35_k2_0.68	60	0.510919699916644	0.52948041122534	0.356710197277021	0.35	0.68	0.0385235468816292	0.0528233151183971
LC_k1_0.35_k2_0.68	70	0.643530749715685	0.651229113813315	0.486274166739568	0.35	0.68	0.0385235468816292	0.0528233151183971
LC_k1_0.35_k2_0.68	80	0.712728551336146	0.726277543366151	0.54620253164557	0.35	0.68	0.0385235468816292	0.0528233151183971
LC_k1_0.35_k2_0.68	90	0.776762563279417	0.784500144050706	0.648285796600403	0.35	0.68	0.0385235468816292	0.0528233151183971
LC_k1_0.35_k2_0.68	100	0.824554455445545	0.829426942694269	0.728472847284729	0.35	0.68	0.0385235468816292	0.0528233151183971
LC_k1_0.35_k2_0.68	110	0.86039717782837	0.861100466605054	0.792619976106215	0.35	0.68	0.0385235468816292	0.0528233151183971
LC_k1_0.35_k2_0.68	120	0.878067921383429	0.877310924369748	0.815501076463643	0.35	0.68	0.0385235468816292	0.0528233151183971
LC_k1_0.35_k2_0.68	130	0.89013095904628	0.889104043480042	0.838189788198664	0.35	0.68	0.0385235468816292	0.0528233151183971
LC_k1_0.35_k2_0.68	140	0.899779143250749	0.898287813518183	0.864805055651528	0.35	0.68	0.0385235468816292	0.0528233151183971
LC_k1_0.35_k2_0.68	150	0.899967109649318	0.897524334414863	0.872666340726255	0.35	0.68	0.0385235468816292	0.0528233151183971
LC_k1_0.35_k2_0.68	160	0.906290284776749	0.90418668697996	0.888814016172507	0.35	0.68	0.0385235468816292	0.0528233151183971
LC_k1_0.35_k2_0.68	170	0.909968795989277	0.908537441759638	0.898747565049066	0.35	0.68	0.0385235468816292	0.0528233151183971
LC_k1_0.35_k2_0.68	180	0.906276942703993	0.904661666512341	0.881228844511662	0.35	0.68	0.0385235468816292	0.0528233151183971
LC_k1_0.35_k2_0.68	190	0.908199818919026	0.90662695132246	0.887904753156889	0.35	0.68	0.0385235468816292	0.0528233151183971
LC_k1_0.35_k2_0.68	200	0.904023100577514	0.900759018975475	0.891898297457437	0.35	0.68	0.0385235468816292	0.0528233151183971
LC_k1_0.35_k2_0.68	210	0.888957637523365	0.886272769385765	0.896417476262824	0.35	0.68	0.0385235468816292	0.0528233151183971
LC_k1_0.35_k2_0.68	220	0.879055352383314	0.87529569544074	0.898435166767157	0.35	0.68	0.0385235468816292	0.0528233151183971
LC_k1_0.35_k2_0.68	230	0.869904995327437	0.865989412144719	0.888825053814611	0.35	0.68	0.0385235468816292	0.0528233151183971
LC_k1_0.35_k2_0.68	240	0.864828382437195	0.862261497595444	0.877407593881838	0.35	0.68	0.0385235468816292	0.0528233151183971
LC_k1_0.35_k2_0.68	250	0.865242259876158	0.861524312388998	0.878837221360818	0.35	0.68	0.0385235468816292	0.0528233151183971
LC_k1_0.35_k2_0.68	260	0.850255864048967	0.851202851202851	0.878837221360818	0.35	0.68	0.0385235468816292	0.0528233151183971
LC_k1_0.35_k2_0.68	270	0.835651456886316	0.838574831844973	0.878837221360818	0.35	0.68	0.0385235468816292	0.0528233151183971
LC_k1_0.35_k2_0.68	280	0.83389966708759	0.832812918532124	0.878837221360818	0.35	0.68	0.0385235468816292	0.0528233151183971
LC_k1_0.35_k2_0.68	290	0.828534596540776	0.830819096212961	0.878837221360818	0.35	0.68	0.0385235468816292	0.0528233151183971
LC_k1_0.35_k2_0.68	300	0.826523850265003	0.831835020389115	0.878837221360818	0.35	0.68	0.0385235468816292	0.0528233151183971
LC_k1_0.35_k2_0.76	10	-0.151515151515152	-0.0666666666666667	0.175757575757576	0.35	0.76	0.0274077216801018	0.0367941712204007
LC_k1_0.35_k2_0.76	20	0.153383458646617	0.16390977443609	0.26015037593985	0.35	0.76	0.0274077216801018	0.0367941712204007
LC_k1_0.35_k2_0.76	30	0.452280311457175	0.503003337041157	0.272525027808676	0.35	0.76	0.0274077216801018	0.0367941712204007
LC_k1_0.35_k2_0.76	40	0.442401500938086	0.490431519699813	0.0878048780487805	0.35	0.76	0.0274077216801018	0.0367941712204007
LC_k1_0.35_k2_0.76	50	0.429723889555822	0.497142857142857	0.238415366146459	0.35	0.76	0.0274077216801018	0.0367941712204007
LC_k1_0.35_k2_0.76	60	0.613948318977494	0.644178938594054	0.405112531258683	0.35	0.76	0.0274077216801018	0.0367941712204007
LC_k1_0.35_k2_0.76	70	0.688671157379057	0.721879100691103	0.577954684629516	0.35	0.76	0.0274077216801018	0.0367941712204007
LC_k1_0.35_k2_0.76	80	0.747140178152836	0.759587435536803	0.650820440693858	0.35	0.76	0.0274077216801018	0.0367941712204007
LC_k1_0.35_k2_0.76	90	0.789076840762234	0.796863810346956	0.73262542700745	0.35	0.76	0.0274077216801018	0.0367941712204007
LC_k1_0.35_k2_0.76	100	0.829426942694269	0.833087308730873	0.791587158715872	0.35	0.76	0.0274077216801018	0.0367941712204007
LC_k1_0.35_k2_0.76	110	0.846304352726371	0.846719112774159	0.83149922232491	0.35	0.76	0.0274077216801018	0.0367941712204007
LC_k1_0.35_k2_0.76	120	0.87617195638586	0.877505382318216	0.844329467324119	0.35	0.76	0.0274077216801018	0.0367941712204007
LC_k1_0.35_k2_0.76	130	0.884543008917232	0.883729123707821	0.853806552049052	0.35	0.76	0.0274077216801018	0.0367941712204007
LC_k1_0.35_k2_0.76	140	0.884778377905579	0.886094771599134	0.866943648728434	0.35	0.76	0.0274077216801018	0.0367941712204007
LC_k1_0.35_k2_0.76	150	0.878344815325126	0.876403395706476	0.863492599671097	0.35	0.76	0.0274077216801018	0.0367941712204007
LC_k1_0.35_k2_0.76	160	0.869020274229462	0.867212586429157	0.875161139106996	0.35	0.76	0.0274077216801018	0.0367941712204007
LC_k1_0.35_k2_0.76	170	0.874529344593646	0.872204004616484	0.880010503111242	0.35	0.76	0.0274077216801018	0.0367941712204007
LC_k1_0.35_k2_0.76	180	0.865102832391946	0.865049332798338	0.885259833122422	0.35	0.76	0.0274077216801018	0.0367941712204007
LC_k1_0.35_k2_0.76	190	0.852208181885779	0.857397420252201	0.880491805429805	0.35	0.76	0.0274077216801018	0.0367941712204007
LC_k1_0.35_k2_0.76	200	0.839923498087452	0.842622065551639	0.893876846921173	0.35	0.76	0.0274077216801018	0.0367941712204007
LC_k1_0.35_k2_0.76	210	0.827061838136919	0.82917008160211	0.899045329826073	0.35	0.76	0.0274077216801018	0.0367941712204007
LC_k1_0.35_k2_0.76	220	0.8284543820402	0.832865442373903	0.892649171940066	0.35	0.76	0.0274077216801018	0.0367941712204007
LC_k1_0.35_k2_0.76	230	0.819975885136318	0.822302550307107	0.886575319497286	0.35	0.76	0.0274077216801018	0.0367941712204007
LC_k1_0.35_k2_0.76	240	0.813261514956857	0.815510685949409	0.860113022795535	0.35	0.76	0.0274077216801018	0.0367941712204007
LC_k1_0.35_k2_0.76	250	0.806529256468103	0.809998367973888	0.853319584318094	0.35	0.76	0.0274077216801018	0.0367941712204007
LC_k1_0.35_k2_0.76	260	0.801237842617153	0.802117919359299	0.853319584318094	0.35	0.76	0.0274077216801018	0.0367941712204007
LC_k1_0.35_k2_0.76	270	0.797770736071673	0.799161396818429	0.853319584318094	0.35	0.76	0.0274077216801018	0.0367941712204007
LC_k1_0.35_k2_0.76	280	0.805542526963719	0.805588445916767	0.853319584318094	0.35	0.76	0.0274077216801018	0.0367941712204007
LC_k1_0.35_k2_0.76	290	0.799651888107243	0.79627311161599	0.853319584318094	0.35	0.76	0.0274077216801018	0.0367941712204007
LC_k1_0.35_k2_0.76	300	0.802529805886732	0.803587595417727	0.853319584318094	0.35	0.76	0.0274077216801018	0.0367941712204007
LC_k1_0.3_k2_0.04	10	-0.0545454545454545	0.151515151515152	-0.272727272727273	0.3	0.04	0.271786168858719	0.351912568306011
LC_k1_0.3_k2_0.04	20	0.204511278195489	0.386466165413534	0.291729323308271	0.3	0.04	0.271786168858719	0.351912568306011
LC_k1_0.3_k2_0.04	30	0.669410456062292	0.721913236929922	0.5853170189099	0.3	0.04	0.271786168858719	0.351912568306011
LC_k1_0.3_k2_0.04	40	0.837335834896811	0.857223264540338	0.712570356472796	0.3	0.04	0.271786168858719	0.351912568306011
LC_k1_0.3_k2_0.04	50	0.891188475390156	0.899159663865546	0.775174069627851	0.3	0.04	0.271786168858719	0.351912568306011
LC_k1_0.3_k2_0.04	60	0.894303973325924	0.89924979160878	0.789774937482634	0.3	0.04	0.271786168858719	0.351912568306011
LC_k1_0.3_k2_0.04	70	0.909369259032456	0.907199720059487	0.823427521651649	0.3	0.04	0.271786168858719	0.351912568306011
LC_k1_0.3_k2_0.04	80	0.91404125644632	0.913455227379278	0.851781528363807	0.3	0.04	0.271786168858719	0.351912568306011
LC_k1_0.3_k2_0.04	90	0.913536650615302	0.916697534675063	0.874980450261349	0.3	0.04	0.271786168858719	0.351912568306011
LC_k1_0.3_k2_0.04	100	0.925796579657966	0.925424542454246	0.894185418541854	0.3	0.04	0.271786168858719	0.351912568306011
LC_k1_0.3_k2_0.04	110	0.933304781011203	0.931375245136713	0.911511845456799	0.3	0.04	0.271786168858719	0.351912568306011
LC_k1_0.3_k2_0.04	120	0.93489825682339	0.932377248420029	0.926737967914438	0.3	0.04	0.271786168858719	0.351912568306011
LC_k1_0.3_k2_0.04	130	0.929579811276953	0.924385147960507	0.931376913517868	0.3	0.04	0.271786168858719	0.351912568306011
LC_k1_0.3_k2_0.04	140	0.931219522861954	0.925219216723885	0.936100238350353	0.3	0.04	0.271786168858719	0.351912568306011
LC_k1_0.3_k2_0.04	150	0.936772300991155	0.931115160673808	0.937981243610827	0.3	0.04	0.271786168858719	0.351912568306011
LC_k1_0.3_k2_0.04	160	0.936821750849642	0.931413336458455	0.938711473104418	0.3	0.04	0.271786168858719	0.351912568306011
LC_k1_0.3_k2_0.04	170	0.935159164880527	0.928185587533051	0.935642796514433	0.3	0.04	0.271786168858719	0.351912568306011
LC_k1_0.3_k2_0.04	180	0.932281860551251	0.923186929637746	0.93192999783944	0.3	0.04	0.271786168858719	0.351912568306011
LC_k1_0.3_k2_0.04	190	0.92301696650002	0.913291081105906	0.928220201463519	0.3	0.04	0.271786168858719	0.351912568306011
LC_k1_0.3_k2_0.04	200	0.922355058876472	0.912103802595065	0.930324758118953	0.3	0.04	0.271786168858719	0.351912568306011
LC_k1_0.3_k2_0.04	210	0.915600288960229	0.90429974116679	0.92228006465971	0.3	0.04	0.271786168858719	0.351912568306011
LC_k1_0.3_k2_0.04	220	0.908295250277523	0.89601325346692	0.920387911846413	0.3	0.04	0.271786168858719	0.351912568306011
LC_k1_0.3_k2_0.04	230	0.894745770652359	0.881136899933179	0.91896814027059	0.3	0.04	0.271786168858719	0.351912568306011
LC_k1_0.3_k2_0.04	240	0.884436361742391	0.87877133283564	0.924739144776819	0.3	0.04	0.271786168858719	0.351912568306011
LC_k1_0.3_k2_0.04	250	0.876872269956319	0.872419334709355	0.927422929410013	0.3	0.04	0.271786168858719	0.351912568306011
LC_k1_0.3_k2_0.04	260	0.872303527475941	0.869346496932704	0.927422929410013	0.3	0.04	0.271786168858719	0.351912568306011
LC_k1_0.3_k2_0.04	270	0.868938912437451	0.860738830436631	0.927422929410013	0.3	0.04	0.271786168858719	0.351912568306011
LC_k1_0.3_k2_0.04	280	0.861344441346737	0.854247229829827	0.927422929410013	0.3	0.04	0.271786168858719	0.351912568306011
LC_k1_0.3_k2_0.04	290	0.861462291363504	0.854335223142183	0.927422929410013	0.3	0.04	0.271786168858719	0.351912568306011
LC_k1_0.3_k2_0.04	300	0.855026833631485	0.848464094045489	0.927422929410013	0.3	0.04	0.271786168858719	0.351912568306011
LC_k1_0.3_k2_0.12	10	-0.0181818181818182	0.212121212121212	-0.0545454545454545	0.3	0.12	0.26423419601188	0.344626593806922
LC_k1_0.3_k2_0.12	20	0.0902255639097744	0.291729323308271	0.198496240601504	0.3	0.12	0.26423419601188	0.344626593806922
LC_k1_0.3_k2_0.12	30	0.628921023359288	0.688987764182425	0.5706340378198	0.3	0.12	0.26423419601188	0.344626593806922
LC_k1_0.3_k2_0.12	40	0.809568480300188	0.838273921200751	0.670919324577861	0.3	0.12	0.26423419601188	0.344626593806922
LC_k1_0.3_k2_0.12	50	0.868043217286915	0.885234093637455	0.723409363745498	0.3	0.12	0.26423419601188	0.344626593806922
LC_k1_0.3_k2_0.12	60	0.88085579327591	0.882522923034176	0.774437343706585	0.3	0.12	0.26423419601188	0.344626593806922
LC_k1_0.3_k2_0.12	70	0.903980404164115	0.899641326218179	0.822587700113726	0.3	0.12	0.26423419601188	0.344626593806922
LC_k1_0.3_k2_0.12	80	0.902086263478668	0.897866854195968	0.856446319737459	0.3	0.12	0.26423419601188	0.344626593806922
LC_k1_0.3_k2_0.12	90	0.903000370416101	0.903082685105157	0.863110672099436	0.3	0.12	0.26423419601188	0.344626593806922
LC_k1_0.3_k2_0.12	100	0.92031203120312	0.91959195919592	0.891509150915092	0.3	0.12	0.26423419601188	0.344626593806922
LC_k1_0.3_k2_0.12	110	0.930951468566147	0.929373577079999	0.906606857065572	0.3	0.12	0.26423419601188	0.344626593806922
LC_k1_0.3_k2_0.12	120	0.929300645878186	0.926529620112508	0.915230224321133	0.3	0.12	0.26423419601188	0.344626593806922
LC_k1_0.3_k2_0.12	130	0.928328940720206	0.921970803916481	0.93079790793265	0.3	0.12	0.26423419601188	0.344626593806922
LC_k1_0.3_k2_0.12	140	0.932492182545757	0.927270341781286	0.937232949202948	0.3	0.12	0.26423419601188	0.344626593806922
LC_k1_0.3_k2_0.12	150	0.932523223254367	0.927730121338726	0.940591137383884	0.3	0.12	0.26423419601188	0.344626593806922
LC_k1_0.3_k2_0.12	160	0.929163248564397	0.923171803586077	0.942942107113559	0.3	0.12	0.26423419601188	0.344626593806922
LC_k1_0.3_k2_0.12	170	0.932538272238201	0.927670202307021	0.933026789040126	0.3	0.12	0.26423419601188	0.344626593806922
LC_k1_0.3_k2_0.12	180	0.935654392625287	0.929405228556437	0.927468954803132	0.3	0.12	0.26423419601188	0.344626593806922
LC_k1_0.3_k2_0.12	190	0.935508929391542	0.926974504323636	0.925223180114335	0.3	0.12	0.26423419601188	0.344626593806922
LC_k1_0.3_k2_0.12	200	0.929922748068702	0.919339983499588	0.92905572639316	0.3	0.12	0.26423419601188	0.344626593806922
LC_k1_0.3_k2_0.12	210	0.927163881267149	0.914130867884921	0.92401382603428	0.3	0.12	0.26423419601188	0.344626593806922
LC_k1_0.3_k2_0.12	220	0.920640358835363	0.906530375345847	0.9193544569854	0.3	0.12	0.26423419601188	0.344626593806922
LC_k1_0.3_k2_0.12	230	0.905617678315609	0.89109155511282	0.917647493952791	0.3	0.12	0.26423419601188	0.344626593806922
LC_k1_0.3_k2_0.12	240	0.895565895241237	0.881821733016198	0.924610670324137	0.3	0.12	0.26423419601188	0.344626593806922
LC_k1_0.3_k2_0.12	250	0.884945615129842	0.876956751308021	0.927069168251483	0.3	0.12	0.26423419601188	0.344626593806922
LC_k1_0.3_k2_0.12	260	0.874554584899413	0.869767076663628	0.927069168251483	0.3	0.12	0.26423419601188	0.344626593806922
LC_k1_0.3_k2_0.12	270	0.866522174515425	0.862458713806469	0.927069168251483	0.3	0.12	0.26423419601188	0.344626593806922
LC_k1_0.3_k2_0.12	280	0.860047230923135	0.856290076586254	0.927069168251483	0.3	0.12	0.26423419601188	0.344626593806922
LC_k1_0.3_k2_0.12	290	0.858221775567465	0.851751568656153	0.927069168251483	0.3	0.12	0.26423419601188	0.344626593806922
LC_k1_0.3_k2_0.12	300	0.855144168268536	0.849885443171591	0.927069168251483	0.3	0.12	0.26423419601188	0.344626593806922
LC_k1_0.3_k2_0.2	10	-0.2	0.0545454545454545	-0.187878787878788	0.3	0.2	0.25108188375053	0.329872495446266
LC_k1_0.3_k2_0.2	20	-0.00601503759398496	0.215037593984962	0.0721804511278195	0.3	0.2	0.25108188375053	0.329872495446266
LC_k1_0.3_k2_0.2	30	0.587986651835373	0.661846496106785	0.523025583982203	0.3	0.2	0.25108188375053	0.329872495446266
LC_k1_0.3_k2_0.2	40	0.787429643527205	0.826641651031895	0.646529080675422	0.3	0.2	0.25108188375053	0.329872495446266
LC_k1_0.3_k2_0.2	50	0.862857142857143	0.884657863145258	0.72436974789916	0.3	0.2	0.25108188375053	0.329872495446266
LC_k1_0.3_k2_0.2	60	0.886801889413726	0.87985551542095	0.7768268963601	0.3	0.2	0.25108188375053	0.329872495446266
LC_k1_0.3_k2_0.2	70	0.91055900621118	0.900656110576503	0.823287551395328	0.3	0.2	0.25108188375053	0.329872495446266
LC_k1_0.3_k2_0.2	80	0.907477730895452	0.899765588373183	0.851312705110174	0.3	0.2	0.25108188375053	0.329872495446266
LC_k1_0.3_k2_0.2	90	0.918409680207433	0.914195168127753	0.865958760340783	0.3	0.2	0.25108188375053	0.329872495446266
LC_k1_0.3_k2_0.2	100	0.922184218421842	0.91948394839484	0.894749474947495	0.3	0.2	0.25108188375053	0.329872495446266
LC_k1_0.3_k2_0.2	110	0.933575276694543	0.931384261659491	0.908193765074499	0.3	0.2	0.25108188375053	0.329872495446266
LC_k1_0.3_k2_0.2	120	0.932155010764636	0.92763386346274	0.921820959788874	0.3	0.2	0.25108188375053	0.329872495446266
LC_k1_0.3_k2_0.2	130	0.937325376558467	0.93134960193366	0.928547433393874	0.3	0.2	0.25108188375053	0.329872495446266
LC_k1_0.3_k2_0.2	140	0.932426581531128	0.926784894273031	0.939572718724716	0.3	0.2	0.25108188375053	0.329872495446266
LC_k1_0.3_k2_0.2	150	0.937568780834704	0.931108049246633	0.937110093781946	0.3	0.2	0.25108188375053	0.329872495446266
LC_k1_0.3_k2_0.2	160	0.933218094456815	0.92692487987812	0.935646900269542	0.3	0.2	0.25108188375053	0.329872495446266
LC_k1_0.3_k2_0.2	170	0.933925659955667	0.925425467602177	0.934528978206044	0.3	0.2	0.25108188375053	0.329872495446266
LC_k1_0.3_k2_0.2	180	0.929734456824799	0.920034568968178	0.932740722450281	0.3	0.2	0.25108188375053	0.329872495446266
LC_k1_0.3_k2_0.2	190	0.922591819863796	0.910532001907037	0.931547892418656	0.3	0.2	0.25108188375053	0.329872495446266
LC_k1_0.3_k2_0.2	200	0.920594014850371	0.909481737043426	0.934323858096453	0.3	0.2	0.25108188375053	0.329872495446266
LC_k1_0.3_k2_0.2	210	0.921356169398075	0.908798709397362	0.929130884082243	0.3	0.2	0.25108188375053	0.329872495446266
LC_k1_0.3_k2_0.2	220	0.913019615356441	0.900423186805137	0.926638228813894	0.3	0.2	0.25108188375053	0.329872495446266
LC_k1_0.3_k2_0.2	230	0.899490826242298	0.892223819468931	0.927765873769291	0.3	0.2	0.25108188375053	0.329872495446266
LC_k1_0.3_k2_0.2	240	0.894731679369433	0.889166478584697	0.931624680984045	0.3	0.2	0.25108188375053	0.329872495446266
LC_k1_0.3_k2_0.2	250	0.886277348437575	0.884062400998416	0.933896005927799	0.3	0.2	0.25108188375053	0.329872495446266
LC_k1_0.3_k2_0.2	260	0.873054562709735	0.871555223279361	0.933896005927799	0.3	0.2	0.25108188375053	0.329872495446266
LC_k1_0.3_k2_0.2	270	0.865505242413019	0.864704743701712	0.933896005927799	0.3	0.2	0.25108188375053	0.329872495446266
LC_k1_0.3_k2_0.2	280	0.852899727219553	0.852947832789412	0.933896005927799	0.3	0.2	0.25108188375053	0.329872495446266
LC_k1_0.3_k2_0.2	290	0.849426722446575	0.850720271797893	0.933896005927799	0.3	0.2	0.25108188375053	0.329872495446266
LC_k1_0.3_k2_0.2	300	0.85012277914199	0.847295636618185	0.933896005927799	0.3	0.2	0.25108188375053	0.329872495446266
LC_k1_0.3_k2_0.28	10	0.878787878787879	0.83030303030303	0.587878787878788	0.3	0.28	0.226813746287654	0.298360655737705
LC_k1_0.3_k2_0.28	20	0.0962406015037594	0.252631578947368	0.109774436090226	0.3	0.28	0.226813746287654	0.298360655737705
LC_k1_0.3_k2_0.28	30	0.587986651835373	0.669410456062292	0.555506117908788	0.3	0.28	0.226813746287654	0.298360655737705
LC_k1_0.3_k2_0.28	40	0.788930581613509	0.818574108818012	0.665290806754222	0.3	0.28	0.226813746287654	0.298360655737705
LC_k1_0.3_k2_0.28	50	0.813781512605042	0.820024009603842	0.739831932773109	0.3	0.28	0.226813746287654	0.298360655737705
LC_k1_0.3_k2_0.28	60	0.845512642400667	0.830452903584329	0.784606835232009	0.3	0.28	0.226813746287654	0.298360655737705
LC_k1_0.3_k2_0.28	70	0.86062461726883	0.84991689266031	0.841028781383956	0.3	0.28	0.226813746287654	0.298360655737705
LC_k1_0.3_k2_0.28	80	0.88609939052977	0.873347398030942	0.843014533520863	0.3	0.28	0.226813746287654	0.298360655737705
LC_k1_0.3_k2_0.28	90	0.887953245256616	0.881318681318681	0.864658188253694	0.3	0.28	0.226813746287654	0.298360655737705
LC_k1_0.3_k2_0.28	100	0.887872787278728	0.883732373237324	0.898937893789379	0.3	0.28	0.226813746287654	0.298360655737705
LC_k1_0.3_k2_0.28	110	0.907003584067804	0.902477289633253	0.919347203750873	0.3	0.28	0.226813746287654	0.298360655737705
LC_k1_0.3_k2_0.28	120	0.922397388707549	0.915667754705188	0.929029793735676	0.3	0.28	0.226813746287654	0.298360655737705
LC_k1_0.3_k2_0.28	130	0.921899793797539	0.914924415190703	0.924303213207882	0.3	0.28	0.226813746287654	0.298360655737705
LC_k1_0.3_k2_0.28	140	0.929859395158645	0.922678270757254	0.923154971463559	0.3	0.28	0.226813746287654	0.298360655737705
LC_k1_0.3_k2_0.28	150	0.930677807902574	0.9207822569892	0.924761100493355	0.3	0.28	0.226813746287654	0.298360655737705
LC_k1_0.3_k2_0.28	160	0.93137231923122	0.918862064924411	0.922243056369389	0.3	0.28	0.226813746287654	0.298360655737705
LC_k1_0.3_k2_0.28	170	0.916927717832695	0.903105134922234	0.92695941036022	0.3	0.28	0.226813746287654	0.298360655737705
LC_k1_0.3_k2_0.28	180	0.909126824902003	0.897299299361091	0.920481084807144	0.3	0.28	0.226813746287654	0.298360655737705
LC_k1_0.3_k2_0.28	190	0.898717124399131	0.887787531656366	0.922824513290207	0.3	0.28	0.226813746287654	0.298360655737705
LC_k1_0.3_k2_0.28	200	0.887612690317258	0.876569414235356	0.918129453236331	0.3	0.28	0.226813746287654	0.298360655737705
LC_k1_0.3_k2_0.28	210	0.870482323862219	0.8526898893075	0.918222959380355	0.3	0.28	0.226813746287654	0.298360655737705
LC_k1_0.3_k2_0.28	220	0.8582329837769	0.844590703414233	0.922880825862292	0.3	0.28	0.226813746287654	0.298360655737705
LC_k1_0.3_k2_0.28	230	0.840505573788277	0.827718285132373	0.920189170996082	0.3	0.28	0.226813746287654	0.298360655737705
LC_k1_0.3_k2_0.28	240	0.838269761627806	0.826588135210681	0.921231271376239	0.3	0.28	0.226813746287654	0.298360655737705
LC_k1_0.3_k2_0.28	250	0.833772188355014	0.826090529448471	0.920071722356869	0.3	0.28	0.226813746287654	0.298360655737705
LC_k1_0.3_k2_0.28	260	0.83338010234562	0.826860433756985	0.920071722356869	0.3	0.28	0.226813746287654	0.298360655737705
LC_k1_0.3_k2_0.28	270	0.829289534531033	0.825410194622392	0.920071722356869	0.3	0.28	0.226813746287654	0.298360655737705
LC_k1_0.3_k2_0.28	280	0.81662648758275	0.81647834429375	0.920071722356869	0.3	0.28	0.226813746287654	0.298360655737705
LC_k1_0.3_k2_0.28	290	0.81252046541207	0.813987209655615	0.920071722356869	0.3	0.28	0.226813746287654	0.298360655737705
LC_k1_0.3_k2_0.28	300	0.805959177324193	0.806667185190947	0.920071722356869	0.3	0.28	0.226813746287654	0.298360655737705
LC_k1_0.3_k2_0.36	10	-0.175757575757576	0.0303030303030303	-0.296969696969697	0.3	0.36	0.196436147645312	0.261748633879781
LC_k1_0.3_k2_0.36	20	0.0496240601503759	0.24812030075188	-0.0706766917293233	0.3	0.36	0.196436147645312	0.261748633879781
LC_k1_0.3_k2_0.36	30	0.486095661846496	0.549276974416018	0.473637374860957	0.3	0.36	0.196436147645312	0.261748633879781
LC_k1_0.3_k2_0.36	40	0.701125703564728	0.735459662288931	0.585178236397749	0.3	0.36	0.196436147645312	0.261748633879781
LC_k1_0.3_k2_0.36	50	0.768355342136855	0.806002400960384	0.619591836734694	0.3	0.36	0.196436147645312	0.261748633879781
LC_k1_0.3_k2_0.36	60	0.806390664073354	0.823284245623785	0.738260627952209	0.3	0.36	0.196436147645312	0.261748633879781
LC_k1_0.3_k2_0.36	70	0.813419648324731	0.809710436532237	0.796273291925466	0.3	0.36	0.196436147645312	0.261748633879781
LC_k1_0.3_k2_0.36	80	0.826652601969058	0.819573370839194	0.810900140646976	0.3	0.36	0.196436147645312	0.261748633879781
LC_k1_0.3_k2_0.36	90	0.868543441577149	0.865316705766144	0.829937852409763	0.3	0.36	0.196436147645312	0.261748633879781
LC_k1_0.3_k2_0.36	100	0.894761476147615	0.89016501650165	0.868814881488149	0.3	0.36	0.196436147645312	0.261748633879781
LC_k1_0.3_k2_0.36	110	0.90733719541059	0.900980546852106	0.88404751707504	0.3	0.36	0.196436147645312	0.261748633879781
LC_k1_0.3_k2_0.36	120	0.915014931592472	0.905417042850198	0.905833738454059	0.3	0.36	0.196436147645312	0.261748633879781
LC_k1_0.3_k2_0.36	130	0.924576329049967	0.913646233049748	0.914252550219175	0.3	0.36	0.196436147645312	0.261748633879781
LC_k1_0.3_k2_0.36	140	0.927029804727647	0.916970982484529	0.923688526382542	0.3	0.36	0.196436147645312	0.261748633879781
LC_k1_0.3_k2_0.36	150	0.933732165874039	0.924561980532468	0.931342726343393	0.3	0.36	0.196436147645312	0.261748633879781
LC_k1_0.3_k2_0.36	160	0.936971170748857	0.92767490917614	0.928410289464432	0.3	0.36	0.196436147645312	0.261748633879781
LC_k1_0.3_k2_0.36	170	0.933722925482869	0.92468780723127	0.929543664242402	0.3	0.36	0.196436147645312	0.261748633879781
LC_k1_0.3_k2_0.36	180	0.940773892198319	0.930999927981316	0.921217733057605	0.3	0.36	0.196436147645312	0.261748633879781
LC_k1_0.3_k2_0.36	190	0.930541887003722	0.921036448013577	0.913682985824072	0.3	0.36	0.196436147645312	0.261748633879781
LC_k1_0.3_k2_0.36	200	0.923670591764794	0.913371334283357	0.913429835745894	0.3	0.36	0.196436147645312	0.261748633879781
LC_k1_0.3_k2_0.36	210	0.915348906518774	0.898860032459434	0.917624306349674	0.3	0.36	0.196436147645312	0.261748633879781
LC_k1_0.3_k2_0.36	220	0.913704828612161	0.898845393124201	0.916582048088897	0.3	0.36	0.196436147645312	0.261748633879781
LC_k1_0.3_k2_0.36	230	0.899873507923631	0.88660786716606	0.908408887486161	0.3	0.36	0.196436147645312	0.261748633879781
LC_k1_0.3_k2_0.36	240	0.885688119585409	0.874871091512005	0.908252747443532	0.3	0.36	0.196436147645312	0.261748633879781
LC_k1_0.3_k2_0.36	250	0.875265588249412	0.864180098881582	0.910236660360853	0.3	0.36	0.196436147645312	0.261748633879781
LC_k1_0.3_k2_0.36	260	0.863153870050422	0.853769343424516	0.910236660360853	0.3	0.36	0.196436147645312	0.261748633879781
LC_k1_0.3_k2_0.36	270	0.853144152259366	0.844445968623255	0.910236660360853	0.3	0.36	0.196436147645312	0.261748633879781
LC_k1_0.3_k2_0.36	280	0.843754749058388	0.838450016672953	0.910236660360853	0.3	0.36	0.196436147645312	0.261748633879781
LC_k1_0.3_k2_0.36	290	0.83043580410772	0.826071981666927	0.910236660360853	0.3	0.36	0.196436147645312	0.261748633879781
LC_k1_0.3_k2_0.36	300	0.831478571984133	0.826142512694586	0.910236660360853	0.3	0.36	0.196436147645312	0.261748633879781
LC_k1_0.3_k2_0.44	10	-0.212121212121212	-0.151515151515152	-0.0545454545454545	0.3	0.44	0.170470937632584	0.228779599271403
LC_k1_0.3_k2_0.44	20	0.138345864661654	0.254135338345865	0.0406015037593985	0.3	0.44	0.170470937632584	0.228779599271403
LC_k1_0.3_k2_0.44	30	0.421134593993326	0.466518353726363	0.310789766407119	0.3	0.44	0.170470937632584	0.228779599271403
LC_k1_0.3_k2_0.44	40	0.636397748592871	0.673733583489681	0.496435272045028	0.3	0.44	0.170470937632584	0.228779599271403
LC_k1_0.3_k2_0.44	50	0.785354141656663	0.814933973589436	0.56984393757503	0.3	0.44	0.170470937632584	0.228779599271403
LC_k1_0.3_k2_0.44	60	0.838455126424007	0.849402611836621	0.690525145873854	0.3	0.44	0.170470937632584	0.228779599271403
LC_k1_0.3_k2_0.44	70	0.8420085731782	0.848097279328143	0.762820400664859	0.3	0.44	0.170470937632584	0.228779599271403
LC_k1_0.3_k2_0.44	80	0.870323488045007	0.865330520393812	0.805203938115331	0.3	0.44	0.170470937632584	0.228779599271403
LC_k1_0.3_k2_0.44	90	0.897649915627444	0.893665884677121	0.801127711240071	0.3	0.44	0.170470937632584	0.228779599271403
LC_k1_0.3_k2_0.44	100	0.866966696669667	0.857281728172817	0.825958595859586	0.3	0.44	0.170470937632584	0.228779599271403
LC_k1_0.3_k2_0.44	110	0.860361111737258	0.846971575411942	0.851615084642608	0.3	0.44	0.170470937632584	0.228779599271403
LC_k1_0.3_k2_0.44	120	0.876234460726439	0.862671018820751	0.879831932773109	0.3	0.44	0.170470937632584	0.228779599271403
LC_k1_0.3_k2_0.44	130	0.890628029878873	0.87606003086209	0.901771156235917	0.3	0.44	0.170470937632584	0.228779599271403
LC_k1_0.3_k2_0.44	140	0.901454155824277	0.888228991275065	0.91477990859592	0.3	0.44	0.170470937632584	0.228779599271403
LC_k1_0.3_k2_0.44	150	0.911110716031824	0.897438997288769	0.91124583314814	0.3	0.44	0.170470937632584	0.228779599271403
LC_k1_0.3_k2_0.44	160	0.916491855150592	0.904347826086956	0.91798605414274	0.3	0.44	0.170470937632584	0.228779599271403
LC_k1_0.3_k2_0.44	170	0.924807493847742	0.912404052246872	0.920540299582929	0.3	0.44	0.170470937632584	0.228779599271403
LC_k1_0.3_k2_0.44	180	0.92804921962612	0.915328662407276	0.918874039322201	0.3	0.44	0.170470937632584	0.228779599271403
LC_k1_0.3_k2_0.44	190	0.924064961706185	0.912388300594418	0.917330848937352	0.3	0.44	0.170470937632584	0.228779599271403
LC_k1_0.3_k2_0.44	200	0.915730893272332	0.904200105002625	0.905802145053627	0.3	0.44	0.170470937632584	0.228779599271403
LC_k1_0.3_k2_0.44	210	0.904538165750438	0.892648035426783	0.902404006569634	0.3	0.44	0.170470937632584	0.228779599271403
LC_k1_0.3_k2_0.44	220	0.906976665558455	0.896650005916726	0.902832703155024	0.3	0.44	0.170470937632584	0.228779599271403
LC_k1_0.3_k2_0.44	230	0.891181307775194	0.883048335753861	0.906579313983909	0.3	0.44	0.170470937632584	0.228779599271403
LC_k1_0.3_k2_0.44	240	0.884897307244917	0.873316377020434	0.909924651469643	0.3	0.44	0.170470937632584	0.228779599271403
LC_k1_0.3_k2_0.44	250	0.874106657706523	0.867878846061537	0.91261346700989	0.3	0.44	0.170470937632584	0.228779599271403
LC_k1_0.3_k2_0.44	260	0.858863410587548	0.856967388001871	0.91261346700989	0.3	0.44	0.170470937632584	0.228779599271403
LC_k1_0.3_k2_0.44	270	0.845129410401911	0.844899564237278	0.91261346700989	0.3	0.44	0.170470937632584	0.228779599271403
LC_k1_0.3_k2_0.44	280	0.843507114704451	0.841933297254156	0.91261346700989	0.3	0.44	0.170470937632584	0.228779599271403
LC_k1_0.3_k2_0.44	290	0.838324536230084	0.835184394746586	0.91261346700989	0.3	0.44	0.170470937632584	0.228779599271403
LC_k1_0.3_k2_0.44	300	0.825005611173457	0.821689574328604	0.91261346700989	0.3	0.44	0.170470937632584	0.228779599271403
LC_k1_0.3_k2_0.52	10	0.0545454545454545	-0.0787878787878788	0.139393939393939	0.3	0.52	0.139753924480272	0.189253187613843
LC_k1_0.3_k2_0.52	20	0.306766917293233	0.317293233082707	0.329323308270677	0.3	0.52	0.139753924480272	0.189253187613843
LC_k1_0.3_k2_0.52	30	0.0767519466073415	0.155061179087875	0.0327030033370412	0.3	0.52	0.139753924480272	0.189253187613843
LC_k1_0.3_k2_0.52	40	0.391932457786116	0.458724202626642	0.166041275797373	0.3	0.52	0.139753924480272	0.189253187613843
LC_k1_0.3_k2_0.52	50	0.667707082833133	0.708427370948379	0.495126050420168	0.3	0.52	0.139753924480272	0.189253187613843
LC_k1_0.3_k2_0.52	60	0.765268130036121	0.792108919144207	0.593887190886357	0.3	0.52	0.139753924480272	0.189253187613843
LC_k1_0.3_k2_0.52	70	0.81572915755402	0.833680342927128	0.683422272767037	0.3	0.52	0.139753924480272	0.189253187613843
LC_k1_0.3_k2_0.52	80	0.865541490857947	0.874003750586029	0.743248945147679	0.3	0.52	0.139753924480272	0.189253187613843
LC_k1_0.3_k2_0.52	90	0.890702555871095	0.892842737786558	0.780055150841668	0.3	0.52	0.139753924480272	0.189253187613843
LC_k1_0.3_k2_0.52	100	0.864746474647465	0.858673867386739	0.819177917791779	0.3	0.52	0.139753924480272	0.189253187613843
LC_k1_0.3_k2_0.52	110	0.870793228591394	0.864445596555688	0.838216531794513	0.3	0.52	0.139753924480272	0.189253187613843
LC_k1_0.3_k2_0.52	120	0.880186124036391	0.874088478366553	0.863303007153274	0.3	0.52	0.139753924480272	0.189253187613843
LC_k1_0.3_k2_0.52	130	0.895871854046894	0.889060344945309	0.88693004137705	0.3	0.52	0.139753924480272	0.189253187613843
LC_k1_0.3_k2_0.52	140	0.90752443637795	0.902215127593974	0.888710065382345	0.3	0.52	0.139753924480272	0.189253187613843
LC_k1_0.3_k2_0.52	150	0.920519134183742	0.916220276456731	0.903686386061603	0.3	0.52	0.139753924480272	0.189253187613843
LC_k1_0.3_k2_0.52	160	0.932309855853744	0.926989335520919	0.913752490331653	0.3	0.52	0.139753924480272	0.189253187613843
LC_k1_0.3_k2_0.52	170	0.934116181508418	0.927826527683637	0.912196432606054	0.3	0.52	0.139753924480272	0.189253187613843
LC_k1_0.3_k2_0.52	180	0.935880737059786	0.92992170540243	0.910421103532002	0.3	0.52	0.139753924480272	0.189253187613843
LC_k1_0.3_k2_0.52	190	0.930576878496416	0.926187195738036	0.906976866249393	0.3	0.52	0.139753924480272	0.189253187613843
LC_k1_0.3_k2_0.52	200	0.913368334208355	0.910254256356409	0.906465161629041	0.3	0.52	0.139753924480272	0.189253187613843
LC_k1_0.3_k2_0.52	210	0.906857622297882	0.902064510695092	0.904925605698866	0.3	0.52	0.139753924480272	0.189253187613843
LC_k1_0.3_k2_0.52	220	0.907083730129661	0.899033601370427	0.909825710148031	0.3	0.52	0.139753924480272	0.189253187613843
LC_k1_0.3_k2_0.52	230	0.904053417628508	0.895562421250669	0.908778747358584	0.3	0.52	0.139753924480272	0.189253187613843
LC_k1_0.3_k2_0.52	240	0.892412194656157	0.885850448792514	0.913004566051494	0.3	0.52	0.139753924480272	0.189253187613843
LC_k1_0.3_k2_0.52	250	0.88605385686171	0.880726923630778	0.91416483095569	0.3	0.52	0.139753924480272	0.189253187613843
LC_k1_0.3_k2_0.52	260	0.875911227635365	0.873665632286322	0.91416483095569	0.3	0.52	0.139753924480272	0.189253187613843
LC_k1_0.3_k2_0.52	270	0.865032137310221	0.864868745341728	0.91416483095569	0.3	0.52	0.139753924480272	0.189253187613843
LC_k1_0.3_k2_0.52	280	0.855596919056912	0.856375901296117	0.91416483095569	0.3	0.52	0.139753924480272	0.189253187613843
LC_k1_0.3_k2_0.52	290	0.847861572014264	0.843729004117069	0.91416483095569	0.3	0.52	0.139753924480272	0.189253187613843
LC_k1_0.3_k2_0.52	300	0.844608051200569	0.841479571995244	0.91416483095569	0.3	0.52	0.139753924480272	0.189253187613843
LC_k1_0.3_k2_0.6	10	0.236363636363636	0.236363636363636	0.321212121212121	0.3	0.6	0.104539669070853	0.142440801457195
LC_k1_0.3_k2_0.6	20	0.270676691729323	0.299248120300752	0.26015037593985	0.3	0.6	0.104539669070853	0.142440801457195
LC_k1_0.3_k2_0.6	30	0.448720800889878	0.491879866518354	0.355283648498332	0.3	0.6	0.104539669070853	0.142440801457195
LC_k1_0.3_k2_0.6	40	0.462851782363978	0.524202626641651	0.199812382739212	0.3	0.6	0.104539669070853	0.142440801457195
LC_k1_0.3_k2_0.6	50	0.64734693877551	0.677599039615846	0.508667466986795	0.3	0.6	0.104539669070853	0.142440801457195
LC_k1_0.3_k2_0.6	60	0.740483467629897	0.748819116421228	0.606724090025007	0.3	0.6	0.104539669070853	0.142440801457195
LC_k1_0.3_k2_0.6	70	0.781996325780772	0.78686029218791	0.717994926078208	0.3	0.6	0.104539669070853	0.142440801457195
LC_k1_0.3_k2_0.6	80	0.836474449132677	0.83581809657759	0.755672761368964	0.3	0.6	0.104539669070853	0.142440801457195
LC_k1_0.3_k2_0.6	90	0.864131374243734	0.858731530641643	0.789982302341853	0.3	0.6	0.104539669070853	0.142440801457195
LC_k1_0.3_k2_0.6	100	0.894701470147015	0.891437143714372	0.840456045604561	0.3	0.6	0.104539669070853	0.142440801457195
LC_k1_0.3_k2_0.6	110	0.911466762842909	0.908554425985619	0.872930144489777	0.3	0.6	0.104539669070853	0.142440801457195
LC_k1_0.3_k2_0.6	120	0.915528856170567	0.912292520313911	0.880283353010626	0.3	0.6	0.104539669070853	0.142440801457195
LC_k1_0.3_k2_0.6	130	0.927624301847629	0.923920851028964	0.893861721449153	0.3	0.6	0.104539669070853	0.142440801457195
LC_k1_0.3_k2_0.6	140	0.924449498152238	0.925888347073102	0.903168529006582	0.3	0.6	0.104539669070853	0.142440801457195
LC_k1_0.3_k2_0.6	150	0.9287150540024	0.929095515356238	0.90129339081737	0.3	0.6	0.104539669070853	0.142440801457195
LC_k1_0.3_k2_0.6	160	0.925099613266143	0.928782374311496	0.909070666822923	0.3	0.6	0.104539669070853	0.142440801457195
LC_k1_0.3_k2_0.6	170	0.925911541820092	0.926485549062353	0.915896947380634	0.3	0.6	0.104539669070853	0.142440801457195
LC_k1_0.3_k2_0.6	180	0.917752605533093	0.916762863051329	0.919287632334331	0.3	0.6	0.104539669070853	0.142440801457195
LC_k1_0.3_k2_0.6	190	0.913581510495261	0.911114610260381	0.903162793545819	0.3	0.6	0.104539669070853	0.142440801457195
LC_k1_0.3_k2_0.6	200	0.904545113627841	0.900118502962574	0.903306082652066	0.3	0.6	0.104539669070853	0.142440801457195
LC_k1_0.3_k2_0.6	210	0.907281344248169	0.90004567644877	0.892848882222791	0.3	0.6	0.104539669070853	0.142440801457195
LC_k1_0.3_k2_0.6	220	0.893252114525281	0.885506274547371	0.901926598783972	0.3	0.6	0.104539669070853	0.142440801457195
LC_k1_0.3_k2_0.6	230	0.88654178553552	0.877610902482746	0.898802393733094	0.3	0.6	0.104539669070853	0.142440801457195
LC_k1_0.3_k2_0.6	240	0.882046563308391	0.875680133335648	0.899378461431622	0.3	0.6	0.104539669070853	0.142440801457195
LC_k1_0.3_k2_0.6	250	0.86524149186387	0.856629770076321	0.902008159087145	0.3	0.6	0.104539669070853	0.142440801457195
LC_k1_0.3_k2_0.6	260	0.857590064486616	0.849980029290374	0.902008159087145	0.3	0.6	0.104539669070853	0.142440801457195
LC_k1_0.3_k2_0.6	270	0.855831584338148	0.849007530967503	0.902008159087145	0.3	0.6	0.104539669070853	0.142440801457195
LC_k1_0.3_k2_0.6	280	0.839661949040895	0.830384680562617	0.902008159087145	0.3	0.6	0.104539669070853	0.142440801457195
LC_k1_0.3_k2_0.6	290	0.829127493828087	0.820946495325091	0.902008159087145	0.3	0.6	0.104539669070853	0.142440801457195
LC_k1_0.3_k2_0.6	300	0.824461160679563	0.816961077345304	0.902008159087145	0.3	0.6	0.104539669070853	0.142440801457195
LC_k1_0.3_k2_0.68	10	0.490909090909091	0.43030303030303	0.503030303030303	0.3	0.68	0.0794229953330505	0.107650273224044
LC_k1_0.3_k2_0.68	20	0.53984962406015	0.503759398496241	0.458646616541353	0.3	0.68	0.0794229953330505	0.107650273224044
LC_k1_0.3_k2_0.68	30	0.497219132369299	0.529699666295884	0.109677419354839	0.3	0.68	0.0794229953330505	0.107650273224044
LC_k1_0.3_k2_0.68	40	0.442589118198874	0.519512195121951	0.168292682926829	0.3	0.68	0.0794229953330505	0.107650273224044
LC_k1_0.3_k2_0.68	50	0.695654261704682	0.735030012004802	0.501176470588235	0.3	0.68	0.0794229953330505	0.107650273224044
LC_k1_0.3_k2_0.68	60	0.754487357599333	0.778160600166713	0.605223673242568	0.3	0.68	0.0794229953330505	0.107650273224044
LC_k1_0.3_k2_0.68	70	0.80782083807191	0.816149068322982	0.651439069197795	0.3	0.68	0.0794229953330505	0.107650273224044
LC_k1_0.3_k2_0.68	80	0.85168776371308	0.854055321143929	0.71193155180497	0.3	0.68	0.0794229953330505	0.107650273224044
LC_k1_0.3_k2_0.68	90	0.884512491254064	0.883063752726674	0.769815203523069	0.3	0.68	0.0794229953330505	0.107650273224044
LC_k1_0.3_k2_0.68	100	0.906870687068707	0.906618661866187	0.800564056405641	0.3	0.68	0.0794229953330505	0.107650273224044
LC_k1_0.3_k2_0.68	110	0.918896377611974	0.917282420034713	0.832292676329374	0.3	0.68	0.0794229953330505	0.107650273224044
LC_k1_0.3_k2_0.68	120	0.925001736231683	0.925168414473227	0.855566358774915	0.3	0.68	0.0794229953330505	0.107650273224044
LC_k1_0.3_k2_0.68	130	0.924953228912043	0.924237665405782	0.868991792868945	0.3	0.68	0.0794229953330505	0.107650273224044
LC_k1_0.3_k2_0.68	140	0.92977192713914	0.92635192757648	0.889676586997879	0.3	0.68	0.0794229953330505	0.107650273224044
LC_k1_0.3_k2_0.68	150	0.937259433752611	0.935222009867105	0.903426818969732	0.3	0.68	0.0794229953330505	0.107650273224044
LC_k1_0.3_k2_0.68	160	0.937270010547287	0.935755302941521	0.902420016406891	0.3	0.68	0.0794229953330505	0.107650273224044
LC_k1_0.3_k2_0.68	170	0.93585530132327	0.934653549990535	0.912645868063825	0.3	0.68	0.0794229953330505	0.107650273224044
LC_k1_0.3_k2_0.68	180	0.935337510416988	0.934074096937148	0.904262477236952	0.3	0.68	0.0794229953330505	0.107650273224044
LC_k1_0.3_k2_0.68	190	0.929219208579914	0.926188945312671	0.907251549467036	0.3	0.68	0.0794229953330505	0.107650273224044
LC_k1_0.3_k2_0.68	200	0.92865521638041	0.924866121653041	0.905053626340659	0.3	0.68	0.0794229953330505	0.107650273224044
LC_k1_0.3_k2_0.68	210	0.919552435591348	0.915142876579644	0.901833860826128	0.3	0.68	0.0794229953330505	0.107650273224044
LC_k1_0.3_k2_0.68	220	0.914908459791619	0.908512760406395	0.902919481807475	0.3	0.68	0.0794229953330505	0.107650273224044
LC_k1_0.3_k2_0.68	230	0.9027771544954	0.896696658192766	0.905767594850564	0.3	0.68	0.0794229953330505	0.107650273224044
LC_k1_0.3_k2_0.68	240	0.898562475042969	0.890360943766385	0.907189360926405	0.3	0.68	0.0794229953330505	0.107650273224044
LC_k1_0.3_k2_0.68	250	0.890194979119666	0.881472663562617	0.909051602295517	0.3	0.68	0.0794229953330505	0.107650273224044
LC_k1_0.3_k2_0.68	260	0.882073130348992	0.872896845310638	0.909051602295517	0.3	0.68	0.0794229953330505	0.107650273224044
LC_k1_0.3_k2_0.68	270	0.878295541319725	0.8678982031456	0.909051602295517	0.3	0.68	0.0794229953330505	0.107650273224044
LC_k1_0.3_k2_0.68	280	0.858165100502375	0.849820970748534	0.909051602295517	0.3	0.68	0.0794229953330505	0.107650273224044
LC_k1_0.3_k2_0.68	290	0.848027386442333	0.840854559343237	0.909051602295517	0.3	0.68	0.0794229953330505	0.107650273224044
LC_k1_0.3_k2_0.68	300	0.830032778141979	0.826612295692174	0.909051602295517	0.3	0.68	0.0794229953330505	0.107650273224044
LC_k1_0.3_k2_0.76	10	-0.2	-0.115151515151515	-0.127272727272727	0.3	0.76	0.0576156130674586	0.0797814207650273
LC_k1_0.3_k2_0.76	20	0.150375939849624	0.136842105263158	0.160902255639098	0.3	0.76	0.0576156130674586	0.0797814207650273
LC_k1_0.3_k2_0.76	30	0.329477196885428	0.36551724137931	0.248943270300334	0.3	0.76	0.0576156130674586	0.0797814207650273
LC_k1_0.3_k2_0.76	40	0.345403377110694	0.437148217636023	0.178986866791745	0.3	0.76	0.0576156130674586	0.0797814207650273
LC_k1_0.3_k2_0.76	50	0.535078031212485	0.603169267707083	0.354141656662665	0.3	0.76	0.0576156130674586	0.0797814207650273
LC_k1_0.3_k2_0.76	60	0.674187274242845	0.706196165601556	0.53853848291192	0.3	0.76	0.0576156130674586	0.0797814207650273
LC_k1_0.3_k2_0.76	70	0.748263494007523	0.769958883737206	0.619945761525676	0.3	0.76	0.0576156130674586	0.0797814207650273
LC_k1_0.3_k2_0.76	80	0.773909985935302	0.7957805907173	0.692616033755274	0.3	0.76	0.0576156130674586	0.0797814207650273
LC_k1_0.3_k2_0.76	90	0.824258138864881	0.84016133679055	0.75208461950035	0.3	0.76	0.0576156130674586	0.0797814207650273
LC_k1_0.3_k2_0.76	100	0.858997899789979	0.871287128712871	0.812985298529853	0.3	0.76	0.0576156130674586	0.0797814207650273
LC_k1_0.3_k2_0.76	110	0.884254897098934	0.894263237382503	0.852453621260961	0.3	0.76	0.0576156130674586	0.0797814207650273
LC_k1_0.3_k2_0.76	120	0.898888811723036	0.907424126675463	0.857663726647684	0.3	0.76	0.0576156130674586	0.0797814207650273
LC_k1_0.3_k2_0.76	130	0.916797989867402	0.923560338117412	0.875803301970531	0.3	0.76	0.0576156130674586	0.0797814207650273
LC_k1_0.3_k2_0.76	140	0.909798604885089	0.918186787955654	0.887113774026372	0.3	0.76	0.0576156130674586	0.0797814207650273
LC_k1_0.3_k2_0.76	150	0.903743277478999	0.908170140895151	0.894640650695587	0.3	0.76	0.0576156130674586	0.0797814207650273
LC_k1_0.3_k2_0.76	160	0.902906363529825	0.902991327786242	0.888491737958514	0.3	0.76	0.0576156130674586	0.0797814207650273
LC_k1_0.3_k2_0.76	170	0.894448617192128	0.893215112267268	0.894206801375175	0.3	0.76	0.0576156130674586	0.0797814207650273
LC_k1_0.3_k2_0.76	180	0.895581139335576	0.893663384672366	0.896395979299773	0.3	0.76	0.0576156130674586	0.0797814207650273
LC_k1_0.3_k2_0.76	190	0.87542153813854	0.872637964894785	0.895510154093786	0.3	0.76	0.0576156130674586	0.0797814207650273
LC_k1_0.3_k2_0.76	200	0.864552613815346	0.862520063001575	0.88892822320558	0.3	0.76	0.0576156130674586	0.0797814207650273
LC_k1_0.3_k2_0.76	210	0.858329149025083	0.854461228469709	0.8908883583366	0.3	0.76	0.0576156130674586	0.0797814207650273
LC_k1_0.3_k2_0.76	220	0.853941384964753	0.849815454489105	0.887454849743327	0.3	0.76	0.0576156130674586	0.0797814207650273
LC_k1_0.3_k2_0.76	230	0.852279939540239	0.847349460867593	0.889735402247269	0.3	0.76	0.0576156130674586	0.0797814207650273
LC_k1_0.3_k2_0.76	240	0.837779301723988	0.838635219361447	0.882181982326082	0.3	0.76	0.0576156130674586	0.0797814207650273
LC_k1_0.3_k2_0.76	250	0.82928930062881	0.829154898478376	0.882950217525478	0.3	0.76	0.0576156130674586	0.0797814207650273
LC_k1_0.3_k2_0.76	260	0.806142102693827	0.808724981138774	0.882950217525478	0.3	0.76	0.0576156130674586	0.0797814207650273
LC_k1_0.3_k2_0.76	270	0.781782710020409	0.785999198281946	0.882950217525478	0.3	0.76	0.0576156130674586	0.0797814207650273
LC_k1_0.3_k2_0.76	280	0.776311833423531	0.777633096632063	0.882950217525478	0.3	0.76	0.0576156130674586	0.0797814207650273
LC_k1_0.3_k2_0.76	290	0.778992492837875	0.777649740392173	0.882950217525478	0.3	0.76	0.0576156130674586	0.0797814207650273
LC_k1_0.3_k2_0.76	300	0.771052567250747	0.769180102001133	0.882950217525478	0.3	0.76	0.0576156130674586	0.0797814207650273
LC_k1_0.45_k2_0.04	10	-0.0666666666666667	-0.103030303030303	0.333333333333333	0.45	0.04	0.122358930844294	0.166120218579235
LC_k1_0.45_k2_0.04	20	0.196992481203008	0.225563909774436	0.181954887218045	0.45	0.04	0.122358930844294	0.166120218579235
LC_k1_0.45_k2_0.04	30	0.367296996662959	0.411790878754171	0.287208008898776	0.45	0.04	0.122358930844294	0.166120218579235
LC_k1_0.45_k2_0.04	40	0.608630393996248	0.633583489681051	0.539024390243903	0.45	0.04	0.122358930844294	0.166120218579235
LC_k1_0.45_k2_0.04	50	0.708043217286915	0.723697478991597	0.559855942376951	0.45	0.04	0.122358930844294	0.166120218579235
LC_k1_0.45_k2_0.04	60	0.788330091692137	0.776160044456794	0.695193109196999	0.45	0.04	0.122358930844294	0.166120218579235
LC_k1_0.45_k2_0.04	70	0.812334878838247	0.803551745254134	0.780281690140845	0.45	0.04	0.122358930844294	0.166120218579235
LC_k1_0.45_k2_0.04	80	0.839967182372246	0.834528832630098	0.801945616502579	0.45	0.04	0.122358930844294	0.166120218579235
LC_k1_0.45_k2_0.04	90	0.876379799975306	0.871934806766267	0.824966045190764	0.45	0.04	0.122358930844294	0.166120218579235
LC_k1_0.45_k2_0.04	100	0.850513051305131	0.838859885988599	0.867734773477348	0.45	0.04	0.122358930844294	0.166120218579235
LC_k1_0.45_k2_0.04	110	0.876753150147646	0.867799743029101	0.86901697360413	0.45	0.04	0.122358930844294	0.166120218579235
LC_k1_0.45_k2_0.04	120	0.896590040975068	0.890297937356761	0.88329745121189	0.45	0.04	0.122358930844294	0.166120218579235
LC_k1_0.45_k2_0.04	130	0.908167529257535	0.901022818828606	0.901006431878081	0.45	0.04	0.122358930844294	0.166120218579235
LC_k1_0.45_k2_0.04	140	0.924007784653736	0.918370470796615	0.911093131573768	0.45	0.04	0.122358930844294	0.166120218579235
LC_k1_0.45_k2_0.04	150	0.932832570336459	0.92686608293702	0.923285479354638	0.45	0.04	0.122358930844294	0.166120218579235
LC_k1_0.45_k2_0.04	160	0.939561115668581	0.932620414859955	0.927021563342318	0.45	0.04	0.122358930844294	0.166120218579235
LC_k1_0.45_k2_0.04	170	0.939401933305244	0.931934953987824	0.934025805900062	0.45	0.04	0.122358930844294	0.166120218579235
LC_k1_0.45_k2_0.04	180	0.936407502289165	0.93044847063181	0.921378231838431	0.45	0.04	0.122358930844294	0.166120218579235
LC_k1_0.45_k2_0.04	190	0.927625346087732	0.921200908029236	0.909351039028636	0.45	0.04	0.122358930844294	0.166120218579235
LC_k1_0.45_k2_0.04	200	0.924587114677867	0.916920423010575	0.910741768544214	0.45	0.04	0.122358930844294	0.166120218579235
LC_k1_0.45_k2_0.04	210	0.923089930772645	0.916537142079671	0.914274700106578	0.45	0.04	0.122358930844294	0.166120218579235
LC_k1_0.45_k2_0.04	220	0.910604464029122	0.907053301251528	0.916895352834112	0.45	0.04	0.122358930844294	0.166120218579235
LC_k1_0.45_k2_0.04	230	0.906117728863125	0.900789774114247	0.918427651710355	0.45	0.04	0.122358930844294	0.166120218579235
LC_k1_0.45_k2_0.04	240	0.895068490772409	0.891561485442455	0.918627059497561	0.45	0.04	0.122358930844294	0.166120218579235
LC_k1_0.45_k2_0.04	250	0.888668938703019	0.887437046992752	0.921498475398128	0.45	0.04	0.122358930844294	0.166120218579235
LC_k1_0.45_k2_0.04	260	0.883551987000263	0.880597004734936	0.921498475398128	0.45	0.04	0.122358930844294	0.166120218579235
LC_k1_0.45_k2_0.04	270	0.865510119785213	0.860274870406697	0.921498475398128	0.45	0.04	0.122358930844294	0.166120218579235
LC_k1_0.45_k2_0.04	280	0.848985136472222	0.841438575200485	0.921498475398128	0.45	0.04	0.122358930844294	0.166120218579235
LC_k1_0.45_k2_0.04	290	0.842113666528488	0.836740688621907	0.921498475398128	0.45	0.04	0.122358930844294	0.166120218579235
LC_k1_0.45_k2_0.04	300	0.827930977010856	0.823420704674497	0.921498475398128	0.45	0.04	0.122358930844294	0.166120218579235
LC_k1_0.45_k2_0.12	10	0.0424242424242424	-0.0787878787878788	0.345454545454545	0.45	0.12	0.117352566822232	0.159927140255009
LC_k1_0.45_k2_0.12	20	0.087218045112782	0.118796992481203	0.0451127819548872	0.45	0.12	0.117352566822232	0.159927140255009
LC_k1_0.45_k2_0.12	30	0.445606229143493	0.477196885428254	0.400667408231368	0.45	0.12	0.117352566822232	0.159927140255009
LC_k1_0.45_k2_0.12	40	0.537523452157599	0.563789868667918	0.455722326454034	0.45	0.12	0.117352566822232	0.159927140255009
LC_k1_0.45_k2_0.12	50	0.688451380552221	0.713037214885954	0.586074429771909	0.45	0.12	0.117352566822232	0.159927140255009
LC_k1_0.45_k2_0.12	60	0.786107252014449	0.775104195609892	0.682189497082523	0.45	0.12	0.117352566822232	0.159927140255009
LC_k1_0.45_k2_0.12	70	0.805476336278541	0.794103752952498	0.778637039629079	0.45	0.12	0.117352566822232	0.159927140255009
LC_k1_0.45_k2_0.12	80	0.843741209563994	0.842030004688233	0.81165025785279	0.45	0.12	0.117352566822232	0.159927140255009
LC_k1_0.45_k2_0.12	90	0.879672387537556	0.875606041898177	0.811515824998971	0.45	0.12	0.117352566822232	0.159927140255009
LC_k1_0.45_k2_0.12	100	0.853657365736574	0.841860186018602	0.855625562556256	0.45	0.12	0.117352566822232	0.159927140255009
LC_k1_0.45_k2_0.12	110	0.878646619931024	0.86901697360413	0.861127516173388	0.45	0.12	0.117352566822232	0.159927140255009
LC_k1_0.45_k2_0.12	120	0.901041739009653	0.892221682061254	0.874963539134662	0.45	0.12	0.117352566822232	0.159927140255009
LC_k1_0.45_k2_0.12	130	0.912646629067719	0.906834723948162	0.895718909175327	0.45	0.12	0.117352566822232	0.159927140255009
LC_k1_0.45_k2_0.12	140	0.926181364938444	0.920762721130087	0.910196584373838	0.45	0.12	0.117352566822232	0.159927140255009
LC_k1_0.45_k2_0.12	150	0.936260278234588	0.93177652340104	0.920398239921774	0.45	0.12	0.117352566822232	0.159927140255009
LC_k1_0.45_k2_0.12	160	0.942587601078167	0.938315949841791	0.928884917379585	0.45	0.12	0.117352566822232	0.159927140255009
LC_k1_0.45_k2_0.12	170	0.947298807408357	0.941558734985742	0.930584205030502	0.45	0.12	0.117352566822232	0.159927140255009
LC_k1_0.45_k2_0.12	180	0.945702027840366	0.940806815025155	0.928645945862527	0.45	0.12	0.117352566822232	0.159927140255009
LC_k1_0.45_k2_0.12	190	0.938122793895734	0.93068360254913	0.917014175928478	0.45	0.12	0.117352566822232	0.159927140255009
LC_k1_0.45_k2_0.12	200	0.933348833720843	0.92540763519088	0.907153678841971	0.45	0.12	0.117352566822232	0.159927140255009
LC_k1_0.45_k2_0.12	210	0.928381919901002	0.922771167470594	0.91036142704888	0.45	0.12	0.117352566822232	0.159927140255009
LC_k1_0.45_k2_0.12	220	0.918969024529057	0.916689112660104	0.911562410192547	0.45	0.12	0.117352566822232	0.159927140255009
LC_k1_0.45_k2_0.12	230	0.918100202436637	0.914746806260002	0.912787042082656	0.45	0.12	0.117352566822232	0.159927140255009
LC_k1_0.45_k2_0.12	240	0.905105123352836	0.901230924147989	0.911817045434816	0.45	0.12	0.117352566822232	0.159927140255009
LC_k1_0.45_k2_0.12	250	0.899632314117026	0.898126242019872	0.911542147756753	0.45	0.12	0.117352566822232	0.159927140255009
LC_k1_0.45_k2_0.12	260	0.887320135595998	0.884651912238119	0.911542147756753	0.45	0.12	0.117352566822232	0.159927140255009
LC_k1_0.45_k2_0.12	270	0.870470407306303	0.872005560204301	0.911542147756753	0.45	0.12	0.117352566822232	0.159927140255009
LC_k1_0.45_k2_0.12	280	0.855575599542997	0.858025703680623	0.911542147756753	0.45	0.12	0.117352566822232	0.159927140255009
LC_k1_0.45_k2_0.12	290	0.842607173565146	0.845786185493206	0.911542147756753	0.45	0.12	0.117352566822232	0.159927140255009
LC_k1_0.45_k2_0.12	300	0.830349226102512	0.830028333648152	0.911542147756753	0.45	0.12	0.117352566822232	0.159927140255009
LC_k1_0.45_k2_0.2	10	-0.224242424242424	-0.357575757575758	0.0787878787878788	0.45	0.2	0.10445481544336	0.14207650273224
LC_k1_0.45_k2_0.2	20	0.23609022556391	0.273684210526316	0.181954887218045	0.45	0.2	0.10445481544336	0.14207650273224
LC_k1_0.45_k2_0.2	30	0.376640711902113	0.446496106785317	0.30901001112347	0.45	0.2	0.10445481544336	0.14207650273224
LC_k1_0.45_k2_0.2	40	0.475609756097561	0.506378986866792	0.309005628517824	0.45	0.2	0.10445481544336	0.14207650273224
LC_k1_0.45_k2_0.2	50	0.652725090036014	0.677022809123649	0.507899159663866	0.45	0.2	0.10445481544336	0.14207650273224
LC_k1_0.45_k2_0.2	60	0.743095304251181	0.740316754654071	0.647624340094471	0.45	0.2	0.10445481544336	0.14207650273224
LC_k1_0.45_k2_0.2	70	0.788504942699676	0.791934213979529	0.749873151955209	0.45	0.2	0.10445481544336	0.14207650273224
LC_k1_0.45_k2_0.2	80	0.851429910923582	0.852414439756212	0.773230192217534	0.45	0.2	0.10445481544336	0.14207650273224
LC_k1_0.45_k2_0.2	90	0.834448697370046	0.829608593653538	0.819829608593654	0.45	0.2	0.10445481544336	0.14207650273224
LC_k1_0.45_k2_0.2	100	0.86013801380138	0.854797479747975	0.828622862286229	0.45	0.2	0.10445481544336	0.14207650273224
LC_k1_0.45_k2_0.2	110	0.869007957081352	0.860550458715596	0.849424069607556	0.45	0.2	0.10445481544336	0.14207650273224
LC_k1_0.45_k2_0.2	120	0.890346551843878	0.882116813667616	0.860886172650878	0.45	0.2	0.10445481544336	0.14207650273224
LC_k1_0.45_k2_0.2	130	0.906397738600828	0.902104357563261	0.877381911537779	0.45	0.2	0.10445481544336	0.14207650273224
LC_k1_0.45_k2_0.2	140	0.920456583061818	0.915191008287595	0.893490192648313	0.45	0.2	0.10445481544336	0.14207650273224
LC_k1_0.45_k2_0.2	150	0.931182719231966	0.926382505889151	0.902662340548469	0.45	0.2	0.10445481544336	0.14207650273224
LC_k1_0.45_k2_0.2	160	0.935796320168756	0.932060822688386	0.91312551271534	0.45	0.2	0.10445481544336	0.14207650273224
LC_k1_0.45_k2_0.2	170	0.940757567430585	0.938139117372268	0.916668803927675	0.45	0.2	0.10445481544336	0.14207650273224
LC_k1_0.45_k2_0.2	180	0.941216292683931	0.939454921448193	0.915838966223237	0.45	0.2	0.10445481544336	0.14207650273224
LC_k1_0.45_k2_0.2	190	0.93727774934719	0.935249992345611	0.91447729270821	0.45	0.2	0.10445481544336	0.14207650273224
LC_k1_0.45_k2_0.2	200	0.934455861396535	0.932481812045301	0.90027150678767	0.45	0.2	0.10445481544336	0.14207650273224
LC_k1_0.45_k2_0.2	210	0.925825334555691	0.92515152594973	0.896399335261895	0.45	0.2	0.10445481544336	0.14207650273224
LC_k1_0.45_k2_0.2	220	0.91845060660532	0.917610994967965	0.896869770036571	0.45	0.2	0.10445481544336	0.14207650273224
LC_k1_0.45_k2_0.2	230	0.911916145369724	0.913324571763911	0.903092768253201	0.45	0.2	0.10445481544336	0.14207650273224
LC_k1_0.45_k2_0.2	240	0.900716158266637	0.904330804354242	0.904530460598274	0.45	0.2	0.10445481544336	0.14207650273224
LC_k1_0.45_k2_0.2	250	0.890581289300629	0.894339941439063	0.904941115075243	0.45	0.2	0.10445481544336	0.14207650273224
LC_k1_0.45_k2_0.2	260	0.886433914020121	0.883602511188718	0.904941115075243	0.45	0.2	0.10445481544336	0.14207650273224
LC_k1_0.45_k2_0.2	270	0.868097565734022	0.870980092700555	0.904941115075243	0.45	0.2	0.10445481544336	0.14207650273224
LC_k1_0.45_k2_0.2	280	0.860473621201437	0.863841557745817	0.904941115075243	0.45	0.2	0.10445481544336	0.14207650273224
LC_k1_0.45_k2_0.2	290	0.844574805309506	0.848677359319128	0.904941115075243	0.45	0.2	0.10445481544336	0.14207650273224
LC_k1_0.45_k2_0.2	300	0.828484316492406	0.83322792475472	0.904941115075243	0.45	0.2	0.10445481544336	0.14207650273224
LC_k1_0.45_k2_0.28	10	-0.0303030303030303	-0.151515151515152	0.0424242424242424	0.45	0.28	0.0808655070004243	0.110928961748634
LC_k1_0.45_k2_0.28	20	0.270676691729323	0.291729323308271	0.330827067669173	0.45	0.28	0.0808655070004243	0.110928961748634
LC_k1_0.45_k2_0.28	30	0.0807563959955506	0.216017797552837	-0.0335928809788654	0.45	0.28	0.0808655070004243	0.110928961748634
LC_k1_0.45_k2_0.28	40	0.463789868667918	0.512757973733584	0.267354596622889	0.45	0.28	0.0808655070004243	0.110928961748634
LC_k1_0.45_k2_0.28	50	0.640720288115246	0.648307322929172	0.51327731092437	0.45	0.28	0.0808655070004243	0.110928961748634
LC_k1_0.45_k2_0.28	60	0.7390386218394	0.751986662961934	0.63323145318144	0.45	0.28	0.0808655070004243	0.110928961748634
LC_k1_0.45_k2_0.28	70	0.796518239874027	0.806386142944624	0.709106814801855	0.45	0.28	0.0808655070004243	0.110928961748634
LC_k1_0.45_k2_0.28	80	0.843811533052039	0.849460853258322	0.762611345522738	0.45	0.28	0.0808655070004243	0.110928961748634
LC_k1_0.45_k2_0.28	90	0.818496110630942	0.814693171996543	0.788121990369181	0.45	0.28	0.0808655070004243	0.110928961748634
LC_k1_0.45_k2_0.28	100	0.831419141914192	0.823654365436544	0.836663666366637	0.45	0.28	0.0808655070004243	0.110928961748634
LC_k1_0.45_k2_0.28	110	0.862182449338413	0.854464305840453	0.86488740617181	0.45	0.28	0.0808655070004243	0.110928961748634
LC_k1_0.45_k2_0.28	120	0.883380790332662	0.875685811514688	0.882971039655532	0.45	0.28	0.0808655070004243	0.110928961748634
LC_k1_0.45_k2_0.28	130	0.90462794794412	0.898444605279329	0.900329104589712	0.45	0.28	0.0808655070004243	0.110928961748634
LC_k1_0.45_k2_0.28	140	0.917137171721589	0.912020292580525	0.884061140145635	0.45	0.28	0.0808655070004243	0.110928961748634
LC_k1_0.45_k2_0.28	150	0.926521178719054	0.92162851682297	0.896500288901729	0.45	0.28	0.0808655070004243	0.110928961748634
LC_k1_0.45_k2_0.28	160	0.932623344661901	0.927504980663307	0.904368334700574	0.45	0.28	0.0808655070004243	0.110928961748634
LC_k1_0.45_k2_0.28	170	0.936099559724233	0.929929592515923	0.910437772119125	0.45	0.28	0.0808655070004243	0.110928961748634
LC_k1_0.45_k2_0.28	180	0.927685010854244	0.927409282179491	0.911822381349219	0.45	0.28	0.0808655070004243	0.110928961748634
LC_k1_0.45_k2_0.28	190	0.926283422342943	0.926320163410271	0.907855152715996	0.45	0.28	0.0808655070004243	0.110928961748634
LC_k1_0.45_k2_0.28	200	0.921609540238506	0.921765544138604	0.892813320333009	0.45	0.28	0.0808655070004243	0.110928961748634
LC_k1_0.45_k2_0.28	210	0.915015889573136	0.913740836364932	0.893196152812017	0.45	0.28	0.0808655070004243	0.110928961748634
LC_k1_0.45_k2_0.28	220	0.908082248130596	0.906998078472696	0.897472712621786	0.45	0.28	0.0808655070004243	0.110928961748634
LC_k1_0.45_k2_0.28	230	0.903405423132023	0.900882485655601	0.901234592254148	0.45	0.28	0.0808655070004243	0.110928961748634
LC_k1_0.45_k2_0.28	240	0.898379312140836	0.898487820969114	0.89752252643275	0.45	0.28	0.0808655070004243	0.110928961748634
LC_k1_0.45_k2_0.28	250	0.887196659146546	0.892677962847406	0.89826314143254	0.45	0.28	0.0808655070004243	0.110928961748634
LC_k1_0.45_k2_0.28	260	0.876706642223883	0.881802757664827	0.89826314143254	0.45	0.28	0.0808655070004243	0.110928961748634
LC_k1_0.45_k2_0.28	270	0.85528775733854	0.862456884791896	0.89826314143254	0.45	0.28	0.0808655070004243	0.110928961748634
LC_k1_0.45_k2_0.28	280	0.855088530648168	0.861244403627597	0.89826314143254	0.45	0.28	0.0808655070004243	0.110928961748634
LC_k1_0.45_k2_0.28	290	0.839986616758328	0.846624114190541	0.89826314143254	0.45	0.28	0.0808655070004243	0.110928961748634
LC_k1_0.45_k2_0.28	300	0.829786997633307	0.836943521594684	0.89826314143254	0.45	0.28	0.0808655070004243	0.110928961748634
LC_k1_0.45_k2_0.36	10	-0.139393939393939	-0.139393939393939	-0.224242424242424	0.45	0.36	0.0586338565973695	0.0819672131147541
LC_k1_0.45_k2_0.36	20	0.26015037593985	0.227067669172932	0.281203007518797	0.45	0.36	0.0586338565973695	0.0819672131147541
LC_k1_0.45_k2_0.36	30	0.320133481646274	0.420689655172414	0.0771968854282536	0.45	0.36	0.0586338565973695	0.0819672131147541
LC_k1_0.45_k2_0.36	40	0.456285178236398	0.548030018761726	0.129268292682927	0.45	0.36	0.0586338565973695	0.0819672131147541
LC_k1_0.45_k2_0.36	50	0.559183673469388	0.627466986794718	0.359903961584634	0.45	0.36	0.0586338565973695	0.0819672131147541
LC_k1_0.45_k2_0.36	60	0.71258682967491	0.75315365379272	0.535982217282579	0.45	0.36	0.0586338565973695	0.0819672131147541
LC_k1_0.45_k2_0.36	70	0.793473886799055	0.809080570378795	0.637302073309422	0.45	0.36	0.0586338565973695	0.0819672131147541
LC_k1_0.45_k2_0.36	80	0.827754336615096	0.846788560712611	0.714767932489452	0.45	0.36	0.0586338565973695	0.0819672131147541
LC_k1_0.45_k2_0.36	90	0.859225418775981	0.87038729061201	0.762966621393588	0.45	0.36	0.0586338565973695	0.0819672131147541
LC_k1_0.45_k2_0.36	100	0.887224722472247	0.896345634563456	0.796183618361836	0.45	0.36	0.0586338565973695	0.0819672131147541
LC_k1_0.45_k2_0.36	110	0.89907806054595	0.904569122917747	0.834420575704979	0.45	0.36	0.0586338565973695	0.0819672131147541
LC_k1_0.45_k2_0.36	120	0.916369192305021	0.919216612264741	0.858913813459268	0.45	0.36	0.0586338565973695	0.0819672131147541
LC_k1_0.45_k2_0.36	130	0.924947766595201	0.925619631566729	0.876961313140969	0.45	0.36	0.0586338565973695	0.0819672131147541
LC_k1_0.45_k2_0.36	140	0.92814502197634	0.925311058144366	0.894850320351621	0.45	0.36	0.0586338565973695	0.0819672131147541
LC_k1_0.45_k2_0.36	150	0.933323258811503	0.932612116094049	0.909393306369172	0.45	0.36	0.0586338565973695	0.0819672131147541
LC_k1_0.45_k2_0.36	160	0.935690847298723	0.934439821868042	0.915003515762334	0.45	0.36	0.0586338565973695	0.0819672131147541
LC_k1_0.45_k2_0.36	170	0.940996940663528	0.939074627047954	0.916302416326232	0.45	0.36	0.0586338565973695	0.0819672131147541
LC_k1_0.45_k2_0.36	180	0.939267672870562	0.938683292694219	0.915696986532506	0.45	0.36	0.0586338565973695	0.0819672131147541
LC_k1_0.45_k2_0.36	190	0.931479659007904	0.930066002703093	0.905381254182577	0.45	0.36	0.0586338565973695	0.0819672131147541
LC_k1_0.45_k2_0.36	200	0.929102227555689	0.92663916597915	0.911235280882022	0.45	0.36	0.0586338565973695	0.0819672131147541
LC_k1_0.45_k2_0.36	210	0.923897205314018	0.919513562017927	0.90469106847256	0.45	0.36	0.0586338565973695	0.0819672131147541
LC_k1_0.45_k2_0.36	220	0.916523444323605	0.911398995847022	0.910332858116903	0.45	0.36	0.0586338565973695	0.0819672131147541
LC_k1_0.45_k2_0.36	230	0.902604553221603	0.89589085681738	0.905633459003499	0.45	0.36	0.0586338565973695	0.0819672131147541
LC_k1_0.45_k2_0.36	240	0.898698762131287	0.894102328165419	0.908461952464452	0.45	0.36	0.0586338565973695	0.0819672131147541
LC_k1_0.45_k2_0.36	250	0.885035472567561	0.881708443335093	0.910127103122632	0.45	0.36	0.0586338565973695	0.0819672131147541
LC_k1_0.45_k2_0.36	260	0.875436027160165	0.877346387691215	0.910127103122632	0.45	0.36	0.0586338565973695	0.0819672131147541
LC_k1_0.45_k2_0.36	270	0.868871848569787	0.872707292128683	0.910127103122632	0.45	0.36	0.0586338565973695	0.0819672131147541
LC_k1_0.45_k2_0.36	280	0.865981708950369	0.871075979467668	0.910127103122632	0.45	0.36	0.0586338565973695	0.0819672131147541
LC_k1_0.45_k2_0.36	290	0.85492762839855	0.85920878964078	0.910127103122632	0.45	0.36	0.0586338565973695	0.0819672131147541
LC_k1_0.45_k2_0.36	300	0.853632595917732	0.853544150490561	0.910127103122632	0.45	0.36	0.0586338565973695	0.0819672131147541
LC_k1_0.45_k2_0.44	10	-0.236363636363636	-0.43030303030303	-0.187878787878788	0.45	0.44	0.0479422995333051	0.0652094717668488
LC_k1_0.45_k2_0.44	20	0.0796992481203007	0.109774436090226	0.177443609022556	0.45	0.44	0.0479422995333051	0.0652094717668488
LC_k1_0.45_k2_0.44	30	0.548387096774194	0.623581757508343	0.131479421579533	0.45	0.44	0.0479422995333051	0.0652094717668488
LC_k1_0.45_k2_0.44	40	0.596998123827392	0.64296435272045	0.119136960600375	0.45	0.44	0.0479422995333051	0.0652094717668488
LC_k1_0.45_k2_0.44	50	0.528451380552221	0.579927971188475	0.376326530612245	0.45	0.44	0.0479422995333051	0.0652094717668488
LC_k1_0.45_k2_0.44	60	0.640400111141984	0.683745484856905	0.524979160878022	0.45	0.44	0.0479422995333051	0.0652094717668488
LC_k1_0.45_k2_0.44	70	0.725518327355437	0.748823375032806	0.59730557256583	0.45	0.44	0.0479422995333051	0.0652094717668488
LC_k1_0.45_k2_0.44	80	0.806610407876231	0.817463666197843	0.67991092358181	0.45	0.44	0.0479422995333051	0.0652094717668488
LC_k1_0.45_k2_0.44	90	0.852031114952463	0.858501049512286	0.749993826398321	0.45	0.44	0.0479422995333051	0.0652094717668488
LC_k1_0.45_k2_0.44	100	0.882772277227723	0.887200720072007	0.778769876987699	0.45	0.44	0.0479422995333051	0.0652094717668488
LC_k1_0.45_k2_0.44	110	0.90091743119266	0.903955999368843	0.827378671415369	0.45	0.44	0.0479422995333051	0.0652094717668488
LC_k1_0.45_k2_0.44	120	0.909125633724564	0.908632543926661	0.834939926383777	0.45	0.44	0.0479422995333051	0.0652094717668488
LC_k1_0.45_k2_0.44	130	0.917234975214737	0.919501836704038	0.853588059375384	0.45	0.44	0.0479422995333051	0.0652094717668488
LC_k1_0.45_k2_0.44	140	0.920443462858892	0.922590802737749	0.877885897968555	0.45	0.44	0.0479422995333051	0.0652094717668488
LC_k1_0.45_k2_0.44	150	0.926030490244011	0.927915018445264	0.894213965065114	0.45	0.44	0.0479422995333051	0.0652094717668488
LC_k1_0.45_k2_0.44	160	0.930390835579515	0.931266846361186	0.899279268721434	0.45	0.44	0.0479422995333051	0.0652094717668488
LC_k1_0.45_k2_0.44	170	0.930093245644568	0.928188030117061	0.896842349521559	0.45	0.44	0.0479422995333051	0.0652094717668488
LC_k1_0.45_k2_0.44	180	0.924828955626202	0.921497577085712	0.900484582857496	0.45	0.44	0.0479422995333051	0.0652094717668488
LC_k1_0.45_k2_0.44	190	0.925811037191583	0.920567562011486	0.895814580080218	0.45	0.44	0.0479422995333051	0.0652094717668488
LC_k1_0.45_k2_0.44	200	0.919095477386935	0.911734793369834	0.897382434560864	0.45	0.44	0.0479422995333051	0.0652094717668488
LC_k1_0.45_k2_0.44	210	0.903658327205346	0.896431729906412	0.899732096289841	0.45	0.44	0.0479422995333051	0.0652094717668488
LC_k1_0.45_k2_0.44	220	0.896699593718127	0.889724618652902	0.903132483954402	0.45	0.44	0.0479422995333051	0.0652094717668488
LC_k1_0.45_k2_0.44	230	0.893686491977739	0.888776725457948	0.896613809581343	0.45	0.44	0.0479422995333051	0.0652094717668488
LC_k1_0.45_k2_0.44	240	0.888466813659959	0.886880848625844	0.897792496397507	0.45	0.44	0.0479422995333051	0.0652094717668488
LC_k1_0.45_k2_0.44	250	0.877724763596217	0.874247971967552	0.899601245105468	0.45	0.44	0.0479422995333051	0.0652094717668488
LC_k1_0.45_k2_0.44	260	0.870067490757146	0.867856716132578	0.899601245105468	0.45	0.44	0.0479422995333051	0.0652094717668488
LC_k1_0.45_k2_0.44	270	0.857972141059701	0.856652811881279	0.899601245105468	0.45	0.44	0.0479422995333051	0.0652094717668488
LC_k1_0.45_k2_0.44	280	0.849957087645068	0.847039047509717	0.899601245105468	0.45	0.44	0.0479422995333051	0.0652094717668488
LC_k1_0.45_k2_0.44	290	0.842617506214966	0.836887313843168	0.899601245105468	0.45	0.44	0.0479422995333051	0.0652094717668488
LC_k1_0.45_k2_0.44	300	0.843508483427594	0.836317736863743	0.899601245105468	0.45	0.44	0.0479422995333051	0.0652094717668488
LC_k1_0.45_k2_0.52	10	-0.272727272727273	-0.333333333333333	-0.0545454545454545	0.45	0.52	0.0398812049215104	0.0531876138433516
LC_k1_0.45_k2_0.52	20	0.15187969924812	0.230075187969925	0.0406015037593985	0.45	0.52	0.0398812049215104	0.0531876138433516
LC_k1_0.45_k2_0.52	30	0.367741935483871	0.449610678531702	0.050055617352614	0.45	0.52	0.0398812049215104	0.0531876138433516
LC_k1_0.45_k2_0.52	40	0.476172607879925	0.526266416510319	0.218011257035647	0.45	0.52	0.0398812049215104	0.0531876138433516
LC_k1_0.45_k2_0.52	50	0.39438175270108	0.464393757503001	0.214789915966387	0.45	0.52	0.0398812049215104	0.0531876138433516
LC_k1_0.45_k2_0.52	60	0.533148096693526	0.577215893303696	0.393331480966935	0.45	0.52	0.0398812049215104	0.0531876138433516
LC_k1_0.45_k2_0.52	70	0.678418336103578	0.702843145831511	0.515632928002799	0.45	0.52	0.0398812049215104	0.0531876138433516
LC_k1_0.45_k2_0.52	80	0.740975152367557	0.747562119081107	0.574167838724801	0.45	0.52	0.0398812049215104	0.0531876138433516
LC_k1_0.45_k2_0.52	90	0.803761781289871	0.804766020496358	0.672058278799852	0.45	0.52	0.0398812049215104	0.0531876138433516
LC_k1_0.45_k2_0.52	100	0.848760876087609	0.847224722472247	0.745142514251425	0.45	0.52	0.0398812049215104	0.0531876138433516
LC_k1_0.45_k2_0.52	110	0.87596871266596	0.874769515136488	0.768122083718414	0.45	0.52	0.0398812049215104	0.0531876138433516
LC_k1_0.45_k2_0.52	120	0.894576012223071	0.890103479408292	0.808854781582054	0.45	0.52	0.0398812049215104	0.0531876138433516
LC_k1_0.45_k2_0.52	130	0.900558521897063	0.893326414398667	0.845957202747545	0.45	0.52	0.0398812049215104	0.0531876138433516
LC_k1_0.45_k2_0.52	140	0.918466685618071	0.9120071723776	0.870687279963264	0.45	0.52	0.0398812049215104	0.0531876138433516
LC_k1_0.45_k2_0.52	150	0.930692030756923	0.925059780434686	0.877683452597893	0.45	0.52	0.0398812049215104	0.0531876138433516
LC_k1_0.45_k2_0.52	160	0.931477792101254	0.926488339388257	0.886722137583499	0.45	0.52	0.0398812049215104	0.0531876138433516
LC_k1_0.45_k2_0.52	170	0.927386862561904	0.921519775770788	0.88969290612539	0.45	0.52	0.0398812049215104	0.0531876138433516
LC_k1_0.45_k2_0.52	180	0.931041081514861	0.926024465775693	0.891782668189348	0.45	0.52	0.0398812049215104	0.0531876138433516
LC_k1_0.45_k2_0.52	190	0.922367874310558	0.918690268428488	0.894374680155887	0.45	0.52	0.0398812049215104	0.0531876138433516
LC_k1_0.45_k2_0.52	200	0.919734493362334	0.912952823820596	0.898228455711393	0.45	0.52	0.0398812049215104	0.0531876138433516
LC_k1_0.45_k2_0.52	210	0.906915932658013	0.902389752926046	0.903421198407479	0.45	0.52	0.0398812049215104	0.0531876138433516
LC_k1_0.45_k2_0.52	220	0.903883062948333	0.895048545330576	0.90058096617323	0.45	0.52	0.0398812049215104	0.0531876138433516
LC_k1_0.45_k2_0.52	230	0.895257656715792	0.888412783343484	0.89911011714695	0.45	0.52	0.0398812049215104	0.0531876138433516
LC_k1_0.45_k2_0.52	240	0.891511137346134	0.886017118352749	0.88645636208962	0.45	0.52	0.0398812049215104	0.0531876138433516
LC_k1_0.45_k2_0.52	250	0.879562617001872	0.872599049584794	0.887079103671255	0.45	0.52	0.0398812049215104	0.0531876138433516
LC_k1_0.45_k2_0.52	260	0.861826585964517	0.856214304490166	0.887079103671255	0.45	0.52	0.0398812049215104	0.0531876138433516
LC_k1_0.45_k2_0.52	270	0.849524532420045	0.846190848525585	0.887079103671255	0.45	0.52	0.0398812049215104	0.0531876138433516
LC_k1_0.45_k2_0.52	280	0.844243457915826	0.844055955524214	0.887079103671255	0.45	0.52	0.0398812049215104	0.0531876138433516
LC_k1_0.45_k2_0.52	290	0.844068997499253	0.841147809785758	0.887079103671255	0.45	0.52	0.0398812049215104	0.0531876138433516
LC_k1_0.45_k2_0.52	300	0.835686174290825	0.831482127579195	0.887079103671255	0.45	0.52	0.0398812049215104	0.0531876138433516
LC_k1_0.45_k2_0.6	10	0.127272727272727	0.127272727272727	0.248484848484848	0.45	0.6	0.0294442087399236	0.0398907103825137
LC_k1_0.45_k2_0.6	20	0.233082706766917	0.318796992481203	0.242105263157895	0.45	0.6	0.0294442087399236	0.0398907103825137
LC_k1_0.45_k2_0.6	30	0.32146829810901	0.420244716351502	0.115016685205784	0.45	0.6	0.0294442087399236	0.0398907103825137
LC_k1_0.45_k2_0.6	40	0.460412757973734	0.489681050656661	0.0894934333958724	0.45	0.6	0.0294442087399236	0.0398907103825137
LC_k1_0.45_k2_0.6	50	0.596926770708283	0.616422569027611	0.288451380552221	0.45	0.6	0.0294442087399236	0.0398907103825137
LC_k1_0.45_k2_0.6	60	0.444012225618227	0.486801889413726	0.285801611558766	0.45	0.6	0.0294442087399236	0.0398907103825137
LC_k1_0.45_k2_0.6	70	0.583588487446418	0.604094129997376	0.465103665471087	0.45	0.6	0.0294442087399236	0.0398907103825137
LC_k1_0.45_k2_0.6	80	0.66924519456165	0.688560712611345	0.543764650726676	0.45	0.6	0.0294442087399236	0.0398907103825137
LC_k1_0.45_k2_0.6	90	0.746108573074865	0.756546075647199	0.645157838416265	0.45	0.6	0.0294442087399236	0.0398907103825137
LC_k1_0.45_k2_0.6	100	0.804992499249925	0.812733273327333	0.729000900090009	0.45	0.6	0.0294442087399236	0.0398907103825137
LC_k1_0.45_k2_0.6	110	0.840587877285125	0.84559204742691	0.785217410905484	0.45	0.6	0.0294442087399236	0.0398907103825137
LC_k1_0.45_k2_0.6	120	0.863177998472116	0.865935134384332	0.814410722966873	0.45	0.6	0.0294442087399236	0.0398907103825137
LC_k1_0.45_k2_0.6	130	0.879113465976594	0.881686217209029	0.822540250447227	0.45	0.6	0.0294442087399236	0.0398907103825137
LC_k1_0.45_k2_0.6	140	0.881017253066848	0.879171677855284	0.846406157748573	0.45	0.6	0.0294442087399236	0.0398907103825137
LC_k1_0.45_k2_0.6	150	0.889029734654874	0.889090181785857	0.859115516245167	0.45	0.6	0.0294442087399236	0.0398907103825137
LC_k1_0.45_k2_0.6	160	0.86519688269073	0.865144146255713	0.874616195945154	0.45	0.6	0.0294442087399236	0.0398907103825137
LC_k1_0.45_k2_0.6	170	0.866930465739706	0.869006662147887	0.880254761512204	0.45	0.6	0.0294442087399236	0.0398907103825137
LC_k1_0.45_k2_0.6	180	0.851367840571211	0.850207310925234	0.873946726750826	0.45	0.6	0.0294442087399236	0.0398907103825137
LC_k1_0.45_k2_0.6	190	0.857761331776212	0.853061974307497	0.879137634662573	0.45	0.6	0.0294442087399236	0.0398907103825137
LC_k1_0.45_k2_0.6	200	0.861195529888247	0.85612840321008	0.885866646666167	0.45	0.6	0.0294442087399236	0.0398907103825137
LC_k1_0.45_k2_0.6	210	0.848771433106679	0.847359026605722	0.882586258839689	0.45	0.6	0.0294442087399236	0.0398907103825137
LC_k1_0.45_k2_0.6	220	0.83270766300581	0.828256030834597	0.880164315941915	0.45	0.6	0.0294442087399236	0.0398907103825137
LC_k1_0.45_k2_0.6	230	0.830402974659667	0.827584149285307	0.863043354974245	0.45	0.6	0.0294442087399236	0.0398907103825137
LC_k1_0.45_k2_0.6	240	0.82859858678102	0.826200975711384	0.858866473376274	0.45	0.6	0.0294442087399236	0.0398907103825137
LC_k1_0.45_k2_0.6	250	0.819921086737388	0.819875006000096	0.856749311294766	0.45	0.6	0.0294442087399236	0.0398907103825137
LC_k1_0.45_k2_0.6	260	0.800038917280297	0.799021605918157	0.856749311294766	0.45	0.6	0.0294442087399236	0.0398907103825137
LC_k1_0.45_k2_0.6	270	0.79287080603148	0.791808148564757	0.856749311294766	0.45	0.6	0.0294442087399236	0.0398907103825137
LC_k1_0.45_k2_0.6	280	0.784675096074476	0.784519846280838	0.856749311294766	0.45	0.6	0.0294442087399236	0.0398907103825137
LC_k1_0.45_k2_0.6	290	0.788549209859808	0.78939304292847	0.856749311294766	0.45	0.6	0.0294442087399236	0.0398907103825137
LC_k1_0.45_k2_0.6	300	0.791490127668085	0.796422182468694	0.856749311294766	0.45	0.6	0.0294442087399236	0.0398907103825137
LC_k1_0.45_k2_0.68	10	0.127272727272727	0.151515151515152	0.333333333333333	0.45	0.68	0.0244378447178617	0.0322404371584699
LC_k1_0.45_k2_0.68	20	0.136842105263158	0.184962406015038	0.16390977443609	0.45	0.68	0.0244378447178617	0.0322404371584699
LC_k1_0.45_k2_0.68	30	0.414015572858732	0.503003337041157	0.234260289210234	0.45	0.68	0.0244378447178617	0.0322404371584699
LC_k1_0.45_k2_0.68	40	0.35609756097561	0.391181988742964	0.0968105065666041	0.45	0.68	0.0244378447178617	0.0322404371584699
LC_k1_0.45_k2_0.68	50	0.409075630252101	0.460744297719088	0.164465786314526	0.45	0.68	0.0244378447178617	0.0322404371584699
LC_k1_0.45_k2_0.68	60	0.484023339816616	0.515143095304251	0.323645457071409	0.45	0.68	0.0244378447178617	0.0322404371584699
LC_k1_0.45_k2_0.68	70	0.614941824862217	0.632928002799405	0.459854780859067	0.45	0.68	0.0244378447178617	0.0322404371584699
LC_k1_0.45_k2_0.68	80	0.696858884200656	0.715330520393812	0.5671354899203	0.45	0.68	0.0244378447178617	0.0322404371584699
LC_k1_0.45_k2_0.68	90	0.768267687368811	0.776943655595341	0.661456146849405	0.45	0.68	0.0244378447178617	0.0322404371584699
LC_k1_0.45_k2_0.68	100	0.81953795379538	0.824542454245425	0.73981398139814	0.45	0.68	0.0244378447178617	0.0322404371584699
LC_k1_0.45_k2_0.68	110	0.849117507833104	0.853860198814327	0.796172486080743	0.45	0.68	0.0244378447178617	0.0322404371584699
LC_k1_0.45_k2_0.68	120	0.86707410236822	0.867011598027641	0.825473991249392	0.45	0.68	0.0244378447178617	0.0322404371584699
LC_k1_0.45_k2_0.68	130	0.87732182605252	0.876212975733657	0.830083710005599	0.45	0.68	0.0244378447178617	0.0322404371584699
LC_k1_0.45_k2_0.68	140	0.888355819903348	0.887271216461481	0.85466313878988	0.45	0.68	0.0244378447178617	0.0322404371584699
LC_k1_0.45_k2_0.68	150	0.886928307924797	0.887490110671586	0.867048313258367	0.45	0.68	0.0244378447178617	0.0322404371584699
LC_k1_0.45_k2_0.68	160	0.887454588069846	0.889150943396226	0.877970819172624	0.45	0.68	0.0244378447178617	0.0322404371584699
LC_k1_0.45_k2_0.68	170	0.867536226574093	0.870013006759851	0.88456347970518	0.45	0.68	0.0244378447178617	0.0322404371584699
LC_k1_0.45_k2_0.68	180	0.86511517845201	0.864043128903155	0.892336183215531	0.45	0.68	0.0244378447178617	0.0322404371584699
LC_k1_0.45_k2_0.68	190	0.875822190729879	0.872100845481942	0.900832360132443	0.45	0.68	0.0244378447178617	0.0322404371584699
LC_k1_0.45_k2_0.68	200	0.861267531688292	0.857929948248706	0.896485412135304	0.45	0.68	0.0244378447178617	0.0322404371584699
LC_k1_0.45_k2_0.68	210	0.850519448124836	0.849046139692186	0.889569248411853	0.45	0.68	0.0244378447178617	0.0322404371584699
LC_k1_0.45_k2_0.68	220	0.846911187120696	0.842225139888315	0.870831666319177	0.45	0.68	0.0244378447178617	0.0322404371584699
LC_k1_0.45_k2_0.68	230	0.84590454163266	0.8430571137615	0.860150557625401	0.45	0.68	0.0244378447178617	0.0322404371584699
LC_k1_0.45_k2_0.68	240	0.835046615392628	0.834142085800101	0.852159759718051	0.45	0.68	0.0244378447178617	0.0322404371584699
LC_k1_0.45_k2_0.68	250	0.815713915422647	0.81365564249028	0.84806836371665	0.45	0.68	0.0244378447178617	0.0322404371584699
LC_k1_0.45_k2_0.68	260	0.802617699169423	0.799872324010255	0.84806836371665	0.45	0.68	0.0244378447178617	0.0322404371584699
LC_k1_0.45_k2_0.68	270	0.800803242233166	0.79668795944465	0.84806836371665	0.45	0.68	0.0244378447178617	0.0322404371584699
LC_k1_0.45_k2_0.68	280	0.810956590189744	0.809401905636551	0.84806836371665	0.45	0.68	0.0244378447178617	0.0322404371584699
LC_k1_0.45_k2_0.68	290	0.812147997987594	0.809586484894035	0.84806836371665	0.45	0.68	0.0244378447178617	0.0322404371584699
LC_k1_0.45_k2_0.68	300	0.805260058445094	0.805584506494517	0.84806836371665	0.45	0.68	0.0244378447178617	0.0322404371584699
LC_k1_0.45_k2_0.76	10	0.00606060606060606	0.0303030303030303	0.2	0.45	0.76	0.0134917267713195	0.0167577413479053
LC_k1_0.45_k2_0.76	20	0.257142857142857	0.348872180451128	0.141353383458647	0.45	0.76	0.0134917267713195	0.0167577413479053
LC_k1_0.45_k2_0.76	30	0.376195773081201	0.452725250278087	0.0634037819799778	0.45	0.76	0.0134917267713195	0.0167577413479053
LC_k1_0.45_k2_0.76	40	0.319324577861163	0.359662288930582	0.156660412757974	0.45	0.76	0.0134917267713195	0.0167577413479053
LC_k1_0.45_k2_0.76	50	0.36547418967587	0.432316926770708	0.0875390156062425	0.45	0.76	0.0134917267713195	0.0167577413479053
LC_k1_0.45_k2_0.76	60	0.477688246735204	0.534815226451792	0.313198110586274	0.45	0.76	0.0134917267713195	0.0167577413479053
LC_k1_0.45_k2_0.76	70	0.59744554282215	0.637791969206544	0.502335753652349	0.45	0.76	0.0134917267713195	0.0167577413479053
LC_k1_0.45_k2_0.76	80	0.673417721518987	0.712611345522738	0.591748710736053	0.45	0.76	0.0134917267713195	0.0167577413479053
LC_k1_0.45_k2_0.76	90	0.750718195662016	0.775692472321686	0.686973700456846	0.45	0.76	0.0134917267713195	0.0167577413479053
LC_k1_0.45_k2_0.76	100	0.809432943294329	0.826582658265827	0.752607260726073	0.45	0.76	0.0134917267713195	0.0167577413479053
LC_k1_0.45_k2_0.76	110	0.849478168744224	0.859793070802245	0.804260307012601	0.45	0.76	0.0134917267713195	0.0167577413479053
LC_k1_0.45_k2_0.76	120	0.862045975414959	0.868074171817487	0.830189596499757	0.45	0.76	0.0134917267713195	0.0167577413479053
LC_k1_0.45_k2_0.76	130	0.872984746480219	0.876174739515766	0.841423479768944	0.45	0.76	0.0134917267713195	0.0167577413479053
LC_k1_0.45_k2_0.76	140	0.864415822964729	0.866165183354836	0.857825107694999	0.45	0.76	0.0134917267713195	0.0167577413479053
LC_k1_0.45_k2_0.76	150	0.861771634294858	0.864879327970132	0.867026978976844	0.45	0.76	0.0134917267713195	0.0167577413479053
LC_k1_0.45_k2_0.76	160	0.860339271065276	0.864845306457283	0.878729637876479	0.45	0.76	0.0134917267713195	0.0167577413479053
LC_k1_0.45_k2_0.76	170	0.847507037695178	0.852262748761915	0.869815157455072	0.45	0.76	0.0134917267713195	0.0167577413479053
LC_k1_0.45_k2_0.76	180	0.843462246777164	0.844956120044857	0.887189933845695	0.45	0.76	0.0134917267713195	0.0167577413479053
LC_k1_0.45_k2_0.76	190	0.836699952324091	0.836650964234321	0.889612338000324	0.45	0.76	0.0134917267713195	0.0167577413479053
LC_k1_0.45_k2_0.76	200	0.821735543388585	0.820214505362634	0.89174379359484	0.45	0.76	0.0134917267713195	0.0167577413479053
LC_k1_0.45_k2_0.76	210	0.828844839371155	0.82588915200539	0.880791595533427	0.45	0.76	0.0134917267713195	0.0167577413479053
LC_k1_0.45_k2_0.76	220	0.833671244146667	0.830565244586196	0.87255371542237	0.45	0.76	0.0134917267713195	0.0167577413479053
LC_k1_0.45_k2_0.76	230	0.831980057155679	0.825981423171475	0.852001804916177	0.45	0.76	0.0134917267713195	0.0167577413479053
LC_k1_0.45_k2_0.76	240	0.815942985121269	0.814665185159464	0.839157797878435	0.45	0.76	0.0134917267713195	0.0167577413479053
LC_k1_0.45_k2_0.76	250	0.805860317765084	0.801378198051169	0.833943843134106	0.45	0.76	0.0134917267713195	0.0167577413479053
LC_k1_0.45_k2_0.76	260	0.815818167542305	0.811896398103295	0.833943843134106	0.45	0.76	0.0134917267713195	0.0167577413479053
LC_k1_0.45_k2_0.76	270	0.821025437020169	0.81705830441204	0.833943843134106	0.45	0.76	0.0134917267713195	0.0167577413479053
LC_k1_0.45_k2_0.76	280	0.809275081861467	0.808191066577015	0.833943843134106	0.45	0.76	0.0134917267713195	0.0167577413479053
LC_k1_0.45_k2_0.76	290	0.797623244525848	0.798458221037521	0.833943843134106	0.45	0.76	0.0134917267713195	0.0167577413479053
LC_k1_0.45_k2_0.76	300	0.796784408715652	0.798802653362815	0.833943843134106	0.45	0.76	0.0134917267713195	0.0167577413479053
LC_k1_0.4_k2_0.04	10	0.115151515151515	0.0424242424242424	0.127272727272727	0.4	0.04	0.165040305473059	0.223132969034608
LC_k1_0.4_k2_0.04	20	0.348872180451128	0.35187969924812	0.374436090225564	0.4	0.04	0.165040305473059	0.223132969034608
LC_k1_0.4_k2_0.04	30	0.276974416017798	0.387764182424917	0.2	0.4	0.04	0.165040305473059	0.223132969034608
LC_k1_0.4_k2_0.04	40	0.579362101313321	0.631519699812383	0.403377110694184	0.4	0.04	0.165040305473059	0.223132969034608
LC_k1_0.4_k2_0.04	50	0.713421368547419	0.732917166866747	0.559663865546219	0.4	0.04	0.165040305473059	0.223132969034608
LC_k1_0.4_k2_0.04	60	0.795609891636566	0.811280911364268	0.642900805779383	0.4	0.04	0.165040305473059	0.223132969034608
LC_k1_0.4_k2_0.04	70	0.811110139095442	0.805651299098942	0.741754877088619	0.4	0.04	0.165040305473059	0.223132969034608
LC_k1_0.4_k2_0.04	80	0.858227848101266	0.849062353492733	0.775386779184248	0.4	0.04	0.165040305473059	0.223132969034608
LC_k1_0.4_k2_0.04	90	0.882734493970449	0.877449890933037	0.795908959953904	0.4	0.04	0.165040305473059	0.223132969034608
LC_k1_0.4_k2_0.04	100	0.892601260126013	0.885064506450645	0.845040504050405	0.4	0.04	0.165040305473059	0.223132969034608
LC_k1_0.4_k2_0.04	110	0.904965849919978	0.898699366589275	0.867033338592971	0.4	0.04	0.165040305473059	0.223132969034608
LC_k1_0.4_k2_0.04	120	0.918251267449128	0.911111882769637	0.882748802000139	0.4	0.04	0.165040305473059	0.223132969034608
LC_k1_0.4_k2_0.04	130	0.925974682161439	0.916830763768452	0.901410643324366	0.4	0.04	0.165040305473059	0.223132969034608
LC_k1_0.4_k2_0.04	140	0.935514202619667	0.926828628282784	0.913524742516018	0.4	0.04	0.165040305473059	0.223132969034608
LC_k1_0.4_k2_0.04	150	0.944801102271212	0.936306502511223	0.924764656206943	0.4	0.04	0.165040305473059	0.223132969034608
LC_k1_0.4_k2_0.04	160	0.948866166647134	0.941286769014414	0.926488339388257	0.4	0.04	0.165040305473059	0.223132969034608
LC_k1_0.4_k2_0.04	170	0.940930990895268	0.934968643327777	0.927538302770501	0.4	0.04	0.165040305473059	0.223132969034608
LC_k1_0.4_k2_0.04	180	0.932265399137833	0.923184871961069	0.921069580336842	0.4	0.04	0.165040305473059	0.223132969034608
LC_k1_0.4_k2_0.04	190	0.927660337580426	0.919307868274526	0.916034414133064	0.4	0.04	0.165040305473059	0.223132969034608
LC_k1_0.4_k2_0.04	200	0.915012375309383	0.908475211880297	0.914481362034051	0.4	0.04	0.165040305473059	0.223132969034608
LC_k1_0.4_k2_0.04	210	0.914174924601465	0.908584904743548	0.9112930970252	0.4	0.04	0.165040305473059	0.223132969034608
LC_k1_0.4_k2_0.04	220	0.912019970360019	0.90518023475316	0.910825355144453	0.4	0.04	0.165040305473059	0.223132969034608
LC_k1_0.4_k2_0.04	230	0.90255326598596	0.893389617786808	0.915077214412699	0.4	0.04	0.165040305473059	0.223132969034608
LC_k1_0.4_k2_0.04	240	0.894604941058004	0.886312262365666	0.920596711748468	0.4	0.04	0.165040305473059	0.223132969034608
LC_k1_0.4_k2_0.04	250	0.876816973071569	0.869008592137474	0.9233199690229	0.4	0.04	0.165040305473059	0.223132969034608
LC_k1_0.4_k2_0.04	260	0.869332158987331	0.863508222128912	0.9233199690229	0.4	0.04	0.165040305473059	0.223132969034608
LC_k1_0.4_k2_0.04	270	0.853211216127031	0.848316773130557	0.9233199690229	0.4	0.04	0.165040305473059	0.223132969034608
LC_k1_0.4_k2_0.04	280	0.839741213900323	0.829655990510083	0.9233199690229	0.4	0.04	0.165040305473059	0.223132969034608
LC_k1_0.4_k2_0.04	290	0.839842451691787	0.830840745574489	0.9233199690229	0.4	0.04	0.165040305473059	0.223132969034608
LC_k1_0.4_k2_0.04	300	0.84091423238036	0.832934143712708	0.9233199690229	0.4	0.04	0.165040305473059	0.223132969034608
LC_k1_0.4_k2_0.12	10	0.224242424242424	0.175757575757576	0.115151515151515	0.4	0.12	0.158506576156131	0.214936247723133
LC_k1_0.4_k2_0.12	20	0.0962406015037594	0.157894736842105	0.330827067669173	0.4	0.12	0.158506576156131	0.214936247723133
LC_k1_0.4_k2_0.12	30	0.44293659621802	0.54972191323693	0.332591768631813	0.4	0.12	0.158506576156131	0.214936247723133
LC_k1_0.4_k2_0.12	40	0.6953095684803	0.738461538461539	0.569230769230769	0.4	0.12	0.158506576156131	0.214936247723133
LC_k1_0.4_k2_0.12	50	0.77546218487395	0.79639855942377	0.626122448979592	0.4	0.12	0.158506576156131	0.214936247723133
LC_k1_0.4_k2_0.12	60	0.80705751597666	0.808113364823562	0.749208113364824	0.4	0.12	0.158506576156131	0.214936247723133
LC_k1_0.4_k2_0.12	70	0.848902108301986	0.837599510104103	0.816429008835623	0.4	0.12	0.158506576156131	0.214936247723133
LC_k1_0.4_k2_0.12	80	0.868143459915612	0.860806375996249	0.835443037974683	0.4	0.12	0.158506576156131	0.214936247723133
LC_k1_0.4_k2_0.12	90	0.885203934642137	0.881285755443059	0.849051323208627	0.4	0.12	0.158506576156131	0.214936247723133
LC_k1_0.4_k2_0.12	100	0.894005400540054	0.888436843684369	0.882892289228923	0.4	0.12	0.158506576156131	0.214936247723133
LC_k1_0.4_k2_0.12	110	0.90904131821563	0.902919099249374	0.889060703739603	0.4	0.12	0.158506576156131	0.214936247723133
LC_k1_0.4_k2_0.12	120	0.920737551218835	0.911903604416973	0.907104660045836	0.4	0.12	0.158506576156131	0.214936247723133
LC_k1_0.4_k2_0.12	130	0.924401534911032	0.916147974163241	0.923314533859537	0.4	0.12	0.158506576156131	0.214936247723133
LC_k1_0.4_k2_0.12	140	0.937005532352234	0.929317093437712	0.929225252017231	0.4	0.12	0.158506576156131	0.214936247723133
LC_k1_0.4_k2_0.12	150	0.945210009333748	0.938091470732033	0.937775012222766	0.4	0.12	0.158506576156131	0.214936247723133
LC_k1_0.4_k2_0.12	160	0.948283136060002	0.940847298722606	0.938274932614555	0.4	0.12	0.158506576156131	0.214936247723133
LC_k1_0.4_k2_0.12	170	0.939311557696888	0.932765432551096	0.937223148368659	0.4	0.12	0.158506576156131	0.214936247723133
LC_k1_0.4_k2_0.12	180	0.931872382892476	0.926534769591654	0.927057419467679	0.4	0.12	0.158506576156131	0.214936247723133
LC_k1_0.4_k2_0.12	190	0.923296898441567	0.916062407327219	0.924766541134687	0.4	0.12	0.158506576156131	0.214936247723133
LC_k1_0.4_k2_0.12	200	0.91795244881122	0.908569714242856	0.922175054376359	0.4	0.12	0.158506576156131	0.214936247723133
LC_k1_0.4_k2_0.12	210	0.914252671748307	0.905017606489295	0.922885196619295	0.4	0.12	0.158506576156131	0.214936247723133
LC_k1_0.4_k2_0.12	220	0.910503034435347	0.90058096617323	0.918605004986955	0.4	0.12	0.158506576156131	0.214936247723133
LC_k1_0.4_k2_0.12	230	0.892166614475329	0.884251613205477	0.923787167835013	0.4	0.12	0.158506576156131	0.214936247723133
LC_k1_0.4_k2_0.12	240	0.886000625010851	0.879605548707443	0.92383027483116	0.4	0.12	0.158506576156131	0.214936247723133
LC_k1_0.4_k2_0.12	250	0.875188019008304	0.873220371525945	0.926178492994191	0.4	0.12	0.158506576156131	0.214936247723133
LC_k1_0.4_k2_0.12	260	0.86353758077896	0.864112464112464	0.926178492994191	0.4	0.12	0.158506576156131	0.214936247723133
LC_k1_0.4_k2_0.12	270	0.857741685223544	0.855337140732002	0.926178492994191	0.4	0.12	0.158506576156131	0.214936247723133
LC_k1_0.4_k2_0.12	280	0.849311489031383	0.846684268932002	0.926178492994191	0.4	0.12	0.158506576156131	0.214936247723133
LC_k1_0.4_k2_0.12	290	0.844134929645725	0.840549008127121	0.926178492994191	0.4	0.12	0.158506576156131	0.214936247723133
LC_k1_0.4_k2_0.12	300	0.839790219891332	0.836503516705741	0.926178492994191	0.4	0.12	0.158506576156131	0.214936247723133
LC_k1_0.4_k2_0.2	10	0.0424242424242424	-0.151515151515152	0.0666666666666667	0.4	0.2	0.147475604582096	0.200364298724954
LC_k1_0.4_k2_0.2	20	0.150375939849624	0.186466165413534	0.115789473684211	0.4	0.2	0.147475604582096	0.200364298724954
LC_k1_0.4_k2_0.2	30	0.29432703003337	0.395773081201335	0.2440489432703	0.4	0.2	0.147475604582096	0.200364298724954
LC_k1_0.4_k2_0.2	40	0.66360225140713	0.711632270168856	0.564352720450282	0.4	0.2	0.147475604582096	0.200364298724954
LC_k1_0.4_k2_0.2	50	0.720336134453782	0.731188475390156	0.632172869147659	0.4	0.2	0.147475604582096	0.200364298724954
LC_k1_0.4_k2_0.2	60	0.78638510697416	0.778660739094193	0.750819672131148	0.4	0.2	0.147475604582096	0.200364298724954
LC_k1_0.4_k2_0.2	70	0.838684279590587	0.83434520164465	0.822727670370046	0.4	0.2	0.147475604582096	0.200364298724954
LC_k1_0.4_k2_0.2	80	0.859306141584623	0.858884200656353	0.854899203000469	0.4	0.2	0.147475604582096	0.200364298724954
LC_k1_0.4_k2_0.2	90	0.858023624315759	0.856311478783389	0.842416759270692	0.4	0.2	0.147475604582096	0.200364298724954
LC_k1_0.4_k2_0.2	100	0.881740174017402	0.878535853585359	0.880612061206121	0.4	0.2	0.147475604582096	0.200364298724954
LC_k1_0.4_k2_0.2	110	0.901061695557108	0.894019791267498	0.905876518720555	0.4	0.2	0.147475604582096	0.200364298724954
LC_k1_0.4_k2_0.2	120	0.916001111188277	0.90963955830266	0.913709285367039	0.4	0.2	0.147475604582096	0.200364298724954
LC_k1_0.4_k2_0.2	130	0.928301629135998	0.922593508036434	0.924046484316323	0.4	0.2	0.147475604582096	0.200364298724954
LC_k1_0.4_k2_0.2	140	0.936192079770834	0.930113052415211	0.931626249152654	0.4	0.2	0.147475604582096	0.200364298724954
LC_k1_0.4_k2_0.2	150	0.938777723454376	0.932793457486999	0.930937374994444	0.4	0.2	0.147475604582096	0.200364298724954
LC_k1_0.4_k2_0.2	160	0.932585257236611	0.925161139106996	0.924668932380171	0.4	0.2	0.147475604582096	0.200364298724954
LC_k1_0.4_k2_0.2	170	0.928500680870293	0.921998522236674	0.930742972991128	0.4	0.2	0.147475604582096	0.200364298724954
LC_k1_0.4_k2_0.2	180	0.926380443840859	0.921610749302962	0.928152103459983	0.4	0.2	0.147475604582096	0.200364298724954
LC_k1_0.4_k2_0.2	190	0.915625013668552	0.909574984581874	0.919052430377864	0.4	0.2	0.147475604582096	0.200364298724954
LC_k1_0.4_k2_0.2	200	0.902898072451811	0.896374409360234	0.919560489012225	0.4	0.2	0.147475604582096	0.200364298724954
LC_k1_0.4_k2_0.2	210	0.895971725954265	0.895080225337147	0.90952175786299	0.4	0.2	0.147475604582096	0.200364298724954
LC_k1_0.4_k2_0.2	220	0.885181699847292	0.884641869009315	0.910781402320484	0.4	0.2	0.147475604582096	0.200364298724954
LC_k1_0.4_k2_0.2	230	0.879364531424528	0.878256924393245	0.912642057012666	0.4	0.2	0.147475604582096	0.200364298724954
LC_k1_0.4_k2_0.2	240	0.86133787044914	0.860971544644872	0.915041927811247	0.4	0.2	0.147475604582096	0.200364298724954
LC_k1_0.4_k2_0.2	250	0.849239187827005	0.847394422310757	0.917326100882981	0.4	0.2	0.147475604582096	0.200364298724954
LC_k1_0.4_k2_0.2	260	0.834223310085379	0.834882855572511	0.917326100882981	0.4	0.2	0.147475604582096	0.200364298724954
LC_k1_0.4_k2_0.2	270	0.828780458808305	0.829690088722449	0.917326100882981	0.4	0.2	0.147475604582096	0.200364298724954
LC_k1_0.4_k2_0.2	280	0.821811502697738	0.824346884891025	0.917326100882981	0.4	0.2	0.147475604582096	0.200364298724954
LC_k1_0.4_k2_0.2	290	0.80779450819662	0.81476461854686	0.917326100882981	0.4	0.2	0.147475604582096	0.200364298724954
LC_k1_0.4_k2_0.2	300	0.812357470638563	0.819655773953044	0.917326100882981	0.4	0.2	0.147475604582096	0.200364298724954
LC_k1_0.4_k2_0.28	10	-0.2	-0.333333333333333	0.175757575757576	0.4	0.28	0.130589732711073	0.178870673952641
LC_k1_0.4_k2_0.28	20	0.210526315789474	0.168421052631579	0.311278195488722	0.4	0.28	0.130589732711073	0.178870673952641
LC_k1_0.4_k2_0.28	30	0.31301446051168	0.359733036707453	0.266740823136819	0.4	0.28	0.130589732711073	0.178870673952641
LC_k1_0.4_k2_0.28	40	0.45984990619137	0.504127579737336	0.349343339587242	0.4	0.28	0.130589732711073	0.178870673952641
LC_k1_0.4_k2_0.28	50	0.646578631452581	0.68374549819928	0.493973589435774	0.4	0.28	0.130589732711073	0.178870673952641
LC_k1_0.4_k2_0.28	60	0.758655181994999	0.767879966657405	0.632953598221728	0.4	0.28	0.130589732711073	0.178870673952641
LC_k1_0.4_k2_0.28	70	0.804601522176538	0.804531537048377	0.732096929402502	0.4	0.28	0.130589732711073	0.178870673952641
LC_k1_0.4_k2_0.28	80	0.858087201125176	0.857594936708861	0.786708860759494	0.4	0.28	0.130589732711073	0.178870673952641
LC_k1_0.4_k2_0.28	90	0.851224430999712	0.847158085360333	0.806346462526238	0.4	0.28	0.130589732711073	0.178870673952641
LC_k1_0.4_k2_0.28	100	0.864182418241824	0.855661566156616	0.818121812181218	0.4	0.28	0.130589732711073	0.178870673952641
LC_k1_0.4_k2_0.28	110	0.858530757613326	0.847196988481392	0.83612469851002	0.4	0.28	0.130589732711073	0.178870673952641
LC_k1_0.4_k2_0.28	120	0.881213973192583	0.871477185915689	0.854441280644489	0.4	0.28	0.130589732711073	0.178870673952641
LC_k1_0.4_k2_0.28	130	0.903644730912617	0.894189460459654	0.87858362124295	0.4	0.28	0.130589732711073	0.178870673952641
LC_k1_0.4_k2_0.28	140	0.916594870000656	0.907498195972098	0.896529706326125	0.4	0.28	0.130589732711073	0.178870673952641
LC_k1_0.4_k2_0.28	150	0.928814613982844	0.920906706964754	0.907206542513001	0.4	0.28	0.130589732711073	0.178870673952641
LC_k1_0.4_k2_0.28	160	0.931864525958045	0.926813547404195	0.914109926168991	0.4	0.28	0.130589732711073	0.178870673952641
LC_k1_0.4_k2_0.28	170	0.930437649989925	0.925913984404101	0.914250645758148	0.4	0.28	0.130589732711073	0.178870673952641
LC_k1_0.4_k2_0.28	180	0.933213988086052	0.928431947488091	0.909791454468759	0.4	0.28	0.130589732711073	0.178870673952641
LC_k1_0.4_k2_0.28	190	0.932092010130037	0.926584349180106	0.905794153796359	0.4	0.28	0.130589732711073	0.178870673952641
LC_k1_0.4_k2_0.28	200	0.932340808520213	0.928113702842571	0.904195604890122	0.4	0.28	0.130589732711073	0.178870673952641
LC_k1_0.4_k2_0.28	210	0.935140738533106	0.931254676976802	0.901424392519429	0.4	0.28	0.130589732711073	0.178870673952641
LC_k1_0.4_k2_0.28	220	0.929106348929073	0.924824893076303	0.907039777305692	0.4	0.28	0.130589732711073	0.178870673952641
LC_k1_0.4_k2_0.28	230	0.918954332168686	0.917340756831928	0.912933013445639	0.4	0.28	0.130589732711073	0.178870673952641
LC_k1_0.4_k2_0.28	240	0.910900362853521	0.908211948124099	0.916691262001076	0.4	0.28	0.130589732711073	0.178870673952641
LC_k1_0.4_k2_0.28	250	0.890944559112946	0.890373925982816	0.916902925596418	0.4	0.28	0.130589732711073	0.178870673952641
LC_k1_0.4_k2_0.28	260	0.877857774409499	0.87648815924678	0.916902925596418	0.4	0.28	0.130589732711073	0.178870673952641
LC_k1_0.4_k2_0.28	270	0.870367982490234	0.871328824812412	0.916902925596418	0.4	0.28	0.130589732711073	0.178870673952641
LC_k1_0.4_k2_0.28	280	0.858261311642094	0.861319841907605	0.916902925596418	0.4	0.28	0.130589732711073	0.178870673952641
LC_k1_0.4_k2_0.28	290	0.84709203561812	0.851285123321406	0.916902925596418	0.4	0.28	0.130589732711073	0.178870673952641
LC_k1_0.4_k2_0.28	300	0.832285692063245	0.83793242147135	0.916902925596418	0.4	0.28	0.130589732711073	0.178870673952641
LC_k1_0.4_k2_0.36	10	-0.0424242424242424	0.0545454545454545	0.187878787878788	0.4	0.36	0.097496817988969	0.132422586520947
LC_k1_0.4_k2_0.36	20	0.332330827067669	0.407518796992481	0.345864661654135	0.4	0.36	0.097496817988969	0.132422586520947
LC_k1_0.4_k2_0.36	30	0.32992213570634	0.419354838709677	0.168409343715239	0.4	0.36	0.097496817988969	0.132422586520947
LC_k1_0.4_k2_0.36	40	0.573733583489681	0.637711069418387	0.419887429643527	0.4	0.36	0.097496817988969	0.132422586520947
LC_k1_0.4_k2_0.36	50	0.731284513805522	0.739927971188475	0.606818727490996	0.4	0.36	0.097496817988969	0.132422586520947
LC_k1_0.4_k2_0.36	60	0.792720200055571	0.800944706863018	0.700472353431509	0.4	0.36	0.097496817988969	0.132422586520947
LC_k1_0.4_k2_0.36	70	0.824827224214854	0.829586212929753	0.746898784008398	0.4	0.36	0.097496817988969	0.132422586520947
LC_k1_0.4_k2_0.36	80	0.874894514767932	0.877051101734646	0.778082512892639	0.4	0.36	0.097496817988969	0.132422586520947
LC_k1_0.4_k2_0.36	90	0.841972259949788	0.833197514096391	0.804469687615755	0.4	0.36	0.097496817988969	0.132422586520947
LC_k1_0.4_k2_0.36	100	0.84951695169517	0.837947794779478	0.840708070807081	0.4	0.36	0.097496817988969	0.132422586520947
LC_k1_0.4_k2_0.36	110	0.874859680364267	0.863381646867885	0.859657822960575	0.4	0.36	0.097496817988969	0.132422586520947
LC_k1_0.4_k2_0.36	120	0.884401694562122	0.872685603166887	0.867629696506702	0.4	0.36	0.097496817988969	0.132422586520947
LC_k1_0.4_k2_0.36	130	0.899930355460269	0.893025986972374	0.890398612571522	0.4	0.36	0.097496817988969	0.132422586520947
LC_k1_0.4_k2_0.36	140	0.911635433294702	0.905324615687389	0.906225536288295	0.4	0.36	0.097496817988969	0.132422586520947
LC_k1_0.4_k2_0.36	150	0.922965465131784	0.916842526334504	0.901112049424419	0.4	0.36	0.097496817988969	0.132422586520947
LC_k1_0.4_k2_0.36	160	0.930244345482245	0.924446267432321	0.911370561350053	0.4	0.36	0.097496817988969	0.132422586520947
LC_k1_0.4_k2_0.36	170	0.934702401670728	0.928183144949042	0.916204712965847	0.4	0.36	0.097496817988969	0.132422586520947
LC_k1_0.4_k2_0.36	180	0.922225994629464	0.916338981655812	0.908523925635565	0.4	0.36	0.097496817988969	0.132422586520947
LC_k1_0.4_k2_0.36	190	0.922103688540724	0.916463059918557	0.91093440407301	0.4	0.36	0.097496817988969	0.132422586520947
LC_k1_0.4_k2_0.36	200	0.913168829220731	0.907033675841896	0.895414385359634	0.4	0.36	0.097496817988969	0.132422586520947
LC_k1_0.4_k2_0.36	210	0.910269426258451	0.902375499282459	0.904341206311772	0.4	0.36	0.097496817988969	0.132422586520947
LC_k1_0.4_k2_0.36	220	0.905997306480788	0.897825462209024	0.902411206843117	0.4	0.36	0.097496817988969	0.132422586520947
LC_k1_0.4_k2_0.36	230	0.897628705071272	0.892451653150343	0.905325735589643	0.4	0.36	0.097496817988969	0.132422586520947
LC_k1_0.4_k2_0.36	240	0.888794076286047	0.883746245594541	0.903605097310717	0.4	0.36	0.097496817988969	0.132422586520947
LC_k1_0.4_k2_0.36	250	0.878374501992032	0.87490462247396	0.904891772502304	0.4	0.36	0.097496817988969	0.132422586520947
LC_k1_0.4_k2_0.36	260	0.871284167835892	0.869655786897166	0.904891772502304	0.4	0.36	0.097496817988969	0.132422586520947
LC_k1_0.4_k2_0.36	270	0.861806974947073	0.860870519485864	0.904891772502304	0.4	0.36	0.097496817988969	0.132422586520947
LC_k1_0.4_k2_0.36	280	0.855534600477776	0.85797322487714	0.904891772502304	0.4	0.36	0.097496817988969	0.132422586520947
LC_k1_0.4_k2_0.36	290	0.844435068521459	0.847456138516551	0.904891772502304	0.4	0.36	0.097496817988969	0.132422586520947
LC_k1_0.4_k2_0.36	300	0.836092845476061	0.838075978621985	0.904891772502304	0.4	0.36	0.097496817988969	0.132422586520947
LC_k1_0.4_k2_0.44	10	-0.296969696969697	-0.466666666666667	-0.248484848484848	0.4	0.44	0.077725922783199	0.107832422586521
LC_k1_0.4_k2_0.44	20	0.210526315789474	0.171428571428571	0.157894736842105	0.4	0.44	0.077725922783199	0.107832422586521
LC_k1_0.4_k2_0.44	30	0.465183537263626	0.518576195773081	0.174193548387097	0.4	0.44	0.077725922783199	0.107832422586521
LC_k1_0.4_k2_0.44	40	0.408818011257036	0.486866791744841	0.0729831144465291	0.4	0.44	0.077725922783199	0.107832422586521
LC_k1_0.4_k2_0.44	50	0.60797118847539	0.645426170468187	0.416854741896759	0.4	0.44	0.077725922783199	0.107832422586521
LC_k1_0.4_k2_0.44	60	0.701528202278411	0.713531536537927	0.544540150041678	0.4	0.44	0.077725922783199	0.107832422586521
LC_k1_0.4_k2_0.44	70	0.771638526813052	0.782731169626454	0.613927040503893	0.4	0.44	0.077725922783199	0.107832422586521
LC_k1_0.4_k2_0.44	80	0.825808720112518	0.830848570089076	0.688888888888889	0.4	0.44	0.077725922783199	0.107832422586521
LC_k1_0.4_k2_0.44	90	0.867144091863193	0.86907025558711	0.739309379758818	0.4	0.44	0.077725922783199	0.107832422586521
LC_k1_0.4_k2_0.44	100	0.892685268526853	0.894317431743174	0.779357935793579	0.4	0.44	0.077725922783199	0.107832422586521
LC_k1_0.4_k2_0.44	110	0.902973198386042	0.902486306156031	0.82028266798909	0.4	0.44	0.077725922783199	0.107832422586521
LC_k1_0.4_k2_0.44	120	0.917327592193902	0.915244114174595	0.849503437738732	0.4	0.44	0.077725922783199	0.107832422586521
LC_k1_0.4_k2_0.44	130	0.926897813707684	0.925297354873069	0.866604760409127	0.4	0.44	0.077725922783199	0.107832422586521
LC_k1_0.4_k2_0.44	140	0.932133563665785	0.930869650783932	0.888246484878966	0.4	0.44	0.077725922783199	0.107832422586521
LC_k1_0.4_k2_0.44	150	0.936985643806391	0.93627094537535	0.900557358104805	0.4	0.44	0.077725922783199	0.107832422586521
LC_k1_0.4_k2_0.44	160	0.942063166529942	0.942115902964959	0.909152701277393	0.4	0.44	0.077725922783199	0.107832422586521
LC_k1_0.4_k2_0.44	170	0.930310635621424	0.930017525540269	0.908451951319301	0.4	0.44	0.077725922783199	0.107832422586521
LC_k1_0.4_k2_0.44	180	0.932701626593414	0.93111721555192	0.900801465065794	0.4	0.44	0.077725922783199	0.107832422586521
LC_k1_0.4_k2_0.44	190	0.930162229308	0.927509874161845	0.904634185813574	0.4	0.44	0.077725922783199	0.107832422586521
LC_k1_0.4_k2_0.44	200	0.928523213080327	0.92627165679142	0.90702317557939	0.4	0.44	0.077725922783199	0.107832422586521
LC_k1_0.4_k2_0.44	210	0.918440651391512	0.91642181714519	0.907381119753282	0.4	0.44	0.077725922783199	0.107832422586521
LC_k1_0.4_k2_0.44	220	0.913101886026947	0.909784011315035	0.908980463533244	0.4	0.44	0.077725922783199	0.107832422586521
LC_k1_0.4_k2_0.44	230	0.898050838472331	0.893754546194265	0.902337267820465	0.4	0.44	0.077725922783199	0.107832422586521
LC_k1_0.4_k2_0.44	240	0.880579523950068	0.879668049792531	0.900569454330804	0.4	0.44	0.077725922783199	0.107832422586521
LC_k1_0.4_k2_0.44	250	0.877265492247876	0.873612825805213	0.900259424849589	0.4	0.44	0.077725922783199	0.107832422586521
LC_k1_0.4_k2_0.44	260	0.872758245172038	0.871510161165334	0.900259424849589	0.4	0.44	0.077725922783199	0.107832422586521
LC_k1_0.4_k2_0.44	270	0.859558506365733	0.861361305062865	0.900259424849589	0.4	0.44	0.077725922783199	0.107832422586521
LC_k1_0.4_k2_0.44	280	0.84658587117547	0.850473675866857	0.900259424849589	0.4	0.44	0.077725922783199	0.107832422586521
LC_k1_0.4_k2_0.44	290	0.84337031355902	0.845923954157477	0.900259424849589	0.4	0.44	0.077725922783199	0.107832422586521
LC_k1_0.4_k2_0.44	300	0.836319514661274	0.8394866609629	0.900259424849589	0.4	0.44	0.077725922783199	0.107832422586521
LC_k1_0.4_k2_0.52	10	-0.406060606060606	-0.551515151515151	-0.333333333333333	0.4	0.52	0.0627068307170132	0.0867030965391621
LC_k1_0.4_k2_0.52	20	0.333834586466165	0.42406015037594	0.237593984962406	0.4	0.52	0.0627068307170132	0.0867030965391621
LC_k1_0.4_k2_0.52	30	0.521245828698554	0.605339265850946	0.241379310344828	0.4	0.52	0.0627068307170132	0.0867030965391621
LC_k1_0.4_k2_0.52	40	0.586679174484053	0.628142589118199	0.282176360225141	0.4	0.52	0.0627068307170132	0.0867030965391621
LC_k1_0.4_k2_0.52	50	0.477551020408163	0.529603841536615	0.282304921968788	0.4	0.52	0.0627068307170132	0.0867030965391621
LC_k1_0.4_k2_0.52	60	0.610669630452904	0.650680744651292	0.46624062239511	0.4	0.52	0.0627068307170132	0.0867030965391621
LC_k1_0.4_k2_0.52	70	0.729857405301373	0.735351237861954	0.580159216166565	0.4	0.52	0.0627068307170132	0.0867030965391621
LC_k1_0.4_k2_0.52	80	0.789498359118612	0.801922175339897	0.632137834036568	0.4	0.52	0.0627068307170132	0.0867030965391621
LC_k1_0.4_k2_0.52	90	0.843816108984648	0.84883730501708	0.706613985265671	0.4	0.52	0.0627068307170132	0.0867030965391621
LC_k1_0.4_k2_0.52	100	0.876771677167717	0.881428142814281	0.767668766876688	0.4	0.52	0.0627068307170132	0.0867030965391621
LC_k1_0.4_k2_0.52	110	0.899041994454838	0.901242026012668	0.789392060951694	0.4	0.52	0.0627068307170132	0.0867030965391621
LC_k1_0.4_k2_0.52	120	0.905812903673866	0.903229390929926	0.820612542537676	0.4	0.52	0.0627068307170132	0.0867030965391621
LC_k1_0.4_k2_0.52	130	0.91882997173251	0.915798385885373	0.844881126329733	0.4	0.52	0.0627068307170132	0.0867030965391621
LC_k1_0.4_k2_0.52	140	0.924528219369793	0.92260829634165	0.871089632852988	0.4	0.52	0.0627068307170132	0.0867030965391621
LC_k1_0.4_k2_0.52	150	0.926368283034802	0.92557535890484	0.888393261922752	0.4	0.52	0.0627068307170132	0.0867030965391621
LC_k1_0.4_k2_0.52	160	0.93043185280675	0.929365404898629	0.895833821633658	0.4	0.52	0.0627068307170132	0.0867030965391621
LC_k1_0.4_k2_0.52	170	0.93306587038428	0.931666269746765	0.895464732140131	0.4	0.52	0.0627068307170132	0.0867030965391621
LC_k1_0.4_k2_0.52	180	0.937121516096176	0.933987674516703	0.898091504881838	0.4	0.52	0.0627068307170132	0.0867030965391621
LC_k1_0.4_k2_0.52	190	0.928850048331999	0.922835010738014	0.903832880630897	0.4	0.52	0.0627068307170132	0.0867030965391621
LC_k1_0.4_k2_0.52	200	0.927363684092103	0.92126303157579	0.906325658141454	0.4	0.52	0.0627068307170132	0.0867030965391621
LC_k1_0.4_k2_0.52	210	0.923684696445984	0.917433825839912	0.905170509211417	0.4	0.52	0.0627068307170132	0.0867030965391621
LC_k1_0.4_k2_0.52	220	0.916406236793022	0.910617987974958	0.890772724455239	0.4	0.52	0.0627068307170132	0.0867030965391621
LC_k1_0.4_k2_0.52	230	0.905355324379437	0.900397229502982	0.891990068029559	0.4	0.52	0.0627068307170132	0.0867030965391621
LC_k1_0.4_k2_0.52	240	0.90222660115627	0.89855553047796	0.88669768572371	0.4	0.52	0.0627068307170132	0.0867030965391621
LC_k1_0.4_k2_0.52	250	0.901111505784093	0.895187058992944	0.888750060632822	0.4	0.52	0.0627068307170132	0.0867030965391621
LC_k1_0.4_k2_0.52	260	0.896933386588559	0.891397574156195	0.888750060632822	0.4	0.52	0.0627068307170132	0.0867030965391621
LC_k1_0.4_k2_0.52	270	0.88602007953165	0.881991979771099	0.888750060632822	0.4	0.52	0.0627068307170132	0.0867030965391621
LC_k1_0.4_k2_0.52	280	0.875041409055874	0.87165051303497	0.888750060632822	0.4	0.52	0.0627068307170132	0.0867030965391621
LC_k1_0.4_k2_0.52	290	0.865759689626881	0.862932479823656	0.888750060632822	0.4	0.52	0.0627068307170132	0.0867030965391621
LC_k1_0.4_k2_0.52	300	0.868974544161602	0.86436604851165	0.888750060632822	0.4	0.52	0.0627068307170132	0.0867030965391621
LC_k1_0.4_k2_0.6	10	-0.0909090909090909	-0.0666666666666667	-0.0787878787878788	0.4	0.6	0.0493848112006788	0.068488160291439
LC_k1_0.4_k2_0.6	20	0.303759398496241	0.348872180451128	0.300751879699248	0.4	0.6	0.0493848112006788	0.068488160291439
LC_k1_0.4_k2_0.6	30	0.337041156840934	0.416685205784205	0.192436040044494	0.4	0.6	0.0493848112006788	0.068488160291439
LC_k1_0.4_k2_0.6	40	0.310694183864916	0.422514071294559	0.227767354596623	0.4	0.6	0.0493848112006788	0.068488160291439
LC_k1_0.4_k2_0.6	50	0.537382953181273	0.592124849939976	0.473421368547419	0.4	0.6	0.0493848112006788	0.068488160291439
LC_k1_0.4_k2_0.6	60	0.699972214504029	0.723200889135871	0.581272575715477	0.4	0.6	0.0493848112006788	0.068488160291439
LC_k1_0.4_k2_0.6	70	0.774717872452104	0.787840083982154	0.687341439944012	0.4	0.6	0.0493848112006788	0.068488160291439
LC_k1_0.4_k2_0.6	80	0.8300515705579	0.836310360993905	0.750234411626817	0.4	0.6	0.0493848112006788	0.068488160291439
LC_k1_0.4_k2_0.6	90	0.862139358768572	0.866551426101988	0.813178581717908	0.4	0.6	0.0493848112006788	0.068488160291439
LC_k1_0.4_k2_0.6	100	0.887764776477648	0.892685268526853	0.831803180318032	0.4	0.6	0.0493848112006788	0.068488160291439
LC_k1_0.4_k2_0.6	110	0.902459256587697	0.904451908121633	0.841336248675698	0.4	0.6	0.0493848112006788	0.068488160291439
LC_k1_0.4_k2_0.6	120	0.910132648100562	0.911007708868671	0.857608167233836	0.4	0.6	0.0493848112006788	0.068488160291439
LC_k1_0.4_k2_0.6	130	0.914940802141228	0.914782394952819	0.875830613554739	0.4	0.6	0.0493848112006788	0.068488160291439
LC_k1_0.4_k2_0.6	140	0.911031903960115	0.910988169950362	0.896022391812993	0.4	0.6	0.0493848112006788	0.068488160291439
LC_k1_0.4_k2_0.6	150	0.913841504066847	0.913048579936886	0.898413262811681	0.4	0.6	0.0493848112006788	0.068488160291439
LC_k1_0.4_k2_0.6	160	0.924170866049455	0.921120942224305	0.901418024141568	0.4	0.6	0.0493848112006788	0.068488160291439
LC_k1_0.4_k2_0.6	170	0.925689266675216	0.919831950220138	0.905252166266694	0.4	0.6	0.0493848112006788	0.068488160291439
LC_k1_0.4_k2_0.6	180	0.925742564070907	0.916392481249421	0.903161620214616	0.4	0.6	0.0493848112006788	0.068488160291439
LC_k1_0.4_k2_0.6	190	0.92201970895826	0.912279826967069	0.897872079850587	0.4	0.6	0.0493848112006788	0.068488160291439
LC_k1_0.4_k2_0.6	200	0.919188479711993	0.908520213005325	0.904375609390235	0.4	0.6	0.0493848112006788	0.068488160291439
LC_k1_0.4_k2_0.6	210	0.914292841107508	0.903673876634715	0.911646846543329	0.4	0.6	0.0493848112006788	0.068488160291439
LC_k1_0.4_k2_0.6	220	0.905767399401565	0.894924575827074	0.904558133244676	0.4	0.6	0.0493848112006788	0.068488160291439
LC_k1_0.4_k2_0.6	230	0.888735301152237	0.881685278837358	0.907458101040786	0.4	0.6	0.0493848112006788	0.068488160291439
LC_k1_0.4_k2_0.6	240	0.870052431465824	0.866594906161565	0.895781176756541	0.4	0.6	0.0493848112006788	0.068488160291439
LC_k1_0.4_k2_0.6	250	0.857314837037393	0.855367925886814	0.895962439429901	0.4	0.6	0.0493848112006788	0.068488160291439
LC_k1_0.4_k2_0.6	260	0.852474831785177	0.850355546907271	0.895962439429901	0.4	0.6	0.0493848112006788	0.068488160291439
LC_k1_0.4_k2_0.6	270	0.840604428349116	0.84081720371107	0.895962439429901	0.4	0.6	0.0493848112006788	0.068488160291439
LC_k1_0.4_k2_0.6	280	0.833272108062603	0.836266679786368	0.895962439429901	0.4	0.6	0.0493848112006788	0.068488160291439
LC_k1_0.4_k2_0.6	290	0.807310349747896	0.808594058480338	0.895962439429901	0.4	0.6	0.0493848112006788	0.068488160291439
LC_k1_0.4_k2_0.6	300	0.808395648840543	0.806637407082301	0.895962439429901	0.4	0.6	0.0493848112006788	0.068488160291439
LC_k1_0.4_k2_0.68	10	-0.139393939393939	-0.175757575757576	-0.0181818181818182	0.4	0.68	0.0364870598218074	0.0497267759562842
LC_k1_0.4_k2_0.68	20	0.392481203007519	0.365413533834587	0.354887218045113	0.4	0.68	0.0364870598218074	0.0497267759562842
LC_k1_0.4_k2_0.68	30	0.344605116796441	0.429588431590656	0.151056729699666	0.4	0.68	0.0364870598218074	0.0497267759562842
LC_k1_0.4_k2_0.68	40	0.328893058161351	0.367729831144465	0.0731707317073171	0.4	0.68	0.0364870598218074	0.0497267759562842
LC_k1_0.4_k2_0.68	50	0.299879951980792	0.364897959183674	0.0641056422569028	0.4	0.68	0.0364870598218074	0.0497267759562842
LC_k1_0.4_k2_0.68	60	0.511753264795777	0.53475965545985	0.328035565434843	0.4	0.68	0.0364870598218074	0.0497267759562842
LC_k1_0.4_k2_0.68	70	0.645840258944974	0.658927477910944	0.479590587000262	0.4	0.68	0.0364870598218074	0.0497267759562842
LC_k1_0.4_k2_0.68	80	0.716408813877168	0.73244256915143	0.55084388185654	0.4	0.68	0.0364870598218074	0.0497267759562842
LC_k1_0.4_k2_0.68	90	0.779511873893896	0.788665267316953	0.660172037700128	0.4	0.68	0.0364870598218074	0.0497267759562842
LC_k1_0.4_k2_0.68	100	0.828598859885989	0.833819381938194	0.731761176117612	0.4	0.68	0.0364870598218074	0.0497267759562842
LC_k1_0.4_k2_0.68	110	0.859179947253342	0.861307846628947	0.789671573157812	0.4	0.68	0.0364870598218074	0.0497267759562842
LC_k1_0.4_k2_0.68	120	0.87942912702271	0.879276338634627	0.813410653517605	0.4	0.68	0.0364870598218074	0.0497267759562842
LC_k1_0.4_k2_0.68	130	0.892162940911388	0.891338131068293	0.83658932936405	0.4	0.68	0.0364870598218074	0.0497267759562842
LC_k1_0.4_k2_0.68	140	0.895606918720343	0.894496074872625	0.860436028077234	0.4	0.68	0.0364870598218074	0.0497267759562842
LC_k1_0.4_k2_0.68	150	0.89532690341793	0.893271700964487	0.872769456420286	0.4	0.68	0.0364870598218074	0.0497267759562842
LC_k1_0.4_k2_0.68	160	0.896428571428571	0.894576936599086	0.885362709480839	0.4	0.68	0.0364870598218074	0.0497267759562842
LC_k1_0.4_k2_0.68	170	0.904199412558546	0.900972759081833	0.896004543206258	0.4	0.68	0.0364870598218074	0.0497267759562842
LC_k1_0.4_k2_0.68	180	0.899966048334825	0.898297272549564	0.88144078520942	0.4	0.68	0.0364870598218074	0.0497267759562842
LC_k1_0.4_k2_0.68	190	0.898818599727941	0.8980645330604	0.888940501340612	0.4	0.68	0.0364870598218074	0.0497267759562842
LC_k1_0.4_k2_0.68	200	0.893878346958674	0.891163279081977	0.89067126678167	0.4	0.68	0.0364870598218074	0.0497267759562842
LC_k1_0.4_k2_0.68	210	0.888143884053088	0.884656924517239	0.893862186703294	0.4	0.68	0.0364870598218074	0.0497267759562842
LC_k1_0.4_k2_0.68	220	0.870161104004778	0.866737291717147	0.89803846435595	0.4	0.68	0.0364870598218074	0.0497267759562842
LC_k1_0.4_k2_0.68	230	0.860913948402082	0.858584324352314	0.888474919802051	0.4	0.68	0.0364870598218074	0.0497267759562842
LC_k1_0.4_k2_0.68	240	0.857503602493099	0.854096425285161	0.877037795795066	0.4	0.68	0.0364870598218074	0.0497267759562842
LC_k1_0.4_k2_0.68	250	0.853255892094273	0.853332693323093	0.878506040701768	0.4	0.68	0.0364870598218074	0.0497267759562842
LC_k1_0.4_k2_0.68	260	0.841586869173076	0.846790860583964	0.878506040701768	0.4	0.68	0.0364870598218074	0.0497267759562842
LC_k1_0.4_k2_0.68	270	0.831881857852036	0.837457913612593	0.878506040701768	0.4	0.68	0.0364870598218074	0.0497267759562842
LC_k1_0.4_k2_0.68	280	0.822873105159869	0.823585395586314	0.878506040701768	0.4	0.68	0.0364870598218074	0.0497267759562842
LC_k1_0.4_k2_0.68	290	0.823555243389257	0.82601835029405	0.878506040701768	0.4	0.68	0.0364870598218074	0.0497267759562842
LC_k1_0.4_k2_0.68	300	0.829006988966544	0.834687496527739	0.878506040701768	0.4	0.68	0.0364870598218074	0.0497267759562842
LC_k1_0.4_k2_0.76	10	0.115151515151515	0.224242424242424	0.187878787878788	0.4	0.76	0.0263046245226983	0.034608378870674
LC_k1_0.4_k2_0.76	20	0.467669172932331	0.491729323308271	0.506766917293233	0.4	0.76	0.0263046245226983	0.034608378870674
LC_k1_0.4_k2_0.76	30	0.217797552836485	0.27964404894327	-0.00200222469410456	0.4	0.76	0.0263046245226983	0.034608378870674
LC_k1_0.4_k2_0.76	40	0.502439024390244	0.555534709193246	0.164352720450281	0.4	0.76	0.0263046245226983	0.034608378870674
LC_k1_0.4_k2_0.76	50	0.400048019207683	0.469003601440576	0.202304921968788	0.4	0.76	0.0263046245226983	0.034608378870674
LC_k1_0.4_k2_0.76	60	0.581494859683246	0.623339816615727	0.388107807724368	0.4	0.76	0.0263046245226983	0.034608378870674
LC_k1_0.4_k2_0.76	70	0.653678593298924	0.693360160965795	0.540897559268655	0.4	0.76	0.0263046245226983	0.034608378870674
LC_k1_0.4_k2_0.76	80	0.728598218471636	0.752414439756212	0.639639006094702	0.4	0.76	0.0263046245226983	0.034608378870674
LC_k1_0.4_k2_0.76	90	0.758834424002963	0.763822694159773	0.715652138124048	0.4	0.76	0.0263046245226983	0.034608378870674
LC_k1_0.4_k2_0.76	100	0.794011401140114	0.792139213921392	0.759183918391839	0.4	0.76	0.0263046245226983	0.034608378870674
LC_k1_0.4_k2_0.76	110	0.834618939206095	0.833275477312174	0.804088993079819	0.4	0.76	0.0263046245226983	0.034608378870674
LC_k1_0.4_k2_0.76	120	0.846051809153413	0.844148899229113	0.829224251684145	0.4	0.76	0.0263046245226983	0.034608378870674
LC_k1_0.4_k2_0.76	130	0.862655505332587	0.857936063581368	0.84881945677259	0.4	0.76	0.0263046245226983	0.034608378870674
LC_k1_0.4_k2_0.76	140	0.871999300255844	0.869244057641425	0.852887537993921	0.4	0.76	0.0263046245226983	0.034608378870674
LC_k1_0.4_k2_0.76	150	0.868975510022668	0.868495488688386	0.862920129783546	0.4	0.76	0.0263046245226983	0.034608378870674
LC_k1_0.4_k2_0.76	160	0.856430915270128	0.858628266729169	0.851570373842728	0.4	0.76	0.0263046245226983	0.034608378870674
LC_k1_0.4_k2_0.76	170	0.854974017012598	0.85742881394227	0.860438077442126	0.4	0.76	0.0263046245226983	0.034608378870674
LC_k1_0.4_k2_0.76	180	0.843528092430836	0.845591942138132	0.874171013508647	0.4	0.76	0.0263046245226983	0.034608378870674
LC_k1_0.4_k2_0.76	190	0.832406496170619	0.831596443114768	0.872767433417751	0.4	0.76	0.0263046245226983	0.034608378870674
LC_k1_0.4_k2_0.76	200	0.827537688442211	0.826529663241581	0.87995199879997	0.4	0.76	0.0263046245226983	0.034608378870674
LC_k1_0.4_k2_0.76	210	0.814319080769567	0.817931731526144	0.885981217585109	0.4	0.76	0.0263046245226983	0.034608378870674
LC_k1_0.4_k2_0.76	220	0.78979843685726	0.796055515797659	0.872835464293966	0.4	0.76	0.0263046245226983	0.034608378870674
LC_k1_0.4_k2_0.76	230	0.785335302631676	0.793770080308907	0.85296738575645	0.4	0.76	0.0263046245226983	0.034608378870674
LC_k1_0.4_k2_0.76	240	0.772616712095696	0.781983194152676	0.839149985242799	0.4	0.76	0.0263046245226983	0.034608378870674
LC_k1_0.4_k2_0.76	250	0.771782076513224	0.780058944943119	0.842669115396388	0.4	0.76	0.0263046245226983	0.034608378870674
LC_k1_0.4_k2_0.76	260	0.763645115369253	0.772130447992517	0.842669115396388	0.4	0.76	0.0263046245226983	0.034608378870674
LC_k1_0.4_k2_0.76	270	0.770773261635962	0.778839215901453	0.842669115396388	0.4	0.76	0.0263046245226983	0.034608378870674
LC_k1_0.4_k2_0.76	280	0.763384008177947	0.767429795933986	0.842669115396388	0.4	0.76	0.0263046245226983	0.034608378870674
LC_k1_0.4_k2_0.76	290	0.764514482315793	0.766868358351057	0.842669115396388	0.4	0.76	0.0263046245226983	0.034608378870674
LC_k1_0.4_k2_0.76	300	0.767237858198424	0.772506361181791	0.842669115396388	0.4	0.76	0.0263046245226983	0.034608378870674
