domainDef	Ntopdommks	LFF_Xenium_loose	LFF_Xenium_strict	Xenium_All_NMFpred_LCcells	LFF_Visium	k1	k2	looseInDom	strictInDom	nmfpredInDom
LC_k1_0.08_k2_0.132	10	0.454545454545455	0.224242424242424	-0.272727272727273	0.503030303030303	0.08	0.132	0.829721642941336	0.92955135335558	0.873832373640435
LC_k1_0.08_k2_0.132	20	0.772932330827068	0.760902255639098	0.32781954887218	0.682706766917293	0.08	0.132	0.829721642941336	0.92955135335558	0.873832373640435
LC_k1_0.08_k2_0.132	30	0.83670745272525	0.77797552836485	0.531479421579533	0.805561735261401	0.08	0.132	0.829721642941336	0.92955135335558	0.873832373640435
LC_k1_0.08_k2_0.132	40	0.846529080675422	0.811069418386492	0.675422138836773	0.798874296435272	0.08	0.132	0.829721642941336	0.92955135335558	0.873832373640435
LC_k1_0.08_k2_0.132	50	0.844033613445378	0.801968787515006	0.739831932773109	0.803025210084034	0.08	0.132	0.829721642941336	0.92955135335558	0.873832373640435
LC_k1_0.08_k2_0.132	60	0.86146151708808	0.826062795220895	0.791164212281189	0.806279522089469	0.08	0.132	0.829721642941336	0.92955135335558	0.873832373640435
LC_k1_0.08_k2_0.132	70	0.842428483947161	0.817968681655148	0.799422622692678	0.838719272154667	0.08	0.132	0.829721642941336	0.92955135335558	0.873832373640435
LC_k1_0.08_k2_0.132	80	0.843506797937178	0.826347866854196	0.810829817158931	0.860173464603845	0.08	0.132	0.829721642941336	0.92955135335558	0.873832373640435
LC_k1_0.08_k2_0.132	90	0.841955797011977	0.82898300201671	0.819088776392147	0.88340947442071	0.08	0.132	0.829721642941336	0.92955135335558	0.873832373640435
LC_k1_0.08_k2_0.132	100	0.864326432643264	0.853681368136814	0.847128712871287	0.894221422142214	0.08	0.132	0.829721642941336	0.92955135335558	0.873832373640435
LC_k1_0.08_k2_0.132	110	0.865734959312941	0.859982417780583	0.858503708044992	0.899492820593738	0.08	0.132	0.829721642941336	0.92955135335558	0.873832373640435
LC_k1_0.08_k2_0.132	120	0.871546635182999	0.863629418709632	0.872866171261893	0.908507535245503	0.08	0.132	0.829721642941336	0.92955135335558	0.873832373640435
LC_k1_0.08_k2_0.132	130	0.876928539239919	0.869079189938412	0.878998757322919	0.903071187644239	0.08	0.132	0.829721642941336	0.92955135335558	0.873832373640435
LC_k1_0.08_k2_0.132	140	0.880527432157617	0.87275152522359	0.886335308652774	0.908644027027618	0.08	0.132	0.829721642941336	0.92955135335558	0.873832373640435
LC_k1_0.08_k2_0.132	150	0.872403217920797	0.864978887950576	0.882053424596649	0.902288990621806	0.08	0.132	0.829721642941336	0.92955135335558	0.873832373640435
LC_k1_0.08_k2_0.132	160	0.868873784132193	0.860058010078519	0.886388140161725	0.897741122700105	0.08	0.132	0.829721642941336	0.92955135335558	0.873832373640435
LC_k1_0.08_k2_0.132	170	0.859172818925141	0.847282319966292	0.880481921825099	0.880433070144906	0.08	0.132	0.829721642941336	0.92955135335558	0.873832373640435
LC_k1_0.08_k2_0.132	180	0.863608959124253	0.849620873072214	0.887889543915965	0.865864172762534	0.08	0.132	0.829721642941336	0.92955135335558	0.873832373640435
LC_k1_0.08_k2_0.132	190	0.866318501314368	0.851896757600809	0.89412449098313	0.86538947718336	0.08	0.132	0.829721642941336	0.92955135335558	0.873832373640435
LC_k1_0.08_k2_0.132	200	0.860813020325508	0.847044176104403	0.892030300757519	0.866124653116328	0.08	0.132	0.829721642941336	0.92955135335558	0.873832373640435
LC_k1_0.08_k2_0.132	210	0.851315060594183	0.833371019103122	0.887554301522872	0.872781047837172	0.08	0.132	0.829721642941336	0.92955135335558	0.873832373640435
LC_k1_0.08_k2_0.132	220	0.843085037444425	0.823822430591165	0.877009855575528	0.874179969909221	0.08	0.132	0.829721642941336	0.92955135335558	0.873832373640435
LC_k1_0.08_k2_0.132	230	0.835357124364149	0.815702277597094	0.866358285724149	0.882470368059888	0.08	0.132	0.829721642941336	0.92955135335558	0.873832373640435
LC_k1_0.08_k2_0.132	240	0.824884980642025	0.801953158909009	0.859145124047292	0.894084966752895	0.08	0.132	0.829721642941336	0.92955135335558	0.873832373640435
LC_k1_0.08_k2_0.132	240	0.824884980642025	0.801953158909009	0.859145124047292	0.894084966752895	0.08	0.132	0.829721642941336	0.92955135335558	0.873832373640435
LC_k1_0.08_k2_0.132	250	0.810946095137522	0.788693707099314	0.854215907454519	0.894084966752895	0.08	0.132	0.829721642941336	0.92955135335558	0.873832373640435
LC_k1_0.08_k2_0.132	260	0.802867589074485	0.776465969569418	0.842801497973912	0.894084966752895	0.08	0.132	0.829721642941336	0.92955135335558	0.873832373640435
LC_k1_0.08_k2_0.132	270	0.788422642590738	0.76117886085924	0.824043311065081	0.894084966752895	0.08	0.132	0.829721642941336	0.92955135335558	0.873832373640435
LC_k1_0.08_k2_0.132	280	0.773310155195128	0.747601554684553	0.807358512225921	0.894084966752895	0.08	0.132	0.829721642941336	0.92955135335558	0.873832373640435
LC_k1_0.08_k2_0.132	290	0.771778335139497	0.743573645346556	0.80437243298231	0.894084966752895	0.08	0.132	0.829721642941336	0.92955135335558	0.873832373640435
LC_k1_0.08_k2_0.132	300	0.76379026433627	0.737457527305859	0.798488427649196	0.894084966752895	0.08	0.132	0.829721642941336	0.92955135335558	0.873832373640435
LC_k1_0.08_k2_0.146	10	0.454545454545455	0.224242424242424	-0.272727272727273	0.503030303030303	0.08	0.146	0.826457521080787	0.92714126807564	0.870249520153551
LC_k1_0.08_k2_0.146	20	0.772932330827068	0.760902255639098	0.32781954887218	0.682706766917293	0.08	0.146	0.826457521080787	0.92714126807564	0.870249520153551
LC_k1_0.08_k2_0.146	30	0.834927697441602	0.775750834260289	0.530144605116796	0.803337041156841	0.08	0.146	0.826457521080787	0.92714126807564	0.870249520153551
LC_k1_0.08_k2_0.146	40	0.839774859287055	0.808067542213884	0.669793621013133	0.764352720450282	0.08	0.146	0.826457521080787	0.92714126807564	0.870249520153551
LC_k1_0.08_k2_0.146	50	0.848547418967587	0.806290516206483	0.743769507803121	0.804849939975991	0.08	0.146	0.826457521080787	0.92714126807564	0.870249520153551
LC_k1_0.08_k2_0.146	60	0.852570158377327	0.818838566268408	0.776437899416505	0.806779661016949	0.08	0.146	0.826457521080787	0.92714126807564	0.870249520153551
LC_k1_0.08_k2_0.146	70	0.843898171638527	0.817443793193946	0.800507392179162	0.843723208818126	0.08	0.146	0.826457521080787	0.92714126807564	0.870249520153551
LC_k1_0.08_k2_0.146	80	0.846225972808251	0.825949367088608	0.810595405532114	0.859282700421941	0.08	0.146	0.826457521080787	0.92714126807564	0.870249520153551
LC_k1_0.08_k2_0.146	90	0.849709840721077	0.836638268098942	0.825509322138536	0.878437667201712	0.08	0.146	0.826457521080787	0.92714126807564	0.870249520153551
LC_k1_0.08_k2_0.146	100	0.868838883888389	0.858493849384939	0.850633063306331	0.890573057305731	0.08	0.146	0.826457521080787	0.92714126807564	0.870249520153551
LC_k1_0.08_k2_0.146	110	0.873687532403129	0.867565313436873	0.865148885332371	0.900601852895431	0.08	0.146	0.826457521080787	0.92714126807564	0.870249520153551
LC_k1_0.08_k2_0.146	120	0.878720744496146	0.87067157441489	0.878936037224807	0.90848670046531	0.08	0.146	0.826457521080787	0.92714126807564	0.870249520153551
LC_k1_0.08_k2_0.146	130	0.883439620915211	0.875481025276871	0.884657717570908	0.904693495746221	0.08	0.146	0.826457521080787	0.92714126807564	0.870249520153551
LC_k1_0.08_k2_0.146	140	0.882320526557478	0.874846384290744	0.887778530974613	0.910091622750432	0.08	0.146	0.826457521080787	0.92714126807564	0.870249520153551
LC_k1_0.08_k2_0.146	150	0.875429130183564	0.868403040135117	0.88327659007067	0.903601048935508	0.08	0.146	0.826457521080787	0.92714126807564	0.870249520153551
LC_k1_0.08_k2_0.146	160	0.868727294034923	0.860948669869917	0.884844134536505	0.899062463377476	0.08	0.146	0.826457521080787	0.92714126807564	0.870249520153551
LC_k1_0.08_k2_0.146	170	0.863437570605944	0.853437631670544	0.884986046738845	0.881693443493872	0.08	0.146	0.826457521080787	0.92714126807564	0.870249520153551
LC_k1_0.08_k2_0.146	180	0.869775816126012	0.855254791814562	0.893196292066628	0.867286027346523	0.08	0.146	0.826457521080787	0.92714126807564	0.870249520153551
LC_k1_0.08_k2_0.146	190	0.871220809440705	0.856566372300735	0.897709369409563	0.866673664965206	0.08	0.146	0.826457521080787	0.92714126807564	0.870249520153551
LC_k1_0.08_k2_0.146	200	0.868620715517888	0.854194854871372	0.899143478586965	0.865394134853372	0.08	0.146	0.826457521080787	0.92714126807564	0.870249520153551
LC_k1_0.08_k2_0.146	210	0.855553575882835	0.837855733690106	0.890603285464847	0.873496321588115	0.08	0.146	0.826457521080787	0.92714126807564	0.870249520153551
LC_k1_0.08_k2_0.146	220	0.844826245470887	0.823128201371554	0.877155237993272	0.875500808619262	0.08	0.146	0.826457521080787	0.92714126807564	0.870249520153551
LC_k1_0.08_k2_0.146	230	0.844288993709916	0.824300779911184	0.875582097795882	0.883702248008305	0.08	0.146	0.826457521080787	0.92714126807564	0.870249520153551
LC_k1_0.08_k2_0.146	240	0.832596052014792	0.811525373704405	0.866507231028316	0.895196097154465	0.08	0.146	0.826457521080787	0.92714126807564	0.870249520153551
LC_k1_0.08_k2_0.146	240	0.832596052014792	0.811525373704405	0.866507231028316	0.895196097154465	0.08	0.146	0.826457521080787	0.92714126807564	0.870249520153551
LC_k1_0.08_k2_0.146	250	0.810229539672635	0.787488695819133	0.84780607689723	0.895196097154465	0.08	0.146	0.826457521080787	0.92714126807564	0.870249520153551
LC_k1_0.08_k2_0.146	260	0.798342260411226	0.774256560463457	0.833135674514985	0.895196097154465	0.08	0.146	0.826457521080787	0.92714126807564	0.870249520153551
LC_k1_0.08_k2_0.146	270	0.796118526241024	0.766544579943941	0.83196477317933	0.895196097154465	0.08	0.146	0.826457521080787	0.92714126807564	0.870249520153551
LC_k1_0.08_k2_0.146	280	0.780103426975198	0.753661216524263	0.813494705654044	0.895196097154465	0.08	0.146	0.826457521080787	0.92714126807564	0.870249520153551
LC_k1_0.08_k2_0.146	290	0.773287886075155	0.745617541887209	0.807606060345135	0.895196097154465	0.08	0.146	0.826457521080787	0.92714126807564	0.870249520153551
LC_k1_0.08_k2_0.146	300	0.776315292392138	0.749679885332059	0.810328559206213	0.895196097154465	0.08	0.146	0.826457521080787	0.92714126807564	0.870249520153551
LC_k1_0.08_k2_0.159	10	0.454545454545455	0.224242424242424	-0.272727272727273	0.503030303030303	0.08	0.159	0.822286698703418	0.924916573971079	0.865898912348049
LC_k1_0.08_k2_0.159	20	0.738345864661654	0.669172932330827	0.318796992481203	0.693233082706767	0.08	0.159	0.822286698703418	0.924916573971079	0.865898912348049
LC_k1_0.08_k2_0.159	30	0.837597330367075	0.793103448275862	0.511902113459399	0.794883203559511	0.08	0.159	0.822286698703418	0.924916573971079	0.865898912348049
LC_k1_0.08_k2_0.159	40	0.846529080675422	0.815196998123828	0.676172607879925	0.773545966228893	0.08	0.159	0.822286698703418	0.924916573971079	0.865898912348049
LC_k1_0.08_k2_0.159	50	0.851044417767107	0.81234093637455	0.746746698679472	0.805234093637455	0.08	0.159	0.822286698703418	0.924916573971079	0.865898912348049
LC_k1_0.08_k2_0.159	60	0.856626840789108	0.825729369269242	0.780828007779939	0.816671297582662	0.08	0.159	0.822286698703418	0.924916573971079	0.865898912348049
LC_k1_0.08_k2_0.159	70	0.846452628816376	0.825037179599335	0.79739305397603	0.846382643688216	0.08	0.159	0.822286698703418	0.924916573971079	0.865898912348049
LC_k1_0.08_k2_0.159	80	0.85056258790436	0.833403656821378	0.816830754805438	0.861392405063291	0.08	0.159	0.822286698703418	0.924916573971079	0.865898912348049
LC_k1_0.08_k2_0.159	90	0.849429970778285	0.837214470922336	0.825311766884801	0.881351607194304	0.08	0.159	0.822286698703418	0.924916573971079	0.865898912348049
LC_k1_0.08_k2_0.159	100	0.87023102310231	0.860486048604861	0.851929192919292	0.895457545754575	0.08	0.159	0.822286698703418	0.924916573971079	0.865898912348049
LC_k1_0.08_k2_0.159	110	0.874949845592047	0.869557964970809	0.866474314180736	0.904370759416631	0.08	0.159	0.822286698703418	0.924916573971079	0.865898912348049
LC_k1_0.08_k2_0.159	120	0.880102784915619	0.872616153899576	0.880068060281964	0.911167442183485	0.08	0.159	0.822286698703418	0.924916573971079	0.865898912348049
LC_k1_0.08_k2_0.159	130	0.884930833412992	0.877441997023037	0.885821191058187	0.905846044599817	0.08	0.159	0.822286698703418	0.924916573971079	0.865898912348049
LC_k1_0.08_k2_0.159	140	0.882324899958453	0.875511141238985	0.887564234326824	0.91331044586823	0.08	0.159	0.822286698703418	0.924916573971079	0.865898912348049
LC_k1_0.08_k2_0.159	150	0.875948264367305	0.871279612427219	0.885154006844749	0.905688252811236	0.08	0.159	0.822286698703418	0.924916573971079	0.865898912348049
LC_k1_0.08_k2_0.159	160	0.870435368569085	0.863277862416501	0.887674323215751	0.902815539669518	0.08	0.159	0.822286698703418	0.924916573971079	0.865898912348049
LC_k1_0.08_k2_0.159	170	0.867238231324919	0.855770299399735	0.887917147550394	0.882196615799855	0.08	0.159	0.822286698703418	0.924916573971079	0.865898912348049
LC_k1_0.08_k2_0.159	180	0.873557825858823	0.859213761741618	0.896295153142587	0.872090702387934	0.08	0.159	0.822286698703418	0.924916573971079	0.865898912348049
LC_k1_0.08_k2_0.159	190	0.872197072086849	0.858294952039785	0.899544673201328	0.866743647950592	0.08	0.159	0.822286698703418	0.924916573971079	0.865898912348049
LC_k1_0.08_k2_0.159	200	0.869015225380635	0.854350858771469	0.899080477011925	0.868602715067877	0.08	0.159	0.822286698703418	0.924916573971079	0.865898912348049
LC_k1_0.08_k2_0.159	210	0.858609038753713	0.841236438791939	0.892706345786915	0.875922032569576	0.08	0.159	0.822286698703418	0.924916573971079	0.865898912348049
LC_k1_0.08_k2_0.159	220	0.846064813510422	0.825245825890467	0.878441139843235	0.880526081493044	0.08	0.159	0.822286698703418	0.924916573971079	0.865898912348049
LC_k1_0.08_k2_0.159	230	0.849501552178598	0.829777664902024	0.879906992570748	0.886040748695011	0.08	0.159	0.822286698703418	0.924916573971079	0.865898912348049
LC_k1_0.08_k2_0.159	240	0.83708658136426	0.814396951335961	0.867795447837636	0.89731332141183	0.08	0.159	0.822286698703418	0.924916573971079	0.865898912348049
LC_k1_0.08_k2_0.159	240	0.83708658136426	0.814396951335961	0.867795447837636	0.89731332141183	0.08	0.159	0.822286698703418	0.924916573971079	0.865898912348049
LC_k1_0.08_k2_0.159	250	0.81342139874238	0.791003120049921	0.852008640138242	0.89731332141183	0.08	0.159	0.822286698703418	0.924916573971079	0.865898912348049
LC_k1_0.08_k2_0.159	260	0.812364770985461	0.78927248582421	0.846568963810343	0.89731332141183	0.08	0.159	0.822286698703418	0.924916573971079	0.865898912348049
LC_k1_0.08_k2_0.159	270	0.800588637856639	0.771346962540257	0.835692304878439	0.89731332141183	0.08	0.159	0.822286698703418	0.924916573971079	0.865898912348049
LC_k1_0.08_k2_0.159	280	0.783170157053753	0.756626268921069	0.816468504518097	0.89731332141183	0.08	0.159	0.822286698703418	0.924916573971079	0.865898912348049
LC_k1_0.08_k2_0.159	290	0.778105361046156	0.750731711517337	0.811726327468735	0.89731332141183	0.08	0.159	0.822286698703418	0.924916573971079	0.865898912348049
LC_k1_0.08_k2_0.159	300	0.77781530905899	0.749990555450616	0.810342337137079	0.89731332141183	0.08	0.159	0.822286698703418	0.924916573971079	0.865898912348049
LC_k1_0.08_k2_0.172	10	0.454545454545455	0.224242424242424	-0.272727272727273	0.503030303030303	0.08	0.172	0.81811587632605	0.921950315164998	0.861548304542546
LC_k1_0.08_k2_0.172	20	0.738345864661654	0.669172932330827	0.318796992481203	0.693233082706767	0.08	0.172	0.81811587632605	0.921950315164998	0.861548304542546
LC_k1_0.08_k2_0.172	30	0.839822024471635	0.797107897664071	0.509232480533927	0.757953281423804	0.08	0.172	0.81811587632605	0.921950315164998	0.861548304542546
LC_k1_0.08_k2_0.172	40	0.849906191369606	0.818949343339587	0.675609756097561	0.778799249530957	0.08	0.172	0.81811587632605	0.921950315164998	0.861548304542546
LC_k1_0.08_k2_0.172	50	0.858151260504202	0.818775510204082	0.750972388955582	0.807731092436975	0.08	0.172	0.81811587632605	0.921950315164998	0.861548304542546
LC_k1_0.08_k2_0.172	60	0.863239788830231	0.831842178382884	0.78588496804668	0.820783550986385	0.08	0.172	0.81811587632605	0.921950315164998	0.861548304542546
LC_k1_0.08_k2_0.172	70	0.850301810865191	0.82892135421223	0.801872102178287	0.847922316507742	0.08	0.172	0.81811587632605	0.921950315164998	0.861548304542546
LC_k1_0.08_k2_0.172	80	0.853867791842476	0.83694327238631	0.820534458509142	0.862306610407876	0.08	0.172	0.81811587632605	0.921950315164998	0.861548304542546
LC_k1_0.08_k2_0.172	90	0.852755484216159	0.840902168992057	0.828917150265465	0.881088200189324	0.08	0.172	0.81811587632605	0.921950315164998	0.861548304542546
LC_k1_0.08_k2_0.172	100	0.873255325532553	0.863894389438944	0.854725472547255	0.885760576057606	0.08	0.172	0.81811587632605	0.921950315164998	0.861548304542546
LC_k1_0.08_k2_0.172	110	0.871776029574195	0.866122669792395	0.865049703581814	0.908437211189505	0.08	0.172	0.81811587632605	0.921950315164998	0.861548304542546
LC_k1_0.08_k2_0.172	120	0.882172373081464	0.875324675324675	0.88228349190916	0.91235502465449	0.08	0.172	0.81811587632605	0.921950315164998	0.861548304542546
LC_k1_0.08_k2_0.172	130	0.885007305848776	0.878048314192465	0.886127080801322	0.906927583334471	0.08	0.172	0.81811587632605	0.921950315164998	0.861548304542546
LC_k1_0.08_k2_0.172	140	0.883483851216899	0.876189018390151	0.88895497583696	0.914228860073036	0.08	0.172	0.81811587632605	0.921950315164998	0.861548304542546
LC_k1_0.08_k2_0.172	150	0.881633850393351	0.877434552646784	0.890725810036002	0.907587003866839	0.08	0.172	0.81811587632605	0.921950315164998	0.861548304542546
LC_k1_0.08_k2_0.172	160	0.872298722606352	0.864950779327317	0.888198757763975	0.90301769600375	0.08	0.172	0.81811587632605	0.921950315164998	0.861548304542546
LC_k1_0.08_k2_0.172	170	0.868955367883685	0.857524074718645	0.889543908500803	0.88235538376048	0.08	0.172	0.81811587632605	0.921950315164998	0.861548304542546
LC_k1_0.08_k2_0.172	180	0.874992026502876	0.860689115919216	0.897694373283126	0.87055979094005	0.08	0.172	0.81811587632605	0.921950315164998	0.861548304542546
LC_k1_0.08_k2_0.172	190	0.875286820891671	0.86084583185713	0.901282000813552	0.86683637540623	0.08	0.172	0.81811587632605	0.921950315164998	0.861548304542546
LC_k1_0.08_k2_0.172	200	0.868194704867622	0.853614340358509	0.898915472886822	0.868757218930474	0.08	0.172	0.81811587632605	0.921950315164998	0.861548304542546
LC_k1_0.08_k2_0.172	210	0.860245616194731	0.842910594020596	0.894354585299958	0.876269303158802	0.08	0.172	0.81811587632605	0.921950315164998	0.861548304542546
LC_k1_0.08_k2_0.172	220	0.845740238810344	0.828411556211717	0.880239824639502	0.880846148211177	0.08	0.172	0.81811587632605	0.921950315164998	0.861548304542546
LC_k1_0.08_k2_0.172	230	0.850778801604699	0.830619959118155	0.881170433894945	0.88642836184131	0.08	0.172	0.81811587632605	0.921950315164998	0.861548304542546
LC_k1_0.08_k2_0.172	240	0.836876508272713	0.813783225403219	0.869762495876664	0.897658813521068	0.08	0.172	0.81811587632605	0.921950315164998	0.861548304542546
LC_k1_0.08_k2_0.172	240	0.836876508272713	0.813783225403219	0.869762495876664	0.897658813521068	0.08	0.172	0.81811587632605	0.921950315164998	0.861548304542546
LC_k1_0.08_k2_0.172	250	0.814211683386934	0.790604521672347	0.851603897662363	0.897658813521068	0.08	0.172	0.81811587632605	0.921950315164998	0.861548304542546
LC_k1_0.08_k2_0.172	260	0.808877236463443	0.785849130676717	0.848293613810855	0.897658813521068	0.08	0.172	0.81811587632605	0.921950315164998	0.861548304542546
LC_k1_0.08_k2_0.172	270	0.798446252120514	0.771474993560344	0.832348866239592	0.897658813521068	0.08	0.172	0.81811587632605	0.921950315164998	0.861548304542546
LC_k1_0.08_k2_0.172	280	0.786186594945635	0.759033187376661	0.81875515904904	0.897658813521068	0.08	0.172	0.81811587632605	0.921950315164998	0.861548304542546
LC_k1_0.08_k2_0.172	290	0.779821072947278	0.752087256767578	0.813071048038211	0.897658813521068	0.08	0.172	0.81811587632605	0.921950315164998	0.861548304542546
LC_k1_0.08_k2_0.172	300	0.780382893143257	0.752477694196602	0.813251702796698	0.897658813521068	0.08	0.172	0.81811587632605	0.921950315164998	0.861548304542546
LC_k1_0.08_k2_0.186	10	0.381818181818182	0.187878787878788	-0.272727272727273	0.503030303030303	0.08	0.186	0.813219693535225	0.918984056358917	0.856813819577735
LC_k1_0.08_k2_0.186	20	0.739849624060151	0.670676691729323	0.342857142857143	0.684210526315789	0.08	0.186	0.813219693535225	0.918984056358917	0.856813819577735
LC_k1_0.08_k2_0.186	30	0.839822024471635	0.799777530589544	0.516796440489433	0.752614015572859	0.08	0.186	0.813219693535225	0.918984056358917	0.856813819577735
LC_k1_0.08_k2_0.186	40	0.850844277673546	0.821200750469043	0.679362101313321	0.772983114446529	0.08	0.186	0.813219693535225	0.918984056358917	0.856813819577735
LC_k1_0.08_k2_0.186	50	0.863337334933974	0.824825930372149	0.758847539015606	0.796014405762305	0.08	0.186	0.813219693535225	0.918984056358917	0.856813819577735
LC_k1_0.08_k2_0.186	60	0.868407891080856	0.837621561544874	0.791997777160322	0.823617671575438	0.08	0.186	0.813219693535225	0.918984056358917	0.856813819577735
LC_k1_0.08_k2_0.186	70	0.855865628553932	0.834975067798093	0.807610882687429	0.856040591374333	0.08	0.186	0.813219693535225	0.918984056358917	0.856813819577735
LC_k1_0.08_k2_0.186	80	0.858321612751993	0.841912798874824	0.825082044069386	0.865330520393812	0.08	0.186	0.813219693535225	0.918984056358917	0.856813819577735
LC_k1_0.08_k2_0.186	90	0.857101699798329	0.845561180392641	0.833296291723258	0.888052022883484	0.08	0.186	0.813219693535225	0.918984056358917	0.856813819577735
LC_k1_0.08_k2_0.186	100	0.877551755175518	0.868322832283228	0.859285928592859	0.887212721272127	0.08	0.186	0.813219693535225	0.918984056358917	0.856813819577735
LC_k1_0.08_k2_0.186	110	0.87614904312152	0.870261253747492	0.869269436241913	0.907589658048373	0.08	0.186	0.813219693535225	0.918984056358917	0.856813819577735
LC_k1_0.08_k2_0.186	120	0.886040697270644	0.878970761858462	0.88595041322314	0.913938467949163	0.08	0.186	0.813219693535225	0.918984056358917	0.856813819577735
LC_k1_0.08_k2_0.186	130	0.889601114312636	0.882358082180557	0.890693577680974	0.908642750822762	0.08	0.186	0.813219693535225	0.918984056358917	0.856813819577735
LC_k1_0.08_k2_0.186	140	0.886400909667403	0.879420961710875	0.892007609717697	0.915763923815355	0.08	0.186	0.813219693535225	0.918984056358917	0.856813819577735
LC_k1_0.08_k2_0.186	150	0.882213431708076	0.876865638472821	0.891614738432819	0.90910884928219	0.08	0.186	0.813219693535225	0.918984056358917	0.856813819577735
LC_k1_0.08_k2_0.186	160	0.871331887964374	0.862920426579163	0.886185983827493	0.900442400093754	0.08	0.186	0.813219693535225	0.918984056358917	0.856813819577735
LC_k1_0.08_k2_0.186	170	0.873901600503173	0.862326194881565	0.894023607574453	0.883781852822101	0.08	0.186	0.813219693535225	0.918984056358917	0.856813819577735
LC_k1_0.08_k2_0.186	180	0.8776505447699	0.86394230274597	0.901260326964824	0.871987818554071	0.08	0.186	0.813219693535225	0.918984056358917	0.856813819577735
LC_k1_0.08_k2_0.186	190	0.875939412230402	0.861096021029887	0.900804366938288	0.868111815314902	0.08	0.186	0.813219693535225	0.918984056358917	0.856813819577735
LC_k1_0.08_k2_0.186	200	0.872372309307733	0.858730968274207	0.903145578639466	0.86987174679367	0.08	0.186	0.813219693535225	0.918984056358917	0.856813819577735
LC_k1_0.08_k2_0.186	210	0.863536912077695	0.846121551185158	0.897726219901326	0.873856550035148	0.08	0.186	0.813219693535225	0.918984056358917	0.856813819577735
LC_k1_0.08_k2_0.186	220	0.850650558144515	0.831705764018415	0.883584747243087	0.882040763426743	0.08	0.186	0.813219693535225	0.918984056358917	0.856813819577735
LC_k1_0.08_k2_0.186	230	0.851828217349387	0.832620161308219	0.882727790531094	0.887261779420504	0.08	0.186	0.813219693535225	0.918984056358917	0.856813819577735
LC_k1_0.08_k2_0.186	240	0.841342731644646	0.819779857289189	0.875106338651712	0.898401013906491	0.08	0.186	0.813219693535225	0.918984056358917	0.856813819577735
LC_k1_0.08_k2_0.186	240	0.841342731644646	0.819779857289189	0.875106338651712	0.898401013906491	0.08	0.186	0.813219693535225	0.918984056358917	0.856813819577735
LC_k1_0.08_k2_0.186	250	0.818709163346614	0.796449863197811	0.856894734315749	0.898401013906491	0.08	0.186	0.813219693535225	0.918984056358917	0.856813819577735
LC_k1_0.08_k2_0.186	260	0.806807793014689	0.781988126815713	0.847945406566096	0.898401013906491	0.08	0.186	0.813219693535225	0.918984056358917	0.856813819577735
LC_k1_0.08_k2_0.186	270	0.796339227332794	0.766964643624131	0.831552635228954	0.898401013906491	0.08	0.186	0.813219693535225	0.918984056358917	0.856813819577735
LC_k1_0.08_k2_0.186	280	0.787298489594437	0.760803800340019	0.819727110221887	0.898401013906491	0.08	0.186	0.813219693535225	0.918984056358917	0.856813819577735
LC_k1_0.08_k2_0.186	290	0.781400000246015	0.755145721114401	0.815170544075517	0.898401013906491	0.08	0.186	0.813219693535225	0.918984056358917	0.856813819577735
LC_k1_0.08_k2_0.186	300	0.779914443493817	0.752064800720008	0.813417926865854	0.898401013906491	0.08	0.186	0.813219693535225	0.918984056358917	0.856813819577735
LC_k1_0.08_k2_0.199	10	0.490909090909091	0.381818181818182	-0.248484848484848	0.636363636363636	0.08	0.199	0.808051500589355	0.913422321097516	0.852719129878439
LC_k1_0.08_k2_0.199	20	0.845112781954887	0.793984962406015	0.371428571428571	0.736842105263158	0.08	0.199	0.808051500589355	0.913422321097516	0.852719129878439
LC_k1_0.08_k2_0.199	30	0.886095661846496	0.85761957730812	0.538153503893215	0.795773081201335	0.08	0.199	0.808051500589355	0.913422321097516	0.852719129878439
LC_k1_0.08_k2_0.199	40	0.872232645403377	0.844090056285179	0.686866791744841	0.852532833020638	0.08	0.199	0.808051500589355	0.913422321097516	0.852719129878439
LC_k1_0.08_k2_0.199	50	0.87515006002401	0.843457382953181	0.761920768307323	0.805042016806723	0.08	0.199	0.808051500589355	0.913422321097516	0.852719129878439
LC_k1_0.08_k2_0.199	60	0.87479855515421	0.839233120311198	0.79194220616838	0.812058905251459	0.08	0.199	0.808051500589355	0.913422321097516	0.852719129878439
LC_k1_0.08_k2_0.199	70	0.877351062899134	0.85271629778672	0.807190971918467	0.858735018808503	0.08	0.199	0.808051500589355	0.913422321097516	0.852719129878439
LC_k1_0.08_k2_0.199	80	0.878691983122363	0.861908110642288	0.842991092358181	0.86685419596812	0.08	0.199	0.808051500589355	0.913422321097516	0.852719129878439
LC_k1_0.08_k2_0.199	90	0.873729266987694	0.859274807589414	0.847865991686217	0.892068979709429	0.08	0.199	0.808051500589355	0.913422321097516	0.852719129878439
LC_k1_0.08_k2_0.199	100	0.861146114611461	0.853885388538854	0.841296129612961	0.906234623462346	0.08	0.199	0.808051500589355	0.913422321097516	0.852719129878439
LC_k1_0.08_k2_0.199	110	0.868728444875234	0.865058720104592	0.859973401257805	0.916272569483579	0.08	0.199	0.808051500589355	0.913422321097516	0.852719129878439
LC_k1_0.08_k2_0.199	120	0.871004930897979	0.865747621362594	0.869879852767553	0.919376345579554	0.08	0.199	0.808051500589355	0.913422321097516	0.852719129878439
LC_k1_0.08_k2_0.199	130	0.891452839721968	0.885903125810813	0.893539444755493	0.920577913121851	0.08	0.199	0.808051500589355	0.913422321097516	0.852719129878439
LC_k1_0.08_k2_0.199	140	0.881817585445322	0.874317202772737	0.887944720211673	0.916909754870875	0.08	0.199	0.808051500589355	0.913422321097516	0.852719129878439
LC_k1_0.08_k2_0.199	150	0.882256100271123	0.873580159118183	0.889609315969599	0.91353926841193	0.08	0.199	0.808051500589355	0.913422321097516	0.852719129878439
LC_k1_0.08_k2_0.199	160	0.878005976795969	0.868454822454002	0.892151060588304	0.900987343255596	0.08	0.199	0.808051500589355	0.913422321097516	0.852719129878439
LC_k1_0.08_k2_0.199	170	0.875950928487247	0.865848401023443	0.894407093263964	0.891175554619232	0.08	0.199	0.808051500589355	0.913422321097516	0.852719129878439
LC_k1_0.08_k2_0.199	180	0.866228381534409	0.855658096443306	0.888533596715948	0.882885274236859	0.08	0.199	0.808051500589355	0.913422321097516	0.852719129878439
LC_k1_0.08_k2_0.199	190	0.858422670988116	0.84574525318532	0.881277364440771	0.876438041001282	0.08	0.199	0.808051500589355	0.913422321097516	0.852719129878439
LC_k1_0.08_k2_0.199	200	0.853402835070877	0.838208955223881	0.875057376434411	0.881960549013725	0.08	0.199	0.808051500589355	0.913422321097516	0.852719129878439
LC_k1_0.08_k2_0.199	210	0.846411807200034	0.830020117074245	0.871688700424046	0.87872740878478	0.08	0.199	0.808051500589355	0.913422321097516	0.852719129878439
LC_k1_0.08_k2_0.199	220	0.838939948045508	0.819055239683765	0.863420544000721	0.884761330530871	0.08	0.199	0.808051500589355	0.913422321097516	0.852719129878439
LC_k1_0.08_k2_0.199	230	0.832640873461075	0.813920046158512	0.862156677573423	0.890171343750231	0.08	0.199	0.808051500589355	0.913422321097516	0.852719129878439
LC_k1_0.08_k2_0.199	240	0.82511154707547	0.805772669664404	0.855875101998299	0.901025191409573	0.08	0.199	0.808051500589355	0.913422321097516	0.852719129878439
LC_k1_0.08_k2_0.199	240	0.82511154707547	0.805772669664404	0.855875101998299	0.901025191409573	0.08	0.199	0.808051500589355	0.913422321097516	0.852719129878439
LC_k1_0.08_k2_0.199	250	0.807141362261796	0.786899630394086	0.832963471415543	0.901025191409573	0.08	0.199	0.808051500589355	0.913422321097516	0.852719129878439
LC_k1_0.08_k2_0.199	260	0.791786405579509	0.769367321091459	0.821846249432456	0.901025191409573	0.08	0.199	0.808051500589355	0.913422321097516	0.852719129878439
LC_k1_0.08_k2_0.199	270	0.786154054849099	0.763362094587489	0.819173254929575	0.901025191409573	0.08	0.199	0.808051500589355	0.913422321097516	0.852719129878439
LC_k1_0.08_k2_0.199	280	0.793332458686609	0.765632396914684	0.824337591769574	0.901025191409573	0.08	0.199	0.808051500589355	0.913422321097516	0.852719129878439
LC_k1_0.08_k2_0.199	290	0.788451295701987	0.759672405797601	0.820516460280187	0.901025191409573	0.08	0.199	0.808051500589355	0.913422321097516	0.852719129878439
LC_k1_0.08_k2_0.199	300	0.778957988422094	0.749544772719697	0.811650351670574	0.901025191409573	0.08	0.199	0.808051500589355	0.913422321097516	0.852719129878439
LC_k1_0.08_k2_0.212	10	0.442424242424242	0.260606060606061	-0.284848484848485	0.6	0.08	0.212	0.802792637591803	0.908972932888395	0.847344849648113
LC_k1_0.08_k2_0.212	20	0.777443609022556	0.706766917293233	0.365413533834587	0.685714285714286	0.08	0.212	0.802792637591803	0.908972932888395	0.847344849648113
LC_k1_0.08_k2_0.212	30	0.859399332591769	0.820244716351502	0.624026696329255	0.763737486095662	0.08	0.212	0.802792637591803	0.908972932888395	0.847344849648113
LC_k1_0.08_k2_0.212	40	0.842213883677299	0.806754221388368	0.669793621013133	0.768105065666042	0.08	0.212	0.802792637591803	0.908972932888395	0.847344849648113
LC_k1_0.08_k2_0.212	50	0.85594237695078	0.815798319327731	0.749915966386555	0.795246098439376	0.08	0.212	0.802792637591803	0.908972932888395	0.847344849648113
LC_k1_0.08_k2_0.212	60	0.862128368991387	0.828396776882468	0.783550986385107	0.819449847179772	0.08	0.212	0.802792637591803	0.908972932888395	0.847344849648113
LC_k1_0.08_k2_0.212	70	0.848097279328143	0.825282127547896	0.802117050126848	0.854081007785845	0.08	0.212	0.802792637591803	0.908972932888395	0.847344849648113
LC_k1_0.08_k2_0.212	80	0.854336615096109	0.834224097515237	0.819198312236287	0.863642756680731	0.08	0.212	0.802792637591803	0.908972932888395	0.847344849648113
LC_k1_0.08_k2_0.212	90	0.856393793472445	0.843914886611516	0.828094003374902	0.879655924599745	0.08	0.212	0.802792637591803	0.908972932888395	0.847344849648113
LC_k1_0.08_k2_0.212	100	0.878115811581158	0.868022802280228	0.858793879387939	0.898133813381338	0.08	0.212	0.802792637591803	0.908972932888395	0.847344849648113
LC_k1_0.08_k2_0.212	110	0.879809751369384	0.873389987151455	0.871559633027523	0.907129815386696	0.08	0.212	0.802792637591803	0.908972932888395	0.847344849648113
LC_k1_0.08_k2_0.212	120	0.882561288978401	0.875157997083131	0.880533370372942	0.914105146190708	0.08	0.212	0.802792637591803	0.908972932888395	0.847344849648113
LC_k1_0.08_k2_0.212	130	0.887487197694902	0.880380723483866	0.888464952409564	0.90944571139849	0.08	0.212	0.802792637591803	0.908972932888395	0.847344849648113
LC_k1_0.08_k2_0.212	140	0.887345564278061	0.879652751962564	0.893079092956638	0.915803284424132	0.08	0.212	0.802792637591803	0.908972932888395	0.847344849648113
LC_k1_0.08_k2_0.212	150	0.88121783190364	0.875788257255878	0.891109827103427	0.908835059335971	0.08	0.212	0.802792637591803	0.908972932888395	0.847344849648113
LC_k1_0.08_k2_0.212	160	0.876470760576585	0.86802414156803	0.89106117426462	0.901555724833001	0.08	0.212	0.802792637591803	0.908972932888395	0.847344849648113
LC_k1_0.08_k2_0.212	170	0.875914289727102	0.865780008671173	0.895933708269979	0.884162895927602	0.08	0.212	0.802792637591803	0.908972932888395	0.847344849648113
LC_k1_0.08_k2_0.212	180	0.87930491681842	0.866716050906921	0.900414621850469	0.872539275903577	0.08	0.212	0.802792637591803	0.908972932888395	0.847344849648113
LC_k1_0.08_k2_0.212	190	0.877311078743981	0.86297506418752	0.902251265161158	0.86925078840207	0.08	0.212	0.802792637591803	0.908972932888395	0.847344849648113
LC_k1_0.08_k2_0.212	200	0.873198829970749	0.859446486162154	0.899950498762469	0.870338258456462	0.08	0.212	0.802792637591803	0.908972932888395	0.847344849648113
LC_k1_0.08_k2_0.212	210	0.86462796370504	0.848377514229348	0.897042045009119	0.879090228803374	0.08	0.212	0.802792637591803	0.908972932888395	0.847344849648113
LC_k1_0.08_k2_0.212	220	0.858522621616901	0.842629731267926	0.892220913655241	0.882249257591723	0.08	0.212	0.802792637591803	0.908972932888395	0.847344849648113
LC_k1_0.08_k2_0.212	230	0.845750679925732	0.827488478864974	0.878232267068417	0.887542872923545	0.08	0.212	0.802792637591803	0.908972932888395	0.847344849648113
LC_k1_0.08_k2_0.212	240	0.838602232677651	0.819759891664786	0.874433583916387	0.898644073681835	0.08	0.212	0.802792637591803	0.908972932888395	0.847344849648113
LC_k1_0.08_k2_0.212	240	0.838602232677651	0.819759891664786	0.874433583916387	0.898644073681835	0.08	0.212	0.802792637591803	0.908972932888395	0.847344849648113
LC_k1_0.08_k2_0.212	250	0.818996399942399	0.79718715499448	0.858630442087073	0.898644073681835	0.08	0.212	0.802792637591803	0.908972932888395	0.847344849648113
LC_k1_0.08_k2_0.212	260	0.800613117854497	0.778896592689696	0.845726438829887	0.898644073681835	0.08	0.212	0.802792637591803	0.908972932888395	0.847344849648113
LC_k1_0.08_k2_0.212	270	0.797853041727443	0.772426690809659	0.832998166412891	0.898644073681835	0.08	0.212	0.802792637591803	0.908972932888395	0.847344849648113
LC_k1_0.08_k2_0.212	280	0.781603446108095	0.754705872706102	0.815936063324423	0.898644073681835	0.08	0.212	0.802792637591803	0.908972932888395	0.847344849648113
LC_k1_0.08_k2_0.212	290	0.778462575511374	0.749983332451778	0.812200645298583	0.898644073681835	0.08	0.212	0.802792637591803	0.908972932888395	0.847344849648113
LC_k1_0.08_k2_0.212	300	0.776042844920499	0.748132312581251	0.812078356426183	0.898644073681835	0.08	0.212	0.802792637591803	0.908972932888395	0.847344849648113
LC_k1_0.08_k2_0.226	10	0.381818181818182	0.187878787878788	-0.272727272727273	0.503030303030303	0.08	0.226	0.79653640402575	0.901371894697812	0.840690978886756
LC_k1_0.08_k2_0.226	20	0.762406015037594	0.693233082706767	0.366917293233083	0.664661654135338	0.08	0.226	0.79653640402575	0.901371894697812	0.840690978886756
LC_k1_0.08_k2_0.226	30	0.856284760845384	0.801557285873192	0.548387096774194	0.753058954393771	0.08	0.226	0.79653640402575	0.901371894697812	0.840690978886756
LC_k1_0.08_k2_0.226	40	0.837335834896811	0.795872420262664	0.673358348968105	0.799437148217636	0.08	0.226	0.79653640402575	0.901371894697812	0.840690978886756
LC_k1_0.08_k2_0.226	50	0.861224489795918	0.819255702280912	0.762689075630252	0.789195678271309	0.08	0.226	0.79653640402575	0.901371894697812	0.840690978886756
LC_k1_0.08_k2_0.226	60	0.86424006668519	0.830286190608503	0.789330369547097	0.816671297582662	0.08	0.226	0.79653640402575	0.901371894697812	0.840690978886756
LC_k1_0.08_k2_0.226	70	0.85254133496632	0.829726183186073	0.809220540635115	0.85264631265856	0.08	0.226	0.79653640402575	0.901371894697812	0.840690978886756
LC_k1_0.08_k2_0.226	80	0.859095171120488	0.839263947491796	0.825668073136428	0.861345522737928	0.08	0.226	0.79653640402575	0.901371894697812	0.840690978886756
LC_k1_0.08_k2_0.226	90	0.860970490183973	0.848540972136478	0.836852286290488	0.877976704942997	0.08	0.226	0.79653640402575	0.901371894697812	0.840690978886756
LC_k1_0.08_k2_0.226	100	0.881536153615362	0.871779177917792	0.863018301830183	0.896705670567057	0.08	0.226	0.79653640402575	0.901371894697812	0.840690978886756
LC_k1_0.08_k2_0.226	110	0.88018844532606	0.874823614273156	0.873435069765345	0.906083898744449	0.08	0.226	0.79653640402575	0.901371894697812	0.840690978886756
LC_k1_0.08_k2_0.226	120	0.885276755330231	0.878116535870546	0.883630807694979	0.913042572400861	0.08	0.226	0.79653640402575	0.901371894697812	0.840690978886756
LC_k1_0.08_k2_0.226	130	0.889912466372612	0.88301356020156	0.891212497780934	0.90828223791121	0.08	0.226	0.79653640402575	0.901371894697812	0.840690978886756
LC_k1_0.08_k2_0.226	140	0.887896612800945	0.880409350331285	0.894006253963395	0.915243489099298	0.08	0.226	0.79653640402575	0.901371894697812	0.840690978886756
LC_k1_0.08_k2_0.226	150	0.891959642650784	0.885559358193698	0.900948486599404	0.909243966398507	0.08	0.226	0.79653640402575	0.901371894697812	0.840690978886756
LC_k1_0.08_k2_0.226	160	0.879532403609516	0.868911871557483	0.89520977381929	0.899170866049455	0.08	0.226	0.79653640402575	0.901371894697812	0.840690978886756
LC_k1_0.08_k2_0.226	170	0.879793113134385	0.868996891811848	0.898686500448825	0.88580186979806	0.08	0.226	0.79653640402575	0.901371894697812	0.840690978886756
LC_k1_0.08_k2_0.226	180	0.88052306141136	0.868135847814233	0.901760342397399	0.873666882722718	0.08	0.226	0.79653640402575	0.901371894697812	0.840690978886756
LC_k1_0.08_k2_0.226	190	0.87888919506445	0.864679149881685	0.903873120847494	0.868764406653633	0.08	0.226	0.79653640402575	0.901371894697812	0.840690978886756
LC_k1_0.08_k2_0.226	200	0.869649741243531	0.857361434035851	0.897794944873622	0.869882247056177	0.08	0.226	0.79653640402575	0.901371894697812	0.840690978886756
LC_k1_0.08_k2_0.226	210	0.864498385126971	0.847812551628965	0.895297917348304	0.878667802638868	0.08	0.226	0.79653640402575	0.901371894697812	0.840690978886756
LC_k1_0.08_k2_0.226	220	0.856279900598998	0.837550362610798	0.885902976958577	0.881726331686042	0.08	0.226	0.79653640402575	0.901371894697812	0.840690978886756
LC_k1_0.08_k2_0.226	230	0.847253790447259	0.827211330533905	0.878395991705276	0.887053671598954	0.08	0.226	0.79653640402575	0.901371894697812	0.840690978886756
LC_k1_0.08_k2_0.226	240	0.837843538950329	0.819423948332436	0.870811993263772	0.89818746853244	0.08	0.226	0.79653640402575	0.901371894697812	0.840690978886756
LC_k1_0.08_k2_0.226	240	0.837843538950329	0.819423948332436	0.870811993263772	0.89818746853244	0.08	0.226	0.79653640402575	0.901371894697812	0.840690978886756
LC_k1_0.08_k2_0.226	250	0.818898862381798	0.796044352709643	0.858289444631114	0.89818746853244	0.08	0.226	0.79653640402575	0.901371894697812	0.840690978886756
LC_k1_0.08_k2_0.226	260	0.810690645173404	0.783267617750376	0.850868981903465	0.89818746853244	0.08	0.226	0.79653640402575	0.901371894697812	0.840690978886756
LC_k1_0.08_k2_0.226	270	0.792659859684099	0.766595182680451	0.829348062997358	0.89818746853244	0.08	0.226	0.79653640402575	0.901371894697812	0.840690978886756
LC_k1_0.08_k2_0.226	280	0.78480355981217	0.757045006040529	0.821138024719703	0.89818746853244	0.08	0.226	0.79653640402575	0.901371894697812	0.840690978886756
LC_k1_0.08_k2_0.226	290	0.784492414727962	0.75494497248932	0.818638378167603	0.89818746853244	0.08	0.226	0.79653640402575	0.901371894697812	0.840690978886756
LC_k1_0.08_k2_0.226	300	0.788047867198524	0.759950666118512	0.822810031222569	0.89818746853244	0.08	0.226	0.79653640402575	0.901371894697812	0.840690978886756
LC_k1_0.08_k2_0.239	10	0.309090909090909	0.381818181818182	0.00606060606060606	0.612121212121212	0.08	0.239	0.789736150149606	0.894327030033371	0.8340371081254
LC_k1_0.08_k2_0.239	20	0.801503759398496	0.766917293233083	0.451127819548872	0.706766917293233	0.08	0.239	0.789736150149606	0.894327030033371	0.8340371081254
LC_k1_0.08_k2_0.239	30	0.887875417130145	0.846051167964405	0.648943270300334	0.762402669632925	0.08	0.239	0.789736150149606	0.894327030033371	0.8340371081254
LC_k1_0.08_k2_0.239	40	0.915759849906192	0.881801125703565	0.737898686679175	0.831894934333959	0.08	0.239	0.789736150149606	0.894327030033371	0.8340371081254
LC_k1_0.08_k2_0.239	50	0.886770708283313	0.845186074429772	0.793133253301321	0.785162064825931	0.08	0.239	0.789736150149606	0.894327030033371	0.8340371081254
LC_k1_0.08_k2_0.239	60	0.897527090858572	0.857460405668241	0.8231731036399	0.808946929702695	0.08	0.239	0.789736150149606	0.894327030033371	0.8340371081254
LC_k1_0.08_k2_0.239	70	0.880045490333304	0.858315108039542	0.83151080395416	0.859714810602747	0.08	0.239	0.789736150149606	0.894327030033371	0.8340371081254
LC_k1_0.08_k2_0.239	80	0.880121894045945	0.859985935302391	0.843506797937178	0.874097515236756	0.08	0.239	0.789736150149606	0.894327030033371	0.8340371081254
LC_k1_0.08_k2_0.239	90	0.880758941433099	0.86814833106968	0.851306745688768	0.880363830925629	0.08	0.239	0.789736150149606	0.894327030033371	0.8340371081254
LC_k1_0.08_k2_0.239	100	0.893345334533453	0.886288628862886	0.875535553555356	0.888640864086409	0.08	0.239	0.789736150149606	0.894327030033371	0.8340371081254
LC_k1_0.08_k2_0.239	110	0.897428036877578	0.892153371052454	0.888303315826252	0.909392962603972	0.08	0.239	0.789736150149606	0.894327030033371	0.8340371081254
LC_k1_0.08_k2_0.239	120	0.902139037433155	0.894798249878464	0.898284603097437	0.915883047433849	0.08	0.239	0.789736150149606	0.894327030033371	0.8340371081254
LC_k1_0.08_k2_0.239	130	0.904327520517828	0.897417689713092	0.903573720793675	0.909986480765817	0.08	0.239	0.789736150149606	0.894327030033371	0.8340371081254
LC_k1_0.08_k2_0.239	140	0.899092519297632	0.89230062758304	0.904323106864053	0.918611007850255	0.08	0.239	0.789736150149606	0.894327030033371	0.8340371081254
LC_k1_0.08_k2_0.239	150	0.90133250366683	0.895120672029868	0.909023512156096	0.908721276501178	0.08	0.239	0.789736150149606	0.894327030033371	0.8340371081254
LC_k1_0.08_k2_0.239	160	0.890188093284894	0.881058830423063	0.901907301066448	0.90426286183054	0.08	0.239	0.789736150149606	0.894327030033371	0.8340371081254
LC_k1_0.08_k2_0.239	170	0.886717838801669	0.87593138781517	0.904468096799604	0.888036834166865	0.08	0.239	0.789736150149606	0.894327030033371	0.8340371081254
LC_k1_0.08_k2_0.239	180	0.888854594277601	0.876440630883669	0.909159747728839	0.877749313250409	0.08	0.239	0.789736150149606	0.894327030033371	0.8340371081254
LC_k1_0.08_k2_0.239	190	0.88251431370748	0.869490480127019	0.903740153175259	0.873593232645313	0.08	0.239	0.789736150149606	0.894327030033371	0.8340371081254
LC_k1_0.08_k2_0.239	200	0.880727518187955	0.866736668416711	0.906181654541364	0.876192904822621	0.08	0.239	0.789736150149606	0.894327030033371	0.8340371081254
LC_k1_0.08_k2_0.239	210	0.870573028866868	0.856614824437224	0.89904014668295	0.877230776208077	0.08	0.239	0.789736150149606	0.894327030033371	0.8340371081254
LC_k1_0.08_k2_0.239	220	0.861939671931614	0.844449828978435	0.88989366797586	0.885154651955619	0.08	0.239	0.789736150149606	0.894327030033371	0.8340371081254
LC_k1_0.08_k2_0.239	230	0.855043532506984	0.836674811802968	0.88333830589384	0.890110193584657	0.08	0.239	0.789736150149606	0.894327030033371	0.8340371081254
LC_k1_0.08_k2_0.239	240	0.839323599368045	0.821456101668432	0.869327592492925	0.900921022934426	0.08	0.239	0.789736150149606	0.894327030033371	0.8340371081254
LC_k1_0.08_k2_0.239	240	0.839323599368045	0.821456101668432	0.869327592492925	0.900921022934426	0.08	0.239	0.789736150149606	0.894327030033371	0.8340371081254
LC_k1_0.08_k2_0.239	250	0.821218259492152	0.800654730475688	0.856551432822925	0.900921022934426	0.08	0.239	0.789736150149606	0.894327030033371	0.8340371081254
LC_k1_0.08_k2_0.239	260	0.811989253368564	0.787091069849691	0.852943887426646	0.900921022934426	0.08	0.239	0.789736150149606	0.894327030033371	0.8340371081254
LC_k1_0.08_k2_0.239	270	0.796325204887737	0.770113597046751	0.829498042192318	0.900921022934426	0.08	0.239	0.789736150149606	0.894327030033371	0.8340371081254
LC_k1_0.08_k2_0.239	280	0.798343637765059	0.771820522492087	0.830168205498248	0.900921022934426	0.08	0.239	0.789736150149606	0.894327030033371	0.8340371081254
LC_k1_0.08_k2_0.239	290	0.791772504572813	0.760448830626958	0.823497183737885	0.900921022934426	0.08	0.239	0.789736150149606	0.894327030033371	0.8340371081254
LC_k1_0.08_k2_0.239	300	0.78933188146535	0.761357348414982	0.822432693696597	0.900921022934426	0.08	0.239	0.789736150149606	0.894327030033371	0.8340371081254
LC_k1_0.08_k2_0.252	10	0.454545454545455	0.442424242424242	-0.00606060606060606	0.709090909090909	0.08	0.252	0.784386617100372	0.890063032999629	0.826231605886117
LC_k1_0.08_k2_0.252	20	0.840601503759399	0.807518796992481	0.428571428571429	0.724812030075188	0.08	0.252	0.784386617100372	0.890063032999629	0.826231605886117
LC_k1_0.08_k2_0.252	30	0.888765294771969	0.856729699666296	0.561290322580645	0.806006674082314	0.08	0.252	0.784386617100372	0.890063032999629	0.826231605886117
LC_k1_0.08_k2_0.252	40	0.860225140712946	0.830769230769231	0.708818011257036	0.823076923076923	0.08	0.252	0.784386617100372	0.890063032999629	0.826231605886117
LC_k1_0.08_k2_0.252	50	0.879279711884754	0.84797118847539	0.795534213685474	0.788715486194478	0.08	0.252	0.784386617100372	0.890063032999629	0.826231605886117
LC_k1_0.08_k2_0.252	60	0.875632120033343	0.842678521811614	0.806779661016949	0.802167268685746	0.08	0.252	0.784386617100372	0.890063032999629	0.826231605886117
LC_k1_0.08_k2_0.252	70	0.861149505730032	0.840643863179075	0.814189484734494	0.854955821887849	0.08	0.252	0.784386617100372	0.890063032999629	0.826231605886117
LC_k1_0.08_k2_0.252	80	0.873230192217534	0.856563525550867	0.842709798406001	0.866549460853258	0.08	0.252	0.784386617100372	0.890063032999629	0.826231605886117
LC_k1_0.08_k2_0.252	90	0.867242869490061	0.85224513314401	0.841643001193563	0.888019097007861	0.08	0.252	0.784386617100372	0.890063032999629	0.826231605886117
LC_k1_0.08_k2_0.252	100	0.872127212721272	0.864518451845185	0.854173417341734	0.897305730573057	0.08	0.252	0.784386617100372	0.890063032999629	0.826231605886117
LC_k1_0.08_k2_0.252	110	0.877222009332101	0.872903094921444	0.869972725018597	0.915920925095237	0.08	0.252	0.784386617100372	0.890063032999629	0.826231605886117
LC_k1_0.08_k2_0.252	120	0.883109938190152	0.878060976456698	0.882040419473574	0.918904090561844	0.08	0.252	0.784386617100372	0.890063032999629	0.826231605886117
LC_k1_0.08_k2_0.252	130	0.89747777519835	0.89187890043562	0.899771948271859	0.92206366330279	0.08	0.252	0.784386617100372	0.890063032999629	0.826231605886117
LC_k1_0.08_k2_0.252	140	0.893612647875621	0.886400909667403	0.899337429752247	0.917692593645448	0.08	0.252	0.784386617100372	0.890063032999629	0.826231605886117
LC_k1_0.08_k2_0.252	150	0.892396995422019	0.8824303302369	0.899419529756878	0.909627983465932	0.08	0.252	0.784386617100372	0.890063032999629	0.826231605886117
LC_k1_0.08_k2_0.252	160	0.890384390015235	0.879169108168288	0.904344896285011	0.900322278213993	0.08	0.252	0.784386617100372	0.890063032999629	0.826231605886117
LC_k1_0.08_k2_0.252	170	0.879607476749654	0.86885522193929	0.896888758617742	0.893891708037934	0.08	0.252	0.784386617100372	0.890063032999629	0.826231605886117
LC_k1_0.08_k2_0.252	180	0.869294319783533	0.860791999753079	0.890778521970843	0.882364682037512	0.08	0.252	0.784386617100372	0.890063032999629	0.826231605886117
LC_k1_0.08_k2_0.252	190	0.861169503164543	0.848980216684819	0.883613046578051	0.880108648584813	0.08	0.252	0.784386617100372	0.890063032999629	0.826231605886117
LC_k1_0.08_k2_0.252	200	0.858148953723843	0.84391959798995	0.879312982824571	0.881377034425861	0.08	0.252	0.784386617100372	0.890063032999629	0.826231605886117
LC_k1_0.08_k2_0.252	210	0.853471248133259	0.836298199181711	0.876851110974334	0.881846365158912	0.08	0.252	0.784386617100372	0.890063032999629	0.826231605886117
LC_k1_0.08_k2_0.252	220	0.839509080766132	0.82321047204206	0.865342071305004	0.888013839504573	0.08	0.252	0.784386617100372	0.890063032999629	0.826231605886117
LC_k1_0.08_k2_0.252	230	0.837299135267618	0.820781686511704	0.864738792629433	0.892745568462295	0.08	0.252	0.784386617100372	0.890063032999629	0.826231605886117
LC_k1_0.08_k2_0.252	240	0.830080383339988	0.81083178527405	0.856391604020903	0.903305612944669	0.08	0.252	0.784386617100372	0.890063032999629	0.826231605886117
LC_k1_0.08_k2_0.252	240	0.830080383339988	0.81083178527405	0.856391604020903	0.903305612944669	0.08	0.252	0.784386617100372	0.890063032999629	0.826231605886117
LC_k1_0.08_k2_0.252	250	0.818345125522008	0.797996639946239	0.842124321989152	0.903305612944669	0.08	0.252	0.784386617100372	0.890063032999629	0.826231605886117
LC_k1_0.08_k2_0.252	260	0.797925777236122	0.778623488968317	0.828274428274428	0.903305612944669	0.08	0.252	0.784386617100372	0.890063032999629	0.826231605886117
LC_k1_0.08_k2_0.252	270	0.798142026029926	0.771078707069599	0.83021562557633	0.903305612944669	0.08	0.252	0.784386617100372	0.890063032999629	0.826231605886117
LC_k1_0.08_k2_0.252	280	0.796986842033335	0.765604517550333	0.830432786132476	0.903305612944669	0.08	0.252	0.784386617100372	0.890063032999629	0.826231605886117
LC_k1_0.08_k2_0.252	290	0.795071080020222	0.767446494710052	0.827491490939865	0.903305612944669	0.08	0.252	0.784386617100372	0.890063032999629	0.826231605886117
LC_k1_0.08_k2_0.252	300	0.78832787030967	0.756878187535417	0.819898443316037	0.903305612944669	0.08	0.252	0.784386617100372	0.890063032999629	0.826231605886117
LC_k1_0.08_k2_0.266	10	0.43030303030303	0.406060606060606	-0.0303030303030303	0.696969696969697	0.08	0.266	0.776679662707408	0.883018168335187	0.817658349328215
LC_k1_0.08_k2_0.266	20	0.825563909774436	0.774436090225564	0.443609022556391	0.756390977443609	0.08	0.266	0.776679662707408	0.883018168335187	0.817658349328215
LC_k1_0.08_k2_0.266	30	0.868743047830923	0.840266963292547	0.592880978865406	0.799332591768632	0.08	0.266	0.776679662707408	0.883018168335187	0.817658349328215
LC_k1_0.08_k2_0.266	40	0.876547842401501	0.853470919324578	0.70844277673546	0.806941838649156	0.08	0.266	0.776679662707408	0.883018168335187	0.817658349328215
LC_k1_0.08_k2_0.266	50	0.857286914765906	0.824825930372149	0.766914765906363	0.780552220888355	0.08	0.266	0.776679662707408	0.883018168335187	0.817658349328215
LC_k1_0.08_k2_0.266	60	0.867129758266185	0.834120589052515	0.810502917477077	0.824062239510975	0.08	0.266	0.776679662707408	0.883018168335187	0.817658349328215
LC_k1_0.08_k2_0.266	70	0.872067185723034	0.848307234712624	0.82094304960196	0.867413174700376	0.08	0.266	0.776679662707408	0.883018168335187	0.817658349328215
LC_k1_0.08_k2_0.266	80	0.872433192686357	0.854219409282701	0.84901547116737	0.876933895921238	0.08	0.266	0.776679662707408	0.883018168335187	0.817658349328215
LC_k1_0.08_k2_0.266	90	0.865777668024859	0.851240893937523	0.850055562415113	0.889253817343705	0.08	0.266	0.776679662707408	0.883018168335187	0.817658349328215
LC_k1_0.08_k2_0.266	100	0.863762376237624	0.852793279327933	0.853153315331533	0.913135313531353	0.08	0.266	0.776679662707408	0.883018168335187	0.817658349328215
LC_k1_0.08_k2_0.266	110	0.858458625431102	0.854157744066001	0.855807767734373	0.921862813605933	0.08	0.266	0.776679662707408	0.883018168335187	0.817658349328215
LC_k1_0.08_k2_0.266	120	0.867289395096882	0.863566914369053	0.870497951246614	0.924661434821862	0.08	0.266	0.776679662707408	0.883018168335187	0.817658349328215
LC_k1_0.08_k2_0.266	130	0.883057258736293	0.877911756271422	0.887011976129675	0.925439375110953	0.08	0.266	0.776679662707408	0.883018168335187	0.817658349328215
LC_k1_0.08_k2_0.266	140	0.885416894447968	0.878463186897291	0.893975640156568	0.921143207014935	0.08	0.266	0.776679662707408	0.883018168335187	0.817658349328215
LC_k1_0.08_k2_0.266	150	0.884681096937642	0.874106404729099	0.895476243388595	0.914296635406018	0.08	0.266	0.776679662707408	0.883018168335187	0.817658349328215
LC_k1_0.08_k2_0.266	160	0.886156685808039	0.875688503457166	0.90097855384976	0.904192546583851	0.08	0.266	0.776679662707408	0.883018168335187	0.817658349328215
LC_k1_0.08_k2_0.266	170	0.874714980978377	0.865100970316498	0.89437045450382	0.898566813832353	0.08	0.266	0.776679662707408	0.883018168335187	0.817658349328215
LC_k1_0.08_k2_0.266	180	0.86209245141311	0.851277302797412	0.88114036441454	0.888169387944072	0.08	0.266	0.776679662707408	0.883018168335187	0.817658349328215
LC_k1_0.08_k2_0.266	190	0.853564102227646	0.840914677619004	0.875787199237186	0.879480551290967	0.08	0.266	0.776679662707408	0.883018168335187	0.817658349328215
LC_k1_0.08_k2_0.266	200	0.85374334358359	0.837913447836196	0.879501987549689	0.880723018075452	0.08	0.266	0.776679662707408	0.883018168335187	0.817658349328215
LC_k1_0.08_k2_0.266	210	0.844037927649801	0.825652023207523	0.868660449054562	0.883298941019071	0.08	0.266	0.776679662707408	0.883018168335187	0.817658349328215
LC_k1_0.08_k2_0.266	220	0.829734648912731	0.81230791770679	0.853941384964753	0.886326727261457	0.08	0.266	0.776679662707408	0.883018168335187	0.817658349328215
LC_k1_0.08_k2_0.266	230	0.818714416398107	0.804180402851373	0.845748707339746	0.892786992768007	0.08	0.266	0.776679662707408	0.883018168335187	0.817658349328215
LC_k1_0.08_k2_0.266	240	0.810607823052483	0.794470390110939	0.833908574801646	0.903478358999288	0.08	0.266	0.776679662707408	0.883018168335187	0.817658349328215
LC_k1_0.08_k2_0.266	240	0.810607823052483	0.794470390110939	0.833908574801646	0.903478358999288	0.08	0.266	0.776679662707408	0.883018168335187	0.817658349328215
LC_k1_0.08_k2_0.266	250	0.807707387318197	0.78930427686843	0.829776220419527	0.903478358999288	0.08	0.266	0.776679662707408	0.883018168335187	0.817658349328215
LC_k1_0.08_k2_0.266	260	0.790095210784866	0.77000297000297	0.817746279815245	0.903478358999288	0.08	0.266	0.776679662707408	0.883018168335187	0.817658349328215
LC_k1_0.08_k2_0.266	270	0.790757074856994	0.763640714474059	0.817953302209602	0.903478358999288	0.08	0.266	0.776679662707408	0.883018168335187	0.817658349328215
LC_k1_0.08_k2_0.266	280	0.796459320727487	0.76713788258961	0.827646489660036	0.903478358999288	0.08	0.266	0.776679662707408	0.883018168335187	0.817658349328215
LC_k1_0.08_k2_0.266	290	0.791942255248433	0.763254883099598	0.822581022120481	0.903478358999288	0.08	0.266	0.776679662707408	0.883018168335187	0.817658349328215
LC_k1_0.08_k2_0.266	300	0.785194502161135	0.754306603406704	0.813601928910321	0.903478358999288	0.08	0.266	0.776679662707408	0.883018168335187	0.817658349328215
LC_k1_0.08_k2_0.279	10	0.43030303030303	0.406060606060606	-0.0303030303030303	0.696969696969697	0.08	0.279	0.768700698159398	0.876714868372266	0.810748560460653
LC_k1_0.08_k2_0.279	20	0.825563909774436	0.774436090225564	0.443609022556391	0.756390977443609	0.08	0.279	0.768700698159398	0.876714868372266	0.810748560460653
LC_k1_0.08_k2_0.279	30	0.868743047830923	0.836262513904338	0.595105672969967	0.795773081201335	0.08	0.279	0.768700698159398	0.876714868372266	0.810748560460653
LC_k1_0.08_k2_0.279	40	0.875797373358349	0.850281425891182	0.70844277673546	0.789493433395873	0.08	0.279	0.768700698159398	0.876714868372266	0.810748560460653
LC_k1_0.08_k2_0.279	50	0.857094837935174	0.822905162064826	0.767779111644658	0.776038415366146	0.08	0.279	0.768700698159398	0.876714868372266	0.810748560460653
LC_k1_0.08_k2_0.279	60	0.866685190330647	0.832453459294249	0.810891914420673	0.820005557099194	0.08	0.279	0.768700698159398	0.876714868372266	0.810748560460653
LC_k1_0.08_k2_0.279	70	0.872452103927915	0.847537398302861	0.822237774472925	0.863563992651562	0.08	0.279	0.768700698159398	0.876714868372266	0.810748560460653
LC_k1_0.08_k2_0.279	80	0.872691045475856	0.853633380215659	0.850046882325363	0.873558368495077	0.08	0.279	0.768700698159398	0.876714868372266	0.810748560460653
LC_k1_0.08_k2_0.279	90	0.866600814915422	0.851389060377825	0.851471375066881	0.886471580853603	0.08	0.279	0.768700698159398	0.876714868372266	0.810748560460653
LC_k1_0.08_k2_0.279	100	0.864494449444945	0.853069306930693	0.854209420942094	0.911287128712871	0.08	0.279	0.768700698159398	0.876714868372266	0.810748560460653
LC_k1_0.08_k2_0.279	110	0.859360277708901	0.854716768478236	0.85671843653495	0.92025787255145	0.08	0.279	0.768700698159398	0.876714868372266	0.810748560460653
LC_k1_0.08_k2_0.279	120	0.867469963191888	0.864004444753108	0.87155358010973	0.923321063962775	0.08	0.279	0.768700698159398	0.876714868372266	0.810748560460653
LC_k1_0.08_k2_0.279	130	0.88265850960685	0.877218042032528	0.887246855753868	0.923931775662647	0.08	0.279	0.768700698159398	0.876714868372266	0.810748560460653
LC_k1_0.08_k2_0.279	140	0.88334390238569	0.877072445387156	0.892086330935252	0.918746583280488	0.08	0.279	0.768700698159398	0.876714868372266	0.810748560460653
LC_k1_0.08_k2_0.279	150	0.884087292768568	0.874369527534557	0.895074447753234	0.91267878572381	0.08	0.279	0.768700698159398	0.876714868372266	0.810748560460653
LC_k1_0.08_k2_0.279	160	0.88703269658971	0.876292042657916	0.901819407008086	0.89766201804758	0.08	0.279	0.768700698159398	0.876714868372266	0.810748560460653
LC_k1_0.08_k2_0.279	170	0.877238170260318	0.86801253045597	0.895948363774037	0.897071952418464	0.08	0.279	0.768700698159398	0.876714868372266	0.810748560460653
LC_k1_0.08_k2_0.279	180	0.866446495262199	0.855287714641398	0.888249637334486	0.888268156424581	0.08	0.279	0.768700698159398	0.876714868372266	0.810748560460653
LC_k1_0.08_k2_0.279	190	0.861463431703167	0.847561311656104	0.882482821364056	0.877884939224151	0.08	0.279	0.768700698159398	0.876714868372266	0.810748560460653
LC_k1_0.08_k2_0.279	200	0.853062326558164	0.837397434935874	0.878742968574214	0.879185479636991	0.08	0.279	0.768700698159398	0.876714868372266	0.810748560460653
LC_k1_0.08_k2_0.279	210	0.848395655230277	0.830836462116083	0.872499862322761	0.882095156028805	0.08	0.279	0.768700698159398	0.876714868372266	0.810748560460653
LC_k1_0.08_k2_0.279	220	0.829994984870086	0.812714763077374	0.854563486473237	0.883739145624722	0.08	0.279	0.768700698159398	0.876714868372266	0.810748560460653
LC_k1_0.08_k2_0.279	230	0.817817876067354	0.800768815388143	0.843686368691115	0.891899329074191	0.08	0.279	0.768700698159398	0.876714868372266	0.810748560460653
LC_k1_0.08_k2_0.279	240	0.806242295873192	0.790156079098595	0.835098699630202	0.902663240681262	0.08	0.279	0.768700698159398	0.876714868372266	0.810748560460653
LC_k1_0.08_k2_0.279	240	0.806242295873192	0.790156079098595	0.835098699630202	0.902663240681262	0.08	0.279	0.768700698159398	0.876714868372266	0.810748560460653
LC_k1_0.08_k2_0.279	250	0.810041376662026	0.791814909038545	0.831490423846782	0.902663240681262	0.08	0.279	0.768700698159398	0.876714868372266	0.810748560460653
LC_k1_0.08_k2_0.279	260	0.79390091114229	0.769983852742473	0.819126136367516	0.902663240681262	0.08	0.279	0.768700698159398	0.876714868372266	0.810748560460653
LC_k1_0.08_k2_0.279	270	0.792559873554126	0.765875770281866	0.820019479005199	0.902663240681262	0.08	0.279	0.768700698159398	0.876714868372266	0.810748560460653
LC_k1_0.08_k2_0.279	280	0.798056097654307	0.768758165647157	0.829358610623678	0.902663240681262	0.08	0.279	0.768700698159398	0.876714868372266	0.810748560460653
LC_k1_0.08_k2_0.279	290	0.790542427213248	0.762701840318738	0.820708844379223	0.902663240681262	0.08	0.279	0.768700698159398	0.876714868372266	0.810748560460653
LC_k1_0.08_k2_0.279	300	0.781536683740931	0.751646129401438	0.811347237191524	0.902663240681262	0.08	0.279	0.768700698159398	0.876714868372266	0.810748560460653
LC_k1_0.08_k2_0.292	10	0.454545454545455	0.466666666666667	-0.0787878787878788	0.709090909090909	0.08	0.292	0.762353794541663	0.870596959584724	0.803071017274472
LC_k1_0.08_k2_0.292	20	0.843609022556391	0.801503759398496	0.433082706766917	0.756390977443609	0.08	0.292	0.762353794541663	0.870596959584724	0.803071017274472
LC_k1_0.08_k2_0.292	30	0.876751946607342	0.847830923248053	0.59377085650723	0.791323692992214	0.08	0.292	0.762353794541663	0.870596959584724	0.803071017274472
LC_k1_0.08_k2_0.292	40	0.884803001876173	0.861163227016886	0.715196998123828	0.79718574108818	0.08	0.292	0.762353794541663	0.870596959584724	0.803071017274472
LC_k1_0.08_k2_0.292	50	0.86593037214886	0.833085234093637	0.776134453781513	0.777671068427371	0.08	0.292	0.762353794541663	0.870596959584724	0.803071017274472
LC_k1_0.08_k2_0.292	60	0.873075854404001	0.839677688246735	0.817338149485969	0.821839399833287	0.08	0.292	0.762353794541663	0.870596959584724	0.803071017274472
LC_k1_0.08_k2_0.292	70	0.877910943924416	0.853626104452804	0.828011547546146	0.86587350188085	0.08	0.292	0.762353794541663	0.870596959584724	0.803071017274472
LC_k1_0.08_k2_0.292	80	0.8772386310361	0.858579465541491	0.854758556024379	0.875574308485701	0.08	0.292	0.762353794541663	0.870596959584724	0.803071017274472
LC_k1_0.08_k2_0.292	90	0.870403753549821	0.855455406017204	0.855422480141581	0.888249578137219	0.08	0.292	0.762353794541663	0.870596959584724	0.803071017274472
LC_k1_0.08_k2_0.292	100	0.868154815481548	0.856957695769577	0.856105610561056	0.912739273927393	0.08	0.292	0.762353794541663	0.870596959584724	0.803071017274472
LC_k1_0.08_k2_0.292	110	0.862606225908978	0.858152063656651	0.860406194351148	0.921673466627595	0.08	0.292	0.762353794541663	0.870596959584724	0.803071017274472
LC_k1_0.08_k2_0.292	120	0.869754844086395	0.866469893742621	0.873373150913258	0.925085075352455	0.08	0.292	0.762353794541663	0.870596959584724	0.803071017274472
LC_k1_0.08_k2_0.292	130	0.884641330620383	0.879162626828169	0.890387687937839	0.925728877903563	0.08	0.292	0.762353794541663	0.870596959584724	0.803071017274472
LC_k1_0.08_k2_0.292	140	0.886960704992237	0.880269401500077	0.896140473639326	0.920513437274496	0.08	0.292	0.762353794541663	0.870596959584724	0.803071017274472
LC_k1_0.08_k2_0.292	150	0.888446597626561	0.87742744121961	0.89892172985466	0.910065336237166	0.08	0.292	0.762353794541663	0.870596959584724	0.803071017274472
LC_k1_0.08_k2_0.292	160	0.890733036446736	0.879506035392007	0.90633423180593	0.899932614555256	0.08	0.292	0.762353794541663	0.870596959584724	0.803071017274472
LC_k1_0.08_k2_0.292	170	0.885938654502598	0.875582098301794	0.90456335757598	0.899470569915914	0.08	0.292	0.762353794541663	0.870596959584724	0.803071017274472
LC_k1_0.08_k2_0.292	180	0.864049301933187	0.853785610666996	0.887070588598414	0.886451227918557	0.08	0.292	0.762353794541663	0.870596959584724	0.803071017274472
LC_k1_0.08_k2_0.292	190	0.8581392398973	0.845675270199933	0.881510057867181	0.883735516802478	0.08	0.292	0.762353794541663	0.870596959584724	0.803071017274472
LC_k1_0.08_k2_0.292	200	0.851097277431936	0.836321908047701	0.876722418060452	0.881317032925823	0.08	0.292	0.762353794541663	0.870596959584724	0.803071017274472
LC_k1_0.08_k2_0.292	210	0.850010204313023	0.833244032096614	0.873177558286064	0.884038834699848	0.08	0.292	0.762353794541663	0.870596959584724	0.803071017274472
LC_k1_0.08_k2_0.292	220	0.826211661022298	0.809519730873478	0.851090086384204	0.88557502127204	0.08	0.292	0.762353794541663	0.870596959584724	0.803071017274472
LC_k1_0.08_k2_0.292	230	0.822694108625379	0.806553423792839	0.847174887007809	0.893572081990537	0.08	0.292	0.762353794541663	0.870596959584724	0.803071017274472
LC_k1_0.08_k2_0.292	240	0.810881265299745	0.796568516814528	0.838426882411153	0.904151113734613	0.08	0.292	0.762353794541663	0.870596959584724	0.803071017274472
LC_k1_0.08_k2_0.292	240	0.810881265299745	0.796568516814528	0.838426882411153	0.904151113734613	0.08	0.292	0.762353794541663	0.870596959584724	0.803071017274472
LC_k1_0.08_k2_0.292	250	0.812201795228724	0.793229587673403	0.835181490903855	0.904151113734613	0.08	0.292	0.762353794541663	0.870596959584724	0.803071017274472
LC_k1_0.08_k2_0.292	260	0.795940313181692	0.77269918649229	0.820419965247551	0.904151113734613	0.08	0.292	0.762353794541663	0.870596959584724	0.803071017274472
LC_k1_0.08_k2_0.292	270	0.793887738133887	0.767826719159385	0.820400523707839	0.904151113734613	0.08	0.292	0.762353794541663	0.870596959584724	0.803071017274472
LC_k1_0.08_k2_0.292	280	0.792568236110883	0.763822971502917	0.824032558724328	0.904151113734613	0.08	0.292	0.762353794541663	0.870596959584724	0.803071017274472
LC_k1_0.08_k2_0.292	290	0.791977189445444	0.764911551287461	0.821066550875385	0.904151113734613	0.08	0.292	0.762353794541663	0.870596959584724	0.803071017274472
LC_k1_0.08_k2_0.292	300	0.786205180057556	0.758255536172624	0.813549928332537	0.904151113734613	0.08	0.292	0.762353794541663	0.870596959584724	0.803071017274472
LC_k1_0.08_k2_0.306	10	0.212121212121212	0.248484848484848	0.127272727272727	0.515151515151515	0.08	0.306	0.755553540665518	0.863181312569522	0.797056941778631
LC_k1_0.08_k2_0.306	20	0.753383458646617	0.733834586466166	0.457142857142857	0.694736842105263	0.08	0.306	0.755553540665518	0.863181312569522	0.797056941778631
LC_k1_0.08_k2_0.306	30	0.843381535038932	0.825583982202447	0.592436040044494	0.785539488320356	0.08	0.306	0.755553540665518	0.863181312569522	0.797056941778631
LC_k1_0.08_k2_0.306	40	0.841463414634147	0.811069418386492	0.713696060037524	0.804502814258912	0.08	0.306	0.755553540665518	0.863181312569522	0.797056941778631
LC_k1_0.08_k2_0.306	50	0.868811524609844	0.833469387755102	0.795246098439376	0.798895558223289	0.08	0.306	0.755553540665518	0.863181312569522	0.797056941778631
LC_k1_0.08_k2_0.306	60	0.870908585718255	0.844234509585996	0.81511530980828	0.815170880800222	0.08	0.306	0.755553540665518	0.863181312569522	0.797056941778631
LC_k1_0.08_k2_0.306	70	0.864473799317645	0.843548245997726	0.829551220365672	0.857650249322019	0.08	0.306	0.755553540665518	0.863181312569522	0.797056941778631
LC_k1_0.08_k2_0.306	80	0.869081106422879	0.848241912798875	0.844303797468355	0.868870135958744	0.08	0.306	0.755553540665518	0.863181312569522	0.797056941778631
LC_k1_0.08_k2_0.306	90	0.862452154586986	0.850862246367865	0.843289294974688	0.887821541754126	0.08	0.306	0.755553540665518	0.863181312569522	0.797056941778631
LC_k1_0.08_k2_0.306	100	0.882052205220522	0.873555355535554	0.86967896789679	0.897497749774978	0.08	0.306	0.755553540665518	0.863181312569522	0.797056941778631
LC_k1_0.08_k2_0.306	110	0.885733606834524	0.881558956788314	0.88409259968893	0.912197101187927	0.08	0.306	0.755553540665518	0.863181312569522	0.797056941778631
LC_k1_0.08_k2_0.306	120	0.889971525800403	0.884401694562122	0.892221682061254	0.92315438572123	0.08	0.306	0.755553540665518	0.863181312569522	0.797056941778631
LC_k1_0.08_k2_0.306	130	0.887170383318084	0.881702604159554	0.892731021862923	0.919310655614579	0.08	0.306	0.755553540665518	0.863181312569522	0.797056941778631
LC_k1_0.08_k2_0.306	140	0.895641905928145	0.89001771227395	0.904550523714767	0.923386761715248	0.08	0.306	0.755553540665518	0.863181312569522	0.797056941778631
LC_k1_0.08_k2_0.306	150	0.899949331081382	0.893086803857949	0.912781901417841	0.913855726921197	0.08	0.306	0.755553540665518	0.863181312569522	0.797056941778631
LC_k1_0.08_k2_0.306	160	0.899147427633892	0.888541544591586	0.913922418844486	0.903952302824329	0.08	0.306	0.755553540665518	0.863181312569522	0.797056941778631
LC_k1_0.08_k2_0.306	170	0.887904934630346	0.876527378313518	0.904240936486709	0.899670861804703	0.08	0.306	0.755553540665518	0.863181312569522	0.797056941778631
LC_k1_0.08_k2_0.306	180	0.88244081607457	0.871323188987314	0.903097832237621	0.886613784376061	0.08	0.306	0.755553540665518	0.863181312569522	0.797056941778631
LC_k1_0.08_k2_0.306	190	0.877806208365591	0.866580937509568	0.902462963691953	0.881300108911021	0.08	0.306	0.755553540665518	0.863181312569522	0.797056941778631
LC_k1_0.08_k2_0.306	200	0.873738843471087	0.861486537163429	0.904435610890272	0.884909622740569	0.08	0.306	0.755553540665518	0.863181312569522	0.797056941778631
LC_k1_0.08_k2_0.306	210	0.86522402516416	0.84976270922891	0.895786428587626	0.889610713556835	0.08	0.306	0.755553540665518	0.863181312569522	0.797056941778631
LC_k1_0.08_k2_0.306	220	0.862959602846791	0.844626767269797	0.892279517420533	0.890129210032514	0.08	0.306	0.755553540665518	0.863181312569522	0.797056941778631
LC_k1_0.08_k2_0.306	230	0.856597930264154	0.839578458374737	0.882782036645716	0.89539573773483	0.08	0.306	0.755553540665518	0.863181312569522	0.797056941778631
LC_k1_0.08_k2_0.306	240	0.848118022882342	0.830302609420302	0.87415232903349	0.906072154030452	0.08	0.306	0.755553540665518	0.863181312569522	0.797056941778631
LC_k1_0.08_k2_0.306	240	0.848118022882342	0.830302609420302	0.87415232903349	0.906072154030452	0.08	0.306	0.755553540665518	0.863181312569522	0.797056941778631
LC_k1_0.08_k2_0.306	250	0.82910190563049	0.809941535064561	0.858681898910383	0.906072154030452	0.08	0.306	0.755553540665518	0.863181312569522	0.797056941778631
LC_k1_0.08_k2_0.306	260	0.813585544620027	0.792964165377958	0.847976130734751	0.906072154030452	0.08	0.306	0.755553540665518	0.863181312569522	0.797056941778631
LC_k1_0.08_k2_0.306	270	0.811134126211151	0.782200944686027	0.843397943273113	0.906072154030452	0.08	0.306	0.755553540665518	0.863181312569522	0.797056941778631
LC_k1_0.08_k2_0.306	280	0.799786258206646	0.770851304590255	0.831514068145913	0.906072154030452	0.08	0.306	0.755553540665518	0.863181312569522	0.797056941778631
LC_k1_0.08_k2_0.306	290	0.795024829111503	0.769728042196574	0.82600162124196	0.906072154030452	0.08	0.306	0.755553540665518	0.863181312569522	0.797056941778631
LC_k1_0.08_k2_0.306	300	0.798523983599818	0.771172568584095	0.828296758852876	0.906072154030452	0.08	0.306	0.755553540665518	0.863181312569522	0.797056941778631
LC_k1_0.08_k2_0.319	10	0.345454545454545	0.345454545454545	0.139393939393939	0.648484848484848	0.08	0.319	0.748027926375918	0.85632183908046	0.788995521433141
LC_k1_0.08_k2_0.319	20	0.795488721804511	0.756390977443609	0.473684210526316	0.729323308270677	0.08	0.319	0.748027926375918	0.85632183908046	0.788995521433141
LC_k1_0.08_k2_0.319	30	0.861179087875417	0.83448275862069	0.608898776418243	0.788209121245829	0.08	0.319	0.748027926375918	0.85632183908046	0.788995521433141
LC_k1_0.08_k2_0.319	40	0.845966228893058	0.818011257035647	0.710506566604128	0.797936210131332	0.08	0.319	0.748027926375918	0.85632183908046	0.788995521433141
LC_k1_0.08_k2_0.319	50	0.871788715486195	0.839327731092437	0.794669867947179	0.79639855942377	0.08	0.319	0.748027926375918	0.85632183908046	0.788995521433141
LC_k1_0.08_k2_0.319	60	0.880133370380662	0.848180050013893	0.824784662406224	0.829730480689081	0.08	0.319	0.748027926375918	0.85632183908046	0.788995521433141
LC_k1_0.08_k2_0.319	70	0.882354999562593	0.857265331117138	0.829236287288951	0.865978479573091	0.08	0.319	0.748027926375918	0.85632183908046	0.788995521433141
LC_k1_0.08_k2_0.319	80	0.869010782934834	0.852414439756212	0.845264885138303	0.872948898265354	0.08	0.319	0.748027926375918	0.85632183908046	0.788995521433141
LC_k1_0.08_k2_0.319	90	0.86907025558711	0.85461579618883	0.850549450549451	0.896431658229411	0.08	0.319	0.748027926375918	0.85632183908046	0.788995521433141
LC_k1_0.08_k2_0.319	100	0.873663366336634	0.865790579057906	0.861638163816382	0.905430543054305	0.08	0.319	0.748027926375918	0.85632183908046	0.788995521433141
LC_k1_0.08_k2_0.319	110	0.875608051754841	0.871857178279197	0.874958862114825	0.919572616820323	0.08	0.319	0.748027926375918	0.85632183908046	0.788995521433141
LC_k1_0.08_k2_0.319	120	0.886728245017015	0.882054309327037	0.889533995416348	0.925675394124592	0.08	0.319	0.748027926375918	0.85632183908046	0.788995521433141
LC_k1_0.08_k2_0.319	130	0.893091534774475	0.888486801676931	0.899225716587691	0.931682803261003	0.08	0.319	0.748027926375918	0.85632183908046	0.788995521433141
LC_k1_0.08_k2_0.319	140	0.897968555246988	0.891596510026022	0.904786687367431	0.914775535194945	0.08	0.319	0.748027926375918	0.85632183908046	0.788995521433141
LC_k1_0.08_k2_0.319	150	0.896574958887062	0.885818925285568	0.906733632605894	0.912771234277079	0.08	0.319	0.748027926375918	0.85632183908046	0.788995521433141
LC_k1_0.08_k2_0.319	160	0.894111098089769	0.884240595335755	0.908768897222548	0.906682878237431	0.08	0.319	0.748027926375918	0.85632183908046	0.788995521433141
LC_k1_0.08_k2_0.319	170	0.897130574434695	0.886871721594275	0.915359578898517	0.901439292627671	0.08	0.319	0.748027926375918	0.85632183908046	0.788995521433141
LC_k1_0.08_k2_0.319	180	0.885578773007397	0.875115487103512	0.906733746926345	0.889747625955534	0.08	0.319	0.748027926375918	0.85632183908046	0.788995521433141
LC_k1_0.08_k2_0.319	190	0.866647421345686	0.85438290315667	0.889880022919428	0.882148652608835	0.08	0.319	0.748027926375918	0.85632183908046	0.788995521433141
LC_k1_0.08_k2_0.319	200	0.861282532063302	0.847969699242481	0.88871971799295	0.887789694742369	0.08	0.319	0.748027926375918	0.85632183908046	0.788995521433141
LC_k1_0.08_k2_0.319	210	0.86087795965571	0.843649191915593	0.887352158941084	0.891529772298044	0.08	0.319	0.748027926375918	0.85632183908046	0.788995521433141
LC_k1_0.08_k2_0.319	220	0.853322664442729	0.836513526763325	0.881429931873123	0.89223669159205	0.08	0.319	0.748027926375918	0.85632183908046	0.788995521433141
LC_k1_0.08_k2_0.319	230	0.842025451290688	0.824714036675305	0.868234214997078	0.896677918625897	0.08	0.319	0.748027926375918	0.85632183908046	0.788995521433141
LC_k1_0.08_k2_0.319	240	0.840653483567423	0.819594958245803	0.863319675688814	0.907257938505877	0.08	0.319	0.748027926375918	0.85632183908046	0.788995521433141
LC_k1_0.08_k2_0.319	240	0.840653483567423	0.819594958245803	0.863319675688814	0.907257938505877	0.08	0.319	0.748027926375918	0.85632183908046	0.788995521433141
LC_k1_0.08_k2_0.319	250	0.829298516776268	0.807128306052897	0.855582969327509	0.907257938505877	0.08	0.319	0.748027926375918	0.85632183908046	0.788995521433141
LC_k1_0.08_k2_0.319	260	0.823021278193692	0.800753083511704	0.851364665157768	0.907257938505877	0.08	0.319	0.748027926375918	0.85632183908046	0.788995521433141
LC_k1_0.08_k2_0.319	270	0.808934431351748	0.781266927910915	0.83676471708955	0.907257938505877	0.08	0.319	0.748027926375918	0.85632183908046	0.788995521433141
LC_k1_0.08_k2_0.319	280	0.804500604052894	0.778663539804626	0.834670996167954	0.907257938505877	0.08	0.319	0.748027926375918	0.85632183908046	0.788995521433141
LC_k1_0.08_k2_0.319	290	0.792193191029784	0.769190744405916	0.819986542953686	0.907257938505877	0.08	0.319	0.748027926375918	0.85632183908046	0.788995521433141
LC_k1_0.08_k2_0.319	300	0.800828453649485	0.77667174079712	0.826082512027911	0.907257938505877	0.08	0.319	0.748027926375918	0.85632183908046	0.788995521433141
LC_k1_0.08_k2_0.332	10	0.333333333333333	0.503030303030303	0.127272727272727	0.612121212121212	0.08	0.332	0.739776951672863	0.849276974416018	0.78042226487524
LC_k1_0.08_k2_0.332	20	0.828571428571429	0.822556390977444	0.434586466165414	0.724812030075188	0.08	0.332	0.739776951672863	0.849276974416018	0.78042226487524
LC_k1_0.08_k2_0.332	30	0.890545050055617	0.87853170189099	0.611568409343715	0.787319243604004	0.08	0.332	0.739776951672863	0.849276974416018	0.78042226487524
LC_k1_0.08_k2_0.332	40	0.893245778611633	0.872232645403377	0.726641651031895	0.784990619136961	0.08	0.332	0.739776951672863	0.849276974416018	0.78042226487524
LC_k1_0.08_k2_0.332	50	0.869003601440576	0.839135654261705	0.780072028811525	0.783337334933974	0.08	0.332	0.739776951672863	0.849276974416018	0.78042226487524
LC_k1_0.08_k2_0.332	60	0.869574881911642	0.838955265351487	0.811558766323979	0.819449847179772	0.08	0.332	0.739776951672863	0.849276974416018	0.78042226487524
LC_k1_0.08_k2_0.332	70	0.87364185110664	0.849182048814627	0.819368384218354	0.864858717522527	0.08	0.332	0.739776951672863	0.849276974416018	0.78042226487524
LC_k1_0.08_k2_0.332	80	0.876887013595874	0.858907641819034	0.854828879512424	0.876230661040788	0.08	0.332	0.739776951672863	0.849276974416018	0.78042226487524
LC_k1_0.08_k2_0.332	90	0.871770177388155	0.857924846688892	0.855554183644071	0.889797094291476	0.08	0.332	0.739776951672863	0.849276974416018	0.78042226487524
LC_k1_0.08_k2_0.332	100	0.867782778277828	0.856993699369937	0.857185718571857	0.907746774677468	0.08	0.332	0.739776951672863	0.849276974416018	0.78042226487524
LC_k1_0.08_k2_0.332	110	0.858134030611095	0.855005297207132	0.855952032098821	0.923215292022631	0.08	0.332	0.739776951672863	0.849276974416018	0.78042226487524
LC_k1_0.08_k2_0.332	120	0.873088408917286	0.870435446906035	0.875484408639489	0.928613098131814	0.08	0.332	0.739776951672863	0.849276974416018	0.78042226487524
LC_k1_0.08_k2_0.332	130	0.878731103797676	0.873722159253848	0.884324516243565	0.929415941771702	0.08	0.332	0.739776951672863	0.849276974416018	0.78042226487524
LC_k1_0.08_k2_0.332	140	0.894141829393628	0.887887865998994	0.90175592049157	0.922840086593339	0.08	0.332	0.739776951672863	0.849276974416018	0.78042226487524
LC_k1_0.08_k2_0.332	150	0.891902751233388	0.881854304635762	0.900731588070581	0.913805946930975	0.08	0.332	0.739776951672863	0.849276974416018	0.78042226487524
LC_k1_0.08_k2_0.332	160	0.894732216102191	0.886183054025548	0.910459392945037	0.905607640923473	0.08	0.332	0.739776951672863	0.849276974416018	0.78042226487524
LC_k1_0.08_k2_0.332	170	0.883505840829013	0.874426756065242	0.902408998479492	0.904328869511056	0.08	0.332	0.739776951672863	0.849276974416018	0.78042226487524
LC_k1_0.08_k2_0.332	180	0.870734693457617	0.860697346625925	0.89420249596181	0.890864944391288	0.08	0.332	0.739776951672863	0.849276974416018	0.78042226487524
LC_k1_0.08_k2_0.332	190	0.860282468824767	0.847907727433768	0.88219939027324	0.885177166301443	0.08	0.332	0.739776951672863	0.849276974416018	0.78042226487524
LC_k1_0.08_k2_0.332	200	0.863351083777095	0.846693167329183	0.889409735243381	0.887782194554864	0.08	0.332	0.739776951672863	0.849276974416018	0.78042226487524
LC_k1_0.08_k2_0.332	210	0.847002685516031	0.832046726035252	0.870455112360825	0.889413754118169	0.08	0.332	0.739776951672863	0.849276974416018	0.78042226487524
LC_k1_0.08_k2_0.332	220	0.837841127446285	0.821019592816531	0.859401678096279	0.89234601015423	0.08	0.332	0.739776951672863	0.849276974416018	0.78042226487524
LC_k1_0.08_k2_0.332	230	0.829469941488168	0.813259229853116	0.852045201807875	0.897228270116062	0.08	0.332	0.739776951672863	0.849276974416018	0.78042226487524
LC_k1_0.08_k2_0.332	240	0.823408392506814	0.807436761054879	0.847114533238424	0.907616451674508	0.08	0.332	0.739776951672863	0.849276974416018	0.78042226487524
LC_k1_0.08_k2_0.332	240	0.823408392506814	0.807436761054879	0.847114533238424	0.907616451674508	0.08	0.332	0.739776951672863	0.849276974416018	0.78042226487524
LC_k1_0.08_k2_0.332	250	0.810274852397638	0.790038496615946	0.836236739787837	0.907616451674508	0.08	0.332	0.739776951672863	0.849276974416018	0.78042226487524
LC_k1_0.08_k2_0.332	260	0.809441195648092	0.783733259595328	0.82785111750629	0.907616451674508	0.08	0.332	0.739776951672863	0.849276974416018	0.78042226487524
LC_k1_0.08_k2_0.332	270	0.811292640807449	0.783426994121242	0.831854422633446	0.907616451674508	0.08	0.332	0.739776951672863	0.849276974416018	0.78042226487524
LC_k1_0.08_k2_0.332	280	0.804045241101836	0.777453247399293	0.832366302048313	0.907616451674508	0.08	0.332	0.739776951672863	0.849276974416018	0.78042226487524
LC_k1_0.08_k2_0.332	290	0.786577149836953	0.761783218546615	0.812477658719957	0.907616451674508	0.08	0.332	0.739776951672863	0.849276974416018	0.78042226487524
LC_k1_0.08_k2_0.332	300	0.782478027533639	0.756245291614351	0.809263214035712	0.907616451674508	0.08	0.332	0.739776951672863	0.849276974416018	0.78042226487524
LC_k1_0.08_k2_0.346	10	0.284848484848485	0.272727272727273	0.151515151515152	0.551515151515151	0.08	0.346	0.731344636866443	0.841490545050056	0.771209213051824
LC_k1_0.08_k2_0.346	20	0.760902255639098	0.735338345864662	0.446616541353384	0.712781954887218	0.08	0.346	0.731344636866443	0.841490545050056	0.771209213051824
LC_k1_0.08_k2_0.346	30	0.860289210233593	0.844716351501669	0.602224694104561	0.804226918798665	0.08	0.346	0.731344636866443	0.841490545050056	0.771209213051824
LC_k1_0.08_k2_0.346	40	0.85703564727955	0.828705440900563	0.725703564727955	0.792682926829269	0.08	0.346	0.731344636866443	0.841490545050056	0.771209213051824
LC_k1_0.08_k2_0.346	50	0.8831212484994	0.852004801920768	0.805714285714286	0.805906362545018	0.08	0.346	0.731344636866443	0.841490545050056	0.771209213051824
LC_k1_0.08_k2_0.346	60	0.880244512364546	0.855959988885802	0.820283412058905	0.818116143373159	0.08	0.346	0.731344636866443	0.841490545050056	0.771209213051824
LC_k1_0.08_k2_0.346	70	0.8737118362348	0.854220978042166	0.835569941387455	0.859994751115388	0.08	0.346	0.731344636866443	0.841490545050056	0.771209213051824
LC_k1_0.08_k2_0.346	80	0.872948898265354	0.857899671823722	0.846530707923113	0.86797937177684	0.08	0.346	0.731344636866443	0.841490545050056	0.771209213051824
LC_k1_0.08_k2_0.346	90	0.870502531176689	0.858599827139153	0.850895172243487	0.888381281639709	0.08	0.346	0.731344636866443	0.841490545050056	0.771209213051824
LC_k1_0.08_k2_0.346	100	0.883996399639964	0.878367836783679	0.872055205520552	0.898157815781578	0.08	0.346	0.731344636866443	0.841490545050056	0.771209213051824
LC_k1_0.08_k2_0.346	110	0.892288618894123	0.88786150621013	0.88813200189347	0.916074205982463	0.08	0.346	0.731344636866443	0.841490545050056	0.771209213051824
LC_k1_0.08_k2_0.346	120	0.89545107299118	0.889777067851934	0.895680255573304	0.925786512952288	0.08	0.346	0.731344636866443	0.841490545050056	0.771209213051824
LC_k1_0.08_k2_0.346	130	0.894631908123831	0.889513717243169	0.898646711002472	0.918895519534611	0.08	0.346	0.731344636866443	0.841490545050056	0.771209213051824
LC_k1_0.08_k2_0.346	140	0.898357787933787	0.891443440991888	0.904896022391813	0.922428986901664	0.08	0.346	0.731344636866443	0.841490545050056	0.771209213051824
LC_k1_0.08_k2_0.346	150	0.908056358060358	0.899952886794969	0.918015911818303	0.912703675718921	0.08	0.346	0.731344636866443	0.841490545050056	0.771209213051824
LC_k1_0.08_k2_0.346	160	0.892470409000351	0.883950544943162	0.90773174733388	0.907643853275518	0.08	0.346	0.731344636866443	0.841490545050056	0.771209213051824
LC_k1_0.08_k2_0.346	170	0.893666990309048	0.882677804849751	0.911776308156399	0.897086607922521	0.08	0.346	0.731344636866443	0.841490545050056	0.771209213051824
LC_k1_0.08_k2_0.346	180	0.890152988260955	0.878374846960297	0.911859419529409	0.884907970410609	0.08	0.346	0.731344636866443	0.841490545050056	0.771209213051824
LC_k1_0.08_k2_0.346	190	0.889460125007108	0.875690972632279	0.913084631299016	0.879342334894829	0.08	0.346	0.731344636866443	0.841490545050056	0.771209213051824
LC_k1_0.08_k2_0.346	200	0.882407560189005	0.867335183379585	0.910020250506263	0.883714092852321	0.08	0.346	0.731344636866443	0.841490545050056	0.771209213051824
LC_k1_0.08_k2_0.346	210	0.86345139021617	0.8500050211699	0.894529516380352	0.888462647355139	0.08	0.346	0.731344636866443	0.841490545050056	0.771209213051824
LC_k1_0.08_k2_0.346	220	0.864550920473564	0.848970207874318	0.893003048522791	0.889278328440295	0.08	0.346	0.731344636866443	0.841490545050056	0.771209213051824
LC_k1_0.08_k2_0.346	230	0.862282923076544	0.845222026881416	0.891853959596508	0.894394650346805	0.08	0.346	0.731344636866443	0.841490545050056	0.771209213051824
LC_k1_0.08_k2_0.346	240	0.849226549072032	0.830400701401066	0.875092449521693	0.90519627076859	0.08	0.346	0.731344636866443	0.841490545050056	0.771209213051824
LC_k1_0.08_k2_0.346	240	0.849226549072032	0.830400701401066	0.875092449521693	0.90519627076859	0.08	0.346	0.731344636866443	0.841490545050056	0.771209213051824
LC_k1_0.08_k2_0.346	250	0.831241587865406	0.809550616809869	0.860114241827869	0.90519627076859	0.08	0.346	0.731344636866443	0.841490545050056	0.771209213051824
LC_k1_0.08_k2_0.346	260	0.825417763348798	0.800641110985939	0.854483509655923	0.90519627076859	0.08	0.346	0.731344636866443	0.841490545050056	0.771209213051824
LC_k1_0.08_k2_0.346	270	0.816468752048115	0.790068755706144	0.850658521455103	0.90519627076859	0.08	0.346	0.731344636866443	0.841490545050056	0.771209213051824
LC_k1_0.08_k2_0.346	280	0.808385128819063	0.781621485696793	0.837732806358682	0.90519627076859	0.08	0.346	0.731344636866443	0.841490545050056	0.771209213051824
LC_k1_0.08_k2_0.346	290	0.798541374267028	0.775069530122749	0.828098657124547	0.90519627076859	0.08	0.346	0.731344636866443	0.841490545050056	0.771209213051824
LC_k1_0.08_k2_0.346	300	0.795619062434027	0.769713441260459	0.825274503050034	0.90519627076859	0.08	0.346	0.731344636866443	0.841490545050056	0.771209213051824
LC_k1_0.08_k2_0.359	10	0.272727272727273	0.284848484848485	0.260606060606061	0.515151515151515	0.08	0.359	0.721824281439841	0.831850203930293	0.761228406909789
LC_k1_0.08_k2_0.359	20	0.75187969924812	0.732330827067669	0.463157894736842	0.699248120300752	0.08	0.359	0.721824281439841	0.831850203930293	0.761228406909789
LC_k1_0.08_k2_0.359	30	0.846496106785317	0.833147942157953	0.592880978865406	0.802447163515017	0.08	0.359	0.721824281439841	0.831850203930293	0.761228406909789
LC_k1_0.08_k2_0.359	40	0.839774859287055	0.812007504690432	0.70656660412758	0.819324577861164	0.08	0.359	0.721824281439841	0.831850203930293	0.761228406909789
LC_k1_0.08_k2_0.359	50	0.864201680672269	0.830108043217287	0.788139255702281	0.804945978391357	0.08	0.359	0.721824281439841	0.831850203930293	0.761228406909789
LC_k1_0.08_k2_0.359	60	0.870908585718255	0.847735482078355	0.810280633509308	0.81761600444568	0.08	0.359	0.721824281439841	0.831850203930293	0.761228406909789
LC_k1_0.08_k2_0.359	70	0.867028256495495	0.848377219840784	0.828081532674307	0.859399877526026	0.08	0.359	0.721824281439841	0.831850203930293	0.761228406909789
LC_k1_0.08_k2_0.359	80	0.871847163619316	0.852836380684482	0.843061415846226	0.868659165494609	0.08	0.359	0.721824281439841	0.831850203930293	0.761228406909789
LC_k1_0.08_k2_0.359	90	0.868345886323415	0.857793143186402	0.848112935753385	0.886784376672017	0.08	0.359	0.721824281439841	0.831850203930293	0.761228406909789
LC_k1_0.08_k2_0.359	100	0.885124512451245	0.876795679567957	0.87012301230123	0.897257725772577	0.08	0.359	0.721824281439841	0.831850203930293	0.761228406909789
LC_k1_0.08_k2_0.359	110	0.888501679327367	0.883993417938372	0.884236864053378	0.91451434754187	0.08	0.359	0.721824281439841	0.831850203930293	0.761228406909789
LC_k1_0.08_k2_0.359	120	0.893819015209389	0.888575595527467	0.894360719494409	0.924585040627821	0.08	0.359	0.721824281439841	0.831850203930293	0.761228406909789
LC_k1_0.08_k2_0.359	130	0.895850004779527	0.890633492195715	0.899591691816084	0.917688347512597	0.08	0.359	0.721824281439841	0.831850203930293	0.761228406909789
LC_k1_0.08_k2_0.359	140	0.896048632218845	0.889659093393978	0.903544641490455	0.921235048435416	0.08	0.359	0.721824281439841	0.831850203930293	0.761228406909789
LC_k1_0.08_k2_0.359	150	0.906239388417263	0.898370594248633	0.916447842126317	0.912479665762923	0.08	0.359	0.721824281439841	0.831850203930293	0.761228406909789
LC_k1_0.08_k2_0.359	160	0.901998124926755	0.891005508027657	0.916696941286769	0.90411051212938	0.08	0.359	0.721824281439841	0.831850203930293	0.761228406909789
LC_k1_0.08_k2_0.359	170	0.888415434688357	0.878359316320736	0.907076776521883	0.896808153345424	0.08	0.359	0.721824281439841	0.831850203930293	0.761228406909789
LC_k1_0.08_k2_0.359	180	0.881331728345525	0.870111217424406	0.903871518668272	0.885144603228495	0.08	0.359	0.721824281439841	0.831850203930293	0.761228406909789
LC_k1_0.08_k2_0.359	190	0.879678253224685	0.868465229391104	0.903596688055217	0.878644254615597	0.08	0.359	0.721824281439841	0.831850203930293	0.761228406909789
LC_k1_0.08_k2_0.359	200	0.87188779719493	0.858552463811595	0.899761494037351	0.884221105527638	0.08	0.359	0.721824281439841	0.831850203930293	0.761228406909789
LC_k1_0.08_k2_0.359	210	0.865958735701814	0.850937986932	0.897911517267965	0.888321406705044	0.08	0.359	0.721824281439841	0.831850203930293	0.761228406909789
LC_k1_0.08_k2_0.359	220	0.857882488180635	0.843717281912286	0.888732862624885	0.890959805705978	0.08	0.359	0.721824281439841	0.831850203930293	0.761228406909789
LC_k1_0.08_k2_0.359	230	0.855719143207277	0.839341748056386	0.887499476031847	0.895024891569414	0.08	0.359	0.721824281439841	0.831850203930293	0.761228406909789
LC_k1_0.08_k2_0.359	240	0.852033021406621	0.831875553395024	0.876295595409643	0.905757044393132	0.08	0.359	0.721824281439841	0.831850203930293	0.761228406909789
LC_k1_0.08_k2_0.359	240	0.852033021406621	0.831875553395024	0.876295595409643	0.905757044393132	0.08	0.359	0.721824281439841	0.831850203930293	0.761228406909789
LC_k1_0.08_k2_0.359	250	0.832571785148562	0.809052176834829	0.86008812941007	0.905757044393132	0.08	0.359	0.721824281439841	0.831850203930293	0.761228406909789
LC_k1_0.08_k2_0.359	260	0.823707451293658	0.79988324815911	0.854089557537833	0.905757044393132	0.08	0.359	0.721824281439841	0.831850203930293	0.761228406909789
LC_k1_0.08_k2_0.359	270	0.805551973735351	0.782459445412298	0.838870522534222	0.905757044393132	0.08	0.359	0.721824281439841	0.831850203930293	0.761228406909789
LC_k1_0.08_k2_0.359	280	0.805326598553553	0.781535114332727	0.836591939037123	0.905757044393132	0.08	0.359	0.721824281439841	0.831850203930293	0.761228406909789
LC_k1_0.08_k2_0.359	290	0.793875444826725	0.771816713553115	0.82712049960822	0.905757044393132	0.08	0.359	0.721824281439841	0.831850203930293	0.761228406909789
LC_k1_0.08_k2_0.359	300	0.789807886754297	0.766211624573607	0.822258025089168	0.905757044393132	0.08	0.359	0.721824281439841	0.831850203930293	0.761228406909789
LC_k1_0.08_k2_0.372	10	0.272727272727273	0.284848484848485	0.260606060606061	0.515151515151515	0.08	0.372	0.71239459606492	0.82239525398591	0.751887396033269
LC_k1_0.08_k2_0.372	20	0.742857142857143	0.723308270676692	0.457142857142857	0.700751879699248	0.08	0.372	0.71239459606492	0.82239525398591	0.751887396033269
LC_k1_0.08_k2_0.372	30	0.855394883203559	0.838487208008899	0.60845383759733	0.80111234705228	0.08	0.372	0.71239459606492	0.82239525398591	0.751887396033269
LC_k1_0.08_k2_0.372	40	0.887804878048781	0.863789868667918	0.739399624765479	0.799624765478424	0.08	0.372	0.71239459606492	0.82239525398591	0.751887396033269
LC_k1_0.08_k2_0.372	50	0.877070828331333	0.842881152460984	0.810708283313325	0.809363745498199	0.08	0.372	0.71239459606492	0.82239525398591	0.751887396033269
LC_k1_0.08_k2_0.372	60	0.876298971936649	0.852236732425674	0.820005557099194	0.822506251736594	0.08	0.372	0.71239459606492	0.82239525398591	0.751887396033269
LC_k1_0.08_k2_0.372	70	0.870562505467588	0.851211617531275	0.834695127285452	0.866608345726533	0.08	0.372	0.71239459606492	0.82239525398591	0.751887396033269
LC_k1_0.08_k2_0.372	80	0.870768870135959	0.856375996249414	0.846085325832161	0.869573370839194	0.08	0.372	0.71239459606492	0.82239525398591	0.751887396033269
LC_k1_0.08_k2_0.372	90	0.871128122813516	0.860114417417788	0.852327447833066	0.886998394863563	0.08	0.372	0.71239459606492	0.82239525398591	0.751887396033269
LC_k1_0.08_k2_0.372	100	0.886024602460246	0.877371737173717	0.871983198319832	0.896513651365137	0.08	0.372	0.71239459606492	0.82239525398591	0.751887396033269
LC_k1_0.08_k2_0.372	110	0.890332033451299	0.885580325947298	0.886896738272885	0.912476613394045	0.08	0.372	0.71239459606492	0.82239525398591	0.751887396033269
LC_k1_0.08_k2_0.372	120	0.894687131050767	0.889867351899437	0.896777553996805	0.923980832002222	0.08	0.372	0.71239459606492	0.82239525398591	0.751887396033269
LC_k1_0.08_k2_0.372	130	0.894326018380696	0.889251526034768	0.898881590626664	0.915913094539049	0.08	0.372	0.71239459606492	0.82239525398591	0.751887396033269
LC_k1_0.08_k2_0.372	140	0.898388401740614	0.891679604644552	0.904725459753778	0.918803437493167	0.08	0.372	0.71239459606492	0.82239525398591	0.751887396033269
LC_k1_0.08_k2_0.372	150	0.901439175074448	0.892393439708432	0.911423618827504	0.909855549135517	0.08	0.372	0.71239459606492	0.82239525398591	0.751887396033269
LC_k1_0.08_k2_0.372	160	0.894014414625571	0.884554084143912	0.908024727528419	0.903380991444978	0.08	0.372	0.71239459606492	0.82239525398591	0.751887396033269
LC_k1_0.08_k2_0.372	170	0.892372420783948	0.881830228198411	0.911197415746118	0.894829660297629	0.08	0.372	0.71239459606492	0.82239525398591	0.751887396033269
LC_k1_0.08_k2_0.372	180	0.893210695803368	0.882393489510993	0.914725763140838	0.88320009876848	0.08	0.372	0.71239459606492	0.82239525398591	0.751887396033269
LC_k1_0.08_k2_0.372	190	0.88046731138492	0.868169551277846	0.902683410095921	0.877631250902125	0.08	0.372	0.71239459606492	0.82239525398591	0.751887396033269
LC_k1_0.08_k2_0.372	200	0.879606990174755	0.866442661066527	0.907122178054452	0.882157053926348	0.08	0.372	0.71239459606492	0.82239525398591	0.751887396033269
LC_k1_0.08_k2_0.372	210	0.864674611993145	0.852433323722922	0.897612190752625	0.886215754811415	0.08	0.372	0.71239459606492	0.82239525398591	0.751887396033269
LC_k1_0.08_k2_0.372	220	0.861180076973792	0.845970145889566	0.895981697593301	0.887786186416323	0.08	0.372	0.71239459606492	0.82239525398591	0.751887396033269
LC_k1_0.08_k2_0.372	230	0.850816280738438	0.832316383066336	0.881570868850155	0.893813723773853	0.08	0.372	0.71239459606492	0.82239525398591	0.751887396033269
LC_k1_0.08_k2_0.372	240	0.84927082067397	0.829250507821316	0.87429035226306	0.903889824476119	0.08	0.372	0.71239459606492	0.82239525398591	0.751887396033269
LC_k1_0.08_k2_0.372	240	0.84927082067397	0.829250507821316	0.87429035226306	0.903889824476119	0.08	0.372	0.71239459606492	0.82239525398591	0.751887396033269
LC_k1_0.08_k2_0.372	250	0.832281476503624	0.809089809436951	0.860193347093554	0.903889824476119	0.08	0.372	0.71239459606492	0.82239525398591	0.751887396033269
LC_k1_0.08_k2_0.372	260	0.811450556278142	0.791234053303019	0.84247445626756	0.903889824476119	0.08	0.372	0.71239459606492	0.82239525398591	0.751887396033269
LC_k1_0.08_k2_0.372	270	0.807919328263914	0.78423480889084	0.837575580216769	0.903889824476119	0.08	0.372	0.71239459606492	0.82239525398591	0.751887396033269
LC_k1_0.08_k2_0.372	280	0.808001924222794	0.779036904625241	0.840041873711946	0.903889824476119	0.08	0.372	0.71239459606492	0.82239525398591	0.751887396033269
LC_k1_0.08_k2_0.372	290	0.796141739353988	0.769309815894322	0.826563520579809	0.903889824476119	0.08	0.372	0.71239459606492	0.82239525398591	0.751887396033269
LC_k1_0.08_k2_0.372	300	0.789504772275248	0.763827598084423	0.820665118501317	0.903889824476119	0.08	0.372	0.71239459606492	0.82239525398591	0.751887396033269
LC_k1_0.08_k2_0.386	10	0.345454545454545	0.321212121212121	0.175757575757576	0.6	0.08	0.386	0.702964910689999	0.812384130515387	0.741522712731926
LC_k1_0.08_k2_0.386	20	0.780451127819549	0.756390977443609	0.475187969924812	0.721804511278195	0.08	0.386	0.702964910689999	0.812384130515387	0.741522712731926
LC_k1_0.08_k2_0.386	30	0.870967741935484	0.853170189098999	0.620022246941046	0.806896551724138	0.08	0.386	0.702964910689999	0.812384130515387	0.741522712731926
LC_k1_0.08_k2_0.386	40	0.896060037523452	0.875609756097561	0.750656660412758	0.794934333958724	0.08	0.386	0.702964910689999	0.812384130515387	0.741522712731926
LC_k1_0.08_k2_0.386	50	0.886290516206483	0.851332533013205	0.819735894357743	0.79812725090036	0.08	0.386	0.702964910689999	0.812384130515387	0.741522712731926
LC_k1_0.08_k2_0.386	60	0.885523756599056	0.860572381217005	0.829285912753543	0.82267296471242	0.08	0.386	0.702964910689999	0.812384130515387	0.741522712731926
LC_k1_0.08_k2_0.386	70	0.879275653923541	0.859189922141545	0.843443268305485	0.866818301111014	0.08	0.386	0.702964910689999	0.812384130515387	0.741522712731926
LC_k1_0.08_k2_0.386	80	0.878598218471636	0.863431786216596	0.85379746835443	0.869081106422879	0.08	0.386	0.702964910689999	0.812384130515387	0.741522712731926
LC_k1_0.08_k2_0.386	90	0.876462114664362	0.865185002263654	0.857463884430177	0.886241099724246	0.08	0.386	0.702964910689999	0.812384130515387	0.741522712731926
LC_k1_0.08_k2_0.386	100	0.891857185718572	0.883012301230123	0.878403840384038	0.896213621362136	0.08	0.386	0.702964910689999	0.812384130515387	0.741522712731926
LC_k1_0.08_k2_0.386	110	0.894993575727521	0.889953339494624	0.891125487455763	0.909645425241755	0.08	0.386	0.702964910689999	0.812384130515387	0.741522712731926
LC_k1_0.08_k2_0.386	120	0.898451281338982	0.893548163066879	0.900076394194041	0.92443919716647	0.08	0.386	0.702964910689999	0.812384130515387	0.741522712731926
LC_k1_0.08_k2_0.386	130	0.898619399418263	0.893402886834451	0.902661513881113	0.916568572560051	0.08	0.386	0.702964910689999	0.812384130515387	0.741522712731926
LC_k1_0.08_k2_0.386	140	0.902376943430058	0.895733747348626	0.908329142157399	0.920277273621832	0.08	0.386	0.702964910689999	0.812384130515387	0.741522712731926
LC_k1_0.08_k2_0.386	150	0.898743944175297	0.890345348682164	0.90655584692653	0.913151695630917	0.08	0.386	0.702964910689999	0.812384130515387	0.741522712731926
LC_k1_0.08_k2_0.386	160	0.894597445212703	0.885898863236845	0.908572600492207	0.906070549630845	0.08	0.386	0.702964910689999	0.812384130515387	0.741522712731926
LC_k1_0.08_k2_0.386	170	0.896134000158768	0.885882475070377	0.913495887299174	0.897489634284109	0.08	0.386	0.702964910689999	0.812384130515387	0.741522712731926
LC_k1_0.08_k2_0.386	180	0.890064508163832	0.879401627622252	0.910593948372892	0.884475858308384	0.08	0.386	0.702964910689999	0.812384130515387	0.741522712731926
LC_k1_0.08_k2_0.386	190	0.885843754237251	0.873930900549804	0.908343284039068	0.878056397538349	0.08	0.386	0.702964910689999	0.812384130515387	0.741522712731926
LC_k1_0.08_k2_0.386	200	0.88491112277807	0.871932798319958	0.914322358058952	0.882994074851871	0.08	0.386	0.702964910689999	0.812384130515387	0.741522712731926
LC_k1_0.08_k2_0.386	210	0.871776813857133	0.859377439721665	0.905074621063646	0.886454179395063	0.08	0.386	0.702964910689999	0.812384130515387	0.741522712731926
LC_k1_0.08_k2_0.386	220	0.8571736080197	0.844210905935322	0.89280695130816	0.888605512134924	0.08	0.386	0.702964910689999	0.812384130515387	0.741522712731926
LC_k1_0.08_k2_0.386	230	0.85788011115522	0.840085412973205	0.886707482758366	0.894595854117404	0.08	0.386	0.702964910689999	0.812384130515387	0.741522712731926
LC_k1_0.08_k2_0.386	240	0.852784770568933	0.831415475963124	0.881381621208701	0.904626816437785	0.08	0.386	0.702964910689999	0.812384130515387	0.741522712731926
LC_k1_0.08_k2_0.386	240	0.852784770568933	0.831415475963124	0.881381621208701	0.904626816437785	0.08	0.386	0.702964910689999	0.812384130515387	0.741522712731926
LC_k1_0.08_k2_0.386	250	0.835303604857678	0.812555848893582	0.865383574137186	0.904626816437785	0.08	0.386	0.702964910689999	0.812384130515387	0.741522712731926
LC_k1_0.08_k2_0.386	260	0.819106336347716	0.795629657698623	0.852163493542804	0.904626816437785	0.08	0.386	0.702964910689999	0.812384130515387	0.741522712731926
LC_k1_0.08_k2_0.386	270	0.811648079306072	0.788723820323705	0.84071173053738	0.904626816437785	0.08	0.386	0.702964910689999	0.812384130515387	0.741522712731926
LC_k1_0.08_k2_0.386	280	0.810005411876609	0.781522541286059	0.843590752797503	0.904626816437785	0.08	0.386	0.702964910689999	0.812384130515387	0.741522712731926
LC_k1_0.08_k2_0.386	290	0.796211607748011	0.770702263465349	0.828491789848664	0.904626816437785	0.08	0.386	0.702964910689999	0.812384130515387	0.741522712731926
LC_k1_0.08_k2_0.386	300	0.786701630018111	0.764136490405449	0.820938454871721	0.904626816437785	0.08	0.386	0.702964910689999	0.812384130515387	0.741522712731926
LC_k1_0.08_k2_0.399	10	0.418181818181818	0.393939393939394	0.333333333333333	0.709090909090909	0.08	0.399	0.694713935986944	0.806266221727846	0.732949456174024
LC_k1_0.08_k2_0.399	20	0.75187969924812	0.76390977443609	0.497744360902256	0.730827067669173	0.08	0.399	0.694713935986944	0.806266221727846	0.732949456174024
LC_k1_0.08_k2_0.399	30	0.878976640711902	0.866518353726363	0.620467185761958	0.821579532814238	0.08	0.399	0.694713935986944	0.806266221727846	0.732949456174024
LC_k1_0.08_k2_0.399	40	0.9	0.879737335834897	0.748780487804878	0.805816135084428	0.08	0.399	0.694713935986944	0.806266221727846	0.732949456174024
LC_k1_0.08_k2_0.399	50	0.88859543817527	0.852869147659064	0.820696278511405	0.799663865546218	0.08	0.399	0.694713935986944	0.806266221727846	0.732949456174024
LC_k1_0.08_k2_0.399	60	0.880466796332315	0.851958877465963	0.820727979994443	0.828896915809948	0.08	0.399	0.694713935986944	0.806266221727846	0.732949456174024
LC_k1_0.08_k2_0.399	70	0.885889248534686	0.866538360598373	0.850966669582714	0.861604409063074	0.08	0.399	0.694713935986944	0.806266221727846	0.732949456174024
LC_k1_0.08_k2_0.399	80	0.869268635724332	0.85492264416315	0.842569151429911	0.875621190811064	0.08	0.399	0.694713935986944	0.806266221727846	0.732949456174024
LC_k1_0.08_k2_0.399	90	0.88103881137589	0.870272050047331	0.860065028604354	0.887327653619789	0.08	0.399	0.694713935986944	0.806266221727846	0.732949456174024
LC_k1_0.08_k2_0.399	100	0.893549354935494	0.887440744074408	0.882808280828083	0.897845784578458	0.08	0.399	0.694713935986944	0.806266221727846	0.732949456174024
LC_k1_0.08_k2_0.399	110	0.901242026012668	0.895958343664766	0.898077226517594	0.91133151500124	0.08	0.399	0.694713935986944	0.806266221727846	0.732949456174024
LC_k1_0.08_k2_0.399	120	0.902833530106257	0.896805333703729	0.902819640252795	0.922216820612542	0.08	0.399	0.694713935986944	0.806266221727846	0.732949456174024
LC_k1_0.08_k2_0.399	130	0.904016168457851	0.898493766130905	0.908211227792268	0.915290390419096	0.08	0.399	0.694713935986944	0.806266221727846	0.732949456174024
LC_k1_0.08_k2_0.399	140	0.907419474754543	0.900028427106339	0.914058297435	0.922984408825523	0.08	0.399	0.694713935986944	0.806266221727846	0.732949456174024
LC_k1_0.08_k2_0.399	150	0.904937997244322	0.896756300280013	0.913112582781457	0.913670829814659	0.08	0.399	0.694713935986944	0.806266221727846	0.732949456174024
LC_k1_0.08_k2_0.399	160	0.899516582679011	0.891822922770421	0.913676315481073	0.906846947146373	0.08	0.399	0.694713935986944	0.806266221727846	0.732949456174024
LC_k1_0.08_k2_0.399	170	0.898640091352642	0.888549776808886	0.916986339848926	0.899397292395626	0.08	0.399	0.694713935986944	0.806266221727846	0.732949456174024
LC_k1_0.08_k2_0.399	180	0.896280749405846	0.885000565861086	0.915515910984907	0.886628188112802	0.08	0.399	0.694713935986944	0.806266221727846	0.732949456174024
LC_k1_0.08_k2_0.399	190	0.8925988619017	0.881170640388056	0.914842953806856	0.883128414404248	0.08	0.399	0.694713935986944	0.806266221727846	0.732949456174024
LC_k1_0.08_k2_0.399	200	0.891493287332183	0.876290407260182	0.919851496287407	0.884570614265357	0.08	0.399	0.694713935986944	0.806266221727846	0.732949456174024
LC_k1_0.08_k2_0.399	210	0.871001933960278	0.858460023388933	0.904776590334086	0.886240374741248	0.08	0.399	0.694713935986944	0.806266221727846	0.732949456174024
LC_k1_0.08_k2_0.399	220	0.860643627122273	0.848288375605056	0.893247606543336	0.889224232656948	0.08	0.399	0.694713935986944	0.806266221727846	0.732949456174024
LC_k1_0.08_k2_0.399	230	0.863343188044156	0.849729385860011	0.893948845913911	0.894832564435754	0.08	0.399	0.694713935986944	0.806266221727846	0.732949456174024
LC_k1_0.08_k2_0.399	240	0.851859407281376	0.832262712894321	0.881442386152537	0.90492022430945	0.08	0.399	0.694713935986944	0.806266221727846	0.732949456174024
LC_k1_0.08_k2_0.399	240	0.851859407281376	0.832262712894321	0.881442386152537	0.90492022430945	0.08	0.399	0.694713935986944	0.806266221727846	0.732949456174024
LC_k1_0.08_k2_0.399	250	0.840033792540681	0.817271444343109	0.869873373973984	0.90492022430945	0.08	0.399	0.694713935986944	0.806266221727846	0.732949456174024
LC_k1_0.08_k2_0.399	260	0.824290527738804	0.799523434006193	0.855109599937186	0.90492022430945	0.08	0.399	0.694713935986944	0.806266221727846	0.732949456174024
LC_k1_0.08_k2_0.399	270	0.815198196591631	0.788907941124021	0.84935199537869	0.90492022430945	0.08	0.399	0.694713935986944	0.806266221727846	0.732949456174024
LC_k1_0.08_k2_0.399	280	0.808464940332694	0.781167216054141	0.84820123434519	0.90492022430945	0.08	0.399	0.694713935986944	0.806266221727846	0.732949456174024
LC_k1_0.08_k2_0.399	290	0.795580824078026	0.774565198405328	0.834729266123546	0.90492022430945	0.08	0.399	0.694713935986944	0.806266221727846	0.732949456174024
LC_k1_0.08_k2_0.399	300	0.79332748141646	0.772147690529895	0.82504605606729	0.90492022430945	0.08	0.399	0.694713935986944	0.806266221727846	0.732949456174024
LC_k1_0.08_k2_0.412	10	0.539393939393939	0.612121212121212	0.248484848484848	0.76969696969697	0.08	0.412	0.685828270922114	0.797552836484983	0.724376199616123
LC_k1_0.08_k2_0.412	20	0.790977443609023	0.780451127819549	0.505263157894737	0.744360902255639	0.08	0.412	0.685828270922114	0.797552836484983	0.724376199616123
LC_k1_0.08_k2_0.412	30	0.898109010011124	0.867408231368187	0.633370411568409	0.803781979977753	0.08	0.412	0.685828270922114	0.797552836484983	0.724376199616123
LC_k1_0.08_k2_0.412	40	0.922889305816135	0.897748592870544	0.769981238273921	0.81782363977486	0.08	0.412	0.685828270922114	0.797552836484983	0.724376199616123
LC_k1_0.08_k2_0.412	50	0.901272509003601	0.871308523409364	0.813781512605042	0.78343337334934	0.08	0.412	0.685828270922114	0.797552836484983	0.724376199616123
LC_k1_0.08_k2_0.412	60	0.890025006946374	0.863851069741595	0.82895248680189	0.834676298971937	0.08	0.412	0.685828270922114	0.797552836484983	0.724376199616123
LC_k1_0.08_k2_0.412	70	0.886519114688129	0.867728107777097	0.845962732919255	0.873501880850319	0.08	0.412	0.685828270922114	0.797552836484983	0.724376199616123
LC_k1_0.08_k2_0.412	80	0.904711673699015	0.888560712611346	0.87977027660572	0.876910454758556	0.08	0.412	0.685828270922114	0.797552836484983	0.724376199616123
LC_k1_0.08_k2_0.412	90	0.900135819236943	0.887936782318805	0.882701568094826	0.893122607729349	0.08	0.412	0.685828270922114	0.797552836484983	0.724376199616123
LC_k1_0.08_k2_0.412	100	0.895301530153015	0.885964596459646	0.883732373237324	0.909246924692469	0.08	0.412	0.685828270922114	0.797552836484983	0.724376199616123
LC_k1_0.08_k2_0.412	110	0.883966368370038	0.881369609809977	0.881604039402204	0.927065347248833	0.08	0.412	0.685828270922114	0.797552836484983	0.724376199616123
LC_k1_0.08_k2_0.412	120	0.89212445308702	0.889165914299604	0.892513368983957	0.929321480658379	0.08	0.412	0.685828270922114	0.797552836484983	0.724376199616123
LC_k1_0.08_k2_0.412	130	0.898226112605662	0.894298706796488	0.903284218001065	0.930382771852681	0.08	0.412	0.685828270922114	0.797552836484983	0.724376199616123
LC_k1_0.08_k2_0.412	140	0.908215433732042	0.901646585467189	0.915344077321729	0.922905687607969	0.08	0.412	0.685828270922114	0.797552836484983	0.724376199616123
LC_k1_0.08_k2_0.412	150	0.911149828881284	0.902925463353927	0.921400951153385	0.92302235654918	0.08	0.412	0.685828270922114	0.797552836484983	0.724376199616123
LC_k1_0.08_k2_0.412	160	0.89803703269659	0.888869682409469	0.911971170748857	0.904303879057776	0.08	0.412	0.685828270922114	0.797552836484983	0.724376199616123
LC_k1_0.08_k2_0.412	170	0.891930313078206	0.881119436251611	0.909282429882573	0.90014960827059	0.08	0.412	0.685828270922114	0.797552836484983	0.724376199616123
LC_k1_0.08_k2_0.412	180	0.881545726719961	0.872804716194944	0.90210603207918	0.889414282333817	0.08	0.412	0.685828270922114	0.797552836484983	0.724376199616123
LC_k1_0.08_k2_0.412	190	0.870718681520556	0.859306206178623	0.894259208229999	0.885751026781614	0.08	0.412	0.685828270922114	0.797552836484983	0.724376199616123
LC_k1_0.08_k2_0.412	200	0.856875421885547	0.844362109052726	0.882029550738769	0.886184654616366	0.08	0.412	0.685828270922114	0.797552836484983	0.724376199616123
LC_k1_0.08_k2_0.412	210	0.856529302575698	0.841214410433667	0.883528295102254	0.888036333833291	0.08	0.412	0.685828270922114	0.797552836484983	0.724376199616123
LC_k1_0.08_k2_0.412	220	0.854902712114638	0.841969311912906	0.879049717405882	0.891175061843877	0.08	0.412	0.685828270922114	0.797552836484983	0.724376199616123
LC_k1_0.08_k2_0.412	230	0.833958560899894	0.818248886105351	0.860587485421357	0.895322752053339	0.08	0.412	0.685828270922114	0.797552836484983	0.724376199616123
LC_k1_0.08_k2_0.412	240	0.823734787062275	0.803364641747253	0.846644907029636	0.905944547648397	0.08	0.412	0.685828270922114	0.797552836484983	0.724376199616123
LC_k1_0.08_k2_0.412	240	0.823734787062275	0.803364641747253	0.846644907029636	0.905944547648397	0.08	0.412	0.685828270922114	0.797552836484983	0.724376199616123
LC_k1_0.08_k2_0.412	250	0.827107377718044	0.803355829693275	0.850692267076273	0.905944547648397	0.08	0.412	0.685828270922114	0.797552836484983	0.724376199616123
LC_k1_0.08_k2_0.412	260	0.810747996954893	0.789077216663424	0.836044229147677	0.905944547648397	0.08	0.412	0.685828270922114	0.797552836484983	0.724376199616123
LC_k1_0.08_k2_0.412	270	0.808722265661318	0.786003465982615	0.835253341380997	0.905944547648397	0.08	0.412	0.685828270922114	0.797552836484983	0.724376199616123
LC_k1_0.08_k2_0.412	280	0.801877757187136	0.780602522262492	0.826482116207751	0.905944547648397	0.08	0.412	0.685828270922114	0.797552836484983	0.724376199616123
LC_k1_0.08_k2_0.412	290	0.792608465146373	0.772343186663009	0.821602864604155	0.905944547648397	0.08	0.412	0.685828270922114	0.797552836484983	0.724376199616123
LC_k1_0.08_k2_0.412	300	0.791048344981611	0.766982744252714	0.822486472071912	0.905944547648397	0.08	0.412	0.685828270922114	0.797552836484983	0.724376199616123
LC_k1_0.08_k2_0.426	10	0.36969696969697	0.345454545454545	0.187878787878788	0.733333333333333	0.08	0.426	0.678030646477469	0.791249536522062	0.717594369801664
LC_k1_0.08_k2_0.426	20	0.756390977443609	0.778947368421053	0.409022556390977	0.702255639097744	0.08	0.426	0.678030646477469	0.791249536522062	0.717594369801664
LC_k1_0.08_k2_0.426	30	0.874527252502781	0.860289210233593	0.573303670745273	0.794438264738599	0.08	0.426	0.678030646477469	0.791249536522062	0.717594369801664
LC_k1_0.08_k2_0.426	40	0.882363977485929	0.859662288930582	0.726078799249531	0.811819887429644	0.08	0.426	0.678030646477469	0.791249536522062	0.717594369801664
LC_k1_0.08_k2_0.426	50	0.909243697478992	0.883217286914766	0.817046818727491	0.803697478991597	0.08	0.426	0.678030646477469	0.791249536522062	0.717594369801664
LC_k1_0.08_k2_0.426	60	0.894026118366213	0.867074187274243	0.823617671575438	0.830286190608503	0.08	0.426	0.678030646477469	0.791249536522062	0.717594369801664
LC_k1_0.08_k2_0.426	70	0.883089843408276	0.862619193421398	0.835255008310734	0.856215554194734	0.08	0.426	0.678030646477469	0.791249536522062	0.717594369801664
LC_k1_0.08_k2_0.426	80	0.905133614627286	0.886451007969995	0.873488045007033	0.871448663853727	0.08	0.426	0.678030646477469	0.791249536522062	0.717594369801664
LC_k1_0.08_k2_0.426	90	0.900580318557847	0.888348355764086	0.879672387537556	0.890175741861135	0.08	0.426	0.678030646477469	0.791249536522062	0.717594369801664
LC_k1_0.08_k2_0.426	100	0.893405340534054	0.883348334833483	0.879111911191119	0.907410741074107	0.08	0.426	0.678030646477469	0.791249536522062	0.717594369801664
LC_k1_0.08_k2_0.426	110	0.88400243446115	0.881459775037757	0.879575321777157	0.921430020512589	0.08	0.426	0.678030646477469	0.791249536522062	0.717594369801664
LC_k1_0.08_k2_0.426	120	0.891770261823737	0.888763108549205	0.890402111257726	0.928842280713938	0.08	0.426	0.678030646477469	0.791249536522062	0.717594369801664
LC_k1_0.08_k2_0.426	130	0.897838288109902	0.893277253547092	0.901011894194923	0.934900107880758	0.08	0.426	0.678030646477469	0.791249536522062	0.717594369801664
LC_k1_0.08_k2_0.426	140	0.907896175460847	0.901734053486694	0.91511228707004	0.928359318624128	0.08	0.426	0.678030646477469	0.791249536522062	0.717594369801664
LC_k1_0.08_k2_0.426	150	0.904980665807369	0.896823858838171	0.914371305391351	0.919637317214099	0.08	0.426	0.678030646477469	0.791249536522062	0.717594369801664
LC_k1_0.08_k2_0.426	160	0.903946443220438	0.894957810851986	0.917813195827962	0.90207722957928	0.08	0.426	0.678030646477469	0.791249536522062	0.717594369801664
LC_k1_0.08_k2_0.426	170	0.896370930807702	0.886324582776119	0.913083090601548	0.896607861456635	0.08	0.426	0.678030646477469	0.791249536522062	0.717594369801664
LC_k1_0.08_k2_0.426	180	0.881839974484809	0.871919915223721	0.899400187248578	0.885951212485982	0.08	0.426	0.678030646477469	0.791249536522062	0.717594369801664
LC_k1_0.08_k2_0.426	190	0.868535212376491	0.855553368587262	0.890214191674649	0.8801786315702	0.08	0.426	0.678030646477469	0.791249536522062	0.717594369801664
LC_k1_0.08_k2_0.426	200	0.861740043501088	0.849805745143629	0.887459686492162	0.88310357758944	0.08	0.426	0.678030646477469	0.791249536522062	0.717594369801664
LC_k1_0.08_k2_0.426	210	0.857229026897273	0.842642366363993	0.88475151687923	0.885444762271901	0.08	0.426	0.678030646477469	0.791249536522062	0.717594369801664
LC_k1_0.08_k2_0.426	220	0.847160253123186	0.835175783120989	0.872069107363225	0.886900367964026	0.08	0.426	0.678030646477469	0.791249536522062	0.717594369801664
LC_k1_0.08_k2_0.426	230	0.834176531651375	0.81665010516349	0.859365468402871	0.892376694882865	0.08	0.426	0.678030646477469	0.791249536522062	0.717594369801664
LC_k1_0.08_k2_0.426	240	0.819586277539541	0.800062501085088	0.843315856178059	0.903838608309172	0.08	0.426	0.678030646477469	0.791249536522062	0.717594369801664
LC_k1_0.08_k2_0.426	240	0.819586277539541	0.800062501085088	0.843315856178059	0.903838608309172	0.08	0.426	0.678030646477469	0.791249536522062	0.717594369801664
LC_k1_0.08_k2_0.426	250	0.822940911054577	0.79956338501416	0.846961263380214	0.903838608309172	0.08	0.426	0.678030646477469	0.791249536522062	0.717594369801664
LC_k1_0.08_k2_0.426	260	0.815857084822602	0.791507839783702	0.840016522775143	0.903838608309172	0.08	0.426	0.678030646477469	0.791249536522062	0.717594369801664
LC_k1_0.08_k2_0.426	270	0.810518967643208	0.787850161029491	0.836458052312865	0.903838608309172	0.08	0.426	0.678030646477469	0.791249536522062	0.717594369801664
LC_k1_0.08_k2_0.426	280	0.795933986038452	0.778002088219055	0.822939796972629	0.903838608309172	0.08	0.426	0.678030646477469	0.791249536522062	0.717594369801664
LC_k1_0.08_k2_0.426	290	0.788490166146549	0.769441680187267	0.820904672694866	0.903838608309172	0.08	0.426	0.678030646477469	0.791249536522062	0.717594369801664
LC_k1_0.08_k2_0.426	300	0.788556761741797	0.766161846242736	0.819005100056667	0.903838608309172	0.08	0.426	0.678030646477469	0.791249536522062	0.717594369801664
LC_k1_0.12_k2_0.132	10	0.660606060606061	0.83030303030303	0.272727272727273	0.624242424242424	0.12	0.132	0.739958291776226	0.848535409714498	0.77274472168906
LC_k1_0.12_k2_0.132	20	0.774436090225564	0.747368421052632	0.452631578947368	0.684210526315789	0.12	0.132	0.739958291776226	0.848535409714498	0.77274472168906
LC_k1_0.12_k2_0.132	30	0.886540600667408	0.855394883203559	0.665850945494995	0.78642936596218	0.12	0.132	0.739958291776226	0.848535409714498	0.77274472168906
LC_k1_0.12_k2_0.132	40	0.903939962476548	0.868105065666042	0.733583489681051	0.818386491557224	0.12	0.132	0.739958291776226	0.848535409714498	0.77274472168906
LC_k1_0.12_k2_0.132	50	0.882160864345739	0.841056422569028	0.797839135654262	0.792268907563025	0.12	0.132	0.739958291776226	0.848535409714498	0.77274472168906
LC_k1_0.12_k2_0.132	60	0.871130869686024	0.833731592108919	0.797054737427063	0.78916365657127	0.12	0.132	0.739958291776226	0.848535409714498	0.77274472168906
LC_k1_0.12_k2_0.132	70	0.878155891872977	0.856880412912256	0.833680342927128	0.84484297086869	0.12	0.132	0.739958291776226	0.848535409714498	0.77274472168906
LC_k1_0.12_k2_0.132	80	0.866197843413033	0.847233942803563	0.83103609939053	0.854102203469292	0.12	0.132	0.739958291776226	0.848535409714498	0.77274472168906
LC_k1_0.12_k2_0.132	90	0.880841256122155	0.86828003457217	0.856805366917726	0.87249454665185	0.12	0.132	0.739958291776226	0.848535409714498	0.77274472168906
LC_k1_0.12_k2_0.132	100	0.898805880588059	0.88972097209721	0.88031203120312	0.885088508850885	0.12	0.132	0.739958291776226	0.848535409714498	0.77274472168906
LC_k1_0.12_k2_0.132	110	0.897364921218132	0.892586164145797	0.890232851700742	0.906525708360571	0.12	0.132	0.739958291776226	0.848535409714498	0.77274472168906
LC_k1_0.12_k2_0.132	120	0.900576428918675	0.894798249878464	0.899791652198069	0.916223348843669	0.12	0.132	0.739958291776226	0.848535409714498	0.77274472168906
LC_k1_0.12_k2_0.132	130	0.907736006227041	0.902093432929577	0.909227218724822	0.913908424258149	0.12	0.132	0.739958291776226	0.848535409714498	0.77274472168906
LC_k1_0.12_k2_0.132	140	0.896870831602196	0.890363210950996	0.90231134241543	0.911565458879097	0.12	0.132	0.739958291776226	0.848535409714498	0.77274472168906
LC_k1_0.12_k2_0.132	150	0.906122049868883	0.89722921018712	0.914104626872306	0.908628827947909	0.12	0.132	0.739958291776226	0.848535409714498	0.77274472168906
LC_k1_0.12_k2_0.132	160	0.902138755420133	0.891160787530763	0.914309152701277	0.899349583968124	0.12	0.132	0.739958291776226	0.848535409714498	0.77274472168906
LC_k1_0.12_k2_0.132	170	0.887079341235093	0.87456598335379	0.904783190136846	0.889065162034917	0.12	0.132	0.739958291776226	0.848535409714498	0.77274472168906
LC_k1_0.12_k2_0.132	180	0.887305163739622	0.873516672325278	0.908822288753768	0.878660864018437	0.12	0.132	0.739958291776226	0.848535409714498	0.77274472168906
LC_k1_0.12_k2_0.132	190	0.88204192855612	0.869619948649985	0.906336521933105	0.872644963193324	0.12	0.132	0.739958291776226	0.848535409714498	0.77274472168906
LC_k1_0.12_k2_0.132	200	0.87307132678317	0.857211430285757	0.89892747318683	0.876917422935574	0.12	0.132	0.739958291776226	0.848535409714498	0.77274472168906
LC_k1_0.12_k2_0.132	210	0.860744493720298	0.842639774792431	0.887314581153444	0.880209787717894	0.12	0.132	0.739958291776226	0.848535409714498	0.77274472168906
LC_k1_0.12_k2_0.132	220	0.857759645672619	0.83927917368691	0.885186207829238	0.883179028867989	0.12	0.132	0.739958291776226	0.848535409714498	0.77274472168906
LC_k1_0.12_k2_0.132	230	0.858354518084915	0.839968044107023	0.887768734018971	0.890741421100259	0.12	0.132	0.739958291776226	0.848535409714498	0.77274472168906
LC_k1_0.12_k2_0.132	240	0.841324502161496	0.820753832531815	0.870522057674612	0.901515651313391	0.12	0.132	0.739958291776226	0.848535409714498	0.77274472168906
LC_k1_0.12_k2_0.132	240	0.841324502161496	0.820753832531815	0.870522057674612	0.901515651313391	0.12	0.132	0.739958291776226	0.848535409714498	0.77274472168906
LC_k1_0.12_k2_0.132	250	0.824248067969088	0.80242115873854	0.858387750204003	0.901515651313391	0.12	0.132	0.739958291776226	0.848535409714498	0.77274472168906
LC_k1_0.12_k2_0.132	260	0.809458264630678	0.784129259991329	0.84304660856385	0.901515651313391	0.12	0.132	0.739958291776226	0.848535409714498	0.77274472168906
LC_k1_0.12_k2_0.132	270	0.803718081790483	0.775920108643466	0.835564883529876	0.901515651313391	0.12	0.132	0.739958291776226	0.848535409714498	0.77274472168906
LC_k1_0.12_k2_0.132	280	0.793644598236494	0.765040917067091	0.826874613925469	0.901515651313391	0.12	0.132	0.739958291776226	0.848535409714498	0.77274472168906
LC_k1_0.12_k2_0.132	290	0.799415713254207	0.77252326998845	0.82660091493154	0.901515651313391	0.12	0.132	0.739958291776226	0.848535409714498	0.77274472168906
LC_k1_0.12_k2_0.132	300	0.791174124156935	0.765408504538939	0.818639318214647	0.901515651313391	0.12	0.132	0.739958291776226	0.848535409714498	0.77274472168906
LC_k1_0.12_k2_0.146	10	0.418181818181818	0.418181818181818	-0.139393939393939	0.733333333333333	0.12	0.146	0.731163296763079	0.839822024471635	0.765706973768394
LC_k1_0.12_k2_0.146	20	0.831578947368421	0.813533834586466	0.384962406015038	0.759398496240602	0.12	0.146	0.731163296763079	0.839822024471635	0.765706973768394
LC_k1_0.12_k2_0.146	30	0.886540600667408	0.87007786429366	0.602669632925473	0.787319243604004	0.12	0.146	0.731163296763079	0.839822024471635	0.765706973768394
LC_k1_0.12_k2_0.146	40	0.841651031894935	0.8187617260788	0.677110694183865	0.801313320825516	0.12	0.146	0.731163296763079	0.839822024471635	0.765706973768394
LC_k1_0.12_k2_0.146	50	0.849891956782713	0.827611044417767	0.743961584633854	0.76797118847539	0.12	0.146	0.731163296763079	0.839822024471635	0.765706973768394
LC_k1_0.12_k2_0.146	60	0.86018338427341	0.835232008891359	0.7939427618783	0.798721867185329	0.12	0.146	0.731163296763079	0.839822024471635	0.765706973768394
LC_k1_0.12_k2_0.146	70	0.873396903158079	0.851281602659435	0.818563555244511	0.847817338815502	0.12	0.146	0.731163296763079	0.839822024471635	0.765706973768394
LC_k1_0.12_k2_0.146	80	0.86530707923113	0.851593999062354	0.839803094233474	0.8671354899203	0.12	0.146	0.731163296763079	0.839822024471635	0.765706973768394
LC_k1_0.12_k2_0.146	90	0.864444170062148	0.855323702514714	0.847833065810594	0.882964975099807	0.12	0.146	0.731163296763079	0.839822024471635	0.765706973768394
LC_k1_0.12_k2_0.146	100	0.858697869786979	0.84968496849685	0.845100510051005	0.902322232223222	0.12	0.146	0.731163296763079	0.839822024471635	0.765706973768394
LC_k1_0.12_k2_0.146	110	0.853932330996551	0.851001961093704	0.850406870590357	0.918409485381962	0.12	0.146	0.731163296763079	0.839822024471635	0.765706973768394
LC_k1_0.12_k2_0.146	120	0.867435238558233	0.865198972150844	0.869942357108132	0.923598861032016	0.12	0.146	0.731163296763079	0.839822024471635	0.765706973768394
LC_k1_0.12_k2_0.146	130	0.880129456909148	0.875366316623196	0.88521487388876	0.928208769749689	0.12	0.146	0.731163296763079	0.839822024471635	0.765706973768394
LC_k1_0.12_k2_0.146	140	0.881104721086353	0.874251601758107	0.889632852988126	0.919052721348757	0.12	0.146	0.731163296763079	0.839822024471635	0.765706973768394
LC_k1_0.12_k2_0.146	150	0.890274234410418	0.881982310324904	0.903121027601227	0.912902795679808	0.12	0.146	0.731163296763079	0.839822024471635	0.765706973768394
LC_k1_0.12_k2_0.146	160	0.879283370444158	0.871062346185398	0.893390366811203	0.910479901558654	0.12	0.146	0.731163296763079	0.839822024471635	0.765706973768394
LC_k1_0.12_k2_0.146	170	0.884971391234788	0.873476590885498	0.903312754563052	0.894543877968503	0.12	0.146	0.731163296763079	0.839822024471635	0.765706973768394
LC_k1_0.12_k2_0.146	180	0.881179460271408	0.869349877053819	0.898966017469675	0.888157041884009	0.12	0.146	0.731163296763079	0.839822024471635	0.765706973768394
LC_k1_0.12_k2_0.146	190	0.860791595043455	0.847811500828861	0.8822781211318	0.877556019192834	0.12	0.146	0.731163296763079	0.839822024471635	0.765706973768394
LC_k1_0.12_k2_0.146	200	0.852726318157954	0.834685367134179	0.873561839045976	0.885422635565889	0.12	0.146	0.731163296763079	0.839822024471635	0.765706973768394
LC_k1_0.12_k2_0.146	210	0.836403157829948	0.819152361731559	0.858761941475835	0.88749469537696	0.12	0.146	0.731163296763079	0.839822024471635	0.765706973768394
LC_k1_0.12_k2_0.146	220	0.82475896384035	0.810094498571533	0.848639998196807	0.889936493804342	0.12	0.146	0.731163296763079	0.839822024471635	0.765706973768394
LC_k1_0.12_k2_0.146	230	0.813773088502536	0.797774429861007	0.836577168796649	0.89590959638425	0.12	0.146	0.731163296763079	0.839822024471635	0.765706973768394
LC_k1_0.12_k2_0.146	240	0.810018403097276	0.786760186808799	0.828550842896578	0.906592996406187	0.12	0.146	0.731163296763079	0.839822024471635	0.765706973768394
LC_k1_0.12_k2_0.146	240	0.810018403097276	0.786760186808799	0.828550842896578	0.906592996406187	0.12	0.146	0.731163296763079	0.839822024471635	0.765706973768394
LC_k1_0.12_k2_0.146	250	0.798423654778476	0.777602073633178	0.818416550664811	0.906592996406187	0.12	0.146	0.731163296763079	0.839822024471635	0.765706973768394
LC_k1_0.12_k2_0.146	260	0.788225815812023	0.763805563805564	0.811406859682722	0.906592996406187	0.12	0.146	0.731163296763079	0.839822024471635	0.765706973768394
LC_k1_0.12_k2_0.146	270	0.799386975282392	0.772180383513872	0.825842451733067	0.906592996406187	0.12	0.146	0.731163296763079	0.839822024471635	0.765706973768394
LC_k1_0.12_k2_0.146	280	0.794581016886148	0.771498543166549	0.814773876488949	0.906592996406187	0.12	0.146	0.731163296763079	0.839822024471635	0.765706973768394
LC_k1_0.12_k2_0.146	290	0.79012223278722	0.762965076873685	0.809861530191634	0.906592996406187	0.12	0.146	0.731163296763079	0.839822024471635	0.765706973768394
LC_k1_0.12_k2_0.146	300	0.779589550995011	0.753664374048601	0.80044267158524	0.906592996406187	0.12	0.146	0.731163296763079	0.839822024471635	0.765706973768394
LC_k1_0.12_k2_0.159	10	0.36969696969697	0.260606060606061	-0.0909090909090909	0.696969696969697	0.12	0.159	0.721733611388159	0.831108639228773	0.758157389635317
LC_k1_0.12_k2_0.159	20	0.804511278195489	0.777443609022556	0.359398496240602	0.757894736842105	0.12	0.159	0.721733611388159	0.831108639228773	0.758157389635317
LC_k1_0.12_k2_0.159	30	0.866518353726363	0.852725250278087	0.550166852057842	0.793993325917686	0.12	0.159	0.721733611388159	0.831108639228773	0.758157389635317
LC_k1_0.12_k2_0.159	40	0.877298311444653	0.86454033771107	0.69718574108818	0.809943714821764	0.12	0.159	0.721733611388159	0.831108639228773	0.758157389635317
LC_k1_0.12_k2_0.159	50	0.862761104441777	0.839135654261705	0.765954381752701	0.796302521008403	0.12	0.159	0.721733611388159	0.831108639228773	0.758157389635317
LC_k1_0.12_k2_0.159	60	0.856682411781051	0.835732147818839	0.782550708530147	0.809335926646291	0.12	0.159	0.721733611388159	0.831108639228773	0.758157389635317
LC_k1_0.12_k2_0.159	70	0.882494969818913	0.86300411162628	0.820698101653399	0.850616743941912	0.12	0.159	0.721733611388159	0.831108639228773	0.758157389635317
LC_k1_0.12_k2_0.159	80	0.865658696671355	0.85028129395218	0.835185185185185	0.861415846225973	0.12	0.159	0.721733611388159	0.831108639228773	0.758157389635317
LC_k1_0.12_k2_0.159	90	0.867572128246286	0.855982220027164	0.84765197349467	0.888381281639709	0.12	0.159	0.721733611388159	0.831108639228773	0.758157389635317
LC_k1_0.12_k2_0.159	100	0.873387338733873	0.868454845484548	0.857605760576058	0.898805880588059	0.12	0.159	0.721733611388159	0.831108639228773	0.758157389635317
LC_k1_0.12_k2_0.159	110	0.875553952618173	0.874012127223136	0.870847327728061	0.917868494015283	0.12	0.159	0.721733611388159	0.831108639228773	0.758157389635317
LC_k1_0.12_k2_0.159	120	0.888276963678033	0.885276755330231	0.890547954719078	0.920556983123828	0.12	0.159	0.721733611388159	0.831108639228773	0.758157389635317
LC_k1_0.12_k2_0.159	130	0.891037703642	0.887153996367559	0.89527646151115	0.926428054459299	0.12	0.159	0.721733611388159	0.831108639228773	0.758157389635317
LC_k1_0.12_k2_0.159	140	0.897408759922154	0.892353108394743	0.906509807351687	0.919481314644333	0.12	0.159	0.721733611388159	0.831108639228773	0.758157389635317
LC_k1_0.12_k2_0.159	150	0.888315036223832	0.881040046224277	0.899145739810658	0.907398551046713	0.12	0.159	0.721733611388159	0.831108639228773	0.758157389635317
LC_k1_0.12_k2_0.159	160	0.890788702683699	0.88027950310559	0.906630141802414	0.901362357904605	0.12	0.159	0.721733611388159	0.831108639228773	0.758157389635317
LC_k1_0.12_k2_0.159	170	0.890335305719921	0.877851258846734	0.908964893961322	0.895247342163275	0.12	0.159	0.721733611388159	0.831108639228773	0.758157389635317
LC_k1_0.12_k2_0.159	180	0.886249575604185	0.871662705639063	0.906042367562785	0.886329824994599	0.12	0.159	0.721733611388159	0.831108639228773	0.758157389635317
LC_k1_0.12_k2_0.159	190	0.875760955617666	0.861825593652544	0.896318457575002	0.877863944328535	0.12	0.159	0.721733611388159	0.831108639228773	0.758157389635317
LC_k1_0.12_k2_0.159	200	0.854328358208955	0.840814520363009	0.873930848271207	0.882569564239106	0.12	0.159	0.721733611388159	0.831108639228773	0.758157389635317
LC_k1_0.12_k2_0.159	210	0.845011062771103	0.827411700297707	0.870374773642421	0.889080737172531	0.12	0.159	0.721733611388159	0.831108639228773	0.758157389635317
LC_k1_0.12_k2_0.159	220	0.840330660475705	0.823628587367508	0.869003679640263	0.886756112541769	0.12	0.159	0.721733611388159	0.831108639228773	0.758157389635317
LC_k1_0.12_k2_0.159	230	0.829679035602711	0.810750100478599	0.857795289957811	0.893877832818406	0.12	0.159	0.721733611388159	0.831108639228773	0.758157389635317
LC_k1_0.12_k2_0.159	240	0.820043750759562	0.798705706696297	0.845890553655445	0.904720568065418	0.12	0.159	0.721733611388159	0.831108639228773	0.758157389635317
LC_k1_0.12_k2_0.159	240	0.820043750759562	0.798705706696297	0.845890553655445	0.904720568065418	0.12	0.159	0.721733611388159	0.831108639228773	0.758157389635317
LC_k1_0.12_k2_0.159	250	0.811904574473191	0.78892948687179	0.836519368309893	0.904720568065418	0.12	0.159	0.721733611388159	0.831108639228773	0.758157389635317
LC_k1_0.12_k2_0.159	260	0.807017400120848	0.785625185625186	0.83800647938579	0.904720568065418	0.12	0.159	0.721733611388159	0.831108639228773	0.758157389635317
LC_k1_0.12_k2_0.159	270	0.803024275595916	0.775110464859295	0.833429204180518	0.904720568065418	0.12	0.159	0.721733611388159	0.831108639228773	0.758157389635317
LC_k1_0.12_k2_0.159	280	0.792836096670329	0.766462217994763	0.824434349563497	0.904720568065418	0.12	0.159	0.721733611388159	0.831108639228773	0.758157389635317
LC_k1_0.12_k2_0.159	290	0.797792503170524	0.770824287139418	0.822670571752258	0.904720568065418	0.12	0.159	0.721733611388159	0.831108639228773	0.758157389635317
LC_k1_0.12_k2_0.159	300	0.792368804097823	0.764142712696808	0.813946821631352	0.904720568065418	0.12	0.159	0.721733611388159	0.831108639228773	0.758157389635317
LC_k1_0.12_k2_0.172	10	0.36969696969697	0.296969696969697	-0.175757575757576	0.696969696969697	0.12	0.172	0.715386707770423	0.825361512791991	0.750735764555342
LC_k1_0.12_k2_0.172	20	0.789473684210526	0.753383458646617	0.369924812030075	0.766917293233083	0.12	0.172	0.715386707770423	0.825361512791991	0.750735764555342
LC_k1_0.12_k2_0.172	30	0.866963292547275	0.853615127919911	0.573748609566185	0.801557285873192	0.12	0.172	0.715386707770423	0.825361512791991	0.750735764555342
LC_k1_0.12_k2_0.172	40	0.880863039399625	0.868105065666042	0.70844277673546	0.81594746716698	0.12	0.172	0.715386707770423	0.825361512791991	0.750735764555342
LC_k1_0.12_k2_0.172	50	0.856230492196879	0.833181272509004	0.770276110444178	0.801008403361345	0.12	0.172	0.715386707770423	0.825361512791991	0.750735764555342
LC_k1_0.12_k2_0.172	60	0.867352042233954	0.851958877465963	0.80150041678244	0.812281189219228	0.12	0.172	0.715386707770423	0.825361512791991	0.750735764555342
LC_k1_0.12_k2_0.172	70	0.881165252383868	0.865243635727408	0.824302335753652	0.852926253171201	0.12	0.172	0.715386707770423	0.825361512791991	0.750735764555342
LC_k1_0.12_k2_0.172	80	0.864158462259728	0.850023441162682	0.834880450070324	0.867768401312705	0.12	0.172	0.715386707770423	0.825361512791991	0.750735764555342
LC_k1_0.12_k2_0.172	90	0.869136107338355	0.858336420134173	0.850022636539491	0.889072725027781	0.12	0.172	0.715386707770423	0.825361512791991	0.750735764555342
LC_k1_0.12_k2_0.172	100	0.874863486348635	0.870627062706271	0.85946594659466	0.899525952595259	0.12	0.172	0.715386707770423	0.825361512791991	0.750735764555342
LC_k1_0.12_k2_0.172	110	0.874093275928138	0.872488334873656	0.87018010504249	0.918580799314744	0.12	0.172	0.715386707770423	0.825361512791991	0.750735764555342
LC_k1_0.12_k2_0.172	120	0.890464615598305	0.887096326133759	0.89104104451698	0.921404264185013	0.12	0.172	0.715386707770423	0.825361512791991	0.750735764555342
LC_k1_0.12_k2_0.172	130	0.893424736101818	0.889349847737918	0.898166027120403	0.928115910363381	0.12	0.172	0.715386707770423	0.825361512791991	0.750735764555342
LC_k1_0.12_k2_0.172	140	0.894439220659946	0.888635717565765	0.900553235223372	0.920071723775995	0.12	0.172	0.715386707770423	0.825361512791991	0.750735764555342
LC_k1_0.12_k2_0.172	150	0.889840437352771	0.881939641761856	0.901471176496733	0.907924796657629	0.12	0.172	0.715386707770423	0.825361512791991	0.750735764555342
LC_k1_0.12_k2_0.172	160	0.894064221258643	0.883191726239306	0.912395992030939	0.901684636118598	0.12	0.172	0.715386707770423	0.825361512791991	0.750735764555342
LC_k1_0.12_k2_0.172	170	0.897179426114887	0.885005587410922	0.915059141065333	0.898796416729258	0.12	0.172	0.715386707770423	0.825361512791991	0.750735764555342
LC_k1_0.12_k2_0.172	180	0.894171630811651	0.880424292930852	0.916190828935049	0.887430682016935	0.12	0.172	0.715386707770423	0.825361512791991	0.750735764555342
LC_k1_0.12_k2_0.172	190	0.87001185336815	0.855782562864404	0.893419412405359	0.878647753764866	0.12	0.172	0.715386707770423	0.825361512791991	0.750735764555342
LC_k1_0.12_k2_0.172	200	0.851475286882172	0.835076876921923	0.874299857496438	0.883310582764569	0.12	0.172	0.715386707770423	0.825361512791991	0.750735764555342
LC_k1_0.12_k2_0.172	210	0.85019161432232	0.833215524809438	0.875009799379967	0.889783053065667	0.12	0.172	0.715386707770423	0.825361512791991	0.750735764555342
LC_k1_0.12_k2_0.172	220	0.841099271397418	0.825663941215916	0.870723474752484	0.887191132799513	0.12	0.172	0.715386707770423	0.825361512791991	0.750735764555342
LC_k1_0.12_k2_0.172	230	0.836376951319044	0.819870351786053	0.862750425955287	0.894245720104843	0.12	0.172	0.715386707770423	0.825361512791991	0.750735764555342
LC_k1_0.12_k2_0.172	240	0.821267730342541	0.800686643865345	0.846632754040869	0.905020920502092	0.12	0.172	0.715386707770423	0.825361512791991	0.750735764555342
LC_k1_0.12_k2_0.172	240	0.821267730342541	0.800686643865345	0.846632754040869	0.905020920502092	0.12	0.172	0.715386707770423	0.825361512791991	0.750735764555342
LC_k1_0.12_k2_0.172	250	0.818483367733884	0.794983727739644	0.842158114529832	0.905020920502092	0.12	0.172	0.715386707770423	0.825361512791991	0.750735764555342
LC_k1_0.12_k2_0.172	260	0.805532398635847	0.78328605225157	0.83810957604061	0.905020920502092	0.12	0.172	0.715386707770423	0.825361512791991	0.750735764555342
LC_k1_0.12_k2_0.172	270	0.805630621361976	0.776938260088921	0.836154435893801	0.905020920502092	0.12	0.172	0.715386707770423	0.825361512791991	0.750735764555342
LC_k1_0.12_k2_0.172	280	0.796449480951834	0.767597618774292	0.828804849916089	0.905020920502092	0.12	0.172	0.715386707770423	0.825361512791991	0.750735764555342
LC_k1_0.12_k2_0.172	290	0.799585463929827	0.77027026029667	0.822299580420613	0.905020920502092	0.12	0.172	0.715386707770423	0.825361512791991	0.750735764555342
LC_k1_0.12_k2_0.172	300	0.794795942177135	0.767096523294703	0.815280614229047	0.905020920502092	0.12	0.172	0.715386707770423	0.825361512791991	0.750735764555342
LC_k1_0.12_k2_0.186	10	0.393939393939394	0.6	0.0303030303030303	0.721212121212121	0.12	0.186	0.706410372653912	0.817389692250649	0.743058221369162
LC_k1_0.12_k2_0.186	20	0.827067669172932	0.792481203007519	0.451127819548872	0.760902255639098	0.12	0.186	0.706410372653912	0.817389692250649	0.743058221369162
LC_k1_0.12_k2_0.186	30	0.900333704115684	0.874082313681869	0.630255839822025	0.838932146829811	0.12	0.186	0.706410372653912	0.817389692250649	0.743058221369162
LC_k1_0.12_k2_0.186	40	0.890806754221389	0.871482176360225	0.730581613508443	0.789681050656661	0.12	0.186	0.706410372653912	0.817389692250649	0.743058221369162
LC_k1_0.12_k2_0.186	50	0.855366146458584	0.831452581032413	0.774981992797119	0.786698679471789	0.12	0.186	0.706410372653912	0.817389692250649	0.743058221369162
LC_k1_0.12_k2_0.186	60	0.867852181161434	0.843456515698805	0.806612948041123	0.818560711308697	0.12	0.186	0.706410372653912	0.817389692250649	0.743058221369162
LC_k1_0.12_k2_0.186	70	0.85264631265856	0.836059837284577	0.809885399352638	0.860064736243548	0.12	0.186	0.706410372653912	0.817389692250649	0.743058221369162
LC_k1_0.12_k2_0.186	80	0.86488513830286	0.852062822315987	0.837716830754806	0.869690576652602	0.12	0.186	0.706410372653912	0.817389692250649	0.743058221369162
LC_k1_0.12_k2_0.186	90	0.864905132320863	0.853414001728608	0.846417253158826	0.894851216199531	0.12	0.186	0.706410372653912	0.817389692250649	0.743058221369162
LC_k1_0.12_k2_0.186	100	0.868310831083108	0.863222322232223	0.852589258925893	0.905082508250825	0.12	0.186	0.706410372653912	0.817389692250649	0.743058221369162
LC_k1_0.12_k2_0.186	110	0.873750648062575	0.871857178279197	0.869810427608593	0.923134143317629	0.12	0.186	0.706410372653912	0.817389692250649	0.743058221369162
LC_k1_0.12_k2_0.186	120	0.887374123203	0.885422598791583	0.888575595527467	0.924786443503021	0.12	0.186	0.706410372653912	0.817389692250649	0.743058221369162
LC_k1_0.12_k2_0.186	130	0.887312403555968	0.88363080200467	0.892567152357673	0.924303213207882	0.12	0.186	0.706410372653912	0.817389692250649	0.743058221369162
LC_k1_0.12_k2_0.186	140	0.899503618989307	0.892834182502023	0.906675996588747	0.919258271194595	0.12	0.186	0.706410372653912	0.817389692250649	0.743058221369162
LC_k1_0.12_k2_0.186	150	0.898214142850794	0.88830436908307	0.908141695186453	0.909798657718121	0.12	0.186	0.706410372653912	0.817389692250649	0.743058221369162
LC_k1_0.12_k2_0.186	160	0.890185163482948	0.879022618071018	0.904629087073714	0.906252197351459	0.12	0.186	0.706410372653912	0.817389692250649	0.743058221369162
LC_k1_0.12_k2_0.186	170	0.887411532660402	0.876859569738827	0.907794896220712	0.904363065687191	0.12	0.186	0.706410372653912	0.817389692250649	0.743058221369162
LC_k1_0.12_k2_0.186	180	0.885510869677048	0.871948722697203	0.907075321254771	0.889307283146599	0.12	0.186	0.706410372653912	0.817389692250649	0.743058221369162
LC_k1_0.12_k2_0.186	190	0.880542543094211	0.865504949109248	0.89992783004632	0.881938703652675	0.12	0.186	0.706410372653912	0.817389692250649	0.743058221369162
LC_k1_0.12_k2_0.186	200	0.85641641041026	0.842281557038926	0.880267006675167	0.886489162229056	0.12	0.186	0.706410372653912	0.817389692250649	0.743058221369162
LC_k1_0.12_k2_0.186	210	0.857032067458608	0.842240672771977	0.88090951203947	0.891098275633072	0.12	0.186	0.706410372653912	0.817389692250649	0.743058221369162
LC_k1_0.12_k2_0.186	220	0.838467736936714	0.822313383634899	0.863189509926013	0.889988335596716	0.12	0.186	0.706410372653912	0.817389692250649	0.743058221369162
LC_k1_0.12_k2_0.186	230	0.830435522328441	0.813784924018454	0.855276297653363	0.897034956689409	0.12	0.186	0.706410372653912	0.817389692250649	0.743058221369162
LC_k1_0.12_k2_0.186	240	0.821527283459782	0.79982291359225	0.843729925866768	0.907168527231375	0.12	0.186	0.706410372653912	0.817389692250649	0.743058221369162
LC_k1_0.12_k2_0.186	240	0.821527283459782	0.79982291359225	0.843729925866768	0.907168527231375	0.12	0.186	0.706410372653912	0.817389692250649	0.743058221369162
LC_k1_0.12_k2_0.186	250	0.821110737771804	0.798169442711083	0.842810156962511	0.907168527231375	0.12	0.186	0.706410372653912	0.817389692250649	0.743058221369162
LC_k1_0.12_k2_0.186	260	0.807850366471056	0.78584776515811	0.834844621051517	0.907168527231375	0.12	0.186	0.706410372653912	0.817389692250649	0.743058221369162
LC_k1_0.12_k2_0.186	270	0.806923734664856	0.775992049883324	0.83307315601037	0.907168527231375	0.12	0.186	0.706410372653912	0.817389692250649	0.743058221369162
LC_k1_0.12_k2_0.186	280	0.806383281127857	0.776894566803877	0.827501079642051	0.907168527231375	0.12	0.186	0.706410372653912	0.817389692250649	0.743058221369162
LC_k1_0.12_k2_0.186	290	0.797147942634112	0.768621464603909	0.819267685744757	0.907168527231375	0.12	0.186	0.706410372653912	0.817389692250649	0.743058221369162
LC_k1_0.12_k2_0.186	300	0.790176335292614	0.76506050067223	0.81250947232747	0.907168527231375	0.12	0.186	0.706410372653912	0.817389692250649	0.743058221369162
LC_k1_0.12_k2_0.199	10	0.393939393939394	0.357575757575758	-0.224242424242424	0.709090909090909	0.12	0.199	0.699791458881132	0.809974045235447	0.737044145873321
LC_k1_0.12_k2_0.199	20	0.790977443609023	0.756390977443609	0.354887218045113	0.771428571428571	0.12	0.199	0.699791458881132	0.809974045235447	0.737044145873321
LC_k1_0.12_k2_0.199	30	0.877196885428254	0.862958843159066	0.580422691879867	0.815350389321468	0.12	0.199	0.699791458881132	0.809974045235447	0.737044145873321
LC_k1_0.12_k2_0.199	40	0.898499061913696	0.885553470919325	0.725328330206379	0.824202626641651	0.12	0.199	0.699791458881132	0.809974045235447	0.737044145873321
LC_k1_0.12_k2_0.199	50	0.869003601440576	0.845858343337335	0.784393757503001	0.792268907563025	0.12	0.199	0.699791458881132	0.809974045235447	0.737044145873321
LC_k1_0.12_k2_0.199	60	0.870908585718255	0.852236732425674	0.802722978605168	0.817060294526258	0.12	0.199	0.699791458881132	0.809974045235447	0.737044145873321
LC_k1_0.12_k2_0.199	70	0.877561018283615	0.864473799317645	0.834065261132009	0.857300323681218	0.12	0.199	0.699791458881132	0.809974045235447	0.737044145873321
LC_k1_0.12_k2_0.199	80	0.880965775902485	0.866315049226442	0.850539146741678	0.874753867791842	0.12	0.199	0.699791458881132	0.809974045235447	0.737044145873321
LC_k1_0.12_k2_0.199	90	0.874223155122032	0.86658435197761	0.85329876116393	0.8899781866074	0.12	0.199	0.699791458881132	0.809974045235447	0.737044145873321
LC_k1_0.12_k2_0.199	100	0.890645064506451	0.885412541254125	0.873867386738674	0.89974197419742	0.12	0.199	0.699791458881132	0.809974045235447	0.737044145873321
LC_k1_0.12_k2_0.199	110	0.890791876112977	0.889096769830715	0.886355746906206	0.915803710299123	0.12	0.199	0.699791458881132	0.809974045235447	0.737044145873321
LC_k1_0.12_k2_0.199	120	0.899583304396139	0.896506701854295	0.898513785679561	0.925744843391902	0.12	0.199	0.699791458881132	0.809974045235447	0.737044145873321
LC_k1_0.12_k2_0.199	130	0.903054800693714	0.899613541083451	0.906048150322959	0.919310655614579	0.12	0.199	0.699791458881132	0.809974045235447	0.737044145873321
LC_k1_0.12_k2_0.199	140	0.897360652511426	0.891788939668934	0.905014104218145	0.922166582843148	0.12	0.199	0.699791458881132	0.809974045235447	0.737044145873321
LC_k1_0.12_k2_0.199	150	0.90001688963954	0.894416640739589	0.913560602693453	0.920796479843549	0.12	0.199	0.699791458881132	0.809974045235447	0.737044145873321
LC_k1_0.12_k2_0.199	160	0.897497949138638	0.887876479549982	0.911602015703738	0.907813781788351	0.12	0.199	0.699791458881132	0.809974045235447	0.737044145873321
LC_k1_0.12_k2_0.199	170	0.894463272696186	0.881883965046623	0.910723554448251	0.900296163311167	0.12	0.199	0.699791458881132	0.809974045235447	0.737044145873321
LC_k1_0.12_k2_0.199	180	0.891899955759951	0.877337777914956	0.913382100270585	0.886681687706411	0.12	0.199	0.699791458881132	0.809974045235447	0.737044145873321
LC_k1_0.12_k2_0.199	190	0.877802709216322	0.865013318636907	0.901327489754054	0.881837228323864	0.12	0.199	0.699791458881132	0.809974045235447	0.737044145873321
LC_k1_0.12_k2_0.199	200	0.874712367809195	0.859605490137253	0.899255981399535	0.886439660991525	0.12	0.199	0.699791458881132	0.809974045235447	0.737044145873321
LC_k1_0.12_k2_0.199	210	0.868464785401677	0.853169330046357	0.895685357296732	0.89167230873392	0.12	0.199	0.699791458881132	0.809974045235447	0.737044145873321
LC_k1_0.12_k2_0.199	220	0.862490772724455	0.847310143522875	0.891237046595628	0.889702078743175	0.12	0.199	0.699791458881132	0.809974045235447	0.737044145873321
LC_k1_0.12_k2_0.199	230	0.855423255309339	0.835708244669703	0.882728776824087	0.894887796843369	0.12	0.199	0.699791458881132	0.809974045235447	0.737044145873321
LC_k1_0.12_k2_0.199	240	0.842625740030209	0.821632320005556	0.868967343183041	0.905750967898748	0.12	0.199	0.699791458881132	0.809974045235447	0.737044145873321
LC_k1_0.12_k2_0.199	240	0.842625740030209	0.821632320005556	0.868967343183041	0.905750967898748	0.12	0.199	0.699791458881132	0.809974045235447	0.737044145873321
LC_k1_0.12_k2_0.199	250	0.836330437286997	0.813356117697883	0.859526712427399	0.905750967898748	0.12	0.199	0.699791458881132	0.809974045235447	0.737044145873321
LC_k1_0.12_k2_0.199	260	0.824546562477597	0.797756452928867	0.849822311891277	0.905750967898748	0.12	0.199	0.699791458881132	0.809974045235447	0.737044145873321
LC_k1_0.12_k2_0.199	270	0.813976414857085	0.790087045851871	0.848028398499598	0.905750967898748	0.12	0.199	0.699791458881132	0.809974045235447	0.737044145873321
LC_k1_0.12_k2_0.199	280	0.805485128272409	0.777967102350066	0.83592994079735	0.905750967898748	0.12	0.199	0.699791458881132	0.809974045235447	0.737044145873321
LC_k1_0.12_k2_0.199	290	0.800981847748405	0.772535570762045	0.830638520856577	0.905750967898748	0.12	0.199	0.699791458881132	0.809974045235447	0.737044145873321
LC_k1_0.12_k2_0.199	300	0.804456049511661	0.77329703663374	0.82669496327737	0.905750967898748	0.12	0.199	0.699791458881132	0.809974045235447	0.737044145873321
LC_k1_0.12_k2_0.212	10	0.563636363636364	0.454545454545455	-0.139393939393939	0.793939393939394	0.12	0.212	0.690905793816302	0.802373007044865	0.729622520793346
LC_k1_0.12_k2_0.212	20	0.771428571428571	0.75187969924812	0.345864661654135	0.774436090225564	0.12	0.212	0.690905793816302	0.802373007044865	0.729622520793346
LC_k1_0.12_k2_0.212	30	0.892324805339266	0.870522803114572	0.579532814238042	0.85139043381535	0.12	0.212	0.690905793816302	0.802373007044865	0.729622520793346
LC_k1_0.12_k2_0.212	40	0.908630393996248	0.895309568480301	0.728517823639775	0.825703564727955	0.12	0.212	0.690905793816302	0.802373007044865	0.729622520793346
LC_k1_0.12_k2_0.212	50	0.875822328931573	0.852292917166867	0.78593037214886	0.798511404561825	0.12	0.212	0.690905793816302	0.802373007044865	0.729622520793346
LC_k1_0.12_k2_0.212	60	0.878243956654626	0.860461239233121	0.808780216726869	0.817171436510142	0.12	0.212	0.690905793816302	0.802373007044865	0.729622520793346
LC_k1_0.12_k2_0.212	70	0.875811390079608	0.864298836497244	0.832105677543522	0.853871052401365	0.12	0.212	0.690905793816302	0.802373007044865	0.729622520793346
LC_k1_0.12_k2_0.212	80	0.876980778246601	0.865142991092358	0.845522737927801	0.872995780590717	0.12	0.212	0.690905793816302	0.802373007044865	0.729622520793346
LC_k1_0.12_k2_0.212	90	0.876099930032514	0.869531217845825	0.853265835288307	0.887640449438202	0.12	0.212	0.690905793816302	0.802373007044865	0.729622520793346
LC_k1_0.12_k2_0.212	100	0.89006900690069	0.885580558055806	0.872703270327033	0.899369936993699	0.12	0.212	0.690905793816302	0.802373007044865	0.729622520793346
LC_k1_0.12_k2_0.212	110	0.892622230236909	0.891053355273539	0.887248382661227	0.915893875526903	0.12	0.212	0.690905793816302	0.802373007044865	0.729622520793346
LC_k1_0.12_k2_0.212	120	0.903021043127995	0.899791652198069	0.901604278074866	0.922966872699493	0.12	0.212	0.690905793816302	0.802373007044865	0.729622520793346
LC_k1_0.12_k2_0.212	130	0.901590899780142	0.898876128309823	0.904485927706236	0.917245899848421	0.12	0.212	0.690905793816302	0.802373007044865	0.729622520793346
LC_k1_0.12_k2_0.212	140	0.900098401521944	0.894684131114562	0.907222671710656	0.920740854125211	0.12	0.212	0.690905793816302	0.802373007044865	0.729622520793346
LC_k1_0.12_k2_0.212	150	0.901446286501622	0.892364993999733	0.912316102937909	0.918275478910174	0.12	0.212	0.690905793816302	0.802373007044865	0.729622520793346
LC_k1_0.12_k2_0.212	160	0.909776749091761	0.897741122700105	0.92300480487519	0.908065744755654	0.12	0.212	0.690905793816302	0.802373007044865	0.729622520793346
LC_k1_0.12_k2_0.212	170	0.892853609833843	0.878957749403094	0.908251659430512	0.900635682488505	0.12	0.212	0.690905793816302	0.802373007044865	0.729622520793346
LC_k1_0.12_k2_0.212	180	0.889033612148523	0.877426258012079	0.910628928876406	0.886965647087873	0.12	0.212	0.690905793816302	0.802373007044865	0.729622520793346
LC_k1_0.12_k2_0.212	190	0.879645011306626	0.866981590100907	0.900800867789019	0.88550958548203	0.12	0.212	0.690905793816302	0.802373007044865	0.729622520793346
LC_k1_0.12_k2_0.212	200	0.873465836645916	0.858867471686792	0.897323933098327	0.886045151128778	0.12	0.212	0.690905793816302	0.802373007044865	0.729622520793346
LC_k1_0.12_k2_0.212	210	0.864637034205505	0.852413886936212	0.894498417521615	0.889952801002938	0.12	0.212	0.690905793816302	0.802373007044865	0.729622520793346
LC_k1_0.12_k2_0.212	220	0.859863746245696	0.848189200002254	0.891372286053994	0.890971075660842	0.12	0.212	0.690905793816302	0.802373007044865	0.729622520793346
LC_k1_0.12_k2_0.212	230	0.860699922822573	0.842018547239736	0.886385951242606	0.895194533964232	0.12	0.212	0.690905793816302	0.802373007044865	0.729622520793346
LC_k1_0.12_k2_0.212	240	0.844147467837983	0.822675740898279	0.869502074688796	0.906097328078612	0.12	0.212	0.690905793816302	0.802373007044865	0.729622520793346
LC_k1_0.12_k2_0.212	240	0.844147467837983	0.822675740898279	0.869502074688796	0.906097328078612	0.12	0.212	0.690905793816302	0.802373007044865	0.729622520793346
LC_k1_0.12_k2_0.212	250	0.835434934958959	0.812464455431287	0.858940719051505	0.906097328078612	0.12	0.212	0.690905793816302	0.802373007044865	0.729622520793346
LC_k1_0.12_k2_0.212	260	0.827816296781814	0.799169081927703	0.850333015850257	0.906097328078612	0.12	0.212	0.690905793816302	0.802373007044865	0.729622520793346
LC_k1_0.12_k2_0.212	270	0.816272437817315	0.791891673563576	0.842182258253809	0.906097328078612	0.12	0.212	0.690905793816302	0.802373007044865	0.729622520793346
LC_k1_0.12_k2_0.212	280	0.801907823168298	0.777215999475212	0.831661118126507	0.906097328078612	0.12	0.212	0.690905793816302	0.802373007044865	0.729622520793346
LC_k1_0.12_k2_0.212	290	0.800088319554417	0.774363465718359	0.829472899550653	0.906097328078612	0.12	0.212	0.690905793816302	0.802373007044865	0.729622520793346
LC_k1_0.12_k2_0.212	300	0.80388004311159	0.774569495216614	0.831113234591495	0.906097328078612	0.12	0.212	0.690905793816302	0.802373007044865	0.729622520793346
LC_k1_0.12_k2_0.226	10	0.6	0.454545454545455	-0.151515151515152	0.83030303030303	0.12	0.226	0.679572037356061	0.792361883574342	0.716442738323736
LC_k1_0.12_k2_0.226	20	0.762406015037594	0.724812030075188	0.374436090225564	0.759398496240602	0.12	0.226	0.679572037356061	0.792361883574342	0.716442738323736
LC_k1_0.12_k2_0.226	30	0.876751946607342	0.846051167964405	0.574638487208009	0.808231368186874	0.12	0.226	0.679572037356061	0.792361883574342	0.716442738323736
LC_k1_0.12_k2_0.226	40	0.867542213883678	0.837898686679175	0.714446529080676	0.838461538461539	0.12	0.226	0.679572037356061	0.792361883574342	0.716442738323736
LC_k1_0.12_k2_0.226	50	0.886002400960384	0.858631452581033	0.799855942376951	0.806578631452581	0.12	0.226	0.679572037356061	0.792361883574342	0.716442738323736
LC_k1_0.12_k2_0.226	60	0.898138371769936	0.876854681856071	0.833898305084746	0.815282022784107	0.12	0.226	0.679572037356061	0.792361883574342	0.716442738323736
LC_k1_0.12_k2_0.226	70	0.88169014084507	0.86828798880238	0.837844458052664	0.864228851369084	0.12	0.226	0.679572037356061	0.792361883574342	0.716442738323736
LC_k1_0.12_k2_0.226	80	0.863244256915143	0.851359587435537	0.831997187060478	0.872175339896859	0.12	0.226	0.679572037356061	0.792361883574342	0.716442738323736
LC_k1_0.12_k2_0.226	90	0.877828538502696	0.870765938181669	0.856558422850558	0.888414207515331	0.12	0.226	0.679572037356061	0.792361883574342	0.716442738323736
LC_k1_0.12_k2_0.226	100	0.895085508550855	0.88982898289829	0.878403840384038	0.898937893789379	0.12	0.226	0.679572037356061	0.792361883574342	0.716442738323736
LC_k1_0.12_k2_0.226	110	0.89346978337804	0.891873858846336	0.888988571557379	0.915334851114667	0.12	0.226	0.679572037356061	0.792361883574342	0.716442738323736
LC_k1_0.12_k2_0.226	120	0.898701298701299	0.896166400444475	0.897131745260087	0.921348704771165	0.12	0.226	0.679572037356061	0.792361883574342	0.716442738323736
LC_k1_0.12_k2_0.226	130	0.904092640893635	0.900596758114955	0.907725081593358	0.921151456390228	0.12	0.226	0.679572037356061	0.792361883574342	0.716442738323736
LC_k1_0.12_k2_0.226	140	0.902521265662242	0.896778990181715	0.910607684065514	0.917460803393759	0.12	0.226	0.679572037356061	0.792361883574342	0.716442738323736
LC_k1_0.12_k2_0.226	150	0.903654384639317	0.895956264722877	0.914221965420685	0.918691497399885	0.12	0.226	0.679572037356061	0.792361883574342	0.716442738323736
LC_k1_0.12_k2_0.226	160	0.898365170514473	0.88940876596742	0.91285890073831	0.904585140044533	0.12	0.226	0.679572037356061	0.792361883574342	0.716442738323736
LC_k1_0.12_k2_0.226	170	0.89806852669439	0.88482727877822	0.914328808446456	0.899592699116395	0.12	0.226	0.679572037356061	0.792361883574342	0.716442738323736
LC_k1_0.12_k2_0.226	180	0.882809140199801	0.869963064703643	0.901756227044045	0.885391524429766	0.12	0.226	0.679572037356061	0.792361883574342	0.716442738323736
LC_k1_0.12_k2_0.226	190	0.877911182843671	0.866342995359254	0.902910854798427	0.885042449054574	0.12	0.226	0.679572037356061	0.792361883574342	0.716442738323736
LC_k1_0.12_k2_0.226	200	0.868478211955299	0.857058426460662	0.895255381384535	0.881038025950649	0.12	0.226	0.679572037356061	0.792361883574342	0.716442738323736
LC_k1_0.12_k2_0.226	210	0.86237070487507	0.850113867175479	0.893045841661457	0.880439141801078	0.12	0.226	0.679572037356061	0.792361883574342	0.716442738323736
LC_k1_0.12_k2_0.226	220	0.8632154308222	0.850462349898289	0.891712638690882	0.889309884313913	0.12	0.226	0.679572037356061	0.792361883574342	0.716442738323736
LC_k1_0.12_k2_0.226	230	0.853266232533368	0.835586930631548	0.880531316035398	0.893892627213303	0.12	0.226	0.679572037356061	0.792361883574342	0.716442738323736
LC_k1_0.12_k2_0.226	240	0.842652650219622	0.820684386881717	0.869737321828504	0.903479227069914	0.12	0.226	0.679572037356061	0.792361883574342	0.716442738323736
LC_k1_0.12_k2_0.226	240	0.842652650219622	0.820684386881717	0.869737321828504	0.903479227069914	0.12	0.226	0.679572037356061	0.792361883574342	0.716442738323736
LC_k1_0.12_k2_0.226	250	0.831031920510728	0.810587433398934	0.857449239187827	0.903479227069914	0.12	0.226	0.679572037356061	0.792361883574342	0.716442738323736
LC_k1_0.12_k2_0.226	260	0.83045243045243	0.801807946635533	0.854970999798586	0.903479227069914	0.12	0.226	0.679572037356061	0.792361883574342	0.716442738323736
LC_k1_0.12_k2_0.226	270	0.809523983715673	0.781996095053887	0.839280831470025	0.903479227069914	0.12	0.226	0.679572037356061	0.792361883574342	0.716442738323736
LC_k1_0.12_k2_0.226	280	0.793923938534201	0.772086196434721	0.826456970114415	0.903479227069914	0.12	0.226	0.679572037356061	0.792361883574342	0.716442738323736
LC_k1_0.12_k2_0.226	290	0.794451121031002	0.771076206982657	0.826412959110999	0.903479227069914	0.12	0.226	0.679572037356061	0.792361883574342	0.716442738323736
LC_k1_0.12_k2_0.226	300	0.795985733174813	0.769655218391316	0.826993188813209	0.903479227069914	0.12	0.226	0.679572037356061	0.792361883574342	0.716442738323736
LC_k1_0.12_k2_0.239	10	0.587878787878788	0.454545454545455	0.0787878787878788	0.781818181818182	0.12	0.239	0.669779671774413	0.783648498331479	0.706078055022393
LC_k1_0.12_k2_0.239	20	0.759398496240602	0.732330827067669	0.357894736842105	0.855639097744361	0.12	0.239	0.669779671774413	0.783648498331479	0.706078055022393
LC_k1_0.12_k2_0.239	30	0.888765294771969	0.853615127919911	0.600889877641824	0.789988876529477	0.12	0.239	0.669779671774413	0.783648498331479	0.706078055022393
LC_k1_0.12_k2_0.239	40	0.90375234521576	0.878236397748593	0.732833020637899	0.811069418386492	0.12	0.239	0.669779671774413	0.783648498331479	0.706078055022393
LC_k1_0.12_k2_0.239	50	0.87515006002401	0.847683073229292	0.800240096038415	0.832797118847539	0.12	0.239	0.669779671774413	0.783648498331479	0.706078055022393
LC_k1_0.12_k2_0.239	60	0.893136982495138	0.873020283412059	0.835232008891359	0.822172825784941	0.12	0.239	0.669779671774413	0.783648498331479	0.706078055022393
LC_k1_0.12_k2_0.239	70	0.874271717260082	0.861324468550433	0.830531012159916	0.867798092905258	0.12	0.239	0.669779671774413	0.783648498331479	0.706078055022393
LC_k1_0.12_k2_0.239	80	0.866526019690577	0.858766994842944	0.837177684013127	0.885888420065635	0.12	0.239	0.669779671774413	0.783648498331479	0.706078055022393
LC_k1_0.12_k2_0.239	90	0.878421204263901	0.872165287895625	0.857760217310779	0.890307445363625	0.12	0.239	0.669779671774413	0.783648498331479	0.706078055022393
LC_k1_0.12_k2_0.239	100	0.895601560156016	0.890705070507051	0.878955895589559	0.89998199819982	0.12	0.239	0.669779671774413	0.783648498331479	0.706078055022393
LC_k1_0.12_k2_0.239	110	0.897058359443681	0.895525550571422	0.892306651939679	0.917787345310281	0.12	0.239	0.669779671774413	0.783648498331479	0.706078055022393
LC_k1_0.12_k2_0.239	120	0.904423918327661	0.902139037433155	0.902972428640878	0.923071046600458	0.12	0.239	0.669779671774413	0.783648498331479	0.706078055022393
LC_k1_0.12_k2_0.239	130	0.905512843272474	0.901738382334867	0.910893225361537	0.916803452184244	0.12	0.239	0.669779671774413	0.783648498331479	0.706078055022393
LC_k1_0.12_k2_0.239	140	0.902613107082723	0.896289169272485	0.909426865802191	0.920767094531062	0.12	0.239	0.669779671774413	0.783648498331479	0.706078055022393
LC_k1_0.12_k2_0.239	150	0.908899062180542	0.901833859282635	0.918780390239566	0.919267523001022	0.12	0.239	0.669779671774413	0.783648498331479	0.706078055022393
LC_k1_0.12_k2_0.239	160	0.904388843314192	0.896197117074886	0.91847533106762	0.908033516934255	0.12	0.239	0.669779671774413	0.783648498331479	0.706078055022393
LC_k1_0.12_k2_0.239	170	0.896002100622249	0.885999719102839	0.91267517907194	0.902855991353253	0.12	0.239	0.669779671774413	0.783648498331479	0.706078055022393
LC_k1_0.12_k2_0.239	180	0.888805210037347	0.876691667438296	0.906653497535932	0.891784725866025	0.12	0.239	0.669779671774413	0.783648498331479	0.706078055022393
LC_k1_0.12_k2_0.239	190	0.887633569088516	0.874646476575383	0.909506751171122	0.889218683707524	0.12	0.239	0.669779671774413	0.783648498331479	0.706078055022393
LC_k1_0.12_k2_0.239	200	0.877980949523738	0.86358358958974	0.90199954998875	0.887581189529738	0.12	0.239	0.669779671774413	0.783648498331479	0.706078055022393
LC_k1_0.12_k2_0.239	210	0.876624348462712	0.86188608099309	0.903935625362415	0.882432060331786	0.12	0.239	0.669779671774413	0.783648498331479	0.706078055022393
LC_k1_0.12_k2_0.239	220	0.872424110941436	0.855268985647713	0.898922028817275	0.891859148104112	0.12	0.239	0.669779671774413	0.783648498331479	0.706078055022393
LC_k1_0.12_k2_0.239	230	0.864742737801405	0.843084729965307	0.888902970961069	0.896941258855062	0.12	0.239	0.669779671774413	0.783648498331479	0.706078055022393
LC_k1_0.12_k2_0.239	240	0.845337592666539	0.825321620167017	0.871804197989548	0.904537405163284	0.12	0.239	0.669779671774413	0.783648498331479	0.706078055022393
LC_k1_0.12_k2_0.239	240	0.845337592666539	0.825321620167017	0.871804197989548	0.904537405163284	0.12	0.239	0.669779671774413	0.783648498331479	0.706078055022393
LC_k1_0.12_k2_0.239	250	0.844166466663467	0.819845053520856	0.868792012672203	0.904537405163284	0.12	0.239	0.669779671774413	0.783648498331479	0.706078055022393
LC_k1_0.12_k2_0.239	260	0.829120367051402	0.803371465440431	0.85643483574518	0.904537405163284	0.12	0.239	0.669779671774413	0.783648498331479	0.706078055022393
LC_k1_0.12_k2_0.239	270	0.819898764043402	0.794009672438732	0.848545399952141	0.904537405163284	0.12	0.239	0.669779671774413	0.783648498331479	0.706078055022393
LC_k1_0.12_k2_0.239	280	0.795718604282489	0.774895452383686	0.832045416031181	0.904537405163284	0.12	0.239	0.669779671774413	0.783648498331479	0.706078055022393
LC_k1_0.12_k2_0.239	290	0.794928391046513	0.770831667603576	0.826936480035229	0.904537405163284	0.12	0.239	0.669779671774413	0.783648498331479	0.706078055022393
LC_k1_0.12_k2_0.239	300	0.801329792553251	0.776652629473661	0.833866154068379	0.904537405163284	0.12	0.239	0.669779671774413	0.783648498331479	0.706078055022393
LC_k1_0.12_k2_0.252	10	0.624242424242424	0.539393939393939	0.2	0.842424242424242	0.12	0.252	0.661256686916312	0.775120504263997	0.697632757517594
LC_k1_0.12_k2_0.252	20	0.772932330827068	0.781954887218045	0.380451127819549	0.753383458646617	0.12	0.252	0.661256686916312	0.775120504263997	0.697632757517594
LC_k1_0.12_k2_0.252	30	0.886095661846496	0.878086763070078	0.573748609566185	0.820689655172414	0.12	0.252	0.661256686916312	0.775120504263997	0.697632757517594
LC_k1_0.12_k2_0.252	40	0.890994371482177	0.868105065666042	0.735834896810507	0.825515947467167	0.12	0.252	0.661256686916312	0.775120504263997	0.697632757517594
LC_k1_0.12_k2_0.252	50	0.892821128451381	0.868139255702281	0.808691476590636	0.812917166866747	0.12	0.252	0.661256686916312	0.775120504263997	0.697632757517594
LC_k1_0.12_k2_0.252	60	0.899194220616838	0.87907752153376	0.829619338705196	0.806946373992776	0.12	0.252	0.661256686916312	0.775120504263997	0.697632757517594
LC_k1_0.12_k2_0.252	70	0.878330854693378	0.866223427521652	0.825457090368297	0.841343714460677	0.12	0.252	0.661256686916312	0.775120504263997	0.697632757517594
LC_k1_0.12_k2_0.252	80	0.893319268635725	0.878809188935771	0.859142053445851	0.86840131270511	0.12	0.252	0.661256686916312	0.775120504263997	0.697632757517594
LC_k1_0.12_k2_0.252	90	0.874898135572293	0.865892908589538	0.846614808412561	0.885599045149607	0.12	0.252	0.661256686916312	0.775120504263997	0.697632757517594
LC_k1_0.12_k2_0.252	100	0.879039903990399	0.875523552355236	0.858781878187819	0.904290429042904	0.12	0.252	0.661256686916312	0.775120504263997	0.697632757517594
LC_k1_0.12_k2_0.252	110	0.881820435948876	0.880846651488853	0.874345738565922	0.92268331717873	0.12	0.252	0.661256686916312	0.775120504263997	0.697632757517594
LC_k1_0.12_k2_0.252	120	0.891034099590249	0.889131189665949	0.890110424335023	0.927883880825057	0.12	0.252	0.661256686916312	0.775120504263997	0.697632757517594
LC_k1_0.12_k2_0.252	130	0.900350953857078	0.896647503038414	0.903120348495814	0.929208373731718	0.12	0.252	0.661256686916312	0.775120504263997	0.697632757517594
LC_k1_0.12_k2_0.252	140	0.901056176335527	0.894797839539918	0.905617633552732	0.924655047998076	0.12	0.252	0.661256686916312	0.775120504263997	0.697632757517594
LC_k1_0.12_k2_0.252	150	0.908987955020223	0.90032979243522	0.917820347571003	0.915413129472421	0.12	0.252	0.661256686916312	0.775120504263997	0.697632757517594
LC_k1_0.12_k2_0.252	160	0.90561643032931	0.898028243290753	0.917555373256768	0.912688972225477	0.12	0.252	0.661256686916312	0.775120504263997	0.697632757517594
LC_k1_0.12_k2_0.252	170	0.89638314372775	0.887072013483064	0.907838862732885	0.906368427159092	0.12	0.252	0.661256686916312	0.775120504263997	0.697632757517594
LC_k1_0.12_k2_0.252	180	0.891134500036009	0.879084745413953	0.906124674629875	0.893651038612303	0.12	0.252	0.661256686916312	0.775120504263997	0.697632757517594
LC_k1_0.12_k2_0.252	190	0.870520979586838	0.857731589007423	0.892537626789487	0.889537106291033	0.12	0.252	0.661256686916312	0.775120504263997	0.697632757517594
LC_k1_0.12_k2_0.252	200	0.865700142503563	0.847645691142279	0.886817670441761	0.890801770044251	0.12	0.252	0.661256686916312	0.775120504263997	0.697632757517594
LC_k1_0.12_k2_0.252	210	0.863233698205013	0.842993524310561	0.885111745326263	0.894927322615025	0.12	0.252	0.661256686916312	0.775120504263997	0.697632757517594
LC_k1_0.12_k2_0.252	220	0.842670303105436	0.825022680784164	0.86442131599263	0.891082648213994	0.12	0.252	0.661256686916312	0.775120504263997	0.697632757517594
LC_k1_0.12_k2_0.252	230	0.832360766251026	0.814484205750581	0.858132602161461	0.895508175136047	0.12	0.252	0.661256686916312	0.775120504263997	0.697632757517594
LC_k1_0.12_k2_0.252	240	0.830971023802496	0.812143439990278	0.853033038768034	0.905513116547162	0.12	0.252	0.661256686916312	0.775120504263997	0.697632757517594
LC_k1_0.12_k2_0.252	240	0.830971023802496	0.812143439990278	0.853033038768034	0.905513116547162	0.12	0.252	0.661256686916312	0.775120504263997	0.697632757517594
LC_k1_0.12_k2_0.252	250	0.818718379494072	0.795588921422743	0.840377862045793	0.905513116547162	0.12	0.252	0.661256686916312	0.775120504263997	0.697632757517594
LC_k1_0.12_k2_0.252	260	0.814347504002676	0.791036053105018	0.835659152900532	0.905513116547162	0.12	0.252	0.661256686916312	0.775120504263997	0.697632757517594
LC_k1_0.12_k2_0.252	270	0.809544102875973	0.791619150392247	0.835878254693327	0.905513116547162	0.12	0.252	0.661256686916312	0.775120504263997	0.697632757517594
LC_k1_0.12_k2_0.252	280	0.802250028699346	0.778550382384615	0.827520759193357	0.905513116547162	0.12	0.252	0.661256686916312	0.775120504263997	0.697632757517594
LC_k1_0.12_k2_0.252	290	0.796360693123991	0.774149924288739	0.827809834960521	0.905513116547162	0.12	0.252	0.661256686916312	0.775120504263997	0.697632757517594
LC_k1_0.12_k2_0.252	300	0.794723941377126	0.773096589962111	0.823826931410349	0.905513116547162	0.12	0.252	0.661256686916312	0.775120504263997	0.697632757517594
LC_k1_0.12_k2_0.266	10	0.563636363636364	0.43030303030303	0.0787878787878788	0.842424242424242	0.12	0.266	0.65273370205821	0.765294771968854	0.689571337172105
LC_k1_0.12_k2_0.266	20	0.766917293233083	0.736842105263158	0.36390977443609	0.881203007518797	0.12	0.266	0.65273370205821	0.765294771968854	0.689571337172105
LC_k1_0.12_k2_0.266	30	0.886540600667408	0.866963292547275	0.598220244716352	0.83047830923248	0.12	0.266	0.65273370205821	0.765294771968854	0.689571337172105
LC_k1_0.12_k2_0.266	40	0.890994371482177	0.867729831144466	0.718761726078799	0.820825515947468	0.12	0.266	0.65273370205821	0.765294771968854	0.689571337172105
LC_k1_0.12_k2_0.266	50	0.885906362545018	0.856422569027611	0.809939975990396	0.83078031212485	0.12	0.266	0.65273370205821	0.765294771968854	0.689571337172105
LC_k1_0.12_k2_0.266	60	0.900027785495971	0.877410391775493	0.83450958599611	0.821339260905807	0.12	0.266	0.65273370205821	0.765294771968854	0.689571337172105
LC_k1_0.12_k2_0.266	70	0.890893185198145	0.872487096491996	0.843898171638527	0.856775435220016	0.12	0.266	0.65273370205821	0.765294771968854	0.689571337172105
LC_k1_0.12_k2_0.266	80	0.863150492264416	0.856188466947961	0.828832630098453	0.879653070792311	0.12	0.266	0.65273370205821	0.765294771968854	0.689571337172105
LC_k1_0.12_k2_0.266	90	0.876346874099683	0.868345886323415	0.852162818454953	0.892447627279088	0.12	0.266	0.65273370205821	0.765294771968854	0.689571337172105
LC_k1_0.12_k2_0.266	100	0.887728772877288	0.884296429642964	0.871767176717672	0.900726072607261	0.12	0.266	0.65273370205821	0.765294771968854	0.689571337172105
LC_k1_0.12_k2_0.266	110	0.901359240808782	0.898654283975385	0.89396569213083	0.918806212384194	0.12	0.266	0.65273370205821	0.765294771968854	0.689571337172105
LC_k1_0.12_k2_0.266	120	0.903896103896104	0.90027085214251	0.901034794082922	0.923848878394333	0.12	0.266	0.65273370205821	0.765294771968854	0.689571337172105
LC_k1_0.12_k2_0.266	130	0.904901063786205	0.899187480369799	0.905900667768234	0.920179163992407	0.12	0.266	0.65273370205821	0.765294771968854	0.689571337172105
LC_k1_0.12_k2_0.266	140	0.901353567601846	0.894920294767226	0.909304410574884	0.919756838905775	0.12	0.266	0.65273370205821	0.765294771968854	0.689571337172105
LC_k1_0.12_k2_0.266	150	0.90741632961465	0.899159962665008	0.918467487443887	0.921336948308814	0.12	0.266	0.65273370205821	0.765294771968854	0.689571337172105
LC_k1_0.12_k2_0.266	160	0.899191374663073	0.890454705261924	0.912457517871792	0.910910582444627	0.12	0.266	0.65273370205821	0.765294771968854	0.689571337172105
LC_k1_0.12_k2_0.266	170	0.89541099529192	0.884768656761989	0.911656621539927	0.904731895872644	0.12	0.266	0.65273370205821	0.765294771968854	0.689571337172105
LC_k1_0.12_k2_0.266	180	0.894377398479377	0.879864604874636	0.912447915059107	0.894116073541365	0.12	0.266	0.65273370205821	0.765294771968854	0.689571337172105
LC_k1_0.12_k2_0.266	190	0.885313633122947	0.871757928853548	0.907451000975388	0.892308432512346	0.12	0.266	0.65273370205821	0.765294771968854	0.689571337172105
LC_k1_0.12_k2_0.266	200	0.879398484962124	0.865203630090752	0.90606465161629	0.891500787519688	0.12	0.266	0.65273370205821	0.765294771968854	0.689571337172105
LC_k1_0.12_k2_0.266	210	0.872446735105752	0.856908967809442	0.895858992591345	0.888502816714341	0.12	0.266	0.65273370205821	0.765294771968854	0.689571337172105
LC_k1_0.12_k2_0.266	220	0.869392493083065	0.851679505023583	0.894717208657579	0.892853158123102	0.12	0.266	0.65273370205821	0.765294771968854	0.689571337172105
LC_k1_0.12_k2_0.266	230	0.857226198900776	0.839512376744198	0.882726804238101	0.896585207084543	0.12	0.266	0.65273370205821	0.765294771968854	0.689571337172105
LC_k1_0.12_k2_0.266	240	0.845170055035678	0.824079411100887	0.871227799093734	0.904303026094203	0.12	0.266	0.65273370205821	0.765294771968854	0.689571337172105
LC_k1_0.12_k2_0.266	240	0.845170055035678	0.824079411100887	0.871227799093734	0.904303026094203	0.12	0.266	0.65273370205821	0.765294771968854	0.689571337172105
LC_k1_0.12_k2_0.266	250	0.827754812076993	0.808828685258964	0.855389430230884	0.904303026094203	0.12	0.266	0.65273370205821	0.765294771968854	0.689571337172105
LC_k1_0.12_k2_0.266	260	0.831124265607024	0.805826667895633	0.858447610171748	0.904303026094203	0.12	0.266	0.65273370205821	0.765294771968854	0.689571337172105
LC_k1_0.12_k2_0.266	270	0.833652343958384	0.806606705472259	0.858151994159347	0.904303026094203	0.12	0.266	0.65273370205821	0.765294771968854	0.689571337172105
LC_k1_0.12_k2_0.266	280	0.799281696377323	0.776159316900908	0.830176951965495	0.904303026094203	0.12	0.266	0.65273370205821	0.765294771968854	0.689571337172105
LC_k1_0.12_k2_0.266	290	0.800535083651411	0.775481360022732	0.833994171893471	0.904303026094203	0.12	0.266	0.65273370205821	0.765294771968854	0.689571337172105
LC_k1_0.12_k2_0.266	300	0.802982699807776	0.777560639562662	0.836695074389716	0.904303026094203	0.12	0.266	0.65273370205821	0.765294771968854	0.689571337172105
LC_k1_0.12_k2_0.279	10	0.6	0.612121212121212	0.393939393939394	0.733333333333333	0.12	0.279	0.641581285701333	0.754542083796811	0.682021753039027
LC_k1_0.12_k2_0.279	20	0.778947368421053	0.78796992481203	0.464661654135338	0.82406015037594	0.12	0.279	0.641581285701333	0.754542083796811	0.682021753039027
LC_k1_0.12_k2_0.279	30	0.921690767519466	0.895884315906563	0.656952169076752	0.822914349276974	0.12	0.279	0.641581285701333	0.754542083796811	0.682021753039027
LC_k1_0.12_k2_0.279	40	0.920450281425891	0.904502814258912	0.759662288930582	0.787804878048781	0.12	0.279	0.641581285701333	0.754542083796811	0.682021753039027
LC_k1_0.12_k2_0.279	50	0.900408163265306	0.877358943577431	0.817430972388956	0.811668667466987	0.12	0.279	0.641581285701333	0.754542083796811	0.682021753039027
LC_k1_0.12_k2_0.279	60	0.908252292303418	0.893748263406502	0.861128091136427	0.807001944984718	0.12	0.279	0.641581285701333	0.754542083796811	0.682021753039027
LC_k1_0.12_k2_0.279	70	0.887253958533812	0.872802029568717	0.832385618056163	0.839279153179949	0.12	0.279	0.641581285701333	0.754542083796811	0.682021753039027
LC_k1_0.12_k2_0.279	80	0.890107829348336	0.877191748710736	0.853867791842476	0.869292076887014	0.12	0.279	0.641581285701333	0.754542083796811	0.682021753039027
LC_k1_0.12_k2_0.279	90	0.88918796559246	0.882718031032638	0.861629007696423	0.879392517594765	0.12	0.279	0.641581285701333	0.754542083796811	0.682021753039027
LC_k1_0.12_k2_0.279	100	0.898541854185419	0.896057605760576	0.880528052805281	0.892889288928893	0.12	0.279	0.641581285701333	0.754542083796811	0.682021753039027
LC_k1_0.12_k2_0.279	110	0.909852805265649	0.907571625002818	0.900845299010436	0.911818407231251	0.12	0.279	0.641581285701333	0.754542083796811	0.682021753039027
LC_k1_0.12_k2_0.279	120	0.911111882769637	0.908181123689145	0.906806028196402	0.919029099243003	0.12	0.279	0.641581285701333	0.754542083796811	0.682021753039027
LC_k1_0.12_k2_0.279	130	0.913580685247648	0.90886670581327	0.913181936118204	0.914099605347608	0.12	0.279	0.641581285701333	0.754542083796811	0.682021753039027
LC_k1_0.12_k2_0.279	140	0.905328989088365	0.899577966805887	0.911521724869345	0.915947606656316	0.12	0.279	0.641581285701333	0.754542083796811	0.682021753039027
LC_k1_0.12_k2_0.279	150	0.906858082581448	0.900422240988489	0.91864527312325	0.91644428641273	0.12	0.279	0.641581285701333	0.754542083796811	0.682021753039027
LC_k1_0.12_k2_0.279	160	0.906808859721083	0.897301652408297	0.920107230751201	0.909114613852103	0.12	0.279	0.641581285701333	0.754542083796811	0.682021753039027
LC_k1_0.12_k2_0.279	170	0.898466667887959	0.88910912854709	0.91598732298899	0.903811041701016	0.12	0.279	0.641581285701333	0.754542083796811	0.682021753039027
LC_k1_0.12_k2_0.279	180	0.894424725042954	0.882632180005556	0.912982910995195	0.894175746165005	0.12	0.279	0.641581285701333	0.754542083796811	0.682021753039027
LC_k1_0.12_k2_0.279	190	0.886930240085379	0.871077344320662	0.908058103373618	0.886256653851033	0.12	0.279	0.641581285701333	0.754542083796811	0.682021753039027
LC_k1_0.12_k2_0.279	200	0.881923048076202	0.862754068851722	0.903027075676892	0.888770719267982	0.12	0.279	0.641581285701333	0.754542083796811	0.682021753039027
LC_k1_0.12_k2_0.279	210	0.873230685503073	0.856302540064077	0.897881714195009	0.890020181863534	0.12	0.279	0.641581285701333	0.754542083796811	0.682021753039027
LC_k1_0.12_k2_0.279	220	0.862571916399475	0.844485892833999	0.887106608138035	0.889640093991424	0.12	0.279	0.641581285701333	0.754542083796811	0.682021753039027
LC_k1_0.12_k2_0.279	230	0.859036046543166	0.839962126349064	0.887522160770689	0.897760868332351	0.12	0.279	0.641581285701333	0.754542083796811	0.682021753039027
LC_k1_0.12_k2_0.279	240	0.854441917394399	0.83230438028438	0.880721019462143	0.906368166113995	0.12	0.279	0.641581285701333	0.754542083796811	0.682021753039027
LC_k1_0.12_k2_0.279	240	0.854441917394399	0.83230438028438	0.880721019462143	0.906368166113995	0.12	0.279	0.641581285701333	0.754542083796811	0.682021753039027
LC_k1_0.12_k2_0.279	250	0.838563817021072	0.818696107137714	0.865822877166035	0.906368166113995	0.12	0.279	0.641581285701333	0.754542083796811	0.682021753039027
LC_k1_0.12_k2_0.279	260	0.84170635205118	0.81810745948677	0.866276811104397	0.906368166113995	0.12	0.279	0.641581285701333	0.754542083796811	0.682021753039027
LC_k1_0.12_k2_0.279	270	0.82521936743531	0.798839490253639	0.849259325307008	0.906368166113995	0.12	0.279	0.641581285701333	0.754542083796811	0.682021753039027
LC_k1_0.12_k2_0.279	280	0.809985732325303	0.785924747582422	0.840071939693108	0.906368166113995	0.12	0.279	0.641581285701333	0.754542083796811	0.682021753039027
LC_k1_0.12_k2_0.279	290	0.804159383583634	0.778759270170501	0.839355341057399	0.906368166113995	0.12	0.279	0.641581285701333	0.754542083796811	0.682021753039027
LC_k1_0.12_k2_0.279	300	0.797867976310848	0.774603273369704	0.829264769608551	0.906368166113995	0.12	0.279	0.641581285701333	0.754542083796811	0.682021753039027
LC_k1_0.12_k2_0.292	10	0.684848484848485	0.672727272727273	0.151515151515152	0.951515151515151	0.12	0.292	0.634690361773506	0.74860956618465	0.673448496481126
LC_k1_0.12_k2_0.292	20	0.827067669172932	0.834586466165414	0.419548872180451	0.781954887218045	0.12	0.292	0.634690361773506	0.74860956618465	0.673448496481126
LC_k1_0.12_k2_0.292	30	0.912791991101223	0.908787541713014	0.615572858731924	0.855394883203559	0.12	0.292	0.634690361773506	0.74860956618465	0.673448496481126
LC_k1_0.12_k2_0.292	40	0.899249530956848	0.890243902439025	0.718198874296436	0.816322701688556	0.12	0.292	0.634690361773506	0.74860956618465	0.673448496481126
LC_k1_0.12_k2_0.292	50	0.908187274909964	0.891668667466987	0.804465786314526	0.800816326530612	0.12	0.292	0.634690361773506	0.74860956618465	0.673448496481126
LC_k1_0.12_k2_0.292	60	0.917699360933593	0.902139483189775	0.8463462072798	0.806279522089469	0.12	0.292	0.634690361773506	0.74860956618465	0.673448496481126
LC_k1_0.12_k2_0.292	70	0.896631965707287	0.883859679818039	0.841133759076196	0.843303298049165	0.12	0.292	0.634690361773506	0.74860956618465	0.673448496481126
LC_k1_0.12_k2_0.292	80	0.897702766057197	0.886779184247539	0.858227848101266	0.876652601969058	0.12	0.292	0.634690361773506	0.74860956618465	0.673448496481126
LC_k1_0.12_k2_0.292	90	0.876988928674322	0.870222661233897	0.849265341400173	0.887097172490431	0.12	0.292	0.634690361773506	0.74860956618465	0.673448496481126
LC_k1_0.12_k2_0.292	100	0.879075907590759	0.878163816381638	0.858169816981698	0.905082508250825	0.12	0.292	0.634690361773506	0.74860956618465	0.673448496481126
LC_k1_0.12_k2_0.292	110	0.884498343213939	0.885589342470076	0.875103126479273	0.922512003245948	0.12	0.292	0.634690361773506	0.74860956618465	0.673448496481126
LC_k1_0.12_k2_0.292	120	0.893221751510522	0.892756441419543	0.891089659004097	0.928390860476422	0.12	0.292	0.634690361773506	0.74860956618465	0.673448496481126
LC_k1_0.12_k2_0.292	130	0.904294746616777	0.901525351978041	0.905545617173524	0.933179478075626	0.12	0.292	0.634690361773506	0.74860956618465	0.673448496481126
LC_k1_0.12_k2_0.292	140	0.913555356322845	0.907642518204282	0.919310752006298	0.929212131814305	0.12	0.292	0.634690361773506	0.74860956618465	0.673448496481126
LC_k1_0.12_k2_0.292	150	0.904340637361661	0.898160807146985	0.913898395484244	0.921358282590337	0.12	0.292	0.634690361773506	0.74860956618465	0.673448496481126
LC_k1_0.12_k2_0.292	160	0.897626860424235	0.890413688034689	0.911259228876128	0.909706433845072	0.12	0.292	0.634690361773506	0.74860956618465	0.673448496481126
LC_k1_0.12_k2_0.292	170	0.896234146103163	0.884785754850056	0.910965370265204	0.904441228375499	0.12	0.292	0.634690361773506	0.74860956618465	0.673448496481126
LC_k1_0.12_k2_0.292	180	0.888617961459716	0.875148409930348	0.903573155550068	0.892667469160571	0.12	0.292	0.634690361773506	0.74860956618465	0.673448496481126
LC_k1_0.12_k2_0.292	190	0.873943147572247	0.857904796896255	0.889017482624537	0.889834533978927	0.12	0.292	0.634690361773506	0.74860956618465	0.673448496481126
LC_k1_0.12_k2_0.292	200	0.868952223805595	0.848158703967599	0.886133653341334	0.894052351308783	0.12	0.292	0.634690361773506	0.74860956618465	0.673448496481126
LC_k1_0.12_k2_0.292	210	0.864120015679008	0.843169751176736	0.888231997486176	0.893527873971875	0.12	0.292	0.634690361773506	0.74860956618465	0.673448496481126
LC_k1_0.12_k2_0.292	220	0.845384108236647	0.824926886167821	0.868458213824854	0.895115038064273	0.12	0.292	0.634690361773506	0.74860956618465	0.673448496481126
LC_k1_0.12_k2_0.292	230	0.83098094235364	0.815219980323455	0.855168791717112	0.895200451722191	0.12	0.292	0.634690361773506	0.74860956618465	0.673448496481126
LC_k1_0.12_k2_0.292	240	0.825039497213493	0.806985364329242	0.845756870779006	0.905162416014167	0.12	0.292	0.634690361773506	0.74860956618465	0.673448496481126
LC_k1_0.12_k2_0.292	240	0.825039497213493	0.806985364329242	0.845756870779006	0.905162416014167	0.12	0.292	0.634690361773506	0.74860956618465	0.673448496481126
LC_k1_0.12_k2_0.292	250	0.808199683194931	0.785873565977056	0.826450727211635	0.905162416014167	0.12	0.292	0.634690361773506	0.74860956618465	0.673448496481126
LC_k1_0.12_k2_0.292	260	0.806965510413786	0.78470755712135	0.827965138309966	0.905162416014167	0.12	0.292	0.634690361773506	0.74860956618465	0.673448496481126
LC_k1_0.12_k2_0.292	270	0.807688262756233	0.784983485522588	0.830967960237223	0.905162416014167	0.12	0.292	0.634690361773506	0.74860956618465	0.673448496481126
LC_k1_0.12_k2_0.292	280	0.805924091597378	0.783201316343321	0.831705397116946	0.905162416014167	0.12	0.292	0.634690361773506	0.74860956618465	0.673448496481126
LC_k1_0.12_k2_0.292	290	0.802090393464845	0.781740485659143	0.826920735045027	0.905162416014167	0.12	0.292	0.634690361773506	0.74860956618465	0.673448496481126
LC_k1_0.12_k2_0.292	300	0.792204357826198	0.773153479483105	0.817353970599673	0.905162416014167	0.12	0.292	0.634690361773506	0.74860956618465	0.673448496481126
LC_k1_0.12_k2_0.306	10	0.721212121212121	0.672727272727273	0.272727272727273	0.915151515151515	0.12	0.306	0.624716656088494	0.737486095661847	0.662955854126679
LC_k1_0.12_k2_0.306	20	0.819548872180451	0.837593984962406	0.433082706766917	0.769924812030075	0.12	0.306	0.624716656088494	0.737486095661847	0.662955854126679
LC_k1_0.12_k2_0.306	30	0.897664071190211	0.898998887652948	0.596440489432703	0.812680756395996	0.12	0.306	0.624716656088494	0.737486095661847	0.662955854126679
LC_k1_0.12_k2_0.306	40	0.891369606003753	0.878048780487805	0.712382739212008	0.807879924953096	0.12	0.306	0.624716656088494	0.737486095661847	0.662955854126679
LC_k1_0.12_k2_0.306	50	0.922208883553422	0.90703481392557	0.82280912364946	0.784105642256903	0.12	0.306	0.624716656088494	0.737486095661847	0.662955854126679
LC_k1_0.12_k2_0.306	60	0.930369547096416	0.916032231175327	0.863128646846347	0.814059460961378	0.12	0.306	0.624716656088494	0.737486095661847	0.662955854126679
LC_k1_0.12_k2_0.306	70	0.906884786982766	0.895092292887761	0.854850844195608	0.849147056250547	0.12	0.306	0.624716656088494	0.737486095661847	0.662955854126679
LC_k1_0.12_k2_0.306	80	0.905110173464604	0.893459915611814	0.86868260665729	0.875949367088608	0.12	0.306	0.624716656088494	0.737486095661847	0.662955854126679
LC_k1_0.12_k2_0.306	90	0.883722270239124	0.878059019632053	0.858056550191382	0.891196444005433	0.12	0.306	0.624716656088494	0.737486095661847	0.662955854126679
LC_k1_0.12_k2_0.306	100	0.885604560456046	0.886084608460846	0.866750675067507	0.908598859885989	0.12	0.306	0.624716656088494	0.737486095661847	0.662955854126679
LC_k1_0.12_k2_0.306	110	0.886319680815094	0.887194283524559	0.878457272952686	0.927119446385501	0.12	0.306	0.624716656088494	0.737486095661847	0.662955854126679
LC_k1_0.12_k2_0.306	120	0.896715049656226	0.896499756927564	0.895201055628863	0.932391138273491	0.12	0.306	0.624716656088494	0.737486095661847	0.662955854126679
LC_k1_0.12_k2_0.306	130	0.907457428068115	0.904895601469363	0.909019650684838	0.931600868508378	0.12	0.306	0.624716656088494	0.737486095661847	0.662955854126679
LC_k1_0.12_k2_0.306	140	0.914666200170563	0.909448732807068	0.920369115042313	0.931394458900965	0.12	0.306	0.624716656088494	0.737486095661847	0.662955854126679
LC_k1_0.12_k2_0.306	150	0.901673852171208	0.894107293657496	0.910492021867639	0.915843370816481	0.12	0.306	0.624716656088494	0.737486095661847	0.662955854126679
LC_k1_0.12_k2_0.306	160	0.900480487519044	0.891193015352162	0.91315774053674	0.911060002343841	0.12	0.306	0.624716656088494	0.737486095661847	0.662955854126679
LC_k1_0.12_k2_0.306	170	0.897233162963099	0.885359762092318	0.912037664645429	0.904841812153077	0.12	0.306	0.624716656088494	0.737486095661847	0.662955854126679
LC_k1_0.12_k2_0.306	180	0.891260018313323	0.878136156465735	0.906398345627952	0.89469839604103	0.12	0.306	0.624716656088494	0.737486095661847	0.662955854126679
LC_k1_0.12_k2_0.306	190	0.877430049819138	0.862513176483967	0.892264693146479	0.890669081079663	0.12	0.306	0.624716656088494	0.737486095661847	0.662955854126679
LC_k1_0.12_k2_0.306	200	0.874145353633841	0.853158328958224	0.890974274356859	0.895301882547064	0.12	0.306	0.624716656088494	0.737486095661847	0.662955854126679
LC_k1_0.12_k2_0.306	210	0.866855419462055	0.846245946620105	0.889574431554975	0.888334364562851	0.12	0.306	0.624716656088494	0.737486095661847	0.662955854126679
LC_k1_0.12_k2_0.306	220	0.858553050495033	0.837179581095778	0.880958847759815	0.89056986526769	0.12	0.306	0.624716656088494	0.737486095661847	0.662955854126679
LC_k1_0.12_k2_0.306	230	0.830254044417705	0.813532433012213	0.853232698571601	0.895836610702758	0.12	0.306	0.624716656088494	0.737486095661847	0.662955854126679
LC_k1_0.12_k2_0.306	240	0.828392854042605	0.810276220073265	0.848716991614438	0.905712772791194	0.12	0.306	0.624716656088494	0.737486095661847	0.662955854126679
LC_k1_0.12_k2_0.306	240	0.828392854042605	0.810276220073265	0.848716991614438	0.905712772791194	0.12	0.306	0.624716656088494	0.737486095661847	0.662955854126679
LC_k1_0.12_k2_0.306	250	0.811359285748572	0.791351797628762	0.827920702731244	0.905712772791194	0.12	0.306	0.624716656088494	0.737486095661847	0.662955854126679
LC_k1_0.12_k2_0.306	260	0.814966766690904	0.792153047325461	0.831476569407604	0.905712772791194	0.12	0.306	0.624716656088494	0.737486095661847	0.662955854126679
LC_k1_0.12_k2_0.306	270	0.813315530924826	0.79018215460965	0.832738446343571	0.905712772791194	0.12	0.306	0.624716656088494	0.737486095661847	0.662955854126679
LC_k1_0.12_k2_0.306	280	0.809135685039714	0.78573724519081	0.832861024101984	0.905712772791194	0.12	0.306	0.624716656088494	0.737486095661847	0.662955854126679
LC_k1_0.12_k2_0.306	290	0.805598574094325	0.783430119920242	0.831305222785461	0.905712772791194	0.12	0.306	0.624716656088494	0.737486095661847	0.662955854126679
LC_k1_0.12_k2_0.306	300	0.802173801931133	0.781860242891588	0.827826975855287	0.905712772791194	0.12	0.306	0.624716656088494	0.737486095661847	0.662955854126679
LC_k1_0.12_k2_0.319	10	0.781818181818182	0.696969696969697	0.151515151515152	0.890909090909091	0.12	0.319	0.615468310816937	0.727474972191324	0.653486884197057
LC_k1_0.12_k2_0.319	20	0.834586466165414	0.801503759398496	0.532330827067669	0.786466165413534	0.12	0.319	0.615468310816937	0.727474972191324	0.653486884197057
LC_k1_0.12_k2_0.319	30	0.902113459399333	0.893659621802002	0.639154616240267	0.838042269187987	0.12	0.319	0.615468310816937	0.727474972191324	0.653486884197057
LC_k1_0.12_k2_0.319	40	0.900187617260788	0.883114446529081	0.734896810506567	0.834333958724203	0.12	0.319	0.615468310816937	0.727474972191324	0.653486884197057
LC_k1_0.12_k2_0.319	50	0.865354141656663	0.840576230492197	0.784969987995198	0.795054021608643	0.12	0.319	0.615468310816937	0.727474972191324	0.653486884197057
LC_k1_0.12_k2_0.319	60	0.889469297026952	0.87001944984718	0.831286468463462	0.819560989163657	0.12	0.319	0.615468310816937	0.727474972191324	0.653486884197057
LC_k1_0.12_k2_0.319	70	0.86832298136646	0.855550695477211	0.822762662934126	0.86055463214067	0.12	0.319	0.615468310816937	0.727474972191324	0.653486884197057
LC_k1_0.12_k2_0.319	80	0.871448663853727	0.862048757618378	0.844327238631036	0.893225503984998	0.12	0.319	0.615468310816937	0.727474972191324	0.653486884197057
LC_k1_0.12_k2_0.319	90	0.872017121455324	0.867127628925382	0.850812857554431	0.894357328065193	0.12	0.319	0.615468310816937	0.727474972191324	0.653486884197057
LC_k1_0.12_k2_0.319	100	0.886984698469847	0.885244524452445	0.873747374737474	0.904146414641464	0.12	0.319	0.615468310816937	0.727474972191324	0.653486884197057
LC_k1_0.12_k2_0.319	110	0.897473119491468	0.895832112345874	0.892820593738025	0.921402970944255	0.12	0.319	0.615468310816937	0.727474972191324	0.653486884197057
LC_k1_0.12_k2_0.319	120	0.901486214320439	0.898499895826099	0.902090422946038	0.928814501007014	0.12	0.319	0.615468310816937	0.727474972191324	0.653486884197057
LC_k1_0.12_k2_0.319	130	0.909287304210081	0.904420379904136	0.911794507640416	0.92953611274222	0.12	0.319	0.615468310816937	0.727474972191324	0.653486884197057
LC_k1_0.12_k2_0.319	140	0.903842032756774	0.898467122958169	0.912466379480003	0.920027989766242	0.12	0.319	0.615468310816937	0.727474972191324	0.653486884197057
LC_k1_0.12_k2_0.319	150	0.905990488466154	0.896749188852838	0.916732299213298	0.919370638695053	0.12	0.319	0.615468310816937	0.727474972191324	0.653486884197057
LC_k1_0.12_k2_0.319	160	0.90196296730341	0.892936247509668	0.916374663072776	0.916418610101957	0.12	0.319	0.615468310816937	0.727474972191324	0.653486884197057
LC_k1_0.12_k2_0.319	170	0.892685071537179	0.882277221072172	0.911278021018436	0.909348379650833	0.12	0.319	0.615468310816937	0.727474972191324	0.653486884197057
LC_k1_0.12_k2_0.319	180	0.889971912713356	0.875586695062605	0.909571283064292	0.904583474798605	0.12	0.319	0.615468310816937	0.727474972191324	0.653486884197057
LC_k1_0.12_k2_0.319	190	0.892798313410052	0.877024148503895	0.913028644910706	0.898662887585456	0.12	0.319	0.615468310816937	0.727474972191324	0.653486884197057
LC_k1_0.12_k2_0.319	200	0.874766369159229	0.859785494637366	0.894919372984325	0.899449486237156	0.12	0.319	0.615468310816937	0.727474972191324	0.653486884197057
LC_k1_0.12_k2_0.319	210	0.860842973439631	0.847090798949118	0.885425325485191	0.895597243863644	0.12	0.319	0.615468310816937	0.727474972191324	0.653486884197057
LC_k1_0.12_k2_0.319	220	0.863058778449592	0.846692549996337	0.882874740086666	0.901878137978058	0.12	0.319	0.615468310816937	0.727474972191324	0.653486884197057
LC_k1_0.12_k2_0.319	230	0.850496721808664	0.831607238404277	0.872117250511023	0.898450287134548	0.12	0.319	0.615468310816937	0.727474972191324	0.653486884197057
LC_k1_0.12_k2_0.319	240	0.843220368409174	0.826041250716158	0.867351863747634	0.907137276688831	0.12	0.319	0.615468310816937	0.727474972191324	0.653486884197057
LC_k1_0.12_k2_0.319	240	0.843220368409174	0.826041250716158	0.867351863747634	0.907137276688831	0.12	0.319	0.615468310816937	0.727474972191324	0.653486884197057
LC_k1_0.12_k2_0.319	250	0.829001296020736	0.812277828445255	0.851884222147554	0.907137276688831	0.12	0.319	0.615468310816937	0.727474972191324	0.653486884197057
LC_k1_0.12_k2_0.319	260	0.831747624851073	0.808553608553608	0.853929791860826	0.907137276688831	0.12	0.319	0.615468310816937	0.727474972191324	0.653486884197057
LC_k1_0.12_k2_0.319	270	0.829651679416422	0.806292114965759	0.855852313169972	0.907137276688831	0.12	0.319	0.615468310816937	0.727474972191324	0.653486884197057
LC_k1_0.12_k2_0.319	280	0.817889258791566	0.796790046520273	0.847385079620185	0.907137276688831	0.12	0.319	0.615468310816937	0.727474972191324	0.653486884197057
LC_k1_0.12_k2_0.319	290	0.808983746987848	0.788389791834008	0.839277600168275	0.907137276688831	0.12	0.319	0.615468310816937	0.727474972191324	0.653486884197057
LC_k1_0.12_k2_0.319	300	0.808310759008434	0.789433660374004	0.834898609984555	0.907137276688831	0.12	0.319	0.615468310816937	0.727474972191324	0.653486884197057
LC_k1_0.12_k2_0.332	10	0.793939393939394	0.793939393939394	0.175757575757576	0.915151515151515	0.12	0.332	0.60476924471847	0.717463848720801	0.641330774152271
LC_k1_0.12_k2_0.332	20	0.861654135338346	0.843609022556391	0.530827067669173	0.8	0.12	0.332	0.60476924471847	0.717463848720801	0.641330774152271
LC_k1_0.12_k2_0.332	30	0.915461624026696	0.915461624026696	0.643159065628476	0.849610678531702	0.12	0.332	0.60476924471847	0.717463848720801	0.641330774152271
LC_k1_0.12_k2_0.332	40	0.881613508442777	0.865103189493434	0.724202626641651	0.827767354596623	0.12	0.332	0.60476924471847	0.717463848720801	0.641330774152271
LC_k1_0.12_k2_0.332	50	0.912412965186074	0.892629051620648	0.824729891956783	0.809747899159664	0.12	0.332	0.60476924471847	0.717463848720801	0.641330774152271
LC_k1_0.12_k2_0.332	60	0.915420950263962	0.897527090858572	0.851347596554599	0.818338427340928	0.12	0.332	0.60476924471847	0.717463848720801	0.641330774152271
LC_k1_0.12_k2_0.332	70	0.904645262881638	0.890823200069985	0.856425509579214	0.853206193683842	0.12	0.332	0.60476924471847	0.717463848720801	0.641330774152271
LC_k1_0.12_k2_0.332	80	0.897960618846695	0.889029535864979	0.865260196905767	0.877754336615096	0.12	0.332	0.60476924471847	0.717463848720801	0.641330774152271
LC_k1_0.12_k2_0.332	90	0.889023336214348	0.881285755443059	0.862287525208874	0.895608511338848	0.12	0.332	0.60476924471847	0.717463848720801	0.641330774152271
LC_k1_0.12_k2_0.332	100	0.893201320132013	0.890669066906691	0.874971497149715	0.90984698469847	0.12	0.332	0.60476924471847	0.717463848720801	0.641330774152271
LC_k1_0.12_k2_0.332	110	0.897770664743142	0.896986227261457	0.891441065752992	0.926470256745486	0.12	0.332	0.60476924471847	0.717463848720801	0.641330774152271
LC_k1_0.12_k2_0.332	120	0.904354469060351	0.902069588165845	0.904389193694006	0.929918744357247	0.12	0.332	0.60476924471847	0.717463848720801	0.641330774152271
LC_k1_0.12_k2_0.332	130	0.906135547392426	0.902175367682202	0.911341135342555	0.930038645891655	0.12	0.332	0.60476924471847	0.717463848720801	0.641330774152271
LC_k1_0.12_k2_0.332	140	0.913887734796965	0.90655354136144	0.919590649668715	0.935654151450876	0.12	0.332	0.60476924471847	0.717463848720801	0.641330774152271
LC_k1_0.12_k2_0.332	150	0.919736877194542	0.913709942664118	0.928867949686653	0.929266189608427	0.12	0.332	0.60476924471847	0.717463848720801	0.641330774152271
LC_k1_0.12_k2_0.332	160	0.913031759053088	0.903741357084261	0.924724598617133	0.913336458455408	0.12	0.332	0.60476924471847	0.717463848720801	0.641330774152271
LC_k1_0.12_k2_0.332	170	0.904983482025635	0.895061705778543	0.919673182259513	0.907445606707336	0.12	0.332	0.60476924471847	0.717463848720801	0.641330774152271
LC_k1_0.12_k2_0.332	180	0.894500859080013	0.880379024043952	0.90961037892116	0.899038036153379	0.12	0.332	0.60476924471847	0.717463848720801	0.641330774152271
LC_k1_0.12_k2_0.332	190	0.88154329978524	0.865634417632213	0.899462443193499	0.893615364764442	0.12	0.332	0.60476924471847	0.717463848720801	0.641330774152271
LC_k1_0.12_k2_0.332	200	0.881470036750919	0.866417160429011	0.900681017025426	0.888746718667967	0.12	0.332	0.60476924471847	0.717463848720801	0.641330774152271
LC_k1_0.12_k2_0.332	210	0.87434506127447	0.852106785706187	0.890867625764109	0.890465932172093	0.12	0.332	0.60476924471847	0.717463848720801	0.641330774152271
LC_k1_0.12_k2_0.332	220	0.861455063872469	0.842248806793529	0.881033229461916	0.891418492868936	0.12	0.332	0.60476924471847	0.717463848720801	0.641330774152271
LC_k1_0.12_k2_0.332	230	0.850656501273551	0.834766334861266	0.871593528931672	0.895751789505349	0.12	0.332	0.60476924471847	0.717463848720801	0.641330774152271
LC_k1_0.12_k2_0.332	240	0.830679352072085	0.814801472247782	0.851289952950572	0.900423618465598	0.12	0.332	0.60476924471847	0.717463848720801	0.641330774152271
LC_k1_0.12_k2_0.332	240	0.830679352072085	0.814801472247782	0.851289952950572	0.900423618465598	0.12	0.332	0.60476924471847	0.717463848720801	0.641330774152271
LC_k1_0.12_k2_0.332	250	0.823209715355446	0.806698219171507	0.843146546344741	0.900423618465598	0.12	0.332	0.60476924471847	0.717463848720801	0.641330774152271
LC_k1_0.12_k2_0.332	260	0.819282488248005	0.797821315062694	0.834874662460869	0.900423618465598	0.12	0.332	0.60476924471847	0.717463848720801	0.641330774152271
LC_k1_0.12_k2_0.332	270	0.810557986620758	0.786820425825076	0.831274625013908	0.900423618465598	0.12	0.332	0.60476924471847	0.717463848720801	0.641330774152271
LC_k1_0.12_k2_0.332	280	0.814013480492645	0.791864145497483	0.835278328987432	0.900423618465598	0.12	0.332	0.60476924471847	0.717463848720801	0.641330774152271
LC_k1_0.12_k2_0.332	290	0.816194460469619	0.796841407356109	0.842256847533142	0.900423618465598	0.12	0.332	0.60476924471847	0.717463848720801	0.641330774152271
LC_k1_0.12_k2_0.332	300	0.809816553517261	0.793232369248547	0.837480416449072	0.900423618465598	0.12	0.332	0.60476924471847	0.717463848720801	0.641330774152271
LC_k1_0.12_k2_0.346	10	0.781818181818182	0.696969696969697	0.151515151515152	0.890909090909091	0.12	0.346	0.595792909601959	0.707638116425658	0.632245681381958
LC_k1_0.12_k2_0.346	20	0.815037593984962	0.77593984962406	0.500751879699248	0.801503759398496	0.12	0.346	0.595792909601959	0.707638116425658	0.632245681381958
LC_k1_0.12_k2_0.346	30	0.902558398220245	0.891879866518354	0.639154616240267	0.856284760845384	0.12	0.346	0.595792909601959	0.707638116425658	0.632245681381958
LC_k1_0.12_k2_0.346	40	0.883114446529081	0.865666041275798	0.71688555347092	0.812945590994372	0.12	0.346	0.595792909601959	0.707638116425658	0.632245681381958
LC_k1_0.12_k2_0.346	50	0.874669867947179	0.85296518607443	0.795246098439376	0.786218487394958	0.12	0.346	0.595792909601959	0.707638116425658	0.632245681381958
LC_k1_0.12_k2_0.346	60	0.888524590163935	0.866351764378995	0.83273131425396	0.81989441511531	0.12	0.346	0.595792909601959	0.707638116425658	0.632245681381958
LC_k1_0.12_k2_0.346	70	0.865418598547809	0.852191409325518	0.824582276266293	0.865593561368209	0.12	0.346	0.595792909601959	0.707638116425658	0.632245681381958
LC_k1_0.12_k2_0.346	80	0.869221753398969	0.858227848101266	0.84465541490858	0.881528363806845	0.12	0.346	0.595792909601959	0.707638116425658	0.632245681381958
LC_k1_0.12_k2_0.346	90	0.871144585751327	0.865201465201465	0.849133637897683	0.894818290323908	0.12	0.346	0.595792909601959	0.707638116425658	0.632245681381958
LC_k1_0.12_k2_0.346	100	0.885568556855686	0.884080408040804	0.874815481548155	0.908538853885389	0.12	0.346	0.595792909601959	0.707638116425658	0.632245681381958
LC_k1_0.12_k2_0.346	110	0.900178076324865	0.897788697788698	0.897572301242026	0.921240673534251	0.12	0.346	0.595792909601959	0.707638116425658	0.632245681381958
LC_k1_0.12_k2_0.346	120	0.910577123411348	0.907125494826029	0.911479963886381	0.931266060143065	0.12	0.346	0.595792909601959	0.707638116425658	0.632245681381958
LC_k1_0.12_k2_0.346	130	0.904480465389395	0.900137923500253	0.910576410984719	0.93591063649647	0.12	0.346	0.595792909601959	0.707638116425658	0.632245681381958
LC_k1_0.12_k2_0.346	140	0.899569220003936	0.893818197721458	0.90957556143535	0.924283308915178	0.12	0.346	0.595792909601959	0.707638116425658	0.632245681381958
LC_k1_0.12_k2_0.346	150	0.911210276012267	0.903249033290369	0.921738743944175	0.92515934041513	0.12	0.346	0.595792909601959	0.707638116425658	0.632245681381958
LC_k1_0.12_k2_0.346	160	0.906176022500879	0.89570491034806	0.919295675612329	0.925858431969999	0.12	0.346	0.595792909601959	0.707638116425658	0.632245681381958
LC_k1_0.12_k2_0.346	170	0.904582898248057	0.891817954213763	0.921175371425431	0.918503184518903	0.12	0.346	0.595792909601959	0.707638116425658	0.632245681381958
LC_k1_0.12_k2_0.346	180	0.904420918341101	0.888879286397728	0.922180725742564	0.914415053962571	0.12	0.346	0.595792909601959	0.707638116425658	0.632245681381958
LC_k1_0.12_k2_0.346	190	0.893148228336986	0.877211352989805	0.910930904923741	0.908938139414855	0.12	0.346	0.595792909601959	0.707638116425658	0.632245681381958
LC_k1_0.12_k2_0.346	200	0.88600015000375	0.87105527638191	0.905047626190655	0.906273156828921	0.12	0.346	0.595792909601959	0.707638116425658	0.632245681381958
LC_k1_0.12_k2_0.346	210	0.882194931533919	0.869533808670751	0.902586712364712	0.906534971638489	0.12	0.346	0.595792909601959	0.707638116425658	0.632245681381958
LC_k1_0.12_k2_0.346	220	0.871936121895832	0.85881564044336	0.893995931546294	0.907823039168728	0.12	0.346	0.595792909601959	0.707638116425658	0.632245681381958
LC_k1_0.12_k2_0.346	230	0.860023325829287	0.845628379594584	0.883367894683634	0.914067250387737	0.12	0.346	0.595792909601959	0.707638116425658	0.632245681381958
LC_k1_0.12_k2_0.346	240	0.848498237816629	0.834526641087519	0.870592371395336	0.911494991232487	0.12	0.346	0.595792909601959	0.707638116425658	0.632245681381958
LC_k1_0.12_k2_0.346	240	0.848498237816629	0.834526641087519	0.870592371395336	0.911494991232487	0.12	0.346	0.595792909601959	0.707638116425658	0.632245681381958
LC_k1_0.12_k2_0.346	250	0.840291076657227	0.829231699707195	0.865106321701147	0.911494991232487	0.12	0.346	0.595792909601959	0.707638116425658	0.632245681381958
LC_k1_0.12_k2_0.346	260	0.832678908540977	0.821058345196276	0.856739346394519	0.911494991232487	0.12	0.346	0.595792909601959	0.707638116425658	0.632245681381958
LC_k1_0.12_k2_0.346	270	0.830861877392008	0.813665482379731	0.853964770130973	0.911494991232487	0.12	0.346	0.595792909601959	0.707638116425658	0.632245681381958
LC_k1_0.12_k2_0.346	280	0.815167467515074	0.799679660637071	0.841098009632047	0.911494991232487	0.12	0.346	0.595792909601959	0.707638116425658	0.632245681381958
LC_k1_0.12_k2_0.346	290	0.81749342216132	0.797998664135988	0.843824950151115	0.911494991232487	0.12	0.346	0.595792909601959	0.707638116425658	0.632245681381958
LC_k1_0.12_k2_0.346	300	0.814212157912866	0.796321736908188	0.839709330103668	0.911494991232487	0.12	0.346	0.595792909601959	0.707638116425658	0.632245681381958
