domainDef	Ntopdommks	LFF_Xenium_loose	LFF_Xenium_strict	Xenium_All_NMFpred_LCcells	LFF_Visium	k1	k2	looseInDom	strictInDom	nmfpredInDom
LC_k1_0.04_k2_0.04	10	0.36969696969697	-0.0424242424242424	-0.236363636363636	0.43030303030303	0.04	0.04	0.932632151600327	0.990174267704857	0.999872040946897
LC_k1_0.04_k2_0.04	20	0.693233082706767	0.609022556390977	0.279699248120301	0.720300751879699	0.04	0.04	0.932632151600327	0.990174267704857	0.999872040946897
LC_k1_0.04_k2_0.04	30	0.797552836484983	0.762847608453838	0.452725250278087	0.833592880978865	0.04	0.04	0.932632151600327	0.990174267704857	0.999872040946897
LC_k1_0.04_k2_0.04	40	0.828142589118199	0.812007504690432	0.621575984990619	0.787617260787993	0.04	0.04	0.932632151600327	0.990174267704857	0.999872040946897
LC_k1_0.04_k2_0.04	50	0.786314525810324	0.758943577430972	0.666842737094838	0.826266506602641	0.04	0.04	0.932632151600327	0.990174267704857	0.999872040946897
LC_k1_0.04_k2_0.04	60	0.780550152820228	0.751986662961934	0.712864684634621	0.829619338705196	0.04	0.04	0.932632151600327	0.990174267704857	0.999872040946897
LC_k1_0.04_k2_0.04	70	0.804321581663896	0.784725745779022	0.750922928877614	0.853696089580964	0.04	0.04	0.932632151600327	0.990174267704857	0.999872040946897
LC_k1_0.04_k2_0.04	80	0.835325832161275	0.814088138771683	0.795382090951711	0.880989217065167	0.04	0.04	0.932632151600327	0.990174267704857	0.999872040946897
LC_k1_0.04_k2_0.04	90	0.839832078034325	0.822858789150924	0.811598139688027	0.879935794542536	0.04	0.04	0.932632151600327	0.990174267704857	0.999872040946897
LC_k1_0.04_k2_0.04	100	0.834599459945995	0.821074107410741	0.8197899789979	0.884356435643564	0.04	0.04	0.932632151600327	0.990174267704857	0.999872040946897
LC_k1_0.04_k2_0.04	110	0.80861528751437	0.798354484593017	0.807154610824336	0.891531230980772	0.04	0.04	0.932632151600327	0.990174267704857	0.999872040946897
LC_k1_0.04_k2_0.04	120	0.814744079449962	0.804430863254393	0.818619348565873	0.90285436488645	0.04	0.04	0.932632151600327	0.990174267704857	0.999872040946897
LC_k1_0.04_k2_0.04	130	0.810605088148138	0.802280517281405	0.82112551038523	0.893009600021849	0.04	0.04	0.932632151600327	0.990174267704857	0.999872040946897
LC_k1_0.04_k2_0.04	140	0.826655878944261	0.819103015459973	0.840773217292428	0.883470731013973	0.04	0.04	0.932632151600327	0.990174267704857	0.999872040946897
LC_k1_0.04_k2_0.04	150	0.828724832214765	0.820404462420552	0.849212853904618	0.874184630428019	0.04	0.04	0.932632151600327	0.990174267704857	0.999872040946897
LC_k1_0.04_k2_0.04	160	0.839253486464315	0.826148482362592	0.8600697292863	0.877393648189382	0.04	0.04	0.932632151600327	0.990174267704857	0.999872040946897
LC_k1_0.04_k2_0.04	170	0.798328051245413	0.79023088525351	0.824986413126447	0.863435128021935	0.04	0.04	0.932632151600327	0.990174267704857	0.999872040946897
LC_k1_0.04_k2_0.04	180	0.78961490580985	0.779495251911067	0.819144623805262	0.862818811280184	0.04	0.04	0.932632151600327	0.990174267704857	0.999872040946897
LC_k1_0.04_k2_0.04	190	0.781301421091997	0.767978410249008	0.812403609372472	0.863883093422912	0.04	0.04	0.932632151600327	0.990174267704857	0.999872040946897
LC_k1_0.04_k2_0.04	200	0.793444836120903	0.777662941573539	0.821302032550814	0.865325133128328	0.04	0.04	0.932632151600327	0.990174267704857	0.999872040946897
LC_k1_0.04_k2_0.04	210	0.775656720430978	0.758867224070517	0.808230183386083	0.86190422199402	0.04	0.04	0.932632151600327	0.990174267704857	0.999872040946897
LC_k1_0.04_k2_0.04	220	0.768129694640573	0.749275060153384	0.805447896181176	0.858258904673087	0.04	0.04	0.932632151600327	0.990174267704857	0.999872040946897
LC_k1_0.04_k2_0.04	230	0.770006336932481	0.748999282471847	0.80518543541137	0.867976792525872	0.04	0.04	0.932632151600327	0.990174267704857	0.999872040946897
LC_k1_0.04_k2_0.04	240	0.756993176964878	0.734532717581902	0.796608448063334	0.871951769996007	0.04	0.04	0.932632151600327	0.990174267704857	0.999872040946897
LC_k1_0.04_k2_0.04	240	0.756993176964878	0.734532717581902	0.796608448063334	0.871951769996007	0.04	0.04	0.932632151600327	0.990174267704857	0.999872040946897
LC_k1_0.04_k2_0.04	250	0.754898862381798	0.728707339317429	0.795106609705755	0.871951769996007	0.04	0.04	0.932632151600327	0.990174267704857	0.999872040946897
LC_k1_0.04_k2_0.04	260	0.747879520293313	0.720082340771996	0.79078889423717	0.871951769996007	0.04	0.04	0.932632151600327	0.990174267704857	0.999872040946897
LC_k1_0.04_k2_0.04	270	0.747909360134493	0.717783051436462	0.793206735041328	0.871951769996007	0.04	0.04	0.932632151600327	0.990174267704857	0.999872040946897
LC_k1_0.04_k2_0.04	280	0.746210866392246	0.713883923446545	0.790600827634463	0.871951769996007	0.04	0.04	0.932632151600327	0.990174267704857	0.999872040946897
LC_k1_0.04_k2_0.04	290	0.745376446724734	0.705002847629087	0.7883346843683	0.871951769996007	0.04	0.04	0.932632151600327	0.990174267704857	0.999872040946897
LC_k1_0.04_k2_0.04	300	0.740241113790153	0.702520694674385	0.787428304758942	0.871951769996007	0.04	0.04	0.932632151600327	0.990174267704857	0.999872040946897
LC_k1_0.04_k2_0.12	10	0.36969696969697	-0.0424242424242424	-0.236363636363636	0.43030303030303	0.04	0.12	0.916311542297579	0.985910270671116	0.999616122840691
LC_k1_0.04_k2_0.12	20	0.754887218045113	0.727819548872181	0.207518796992481	0.703759398496241	0.04	0.12	0.916311542297579	0.985910270671116	0.999616122840691
LC_k1_0.04_k2_0.12	30	0.818909899888765	0.764627363737486	0.468298109010011	0.813125695216908	0.04	0.12	0.916311542297579	0.985910270671116	0.999616122840691
LC_k1_0.04_k2_0.12	40	0.848405253283302	0.814821763602252	0.650844277673546	0.781988742964353	0.04	0.12	0.916311542297579	0.985910270671116	0.999616122840691
LC_k1_0.04_k2_0.12	50	0.857478991596639	0.821272509003601	0.732244897959184	0.824537815126051	0.04	0.12	0.916311542297579	0.985910270671116	0.999616122840691
LC_k1_0.04_k2_0.12	60	0.842289524868019	0.807279799944429	0.765323701028064	0.832453459294249	0.04	0.12	0.916311542297579	0.985910270671116	0.999616122840691
LC_k1_0.04_k2_0.12	70	0.851386580351675	0.825772023445018	0.79203919167177	0.853801067273204	0.04	0.12	0.916311542297579	0.985910270671116	0.999616122840691
LC_k1_0.04_k2_0.12	80	0.866924519456165	0.84535864978903	0.825082044069386	0.874613220815752	0.04	0.12	0.916311542297579	0.985910270671116	0.999616122840691
LC_k1_0.04_k2_0.12	90	0.85724986623863	0.841313742437338	0.840144873852739	0.894554883318928	0.04	0.12	0.916311542297579	0.985910270671116	0.999616122840691
LC_k1_0.04_k2_0.12	100	0.832043204320432	0.821758175817582	0.818457845784579	0.897965796579658	0.04	0.12	0.916311542297579	0.985910270671116	0.999616122840691
LC_k1_0.04_k2_0.12	110	0.832166445010482	0.824385185853076	0.823988458850844	0.897004260307013	0.04	0.12	0.916311542297579	0.985910270671116	0.999616122840691
LC_k1_0.04_k2_0.12	120	0.831300784776721	0.824883672477255	0.831293839849989	0.904423918327661	0.04	0.12	0.916311542297579	0.985910270671116	0.999616122840691
LC_k1_0.04_k2_0.12	130	0.844651709022382	0.838326346119707	0.849382075407284	0.906993131136572	0.04	0.12	0.916311542297579	0.985910270671116	0.999616122840691
LC_k1_0.04_k2_0.12	140	0.848374188187444	0.841088102162647	0.854077103059194	0.901659705670114	0.04	0.12	0.916311542297579	0.985910270671116	0.999616122840691
LC_k1_0.04_k2_0.12	150	0.855815814036179	0.848526601182275	0.869028845726477	0.901837414996222	0.04	0.12	0.916311542297579	0.985910270671116	0.999616122840691
LC_k1_0.04_k2_0.12	160	0.855423063400914	0.84581331302004	0.874598617133482	0.892347357318645	0.04	0.12	0.916311542297579	0.985910270671116	0.999616122840691
LC_k1_0.04_k2_0.12	170	0.849588119271377	0.83612948137835	0.875806816030679	0.883669493957658	0.04	0.12	0.916311542297579	0.985910270671116	0.999616122840691
LC_k1_0.04_k2_0.12	180	0.842602137926068	0.830688189964711	0.871979587847362	0.877720505776927	0.04	0.12	0.916311542297579	0.985910270671116	0.999616122840691
LC_k1_0.04_k2_0.12	190	0.843066654419644	0.828980829035941	0.875295568764844	0.874170592274753	0.04	0.12	0.916311542297579	0.985910270671116	0.999616122840691
LC_k1_0.04_k2_0.12	200	0.828344708617716	0.814779869496738	0.864854121353034	0.874835370884272	0.04	0.12	0.916311542297579	0.985910270671116	0.999616122840691
LC_k1_0.04_k2_0.12	210	0.823775725397077	0.810179045200248	0.862715383892735	0.873141276284205	0.04	0.12	0.916311542297579	0.985910270671116	0.999616122840691
LC_k1_0.04_k2_0.12	220	0.81346083408936	0.798319649729803	0.854210736885999	0.873256960605873	0.04	0.12	0.916311542297579	0.985910270671116	0.999616122840691
LC_k1_0.04_k2_0.12	230	0.800505475158978	0.786114474096248	0.84672415110995	0.880895258149862	0.04	0.12	0.916311542297579	0.985910270671116	0.999616122840691
LC_k1_0.04_k2_0.12	240	0.786201149325509	0.770084550078994	0.828298234344346	0.892974704421952	0.04	0.12	0.916311542297579	0.985910270671116	0.999616122840691
LC_k1_0.04_k2_0.12	240	0.786201149325509	0.770084550078994	0.828298234344346	0.892974704421952	0.04	0.12	0.916311542297579	0.985910270671116	0.999616122840691
LC_k1_0.04_k2_0.12	250	0.782564201027216	0.761480727691643	0.826286372581961	0.892974704421952	0.04	0.12	0.916311542297579	0.985910270671116	0.999616122840691
LC_k1_0.04_k2_0.12	260	0.782499513533996	0.75972880800467	0.828902566833601	0.892974704421952	0.04	0.12	0.916311542297579	0.985910270671116	0.999616122840691
LC_k1_0.04_k2_0.12	270	0.779169048196058	0.751667375409813	0.824693830581428	0.892974704421952	0.04	0.12	0.916311542297579	0.985910270671116	0.999616122840691
LC_k1_0.04_k2_0.12	280	0.77690440657953	0.743431676424444	0.821879287818904	0.892974704421952	0.04	0.12	0.916311542297579	0.985910270671116	0.999616122840691
LC_k1_0.04_k2_0.12	290	0.764712770786155	0.725365056208385	0.812987402777761	0.892974704421952	0.04	0.12	0.916311542297579	0.985910270671116	0.999616122840691
LC_k1_0.04_k2_0.12	300	0.767301414460161	0.726444960499561	0.816820186890966	0.892974704421952	0.04	0.12	0.916311542297579	0.985910270671116	0.999616122840691
LC_k1_0.04_k2_0.2	10	0.490909090909091	-0.00606060606060606	-0.224242424242424	0.43030303030303	0.04	0.2	0.90506845588902	0.980533926585094	0.998848368522073
LC_k1_0.04_k2_0.2	20	0.732330827067669	0.690225563909774	0.171428571428571	0.690225563909774	0.04	0.2	0.90506845588902	0.980533926585094	0.998848368522073
LC_k1_0.04_k2_0.2	30	0.79265850945495	0.744160177975528	0.450945494994438	0.809121245828699	0.04	0.2	0.90506845588902	0.980533926585094	0.998848368522073
LC_k1_0.04_k2_0.2	40	0.827579737335835	0.79718574108818	0.630393996247655	0.765103189493434	0.04	0.2	0.90506845588902	0.980533926585094	0.998848368522073
LC_k1_0.04_k2_0.2	50	0.840288115246098	0.80561824729892	0.715822328931573	0.811284513805522	0.04	0.2	0.90506845588902	0.980533926585094	0.998848368522073
LC_k1_0.04_k2_0.2	60	0.832453459294249	0.8	0.758488469019172	0.819338705195888	0.04	0.2	0.90506845588902	0.980533926585094	0.998848368522073
LC_k1_0.04_k2_0.2	70	0.839734056512991	0.812684804479048	0.778427084244598	0.848132271892223	0.04	0.2	0.90506845588902	0.980533926585094	0.998848368522073
LC_k1_0.04_k2_0.2	80	0.850070323488045	0.826254102203469	0.805321143928739	0.872503516174402	0.04	0.2	0.90506845588902	0.980533926585094	0.998848368522073
LC_k1_0.04_k2_0.2	90	0.853051817096761	0.83607852821336	0.820685681359839	0.887755690002881	0.04	0.2	0.90506845588902	0.980533926585094	0.998848368522073
LC_k1_0.04_k2_0.2	100	0.83971197119712	0.826198619861986	0.830747074707471	0.89038103810381	0.04	0.2	0.90506845588902	0.980533926585094	0.998848368522073
LC_k1_0.04_k2_0.2	110	0.822672046525257	0.812771904515024	0.816171133602326	0.897049342920903	0.04	0.2	0.90506845588902	0.980533926585094	0.998848368522073
LC_k1_0.04_k2_0.2	120	0.819237447044934	0.815758038752691	0.820036113619001	0.907021320925064	0.04	0.2	0.90506845588902	0.980533926585094	0.998848368522073
LC_k1_0.04_k2_0.2	130	0.825309645085963	0.821016264048396	0.832891340862227	0.910363380627893	0.04	0.2	0.90506845588902	0.980533926585094	0.998848368522073
LC_k1_0.04_k2_0.2	140	0.833460890861779	0.825606262710197	0.844346285889222	0.904637991734272	0.04	0.2	0.90506845588902	0.980533926585094	0.998848368522073
LC_k1_0.04_k2_0.2	150	0.845305124672208	0.835249566647407	0.860601804524646	0.897499444419752	0.04	0.2	0.90506845588902	0.980533926585094	0.998848368522073
LC_k1_0.04_k2_0.2	160	0.84611801242236	0.835714285714286	0.864660728934724	0.892265322864174	0.04	0.2	0.90506845588902	0.980533926585094	0.998848368522073
LC_k1_0.04_k2_0.2	170	0.841080599165858	0.829260935143288	0.8666495685786	0.880926472114851	0.04	0.2	0.90506845588902	0.980533926585094	0.998848368522073
LC_k1_0.04_k2_0.2	180	0.834468142020844	0.824722985277323	0.867812792575903	0.874788316511827	0.04	0.2	0.90506845588902	0.980533926585094	0.998848368522073
LC_k1_0.04_k2_0.2	190	0.826900584795322	0.814975484085432	0.866866118175019	0.874013130557633	0.04	0.2	0.90506845588902	0.980533926585094	0.998848368522073
LC_k1_0.04_k2_0.2	200	0.827786694667367	0.811707792694817	0.867837695942399	0.875405385134629	0.04	0.2	0.90506845588902	0.980533926585094	0.998848368522073
LC_k1_0.04_k2_0.2	210	0.817666095441102	0.800080986611293	0.857718833922376	0.873495025802334	0.04	0.2	0.90506845588902	0.980533926585094	0.998848368522073
LC_k1_0.04_k2_0.2	220	0.809488174999859	0.787103790649319	0.849281258628559	0.874773896530544	0.04	0.2	0.90506845588902	0.980533926585094	0.998848368522073
LC_k1_0.04_k2_0.2	230	0.801754122088278	0.785318535650793	0.845400545913172	0.881138872519165	0.04	0.2	0.90506845588902	0.980533926585094	0.998848368522073
LC_k1_0.04_k2_0.2	240	0.788873070713033	0.773601972256463	0.834838278442334	0.893268112293616	0.04	0.2	0.90506845588902	0.980533926585094	0.998848368522073
LC_k1_0.04_k2_0.2	240	0.788873070713033	0.773601972256463	0.834838278442334	0.893268112293616	0.04	0.2	0.90506845588902	0.980533926585094	0.998848368522073
LC_k1_0.04_k2_0.2	250	0.77980319685115	0.76367109873758	0.822669802716843	0.893268112293616	0.04	0.2	0.90506845588902	0.980533926585094	0.998848368522073
LC_k1_0.04_k2_0.2	260	0.766785125405815	0.74915764570937	0.807408621201725	0.893268112293616	0.04	0.2	0.90506845588902	0.980533926585094	0.998848368522073
LC_k1_0.04_k2_0.2	270	0.760431403570541	0.739592221201022	0.806724372076434	0.893268112293616	0.04	0.2	0.90506845588902	0.980533926585094	0.998848368522073
LC_k1_0.04_k2_0.2	280	0.76480913568504	0.735966566628948	0.81068544970508	0.893268112293616	0.04	0.2	0.90506845588902	0.980533926585094	0.998848368522073
LC_k1_0.04_k2_0.2	290	0.767200479238139	0.734566526888876	0.811290388052505	0.893268112293616	0.04	0.2	0.90506845588902	0.980533926585094	0.998848368522073
LC_k1_0.04_k2_0.2	300	0.763109812331248	0.728167201857798	0.811749463882932	0.893268112293616	0.04	0.2	0.90506845588902	0.980533926585094	0.998848368522073
LC_k1_0.04_k2_0.28	10	0.490909090909091	-0.00606060606060606	-0.224242424242424	0.43030303030303	0.04	0.28	0.889291866896364	0.972932888394512	0.986948176583493
LC_k1_0.04_k2_0.28	20	0.756390977443609	0.618045112781955	0.366917293233083	0.747368421052632	0.04	0.28	0.889291866896364	0.972932888394512	0.986948176583493
LC_k1_0.04_k2_0.28	30	0.804226918798665	0.748164627363738	0.445161290322581	0.781979977753059	0.04	0.28	0.889291866896364	0.972932888394512	0.986948176583493
LC_k1_0.04_k2_0.28	40	0.827016885553471	0.79249530956848	0.617073170731707	0.79718574108818	0.04	0.28	0.889291866896364	0.972932888394512	0.986948176583493
LC_k1_0.04_k2_0.28	50	0.853925570228091	0.818679471788716	0.729363745498199	0.819447779111645	0.04	0.28	0.889291866896364	0.972932888394512	0.986948176583493
LC_k1_0.04_k2_0.28	60	0.842678521811614	0.807779938871909	0.753987218671854	0.827563212003334	0.04	0.28	0.889291866896364	0.972932888394512	0.986948176583493
LC_k1_0.04_k2_0.28	70	0.855655673169452	0.830845945236637	0.791444318082407	0.851281602659435	0.04	0.28	0.889291866896364	0.972932888394512	0.986948176583493
LC_k1_0.04_k2_0.28	80	0.860642287857478	0.836122831692452	0.815846225972808	0.866947960618847	0.04	0.28	0.889291866896364	0.972932888394512	0.986948176583493
LC_k1_0.04_k2_0.28	90	0.853101205910195	0.838679672387537	0.831699386755567	0.892892126599992	0.04	0.28	0.889291866896364	0.972932888394512	0.986948176583493
LC_k1_0.04_k2_0.28	100	0.834395439543954	0.822442244224422	0.820738073807381	0.900762076207621	0.04	0.28	0.889291866896364	0.972932888394512	0.986948176583493
LC_k1_0.04_k2_0.28	110	0.836305028965579	0.828388521966503	0.827874580168158	0.909122466920632	0.04	0.28	0.889291866896364	0.972932888394512	0.986948176583493
LC_k1_0.04_k2_0.28	120	0.841502882144593	0.836808111674422	0.840572261962636	0.916945621223696	0.04	0.28	0.889291866896364	0.972932888394512	0.986948176583493
LC_k1_0.04_k2_0.28	130	0.854177989594286	0.848584577148398	0.859023064632864	0.912460910295102	0.04	0.28	0.889291866896364	0.972932888394512	0.986948176583493
LC_k1_0.04_k2_0.28	140	0.860475388686012	0.852843803984169	0.868478712470753	0.917159038726466	0.04	0.28	0.889291866896364	0.972932888394512	0.986948176583493
LC_k1_0.04_k2_0.28	150	0.869498199919997	0.858656829192409	0.879859549313303	0.910605804702431	0.04	0.28	0.889291866896364	0.972932888394512	0.986948176583493
LC_k1_0.04_k2_0.28	160	0.860394937302238	0.852962029766788	0.878454236493613	0.901488339388257	0.04	0.28	0.889291866896364	0.972932888394512	0.986948176583493
LC_k1_0.04_k2_0.28	170	0.852607153107272	0.844001929641368	0.873222562148497	0.88813942269527	0.04	0.28	0.889291866896364	0.972932888394512	0.986948176583493
LC_k1_0.04_k2_0.28	180	0.854837083449078	0.843968435239771	0.882286490323775	0.88744920110703	0.04	0.28	0.889291866896364	0.972932888394512	0.986948176583493
LC_k1_0.04_k2_0.28	190	0.848283885980221	0.836906402130982	0.881069165059245	0.881585289576472	0.04	0.28	0.889291866896364	0.972932888394512	0.986948176583493
LC_k1_0.04_k2_0.28	200	0.845134628365709	0.827681692042301	0.880792019800495	0.880333008325208	0.04	0.28	0.889291866896364	0.972932888394512	0.986948176583493
LC_k1_0.04_k2_0.28	210	0.839141153184556	0.820849841104269	0.874110524048165	0.884896644886667	0.04	0.28	0.889291866896364	0.972932888394512	0.986948176583493
LC_k1_0.04_k2_0.28	220	0.837279883694066	0.817741162946643	0.873920760947352	0.885348495179277	0.04	0.28	0.889291866896364	0.972932888394512	0.986948176583493
LC_k1_0.04_k2_0.28	230	0.823174433313032	0.802884413858403	0.86262220786618	0.892152806373425	0.04	0.28	0.889291866896364	0.972932888394512	0.986948176583493
LC_k1_0.04_k2_0.28	240	0.794748172711332	0.777796489522387	0.836261914269345	0.903044323686175	0.04	0.28	0.889291866896364	0.972932888394512	0.986948176583493
LC_k1_0.04_k2_0.28	240	0.794748172711332	0.777796489522387	0.836261914269345	0.903044323686175	0.04	0.28	0.889291866896364	0.972932888394512	0.986948176583493
LC_k1_0.04_k2_0.28	250	0.801729947679163	0.784797580761292	0.84181404502472	0.903044323686175	0.04	0.28	0.889291866896364	0.972932888394512	0.986948176583493
LC_k1_0.04_k2_0.28	260	0.791734515872447	0.774290015669326	0.834085392706082	0.903044323686175	0.04	0.28	0.889291866896364	0.972932888394512	0.986948176583493
LC_k1_0.04_k2_0.28	270	0.793631066422188	0.77024040872379	0.8366074218363	0.903044323686175	0.04	0.28	0.889291866896364	0.972932888394512	0.986948176583493
LC_k1_0.04_k2_0.28	280	0.787962674451022	0.760991302731631	0.833792522863812	0.903044323686175	0.04	0.28	0.889291866896364	0.972932888394512	0.986948176583493
LC_k1_0.04_k2_0.28	290	0.786736567862753	0.759623694734162	0.832810837473569	0.903044323686175	0.04	0.28	0.889291866896364	0.972932888394512	0.986948176583493
LC_k1_0.04_k2_0.28	300	0.774544161601796	0.74262736252625	0.820114890165446	0.903044323686175	0.04	0.28	0.889291866896364	0.972932888394512	0.986948176583493
LC_k1_0.04_k2_0.36	10	0.587878787878788	0.151515151515152	-0.115151515151515	0.539393939393939	0.04	0.36	0.859552089944691	0.953652206154987	0.93998720409469
LC_k1_0.04_k2_0.36	20	0.727819548872181	0.64812030075188	0.291729323308271	0.702255639097744	0.04	0.36	0.859552089944691	0.953652206154987	0.93998720409469
LC_k1_0.04_k2_0.36	30	0.823804226918799	0.771301446051168	0.503003337041157	0.765072302558398	0.04	0.36	0.859552089944691	0.953652206154987	0.93998720409469
LC_k1_0.04_k2_0.36	40	0.837711069418387	0.803001876172608	0.644652908067542	0.793433395872421	0.04	0.36	0.859552089944691	0.953652206154987	0.93998720409469
LC_k1_0.04_k2_0.36	50	0.848163265306123	0.810228091236495	0.737142857142857	0.795438175270108	0.04	0.36	0.859552089944691	0.953652206154987	0.93998720409469
LC_k1_0.04_k2_0.36	60	0.851014170602945	0.81661572659072	0.775104195609892	0.834454015004168	0.04	0.36	0.859552089944691	0.953652206154987	0.93998720409469
LC_k1_0.04_k2_0.36	70	0.866958271367335	0.838999212667308	0.8053713585863	0.858700026244423	0.04	0.36	0.859552089944691	0.953652206154987	0.93998720409469
LC_k1_0.04_k2_0.36	80	0.841373652133146	0.824589779653071	0.807594936708861	0.874496015002344	0.04	0.36	0.859552089944691	0.953652206154987	0.93998720409469
LC_k1_0.04_k2_0.36	90	0.853578631106721	0.838202247191011	0.835140140758118	0.900695559122525	0.04	0.36	0.859552089944691	0.953652206154987	0.93998720409469
LC_k1_0.04_k2_0.36	100	0.857089708970897	0.844584458445845	0.844812481248125	0.899525952595259	0.04	0.36	0.859552089944691	0.953652206154987	0.93998720409469
LC_k1_0.04_k2_0.36	110	0.850605234091473	0.84523138651579	0.846394517954151	0.917093073056376	0.04	0.36	0.859552089944691	0.953652206154987	0.93998720409469
LC_k1_0.04_k2_0.36	120	0.86354607958886	0.856253906521286	0.863101604278075	0.922598791582749	0.04	0.36	0.859552089944691	0.953652206154987	0.93998720409469
LC_k1_0.04_k2_0.36	130	0.877349137636729	0.871127558754046	0.880260552513349	0.918207267612558	0.04	0.36	0.859552089944691	0.953652206154987	0.93998720409469
LC_k1_0.04_k2_0.36	140	0.883663160656885	0.876022829153091	0.887835385187291	0.919463821040432	0.04	0.36	0.859552089944691	0.953652206154987	0.93998720409469
LC_k1_0.04_k2_0.36	150	0.884361082714787	0.873871727632339	0.892549891106271	0.912646784301525	0.04	0.36	0.859552089944691	0.953652206154987	0.93998720409469
LC_k1_0.04_k2_0.36	160	0.873359310910582	0.865352162193836	0.887879409351928	0.900225594749795	0.04	0.36	0.859552089944691	0.953652206154987	0.93998720409469
LC_k1_0.04_k2_0.36	170	0.869456097605657	0.859121524660939	0.88832750166401	0.894604942568744	0.04	0.36	0.859552089944691	0.953652206154987	0.93998720409469
LC_k1_0.04_k2_0.36	180	0.86550613702069	0.85570748068356	0.888395732378571	0.886165210860418	0.04	0.36	0.859552089944691	0.953652206154987	0.93998720409469
LC_k1_0.04_k2_0.36	190	0.857035258302825	0.844368337947837	0.88429887983484	0.878534031413613	0.04	0.36	0.859552089944691	0.953652206154987	0.93998720409469
LC_k1_0.04_k2_0.36	200	0.852973824345609	0.836771919297983	0.881161029025726	0.882758568964224	0.04	0.36	0.859552089944691	0.953652206154987	0.93998720409469
LC_k1_0.04_k2_0.36	210	0.8532872465524	0.835751377582258	0.883696747253744	0.888821580016392	0.04	0.36	0.859552089944691	0.953652206154987	0.93998720409469
LC_k1_0.04_k2_0.36	220	0.83706688154714	0.818723903010769	0.869717067783144	0.888307985326519	0.04	0.36	0.859552089944691	0.953652206154987	0.93998720409469
LC_k1_0.04_k2_0.36	230	0.827151166661324	0.809426495281821	0.8628776577514	0.894845386244665	0.04	0.36	0.859552089944691	0.953652206154987	0.93998720409469
LC_k1_0.04_k2_0.36	240	0.819351030399833	0.802524349381066	0.854963627840761	0.905286550113717	0.04	0.36	0.859552089944691	0.953652206154987	0.93998720409469
LC_k1_0.04_k2_0.36	240	0.819351030399833	0.802524349381066	0.854963627840761	0.905286550113717	0.04	0.36	0.859552089944691	0.953652206154987	0.93998720409469
LC_k1_0.04_k2_0.36	250	0.80754840877454	0.787756732107714	0.845065809052945	0.905286550113717	0.04	0.36	0.859552089944691	0.953652206154987	0.93998720409469
LC_k1_0.04_k2_0.36	260	0.805498943429978	0.785367102608482	0.842330394054532	0.905286550113717	0.04	0.36	0.859552089944691	0.953652206154987	0.93998720409469
LC_k1_0.04_k2_0.36	270	0.79825664427648	0.777227244391403	0.835005205070638	0.905286550113717	0.04	0.36	0.859552089944691	0.953652206154987	0.93998720409469
LC_k1_0.04_k2_0.36	280	0.794713853857465	0.768033302174044	0.836028885208084	0.905286550113717	0.04	0.36	0.859552089944691	0.953652206154987	0.93998720409469
LC_k1_0.04_k2_0.36	290	0.782182821477643	0.757763325735556	0.824328224002008	0.905286550113717	0.04	0.36	0.859552089944691	0.953652206154987	0.93998720409469
LC_k1_0.04_k2_0.36	300	0.780874898609985	0.754780386448738	0.824365604062267	0.905286550113717	0.04	0.36	0.859552089944691	0.953652206154987	0.93998720409469
LC_k1_0.04_k2_0.44	10	0.442424242424242	0.139393939393939	-0.36969696969697	0.478787878787879	0.04	0.44	0.823012059116874	0.925101965146459	0.884069097888676
LC_k1_0.04_k2_0.44	20	0.793984962406015	0.670676691729323	0.475187969924812	0.718796992481203	0.04	0.44	0.823012059116874	0.925101965146459	0.884069097888676
LC_k1_0.04_k2_0.44	30	0.810011123470523	0.770856507230256	0.487875417130145	0.769966629588432	0.04	0.44	0.823012059116874	0.925101965146459	0.884069097888676
LC_k1_0.04_k2_0.44	40	0.823827392120075	0.778986866791745	0.645966228893058	0.809756097560976	0.04	0.44	0.823012059116874	0.925101965146459	0.884069097888676
LC_k1_0.04_k2_0.44	50	0.84124849939976	0.797166866746699	0.738199279711885	0.777767106842737	0.04	0.44	0.823012059116874	0.925101965146459	0.884069097888676
LC_k1_0.04_k2_0.44	60	0.863628785773826	0.826618505140317	0.79194220616838	0.806612948041123	0.04	0.44	0.823012059116874	0.925101965146459	0.884069097888676
LC_k1_0.04_k2_0.44	70	0.836059837284577	0.812264893710087	0.790149593211443	0.83693465138658	0.04	0.44	0.823012059116874	0.925101965146459	0.884069097888676
LC_k1_0.04_k2_0.44	80	0.845100796999531	0.823112986404126	0.809001406469761	0.857430848570089	0.04	0.44	0.823012059116874	0.925101965146459	0.884069097888676
LC_k1_0.04_k2_0.44	90	0.845989216775734	0.832654237148619	0.817014446227929	0.871556159196609	0.04	0.44	0.823012059116874	0.925101965146459	0.884069097888676
LC_k1_0.04_k2_0.44	100	0.869258925892589	0.858373837383738	0.851137113711371	0.880924092409241	0.04	0.44	0.823012059116874	0.925101965146459	0.884069097888676
LC_k1_0.04_k2_0.44	110	0.875644117845953	0.866312016770732	0.866032504564615	0.899321506660956	0.04	0.44	0.823012059116874	0.925101965146459	0.884069097888676
LC_k1_0.04_k2_0.44	120	0.88038058198486	0.873025904576707	0.879533300923675	0.909986804639211	0.04	0.44	0.823012059116874	0.925101965146459	0.884069097888676
LC_k1_0.04_k2_0.44	130	0.890191044531538	0.883860219312021	0.893364650616559	0.906195632877685	0.04	0.44	0.823012059116874	0.925101965146459	0.884069097888676
LC_k1_0.04_k2_0.44	140	0.874815770483917	0.868137587194682	0.882832214471584	0.908827709868579	0.04	0.44	0.823012059116874	0.925101965146459	0.884069097888676
LC_k1_0.04_k2_0.44	150	0.886974532201431	0.87805324681097	0.894704653540158	0.903526378950176	0.04	0.44	0.823012059116874	0.925101965146459	0.884069097888676
LC_k1_0.04_k2_0.44	160	0.879541193015352	0.870379702332122	0.893085667408883	0.89852630962147	0.04	0.44	0.823012059116874	0.925101965146459	0.884069097888676
LC_k1_0.04_k2_0.44	170	0.87112926765225	0.861212376573177	0.890257143031614	0.891312339323771	0.04	0.44	0.823012059116874	0.925101965146459	0.884069097888676
LC_k1_0.04_k2_0.44	180	0.871220305153451	0.859141743057913	0.894412378982891	0.873767708879904	0.04	0.44	0.823012059116874	0.925101965146459	0.884069097888676
LC_k1_0.04_k2_0.44	190	0.870284787011158	0.855373162399892	0.890992752387076	0.86712155607168	0.04	0.44	0.823012059116874	0.925101965146459	0.884069097888676
LC_k1_0.04_k2_0.44	200	0.858061951548789	0.842499062476562	0.880093002325058	0.873089327233181	0.04	0.44	0.823012059116874	0.925101965146459	0.884069097888676
LC_k1_0.04_k2_0.44	210	0.864192579682727	0.84564081466052	0.889416345689731	0.875968680857681	0.04	0.44	0.823012059116874	0.925101965146459	0.884069097888676
LC_k1_0.04_k2_0.44	220	0.854720138845844	0.833403019220908	0.883591509216006	0.880015552537712	0.04	0.44	0.823012059116874	0.925101965146459	0.884069097888676
LC_k1_0.04_k2_0.44	230	0.842891416538654	0.823073831427733	0.87531678498073	0.887722378248294	0.04	0.44	0.823012059116874	0.925101965146459	0.884069097888676
LC_k1_0.04_k2_0.44	240	0.839310578308651	0.821364086182052	0.875710515807566	0.899170992551954	0.04	0.44	0.823012059116874	0.925101965146459	0.884069097888676
LC_k1_0.04_k2_0.44	240	0.839310578308651	0.821364086182052	0.875710515807566	0.899170992551954	0.04	0.44	0.823012059116874	0.925101965146459	0.884069097888676
LC_k1_0.04_k2_0.44	250	0.833974943599097	0.809774108385734	0.862497383958143	0.899170992551954	0.04	0.44	0.823012059116874	0.925101965146459	0.884069097888676
LC_k1_0.04_k2_0.44	260	0.814232117680394	0.789142761556555	0.850206705379119	0.899170992551954	0.04	0.44	0.823012059116874	0.925101965146459	0.884069097888676
LC_k1_0.04_k2_0.44	270	0.796592850686871	0.770414165108194	0.829811413355769	0.899170992551954	0.04	0.44	0.823012059116874	0.925101965146459	0.884069097888676
LC_k1_0.04_k2_0.44	280	0.788759696278925	0.763380181598526	0.825360928437498	0.899170992551954	0.04	0.44	0.823012059116874	0.925101965146459	0.884069097888676
LC_k1_0.04_k2_0.44	290	0.785993601137576	0.760950210158717	0.821352420853748	0.899170992551954	0.04	0.44	0.823012059116874	0.925101965146459	0.884069097888676
LC_k1_0.04_k2_0.44	300	0.783543817153524	0.758070200780009	0.823232702585584	0.899170992551954	0.04	0.44	0.823012059116874	0.925101965146459	0.884069097888676
LC_k1_0.04_k2_0.52	10	0.442424242424242	0.393939393939394	-0.0545454545454545	0.648484848484848	0.04	0.52	0.779853114516275	0.885428253615128	0.826615483045426
LC_k1_0.04_k2_0.52	20	0.819548872180451	0.792481203007519	0.377443609022556	0.703759398496241	0.04	0.52	0.779853114516275	0.885428253615128	0.826615483045426
LC_k1_0.04_k2_0.52	30	0.881201334816463	0.845161290322581	0.595995550611791	0.777085650723026	0.04	0.52	0.779853114516275	0.885428253615128	0.826615483045426
LC_k1_0.04_k2_0.52	40	0.857223264540338	0.827016885553471	0.695497185741088	0.774108818011257	0.04	0.52	0.779853114516275	0.885428253615128	0.826615483045426
LC_k1_0.04_k2_0.52	50	0.869387755102041	0.840192076830732	0.769411764705882	0.777575030012005	0.04	0.52	0.779853114516275	0.885428253615128	0.826615483045426
LC_k1_0.04_k2_0.52	60	0.867074187274243	0.834620727979995	0.800333425951653	0.808502361767158	0.04	0.52	0.779853114516275	0.885428253615128	0.826615483045426
LC_k1_0.04_k2_0.52	70	0.849357011635028	0.829516227801592	0.805651299098942	0.856915405476336	0.04	0.52	0.779853114516275	0.885428253615128	0.826615483045426
LC_k1_0.04_k2_0.52	80	0.861462728551336	0.845452414439756	0.833638068448195	0.869456165025785	0.04	0.52	0.779853114516275	0.885428253615128	0.826615483045426
LC_k1_0.04_k2_0.52	90	0.871276289253818	0.856607811663992	0.850417747046961	0.890356834177059	0.04	0.52	0.779853114516275	0.885428253615128	0.826615483045426
LC_k1_0.04_k2_0.52	100	0.872811281128113	0.861782178217822	0.858277827782778	0.900726072607261	0.04	0.52	0.779853114516275	0.885428253615128	0.826615483045426
LC_k1_0.04_k2_0.52	110	0.866005454996281	0.862750490273426	0.860469310010594	0.914009422266303	0.04	0.52	0.779853114516275	0.885428253615128	0.826615483045426
LC_k1_0.04_k2_0.52	120	0.872275852489756	0.866935203833599	0.87196333078686	0.924175289950691	0.04	0.52	0.779853114516275	0.885428253615128	0.826615483045426
LC_k1_0.04_k2_0.52	130	0.884657717570908	0.879517677422879	0.887885946824346	0.921020360786027	0.04	0.52	0.779853114516275	0.885428253615128	0.826615483045426
LC_k1_0.04_k2_0.52	140	0.891264131551902	0.88333515558374	0.898213465701603	0.918300496381011	0.04	0.52	0.779853114516275	0.885428253615128	0.826615483045426
LC_k1_0.04_k2_0.52	150	0.893915285123783	0.884190408462598	0.903341481843638	0.916070936486066	0.04	0.52	0.779853114516275	0.885428253615128	0.826615483045426
LC_k1_0.04_k2_0.52	160	0.884433962264151	0.872975506855737	0.896572131723895	0.899642564162663	0.04	0.52	0.779853114516275	0.885428253615128	0.826615483045426
LC_k1_0.04_k2_0.52	170	0.874082351719885	0.863256819389232	0.891207308211357	0.897804727621351	0.04	0.52	0.779853114516275	0.885428253615128	0.826615483045426
LC_k1_0.04_k2_0.52	180	0.870510406699795	0.860901056616974	0.893105754292828	0.88514048787514	0.04	0.52	0.779853114516275	0.885428253615128	0.826615483045426
LC_k1_0.04_k2_0.52	190	0.860446928840426	0.849351126507368	0.880525047347864	0.876415296531031	0.04	0.52	0.779853114516275	0.885428253615128	0.826615483045426
LC_k1_0.04_k2_0.52	200	0.85879996999925	0.844797119927998	0.879153978849472	0.880364509112728	0.04	0.52	0.779853114516275	0.885428253615128	0.826615483045426
LC_k1_0.04_k2_0.52	210	0.850983339434325	0.834362295225353	0.870872355382208	0.88589051258046	0.04	0.52	0.779853114516275	0.885428253615128	0.826615483045426
LC_k1_0.04_k2_0.52	220	0.837929033094223	0.819985010960031	0.867432647932245	0.886374061071886	0.04	0.52	0.779853114516275	0.885428253615128	0.826615483045426
LC_k1_0.04_k2_0.52	230	0.827001250126369	0.810122818134969	0.856648231206803	0.893450767952382	0.04	0.52	0.779853114516275	0.885428253615128	0.826615483045426
LC_k1_0.04_k2_0.52	240	0.822768624455286	0.806542648309866	0.851243945207382	0.904371603673675	0.04	0.52	0.779853114516275	0.885428253615128	0.826615483045426
LC_k1_0.04_k2_0.52	240	0.822768624455286	0.806542648309866	0.851243945207382	0.904371603673675	0.04	0.52	0.779853114516275	0.885428253615128	0.826615483045426
LC_k1_0.04_k2_0.52	250	0.813924446791149	0.793037584601354	0.840969999519992	0.904371603673675	0.04	0.52	0.779853114516275	0.885428253615128	0.826615483045426
LC_k1_0.04_k2_0.52	260	0.804056955781094	0.77740476361166	0.835169614479959	0.904371603673675	0.04	0.52	0.779853114516275	0.885428253615128	0.826615483045426
LC_k1_0.04_k2_0.52	270	0.797028156155167	0.77190298297035	0.831348395268339	0.904371603673675	0.04	0.52	0.779853114516275	0.885428253615128	0.826615483045426
LC_k1_0.04_k2_0.52	280	0.801940622420475	0.776520655329058	0.836082457319973	0.904371603673675	0.04	0.52	0.779853114516275	0.885428253615128	0.826615483045426
LC_k1_0.04_k2_0.52	290	0.790505032861517	0.763949630792281	0.825361488984042	0.904371603673675	0.04	0.52	0.779853114516275	0.885428253615128	0.826615483045426
LC_k1_0.04_k2_0.52	300	0.78583050922788	0.756846187179858	0.821638907098968	0.904371603673675	0.04	0.52	0.779853114516275	0.885428253615128	0.826615483045426
LC_k1_0.04_k2_0.6	10	0.272727272727273	0.187878787878788	-0.0303030303030303	0.478787878787879	0.04	0.6	0.7330673678484	0.846125324434557	0.771209213051824
LC_k1_0.04_k2_0.6	20	0.745864661654135	0.720300751879699	0.37593984962406	0.691729323308271	0.04	0.6	0.7330673678484	0.846125324434557	0.771209213051824
LC_k1_0.04_k2_0.6	30	0.82202447163515	0.789098998887653	0.555061179087875	0.787764182424917	0.04	0.6	0.7330673678484	0.846125324434557	0.771209213051824
LC_k1_0.04_k2_0.6	40	0.867166979362102	0.845403377110694	0.70281425891182	0.814258911819888	0.04	0.6	0.7330673678484	0.846125324434557	0.771209213051824
LC_k1_0.04_k2_0.6	50	0.886770708283313	0.856998799519808	0.788811524609844	0.802256902761105	0.04	0.6	0.7330673678484	0.846125324434557	0.771209213051824
LC_k1_0.04_k2_0.6	60	0.881800500138928	0.84962489580439	0.808280077799389	0.814559599888858	0.04	0.6	0.7330673678484	0.846125324434557	0.771209213051824
LC_k1_0.04_k2_0.6	70	0.86835797393054	0.851036654710874	0.826541859854781	0.858420085731782	0.04	0.6	0.7330673678484	0.846125324434557	0.771209213051824
LC_k1_0.04_k2_0.6	80	0.871753398968589	0.856000937646507	0.838795124238162	0.865963431786217	0.04	0.6	0.7330673678484	0.846125324434557	0.771209213051824
LC_k1_0.04_k2_0.6	90	0.870156809482652	0.859900399226242	0.847800139934972	0.883969214306293	0.04	0.6	0.7330673678484	0.846125324434557	0.771209213051824
LC_k1_0.04_k2_0.6	100	0.885256525652565	0.877359735973597	0.867158715871587	0.894437443744375	0.04	0.6	0.7330673678484	0.846125324434557	0.771209213051824
LC_k1_0.04_k2_0.6	110	0.887572977481234	0.884155715348376	0.881540923742758	0.914045488357415	0.04	0.6	0.7330673678484	0.846125324434557	0.771209213051824
LC_k1_0.04_k2_0.6	120	0.891207722758525	0.886103201611223	0.891770261823737	0.918272102229322	0.04	0.6	0.7330673678484	0.846125324434557	0.771209213051824
LC_k1_0.04_k2_0.6	130	0.9037212033484	0.898357208209862	0.908041895970176	0.911920140927774	0.04	0.6	0.7330673678484	0.846125324434557	0.771209213051824
LC_k1_0.04_k2_0.6	140	0.896748376374888	0.889917124051519	0.902337582821281	0.916970982484529	0.04	0.6	0.7330673678484	0.846125324434557	0.771209213051824
LC_k1_0.04_k2_0.6	150	0.903135250455576	0.892805902484555	0.913325925596693	0.915043335259345	0.04	0.6	0.7330673678484	0.846125324434557	0.771209213051824
LC_k1_0.04_k2_0.6	160	0.890240829719911	0.878445447087777	0.901201218797609	0.90742704793156	0.04	0.6	0.7330673678484	0.846125324434557	0.771209213051824
LC_k1_0.04_k2_0.6	170	0.885689510933617	0.873215234396468	0.903227264122716	0.893205341931229	0.04	0.6	0.7330673678484	0.846125324434557	0.771209213051824
LC_k1_0.04_k2_0.6	180	0.877251355494511	0.865487617930595	0.899348745331646	0.884128110949926	0.04	0.6	0.7330673678484	0.846125324434557	0.771209213051824
LC_k1_0.04_k2_0.6	190	0.869912127613974	0.859832828143658	0.893503391987823	0.875645483691778	0.04	0.6	0.7330673678484	0.846125324434557	0.771209213051824
LC_k1_0.04_k2_0.6	200	0.860685517137929	0.852774319357984	0.890137253431336	0.882109052726318	0.04	0.6	0.7330673678484	0.846125324434557	0.771209213051824
LC_k1_0.04_k2_0.6	210	0.867929625874251	0.854735935055217	0.892628598640073	0.881344896061783	0.04	0.6	0.7330673678484	0.846125324434557	0.771209213051824
LC_k1_0.04_k2_0.6	220	0.861511413646788	0.845268027701549	0.89340200492497	0.886997289575855	0.04	0.6	0.7330673678484	0.846125324434557	0.771209213051824
LC_k1_0.04_k2_0.6	230	0.856929324709845	0.836648181892154	0.89065659990285	0.894826646677795	0.04	0.6	0.7330673678484	0.846125324434557	0.771209213051824
LC_k1_0.04_k2_0.6	240	0.842735984999739	0.823608916821472	0.870181773989132	0.904862063577493	0.04	0.6	0.7330673678484	0.846125324434557	0.771209213051824
LC_k1_0.04_k2_0.6	240	0.842735984999739	0.823608916821472	0.870181773989132	0.904862063577493	0.04	0.6	0.7330673678484	0.846125324434557	0.771209213051824
LC_k1_0.04_k2_0.6	250	0.825911582585322	0.806656746507944	0.858361637786205	0.904862063577493	0.04	0.6	0.7330673678484	0.846125324434557	0.771209213051824
LC_k1_0.04_k2_0.6	260	0.812091667264081	0.786922428301739	0.844122637226085	0.904862063577493	0.04	0.6	0.7330673678484	0.846125324434557	0.771209213051824
LC_k1_0.04_k2_0.6	270	0.806776803827518	0.777298575959737	0.837610331493649	0.904862063577493	0.04	0.6	0.7330673678484	0.846125324434557	0.771209213051824
LC_k1_0.04_k2_0.6	280	0.810786580732626	0.781178695792403	0.835576255528041	0.904862063577493	0.04	0.6	0.7330673678484	0.846125324434557	0.771209213051824
LC_k1_0.04_k2_0.6	290	0.805602018310932	0.777755035014152	0.834976757688291	0.904862063577493	0.04	0.6	0.7330673678484	0.846125324434557	0.771209213051824
LC_k1_0.04_k2_0.6	300	0.790204780053112	0.765328059200658	0.821123790264336	0.904862063577493	0.04	0.6	0.7330673678484	0.846125324434557	0.771209213051824
LC_k1_0.04_k2_0.68	10	0.393939393939394	0.224242424242424	-0.236363636363636	0.587878787878788	0.04	0.68	0.678302656632514	0.792732665925102	0.712603966730646
LC_k1_0.04_k2_0.68	20	0.784962406015038	0.738345864661654	0.336842105263158	0.721804511278195	0.04	0.68	0.678302656632514	0.792732665925102	0.712603966730646
LC_k1_0.04_k2_0.68	30	0.853615127919911	0.825139043381535	0.547497219132369	0.784649610678532	0.04	0.68	0.678302656632514	0.792732665925102	0.712603966730646
LC_k1_0.04_k2_0.68	40	0.875797373358349	0.84859287054409	0.710881801125704	0.824765478424015	0.04	0.68	0.678302656632514	0.792732665925102	0.712603966730646
LC_k1_0.04_k2_0.68	50	0.894741896758704	0.862280912364946	0.800528211284514	0.816950780312125	0.04	0.68	0.678302656632514	0.792732665925102	0.712603966730646
LC_k1_0.04_k2_0.68	60	0.884190052792443	0.855459849958322	0.812170047235343	0.822228396776883	0.04	0.68	0.678302656632514	0.792732665925102	0.712603966730646
LC_k1_0.04_k2_0.68	70	0.894462426734319	0.870142594698627	0.838544309334267	0.864613769573966	0.04	0.68	0.678302656632514	0.792732665925102	0.712603966730646
LC_k1_0.04_k2_0.68	80	0.875621190811064	0.858837318330989	0.844842944210033	0.865939990623535	0.04	0.68	0.678302656632514	0.792732665925102	0.712603966730646
LC_k1_0.04_k2_0.68	90	0.884314936000329	0.869794624850805	0.862024118203894	0.884528954191876	0.04	0.68	0.678302656632514	0.792732665925102	0.712603966730646
LC_k1_0.04_k2_0.68	100	0.886408640864086	0.878955895589559	0.870699069906991	0.895421542154215	0.04	0.68	0.678302656632514	0.792732665925102	0.712603966730646
LC_k1_0.04_k2_0.68	110	0.888952505466267	0.885859838153416	0.884877037170615	0.91308072042017	0.04	0.68	0.678302656632514	0.792732665925102	0.712603966730646
LC_k1_0.04_k2_0.68	120	0.891506354607959	0.886700465310091	0.892881450100701	0.920008333912077	0.04	0.68	0.678302656632514	0.792732665925102	0.712603966730646
LC_k1_0.04_k2_0.68	130	0.895565964303759	0.890316677818897	0.899427822310833	0.914126916931817	0.04	0.68	0.678302656632514	0.792732665925102	0.712603966730646
LC_k1_0.04_k2_0.68	140	0.893652008484398	0.886532111696661	0.902285102009578	0.920185432201352	0.04	0.68	0.678302656632514	0.792732665925102	0.712603966730646
LC_k1_0.04_k2_0.68	150	0.904703320147562	0.896706520289791	0.914165074003289	0.916949197742122	0.04	0.68	0.678302656632514	0.792732665925102	0.712603966730646
LC_k1_0.04_k2_0.68	160	0.894866986991679	0.885884214227118	0.907793273174733	0.907098910113676	0.04	0.68	0.678302656632514	0.792732665925102	0.712603966730646
LC_k1_0.04_k2_0.68	170	0.889939607110362	0.877235727676309	0.908620489615965	0.897880447725649	0.04	0.68	0.678302656632514	0.792732665925102	0.712603966730646
LC_k1_0.04_k2_0.68	180	0.875300678004465	0.865253042789387	0.898404271736782	0.891081000442401	0.04	0.68	0.678302656632514	0.792732665925102	0.712603966730646
LC_k1_0.04_k2_0.68	190	0.876224592895852	0.865564434646827	0.901100045051547	0.881146146343171	0.04	0.68	0.678302656632514	0.792732665925102	0.712603966730646
LC_k1_0.04_k2_0.68	200	0.873284332108303	0.863204080102003	0.900685517137929	0.883642091052277	0.04	0.68	0.678302656632514	0.792732665925102	0.712603966730646
LC_k1_0.04_k2_0.68	210	0.869354990233015	0.857182378609168	0.900592498048223	0.888772340156725	0.04	0.68	0.678302656632514	0.792732665925102	0.712603966730646
LC_k1_0.04_k2_0.68	220	0.87043158292151	0.853928988014403	0.900721840609028	0.887247482573832	0.04	0.68	0.678302656632514	0.792732665925102	0.712603966730646
LC_k1_0.04_k2_0.68	230	0.861631969701079	0.841124965787962	0.894012954958465	0.896008225683563	0.04	0.68	0.678302656632514	0.792732665925102	0.712603966730646
LC_k1_0.04_k2_0.68	240	0.854150245663987	0.833561346551155	0.887225472664456	0.905866421292036	0.04	0.68	0.678302656632514	0.792732665925102	0.712603966730646
LC_k1_0.04_k2_0.68	240	0.854150245663987	0.833561346551155	0.887225472664456	0.905866421292036	0.04	0.68	0.678302656632514	0.792732665925102	0.712603966730646
LC_k1_0.04_k2_0.68	250	0.837232083713339	0.813452887246196	0.865461911390582	0.905866421292036	0.04	0.68	0.678302656632514	0.792732665925102	0.712603966730646
LC_k1_0.04_k2_0.68	260	0.819098143236074	0.791795964209757	0.854493068286172	0.905866421292036	0.04	0.68	0.678302656632514	0.792732665925102	0.712603966730646
LC_k1_0.04_k2_0.68	270	0.811176193546322	0.784694501220105	0.843424768820179	0.905866421292036	0.04	0.68	0.678302656632514	0.792732665925102	0.712603966730646
LC_k1_0.04_k2_0.68	280	0.808431047772111	0.780003935910261	0.841461534677009	0.905866421292036	0.04	0.68	0.678302656632514	0.792732665925102	0.712603966730646
LC_k1_0.04_k2_0.68	290	0.803224524790364	0.774618337747261	0.838674862262088	0.905866421292036	0.04	0.68	0.678302656632514	0.792732665925102	0.712603966730646
LC_k1_0.04_k2_0.68	300	0.795920399115546	0.77148768319648	0.829913221258014	0.905866421292036	0.04	0.68	0.678302656632514	0.792732665925102	0.712603966730646
LC_k1_0.04_k2_0.76	10	0.357575757575758	0.381818181818182	0.660606060606061	0.345454545454545	0.04	0.76	0.613110889473207	0.725435669262143	0.646960972488804
LC_k1_0.04_k2_0.76	20	0.712781954887218	0.750375939849624	0.53984962406015	0.742857142857143	0.04	0.76	0.613110889473207	0.725435669262143	0.646960972488804
LC_k1_0.04_k2_0.76	30	0.886095661846496	0.879421579532814	0.69432703003337	0.751279199110122	0.04	0.76	0.613110889473207	0.725435669262143	0.646960972488804
LC_k1_0.04_k2_0.76	40	0.898499061913696	0.872795497185741	0.789118198874297	0.740712945590995	0.04	0.76	0.613110889473207	0.725435669262143	0.646960972488804
LC_k1_0.04_k2_0.76	50	0.928643457382953	0.907707082833133	0.855750300120048	0.773253301320528	0.04	0.76	0.613110889473207	0.725435669262143	0.646960972488804
LC_k1_0.04_k2_0.76	60	0.90830786329536	0.88185607113087	0.85162545151431	0.8231731036399	0.04	0.76	0.613110889473207	0.725435669262143	0.646960972488804
LC_k1_0.04_k2_0.76	70	0.871227364185111	0.852436357274079	0.850406788557432	0.851246610095355	0.04	0.76	0.613110889473207	0.725435669262143	0.646960972488804
LC_k1_0.04_k2_0.76	80	0.877730895452415	0.860900140646976	0.858227848101266	0.865400843881857	0.04	0.76	0.613110889473207	0.725435669262143	0.646960972488804
LC_k1_0.04_k2_0.76	90	0.890472074741738	0.87919496234103	0.876890151047454	0.864839280569618	0.04	0.76	0.613110889473207	0.725435669262143	0.646960972488804
LC_k1_0.04_k2_0.76	100	0.907038703870387	0.898133813381338	0.898085808580858	0.883096309630963	0.04	0.76	0.613110889473207	0.725435669262143	0.646960972488804
LC_k1_0.04_k2_0.76	110	0.910006086152875	0.904226495052183	0.909735590469535	0.901999413926019	0.04	0.76	0.613110889473207	0.725435669262143	0.646960972488804
LC_k1_0.04_k2_0.76	120	0.911452184179457	0.906174039863879	0.913153691228557	0.912445308701993	0.04	0.76	0.613110889473207	0.725435669262143	0.646960972488804
LC_k1_0.04_k2_0.76	130	0.909243605675347	0.903469936773683	0.914312635704434	0.916666894263202	0.04	0.76	0.613110889473207	0.725435669262143	0.646960972488804
LC_k1_0.04_k2_0.76	140	0.913940215608668	0.906724103999475	0.920640265902779	0.921633027924165	0.04	0.76	0.613110889473207	0.725435669262143	0.646960972488804
LC_k1_0.04_k2_0.76	150	0.91346104271301	0.906651851193386	0.921788523934397	0.919534201520068	0.04	0.76	0.613110889473207	0.725435669262143	0.646960972488804
LC_k1_0.04_k2_0.76	160	0.913134302121177	0.905048048751904	0.924888667526075	0.909126333059885	0.04	0.76	0.613110889473207	0.725435669262143	0.646960972488804
LC_k1_0.04_k2_0.76	170	0.912682506823969	0.903508161283822	0.92877913544739	0.906436819511361	0.04	0.76	0.613110889473207	0.725435669262143	0.646960972488804
LC_k1_0.04_k2_0.76	180	0.906297519470766	0.897649104396226	0.924400958877332	0.899289072708005	0.04	0.76	0.613110889473207	0.725435669262143	0.646960972488804
LC_k1_0.04_k2_0.76	190	0.906072336163271	0.895151491293679	0.926278173619039	0.893744833287407	0.04	0.76	0.613110889473207	0.725435669262143	0.646960972488804
LC_k1_0.04_k2_0.76	200	0.897817445436136	0.886453161329033	0.923070576764419	0.889594239855997	0.04	0.76	0.613110889473207	0.725435669262143	0.646960972488804
LC_k1_0.04_k2_0.76	210	0.888545577645104	0.877014379982701	0.916984188174011	0.896699957563016	0.04	0.76	0.613110889473207	0.725435669262143	0.646960972488804
LC_k1_0.04_k2_0.76	220	0.879005764581913	0.864594873297533	0.906963141612618	0.894140186968551	0.04	0.76	0.613110889473207	0.725435669262143	0.646960972488804
LC_k1_0.04_k2_0.76	230	0.869974035836956	0.85298316644434	0.898892146395469	0.900022438165594	0.04	0.76	0.613110889473207	0.725435669262143	0.646960972488804
LC_k1_0.04_k2_0.76	240	0.859855205819545	0.838664733762739	0.889013698154482	0.909238875674925	0.04	0.76	0.613110889473207	0.725435669262143	0.646960972488804
LC_k1_0.04_k2_0.76	240	0.859855205819545	0.838664733762739	0.889013698154482	0.909238875674925	0.04	0.76	0.613110889473207	0.725435669262143	0.646960972488804
LC_k1_0.04_k2_0.76	250	0.853450199203187	0.83047741563865	0.883328949263188	0.909238875674925	0.04	0.76	0.613110889473207	0.725435669262143	0.646960972488804
LC_k1_0.04_k2_0.76	260	0.839679922438543	0.818680294542363	0.870026525198939	0.909238875674925	0.04	0.76	0.613110889473207	0.725435669262143	0.646960972488804
LC_k1_0.04_k2_0.76	270	0.834877174050551	0.811460910148135	0.868337166643042	0.909238875674925	0.04	0.76	0.613110889473207	0.725435669262143	0.646960972488804
LC_k1_0.04_k2_0.76	280	0.827844925135707	0.798947144005117	0.860191547632714	0.909238875674925	0.04	0.76	0.613110889473207	0.725435669262143	0.646960972488804
LC_k1_0.04_k2_0.76	290	0.818522750895804	0.792964203518759	0.852022677706201	0.909238875674925	0.04	0.76	0.613110889473207	0.725435669262143	0.646960972488804
LC_k1_0.04_k2_0.76	300	0.807500083334259	0.784365604062267	0.841692907698975	0.909238875674925	0.04	0.76	0.613110889473207	0.725435669262143	0.646960972488804
LC_k1_0.08_k2_0.04	10	0.490909090909091	0.2	-0.321212121212121	0.478787878787879	0.08	0.04	0.86091214071992	0.953652206154987	0.900319897632758
LC_k1_0.08_k2_0.04	20	0.757894736842105	0.661654135338346	0.35187969924812	0.670676691729323	0.08	0.04	0.86091214071992	0.953652206154987	0.900319897632758
LC_k1_0.08_k2_0.04	30	0.846496106785317	0.806451612903226	0.579977753058954	0.786874304783092	0.08	0.04	0.86091214071992	0.953652206154987	0.900319897632758
LC_k1_0.08_k2_0.04	40	0.875984990619137	0.823076923076923	0.70187617260788	0.766041275797374	0.08	0.04	0.86091214071992	0.953652206154987	0.900319897632758
LC_k1_0.08_k2_0.04	50	0.889459783913565	0.842785114045618	0.783721488595438	0.792749099639856	0.08	0.04	0.86091214071992	0.953652206154987	0.900319897632758
LC_k1_0.08_k2_0.04	60	0.883189774937483	0.845901639344262	0.805334815226452	0.805501528202279	0.08	0.04	0.86091214071992	0.953652206154987	0.900319897632758
LC_k1_0.08_k2_0.04	70	0.870142594698627	0.844877963432771	0.825212142419736	0.835919867028257	0.08	0.04	0.86091214071992	0.953652206154987	0.900319897632758
LC_k1_0.08_k2_0.04	80	0.870135958743554	0.854289732770745	0.833520862634787	0.864556962025316	0.08	0.04	0.86091214071992	0.953652206154987	0.900319897632758
LC_k1_0.08_k2_0.04	90	0.858583364201342	0.84383257192246	0.832555459521752	0.879968720418159	0.08	0.04	0.86091214071992	0.953652206154987	0.900319897632758
LC_k1_0.08_k2_0.04	100	0.875679567956796	0.865538553855386	0.857449744974498	0.898133813381338	0.08	0.04	0.86091214071992	0.953652206154987	0.900319897632758
LC_k1_0.08_k2_0.04	110	0.880801568874963	0.870829294682506	0.870477650294164	0.899925613687081	0.08	0.04	0.86091214071992	0.953652206154987	0.900319897632758
LC_k1_0.08_k2_0.04	120	0.880575039933329	0.873095353844017	0.878915202444614	0.90828529759011	0.08	0.04	0.86091214071992	0.953652206154987	0.900319897632758
LC_k1_0.08_k2_0.04	130	0.88932253615371	0.881626131723771	0.892086468475604	0.909751601141624	0.08	0.04	0.86091214071992	0.953652206154987	0.900319897632758
LC_k1_0.08_k2_0.04	140	0.878651243139227	0.872432266952396	0.883317661979839	0.9095668146334	0.08	0.04	0.86091214071992	0.953652206154987	0.900319897632758
LC_k1_0.08_k2_0.04	150	0.880080003555714	0.871037823903285	0.88881283612605	0.89477932352549	0.08	0.04	0.86091214071992	0.953652206154987	0.900319897632758
LC_k1_0.08_k2_0.04	160	0.865958631196531	0.858953474745107	0.880636938942928	0.888564983007149	0.08	0.04	0.86091214071992	0.953652206154987	0.900319897632758
LC_k1_0.08_k2_0.04	170	0.869649061742418	0.859937347720153	0.888071030343	0.877013452531433	0.08	0.04	0.86091214071992	0.953652206154987	0.900319897632758
LC_k1_0.08_k2_0.04	180	0.867728427832135	0.853520170375629	0.889150899719127	0.867761350658971	0.08	0.04	0.86091214071992	0.953652206154987	0.900319897632758
LC_k1_0.08_k2_0.04	190	0.864801620106112	0.849879498047038	0.890665581930393	0.860553652893141	0.08	0.04	0.86091214071992	0.953652206154987	0.900319897632758
LC_k1_0.08_k2_0.04	200	0.850039750993775	0.833036825920648	0.879618990474762	0.860978024450611	0.08	0.04	0.86091214071992	0.953652206154987	0.900319897632758
LC_k1_0.08_k2_0.04	210	0.838081200415947	0.818136465679494	0.870512126935175	0.863600405580949	0.08	0.04	0.86091214071992	0.953652206154987	0.900319897632758
LC_k1_0.08_k2_0.04	220	0.837803936595234	0.818067991637694	0.873748330637936	0.869724956751548	0.08	0.04	0.86091214071992	0.953652206154987	0.900319897632758
LC_k1_0.08_k2_0.04	230	0.824490148165865	0.801103168712814	0.855212188608809	0.878202678278623	0.08	0.04	0.86091214071992	0.953652206154987	0.900319897632758
LC_k1_0.08_k2_0.04	240	0.812785812253685	0.790281081268772	0.852000034722825	0.890439938193371	0.08	0.04	0.86091214071992	0.953652206154987	0.900319897632758
LC_k1_0.08_k2_0.04	240	0.812785812253685	0.790281081268772	0.852000034722825	0.890439938193371	0.08	0.04	0.86091214071992	0.953652206154987	0.900319897632758
LC_k1_0.08_k2_0.04	250	0.805929438871022	0.784893582297317	0.845803868861902	0.890439938193371	0.08	0.04	0.86091214071992	0.953652206154987	0.900319897632758
LC_k1_0.08_k2_0.04	260	0.795876816566472	0.771847102881586	0.836284560422491	0.890439938193371	0.08	0.04	0.86091214071992	0.953652206154987	0.900319897632758
LC_k1_0.08_k2_0.04	270	0.795932576426136	0.77236328497114	0.830328414808312	0.890439938193371	0.08	0.04	0.86091214071992	0.953652206154987	0.900319897632758
LC_k1_0.08_k2_0.04	280	0.779572625744133	0.753457314506563	0.813648862139277	0.890439938193371	0.08	0.04	0.86091214071992	0.953652206154987	0.900319897632758
LC_k1_0.08_k2_0.04	290	0.769303911522996	0.741722624935882	0.803460207612457	0.890439938193371	0.08	0.04	0.86091214071992	0.953652206154987	0.900319897632758
LC_k1_0.08_k2_0.04	300	0.768914321270236	0.743081145346059	0.801751130568117	0.890439938193371	0.08	0.04	0.86091214071992	0.953652206154987	0.900319897632758
LC_k1_0.08_k2_0.12	10	0.454545454545455	0.224242424242424	-0.272727272727273	0.503030303030303	0.08	0.12	0.833711125215342	0.932703003337041	0.878182981445937
LC_k1_0.08_k2_0.12	20	0.772932330827068	0.760902255639098	0.32781954887218	0.682706766917293	0.08	0.12	0.833711125215342	0.932703003337041	0.878182981445937
LC_k1_0.08_k2_0.12	30	0.835817575083426	0.77797552836485	0.537263626251391	0.804671857619577	0.08	0.12	0.833711125215342	0.932703003337041	0.878182981445937
LC_k1_0.08_k2_0.12	40	0.846153846153846	0.810694183864916	0.678048780487805	0.777485928705441	0.08	0.12	0.833711125215342	0.932703003337041	0.878182981445937
LC_k1_0.08_k2_0.12	50	0.862472989195678	0.824249699879952	0.76374549819928	0.800816326530612	0.08	0.12	0.833711125215342	0.932703003337041	0.878182981445937
LC_k1_0.08_k2_0.12	60	0.856515698805224	0.821339260905807	0.787996665740484	0.806390664073354	0.08	0.12	0.833711125215342	0.932703003337041	0.878182981445937
LC_k1_0.08_k2_0.12	70	0.838439331642026	0.814049514478174	0.796483247309947	0.835255008310734	0.08	0.12	0.833711125215342	0.932703003337041	0.878182981445937
LC_k1_0.08_k2_0.12	80	0.839052977027661	0.822198781059541	0.807172995780591	0.860314111579934	0.08	0.12	0.833711125215342	0.932703003337041	0.878182981445937
LC_k1_0.08_k2_0.12	90	0.837560192616372	0.824834341688274	0.815302300695559	0.883705807301313	0.08	0.12	0.833711125215342	0.932703003337041	0.878182981445937
LC_k1_0.08_k2_0.12	100	0.860582058205821	0.85017701770177	0.843756375637564	0.890609060906091	0.08	0.12	0.833711125215342	0.932703003337041	0.878182981445937
LC_k1_0.08_k2_0.12	110	0.862804589410094	0.857024998309402	0.855726619029371	0.899646101480964	0.08	0.12	0.833711125215342	0.932703003337041	0.878182981445937
LC_k1_0.08_k2_0.12	120	0.8728453364817	0.865747621362594	0.874213487047711	0.908250572956455	0.08	0.12	0.833711125215342	0.932703003337041	0.878182981445937
LC_k1_0.08_k2_0.12	130	0.873896953392782	0.865911046170233	0.876180201832607	0.905633014242991	0.08	0.12	0.833711125215342	0.932703003337041	0.878182981445937
LC_k1_0.08_k2_0.12	140	0.87396295729374	0.867704620498131	0.880256281297151	0.906767838009228	0.08	0.12	0.833711125215342	0.932703003337041	0.878182981445937
LC_k1_0.08_k2_0.12	150	0.865466020712032	0.857543890839593	0.875724254411307	0.898857727010089	0.08	0.12	0.833711125215342	0.932703003337041	0.878182981445937
LC_k1_0.08_k2_0.12	160	0.865126567444041	0.857494433376304	0.883502285245517	0.895854330247275	0.08	0.12	0.833711125215342	0.932703003337041	0.878182981445937
LC_k1_0.08_k2_0.12	170	0.860565091810627	0.848889540244625	0.880882505602677	0.880921586946831	0.08	0.12	0.833711125215342	0.932703003337041	0.878182981445937
LC_k1_0.08_k2_0.12	180	0.857845406751237	0.843620687881313	0.882325586180643	0.863641881951089	0.08	0.12	0.833711125215342	0.932703003337041	0.878182981445937
LC_k1_0.08_k2_0.12	190	0.859258967663487	0.844781237561618	0.888665818122969	0.863249747405162	0.08	0.12	0.833711125215342	0.932703003337041	0.878182981445937
LC_k1_0.08_k2_0.12	200	0.856444911122778	0.842164554113853	0.889178729468237	0.864269106727668	0.08	0.12	0.833711125215342	0.932703003337041	0.878182981445937
LC_k1_0.08_k2_0.12	210	0.843335611756664	0.825592417061611	0.881499094569686	0.871038215962137	0.08	0.12	0.833711125215342	0.932703003337041	0.878182981445937
LC_k1_0.08_k2_0.12	220	0.83888021728473	0.816251274913644	0.870947746854274	0.872402698027194	0.08	0.12	0.833711125215342	0.932703003337041	0.878182981445937
LC_k1_0.08_k2_0.12	230	0.831405048340685	0.811420779713926	0.863012779891458	0.880855806430137	0.08	0.12	0.833711125215342	0.932703003337041	0.878182981445937
LC_k1_0.08_k2_0.12	240	0.820442195176999	0.797894060660775	0.853122450042535	0.892631816524592	0.08	0.12	0.833711125215342	0.932703003337041	0.878182981445937
LC_k1_0.08_k2_0.12	240	0.820442195176999	0.797894060660775	0.853122450042535	0.892631816524592	0.08	0.12	0.833711125215342	0.932703003337041	0.878182981445937
LC_k1_0.08_k2_0.12	250	0.806506216099458	0.784768396294341	0.849367445879134	0.892631816524592	0.08	0.12	0.833711125215342	0.932703003337041	0.878182981445937
LC_k1_0.08_k2_0.12	260	0.799139040518351	0.771144543558337	0.834230820437717	0.892631816524592	0.08	0.12	0.833711125215342	0.932703003337041	0.878182981445937
LC_k1_0.08_k2_0.12	270	0.784542693010573	0.755955804911209	0.821537561100518	0.892631816524592	0.08	0.12	0.833711125215342	0.932703003337041	0.878182981445937
LC_k1_0.08_k2_0.12	280	0.769877166800597	0.743824174142163	0.804872328910901	0.892631816524592	0.08	0.12	0.833711125215342	0.932703003337041	0.878182981445937
LC_k1_0.08_k2_0.12	290	0.768235712343949	0.73982928986404	0.803178765912588	0.892631816524592	0.08	0.12	0.833711125215342	0.932703003337041	0.878182981445937
LC_k1_0.08_k2_0.12	300	0.765873398593318	0.739216213513483	0.801762241802687	0.892631816524592	0.08	0.12	0.833711125215342	0.932703003337041	0.878182981445937
LC_k1_0.08_k2_0.2	10	0.490909090909091	0.381818181818182	-0.248484848484848	0.636363636363636	0.08	0.2	0.808051500589355	0.913422321097516	0.852719129878439
LC_k1_0.08_k2_0.2	20	0.845112781954887	0.793984962406015	0.371428571428571	0.736842105263158	0.08	0.2	0.808051500589355	0.913422321097516	0.852719129878439
LC_k1_0.08_k2_0.2	30	0.886095661846496	0.85761957730812	0.538153503893215	0.795773081201335	0.08	0.2	0.808051500589355	0.913422321097516	0.852719129878439
LC_k1_0.08_k2_0.2	40	0.872232645403377	0.844090056285179	0.686866791744841	0.852532833020638	0.08	0.2	0.808051500589355	0.913422321097516	0.852719129878439
LC_k1_0.08_k2_0.2	50	0.87515006002401	0.843457382953181	0.761920768307323	0.805042016806723	0.08	0.2	0.808051500589355	0.913422321097516	0.852719129878439
LC_k1_0.08_k2_0.2	60	0.87479855515421	0.839233120311198	0.79194220616838	0.812058905251459	0.08	0.2	0.808051500589355	0.913422321097516	0.852719129878439
LC_k1_0.08_k2_0.2	70	0.877351062899134	0.85271629778672	0.807190971918467	0.858735018808503	0.08	0.2	0.808051500589355	0.913422321097516	0.852719129878439
LC_k1_0.08_k2_0.2	80	0.878691983122363	0.861908110642288	0.842991092358181	0.86685419596812	0.08	0.2	0.808051500589355	0.913422321097516	0.852719129878439
LC_k1_0.08_k2_0.2	90	0.873729266987694	0.859274807589414	0.847865991686217	0.892068979709429	0.08	0.2	0.808051500589355	0.913422321097516	0.852719129878439
LC_k1_0.08_k2_0.2	100	0.861146114611461	0.853885388538854	0.841296129612961	0.906234623462346	0.08	0.2	0.808051500589355	0.913422321097516	0.852719129878439
LC_k1_0.08_k2_0.2	110	0.868728444875234	0.865058720104592	0.859973401257805	0.916272569483579	0.08	0.2	0.808051500589355	0.913422321097516	0.852719129878439
LC_k1_0.08_k2_0.2	120	0.871004930897979	0.865747621362594	0.869879852767553	0.919376345579554	0.08	0.2	0.808051500589355	0.913422321097516	0.852719129878439
LC_k1_0.08_k2_0.2	130	0.891452839721968	0.885903125810813	0.893539444755493	0.920577913121851	0.08	0.2	0.808051500589355	0.913422321097516	0.852719129878439
LC_k1_0.08_k2_0.2	140	0.881817585445322	0.874317202772737	0.887944720211673	0.916909754870875	0.08	0.2	0.808051500589355	0.913422321097516	0.852719129878439
LC_k1_0.08_k2_0.2	150	0.882256100271123	0.873580159118183	0.889609315969599	0.91353926841193	0.08	0.2	0.808051500589355	0.913422321097516	0.852719129878439
LC_k1_0.08_k2_0.2	160	0.878005976795969	0.868454822454002	0.892151060588304	0.900987343255596	0.08	0.2	0.808051500589355	0.913422321097516	0.852719129878439
LC_k1_0.08_k2_0.2	170	0.875950928487247	0.865848401023443	0.894407093263964	0.891175554619232	0.08	0.2	0.808051500589355	0.913422321097516	0.852719129878439
LC_k1_0.08_k2_0.2	180	0.866228381534409	0.855658096443306	0.888533596715948	0.882885274236859	0.08	0.2	0.808051500589355	0.913422321097516	0.852719129878439
LC_k1_0.08_k2_0.2	190	0.858422670988116	0.84574525318532	0.881277364440771	0.876438041001282	0.08	0.2	0.808051500589355	0.913422321097516	0.852719129878439
LC_k1_0.08_k2_0.2	200	0.853402835070877	0.838208955223881	0.875057376434411	0.881960549013725	0.08	0.2	0.808051500589355	0.913422321097516	0.852719129878439
LC_k1_0.08_k2_0.2	210	0.846411807200034	0.830020117074245	0.871688700424046	0.87872740878478	0.08	0.2	0.808051500589355	0.913422321097516	0.852719129878439
LC_k1_0.08_k2_0.2	220	0.838939948045508	0.819055239683765	0.863420544000721	0.884761330530871	0.08	0.2	0.808051500589355	0.913422321097516	0.852719129878439
LC_k1_0.08_k2_0.2	230	0.832640873461075	0.813920046158512	0.862156677573423	0.890171343750231	0.08	0.2	0.808051500589355	0.913422321097516	0.852719129878439
LC_k1_0.08_k2_0.2	240	0.82511154707547	0.805772669664404	0.855875101998299	0.901025191409573	0.08	0.2	0.808051500589355	0.913422321097516	0.852719129878439
LC_k1_0.08_k2_0.2	240	0.82511154707547	0.805772669664404	0.855875101998299	0.901025191409573	0.08	0.2	0.808051500589355	0.913422321097516	0.852719129878439
LC_k1_0.08_k2_0.2	250	0.807141362261796	0.786899630394086	0.832963471415543	0.901025191409573	0.08	0.2	0.808051500589355	0.913422321097516	0.852719129878439
LC_k1_0.08_k2_0.2	260	0.791786405579509	0.769367321091459	0.821846249432456	0.901025191409573	0.08	0.2	0.808051500589355	0.913422321097516	0.852719129878439
LC_k1_0.08_k2_0.2	270	0.786154054849099	0.763362094587489	0.819173254929575	0.901025191409573	0.08	0.2	0.808051500589355	0.913422321097516	0.852719129878439
LC_k1_0.08_k2_0.2	280	0.793332458686609	0.765632396914684	0.824337591769574	0.901025191409573	0.08	0.2	0.808051500589355	0.913422321097516	0.852719129878439
LC_k1_0.08_k2_0.2	290	0.788451295701987	0.759672405797601	0.820516460280187	0.901025191409573	0.08	0.2	0.808051500589355	0.913422321097516	0.852719129878439
LC_k1_0.08_k2_0.2	300	0.778957988422094	0.749544772719697	0.811650351670574	0.901025191409573	0.08	0.2	0.808051500589355	0.913422321097516	0.852719129878439
LC_k1_0.08_k2_0.28	10	0.43030303030303	0.406060606060606	-0.0303030303030303	0.696969696969697	0.08	0.28	0.768700698159398	0.876714868372266	0.810748560460653
LC_k1_0.08_k2_0.28	20	0.825563909774436	0.774436090225564	0.443609022556391	0.756390977443609	0.08	0.28	0.768700698159398	0.876714868372266	0.810748560460653
LC_k1_0.08_k2_0.28	30	0.868743047830923	0.836262513904338	0.595105672969967	0.795773081201335	0.08	0.28	0.768700698159398	0.876714868372266	0.810748560460653
LC_k1_0.08_k2_0.28	40	0.875797373358349	0.850281425891182	0.70844277673546	0.789493433395873	0.08	0.28	0.768700698159398	0.876714868372266	0.810748560460653
LC_k1_0.08_k2_0.28	50	0.857094837935174	0.822905162064826	0.767779111644658	0.776038415366146	0.08	0.28	0.768700698159398	0.876714868372266	0.810748560460653
LC_k1_0.08_k2_0.28	60	0.866685190330647	0.832453459294249	0.810891914420673	0.820005557099194	0.08	0.28	0.768700698159398	0.876714868372266	0.810748560460653
LC_k1_0.08_k2_0.28	70	0.872452103927915	0.847537398302861	0.822237774472925	0.863563992651562	0.08	0.28	0.768700698159398	0.876714868372266	0.810748560460653
LC_k1_0.08_k2_0.28	80	0.872691045475856	0.853633380215659	0.850046882325363	0.873558368495077	0.08	0.28	0.768700698159398	0.876714868372266	0.810748560460653
LC_k1_0.08_k2_0.28	90	0.866600814915422	0.851389060377825	0.851471375066881	0.886471580853603	0.08	0.28	0.768700698159398	0.876714868372266	0.810748560460653
LC_k1_0.08_k2_0.28	100	0.864494449444945	0.853069306930693	0.854209420942094	0.911287128712871	0.08	0.28	0.768700698159398	0.876714868372266	0.810748560460653
LC_k1_0.08_k2_0.28	110	0.859360277708901	0.854716768478236	0.85671843653495	0.92025787255145	0.08	0.28	0.768700698159398	0.876714868372266	0.810748560460653
LC_k1_0.08_k2_0.28	120	0.867469963191888	0.864004444753108	0.87155358010973	0.923321063962775	0.08	0.28	0.768700698159398	0.876714868372266	0.810748560460653
LC_k1_0.08_k2_0.28	130	0.88265850960685	0.877218042032528	0.887246855753868	0.923931775662647	0.08	0.28	0.768700698159398	0.876714868372266	0.810748560460653
LC_k1_0.08_k2_0.28	140	0.88334390238569	0.877072445387156	0.892086330935252	0.918746583280488	0.08	0.28	0.768700698159398	0.876714868372266	0.810748560460653
LC_k1_0.08_k2_0.28	150	0.884087292768568	0.874369527534557	0.895074447753234	0.91267878572381	0.08	0.28	0.768700698159398	0.876714868372266	0.810748560460653
LC_k1_0.08_k2_0.28	160	0.88703269658971	0.876292042657916	0.901819407008086	0.89766201804758	0.08	0.28	0.768700698159398	0.876714868372266	0.810748560460653
LC_k1_0.08_k2_0.28	170	0.877238170260318	0.86801253045597	0.895948363774037	0.897071952418464	0.08	0.28	0.768700698159398	0.876714868372266	0.810748560460653
LC_k1_0.08_k2_0.28	180	0.866446495262199	0.855287714641398	0.888249637334486	0.888268156424581	0.08	0.28	0.768700698159398	0.876714868372266	0.810748560460653
LC_k1_0.08_k2_0.28	190	0.861463431703167	0.847561311656104	0.882482821364056	0.877884939224151	0.08	0.28	0.768700698159398	0.876714868372266	0.810748560460653
LC_k1_0.08_k2_0.28	200	0.853062326558164	0.837397434935874	0.878742968574214	0.879185479636991	0.08	0.28	0.768700698159398	0.876714868372266	0.810748560460653
LC_k1_0.08_k2_0.28	210	0.848395655230277	0.830836462116083	0.872499862322761	0.882095156028805	0.08	0.28	0.768700698159398	0.876714868372266	0.810748560460653
LC_k1_0.08_k2_0.28	220	0.829994984870086	0.812714763077374	0.854563486473237	0.883739145624722	0.08	0.28	0.768700698159398	0.876714868372266	0.810748560460653
LC_k1_0.08_k2_0.28	230	0.817817876067354	0.800768815388143	0.843686368691115	0.891899329074191	0.08	0.28	0.768700698159398	0.876714868372266	0.810748560460653
LC_k1_0.08_k2_0.28	240	0.806242295873192	0.790156079098595	0.835098699630202	0.902663240681262	0.08	0.28	0.768700698159398	0.876714868372266	0.810748560460653
LC_k1_0.08_k2_0.28	240	0.806242295873192	0.790156079098595	0.835098699630202	0.902663240681262	0.08	0.28	0.768700698159398	0.876714868372266	0.810748560460653
LC_k1_0.08_k2_0.28	250	0.810041376662026	0.791814909038545	0.831490423846782	0.902663240681262	0.08	0.28	0.768700698159398	0.876714868372266	0.810748560460653
LC_k1_0.08_k2_0.28	260	0.79390091114229	0.769983852742473	0.819126136367516	0.902663240681262	0.08	0.28	0.768700698159398	0.876714868372266	0.810748560460653
LC_k1_0.08_k2_0.28	270	0.792559873554126	0.765875770281866	0.820019479005199	0.902663240681262	0.08	0.28	0.768700698159398	0.876714868372266	0.810748560460653
LC_k1_0.08_k2_0.28	280	0.798056097654307	0.768758165647157	0.829358610623678	0.902663240681262	0.08	0.28	0.768700698159398	0.876714868372266	0.810748560460653
LC_k1_0.08_k2_0.28	290	0.790542427213248	0.762701840318738	0.820708844379223	0.902663240681262	0.08	0.28	0.768700698159398	0.876714868372266	0.810748560460653
LC_k1_0.08_k2_0.28	300	0.781536683740931	0.751646129401438	0.811347237191524	0.902663240681262	0.08	0.28	0.768700698159398	0.876714868372266	0.810748560460653
LC_k1_0.08_k2_0.36	10	0.272727272727273	0.284848484848485	0.260606060606061	0.515151515151515	0.08	0.36	0.721824281439841	0.831850203930293	0.761228406909789
LC_k1_0.08_k2_0.36	20	0.75187969924812	0.732330827067669	0.463157894736842	0.699248120300752	0.08	0.36	0.721824281439841	0.831850203930293	0.761228406909789
LC_k1_0.08_k2_0.36	30	0.846496106785317	0.833147942157953	0.592880978865406	0.802447163515017	0.08	0.36	0.721824281439841	0.831850203930293	0.761228406909789
LC_k1_0.08_k2_0.36	40	0.839774859287055	0.812007504690432	0.70656660412758	0.819324577861164	0.08	0.36	0.721824281439841	0.831850203930293	0.761228406909789
LC_k1_0.08_k2_0.36	50	0.864201680672269	0.830108043217287	0.788139255702281	0.804945978391357	0.08	0.36	0.721824281439841	0.831850203930293	0.761228406909789
LC_k1_0.08_k2_0.36	60	0.870908585718255	0.847735482078355	0.810280633509308	0.81761600444568	0.08	0.36	0.721824281439841	0.831850203930293	0.761228406909789
LC_k1_0.08_k2_0.36	70	0.867028256495495	0.848377219840784	0.828081532674307	0.859399877526026	0.08	0.36	0.721824281439841	0.831850203930293	0.761228406909789
LC_k1_0.08_k2_0.36	80	0.871847163619316	0.852836380684482	0.843061415846226	0.868659165494609	0.08	0.36	0.721824281439841	0.831850203930293	0.761228406909789
LC_k1_0.08_k2_0.36	90	0.868345886323415	0.857793143186402	0.848112935753385	0.886784376672017	0.08	0.36	0.721824281439841	0.831850203930293	0.761228406909789
LC_k1_0.08_k2_0.36	100	0.885124512451245	0.876795679567957	0.87012301230123	0.897257725772577	0.08	0.36	0.721824281439841	0.831850203930293	0.761228406909789
LC_k1_0.08_k2_0.36	110	0.888501679327367	0.883993417938372	0.884236864053378	0.91451434754187	0.08	0.36	0.721824281439841	0.831850203930293	0.761228406909789
LC_k1_0.08_k2_0.36	120	0.893819015209389	0.888575595527467	0.894360719494409	0.924585040627821	0.08	0.36	0.721824281439841	0.831850203930293	0.761228406909789
LC_k1_0.08_k2_0.36	130	0.895850004779527	0.890633492195715	0.899591691816084	0.917688347512597	0.08	0.36	0.721824281439841	0.831850203930293	0.761228406909789
LC_k1_0.08_k2_0.36	140	0.896048632218845	0.889659093393978	0.903544641490455	0.921235048435416	0.08	0.36	0.721824281439841	0.831850203930293	0.761228406909789
LC_k1_0.08_k2_0.36	150	0.906239388417263	0.898370594248633	0.916447842126317	0.912479665762923	0.08	0.36	0.721824281439841	0.831850203930293	0.761228406909789
LC_k1_0.08_k2_0.36	160	0.901998124926755	0.891005508027657	0.916696941286769	0.90411051212938	0.08	0.36	0.721824281439841	0.831850203930293	0.761228406909789
LC_k1_0.08_k2_0.36	170	0.888415434688357	0.878359316320736	0.907076776521883	0.896808153345424	0.08	0.36	0.721824281439841	0.831850203930293	0.761228406909789
LC_k1_0.08_k2_0.36	180	0.881331728345525	0.870111217424406	0.903871518668272	0.885144603228495	0.08	0.36	0.721824281439841	0.831850203930293	0.761228406909789
LC_k1_0.08_k2_0.36	190	0.879678253224685	0.868465229391104	0.903596688055217	0.878644254615597	0.08	0.36	0.721824281439841	0.831850203930293	0.761228406909789
LC_k1_0.08_k2_0.36	200	0.87188779719493	0.858552463811595	0.899761494037351	0.884221105527638	0.08	0.36	0.721824281439841	0.831850203930293	0.761228406909789
LC_k1_0.08_k2_0.36	210	0.865958735701814	0.850937986932	0.897911517267965	0.888321406705044	0.08	0.36	0.721824281439841	0.831850203930293	0.761228406909789
LC_k1_0.08_k2_0.36	220	0.857882488180635	0.843717281912286	0.888732862624885	0.890959805705978	0.08	0.36	0.721824281439841	0.831850203930293	0.761228406909789
LC_k1_0.08_k2_0.36	230	0.855719143207277	0.839341748056386	0.887499476031847	0.895024891569414	0.08	0.36	0.721824281439841	0.831850203930293	0.761228406909789
LC_k1_0.08_k2_0.36	240	0.852033021406621	0.831875553395024	0.876295595409643	0.905757044393132	0.08	0.36	0.721824281439841	0.831850203930293	0.761228406909789
LC_k1_0.08_k2_0.36	240	0.852033021406621	0.831875553395024	0.876295595409643	0.905757044393132	0.08	0.36	0.721824281439841	0.831850203930293	0.761228406909789
LC_k1_0.08_k2_0.36	250	0.832571785148562	0.809052176834829	0.86008812941007	0.905757044393132	0.08	0.36	0.721824281439841	0.831850203930293	0.761228406909789
LC_k1_0.08_k2_0.36	260	0.823707451293658	0.79988324815911	0.854089557537833	0.905757044393132	0.08	0.36	0.721824281439841	0.831850203930293	0.761228406909789
LC_k1_0.08_k2_0.36	270	0.805551973735351	0.782459445412298	0.838870522534222	0.905757044393132	0.08	0.36	0.721824281439841	0.831850203930293	0.761228406909789
LC_k1_0.08_k2_0.36	280	0.805326598553553	0.781535114332727	0.836591939037123	0.905757044393132	0.08	0.36	0.721824281439841	0.831850203930293	0.761228406909789
LC_k1_0.08_k2_0.36	290	0.793875444826725	0.771816713553115	0.82712049960822	0.905757044393132	0.08	0.36	0.721824281439841	0.831850203930293	0.761228406909789
LC_k1_0.08_k2_0.36	300	0.789807886754297	0.766211624573607	0.822258025089168	0.905757044393132	0.08	0.36	0.721824281439841	0.831850203930293	0.761228406909789
LC_k1_0.08_k2_0.44	10	0.442424242424242	0.454545454545455	0.296969696969697	0.793939393939394	0.08	0.44	0.670867712394596	0.78476084538376	0.709404990403071
LC_k1_0.08_k2_0.44	20	0.765413533834587	0.793984962406015	0.431578947368421	0.709774436090226	0.08	0.44	0.670867712394596	0.78476084538376	0.709404990403071
LC_k1_0.08_k2_0.44	30	0.874527252502781	0.879421579532814	0.572413793103448	0.81579532814238	0.08	0.44	0.670867712394596	0.78476084538376	0.709404990403071
LC_k1_0.08_k2_0.44	40	0.907692307692308	0.89812382739212	0.734709193245779	0.803564727954972	0.08	0.44	0.670867712394596	0.78476084538376	0.709404990403071
LC_k1_0.08_k2_0.44	50	0.898295318127251	0.871980792316927	0.809459783913565	0.801200480192077	0.08	0.44	0.670867712394596	0.78476084538376	0.709404990403071
LC_k1_0.08_k2_0.44	60	0.890636287857739	0.86724090025007	0.821672686857461	0.828174492914699	0.08	0.44	0.670867712394596	0.78476084538376	0.709404990403071
LC_k1_0.08_k2_0.44	70	0.88165514828099	0.863633977779722	0.835220015746654	0.850581751377832	0.08	0.44	0.670867712394596	0.78476084538376	0.709404990403071
LC_k1_0.08_k2_0.44	80	0.904922644163151	0.887974683544304	0.874378809188936	0.869878105954055	0.08	0.44	0.670867712394596	0.78476084538376	0.709404990403071
LC_k1_0.08_k2_0.44	90	0.901041280816562	0.889517224348685	0.879919331604725	0.891048277565132	0.08	0.44	0.670867712394596	0.78476084538376	0.709404990403071
LC_k1_0.08_k2_0.44	100	0.896813681368137	0.888040804080408	0.882040204020402	0.908334833483348	0.08	0.44	0.670867712394596	0.78476084538376	0.709404990403071
LC_k1_0.08_k2_0.44	110	0.888853323715709	0.886815589567883	0.884435227554494	0.923107093749296	0.08	0.44	0.670867712394596	0.78476084538376	0.709404990403071
LC_k1_0.08_k2_0.44	120	0.891624418362386	0.888547815820543	0.891159108271408	0.930717410931315	0.08	0.44	0.670867712394596	0.78476084538376	0.709404990403071
LC_k1_0.08_k2_0.44	130	0.900312717639187	0.896210517691079	0.90330060495159	0.935216922257576	0.08	0.44	0.670867712394596	0.78476084538376	0.709404990403071
LC_k1_0.08_k2_0.44	140	0.909518707222672	0.903855152959699	0.916367453149942	0.931097067634646	0.08	0.44	0.670867712394596	0.78476084538376	0.709404990403071
LC_k1_0.08_k2_0.44	150	0.908074136628295	0.899942219654207	0.918076358949287	0.919751100048891	0.08	0.44	0.670867712394596	0.78476084538376	0.709404990403071
LC_k1_0.08_k2_0.44	160	0.902932731747334	0.894131606703387	0.915185163482948	0.903879057775694	0.08	0.44	0.670867712394596	0.78476084538376	0.709404990403071
LC_k1_0.08_k2_0.44	170	0.89281208590568	0.886561513425053	0.911111925305781	0.899802761341223	0.08	0.44	0.670867712394596	0.78476084538376	0.709404990403071
LC_k1_0.08_k2_0.44	180	0.883253598362089	0.875385042748233	0.903416772122596	0.885961500869368	0.08	0.44	0.670867712394596	0.78476084538376	0.709404990403071
LC_k1_0.08_k2_0.44	190	0.876201848425602	0.863127277180736	0.896019280312474	0.883040935672515	0.08	0.44	0.670867712394596	0.78476084538376	0.709404990403071
LC_k1_0.08_k2_0.44	200	0.869688742218556	0.856081902047551	0.894044851121278	0.885950648766219	0.08	0.44	0.670867712394596	0.78476084538376	0.709404990403071
LC_k1_0.08_k2_0.44	210	0.865630901899298	0.850935395360439	0.891269319356124	0.8912239668538	0.08	0.44	0.670867712394596	0.78476084538376	0.709404990403071
LC_k1_0.08_k2_0.44	220	0.849986757803035	0.838526340702006	0.874825738322918	0.889265931489944	0.08	0.44	0.670867712394596	0.78476084538376	0.709404990403071
LC_k1_0.08_k2_0.44	230	0.835991310758731	0.820324046562892	0.860358665446951	0.894513991798974	0.08	0.44	0.670867712394596	0.78476084538376	0.709404990403071
LC_k1_0.08_k2_0.44	240	0.824985676834667	0.806787444226462	0.848303789996354	0.905722321568083	0.08	0.44	0.670867712394596	0.78476084538376	0.709404990403071
LC_k1_0.08_k2_0.44	240	0.824985676834667	0.806787444226462	0.848303789996354	0.905722321568083	0.08	0.44	0.670867712394596	0.78476084538376	0.709404990403071
LC_k1_0.08_k2_0.44	250	0.8223602937647	0.799034224547593	0.846438247011952	0.905722321568083	0.08	0.44	0.670867712394596	0.78476084538376	0.709404990403071
LC_k1_0.08_k2_0.44	260	0.81972081972082	0.798370253542667	0.843885719747789	0.905722321568083	0.08	0.44	0.670867712394596	0.78476084538376	0.709404990403071
LC_k1_0.08_k2_0.44	270	0.814771426524674	0.788892699335915	0.840710511194331	0.905722321568083	0.08	0.44	0.670867712394596	0.78476084538376	0.709404990403071
LC_k1_0.08_k2_0.44	280	0.801361715619551	0.780540203683356	0.835869808835025	0.905722321568083	0.08	0.44	0.670867712394596	0.78476084538376	0.709404990403071
LC_k1_0.08_k2_0.44	290	0.798689967612063	0.779901273991121	0.827468365485505	0.905722321568083	0.08	0.44	0.670867712394596	0.78476084538376	0.709404990403071
LC_k1_0.08_k2_0.44	300	0.798449316103512	0.776470849676108	0.825166946299403	0.905722321568083	0.08	0.44	0.670867712394596	0.78476084538376	0.709404990403071
LC_k1_0.08_k2_0.52	10	0.224242424242424	0.309090909090909	0.321212121212121	0.357575757575758	0.08	0.52	0.611660168646296	0.722654801631442	0.64721689059501
LC_k1_0.08_k2_0.52	20	0.693233082706767	0.735338345864662	0.514285714285714	0.675187969924812	0.08	0.52	0.611660168646296	0.722654801631442	0.64721689059501
LC_k1_0.08_k2_0.52	30	0.866963292547275	0.865628476084538	0.633370411568409	0.811790878754171	0.08	0.52	0.611660168646296	0.722654801631442	0.64721689059501
LC_k1_0.08_k2_0.52	40	0.887617260787993	0.869793621013134	0.762476547842402	0.792870544090057	0.08	0.52	0.611660168646296	0.722654801631442	0.64721689059501
LC_k1_0.08_k2_0.52	50	0.902521008403361	0.880720288115246	0.830300120048019	0.801776710684274	0.08	0.52	0.611660168646296	0.722654801631442	0.64721689059501
LC_k1_0.08_k2_0.52	60	0.858738538482912	0.83273131425396	0.823284245623785	0.848291191997777	0.08	0.52	0.611660168646296	0.722654801631442	0.64721689059501
LC_k1_0.08_k2_0.52	70	0.886309159303648	0.865103665471087	0.8527512903508	0.871927215466713	0.08	0.52	0.611660168646296	0.722654801631442	0.64721689059501
LC_k1_0.08_k2_0.52	80	0.870159399906235	0.857407407407407	0.858016877637131	0.874824191279888	0.08	0.52	0.611660168646296	0.722654801631442	0.64721689059501
LC_k1_0.08_k2_0.52	90	0.877038317487756	0.86316006091287	0.867720294686587	0.891624480388525	0.08	0.52	0.611660168646296	0.722654801631442	0.64721689059501
LC_k1_0.08_k2_0.52	100	0.882844284428443	0.875739573957396	0.875811581158116	0.902526252625263	0.08	0.52	0.611660168646296	0.722654801631442	0.64721689059501
LC_k1_0.08_k2_0.52	110	0.892135338006898	0.889385298559611	0.893082072898587	0.916029123368573	0.08	0.52	0.611660168646296	0.722654801631442	0.64721689059501
LC_k1_0.08_k2_0.52	120	0.89620112507813	0.891693867629696	0.902944648933954	0.926876866449059	0.08	0.52	0.611660168646296	0.722654801631442	0.64721689059501
LC_k1_0.08_k2_0.52	130	0.901093828947548	0.896685739256306	0.91122642668888	0.926488139944557	0.08	0.52	0.611660168646296	0.722654801631442	0.64721689059501
LC_k1_0.08_k2_0.52	140	0.903605869104109	0.897373772714352	0.914311954691566	0.921025125188603	0.08	0.52	0.611660168646296	0.722654801631442	0.64721689059501
LC_k1_0.08_k2_0.52	150	0.900429352415663	0.891063602826792	0.913094804213521	0.916031823636606	0.08	0.52	0.611660168646296	0.722654801631442	0.64721689059501
LC_k1_0.08_k2_0.52	160	0.890460564865815	0.88393882573538	0.907828430798078	0.912275870151178	0.08	0.52	0.611660168646296	0.722654801631442	0.64721689059501
LC_k1_0.08_k2_0.52	170	0.891434468524252	0.88157619946141	0.91325895665024	0.896988904562137	0.08	0.52	0.611660168646296	0.722654801631442	0.64721689059501
LC_k1_0.08_k2_0.52	180	0.880483965554492	0.870376657715773	0.904336553597333	0.89341234811774	0.08	0.52	0.611660168646296	0.722654801631442	0.64721689059501
LC_k1_0.08_k2_0.52	190	0.875711967527895	0.863137774628544	0.899415204678363	0.886151679372953	0.08	0.52	0.611660168646296	0.722654801631442	0.64721689059501
LC_k1_0.08_k2_0.52	200	0.877239930998275	0.860649516237906	0.902838070951774	0.888830720768019	0.08	0.52	0.611660168646296	0.722654801631442	0.64721689059501
LC_k1_0.08_k2_0.52	210	0.873163304642477	0.857721425493937	0.899104935971985	0.889650882916036	0.08	0.52	0.611660168646296	0.722654801631442	0.64721689059501
LC_k1_0.08_k2_0.52	220	0.871818914365248	0.855063872469191	0.897375791009957	0.891232538613683	0.08	0.52	0.611660168646296	0.722654801631442	0.64721689059501
LC_k1_0.08_k2_0.52	230	0.8674560298255	0.850193929859774	0.892778116131069	0.896570412689646	0.08	0.52	0.611660168646296	0.722654801631442	0.64721689059501
LC_k1_0.08_k2_0.52	240	0.858599107623396	0.836097848920988	0.885464157363843	0.907289189048421	0.08	0.52	0.611660168646296	0.722654801631442	0.64721689059501
LC_k1_0.08_k2_0.52	240	0.858599107623396	0.836097848920988	0.885464157363843	0.907289189048421	0.08	0.52	0.611660168646296	0.722654801631442	0.64721689059501
LC_k1_0.08_k2_0.52	250	0.83244506312101	0.808353285652571	0.859158834541353	0.907289189048421	0.08	0.52	0.611660168646296	0.722654801631442	0.64721689059501
LC_k1_0.08_k2_0.52	260	0.815426946461429	0.791589088140812	0.839583653376757	0.907289189048421	0.08	0.52	0.611660168646296	0.722654801631442	0.64721689059501
LC_k1_0.08_k2_0.52	270	0.812260189516393	0.789470058269356	0.842373085440891	0.907289189048421	0.08	0.52	0.611660168646296	0.722654801631442	0.64721689059501
LC_k1_0.08_k2_0.52	280	0.809383866047854	0.778631833860855	0.840381892626181	0.907289189048421	0.08	0.52	0.611660168646296	0.722654801631442	0.64721689059501
LC_k1_0.08_k2_0.52	290	0.797860403440772	0.770684550351372	0.830250308441898	0.907289189048421	0.08	0.52	0.611660168646296	0.722654801631442	0.64721689059501
LC_k1_0.08_k2_0.52	300	0.79715774619718	0.774168157423971	0.829177657529528	0.907289189048421	0.08	0.52	0.611660168646296	0.722654801631442	0.64721689059501
LC_k1_0.08_k2_0.6	10	0.36969696969697	0.406060606060606	0.709090909090909	0.381818181818182	0.08	0.6	0.55825550820564	0.665183537263626	0.591938579654511
LC_k1_0.08_k2_0.6	20	0.745864661654135	0.792481203007519	0.497744360902256	0.705263157894737	0.08	0.6	0.55825550820564	0.665183537263626	0.591938579654511
LC_k1_0.08_k2_0.6	30	0.887875417130145	0.894994438264739	0.693882091212458	0.821134593993326	0.08	0.6	0.55825550820564	0.665183537263626	0.591938579654511
LC_k1_0.08_k2_0.6	40	0.91125703564728	0.899437148217636	0.806941838649156	0.806941838649156	0.08	0.6	0.55825550820564	0.665183537263626	0.591938579654511
LC_k1_0.08_k2_0.6	50	0.923265306122449	0.909243697478992	0.857671068427371	0.781224489795918	0.08	0.6	0.55825550820564	0.665183537263626	0.591938579654511
LC_k1_0.08_k2_0.6	60	0.90402889691581	0.887190886357322	0.853737149208114	0.825840511253126	0.08	0.6	0.55825550820564	0.665183537263626	0.591938579654511
LC_k1_0.08_k2_0.6	70	0.869967631878226	0.84466800804829	0.862514215729158	0.840748840871315	0.08	0.6	0.55825550820564	0.665183537263626	0.591938579654511
LC_k1_0.08_k2_0.6	80	0.873980309423347	0.855743084857009	0.870745428973277	0.864064697609001	0.08	0.6	0.55825550820564	0.665183537263626	0.591938579654511
LC_k1_0.08_k2_0.6	90	0.879293739967897	0.861151582499897	0.877976704942997	0.88196073589332	0.08	0.6	0.55825550820564	0.665183537263626	0.591938579654511
LC_k1_0.08_k2_0.6	100	0.879387938793879	0.870603060306031	0.878835883588359	0.895097509750975	0.08	0.6	0.55825550820564	0.665183537263626	0.591938579654511
LC_k1_0.08_k2_0.6	110	0.889989405585736	0.883254063070577	0.895741947118094	0.911520861979577	0.08	0.6	0.55825550820564	0.665183537263626	0.591938579654511
LC_k1_0.08_k2_0.6	120	0.895069102020974	0.88750607681089	0.903923883603028	0.921633446767137	0.08	0.6	0.55825550820564	0.665183537263626	0.591938579654511
LC_k1_0.08_k2_0.6	130	0.905168717311448	0.898581163200371	0.917376995452621	0.930530254407407	0.08	0.6	0.55825550820564	0.665183537263626	0.591938579654511
LC_k1_0.08_k2_0.6	140	0.906028733244408	0.897732391594323	0.918960879928276	0.92528919113949	0.08	0.6	0.55825550820564	0.665183537263626	0.591938579654511
LC_k1_0.08_k2_0.6	150	0.907007422552114	0.89795813147251	0.9203911284946	0.914595315347349	0.08	0.6	0.55825550820564	0.665183537263626	0.591938579654511
LC_k1_0.08_k2_0.6	160	0.909741591468417	0.898693308332357	0.925547872963788	0.911631313723192	0.08	0.6	0.55825550820564	0.665183537263626	0.591938579654511
LC_k1_0.08_k2_0.6	170	0.90008121591832	0.887646020725325	0.918109928493353	0.899275163195144	0.08	0.6	0.55825550820564	0.665183537263626	0.591938579654511
LC_k1_0.08_k2_0.6	180	0.90086525304279	0.886062327026554	0.919680648579689	0.890089200283959	0.08	0.6	0.55825550820564	0.665183537263626	0.591938579654511
LC_k1_0.08_k2_0.6	190	0.891183456022255	0.87434554973822	0.909400027118407	0.883978707676696	0.08	0.6	0.55825550820564	0.665183537263626	0.591938579654511
LC_k1_0.08_k2_0.6	200	0.879891997299933	0.86212705317633	0.900445511137779	0.884101102527563	0.08	0.6	0.55825550820564	0.665183537263626	0.591938579654511
LC_k1_0.08_k2_0.6	210	0.869903107618249	0.851751740402277	0.890696582041057	0.89245496334546	0.08	0.6	0.55825550820564	0.665183537263626	0.591938579654511
LC_k1_0.08_k2_0.6	220	0.845980288848943	0.830191082084716	0.871320782360267	0.892100325138198	0.08	0.6	0.55825550820564	0.665183537263626	0.591938579654511
LC_k1_0.08_k2_0.6	230	0.841150609405783	0.826212215731867	0.866411545545778	0.895675844944879	0.08	0.6	0.55825550820564	0.665183537263626	0.591938579654511
LC_k1_0.08_k2_0.6	240	0.840392194308929	0.820778138509349	0.864981162867411	0.906602545183076	0.08	0.6	0.55825550820564	0.665183537263626	0.591938579654511
LC_k1_0.08_k2_0.6	240	0.840392194308929	0.820778138509349	0.864981162867411	0.906602545183076	0.08	0.6	0.55825550820564	0.665183537263626	0.591938579654511
LC_k1_0.08_k2_0.6	250	0.833234579753276	0.813229395670331	0.856930830893294	0.906602545183076	0.08	0.6	0.55825550820564	0.665183537263626	0.591938579654511
LC_k1_0.08_k2_0.6	260	0.815171594481939	0.794467601364153	0.838394969429452	0.906602545183076	0.08	0.6	0.55825550820564	0.665183537263626	0.591938579654511
LC_k1_0.08_k2_0.6	270	0.813004598447471	0.792711072092133	0.839282660484597	0.906602545183076	0.08	0.6	0.55825550820564	0.665183537263626	0.591938579654511
LC_k1_0.08_k2_0.6	280	0.816991105936118	0.792702713044809	0.845799782431627	0.906602545183076	0.08	0.6	0.55825550820564	0.665183537263626	0.591938579654511
LC_k1_0.08_k2_0.6	290	0.809521044778506	0.790085822497377	0.841381032453131	0.906602545183076	0.08	0.6	0.55825550820564	0.665183537263626	0.591938579654511
LC_k1_0.08_k2_0.6	300	0.80652185024278	0.785687840976011	0.829970999677774	0.906602545183076	0.08	0.6	0.55825550820564	0.665183537263626	0.591938579654511
LC_k1_0.08_k2_0.68	10	0.442424242424242	0.563636363636364	0.442424242424242	0.321212121212121	0.08	0.68	0.497869253785475	0.602521319985169	0.530774152271273
LC_k1_0.08_k2_0.68	20	0.639097744360902	0.685714285714286	0.732330827067669	0.679699248120301	0.08	0.68	0.497869253785475	0.602521319985169	0.530774152271273
LC_k1_0.08_k2_0.68	30	0.536818687430478	0.5853170189099	0.653392658509455	0.488765294771969	0.08	0.68	0.497869253785475	0.602521319985169	0.530774152271273
LC_k1_0.08_k2_0.68	40	0.778799249530957	0.790994371482177	0.820825515947468	0.666604127579738	0.08	0.68	0.497869253785475	0.602521319985169	0.530774152271273
LC_k1_0.08_k2_0.68	50	0.830204081632653	0.828187274909964	0.849603841536615	0.668571428571429	0.08	0.68	0.497869253785475	0.602521319985169	0.530774152271273
LC_k1_0.08_k2_0.68	60	0.831453181439289	0.818116143373159	0.850514031675466	0.756876910252848	0.08	0.68	0.497869253785475	0.602521319985169	0.530774152271273
LC_k1_0.08_k2_0.68	70	0.828781383955909	0.813839559093693	0.840258944974193	0.787035255008311	0.08	0.68	0.497869253785475	0.602521319985169	0.530774152271273
LC_k1_0.08_k2_0.68	80	0.83806844819503	0.828129395218003	0.845194561650258	0.8300515705579	0.08	0.68	0.497869253785475	0.602521319985169	0.530774152271273
LC_k1_0.08_k2_0.68	90	0.857200477425197	0.850549450549451	0.856739515166481	0.856311478783389	0.08	0.68	0.497869253785475	0.602521319985169	0.530774152271273
LC_k1_0.08_k2_0.68	100	0.877107710771077	0.872511251125113	0.882124212421242	0.875859585958596	0.08	0.68	0.497869253785475	0.602521319985169	0.530774152271273
LC_k1_0.08_k2_0.68	110	0.892486982395239	0.887266415706783	0.900349390257647	0.894677997430291	0.08	0.68	0.497869253785475	0.602521319985169	0.530774152271273
LC_k1_0.08_k2_0.68	120	0.903284950343774	0.896492812000833	0.912813389818737	0.910514619070769	0.08	0.68	0.497869253785475	0.602521319985169	0.530774152271273
LC_k1_0.08_k2_0.68	130	0.903770364199975	0.8975105490994	0.916120662579033	0.921899793797539	0.08	0.68	0.497869253785475	0.602521319985169	0.530774152271273
LC_k1_0.08_k2_0.68	140	0.906487940346811	0.89938991056395	0.919000240537054	0.920653386105705	0.08	0.68	0.497869253785475	0.602521319985169	0.530774152271273
LC_k1_0.08_k2_0.68	150	0.897094093070803	0.886633183697053	0.914232632561447	0.9168994177519	0.08	0.68	0.497869253785475	0.602521319985169	0.530774152271273
LC_k1_0.08_k2_0.68	160	0.901664127504981	0.890791632485644	0.918598382749326	0.913623579046056	0.08	0.68	0.497869253785475	0.602521319985169	0.530774152271273
LC_k1_0.08_k2_0.68	170	0.906019137645715	0.890462320088422	0.923754740139594	0.897814497957389	0.08	0.68	0.497869253785475	0.602521319985169	0.530774152271273
LC_k1_0.08_k2_0.68	180	0.894445301809727	0.884148687716699	0.916647633157402	0.891311460230254	0.08	0.68	0.497869253785475	0.602521319985169	0.530774152271273
LC_k1_0.08_k2_0.68	190	0.888118201262318	0.875258827697516	0.911209087290653	0.890719818744068	0.08	0.68	0.497869253785475	0.602521319985169	0.530774152271273
LC_k1_0.08_k2_0.68	200	0.875784894622366	0.860897022425561	0.900792019800495	0.889438235955899	0.08	0.68	0.497869253785475	0.602521319985169	0.530774152271273
LC_k1_0.08_k2_0.68	210	0.869929023333862	0.855662421888413	0.89456320681065	0.89064604639561	0.08	0.68	0.497869253785475	0.602521319985169	0.530774152271273
LC_k1_0.08_k2_0.68	220	0.863308971447569	0.843199990984036	0.884027656469236	0.892486884590027	0.08	0.68	0.497869253785475	0.602521319985169	0.530774152271273
LC_k1_0.08_k2_0.68	230	0.860404034924635	0.842823362322128	0.882604503906953	0.901200071999389	0.08	0.68	0.497869253785475	0.602521319985169	0.530774152271273
LC_k1_0.08_k2_0.68	240	0.861442906994913	0.84152589454678	0.884359971527283	0.903959270126217	0.08	0.68	0.497869253785475	0.602521319985169	0.530774152271273
LC_k1_0.08_k2_0.68	240	0.861442906994913	0.84152589454678	0.884359971527283	0.903959270126217	0.08	0.68	0.497869253785475	0.602521319985169	0.530774152271273
LC_k1_0.08_k2_0.68	250	0.853332693323093	0.833212307396918	0.873119761916191	0.903959270126217	0.08	0.68	0.497869253785475	0.602521319985169	0.530774152271273
LC_k1_0.08_k2_0.68	260	0.845880059673163	0.822919547057478	0.860555288141495	0.903959270126217	0.08	0.68	0.497869253785475	0.602521319985169	0.530774152271273
LC_k1_0.08_k2_0.68	270	0.818908047816538	0.798069475118543	0.840680637289644	0.903959270126217	0.08	0.68	0.497869253785475	0.602521319985169	0.530774152271273
LC_k1_0.08_k2_0.68	280	0.816887241637557	0.790906953988116	0.839001590763731	0.903959270126217	0.08	0.68	0.497869253785475	0.602521319985169	0.530774152271273
LC_k1_0.08_k2_0.68	290	0.808205354034715	0.785332311549073	0.833263013910945	0.903959270126217	0.08	0.68	0.497869253785475	0.602521319985169	0.530774152271273
LC_k1_0.08_k2_0.68	300	0.815421060234003	0.791127901421127	0.837359526216958	0.903959270126217	0.08	0.68	0.497869253785475	0.602521319985169	0.530774152271273
LC_k1_0.08_k2_0.76	10	0.672727272727273	0.648484848484848	0.163636363636364	0.733333333333333	0.08	0.76	0.427781303835343	0.523359288097887	0.459884836852207
LC_k1_0.08_k2_0.76	20	0.809022556390977	0.801503759398496	0.383458646616541	0.816541353383459	0.08	0.76	0.427781303835343	0.523359288097887	0.459884836852207
LC_k1_0.08_k2_0.76	30	0.876307007786429	0.831368186874305	0.683648498331479	0.774416017797553	0.08	0.76	0.427781303835343	0.523359288097887	0.459884836852207
LC_k1_0.08_k2_0.76	40	0.918949343339588	0.897560975609756	0.812570356472796	0.799437148217636	0.08	0.76	0.427781303835343	0.523359288097887	0.459884836852207
LC_k1_0.08_k2_0.76	50	0.922208883553422	0.907515006002401	0.862953181272509	0.781512605042017	0.08	0.76	0.427781303835343	0.523359288097887	0.459884836852207
LC_k1_0.08_k2_0.76	60	0.892247846624063	0.877521533759378	0.866574048346763	0.794331758821895	0.08	0.76	0.427781303835343	0.523359288097887	0.459884836852207
LC_k1_0.08_k2_0.76	70	0.880465401102266	0.883509754177237	0.877665995975855	0.819753302423235	0.08	0.76	0.427781303835343	0.523359288097887	0.459884836852207
LC_k1_0.08_k2_0.76	80	0.883473980309423	0.882325363338022	0.879395218002813	0.838232536333802	0.08	0.76	0.427781303835343	0.523359288097887	0.459884836852207
LC_k1_0.08_k2_0.76	90	0.909206897970943	0.909717249043092	0.909717249043092	0.866847758982591	0.08	0.76	0.427781303835343	0.523359288097887	0.459884836852207
LC_k1_0.08_k2_0.76	100	0.924332433243324	0.924848484848485	0.923960396039604	0.883564356435644	0.08	0.76	0.427781303835343	0.523359288097887	0.459884836852207
LC_k1_0.08_k2_0.76	110	0.929725221468341	0.928174379550526	0.931726889525055	0.900457588530983	0.08	0.76	0.427781303835343	0.523359288097887	0.459884836852207
LC_k1_0.08_k2_0.76	120	0.934196819223557	0.932175845544829	0.939134662129314	0.910632682825196	0.08	0.76	0.427781303835343	0.523359288097887	0.459884836852207
LC_k1_0.08_k2_0.76	130	0.931879446667304	0.929175599830668	0.940684701416106	0.922620819620642	0.08	0.76	0.427781303835343	0.523359288097887	0.459884836852207
LC_k1_0.08_k2_0.76	140	0.929968730183027	0.927668321270036	0.94199995626599	0.92497430626927	0.08	0.76	0.427781303835343	0.523359288097887	0.459884836852207
LC_k1_0.08_k2_0.76	150	0.926258055913596	0.92143295257567	0.938130583581493	0.927929241299613	0.08	0.76	0.427781303835343	0.523359288097887	0.459884836852207
LC_k1_0.08_k2_0.76	160	0.927510840267198	0.921665885386148	0.938881401617251	0.922949138638228	0.08	0.76	0.427781303835343	0.523359288097887	0.459884836852207
LC_k1_0.08_k2_0.76	170	0.931680925250823	0.921668773395375	0.943136644255958	0.923679020035296	0.08	0.76	0.427781303835343	0.523359288097887	0.459884836852207
LC_k1_0.08_k2_0.76	180	0.9263948475776	0.917874008457051	0.940504336553597	0.917818451186765	0.08	0.76	0.427781303835343	0.523359288097887	0.459884836852207
LC_k1_0.08_k2_0.76	190	0.912442537408093	0.906698683882481	0.933631635808544	0.90568218101974	0.08	0.76	0.427781303835343	0.523359288097887	0.459884836852207
LC_k1_0.08_k2_0.76	200	0.908062701567539	0.89799894997375	0.931064276606915	0.894923873096828	0.08	0.76	0.427781303835343	0.523359288097887	0.459884836852207
LC_k1_0.08_k2_0.76	210	0.907224329673818	0.895362706637339	0.928748627276939	0.892592316638213	0.08	0.76	0.427781303835343	0.523359288097887	0.459884836852207
LC_k1_0.08_k2_0.76	220	0.899018950429104	0.887169719885272	0.918598243014037	0.895335929179604	0.08	0.76	0.427781303835343	0.523359288097887	0.459884836852207
LC_k1_0.08_k2_0.76	230	0.885993406631341	0.871719774434793	0.908090314849381	0.900433722343728	0.08	0.76	0.427781303835343	0.523359288097887	0.459884836852207
LC_k1_0.08_k2_0.76	240	0.874578551710967	0.858191982499696	0.895857566971649	0.895762079202764	0.08	0.76	0.427781303835343	0.523359288097887	0.459884836852207
LC_k1_0.08_k2_0.76	240	0.874578551710967	0.858191982499696	0.895857566971649	0.895762079202764	0.08	0.76	0.427781303835343	0.523359288097887	0.459884836852207
LC_k1_0.08_k2_0.76	250	0.863704699275188	0.845068113089809	0.882634666154658	0.895762079202764	0.08	0.76	0.427781303835343	0.523359288097887	0.459884836852207
LC_k1_0.08_k2_0.76	260	0.866541721714136	0.844771941323665	0.88129273646515	0.895762079202764	0.08	0.76	0.427781303835343	0.523359288097887	0.459884836852207
LC_k1_0.08_k2_0.76	270	0.857380150009679	0.839702724164788	0.8762714318593	0.895762079202764	0.08	0.76	0.427781303835343	0.523359288097887	0.459884836852207
LC_k1_0.08_k2_0.76	280	0.841436388583674	0.82296220979495	0.863410794233892	0.895762079202764	0.08	0.76	0.427781303835343	0.523359288097887	0.459884836852207
LC_k1_0.08_k2_0.76	290	0.830396441632214	0.812696120459016	0.857493077739659	0.895762079202764	0.08	0.76	0.427781303835343	0.523359288097887	0.459884836852207
LC_k1_0.08_k2_0.76	300	0.831292347692752	0.812175246391627	0.859154879498661	0.895762079202764	0.08	0.76	0.427781303835343	0.523359288097887	0.459884836852207
LC_k1_0.12_k2_0.04	10	0.442424242424242	0.260606060606061	-0.284848484848485	0.6	0.12	0.04	0.794723002992112	0.900444938820912	0.820089571337172
LC_k1_0.12_k2_0.04	20	0.753383458646617	0.703759398496241	0.312781954887218	0.700751879699248	0.12	0.04	0.794723002992112	0.900444938820912	0.820089571337172
LC_k1_0.12_k2_0.04	30	0.843381535038932	0.81579532814238	0.544827586206897	0.774860956618465	0.12	0.04	0.794723002992112	0.900444938820912	0.820089571337172
LC_k1_0.12_k2_0.04	40	0.821388367729831	0.793621013133209	0.654596622889306	0.768855534709194	0.12	0.04	0.794723002992112	0.900444938820912	0.820089571337172
LC_k1_0.12_k2_0.04	50	0.83078031212485	0.796590636254502	0.734357743097239	0.779783913565426	0.12	0.04	0.794723002992112	0.900444938820912	0.820089571337172
LC_k1_0.12_k2_0.04	60	0.849347040844679	0.819616560155599	0.785440400111142	0.807390941928314	0.12	0.04	0.794723002992112	0.900444938820912	0.820089571337172
LC_k1_0.12_k2_0.04	70	0.855900621118012	0.829096317032631	0.800577377307322	0.836619718309859	0.12	0.04	0.794723002992112	0.900444938820912	0.820089571337172
LC_k1_0.12_k2_0.04	80	0.839498359118612	0.823464603844351	0.810806375996249	0.855157055789967	0.12	0.04	0.794723002992112	0.900444938820912	0.820089571337172
LC_k1_0.12_k2_0.04	90	0.851586615631559	0.836918138041734	0.832999958842656	0.882997900975429	0.12	0.04	0.794723002992112	0.900444938820912	0.820089571337172
LC_k1_0.12_k2_0.04	100	0.847308730873087	0.83978397839784	0.832775277527753	0.901350135013501	0.12	0.04	0.794723002992112	0.900444938820912	0.820089571337172
LC_k1_0.12_k2_0.04	110	0.862795572887316	0.856556139124946	0.855690552938259	0.910691341884002	0.12	0.04	0.794723002992112	0.900444938820912	0.820089571337172
LC_k1_0.12_k2_0.04	120	0.861525105910132	0.857267865824015	0.865483714146816	0.914716299743038	0.12	0.04	0.794723002992112	0.900444938820912	0.820089571337172
LC_k1_0.12_k2_0.04	130	0.876185664149449	0.871072935585629	0.882969861666826	0.918108945909407	0.12	0.04	0.794723002992112	0.900444938820912	0.820089571337172
LC_k1_0.12_k2_0.04	140	0.877785309746124	0.872664057204085	0.887529247119022	0.911937197961995	0.12	0.04	0.794723002992112	0.900444938820912	0.820089571337172
LC_k1_0.12_k2_0.04	150	0.872004977999022	0.864673096582071	0.884012622783235	0.900820480910263	0.12	0.04	0.794723002992112	0.900444938820912	0.820089571337172
LC_k1_0.12_k2_0.04	160	0.860403726708075	0.849373022383687	0.876763740771124	0.892578811672331	0.12	0.04	0.794723002992112	0.900444938820912	0.820089571337172
LC_k1_0.12_k2_0.04	170	0.863552372054396	0.849099602469453	0.88476132900996	0.88216486220773	0.12	0.04	0.794723002992112	0.900444938820912	0.820089571337172
LC_k1_0.12_k2_0.04	180	0.851758799139891	0.838015576612447	0.877220490344352	0.870481599226314	0.12	0.04	0.794723002992112	0.900444938820912	0.820089571337172
LC_k1_0.12_k2_0.04	190	0.850937990701011	0.837658719223889	0.87581869158061	0.864465701776256	0.12	0.04	0.794723002992112	0.900444938820912	0.820089571337172
LC_k1_0.12_k2_0.04	200	0.846763669091727	0.829511737793445	0.874529363234081	0.865881647041176	0.12	0.04	0.794723002992112	0.900444938820912	0.820089571337172
LC_k1_0.12_k2_0.04	210	0.839265548619502	0.816229069010311	0.868192670387731	0.871978956438922	0.12	0.04	0.794723002992112	0.900444938820912	0.820089571337172
LC_k1_0.12_k2_0.04	220	0.818131103384931	0.798166378343655	0.847461160918051	0.873162292985017	0.12	0.04	0.794723002992112	0.900444938820912	0.820089571337172
LC_k1_0.12_k2_0.04	230	0.825074033617797	0.804845164328741	0.85685535273536	0.881817442098437	0.12	0.04	0.794723002992112	0.900444938820912	0.820089571337172
LC_k1_0.12_k2_0.04	240	0.813233736696818	0.78863001093769	0.846597163145193	0.893602319484713	0.12	0.04	0.794723002992112	0.900444938820912	0.820089571337172
LC_k1_0.12_k2_0.04	240	0.813233736696818	0.78863001093769	0.846597163145193	0.893602319484713	0.12	0.04	0.794723002992112	0.900444938820912	0.820089571337172
LC_k1_0.12_k2_0.04	250	0.792675082801325	0.768710795372726	0.828128066049057	0.893602319484713	0.12	0.04	0.794723002992112	0.900444938820912	0.820089571337172
LC_k1_0.12_k2_0.04	260	0.785126771333668	0.762582059133783	0.821635959566994	0.893602319484713	0.12	0.04	0.794723002992112	0.900444938820912	0.820089571337172
LC_k1_0.12_k2_0.04	270	0.780446310039308	0.74964936266463	0.816911983246227	0.893602319484713	0.12	0.04	0.794723002992112	0.900444938820912	0.820089571337172
LC_k1_0.12_k2_0.04	280	0.771615527165981	0.744754579595585	0.804938474069458	0.893602319484713	0.12	0.04	0.794723002992112	0.900444938820912	0.820089571337172
LC_k1_0.12_k2_0.04	290	0.768470411104154	0.743011746008707	0.799084084398068	0.893602319484713	0.12	0.04	0.794723002992112	0.900444938820912	0.820089571337172
LC_k1_0.12_k2_0.04	300	0.764724941388238	0.738723319147991	0.79594039933777	0.893602319484713	0.12	0.04	0.794723002992112	0.900444938820912	0.820089571337172
LC_k1_0.12_k2_0.12	10	0.636363636363636	0.854545454545454	0.418181818181818	0.575757575757576	0.12	0.12	0.748934626892737	0.85576566555432	0.781190019193858
LC_k1_0.12_k2_0.12	20	0.781954887218045	0.774436090225564	0.458646616541353	0.663157894736842	0.12	0.12	0.748934626892737	0.85576566555432	0.781190019193858
LC_k1_0.12_k2_0.12	30	0.89321468298109	0.876307007786429	0.663626251390434	0.79265850945495	0.12	0.12	0.748934626892737	0.85576566555432	0.781190019193858
LC_k1_0.12_k2_0.12	40	0.871857410881801	0.840900562851783	0.716510318949343	0.815759849906192	0.12	0.12	0.748934626892737	0.85576566555432	0.781190019193858
LC_k1_0.12_k2_0.12	50	0.889459783913565	0.857286914765906	0.80062424969988	0.770564225690276	0.12	0.12	0.748934626892737	0.85576566555432	0.781190019193858
LC_k1_0.12_k2_0.12	60	0.876521255904418	0.842845234787441	0.80050013892748	0.792664629063629	0.12	0.12	0.748934626892737	0.85576566555432	0.781190019193858
LC_k1_0.12_k2_0.12	70	0.875671419823287	0.856040591374333	0.828256495494707	0.836654710873939	0.12	0.12	0.748934626892737	0.85576566555432	0.781190019193858
LC_k1_0.12_k2_0.12	80	0.874988279418659	0.856399437412096	0.839662447257384	0.856797937177684	0.12	0.12	0.748934626892737	0.85576566555432	0.781190019193858
LC_k1_0.12_k2_0.12	90	0.877334650368358	0.864773428818373	0.850796394616619	0.875441412520064	0.12	0.12	0.748934626892737	0.85576566555432	0.781190019193858
LC_k1_0.12_k2_0.12	100	0.895169516951695	0.886480648064807	0.875751575157516	0.887872787278728	0.12	0.12	0.748934626892737	0.85576566555432	0.781190019193858
LC_k1_0.12_k2_0.12	110	0.894028807790276	0.889773009039064	0.886500011270653	0.90850032684895	0.12	0.12	0.748934626892737	0.85576566555432	0.781190019193858
LC_k1_0.12_k2_0.12	120	0.897923466907424	0.892548093617612	0.896819223557191	0.914028751996666	0.12	0.12	0.748934626892737	0.85576566555432	0.781190019193858
LC_k1_0.12_k2_0.12	130	0.904535088557812	0.899995903262369	0.907146076008139	0.915306777369621	0.12	0.12	0.748934626892737	0.85576566555432	0.781190019193858
LC_k1_0.12_k2_0.12	140	0.898768887625462	0.891701471649428	0.903094181190003	0.913218604447749	0.12	0.12	0.748934626892737	0.85576566555432	0.781190019193858
LC_k1_0.12_k2_0.12	150	0.901908529267968	0.893460153784613	0.909919551980088	0.907992355215788	0.12	0.12	0.748934626892737	0.85576566555432	0.781190019193858
LC_k1_0.12_k2_0.12	160	0.89822746982304	0.887885268955819	0.909814836517051	0.903000117192078	0.12	0.12	0.748934626892737	0.85576566555432	0.781190019193858
LC_k1_0.12_k2_0.12	170	0.887142848419343	0.873630473678104	0.902716764064704	0.88612673347134	0.12	0.12	0.748934626892737	0.85576566555432	0.781190019193858
LC_k1_0.12_k2_0.12	180	0.881755609741042	0.868798419704312	0.90187968764468	0.878144387172444	0.12	0.12	0.748934626892737	0.85576566555432	0.781190019193858
LC_k1_0.12_k2_0.12	190	0.875376049198039	0.864847109046613	0.900206012413232	0.873652718182892	0.12	0.12	0.748934626892737	0.85576566555432	0.781190019193858
LC_k1_0.12_k2_0.12	200	0.869333233330833	0.856108902722568	0.897538438460962	0.876356408910223	0.12	0.12	0.748934626892737	0.85576566555432	0.781190019193858
LC_k1_0.12_k2_0.12	210	0.863916577311439	0.847064883233504	0.889648291344475	0.879718684907011	0.12	0.12	0.748934626892737	0.85576566555432	0.781190019193858
LC_k1_0.12_k2_0.12	220	0.856454584899388	0.838365180347453	0.883718859705967	0.882439719828922	0.12	0.12	0.748934626892737	0.85576566555432	0.781190019193858
LC_k1_0.12_k2_0.12	230	0.857932384683856	0.84020376813238	0.888710643827409	0.890160494527307	0.12	0.12	0.748934626892737	0.85576566555432	0.781190019193858
LC_k1_0.12_k2_0.12	240	0.839178631573465	0.818820639247209	0.874499557283981	0.900978315595757	0.12	0.12	0.748934626892737	0.85576566555432	0.781190019193858
LC_k1_0.12_k2_0.12	240	0.839178631573465	0.818820639247209	0.874499557283981	0.900978315595757	0.12	0.12	0.748934626892737	0.85576566555432	0.781190019193858
LC_k1_0.12_k2_0.12	250	0.814211683386934	0.79214899438391	0.845855325685211	0.900978315595757	0.12	0.12	0.748934626892737	0.85576566555432	0.781190019193858
LC_k1_0.12_k2_0.12	260	0.802542595646044	0.777533805120012	0.837600237600238	0.900978315595757	0.12	0.12	0.748934626892737	0.85576566555432	0.781190019193858
LC_k1_0.12_k2_0.12	270	0.804586254040979	0.77607374586757	0.8399295219718	0.900978315595757	0.12	0.12	0.748934626892737	0.85576566555432	0.781190019193858
LC_k1_0.12_k2_0.12	280	0.787516057967212	0.759609360906571	0.822428128638667	0.900978315595757	0.12	0.12	0.748934626892737	0.85576566555432	0.781190019193858
LC_k1_0.12_k2_0.12	290	0.798895636546583	0.770423773951144	0.828320071049268	0.900978315595757	0.12	0.12	0.748934626892737	0.85576566555432	0.781190019193858
LC_k1_0.12_k2_0.12	300	0.786817631307015	0.759621329125879	0.815327725863621	0.900978315595757	0.12	0.12	0.748934626892737	0.85576566555432	0.781190019193858
LC_k1_0.12_k2_0.2	10	0.393939393939394	0.357575757575758	-0.224242424242424	0.709090909090909	0.12	0.2	0.699791458881132	0.809974045235447	0.737044145873321
LC_k1_0.12_k2_0.2	20	0.790977443609023	0.756390977443609	0.354887218045113	0.771428571428571	0.12	0.2	0.699791458881132	0.809974045235447	0.737044145873321
LC_k1_0.12_k2_0.2	30	0.877196885428254	0.862958843159066	0.580422691879867	0.815350389321468	0.12	0.2	0.699791458881132	0.809974045235447	0.737044145873321
LC_k1_0.12_k2_0.2	40	0.898499061913696	0.885553470919325	0.725328330206379	0.824202626641651	0.12	0.2	0.699791458881132	0.809974045235447	0.737044145873321
LC_k1_0.12_k2_0.2	50	0.869003601440576	0.845858343337335	0.784393757503001	0.792268907563025	0.12	0.2	0.699791458881132	0.809974045235447	0.737044145873321
LC_k1_0.12_k2_0.2	60	0.870908585718255	0.852236732425674	0.802722978605168	0.817060294526258	0.12	0.2	0.699791458881132	0.809974045235447	0.737044145873321
LC_k1_0.12_k2_0.2	70	0.877561018283615	0.864473799317645	0.834065261132009	0.857300323681218	0.12	0.2	0.699791458881132	0.809974045235447	0.737044145873321
LC_k1_0.12_k2_0.2	80	0.880965775902485	0.866315049226442	0.850539146741678	0.874753867791842	0.12	0.2	0.699791458881132	0.809974045235447	0.737044145873321
LC_k1_0.12_k2_0.2	90	0.874223155122032	0.86658435197761	0.85329876116393	0.8899781866074	0.12	0.2	0.699791458881132	0.809974045235447	0.737044145873321
LC_k1_0.12_k2_0.2	100	0.890645064506451	0.885412541254125	0.873867386738674	0.89974197419742	0.12	0.2	0.699791458881132	0.809974045235447	0.737044145873321
LC_k1_0.12_k2_0.2	110	0.890791876112977	0.889096769830715	0.886355746906206	0.915803710299123	0.12	0.2	0.699791458881132	0.809974045235447	0.737044145873321
LC_k1_0.12_k2_0.2	120	0.899583304396139	0.896506701854295	0.898513785679561	0.925744843391902	0.12	0.2	0.699791458881132	0.809974045235447	0.737044145873321
LC_k1_0.12_k2_0.2	130	0.903054800693714	0.899613541083451	0.906048150322959	0.919310655614579	0.12	0.2	0.699791458881132	0.809974045235447	0.737044145873321
LC_k1_0.12_k2_0.2	140	0.897360652511426	0.891788939668934	0.905014104218145	0.922166582843148	0.12	0.2	0.699791458881132	0.809974045235447	0.737044145873321
LC_k1_0.12_k2_0.2	150	0.90001688963954	0.894416640739589	0.913560602693453	0.920796479843549	0.12	0.2	0.699791458881132	0.809974045235447	0.737044145873321
LC_k1_0.12_k2_0.2	160	0.897497949138638	0.887876479549982	0.911602015703738	0.907813781788351	0.12	0.2	0.699791458881132	0.809974045235447	0.737044145873321
LC_k1_0.12_k2_0.2	170	0.894463272696186	0.881883965046623	0.910723554448251	0.900296163311167	0.12	0.2	0.699791458881132	0.809974045235447	0.737044145873321
LC_k1_0.12_k2_0.2	180	0.891899955759951	0.877337777914956	0.913382100270585	0.886681687706411	0.12	0.2	0.699791458881132	0.809974045235447	0.737044145873321
LC_k1_0.12_k2_0.2	190	0.877802709216322	0.865013318636907	0.901327489754054	0.881837228323864	0.12	0.2	0.699791458881132	0.809974045235447	0.737044145873321
LC_k1_0.12_k2_0.2	200	0.874712367809195	0.859605490137253	0.899255981399535	0.886439660991525	0.12	0.2	0.699791458881132	0.809974045235447	0.737044145873321
LC_k1_0.12_k2_0.2	210	0.868464785401677	0.853169330046357	0.895685357296732	0.89167230873392	0.12	0.2	0.699791458881132	0.809974045235447	0.737044145873321
LC_k1_0.12_k2_0.2	220	0.862490772724455	0.847310143522875	0.891237046595628	0.889702078743175	0.12	0.2	0.699791458881132	0.809974045235447	0.737044145873321
LC_k1_0.12_k2_0.2	230	0.855423255309339	0.835708244669703	0.882728776824087	0.894887796843369	0.12	0.2	0.699791458881132	0.809974045235447	0.737044145873321
LC_k1_0.12_k2_0.2	240	0.842625740030209	0.821632320005556	0.868967343183041	0.905750967898748	0.12	0.2	0.699791458881132	0.809974045235447	0.737044145873321
LC_k1_0.12_k2_0.2	240	0.842625740030209	0.821632320005556	0.868967343183041	0.905750967898748	0.12	0.2	0.699791458881132	0.809974045235447	0.737044145873321
LC_k1_0.12_k2_0.2	250	0.836330437286997	0.813356117697883	0.859526712427399	0.905750967898748	0.12	0.2	0.699791458881132	0.809974045235447	0.737044145873321
LC_k1_0.12_k2_0.2	260	0.824546562477597	0.797756452928867	0.849822311891277	0.905750967898748	0.12	0.2	0.699791458881132	0.809974045235447	0.737044145873321
LC_k1_0.12_k2_0.2	270	0.813976414857085	0.790087045851871	0.848028398499598	0.905750967898748	0.12	0.2	0.699791458881132	0.809974045235447	0.737044145873321
LC_k1_0.12_k2_0.2	280	0.805485128272409	0.777967102350066	0.83592994079735	0.905750967898748	0.12	0.2	0.699791458881132	0.809974045235447	0.737044145873321
LC_k1_0.12_k2_0.2	290	0.800981847748405	0.772535570762045	0.830638520856577	0.905750967898748	0.12	0.2	0.699791458881132	0.809974045235447	0.737044145873321
LC_k1_0.12_k2_0.2	300	0.804456049511661	0.77329703663374	0.82669496327737	0.905750967898748	0.12	0.2	0.699791458881132	0.809974045235447	0.737044145873321
LC_k1_0.12_k2_0.28	10	0.6	0.612121212121212	0.393939393939394	0.733333333333333	0.12	0.28	0.641581285701333	0.754542083796811	0.682021753039027
LC_k1_0.12_k2_0.28	20	0.778947368421053	0.78796992481203	0.464661654135338	0.82406015037594	0.12	0.28	0.641581285701333	0.754542083796811	0.682021753039027
LC_k1_0.12_k2_0.28	30	0.921690767519466	0.895884315906563	0.656952169076752	0.822914349276974	0.12	0.28	0.641581285701333	0.754542083796811	0.682021753039027
LC_k1_0.12_k2_0.28	40	0.920450281425891	0.904502814258912	0.759662288930582	0.787804878048781	0.12	0.28	0.641581285701333	0.754542083796811	0.682021753039027
LC_k1_0.12_k2_0.28	50	0.900408163265306	0.877358943577431	0.817430972388956	0.811668667466987	0.12	0.28	0.641581285701333	0.754542083796811	0.682021753039027
LC_k1_0.12_k2_0.28	60	0.908252292303418	0.893748263406502	0.861128091136427	0.807001944984718	0.12	0.28	0.641581285701333	0.754542083796811	0.682021753039027
LC_k1_0.12_k2_0.28	70	0.887253958533812	0.872802029568717	0.832385618056163	0.839279153179949	0.12	0.28	0.641581285701333	0.754542083796811	0.682021753039027
LC_k1_0.12_k2_0.28	80	0.890107829348336	0.877191748710736	0.853867791842476	0.869292076887014	0.12	0.28	0.641581285701333	0.754542083796811	0.682021753039027
LC_k1_0.12_k2_0.28	90	0.88918796559246	0.882718031032638	0.861629007696423	0.879392517594765	0.12	0.28	0.641581285701333	0.754542083796811	0.682021753039027
LC_k1_0.12_k2_0.28	100	0.898541854185419	0.896057605760576	0.880528052805281	0.892889288928893	0.12	0.28	0.641581285701333	0.754542083796811	0.682021753039027
LC_k1_0.12_k2_0.28	110	0.909852805265649	0.907571625002818	0.900845299010436	0.911818407231251	0.12	0.28	0.641581285701333	0.754542083796811	0.682021753039027
LC_k1_0.12_k2_0.28	120	0.911111882769637	0.908181123689145	0.906806028196402	0.919029099243003	0.12	0.28	0.641581285701333	0.754542083796811	0.682021753039027
LC_k1_0.12_k2_0.28	130	0.913580685247648	0.90886670581327	0.913181936118204	0.914099605347608	0.12	0.28	0.641581285701333	0.754542083796811	0.682021753039027
LC_k1_0.12_k2_0.28	140	0.905328989088365	0.899577966805887	0.911521724869345	0.915947606656316	0.12	0.28	0.641581285701333	0.754542083796811	0.682021753039027
LC_k1_0.12_k2_0.28	150	0.906858082581448	0.900422240988489	0.91864527312325	0.91644428641273	0.12	0.28	0.641581285701333	0.754542083796811	0.682021753039027
LC_k1_0.12_k2_0.28	160	0.906808859721083	0.897301652408297	0.920107230751201	0.909114613852103	0.12	0.28	0.641581285701333	0.754542083796811	0.682021753039027
LC_k1_0.12_k2_0.28	170	0.898466667887959	0.88910912854709	0.91598732298899	0.903811041701016	0.12	0.28	0.641581285701333	0.754542083796811	0.682021753039027
LC_k1_0.12_k2_0.28	180	0.894424725042954	0.882632180005556	0.912982910995195	0.894175746165005	0.12	0.28	0.641581285701333	0.754542083796811	0.682021753039027
LC_k1_0.12_k2_0.28	190	0.886930240085379	0.871077344320662	0.908058103373618	0.886256653851033	0.12	0.28	0.641581285701333	0.754542083796811	0.682021753039027
LC_k1_0.12_k2_0.28	200	0.881923048076202	0.862754068851722	0.903027075676892	0.888770719267982	0.12	0.28	0.641581285701333	0.754542083796811	0.682021753039027
LC_k1_0.12_k2_0.28	210	0.873230685503073	0.856302540064077	0.897881714195009	0.890020181863534	0.12	0.28	0.641581285701333	0.754542083796811	0.682021753039027
LC_k1_0.12_k2_0.28	220	0.862571916399475	0.844485892833999	0.887106608138035	0.889640093991424	0.12	0.28	0.641581285701333	0.754542083796811	0.682021753039027
LC_k1_0.12_k2_0.28	230	0.859036046543166	0.839962126349064	0.887522160770689	0.897760868332351	0.12	0.28	0.641581285701333	0.754542083796811	0.682021753039027
LC_k1_0.12_k2_0.28	240	0.854441917394399	0.83230438028438	0.880721019462143	0.906368166113995	0.12	0.28	0.641581285701333	0.754542083796811	0.682021753039027
LC_k1_0.12_k2_0.28	240	0.854441917394399	0.83230438028438	0.880721019462143	0.906368166113995	0.12	0.28	0.641581285701333	0.754542083796811	0.682021753039027
LC_k1_0.12_k2_0.28	250	0.838563817021072	0.818696107137714	0.865822877166035	0.906368166113995	0.12	0.28	0.641581285701333	0.754542083796811	0.682021753039027
LC_k1_0.12_k2_0.28	260	0.84170635205118	0.81810745948677	0.866276811104397	0.906368166113995	0.12	0.28	0.641581285701333	0.754542083796811	0.682021753039027
LC_k1_0.12_k2_0.28	270	0.82521936743531	0.798839490253639	0.849259325307008	0.906368166113995	0.12	0.28	0.641581285701333	0.754542083796811	0.682021753039027
LC_k1_0.12_k2_0.28	280	0.809985732325303	0.785924747582422	0.840071939693108	0.906368166113995	0.12	0.28	0.641581285701333	0.754542083796811	0.682021753039027
LC_k1_0.12_k2_0.28	290	0.804159383583634	0.778759270170501	0.839355341057399	0.906368166113995	0.12	0.28	0.641581285701333	0.754542083796811	0.682021753039027
LC_k1_0.12_k2_0.28	300	0.797867976310848	0.774603273369704	0.829264769608551	0.906368166113995	0.12	0.28	0.641581285701333	0.754542083796811	0.682021753039027
LC_k1_0.12_k2_0.36	10	0.83030303030303	0.733333333333333	0.151515151515152	0.76969696969697	0.12	0.36	0.587269924743857	0.699295513533556	0.622648752399232
LC_k1_0.12_k2_0.36	20	0.827067669172932	0.786466165413534	0.466165413533835	0.890225563909775	0.12	0.36	0.587269924743857	0.699295513533556	0.622648752399232
LC_k1_0.12_k2_0.36	30	0.920800889877642	0.888320355951057	0.651167964404894	0.839822024471635	0.12	0.36	0.587269924743857	0.699295513533556	0.622648752399232
LC_k1_0.12_k2_0.36	40	0.91969981238274	0.897373358348968	0.758348968105066	0.790806754221389	0.12	0.36	0.587269924743857	0.699295513533556	0.622648752399232
LC_k1_0.12_k2_0.36	50	0.903961584633853	0.882160864345739	0.826458583433373	0.791884753901561	0.12	0.36	0.587269924743857	0.699295513533556	0.622648752399232
LC_k1_0.12_k2_0.36	60	0.891247568769103	0.863295359822173	0.839010836343429	0.840511253125868	0.12	0.36	0.587269924743857	0.699295513533556	0.622648752399232
LC_k1_0.12_k2_0.36	70	0.89460239699064	0.876581226489371	0.864578777009885	0.869967631878226	0.12	0.36	0.587269924743857	0.699295513533556	0.622648752399232
LC_k1_0.12_k2_0.36	80	0.899742147210502	0.885583684950774	0.882934833567745	0.888396624472574	0.12	0.36	0.587269924743857	0.699295513533556	0.622648752399232
LC_k1_0.12_k2_0.36	90	0.894949993826398	0.8860270815327	0.882191217022678	0.897386508622464	0.12	0.36	0.587269924743857	0.699295513533556	0.622648752399232
LC_k1_0.12_k2_0.36	100	0.906294629462946	0.902814281428143	0.898985898589859	0.908442844284428	0.12	0.36	0.587269924743857	0.699295513533556	0.622648752399232
LC_k1_0.12_k2_0.36	110	0.91262989428127	0.909158533011744	0.911394630660686	0.92030295516534	0.12	0.36	0.587269924743857	0.699295513533556	0.622648752399232
LC_k1_0.12_k2_0.36	120	0.914112091117438	0.9105215639975	0.917112299465241	0.930877144246128	0.12	0.36	0.587269924743857	0.699295513533556	0.622648752399232
LC_k1_0.12_k2_0.36	130	0.918185418345191	0.913291182455038	0.923767906157397	0.928918870939109	0.12	0.36	0.587269924743857	0.699295513533556	0.622648752399232
LC_k1_0.12_k2_0.36	140	0.91217336161466	0.906050600249284	0.922227810456802	0.927768909492467	0.12	0.36	0.587269924743857	0.699295513533556	0.622648752399232
LC_k1_0.12_k2_0.36	150	0.91534912662785	0.908195030890262	0.92573181030268	0.928370149784435	0.12	0.36	0.587269924743857	0.699295513533556	0.622648752399232
LC_k1_0.12_k2_0.36	160	0.919878706199461	0.911414508379233	0.930724833001289	0.925389663658737	0.12	0.36	0.587269924743857	0.699295513533556	0.622648752399232
LC_k1_0.12_k2_0.36	170	0.910056729013624	0.902504259255867	0.927574941530646	0.914416741470802	0.12	0.36	0.587269924743857	0.699295513533556	0.622648752399232
LC_k1_0.12_k2_0.36	180	0.910935522701318	0.899636820066463	0.927429858946264	0.913083737152381	0.12	0.36	0.587269924743857	0.699295513533556	0.622648752399232
LC_k1_0.12_k2_0.36	190	0.905713673363164	0.894316944192943	0.925732306333023	0.908652958749404	0.12	0.36	0.587269924743857	0.699295513533556	0.622648752399232
LC_k1_0.12_k2_0.36	200	0.90446411160279	0.889109727743194	0.924011100277507	0.908049201230031	0.12	0.36	0.587269924743857	0.699295513533556	0.622648752399232
LC_k1_0.12_k2_0.36	210	0.901384223160227	0.885332028908981	0.921391155614154	0.907702474626895	0.12	0.36	0.587269924743857	0.699295513533556	0.622648752399232
LC_k1_0.12_k2_0.36	220	0.894030868406372	0.879951313794988	0.91671841454275	0.913509858393017	0.12	0.36	0.587269924743857	0.699295513533556	0.622648752399232
LC_k1_0.12_k2_0.36	230	0.874438984216846	0.859000539995414	0.894010982372478	0.913365996069622	0.12	0.36	0.587269924743857	0.699295513533556	0.622648752399232
LC_k1_0.12_k2_0.36	240	0.859807461935103	0.84170298095453	0.882582162884772	0.91490303651105	0.12	0.36	0.587269924743857	0.699295513533556	0.622648752399232
LC_k1_0.12_k2_0.36	240	0.859807461935103	0.84170298095453	0.882582162884772	0.91490303651105	0.12	0.36	0.587269924743857	0.699295513533556	0.622648752399232
LC_k1_0.12_k2_0.36	250	0.851568569097105	0.834419622713963	0.873191187058993	0.91490303651105	0.12	0.36	0.587269924743857	0.699295513533556	0.622648752399232
LC_k1_0.12_k2_0.36	260	0.850485271174926	0.830502954640886	0.874445343410861	0.91490303651105	0.12	0.36	0.587269924743857	0.699295513533556	0.622648752399232
LC_k1_0.12_k2_0.36	270	0.833060962579886	0.814925673420303	0.858121510583136	0.91490303651105	0.12	0.36	0.587269924743857	0.699295513533556	0.622648752399232
LC_k1_0.12_k2_0.36	280	0.828604774477809	0.814247995145711	0.856345288660752	0.91490303651105	0.12	0.36	0.587269924743857	0.699295513533556	0.622648752399232
LC_k1_0.12_k2_0.36	290	0.824133871779196	0.80869590888571	0.852124528111573	0.91490303651105	0.12	0.36	0.587269924743857	0.699295513533556	0.622648752399232
LC_k1_0.12_k2_0.36	300	0.821542906032289	0.812851698352204	0.849369881887577	0.91490303651105	0.12	0.36	0.587269924743857	0.699295513533556	0.622648752399232
LC_k1_0.12_k2_0.44	10	0.709090909090909	0.733333333333333	-0.0545454545454545	0.878787878787879	0.12	0.44	0.535860005440203	0.645902855024101	0.572616762635957
LC_k1_0.12_k2_0.44	20	0.926315789473684	0.938345864661654	0.556390977443609	0.818045112781955	0.12	0.44	0.535860005440203	0.645902855024101	0.572616762635957
LC_k1_0.12_k2_0.44	30	0.936373748609566	0.896329254727475	0.712124582869855	0.851835372636263	0.12	0.44	0.535860005440203	0.645902855024101	0.572616762635957
LC_k1_0.12_k2_0.44	40	0.942026266416511	0.918386491557223	0.820075046904315	0.782926829268293	0.12	0.44	0.535860005440203	0.645902855024101	0.572616762635957
LC_k1_0.12_k2_0.44	50	0.941320528211284	0.929795918367347	0.874093637454982	0.802448979591837	0.12	0.44	0.535860005440203	0.645902855024101	0.572616762635957
LC_k1_0.12_k2_0.44	60	0.924256737982773	0.907474298416227	0.869630452903585	0.839010836343429	0.12	0.44	0.535860005440203	0.645902855024101	0.572616762635957
LC_k1_0.12_k2_0.44	70	0.879870527512903	0.862164290088356	0.86062461726883	0.862094304960196	0.12	0.44	0.535860005440203	0.645902855024101	0.572616762635957
LC_k1_0.12_k2_0.44	80	0.890834505391467	0.878738865447726	0.879371776840131	0.881692451945617	0.12	0.44	0.535860005440203	0.645902855024101	0.572616762635957
LC_k1_0.12_k2_0.44	90	0.885088694077458	0.877153558052435	0.876890151047454	0.894785364448286	0.12	0.44	0.535860005440203	0.645902855024101	0.572616762635957
LC_k1_0.12_k2_0.44	100	0.900618061806181	0.897173717371737	0.896393639363936	0.901686168616862	0.12	0.44	0.535860005440203	0.645902855024101	0.572616762635957
LC_k1_0.12_k2_0.44	110	0.909158533011744	0.906119964835561	0.909924937447873	0.918797195861416	0.12	0.44	0.535860005440203	0.645902855024101	0.572616762635957
LC_k1_0.12_k2_0.44	120	0.9164316966456	0.914209320091673	0.921605667060212	0.931467463018265	0.12	0.44	0.535860005440203	0.645902855024101	0.572616762635957
LC_k1_0.12_k2_0.44	130	0.907451965751273	0.904021630774693	0.919332504881946	0.934282866077647	0.12	0.44	0.535860005440203	0.645902855024101	0.572616762635957
LC_k1_0.12_k2_0.44	140	0.91966937088627	0.91494609783298	0.930528525507861	0.920390982047189	0.12	0.44	0.535860005440203	0.645902855024101	0.572616762635957
LC_k1_0.12_k2_0.44	150	0.912152540112894	0.905766478510156	0.923975287790569	0.924000177785679	0.12	0.44	0.535860005440203	0.645902855024101	0.572616762635957
LC_k1_0.12_k2_0.44	160	0.907523731395758	0.899235321692254	0.921703972811438	0.919026133833353	0.12	0.44	0.535860005440203	0.645902855024101	0.572616762635957
LC_k1_0.12_k2_0.44	170	0.900721172928842	0.891776430285599	0.916426988110723	0.908754831736494	0.12	0.44	0.535860005440203	0.645902855024101	0.572616762635957
LC_k1_0.12_k2_0.44	180	0.904283054003724	0.890681811167011	0.920184779365618	0.899451629165509	0.12	0.44	0.535860005440203	0.645902855024101	0.572616762635957
LC_k1_0.12_k2_0.44	190	0.891788808845849	0.878182366912045	0.911238830059442	0.90074488140071	0.12	0.44	0.535860005440203	0.645902855024101	0.572616762635957
LC_k1_0.12_k2_0.44	200	0.880828020700518	0.864459611490288	0.901345533638341	0.900315007875197	0.12	0.44	0.535860005440203	0.645902855024101	0.572616762635957
LC_k1_0.12_k2_0.44	210	0.86973724703832	0.849994654883655	0.892515865277152	0.903577988486943	0.12	0.44	0.535860005440203	0.645902855024101	0.572616762635957
LC_k1_0.12_k2_0.44	220	0.86056361044274	0.840987698844266	0.882815009325888	0.904904120858996	0.12	0.44	0.535860005440203	0.645902855024101	0.572616762635957
LC_k1_0.12_k2_0.44	230	0.853822501781492	0.83839687936897	0.874151972955846	0.904767493755532	0.12	0.44	0.535860005440203	0.645902855024101	0.572616762635957
LC_k1_0.12_k2_0.44	240	0.835569193909617	0.821814614837063	0.855483602145871	0.910465459469782	0.12	0.44	0.535860005440203	0.645902855024101	0.572616762635957
LC_k1_0.12_k2_0.44	240	0.835569193909617	0.821814614837063	0.855483602145871	0.910465459469782	0.12	0.44	0.535860005440203	0.645902855024101	0.572616762635957
LC_k1_0.12_k2_0.44	250	0.832776844429511	0.816823693179091	0.852740555848894	0.910465459469782	0.12	0.44	0.535860005440203	0.645902855024101	0.572616762635957
LC_k1_0.12_k2_0.44	260	0.832335480611343	0.817336624233176	0.848596758941586	0.910465459469782	0.12	0.44	0.535860005440203	0.645902855024101	0.572616762635957
LC_k1_0.12_k2_0.44	270	0.822755684805919	0.806099458764104	0.843814958595683	0.910465459469782	0.12	0.44	0.535860005440203	0.645902855024101	0.572616762635957
LC_k1_0.12_k2_0.44	280	0.814526242135013	0.797272742181478	0.834273031908206	0.910465459469782	0.12	0.44	0.535860005440203	0.645902855024101	0.572616762635957
LC_k1_0.12_k2_0.44	290	0.811785371181994	0.793711598522431	0.832873325403435	0.910465459469782	0.12	0.44	0.535860005440203	0.645902855024101	0.572616762635957
LC_k1_0.12_k2_0.44	300	0.814643273814153	0.799131101456683	0.836773297481083	0.910465459469782	0.12	0.44	0.535860005440203	0.645902855024101	0.572616762635957
LC_k1_0.12_k2_0.52	10	0.866666666666667	0.842424242424242	0.151515151515152	0.854545454545454	0.12	0.52	0.480823284069272	0.586763070077864	0.513115802943058
LC_k1_0.12_k2_0.52	20	0.914285714285714	0.918796992481203	0.434586466165414	0.769924812030075	0.12	0.52	0.480823284069272	0.586763070077864	0.513115802943058
LC_k1_0.12_k2_0.52	30	0.885205784204672	0.840266963292547	0.687652947719689	0.809121245828699	0.12	0.52	0.480823284069272	0.586763070077864	0.513115802943058
LC_k1_0.12_k2_0.52	40	0.90562851782364	0.887054409005629	0.794183864915572	0.780863039399625	0.12	0.52	0.480823284069272	0.586763070077864	0.513115802943058
LC_k1_0.12_k2_0.52	50	0.914717887154862	0.911452581032413	0.853733493397359	0.80734693877551	0.12	0.52	0.480823284069272	0.586763070077864	0.513115802943058
LC_k1_0.12_k2_0.52	60	0.860127813281467	0.85818282856349	0.845457071408725	0.792053348152265	0.12	0.52	0.480823284069272	0.586763070077864	0.513115802943058
LC_k1_0.12_k2_0.52	70	0.851771498556557	0.855445717784971	0.841378707024757	0.839734056512991	0.12	0.52	0.480823284069272	0.586763070077864	0.513115802943058
LC_k1_0.12_k2_0.52	80	0.862869198312236	0.862025316455696	0.855039849976559	0.864205344585091	0.12	0.52	0.480823284069272	0.586763070077864	0.513115802943058
LC_k1_0.12_k2_0.52	90	0.875095690826028	0.873202452977734	0.870469605301066	0.886306951475491	0.12	0.52	0.480823284069272	0.586763070077864	0.513115802943058
LC_k1_0.12_k2_0.52	100	0.893789378937894	0.895073507350735	0.893189318931893	0.894857485748575	0.12	0.52	0.480823284069272	0.586763070077864	0.513115802943058
LC_k1_0.12_k2_0.52	110	0.906390460518901	0.906047832653337	0.909474111308974	0.91101593670401	0.12	0.52	0.480823284069272	0.586763070077864	0.513115802943058
LC_k1_0.12_k2_0.52	120	0.91228557538718	0.910104868393638	0.917397041461212	0.925022571011876	0.12	0.52	0.480823284069272	0.586763070077864	0.513115802943058
LC_k1_0.12_k2_0.52	130	0.908358710346994	0.905835119966133	0.918453071870434	0.932114326291497	0.12	0.52	0.480823284069272	0.586763070077864	0.513115802943058
LC_k1_0.12_k2_0.52	140	0.904961623406442	0.89963919441954	0.916148783101179	0.924064638866415	0.12	0.52	0.480823284069272	0.586763070077864	0.513115802943058
LC_k1_0.12_k2_0.52	150	0.909795102004534	0.902360104893551	0.923431263611716	0.930503577936797	0.12	0.52	0.480823284069272	0.586763070077864	0.513115802943058
LC_k1_0.12_k2_0.52	160	0.910901793038791	0.902701277393648	0.924601546935427	0.920318176491269	0.12	0.52	0.480823284069272	0.586763070077864	0.513115802943058
LC_k1_0.12_k2_0.52	170	0.903229706706725	0.895425650795977	0.920872491008238	0.917594543267323	0.12	0.52	0.480823284069272	0.586763070077864	0.513115802943058
LC_k1_0.12_k2_0.52	180	0.908309927261129	0.897017397656306	0.927176764714961	0.909661820838092	0.12	0.52	0.480823284069272	0.586763070077864	0.513115802943058
LC_k1_0.12_k2_0.52	190	0.90844126021861	0.89746092981144	0.926372650649311	0.905750414430492	0.12	0.52	0.480823284069272	0.586763070077864	0.513115802943058
LC_k1_0.12_k2_0.52	200	0.893431335783395	0.880460511512788	0.913245331133279	0.903562589064727	0.12	0.52	0.480823284069272	0.586763070077864	0.513115802943058
LC_k1_0.12_k2_0.52	210	0.893403478536928	0.879029326871682	0.911360477885796	0.904513545820605	0.12	0.52	0.480823284069272	0.586763070077864	0.513115802943058
LC_k1_0.12_k2_0.52	220	0.879539960442459	0.865431103948429	0.902726765579304	0.896894563937271	0.12	0.52	0.480823284069272	0.586763070077864	0.513115802943058
LC_k1_0.12_k2_0.52	230	0.866278395991705	0.851100333120458	0.885882941816111	0.901147798470753	0.12	0.52	0.480823284069272	0.586763070077864	0.513115802943058
LC_k1_0.12_k2_0.52	240	0.861957672876265	0.847852393270716	0.877835552700568	0.906080834736714	0.12	0.52	0.480823284069272	0.586763070077864	0.513115802943058
LC_k1_0.12_k2_0.52	240	0.861957672876265	0.847852393270716	0.877835552700568	0.906080834736714	0.12	0.52	0.480823284069272	0.586763070077864	0.513115802943058
LC_k1_0.12_k2_0.52	250	0.863542648682379	0.847854461671387	0.879288436614986	0.906080834736714	0.12	0.52	0.480823284069272	0.586763070077864	0.513115802943058
LC_k1_0.12_k2_0.52	260	0.851889707062121	0.826870675146537	0.867261350019971	0.906080834736714	0.12	0.52	0.480823284069272	0.586763070077864	0.513115802943058
LC_k1_0.12_k2_0.52	270	0.830686901664556	0.808463764935047	0.851209054841478	0.906080834736714	0.12	0.52	0.480823284069272	0.586763070077864	0.513115802943058
LC_k1_0.12_k2_0.52	280	0.817197741224833	0.794373288289027	0.840687472325631	0.906080834736714	0.12	0.52	0.480823284069272	0.586763070077864	0.513115802943058
LC_k1_0.12_k2_0.52	290	0.812794526647781	0.791729205849756	0.836547812491928	0.906080834736714	0.12	0.52	0.480823284069272	0.586763070077864	0.513115802943058
LC_k1_0.12_k2_0.52	300	0.809648996099957	0.790909676774186	0.832042133801487	0.906080834736714	0.12	0.52	0.480823284069272	0.586763070077864	0.513115802943058
LC_k1_0.12_k2_0.6	10	0.818181818181818	0.842424242424242	0.236363636363636	0.878787878787879	0.12	0.6	0.418351618460423	0.516129032258065	0.449264235444658
LC_k1_0.12_k2_0.6	20	0.810526315789474	0.76390977443609	0.43609022556391	0.894736842105263	0.12	0.6	0.418351618460423	0.516129032258065	0.449264235444658
LC_k1_0.12_k2_0.6	30	0.886540600667408	0.871857619577308	0.646718576195773	0.850500556173526	0.12	0.6	0.418351618460423	0.516129032258065	0.449264235444658
LC_k1_0.12_k2_0.6	40	0.892495309568481	0.889305816135085	0.757223264540338	0.809943714821764	0.12	0.6	0.418351618460423	0.516129032258065	0.449264235444658
LC_k1_0.12_k2_0.6	50	0.873421368547419	0.873421368547419	0.815606242496999	0.77795918367347	0.12	0.6	0.418351618460423	0.516129032258065	0.449264235444658
LC_k1_0.12_k2_0.6	60	0.839510975270909	0.849180327868853	0.812725757154765	0.784995832175605	0.12	0.6	0.418351618460423	0.516129032258065	0.449264235444658
LC_k1_0.12_k2_0.6	70	0.842533461639402	0.850686729070073	0.82101303473012	0.82626191934214	0.12	0.6	0.418351618460423	0.516129032258065	0.449264235444658
LC_k1_0.12_k2_0.6	80	0.867393342709798	0.873230192217534	0.856938584153774	0.863127051101735	0.12	0.6	0.418351618460423	0.516129032258065	0.449264235444658
LC_k1_0.12_k2_0.6	90	0.864411244186525	0.86893855208462	0.856377330534634	0.879162036465407	0.12	0.6	0.418351618460423	0.516129032258065	0.449264235444658
LC_k1_0.12_k2_0.6	100	0.863726372637264	0.870987098709871	0.861758175817582	0.899141914191419	0.12	0.6	0.418351618460423	0.516129032258065	0.449264235444658
LC_k1_0.12_k2_0.6	110	0.876185109212632	0.881604039402204	0.880819601920519	0.918770146293082	0.12	0.6	0.418351618460423	0.516129032258065	0.449264235444658
LC_k1_0.12_k2_0.6	120	0.8913813459268	0.893798180429196	0.899381901520939	0.93285644836447	0.12	0.6	0.418351618460423	0.516129032258065	0.449264235444658
LC_k1_0.12_k2_0.6	130	0.908140217673326	0.90747381501864	0.917846754701006	0.937401848994251	0.12	0.6	0.418351618460423	0.516129032258065	0.449264235444658
LC_k1_0.12_k2_0.6	140	0.910227198180665	0.909916686711421	0.922411493297763	0.929959983381077	0.12	0.6	0.418351618460423	0.516129032258065	0.449264235444658
LC_k1_0.12_k2_0.6	150	0.907629672429886	0.905329125738922	0.921546735410463	0.922300546690964	0.12	0.6	0.418351618460423	0.516129032258065	0.449264235444658
LC_k1_0.12_k2_0.6	160	0.914124575178718	0.909035509199578	0.92907242470409	0.925791046525255	0.12	0.6	0.418351618460423	0.516129032258065	0.449264235444658
LC_k1_0.12_k2_0.6	170	0.912250169454266	0.905073857633991	0.924441106246298	0.914011272525205	0.12	0.6	0.418351618460423	0.516129032258065	0.449264235444658
LC_k1_0.12_k2_0.6	180	0.904937395187094	0.894513205140076	0.918114756628291	0.903379733942406	0.12	0.6	0.418351618460423	0.516129032258065	0.449264235444658
LC_k1_0.12_k2_0.6	190	0.894227715886575	0.882565051371886	0.906681188136135	0.901556684031195	0.12	0.6	0.418351618460423	0.516129032258065	0.449264235444658
LC_k1_0.12_k2_0.6	200	0.883237080927023	0.871800795019876	0.898883972099303	0.902706067651691	0.12	0.6	0.418351618460423	0.516129032258065	0.449264235444658
LC_k1_0.12_k2_0.6	210	0.86125114596055	0.844240070231589	0.872910626415241	0.903436747836848	0.12	0.6	0.418351618460423	0.516129032258065	0.449264235444658
LC_k1_0.12_k2_0.6	220	0.857084575376276	0.838410260166908	0.868191115894581	0.902371762001093	0.12	0.6	0.418351618460423	0.516129032258065	0.449264235444658
LC_k1_0.12_k2_0.6	230	0.844583895314862	0.832391341333813	0.856284289092339	0.90040610613992	0.12	0.6	0.418351618460423	0.516129032258065	0.449264235444658
LC_k1_0.12_k2_0.6	240	0.832820014236358	0.821061997604125	0.838562301428844	0.903967082761853	0.12	0.6	0.418351618460423	0.516129032258065	0.449264235444658
LC_k1_0.12_k2_0.6	240	0.832820014236358	0.821061997604125	0.838562301428844	0.903967082761853	0.12	0.6	0.418351618460423	0.516129032258065	0.449264235444658
LC_k1_0.12_k2_0.6	250	0.820708299332789	0.809547544760716	0.829312340997456	0.903967082761853	0.12	0.6	0.418351618460423	0.516129032258065	0.449264235444658
LC_k1_0.12_k2_0.6	260	0.827740510499131	0.813976765700904	0.831710755848687	0.903967082761853	0.12	0.6	0.418351618460423	0.516129032258065	0.449264235444658
LC_k1_0.12_k2_0.6	270	0.815916389647168	0.80267127578339	0.820029843421111	0.903967082761853	0.12	0.6	0.418351618460423	0.516129032258065	0.449264235444658
LC_k1_0.12_k2_0.6	280	0.798102016607355	0.787405087164013	0.806606862696864	0.903967082761853	0.12	0.6	0.418351618460423	0.516129032258065	0.449264235444658
LC_k1_0.12_k2_0.6	290	0.801679055595806	0.793455742431642	0.804921047484676	0.903967082761853	0.12	0.6	0.418351618460423	0.516129032258065	0.449264235444658
LC_k1_0.12_k2_0.6	300	0.791846131623685	0.782650029444772	0.796872854142824	0.903967082761853	0.12	0.6	0.418351618460423	0.516129032258065	0.449264235444658
LC_k1_0.12_k2_0.68	10	0.260606060606061	0.321212121212121	0.636363636363636	0.260606060606061	0.12	0.68	0.363133556986127	0.448090470893585	0.393218170185541
LC_k1_0.12_k2_0.68	20	0.745864661654135	0.769924812030075	0.76390977443609	0.777443609022556	0.12	0.68	0.363133556986127	0.448090470893585	0.393218170185541
LC_k1_0.12_k2_0.68	30	0.860289210233593	0.881201334816463	0.694771968854283	0.825139043381535	0.12	0.68	0.363133556986127	0.448090470893585	0.393218170185541
LC_k1_0.12_k2_0.68	40	0.91782363977486	0.921575984990619	0.818574108818012	0.837148217636023	0.12	0.68	0.363133556986127	0.448090470893585	0.393218170185541
LC_k1_0.12_k2_0.68	50	0.939399759903962	0.943817527010804	0.874093637454982	0.759039615846339	0.12	0.68	0.363133556986127	0.448090470893585	0.393218170185541
LC_k1_0.12_k2_0.68	60	0.919366490691859	0.914420672409003	0.878688524590164	0.833287024173382	0.12	0.68	0.363133556986127	0.448090470893585	0.393218170185541
LC_k1_0.12_k2_0.68	70	0.906534861341965	0.906149943137083	0.874306709824163	0.847887323943662	0.12	0.68	0.363133556986127	0.448090470893585	0.393218170185541
LC_k1_0.12_k2_0.68	80	0.907243319268636	0.909939052977028	0.887201125175809	0.878035630567276	0.12	0.68	0.363133556986127	0.448090470893585	0.393218170185541
LC_k1_0.12_k2_0.68	90	0.893369551796518	0.897880396756801	0.880034572169404	0.894538420381117	0.12	0.68	0.363133556986127	0.448090470893585	0.393218170185541
LC_k1_0.12_k2_0.68	100	0.911167116711671	0.913267326732673	0.904290429042904	0.908442844284428	0.12	0.68	0.363133556986127	0.448090470893585	0.393218170185541
LC_k1_0.12_k2_0.68	110	0.918066857516399	0.918220138403625	0.915794693776345	0.926758785474382	0.12	0.68	0.363133556986127	0.448090470893585	0.393218170185541
LC_k1_0.12_k2_0.68	120	0.924828113063407	0.92430724355858	0.925897631779985	0.933919022154316	0.12	0.68	0.363133556986127	0.448090470893585	0.393218170185541
LC_k1_0.12_k2_0.68	130	0.933512679402969	0.930421008070573	0.935768616258586	0.938592634065739	0.12	0.68	0.363133556986127	0.448090470893585	0.393218170185541
LC_k1_0.12_k2_0.68	140	0.930777809363452	0.926894229297413	0.936769368699569	0.932570903763312	0.12	0.68	0.363133556986127	0.448090470893585	0.393218170185541
LC_k1_0.12_k2_0.68	150	0.932260100448909	0.927402995688697	0.938944841992978	0.94049157740344	0.12	0.68	0.363133556986127	0.448090470893585	0.393218170185541
LC_k1_0.12_k2_0.68	160	0.93491737958514	0.929459158560881	0.944954881050041	0.926212938005391	0.12	0.68	0.363133556986127	0.448090470893585	0.393218170185541
LC_k1_0.12_k2_0.68	170	0.921663888227356	0.916527134055117	0.933730253234897	0.921541759026875	0.12	0.68	0.363133556986127	0.448090470893585	0.393218170185541
LC_k1_0.12_k2_0.68	180	0.904698704692532	0.897517413088881	0.917293743634063	0.914888319598342	0.12	0.68	0.363133556986127	0.448090470893585	0.393218170185541
LC_k1_0.12_k2_0.68	190	0.896705113569264	0.886025709999257	0.907055597107953	0.919594798514611	0.12	0.68	0.363133556986127	0.448090470893585	0.393218170185541
LC_k1_0.12_k2_0.68	200	0.887645691142279	0.875493887347184	0.899051976299408	0.921168529213231	0.12	0.68	0.363133556986127	0.448090470893585	0.393218170185541
LC_k1_0.12_k2_0.68	210	0.880956160327575	0.870057306126151	0.891195459566624	0.912485219943439	0.12	0.68	0.363133556986127	0.448090470893585	0.393218170185541
LC_k1_0.12_k2_0.68	220	0.877413319959654	0.864472030789517	0.884565233316241	0.905707668640787	0.12	0.68	0.363133556986127	0.448090470893585	0.393218170185541
LC_k1_0.12_k2_0.68	230	0.866460860195434	0.855344351869888	0.87487196684083	0.906937338340414	0.12	0.68	0.363133556986127	0.448090470893585	0.393218170185541
LC_k1_0.12_k2_0.68	240	0.870379694091911	0.861364780638553	0.878763520200003	0.90744804597302	0.12	0.68	0.363133556986127	0.448090470893585	0.393218170185541
LC_k1_0.12_k2_0.68	240	0.870379694091911	0.861364780638553	0.878763520200003	0.90744804597302	0.12	0.68	0.363133556986127	0.448090470893585	0.393218170185541
LC_k1_0.12_k2_0.68	250	0.860503624057985	0.849613209811357	0.866256036096578	0.90744804597302	0.12	0.68	0.363133556986127	0.448090470893585	0.393218170185541
LC_k1_0.12_k2_0.68	260	0.850989147540872	0.843082112047629	0.856059318128284	0.90744804597302	0.12	0.68	0.363133556986127	0.448090470893585	0.393218170185541
LC_k1_0.12_k2_0.68	270	0.847193148511411	0.839689311391255	0.852983808648495	0.90744804597302	0.12	0.68	0.363133556986127	0.448090470893585	0.393218170185541
LC_k1_0.12_k2_0.68	280	0.829122456008003	0.822113255817767	0.835654427079063	0.90744804597302	0.12	0.68	0.363133556986127	0.448090470893585	0.393218170185541
LC_k1_0.12_k2_0.68	290	0.821279108243117	0.812428947656518	0.830405790220147	0.90744804597302	0.12	0.68	0.363133556986127	0.448090470893585	0.393218170185541
LC_k1_0.12_k2_0.68	300	0.825620729119212	0.807768530761453	0.83418393537706	0.90744804597302	0.12	0.68	0.363133556986127	0.448090470893585	0.393218170185541
LC_k1_0.12_k2_0.76	10	0.478787878787879	0.539393939393939	0.587878787878788	0.103030303030303	0.12	0.76	0.290597515640584	0.361883574341861	0.317850287907869
LC_k1_0.12_k2_0.76	20	0.554887218045113	0.568421052631579	0.654135338345865	0.621052631578947	0.12	0.76	0.290597515640584	0.361883574341861	0.317850287907869
LC_k1_0.12_k2_0.76	30	0.794438264738599	0.820689655172414	0.644493882091213	0.754393770856507	0.12	0.76	0.290597515640584	0.361883574341861	0.317850287907869
LC_k1_0.12_k2_0.76	40	0.887804878048781	0.895872420262664	0.795497185741088	0.786679174484053	0.12	0.76	0.290597515640584	0.361883574341861	0.317850287907869
LC_k1_0.12_k2_0.76	50	0.927875150060024	0.929507803121249	0.874189675870348	0.770660264105642	0.12	0.76	0.290597515640584	0.361883574341861	0.317850287907869
LC_k1_0.12_k2_0.76	60	0.897304806890803	0.894970825229231	0.870130591831064	0.825562656293415	0.12	0.76	0.290597515640584	0.361883574341861	0.317850287907869
LC_k1_0.12_k2_0.76	70	0.910314058262619	0.905030181086519	0.888548683404777	0.836584725745779	0.12	0.76	0.290597515640584	0.361883574341861	0.317850287907869
LC_k1_0.12_k2_0.76	80	0.895616502578528	0.894186591654946	0.881129864041257	0.871073605250821	0.12	0.76	0.290597515640584	0.361883574341861	0.317850287907869
LC_k1_0.12_k2_0.76	90	0.900004115734453	0.899345598222003	0.894818290323908	0.886142322097378	0.12	0.76	0.290597515640584	0.361883574341861	0.317850287907869
LC_k1_0.12_k2_0.76	100	0.916399639963996	0.915607560756076	0.914395439543955	0.90005400540054	0.12	0.76	0.290597515640584	0.361883574341861	0.317850287907869
LC_k1_0.12_k2_0.76	110	0.921060343078692	0.919798029889773	0.925775984491581	0.921105425692582	0.12	0.76	0.290597515640584	0.361883574341861	0.317850287907869
LC_k1_0.12_k2_0.76	120	0.92824501701507	0.925654559344399	0.933099520800055	0.930627126883811	0.12	0.76	0.290597515640584	0.361883574341861	0.317850287907869
LC_k1_0.12_k2_0.76	130	0.929077278127518	0.928006664026547	0.936839230359557	0.932534924688306	0.12	0.76	0.290597515640584	0.361883574341861	0.317850287907869
LC_k1_0.12_k2_0.76	140	0.931468806717544	0.928516761059238	0.941033434650456	0.937171721589294	0.12	0.76	0.290597515640584	0.361883574341861	0.317850287907869
LC_k1_0.12_k2_0.76	150	0.927655451353394	0.922442775234455	0.936174941108494	0.9322067647451	0.12	0.76	0.290597515640584	0.361883574341861	0.317850287907869
LC_k1_0.12_k2_0.76	160	0.916040665651002	0.908279620297668	0.927701277393648	0.923558537442869	0.12	0.76	0.290597515640584	0.361883574341861	0.317850287907869
LC_k1_0.12_k2_0.76	170	0.913935552420906	0.906473458271506	0.927912018123974	0.911876454100793	0.12	0.76	0.290597515640584	0.361883574341861	0.317850287907869
LC_k1_0.12_k2_0.76	180	0.900715042645349	0.889101515478873	0.91515993291974	0.909702974371637	0.12	0.76	0.290597515640584	0.361883574341861	0.317850287907869
LC_k1_0.12_k2_0.76	190	0.898265734143387	0.886141181925145	0.916356335865843	0.91119684026821	0.12	0.76	0.290597515640584	0.361883574341861	0.317850287907869
LC_k1_0.12_k2_0.76	200	0.892327308182705	0.880250506262657	0.910989274731868	0.907548188704718	0.12	0.76	0.290597515640584	0.361883574341861	0.317850287907869
LC_k1_0.12_k2_0.76	210	0.884960138389921	0.870247786635913	0.899203415691318	0.904599067682131	0.12	0.76	0.290597515640584	0.361883574341861	0.317850287907869
LC_k1_0.12_k2_0.76	220	0.875660841978328	0.867074263367575	0.888115269098347	0.906644201889971	0.12	0.76	0.290597515640584	0.361883574341861	0.317850287907869
LC_k1_0.12_k2_0.76	230	0.862024514312344	0.851363673349624	0.872359878587333	0.908857650798034	0.12	0.76	0.290597515640584	0.361883574341861	0.317850287907869
LC_k1_0.12_k2_0.76	240	0.851393253355093	0.84395041580583	0.861732842584073	0.912851785621278	0.12	0.76	0.290597515640584	0.361883574341861	0.317850287907869
LC_k1_0.12_k2_0.76	240	0.851393253355093	0.84395041580583	0.861732842584073	0.912851785621278	0.12	0.76	0.290597515640584	0.361883574341861	0.317850287907869
LC_k1_0.12_k2_0.76	250	0.846739307828925	0.839173618777901	0.857278740459847	0.912851785621278	0.12	0.76	0.290597515640584	0.361883574341861	0.317850287907869
LC_k1_0.12_k2_0.76	260	0.836906554147933	0.831719631719632	0.855177193108227	0.912851785621278	0.12	0.76	0.290597515640584	0.361883574341861	0.317850287907869
LC_k1_0.12_k2_0.76	270	0.826423468695653	0.819781707110751	0.840475787657505	0.912851785621278	0.12	0.76	0.290597515640584	0.361883574341861	0.317850287907869
LC_k1_0.12_k2_0.76	280	0.829171108232066	0.815975422427035	0.843213561397467	0.912851785621278	0.12	0.76	0.290597515640584	0.361883574341861	0.317850287907869
LC_k1_0.12_k2_0.76	290	0.823808147294383	0.808061188968174	0.837692768498211	0.912851785621278	0.12	0.76	0.290597515640584	0.361883574341861	0.317850287907869
LC_k1_0.12_k2_0.76	300	0.826024733608151	0.813315259058434	0.838503094478828	0.912851785621278	0.12	0.76	0.290597515640584	0.361883574341861	0.317850287907869
LC_k1_0.16_k2_0.04	10	0.442424242424242	0.563636363636364	0.0424242424242424	0.76969696969697	0.16	0.04	0.715477377822105	0.826844642195032	0.739347408829175
LC_k1_0.16_k2_0.04	20	0.819548872180451	0.783458646616541	0.425563909774436	0.750375939849624	0.16	0.04	0.715477377822105	0.826844642195032	0.739347408829175
LC_k1_0.16_k2_0.04	30	0.873192436040045	0.854505005561735	0.576418242491657	0.787319243604004	0.16	0.04	0.715477377822105	0.826844642195032	0.739347408829175
LC_k1_0.16_k2_0.04	40	0.872983114446529	0.847091932457786	0.721388367729831	0.813883677298312	0.16	0.04	0.715477377822105	0.826844642195032	0.739347408829175
LC_k1_0.16_k2_0.04	50	0.894357743097239	0.870540216086435	0.807635054021609	0.791212484993998	0.16	0.04	0.715477377822105	0.826844642195032	0.739347408829175
LC_k1_0.16_k2_0.04	60	0.890525145873854	0.865462628507919	0.821005834954154	0.805834954153932	0.16	0.04	0.715477377822105	0.826844642195032	0.739347408829175
LC_k1_0.16_k2_0.04	70	0.871332341877351	0.856530487271455	0.82381243985653	0.851981453941037	0.16	0.04	0.715477377822105	0.826844642195032	0.739347408829175
LC_k1_0.16_k2_0.04	80	0.882372245663385	0.869338959212377	0.851500234411627	0.873605250820441	0.16	0.04	0.715477377822105	0.826844642195032	0.739347408829175
LC_k1_0.16_k2_0.04	90	0.874503025064823	0.862534469276042	0.848195250442442	0.882997900975429	0.16	0.04	0.715477377822105	0.826844642195032	0.739347408829175
LC_k1_0.16_k2_0.04	100	0.87944794479448	0.874107410741074	0.860882088208821	0.9003900390039	0.16	0.04	0.715477377822105	0.826844642195032	0.739347408829175
LC_k1_0.16_k2_0.04	110	0.889484480310168	0.884822938033947	0.880702387124405	0.910420846200662	0.16	0.04	0.715477377822105	0.826844642195032	0.739347408829175
LC_k1_0.16_k2_0.04	120	0.888832557816515	0.886526842141815	0.889429821515383	0.923098826307382	0.16	0.04	0.715477377822105	0.826844642195032	0.739347408829175
LC_k1_0.16_k2_0.04	130	0.89873957038878	0.894582747272256	0.900137923500253	0.91740430703683	0.16	0.04	0.715477377822105	0.826844642195032	0.739347408829175
LC_k1_0.16_k2_0.04	140	0.900505127812644	0.894758478931141	0.905709474973213	0.916363079748967	0.16	0.04	0.715477377822105	0.826844642195032	0.739347408829175
LC_k1_0.16_k2_0.04	150	0.893694830881373	0.885666029601316	0.904443753055691	0.911711631628073	0.16	0.04	0.715477377822105	0.826844642195032	0.739347408829175
LC_k1_0.16_k2_0.04	160	0.887976092816126	0.876702214930271	0.900134770889488	0.902797960857846	0.16	0.04	0.715477377822105	0.826844642195032	0.739347408829175
LC_k1_0.16_k2_0.04	170	0.891566368060772	0.876542033817576	0.908339592454858	0.896077820726547	0.16	0.04	0.715477377822105	0.826844642195032	0.739347408829175
LC_k1_0.16_k2_0.04	180	0.874942642262621	0.863975225572806	0.897317818451187	0.88350875027007	0.16	0.04	0.715477377822105	0.826844642195032	0.739347408829175
LC_k1_0.16_k2_0.04	190	0.859295708730815	0.847856989769363	0.878429056935533	0.874363045484567	0.16	0.04	0.715477377822105	0.826844642195032	0.739347408829175
LC_k1_0.16_k2_0.04	200	0.851929798244956	0.837773944348609	0.874512862821571	0.874725868146704	0.16	0.04	0.715477377822105	0.826844642195032	0.739347408829175
LC_k1_0.16_k2_0.04	210	0.852404816435747	0.836690822273262	0.876641193677861	0.881623490004633	0.16	0.04	0.715477377822105	0.826844642195032	0.739347408829175
LC_k1_0.16_k2_0.04	220	0.841812659540299	0.827385990319109	0.870694172869838	0.88296377273009	0.16	0.04	0.715477377822105	0.826844642195032	0.739347408829175
LC_k1_0.16_k2_0.04	230	0.830742259449303	0.811791625879342	0.855002108201273	0.891031391240239	0.16	0.04	0.715477377822105	0.826844642195032	0.739347408829175
LC_k1_0.16_k2_0.04	240	0.816108786610879	0.794823694855813	0.841491171721731	0.90185853921075	0.16	0.04	0.715477377822105	0.826844642195032	0.739347408829175
LC_k1_0.16_k2_0.04	240	0.816108786610879	0.794823694855813	0.841491171721731	0.90185853921075	0.16	0.04	0.715477377822105	0.826844642195032	0.739347408829175
LC_k1_0.16_k2_0.04	250	0.814362213795421	0.791363317813085	0.841235731771708	0.90185853921075	0.16	0.04	0.715477377822105	0.826844642195032	0.739347408829175
LC_k1_0.16_k2_0.04	260	0.807713131851063	0.782614899856279	0.833114508976578	0.90185853921075	0.16	0.04	0.715477377822105	0.826844642195032	0.739347408829175
LC_k1_0.16_k2_0.04	270	0.785638272739605	0.760230821639071	0.819033640150528	0.90185853921075	0.16	0.04	0.715477377822105	0.826844642195032	0.739347408829175
LC_k1_0.16_k2_0.04	280	0.780330835123626	0.754954600368445	0.807628559402179	0.90185853921075	0.16	0.04	0.715477377822105	0.826844642195032	0.739347408829175
LC_k1_0.16_k2_0.04	290	0.781202695837541	0.758106763334346	0.80919236810803	0.90185853921075	0.16	0.04	0.715477377822105	0.826844642195032	0.739347408829175
LC_k1_0.16_k2_0.04	300	0.781574906387849	0.756199513327926	0.806152068356315	0.90185853921075	0.16	0.04	0.715477377822105	0.826844642195032	0.739347408829175
LC_k1_0.16_k2_0.12	10	0.624242424242424	0.624242424242424	0.115151515151515	0.781818181818182	0.16	0.12	0.642941336476562	0.754727474972191	0.673576455534229
LC_k1_0.16_k2_0.12	20	0.786466165413534	0.78796992481203	0.443609022556391	0.769924812030075	0.16	0.12	0.642941336476562	0.754727474972191	0.673576455534229
LC_k1_0.16_k2_0.12	30	0.90567296996663	0.890100111234705	0.657397107897664	0.829143492769744	0.16	0.12	0.642941336476562	0.754727474972191	0.673576455534229
LC_k1_0.16_k2_0.12	40	0.874108818011257	0.854033771106942	0.732270168855535	0.840337711069419	0.16	0.12	0.642941336476562	0.754727474972191	0.673576455534229
LC_k1_0.16_k2_0.12	50	0.894357743097239	0.873229291716687	0.818487394957983	0.821176470588235	0.16	0.12	0.642941336476562	0.754727474972191	0.673576455534229
LC_k1_0.16_k2_0.12	60	0.903806612948041	0.885968324534593	0.843512086690748	0.815782161711587	0.16	0.12	0.642941336476562	0.754727474972191	0.673576455534229
LC_k1_0.16_k2_0.12	70	0.885469337765725	0.874866590849445	0.843968156766687	0.854710873939288	0.16	0.12	0.642941336476562	0.754727474972191	0.673576455534229
LC_k1_0.16_k2_0.12	80	0.873300515705579	0.859470229723394	0.844819503047351	0.868635724331927	0.16	0.12	0.642941336476562	0.754727474972191	0.673576455534229
LC_k1_0.16_k2_0.12	90	0.872379306087171	0.866255093221385	0.85132320862658	0.88918796559246	0.16	0.12	0.642941336476562	0.754727474972191	0.673576455534229
LC_k1_0.16_k2_0.12	100	0.890957095709571	0.886360636063606	0.878295829582958	0.897197719771977	0.16	0.12	0.642941336476562	0.754727474972191	0.673576455534229
LC_k1_0.16_k2_0.12	110	0.89208123887023	0.891224669206321	0.88642787908843	0.913684827446295	0.16	0.12	0.642941336476562	0.754727474972191	0.673576455534229
LC_k1_0.16_k2_0.12	120	0.904604486422668	0.902826585179526	0.904340579206889	0.920084728106118	0.16	0.12	0.642941336476562	0.754727474972191	0.673576455534229
LC_k1_0.16_k2_0.12	130	0.901055592729656	0.897461388247825	0.90252495596007	0.924401534911032	0.16	0.12	0.642941336476562	0.754727474972191	0.673576455534229
LC_k1_0.16_k2_0.12	140	0.896061752421771	0.889650346592027	0.902796789923684	0.919901161137959	0.16	0.12	0.642941336476562	0.754727474972191	0.673576455534229
LC_k1_0.16_k2_0.12	150	0.897535001555625	0.888955064669541	0.906669629761323	0.917169651984533	0.16	0.12	0.642941336476562	0.754727474972191	0.673576455534229
LC_k1_0.16_k2_0.12	160	0.894131606703387	0.884012070784015	0.908100902378999	0.905467010430095	0.16	0.12	0.642941336476562	0.754727474972191	0.673576455534229
LC_k1_0.16_k2_0.12	170	0.887697314989528	0.874807799170743	0.903706010588602	0.899988397725955	0.16	0.12	0.642941336476562	0.754727474972191	0.673576455534229
LC_k1_0.16_k2_0.12	180	0.884261859933949	0.868127617107524	0.903645174233773	0.888669403376647	0.16	0.12	0.642941336476562	0.754727474972191	0.673576455534229
LC_k1_0.16_k2_0.12	190	0.879223363819672	0.864205015155691	0.89866813630936	0.887255660967428	0.16	0.12	0.642941336476562	0.754727474972191	0.673576455534229
LC_k1_0.16_k2_0.12	200	0.867657691442286	0.855313882847071	0.891083777094428	0.88663916597915	0.16	0.12	0.642941336476562	0.754727474972191	0.673576455534229
LC_k1_0.16_k2_0.12	210	0.857232914254615	0.844300972163282	0.882369862614313	0.883357251379202	0.16	0.12	0.642941336476562	0.754727474972191	0.673576455534229
LC_k1_0.16_k2_0.12	220	0.850570541464981	0.833834658492193	0.875852431211013	0.892334740199366	0.16	0.12	0.642941336476562	0.754727474972191	0.673576455534229
LC_k1_0.16_k2_0.12	230	0.840083440387219	0.819638572932668	0.863270202362665	0.896563508638694	0.16	0.12	0.642941336476562	0.754727474972191	0.673576455534229
LC_k1_0.16_k2_0.12	240	0.831297418357958	0.809737148214379	0.85331689786281	0.899582458028785	0.16	0.12	0.642941336476562	0.754727474972191	0.673576455534229
LC_k1_0.16_k2_0.12	240	0.831297418357958	0.809737148214379	0.85331689786281	0.899582458028785	0.16	0.12	0.642941336476562	0.754727474972191	0.673576455534229
LC_k1_0.16_k2_0.12	250	0.819960255364086	0.799530360485768	0.843565113041809	0.899582458028785	0.16	0.12	0.642941336476562	0.754727474972191	0.673576455534229
LC_k1_0.16_k2_0.12	260	0.816171836861492	0.793153289705014	0.84114034458862	0.899582458028785	0.16	0.12	0.642941336476562	0.754727474972191	0.673576455534229
LC_k1_0.16_k2_0.12	270	0.804139974485247	0.779120884145644	0.832618950724823	0.899582458028785	0.16	0.12	0.642941336476562	0.754727474972191	0.673576455534229
LC_k1_0.16_k2_0.12	280	0.795079018865037	0.767657750736617	0.823530183511816	0.899582458028785	0.16	0.12	0.642941336476562	0.754727474972191	0.673576455534229
LC_k1_0.16_k2_0.12	290	0.788435550711784	0.762037598544573	0.818584254763782	0.899582458028785	0.16	0.12	0.642941336476562	0.754727474972191	0.673576455534229
LC_k1_0.16_k2_0.12	300	0.782852253913932	0.760793786597629	0.818023311370127	0.899582458028785	0.16	0.12	0.642941336476562	0.754727474972191	0.673576455534229
LC_k1_0.16_k2_0.2	10	0.696969696969697	0.624242424242424	0.175757575757576	0.842424242424242	0.16	0.2	0.585093843503491	0.696514645902855	0.622392834293026
LC_k1_0.16_k2_0.2	20	0.806015037593985	0.803007518796992	0.428571428571429	0.894736842105263	0.16	0.2	0.585093843503491	0.696514645902855	0.622392834293026
LC_k1_0.16_k2_0.2	30	0.905228031145718	0.894994438264739	0.62714126807564	0.846496106785317	0.16	0.2	0.585093843503491	0.696514645902855	0.622392834293026
LC_k1_0.16_k2_0.2	40	0.9140712945591	0.896810506566605	0.76172607879925	0.787992495309569	0.16	0.2	0.585093843503491	0.696514645902855	0.622392834293026
LC_k1_0.16_k2_0.2	50	0.881776710684274	0.867851140456182	0.808499399759904	0.772100840336135	0.16	0.2	0.585093843503491	0.696514645902855	0.622392834293026
LC_k1_0.16_k2_0.2	60	0.880244512364546	0.863517643789942	0.831508752431231	0.811058627396499	0.16	0.2	0.585093843503491	0.696514645902855	0.622392834293026
LC_k1_0.16_k2_0.2	70	0.88693902545709	0.875041553669845	0.85261132009448	0.843478260869565	0.16	0.2	0.585093843503491	0.696514645902855	0.622392834293026
LC_k1_0.16_k2_0.2	80	0.880215658696671	0.871167369901547	0.858884200656353	0.884247538677919	0.16	0.2	0.585093843503491	0.696514645902855	0.622392834293026
LC_k1_0.16_k2_0.2	90	0.893040293040293	0.887179487179487	0.878388278388279	0.889912334856155	0.16	0.2	0.585093843503491	0.696514645902855	0.622392834293026
LC_k1_0.16_k2_0.2	100	0.903582358235824	0.901854185418542	0.894137413741374	0.898061806180618	0.16	0.2	0.585093843503491	0.696514645902855	0.622392834293026
LC_k1_0.16_k2_0.2	110	0.909735590469535	0.907652773707819	0.907598674571152	0.914063521402971	0.16	0.2	0.585093843503491	0.696514645902855	0.622392834293026
LC_k1_0.16_k2_0.2	120	0.917056740051392	0.914570456281686	0.91751510521564	0.9246475449684	0.16	0.2	0.585093843503491	0.696514645902855	0.622392834293026
LC_k1_0.16_k2_0.2	130	0.910581873301561	0.907615835256524	0.915388712122247	0.92174138660913	0.16	0.2	0.585093843503491	0.696514645902855	0.622392834293026
LC_k1_0.16_k2_0.2	140	0.909090113927096	0.903448426668999	0.917495790601562	0.925857733266275	0.16	0.2	0.585093843503491	0.696514645902855	0.622392834293026
LC_k1_0.16_k2_0.2	150	0.910044001955643	0.903394817547447	0.921639183963732	0.922652562336104	0.16	0.2	0.585093843503491	0.696514645902855	0.622392834293026
LC_k1_0.16_k2_0.2	160	0.907998359310911	0.898857377241298	0.923652291105121	0.914344310324622	0.16	0.2	0.585093843503491	0.696514645902855	0.622392834293026
LC_k1_0.16_k2_0.2	170	0.902782713832964	0.892453026056265	0.922628708911157	0.912638540311796	0.16	0.2	0.585093843503491	0.696514645902855	0.622392834293026
LC_k1_0.16_k2_0.2	180	0.902778892352645	0.892311491095404	0.921561365062708	0.897161435023715	0.16	0.2	0.585093843503491	0.696514645902855	0.622392834293026
LC_k1_0.16_k2_0.2	190	0.899334724245168	0.887434117580164	0.922047702152414	0.891820301189273	0.16	0.2	0.585093843503491	0.696514645902855	0.622392834293026
LC_k1_0.16_k2_0.2	200	0.900622515562889	0.886973674341859	0.923450086252156	0.895667891697293	0.16	0.2	0.585093843503491	0.696514645902855	0.622392834293026
LC_k1_0.16_k2_0.2	210	0.89170859073578	0.874935939590467	0.913564609498758	0.893118405665175	0.16	0.2	0.585093843503491	0.696514645902855	0.622392834293026
LC_k1_0.16_k2_0.2	220	0.880095569217245	0.865561835424849	0.904626879969346	0.894935845781938	0.16	0.2	0.585093843503491	0.696514645902855	0.622392834293026
LC_k1_0.16_k2_0.2	230	0.87554363236915	0.858734240887269	0.897747060230447	0.901168510623608	0.16	0.2	0.585093843503491	0.696514645902855	0.622392834293026
LC_k1_0.16_k2_0.2	240	0.847753433219327	0.832565669542874	0.87545877532596	0.906045243841039	0.16	0.2	0.585093843503491	0.696514645902855	0.622392834293026
LC_k1_0.16_k2_0.2	240	0.847753433219327	0.832565669542874	0.87545877532596	0.906045243841039	0.16	0.2	0.585093843503491	0.696514645902855	0.622392834293026
LC_k1_0.16_k2_0.2	250	0.837349589593434	0.817443479095666	0.864526472423559	0.906045243841039	0.16	0.2	0.585093843503491	0.696514645902855	0.622392834293026
LC_k1_0.16_k2_0.2	260	0.831637700603218	0.807330103881828	0.855050199877786	0.906045243841039	0.16	0.2	0.585093843503491	0.696514645902855	0.622392834293026
LC_k1_0.16_k2_0.2	270	0.820662072791732	0.799783261773138	0.849695240446828	0.906045243841039	0.16	0.2	0.585093843503491	0.696514645902855	0.622392834293026
LC_k1_0.16_k2_0.2	280	0.807878380372928	0.786019318759532	0.838680158092395	0.906045243841039	0.16	0.2	0.585093843503491	0.696514645902855	0.622392834293026
LC_k1_0.16_k2_0.2	290	0.811281039464572	0.788276624716929	0.843262066751378	0.906045243841039	0.16	0.2	0.585093843503491	0.696514645902855	0.622392834293026
LC_k1_0.16_k2_0.2	300	0.804438715985733	0.783918043533817	0.833586150957233	0.906045243841039	0.16	0.2	0.585093843503491	0.696514645902855	0.622392834293026
LC_k1_0.16_k2_0.28	10	0.781818181818182	0.624242424242424	-0.00606060606060606	0.878787878787879	0.16	0.28	0.526702330220328	0.633110863922877	0.563659628918746
LC_k1_0.16_k2_0.28	20	0.833082706766917	0.792481203007519	0.556390977443609	0.888721804511278	0.16	0.28	0.526702330220328	0.633110863922877	0.563659628918746
LC_k1_0.16_k2_0.28	30	0.915016685205784	0.881201334816463	0.692547274749722	0.821134593993326	0.16	0.28	0.526702330220328	0.633110863922877	0.563659628918746
LC_k1_0.16_k2_0.28	40	0.92063789868668	0.903001876172608	0.790056285178237	0.817260787992496	0.16	0.28	0.526702330220328	0.633110863922877	0.563659628918746
LC_k1_0.16_k2_0.28	50	0.927010804321729	0.914045618247299	0.8584393757503	0.763265306122449	0.16	0.28	0.526702330220328	0.633110863922877	0.563659628918746
LC_k1_0.16_k2_0.28	60	0.873075854404001	0.850847457627119	0.843623228674632	0.815504306751876	0.16	0.28	0.526702330220328	0.633110863922877	0.563659628918746
LC_k1_0.16_k2_0.28	70	0.885119412124923	0.870352550083107	0.867798092905258	0.854360948298487	0.16	0.28	0.526702330220328	0.633110863922877	0.563659628918746
LC_k1_0.16_k2_0.28	80	0.874355368026254	0.867815283638069	0.863314580403188	0.881926863572433	0.16	0.28	0.526702330220328	0.633110863922877	0.563659628918746
LC_k1_0.16_k2_0.28	90	0.899658394040417	0.891212906943244	0.892628719595012	0.881269292505247	0.16	0.28	0.526702330220328	0.633110863922877	0.563659628918746
LC_k1_0.16_k2_0.28	100	0.913579357935794	0.90975097509751	0.910807080708071	0.895613561356136	0.16	0.28	0.526702330220328	0.633110863922877	0.563659628918746
LC_k1_0.16_k2_0.28	110	0.918634898451412	0.916065189459685	0.921646417059261	0.911169217591236	0.16	0.28	0.526702330220328	0.633110863922877	0.563659628918746
LC_k1_0.16_k2_0.28	120	0.920494478783249	0.916626154594069	0.925654559344399	0.925237863740537	0.16	0.28	0.526702330220328	0.633110863922877	0.563659628918746
LC_k1_0.16_k2_0.28	130	0.916792527550561	0.913586147564489	0.925728877903563	0.92720916576766	0.16	0.28	0.526702330220328	0.633110863922877	0.563659628918746
LC_k1_0.16_k2_0.28	140	0.916634230609434	0.912938706785332	0.926452515798911	0.924458244954189	0.16	0.28	0.526702330220328	0.633110863922877	0.563659628918746
LC_k1_0.16_k2_0.28	150	0.92092448553269	0.914467309658207	0.933337481665852	0.927449219965332	0.16	0.28	0.526702330220328	0.633110863922877	0.563659628918746
LC_k1_0.16_k2_0.28	160	0.921410992616899	0.91191843431384	0.934375366225243	0.924504863471229	0.16	0.28	0.526702330220328	0.633110863922877	0.563659628918746
LC_k1_0.16_k2_0.28	170	0.921075225481037	0.912198875190064	0.938659387766318	0.917235483417908	0.16	0.28	0.526702330220328	0.633110863922877	0.563659628918746
LC_k1_0.16_k2_0.28	180	0.920392604710022	0.909248227825962	0.93860715865716	0.906099982509748	0.16	0.28	0.526702330220328	0.633110863922877	0.563659628918746
LC_k1_0.16_k2_0.28	190	0.92059905435491	0.907244551168497	0.939177787400438	0.899264741259781	0.16	0.28	0.526702330220328	0.633110863922877	0.563659628918746
LC_k1_0.16_k2_0.28	200	0.913552838820971	0.897131928298208	0.935684392109803	0.901894547363684	0.16	0.28	0.526702330220328	0.633110863922877	0.563659628918746
LC_k1_0.16_k2_0.28	210	0.899982182945515	0.88629998088716	0.927369911206279	0.900223199100725	0.16	0.28	0.526702330220328	0.633110863922877	0.563659628918746
LC_k1_0.16_k2_0.28	220	0.897717270642331	0.882492688616782	0.921779751272096	0.903626107977438	0.16	0.28	0.526702330220328	0.633110863922877	0.563659628918746
LC_k1_0.16_k2_0.28	230	0.883761425587892	0.870260060804963	0.910743443000895	0.904603769118673	0.16	0.28	0.526702330220328	0.633110863922877	0.563659628918746
LC_k1_0.16_k2_0.28	240	0.877273911005399	0.860408166808451	0.9007612979392	0.912023646243858	0.16	0.28	0.526702330220328	0.633110863922877	0.563659628918746
LC_k1_0.16_k2_0.28	240	0.877273911005399	0.860408166808451	0.9007612979392	0.912023646243858	0.16	0.28	0.526702330220328	0.633110863922877	0.563659628918746
LC_k1_0.16_k2_0.28	250	0.859408438535017	0.840508424134786	0.88346872749964	0.912023646243858	0.16	0.28	0.526702330220328	0.633110863922877	0.563659628918746
LC_k1_0.16_k2_0.28	260	0.842087331742504	0.823245223245223	0.868704020428158	0.912023646243858	0.16	0.28	0.526702330220328	0.633110863922877	0.563659628918746
LC_k1_0.16_k2_0.28	270	0.830071133425089	0.809469113278493	0.856393701483483	0.912023646243858	0.16	0.28	0.526702330220328	0.633110863922877	0.563659628918746
LC_k1_0.16_k2_0.28	280	0.818276289967255	0.803254232470166	0.845954485571062	0.912023646243858	0.16	0.28	0.526702330220328	0.633110863922877	0.563659628918746
LC_k1_0.16_k2_0.28	290	0.812588857713262	0.79619733885064	0.844436544614291	0.912023646243858	0.16	0.28	0.526702330220328	0.633110863922877	0.563659628918746
LC_k1_0.16_k2_0.28	300	0.812436138179313	0.798398648873877	0.844463605151168	0.912023646243858	0.16	0.28	0.526702330220328	0.633110863922877	0.563659628918746
LC_k1_0.16_k2_0.36	10	0.806060606060606	0.793939393939394	-0.0545454545454545	0.878787878787879	0.16	0.36	0.472572309366216	0.57119021134594	0.504414587332054
LC_k1_0.16_k2_0.36	20	0.870676691729323	0.828571428571429	0.595488721804511	0.815037593984962	0.16	0.36	0.472572309366216	0.57119021134594	0.504414587332054
LC_k1_0.16_k2_0.36	30	0.936373748609566	0.906562847608454	0.696996662958843	0.85761957730812	0.16	0.36	0.472572309366216	0.57119021134594	0.504414587332054
LC_k1_0.16_k2_0.36	40	0.953658536585366	0.941088180112571	0.822701688555347	0.820450281425891	0.16	0.36	0.472572309366216	0.57119021134594	0.504414587332054
LC_k1_0.16_k2_0.36	50	0.941704681872749	0.933349339735894	0.870636254501801	0.81358943577431	0.16	0.36	0.472572309366216	0.57119021134594	0.504414587332054
LC_k1_0.16_k2_0.36	60	0.940594609613782	0.929091414281745	0.895081967213115	0.845568213392609	0.16	0.36	0.472572309366216	0.57119021134594	0.504414587332054
LC_k1_0.16_k2_0.36	70	0.882914880587875	0.871892222902633	0.872067185723034	0.863983903420523	0.16	0.36	0.472572309366216	0.57119021134594	0.504414587332054
LC_k1_0.16_k2_0.36	80	0.882372245663385	0.877355836849508	0.876300984528833	0.890436005625879	0.16	0.36	0.472572309366216	0.57119021134594	0.504414587332054
LC_k1_0.16_k2_0.36	90	0.889961723669589	0.884298473062518	0.885928303905832	0.891344610445734	0.16	0.36	0.472572309366216	0.57119021134594	0.504414587332054
LC_k1_0.16_k2_0.36	100	0.906126612661266	0.903558355835584	0.906990699069907	0.909390939093909	0.16	0.36	0.472572309366216	0.57119021134594	0.504414587332054
LC_k1_0.16_k2_0.36	110	0.907373261501702	0.905515857809436	0.913224984784618	0.926533372404932	0.16	0.36	0.472572309366216	0.57119021134594	0.504414587332054
LC_k1_0.16_k2_0.36	120	0.909306201819571	0.906826862976595	0.919230502118203	0.9351691089659	0.16	0.36	0.472572309366216	0.57119021134594	0.504414587332054
LC_k1_0.16_k2_0.36	130	0.914012208278141	0.912597468216144	0.927826407570771	0.933829493779787	0.16	0.36	0.472572309366216	0.57119021134594	0.504414587332054
LC_k1_0.16_k2_0.36	140	0.922805099385537	0.919879294133083	0.93637138921082	0.924580700181496	0.16	0.36	0.472572309366216	0.57119021134594	0.504414587332054
LC_k1_0.16_k2_0.36	150	0.92700831148051	0.92074314413974	0.939844437530557	0.926734521534291	0.16	0.36	0.472572309366216	0.57119021134594	0.504414587332054
LC_k1_0.16_k2_0.36	160	0.923763623579046	0.915867807336224	0.935878354623227	0.926157271768428	0.16	0.36	0.472572309366216	0.57119021134594	0.504414587332054
LC_k1_0.16_k2_0.36	170	0.911295119106503	0.901918039093557	0.925454778610292	0.914521772583216	0.16	0.36	0.472572309366216	0.57119021134594	0.504414587332054
LC_k1_0.16_k2_0.36	180	0.903939421998621	0.893068716112637	0.921748613640339	0.912805950800951	0.16	0.36	0.472572309366216	0.57119021134594	0.504414587332054
LC_k1_0.16_k2_0.36	190	0.889937758882372	0.875356803877058	0.909721948851186	0.908429013196167	0.16	0.36	0.472572309366216	0.57119021134594	0.504414587332054
LC_k1_0.16_k2_0.36	200	0.885559138978475	0.868416710417761	0.909010725268132	0.906619665491638	0.16	0.36	0.472572309366216	0.57119021134594	0.504414587332054
LC_k1_0.16_k2_0.36	210	0.887055423997305	0.867644553002498	0.903111505605893	0.905412821152407	0.16	0.36	0.472572309366216	0.57119021134594	0.504414587332054
LC_k1_0.16_k2_0.36	220	0.869161459008357	0.848743681781554	0.884632853045424	0.906587852115652	0.16	0.36	0.472572309366216	0.57119021134594	0.504414587332054
LC_k1_0.16_k2_0.36	230	0.85793041209787	0.841035213125587	0.872697190790982	0.909296551179976	0.16	0.36	0.472572309366216	0.57119021134594	0.504414587332054
LC_k1_0.16_k2_0.36	240	0.851151061650376	0.837439886109134	0.865327523047275	0.916672164447299	0.16	0.36	0.472572309366216	0.57119021134594	0.504414587332054
LC_k1_0.16_k2_0.36	240	0.851151061650376	0.837439886109134	0.865327523047275	0.916672164447299	0.16	0.36	0.472572309366216	0.57119021134594	0.504414587332054
LC_k1_0.16_k2_0.36	250	0.842724139586233	0.827670330725292	0.858853933662939	0.916672164447299	0.16	0.36	0.472572309366216	0.57119021134594	0.504414587332054
LC_k1_0.16_k2_0.36	260	0.840115522874143	0.825352218455667	0.856889553441277	0.916672164447299	0.16	0.36	0.472572309366216	0.57119021134594	0.504414587332054
LC_k1_0.16_k2_0.36	270	0.835252122037949	0.818487984136347	0.850404898101026	0.916672164447299	0.16	0.36	0.472572309366216	0.57119021134594	0.504414587332054
LC_k1_0.16_k2_0.36	280	0.821275234924644	0.806639115294838	0.838474616112086	0.916672164447299	0.16	0.36	0.472572309366216	0.57119021134594	0.504414587332054
LC_k1_0.16_k2_0.36	290	0.828936585821882	0.815580897882668	0.844313536878334	0.916672164447299	0.16	0.36	0.472572309366216	0.57119021134594	0.504414587332054
LC_k1_0.16_k2_0.36	300	0.823343370481894	0.809937888198758	0.845500950010556	0.916672164447299	0.16	0.36	0.472572309366216	0.57119021134594	0.504414587332054
LC_k1_0.16_k2_0.44	10	0.745454545454545	0.915151515151515	0.418181818181818	0.793939393939394	0.16	0.44	0.411007344274186	0.505932517612162	0.44299424184261
LC_k1_0.16_k2_0.44	20	0.852631578947369	0.816541353383459	0.590977443609023	0.747368421052632	0.16	0.44	0.411007344274186	0.505932517612162	0.44299424184261
LC_k1_0.16_k2_0.44	30	0.930144605116796	0.914571746384872	0.696996662958843	0.836262513904338	0.16	0.44	0.411007344274186	0.505932517612162	0.44299424184261
LC_k1_0.16_k2_0.44	40	0.939212007504691	0.926078799249531	0.820262664165103	0.795121951219513	0.16	0.44	0.411007344274186	0.505932517612162	0.44299424184261
LC_k1_0.16_k2_0.44	50	0.905114045618247	0.900504201680672	0.851428571428571	0.819159663865546	0.16	0.44	0.411007344274186	0.505932517612162	0.44299424184261
LC_k1_0.16_k2_0.44	60	0.861739372047791	0.866851903306474	0.835732147818839	0.799666574048347	0.16	0.44	0.411007344274186	0.505932517612162	0.44299424184261
LC_k1_0.16_k2_0.44	70	0.868008048289739	0.871367334441431	0.84995188522439	0.832525588312483	0.16	0.44	0.411007344274186	0.505932517612162	0.44299424184261
LC_k1_0.16_k2_0.44	80	0.885349273323957	0.890787623066104	0.870581340834506	0.857618377871543	0.16	0.44	0.411007344274186	0.505932517612162	0.44299424184261
LC_k1_0.16_k2_0.44	90	0.879524221097255	0.886043544470511	0.871161048689139	0.872395769024983	0.16	0.44	0.411007344274186	0.505932517612162	0.44299424184261
LC_k1_0.16_k2_0.44	100	0.894701470147015	0.898229822982298	0.892481248124813	0.891725172517252	0.16	0.44	0.411007344274186	0.505932517612162	0.44299424184261
LC_k1_0.16_k2_0.44	110	0.902116628722133	0.904451908121633	0.907733922412821	0.91083560624845	0.16	0.44	0.411007344274186	0.505932517612162	0.44299424184261
LC_k1_0.16_k2_0.44	120	0.916112230015973	0.917341482047364	0.923328008889506	0.922466837974859	0.16	0.44	0.411007344274186	0.505932517612162	0.44299424184261
LC_k1_0.16_k2_0.44	130	0.918873670267244	0.916705130481093	0.927017984678201	0.923696896038455	0.16	0.44	0.411007344274186	0.505932517612162	0.44299424184261
LC_k1_0.16_k2_0.44	140	0.921191314425663	0.917871903085434	0.931451313113643	0.927493385231025	0.16	0.44	0.411007344274186	0.505932517612162	0.44299424184261
LC_k1_0.16_k2_0.44	150	0.912099204409085	0.905570914262856	0.922453442375217	0.92267034090404	0.16	0.44	0.411007344274186	0.505932517612162	0.44299424184261
LC_k1_0.16_k2_0.44	160	0.912530762920426	0.903791163717333	0.924340794562287	0.923658150709012	0.16	0.44	0.411007344274186	0.505932517612162	0.44299424184261
LC_k1_0.16_k2_0.44	170	0.904731895872644	0.89605583747046	0.91748462698689	0.91773865572389	0.16	0.44	0.411007344274186	0.505932517612162	0.44299424184261
LC_k1_0.16_k2_0.44	180	0.893220984186755	0.882292663353807	0.910552794839347	0.912962334228423	0.16	0.44	0.411007344274186	0.505932517612162	0.44299424184261
LC_k1_0.16_k2_0.44	190	0.886291645343726	0.872671206812844	0.907503488214428	0.90139747273944	0.16	0.44	0.411007344274186	0.505932517612162	0.44299424184261
LC_k1_0.16_k2_0.44	200	0.871214280357009	0.85555088877222	0.896164404110103	0.895952898822471	0.16	0.44	0.411007344274186	0.505932517612162	0.44299424184261
LC_k1_0.16_k2_0.44	210	0.867087365116799	0.850341925472881	0.88684032355771	0.894699264317623	0.16	0.44	0.411007344274186	0.505932517612162	0.44299424184261
LC_k1_0.16_k2_0.44	220	0.859860365259237	0.842944163008627	0.877762688560432	0.894575207226295	0.16	0.44	0.411007344274186	0.505932517612162	0.44299424184261
LC_k1_0.16_k2_0.44	230	0.851843998037277	0.835844353102754	0.866506229673118	0.901009717451715	0.16	0.44	0.411007344274186	0.505932517612162	0.44299424184261
LC_k1_0.16_k2_0.44	240	0.853420198267331	0.836963315335336	0.867466449070296	0.909517526345943	0.16	0.44	0.411007344274186	0.505932517612162	0.44299424184261
LC_k1_0.16_k2_0.44	240	0.853420198267331	0.836963315335336	0.867466449070296	0.909517526345943	0.16	0.44	0.411007344274186	0.505932517612162	0.44299424184261
LC_k1_0.16_k2_0.44	250	0.843669562713003	0.825341717467479	0.857883934142946	0.909517526345943	0.16	0.44	0.411007344274186	0.505932517612162	0.44299424184261
LC_k1_0.16_k2_0.44	260	0.839714060403716	0.825402742644122	0.857334029747823	0.909517526345943	0.16	0.44	0.411007344274186	0.505932517612162	0.44299424184261
LC_k1_0.16_k2_0.44	270	0.830391210975307	0.817746013891366	0.851063343347188	0.909517526345943	0.16	0.44	0.411007344274186	0.505932517612162	0.44299424184261
LC_k1_0.16_k2_0.44	280	0.821812049351942	0.807785449158426	0.842546096615664	0.909517526345943	0.16	0.44	0.411007344274186	0.505932517612162	0.44299424184261
LC_k1_0.16_k2_0.44	290	0.814415768607688	0.800840142836583	0.833224143466383	0.909517526345943	0.16	0.44	0.411007344274186	0.505932517612162	0.44299424184261
LC_k1_0.16_k2_0.44	300	0.814742830475894	0.802131579239769	0.832264358492872	0.909517526345943	0.16	0.44	0.411007344274186	0.505932517612162	0.44299424184261
LC_k1_0.16_k2_0.52	10	0.612121212121212	0.757575757575757	0.381818181818182	0.745454545454545	0.16	0.52	0.350621089854021	0.434927697441602	0.384644913627639
LC_k1_0.16_k2_0.52	20	0.759398496240602	0.748872180451128	0.514285714285714	0.843609022556391	0.16	0.52	0.350621089854021	0.434927697441602	0.384644913627639
LC_k1_0.16_k2_0.52	30	0.839822024471635	0.845161290322581	0.670745272525028	0.815350389321468	0.16	0.52	0.350621089854021	0.434927697441602	0.384644913627639
LC_k1_0.16_k2_0.52	40	0.873170731707317	0.877673545966229	0.795684803001876	0.760225140712946	0.16	0.52	0.350621089854021	0.434927697441602	0.384644913627639
LC_k1_0.16_k2_0.52	50	0.909915966386555	0.915198079231693	0.873709483793517	0.77594237695078	0.16	0.52	0.350621089854021	0.434927697441602	0.384644913627639
LC_k1_0.16_k2_0.52	60	0.881633787163101	0.879188663517644	0.85540427896638	0.805557099194221	0.16	0.52	0.350621089854021	0.434927697441602	0.384644913627639
LC_k1_0.16_k2_0.52	70	0.878575802641939	0.875741404951448	0.862199282652436	0.83693465138658	0.16	0.52	0.350621089854021	0.434927697441602	0.384644913627639
LC_k1_0.16_k2_0.52	80	0.861462728551336	0.864228785747773	0.846671354899203	0.870346929207689	0.16	0.52	0.350621089854021	0.434927697441602	0.384644913627639
LC_k1_0.16_k2_0.52	90	0.87486520969667	0.877663909124583	0.866946536609458	0.885862452154587	0.16	0.52	0.350621089854021	0.434927697441602	0.384644913627639
LC_k1_0.16_k2_0.52	100	0.896129612961296	0.9000900090009	0.895025502550255	0.900678067806781	0.16	0.52	0.350621089854021	0.434927697441602	0.384644913627639
LC_k1_0.16_k2_0.52	110	0.898690350066497	0.89943872145707	0.903243694069382	0.922854631111512	0.16	0.52	0.350621089854021	0.434927697441602	0.384644913627639
LC_k1_0.16_k2_0.52	120	0.910431279949996	0.908986735189944	0.917153969025627	0.928133898187374	0.16	0.52	0.350621089854021	0.434927697441602	0.384644913627639
LC_k1_0.16_k2_0.52	130	0.920403118982917	0.917158502778954	0.928012126343389	0.9308306818337	0.16	0.52	0.350621089854021	0.434927697441602	0.384644913627639
LC_k1_0.16_k2_0.52	140	0.925031160481949	0.922936301414795	0.934757604250946	0.928289344208524	0.16	0.52	0.350621089854021	0.434927697441602	0.384644913627639
LC_k1_0.16_k2_0.52	150	0.918069247522112	0.914360638250589	0.930254677985688	0.92608382594782	0.16	0.52	0.350621089854021	0.434927697441602	0.384644913627639
LC_k1_0.16_k2_0.52	160	0.902759873432556	0.894638462439939	0.916116840501582	0.921598499941404	0.16	0.52	0.350621089854021	0.434927697441602	0.384644913627639
LC_k1_0.16_k2_0.52	170	0.905010350449741	0.896678696392914	0.919282368817973	0.921602823627115	0.16	0.52	0.350621089854021	0.434927697441602	0.384644913627639
LC_k1_0.16_k2_0.52	180	0.904433264401165	0.893348560140745	0.918727944278116	0.919376112431454	0.16	0.52	0.350621089854021	0.434927697441602	0.384644913627639
LC_k1_0.16_k2_0.52	190	0.88424989174507	0.869493979276289	0.900918089289542	0.908327537867356	0.16	0.52	0.350621089854021	0.434927697441602	0.384644913627639
LC_k1_0.16_k2_0.52	200	0.870365259131478	0.855307882697068	0.887705692642316	0.903012075301883	0.16	0.52	0.350621089854021	0.434927697441602	0.384644913627639
LC_k1_0.16_k2_0.52	210	0.865172193732932	0.846838120721882	0.88402458105626	0.895848626305099	0.16	0.52	0.350621089854021	0.434927697441602	0.384644913627639
LC_k1_0.16_k2_0.52	220	0.847959292923032	0.831525444740594	0.866953674850532	0.895021497438903	0.16	0.52	0.350621089854021	0.434927697441602	0.384644913627639
LC_k1_0.16_k2_0.52	230	0.845602735976763	0.828922548876982	0.864418247406666	0.90269825105595	0.16	0.52	0.350621089854021	0.434927697441602	0.384644913627639
LC_k1_0.16_k2_0.52	240	0.837462455945416	0.825128908487995	0.853667598395805	0.907611243250751	0.16	0.52	0.350621089854021	0.434927697441602	0.384644913627639
LC_k1_0.16_k2_0.52	240	0.837462455945416	0.825128908487995	0.853667598395805	0.907611243250751	0.16	0.52	0.350621089854021	0.434927697441602	0.384644913627639
LC_k1_0.16_k2_0.52	250	0.824023040368646	0.814573417174675	0.834890414246628	0.907611243250751	0.16	0.52	0.350621089854021	0.434927697441602	0.384644913627639
LC_k1_0.16_k2_0.52	260	0.823848099710169	0.814228703883876	0.834777027880476	0.907611243250751	0.16	0.52	0.350621089854021	0.434927697441602	0.384644913627639
LC_k1_0.16_k2_0.52	270	0.822592292837426	0.807687043413185	0.83244824269804	0.907611243250751	0.16	0.52	0.350621089854021	0.434927697441602	0.384644913627639
LC_k1_0.16_k2_0.52	280	0.812404130519158	0.799248350470943	0.820091181921052	0.907611243250751	0.16	0.52	0.350621089854021	0.434927697441602	0.384644913627639
LC_k1_0.16_k2_0.52	290	0.813319523664843	0.800268402879857	0.825072666820016	0.907611243250751	0.16	0.52	0.350621089854021	0.434927697441602	0.384644913627639
LC_k1_0.16_k2_0.52	300	0.806256513961266	0.78976344181602	0.812209913443483	0.907611243250751	0.16	0.52	0.350621089854021	0.434927697441602	0.384644913627639
LC_k1_0.16_k2_0.6	10	0.357575757575758	0.466666666666667	0.551515151515151	0.0787878787878788	0.16	0.6	0.292592256777586	0.364108268446422	0.319385796545106
LC_k1_0.16_k2_0.6	20	0.652631578947368	0.678195488721805	0.512781954887218	0.596992481203008	0.16	0.6	0.292592256777586	0.364108268446422	0.319385796545106
LC_k1_0.16_k2_0.6	30	0.799777530589544	0.767741935483871	0.698776418242492	0.793993325917686	0.16	0.6	0.292592256777586	0.364108268446422	0.319385796545106
LC_k1_0.16_k2_0.6	40	0.877861163227017	0.868480300187617	0.804315196998124	0.790994371482177	0.16	0.6	0.292592256777586	0.364108268446422	0.319385796545106
LC_k1_0.16_k2_0.6	50	0.889747899159664	0.889363745498199	0.843073229291717	0.752220888355342	0.16	0.6	0.292592256777586	0.364108268446422	0.319385796545106
LC_k1_0.16_k2_0.6	60	0.885690469574882	0.876521255904418	0.871742150597388	0.812670186162823	0.16	0.6	0.292592256777586	0.364108268446422	0.319385796545106
LC_k1_0.16_k2_0.6	70	0.880430408538186	0.871507304697752	0.879205668795381	0.812579826786808	0.16	0.6	0.292592256777586	0.364108268446422	0.319385796545106
LC_k1_0.16_k2_0.6	80	0.869503047351149	0.863009845288326	0.866596343178622	0.853141115799344	0.16	0.6	0.292592256777586	0.364108268446422	0.319385796545106
LC_k1_0.16_k2_0.6	90	0.894011606371157	0.885467341647117	0.895279252582624	0.860229657982467	0.16	0.6	0.292592256777586	0.364108268446422	0.319385796545106
LC_k1_0.16_k2_0.6	100	0.903594359435944	0.898493849384938	0.91024302430243	0.883192319231923	0.16	0.6	0.292592256777586	0.364108268446422	0.319385796545106
LC_k1_0.16_k2_0.6	110	0.91492009106688	0.91142168022902	0.923188242454297	0.892721411987467	0.16	0.6	0.292592256777586	0.364108268446422	0.319385796545106
LC_k1_0.16_k2_0.6	120	0.925543440516702	0.923258559622196	0.935655253837072	0.909389540940343	0.16	0.6	0.292592256777586	0.364108268446422	0.319385796545106
LC_k1_0.16_k2_0.6	130	0.915514345409606	0.911657949719373	0.928399950839148	0.913378579524505	0.16	0.6	0.292592256777586	0.364108268446422	0.319385796545106
LC_k1_0.16_k2_0.6	140	0.921344383459798	0.915588987776344	0.933804202838337	0.921668015131968	0.16	0.6	0.292592256777586	0.364108268446422	0.319385796545106
LC_k1_0.16_k2_0.6	150	0.924629539090626	0.916440730699142	0.936093159695987	0.920778701275612	0.16	0.6	0.292592256777586	0.364108268446422	0.319385796545106
LC_k1_0.16_k2_0.6	160	0.915094339622641	0.906325442400094	0.926883862650885	0.923836868627681	0.16	0.6	0.292592256777586	0.364108268446422	0.319385796545106
LC_k1_0.16_k2_0.6	170	0.912523738863344	0.904157888630382	0.925733233187389	0.915684442571797	0.16	0.6	0.292592256777586	0.364108268446422	0.319385796545106
LC_k1_0.16_k2_0.6	180	0.902054590162248	0.893601654372049	0.915380104324208	0.915544718458389	0.16	0.6	0.292592256777586	0.364108268446422	0.319385796545106
LC_k1_0.16_k2_0.6	190	0.899693387045275	0.890471379145945	0.915222611502579	0.914580517611656	0.16	0.6	0.292592256777586	0.364108268446422	0.319385796545106
LC_k1_0.16_k2_0.6	200	0.8963204080102	0.885197629940749	0.913942848571214	0.903016575414385	0.16	0.6	0.292592256777586	0.364108268446422	0.319385796545106
LC_k1_0.16_k2_0.6	210	0.876357416591889	0.8662684285034	0.89918916204773	0.895790315944968	0.16	0.6	0.292592256777586	0.364108268446422	0.319385796545106
LC_k1_0.16_k2_0.6	220	0.877910324969149	0.868473991761663	0.897837859159374	0.890927122836873	0.16	0.6	0.292592256777586	0.364108268446422	0.319385796545106
LC_k1_0.16_k2_0.6	230	0.860026284708267	0.853235657450581	0.878063610966592	0.900203916076329	0.16	0.6	0.292592256777586	0.364108268446422	0.319385796545106
LC_k1_0.16_k2_0.6	240	0.849025156686748	0.838044063264987	0.866120071529019	0.904058230177607	0.16	0.6	0.292592256777586	0.364108268446422	0.319385796545106
LC_k1_0.16_k2_0.6	240	0.849025156686748	0.838044063264987	0.866120071529019	0.904058230177607	0.16	0.6	0.292592256777586	0.364108268446422	0.319385796545106
LC_k1_0.16_k2_0.6	250	0.84888359813757	0.838883310132962	0.865948063169011	0.904058230177607	0.16	0.6	0.292592256777586	0.364108268446422	0.319385796545106
LC_k1_0.16_k2_0.6	260	0.840831054624158	0.828630828630829	0.859002693485452	0.904058230177607	0.16	0.6	0.292592256777586	0.364108268446422	0.319385796545106
LC_k1_0.16_k2_0.6	270	0.82238927221986	0.808029069138275	0.844520958220734	0.904058230177607	0.16	0.6	0.292592256777586	0.364108268446422	0.319385796545106
LC_k1_0.16_k2_0.6	280	0.811605468728646	0.799265296751234	0.835452165023971	0.904058230177607	0.16	0.6	0.292592256777586	0.364108268446422	0.319385796545106
LC_k1_0.16_k2_0.6	290	0.820751651071336	0.803020331948676	0.841654601657898	0.904058230177607	0.16	0.6	0.292592256777586	0.364108268446422	0.319385796545106
LC_k1_0.16_k2_0.6	300	0.817756197291081	0.80042178246425	0.839399993333259	0.904058230177607	0.16	0.6	0.292592256777586	0.364108268446422	0.319385796545106
LC_k1_0.16_k2_0.68	10	-0.175757575757576	-0.0666666666666667	0.76969696969697	-0.0303030303030303	0.16	0.68	0.239278266388612	0.297367445309603	0.266026871401152
LC_k1_0.16_k2_0.68	20	0.679699248120301	0.718796992481203	0.747368421052632	0.615037593984962	0.16	0.68	0.239278266388612	0.297367445309603	0.266026871401152
LC_k1_0.16_k2_0.68	30	0.731701890989989	0.774860956618465	0.691657397107898	0.737041156840934	0.16	0.68	0.239278266388612	0.297367445309603	0.266026871401152
LC_k1_0.16_k2_0.68	40	0.809568480300188	0.833583489681051	0.760975609756098	0.692682926829269	0.16	0.68	0.239278266388612	0.297367445309603	0.266026871401152
LC_k1_0.16_k2_0.68	50	0.772581032412965	0.780264105642257	0.717935174069628	0.701992797118848	0.16	0.68	0.239278266388612	0.297367445309603	0.266026871401152
LC_k1_0.16_k2_0.68	60	0.791608780216727	0.796888024451237	0.761489302584051	0.728091136426785	0.16	0.68	0.239278266388612	0.297367445309603	0.266026871401152
LC_k1_0.16_k2_0.68	70	0.812649811914968	0.808555681917592	0.786125448342227	0.751902720671857	0.16	0.68	0.239278266388612	0.297367445309603	0.266026871401152
LC_k1_0.16_k2_0.68	80	0.829676511954993	0.829278012189405	0.811040787623066	0.801945616502579	0.16	0.68	0.239278266388612	0.297367445309603	0.266026871401152
LC_k1_0.16_k2_0.68	90	0.856574885788369	0.860460139111824	0.845824587397621	0.835634028892456	0.16	0.68	0.239278266388612	0.297367445309603	0.266026871401152
LC_k1_0.16_k2_0.68	100	0.862058205820582	0.863186318631863	0.856405640564056	0.856825682568257	0.16	0.68	0.239278266388612	0.297367445309603	0.266026871401152
LC_k1_0.16_k2_0.68	110	0.883055699569461	0.884976218921173	0.880134346189392	0.883145864797241	0.16	0.68	0.239278266388612	0.297367445309603	0.266026871401152
LC_k1_0.16_k2_0.68	120	0.89830543787763	0.896937287311619	0.899562469615946	0.896853948190846	0.16	0.68	0.239278266388612	0.297367445309603	0.266026871401152
LC_k1_0.16_k2_0.68	130	0.906255718362944	0.902251840117986	0.909702440290049	0.903895997487334	0.16	0.68	0.239278266388612	0.297367445309603	0.266026871401152
LC_k1_0.16_k2_0.68	140	0.915335330519779	0.910227198180665	0.918081826332247	0.899328682950296	0.16	0.68	0.239278266388612	0.297367445309603	0.266026871401152
LC_k1_0.16_k2_0.68	150	0.913667274101071	0.908838615049558	0.918936841637406	0.905432241432953	0.16	0.68	0.239278266388612	0.297367445309603	0.266026871401152
LC_k1_0.16_k2_0.68	160	0.912480956287355	0.904541193015352	0.918202859486698	0.915818000703152	0.16	0.68	0.239278266388612	0.297367445309603	0.266026871401152
LC_k1_0.16_k2_0.68	170	0.8986547468567	0.889424221884332	0.909416772003102	0.912074303405573	0.16	0.68	0.239278266388612	0.297367445309603	0.266026871401152
LC_k1_0.16_k2_0.68	180	0.886352459438049	0.874658682881159	0.897863102770662	0.911857361852732	0.16	0.68	0.239278266388612	0.297367445309603	0.266026871401152
LC_k1_0.16_k2_0.68	190	0.878579520354114	0.868054079351958	0.886305641940803	0.908052854649713	0.16	0.68	0.239278266388612	0.297367445309603	0.266026871401152
LC_k1_0.16_k2_0.68	200	0.864903622590565	0.85830345758644	0.875411385284632	0.910113252831321	0.16	0.68	0.239278266388612	0.297367445309603	0.266026871401152
LC_k1_0.16_k2_0.68	210	0.852422957436677	0.845966056891475	0.862436789949886	0.911182955233841	0.16	0.68	0.239278266388612	0.297367445309603	0.266026871401152
LC_k1_0.16_k2_0.68	220	0.834663000174684	0.828972799963936	0.847905197139686	0.899240968539921	0.16	0.68	0.239278266388612	0.297367445309603	0.266026871401152
LC_k1_0.16_k2_0.68	230	0.824749543223058	0.818145325341073	0.83701902805757	0.894915413047177	0.16	0.68	0.239278266388612	0.297367445309603	0.266026871401152
LC_k1_0.16_k2_0.68	240	0.812919495130124	0.808122536849598	0.824370214760673	0.891368773763433	0.16	0.68	0.239278266388612	0.297367445309603	0.266026871401152
LC_k1_0.16_k2_0.68	240	0.812919495130124	0.808122536849598	0.824370214760673	0.891368773763433	0.16	0.68	0.239278266388612	0.297367445309603	0.266026871401152
LC_k1_0.16_k2_0.68	250	0.803496375942015	0.794179618873902	0.814208611337781	0.891368773763433	0.16	0.68	0.239278266388612	0.297367445309603	0.266026871401152
LC_k1_0.16_k2_0.68	260	0.801995022684678	0.796085740913327	0.815600367324505	0.891368773763433	0.16	0.68	0.239278266388612	0.297367445309603	0.266026871401152
LC_k1_0.16_k2_0.68	270	0.802607260273346	0.796336178975173	0.817888677028034	0.891368773763433	0.16	0.68	0.239278266388612	0.297367445309603	0.266026871401152
LC_k1_0.16_k2_0.68	280	0.793423749938501	0.791449781611646	0.811339248131809	0.891368773763433	0.16	0.68	0.239278266388612	0.297367445309603	0.266026871401152
LC_k1_0.16_k2_0.68	290	0.795933118233806	0.791717397107104	0.80801690618323	0.891368773763433	0.16	0.68	0.239278266388612	0.297367445309603	0.266026871401152
LC_k1_0.16_k2_0.68	300	0.793075034167046	0.790233669262992	0.809860554006156	0.891368773763433	0.16	0.68	0.239278266388612	0.297367445309603	0.266026871401152
LC_k1_0.16_k2_0.76	10	0.454545454545455	0.490909090909091	0.36969696969697	0.381818181818182	0.16	0.76	0.181430773415541	0.224694104560623	0.204094689699296
LC_k1_0.16_k2_0.76	20	0.463157894736842	0.622556390977444	0.8	0.374436090225564	0.16	0.76	0.181430773415541	0.224694104560623	0.204094689699296
LC_k1_0.16_k2_0.76	30	0.708120133481646	0.766852057842047	0.79888765294772	0.643604004449388	0.16	0.76	0.181430773415541	0.224694104560623	0.204094689699296
LC_k1_0.16_k2_0.76	40	0.76078799249531	0.788930581613509	0.773170731707317	0.666228893058162	0.16	0.76	0.181430773415541	0.224694104560623	0.204094689699296
LC_k1_0.16_k2_0.76	50	0.809555822328932	0.81906362545018	0.8153181272509	0.752220888355342	0.16	0.76	0.181430773415541	0.224694104560623	0.204094689699296
LC_k1_0.16_k2_0.76	60	0.791608780216727	0.796276743539872	0.799777716032231	0.771436510141706	0.16	0.76	0.181430773415541	0.224694104560623	0.204094689699296
LC_k1_0.16_k2_0.76	70	0.810340302685679	0.808695652173913	0.80796080832823	0.796308284489546	0.16	0.76	0.181430773415541	0.224694104560623	0.204094689699296
LC_k1_0.16_k2_0.76	80	0.825035161744023	0.827215189873418	0.819573370839194	0.820698546647914	0.16	0.76	0.181430773415541	0.224694104560623	0.204094689699296
LC_k1_0.16_k2_0.76	90	0.851652467382804	0.856080997654031	0.852920113594271	0.849215952586739	0.16	0.76	0.181430773415541	0.224694104560623	0.204094689699296
LC_k1_0.16_k2_0.76	100	0.879195919591959	0.880540054005401	0.881620162016202	0.87949594959496	0.16	0.76	0.181430773415541	0.224694104560623	0.204094689699296
LC_k1_0.16_k2_0.76	110	0.890620562180195	0.891918941460226	0.896219822825327	0.892459932826905	0.16	0.76	0.181430773415541	0.224694104560623	0.204094689699296
LC_k1_0.16_k2_0.76	120	0.909785401764011	0.910028474199597	0.914980206958816	0.908695048267241	0.16	0.76	0.181430773415541	0.224694104560623	0.204094689699296
LC_k1_0.16_k2_0.76	130	0.918037935790465	0.917595488126289	0.925297354873069	0.915716451132748	0.16	0.76	0.181430773415541	0.224694104560623	0.204094689699296
LC_k1_0.16_k2_0.76	140	0.917019089895257	0.916328092541165	0.927445277820297	0.918869038507796	0.16	0.76	0.181430773415541	0.224694104560623	0.204094689699296
LC_k1_0.16_k2_0.76	150	0.913677941241833	0.909642206320281	0.924878439041735	0.90474598871061	0.16	0.76	0.181430773415541	0.224694104560623	0.204094689699296
LC_k1_0.16_k2_0.76	160	0.911452595804523	0.90557834290402	0.92307512012188	0.914830657447556	0.16	0.76	0.181430773415541	0.224694104560623	0.204094689699296
LC_k1_0.16_k2_0.76	170	0.90410659436618	0.899424160819731	0.919116273105318	0.909956583069229	0.16	0.76	0.181430773415541	0.224694104560623	0.204094689699296
LC_k1_0.16_k2_0.76	180	0.898110023971933	0.890677695813657	0.913548772081443	0.91061040978631	0.16	0.76	0.181430773415541	0.224694104560623	0.204094689699296
LC_k1_0.16_k2_0.76	190	0.89472809423209	0.887091200951769	0.910761196184178	0.909009871974876	0.16	0.76	0.181430773415541	0.224694104560623	0.204094689699296
LC_k1_0.16_k2_0.76	200	0.873510837770944	0.866706667666692	0.892570314257857	0.906354158853971	0.16	0.76	0.181430773415541	0.224694104560623	0.204094689699296
LC_k1_0.16_k2_0.76	210	0.872372875316253	0.865757888905806	0.889540741124677	0.909332573139009	0.16	0.76	0.181430773415541	0.224694104560623	0.204094689699296
LC_k1_0.16_k2_0.76	220	0.853128821219071	0.849799676552295	0.870456376822211	0.90805294624795	0.16	0.76	0.181430773415541	0.224694104560623	0.204094689699296
LC_k1_0.16_k2_0.76	230	0.846551549836152	0.843012730576809	0.864667779533927	0.906206495232506	0.16	0.76	0.181430773415541	0.224694104560623	0.204094689699296
LC_k1_0.16_k2_0.76	240	0.845319363183388	0.838295803746593	0.857336932932863	0.89519262487196	0.16	0.76	0.181430773415541	0.224694104560623	0.204094689699296
LC_k1_0.16_k2_0.76	240	0.845319363183388	0.838295803746593	0.857336932932863	0.89519262487196	0.16	0.76	0.181430773415541	0.224694104560623	0.204094689699296
LC_k1_0.16_k2_0.76	250	0.840286468583497	0.830903662458599	0.849930398886382	0.89519262487196	0.16	0.76	0.181430773415541	0.224694104560623	0.204094689699296
LC_k1_0.16_k2_0.76	260	0.827269406579751	0.821174414277862	0.838588190312328	0.89519262487196	0.16	0.76	0.181430773415541	0.224694104560623	0.204094689699296
LC_k1_0.16_k2_0.76	270	0.811189606319855	0.804763668454528	0.826231422165523	0.89519262487196	0.16	0.76	0.181430773415541	0.224694104560623	0.204094689699296
LC_k1_0.16_k2_0.76	280	0.81419606299643	0.805234213993254	0.83001678228403	0.89519262487196	0.16	0.76	0.181430773415541	0.224694104560623	0.204094689699296
LC_k1_0.16_k2_0.76	290	0.815753108713007	0.808631944863013	0.83167030974578	0.89519262487196	0.16	0.76	0.181430773415541	0.224694104560623	0.204094689699296
LC_k1_0.16_k2_0.76	300	0.801437793753264	0.793979044211602	0.819893554372827	0.89519262487196	0.16	0.76	0.181430773415541	0.224694104560623	0.204094689699296
LC_k1_0.24_k2_0.04	10	0.696969696969697	0.660606060606061	0.2	0.83030303030303	0.24	0.04	0.546649741590353	0.649239896180942	0.57530390275112
LC_k1_0.24_k2_0.04	20	0.852631578947369	0.875187969924812	0.514285714285714	0.8	0.24	0.04	0.546649741590353	0.649239896180942	0.57530390275112
LC_k1_0.24_k2_0.04	30	0.900778642936596	0.879421579532814	0.684538375973304	0.855394883203559	0.24	0.04	0.546649741590353	0.649239896180942	0.57530390275112
LC_k1_0.24_k2_0.04	40	0.910506566604128	0.889118198874297	0.792307692307693	0.797748592870544	0.24	0.04	0.546649741590353	0.649239896180942	0.57530390275112
LC_k1_0.24_k2_0.04	50	0.874861944777911	0.856518607442977	0.83078031212485	0.811764705882353	0.24	0.04	0.546649741590353	0.649239896180942	0.57530390275112
LC_k1_0.24_k2_0.04	60	0.879021950541817	0.858349541539317	0.854292859127536	0.828396776882468	0.24	0.04	0.546649741590353	0.649239896180942	0.57530390275112
LC_k1_0.24_k2_0.04	70	0.879660572128423	0.864053888548683	0.862759163677719	0.848027294199983	0.24	0.04	0.546649741590353	0.649239896180942	0.57530390275112
LC_k1_0.24_k2_0.04	80	0.866361931551805	0.854172526957337	0.856375996249414	0.88272386310361	0.24	0.04	0.546649741590353	0.649239896180942	0.57530390275112
LC_k1_0.24_k2_0.04	90	0.878915092398238	0.870765938181669	0.8731530641643	0.882783882783883	0.24	0.04	0.546649741590353	0.649239896180942	0.57530390275112
LC_k1_0.24_k2_0.04	100	0.894377437743775	0.890693069306931	0.892277227722772	0.896561656165617	0.24	0.04	0.546649741590353	0.649239896180942	0.57530390275112
LC_k1_0.24_k2_0.04	110	0.897878863016478	0.894795212226405	0.901386290377116	0.910646259270112	0.24	0.04	0.546649741590353	0.649239896180942	0.57530390275112
LC_k1_0.24_k2_0.04	120	0.904090561844573	0.900472255017709	0.908528370025696	0.924091950829919	0.24	0.04	0.546649741590353	0.649239896180942	0.57530390275112
LC_k1_0.24_k2_0.04	130	0.906867497849213	0.901978724275902	0.915246691884363	0.920359420448183	0.24	0.04	0.546649741590353	0.649239896180942	0.57530390275112
LC_k1_0.24_k2_0.04	140	0.903763311539219	0.898790754630339	0.915042312654436	0.91878157048829	0.24	0.04	0.546649741590353	0.649239896180942	0.57530390275112
LC_k1_0.24_k2_0.04	150	0.904977110093782	0.897815902929019	0.918087026090049	0.917105649139962	0.24	0.04	0.546649741590353	0.649239896180942	0.57530390275112
LC_k1_0.24_k2_0.04	160	0.899006797140513	0.887899917965546	0.912434079456229	0.916609047228407	0.24	0.04	0.546649741590353	0.649239896180942	0.57530390275112
LC_k1_0.24_k2_0.04	170	0.902834008097166	0.887770592509816	0.920459694310611	0.904311771422988	0.24	0.04	0.546649741590353	0.649239896180942	0.57530390275112
LC_k1_0.24_k2_0.04	180	0.890187968764468	0.877146413983971	0.909945780219554	0.896947436649279	0.24	0.04	0.546649741590353	0.649239896180942	0.57530390275112
LC_k1_0.24_k2_0.04	190	0.893905794153796	0.878647753764866	0.9152943440626	0.889514361820783	0.24	0.04	0.546649741590353	0.649239896180942	0.57530390275112
LC_k1_0.24_k2_0.04	200	0.886388659716493	0.874221855546389	0.910902272556814	0.891091277281932	0.24	0.04	0.546649741590353	0.649239896180942	0.57530390275112
LC_k1_0.24_k2_0.04	210	0.872216085236789	0.86119542717198	0.899948492515217	0.891045148416064	0.24	0.04	0.546649741590353	0.649239896180942	0.57530390275112
LC_k1_0.24_k2_0.04	220	0.865819917391231	0.851206166919302	0.891583034209948	0.894320506246373	0.24	0.04	0.546649741590353	0.649239896180942	0.57530390275112
LC_k1_0.24_k2_0.04	230	0.861388355331777	0.845985417658097	0.886131487650379	0.895232013097971	0.24	0.04	0.546649741590353	0.649239896180942	0.57530390275112
LC_k1_0.24_k2_0.04	240	0.85589072726957	0.833790517196479	0.881145505998368	0.903600756957586	0.24	0.04	0.546649741590353	0.649239896180942	0.57530390275112
LC_k1_0.24_k2_0.04	240	0.85589072726957	0.833790517196479	0.881145505998368	0.903600756957586	0.24	0.04	0.546649741590353	0.649239896180942	0.57530390275112
LC_k1_0.24_k2_0.04	250	0.834062496999952	0.81271866749868	0.859077425238804	0.903600756957586	0.24	0.04	0.546649741590353	0.649239896180942	0.57530390275112
LC_k1_0.24_k2_0.04	260	0.826810592327834	0.805757709205985	0.85145410662652	0.903600756957586	0.24	0.04	0.546649741590353	0.649239896180942	0.57530390275112
LC_k1_0.24_k2_0.04	270	0.810120242466365	0.786959430932599	0.833256667139162	0.903600756957586	0.24	0.04	0.546649741590353	0.649239896180942	0.57530390275112
LC_k1_0.24_k2_0.04	280	0.805462715450088	0.782576490589348	0.833730204284676	0.903600756957586	0.24	0.04	0.546649741590353	0.649239896180942	0.57530390275112
LC_k1_0.24_k2_0.04	290	0.809722285434531	0.78638378167603	0.835519959850275	0.903600756957586	0.24	0.04	0.546649741590353	0.649239896180942	0.57530390275112
LC_k1_0.24_k2_0.04	300	0.807725863620707	0.78586250958344	0.835695063278481	0.903600756957586	0.24	0.04	0.546649741590353	0.649239896180942	0.57530390275112
LC_k1_0.24_k2_0.12	10	0.818181818181818	0.636363636363636	-0.0303030303030303	0.83030303030303	0.24	0.12	0.445824644120047	0.537449017426771	0.478438899552143
LC_k1_0.24_k2_0.12	20	0.84812030075188	0.807518796992481	0.568421052631579	0.783458646616541	0.24	0.12	0.445824644120047	0.537449017426771	0.478438899552143
LC_k1_0.24_k2_0.12	30	0.913681868743048	0.913236929922136	0.659621802002225	0.842046718576196	0.24	0.12	0.445824644120047	0.537449017426771	0.478438899552143
LC_k1_0.24_k2_0.12	40	0.941838649155723	0.936022514071295	0.810881801125704	0.811819887429644	0.24	0.12	0.445824644120047	0.537449017426771	0.478438899552143
LC_k1_0.24_k2_0.12	50	0.930852340936374	0.933349339735894	0.868139255702281	0.808499399759904	0.24	0.12	0.445824644120047	0.537449017426771	0.478438899552143
LC_k1_0.24_k2_0.12	60	0.89697138093915	0.889469297026952	0.859294248402334	0.819505418171715	0.24	0.12	0.445824644120047	0.537449017426771	0.478438899552143
LC_k1_0.24_k2_0.12	70	0.894427434170239	0.8895634677631	0.870807453416149	0.851491558043916	0.24	0.12	0.445824644120047	0.537449017426771	0.478438899552143
LC_k1_0.24_k2_0.12	80	0.894327238631036	0.890482887951242	0.88230192217534	0.876418190342241	0.24	0.12	0.445824644120047	0.537449017426771	0.478438899552143
LC_k1_0.24_k2_0.12	90	0.861810100012347	0.856525496974935	0.857957772564514	0.879804091040046	0.24	0.12	0.445824644120047	0.537449017426771	0.478438899552143
LC_k1_0.24_k2_0.12	100	0.863054305430543	0.861950195019502	0.866054605460546	0.892901290129013	0.24	0.12	0.445824644120047	0.537449017426771	0.478438899552143
LC_k1_0.24_k2_0.12	110	0.878989247796587	0.878204810314902	0.886806573045105	0.91514550413633	0.24	0.12	0.445824644120047	0.537449017426771	0.478438899552143
LC_k1_0.24_k2_0.12	120	0.891159108271408	0.889596499756928	0.902819640252795	0.921918188763108	0.24	0.12	0.445824644120047	0.537449017426771	0.478438899552143
LC_k1_0.24_k2_0.12	130	0.901989648909585	0.899913968509743	0.912040311898292	0.928181458165481	0.24	0.12	0.445824644120047	0.537449017426771	0.478438899552143
LC_k1_0.24_k2_0.12	140	0.909964794122149	0.905919398220026	0.921466838687105	0.922722004767007	0.24	0.12	0.445824644120047	0.537449017426771	0.478438899552143
LC_k1_0.24_k2_0.12	150	0.911473398817725	0.902160984932664	0.924906884750433	0.918993733054802	0.24	0.12	0.445824644120047	0.537449017426771	0.478438899552143
LC_k1_0.24_k2_0.12	160	0.906756123286066	0.895154107582327	0.922383686862768	0.909741591468417	0.24	0.12	0.445824644120047	0.537449017426771	0.478438899552143
LC_k1_0.24_k2_0.12	170	0.895218031155159	0.882316302416326	0.913837849060521	0.90170797686873	0.24	0.12	0.445824644120047	0.537449017426771	0.478438899552143
LC_k1_0.24_k2_0.12	180	0.882767986666255	0.867917734086443	0.9056699280842	0.894897990678725	0.24	0.12	0.445824644120047	0.537449017426771	0.478438899552143
LC_k1_0.24_k2_0.12	190	0.879097394445975	0.862495680737621	0.898990058042139	0.876756463584791	0.24	0.12	0.445824644120047	0.537449017426771	0.478438899552143
LC_k1_0.24_k2_0.12	200	0.869994749868747	0.851605790144754	0.891418285457137	0.88036750918773	0.24	0.12	0.445824644120047	0.537449017426771	0.478438899552143
LC_k1_0.24_k2_0.12	210	0.851173819944087	0.832189262471128	0.875677129057024	0.887575034095363	0.24	0.12	0.445824644120047	0.537449017426771	0.478438899552143
LC_k1_0.24_k2_0.12	220	0.843071513498589	0.821815251629917	0.862638409133172	0.882538895431724	0.24	0.12	0.445824644120047	0.537449017426771	0.478438899552143
LC_k1_0.24_k2_0.12	230	0.835600738733452	0.817576234284038	0.852944701017608	0.891622180743122	0.24	0.12	0.445824644120047	0.537449017426771	0.478438899552143
LC_k1_0.24_k2_0.12	240	0.820362332679387	0.801647598048577	0.840970329345996	0.899585062240664	0.24	0.12	0.445824644120047	0.537449017426771	0.478438899552143
LC_k1_0.24_k2_0.12	240	0.820362332679387	0.801647598048577	0.840970329345996	0.899585062240664	0.24	0.12	0.445824644120047	0.537449017426771	0.478438899552143
LC_k1_0.24_k2_0.12	250	0.804470983535737	0.788990159842557	0.822520040320645	0.899585062240664	0.24	0.12	0.445824644120047	0.537449017426771	0.478438899552143
LC_k1_0.24_k2_0.12	260	0.79722253515357	0.780473766680663	0.817148865424727	0.899585062240664	0.24	0.12	0.445824644120047	0.537449017426771	0.478438899552143
LC_k1_0.24_k2_0.12	270	0.796526396490731	0.781622366409538	0.815291476334838	0.899585062240664	0.24	0.12	0.445824644120047	0.537449017426771	0.478438899552143
LC_k1_0.24_k2_0.12	280	0.791090083146104	0.776898393383298	0.811595628952993	0.899585062240664	0.24	0.12	0.445824644120047	0.537449017426771	0.478438899552143
LC_k1_0.24_k2_0.12	290	0.789655787452473	0.777008624072368	0.814339995842339	0.899585062240664	0.24	0.12	0.445824644120047	0.537449017426771	0.478438899552143
LC_k1_0.24_k2_0.12	300	0.779329992555473	0.766432960366226	0.799252880587562	0.899585062240664	0.24	0.12	0.445824644120047	0.537449017426771	0.478438899552143
LC_k1_0.24_k2_0.2	10	0.563636363636364	0.381818181818182	0.321212121212121	0.551515151515151	0.24	0.2	0.368301749931997	0.450500556173526	0.396673064619322
LC_k1_0.24_k2_0.2	20	0.873684210526316	0.890225563909775	0.557894736842105	0.742857142857143	0.24	0.2	0.368301749931997	0.450500556173526	0.396673064619322
LC_k1_0.24_k2_0.2	30	0.87230255839822	0.858509454949944	0.745494994438265	0.824249165739711	0.24	0.2	0.368301749931997	0.450500556173526	0.396673064619322
LC_k1_0.24_k2_0.2	40	0.908067542213884	0.892307692307693	0.830018761726079	0.775797373358349	0.24	0.2	0.368301749931997	0.450500556173526	0.396673064619322
LC_k1_0.24_k2_0.2	50	0.910876350540216	0.892629051620648	0.860360144057623	0.801968787515006	0.24	0.2	0.368301749931997	0.450500556173526	0.396673064619322
LC_k1_0.24_k2_0.2	60	0.896193387051959	0.879133092525702	0.875020839121979	0.825896082245068	0.24	0.2	0.368301749931997	0.450500556173526	0.396673064619322
LC_k1_0.24_k2_0.2	70	0.859784795730907	0.840923803691716	0.846697576764937	0.834380194208731	0.24	0.2	0.368301749931997	0.450500556173526	0.396673064619322
LC_k1_0.24_k2_0.2	80	0.853914674167839	0.841795593061416	0.84634317862166	0.866924519456165	0.24	0.2	0.368301749931997	0.450500556173526	0.396673064619322
LC_k1_0.24_k2_0.2	90	0.861431452442688	0.852261596081821	0.86131621187801	0.884841750010289	0.24	0.2	0.368301749931997	0.450500556173526	0.396673064619322
LC_k1_0.24_k2_0.2	100	0.880744074407441	0.87012301230123	0.882748274827483	0.896921692169217	0.24	0.2	0.368301749931997	0.450500556173526	0.396673064619322
LC_k1_0.24_k2_0.2	110	0.891233685729099	0.885138516331177	0.899772332799856	0.917805378355837	0.24	0.2	0.368301749931997	0.450500556173526	0.396673064619322
LC_k1_0.24_k2_0.2	120	0.901777901243142	0.894221820959789	0.912403639141607	0.926946315716369	0.24	0.2	0.368301749931997	0.450500556173526	0.396673064619322
LC_k1_0.24_k2_0.2	130	0.91442734435811	0.907096915156564	0.924243127722623	0.926073003864589	0.24	0.2	0.368301749931997	0.450500556173526	0.396673064619322
LC_k1_0.24_k2_0.2	140	0.91120246659815	0.905114692440577	0.924786250027334	0.926225098948197	0.24	0.2	0.368301749931997	0.450500556173526	0.396673064619322
LC_k1_0.24_k2_0.2	150	0.912380105782479	0.906296279834659	0.928608382594782	0.920384017067425	0.24	0.2	0.368301749931997	0.450500556173526	0.396673064619322
LC_k1_0.24_k2_0.2	160	0.912187976092816	0.904251142622759	0.927420016406891	0.912041485995547	0.24	0.2	0.368301749931997	0.450500556173526	0.396673064619322
LC_k1_0.24_k2_0.2	170	0.896131557574759	0.88508375009923	0.910943387009117	0.909162743266101	0.24	0.2	0.368301749931997	0.450500556173526	0.396673064619322
LC_k1_0.24_k2_0.2	180	0.871621552105518	0.860110908772905	0.888959535788142	0.90476043499285	0.24	0.2	0.368301749931997	0.450500556173526	0.396673064619322
LC_k1_0.24_k2_0.2	190	0.86470714307584	0.854431891246441	0.88566704719915	0.893538383480517	0.24	0.2	0.368301749931997	0.450500556173526	0.396673064619322
LC_k1_0.24_k2_0.2	200	0.855225380634516	0.84276756918923	0.874134853371334	0.89062326558164	0.24	0.2	0.368301749931997	0.450500556173526	0.396673064619322
LC_k1_0.24_k2_0.2	210	0.848670361815785	0.835921125519529	0.867337451772473	0.888692001438322	0.24	0.2	0.368301749931997	0.450500556173526	0.396673064619322
LC_k1_0.24_k2_0.2	220	0.83170125603647	0.817466176047965	0.847105030344354	0.887841409195156	0.24	0.2	0.368301749931997	0.450500556173526	0.396673064619322
LC_k1_0.24_k2_0.2	230	0.810232296657207	0.79771229340244	0.820432538792136	0.894801989352967	0.24	0.2	0.368301749931997	0.450500556173526	0.396673064619322
LC_k1_0.24_k2_0.2	240	0.810317019392698	0.793618812826612	0.818504661539263	0.905594715186027	0.24	0.2	0.368301749931997	0.450500556173526	0.396673064619322
LC_k1_0.24_k2_0.2	240	0.810317019392698	0.793618812826612	0.818504661539263	0.905594715186027	0.24	0.2	0.368301749931997	0.450500556173526	0.396673064619322
LC_k1_0.24_k2_0.2	250	0.801333653338453	0.784212355397686	0.81069572313157	0.905594715186027	0.24	0.2	0.368301749931997	0.450500556173526	0.396673064619322
LC_k1_0.24_k2_0.2	260	0.805522840005599	0.786557834833697	0.81560719491754	0.905594715186027	0.24	0.2	0.368301749931997	0.450500556173526	0.396673064619322
LC_k1_0.24_k2_0.2	270	0.802340224145736	0.783675130431602	0.812738171991385	0.905594715186027	0.24	0.2	0.368301749931997	0.450500556173526	0.396673064619322
LC_k1_0.24_k2_0.2	280	0.803066183424351	0.78318273010042	0.810654290415512	0.905594715186027	0.24	0.2	0.368301749931997	0.450500556173526	0.396673064619322
LC_k1_0.24_k2_0.2	290	0.798063120189629	0.781672093357951	0.808902069851173	0.905594715186027	0.24	0.2	0.368301749931997	0.450500556173526	0.396673064619322
LC_k1_0.24_k2_0.2	300	0.789384770941899	0.776106845631618	0.802291136568184	0.905594715186027	0.24	0.2	0.368301749931997	0.450500556173526	0.396673064619322
LC_k1_0.24_k2_0.28	10	0.721212121212121	0.76969696969697	0.187878787878788	0.636363636363636	0.24	0.28	0.307915495511832	0.382461994809047	0.336404350607805
LC_k1_0.24_k2_0.28	20	0.700751879699248	0.732330827067669	0.553383458646617	0.750375939849624	0.24	0.28	0.307915495511832	0.382461994809047	0.336404350607805
LC_k1_0.24_k2_0.28	30	0.806896551724138	0.794883203559511	0.745494994438265	0.738375973303671	0.24	0.28	0.307915495511832	0.382461994809047	0.336404350607805
LC_k1_0.24_k2_0.28	40	0.839962476547843	0.848217636022514	0.795872420262664	0.750656660412758	0.24	0.28	0.307915495511832	0.382461994809047	0.336404350607805
LC_k1_0.24_k2_0.28	50	0.844513805522209	0.851524609843938	0.842785114045618	0.725330132052821	0.24	0.28	0.307915495511832	0.382461994809047	0.336404350607805
LC_k1_0.24_k2_0.28	60	0.843623228674632	0.846179494303974	0.837121422617394	0.757043623228675	0.24	0.28	0.307915495511832	0.382461994809047	0.336404350607805
LC_k1_0.24_k2_0.28	70	0.840923803691716	0.844423060099729	0.840223952410113	0.812124923453766	0.24	0.28	0.307915495511832	0.382461994809047	0.336404350607805
LC_k1_0.24_k2_0.28	80	0.844210032817628	0.851804969526489	0.835982184716362	0.842569151429911	0.24	0.28	0.307915495511832	0.382461994809047	0.336404350607805
LC_k1_0.24_k2_0.28	90	0.878832777709182	0.884627731818743	0.877976704942997	0.851915874387785	0.24	0.28	0.307915495511832	0.382461994809047	0.336404350607805
LC_k1_0.24_k2_0.28	100	0.896045604560456	0.898673867386739	0.897917791779178	0.863054305430543	0.24	0.28	0.307915495511832	0.382461994809047	0.336404350607805
LC_k1_0.24_k2_0.28	110	0.910303631404549	0.910934787999008	0.914045488357415	0.890314000405743	0.24	0.28	0.307915495511832	0.382461994809047	0.336404350607805
LC_k1_0.24_k2_0.28	120	0.910750746579623	0.910611848045003	0.916528925619835	0.909792346690742	0.24	0.28	0.307915495511832	0.382461994809047	0.336404350607805
LC_k1_0.24_k2_0.28	130	0.914738696418086	0.912477297245627	0.92076909421131	0.915421486023297	0.24	0.28	0.307915495511832	0.382461994809047	0.336404350607805
LC_k1_0.24_k2_0.28	140	0.917333974765477	0.914928604229079	0.927803896700269	0.921099473005183	0.24	0.28	0.307915495511832	0.382461994809047	0.336404350607805
LC_k1_0.24_k2_0.28	150	0.912593448597716	0.908251922307658	0.927669674207743	0.914677096759856	0.24	0.28	0.307915495511832	0.382461994809047	0.336404350607805
LC_k1_0.24_k2_0.28	160	0.913034688855033	0.908118481190671	0.929731630141802	0.921774288058127	0.24	0.28	0.307915495511832	0.382461994809047	0.336404350607805
LC_k1_0.24_k2_0.28	170	0.90404064459792	0.896378258559731	0.920694182375535	0.921158273337364	0.24	0.28	0.307915495511832	0.382461994809047	0.336404350607805
LC_k1_0.24_k2_0.28	180	0.910102163647026	0.90127061534821	0.92519933742811	0.924116999495869	0.24	0.28	0.307915495511832	0.382461994809047	0.336404350607805
LC_k1_0.24_k2_0.28	190	0.907321532452423	0.896451425247237	0.924787536030303	0.912972658522397	0.24	0.28	0.307915495511832	0.382461994809047	0.336404350607805
LC_k1_0.24_k2_0.28	200	0.89788794719868	0.888956723918098	0.916728418210455	0.903079576989425	0.24	0.28	0.307915495511832	0.382461994809047	0.336404350607805
LC_k1_0.24_k2_0.28	210	0.8902910010917	0.878849212648165	0.908542143812785	0.900961796995721	0.24	0.28	0.307915495511832	0.382461994809047	0.336404350607805
LC_k1_0.24_k2_0.28	220	0.887470627680136	0.874403115015524	0.905250108473316	0.899515955438599	0.24	0.28	0.307915495511832	0.382461994809047	0.336404350607805
LC_k1_0.24_k2_0.28	230	0.87339647252311	0.85879440475985	0.890873584361338	0.905770553729544	0.24	0.28	0.307915495511832	0.382461994809047	0.336404350607805
LC_k1_0.24_k2_0.28	240	0.848469591485963	0.835827010885606	0.867686939009358	0.909344780291324	0.24	0.28	0.307915495511832	0.382461994809047	0.336404350607805
LC_k1_0.24_k2_0.28	240	0.848469591485963	0.835827010885606	0.867686939009358	0.909344780291324	0.24	0.28	0.307915495511832	0.382461994809047	0.336404350607805
LC_k1_0.24_k2_0.28	250	0.841885470167523	0.829739355829693	0.860946767148274	0.909344780291324	0.24	0.28	0.307915495511832	0.382461994809047	0.336404350607805
LC_k1_0.24_k2_0.28	260	0.838162831266279	0.830098761133244	0.861242144000764	0.909344780291324	0.24	0.28	0.307915495511832	0.382461994809047	0.336404350607805
LC_k1_0.24_k2_0.28	270	0.831569096360109	0.821746678433327	0.855804149119558	0.909344780291324	0.24	0.28	0.307915495511832	0.382461994809047	0.336404350607805
LC_k1_0.24_k2_0.28	280	0.831475802351706	0.818375781032193	0.848008812065751	0.909344780291324	0.24	0.28	0.307915495511832	0.382461994809047	0.336404350607805
LC_k1_0.24_k2_0.28	290	0.830869775400175	0.817339908506846	0.845806358761903	0.909344780291324	0.24	0.28	0.307915495511832	0.382461994809047	0.336404350607805
LC_k1_0.24_k2_0.28	300	0.828393204368937	0.814721052456138	0.845115167946311	0.909344780291324	0.24	0.28	0.307915495511832	0.382461994809047	0.336404350607805
LC_k1_0.24_k2_0.36	10	0.515151515151515	0.563636363636364	0.248484848484848	0.442424242424242	0.24	0.36	0.253694804606039	0.316091954022989	0.282661548304543
LC_k1_0.24_k2_0.36	20	0.463157894736842	0.550375939849624	0.839097744360902	0.491729323308271	0.24	0.36	0.253694804606039	0.316091954022989	0.282661548304543
LC_k1_0.24_k2_0.36	30	0.718353726362625	0.770411568409344	0.810901001112347	0.680533926585095	0.24	0.36	0.253694804606039	0.316091954022989	0.282661548304543
LC_k1_0.24_k2_0.36	40	0.786866791744841	0.826829268292683	0.792307692307693	0.657223264540338	0.24	0.36	0.253694804606039	0.316091954022989	0.282661548304543
LC_k1_0.24_k2_0.36	50	0.831452581032413	0.862953181272509	0.825018007202881	0.705450180072029	0.24	0.36	0.253694804606039	0.316091954022989	0.282661548304543
LC_k1_0.24_k2_0.36	60	0.849569324812448	0.86851903306474	0.837621561544874	0.741372603500973	0.24	0.36	0.253694804606039	0.316091954022989	0.282661548304543
LC_k1_0.24_k2_0.36	70	0.845647799842534	0.861604409063074	0.843863179074447	0.771288601172251	0.24	0.36	0.253694804606039	0.316091954022989	0.282661548304543
LC_k1_0.24_k2_0.36	80	0.84634317862166	0.862142522269105	0.83820909517112	0.813314580403188	0.24	0.36	0.253694804606039	0.316091954022989	0.282661548304543
LC_k1_0.24_k2_0.36	90	0.879952257480347	0.891871424455694	0.877696835000206	0.841396057126394	0.24	0.36	0.253694804606039	0.316091954022989	0.282661548304543
LC_k1_0.24_k2_0.36	100	0.894545454545455	0.900858085808581	0.895157515751575	0.866222622262226	0.24	0.36	0.253694804606039	0.316091954022989	0.282661548304543
LC_k1_0.24_k2_0.36	110	0.91079052363456	0.913973356175191	0.913188918693506	0.890611545657417	0.24	0.36	0.253694804606039	0.316091954022989	0.282661548304543
LC_k1_0.24_k2_0.36	120	0.916890061809848	0.918931870268768	0.923112716160844	0.901312591152163	0.24	0.36	0.253694804606039	0.316091954022989	0.282661548304543
LC_k1_0.24_k2_0.36	130	0.92494230427836	0.925412063526745	0.931579019241011	0.907708694642833	0.24	0.36	0.253694804606039	0.316091954022989	0.282661548304543
LC_k1_0.24_k2_0.36	140	0.923308040497693	0.921195687826638	0.932601517570139	0.911246200607903	0.24	0.36	0.253694804606039	0.316091954022989	0.282661548304543
LC_k1_0.24_k2_0.36	150	0.92496377616783	0.922232988132806	0.933074358860394	0.918602604560203	0.24	0.36	0.253694804606039	0.316091954022989	0.282661548304543
LC_k1_0.24_k2_0.36	160	0.922782139927341	0.915759404664245	0.932488573772413	0.918428454236494	0.24	0.36	0.253694804606039	0.316091954022989	0.282661548304543
LC_k1_0.24_k2_0.36	170	0.915398660242671	0.910073827101691	0.930584205030502	0.9199491942526	0.24	0.36	0.253694804606039	0.316091954022989	0.282661548304543
LC_k1_0.24_k2_0.36	180	0.905056740434375	0.8974886056154	0.920180664012264	0.922970873586633	0.24	0.36	0.253694804606039	0.316091954022989	0.282661548304543
LC_k1_0.24_k2_0.36	190	0.903390238248326	0.895900309237317	0.919451333394569	0.927945518245876	0.24	0.36	0.253694804606039	0.316091954022989	0.282661548304543
LC_k1_0.24_k2_0.36	200	0.900147003675092	0.893483837095928	0.91710342758569	0.916066901672542	0.24	0.36	0.253694804606039	0.316091954022989	0.282661548304543
LC_k1_0.24_k2_0.36	210	0.883676014681253	0.875922032569576	0.90041886275361	0.905800261100835	0.24	0.36	0.253694804606039	0.316091954022989	0.282661548304543
LC_k1_0.24_k2_0.36	220	0.884958554740988	0.873956824802917	0.899559908262568	0.908111550013242	0.24	0.36	0.253694804606039	0.316091954022989	0.282661548304543
LC_k1_0.24_k2_0.36	230	0.873058174026467	0.863080834107984	0.88393402686169	0.901660670827179	0.24	0.36	0.253694804606039	0.316091954022989	0.282661548304543
LC_k1_0.24_k2_0.36	240	0.862253684959808	0.851294293303703	0.872759075678397	0.898131912012361	0.24	0.36	0.253694804606039	0.316091954022989	0.282661548304543
LC_k1_0.24_k2_0.36	240	0.862253684959808	0.851294293303703	0.872759075678397	0.898131912012361	0.24	0.36	0.253694804606039	0.316091954022989	0.282661548304543
LC_k1_0.24_k2_0.36	250	0.853192147074353	0.842761004176067	0.866258340133442	0.898131912012361	0.24	0.36	0.253694804606039	0.316091954022989	0.282661548304543
LC_k1_0.24_k2_0.36	260	0.846886446886447	0.837704017014362	0.866073348831969	0.898131912012361	0.24	0.36	0.253694804606039	0.316091954022989	0.282661548304543
LC_k1_0.24_k2_0.36	270	0.843446716995051	0.830595450935922	0.860597996314536	0.898131912012361	0.24	0.36	0.253694804606039	0.316091954022989	0.282661548304543
LC_k1_0.24_k2_0.36	280	0.846996408481887	0.833779403162941	0.860312904865769	0.898131912012361	0.24	0.36	0.253694804606039	0.316091954022989	0.282661548304543
LC_k1_0.24_k2_0.36	290	0.849565475172734	0.836677708661098	0.862621516267158	0.898131912012361	0.24	0.36	0.253694804606039	0.316091954022989	0.282661548304543
LC_k1_0.24_k2_0.36	300	0.842971588573206	0.831769241880465	0.859950443893821	0.898131912012361	0.24	0.36	0.253694804606039	0.316091954022989	0.282661548304543
LC_k1_0.24_k2_0.44	10	0.6	0.648484848484848	0.442424242424242	0.442424242424242	0.24	0.44	0.210807870160486	0.265294771968854	0.237619961612284
LC_k1_0.24_k2_0.44	20	0.386466165413534	0.487218045112782	0.827067669172932	0.266165413533835	0.24	0.44	0.210807870160486	0.265294771968854	0.237619961612284
LC_k1_0.24_k2_0.44	30	0.726362625139043	0.769966629588432	0.853170189098999	0.650723025583982	0.24	0.44	0.210807870160486	0.265294771968854	0.237619961612284
LC_k1_0.24_k2_0.44	40	0.801313320825516	0.830956848030019	0.827767354596623	0.640337711069419	0.24	0.44	0.210807870160486	0.265294771968854	0.237619961612284
LC_k1_0.24_k2_0.44	50	0.855750300120048	0.876782713085234	0.862761104441777	0.721584633853541	0.24	0.44	0.210807870160486	0.265294771968854	0.237619961612284
LC_k1_0.24_k2_0.44	60	0.868130036121145	0.885468185607113	0.869630452903585	0.763989997221451	0.24	0.44	0.210807870160486	0.265294771968854	0.237619961612284
LC_k1_0.24_k2_0.44	70	0.87108739392879	0.87644125623305	0.870002624442306	0.790359548595923	0.24	0.44	0.210807870160486	0.265294771968854	0.237619961612284
LC_k1_0.24_k2_0.44	80	0.864674167838725	0.873394280356306	0.861298640412564	0.818635724331927	0.24	0.44	0.210807870160486	0.265294771968854	0.237619961612284
LC_k1_0.24_k2_0.44	90	0.89404453224678	0.90049800386879	0.892694571346257	0.840095485039305	0.24	0.44	0.210807870160486	0.265294771968854	0.237619961612284
LC_k1_0.24_k2_0.44	100	0.907710771077108	0.91031503150315	0.908262826282628	0.86957095709571	0.24	0.44	0.210807870160486	0.265294771968854	0.237619961612284
LC_k1_0.24_k2_0.44	110	0.917607014854721	0.918770146293082	0.920293938642562	0.896382120235331	0.24	0.44	0.210807870160486	0.265294771968854	0.237619961612284
LC_k1_0.24_k2_0.44	120	0.927196333078686	0.927717202583512	0.931696645600389	0.899736092784221	0.24	0.44	0.210807870160486	0.265294771968854	0.237619961612284
LC_k1_0.24_k2_0.44	130	0.934927419464966	0.934047986453454	0.94021494216772	0.91365169536659	0.24	0.44	0.210807870160486	0.265294771968854	0.237619961612284
LC_k1_0.24_k2_0.44	140	0.926666812446699	0.925534101594105	0.935129343333844	0.922914434409919	0.24	0.44	0.210807870160486	0.265294771968854	0.237619961612284
LC_k1_0.24_k2_0.44	150	0.927392328547936	0.923161029379084	0.937725232232544	0.920444464198409	0.24	0.44	0.210807870160486	0.265294771968854	0.237619961612284
LC_k1_0.24_k2_0.44	160	0.920268369858197	0.915935192780968	0.932661432087191	0.91723016524083	0.24	0.44	0.210807870160486	0.265294771968854	0.237619961612284
LC_k1_0.24_k2_0.44	170	0.914287284518292	0.907255085154585	0.929333602017575	0.915916488052711	0.24	0.44	0.210807870160486	0.265294771968854	0.237619961612284
LC_k1_0.24_k2_0.44	180	0.912240089714703	0.90421103532002	0.925800179017871	0.919024249719642	0.24	0.44	0.210807870160486	0.265294771968854	0.237619961612284
LC_k1_0.24_k2_0.44	190	0.910824180871026	0.900858603751963	0.923636315920692	0.920210648786014	0.24	0.44	0.210807870160486	0.265294771968854	0.237619961612284
LC_k1_0.24_k2_0.44	200	0.902215555388885	0.894892372309308	0.916473411835296	0.916308407710193	0.24	0.44	0.210807870160486	0.265294771968854	0.237619961612284
LC_k1_0.24_k2_0.44	210	0.893434577395665	0.88631941767387	0.909323502638544	0.91310330976083	0.24	0.44	0.210807870160486	0.265294771968854	0.237619961612284
LC_k1_0.24_k2_0.44	220	0.883859734141765	0.874377194119338	0.901258290460547	0.904401480872069	0.24	0.44	0.210807870160486	0.265294771968854	0.237619961612284
LC_k1_0.24_k2_0.44	230	0.871127998638916	0.863817594973851	0.885995379217327	0.904373962851274	0.24	0.44	0.210807870160486	0.265294771968854	0.237619961612284
LC_k1_0.24_k2_0.44	240	0.869035052691887	0.862029722738242	0.883406829979687	0.906665046268164	0.24	0.44	0.210807870160486	0.265294771968854	0.237619961612284
LC_k1_0.24_k2_0.44	240	0.869035052691887	0.862029722738242	0.883406829979687	0.906665046268164	0.24	0.44	0.210807870160486	0.265294771968854	0.237619961612284
LC_k1_0.24_k2_0.44	250	0.849454999279988	0.840899342389478	0.864423558776941	0.906665046268164	0.24	0.44	0.210807870160486	0.265294771968854	0.237619961612284
LC_k1_0.24_k2_0.44	260	0.840824909790427	0.834721041617593	0.859500425017666	0.906665046268164	0.24	0.44	0.210807870160486	0.265294771968854	0.237619961612284
LC_k1_0.24_k2_0.44	270	0.833269470241171	0.82333609209698	0.851663260127025	0.906665046268164	0.24	0.44	0.210807870160486	0.265294771968854	0.237619961612284
LC_k1_0.24_k2_0.44	280	0.840071393038905	0.828471390852289	0.855204967993396	0.906665046268164	0.24	0.44	0.210807870160486	0.265294771968854	0.237619961612284
LC_k1_0.24_k2_0.44	290	0.83215003991601	0.822854591325248	0.845576088280192	0.906665046268164	0.24	0.44	0.210807870160486	0.265294771968854	0.237619961612284
LC_k1_0.24_k2_0.44	300	0.827079856442849	0.816937521528017	0.842287136523739	0.906665046268164	0.24	0.44	0.210807870160486	0.265294771968854	0.237619961612284
LC_k1_0.24_k2_0.52	10	0.43030303030303	0.393939393939394	0.636363636363636	0.224242424242424	0.24	0.52	0.164384803699338	0.206525769373378	0.188867562380038
LC_k1_0.24_k2_0.52	20	0.335338345864662	0.38796992481203	0.760902255639098	0.341353383458647	0.24	0.52	0.164384803699338	0.206525769373378	0.188867562380038
LC_k1_0.24_k2_0.52	30	0.661846496106785	0.687652947719689	0.823359288097887	0.574193548387097	0.24	0.52	0.164384803699338	0.206525769373378	0.188867562380038
LC_k1_0.24_k2_0.52	40	0.739212007504691	0.754033771106942	0.805440900562852	0.590994371482177	0.24	0.52	0.164384803699338	0.206525769373378	0.188867562380038
LC_k1_0.24_k2_0.52	50	0.815030012004802	0.826650660264106	0.843553421368547	0.709195678271309	0.24	0.52	0.164384803699338	0.206525769373378	0.188867562380038
LC_k1_0.24_k2_0.52	60	0.84406779661017	0.853459294248403	0.865407057515977	0.740483467629897	0.24	0.52	0.164384803699338	0.206525769373378	0.188867562380038
LC_k1_0.24_k2_0.52	70	0.857265331117138	0.859924765987228	0.870037617006386	0.767299448867116	0.24	0.52	0.164384803699338	0.206525769373378	0.188867562380038
LC_k1_0.24_k2_0.52	80	0.861228316924519	0.86910454758556	0.867791842475387	0.803891233005157	0.24	0.52	0.164384803699338	0.206525769373378	0.188867562380038
LC_k1_0.24_k2_0.52	90	0.892151294398486	0.897419434498086	0.897435897435897	0.829822611845084	0.24	0.52	0.164384803699338	0.206525769373378	0.188867562380038
LC_k1_0.24_k2_0.52	100	0.907086708670867	0.91018301830183	0.914107410741074	0.855109510951095	0.24	0.52	0.164384803699338	0.206525769373378	0.188867562380038
LC_k1_0.24_k2_0.52	110	0.917354552216937	0.919779996844217	0.922647251087618	0.884110632734486	0.24	0.52	0.164384803699338	0.206525769373378	0.188867562380038
LC_k1_0.24_k2_0.52	120	0.924932286964372	0.926869921522328	0.932509202027919	0.901250086811584	0.24	0.52	0.164384803699338	0.206525769373378	0.188867562380038
LC_k1_0.24_k2_0.52	130	0.932496688470415	0.932698794193557	0.940493520326647	0.916699668164252	0.24	0.52	0.164384803699338	0.206525769373378	0.188867562380038
LC_k1_0.24_k2_0.52	140	0.929203385012355	0.926784894273031	0.937469112855612	0.921729242745621	0.24	0.52	0.164384803699338	0.206525769373378	0.188867562380038
LC_k1_0.24_k2_0.52	150	0.928963953953509	0.926940752922352	0.938585714920663	0.920810702697898	0.24	0.52	0.164384803699338	0.206525769373378	0.188867562380038
LC_k1_0.24_k2_0.52	160	0.931926051798898	0.925881870385562	0.941190085550217	0.914684167350287	0.24	0.52	0.164384803699338	0.206525769373378	0.188867562380038
LC_k1_0.24_k2_0.52	170	0.923381024786121	0.918219844773786	0.935845530987232	0.914800227160313	0.24	0.52	0.164384803699338	0.206525769373378	0.188867562380038
LC_k1_0.24_k2_0.52	180	0.918415177423172	0.914283362655226	0.931386771196642	0.913104313919154	0.24	0.52	0.164384803699338	0.206525769373378	0.188867562380038
LC_k1_0.24_k2_0.52	190	0.9073355290495	0.903323754412209	0.920084679412318	0.909511999895026	0.24	0.52	0.164384803699338	0.206525769373378	0.188867562380038
LC_k1_0.24_k2_0.52	200	0.898807470186755	0.891097277431936	0.913741843546089	0.904941123528088	0.24	0.52	0.164384803699338	0.206525769373378	0.188867562380038
LC_k1_0.24_k2_0.52	210	0.892574175637284	0.882660118629188	0.906582915712374	0.905510005085959	0.24	0.52	0.164384803699338	0.206525769373378	0.188867562380038
LC_k1_0.24_k2_0.52	220	0.88268653184044	0.874797563435758	0.896531671390656	0.901787978339147	0.24	0.52	0.164384803699338	0.206525769373378	0.188867562380038
LC_k1_0.24_k2_0.52	230	0.869875406537643	0.859733355689308	0.882019632162028	0.90097026573199	0.24	0.52	0.164384803699338	0.206525769373378	0.188867562380038
LC_k1_0.24_k2_0.52	240	0.860498446153579	0.853823851108526	0.870280734040521	0.895255994027674	0.24	0.52	0.164384803699338	0.206525769373378	0.188867562380038
LC_k1_0.24_k2_0.52	240	0.860498446153579	0.853823851108526	0.870280734040521	0.895255994027674	0.24	0.52	0.164384803699338	0.206525769373378	0.188867562380038
LC_k1_0.24_k2_0.52	250	0.840717323477176	0.833201555224884	0.846439783036529	0.895255994027674	0.24	0.52	0.164384803699338	0.206525769373378	0.188867562380038
LC_k1_0.24_k2_0.52	260	0.836733133284857	0.826997668376979	0.840609157850537	0.895255994027674	0.24	0.52	0.164384803699338	0.206525769373378	0.188867562380038
LC_k1_0.24_k2_0.52	270	0.823671411435304	0.815287818305692	0.832157429380985	0.895255994027674	0.24	0.52	0.164384803699338	0.206525769373378	0.188867562380038
LC_k1_0.24_k2_0.52	280	0.81964620539985	0.811590709065167	0.829934784153588	0.895255994027674	0.24	0.52	0.164384803699338	0.206525769373378	0.188867562380038
LC_k1_0.24_k2_0.52	290	0.811217075441875	0.803664892485088	0.827322232295189	0.895255994027674	0.24	0.52	0.164384803699338	0.206525769373378	0.188867562380038
LC_k1_0.24_k2_0.52	300	0.810409448993878	0.805879176435294	0.827669196324404	0.895255994027674	0.24	0.52	0.164384803699338	0.206525769373378	0.188867562380038
LC_k1_0.28_k2_0.04	10	0.539393939393939	0.333333333333333	0.345454545454545	0.466666666666667	0.28	0.04	0.456705050321879	0.548016314423434	0.48253358925144
LC_k1_0.28_k2_0.04	20	0.786466165413534	0.754887218045113	0.619548872180451	0.810526315789474	0.28	0.04	0.456705050321879	0.548016314423434	0.48253358925144
LC_k1_0.28_k2_0.04	30	0.876751946607342	0.864738598442714	0.674304783092325	0.820689655172414	0.28	0.04	0.456705050321879	0.548016314423434	0.48253358925144
LC_k1_0.28_k2_0.04	40	0.927392120075047	0.916697936210132	0.835834896810507	0.819324577861164	0.28	0.04	0.456705050321879	0.548016314423434	0.48253358925144
LC_k1_0.28_k2_0.04	50	0.906266506602641	0.902905162064826	0.872364945978391	0.787274909963986	0.28	0.04	0.456705050321879	0.548016314423434	0.48253358925144
LC_k1_0.28_k2_0.04	60	0.888357877188108	0.883912197832732	0.862350652959156	0.807279799944429	0.28	0.04	0.456705050321879	0.548016314423434	0.48253358925144
LC_k1_0.28_k2_0.04	70	0.880290438281865	0.876826174437932	0.861184498294113	0.838089406001225	0.28	0.04	0.456705050321879	0.548016314423434	0.48253358925144
LC_k1_0.28_k2_0.04	80	0.887904360056259	0.887552742616034	0.879113924050633	0.868237224566338	0.28	0.04	0.456705050321879	0.548016314423434	0.48253358925144
LC_k1_0.28_k2_0.04	90	0.883475326171955	0.879112647651974	0.877268798617113	0.893534181174631	0.28	0.04	0.456705050321879	0.548016314423434	0.48253358925144
LC_k1_0.28_k2_0.04	100	0.884092409240924	0.887392739273927	0.881836183618362	0.900774077407741	0.28	0.04	0.456705050321879	0.548016314423434	0.48253358925144
LC_k1_0.28_k2_0.04	110	0.890052521245182	0.890404165633523	0.894930460068075	0.916831593895814	0.28	0.04	0.456705050321879	0.548016314423434	0.48253358925144
LC_k1_0.28_k2_0.04	120	0.90726439336065	0.906333773178693	0.913889853462046	0.928425585110077	0.28	0.04	0.456705050321879	0.548016314423434	0.48253358925144
LC_k1_0.28_k2_0.04	130	0.912985292711904	0.911264662906772	0.920894727498668	0.930874380368433	0.28	0.04	0.456705050321879	0.548016314423434	0.48253358925144
LC_k1_0.28_k2_0.04	140	0.908224180533992	0.903575255297282	0.919026480942905	0.92757210644858	0.28	0.04	0.456705050321879	0.548016314423434	0.48253358925144
LC_k1_0.28_k2_0.04	150	0.917322547668785	0.909066180719143	0.929123961064936	0.918986621627628	0.28	0.04	0.456705050321879	0.548016314423434	0.48253358925144
LC_k1_0.28_k2_0.04	160	0.916307277628032	0.906656510019923	0.928410289464432	0.901983475917028	0.28	0.04	0.456705050321879	0.548016314423434	0.48253358925144
LC_k1_0.28_k2_0.04	170	0.908415312559157	0.899985955141945	0.924358058389971	0.89171048051734	0.28	0.04	0.456705050321879	0.548016314423434	0.48253358925144
LC_k1_0.28_k2_0.04	180	0.895574966305544	0.885973846929432	0.912252435774767	0.886146691770322	0.28	0.04	0.456705050321879	0.548016314423434	0.48253358925144
LC_k1_0.28_k2_0.04	190	0.880176881995565	0.870800911528385	0.895109501502448	0.883025189500803	0.28	0.04	0.456705050321879	0.548016314423434	0.48253358925144
LC_k1_0.28_k2_0.04	200	0.863781594539864	0.853462836570914	0.882017550438761	0.880931523288082	0.28	0.04	0.456705050321879	0.548016314423434	0.48253358925144
LC_k1_0.28_k2_0.04	210	0.861785009702196	0.848485064449145	0.875051264524949	0.88208478974256	0.28	0.04	0.456705050321879	0.548016314423434	0.48253358925144
LC_k1_0.28_k2_0.04	220	0.850182855017666	0.836084141483013	0.862748854690837	0.886829367248384	0.28	0.04	0.456705050321879	0.548016314423434	0.48253358925144
LC_k1_0.28_k2_0.04	230	0.837138369509738	0.820651495836611	0.848784517172594	0.891849028131542	0.28	0.04	0.456705050321879	0.548016314423434	0.48253358925144
LC_k1_0.28_k2_0.04	240	0.825313807531381	0.810507994930467	0.837586590044966	0.901233528359867	0.28	0.04	0.456705050321879	0.548016314423434	0.48253358925144
LC_k1_0.28_k2_0.04	240	0.825313807531381	0.810507994930467	0.837586590044966	0.901233528359867	0.28	0.04	0.456705050321879	0.548016314423434	0.48253358925144
LC_k1_0.28_k2_0.04	250	0.820506312100994	0.796900686410983	0.83259405750492	0.901233528359867	0.28	0.04	0.456705050321879	0.548016314423434	0.48253358925144
LC_k1_0.28_k2_0.04	260	0.813030461306323	0.786458151975393	0.824106865486176	0.901233528359867	0.28	0.04	0.456705050321879	0.548016314423434	0.48253358925144
LC_k1_0.28_k2_0.04	270	0.802526783632148	0.776201776887657	0.812869251369093	0.901233528359867	0.28	0.04	0.456705050321879	0.548016314423434	0.48253358925144
LC_k1_0.28_k2_0.04	280	0.804366673773171	0.779802767163575	0.814085638847434	0.901233528359867	0.28	0.04	0.456705050321879	0.548016314423434	0.48253358925144
LC_k1_0.28_k2_0.04	290	0.802576028006401	0.779276394692462	0.814832026786165	0.901233528359867	0.28	0.04	0.456705050321879	0.548016314423434	0.48253358925144
LC_k1_0.28_k2_0.04	300	0.791703463371815	0.772049911665685	0.807137857087301	0.901233528359867	0.28	0.04	0.456705050321879	0.548016314423434	0.48253358925144
LC_k1_0.28_k2_0.12	10	0.187878787878788	0.345454545454545	0.624242424242424	0.175757575757576	0.28	0.12	0.34681294768338	0.424545791620319	0.372360844529751
LC_k1_0.28_k2_0.12	20	0.804511278195489	0.86015037593985	0.661654135338346	0.581954887218045	0.28	0.12	0.34681294768338	0.424545791620319	0.372360844529751
LC_k1_0.28_k2_0.12	30	0.823804226918799	0.798442714126808	0.787319243604004	0.768631813125695	0.28	0.12	0.34681294768338	0.424545791620319	0.372360844529751
LC_k1_0.28_k2_0.12	40	0.885178236397749	0.884427767354597	0.854971857410882	0.735459662288931	0.28	0.12	0.34681294768338	0.424545791620319	0.372360844529751
LC_k1_0.28_k2_0.12	50	0.898295318127251	0.903481392557023	0.871212484993998	0.762593037214886	0.28	0.12	0.34681294768338	0.424545791620319	0.372360844529751
LC_k1_0.28_k2_0.12	60	0.86246179494304	0.852514587385385	0.846624062239511	0.801611558766324	0.28	0.12	0.34681294768338	0.424545791620319	0.372360844529751
LC_k1_0.28_k2_0.12	70	0.868742892135421	0.86048464701251	0.860309684192109	0.82626191934214	0.28	0.12	0.34681294768338	0.424545791620319	0.372360844529751
LC_k1_0.28_k2_0.12	80	0.879442100328176	0.873042662916081	0.873534927332396	0.856540084388186	0.28	0.12	0.34681294768338	0.424545791620319	0.372360844529751
LC_k1_0.28_k2_0.12	90	0.879902868666914	0.877499279746471	0.877104169239001	0.871589085072231	0.28	0.12	0.34681294768338	0.424545791620319	0.372360844529751
LC_k1_0.28_k2_0.12	100	0.892229222922292	0.890849084908491	0.894869486948695	0.89016501650165	0.28	0.12	0.34681294768338	0.424545791620319	0.372360844529751
LC_k1_0.28_k2_0.12	110	0.904253544620517	0.902179744381579	0.910213466176769	0.91253972905349	0.28	0.12	0.34681294768338	0.424545791620319	0.372360844529751
LC_k1_0.28_k2_0.12	120	0.910556288631155	0.906361552885617	0.919390235433016	0.924772553649559	0.28	0.12	0.34681294768338	0.424545791620319	0.372360844529751
LC_k1_0.28_k2_0.12	130	0.917584563492605	0.913012604296112	0.92746589465922	0.928700378265441	0.28	0.12	0.34681294768338	0.424545791620319	0.372360844529751
LC_k1_0.28_k2_0.12	140	0.919953641949662	0.913284205462378	0.928897246944086	0.92488246484879	0.28	0.12	0.34681294768338	0.424545791620319	0.372360844529751
LC_k1_0.28_k2_0.12	150	0.911466287390551	0.904422418774168	0.926446508733722	0.92368727499	0.28	0.12	0.34681294768338	0.424545791620319	0.372360844529751
LC_k1_0.28_k2_0.12	160	0.907380171100433	0.901590882456346	0.925776397515528	0.91847533106762	0.28	0.12	0.34681294768338	0.424545791620319	0.372360844529751
LC_k1_0.28_k2_0.12	170	0.894023607574453	0.885047111339086	0.909123661921947	0.919521742050916	0.28	0.12	0.34681294768338	0.424545791620319	0.372360844529751
LC_k1_0.28_k2_0.12	180	0.899595666532918	0.88964474212167	0.913950019033509	0.914153729024558	0.28	0.12	0.34681294768338	0.424545791620319	0.372360844529751
LC_k1_0.28_k2_0.12	190	0.890179200181956	0.879879454307672	0.90565243825095	0.903743652324529	0.28	0.12	0.34681294768338	0.424545791620319	0.372360844529751
LC_k1_0.28_k2_0.12	200	0.873461336533414	0.859980499512488	0.888883222080552	0.895378384459612	0.28	0.12	0.34681294768338	0.424545791620319	0.372360844529751
LC_k1_0.28_k2_0.12	210	0.866278794789645	0.853919590013379	0.883653986322981	0.899441840274966	0.28	0.12	0.34681294768338	0.424545791620319	0.372360844529751
LC_k1_0.28_k2_0.12	220	0.858835926362115	0.847132078236027	0.873817077362605	0.899935197759533	0.28	0.12	0.34681294768338	0.424545791620319	0.372360844529751
LC_k1_0.28_k2_0.12	230	0.847402720689222	0.83826767498687	0.855307859029143	0.905357296965423	0.28	0.12	0.34681294768338	0.424545791620319	0.372360844529751
LC_k1_0.28_k2_0.12	240	0.838709005364676	0.827122866716436	0.843611000190975	0.912870883175055	0.28	0.12	0.34681294768338	0.424545791620319	0.372360844529751
LC_k1_0.28_k2_0.12	240	0.838709005364676	0.827122866716436	0.843611000190975	0.912870883175055	0.28	0.12	0.34681294768338	0.424545791620319	0.372360844529751
LC_k1_0.28_k2_0.12	250	0.839545336725388	0.822434022944367	0.845974367589881	0.912870883175055	0.28	0.12	0.34681294768338	0.424545791620319	0.372360844529751
LC_k1_0.28_k2_0.12	260	0.836061298130264	0.818569004775901	0.843946485325796	0.912870883175055	0.28	0.12	0.34681294768338	0.424545791620319	0.372360844529751
LC_k1_0.28_k2_0.12	270	0.835877645021803	0.81727473780314	0.841708543479487	0.912870883175055	0.28	0.12	0.34681294768338	0.424545791620319	0.372360844529751
LC_k1_0.28_k2_0.12	280	0.825175066008495	0.804180264689965	0.838060252226249	0.912870883175055	0.28	0.12	0.34681294768338	0.424545791620319	0.372360844529751
LC_k1_0.28_k2_0.12	290	0.817105209746641	0.801801571300819	0.827438351597932	0.912870883175055	0.28	0.12	0.34681294768338	0.424545791620319	0.372360844529751
LC_k1_0.28_k2_0.12	300	0.819188213202369	0.804230713674597	0.823737597084412	0.912870883175055	0.28	0.12	0.34681294768338	0.424545791620319	0.372360844529751
LC_k1_0.28_k2_0.2	10	0.648484848484848	0.721212121212121	0.454545454545455	0.406060606060606	0.28	0.2	0.281893190679119	0.350018539117538	0.310940499040307
LC_k1_0.28_k2_0.2	20	0.586466165413534	0.66015037593985	0.84812030075188	0.442105263157895	0.28	0.2	0.281893190679119	0.350018539117538	0.310940499040307
LC_k1_0.28_k2_0.2	30	0.778865406006674	0.808231368186874	0.846941045606229	0.732146829810901	0.28	0.2	0.281893190679119	0.350018539117538	0.310940499040307
LC_k1_0.28_k2_0.2	40	0.825891181988743	0.853470919324578	0.822514071294559	0.70187617260788	0.28	0.2	0.281893190679119	0.350018539117538	0.310940499040307
LC_k1_0.28_k2_0.2	50	0.857671068427371	0.881776710684274	0.848547418967587	0.734453781512605	0.28	0.2	0.281893190679119	0.350018539117538	0.310940499040307
LC_k1_0.28_k2_0.2	60	0.864573492636844	0.880633509308141	0.848680188941373	0.771214226173937	0.28	0.2	0.281893190679119	0.350018539117538	0.310940499040307
LC_k1_0.28_k2_0.2	70	0.864683754702126	0.876511241361211	0.859084944449304	0.789169801417199	0.28	0.2	0.281893190679119	0.350018539117538	0.310940499040307
LC_k1_0.28_k2_0.2	80	0.86840131270511	0.879559306141585	0.860478199718706	0.825972808251289	0.28	0.2	0.281893190679119	0.350018539117538	0.310940499040307
LC_k1_0.28_k2_0.2	90	0.886109396221756	0.896398732353789	0.884150306622217	0.840836317240812	0.28	0.2	0.281893190679119	0.350018539117538	0.310940499040307
LC_k1_0.28_k2_0.2	100	0.897425742574258	0.902418241824182	0.898169816981698	0.86995499549955	0.28	0.2	0.281893190679119	0.350018539117538	0.310940499040307
LC_k1_0.28_k2_0.2	110	0.914550413632982	0.917913576629173	0.918129973175845	0.88736559745734	0.28	0.2	0.281893190679119	0.350018539117538	0.310940499040307
LC_k1_0.28_k2_0.2	120	0.921307035210778	0.922647406069866	0.925842072366136	0.903014098201264	0.28	0.2	0.281893190679119	0.350018539117538	0.310940499040307
LC_k1_0.28_k2_0.2	130	0.926919662975051	0.926679321034017	0.933998825601879	0.909363776645864	0.28	0.2	0.281893190679119	0.350018539117538	0.310940499040307
LC_k1_0.28_k2_0.2	140	0.927615840458333	0.92601954910236	0.937473486256587	0.917631366031795	0.28	0.2	0.281893190679119	0.350018539117538	0.310940499040307
LC_k1_0.28_k2_0.2	150	0.922556558069248	0.917688786168274	0.93248055469132	0.911352504555758	0.28	0.2	0.281893190679119	0.350018539117538	0.310940499040307
LC_k1_0.28_k2_0.2	160	0.915712527833118	0.908675143560295	0.926945388491738	0.915642212586429	0.28	0.2	0.281893190679119	0.350018539117538	0.310940499040307
LC_k1_0.28_k2_0.2	170	0.913625344251684	0.902108560646308	0.926233962909362	0.919516856882897	0.28	0.2	0.281893190679119	0.350018539117538	0.310940499040307
LC_k1_0.28_k2_0.2	180	0.903478502422914	0.894897990678725	0.920258855726	0.919501630708767	0.28	0.2	0.281893190679119	0.350018539117538	0.310940499040307
LC_k1_0.28_k2_0.2	190	0.892936529806191	0.88432862260363	0.911359550709234	0.910927405774471	0.28	0.2	0.281893190679119	0.350018539117538	0.310940499040307
LC_k1_0.28_k2_0.2	200	0.891548788719718	0.882967074176855	0.908827720693017	0.900508512712818	0.28	0.2	0.281893190679119	0.350018539117538	0.310940499040307
LC_k1_0.28_k2_0.2	210	0.885429212842533	0.876054202719207	0.902091722196487	0.90683559393961	0.28	0.2	0.281893190679119	0.350018539117538	0.310940499040307
LC_k1_0.28_k2_0.2	220	0.875639429064087	0.867589300304852	0.891677701830804	0.907952643649662	0.28	0.2	0.281893190679119	0.350018539117538	0.310940499040307
LC_k1_0.28_k2_0.2	230	0.861049070542141	0.851679287107425	0.874766433490565	0.903312711590669	0.28	0.2	0.281893190679119	0.350018539117538	0.310940499040307
LC_k1_0.28_k2_0.2	240	0.852227469226896	0.84033663778885	0.864390006770951	0.901723988263685	0.28	0.2	0.281893190679119	0.350018539117538	0.310940499040307
LC_k1_0.28_k2_0.2	240	0.852227469226896	0.84033663778885	0.864390006770951	0.901723988263685	0.28	0.2	0.281893190679119	0.350018539117538	0.310940499040307
LC_k1_0.28_k2_0.2	250	0.850346661546585	0.838857965727452	0.865716123457975	0.901723988263685	0.28	0.2	0.281893190679119	0.350018539117538	0.310940499040307
LC_k1_0.28_k2_0.2	260	0.844272844272844	0.832835260421467	0.860723246930143	0.901723988263685	0.28	0.2	0.281893190679119	0.350018539117538	0.310940499040307
LC_k1_0.28_k2_0.2	270	0.842426736535023	0.828429288010352	0.85606996590412	0.901723988263685	0.28	0.2	0.281893190679119	0.350018539117538	0.310940499040307
LC_k1_0.28_k2_0.2	280	0.837110713875724	0.824000306126354	0.852046400008747	0.901723988263685	0.28	0.2	0.281893190679119	0.350018539117538	0.310940499040307
LC_k1_0.28_k2_0.2	290	0.835621810255647	0.82352473747074	0.854259450376834	0.901723988263685	0.28	0.2	0.281893190679119	0.350018539117538	0.310940499040307
LC_k1_0.28_k2_0.2	300	0.829447882754253	0.817805531172569	0.849502772253025	0.901723988263685	0.28	0.2	0.281893190679119	0.350018539117538	0.310940499040307
LC_k1_0.28_k2_0.28	10	0.43030303030303	0.466666666666667	0.357575757575758	0.212121212121212	0.28	0.28	0.23075528153051	0.289951798294401	0.258605246321177
LC_k1_0.28_k2_0.28	20	0.321804511278196	0.431578947368421	0.849624060150376	0.362406015037594	0.28	0.28	0.23075528153051	0.289951798294401	0.258605246321177
LC_k1_0.28_k2_0.28	30	0.697441601779755	0.756618464961068	0.845606229143493	0.637374860956618	0.28	0.28	0.23075528153051	0.289951798294401	0.258605246321177
LC_k1_0.28_k2_0.28	40	0.772420262664165	0.802626641651032	0.862101313320826	0.691557223264541	0.28	0.28	0.23075528153051	0.289951798294401	0.258605246321177
LC_k1_0.28_k2_0.28	50	0.809459783913565	0.830492196878751	0.841728691476591	0.701032412965186	0.28	0.28	0.23075528153051	0.289951798294401	0.258605246321177
LC_k1_0.28_k2_0.28	60	0.833231453181439	0.853348152264518	0.835343150875243	0.768102250625174	0.28	0.28	0.23075528153051	0.289951798294401	0.258605246321177
LC_k1_0.28_k2_0.28	70	0.843058350100604	0.855760650861692	0.858070160090981	0.799177674744117	0.28	0.28	0.23075528153051	0.289951798294401	0.258605246321177
LC_k1_0.28_k2_0.28	80	0.846319737458978	0.861134552273793	0.852226910454758	0.815494608532583	0.28	0.28	0.23075528153051	0.289951798294401	0.258605246321177
LC_k1_0.28_k2_0.28	90	0.881549162448039	0.893040293040293	0.886389266164547	0.844919125818002	0.28	0.28	0.23075528153051	0.289951798294401	0.258605246321177
LC_k1_0.28_k2_0.28	100	0.896657665766577	0.902754275427543	0.902322232223222	0.877215721572157	0.28	0.28	0.23075528153051	0.289951798294401	0.258605246321177
LC_k1_0.28_k2_0.28	110	0.909988053107319	0.913612695264071	0.91648896603025	0.899456754502626	0.28	0.28	0.23075528153051	0.289951798294401	0.258605246321177
LC_k1_0.28_k2_0.28	120	0.919876380304187	0.922737690117369	0.928758941593166	0.90061115355233	0.28	0.28	0.23075528153051	0.289951798294401	0.258605246321177
LC_k1_0.28_k2_0.28	130	0.925941908260389	0.929104589711726	0.936669898537465	0.91449289216021	0.28	0.28	0.23075528153051	0.289951798294401	0.258605246321177
LC_k1_0.28_k2_0.28	140	0.92570466423214	0.92423520150445	0.935912182108417	0.922170956244123	0.28	0.28	0.23075528153051	0.289951798294401	0.258605246321177
LC_k1_0.28_k2_0.28	150	0.926158495933153	0.922830348015468	0.935883372594338	0.926197608782613	0.28	0.28	0.23075528153051	0.289951798294401	0.258605246321177
LC_k1_0.28_k2_0.28	160	0.927065510371499	0.921788937067854	0.935517988983945	0.922858314777921	0.28	0.28	0.23075528153051	0.289951798294401	0.258605246321177
LC_k1_0.28_k2_0.28	170	0.919507086546858	0.910853011400761	0.930706334230983	0.922071799756963	0.28	0.28	0.23075528153051	0.289951798294401	0.258605246321177
LC_k1_0.28_k2_0.28	180	0.921623095363026	0.911470518637407	0.935179069312839	0.924135518585965	0.28	0.28	0.23075528153051	0.289951798294401	0.258605246321177
LC_k1_0.28_k2_0.28	190	0.912118866100679	0.903227527807302	0.927649840132618	0.923524343144073	0.28	0.28	0.23075528153051	0.289951798294401	0.258605246321177
LC_k1_0.28_k2_0.28	200	0.90408010200255	0.896546913672842	0.919653491337284	0.922617565439136	0.28	0.28	0.23075528153051	0.289951798294401	0.258605246321177
LC_k1_0.28_k2_0.28	210	0.892808712863589	0.883977932768155	0.908715779107398	0.906019248897772	0.28	0.28	0.23075528153051	0.289951798294401	0.258605246321177
LC_k1_0.28_k2_0.28	220	0.895222102635479	0.885879310053363	0.9077509114576	0.91118148571815	0.28	0.28	0.23075528153051	0.289951798294401	0.258605246321177
LC_k1_0.28_k2_0.28	230	0.885700477612382	0.878601140647847	0.898754065376431	0.901903298903489	0.28	0.28	0.23075528153051	0.289951798294401	0.258605246321177
LC_k1_0.28_k2_0.28	240	0.872492577996146	0.864373513429052	0.884302678865952	0.897777739196861	0.28	0.28	0.23075528153051	0.289951798294401	0.258605246321177
LC_k1_0.28_k2_0.28	240	0.872492577996146	0.864373513429052	0.884302678865952	0.897777739196861	0.28	0.28	0.23075528153051	0.289951798294401	0.258605246321177
LC_k1_0.28_k2_0.28	250	0.861925982815725	0.854148322373158	0.870456295300725	0.897777739196861	0.28	0.28	0.23075528153051	0.289951798294401	0.258605246321177
LC_k1_0.28_k2_0.28	260	0.856236152787877	0.845523659316763	0.868039695625902	0.897777739196861	0.28	0.28	0.23075528153051	0.289951798294401	0.258605246321177
LC_k1_0.28_k2_0.28	270	0.841712811180156	0.831133181220288	0.854848793841098	0.897777739196861	0.28	0.28	0.23075528153051	0.289951798294401	0.258605246321177
LC_k1_0.28_k2_0.28	280	0.84195079018865	0.830238723890429	0.851185419639099	0.897777739196861	0.28	0.28	0.23075528153051	0.289951798294401	0.258605246321177
LC_k1_0.28_k2_0.28	290	0.837575173102637	0.829117161178267	0.848503180365013	0.897777739196861	0.28	0.28	0.23075528153051	0.289951798294401	0.258605246321177
LC_k1_0.28_k2_0.28	300	0.830705230058112	0.817699752219469	0.845828064756275	0.897777739196861	0.28	0.28	0.23075528153051	0.289951798294401	0.258605246321177
LC_k1_0.28_k2_0.36	10	0.321212121212121	0.309090909090909	0.624242424242424	0.0545454545454545	0.28	0.36	0.179798712485266	0.225435669262143	0.207037747920665
LC_k1_0.28_k2_0.36	20	0.215037593984962	0.278195488721805	0.604511278195489	0.198496240601504	0.28	0.36	0.179798712485266	0.225435669262143	0.207037747920665
LC_k1_0.28_k2_0.36	30	0.605339265850946	0.654727474972191	0.765962180200222	0.556395995550612	0.28	0.36	0.179798712485266	0.225435669262143	0.207037747920665
LC_k1_0.28_k2_0.36	40	0.74953095684803	0.773733583489681	0.814258911819888	0.648780487804878	0.28	0.36	0.179798712485266	0.225435669262143	0.207037747920665
LC_k1_0.28_k2_0.36	50	0.816278511404562	0.837695078031213	0.844417767106843	0.694405762304922	0.28	0.36	0.179798712485266	0.225435669262143	0.207037747920665
LC_k1_0.28_k2_0.36	60	0.852792442345096	0.866018338427341	0.864573492636844	0.752542372881356	0.28	0.36	0.179798712485266	0.225435669262143	0.207037747920665
LC_k1_0.28_k2_0.36	70	0.857230338553057	0.864158866240924	0.870002624442306	0.776677456040591	0.28	0.36	0.179798712485266	0.225435669262143	0.207037747920665
LC_k1_0.28_k2_0.36	80	0.868940459446789	0.875246132208158	0.873792780121894	0.811415846225973	0.28	0.36	0.179798712485266	0.225435669262143	0.207037747920665
LC_k1_0.28_k2_0.36	90	0.888447133390954	0.897402971560275	0.892678108408446	0.834448697370046	0.28	0.36	0.179798712485266	0.225435669262143	0.207037747920665
LC_k1_0.28_k2_0.36	100	0.903942394239424	0.909318931893189	0.911227122712271	0.859093909390939	0.28	0.36	0.179798712485266	0.225435669262143	0.207037747920665
LC_k1_0.28_k2_0.36	110	0.914108604016861	0.918679981065302	0.920239839505894	0.889403331605166	0.28	0.36	0.179798712485266	0.225435669262143	0.207037747920665
LC_k1_0.28_k2_0.36	120	0.922932148065838	0.924355858045697	0.930925758733245	0.903514132925898	0.28	0.36	0.179798712485266	0.225435669262143	0.207037747920665
LC_k1_0.28_k2_0.36	130	0.931147496210518	0.930393696486365	0.938248508104713	0.897395840445725	0.28	0.36	0.179798712485266	0.225435669262143	0.207037747920665
LC_k1_0.28_k2_0.36	140	0.922630163346527	0.921847324571953	0.932562156961361	0.910319039601146	0.28	0.36	0.179798712485266	0.225435669262143	0.207037747920665
LC_k1_0.28_k2_0.36	150	0.926137161651629	0.922318325258901	0.936423841059603	0.913336592737455	0.28	0.36	0.179798712485266	0.225435669262143	0.207037747920665
LC_k1_0.28_k2_0.36	160	0.926341849290988	0.922374897456932	0.937562990741826	0.909914449783195	0.28	0.36	0.179798712485266	0.225435669262143	0.207037747920665
LC_k1_0.28_k2_0.36	170	0.909011303057505	0.905181331330415	0.923100127625015	0.909700111748218	0.28	0.36	0.179798712485266	0.225435669262143	0.207037747920665
LC_k1_0.28_k2_0.36	180	0.900900233546303	0.89574369579308	0.919016019012932	0.910855273310905	0.28	0.36	0.179798712485266	0.225435669262143	0.207037747920665
LC_k1_0.28_k2_0.36	190	0.887238165221081	0.881524054464259	0.905286777152305	0.90557370739239	0.28	0.36	0.179798712485266	0.225435669262143	0.207037747920665
LC_k1_0.28_k2_0.36	200	0.893117827945699	0.885518637965949	0.907998199954999	0.908137703442586	0.28	0.36	0.179798712485266	0.225435669262143	0.207037747920665
LC_k1_0.28_k2_0.36	210	0.891309488715326	0.882498145406601	0.907373345038598	0.905513892443301	0.28	0.36	0.179798712485266	0.225435669262143	0.207037747920665
LC_k1_0.28_k2_0.36	220	0.878615824143624	0.868869567177384	0.897165042854003	0.907036396319233	0.28	0.36	0.179798712485266	0.225435669262143	0.207037747920665
LC_k1_0.28_k2_0.36	230	0.857126583308471	0.846735986625867	0.876659129744378	0.900599419566574	0.28	0.36	0.179798712485266	0.225435669262143	0.207037747920665
LC_k1_0.28_k2_0.36	240	0.841419121859754	0.830985781003142	0.863160818764215	0.895375787774093	0.28	0.36	0.179798712485266	0.225435669262143	0.207037747920665
LC_k1_0.28_k2_0.36	240	0.841419121859754	0.830985781003142	0.863160818764215	0.895375787774093	0.28	0.36	0.179798712485266	0.225435669262143	0.207037747920665
LC_k1_0.28_k2_0.36	250	0.826520616329861	0.820177602841645	0.849537176594826	0.895375787774093	0.28	0.36	0.179798712485266	0.225435669262143	0.207037747920665
LC_k1_0.28_k2_0.36	260	0.828756456342663	0.816625871798286	0.848708048708049	0.895375787774093	0.28	0.36	0.179798712485266	0.225435669262143	0.207037747920665
LC_k1_0.28_k2_0.36	270	0.826851458105659	0.815382317391947	0.845139774817822	0.895375787774093	0.28	0.36	0.179798712485266	0.225435669262143	0.207037747920665
LC_k1_0.28_k2_0.36	280	0.817712689484013	0.807821528335821	0.838974804707786	0.895375787774093	0.28	0.36	0.179798712485266	0.225435669262143	0.207037747920665
LC_k1_0.28_k2_0.36	290	0.820039190264676	0.808635389079619	0.840263138148758	0.895375787774093	0.28	0.36	0.179798712485266	0.225435669262143	0.207037747920665
LC_k1_0.28_k2_0.36	300	0.825647396082179	0.8128414760164	0.845188057645085	0.895375787774093	0.28	0.36	0.179798712485266	0.225435669262143	0.207037747920665
LC_k1_0.2_k2_0.04	10	0.175757575757576	0.393939393939394	0.6	0.393939393939394	0.2	0.04	0.629884849034364	0.740266963292547	0.657581573896353
LC_k1_0.2_k2_0.04	20	0.682706766917293	0.750375939849624	0.793984962406015	0.609022556390977	0.2	0.04	0.629884849034364	0.740266963292547	0.657581573896353
LC_k1_0.2_k2_0.04	30	0.844271412680756	0.822914349276974	0.811345939933259	0.782424916573971	0.2	0.04	0.629884849034364	0.740266963292547	0.657581573896353
LC_k1_0.2_k2_0.04	40	0.893058161350845	0.864165103189494	0.790056285178237	0.749718574108818	0.2	0.04	0.629884849034364	0.740266963292547	0.657581573896353
LC_k1_0.2_k2_0.04	50	0.899255702280913	0.891668667466987	0.846434573829532	0.76749099639856	0.2	0.04	0.629884849034364	0.740266963292547	0.657581573896353
LC_k1_0.2_k2_0.04	60	0.846012781328147	0.833842734092804	0.825618227285357	0.821505973881634	0.2	0.04	0.629884849034364	0.740266963292547	0.657581573896353
LC_k1_0.2_k2_0.04	70	0.860939550345552	0.851561543172076	0.846522613944537	0.846382643688216	0.2	0.04	0.629884849034364	0.740266963292547	0.657581573896353
LC_k1_0.2_k2_0.04	80	0.868190342240975	0.858438818565401	0.859728082512893	0.868940459446789	0.2	0.04	0.629884849034364	0.740266963292547	0.657581573896353
LC_k1_0.2_k2_0.04	90	0.86814833106968	0.863802115487509	0.861217434251142	0.87919496234103	0.2	0.04	0.629884849034364	0.740266963292547	0.657581573896353
LC_k1_0.2_k2_0.04	100	0.889324932493249	0.886276627662766	0.883636363636364	0.89027302730273	0.2	0.04	0.629884849034364	0.740266963292547	0.657581573896353
LC_k1_0.2_k2_0.04	110	0.890052521245182	0.889484480310168	0.892333701508014	0.910889705385118	0.2	0.04	0.629884849034364	0.740266963292547	0.657581573896353
LC_k1_0.2_k2_0.04	120	0.902958538787415	0.901847350510452	0.909813181470935	0.913549552052226	0.2	0.04	0.629884849034364	0.740266963292547	0.657581573896353
LC_k1_0.2_k2_0.04	130	0.905835119966133	0.903388002021057	0.914050444496033	0.913373117207664	0.2	0.04	0.629884849034364	0.740266963292547	0.657581573896353
LC_k1_0.2_k2_0.04	140	0.896656534954408	0.893756970107804	0.908875817279307	0.912807504756074	0.2	0.04	0.629884849034364	0.740266963292547	0.657581573896353
LC_k1_0.2_k2_0.04	150	0.897794568647496	0.890668918618605	0.91198897728788	0.913862838348371	0.2	0.04	0.629884849034364	0.740266963292547	0.657581573896353
LC_k1_0.2_k2_0.04	160	0.901048869096449	0.890314074768546	0.914939060119536	0.907517871791867	0.2	0.04	0.629884849034364	0.740266963292547	0.657581573896353
LC_k1_0.2_k2_0.04	170	0.89060398996098	0.875269447548562	0.904773419800807	0.902584864528185	0.2	0.04	0.629884849034364	0.740266963292547	0.657581573896353
LC_k1_0.2_k2_0.04	180	0.886850417193946	0.870889019208412	0.904974433367285	0.89049456258938	0.2	0.04	0.629884849034364	0.740266963292547	0.657581573896353
LC_k1_0.2_k2_0.04	190	0.883662034667822	0.87022180232431	0.907431755654407	0.886447357486211	0.2	0.04	0.629884849034364	0.740266963292547	0.657581573896353
LC_k1_0.2_k2_0.04	200	0.870947273681842	0.855315382884572	0.898268956723918	0.884018600465012	0.2	0.04	0.629884849034364	0.740266963292547	0.657581573896353
LC_k1_0.2_k2_0.04	210	0.873388771368317	0.857402662191887	0.898146054494271	0.887626865526591	0.2	0.04	0.629884849034364	0.740266963292547	0.657581573896353
LC_k1_0.2_k2_0.04	220	0.863975025780022	0.848207231930036	0.888823022263796	0.886565650304571	0.2	0.04	0.629884849034364	0.740266963292547	0.657581573896353
LC_k1_0.2_k2_0.04	230	0.851845970623263	0.835060250173218	0.87683962136212	0.889148557916357	0.2	0.04	0.629884849034364	0.740266963292547	0.657581573896353
LC_k1_0.2_k2_0.04	240	0.83967429990104	0.818138335734995	0.863298841993785	0.900854181496206	0.2	0.04	0.629884849034364	0.740266963292547	0.657581573896353
LC_k1_0.2_k2_0.04	240	0.83967429990104	0.818138335734995	0.863298841993785	0.900854181496206	0.2	0.04	0.629884849034364	0.740266963292547	0.657581573896353
LC_k1_0.2_k2_0.04	250	0.817251476023616	0.79734459751356	0.845747035952575	0.900854181496206	0.2	0.04	0.629884849034364	0.740266963292547	0.657581573896353
LC_k1_0.2_k2_0.04	260	0.808234759958898	0.792043805836909	0.835741766776249	0.900854181496206	0.2	0.04	0.629884849034364	0.740266963292547	0.657581573896353
LC_k1_0.2_k2_0.04	270	0.811677343539235	0.794196841596669	0.839839290586214	0.900854181496206	0.2	0.04	0.629884849034364	0.740266963292547	0.657581573896353
LC_k1_0.2_k2_0.04	280	0.794811704959794	0.771051926682738	0.826361852283101	0.900854181496206	0.2	0.04	0.629884849034364	0.740266963292547	0.657581573896353
LC_k1_0.2_k2_0.04	290	0.801586553778367	0.776016197658671	0.831520732338857	0.900854181496206	0.2	0.04	0.629884849034364	0.740266963292547	0.657581573896353
LC_k1_0.2_k2_0.04	300	0.796347070523006	0.773345926065845	0.828503427815865	0.900854181496206	0.2	0.04	0.629884849034364	0.740266963292547	0.657581573896353
LC_k1_0.2_k2_0.12	10	0.684848484848485	0.575757575757576	-0.115151515151515	0.854545454545454	0.2	0.12	0.547647112158854	0.651835372636263	0.57786308381318
LC_k1_0.2_k2_0.12	20	0.831578947368421	0.798496240601504	0.571428571428571	0.894736842105263	0.2	0.12	0.547647112158854	0.651835372636263	0.57786308381318
LC_k1_0.2_k2_0.12	30	0.909232480533927	0.876751946607342	0.693437152391546	0.826473859844271	0.2	0.12	0.547647112158854	0.651835372636263	0.57786308381318
LC_k1_0.2_k2_0.12	40	0.922701688555347	0.905816135084428	0.80281425891182	0.785178236397749	0.2	0.12	0.547647112158854	0.651835372636263	0.57786308381318
LC_k1_0.2_k2_0.12	50	0.921728691476591	0.910108043217287	0.850852340936375	0.770084033613445	0.2	0.12	0.547647112158854	0.651835372636263	0.57786308381318
LC_k1_0.2_k2_0.12	60	0.878910808557933	0.858571825507086	0.845901639344262	0.821505973881634	0.2	0.12	0.547647112158854	0.651835372636263	0.57786308381318
LC_k1_0.2_k2_0.12	70	0.886169189047327	0.873361910593999	0.864228851369084	0.859154929577465	0.2	0.12	0.547647112158854	0.651835372636263	0.57786308381318
LC_k1_0.2_k2_0.12	80	0.88187998124707	0.872737927801219	0.867393342709798	0.886732301922175	0.2	0.12	0.547647112158854	0.651835372636263	0.57786308381318
LC_k1_0.2_k2_0.12	90	0.892957978351237	0.886504506729226	0.884561880067498	0.88694900605013	0.2	0.12	0.547647112158854	0.651835372636263	0.57786308381318
LC_k1_0.2_k2_0.12	100	0.905490549054906	0.902610261026103	0.89977797779778	0.89932193219322	0.2	0.12	0.547647112158854	0.651835372636263	0.57786308381318
LC_k1_0.2_k2_0.12	110	0.91496517368077	0.912332349029597	0.916173387733021	0.914090570971305	0.2	0.12	0.547647112158854	0.651835372636263	0.57786308381318
LC_k1_0.2_k2_0.12	120	0.919084658656851	0.916015001041739	0.921841794569067	0.927543579415237	0.2	0.12	0.547647112158854	0.651835372636263	0.57786308381318
LC_k1_0.2_k2_0.12	130	0.912023924947767	0.908626363872236	0.919829575714539	0.92083464201341	0.2	0.12	0.547647112158854	0.651835372636263	0.57786308381318
LC_k1_0.2_k2_0.12	140	0.914583105552033	0.909479346613895	0.92309811725088	0.925262950733638	0.2	0.12	0.547647112158854	0.651835372636263	0.57786308381318
LC_k1_0.2_k2_0.12	150	0.921155606915863	0.912458331481399	0.930766700742255	0.924593981954754	0.2	0.12	0.547647112158854	0.651835372636263	0.57786308381318
LC_k1_0.2_k2_0.12	160	0.910248447204969	0.899748037032697	0.922805578342904	0.919190202742294	0.2	0.12	0.547647112158854	0.651835372636263	0.57786308381318
LC_k1_0.2_k2_0.12	170	0.911979042629198	0.899309359371279	0.928034147324455	0.912064533069534	0.2	0.12	0.547647112158854	0.651835372636263	0.57786308381318
LC_k1_0.2_k2_0.12	180	0.906503287138492	0.894665473214194	0.928750887373067	0.899336399271583	0.2	0.12	0.547647112158854	0.651835372636263	0.57786308381318
LC_k1_0.2_k2_0.12	190	0.90108604845447	0.891036491752943	0.925685067817887	0.89801204582136	0.2	0.12	0.547647112158854	0.651835372636263	0.57786308381318
LC_k1_0.2_k2_0.12	200	0.89678391959799	0.882965574139354	0.921716042901073	0.898781969549239	0.2	0.12	0.547647112158854	0.651835372636263	0.57786308381318
LC_k1_0.2_k2_0.12	210	0.88751283637789	0.874517400783303	0.913917063231107	0.899190457833511	0.2	0.12	0.547647112158854	0.651835372636263	0.57786308381318
LC_k1_0.2_k2_0.12	220	0.880331111273899	0.868466102793258	0.906920315784135	0.898728185593617	0.2	0.12	0.547647112158854	0.651835372636263	0.57786308381318
LC_k1_0.2_k2_0.12	230	0.869166261875584	0.85477723339884	0.895872117250511	0.900916019617368	0.2	0.12	0.547647112158854	0.651835372636263	0.57786308381318
LC_k1_0.2_k2_0.12	240	0.862027986596989	0.845545061546207	0.886407750134551	0.909085227174083	0.2	0.12	0.547647112158854	0.651835372636263	0.57786308381318
LC_k1_0.2_k2_0.12	240	0.862027986596989	0.845545061546207	0.886407750134551	0.909085227174083	0.2	0.12	0.547647112158854	0.651835372636263	0.57786308381318
LC_k1_0.2_k2_0.12	250	0.844567369077905	0.823690491047857	0.866797484759756	0.909085227174083	0.2	0.12	0.547647112158854	0.651835372636263	0.57786308381318
LC_k1_0.2_k2_0.12	260	0.83920813575986	0.821050152084635	0.867452522624936	0.909085227174083	0.2	0.12	0.547647112158854	0.651835372636263	0.57786308381318
LC_k1_0.2_k2_0.12	270	0.822013714560937	0.80148790335487	0.847824768210507	0.909085227174083	0.2	0.12	0.547647112158854	0.651835372636263	0.57786308381318
LC_k1_0.2_k2_0.12	280	0.812842547189924	0.792126539514899	0.843904532309997	0.909085227174083	0.2	0.12	0.547647112158854	0.651835372636263	0.57786308381318
LC_k1_0.2_k2_0.12	290	0.820656197068234	0.799736517429581	0.848860886861175	0.909085227174083	0.2	0.12	0.547647112158854	0.651835372636263	0.57786308381318
LC_k1_0.2_k2_0.12	300	0.815274391937688	0.796690629895888	0.842053800597784	0.909085227174083	0.2	0.12	0.547647112158854	0.651835372636263	0.57786308381318
LC_k1_0.2_k2_0.2	10	0.76969696969697	0.684848484848485	0.212121212121212	0.878787878787879	0.2	0.2	0.481911324689455	0.579718205413422	0.517594369801664
LC_k1_0.2_k2_0.2	20	0.893233082706767	0.822556390977444	0.533834586466166	0.778947368421053	0.2	0.2	0.481911324689455	0.579718205413422	0.517594369801664
LC_k1_0.2_k2_0.2	30	0.93503893214683	0.886540600667408	0.715684093437152	0.785984427141268	0.2	0.2	0.481911324689455	0.579718205413422	0.517594369801664
LC_k1_0.2_k2_0.2	40	0.948030018761726	0.913320825515948	0.832082551594747	0.755347091932458	0.2	0.2	0.481911324689455	0.579718205413422	0.517594369801664
LC_k1_0.2_k2_0.2	50	0.942953181272509	0.923073229291717	0.876686674669868	0.753757503001201	0.2	0.2	0.481911324689455	0.579718205413422	0.517594369801664
LC_k1_0.2_k2_0.2	60	0.937149208113365	0.918755209780495	0.885801611558767	0.809113642678522	0.2	0.2	0.481911324689455	0.579718205413422	0.517594369801664
LC_k1_0.2_k2_0.2	70	0.893587612632316	0.880745341614907	0.875111538798005	0.829691190621993	0.2	0.2	0.481911324689455	0.579718205413422	0.517594369801664
LC_k1_0.2_k2_0.2	80	0.887623066104079	0.879113924050633	0.873605250820441	0.861157993436475	0.2	0.2	0.481911324689455	0.579718205413422	0.517594369801664
LC_k1_0.2_k2_0.2	90	0.910721488249578	0.905815532781825	0.90364242499074	0.86263324690291	0.2	0.2	0.481911324689455	0.579718205413422	0.517594369801664
LC_k1_0.2_k2_0.2	100	0.919411941194119	0.914575457545755	0.914659465946595	0.878631863186319	0.2	0.2	0.481911324689455	0.579718205413422	0.517594369801664
LC_k1_0.2_k2_0.2	110	0.927146495953835	0.92254806933706	0.926776818519938	0.895696864504204	0.2	0.2	0.481911324689455	0.579718205413422	0.517594369801664
LC_k1_0.2_k2_0.2	120	0.930286825473991	0.925911521633446	0.932981457045628	0.913174526008751	0.2	0.2	0.481911324689455	0.579718205413422	0.517594369801664
LC_k1_0.2_k2_0.2	130	0.917939614087315	0.912564694315094	0.924221278455257	0.915814772835898	0.2	0.2	0.481911324689455	0.579718205413422	0.517594369801664
LC_k1_0.2_k2_0.2	140	0.914823642605672	0.908451597384706	0.922953795018696	0.921987273403162	0.2	0.2	0.481911324689455	0.579718205413422	0.517594369801664
LC_k1_0.2_k2_0.2	150	0.923573492155207	0.915793590826259	0.933949064402863	0.923857949242189	0.2	0.2	0.481911324689455	0.579718205413422	0.517594369801664
LC_k1_0.2_k2_0.2	160	0.91742060236728	0.908789405836165	0.931943630610571	0.915132427047931	0.2	0.2	0.481911324689455	0.579718205413422	0.517594369801664
LC_k1_0.2_k2_0.2	170	0.916307301494251	0.904441228375499	0.931602762562515	0.912990272409182	0.2	0.2	0.481911324689455	0.579718205413422	0.517594369801664
LC_k1_0.2_k2_0.2	180	0.915316316347212	0.902628681955204	0.9326666460899	0.901171846867702	0.2	0.2	0.481911324689455	0.579718205413422	0.517594369801664
LC_k1_0.2_k2_0.2	190	0.914888442747357	0.898423195860507	0.934464433334646	0.896839830816133	0.2	0.2	0.481911324689455	0.579718205413422	0.517594369801664
LC_k1_0.2_k2_0.2	200	0.911676291907298	0.897026925673142	0.932688817220431	0.889309232730818	0.2	0.2	0.481911324689455	0.579718205413422	0.517594369801664
LC_k1_0.2_k2_0.2	210	0.895739780299521	0.883810776402445	0.919783085460312	0.891505152368211	0.2	0.2	0.481911324689455	0.579718205413422	0.517594369801664
LC_k1_0.2_k2_0.2	220	0.882745135605732	0.86985230724151	0.910437668697137	0.89556470926334	0.2	0.2	0.481911324689455	0.579718205413422	0.517594369801664
LC_k1_0.2_k2_0.2	230	0.872530507275144	0.858219395944856	0.90161036988453	0.896919560409213	0.2	0.2	0.481911324689455	0.579718205413422	0.517594369801664
LC_k1_0.2_k2_0.2	240	0.86140905224049	0.842615323182694	0.890433861698988	0.90141929547388	0.2	0.2	0.481911324689455	0.579718205413422	0.517594369801664
LC_k1_0.2_k2_0.2	240	0.86140905224049	0.842615323182694	0.890433861698988	0.90141929547388	0.2	0.2	0.481911324689455	0.579718205413422	0.517594369801664
LC_k1_0.2_k2_0.2	250	0.856479239667835	0.836335813373014	0.884625354005664	0.90141929547388	0.2	0.2	0.481911324689455	0.579718205413422	0.517594369801664
LC_k1_0.2_k2_0.2	260	0.839492846389398	0.819490047076254	0.870155566707291	0.90141929547388	0.2	0.2	0.481911324689455	0.579718205413422	0.517594369801664
LC_k1_0.2_k2_0.2	270	0.832884157837861	0.814589134738931	0.866749581993961	0.90141929547388	0.2	0.2	0.481911324689455	0.579718205413422	0.517594369801664
LC_k1_0.2_k2_0.2	280	0.823370013830351	0.803158021330447	0.854848549453072	0.90141929547388	0.2	0.2	0.481911324689455	0.579718205413422	0.517594369801664
LC_k1_0.2_k2_0.2	290	0.819532890423479	0.797844166419626	0.851287091445181	0.90141929547388	0.2	0.2	0.481911324689455	0.579718205413422	0.517594369801664
LC_k1_0.2_k2_0.2	300	0.810907676751964	0.792562139579329	0.844050267225191	0.90141929547388	0.2	0.2	0.481911324689455	0.579718205413422	0.517594369801664
LC_k1_0.2_k2_0.28	10	0.745454545454545	0.660606060606061	0.103030303030303	0.781818181818182	0.2	0.28	0.416447547375102	0.507044864664442	0.453358925143954
LC_k1_0.2_k2_0.28	20	0.854135338345865	0.828571428571429	0.628571428571429	0.769924812030075	0.2	0.28	0.416447547375102	0.507044864664442	0.453358925143954
LC_k1_0.2_k2_0.28	30	0.930144605116796	0.916796440489433	0.701890989988876	0.854505005561735	0.2	0.28	0.416447547375102	0.507044864664442	0.453358925143954
LC_k1_0.2_k2_0.28	40	0.94296435272045	0.931707317073171	0.82063789868668	0.796622889305816	0.2	0.28	0.416447547375102	0.507044864664442	0.453358925143954
LC_k1_0.2_k2_0.28	50	0.925858343337335	0.929411764705882	0.861032412965186	0.781608643457383	0.2	0.28	0.416447547375102	0.507044864664442	0.453358925143954
LC_k1_0.2_k2_0.28	60	0.851736593498194	0.848624617949431	0.826840789108086	0.826396221172548	0.2	0.28	0.416447547375102	0.507044864664442	0.453358925143954
LC_k1_0.2_k2_0.28	70	0.858560055988103	0.854430933426647	0.839944011897472	0.841903595485959	0.2	0.28	0.416447547375102	0.507044864664442	0.453358925143954
LC_k1_0.2_k2_0.28	80	0.874425691514299	0.873699015471168	0.862142522269105	0.874847632442569	0.2	0.28	0.416447547375102	0.507044864664442	0.453358925143954
LC_k1_0.2_k2_0.28	90	0.870156809482652	0.871128122813516	0.862040581141705	0.886389266164547	0.2	0.28	0.416447547375102	0.507044864664442	0.453358925143954
LC_k1_0.2_k2_0.28	100	0.883672367236724	0.884548454845485	0.883480348034803	0.901926192619262	0.2	0.28	0.416447547375102	0.507044864664442	0.453358925143954
LC_k1_0.2_k2_0.28	110	0.894696030475847	0.894263237382503	0.901855149561572	0.921132475260915	0.2	0.28	0.416447547375102	0.507044864664442	0.453358925143954
LC_k1_0.2_k2_0.28	120	0.905173970414612	0.90285436488645	0.913299534689909	0.930918813806514	0.2	0.28	0.416447547375102	0.507044864664442	0.453358925143954
LC_k1_0.2_k2_0.28	130	0.919010228188286	0.915869396004315	0.927897417689713	0.925898209725655	0.2	0.28	0.416447547375102	0.507044864664442	0.453358925143954
LC_k1_0.2_k2_0.28	140	0.920080470577945	0.915177888084669	0.930078065207409	0.93108394743172	0.2	0.28	0.416447547375102	0.507044864664442	0.453358925143954
LC_k1_0.2_k2_0.28	150	0.915011333837059	0.911526734521534	0.927872349882217	0.926922974354416	0.2	0.28	0.416447547375102	0.507044864664442	0.453358925143954
LC_k1_0.2_k2_0.28	160	0.917405953357553	0.912413570842611	0.931430915270128	0.919951951248095	0.2	0.28	0.416447547375102	0.507044864664442	0.453358925143954
LC_k1_0.2_k2_0.28	170	0.910457312791202	0.902369917135337	0.927726381739242	0.917719115051814	0.2	0.28	0.416447547375102	0.507044864664442	0.453358925143954
LC_k1_0.2_k2_0.28	180	0.893455559327963	0.88535860160293	0.913651655915306	0.909933434159491	0.2	0.28	0.416447547375102	0.507044864664442	0.453358925143954
LC_k1_0.2_k2_0.28	190	0.877116875959533	0.862429196901504	0.895609879847962	0.897877328574491	0.2	0.28	0.416447547375102	0.507044864664442	0.453358925143954
LC_k1_0.2_k2_0.28	200	0.874728868221706	0.857584939623491	0.894385359633991	0.894053851346284	0.2	0.28	0.416447547375102	0.507044864664442	0.453358925143954
LC_k1_0.2_k2_0.28	210	0.864541146057734	0.849178309841817	0.881790646370342	0.890994612770617	0.2	0.28	0.416447547375102	0.507044864664442	0.453358925143954
LC_k1_0.2_k2_0.28	220	0.862783791550915	0.847696702974705	0.877138333060976	0.886809081329629	0.2	0.28	0.416447547375102	0.507044864664442	0.453358925143954
LC_k1_0.2_k2_0.28	230	0.840590394985686	0.828015159323304	0.853577901119196	0.897048764791313	0.2	0.28	0.416447547375102	0.507044864664442	0.453358925143954
LC_k1_0.2_k2_0.28	240	0.832961509748433	0.818039375683605	0.843994687407767	0.905355995763815	0.2	0.28	0.416447547375102	0.507044864664442	0.453358925143954
LC_k1_0.2_k2_0.28	240	0.832961509748433	0.818039375683605	0.843994687407767	0.905355995763815	0.2	0.28	0.416447547375102	0.507044864664442	0.453358925143954
LC_k1_0.2_k2_0.28	250	0.825277204435271	0.810720299524792	0.84153295252724	0.905355995763815	0.2	0.28	0.416447547375102	0.507044864664442	0.453358925143954
LC_k1_0.2_k2_0.28	260	0.82364054088192	0.808576822369926	0.839684701753667	0.905355995763815	0.2	0.28	0.416447547375102	0.507044864664442	0.453358925143954
LC_k1_0.2_k2_0.28	270	0.828038488563324	0.80867775964005	0.842151165006074	0.905355995763815	0.2	0.28	0.416447547375102	0.507044864664442	0.453358925143954
LC_k1_0.2_k2_0.28	280	0.816239456407061	0.801887596962789	0.836799667634245	0.905355995763815	0.2	0.28	0.416447547375102	0.507044864664442	0.453358925143954
LC_k1_0.2_k2_0.28	290	0.818342667570363	0.806483245731324	0.836329350752869	0.905355995763815	0.2	0.28	0.416447547375102	0.507044864664442	0.453358925143954
LC_k1_0.2_k2_0.28	300	0.800498227758086	0.786234958166202	0.817117967977422	0.905355995763815	0.2	0.28	0.416447547375102	0.507044864664442	0.453358925143954
LC_k1_0.2_k2_0.36	10	0.478787878787879	0.612121212121212	0.539393939393939	0.624242424242424	0.2	0.36	0.352978511197751	0.436781609195402	0.382597568777991
LC_k1_0.2_k2_0.36	20	0.790977443609023	0.792481203007519	0.661654135338346	0.748872180451128	0.2	0.36	0.352978511197751	0.436781609195402	0.382597568777991
LC_k1_0.2_k2_0.36	30	0.795773081201335	0.831813125695217	0.63559510567297	0.814905450500556	0.2	0.36	0.352978511197751	0.436781609195402	0.382597568777991
LC_k1_0.2_k2_0.36	40	0.844277673545967	0.859099437148218	0.735272045028143	0.75046904315197	0.2	0.36	0.352978511197751	0.436781609195402	0.382597568777991
LC_k1_0.2_k2_0.36	50	0.821656662665066	0.796014405762305	0.740120048019208	0.776134453781513	0.2	0.36	0.352978511197751	0.436781609195402	0.382597568777991
LC_k1_0.2_k2_0.36	60	0.797666018338428	0.774492914698528	0.740872464573493	0.803389830508475	0.2	0.36	0.352978511197751	0.436781609195402	0.382597568777991
LC_k1_0.2_k2_0.36	70	0.812019945761526	0.79476861167002	0.780806578602047	0.833330417286327	0.2	0.36	0.352978511197751	0.436781609195402	0.382597568777991
LC_k1_0.2_k2_0.36	80	0.85	0.838185654008439	0.830450070323488	0.876441631504923	0.2	0.36	0.352978511197751	0.436781609195402	0.382597568777991
LC_k1_0.2_k2_0.36	90	0.833032884718278	0.823632547228053	0.821410050623534	0.882602790467959	0.2	0.36	0.352978511197751	0.436781609195402	0.382597568777991
LC_k1_0.2_k2_0.36	100	0.846492649264927	0.83968796879688	0.83978397839784	0.896441644164417	0.2	0.36	0.352978511197751	0.436781609195402	0.382597568777991
LC_k1_0.2_k2_0.36	110	0.862101300633411	0.858152063656651	0.863850506052341	0.917607014854721	0.2	0.36	0.352978511197751	0.436781609195402	0.382597568777991
LC_k1_0.2_k2_0.36	120	0.884380859781929	0.880477810959094	0.889554830196541	0.924633655114939	0.2	0.36	0.352978511197751	0.436781609195402	0.382597568777991
LC_k1_0.2_k2_0.36	130	0.886438432861298	0.879676084611288	0.89453358642068	0.92762976416447	0.2	0.36	0.352978511197751	0.436781609195402	0.382597568777991
LC_k1_0.2_k2_0.36	140	0.893822571122433	0.886781395552251	0.90354026808948	0.920850189149592	0.2	0.36	0.352978511197751	0.436781609195402	0.382597568777991
LC_k1_0.2_k2_0.36	150	0.896194497533224	0.889509755989155	0.90918707498111	0.919743988621717	0.2	0.36	0.352978511197751	0.436781609195402	0.382597568777991
LC_k1_0.2_k2_0.36	160	0.896827024493144	0.886511191843431	0.909984765029884	0.916392241884449	0.2	0.36	0.352978511197751	0.436781609195402	0.382597568777991
LC_k1_0.2_k2_0.36	170	0.883373941292493	0.875186399692235	0.897729007517052	0.909023515977553	0.2	0.36	0.352978511197751	0.436781609195402	0.382597568777991
LC_k1_0.2_k2_0.36	180	0.864250954247559	0.850520077780178	0.878426288877229	0.908468368365279	0.2	0.36	0.352978511197751	0.436781609195402	0.382597568777991
LC_k1_0.2_k2_0.36	190	0.852853774925971	0.838409286742161	0.871005611760641	0.894476155484698	0.2	0.36	0.352978511197751	0.436781609195402	0.382597568777991
LC_k1_0.2_k2_0.36	200	0.855924398109953	0.840955523888097	0.868100202505063	0.898241956048901	0.2	0.36	0.352978511197751	0.436781609195402	0.382597568777991
LC_k1_0.2_k2_0.36	210	0.84422192923066	0.827840605391117	0.855221854722977	0.897682163184782	0.2	0.36	0.352978511197751	0.436781609195402	0.382597568777991
LC_k1_0.2_k2_0.36	220	0.824860393434124	0.81042583524453	0.837852397401148	0.89418413979252	0.2	0.36	0.352978511197751	0.436781609195402	0.382597568777991
LC_k1_0.2_k2_0.36	230	0.815458663227792	0.803945665119009	0.826105696088609	0.903003015590827	0.2	0.36	0.352978511197751	0.436781609195402	0.382597568777991
LC_k1_0.2_k2_0.36	240	0.802086841785448	0.792805430649838	0.812202468792861	0.908664212920363	0.2	0.36	0.352978511197751	0.436781609195402	0.382597568777991
LC_k1_0.2_k2_0.36	240	0.802086841785448	0.792805430649838	0.812202468792861	0.908664212920363	0.2	0.36	0.352978511197751	0.436781609195402	0.382597568777991
LC_k1_0.2_k2_0.36	250	0.793669658714539	0.785239187827005	0.803442615081841	0.908664212920363	0.2	0.36	0.352978511197751	0.436781609195402	0.382597568777991
LC_k1_0.2_k2_0.36	260	0.790235859201376	0.784003632279494	0.801968395071843	0.908664212920363	0.2	0.36	0.352978511197751	0.436781609195402	0.382597568777991
LC_k1_0.2_k2_0.36	270	0.790744881426509	0.781352891595831	0.803888180145742	0.908664212920363	0.2	0.36	0.352978511197751	0.436781609195402	0.382597568777991
LC_k1_0.2_k2_0.36	280	0.777439581044219	0.769319032859384	0.792066954206777	0.908664212920363	0.2	0.36	0.352978511197751	0.436781609195402	0.382597568777991
LC_k1_0.2_k2_0.36	290	0.770871030079082	0.761916558932391	0.786263726125736	0.908664212920363	0.2	0.36	0.352978511197751	0.436781609195402	0.382597568777991
LC_k1_0.2_k2_0.36	300	0.771305014500161	0.759324436938188	0.783458927321415	0.908664212920363	0.2	0.36	0.352978511197751	0.436781609195402	0.382597568777991
LC_k1_0.2_k2_0.44	10	0.648484848484848	0.648484848484848	0.187878787878788	0.624242424242424	0.2	0.44	0.292954936984314	0.364664441972562	0.323352527191299
LC_k1_0.2_k2_0.44	20	0.550375939849624	0.625563909774436	0.634586466165414	0.536842105263158	0.2	0.44	0.292954936984314	0.364664441972562	0.323352527191299
LC_k1_0.2_k2_0.44	30	0.728142380422692	0.745939933259177	0.81357063403782	0.645828698553949	0.2	0.44	0.292954936984314	0.364664441972562	0.323352527191299
LC_k1_0.2_k2_0.44	40	0.789493433395873	0.799249530956848	0.848030018761726	0.683864915572233	0.2	0.44	0.292954936984314	0.364664441972562	0.323352527191299
LC_k1_0.2_k2_0.44	50	0.849507803121249	0.862953181272509	0.877070828331333	0.746170468187275	0.2	0.44	0.292954936984314	0.364664441972562	0.323352527191299
LC_k1_0.2_k2_0.44	60	0.849235898860795	0.860405668241178	0.855626562934149	0.743595443178661	0.2	0.44	0.292954936984314	0.364664441972562	0.323352527191299
LC_k1_0.2_k2_0.44	70	0.881270230076109	0.88669407750853	0.875846382643688	0.795083544746741	0.2	0.44	0.292954936984314	0.364664441972562	0.323352527191299
LC_k1_0.2_k2_0.44	80	0.879535864978903	0.889193624003751	0.87079231129864	0.824964838255978	0.2	0.44	0.292954936984314	0.364664441972562	0.323352527191299
LC_k1_0.2_k2_0.44	90	0.904251553689756	0.910589784747088	0.902127834712104	0.846055068526979	0.2	0.44	0.292954936984314	0.364664441972562	0.323352527191299
LC_k1_0.2_k2_0.44	100	0.916903690369037	0.92037203720372	0.917911791179118	0.856129612961296	0.2	0.44	0.292954936984314	0.364664441972562	0.323352527191299
LC_k1_0.2_k2_0.44	110	0.928733403962762	0.930735072019475	0.931348195568379	0.883181930888353	0.2	0.44	0.292954936984314	0.364664441972562	0.323352527191299
LC_k1_0.2_k2_0.44	120	0.93062018195708	0.930634071810542	0.934474616292798	0.906361552885617	0.2	0.44	0.292954936984314	0.364664441972562	0.323352527191299
LC_k1_0.2_k2_0.44	130	0.932922749184066	0.932338281282006	0.937445547528984	0.919245107812479	0.2	0.44	0.292954936984314	0.364664441972562	0.323352527191299
LC_k1_0.2_k2_0.44	140	0.92969757932256	0.927834510507096	0.93857120990138	0.915916992849489	0.2	0.44	0.292954936984314	0.364664441972562	0.323352527191299
LC_k1_0.2_k2_0.44	150	0.927858127027868	0.923879283523712	0.938258589270634	0.915772256544735	0.2	0.44	0.292954936984314	0.364664441972562	0.323352527191299
LC_k1_0.2_k2_0.44	160	0.921698113207547	0.91700750029298	0.936373491151998	0.917798546818235	0.2	0.44	0.292954936984314	0.364664441972562	0.323352527191299
LC_k1_0.2_k2_0.44	170	0.915537887531219	0.911104597553752	0.929792807811384	0.920716165631622	0.2	0.44	0.292954936984314	0.364664441972562	0.323352527191299
LC_k1_0.2_k2_0.44	180	0.90917415146558	0.900877599102853	0.926065619309238	0.915672294412379	0.2	0.44	0.292954936984314	0.364664441972562	0.323352527191299
LC_k1_0.2_k2_0.44	190	0.902357989213873	0.892458895930927	0.91807966688099	0.91340480345716	0.2	0.44	0.292954936984314	0.364664441972562	0.323352527191299
LC_k1_0.2_k2_0.44	200	0.892955823895598	0.882263556588915	0.912133803345084	0.902106052651316	0.2	0.44	0.292954936984314	0.364664441972562	0.323352527191299
LC_k1_0.2_k2_0.44	210	0.886036936373679	0.876757814398124	0.907348725108765	0.90051215932982	0.2	0.44	0.292954936984314	0.364664441972562	0.323352527191299
LC_k1_0.2_k2_0.44	220	0.877106777187357	0.867582538331934	0.895634582983495	0.896063968263807	0.2	0.44	0.292954936984314	0.364664441972562	0.323352527191299
LC_k1_0.2_k2_0.44	230	0.860513513446872	0.849310211337931	0.881371637665543	0.903832487998047	0.2	0.44	0.292954936984314	0.364664441972562	0.323352527191299
LC_k1_0.2_k2_0.44	240	0.843765516762444	0.831778329484887	0.863512387367836	0.910394277678432	0.2	0.44	0.292954936984314	0.364664441972562	0.323352527191299
LC_k1_0.2_k2_0.44	240	0.843765516762444	0.831778329484887	0.863512387367836	0.910394277678432	0.2	0.44	0.292954936984314	0.364664441972562	0.323352527191299
LC_k1_0.2_k2_0.44	250	0.840682762924207	0.831503480055681	0.862488167810685	0.910394277678432	0.2	0.44	0.292954936984314	0.364664441972562	0.323352527191299
LC_k1_0.2_k2_0.44	260	0.842891622201967	0.832536211846557	0.861416930382448	0.910394277678432	0.2	0.44	0.292954936984314	0.364664441972562	0.323352527191299
LC_k1_0.2_k2_0.44	270	0.833809639211634	0.82576929115016	0.855174358435034	0.910394277678432	0.2	0.44	0.292954936984314	0.364664441972562	0.323352527191299
LC_k1_0.2_k2_0.44	280	0.821646413128447	0.814583640826322	0.846771733604474	0.910394277678432	0.2	0.44	0.292954936984314	0.364664441972562	0.323352527191299
LC_k1_0.2_k2_0.44	290	0.828494250003383	0.816250551997215	0.847959486172085	0.910394277678432	0.2	0.44	0.292954936984314	0.364664441972562	0.323352527191299
LC_k1_0.2_k2_0.44	300	0.826090512116801	0.814062822920255	0.840126223624707	0.910394277678432	0.2	0.44	0.292954936984314	0.364664441972562	0.323352527191299
LC_k1_0.2_k2_0.52	10	0.466666666666667	0.490909090909091	0.272727272727273	0.418181818181818	0.2	0.52	0.2443557892828	0.307934742306266	0.271145233525272
LC_k1_0.2_k2_0.52	20	0.449624060150376	0.508270676691729	0.813533834586466	0.332330827067669	0.2	0.52	0.2443557892828	0.307934742306266	0.271145233525272
LC_k1_0.2_k2_0.52	30	0.729032258064516	0.782869855394883	0.794883203559511	0.692547274749722	0.2	0.52	0.2443557892828	0.307934742306266	0.271145233525272
LC_k1_0.2_k2_0.52	40	0.784803001876173	0.824953095684803	0.784427767354597	0.635272045028143	0.2	0.52	0.2443557892828	0.307934742306266	0.271145233525272
LC_k1_0.2_k2_0.52	50	0.827899159663865	0.8584393757503	0.816374549819928	0.691428571428571	0.2	0.52	0.2443557892828	0.307934742306266	0.271145233525272
LC_k1_0.2_k2_0.52	60	0.84206724090025	0.863573214781884	0.82795220894693	0.753987218671854	0.2	0.52	0.2443557892828	0.307934742306266	0.271145233525272
LC_k1_0.2_k2_0.52	70	0.856705450091855	0.872487096491996	0.852331379581839	0.786440381418949	0.2	0.52	0.2443557892828	0.307934742306266	0.271145233525272
LC_k1_0.2_k2_0.52	80	0.856727613689639	0.871589310829817	0.851359587435537	0.817018284106892	0.2	0.52	0.2443557892828	0.307934742306266	0.271145233525272
LC_k1_0.2_k2_0.52	90	0.889105650903404	0.900283985677244	0.886718524920772	0.83884430176565	0.2	0.52	0.2443557892828	0.307934742306266	0.271145233525272
LC_k1_0.2_k2_0.52	100	0.905514551455146	0.911995199519952	0.905562556255625	0.86966696669667	0.2	0.52	0.2443557892828	0.307934742306266	0.271145233525272
LC_k1_0.2_k2_0.52	110	0.920609516939792	0.924712034803778	0.92259315195095	0.88431801275838	0.2	0.52	0.2443557892828	0.307934742306266	0.271145233525272
LC_k1_0.2_k2_0.52	120	0.927001875130217	0.930439613862074	0.930724355858046	0.901555663587749	0.2	0.52	0.2443557892828	0.307934742306266	0.271145233525272
LC_k1_0.2_k2_0.52	130	0.928782313018067	0.930240751614797	0.935872400278578	0.91459121386336	0.2	0.52	0.2443557892828	0.307934742306266	0.271145233525272
LC_k1_0.2_k2_0.52	140	0.926627451837922	0.925337298550218	0.935763486475258	0.918567273840502	0.2	0.52	0.2443557892828	0.307934742306266	0.271145233525272
LC_k1_0.2_k2_0.52	150	0.925596693186364	0.921749411084937	0.934539312858349	0.922129872438775	0.2	0.52	0.2443557892828	0.307934742306266	0.271145233525272
LC_k1_0.2_k2_0.52	160	0.918410875424821	0.915393179421071	0.928738427282316	0.926406304933786	0.2	0.52	0.2443557892828	0.307934742306266	0.271145233525272
LC_k1_0.2_k2_0.52	170	0.917724000219833	0.911436788979061	0.927389305145914	0.92676400363945	0.2	0.52	0.2443557892828	0.307934742306266	0.271145233525272
LC_k1_0.2_k2_0.52	180	0.917155879296686	0.90850540654547	0.927275533195469	0.925637622560367	0.2	0.52	0.2443557892828	0.307934742306266	0.271145233525272
LC_k1_0.2_k2_0.52	190	0.91448079185748	0.905790654647089	0.928071487619573	0.927285928608607	0.2	0.52	0.2443557892828	0.307934742306266	0.271145233525272
LC_k1_0.2_k2_0.52	200	0.903433585839646	0.895646891172279	0.917412435310883	0.908196204905123	0.2	0.52	0.2443557892828	0.307934742306266	0.271145233525272
LC_k1_0.2_k2_0.52	210	0.889478543407204	0.882807838208187	0.904444869174228	0.911457661819348	0.2	0.52	0.2443557892828	0.307934742306266	0.271145233525272
LC_k1_0.2_k2_0.52	220	0.881482900660983	0.875329505305331	0.893213796678744	0.914557964195353	0.2	0.52	0.2443557892828	0.307934742306266	0.271145233525272
LC_k1_0.2_k2_0.52	230	0.879683104061308	0.870453374231616	0.888689931674553	0.899320197554487	0.2	0.52	0.2443557892828	0.307934742306266	0.271145233525272
LC_k1_0.2_k2_0.52	240	0.87082154204066	0.865270230385944	0.879747044219518	0.901170159204153	0.2	0.52	0.2443557892828	0.307934742306266	0.271145233525272
LC_k1_0.2_k2_0.52	240	0.87082154204066	0.865270230385944	0.879747044219518	0.901170159204153	0.2	0.52	0.2443557892828	0.307934742306266	0.271145233525272
LC_k1_0.2_k2_0.52	250	0.861032016512264	0.853543896702347	0.869681370901935	0.901170159204153	0.2	0.52	0.2443557892828	0.307934742306266	0.271145233525272
LC_k1_0.2_k2_0.52	260	0.845348190175776	0.837589996210686	0.862331827849069	0.901170159204153	0.2	0.52	0.2443557892828	0.307934742306266	0.271145233525272
LC_k1_0.2_k2_0.52	270	0.83994110573076	0.835588660719321	0.857800213689869	0.901170159204153	0.2	0.52	0.2443557892828	0.307934742306266	0.271145233525272
LC_k1_0.2_k2_0.52	280	0.838663211812104	0.829621551295297	0.853364929946264	0.901170159204153	0.2	0.52	0.2443557892828	0.307934742306266	0.271145233525272
LC_k1_0.2_k2_0.52	290	0.841330845296861	0.833849022765042	0.855506748819433	0.901170159204153	0.2	0.52	0.2443557892828	0.307934742306266	0.271145233525272
LC_k1_0.2_k2_0.52	300	0.840135112612362	0.830863454038378	0.854851720574673	0.901170159204153	0.2	0.52	0.2443557892828	0.307934742306266	0.271145233525272
LC_k1_0.2_k2_0.6	10	0.563636363636364	0.636363636363636	0.466666666666667	0.333333333333333	0.2	0.6	0.198476743131744	0.247682610307749	0.225847728726807
LC_k1_0.2_k2_0.6	20	0.381954887218045	0.487218045112782	0.818045112781955	0.416541353383459	0.2	0.6	0.198476743131744	0.247682610307749	0.225847728726807
LC_k1_0.2_k2_0.6	30	0.717463848720801	0.782424916573971	0.815350389321468	0.632035595105673	0.2	0.6	0.198476743131744	0.247682610307749	0.225847728726807
LC_k1_0.2_k2_0.6	40	0.788555347091933	0.822889305816135	0.810131332082552	0.632833020637899	0.2	0.6	0.198476743131744	0.247682610307749	0.225847728726807
LC_k1_0.2_k2_0.6	50	0.852292917166867	0.874093637454982	0.860072028811525	0.715918367346939	0.2	0.6	0.198476743131744	0.247682610307749	0.225847728726807
LC_k1_0.2_k2_0.6	60	0.85062517365935	0.860794665184774	0.834898582939706	0.757099194220617	0.2	0.6	0.198476743131744	0.247682610307749	0.225847728726807
LC_k1_0.2_k2_0.6	70	0.866433382906132	0.874446680080483	0.861394453678593	0.795853381156504	0.2	0.6	0.198476743131744	0.247682610307749	0.225847728726807
LC_k1_0.2_k2_0.6	80	0.859024847632443	0.870018752930145	0.852625410220347	0.819714017815284	0.2	0.6	0.198476743131744	0.247682610307749	0.225847728726807
LC_k1_0.2_k2_0.6	90	0.88971477960242	0.898489525455818	0.886718524920772	0.840869243116434	0.2	0.6	0.198476743131744	0.247682610307749	0.225847728726807
LC_k1_0.2_k2_0.6	100	0.904194419441944	0.909138913891389	0.903654365436544	0.863966396639664	0.2	0.6	0.198476743131744	0.247682610307749	0.225847728726807
LC_k1_0.2_k2_0.6	110	0.918355386245294	0.923125126794852	0.91922998895476	0.890052521245182	0.2	0.6	0.198476743131744	0.247682610307749	0.225847728726807
LC_k1_0.2_k2_0.6	120	0.926668518647128	0.928911729981249	0.928897840127786	0.910722966872699	0.2	0.6	0.198476743131744	0.247682610307749	0.225847728726807
LC_k1_0.2_k2_0.6	130	0.926411667508774	0.926165863250898	0.931764738013628	0.917650111294706	0.2	0.6	0.198476743131744	0.247682610307749	0.225847728726807
LC_k1_0.2_k2_0.6	140	0.930799676368328	0.928490520653386	0.93742537884586	0.922446480505565	0.2	0.6	0.198476743131744	0.247682610307749	0.225847728726807
LC_k1_0.2_k2_0.6	150	0.927338992844127	0.92333525934486	0.935847815458465	0.908995066447398	0.2	0.6	0.198476743131744	0.247682610307749	0.225847728726807
LC_k1_0.2_k2_0.6	160	0.919685339271065	0.915782843079808	0.931703386851049	0.912791515293566	0.2	0.6	0.198476743131744	0.247682610307749	0.225847728726807
LC_k1_0.2_k2_0.6	170	0.914758703232149	0.909480279187352	0.929084458448593	0.916485610126954	0.2	0.6	0.198476743131744	0.247682610307749	0.225847728726807
LC_k1_0.2_k2_0.6	180	0.907157628321862	0.903978517855489	0.921390577898495	0.910867619370968	0.2	0.6	0.198476743131744	0.247682610307749	0.225847728726807
LC_k1_0.2_k2_0.6	190	0.903281764620977	0.894838317434074	0.91771225620771	0.910525003608498	0.2	0.6	0.198476743131744	0.247682610307749	0.225847728726807
LC_k1_0.2_k2_0.6	200	0.883451586289657	0.877499437485937	0.899140478511963	0.906433660841521	0.2	0.6	0.198476743131744	0.247682610307749	0.225847728726807
LC_k1_0.2_k2_0.6	210	0.880393789298753	0.875049968739168	0.893942525421697	0.911374731529384	0.2	0.6	0.198476743131744	0.247682610307749	0.225847728726807
LC_k1_0.2_k2_0.6	220	0.862921285000254	0.855362526273082	0.878339710249461	0.902714368628954	0.2	0.6	0.198476743131744	0.247682610307749	0.225847728726807
LC_k1_0.2_k2_0.6	230	0.856629491639934	0.850017383414004	0.872428919096852	0.892629185889106	0.2	0.6	0.198476743131744	0.247682610307749	0.225847728726807
LC_k1_0.2_k2_0.6	240	0.849064219864928	0.843815864858765	0.860531432837376	0.894492959947221	0.2	0.6	0.198476743131744	0.247682610307749	0.225847728726807
LC_k1_0.2_k2_0.6	240	0.849064219864928	0.843815864858765	0.860531432837376	0.894492959947221	0.2	0.6	0.198476743131744	0.247682610307749	0.225847728726807
LC_k1_0.2_k2_0.6	250	0.842426918830701	0.831941247059953	0.851570105121682	0.894492959947221	0.2	0.6	0.198476743131744	0.247682610307749	0.225847728726807
LC_k1_0.2_k2_0.6	260	0.833528943873771	0.82649720580755	0.847058502230916	0.894492959947221	0.2	0.6	0.198476743131744	0.247682610307749	0.225847728726807
LC_k1_0.2_k2_0.6	270	0.826969734381359	0.819918273532178	0.841865229061213	0.894492959947221	0.2	0.6	0.198476743131744	0.247682610307749	0.225847728726807
LC_k1_0.2_k2_0.6	280	0.823363453979916	0.816079833379799	0.835991712722283	0.894492959947221	0.2	0.6	0.198476743131744	0.247682610307749	0.225847728726807
LC_k1_0.2_k2_0.6	290	0.818013990899888	0.810199063419099	0.831455292223328	0.894492959947221	0.2	0.6	0.198476743131744	0.247682610307749	0.225847728726807
LC_k1_0.2_k2_0.6	300	0.81416149068323	0.807204524494717	0.829111879020878	0.894492959947221	0.2	0.6	0.198476743131744	0.247682610307749	0.225847728726807
LC_k1_0.2_k2_0.68	10	0.36969696969697	0.490909090909091	0.575757575757576	0.478787878787879	0.2	0.68	0.149152235016774	0.185391175380052	0.171337172104926
LC_k1_0.2_k2_0.68	20	0.657142857142857	0.769924812030075	0.712781954887218	0.606015037593985	0.2	0.68	0.149152235016774	0.185391175380052	0.171337172104926
LC_k1_0.2_k2_0.68	30	0.685428253615128	0.679199110122358	0.684538375973304	0.62091212458287	0.2	0.68	0.149152235016774	0.185391175380052	0.171337172104926
LC_k1_0.2_k2_0.68	40	0.772232645403377	0.77016885553471	0.752157598499062	0.681050656660413	0.2	0.68	0.149152235016774	0.185391175380052	0.171337172104926
LC_k1_0.2_k2_0.68	50	0.793997599039616	0.786602641056423	0.78343337334934	0.703625450180072	0.2	0.68	0.149152235016774	0.185391175380052	0.171337172104926
LC_k1_0.2_k2_0.68	60	0.774659627674354	0.767768824673521	0.754876354542929	0.70075020839122	0.2	0.68	0.149152235016774	0.185391175380052	0.171337172104926
LC_k1_0.2_k2_0.68	70	0.762470475024057	0.75263756451754	0.751552795031056	0.730907182223777	0.2	0.68	0.149152235016774	0.185391175380052	0.171337172104926
LC_k1_0.2_k2_0.68	80	0.797069854664791	0.791654946085326	0.787998124706986	0.774964838255978	0.2	0.68	0.149152235016774	0.185391175380052	0.171337172104926
LC_k1_0.2_k2_0.68	90	0.837691896118862	0.833707865168539	0.837099230357657	0.805819648516278	0.2	0.68	0.149152235016774	0.185391175380052	0.171337172104926
LC_k1_0.2_k2_0.68	100	0.823930393039304	0.817845784578458	0.834707470747075	0.828262826282628	0.2	0.68	0.149152235016774	0.185391175380052	0.171337172104926
LC_k1_0.2_k2_0.68	110	0.854671685864346	0.850650316705363	0.862570159817866	0.865347248833487	0.2	0.68	0.149152235016774	0.185391175380052	0.171337172104926
LC_k1_0.2_k2_0.68	120	0.870428501979304	0.868157510938259	0.876998402666852	0.881033405097576	0.2	0.68	0.149152235016774	0.185391175380052	0.171337172104926
LC_k1_0.2_k2_0.68	130	0.891807890316678	0.888814540687433	0.898275273457237	0.898619399418263	0.2	0.68	0.149152235016774	0.185391175380052	0.171337172104926
LC_k1_0.2_k2_0.68	140	0.896363517089064	0.894128709190702	0.906505433950712	0.905079705232774	0.2	0.68	0.149152235016774	0.185391175380052	0.171337172104926
LC_k1_0.2_k2_0.68	150	0.902128983510378	0.896190941819637	0.911722298768834	0.907469665318459	0.2	0.68	0.149152235016774	0.185391175380052	0.171337172104926
LC_k1_0.2_k2_0.68	160	0.894360131255127	0.886206492441111	0.903852689558186	0.902466893238017	0.2	0.68	0.149152235016774	0.185391175380052	0.171337172104926
LC_k1_0.2_k2_0.68	170	0.894739284689273	0.885437924780626	0.90683251812092	0.908044039789694	0.2	0.68	0.149152235016774	0.185391175380052	0.171337172104926
LC_k1_0.2_k2_0.68	180	0.882093068716113	0.873541364445405	0.901379672212105	0.918773213165015	0.2	0.68	0.149152235016774	0.185391175380052	0.171337172104926
LC_k1_0.2_k2_0.68	190	0.891358413485722	0.878938183154221	0.906670690688327	0.907349525646577	0.2	0.68	0.149152235016774	0.185391175380052	0.171337172104926
LC_k1_0.2_k2_0.68	200	0.884158103952599	0.871929798244956	0.901132528313208	0.910459761494037	0.2	0.68	0.149152235016774	0.185391175380052	0.171337172104926
LC_k1_0.2_k2_0.68	210	0.870631339226999	0.861007538233779	0.89049703103083	0.895038760192165	0.2	0.68	0.149152235016774	0.185391175380052	0.171337172104926
LC_k1_0.2_k2_0.68	220	0.859568473428264	0.848849619357275	0.880721051712188	0.886034835430484	0.2	0.68	0.149152235016774	0.185391175380052	0.171337172104926
LC_k1_0.2_k2_0.68	230	0.852442677884106	0.8458414188811	0.871478132651476	0.880642767143622	0.2	0.68	0.149152235016774	0.185391175380052	0.171337172104926
LC_k1_0.2_k2_0.68	240	0.835552700567718	0.830415458601712	0.854010486293165	0.876128057778781	0.2	0.68	0.149152235016774	0.185391175380052	0.171337172104926
LC_k1_0.2_k2_0.68	240	0.835552700567718	0.830415458601712	0.854010486293165	0.876128057778781	0.2	0.68	0.149152235016774	0.185391175380052	0.171337172104926
LC_k1_0.2_k2_0.68	250	0.827920702731244	0.814839149426391	0.841923870781933	0.876128057778781	0.2	0.68	0.149152235016774	0.185391175380052	0.171337172104926
LC_k1_0.2_k2_0.68	260	0.818255618255618	0.804251542182577	0.831320217527114	0.876128057778781	0.2	0.68	0.149152235016774	0.185391175380052	0.171337172104926
LC_k1_0.2_k2_0.68	270	0.816085268659378	0.807081029918106	0.835785584621645	0.876128057778781	0.2	0.68	0.149152235016774	0.185391175380052	0.171337172104926
LC_k1_0.2_k2_0.68	280	0.815336383663786	0.804721452350886	0.831563813678381	0.876128057778781	0.2	0.68	0.149152235016774	0.185391175380052	0.171337172104926
LC_k1_0.2_k2_0.68	290	0.808611771594316	0.802696575587639	0.826119216637534	0.876128057778781	0.2	0.68	0.149152235016774	0.185391175380052	0.171337172104926
LC_k1_0.2_k2_0.68	300	0.802427582528695	0.797288414315715	0.824813164590718	0.876128057778781	0.2	0.68	0.149152235016774	0.185391175380052	0.171337172104926
LC_k1_0.32_k2_0.04	10	0.515151515151515	0.684848484848485	0.672727272727273	0.563636363636364	0.32	0.04	0.375192673859824	0.456989247311828	0.399488163787588
LC_k1_0.32_k2_0.04	20	0.780451127819549	0.786466165413534	0.657142857142857	0.699248120300752	0.32	0.04	0.375192673859824	0.456989247311828	0.399488163787588
LC_k1_0.32_k2_0.04	30	0.854060066740823	0.860289210233593	0.745939933259177	0.830033370411569	0.32	0.04	0.375192673859824	0.456989247311828	0.399488163787588
LC_k1_0.32_k2_0.04	40	0.85046904315197	0.853658536585366	0.801313320825516	0.762851782363978	0.32	0.04	0.375192673859824	0.456989247311828	0.399488163787588
LC_k1_0.32_k2_0.04	50	0.885810324129652	0.891284513805522	0.851140456182473	0.734453781512605	0.32	0.04	0.375192673859824	0.456989247311828	0.399488163787588
LC_k1_0.32_k2_0.04	60	0.875354265073632	0.877299249791609	0.845623784384551	0.787163100861351	0.32	0.04	0.375192673859824	0.456989247311828	0.399488163787588
LC_k1_0.32_k2_0.04	70	0.861394453678593	0.858979966757064	0.838649287026507	0.821887848832123	0.32	0.04	0.375192673859824	0.456989247311828	0.399488163787588
LC_k1_0.32_k2_0.04	80	0.883638068448195	0.880543834974215	0.872831692451946	0.859751523675574	0.32	0.04	0.375192673859824	0.456989247311828	0.399488163787588
LC_k1_0.32_k2_0.04	90	0.875787134214101	0.87473350619418	0.86645264847512	0.877779149689262	0.32	0.04	0.375192673859824	0.456989247311828	0.399488163787588
LC_k1_0.32_k2_0.04	100	0.871563156315632	0.874047404740474	0.868406840684068	0.894257425742574	0.32	0.04	0.375192673859824	0.456989247311828	0.399488163787588
LC_k1_0.32_k2_0.04	110	0.888709059351261	0.889583662060726	0.890503347384081	0.914045488357415	0.32	0.04	0.375192673859824	0.456989247311828	0.399488163787588
LC_k1_0.32_k2_0.04	120	0.90095145496215	0.900250017362317	0.906729634002361	0.927099104104452	0.32	0.04	0.375192673859824	0.456989247311828	0.399488163787588
LC_k1_0.32_k2_0.04	130	0.909068811536413	0.906069999590326	0.916355542203226	0.928645755097024	0.32	0.04	0.375192673859824	0.456989247311828	0.399488163787588
LC_k1_0.32_k2_0.04	140	0.909300037173908	0.904777940565481	0.920010496162341	0.924427631147362	0.32	0.04	0.375192673859824	0.456989247311828	0.399488163787588
LC_k1_0.32_k2_0.04	150	0.909002177874572	0.901773412151651	0.921678296813192	0.928167474109961	0.32	0.04	0.375192673859824	0.456989247311828	0.399488163787588
LC_k1_0.32_k2_0.04	160	0.89913570842611	0.890208601898512	0.912932145786945	0.917104183757178	0.32	0.04	0.375192673859824	0.456989247311828	0.399488163787588
LC_k1_0.32_k2_0.04	170	0.890823822521846	0.883053962787233	0.906734814760535	0.907787568468683	0.32	0.04	0.375192673859824	0.456989247311828	0.399488163787588
LC_k1_0.32_k2_0.04	180	0.880339928187084	0.870675020833977	0.89848863648055	0.909653590131383	0.32	0.04	0.375192673859824	0.456989247311828	0.399488163787588
LC_k1_0.32_k2_0.04	190	0.880761239923544	0.867742655066987	0.89764113599881	0.895664116661637	0.32	0.04	0.375192673859824	0.456989247311828	0.399488163787588
LC_k1_0.32_k2_0.04	200	0.866294157353934	0.852849321233031	0.885716642916073	0.890401260031501	0.32	0.04	0.375192673859824	0.456989247311828	0.399488163787588
LC_k1_0.32_k2_0.04	210	0.862440677307228	0.848846588681959	0.877755569449259	0.894854758611306	0.32	0.04	0.375192673859824	0.456989247311828	0.399488163787588
LC_k1_0.32_k2_0.04	220	0.845030231653922	0.830294765669463	0.857427182004136	0.892174706840299	0.32	0.04	0.375192673859824	0.456989247311828	0.399488163787588
LC_k1_0.32_k2_0.04	230	0.844787071671446	0.830353660010011	0.854190389067929	0.900184190216467	0.32	0.04	0.375192673859824	0.456989247311828	0.399488163787588
LC_k1_0.32_k2_0.04	240	0.843052830778312	0.823033385996285	0.850642372263407	0.910339589228979	0.32	0.04	0.375192673859824	0.456989247311828	0.399488163787588
LC_k1_0.32_k2_0.04	240	0.843052830778312	0.823033385996285	0.850642372263407	0.910339589228979	0.32	0.04	0.375192673859824	0.456989247311828	0.399488163787588
LC_k1_0.32_k2_0.04	250	0.835355061680987	0.811873853981664	0.844229443671099	0.910339589228979	0.32	0.04	0.375192673859824	0.456989247311828	0.399488163787588
LC_k1_0.32_k2_0.04	260	0.828111931560207	0.806101819894923	0.83291104670415	0.910339589228979	0.32	0.04	0.375192673859824	0.456989247311828	0.399488163787588
LC_k1_0.32_k2_0.04	270	0.82686609022224	0.803860744927152	0.834665008360121	0.910339589228979	0.32	0.04	0.375192673859824	0.456989247311828	0.399488163787588
LC_k1_0.32_k2_0.04	280	0.817137062608306	0.793947991319131	0.829091296718435	0.910339589228979	0.32	0.04	0.375192673859824	0.456989247311828	0.399488163787588
LC_k1_0.32_k2_0.04	290	0.81389913611667	0.794463421804597	0.827021109357568	0.910339589228979	0.32	0.04	0.375192673859824	0.456989247311828	0.399488163787588
LC_k1_0.32_k2_0.04	300	0.800395559950666	0.787354526161402	0.815955732841476	0.910339589228979	0.32	0.04	0.375192673859824	0.456989247311828	0.399488163787588
LC_k1_0.32_k2_0.12	10	0.418181818181818	0.684848484848485	0.757575757575757	0.636363636363636	0.32	0.12	0.278538398766887	0.345569150908417	0.302879078694818
LC_k1_0.32_k2_0.12	20	0.845112781954887	0.849624060150376	0.693233082706767	0.741353383458647	0.32	0.12	0.278538398766887	0.345569150908417	0.302879078694818
LC_k1_0.32_k2_0.12	30	0.902113459399333	0.909232480533927	0.835372636262514	0.839377085650723	0.32	0.12	0.278538398766887	0.345569150908417	0.302879078694818
LC_k1_0.32_k2_0.12	40	0.874108818011257	0.854596622889306	0.840900562851783	0.735647279549719	0.32	0.12	0.278538398766887	0.345569150908417	0.302879078694818
LC_k1_0.32_k2_0.12	50	0.865834333733493	0.864585834333733	0.826362545018007	0.752509003601441	0.32	0.12	0.278538398766887	0.345569150908417	0.302879078694818
LC_k1_0.32_k2_0.12	60	0.852625729369269	0.848624617949431	0.812225618227286	0.782661850514032	0.32	0.12	0.278538398766887	0.345569150908417	0.302879078694818
LC_k1_0.32_k2_0.12	70	0.830391041903596	0.825877001137258	0.823007610882687	0.811809990377045	0.32	0.12	0.278538398766887	0.345569150908417	0.302879078694818
LC_k1_0.32_k2_0.12	80	0.838279418659166	0.836146272855134	0.836169714017815	0.852625410220347	0.32	0.12	0.278538398766887	0.345569150908417	0.302879078694818
LC_k1_0.32_k2_0.12	90	0.845841050335432	0.847849528748405	0.850565913487262	0.855175536074412	0.32	0.12	0.278538398766887	0.345569150908417	0.302879078694818
LC_k1_0.32_k2_0.12	100	0.868862886288629	0.867050705070507	0.874287428742874	0.882400240024002	0.32	0.12	0.278538398766887	0.345569150908417	0.302879078694818
LC_k1_0.32_k2_0.12	110	0.88606721817731	0.884849987602281	0.893956675608052	0.894659964384735	0.32	0.12	0.278538398766887	0.345569150908417	0.302879078694818
LC_k1_0.32_k2_0.12	120	0.897860962566845	0.895333009236752	0.906868532536981	0.911125772623099	0.32	0.12	0.278538398766887	0.345569150908417	0.302879078694818
LC_k1_0.32_k2_0.12	130	0.908238539376476	0.904185500279944	0.918835434049352	0.913711780851848	0.32	0.12	0.278538398766887	0.345569150908417	0.302879078694818
LC_k1_0.32_k2_0.12	140	0.898921956659596	0.892969757932256	0.912571341103409	0.91878157048829	0.32	0.12	0.278538398766887	0.345569150908417	0.302879078694818
LC_k1_0.32_k2_0.12	150	0.904934441530735	0.896734965998489	0.917791901862305	0.91899728876839	0.32	0.12	0.278538398766887	0.345569150908417	0.302879078694818
LC_k1_0.32_k2_0.12	160	0.898596624868159	0.889733973983359	0.915305285362709	0.91459334348998	0.32	0.12	0.278538398766887	0.345569150908417	0.302879078694818
LC_k1_0.32_k2_0.12	170	0.902462735327703	0.892472566728342	0.917462643730803	0.909832011284738	0.32	0.12	0.278538398766887	0.345569150908417	0.302879078694818
LC_k1_0.32_k2_0.12	180	0.89844336759365	0.884959412327541	0.910015741226581	0.907435414673292	0.32	0.12	0.278538398766887	0.345569150908417	0.302879078694818
LC_k1_0.32_k2_0.12	190	0.889363898402201	0.879671254926146	0.906612954725383	0.907828909096476	0.32	0.12	0.278538398766887	0.345569150908417	0.302879078694818
LC_k1_0.32_k2_0.12	200	0.875597389934749	0.867690692267307	0.894427360684017	0.902274056851421	0.32	0.12	0.278538398766887	0.345569150908417	0.302879078694818
LC_k1_0.32_k2_0.12	210	0.871068019035093	0.860145840689617	0.887505061663206	0.905675865665888	0.32	0.12	0.278538398766887	0.345569150908417	0.302879078694818
LC_k1_0.32_k2_0.12	220	0.863294320506246	0.850836512399768	0.878641745039811	0.902574621188642	0.32	0.12	0.278538398766887	0.345569150908417	0.302879078694818
LC_k1_0.32_k2_0.12	230	0.848462985656834	0.83216646653138	0.863182422286277	0.899035158879473	0.32	0.12	0.278538398766887	0.345569150908417	0.302879078694818
LC_k1_0.32_k2_0.12	240	0.836243684786194	0.824340700359381	0.850442716019375	0.905112067917846	0.32	0.12	0.278538398766887	0.345569150908417	0.302879078694818
LC_k1_0.32_k2_0.12	240	0.836243684786194	0.824340700359381	0.850442716019375	0.905112067917846	0.32	0.12	0.278538398766887	0.345569150908417	0.302879078694818
LC_k1_0.32_k2_0.12	250	0.82542235875774	0.81175174002784	0.843472951567225	0.905112067917846	0.32	0.12	0.278538398766887	0.345569150908417	0.302879078694818
LC_k1_0.32_k2_0.12	260	0.831359817566714	0.814265572886263	0.847215536870709	0.905112067917846	0.32	0.12	0.278538398766887	0.345569150908417	0.302879078694818
LC_k1_0.32_k2_0.12	270	0.824696878939049	0.804535651304468	0.843691195276265	0.905112067917846	0.32	0.12	0.278538398766887	0.345569150908417	0.302879078694818
LC_k1_0.32_k2_0.12	280	0.807168823217497	0.790523749391847	0.829833106471839	0.905112067917846	0.32	0.12	0.278538398766887	0.345569150908417	0.302879078694818
LC_k1_0.32_k2_0.12	290	0.802088917372014	0.78832189156376	0.82643116425592	0.905112067917846	0.32	0.12	0.278538398766887	0.345569150908417	0.302879078694818
LC_k1_0.32_k2_0.12	300	0.811225458060645	0.798743097145524	0.830868787430972	0.905112067917846	0.32	0.12	0.278538398766887	0.345569150908417	0.302879078694818
LC_k1_0.32_k2_0.2	10	0.321212121212121	0.260606060606061	0.660606060606061	-0.0303030303030303	0.32	0.2	0.21144256052226	0.264738598442714	0.239027511196417
LC_k1_0.32_k2_0.2	20	0.17593984962406	0.261654135338346	0.640601503759399	0.145864661654135	0.32	0.2	0.21144256052226	0.264738598442714	0.239027511196417
LC_k1_0.32_k2_0.2	30	0.609788654060067	0.668520578420467	0.797552836484983	0.527474972191324	0.32	0.2	0.21144256052226	0.264738598442714	0.239027511196417
LC_k1_0.32_k2_0.2	40	0.756848030018762	0.787804878048781	0.835272045028143	0.587054409005629	0.32	0.2	0.21144256052226	0.264738598442714	0.239027511196417
LC_k1_0.32_k2_0.2	50	0.843841536614646	0.862569027611044	0.877166866746699	0.681920768307323	0.32	0.2	0.21144256052226	0.264738598442714	0.239027511196417
LC_k1_0.32_k2_0.2	60	0.848791330925257	0.864962489580439	0.863406501806057	0.743373159210892	0.32	0.2	0.21144256052226	0.264738598442714	0.239027511196417
LC_k1_0.32_k2_0.2	70	0.870072609570466	0.877561018283615	0.878085906744817	0.777797218091156	0.32	0.2	0.21144256052226	0.264738598442714	0.239027511196417
LC_k1_0.32_k2_0.2	80	0.871331458040319	0.881833098921707	0.871964369432724	0.806235349273324	0.32	0.2	0.21144256052226	0.264738598442714	0.239027511196417
LC_k1_0.32_k2_0.2	90	0.898934024776721	0.907313660122649	0.900876651438449	0.835666954768078	0.32	0.2	0.21144256052226	0.264738598442714	0.239027511196417
LC_k1_0.32_k2_0.2	100	0.912091209120912	0.916435643564357	0.915895589558956	0.858265826582658	0.32	0.2	0.21144256052226	0.264738598442714	0.239027511196417
LC_k1_0.32_k2_0.2	110	0.922521019768726	0.9265874715416	0.927489123819399	0.888781191533485	0.32	0.2	0.21144256052226	0.264738598442714	0.239027511196417
LC_k1_0.32_k2_0.2	120	0.925557330370164	0.928606153205084	0.93272449475658	0.891624418362386	0.32	0.2	0.21144256052226	0.264738598442714	0.239027511196417
LC_k1_0.32_k2_0.2	130	0.923822529325814	0.923221674473228	0.933441669284027	0.907025905037622	0.32	0.2	0.21144256052226	0.264738598442714	0.239027511196417
LC_k1_0.32_k2_0.2	140	0.930856530581007	0.92986376855962	0.941921235048436	0.916472414773349	0.32	0.2	0.21144256052226	0.264738598442714	0.239027511196417
LC_k1_0.32_k2_0.2	150	0.932487666118494	0.930009333748167	0.944353082359216	0.916088715054003	0.32	0.2	0.21144256052226	0.264738598442714	0.239027511196417
LC_k1_0.32_k2_0.2	160	0.927698347591703	0.923022383686863	0.939063049337865	0.912208484706434	0.32	0.2	0.21144256052226	0.264738598442714	0.239027511196417
LC_k1_0.32_k2_0.2	170	0.919614560243281	0.911307332026551	0.931004329480157	0.914211564413994	0.32	0.2	0.21144256052226	0.264738598442714	0.239027511196417
LC_k1_0.32_k2_0.2	180	0.916890439005319	0.910213278187598	0.929973147319362	0.915857485313333	0.32	0.2	0.21144256052226	0.264738598442714	0.239027511196417
LC_k1_0.32_k2_0.2	190	0.909351039028636	0.902980837783814	0.921682041053769	0.912664733386696	0.32	0.2	0.21144256052226	0.264738598442714	0.239027511196417
LC_k1_0.32_k2_0.2	200	0.896807920198005	0.886781669541739	0.910657766444161	0.917934448361209	0.32	0.2	0.21144256052226	0.264738598442714	0.239027511196417
LC_k1_0.32_k2_0.2	210	0.890901316194407	0.881256782628696	0.90528842571746	0.915775220040623	0.32	0.2	0.21144256052226	0.264738598442714	0.239027511196417
LC_k1_0.32_k2_0.2	220	0.88142767788215	0.872542445467506	0.896815674253225	0.921821450105092	0.32	0.2	0.21144256052226	0.264738598442714	0.239027511196417
LC_k1_0.32_k2_0.2	230	0.873546389058066	0.863356009853067	0.88785651409536	0.907623798263631	0.32	0.2	0.21144256052226	0.264738598442714	0.239027511196417
LC_k1_0.32_k2_0.2	240	0.865827531727981	0.850554697130158	0.879901560790986	0.905538290595323	0.32	0.2	0.21144256052226	0.264738598442714	0.239027511196417
LC_k1_0.32_k2_0.2	240	0.865827531727981	0.850554697130158	0.879901560790986	0.905538290595323	0.32	0.2	0.21144256052226	0.264738598442714	0.239027511196417
LC_k1_0.32_k2_0.2	250	0.854856429702875	0.839893246291941	0.871239667834685	0.905538290595323	0.32	0.2	0.21144256052226	0.264738598442714	0.239027511196417
LC_k1_0.32_k2_0.2	260	0.845411004031694	0.832901488073902	0.861846385984317	0.905538290595323	0.32	0.2	0.21144256052226	0.264738598442714	0.239027511196417
LC_k1_0.32_k2_0.2	270	0.844528274279025	0.827373946601919	0.860351079347225	0.905538290595323	0.32	0.2	0.21144256052226	0.264738598442714	0.239027511196417
LC_k1_0.32_k2_0.2	280	0.836261759898541	0.821349579896245	0.854884628630467	0.905538290595323	0.32	0.2	0.21144256052226	0.264738598442714	0.239027511196417
LC_k1_0.32_k2_0.2	290	0.83116745412119	0.816359782866745	0.850681893384275	0.905538290595323	0.32	0.2	0.21144256052226	0.264738598442714	0.239027511196417
LC_k1_0.32_k2_0.2	300	0.828490538783764	0.812314803497817	0.842145357170635	0.905538290595323	0.32	0.2	0.21144256052226	0.264738598442714	0.239027511196417
