domainDef	Ntopdommks	LFF_Xenium_loose	LFF_Xenium_strict	LFF_Visium	k1	k2	looseInDom	strictInDom	nmfpredInDom
LC_k1_0.04_k2_0.04	10	0.333333333333333	0.0545454545454545	0.393939393939394	0.04	0.04	0.811224952398223	0.904152762328513	0.821625079974408
LC_k1_0.04_k2_0.04	20	0.717293233082707	0.649624060150376	0.685714285714286	0.04	0.04	0.811224952398223	0.904152762328513	0.821625079974408
LC_k1_0.04_k2_0.04	30	0.83448275862069	0.792213570634038	0.768631813125695	0.04	0.04	0.811224952398223	0.904152762328513	0.821625079974408
LC_k1_0.04_k2_0.04	40	0.850656660412758	0.820825515947468	0.789681050656661	0.04	0.04	0.811224952398223	0.904152762328513	0.821625079974408
LC_k1_0.04_k2_0.04	50	0.860360144057623	0.823577430972389	0.803889555822329	0.04	0.04	0.811224952398223	0.904152762328513	0.821625079974408
LC_k1_0.04_k2_0.04	60	0.870686301750486	0.836065573770492	0.836621283689914	0.04	0.04	0.811224952398223	0.904152762328513	0.821625079974408
LC_k1_0.04_k2_0.04	70	0.884734493920042	0.858700026244423	0.875111538798005	0.04	0.04	0.811224952398223	0.904152762328513	0.821625079974408
LC_k1_0.04_k2_0.04	80	0.856118143459916	0.837154242850445	0.876629160806376	0.04	0.04	0.811224952398223	0.904152762328513	0.821625079974408
LC_k1_0.04_k2_0.04	90	0.857826069062024	0.842844795653784	0.894423179816438	0.04	0.04	0.811224952398223	0.904152762328513	0.821625079974408
LC_k1_0.04_k2_0.04	100	0.867614761476148	0.858253825382538	0.900894089408941	0.04	0.04	0.811224952398223	0.904152762328513	0.821625079974408
LC_k1_0.04_k2_0.04	110	0.871207988639181	0.866212835020174	0.913486463945179	0.04	0.04	0.811224952398223	0.904152762328513	0.821625079974408
LC_k1_0.04_k2_0.04	120	0.885526772692548	0.880470866032363	0.921480658379054	0.04	0.04	0.811224952398223	0.904152762328513	0.821625079974408
LC_k1_0.04_k2_0.04	130	0.883057258736293	0.876294910486283	0.924543555148916	0.04	0.04	0.811224952398223	0.904152762328513	0.821625079974408
LC_k1_0.04_k2_0.04	140	0.891648990837725	0.884756510900702	0.924064638866415	0.04	0.04	0.811224952398223	0.904152762328513	0.821625079974408
LC_k1_0.04_k2_0.04	150	0.892073425485577	0.883728165696253	0.923509489310636	0.04	0.04	0.811224952398223	0.904152762328513	0.821625079974408
LC_k1_0.04_k2_0.04	160	0.889259346068206	0.881354740419548	0.912088362826673	0.04	0.04	0.811224952398223	0.904152762328513	0.821625079974408
LC_k1_0.04_k2_0.04	170	0.880379333296695	0.871664193550357	0.907301494250768	0.04	0.04	0.811224952398223	0.904152762328513	0.821625079974408
LC_k1_0.04_k2_0.04	180	0.876638167844687	0.865302427029641	0.894556416350299	0.04	0.04	0.811224952398223	0.904152762328513	0.821625079974408
LC_k1_0.04_k2_0.04	190	0.871304789023169	0.860438180967253	0.889853779299908	0.04	0.04	0.811224952398223	0.904152762328513	0.821625079974408
LC_k1_0.04_k2_0.04	200	0.86465611640291	0.853690842271057	0.893255831395785	0.04	0.04	0.811224952398223	0.904152762328513	0.821625079974408
LC_k1_0.04_k2_0.04	210	0.859805049029295	0.846940487798557	0.896182939036519	0.04	0.04	0.811224952398223	0.904152762328513	0.821625079974408
LC_k1_0.04_k2_0.04	220	0.85144959794436	0.835366245358187	0.894545905343649	0.04	0.04	0.811224952398223	0.904152762328513	0.821625079974408
LC_k1_0.04_k2_0.04	230	0.850365544840578	0.829955197640787	0.901485110674402	0.04	0.04	0.811224952398223	0.904152762328513	0.821625079974408
LC_k1_0.04_k2_0.04	240	0.844198684004931	0.822916196461744	0.91116078404139	0.04	0.04	0.811224952398223	0.904152762328513	0.821625079974408
LC_k1_0.04_k2_0.04	240	0.844198684004931	0.822916196461744	0.91116078404139	0.04	0.04	0.811224952398223	0.904152762328513	0.821625079974408
LC_k1_0.04_k2_0.04	250	0.836608457735324	0.814775404406471	0.91116078404139	0.04	0.04	0.811224952398223	0.904152762328513	0.821625079974408
LC_k1_0.04_k2_0.04	260	0.832033700999218	0.80850444988376	0.91116078404139	0.04	0.04	0.811224952398223	0.904152762328513	0.821625079974408
LC_k1_0.04_k2_0.04	270	0.822857499950464	0.799930802282	0.91116078404139	0.04	0.04	0.811224952398223	0.904152762328513	0.821625079974408
LC_k1_0.04_k2_0.04	280	0.810015251652262	0.784713361868683	0.91116078404139	0.04	0.04	0.811224952398223	0.904152762328513	0.821625079974408
LC_k1_0.04_k2_0.04	290	0.798434111521274	0.77235745556038	0.91116078404139	0.04	0.04	0.811224952398223	0.904152762328513	0.821625079974408
LC_k1_0.04_k2_0.04	300	0.796156401737797	0.769604995611062	0.91116078404139	0.04	0.04	0.811224952398223	0.904152762328513	0.821625079974408
LC_k1_0.04_k2_0.12	10	0.333333333333333	0.0545454545454545	0.393939393939394	0.04	0.12	0.811224952398223	0.904152762328513	0.821625079974408
LC_k1_0.04_k2_0.12	20	0.717293233082707	0.649624060150376	0.685714285714286	0.04	0.12	0.811224952398223	0.904152762328513	0.821625079974408
LC_k1_0.04_k2_0.12	30	0.83448275862069	0.792213570634038	0.768631813125695	0.04	0.12	0.811224952398223	0.904152762328513	0.821625079974408
LC_k1_0.04_k2_0.12	40	0.850656660412758	0.820825515947468	0.789681050656661	0.04	0.12	0.811224952398223	0.904152762328513	0.821625079974408
LC_k1_0.04_k2_0.12	50	0.860360144057623	0.823577430972389	0.803889555822329	0.04	0.12	0.811224952398223	0.904152762328513	0.821625079974408
LC_k1_0.04_k2_0.12	60	0.870686301750486	0.836065573770492	0.836621283689914	0.04	0.12	0.811224952398223	0.904152762328513	0.821625079974408
LC_k1_0.04_k2_0.12	70	0.884734493920042	0.858700026244423	0.875111538798005	0.04	0.12	0.811224952398223	0.904152762328513	0.821625079974408
LC_k1_0.04_k2_0.12	80	0.856118143459916	0.837154242850445	0.876629160806376	0.04	0.12	0.811224952398223	0.904152762328513	0.821625079974408
LC_k1_0.04_k2_0.12	90	0.857826069062024	0.842844795653784	0.894423179816438	0.04	0.12	0.811224952398223	0.904152762328513	0.821625079974408
LC_k1_0.04_k2_0.12	100	0.867614761476148	0.858253825382538	0.900894089408941	0.04	0.12	0.811224952398223	0.904152762328513	0.821625079974408
LC_k1_0.04_k2_0.12	110	0.871207988639181	0.866212835020174	0.913486463945179	0.04	0.12	0.811224952398223	0.904152762328513	0.821625079974408
LC_k1_0.04_k2_0.12	120	0.885526772692548	0.880470866032363	0.921480658379054	0.04	0.12	0.811224952398223	0.904152762328513	0.821625079974408
LC_k1_0.04_k2_0.12	130	0.883057258736293	0.876294910486283	0.924543555148916	0.04	0.12	0.811224952398223	0.904152762328513	0.821625079974408
LC_k1_0.04_k2_0.12	140	0.891648990837725	0.884756510900702	0.924064638866415	0.04	0.12	0.811224952398223	0.904152762328513	0.821625079974408
LC_k1_0.04_k2_0.12	150	0.892073425485577	0.883728165696253	0.923509489310636	0.04	0.12	0.811224952398223	0.904152762328513	0.821625079974408
LC_k1_0.04_k2_0.12	160	0.889259346068206	0.881354740419548	0.912088362826673	0.04	0.12	0.811224952398223	0.904152762328513	0.821625079974408
LC_k1_0.04_k2_0.12	170	0.880379333296695	0.871664193550357	0.907301494250768	0.04	0.12	0.811224952398223	0.904152762328513	0.821625079974408
LC_k1_0.04_k2_0.12	180	0.876584668251078	0.865277734909514	0.894533781906849	0.04	0.12	0.811224952398223	0.904152762328513	0.821625079974408
LC_k1_0.04_k2_0.12	190	0.871210311992897	0.860380445004309	0.889829285255023	0.04	0.12	0.811224952398223	0.904152762328513	0.821625079974408
LC_k1_0.04_k2_0.12	200	0.864566114152854	0.853638340958524	0.893234830870772	0.04	0.12	0.811224952398223	0.904152762328513	0.821625079974408
LC_k1_0.04_k2_0.12	210	0.859723414525111	0.846887360581549	0.896208854752132	0.04	0.12	0.811224952398223	0.904152762328513	0.821625079974408
LC_k1_0.04_k2_0.12	220	0.85142480404366	0.835340324462001	0.894575207226295	0.04	0.12	0.811224952398223	0.904152762328513	0.821625079974408
LC_k1_0.04_k2_0.12	230	0.850287627694121	0.829909828163103	0.901516672050183	0.04	0.12	0.811224952398223	0.904152762328513	0.821625079974408
LC_k1_0.04_k2_0.12	240	0.844122293789823	0.822870188718554	0.911190298442681	0.04	0.12	0.811224952398223	0.904152762328513	0.821625079974408
LC_k1_0.04_k2_0.12	240	0.844122293789823	0.822870188718554	0.911190298442681	0.04	0.12	0.811224952398223	0.904152762328513	0.821625079974408
LC_k1_0.04_k2_0.12	250	0.836534728555657	0.814732395718331	0.911190298442681	0.04	0.12	0.811224952398223	0.904152762328513	0.821625079974408
LC_k1_0.04_k2_0.12	260	0.831964059550266	0.808469629159284	0.911190298442681	0.04	0.12	0.811224952398223	0.904152762328513	0.821625079974408
LC_k1_0.04_k2_0.12	270	0.822816042286817	0.799930802282	0.911190298442681	0.04	0.12	0.811224952398223	0.904152762328513	0.821625079974408
LC_k1_0.04_k2_0.12	280	0.809976985858056	0.784713361868683	0.911190298442681	0.04	0.12	0.811224952398223	0.904152762328513	0.821625079974408
LC_k1_0.04_k2_0.12	290	0.798398193262374	0.77235745556038	0.911190298442681	0.04	0.12	0.811224952398223	0.904152762328513	0.821625079974408
LC_k1_0.04_k2_0.12	300	0.796127068078534	0.769603217813531	0.911190298442681	0.04	0.12	0.811224952398223	0.904152762328513	0.821625079974408
LC_k1_0.04_k2_0.2	10	0.333333333333333	0.0545454545454545	0.393939393939394	0.04	0.2	0.811134282346541	0.904152762328513	0.821625079974408
LC_k1_0.04_k2_0.2	20	0.717293233082707	0.649624060150376	0.685714285714286	0.04	0.2	0.811134282346541	0.904152762328513	0.821625079974408
LC_k1_0.04_k2_0.2	30	0.83448275862069	0.792213570634038	0.768631813125695	0.04	0.2	0.811134282346541	0.904152762328513	0.821625079974408
LC_k1_0.04_k2_0.2	40	0.850844277673546	0.821013133208255	0.789681050656661	0.04	0.2	0.811134282346541	0.904152762328513	0.821625079974408
LC_k1_0.04_k2_0.2	50	0.860648259303721	0.823769507803121	0.803889555822329	0.04	0.2	0.811134282346541	0.904152762328513	0.821625079974408
LC_k1_0.04_k2_0.2	60	0.870464017782718	0.835787718810781	0.836621283689914	0.04	0.2	0.811134282346541	0.904152762328513	0.821625079974408
LC_k1_0.04_k2_0.2	70	0.884524538535561	0.858420085731782	0.875111538798005	0.04	0.2	0.811134282346541	0.904152762328513	0.821625079974408
LC_k1_0.04_k2_0.2	80	0.856375996249414	0.83722456633849	0.876090014064698	0.04	0.2	0.811134282346541	0.904152762328513	0.821625079974408
LC_k1_0.04_k2_0.2	90	0.858073013129193	0.842927110342841	0.894242087500514	0.04	0.2	0.811134282346541	0.904152762328513	0.821625079974408
LC_k1_0.04_k2_0.2	100	0.868370837083709	0.858781878187819	0.900750075007501	0.04	0.2	0.811134282346541	0.904152762328513	0.821625079974408
LC_k1_0.04_k2_0.2	110	0.871992426120866	0.866871041182968	0.913414331762955	0.04	0.2	0.811134282346541	0.904152762328513	0.821625079974408
LC_k1_0.04_k2_0.2	120	0.886193485658726	0.881047294951038	0.921508438085978	0.04	0.2	0.811134282346541	0.904152762328513	0.821625079974408
LC_k1_0.04_k2_0.2	130	0.878616395144	0.871815810676098	0.921659451856505	0.04	0.2	0.811134282346541	0.904152762328513	0.821625079974408
LC_k1_0.04_k2_0.2	140	0.89229188078109	0.885351293433338	0.924519472567843	0.04	0.2	0.811134282346541	0.904152762328513	0.821625079974408
LC_k1_0.04_k2_0.2	150	0.892528556824748	0.884169074181075	0.923982399217743	0.04	0.2	0.811134282346541	0.904152762328513	0.821625079974408
LC_k1_0.04_k2_0.2	160	0.889666588538615	0.881803000117192	0.912287589358959	0.04	0.2	0.811134282346541	0.904152762328513	0.821625079974408
LC_k1_0.04_k2_0.2	170	0.881024175475235	0.872374985497158	0.907584833995884	0.04	0.2	0.811134282346541	0.904152762328513	0.821625079974408
LC_k1_0.04_k2_0.2	180	0.877494161342428	0.866273650421309	0.894986470775847	0.04	0.2	0.811134282346541	0.904152762328513	0.821625079974408
LC_k1_0.04_k2_0.2	190	0.871936385466284	0.861199245933333	0.890284174660036	0.04	0.2	0.811134282346541	0.904152762328513	0.821625079974408
LC_k1_0.04_k2_0.2	200	0.865214130353259	0.854406360159004	0.893731343283582	0.04	0.2	0.811134282346541	0.904152762328513	0.821625079974408
LC_k1_0.04_k2_0.2	210	0.860246911980511	0.847558577615948	0.897014833507724	0.04	0.2	0.811134282346541	0.904152762328513	0.821625079974408
LC_k1_0.04_k2_0.2	220	0.851633298208641	0.837681094087218	0.894993322551743	0.04	0.2	0.811134282346541	0.904152762328513	0.821625079974408
LC_k1_0.04_k2_0.2	230	0.850358640789626	0.830002539704457	0.901932887693283	0.04	0.2	0.811134282346541	0.904152762328513	0.821625079974408
LC_k1_0.04_k2_0.2	240	0.844231670688727	0.822988246323721	0.911575721800726	0.04	0.2	0.811134282346541	0.904152762328513	0.821625079974408
LC_k1_0.04_k2_0.2	240	0.844231670688727	0.822988246323721	0.911575721800726	0.04	0.2	0.811134282346541	0.904152762328513	0.821625079974408
LC_k1_0.04_k2_0.2	250	0.836351173618778	0.814569577113234	0.911575721800726	0.04	0.2	0.811134282346541	0.904152762328513	0.821625079974408
LC_k1_0.04_k2_0.2	260	0.828985180709319	0.80661388937251	0.911575721800726	0.04	0.2	0.811134282346541	0.904152762328513	0.821625079974408
LC_k1_0.04_k2_0.2	270	0.823032475677917	0.802013440208751	0.911575721800726	0.04	0.2	0.811134282346541	0.904152762328513	0.821625079974408
LC_k1_0.04_k2_0.2	280	0.809764337373108	0.784317037571543	0.911575721800726	0.04	0.2	0.811134282346541	0.904152762328513	0.821625079974408
LC_k1_0.04_k2_0.2	290	0.802225701974397	0.77635815916463	0.911575721800726	0.04	0.2	0.811134282346541	0.904152762328513	0.821625079974408
LC_k1_0.04_k2_0.2	300	0.795572839698219	0.76884276491961	0.911575721800726	0.04	0.2	0.811134282346541	0.904152762328513	0.821625079974408
LC_k1_0.04_k2_0.28	10	0.296969696969697	0.00606060606060606	0.43030303030303	0.04	0.28	0.808595520899447	0.902484241750093	0.821369161868202
LC_k1_0.04_k2_0.28	20	0.715789473684211	0.642105263157895	0.693233082706767	0.04	0.28	0.808595520899447	0.902484241750093	0.821369161868202
LC_k1_0.04_k2_0.28	30	0.818909899888765	0.774860956618465	0.803337041156841	0.04	0.28	0.808595520899447	0.902484241750093	0.821369161868202
LC_k1_0.04_k2_0.28	40	0.851031894934334	0.822889305816135	0.787054409005629	0.04	0.28	0.808595520899447	0.902484241750093	0.821369161868202
LC_k1_0.04_k2_0.28	50	0.856134453781513	0.820408163265306	0.808883553421369	0.04	0.28	0.808595520899447	0.902484241750093	0.821369161868202
LC_k1_0.04_k2_0.28	60	0.87379827729925	0.839066407335371	0.831064184495693	0.04	0.28	0.808595520899447	0.902484241750093	0.821369161868202
LC_k1_0.04_k2_0.28	70	0.880885311871227	0.853031230863441	0.869372758288864	0.04	0.28	0.808595520899447	0.902484241750093	0.821369161868202
LC_k1_0.04_k2_0.28	80	0.863267698077825	0.843413033286451	0.874847632442569	0.04	0.28	0.808595520899447	0.902484241750093	0.821369161868202
LC_k1_0.04_k2_0.28	90	0.856739515166481	0.844128904803062	0.887722764127259	0.04	0.28	0.808595520899447	0.902484241750093	0.821369161868202
LC_k1_0.04_k2_0.28	100	0.879411941194119	0.869198919891989	0.896297629762976	0.04	0.28	0.808595520899447	0.902484241750093	0.821369161868202
LC_k1_0.04_k2_0.28	110	0.881486824606091	0.875508870004283	0.90953722696842	0.04	0.28	0.808595520899447	0.902484241750093	0.821369161868202
LC_k1_0.04_k2_0.28	120	0.892180012500868	0.885221195916383	0.915862212653656	0.04	0.28	0.808595520899447	0.902484241750093	0.821369161868202
LC_k1_0.04_k2_0.28	130	0.889399008589493	0.881353015881686	0.92009176692294	0.04	0.28	0.808595520899447	0.902484241750093	0.821369161868202
LC_k1_0.04_k2_0.28	140	0.89401062736437	0.885959196168901	0.922210316852901	0.04	0.28	0.808595520899447	0.902484241750093	0.821369161868202
LC_k1_0.04_k2_0.28	150	0.89238277256767	0.883553935730477	0.921596515400685	0.04	0.28	0.808595520899447	0.902484241750093	0.821369161868202
LC_k1_0.04_k2_0.28	160	0.898757763975155	0.888005390835579	0.911405718973397	0.04	0.28	0.808595520899447	0.902484241750093	0.821369161868202
LC_k1_0.04_k2_0.28	170	0.89424099755131	0.884981161570826	0.899008921538095	0.04	0.28	0.808595520899447	0.902484241750093	0.821369161868202
LC_k1_0.04_k2_0.28	180	0.890955482165087	0.881521034599833	0.89275800693437	0.04	0.28	0.808595520899447	0.902484241750093	0.821369161868202
LC_k1_0.04_k2_0.28	190	0.888709557488836	0.87894168230349	0.884778263284739	0.04	0.28	0.808595520899447	0.902484241750093	0.821369161868202
LC_k1_0.04_k2_0.28	200	0.883733593339834	0.871725793144829	0.889370734268357	0.04	0.28	0.808595520899447	0.902484241750093	0.821369161868202
LC_k1_0.04_k2_0.28	210	0.872926175844609	0.859514793014419	0.889881532785	0.04	0.28	0.808595520899447	0.902484241750093	0.821369161868202
LC_k1_0.04_k2_0.28	220	0.870974794745947	0.856488394763979	0.892112722088548	0.04	0.28	0.808595520899447	0.902484241750093	0.821369161868202
LC_k1_0.04_k2_0.28	230	0.861988021471598	0.840382287164136	0.900174327286535	0.04	0.28	0.808595520899447	0.902484241750093	0.821369161868202
LC_k1_0.04_k2_0.28	240	0.852419312835292	0.833029219257279	0.90995763815344	0.04	0.28	0.808595520899447	0.902484241750093	0.821369161868202
LC_k1_0.04_k2_0.28	240	0.852419312835292	0.833029219257279	0.90995763815344	0.04	0.28	0.808595520899447	0.902484241750093	0.821369161868202
LC_k1_0.04_k2_0.28	250	0.840434694955119	0.81585292564681	0.90995763815344	0.04	0.28	0.808595520899447	0.902484241750093	0.821369161868202
LC_k1_0.04_k2_0.28	260	0.831086031086031	0.80610113713562	0.90995763815344	0.04	0.28	0.808595520899447	0.902484241750093	0.821369161868202
LC_k1_0.04_k2_0.28	270	0.822919076774411	0.796843425683328	0.90995763815344	0.04	0.28	0.808595520899447	0.902484241750093	0.821369161868202
LC_k1_0.04_k2_0.28	280	0.804724732276104	0.781795868387534	0.90995763815344	0.04	0.28	0.808595520899447	0.902484241750093	0.821369161868202
LC_k1_0.04_k2_0.28	290	0.796117629837741	0.775389350236236	0.90995763815344	0.04	0.28	0.808595520899447	0.902484241750093	0.821369161868202
LC_k1_0.04_k2_0.28	300	0.792348359426216	0.768668540761564	0.90995763815344	0.04	0.28	0.808595520899447	0.902484241750093	0.821369161868202
LC_k1_0.04_k2_0.36	10	0.466666666666667	0.127272727272727	0.503030303030303	0.04	0.36	0.794723002992112	0.89228772710419	0.812412028150992
LC_k1_0.04_k2_0.36	20	0.769924812030075	0.694736842105263	0.75187969924812	0.04	0.36	0.794723002992112	0.89228772710419	0.812412028150992
LC_k1_0.04_k2_0.36	30	0.844271412680756	0.81579532814238	0.811345939933259	0.04	0.36	0.794723002992112	0.89228772710419	0.812412028150992
LC_k1_0.04_k2_0.36	40	0.882739212007505	0.846153846153846	0.836397748592871	0.04	0.36	0.794723002992112	0.89228772710419	0.812412028150992
LC_k1_0.04_k2_0.36	50	0.893877551020408	0.855558223289316	0.818775510204082	0.04	0.36	0.794723002992112	0.89228772710419	0.812412028150992
LC_k1_0.04_k2_0.36	60	0.893025840511253	0.862295081967213	0.829619338705196	0.04	0.36	0.794723002992112	0.89228772710419	0.812412028150992
LC_k1_0.04_k2_0.36	70	0.877700988539935	0.856985390604496	0.867588137520777	0.04	0.36	0.794723002992112	0.89228772710419	0.812412028150992
LC_k1_0.04_k2_0.36	80	0.877519924988279	0.858602906704173	0.874472573839663	0.04	0.36	0.794723002992112	0.89228772710419	0.812412028150992
LC_k1_0.04_k2_0.36	90	0.877845001440507	0.865102687574598	0.889533687286496	0.04	0.36	0.794723002992112	0.89228772710419	0.812412028150992
LC_k1_0.04_k2_0.36	100	0.895085508550855	0.885220522052205	0.893273327332733	0.04	0.36	0.794723002992112	0.89228772710419	0.812412028150992
LC_k1_0.04_k2_0.36	110	0.896796880283119	0.891035322227983	0.9072921127967	0.04	0.36	0.794723002992112	0.89228772710419	0.812412028150992
LC_k1_0.04_k2_0.36	120	0.898513785679561	0.893138412389749	0.913619001319536	0.04	0.36	0.794723002992112	0.89228772710419	0.812412028150992
LC_k1_0.04_k2_0.36	130	0.89640716109738	0.889677586748419	0.917442543254722	0.04	0.36	0.794723002992112	0.89228772710419	0.812412028150992
LC_k1_0.04_k2_0.36	140	0.908499704795434	0.901646585467189	0.92252520172312	0.04	0.36	0.794723002992112	0.89228772710419	0.812412028150992
LC_k1_0.04_k2_0.36	150	0.892752566780746	0.884304191297391	0.918154584648207	0.04	0.36	0.794723002992112	0.89228772710419	0.812412028150992
LC_k1_0.04_k2_0.36	160	0.90090823860307	0.891280909410524	0.908455408414391	0.04	0.36	0.794723002992112	0.89228772710419	0.812412028150992
LC_k1_0.04_k2_0.36	170	0.896182851838961	0.886720281385678	0.896839906937549	0.04	0.36	0.794723002992112	0.89228772710419	0.812412028150992
LC_k1_0.04_k2_0.36	180	0.888115888350464	0.880123872135971	0.88841219379199	0.04	0.36	0.794723002992112	0.89228772710419	0.812412028150992
LC_k1_0.04_k2_0.36	190	0.887547839931417	0.87828559181549	0.881688514479917	0.04	0.36	0.794723002992112	0.89228772710419	0.812412028150992
LC_k1_0.04_k2_0.36	200	0.885094127353184	0.874019350483762	0.885740643516088	0.04	0.36	0.794723002992112	0.89228772710419	0.812412028150992
LC_k1_0.04_k2_0.36	210	0.875976455572365	0.862790539468015	0.886327192388554	0.04	0.36	0.794723002992112	0.89228772710419	0.812412028150992
LC_k1_0.04_k2_0.36	220	0.871813279387816	0.854471072843353	0.888842181187064	0.04	0.36	0.794723002992112	0.89228772710419	0.812412028150992
LC_k1_0.04_k2_0.36	230	0.864017812451456	0.845357149021474	0.896827835160852	0.04	0.36	0.794723002992112	0.89228772710419	0.812412028150992
LC_k1_0.04_k2_0.36	240	0.863015850969635	0.84563881317384	0.907336932932863	0.04	0.36	0.794723002992112	0.89228772710419	0.812412028150992
LC_k1_0.04_k2_0.36	240	0.863015850969635	0.84563881317384	0.907336932932863	0.04	0.36	0.794723002992112	0.89228772710419	0.812412028150992
LC_k1_0.04_k2_0.36	250	0.843591225459607	0.821036240579849	0.907336932932863	0.04	0.36	0.794723002992112	0.89228772710419	0.812412028150992
LC_k1_0.04_k2_0.36	260	0.83576771162978	0.808494891253512	0.907336932932863	0.04	0.36	0.794723002992112	0.89228772710419	0.812412028150992
LC_k1_0.04_k2_0.36	270	0.818873296539657	0.793301843799107	0.907336932932863	0.04	0.36	0.794723002992112	0.89228772710419	0.812412028150992
LC_k1_0.04_k2_0.36	280	0.803609011047881	0.779224407016853	0.907336932932863	0.04	0.36	0.794723002992112	0.89228772710419	0.812412028150992
LC_k1_0.04_k2_0.36	290	0.7985275974006	0.778626913846612	0.907336932932863	0.04	0.36	0.794723002992112	0.89228772710419	0.812412028150992
LC_k1_0.04_k2_0.36	300	0.78544383826487	0.764347159412882	0.907336932932863	0.04	0.36	0.794723002992112	0.89228772710419	0.812412028150992
LC_k1_0.04_k2_0.44	10	0.418181818181818	0.115151515151515	0.539393939393939	0.04	0.44	0.772690180433403	0.873007044864665	0.795649392194498
LC_k1_0.04_k2_0.44	20	0.765413533834587	0.693233082706767	0.730827067669173	0.04	0.44	0.772690180433403	0.873007044864665	0.795649392194498
LC_k1_0.04_k2_0.44	30	0.855394883203559	0.808676307007786	0.794883203559511	0.04	0.44	0.772690180433403	0.873007044864665	0.795649392194498
LC_k1_0.04_k2_0.44	40	0.85515947467167	0.822326454033771	0.824765478424015	0.04	0.44	0.772690180433403	0.873007044864665	0.795649392194498
LC_k1_0.04_k2_0.44	50	0.872364945978391	0.836350540216087	0.805810324129652	0.04	0.44	0.772690180433403	0.873007044864665	0.795649392194498
LC_k1_0.04_k2_0.44	60	0.87907752153376	0.845123645457072	0.830564045568213	0.04	0.44	0.772690180433403	0.873007044864665	0.795649392194498
LC_k1_0.04_k2_0.44	70	0.886519114688129	0.859119937013385	0.870667483159829	0.04	0.44	0.772690180433403	0.873007044864665	0.795649392194498
LC_k1_0.04_k2_0.44	80	0.866666666666667	0.84732770745429	0.872620721987811	0.04	0.44	0.772690180433403	0.873007044864665	0.795649392194498
LC_k1_0.04_k2_0.44	90	0.862666172778532	0.848376342758365	0.896069473597563	0.04	0.44	0.772690180433403	0.873007044864665	0.795649392194498
LC_k1_0.04_k2_0.44	100	0.867626762676268	0.85982598259826	0.905082508250825	0.04	0.44	0.772690180433403	0.873007044864665	0.795649392194498
LC_k1_0.04_k2_0.44	110	0.86906205621802	0.865248067082929	0.917904560106395	0.04	0.44	0.772690180433403	0.873007044864665	0.795649392194498
LC_k1_0.04_k2_0.44	120	0.883172442530731	0.879019376345579	0.92661295923328	0.04	0.44	0.772690180433403	0.873007044864665	0.795649392194498
LC_k1_0.04_k2_0.44	130	0.887503584645427	0.881675292575346	0.925182646219394	0.04	0.44	0.772690180433403	0.873007044864665	0.795649392194498
LC_k1_0.04_k2_0.44	140	0.900373925783386	0.894299271828738	0.917482670398636	0.04	0.44	0.772690180433403	0.873007044864665	0.795649392194498
LC_k1_0.04_k2_0.44	150	0.894103737943909	0.885267789679541	0.915903817947464	0.04	0.44	0.772690180433403	0.873007044864665	0.795649392194498
LC_k1_0.04_k2_0.44	160	0.894342552443455	0.88419957810852	0.910236727997187	0.04	0.44	0.772690180433403	0.873007044864665	0.795649392194498
LC_k1_0.04_k2_0.44	170	0.880025158615299	0.870362296273228	0.904385048943277	0.04	0.44	0.772690180433403	0.873007044864665	0.795649392194498
LC_k1_0.04_k2_0.44	180	0.883473769766557	0.873010483862671	0.898023601551488	0.04	0.44	0.772690180433403	0.873007044864665	0.795649392194498
LC_k1_0.04_k2_0.44	190	0.868323513845697	0.856121980343529	0.887836519746137	0.04	0.44	0.772690180433403	0.873007044864665	0.795649392194498
LC_k1_0.04_k2_0.44	200	0.850897772444311	0.837754443861097	0.889712742818571	0.04	0.44	0.772690180433403	0.873007044864665	0.795649392194498
LC_k1_0.04_k2_0.44	210	0.85203681327403	0.836272283466098	0.895651666866434	0.04	0.44	0.772690180433403	0.873007044864665	0.795649392194498
LC_k1_0.04_k2_0.44	220	0.847348461369412	0.829056197629929	0.895158990888242	0.04	0.44	0.772690180433403	0.873007044864665	0.795649392194498
LC_k1_0.04_k2_0.44	230	0.836106707038926	0.820943438562577	0.901168510623608	0.04	0.44	0.772690180433403	0.873007044864665	0.795649392194498
LC_k1_0.04_k2_0.44	240	0.837696835014497	0.82024427507422	0.91094897480859	0.04	0.44	0.772690180433403	0.873007044864665	0.795649392194498
LC_k1_0.04_k2_0.44	240	0.837696835014497	0.82024427507422	0.91094897480859	0.04	0.44	0.772690180433403	0.873007044864665	0.795649392194498
LC_k1_0.04_k2_0.44	250	0.830399078385254	0.808569097105554	0.91094897480859	0.04	0.44	0.772690180433403	0.873007044864665	0.795649392194498
LC_k1_0.04_k2_0.44	260	0.822363098225167	0.798644722782654	0.91094897480859	0.04	0.44	0.772690180433403	0.873007044864665	0.795649392194498
LC_k1_0.04_k2_0.44	270	0.818522125741703	0.794029181927507	0.91094897480859	0.04	0.44	0.772690180433403	0.873007044864665	0.795649392194498
LC_k1_0.04_k2_0.44	280	0.809634780327009	0.78855688756963	0.91094897480859	0.04	0.44	0.772690180433403	0.873007044864665	0.795649392194498
LC_k1_0.04_k2_0.44	290	0.803887290471698	0.777243322832573	0.91094897480859	0.04	0.44	0.772690180433403	0.873007044864665	0.795649392194498
LC_k1_0.04_k2_0.44	300	0.790556783964266	0.765888065422949	0.91094897480859	0.04	0.44	0.772690180433403	0.873007044864665	0.795649392194498
LC_k1_0.04_k2_0.52	10	0.345454545454545	0.163636363636364	0.587878787878788	0.04	0.52	0.741137002448092	0.845198368557657	0.763659628918746
LC_k1_0.04_k2_0.52	20	0.768421052631579	0.720300751879699	0.730827067669173	0.04	0.52	0.741137002448092	0.845198368557657	0.763659628918746
LC_k1_0.04_k2_0.52	30	0.858954393770856	0.835817575083426	0.804671857619577	0.04	0.52	0.741137002448092	0.845198368557657	0.763659628918746
LC_k1_0.04_k2_0.52	40	0.856472795497186	0.822514071294559	0.828893058161351	0.04	0.52	0.741137002448092	0.845198368557657	0.763659628918746
LC_k1_0.04_k2_0.52	50	0.873517406962785	0.83625450180072	0.80609843937575	0.04	0.52	0.741137002448092	0.845198368557657	0.763659628918746
LC_k1_0.04_k2_0.52	60	0.881633787163101	0.84784662406224	0.829063628785774	0.04	0.52	0.741137002448092	0.845198368557657	0.763659628918746
LC_k1_0.04_k2_0.52	70	0.860799580089231	0.840188959846033	0.867483159828536	0.04	0.52	0.741137002448092	0.845198368557657	0.763659628918746
LC_k1_0.04_k2_0.52	80	0.863361462728551	0.844421003281763	0.874988279418659	0.04	0.52	0.741137002448092	0.845198368557657	0.763659628918746
LC_k1_0.04_k2_0.52	90	0.866962999547269	0.855043832571922	0.887821541754126	0.04	0.52	0.741137002448092	0.845198368557657	0.763659628918746
LC_k1_0.04_k2_0.52	100	0.885436543654366	0.876255625562556	0.897209720972097	0.04	0.52	0.741137002448092	0.845198368557657	0.763659628918746
LC_k1_0.04_k2_0.52	110	0.8879967540518	0.883876203142258	0.911079052363456	0.04	0.52	0.741137002448092	0.845198368557657	0.763659628918746
LC_k1_0.04_k2_0.52	120	0.894492673102299	0.888513091186888	0.922883533578721	0.04	0.52	0.741137002448092	0.845198368557657	0.763659628918746
LC_k1_0.04_k2_0.52	130	0.893752475112319	0.888852776905324	0.915601742479072	0.04	0.52	0.741137002448092	0.845198368557657	0.763659628918746
LC_k1_0.04_k2_0.52	140	0.90012026852682	0.893726356300978	0.918562900439527	0.04	0.52	0.741137002448092	0.845198368557657	0.763659628918746
LC_k1_0.04_k2_0.52	150	0.900201786746078	0.890434241521846	0.918695053113472	0.04	0.52	0.741137002448092	0.845198368557657	0.763659628918746
LC_k1_0.04_k2_0.52	160	0.891875659205438	0.880563693894293	0.913714402906363	0.04	0.52	0.741137002448092	0.845198368557657	0.763659628918746
LC_k1_0.04_k2_0.52	170	0.883945505950745	0.873987090943509	0.898747565049066	0.04	0.52	0.741137002448092	0.845198368557657	0.763659628918746
LC_k1_0.04_k2_0.52	180	0.882986100394045	0.873494037881828	0.885770136938383	0.04	0.52	0.741137002448092	0.845198368557657	0.763659628918746
LC_k1_0.04_k2_0.52	190	0.876441540150551	0.86557318252	0.879260104887	0.04	0.52	0.741137002448092	0.845198368557657	0.763659628918746
LC_k1_0.04_k2_0.52	200	0.88030300757519	0.868011700292507	0.883972099302483	0.04	0.52	0.741137002448092	0.845198368557657	0.763659628918746
LC_k1_0.04_k2_0.52	210	0.874179200694541	0.858984816630115	0.888015601260799	0.04	0.52	0.741137002448092	0.845198368557657	0.763659628918746
LC_k1_0.04_k2_0.52	220	0.866079126353099	0.84733042944163	0.88894022979438	0.04	0.52	0.741137002448092	0.845198368557657	0.763659628918746
LC_k1_0.04_k2_0.52	230	0.865704373469705	0.84537490229535	0.895818857428882	0.04	0.52	0.741137002448092	0.845198368557657	0.763659628918746
LC_k1_0.04_k2_0.52	240	0.844978211427282	0.827298216982934	0.906472334589142	0.04	0.52	0.741137002448092	0.845198368557657	0.763659628918746
LC_k1_0.04_k2_0.52	240	0.844978211427282	0.827298216982934	0.906472334589142	0.04	0.52	0.741137002448092	0.845198368557657	0.763659628918746
LC_k1_0.04_k2_0.52	250	0.834146210339365	0.81379618873902	0.906472334589142	0.04	0.52	0.741137002448092	0.845198368557657	0.763659628918746
LC_k1_0.04_k2_0.52	260	0.832046673425984	0.806017840500599	0.906472334589142	0.04	0.52	0.741137002448092	0.845198368557657	0.763659628918746
LC_k1_0.04_k2_0.52	270	0.810867699755064	0.784231150861694	0.906472334589142	0.04	0.52	0.741137002448092	0.845198368557657	0.763659628918746
LC_k1_0.04_k2_0.52	280	0.799040621873821	0.775023369467176	0.906472334589142	0.04	0.52	0.741137002448092	0.845198368557657	0.763659628918746
LC_k1_0.04_k2_0.52	290	0.797970618372189	0.773363166809561	0.906472334589142	0.04	0.52	0.741137002448092	0.845198368557657	0.763659628918746
LC_k1_0.04_k2_0.52	300	0.789736774853054	0.762795142168246	0.906472334589142	0.04	0.52	0.741137002448092	0.845198368557657	0.763659628918746
LC_k1_0.04_k2_0.6	10	0.296969696969697	0.296969696969697	0.709090909090909	0.04	0.6	0.704234291413546	0.815535780496848	0.725655790147153
LC_k1_0.04_k2_0.6	20	0.786466165413534	0.77593984962406	0.723308270676692	0.04	0.6	0.704234291413546	0.815535780496848	0.725655790147153
LC_k1_0.04_k2_0.6	30	0.869187986651835	0.843826473859844	0.781979977753059	0.04	0.6	0.704234291413546	0.815535780496848	0.725655790147153
LC_k1_0.04_k2_0.6	40	0.881050656660413	0.858724202626642	0.785365853658537	0.04	0.6	0.704234291413546	0.815535780496848	0.725655790147153
LC_k1_0.04_k2_0.6	50	0.892244897959184	0.862088835534214	0.769891956782713	0.04	0.6	0.704234291413546	0.815535780496848	0.725655790147153
LC_k1_0.04_k2_0.6	60	0.884690191719922	0.85112531258683	0.821839399833287	0.04	0.6	0.704234291413546	0.815535780496848	0.725655790147153
LC_k1_0.04_k2_0.6	70	0.875706412387368	0.857650249322019	0.862129297524276	0.04	0.6	0.704234291413546	0.815535780496848	0.725655790147153
LC_k1_0.04_k2_0.6	80	0.889943741209564	0.870557899671824	0.870346929207689	0.04	0.6	0.704234291413546	0.815535780496848	0.725655790147153
LC_k1_0.04_k2_0.6	90	0.889945260731778	0.876313948224061	0.892711034284068	0.04	0.6	0.704234291413546	0.815535780496848	0.725655790147153
LC_k1_0.04_k2_0.6	100	0.874527452745275	0.867974797479748	0.904698469846985	0.04	0.6	0.704234291413546	0.815535780496848	0.725655790147153
LC_k1_0.04_k2_0.6	110	0.873912945472578	0.870144038951379	0.92075378130424	0.04	0.6	0.704234291413546	0.815535780496848	0.725655790147153
LC_k1_0.04_k2_0.6	120	0.888381137578998	0.885012848114452	0.928397805403153	0.04	0.6	0.704234291413546	0.815535780496848	0.725655790147153
LC_k1_0.04_k2_0.6	130	0.894424340083847	0.88857966106324	0.932272733479905	0.04	0.6	0.704234291413546	0.815535780496848	0.725655790147153
LC_k1_0.04_k2_0.6	140	0.905661367562485	0.898882596050819	0.919892414336008	0.04	0.6	0.704234291413546	0.815535780496848	0.725655790147153
LC_k1_0.04_k2_0.6	150	0.90148895506467	0.893417485221566	0.915850482243655	0.04	0.6	0.704234291413546	0.815535780496848	0.725655790147153
LC_k1_0.04_k2_0.6	160	0.896449080042189	0.887853041134419	0.909477909293332	0.04	0.6	0.704234291413546	0.815535780496848	0.725655790147153
LC_k1_0.04_k2_0.6	170	0.892074425534774	0.882069601431354	0.898014789846179	0.04	0.6	0.704234291413546	0.815535780496848	0.725655790147153
LC_k1_0.04_k2_0.6	180	0.882942889183823	0.872516641460127	0.895149027233351	0.04	0.6	0.704234291413546	0.815535780496848	0.725655790147153
LC_k1_0.04_k2_0.6	190	0.865769134879083	0.855696833707305	0.885098435442883	0.04	0.6	0.704234291413546	0.815535780496848	0.725655790147153
LC_k1_0.04_k2_0.6	200	0.851290782269557	0.841740043501088	0.889253731343284	0.04	0.6	0.704234291413546	0.815535780496848	0.725655790147153
LC_k1_0.04_k2_0.6	210	0.845945324318984	0.834157561072004	0.894270359224213	0.04	0.6	0.704234291413546	0.815535780496848	0.725655790147153
LC_k1_0.04_k2_0.6	220	0.841124065298119	0.826320979584477	0.896134968979449	0.04	0.6	0.704234291413546	0.815535780496848	0.725655790147153
LC_k1_0.04_k2_0.6	230	0.836615634223381	0.817034759430811	0.901569931871811	0.04	0.6	0.704234291413546	0.815535780496848	0.725655790147153
LC_k1_0.04_k2_0.6	240	0.831172416187781	0.810152954044341	0.911689439052761	0.04	0.6	0.704234291413546	0.815535780496848	0.725655790147153
LC_k1_0.04_k2_0.6	240	0.831172416187781	0.810152954044341	0.911689439052761	0.04	0.6	0.704234291413546	0.815535780496848	0.725655790147153
LC_k1_0.04_k2_0.6	250	0.821080017280277	0.796937551000816	0.911689439052761	0.04	0.6	0.704234291413546	0.815535780496848	0.725655790147153
LC_k1_0.04_k2_0.6	260	0.812845433535088	0.786848690296966	0.911689439052761	0.04	0.6	0.704234291413546	0.815535780496848	0.725655790147153
LC_k1_0.04_k2_0.6	270	0.811866951383268	0.783209951058618	0.911689439052761	0.04	0.6	0.704234291413546	0.815535780496848	0.725655790147153
LC_k1_0.04_k2_0.6	280	0.817467788401091	0.792216737458386	0.911689439052761	0.04	0.6	0.704234291413546	0.815535780496848	0.725655790147153
LC_k1_0.04_k2_0.6	290	0.810241870111211	0.784287729855331	0.911689439052761	0.04	0.6	0.704234291413546	0.815535780496848	0.725655790147153
LC_k1_0.04_k2_0.6	300	0.803902265580729	0.78155579506439	0.911689439052761	0.04	0.6	0.704234291413546	0.815535780496848	0.725655790147153
LC_k1_0.04_k2_0.68	10	0.357575757575758	0.2	0.575757575757576	0.04	0.68	0.657720554900716	0.769929551353356	0.680870121561101
LC_k1_0.04_k2_0.68	20	0.780451127819549	0.732330827067669	0.720300751879699	0.04	0.68	0.657720554900716	0.769929551353356	0.680870121561101
LC_k1_0.04_k2_0.68	30	0.857174638487208	0.828698553948832	0.784649610678532	0.04	0.68	0.657720554900716	0.769929551353356	0.680870121561101
LC_k1_0.04_k2_0.68	40	0.866604127579738	0.841651031894935	0.830769230769231	0.04	0.68	0.657720554900716	0.769929551353356	0.680870121561101
LC_k1_0.04_k2_0.68	50	0.885714285714286	0.859591836734694	0.820504201680672	0.04	0.68	0.657720554900716	0.769929551353356	0.680870121561101
LC_k1_0.04_k2_0.68	60	0.88713531536538	0.852959155320923	0.824117810502918	0.04	0.68	0.657720554900716	0.769929551353356	0.680870121561101
LC_k1_0.04_k2_0.68	70	0.894252471349838	0.870247572390867	0.866223427521652	0.04	0.68	0.657720554900716	0.769929551353356	0.680870121561101
LC_k1_0.04_k2_0.68	80	0.875925925925926	0.859634317862166	0.878598218471636	0.04	0.68	0.657720554900716	0.769929551353356	0.680870121561101
LC_k1_0.04_k2_0.68	90	0.873087212413055	0.862962505659135	0.883195456229164	0.04	0.68	0.657720554900716	0.769929551353356	0.680870121561101
LC_k1_0.04_k2_0.68	100	0.890933093309331	0.883540354035404	0.894461446144615	0.04	0.68	0.657720554900716	0.769929551353356	0.680870121561101
LC_k1_0.04_k2_0.68	110	0.893352568581926	0.890223835177964	0.911944638550143	0.04	0.68	0.657720554900716	0.769929551353356	0.680870121561101
LC_k1_0.04_k2_0.68	120	0.896096951177165	0.892707826932426	0.919897215084381	0.04	0.68	0.657720554900716	0.769929551353356	0.680870121561101
LC_k1_0.04_k2_0.68	130	0.899974053995002	0.894686531292247	0.914400032773901	0.04	0.68	0.657720554900716	0.769929551353356	0.680870121561101
LC_k1_0.04_k2_0.68	140	0.899061905490805	0.891771446065033	0.918873411908771	0.04	0.68	0.657720554900716	0.769929551353356	0.680870121561101
LC_k1_0.04_k2_0.68	150	0.900180452464554	0.892059202631228	0.915992710787146	0.04	0.68	0.657720554900716	0.769929551353356	0.680870121561101
LC_k1_0.04_k2_0.68	160	0.898376889722255	0.888793507558889	0.907110629321458	0.04	0.68	0.657720554900716	0.769929551353356	0.680870121561101
LC_k1_0.04_k2_0.68	170	0.88878670745782	0.87729190710853	0.898388505199651	0.04	0.68	0.657720554900716	0.769929551353356	0.680870121561101
LC_k1_0.04_k2_0.68	180	0.880827597559595	0.870851981028221	0.890270275831559	0.04	0.68	0.657720554900716	0.769929551353356	0.680870121561101
LC_k1_0.04_k2_0.68	190	0.881672768308205	0.871985373556054	0.881384088493485	0.04	0.68	0.657720554900716	0.769929551353356	0.680870121561101
LC_k1_0.04_k2_0.68	200	0.877899947498688	0.868407710192755	0.882893572339309	0.04	0.68	0.657720554900716	0.769929551353356	0.680870121561101
LC_k1_0.04_k2_0.68	210	0.871469712627109	0.859324312504657	0.88674832276728	0.04	0.68	0.657720554900716	0.769929551353356	0.680870121561101
LC_k1_0.04_k2_0.68	220	0.868285783515437	0.852786214591211	0.88744132579749	0.04	0.68	0.657720554900716	0.769929551353356	0.680870121561101
LC_k1_0.04_k2_0.68	230	0.866229081342049	0.847049627797682	0.896234086778989	0.04	0.68	0.657720554900716	0.769929551353356	0.680870121561101
LC_k1_0.04_k2_0.68	240	0.856764006319554	0.834466744214309	0.906091251584229	0.04	0.68	0.657720554900716	0.769929551353356	0.680870121561101
LC_k1_0.04_k2_0.68	240	0.856764006319554	0.834466744214309	0.906091251584229	0.04	0.68	0.657720554900716	0.769929551353356	0.680870121561101
LC_k1_0.04_k2_0.68	250	0.834909614553833	0.812561992991888	0.906091251584229	0.04	0.68	0.657720554900716	0.769929551353356	0.680870121561101
LC_k1_0.04_k2_0.68	260	0.821035814139262	0.795018588122036	0.906091251584229	0.04	0.68	0.657720554900716	0.769929551353356	0.680870121561101
LC_k1_0.04_k2_0.68	270	0.812102284591619	0.78305143646232	0.906091251584229	0.04	0.68	0.657720554900716	0.769929551353356	0.680870121561101
LC_k1_0.04_k2_0.68	280	0.803454307908447	0.772002011687467	0.906091251584229	0.04	0.68	0.657720554900716	0.769929551353356	0.680870121561101
LC_k1_0.04_k2_0.68	290	0.800269386941745	0.7719972889095	0.906091251584229	0.04	0.68	0.657720554900716	0.769929551353356	0.680870121561101
LC_k1_0.04_k2_0.68	300	0.797579084212047	0.773848153868376	0.906091251584229	0.04	0.68	0.657720554900716	0.769929551353356	0.680870121561101
LC_k1_0.04_k2_0.76	10	0.345454545454545	0.2	0.309090909090909	0.04	0.76	0.601233112702874	0.711716722284019	0.626999360204735
LC_k1_0.04_k2_0.76	20	0.732330827067669	0.769924812030075	0.670676691729323	0.04	0.76	0.601233112702874	0.711716722284019	0.626999360204735
LC_k1_0.04_k2_0.76	30	0.889655172413793	0.891879866518354	0.767296996662959	0.04	0.76	0.601233112702874	0.711716722284019	0.626999360204735
LC_k1_0.04_k2_0.76	40	0.89718574108818	0.876360225140713	0.809568480300188	0.04	0.76	0.601233112702874	0.711716722284019	0.626999360204735
LC_k1_0.04_k2_0.76	50	0.921728691476591	0.895030012004802	0.800720288115246	0.04	0.76	0.601233112702874	0.711716722284019	0.626999360204735
LC_k1_0.04_k2_0.76	60	0.863462072798	0.832620172270075	0.847235343150875	0.04	0.76	0.601233112702874	0.711716722284019	0.626999360204735
LC_k1_0.04_k2_0.76	70	0.86587350188085	0.84480797830461	0.880955296999388	0.04	0.76	0.601233112702874	0.711716722284019	0.626999360204735
LC_k1_0.04_k2_0.76	80	0.873019221753399	0.855860290670417	0.886146272855134	0.04	0.76	0.601233112702874	0.711716722284019	0.626999360204735
LC_k1_0.04_k2_0.76	90	0.882010124706754	0.866946536609458	0.899757171667284	0.04	0.76	0.601233112702874	0.711716722284019	0.626999360204735
LC_k1_0.04_k2_0.76	100	0.887704770477048	0.879267926792679	0.907206720672067	0.04	0.76	0.601233112702874	0.711716722284019	0.626999360204735
LC_k1_0.04_k2_0.76	110	0.889863174266844	0.885174582422289	0.920861979577576	0.04	0.76	0.601233112702874	0.711716722284019	0.626999360204735
LC_k1_0.04_k2_0.76	120	0.896041391763317	0.890964650322939	0.931550802139037	0.04	0.76	0.601233112702874	0.711716722284019	0.626999360204735
LC_k1_0.04_k2_0.76	130	0.906233869095577	0.901285010037007	0.928886097038059	0.04	0.76	0.601233112702874	0.711716722284019	0.626999360204735
LC_k1_0.04_k2_0.76	140	0.905976252432704	0.899403030766876	0.923216199077213	0.04	0.76	0.601233112702874	0.711716722284019	0.626999360204735
LC_k1_0.04_k2_0.76	150	0.917482554780213	0.909073292146318	0.926403840170674	0.04	0.76	0.601233112702874	0.711716722284019	0.626999360204735
LC_k1_0.04_k2_0.76	160	0.916415680300012	0.907980780499238	0.925644556427985	0.04	0.76	0.601233112702874	0.711716722284019	0.626999360204735
LC_k1_0.04_k2_0.76	170	0.908178381910223	0.896585878200549	0.910002992165412	0.04	0.76	0.601233112702874	0.711716722284019	0.626999360204735
LC_k1_0.04_k2_0.76	180	0.89829315719621	0.883239194625349	0.909865530829141	0.04	0.76	0.601233112702874	0.711716722284019	0.626999360204735
LC_k1_0.04_k2_0.76	190	0.884727525620334	0.871266298381206	0.903033325022854	0.04	0.76	0.601233112702874	0.711716722284019	0.626999360204735
LC_k1_0.04_k2_0.76	200	0.873431335783395	0.862449561239031	0.901083027075677	0.04	0.76	0.601233112702874	0.711716722284019	0.626999360204735
LC_k1_0.04_k2_0.76	210	0.865033544654398	0.853830180794511	0.903970611578494	0.04	0.76	0.601233112702874	0.711716722284019	0.626999360204735
LC_k1_0.04_k2_0.76	220	0.862509931647724	0.848017896688324	0.905004423457284	0.04	0.76	0.601233112702874	0.711716722284019	0.626999360204735
LC_k1_0.04_k2_0.76	230	0.857011187028275	0.837447079216588	0.908550913677171	0.04	0.76	0.601233112702874	0.711716722284019	0.626999360204735
LC_k1_0.04_k2_0.76	240	0.854757895102346	0.834841750724839	0.916942134412056	0.04	0.76	0.601233112702874	0.711716722284019	0.626999360204735
LC_k1_0.04_k2_0.76	240	0.854757895102346	0.834841750724839	0.916942134412056	0.04	0.76	0.601233112702874	0.711716722284019	0.626999360204735
LC_k1_0.04_k2_0.76	250	0.853814237027792	0.835823549176787	0.916942134412056	0.04	0.76	0.601233112702874	0.711716722284019	0.626999360204735
LC_k1_0.04_k2_0.76	260	0.831187762222245	0.812181791492136	0.916942134412056	0.04	0.76	0.601233112702874	0.711716722284019	0.626999360204735
LC_k1_0.04_k2_0.76	270	0.819670746893342	0.799069336418271	0.916942134412056	0.04	0.76	0.601233112702874	0.711716722284019	0.626999360204735
LC_k1_0.04_k2_0.76	280	0.82120034329884	0.79607447616861	0.916942134412056	0.04	0.76	0.601233112702874	0.711716722284019	0.626999360204735
LC_k1_0.04_k2_0.76	290	0.822911174883789	0.800665963882469	0.916942134412056	0.04	0.76	0.601233112702874	0.711716722284019	0.626999360204735
LC_k1_0.04_k2_0.76	300	0.81526016955744	0.796770186335404	0.916942134412056	0.04	0.76	0.601233112702874	0.711716722284019	0.626999360204735
LC_k1_0.08_k2_0.04	10	0.381818181818182	0.2	0.527272727272727	0.08	0.04	0.674947864720283	0.778642936596218	0.688291746641075
LC_k1_0.08_k2_0.04	20	0.783458646616541	0.735338345864662	0.706766917293233	0.08	0.04	0.674947864720283	0.778642936596218	0.688291746641075
LC_k1_0.08_k2_0.04	30	0.850945494994438	0.823359288097887	0.778865406006674	0.08	0.04	0.674947864720283	0.778642936596218	0.688291746641075
LC_k1_0.08_k2_0.04	40	0.861538461538462	0.835459662288931	0.835272045028143	0.08	0.04	0.674947864720283	0.778642936596218	0.688291746641075
LC_k1_0.08_k2_0.04	50	0.884945978391357	0.853253301320528	0.809651860744298	0.08	0.04	0.674947864720283	0.778642936596218	0.688291746641075
LC_k1_0.08_k2_0.04	60	0.890080577938316	0.860238955265352	0.831675465407058	0.08	0.04	0.674947864720283	0.778642936596218	0.688291746641075
LC_k1_0.08_k2_0.04	70	0.900691103140583	0.873151955209518	0.87101740880063	0.08	0.04	0.674947864720283	0.778642936596218	0.688291746641075
LC_k1_0.08_k2_0.04	80	0.896788560712611	0.877707454289733	0.878551336146273	0.08	0.04	0.674947864720283	0.778642936596218	0.688291746641075
LC_k1_0.08_k2_0.04	90	0.887755690002881	0.876956002798699	0.893369551796518	0.08	0.04	0.674947864720283	0.778642936596218	0.688291746641075
LC_k1_0.08_k2_0.04	100	0.901194119411941	0.895697569756976	0.904194419441944	0.08	0.04	0.674947864720283	0.778642936596218	0.688291746641075
LC_k1_0.08_k2_0.04	110	0.908608525122287	0.903604354980502	0.916371751234136	0.08	0.04	0.674947864720283	0.778642936596218	0.688291746641075
LC_k1_0.08_k2_0.04	120	0.908889506215709	0.904139176331689	0.919577748454754	0.08	0.04	0.674947864720283	0.778642936596218	0.688291746641075
LC_k1_0.08_k2_0.04	130	0.907309945513389	0.900591295798113	0.928214232066531	0.08	0.04	0.674947864720283	0.778642936596218	0.688291746641075
LC_k1_0.08_k2_0.04	140	0.912597581509261	0.906444206337058	0.931551901336074	0.08	0.04	0.674947864720283	0.778642936596218	0.688291746641075
LC_k1_0.08_k2_0.04	150	0.912963242810792	0.907131872527668	0.925991377394551	0.08	0.04	0.674947864720283	0.778642936596218	0.688291746641075
LC_k1_0.08_k2_0.04	160	0.914068908941755	0.906146724481425	0.917025079104653	0.08	0.04	0.674947864720283	0.778642936596218	0.688291746641075
LC_k1_0.08_k2_0.04	170	0.914599935271524	0.905293690194857	0.910308315166615	0.08	0.04	0.674947864720283	0.778642936596218	0.688291746641075
LC_k1_0.08_k2_0.04	180	0.912635163636738	0.902673950842104	0.899887856621089	0.08	0.04	0.674947864720283	0.778642936596218	0.688291746641075
LC_k1_0.08_k2_0.04	190	0.911158349626247	0.899707383642352	0.893834061593775	0.08	0.04	0.674947864720283	0.778642936596218	0.688291746641075
LC_k1_0.08_k2_0.04	200	0.903721593039826	0.89319882997075	0.897286432160804	0.08	0.04	0.674947864720283	0.778642936596218	0.688291746641075
LC_k1_0.08_k2_0.04	210	0.891606223659105	0.880550579378217	0.896749197422682	0.08	0.04	0.674947864720283	0.778642936596218	0.688291746641075
LC_k1_0.08_k2_0.04	220	0.883706462755617	0.870481170722911	0.9003848689586	0.08	0.04	0.674947864720283	0.778642936596218	0.688291746641075
LC_k1_0.08_k2_0.04	230	0.869488779684337	0.856102811181604	0.907555744047105	0.08	0.04	0.674947864720283	0.778642936596218	0.688291746641075
LC_k1_0.08_k2_0.04	240	0.872066355318669	0.85607475824233	0.914105279605549	0.08	0.04	0.674947864720283	0.778642936596218	0.688291746641075
LC_k1_0.08_k2_0.04	240	0.872066355318669	0.85607475824233	0.914105279605549	0.08	0.04	0.674947864720283	0.778642936596218	0.688291746641075
LC_k1_0.08_k2_0.04	250	0.858586665386646	0.839386358181731	0.914105279605549	0.08	0.04	0.674947864720283	0.778642936596218	0.688291746641075
LC_k1_0.08_k2_0.04	260	0.845155652052204	0.820321647907855	0.914105279605549	0.08	0.04	0.674947864720283	0.778642936596218	0.688291746641075
LC_k1_0.08_k2_0.04	270	0.835403320575957	0.80817843866171	0.914105279605549	0.08	0.04	0.674947864720283	0.778642936596218	0.688291746641075
LC_k1_0.08_k2_0.04	280	0.826512728843116	0.799957907626373	0.914105279605549	0.08	0.04	0.674947864720283	0.778642936596218	0.688291746641075
LC_k1_0.08_k2_0.04	290	0.81777633995402	0.791841388904948	0.914105279605549	0.08	0.04	0.674947864720283	0.778642936596218	0.688291746641075
LC_k1_0.08_k2_0.04	300	0.805107167857421	0.781134901498906	0.914105279605549	0.08	0.04	0.674947864720283	0.778642936596218	0.688291746641075
LC_k1_0.08_k2_0.12	10	0.418181818181818	0.212121212121212	0.612121212121212	0.08	0.12	0.674131834255146	0.778457545420838	0.688291746641075
LC_k1_0.08_k2_0.12	20	0.78796992481203	0.736842105263158	0.724812030075188	0.08	0.12	0.674131834255146	0.778457545420838	0.688291746641075
LC_k1_0.08_k2_0.12	30	0.852280311457175	0.823804226918799	0.78420467185762	0.08	0.12	0.674131834255146	0.778457545420838	0.688291746641075
LC_k1_0.08_k2_0.12	40	0.876360225140713	0.853470919324578	0.840900562851783	0.08	0.12	0.674131834255146	0.778457545420838	0.688291746641075
LC_k1_0.08_k2_0.12	50	0.886194477791116	0.85469387755102	0.813013205282113	0.08	0.12	0.674131834255146	0.778457545420838	0.688291746641075
LC_k1_0.08_k2_0.12	60	0.890636287857739	0.860850236176716	0.835120866907474	0.08	0.12	0.674131834255146	0.778457545420838	0.688291746641075
LC_k1_0.08_k2_0.12	70	0.900971043653224	0.873431895722159	0.873956784183361	0.08	0.12	0.674131834255146	0.778457545420838	0.688291746641075
LC_k1_0.08_k2_0.12	80	0.897515236755743	0.878645100797	0.880520393811533	0.08	0.12	0.674131834255146	0.778457545420838	0.688291746641075
LC_k1_0.08_k2_0.12	90	0.888381281639709	0.877828538502696	0.89522986376919	0.08	0.12	0.674131834255146	0.778457545420838	0.688291746641075
LC_k1_0.08_k2_0.12	100	0.901662166216622	0.896513651365137	0.905574557455746	0.08	0.12	0.674131834255146	0.778457545420838	0.688291746641075
LC_k1_0.08_k2_0.12	110	0.908761806009512	0.904064197642179	0.917471767013051	0.08	0.12	0.674131834255146	0.778457545420838	0.688291746641075
LC_k1_0.08_k2_0.12	120	0.908618654073199	0.904194735745538	0.920466699076325	0.08	0.12	0.674131834255146	0.778457545420838	0.688291746641075
LC_k1_0.08_k2_0.12	130	0.907479277335482	0.901088366630706	0.928946182523317	0.08	0.12	0.674131834255146	0.778457545420838	0.688291746641075
LC_k1_0.08_k2_0.12	140	0.912619448514137	0.906745971004352	0.931197655857077	0.08	0.12	0.674131834255146	0.778457545420838	0.688291746641075
LC_k1_0.08_k2_0.12	150	0.912870794257523	0.907316769634206	0.926638517267434	0.08	0.12	0.674131834255146	0.778457545420838	0.688291746641075
LC_k1_0.08_k2_0.12	160	0.911180124223602	0.904629087073714	0.917575881870386	0.08	0.12	0.674131834255146	0.778457545420838	0.688291746641075
LC_k1_0.08_k2_0.12	170	0.91469275346389	0.905479326579589	0.910743095120328	0.08	0.12	0.674131834255146	0.778457545420838	0.688291746641075
LC_k1_0.08_k2_0.12	180	0.912686605553669	0.903231581221643	0.900155354589133	0.08	0.12	0.674131834255146	0.778457545420838	0.688291746641075
LC_k1_0.08_k2_0.12	190	0.905332266092806	0.894787579769669	0.893886548832815	0.08	0.12	0.674131834255146	0.778457545420838	0.688291746641075
LC_k1_0.08_k2_0.12	200	0.90372759318983	0.893395334883372	0.897506937673442	0.08	0.12	0.674131834255146	0.778457545420838	0.688291746641075
LC_k1_0.08_k2_0.12	210	0.892184144117295	0.881308614059924	0.896640351417104	0.08	0.12	0.674131834255146	0.778457545420838	0.688291746641075
LC_k1_0.08_k2_0.12	220	0.885873675075931	0.871391783075909	0.900236105554397	0.08	0.12	0.674131834255146	0.778457545420838	0.688291746641075
LC_k1_0.08_k2_0.12	230	0.868871360270639	0.854675645220547	0.907392019410246	0.08	0.12	0.674131834255146	0.778457545420838	0.688291746641075
LC_k1_0.08_k2_0.12	240	0.866963836177711	0.851071199152763	0.913936005833435	0.08	0.12	0.674131834255146	0.778457545420838	0.688291746641075
LC_k1_0.08_k2_0.12	240	0.866963836177711	0.851071199152763	0.913936005833435	0.08	0.12	0.674131834255146	0.778457545420838	0.688291746641075
LC_k1_0.08_k2_0.12	250	0.855729659674555	0.834809772956367	0.913936005833435	0.08	0.12	0.674131834255146	0.778457545420838	0.688291746641075
LC_k1_0.08_k2_0.12	260	0.845654749103025	0.821238593652387	0.913936005833435	0.08	0.12	0.674131834255146	0.778457545420838	0.688291746641075
LC_k1_0.08_k2_0.12	270	0.835846551774068	0.809342301601455	0.913936005833435	0.08	0.12	0.674131834255146	0.778457545420838	0.688291746641075
LC_k1_0.08_k2_0.12	280	0.821956912715723	0.795919773029175	0.913936005833435	0.08	0.12	0.674131834255146	0.778457545420838	0.688291746641075
LC_k1_0.08_k2_0.12	290	0.816102450683123	0.790173896036322	0.913936005833435	0.08	0.12	0.674131834255146	0.778457545420838	0.688291746641075
LC_k1_0.08_k2_0.12	300	0.802537805975622	0.777503750041667	0.913936005833435	0.08	0.12	0.674131834255146	0.778457545420838	0.688291746641075
LC_k1_0.08_k2_0.2	10	0.381818181818182	0.2	0.527272727272727	0.08	0.2	0.670867712394596	0.776789024842418	0.688163787587972
LC_k1_0.08_k2_0.2	20	0.783458646616541	0.735338345864662	0.706766917293233	0.08	0.2	0.670867712394596	0.776789024842418	0.688163787587972
LC_k1_0.08_k2_0.2	30	0.854505005561735	0.82825361512792	0.781535038932147	0.08	0.2	0.670867712394596	0.776789024842418	0.688163787587972
LC_k1_0.08_k2_0.2	40	0.873545966228893	0.851969981238274	0.836585365853659	0.08	0.2	0.670867712394596	0.776789024842418	0.688163787587972
LC_k1_0.08_k2_0.2	50	0.883217286914766	0.850660264105642	0.811668667466987	0.08	0.2	0.670867712394596	0.776789024842418	0.688163787587972
LC_k1_0.08_k2_0.2	60	0.880689080300084	0.848680188941373	0.835454292859128	0.08	0.2	0.670867712394596	0.776789024842418	0.688163787587972
LC_k1_0.08_k2_0.2	70	0.885819263406526	0.864333829061324	0.875671419823287	0.08	0.2	0.670867712394596	0.776789024842418	0.688163787587972
LC_k1_0.08_k2_0.2	80	0.898546647913737	0.880239099859353	0.882536333802157	0.08	0.2	0.670867712394596	0.776789024842418	0.688163787587972
LC_k1_0.08_k2_0.2	90	0.888825780960613	0.878766925957937	0.897040786928427	0.08	0.2	0.670867712394596	0.776789024842418	0.688163787587972
LC_k1_0.08_k2_0.2	100	0.904206420642064	0.898649864986499	0.907014701470147	0.08	0.2	0.670867712394596	0.776789024842418	0.688163787587972
LC_k1_0.08_k2_0.2	110	0.908978202556184	0.904524040303857	0.918698014110858	0.08	0.2	0.670867712394596	0.776789024842418	0.688163787587972
LC_k1_0.08_k2_0.2	120	0.909257587332453	0.905048961733454	0.921473713452323	0.08	0.2	0.670867712394596	0.776789024842418	0.688163787587972
LC_k1_0.08_k2_0.2	130	0.908047358287017	0.901814854770651	0.929760067732729	0.08	0.2	0.670867712394596	0.776789024842418	0.688163787587972
LC_k1_0.08_k2_0.2	140	0.913183617239947	0.907419474754543	0.933624893398351	0.08	0.2	0.670867712394596	0.776789024842418	0.688163787587972
LC_k1_0.08_k2_0.2	150	0.913034357082537	0.907594115294013	0.927456331392506	0.08	0.2	0.670867712394596	0.776789024842418	0.688163787587972
LC_k1_0.08_k2_0.2	160	0.911309035509199	0.904966014297433	0.918416735028712	0.08	0.2	0.670867712394596	0.776789024842418	0.688163787587972
LC_k1_0.08_k2_0.2	170	0.915002961633112	0.905958073045475	0.911214513834185	0.08	0.2	0.670867712394596	0.776789024842418	0.688163787587972
LC_k1_0.08_k2_0.2	180	0.913161928866117	0.903892095435044	0.90057923598465	0.08	0.2	0.670867712394596	0.776789024842418	0.688163787587972
LC_k1_0.08_k2_0.2	190	0.909977386747847	0.8991142778412	0.894211969714863	0.08	0.2	0.670867712394596	0.776789024842418	0.688163787587972
LC_k1_0.08_k2_0.2	200	0.904906622665567	0.894424360609015	0.897761944048601	0.08	0.2	0.670867712394596	0.776789024842418	0.688163787587972
LC_k1_0.08_k2_0.2	210	0.891170839636791	0.879919531703019	0.896731056421752	0.08	0.2	0.670867712394596	0.776789024842418	0.688163787587972
LC_k1_0.08_k2_0.2	220	0.88546908369632	0.870920698962601	0.900353313084981	0.08	0.2	0.670867712394596	0.776789024842418	0.688163787587972
LC_k1_0.08_k2_0.2	230	0.871305531377679	0.857402745346546	0.907658318518391	0.08	0.2	0.670867712394596	0.776789024842418	0.688163787587972
LC_k1_0.08_k2_0.2	240	0.863794510321359	0.848061598291637	0.914147815066234	0.08	0.2	0.670867712394596	0.776789024842418	0.688163787587972
LC_k1_0.08_k2_0.2	240	0.863794510321359	0.848061598291637	0.914147815066234	0.08	0.2	0.670867712394596	0.776789024842418	0.688163787587972
LC_k1_0.08_k2_0.2	250	0.858168866701867	0.837911006576105	0.914147815066234	0.08	0.2	0.670867712394596	0.776789024842418	0.688163787587972
LC_k1_0.08_k2_0.2	260	0.845474500646914	0.820338034131137	0.914147815066234	0.08	0.2	0.670867712394596	0.776789024842418	0.688163787587972
LC_k1_0.08_k2_0.2	270	0.833109736301824	0.806048246356069	0.914147815066234	0.08	0.2	0.670867712394596	0.776789024842418	0.688163787587972
LC_k1_0.08_k2_0.2	280	0.825040589074569	0.798896305164242	0.914147815066234	0.08	0.2	0.670867712394596	0.776789024842418	0.688163787587972
LC_k1_0.08_k2_0.2	290	0.815393926124014	0.788880838715947	0.914147815066234	0.08	0.2	0.670867712394596	0.776789024842418	0.688163787587972
LC_k1_0.08_k2_0.2	300	0.81052056133957	0.786251402793365	0.914147815066234	0.08	0.2	0.670867712394596	0.776789024842418	0.688163787587972
LC_k1_0.08_k2_0.28	10	0.478787878787879	0.357575757575758	0.696969696969697	0.08	0.28	0.661619367123039	0.767890248424175	0.68381317978247
LC_k1_0.08_k2_0.28	20	0.810526315789474	0.76390977443609	0.745864661654135	0.08	0.28	0.661619367123039	0.767890248424175	0.68381317978247
LC_k1_0.08_k2_0.28	30	0.880756395995551	0.852280311457175	0.798442714126808	0.08	0.28	0.661619367123039	0.767890248424175	0.68381317978247
LC_k1_0.08_k2_0.28	40	0.902626641651032	0.884615384615385	0.806378986866792	0.08	0.28	0.661619367123039	0.767890248424175	0.68381317978247
LC_k1_0.08_k2_0.28	50	0.881296518607443	0.847298919567827	0.813013205282113	0.08	0.28	0.661619367123039	0.767890248424175	0.68381317978247
LC_k1_0.08_k2_0.28	60	0.878744095582107	0.845623784384551	0.836621283689914	0.08	0.28	0.661619367123039	0.767890248424175	0.68381317978247
LC_k1_0.08_k2_0.28	70	0.880710349050827	0.857755227014259	0.875286501618406	0.08	0.28	0.661619367123039	0.767890248424175	0.68381317978247
LC_k1_0.08_k2_0.28	80	0.899390529770277	0.879981247069855	0.882536333802157	0.08	0.28	0.661619367123039	0.767890248424175	0.68381317978247
LC_k1_0.08_k2_0.28	90	0.888842243898424	0.878388278388279	0.89667860229658	0.08	0.28	0.661619367123039	0.767890248424175	0.68381317978247
LC_k1_0.08_k2_0.28	100	0.904758475847585	0.898661866186619	0.907086708670867	0.08	0.28	0.661619367123039	0.767890248424175	0.68381317978247
LC_k1_0.08_k2_0.28	110	0.911142168022902	0.906471609223903	0.921511169217591	0.08	0.28	0.661619367123039	0.767890248424175	0.68381317978247
LC_k1_0.08_k2_0.28	120	0.90923675255226	0.904653100909785	0.924800333356483	0.08	0.28	0.661619367123039	0.767890248424175	0.68381317978247
LC_k1_0.08_k2_0.28	130	0.906233869095577	0.899602616449767	0.92927938385066	0.08	0.28	0.661619367123039	0.767890248424175	0.68381317978247
LC_k1_0.08_k2_0.28	140	0.913222977848724	0.907174564299928	0.931184535654152	0.08	0.28	0.661619367123039	0.767890248424175	0.68381317978247
LC_k1_0.08_k2_0.28	150	0.913724165518468	0.908422596559847	0.926919418640829	0.08	0.28	0.661619367123039	0.767890248424175	0.68381317978247
LC_k1_0.08_k2_0.28	160	0.914657799132778	0.907095980311731	0.918692136411578	0.08	0.28	0.661619367123039	0.767890248424175	0.68381317978247
LC_k1_0.08_k2_0.28	170	0.914761145816159	0.90495172843351	0.913481231795116	0.08	0.28	0.661619367123039	0.767890248424175	0.68381317978247
LC_k1_0.08_k2_0.28	180	0.915303970287149	0.905048509727667	0.900231488626192	0.08	0.28	0.661619367123039	0.767890248424175	0.68381317978247
LC_k1_0.08_k2_0.28	190	0.909160335393458	0.897746110476891	0.894726344657455	0.08	0.28	0.661619367123039	0.767890248424175	0.68381317978247
LC_k1_0.08_k2_0.28	200	0.906547663691592	0.894227855696393	0.897191929798245	0.08	0.28	0.661619367123039	0.767890248424175	0.68381317978247
LC_k1_0.08_k2_0.28	210	0.891715069664683	0.878369771909308	0.89508540848027	0.08	0.28	0.661619367123039	0.767890248424175	0.68381317978247
LC_k1_0.08_k2_0.28	220	0.88126877151857	0.866729402748742	0.899780799377899	0.08	0.28	0.661619367123039	0.767890248424175	0.68381317978247
LC_k1_0.08_k2_0.28	230	0.870069706257289	0.856736011283192	0.907037940225713	0.08	0.28	0.661619367123039	0.767890248424175	0.68381317978247
LC_k1_0.08_k2_0.28	240	0.865934304415007	0.849549471344989	0.913324016041945	0.08	0.28	0.661619367123039	0.767890248424175	0.68381317978247
LC_k1_0.08_k2_0.28	240	0.865934304415007	0.849549471344989	0.913324016041945	0.08	0.28	0.661619367123039	0.767890248424175	0.68381317978247
LC_k1_0.08_k2_0.28	250	0.857949983199731	0.839559928958863	0.913324016041945	0.08	0.28	0.661619367123039	0.767890248424175	0.68381317978247
LC_k1_0.08_k2_0.28	260	0.848175496451358	0.826325833222385	0.913324016041945	0.08	0.28	0.661619367123039	0.767890248424175	0.68381317978247
LC_k1_0.08_k2_0.28	270	0.831341079210049	0.80601654343681	0.913324016041945	0.08	0.28	0.661619367123039	0.767890248424175	0.68381317978247
LC_k1_0.08_k2_0.28	280	0.826597460244573	0.799688407104318	0.913324016041945	0.08	0.28	0.661619367123039	0.767890248424175	0.68381317978247
LC_k1_0.08_k2_0.28	290	0.817048626188101	0.79328451566319	0.913324016041945	0.08	0.28	0.661619367123039	0.767890248424175	0.68381317978247
LC_k1_0.08_k2_0.28	300	0.810275669729664	0.787937643751597	0.913324016041945	0.08	0.28	0.661619367123039	0.767890248424175	0.68381317978247
LC_k1_0.08_k2_0.36	10	0.406060606060606	0.454545454545455	0.745454545454545	0.08	0.36	0.639314534409285	0.747497219132369	0.666666666666667
LC_k1_0.08_k2_0.36	20	0.816541353383459	0.806015037593985	0.741353383458647	0.08	0.36	0.639314534409285	0.747497219132369	0.666666666666667
LC_k1_0.08_k2_0.36	30	0.890545050055617	0.873637374860957	0.784649610678532	0.08	0.36	0.639314534409285	0.747497219132369	0.666666666666667
LC_k1_0.08_k2_0.36	40	0.883302063789869	0.865290806754222	0.795872420262664	0.08	0.36	0.639314534409285	0.747497219132369	0.666666666666667
LC_k1_0.08_k2_0.36	50	0.895510204081633	0.871020408163265	0.770084033613445	0.08	0.36	0.639314534409285	0.747497219132369	0.666666666666667
LC_k1_0.08_k2_0.36	60	0.904417893859406	0.880911364267852	0.828507918866352	0.08	0.36	0.639314534409285	0.747497219132369	0.666666666666667
LC_k1_0.08_k2_0.36	70	0.883649724433558	0.867623130084857	0.866853293675094	0.08	0.36	0.639314534409285	0.747497219132369	0.666666666666667
LC_k1_0.08_k2_0.36	80	0.900398499765588	0.883895921237694	0.877402719174871	0.08	0.36	0.639314534409285	0.747497219132369	0.666666666666667
LC_k1_0.08_k2_0.36	90	0.883821047865992	0.873498785858337	0.904202164876322	0.08	0.36	0.639314534409285	0.747497219132369	0.666666666666667
LC_k1_0.08_k2_0.36	100	0.888556855685568	0.883684368436844	0.911515151515152	0.08	0.36	0.639314534409285	0.747497219132369	0.666666666666667
LC_k1_0.08_k2_0.36	110	0.890809909158533	0.888519712372923	0.926389108040484	0.08	0.36	0.639314534409285	0.747497219132369	0.666666666666667
LC_k1_0.08_k2_0.36	120	0.897298423501632	0.894930203486353	0.93421765400375	0.08	0.36	0.639314534409285	0.747497219132369	0.666666666666667
LC_k1_0.08_k2_0.36	130	0.909167133239564	0.905277963648281	0.930180666129539	0.08	0.36	0.639314534409285	0.747497219132369	0.666666666666667
LC_k1_0.08_k2_0.36	140	0.907988016881328	0.903063567383176	0.923649165773764	0.08	0.36	0.639314534409285	0.747497219132369	0.666666666666667
LC_k1_0.08_k2_0.36	150	0.913884172629895	0.907935463798391	0.924149517756345	0.08	0.36	0.639314534409285	0.747497219132369	0.666666666666667
LC_k1_0.08_k2_0.36	160	0.909932028594867	0.904763857963202	0.923470643384507	0.08	0.36	0.639314534409285	0.747497219132369	0.666666666666667
LC_k1_0.08_k2_0.36	170	0.906715274088458	0.900892153809515	0.919148026697443	0.08	0.36	0.639314534409285	0.747497219132369	0.666666666666667
LC_k1_0.08_k2_0.36	180	0.888776402563865	0.881438727532743	0.904639032068891	0.08	0.36	0.639314534409285	0.747497219132369	0.666666666666667
LC_k1_0.08_k2_0.36	190	0.880526796922499	0.871952131637996	0.897238733832837	0.08	0.36	0.639314534409285	0.747497219132369	0.666666666666667
LC_k1_0.08_k2_0.36	200	0.872729318232956	0.858856971424286	0.902331058276457	0.08	0.36	0.639314534409285	0.747497219132369	0.666666666666667
LC_k1_0.08_k2_0.36	210	0.873533899375755	0.859176592925657	0.905110903065505	0.08	0.36	0.639314534409285	0.747497219132369	0.666666666666667
LC_k1_0.08_k2_0.36	220	0.863466750815663	0.849339862393851	0.906483041535419	0.08	0.36	0.639314534409285	0.747497219132369	0.666666666666667
LC_k1_0.08_k2_0.36	230	0.85975308154917	0.842594542347723	0.90919989446665	0.08	0.36	0.639314534409285	0.747497219132369	0.666666666666667
LC_k1_0.08_k2_0.36	240	0.854717095782913	0.834179412837028	0.918415250264761	0.08	0.36	0.639314534409285	0.747497219132369	0.666666666666667
LC_k1_0.08_k2_0.36	240	0.854717095782913	0.834179412837028	0.918415250264761	0.08	0.36	0.639314534409285	0.747497219132369	0.666666666666667
LC_k1_0.08_k2_0.36	250	0.859533624537993	0.836843469495512	0.918415250264761	0.08	0.36	0.639314534409285	0.747497219132369	0.666666666666667
LC_k1_0.08_k2_0.36	260	0.845718245718246	0.823273216376665	0.918415250264761	0.08	0.36	0.639314534409285	0.747497219132369	0.666666666666667
LC_k1_0.08_k2_0.36	270	0.839802100623237	0.816820532517593	0.918415250264761	0.08	0.36	0.639314534409285	0.747497219132369	0.666666666666667
LC_k1_0.08_k2_0.36	280	0.831898366050587	0.810764167910305	0.918415250264761	0.08	0.36	0.639314534409285	0.747497219132369	0.666666666666667
LC_k1_0.08_k2_0.36	290	0.820820043372528	0.799269088032946	0.918415250264761	0.08	0.36	0.639314534409285	0.747497219132369	0.666666666666667
LC_k1_0.08_k2_0.36	300	0.813690374337493	0.788465649618329	0.918415250264761	0.08	0.36	0.639314534409285	0.747497219132369	0.666666666666667
LC_k1_0.08_k2_0.44	10	0.515151515151515	0.43030303030303	0.818181818181818	0.08	0.44	0.607852026475655	0.721171672228402	0.636212412028151
LC_k1_0.08_k2_0.44	20	0.796992481203008	0.807518796992481	0.724812030075188	0.08	0.44	0.607852026475655	0.721171672228402	0.636212412028151
LC_k1_0.08_k2_0.44	30	0.887875417130145	0.885205784204672	0.797552836484983	0.08	0.44	0.607852026475655	0.721171672228402	0.636212412028151
LC_k1_0.08_k2_0.44	40	0.887242026266417	0.873545966228893	0.838461538461539	0.08	0.44	0.607852026475655	0.721171672228402	0.636212412028151
LC_k1_0.08_k2_0.44	50	0.904825930372149	0.887250900360144	0.78593037214886	0.08	0.44	0.607852026475655	0.721171672228402	0.636212412028151
LC_k1_0.08_k2_0.44	60	0.899027507641011	0.879688802445124	0.84106696304529	0.08	0.44	0.607852026475655	0.721171672228402	0.636212412028151
LC_k1_0.08_k2_0.44	70	0.890438281865104	0.876126323156329	0.86317907444668	0.08	0.44	0.607852026475655	0.721171672228402	0.636212412028151
LC_k1_0.08_k2_0.44	80	0.901054852320675	0.889193624003751	0.873347398030942	0.08	0.44	0.607852026475655	0.721171672228402	0.636212412028151
LC_k1_0.08_k2_0.44	90	0.894587809194551	0.885944766843643	0.890686092933284	0.08	0.44	0.607852026475655	0.721171672228402	0.636212412028151
LC_k1_0.08_k2_0.44	100	0.896969696969697	0.893753375337534	0.90983498349835	0.08	0.44	0.607852026475655	0.721171672228402	0.636212412028151
LC_k1_0.08_k2_0.44	110	0.898311656109821	0.897446069923134	0.924504654779884	0.08	0.44	0.607852026475655	0.721171672228402	0.636212412028151
LC_k1_0.08_k2_0.44	120	0.905792068893673	0.904285019793041	0.934162094589902	0.08	0.44	0.607852026475655	0.721171672228402	0.636212412028151
LC_k1_0.08_k2_0.44	130	0.912646629067719	0.909653279438474	0.933780332928212	0.08	0.44	0.607852026475655	0.721171672228402	0.636212412028151
LC_k1_0.08_k2_0.44	140	0.915243489099298	0.911088758172793	0.9213793706676	0.08	0.44	0.607852026475655	0.721171672228402	0.636212412028151
LC_k1_0.08_k2_0.44	150	0.916778523489933	0.910385350460021	0.923242810791591	0.08	0.44	0.607852026475655	0.721171672228402	0.636212412028151
LC_k1_0.08_k2_0.44	160	0.913146021328958	0.909384155631079	0.920403140747685	0.08	0.44	0.607852026475655	0.721171672228402	0.636212412028151
LC_k1_0.08_k2_0.44	170	0.913552066731395	0.90780710914076	0.906397738167207	0.08	0.44	0.607852026475655	0.721171672228402	0.636212412028151
LC_k1_0.08_k2_0.44	180	0.902182166116238	0.893054312375896	0.897665565809644	0.08	0.44	0.607852026475655	0.721171672228402	0.636212412028151
LC_k1_0.08_k2_0.44	190	0.884767765836931	0.875584248579564	0.890905273655343	0.08	0.44	0.607852026475655	0.721171672228402	0.636212412028151
LC_k1_0.08_k2_0.44	200	0.880774019350484	0.866823670591765	0.896803420085502	0.08	0.44	0.607852026475655	0.721171672228402	0.636212412028151
LC_k1_0.08_k2_0.44	210	0.861529739903399	0.850995001506351	0.898096814634605	0.08	0.44	0.607852026475655	0.721171672228402	0.636212412028151
LC_k1_0.08_k2_0.44	220	0.863873596186247	0.851048387551208	0.899220682621166	0.08	0.44	0.607852026475655	0.721171672228402	0.636212412028151
LC_k1_0.08_k2_0.44	230	0.849737276203955	0.83745102438856	0.905773512608523	0.08	0.44	0.607852026475655	0.721171672228402	0.636212412028151
LC_k1_0.08_k2_0.44	240	0.845150957481901	0.828629837323564	0.91328842514627	0.08	0.44	0.607852026475655	0.721171672228402	0.636212412028151
LC_k1_0.08_k2_0.44	240	0.845150957481901	0.828629837323564	0.91328842514627	0.08	0.44	0.607852026475655	0.721171672228402	0.636212412028151
LC_k1_0.08_k2_0.44	250	0.839831037296597	0.81971986751788	0.91328842514627	0.08	0.44	0.607852026475655	0.721171672228402	0.636212412028151
LC_k1_0.08_k2_0.44	260	0.836909967944451	0.816331602538499	0.91328842514627	0.08	0.44	0.607852026475655	0.721171672228402	0.636212412028151
LC_k1_0.08_k2_0.44	270	0.828633527970967	0.805848274096124	0.91328842514627	0.08	0.44	0.607852026475655	0.721171672228402	0.636212412028151
LC_k1_0.08_k2_0.44	280	0.829195161016996	0.8046312544074	0.91328842514627	0.08	0.44	0.607852026475655	0.721171672228402	0.636212412028151
LC_k1_0.08_k2_0.44	290	0.823379588342311	0.802609486110582	0.91328842514627	0.08	0.44	0.607852026475655	0.721171672228402	0.636212412028151
LC_k1_0.08_k2_0.44	300	0.802037800420005	0.783658040644896	0.91328842514627	0.08	0.44	0.607852026475655	0.721171672228402	0.636212412028151
LC_k1_0.08_k2_0.52	10	0.260606060606061	0.36969696969697	0.454545454545455	0.08	0.52	0.567594523528878	0.67853170189099	0.594369801663468
LC_k1_0.08_k2_0.52	20	0.781954887218045	0.769924812030075	0.720300751879699	0.08	0.52	0.567594523528878	0.67853170189099	0.594369801663468
LC_k1_0.08_k2_0.52	30	0.867408231368187	0.855839822024472	0.805116796440489	0.08	0.52	0.567594523528878	0.67853170189099	0.594369801663468
LC_k1_0.08_k2_0.52	40	0.924202626641651	0.909943714821764	0.76078799249531	0.08	0.52	0.567594523528878	0.67853170189099	0.594369801663468
LC_k1_0.08_k2_0.52	50	0.936230492196879	0.924129651860744	0.769507803121249	0.08	0.52	0.567594523528878	0.67853170189099	0.594369801663468
LC_k1_0.08_k2_0.52	60	0.875576549041401	0.849013614893026	0.843734370658516	0.08	0.52	0.567594523528878	0.67853170189099	0.594369801663468
LC_k1_0.08_k2_0.52	70	0.886169189047327	0.869687691365585	0.86317907444668	0.08	0.52	0.567594523528878	0.67853170189099	0.594369801663468
LC_k1_0.08_k2_0.52	80	0.887435536802625	0.873745897796531	0.88497421472105	0.08	0.52	0.567594523528878	0.67853170189099	0.594369801663468
LC_k1_0.08_k2_0.52	90	0.886010618594888	0.877384039181792	0.89142692513479	0.08	0.52	0.567594523528878	0.67853170189099	0.594369801663468
LC_k1_0.08_k2_0.52	100	0.905514551455146	0.899165916591659	0.901338133813381	0.08	0.52	0.567594523528878	0.67853170189099	0.594369801663468
LC_k1_0.08_k2_0.52	110	0.909780673083425	0.90720194756892	0.917300453080269	0.08	0.52	0.567594523528878	0.67853170189099	0.594369801663468
LC_k1_0.08_k2_0.52	120	0.91120216681714	0.908313077297034	0.924786443503021	0.08	0.52	0.567594523528878	0.67853170189099	0.594369801663468
LC_k1_0.08_k2_0.52	130	0.910357918311052	0.905742260579825	0.922391402313291	0.08	0.52	0.567594523528878	0.67853170189099	0.594369801663468
LC_k1_0.08_k2_0.52	140	0.914062670835976	0.908119218910586	0.921191314425663	0.08	0.52	0.567594523528878	0.67853170189099	0.594369801663468
LC_k1_0.08_k2_0.52	150	0.90946086492733	0.900564469531979	0.921468509711543	0.08	0.52	0.567594523528878	0.67853170189099	0.594369801663468
LC_k1_0.08_k2_0.52	160	0.908848001875073	0.901623110277745	0.919240009375366	0.08	0.52	0.567594523528878	0.67853170189099	0.594369801663468
LC_k1_0.08_k2_0.52	170	0.899929775709724	0.890762757921605	0.904546259487912	0.08	0.52	0.567594523528878	0.67853170189099	0.594369801663468
LC_k1_0.08_k2_0.52	180	0.889741452925502	0.882029280739118	0.89195345535356	0.08	0.52	0.567594523528878	0.67853170189099	0.594369801663468
LC_k1_0.08_k2_0.52	190	0.89228743761673	0.879018663587416	0.888018475508142	0.08	0.52	0.567594523528878	0.67853170189099	0.594369801663468
LC_k1_0.08_k2_0.52	200	0.888830720768019	0.874650866271657	0.888292207305183	0.08	0.52	0.567594523528878	0.67853170189099	0.594369801663468
LC_k1_0.08_k2_0.52	210	0.886652434619509	0.873969283398069	0.888679043580515	0.08	0.52	0.567594523528878	0.67853170189099	0.594369801663468
LC_k1_0.08_k2_0.52	220	0.873882443100816	0.859051182500014	0.894651842919369	0.08	0.52	0.567594523528878	0.67853170189099	0.594369801663468
LC_k1_0.08_k2_0.52	230	0.872857956548862	0.856239905907648	0.898987816815802	0.08	0.52	0.567594523528878	0.67853170189099	0.594369801663468
LC_k1_0.08_k2_0.52	240	0.860843938262817	0.842277643709092	0.909289223771246	0.08	0.52	0.567594523528878	0.67853170189099	0.594369801663468
LC_k1_0.08_k2_0.52	240	0.860843938262817	0.842277643709092	0.909289223771246	0.08	0.52	0.567594523528878	0.67853170189099	0.594369801663468
LC_k1_0.08_k2_0.52	250	0.844105025680411	0.824403206451303	0.909289223771246	0.08	0.52	0.567594523528878	0.67853170189099	0.594369801663468
LC_k1_0.08_k2_0.52	260	0.834811848604952	0.814016365740504	0.909289223771246	0.08	0.52	0.567594523528878	0.67853170189099	0.594369801663468
LC_k1_0.08_k2_0.52	270	0.823037962721635	0.800019204653013	0.909289223771246	0.08	0.52	0.567594523528878	0.67853170189099	0.594369801663468
LC_k1_0.08_k2_0.52	280	0.821574254773658	0.79367357090925	0.909289223771246	0.08	0.52	0.567594523528878	0.67853170189099	0.594369801663468
LC_k1_0.08_k2_0.52	290	0.81043720639591	0.784078124673261	0.909289223771246	0.08	0.52	0.567594523528878	0.67853170189099	0.594369801663468
LC_k1_0.08_k2_0.52	300	0.809476105290059	0.784866942966033	0.909289223771246	0.08	0.52	0.567594523528878	0.67853170189099	0.594369801663468
LC_k1_0.08_k2_0.6	10	0.321212121212121	0.321212121212121	0.466666666666667	0.08	0.6	0.527971710943875	0.635335558027438	0.553550863723608
LC_k1_0.08_k2_0.6	20	0.745864661654135	0.803007518796992	0.810526315789474	0.08	0.6	0.527971710943875	0.635335558027438	0.553550863723608
LC_k1_0.08_k2_0.6	30	0.885205784204672	0.896329254727475	0.809566184649611	0.08	0.6	0.527971710943875	0.635335558027438	0.553550863723608
LC_k1_0.08_k2_0.6	40	0.916135084427768	0.90562851782364	0.792307692307693	0.08	0.6	0.527971710943875	0.635335558027438	0.553550863723608
LC_k1_0.08_k2_0.6	50	0.92499399759904	0.919615846338535	0.764321728691477	0.08	0.6	0.527971710943875	0.635335558027438	0.553550863723608
LC_k1_0.08_k2_0.6	60	0.910030564045568	0.898694081689358	0.81083634342873	0.08	0.6	0.527971710943875	0.635335558027438	0.553550863723608
LC_k1_0.08_k2_0.6	70	0.868602921879101	0.846102703175575	0.830251071647275	0.08	0.6	0.527971710943875	0.635335558027438	0.553550863723608
LC_k1_0.08_k2_0.6	80	0.863220815752461	0.847538677918425	0.855578996718237	0.08	0.6	0.527971710943875	0.635335558027438	0.553550863723608
LC_k1_0.08_k2_0.6	90	0.871539696258797	0.858731530641643	0.875424949582253	0.08	0.6	0.527971710943875	0.635335558027438	0.553550863723608
LC_k1_0.08_k2_0.6	100	0.886984698469847	0.879255925592559	0.89009300930093	0.08	0.6	0.527971710943875	0.635335558027438	0.553550863723608
LC_k1_0.08_k2_0.6	110	0.896499335031445	0.889899240357956	0.906174063972229	0.08	0.6	0.527971710943875	0.635335558027438	0.553550863723608
LC_k1_0.08_k2_0.6	120	0.899062434891312	0.892506424057226	0.921709840961178	0.08	0.6	0.527971710943875	0.635335558027438	0.553550863723608
LC_k1_0.08_k2_0.6	130	0.903814062734709	0.89699162899944	0.927979352442338	0.08	0.6	0.527971710943875	0.635335558027438	0.553550863723608
LC_k1_0.08_k2_0.6	140	0.907056482473596	0.898545844175724	0.916336839343115	0.08	0.6	0.527971710943875	0.635335558027438	0.553550863723608
LC_k1_0.08_k2_0.6	150	0.908426152273434	0.900514689541758	0.919210631583626	0.08	0.6	0.527971710943875	0.635335558027438	0.553550863723608
LC_k1_0.08_k2_0.6	160	0.905745341614907	0.897219617953826	0.916553380991445	0.08	0.6	0.527971710943875	0.635335558027438	0.553550863723608
LC_k1_0.08_k2_0.6	170	0.898896562673653	0.888857542394099	0.901536995988056	0.08	0.6	0.527971710943875	0.635335558027438	0.553550863723608
LC_k1_0.08_k2_0.6	180	0.905567044250337	0.890741483790652	0.895957694167515	0.08	0.6	0.527971710943875	0.635335558027438	0.553550863723608
LC_k1_0.08_k2_0.6	190	0.899210504446107	0.883997952997678	0.888900261124014	0.08	0.6	0.527971710943875	0.635335558027438	0.553550863723608
LC_k1_0.08_k2_0.6	200	0.895292882322058	0.878715967899198	0.888461711542789	0.08	0.6	0.527971710943875	0.635335558027438	0.553550863723608
LC_k1_0.08_k2_0.6	210	0.868011260378434	0.85410877473736	0.893233730599657	0.08	0.6	0.527971710943875	0.635335558027438	0.553550863723608
LC_k1_0.08_k2_0.6	220	0.861852893279163	0.845219566895635	0.896142857947854	0.08	0.6	0.527971710943875	0.635335558027438	0.553550863723608
LC_k1_0.08_k2_0.6	230	0.852826345858432	0.836149117637631	0.898665299007049	0.08	0.6	0.527971710943875	0.635335558027438	0.553550863723608
LC_k1_0.08_k2_0.6	240	0.856277018698241	0.83794683935485	0.909699821177451	0.08	0.6	0.527971710943875	0.635335558027438	0.553550863723608
LC_k1_0.08_k2_0.6	240	0.856277018698241	0.83794683935485	0.909699821177451	0.08	0.6	0.527971710943875	0.635335558027438	0.553550863723608
LC_k1_0.08_k2_0.6	250	0.841675802812845	0.822636778188451	0.909699821177451	0.08	0.6	0.527971710943875	0.635335558027438	0.553550863723608
LC_k1_0.08_k2_0.6	260	0.821181241870897	0.803852810749362	0.909699821177451	0.08	0.6	0.527971710943875	0.635335558027438	0.553550863723608
LC_k1_0.08_k2_0.6	270	0.823121487720453	0.803009643479334	0.909699821177451	0.08	0.6	0.527971710943875	0.635335558027438	0.553550863723608
LC_k1_0.08_k2_0.6	280	0.829141588905106	0.808249558576731	0.909699821177451	0.08	0.6	0.527971710943875	0.635335558027438	0.553550863723608
LC_k1_0.08_k2_0.6	290	0.812100270986042	0.795002687719031	0.909699821177451	0.08	0.6	0.527971710943875	0.635335558027438	0.553550863723608
LC_k1_0.08_k2_0.6	300	0.817389970999678	0.802812475694174	0.909699821177451	0.08	0.6	0.527971710943875	0.635335558027438	0.553550863723608
LC_k1_0.08_k2_0.68	10	0.454545454545455	0.587878787878788	0.309090909090909	0.08	0.68	0.47882854293227	0.583055246570263	0.50595009596929
LC_k1_0.08_k2_0.68	20	0.470676691729323	0.618045112781955	0.42406015037594	0.08	0.68	0.47882854293227	0.583055246570263	0.50595009596929
LC_k1_0.08_k2_0.68	30	0.517241379310345	0.547052280311457	0.52035595105673	0.08	0.68	0.47882854293227	0.583055246570263	0.50595009596929
LC_k1_0.08_k2_0.68	40	0.744652908067543	0.724015009380863	0.692870544090057	0.08	0.68	0.47882854293227	0.583055246570263	0.50595009596929
LC_k1_0.08_k2_0.68	50	0.819159663865546	0.812533013205282	0.665114045618247	0.08	0.68	0.47882854293227	0.583055246570263	0.50595009596929
LC_k1_0.08_k2_0.68	60	0.791330925257016	0.770102806335093	0.758544040011114	0.08	0.68	0.47882854293227	0.583055246570263	0.50595009596929
LC_k1_0.08_k2_0.68	70	0.824232350625492	0.809465488583676	0.800857317819963	0.08	0.68	0.47882854293227	0.583055246570263	0.50595009596929
LC_k1_0.08_k2_0.68	80	0.835325832161275	0.819924988279419	0.833263009845288	0.08	0.68	0.47882854293227	0.583055246570263	0.50595009596929
LC_k1_0.08_k2_0.68	90	0.852393299584311	0.84475449643989	0.856476108161501	0.08	0.68	0.47882854293227	0.583055246570263	0.50595009596929
LC_k1_0.08_k2_0.68	100	0.870531053105311	0.865418541854185	0.876627662766277	0.08	0.68	0.47882854293227	0.583055246570263	0.50595009596929
LC_k1_0.08_k2_0.68	110	0.886481978225097	0.881522890697203	0.897518202105358	0.08	0.68	0.47882854293227	0.583055246570263	0.50595009596929
LC_k1_0.08_k2_0.68	120	0.894895478852698	0.889971525800403	0.912813389818737	0.08	0.68	0.47882854293227	0.583055246570263	0.50595009596929
LC_k1_0.08_k2_0.68	130	0.899345887558208	0.89278564503134	0.921692225757555	0.08	0.68	0.47882854293227	0.583055246570263	0.50595009596929
LC_k1_0.08_k2_0.68	140	0.897483107738733	0.889536638166671	0.923732260392294	0.08	0.68	0.47882854293227	0.583055246570263	0.50595009596929
LC_k1_0.08_k2_0.68	150	0.89428507933686	0.88408373705498	0.919566202942353	0.08	0.68	0.47882854293227	0.583055246570263	0.50595009596929
LC_k1_0.08_k2_0.68	160	0.899156217039728	0.887606937771007	0.915161725067385	0.08	0.68	0.47882854293227	0.583055246570263	0.50595009596929
LC_k1_0.08_k2_0.68	170	0.902843778433205	0.891297683819713	0.905721142396541	0.08	0.68	0.47882854293227	0.583055246570263	0.50595009596929
LC_k1_0.08_k2_0.68	180	0.900603928104777	0.887877197855901	0.896389806269741	0.08	0.68	0.47882854293227	0.583055246570263	0.50595009596929
LC_k1_0.08_k2_0.68	190	0.893274197710682	0.88078223481916	0.895952796476357	0.08	0.68	0.47882854293227	0.583055246570263	0.50595009596929
LC_k1_0.08_k2_0.68	200	0.88055951398785	0.867654691367284	0.894005850146254	0.08	0.68	0.47882854293227	0.583055246570263	0.50595009596929
LC_k1_0.08_k2_0.68	210	0.874067763117401	0.857770665353604	0.895754033943108	0.08	0.68	0.47882854293227	0.583055246570263	0.50595009596929
LC_k1_0.08_k2_0.68	220	0.868869567177384	0.850138902193697	0.89668945075875	0.08	0.68	0.47882854293227	0.583055246570263	0.50595009596929
LC_k1_0.08_k2_0.68	230	0.859488755027012	0.842936786016338	0.903094740839187	0.08	0.68	0.47882854293227	0.583055246570263	0.50595009596929
LC_k1_0.08_k2_0.68	240	0.86305144186531	0.846402715324919	0.905717113144325	0.08	0.68	0.47882854293227	0.583055246570263	0.50595009596929
LC_k1_0.08_k2_0.68	240	0.86305144186531	0.846402715324919	0.905717113144325	0.08	0.68	0.47882854293227	0.583055246570263	0.50595009596929
LC_k1_0.08_k2_0.68	250	0.848104065665051	0.834190755052081	0.905717113144325	0.08	0.68	0.47882854293227	0.583055246570263	0.50595009596929
LC_k1_0.08_k2_0.68	260	0.843672698845113	0.82759781380471	0.905717113144325	0.08	0.68	0.47882854293227	0.583055246570263	0.50595009596929
LC_k1_0.08_k2_0.68	270	0.829379765916618	0.810128777867704	0.905717113144325	0.08	0.68	0.47882854293227	0.583055246570263	0.50595009596929
LC_k1_0.08_k2_0.68	280	0.808658455920538	0.78530757498729	0.905717113144325	0.08	0.68	0.47882854293227	0.583055246570263	0.50595009596929
LC_k1_0.08_k2_0.68	290	0.815379657226643	0.791412337921932	0.905717113144325	0.08	0.68	0.47882854293227	0.583055246570263	0.50595009596929
LC_k1_0.08_k2_0.68	300	0.818077534194825	0.797570195224392	0.905717113144325	0.08	0.68	0.47882854293227	0.583055246570263	0.50595009596929
LC_k1_0.08_k2_0.76	10	0.806060606060606	0.733333333333333	0.806060606060606	0.08	0.76	0.416266207271738	0.511308861698183	0.444785668586052
LC_k1_0.08_k2_0.76	20	0.840601503759399	0.815037593984962	0.843609022556391	0.08	0.76	0.416266207271738	0.511308861698183	0.444785668586052
LC_k1_0.08_k2_0.76	30	0.885205784204672	0.832258064516129	0.779755283648498	0.08	0.76	0.416266207271738	0.511308861698183	0.444785668586052
LC_k1_0.08_k2_0.76	40	0.927392120075047	0.90281425891182	0.813320825515948	0.08	0.76	0.416266207271738	0.511308861698183	0.444785668586052
LC_k1_0.08_k2_0.76	50	0.928259303721489	0.909147659063625	0.820120048019208	0.08	0.76	0.416266207271738	0.511308861698183	0.444785668586052
LC_k1_0.08_k2_0.76	60	0.897916087802167	0.881133648235621	0.803556543484301	0.08	0.76	0.416266207271738	0.511308861698183	0.444785668586052
LC_k1_0.08_k2_0.76	70	0.88417461289476	0.88676406263669	0.828571428571429	0.08	0.76	0.416266207271738	0.511308861698183	0.444785668586052
LC_k1_0.08_k2_0.76	80	0.887435536802625	0.886849507735584	0.843881856540084	0.08	0.76	0.416266207271738	0.511308861698183	0.444785668586052
LC_k1_0.08_k2_0.76	90	0.913009836605342	0.91205498621229	0.870535457052311	0.08	0.76	0.416266207271738	0.511308861698183	0.444785668586052
LC_k1_0.08_k2_0.76	100	0.924416441644165	0.925352535253525	0.886168616861686	0.08	0.76	0.416266207271738	0.511308861698183	0.444785668586052
LC_k1_0.08_k2_0.76	110	0.930527691995582	0.929662105808895	0.902846967067151	0.08	0.76	0.416266207271738	0.511308861698183	0.444785668586052
LC_k1_0.08_k2_0.76	120	0.936377526217098	0.934682964094728	0.913382873810681	0.08	0.76	0.416266207271738	0.511308861698183	0.444785668586052
LC_k1_0.08_k2_0.76	130	0.929465102623278	0.926886889074001	0.925313741823594	0.08	0.76	0.416266207271738	0.511308861698183	0.444785668586052
LC_k1_0.08_k2_0.76	140	0.933288141523256	0.931521287529247	0.92619448514137	0.08	0.76	0.416266207271738	0.511308861698183	0.444785668586052
LC_k1_0.08_k2_0.76	150	0.929138183919285	0.925561136050491	0.930677807902574	0.08	0.76	0.416266207271738	0.511308861698183	0.444785668586052
LC_k1_0.08_k2_0.76	160	0.932887026836986	0.927393648189382	0.925492206726825	0.08	0.76	0.416266207271738	0.511308861698183	0.444785668586052
LC_k1_0.08_k2_0.76	170	0.936148411404425	0.92682995340771	0.924177307173259	0.08	0.76	0.416266207271738	0.511308861698183	0.444785668586052
LC_k1_0.08_k2_0.76	180	0.926629422718808	0.918602426000802	0.921355597394981	0.08	0.76	0.416266207271738	0.511308861698183	0.444785668586052
LC_k1_0.08_k2_0.76	190	0.917124399130462	0.911623736479069	0.914363570356957	0.08	0.76	0.416266207271738	0.511308861698183	0.444785668586052
LC_k1_0.08_k2_0.76	200	0.91574439360984	0.905938648466212	0.900061501537538	0.08	0.76	0.416266207271738	0.511308861698183	0.444785668586052
LC_k1_0.08_k2_0.76	210	0.907318922035809	0.898041095846035	0.896294376613658	0.08	0.76	0.416266207271738	0.511308861698183	0.444785668586052
LC_k1_0.08_k2_0.76	220	0.901722612600937	0.89067580284341	0.896680434794859	0.08	0.76	0.416266207271738	0.511308861698183	0.444785668586052
LC_k1_0.08_k2_0.76	230	0.889264940489547	0.875753712776686	0.901582753680722	0.08	0.76	0.416266207271738	0.511308861698183	0.444785668586052
LC_k1_0.08_k2_0.76	240	0.878177572527301	0.862820535078734	0.89585496275977	0.08	0.76	0.416266207271738	0.511308861698183	0.444785668586052
LC_k1_0.08_k2_0.76	240	0.878177572527301	0.862820535078734	0.89585496275977	0.08	0.76	0.416266207271738	0.511308861698183	0.444785668586052
LC_k1_0.08_k2_0.76	250	0.870993903902462	0.855837949407191	0.89585496275977	0.08	0.76	0.416266207271738	0.511308861698183	0.444785668586052
LC_k1_0.08_k2_0.76	260	0.868363323535737	0.849820263613367	0.89585496275977	0.08	0.76	0.416266207271738	0.511308861698183	0.444785668586052
LC_k1_0.08_k2_0.76	270	0.857391124097114	0.839899038395588	0.89585496275977	0.08	0.76	0.416266207271738	0.511308861698183	0.444785668586052
LC_k1_0.08_k2_0.76	280	0.840795709857815	0.823148072223953	0.89585496275977	0.08	0.76	0.416266207271738	0.511308861698183	0.444785668586052
LC_k1_0.08_k2_0.76	290	0.832345868231653	0.81570980998995	0.89585496275977	0.08	0.76	0.416266207271738	0.511308861698183	0.444785668586052
LC_k1_0.08_k2_0.76	300	0.834473716374627	0.817615306836743	0.89585496275977	0.08	0.76	0.416266207271738	0.511308861698183	0.444785668586052
LC_k1_0.12_k2_0.04	10	0.612121212121212	0.503030303030303	0.781818181818182	0.12	0.04	0.543566959833167	0.639784946236559	0.553934740882918
LC_k1_0.12_k2_0.04	20	0.77593984962406	0.759398496240602	0.760902255639098	0.12	0.04	0.543566959833167	0.639784946236559	0.553934740882918
LC_k1_0.12_k2_0.04	30	0.878086763070078	0.853615127919911	0.81357063403782	0.12	0.04	0.543566959833167	0.639784946236559	0.553934740882918
LC_k1_0.12_k2_0.04	40	0.906003752345216	0.889305816135085	0.828893058161351	0.12	0.04	0.543566959833167	0.639784946236559	0.553934740882918
LC_k1_0.12_k2_0.04	50	0.923361344537815	0.896950780312125	0.812148859543818	0.12	0.04	0.543566959833167	0.639784946236559	0.553934740882918
LC_k1_0.12_k2_0.04	60	0.885968324534593	0.853237010280634	0.869297026951931	0.12	0.04	0.543566959833167	0.639784946236559	0.553934740882918
LC_k1_0.12_k2_0.04	70	0.874096754439682	0.854011022657685	0.887568891610533	0.12	0.04	0.543566959833167	0.639784946236559	0.553934740882918
LC_k1_0.12_k2_0.04	80	0.890436005625879	0.873863103609939	0.897421472105016	0.12	0.04	0.543566959833167	0.639784946236559	0.553934740882918
LC_k1_0.12_k2_0.04	90	0.882289994649545	0.874157303370786	0.908927028028152	0.12	0.04	0.543566959833167	0.639784946236559	0.553934740882918
LC_k1_0.12_k2_0.04	100	0.898085808580858	0.894821482148215	0.916003600360036	0.12	0.04	0.543566959833167	0.639784946236559	0.553934740882918
LC_k1_0.12_k2_0.04	110	0.908166715506165	0.904776502941641	0.927083380294389	0.12	0.04	0.543566959833167	0.639784946236559	0.553934740882918
LC_k1_0.12_k2_0.04	120	0.907507465796236	0.904111396624765	0.930390999374956	0.12	0.04	0.543566959833167	0.639784946236559	0.553934740882918
LC_k1_0.12_k2_0.04	130	0.910505400865777	0.907850714880717	0.935970721981728	0.12	0.04	0.543566959833167	0.639784946236559	0.553934740882918
LC_k1_0.12_k2_0.04	140	0.910520216046008	0.905350856093241	0.934945660492882	0.12	0.04	0.543566959833167	0.639784946236559	0.553934740882918
LC_k1_0.12_k2_0.04	150	0.916078047913241	0.910396017600782	0.929163073914396	0.12	0.04	0.543566959833167	0.639784946236559	0.553934740882918
LC_k1_0.12_k2_0.04	160	0.919480253134888	0.912826672916911	0.930423063400914	0.12	0.04	0.543566959833167	0.639784946236559	0.553934740882918
LC_k1_0.12_k2_0.04	170	0.918967275480731	0.911351298538724	0.923029292688735	0.12	0.04	0.543566959833167	0.639784946236559	0.553934740882918
LC_k1_0.12_k2_0.04	180	0.916194944288404	0.908190582013848	0.916439807812998	0.12	0.04	0.543566959833167	0.639784946236559	0.553934740882918
LC_k1_0.12_k2_0.04	190	0.914624256977523	0.905027840106374	0.909720199276551	0.12	0.04	0.543566959833167	0.639784946236559	0.553934740882918
LC_k1_0.12_k2_0.04	200	0.903760594014851	0.892849321233031	0.911685292132303	0.12	0.04	0.543566959833167	0.639784946236559	0.553934740882918
LC_k1_0.12_k2_0.04	210	0.895326424635479	0.884628417230064	0.914852620564768	0.12	0.04	0.543566959833167	0.639784946236559	0.553934740882918
LC_k1_0.12_k2_0.04	220	0.88330976034441	0.871298242450539	0.911538743287333	0.12	0.04	0.543566959833167	0.639784946236559	0.553934740882918
LC_k1_0.12_k2_0.04	230	0.880084525309511	0.865364102387076	0.916893966106041	0.12	0.04	0.543566959833167	0.639784946236559	0.553934740882918
LC_k1_0.12_k2_0.04	240	0.867183458046146	0.847894928731401	0.922763416031528	0.12	0.04	0.543566959833167	0.639784946236559	0.553934740882918
LC_k1_0.12_k2_0.04	240	0.867183458046146	0.847894928731401	0.922763416031528	0.12	0.04	0.543566959833167	0.639784946236559	0.553934740882918
LC_k1_0.12_k2_0.04	250	0.866969519512312	0.845704795276724	0.922763416031528	0.12	0.04	0.543566959833167	0.639784946236559	0.553934740882918
LC_k1_0.12_k2_0.04	260	0.857680871473975	0.834927917686538	0.922763416031528	0.12	0.04	0.543566959833167	0.639784946236559	0.553934740882918
LC_k1_0.12_k2_0.04	270	0.850127497557504	0.825861961221843	0.922763416031528	0.12	0.04	0.543566959833167	0.639784946236559	0.553934740882918
LC_k1_0.12_k2_0.04	280	0.851232431900553	0.826556461179352	0.922763416031528	0.12	0.04	0.543566959833167	0.639784946236559	0.553934740882918
LC_k1_0.12_k2_0.04	290	0.851337278601451	0.829410903651731	0.922763416031528	0.12	0.04	0.543566959833167	0.639784946236559	0.553934740882918
LC_k1_0.12_k2_0.04	300	0.833212369026323	0.816083289814331	0.922763416031528	0.12	0.04	0.543566959833167	0.639784946236559	0.553934740882918
LC_k1_0.12_k2_0.12	10	0.745454545454545	0.745454545454545	0.76969696969697	0.12	0.12	0.541753558799528	0.638116425658139	0.553806781829815
LC_k1_0.12_k2_0.12	20	0.796992481203008	0.789473684210526	0.766917293233083	0.12	0.12	0.541753558799528	0.638116425658139	0.553806781829815
LC_k1_0.12_k2_0.12	30	0.88698553948832	0.867853170189099	0.823804226918799	0.12	0.12	0.541753558799528	0.638116425658139	0.553806781829815
LC_k1_0.12_k2_0.12	40	0.911444652908068	0.897373358348968	0.834333958724203	0.12	0.12	0.541753558799528	0.638116425658139	0.553806781829815
LC_k1_0.12_k2_0.12	50	0.928355342136855	0.904633853541416	0.81608643457383	0.12	0.12	0.541753558799528	0.638116425658139	0.553806781829815
LC_k1_0.12_k2_0.12	60	0.87429841622673	0.84684634620728	0.868241178105029	0.12	0.12	0.541753558799528	0.638116425658139	0.553806781829815
LC_k1_0.12_k2_0.12	70	0.877491033155454	0.859644825474587	0.880850319307147	0.12	0.12	0.541753558799528	0.638116425658139	0.553806781829815
LC_k1_0.12_k2_0.12	80	0.886872948898265	0.873534927332396	0.897257383966245	0.12	0.12	0.541753558799528	0.638116425658139	0.553806781829815
LC_k1_0.12_k2_0.12	90	0.886899617236696	0.87932666584352	0.908861176276907	0.12	0.12	0.541753558799528	0.638116425658139	0.553806781829815
LC_k1_0.12_k2_0.12	100	0.900798079807981	0.897905790579058	0.915763576357636	0.12	0.12	0.541753558799528	0.638116425658139	0.553806781829815
LC_k1_0.12_k2_0.12	110	0.912233167279039	0.909699524378423	0.926740752428826	0.12	0.12	0.541753558799528	0.638116425658139	0.553806781829815
LC_k1_0.12_k2_0.12	120	0.906236544204459	0.90244461420932	0.930377109521494	0.12	0.12	0.541753558799528	0.638116425658139	0.553806781829815
LC_k1_0.12_k2_0.12	130	0.906971281869205	0.903661117863142	0.936036269783829	0.12	0.12	0.541753558799528	0.638116425658139	0.553806781829815
LC_k1_0.12_k2_0.12	140	0.908241674137893	0.903260370427063	0.936362642408869	0.12	0.12	0.541753558799528	0.638116425658139	0.553806781829815
LC_k1_0.12_k2_0.12	150	0.917322547668785	0.911238721720965	0.929906218054136	0.12	0.12	0.541753558799528	0.638116425658139	0.553806781829815
LC_k1_0.12_k2_0.12	160	0.917212586429157	0.912155748271417	0.928671041837572	0.12	0.12	0.541753558799528	0.638116425658139	0.553806781829815
LC_k1_0.12_k2_0.12	170	0.920994620208719	0.913337119338548	0.923686347787324	0.12	0.12	0.541753558799528	0.638116425658139	0.553806781829815
LC_k1_0.12_k2_0.12	180	0.919919339074251	0.910873792401	0.918040680267909	0.12	0.12	0.541753558799528	0.638116425658139	0.553806781829815
LC_k1_0.12_k2_0.12	190	0.914996916374707	0.906429249388743	0.911312312194098	0.12	0.12	0.541753558799528	0.638116425658139	0.553806781829815
LC_k1_0.12_k2_0.12	200	0.905941648541214	0.895093377334433	0.912243306082652	0.12	0.12	0.541753558799528	0.638116425658139	0.553806781829815
LC_k1_0.12_k2_0.12	210	0.896497814981227	0.885221887117622	0.914793014418856	0.12	0.12	0.541753558799528	0.638116425658139	0.553806781829815
LC_k1_0.12_k2_0.12	220	0.887250863560291	0.872385793094899	0.912932836703989	0.12	0.12	0.541753558799528	0.638116425658139	0.553806781829815
LC_k1_0.12_k2_0.12	230	0.879011438532988	0.863962580043841	0.915977699915425	0.12	0.12	0.541753558799528	0.638116425658139	0.553806781829815
LC_k1_0.12_k2_0.12	240	0.866314519349294	0.84973089810587	0.924055105123353	0.12	0.12	0.541753558799528	0.638116425658139	0.553806781829815
LC_k1_0.12_k2_0.12	240	0.866314519349294	0.84973089810587	0.924055105123353	0.12	0.12	0.541753558799528	0.638116425658139	0.553806781829815
LC_k1_0.12_k2_0.12	250	0.865848221571545	0.845230931694907	0.924055105123353	0.12	0.12	0.541753558799528	0.638116425658139	0.553806781829815
LC_k1_0.12_k2_0.12	260	0.862313393347876	0.839929812343605	0.924055105123353	0.12	0.12	0.541753558799528	0.638116425658139	0.553806781829815
LC_k1_0.12_k2_0.12	270	0.847190100153789	0.822594121851999	0.924055105123353	0.12	0.12	0.541753558799528	0.638116425658139	0.553806781829815
LC_k1_0.12_k2_0.12	280	0.853612017645998	0.829974143256201	0.924055105123353	0.12	0.12	0.541753558799528	0.638116425658139	0.553806781829815
LC_k1_0.12_k2_0.12	290	0.848230595222134	0.828829323076128	0.924055105123353	0.12	0.12	0.541753558799528	0.638116425658139	0.553806781829815
LC_k1_0.12_k2_0.12	300	0.838154646162735	0.819017100190002	0.924055105123353	0.12	0.12	0.541753558799528	0.638116425658139	0.553806781829815
LC_k1_0.12_k2_0.2	10	0.575757575757576	0.442424242424242	0.842424242424242	0.12	0.2	0.536585365853659	0.633296255098257	0.552399232245682
LC_k1_0.12_k2_0.2	20	0.786466165413534	0.760902255639098	0.783458646616541	0.12	0.2	0.536585365853659	0.633296255098257	0.552399232245682
LC_k1_0.12_k2_0.2	30	0.889655172413793	0.868743047830923	0.842046718576196	0.12	0.2	0.536585365853659	0.633296255098257	0.552399232245682
LC_k1_0.12_k2_0.2	40	0.904127579737336	0.897936210131332	0.80750469043152	0.12	0.2	0.536585365853659	0.633296255098257	0.552399232245682
LC_k1_0.12_k2_0.2	50	0.903577430972389	0.89608643457383	0.798415366146459	0.12	0.2	0.536585365853659	0.633296255098257	0.552399232245682
LC_k1_0.12_k2_0.2	60	0.873131425395943	0.856126701861628	0.834898582939706	0.12	0.2	0.536585365853659	0.633296255098257	0.552399232245682
LC_k1_0.12_k2_0.2	70	0.864018895984603	0.854290963170326	0.872452103927915	0.12	0.2	0.536585365853659	0.633296255098257	0.552399232245682
LC_k1_0.12_k2_0.2	80	0.880496952648852	0.869456165025785	0.889849976558837	0.12	0.2	0.536585365853659	0.633296255098257	0.552399232245682
LC_k1_0.12_k2_0.2	90	0.885483804584928	0.879952257480347	0.909519693789357	0.12	0.2	0.536585365853659	0.633296255098257	0.552399232245682
LC_k1_0.12_k2_0.2	100	0.891689168916892	0.892397239723972	0.911575157515752	0.12	0.2	0.536585365853659	0.633296255098257	0.552399232245682
LC_k1_0.12_k2_0.2	110	0.900439555485427	0.900520704190429	0.927092396817167	0.12	0.2	0.536585365853659	0.633296255098257	0.552399232245682
LC_k1_0.12_k2_0.2	120	0.901458434613515	0.900006944926731	0.92749496492812	0.12	0.2	0.536585365853659	0.633296255098257	0.552399232245682
LC_k1_0.12_k2_0.2	130	0.899930355460269	0.898078630050936	0.932174411776755	0.12	0.2	0.536585365853659	0.633296255098257	0.552399232245682
LC_k1_0.12_k2_0.2	140	0.909964794122149	0.907436968358444	0.931967374428725	0.12	0.2	0.536585365853659	0.633296255098257	0.552399232245682
LC_k1_0.12_k2_0.2	150	0.909649317747456	0.905841148495489	0.930873372149873	0.12	0.2	0.536585365853659	0.633296255098257	0.552399232245682
LC_k1_0.12_k2_0.2	160	0.916705730692605	0.909984765029884	0.926687565920544	0.12	0.2	0.536585365853659	0.633296255098257	0.552399232245682
LC_k1_0.12_k2_0.2	170	0.918234500277844	0.91079683196854	0.917296548018149	0.12	0.2	0.536585365853659	0.633296255098257	0.552399232245682
LC_k1_0.12_k2_0.2	180	0.914061133574082	0.905571159603691	0.913532310668025	0.12	0.2	0.536585365853659	0.633296255098257	0.552399232245682
LC_k1_0.12_k2_0.2	190	0.909618723947741	0.899306731051014	0.904859880941446	0.12	0.2	0.536585365853659	0.633296255098257	0.552399232245682
LC_k1_0.12_k2_0.2	200	0.905089627240681	0.893410335258382	0.904522613065327	0.12	0.2	0.536585365853659	0.633296255098257	0.552399232245682
LC_k1_0.12_k2_0.2	210	0.895801978016994	0.884500134437775	0.909099331698484	0.12	0.2	0.536585365853659	0.633296255098257	0.552399232245682
LC_k1_0.12_k2_0.2	220	0.886575793263948	0.874466226762762	0.906682519736508	0.12	0.2	0.536585365853659	0.633296255098257	0.552399232245682
LC_k1_0.12_k2_0.2	230	0.877357425183512	0.864521808170944	0.910387391230376	0.12	0.2	0.536585365853659	0.633296255098257	0.552399232245682
LC_k1_0.12_k2_0.2	240	0.865898713519332	0.850954877688849	0.919047205680654	0.12	0.2	0.536585365853659	0.633296255098257	0.552399232245682
LC_k1_0.12_k2_0.2	240	0.865898713519332	0.850954877688849	0.919047205680654	0.12	0.2	0.536585365853659	0.633296255098257	0.552399232245682
LC_k1_0.12_k2_0.2	250	0.858944559112946	0.839241203859262	0.919047205680654	0.12	0.2	0.536585365853659	0.633296255098257	0.552399232245682
LC_k1_0.12_k2_0.2	260	0.853587729449798	0.830240092309058	0.919047205680654	0.12	0.2	0.536585365853659	0.633296255098257	0.552399232245682
LC_k1_0.12_k2_0.2	270	0.847819281166789	0.820010333932336	0.919047205680654	0.12	0.2	0.536585365853659	0.633296255098257	0.552399232245682
LC_k1_0.12_k2_0.2	280	0.844901629576179	0.815751294203825	0.919047205680654	0.12	0.2	0.536585365853659	0.633296255098257	0.552399232245682
LC_k1_0.12_k2_0.2	290	0.841609334811066	0.817083068354169	0.919047205680654	0.12	0.2	0.536585365853659	0.633296255098257	0.552399232245682
LC_k1_0.12_k2_0.2	300	0.823837153746153	0.802379137545973	0.919047205680654	0.12	0.2	0.536585365853659	0.633296255098257	0.552399232245682
LC_k1_0.12_k2_0.28	10	0.406060606060606	0.612121212121212	0.139393939393939	0.12	0.28	0.520718106809321	0.620133481646274	0.54254638515675
LC_k1_0.12_k2_0.28	20	0.306766917293233	0.374436090225564	0.281203007518797	0.12	0.28	0.520718106809321	0.620133481646274	0.54254638515675
LC_k1_0.12_k2_0.28	30	0.5853170189099	0.524360400444939	0.559510567296997	0.12	0.28	0.520718106809321	0.620133481646274	0.54254638515675
LC_k1_0.12_k2_0.28	40	0.671482176360225	0.658161350844278	0.669043151969981	0.12	0.28	0.520718106809321	0.620133481646274	0.54254638515675
LC_k1_0.12_k2_0.28	50	0.692196878751501	0.689315726290516	0.712845138055222	0.12	0.28	0.520718106809321	0.620133481646274	0.54254638515675
LC_k1_0.12_k2_0.28	60	0.723812170047236	0.717199222006113	0.671464295637677	0.12	0.28	0.520718106809321	0.620133481646274	0.54254638515675
LC_k1_0.12_k2_0.28	70	0.713725833260432	0.697104365322369	0.701583413524626	0.12	0.28	0.520718106809321	0.620133481646274	0.54254638515675
LC_k1_0.12_k2_0.28	80	0.713080168776371	0.701312705110174	0.7800515705579	0.12	0.28	0.520718106809321	0.620133481646274	0.54254638515675
LC_k1_0.12_k2_0.28	90	0.764596452236902	0.760793513602502	0.794657776680249	0.12	0.28	0.520718106809321	0.620133481646274	0.54254638515675
LC_k1_0.12_k2_0.28	100	0.776921692169217	0.773165316531653	0.827974797479748	0.12	0.28	0.520718106809321	0.620133481646274	0.54254638515675
LC_k1_0.12_k2_0.28	110	0.778725514505331	0.773378716497983	0.86035209521448	0.12	0.28	0.520718106809321	0.620133481646274	0.54254638515675
LC_k1_0.12_k2_0.28	120	0.807042155705257	0.80203486353219	0.881964025279533	0.12	0.28	0.520718106809321	0.620133481646274	0.54254638515675
LC_k1_0.12_k2_0.28	130	0.827314315366863	0.822152425951467	0.889404470906335	0.12	0.28	0.520718106809321	0.620133481646274	0.54254638515675
LC_k1_0.12_k2_0.28	140	0.845688919988629	0.839601145831056	0.892886663313726	0.12	0.28	0.520718106809321	0.620133481646274	0.54254638515675
LC_k1_0.12_k2_0.28	150	0.845582470332015	0.840455131339171	0.891788968398596	0.12	0.28	0.520718106809321	0.620133481646274	0.54254638515675
LC_k1_0.12_k2_0.28	160	0.858385093167702	0.850706082268839	0.897114145083792	0.12	0.28	0.520718106809321	0.620133481646274	0.54254638515675
LC_k1_0.12_k2_0.28	170	0.854715103107578	0.843220302758288	0.893193129011181	0.12	0.28	0.520718106809321	0.620133481646274	0.54254638515675
LC_k1_0.12_k2_0.28	180	0.863767400228402	0.84826280646522	0.888527423685916	0.12	0.28	0.520718106809321	0.620133481646274	0.54254638515675
LC_k1_0.12_k2_0.28	190	0.85803426541922	0.840839445909713	0.885901490200195	0.12	0.28	0.520718106809321	0.620133481646274	0.54254638515675
LC_k1_0.12_k2_0.28	200	0.856806420160504	0.838321458036451	0.881543538588465	0.12	0.28	0.520718106809321	0.620133481646274	0.54254638515675
LC_k1_0.12_k2_0.28	210	0.848096328714937	0.829018474665768	0.874703993935723	0.12	0.28	0.520718106809321	0.620133481646274	0.54254638515675
LC_k1_0.12_k2_0.28	220	0.839008694770178	0.813075401633017	0.877274699514829	0.12	0.28	0.520718106809321	0.620133481646274	0.54254638515675
LC_k1_0.12_k2_0.28	230	0.827918502609978	0.803321341654359	0.887256847955538	0.12	0.28	0.520718106809321	0.620133481646274	0.54254638515675
LC_k1_0.12_k2_0.28	240	0.826358964565357	0.806681539610062	0.897071997777739	0.12	0.28	0.520718106809321	0.620133481646274	0.54254638515675
LC_k1_0.12_k2_0.28	240	0.826358964565357	0.806681539610062	0.897071997777739	0.12	0.28	0.520718106809321	0.620133481646274	0.54254638515675
LC_k1_0.12_k2_0.28	250	0.821761244179907	0.806225123601978	0.897071997777739	0.12	0.28	0.520718106809321	0.620133481646274	0.54254638515675
LC_k1_0.12_k2_0.28	260	0.807157365778055	0.794955774266119	0.897071997777739	0.12	0.28	0.520718106809321	0.620133481646274	0.54254638515675
LC_k1_0.12_k2_0.28	270	0.794984537205967	0.78039022025908	0.897071997777739	0.12	0.28	0.520718106809321	0.620133481646274	0.54254638515675
LC_k1_0.12_k2_0.28	280	0.800365165007571	0.782526198402676	0.897071997777739	0.12	0.28	0.520718106809321	0.620133481646274	0.54254638515675
LC_k1_0.12_k2_0.28	290	0.794107191401267	0.775015406718929	0.897071997777739	0.12	0.28	0.520718106809321	0.620133481646274	0.54254638515675
LC_k1_0.12_k2_0.28	300	0.798489316547962	0.777176190846565	0.897071997777739	0.12	0.28	0.520718106809321	0.620133481646274	0.54254638515675
LC_k1_0.12_k2_0.36	10	0.745454545454545	0.696969696969697	0.866666666666667	0.12	0.36	0.496871883216974	0.596588802373007	0.517338451695458
LC_k1_0.12_k2_0.36	20	0.851127819548872	0.86015037593985	0.772932330827068	0.12	0.36	0.496871883216974	0.596588802373007	0.517338451695458
LC_k1_0.12_k2_0.36	30	0.929254727474972	0.915461624026696	0.832703003337041	0.12	0.36	0.496871883216974	0.596588802373007	0.517338451695458
LC_k1_0.12_k2_0.36	40	0.919136960600375	0.90656660412758	0.819512195121951	0.12	0.36	0.496871883216974	0.596588802373007	0.517338451695458
LC_k1_0.12_k2_0.36	50	0.932773109243698	0.923265306122449	0.780552220888355	0.12	0.36	0.496871883216974	0.596588802373007	0.517338451695458
LC_k1_0.12_k2_0.36	60	0.915476521255905	0.903417616004446	0.824951375382051	0.12	0.36	0.496871883216974	0.596588802373007	0.517338451695458
LC_k1_0.12_k2_0.36	70	0.918747266205931	0.911468812877264	0.859819788294987	0.12	0.36	0.496871883216974	0.596588802373007	0.517338451695458
LC_k1_0.12_k2_0.36	80	0.904242850445382	0.897093295827473	0.881762775433662	0.12	0.36	0.496871883216974	0.596588802373007	0.517338451695458
LC_k1_0.12_k2_0.36	90	0.913421410050623	0.911281228135161	0.890472074741738	0.12	0.36	0.496871883216974	0.596588802373007	0.517338451695458
LC_k1_0.12_k2_0.36	100	0.921296129612961	0.922364236423642	0.90997899789979	0.12	0.36	0.496871883216974	0.596588802373007	0.517338451695458
LC_k1_0.12_k2_0.36	110	0.922358722358722	0.923134143317629	0.924044812118207	0.12	0.36	0.496871883216974	0.596588802373007	0.517338451695458
LC_k1_0.12_k2_0.36	120	0.92355719147163	0.923689145079519	0.930641016737273	0.12	0.36	0.496871883216974	0.596588802373007	0.517338451695458
LC_k1_0.12_k2_0.36	130	0.930399158803206	0.92762976416447	0.93814472408472	0.12	0.36	0.496871883216974	0.596588802373007	0.517338451695458
LC_k1_0.12_k2_0.36	140	0.922481467713368	0.92098139117885	0.931464433316569	0.12	0.36	0.496871883216974	0.596588802373007	0.517338451695458
LC_k1_0.12_k2_0.36	150	0.921344059735988	0.918104804657985	0.932288546157607	0.12	0.36	0.496871883216974	0.596588802373007	0.517338451695458
LC_k1_0.12_k2_0.36	160	0.919676549865229	0.915229110512129	0.928419078870268	0.12	0.36	0.496871883216974	0.596588802373007	0.517338451695458
LC_k1_0.12_k2_0.36	170	0.915191040601853	0.908666898712148	0.91936297409029	0.12	0.36	0.496871883216974	0.596588802373007	0.517338451695458
LC_k1_0.12_k2_0.36	180	0.91518256736319	0.908639155529492	0.914478841939566	0.12	0.36	0.496871883216974	0.596588802373007	0.517338451695458
LC_k1_0.12_k2_0.36	190	0.912610496573021	0.904140805766598	0.914914686366877	0.12	0.36	0.496871883216974	0.596588802373007	0.517338451695458
LC_k1_0.12_k2_0.36	200	0.906942173554339	0.895249381234531	0.913149328733219	0.12	0.36	0.496871883216974	0.596588802373007	0.517338451695458
LC_k1_0.12_k2_0.36	210	0.892132312686067	0.874814135727082	0.918014337869663	0.12	0.36	0.496871883216974	0.596588802373007	0.517338451695458
LC_k1_0.12_k2_0.36	220	0.888243746583795	0.86951871657754	0.913754416413562	0.12	0.36	0.496871883216974	0.596588802373007	0.517338451695458
LC_k1_0.12_k2_0.36	230	0.880489891729687	0.863269216069672	0.911032426847882	0.12	0.36	0.496871883216974	0.596588802373007	0.517338451695458
LC_k1_0.12_k2_0.36	240	0.870940467716453	0.852942759422906	0.919458671157485	0.12	0.36	0.496871883216974	0.596588802373007	0.517338451695458
LC_k1_0.12_k2_0.36	240	0.870940467716453	0.852942759422906	0.919458671157485	0.12	0.36	0.496871883216974	0.596588802373007	0.517338451695458
LC_k1_0.12_k2_0.36	250	0.864793740699851	0.848338309412951	0.919458671157485	0.12	0.36	0.496871883216974	0.596588802373007	0.517338451695458
LC_k1_0.12_k2_0.36	260	0.854135985170468	0.84044939217353	0.919458671157485	0.12	0.36	0.496871883216974	0.596588802373007	0.517338451695458
LC_k1_0.12_k2_0.36	270	0.85220525811206	0.837607892807553	0.919458671157485	0.12	0.36	0.496871883216974	0.596588802373007	0.517338451695458
LC_k1_0.12_k2_0.36	280	0.847502610273819	0.830451372375377	0.919458671157485	0.12	0.36	0.496871883216974	0.596588802373007	0.517338451695458
LC_k1_0.12_k2_0.36	290	0.845123419811872	0.834917713975032	0.919458671157485	0.12	0.36	0.496871883216974	0.596588802373007	0.517338451695458
LC_k1_0.12_k2_0.36	300	0.830515894621051	0.821251791686574	0.919458671157485	0.12	0.36	0.496871883216974	0.596588802373007	0.517338451695458
LC_k1_0.12_k2_0.44	10	0.563636363636364	0.6	0.854545454545454	0.12	0.44	0.470124217970804	0.569150908416759	0.493921944977607
LC_k1_0.12_k2_0.44	20	0.887218045112782	0.914285714285714	0.780451127819549	0.12	0.44	0.470124217970804	0.569150908416759	0.493921944977607
LC_k1_0.12_k2_0.44	30	0.898109010011124	0.862513904338153	0.846496106785317	0.12	0.44	0.470124217970804	0.569150908416759	0.493921944977607
LC_k1_0.12_k2_0.44	40	0.935084427767355	0.902439024390244	0.820450281425891	0.12	0.44	0.470124217970804	0.569150908416759	0.493921944977607
LC_k1_0.12_k2_0.44	50	0.937286914765906	0.922785114045618	0.773349339735894	0.12	0.44	0.470124217970804	0.569150908416759	0.493921944977607
LC_k1_0.12_k2_0.44	60	0.885523756599056	0.861294804112254	0.839066407335371	0.12	0.44	0.470124217970804	0.569150908416759	0.493921944977607
LC_k1_0.12_k2_0.44	70	0.876651211617531	0.858595048552183	0.87623130084857	0.12	0.44	0.470124217970804	0.569150908416759	0.493921944977607
LC_k1_0.12_k2_0.44	80	0.888888888888889	0.876019690576653	0.891865916549461	0.12	0.44	0.470124217970804	0.569150908416759	0.493921944977607
LC_k1_0.12_k2_0.44	90	0.893863439930856	0.880841256122155	0.894933530888587	0.12	0.44	0.470124217970804	0.569150908416759	0.493921944977607
LC_k1_0.12_k2_0.44	100	0.896621662166217	0.893093309330933	0.911203120312031	0.12	0.44	0.470124217970804	0.569150908416759	0.493921944977607
LC_k1_0.12_k2_0.44	110	0.904010098505511	0.901223992967112	0.927155512476613	0.12	0.44	0.470124217970804	0.569150908416759	0.493921944977607
LC_k1_0.12_k2_0.44	120	0.90502812695326	0.902521008403361	0.938134592680047	0.12	0.44	0.470124217970804	0.569150908416759	0.493921944977607
LC_k1_0.12_k2_0.44	130	0.910057490884759	0.906872960166054	0.938592634065739	0.12	0.44	0.470124217970804	0.569150908416759	0.493921944977607
LC_k1_0.12_k2_0.44	140	0.92113883361396	0.916944742078678	0.936493844438127	0.12	0.44	0.470124217970804	0.569150908416759	0.493921944977607
LC_k1_0.12_k2_0.44	150	0.919068403040135	0.914051291168497	0.930638695053114	0.12	0.44	0.470124217970804	0.569150908416759	0.493921944977607
LC_k1_0.12_k2_0.44	160	0.926171920778155	0.918876713934138	0.921575061525841	0.12	0.44	0.470124217970804	0.569150908416759	0.493921944977607
LC_k1_0.12_k2_0.44	170	0.919841720556177	0.910784619048492	0.913613131331636	0.12	0.44	0.470124217970804	0.569150908416759	0.493921944977607
LC_k1_0.12_k2_0.44	180	0.917178513740136	0.907513606387029	0.911061040978631	0.12	0.44	0.470124217970804	0.569150908416759	0.493921944977607
LC_k1_0.12_k2_0.44	190	0.894245211632922	0.882160899631277	0.903845127653339	0.12	0.44	0.470124217970804	0.569150908416759	0.493921944977607
LC_k1_0.12_k2_0.44	200	0.885223130578265	0.872157803945099	0.908689717242931	0.12	0.44	0.470124217970804	0.569150908416759	0.493921944977607
LC_k1_0.12_k2_0.44	210	0.870516014292517	0.855062473071952	0.911991525560994	0.12	0.44	0.470124217970804	0.569150908416759	0.493921944977607
LC_k1_0.12_k2_0.44	220	0.858796481520092	0.839350174402552	0.908072105171219	0.12	0.44	0.470124217970804	0.569150908416759	0.493921944977607
LC_k1_0.12_k2_0.44	230	0.843067962984424	0.828225239730841	0.910519554491455	0.12	0.44	0.470124217970804	0.569150908416759	0.493921944977607
LC_k1_0.12_k2_0.44	240	0.833001440997239	0.821963922984774	0.917190402611156	0.12	0.44	0.470124217970804	0.569150908416759	0.493921944977607
LC_k1_0.12_k2_0.44	240	0.833001440997239	0.821963922984774	0.917190402611156	0.12	0.44	0.470124217970804	0.569150908416759	0.493921944977607
LC_k1_0.12_k2_0.44	250	0.836413382614122	0.821269716315461	0.917190402611156	0.12	0.44	0.470124217970804	0.569150908416759	0.493921944977607
LC_k1_0.12_k2_0.44	260	0.83415025483991	0.81976246803833	0.917190402611156	0.12	0.44	0.470124217970804	0.569150908416759	0.493921944977607
LC_k1_0.12_k2_0.44	270	0.830419255865421	0.815732878518376	0.917190402611156	0.12	0.44	0.470124217970804	0.569150908416759	0.493921944977607
LC_k1_0.12_k2_0.44	280	0.819650578633474	0.804742225210599	0.917190402611156	0.12	0.44	0.470124217970804	0.569150908416759	0.493921944977607
LC_k1_0.12_k2_0.44	290	0.827022585450399	0.812848650051602	0.917190402611156	0.12	0.44	0.470124217970804	0.569150908416759	0.493921944977607
LC_k1_0.12_k2_0.44	300	0.819417104634496	0.804222713585707	0.917190402611156	0.12	0.44	0.470124217970804	0.569150908416759	0.493921944977607
LC_k1_0.12_k2_0.52	10	0.818181818181818	0.745454545454545	0.878787878787879	0.12	0.52	0.433040166832895	0.528921023359288	0.456685860524632
LC_k1_0.12_k2_0.52	20	0.885714285714286	0.900751879699248	0.78796992481203	0.12	0.52	0.433040166832895	0.528921023359288	0.456685860524632
LC_k1_0.12_k2_0.52	30	0.910567296996663	0.90567296996663	0.860289210233593	0.12	0.52	0.433040166832895	0.528921023359288	0.456685860524632
LC_k1_0.12_k2_0.52	40	0.923639774859287	0.921388367729831	0.833395872420263	0.12	0.52	0.433040166832895	0.528921023359288	0.456685860524632
LC_k1_0.12_k2_0.52	50	0.892725090036015	0.891860744297719	0.79390156062425	0.12	0.52	0.433040166832895	0.528921023359288	0.456685860524632
LC_k1_0.12_k2_0.52	60	0.864906918588497	0.870575159766602	0.808613503751042	0.12	0.52	0.433040166832895	0.528921023359288	0.456685860524632
LC_k1_0.12_k2_0.52	70	0.87381681392704	0.878155891872977	0.852821275478961	0.12	0.52	0.433040166832895	0.528921023359288	0.456685860524632
LC_k1_0.12_k2_0.52	80	0.867205813408345	0.871636193155181	0.874003750586029	0.12	0.52	0.433040166832895	0.528921023359288	0.456685860524632
LC_k1_0.12_k2_0.52	90	0.890620241182039	0.890274519488003	0.882685105157015	0.12	0.52	0.433040166832895	0.528921023359288	0.456685860524632
LC_k1_0.12_k2_0.52	100	0.895937593759376	0.900834083408341	0.904326432643264	0.12	0.52	0.433040166832895	0.528921023359288	0.456685860524632
LC_k1_0.12_k2_0.52	110	0.904695354236639	0.907535558911706	0.923314473773189	0.12	0.52	0.433040166832895	0.528921023359288	0.456685860524632
LC_k1_0.12_k2_0.52	120	0.913264810056254	0.914556566428224	0.933571775817765	0.12	0.52	0.433040166832895	0.528921023359288	0.456685860524632
LC_k1_0.12_k2_0.52	130	0.919441751218779	0.917732046047331	0.933053844788267	0.12	0.52	0.433040166832895	0.528921023359288	0.456685860524632
LC_k1_0.12_k2_0.52	140	0.924427631147362	0.92147121208808	0.936887450525902	0.12	0.52	0.433040166832895	0.528921023359288	0.456685860524632
LC_k1_0.12_k2_0.52	150	0.929251966754078	0.926599404417974	0.930297346548736	0.12	0.52	0.433040166832895	0.528921023359288	0.456685860524632
LC_k1_0.12_k2_0.52	160	0.921035977967889	0.914306222899332	0.920113090355092	0.12	0.52	0.433040166832895	0.528921023359288	0.456685860524632
LC_k1_0.12_k2_0.52	170	0.912618999639719	0.90813441539805	0.908796355664658	0.12	0.52	0.433040166832895	0.528921023359288	0.456685860524632
LC_k1_0.12_k2_0.52	180	0.905976521909112	0.896085270121506	0.906027963826044	0.12	0.52	0.433040166832895	0.528921023359288	0.456685860524632
LC_k1_0.12_k2_0.52	190	0.898218495628251	0.88417116088651	0.906747671972252	0.12	0.52	0.433040166832895	0.528921023359288	0.456685860524632
LC_k1_0.12_k2_0.52	200	0.876843921098028	0.862722568064202	0.906646666166654	0.12	0.52	0.433040166832895	0.528921023359288	0.456685860524632
LC_k1_0.12_k2_0.52	210	0.876297810445977	0.86194179978166	0.906730635291374	0.12	0.52	0.433040166832895	0.528921023359288	0.456685860524632
LC_k1_0.12_k2_0.52	220	0.866491606701115	0.850527715636499	0.905552143263666	0.12	0.52	0.433040166832895	0.528921023359288	0.456685860524632
LC_k1_0.12_k2_0.52	230	0.852837195081357	0.841606276768608	0.903617476125545	0.12	0.52	0.433040166832895	0.528921023359288	0.456685860524632
LC_k1_0.12_k2_0.52	240	0.849888018889217	0.83689560582649	0.909272730429348	0.12	0.52	0.433040166832895	0.528921023359288	0.456685860524632
LC_k1_0.12_k2_0.52	240	0.849888018889217	0.83689560582649	0.909272730429348	0.12	0.52	0.433040166832895	0.528921023359288	0.456685860524632
LC_k1_0.12_k2_0.52	250	0.848703115249844	0.830614121825949	0.909272730429348	0.12	0.52	0.433040166832895	0.528921023359288	0.456685860524632
LC_k1_0.12_k2_0.52	260	0.841535662225317	0.822006697868767	0.909272730429348	0.12	0.52	0.433040166832895	0.528921023359288	0.456685860524632
LC_k1_0.12_k2_0.52	270	0.832559202915449	0.811764526567199	0.909272730429348	0.12	0.52	0.433040166832895	0.528921023359288	0.456685860524632
LC_k1_0.12_k2_0.52	280	0.827734500986711	0.806418266996846	0.909272730429348	0.12	0.52	0.433040166832895	0.528921023359288	0.456685860524632
LC_k1_0.12_k2_0.52	290	0.820570583684008	0.801053684266203	0.909272730429348	0.12	0.52	0.433040166832895	0.528921023359288	0.456685860524632
LC_k1_0.12_k2_0.52	300	0.813397482194247	0.794347937199302	0.909272730429348	0.12	0.52	0.433040166832895	0.528921023359288	0.456685860524632
LC_k1_0.12_k2_0.6	10	0.709090909090909	0.842424242424242	0.76969696969697	0.12	0.6	0.386979780578475	0.477938450129774	0.412539987204095
LC_k1_0.12_k2_0.6	20	0.801503759398496	0.792481203007519	0.843609022556391	0.12	0.6	0.386979780578475	0.477938450129774	0.412539987204095
LC_k1_0.12_k2_0.6	30	0.887875417130145	0.886540600667408	0.834037819799778	0.12	0.6	0.386979780578475	0.477938450129774	0.412539987204095
LC_k1_0.12_k2_0.6	40	0.876547842401501	0.872045028142589	0.805816135084428	0.12	0.6	0.386979780578475	0.477938450129774	0.412539987204095
LC_k1_0.12_k2_0.6	50	0.901176470588235	0.907322929171669	0.805042016806723	0.12	0.6	0.386979780578475	0.477938450129774	0.412539987204095
LC_k1_0.12_k2_0.6	60	0.87429841622673	0.87607668796888	0.808002222839678	0.12	0.6	0.386979780578475	0.477938450129774	0.412539987204095
LC_k1_0.12_k2_0.6	70	0.866153442393491	0.876651211617531	0.815379231913218	0.12	0.6	0.386979780578475	0.477938450129774	0.412539987204095
LC_k1_0.12_k2_0.6	80	0.864908579465542	0.875832161275199	0.850187529301453	0.12	0.6	0.386979780578475	0.477938450129774	0.412539987204095
LC_k1_0.12_k2_0.6	90	0.879129110589785	0.88852944808001	0.867819072313454	0.12	0.6	0.386979780578475	0.477938450129774	0.412539987204095
LC_k1_0.12_k2_0.6	100	0.895925592559256	0.902370237023703	0.893357335733573	0.12	0.6	0.386979780578475	0.477938450129774	0.412539987204095
LC_k1_0.12_k2_0.6	110	0.904992899488312	0.909663458287311	0.9133962987174	0.12	0.6	0.386979780578475	0.477938450129774	0.412539987204095
LC_k1_0.12_k2_0.6	120	0.91147301895965	0.914160705604556	0.925675394124592	0.12	0.6	0.386979780578475	0.477938450129774	0.412539987204095
LC_k1_0.12_k2_0.6	130	0.923194362889019	0.923440167146895	0.928525584126507	0.12	0.6	0.386979780578475	0.477938450129774	0.412539987204095
LC_k1_0.12_k2_0.6	140	0.924952439264394	0.923290546893792	0.930314228860073	0.12	0.6	0.386979780578475	0.477938450129774	0.412539987204095
LC_k1_0.12_k2_0.6	150	0.928658162585004	0.924899773323259	0.926101604515756	0.12	0.6	0.386979780578475	0.477938450129774	0.412539987204095
LC_k1_0.12_k2_0.6	160	0.919439235907653	0.91508262041486	0.916655924059534	0.12	0.6	0.386979780578475	0.477938450129774	0.412539987204095
LC_k1_0.12_k2_0.6	170	0.910252135734394	0.905997154389629	0.914338578782494	0.12	0.6	0.386979780578475	0.477938450129774	0.412539987204095
LC_k1_0.12_k2_0.6	180	0.898953671409611	0.891136557712687	0.914277189625194	0.12	0.6	0.386979780578475	0.477938450129774	0.412539987204095
LC_k1_0.12_k2_0.6	190	0.898131016896517	0.884570063903214	0.904574700275996	0.12	0.6	0.386979780578475	0.477938450129774	0.412539987204095
LC_k1_0.12_k2_0.6	200	0.889900247506188	0.874344858621466	0.901575039375984	0.12	0.6	0.386979780578475	0.477938450129774	0.412539987204095
LC_k1_0.12_k2_0.6	210	0.87227439559692	0.859525159300664	0.903728299637504	0.12	0.6	0.386979780578475	0.477938450129774	0.412539987204095
LC_k1_0.12_k2_0.6	220	0.864590365315587	0.848505885733928	0.895417072854623	0.12	0.6	0.386979780578475	0.477938450129774	0.412539987204095
LC_k1_0.12_k2_0.6	230	0.857323841907096	0.841991917328921	0.896244936001913	0.12	0.6	0.386979780578475	0.477938450129774	0.412539987204095
LC_k1_0.12_k2_0.6	240	0.851755238806229	0.839945137936422	0.900185767114012	0.12	0.6	0.386979780578475	0.477938450129774	0.412539987204095
LC_k1_0.12_k2_0.6	240	0.851755238806229	0.839945137936422	0.900185767114012	0.12	0.6	0.386979780578475	0.477938450129774	0.412539987204095
LC_k1_0.12_k2_0.6	250	0.837632986127778	0.82314827437239	0.900185767114012	0.12	0.6	0.386979780578475	0.477938450129774	0.412539987204095
LC_k1_0.12_k2_0.6	260	0.829663843456947	0.814790614790615	0.900185767114012	0.12	0.6	0.386979780578475	0.477938450129774	0.412539987204095
LC_k1_0.12_k2_0.6	270	0.821117497420327	0.807471829365134	0.900185767114012	0.12	0.6	0.386979780578475	0.477938450129774	0.412539987204095
LC_k1_0.12_k2_0.6	280	0.825065735167905	0.810413762566214	0.900185767114012	0.12	0.6	0.386979780578475	0.477938450129774	0.412539987204095
LC_k1_0.12_k2_0.6	290	0.814741001061557	0.802362486576781	0.900185767114012	0.12	0.6	0.386979780578475	0.477938450129774	0.412539987204095
LC_k1_0.12_k2_0.6	300	0.819180213113479	0.806581850909455	0.900185767114012	0.12	0.6	0.386979780578475	0.477938450129774	0.412539987204095
LC_k1_0.12_k2_0.68	10	0.454545454545455	0.636363636363636	0.272727272727273	0.12	0.68	0.343186145616103	0.424731182795699	0.369545745361484
LC_k1_0.12_k2_0.68	20	0.717293233082707	0.729323308270677	0.77593984962406	0.12	0.68	0.343186145616103	0.424731182795699	0.369545745361484
LC_k1_0.12_k2_0.68	30	0.86384872080089	0.878976640711902	0.833592880978865	0.12	0.68	0.343186145616103	0.424731182795699	0.369545745361484
LC_k1_0.12_k2_0.68	40	0.913696060037524	0.90844277673546	0.783302063789869	0.12	0.68	0.343186145616103	0.424731182795699	0.369545745361484
LC_k1_0.12_k2_0.68	50	0.936326530612245	0.938247298919568	0.777863145258103	0.12	0.68	0.343186145616103	0.424731182795699	0.369545745361484
LC_k1_0.12_k2_0.68	60	0.923534315087524	0.923645457071409	0.824451236454571	0.12	0.68	0.343186145616103	0.424731182795699	0.369545745361484
LC_k1_0.12_k2_0.68	70	0.929839909019334	0.926865541072522	0.845752777534774	0.12	0.68	0.343186145616103	0.424731182795699	0.369545745361484
LC_k1_0.12_k2_0.68	80	0.913033286451008	0.914908579465541	0.865049226441631	0.12	0.68	0.343186145616103	0.424731182795699	0.369545745361484
LC_k1_0.12_k2_0.68	90	0.929061200971313	0.927908795324526	0.877581594435527	0.12	0.68	0.343186145616103	0.424731182795699	0.369545745361484
LC_k1_0.12_k2_0.68	100	0.93987398739874	0.938061806180618	0.897941794179418	0.12	0.68	0.343186145616103	0.424731182795699	0.369545745361484
LC_k1_0.12_k2_0.68	110	0.943367220431441	0.941338502806393	0.903712553253838	0.12	0.68	0.343186145616103	0.424731182795699	0.369545745361484
LC_k1_0.12_k2_0.68	120	0.945357316480311	0.942801583443295	0.914202375164942	0.12	0.68	0.343186145616103	0.424731182795699	0.369545745361484
LC_k1_0.12_k2_0.68	130	0.94428983053162	0.94102336506029	0.925319204140436	0.12	0.68	0.343186145616103	0.424731182795699	0.369545745361484
LC_k1_0.12_k2_0.68	140	0.939813255778356	0.93490192648313	0.932470315540881	0.12	0.68	0.343186145616103	0.424731182795699	0.369545745361484
LC_k1_0.12_k2_0.68	150	0.934734877105649	0.928611938308369	0.936160718254145	0.12	0.68	0.343186145616103	0.424731182795699	0.369545745361484
LC_k1_0.12_k2_0.68	160	0.933308918317122	0.928978671041837	0.935512129380054	0.12	0.68	0.343186145616103	0.424731182795699	0.369545745361484
LC_k1_0.12_k2_0.68	170	0.936527011925917	0.928034147324455	0.929529008738344	0.12	0.68	0.343186145616103	0.424731182795699	0.369545745361484
LC_k1_0.12_k2_0.68	180	0.937358148914061	0.92826733335391	0.922732183092071	0.12	0.68	0.343186145616103	0.424731182795699	0.369545745361484
LC_k1_0.12_k2_0.68	190	0.931056261946314	0.921148420790196	0.910964146841799	0.12	0.68	0.343186145616103	0.424731182795699	0.369545745361484
LC_k1_0.12_k2_0.68	200	0.921411535288382	0.912462311557789	0.911875796894923	0.12	0.68	0.343186145616103	0.424731182795699	0.369545745361484
LC_k1_0.12_k2_0.68	210	0.910960080079561	0.903178886466489	0.905954459608738	0.12	0.68	0.343186145616103	0.424731182795699	0.369545745361484
LC_k1_0.12_k2_0.68	220	0.900957382665682	0.891963958684346	0.905735843527947	0.12	0.68	0.343186145616103	0.424731182795699	0.369545745361484
LC_k1_0.12_k2_0.68	230	0.890565860947482	0.879035109564823	0.904867109347838	0.12	0.68	0.343186145616103	0.424731182795699	0.369545745361484
LC_k1_0.12_k2_0.68	240	0.880834736714179	0.873027309501901	0.906046979982291	0.12	0.68	0.343186145616103	0.424731182795699	0.369545745361484
LC_k1_0.12_k2_0.68	240	0.880834736714179	0.873027309501901	0.906046979982291	0.12	0.68	0.343186145616103	0.424731182795699	0.369545745361484
LC_k1_0.12_k2_0.68	250	0.874184994959919	0.864039552632842	0.906046979982291	0.12	0.68	0.343186145616103	0.424731182795699	0.369545745361484
LC_k1_0.12_k2_0.68	260	0.865480713756576	0.856578897958208	0.906046979982291	0.12	0.68	0.343186145616103	0.424731182795699	0.369545745361484
LC_k1_0.12_k2_0.68	270	0.848355182436583	0.839848435659078	0.906046979982291	0.12	0.68	0.343186145616103	0.424731182795699	0.369545745361484
LC_k1_0.12_k2_0.68	280	0.842240516916214	0.829926037686341	0.906046979982291	0.12	0.68	0.343186145616103	0.424731182795699	0.369545745361484
LC_k1_0.12_k2_0.68	290	0.839909859931091	0.825876645382228	0.906046979982291	0.12	0.68	0.343186145616103	0.424731182795699	0.369545745361484
LC_k1_0.12_k2_0.68	300	0.83627551417238	0.821589128768098	0.906046979982291	0.12	0.68	0.343186145616103	0.424731182795699	0.369545745361484
LC_k1_0.12_k2_0.76	10	0.539393939393939	0.696969696969697	0.345454545454545	0.12	0.76	0.278810408921933	0.347237671486837	0.303262955854127
LC_k1_0.12_k2_0.76	20	0.675187969924812	0.690225563909774	0.753383458646617	0.12	0.76	0.278810408921933	0.347237671486837	0.303262955854127
LC_k1_0.12_k2_0.76	30	0.820244716351502	0.848275862068966	0.747274749721913	0.12	0.76	0.278810408921933	0.347237671486837	0.303262955854127
LC_k1_0.12_k2_0.76	40	0.897560975609756	0.90562851782364	0.721951219512195	0.12	0.76	0.278810408921933	0.347237671486837	0.303262955854127
LC_k1_0.12_k2_0.76	50	0.935654261704682	0.93421368547419	0.786698679471789	0.12	0.76	0.278810408921933	0.347237671486837	0.303262955854127
LC_k1_0.12_k2_0.76	60	0.913420394554043	0.909419283134204	0.837399277577105	0.12	0.76	0.278810408921933	0.347237671486837	0.303262955854127
LC_k1_0.12_k2_0.76	70	0.908564430058613	0.903805441343714	0.84477298574053	0.12	0.76	0.278810408921933	0.347237671486837	0.303262955854127
LC_k1_0.12_k2_0.76	80	0.905368026254102	0.902766057196437	0.870886075949367	0.12	0.76	0.278810408921933	0.347237671486837	0.303262955854127
LC_k1_0.12_k2_0.76	90	0.897798082067745	0.898061489072725	0.888990410338725	0.12	0.76	0.278810408921933	0.347237671486837	0.303262955854127
LC_k1_0.12_k2_0.76	100	0.914947494749475	0.914755475547555	0.904362436243624	0.12	0.76	0.278810408921933	0.347237671486837	0.303262955854127
LC_k1_0.12_k2_0.76	110	0.921664450104817	0.921186574397584	0.920158690800893	0.12	0.76	0.278810408921933	0.347237671486837	0.303262955854127
LC_k1_0.12_k2_0.76	120	0.926904646155983	0.924515591360511	0.930390999374956	0.12	0.76	0.278810408921933	0.347237671486837	0.303262955854127
LC_k1_0.12_k2_0.76	130	0.9288915593549	0.927258326619235	0.936926627429024	0.12	0.76	0.278810408921933	0.347237671486837	0.303262955854127
LC_k1_0.12_k2_0.76	140	0.923246812884039	0.91901336073998	0.931849292602392	0.12	0.76	0.278810408921933	0.347237671486837	0.303262955854127
LC_k1_0.12_k2_0.76	150	0.922350326681186	0.915861149384417	0.937408773723277	0.12	0.76	0.278810408921933	0.347237671486837	0.303262955854127
LC_k1_0.12_k2_0.76	160	0.912228993320051	0.905024610336341	0.932383100902379	0.12	0.76	0.278810408921933	0.347237671486837	0.303262955854127
LC_k1_0.12_k2_0.76	170	0.908017171365588	0.899021134458143	0.915840767948413	0.12	0.76	0.278810408921933	0.347237671486837	0.303262955854127
LC_k1_0.12_k2_0.76	180	0.911956130333241	0.899618300976368	0.910404642118584	0.12	0.76	0.278810408921933	0.347237671486837	0.303262955854127
LC_k1_0.12_k2_0.76	190	0.914045147773448	0.903092810560433	0.915161376390365	0.12	0.76	0.278810408921933	0.347237671486837	0.303262955854127
LC_k1_0.12_k2_0.76	200	0.906732168304208	0.893911347783695	0.908752718817971	0.12	0.76	0.278810408921933	0.347237671486837	0.303262955854127
LC_k1_0.12_k2_0.76	210	0.884606388871792	0.870010657838046	0.907290414748634	0.12	0.76	0.278810408921933	0.347237671486837	0.303262955854127
LC_k1_0.12_k2_0.76	220	0.868086305314347	0.857341530347171	0.907799372263514	0.12	0.76	0.278810408921933	0.347237671486837	0.303262955854127
LC_k1_0.12_k2_0.76	230	0.866296149265582	0.858875280785287	0.909298523765963	0.12	0.76	0.278810408921933	0.347237671486837	0.303262955854127
LC_k1_0.12_k2_0.76	240	0.859561797947881	0.850880223614993	0.915368322366708	0.12	0.76	0.278810408921933	0.347237671486837	0.303262955854127
LC_k1_0.12_k2_0.76	240	0.859561797947881	0.850880223614993	0.915368322366708	0.12	0.76	0.278810408921933	0.347237671486837	0.303262955854127
LC_k1_0.12_k2_0.76	250	0.85305313685019	0.849591705467287	0.915368322366708	0.12	0.76	0.278810408921933	0.347237671486837	0.303262955854127
LC_k1_0.12_k2_0.76	260	0.838209258898914	0.833379419586316	0.915368322366708	0.12	0.76	0.278810408921933	0.347237671486837	0.303262955854127
LC_k1_0.12_k2_0.76	270	0.831328885779564	0.825807090784662	0.915368322366708	0.12	0.76	0.278810408921933	0.347237671486837	0.303262955854127
LC_k1_0.12_k2_0.76	280	0.829497460791227	0.818944301403261	0.915368322366708	0.12	0.76	0.278810408921933	0.347237671486837	0.303262955854127
LC_k1_0.12_k2_0.76	290	0.822750280765157	0.810364385816224	0.915368322366708	0.12	0.76	0.278810408921933	0.347237671486837	0.303262955854127
LC_k1_0.12_k2_0.76	300	0.82680563117368	0.816095734397049	0.915368322366708	0.12	0.76	0.278810408921933	0.347237671486837	0.303262955854127
LC_k1_0.16_k2_0.04	10	0.696969696969697	0.43030303030303	0.612121212121212	0.16	0.04	0.429866715024028	0.520949202817946	0.446449136276392
LC_k1_0.16_k2_0.04	20	0.750375939849624	0.733834586466166	0.796992481203008	0.16	0.04	0.429866715024028	0.520949202817946	0.446449136276392
LC_k1_0.16_k2_0.04	30	0.870522803114572	0.846941045606229	0.777530589543938	0.16	0.04	0.429866715024028	0.520949202817946	0.446449136276392
LC_k1_0.16_k2_0.04	40	0.915384615384616	0.903564727954972	0.815384615384616	0.16	0.04	0.429866715024028	0.520949202817946	0.446449136276392
LC_k1_0.16_k2_0.04	50	0.895126050420168	0.895222088835534	0.761344537815126	0.16	0.04	0.429866715024028	0.520949202817946	0.446449136276392
LC_k1_0.16_k2_0.04	60	0.910975270908586	0.910808557932759	0.80755765490414	0.16	0.04	0.429866715024028	0.520949202817946	0.446449136276392
LC_k1_0.16_k2_0.04	70	0.895057300323681	0.892957746478873	0.846032718047415	0.16	0.04	0.429866715024028	0.520949202817946	0.446449136276392
LC_k1_0.16_k2_0.04	80	0.906563525550867	0.902601969057665	0.880965775902485	0.16	0.04	0.429866715024028	0.520949202817946	0.446449136276392
LC_k1_0.16_k2_0.04	90	0.901370539572787	0.901897353582747	0.879738239288801	0.16	0.04	0.429866715024028	0.520949202817946	0.446449136276392
LC_k1_0.16_k2_0.04	100	0.904734473447345	0.908754875487549	0.903102310231023	0.16	0.04	0.429866715024028	0.520949202817946	0.446449136276392
LC_k1_0.16_k2_0.04	110	0.914108604016861	0.915830759867457	0.916191420778577	0.16	0.04	0.429866715024028	0.520949202817946	0.446449136276392
LC_k1_0.16_k2_0.04	120	0.916820612542537	0.917473435655254	0.930710466004584	0.16	0.04	0.429866715024028	0.520949202817946	0.446449136276392
LC_k1_0.16_k2_0.04	130	0.91028690819211	0.909134359338513	0.929547037375903	0.16	0.04	0.429866715024028	0.520949202817946	0.446449136276392
LC_k1_0.16_k2_0.04	140	0.918768450285364	0.918059959327371	0.934175941921235	0.16	0.04	0.429866715024028	0.520949202817946	0.446449136276392
LC_k1_0.16_k2_0.04	150	0.923235699364416	0.921166274056625	0.931324947775457	0.16	0.04	0.429866715024028	0.520949202817946	0.446449136276392
LC_k1_0.16_k2_0.04	160	0.923048751904371	0.917693073948201	0.932175084964256	0.16	0.04	0.429866715024028	0.520949202817946	0.446449136276392
LC_k1_0.16_k2_0.04	170	0.917211057577812	0.910997123857329	0.925085948424839	0.16	0.04	0.429866715024028	0.520949202817946	0.446449136276392
LC_k1_0.16_k2_0.04	180	0.917199090506909	0.910100105970349	0.92299556570676	0.16	0.04	0.429866715024028	0.520949202817946	0.446449136276392
LC_k1_0.16_k2_0.04	190	0.912057630988466	0.905124066711281	0.920665538191028	0.16	0.04	0.429866715024028	0.520949202817946	0.446449136276392
LC_k1_0.16_k2_0.04	200	0.905787144678617	0.894524863121578	0.918141453536338	0.16	0.04	0.429866715024028	0.520949202817946	0.446449136276392
LC_k1_0.16_k2_0.04	210	0.903697200778767	0.890773033402118	0.915792065255772	0.16	0.04	0.429866715024028	0.520949202817946	0.446449136276392
LC_k1_0.16_k2_0.04	220	0.891773496447147	0.878888557051329	0.915442655652164	0.16	0.04	0.429866715024028	0.520949202817946	0.446449136276392
LC_k1_0.16_k2_0.04	230	0.874041508140616	0.861621120478155	0.91968714786258	0.16	0.04	0.429866715024028	0.520949202817946	0.446449136276392
LC_k1_0.16_k2_0.04	240	0.86717564541051	0.852879390267192	0.925430997065921	0.16	0.04	0.429866715024028	0.520949202817946	0.446449136276392
LC_k1_0.16_k2_0.04	240	0.86717564541051	0.852879390267192	0.925430997065921	0.16	0.04	0.429866715024028	0.520949202817946	0.446449136276392
LC_k1_0.16_k2_0.04	250	0.868500936014976	0.851739067825085	0.925430997065921	0.16	0.04	0.429866715024028	0.520949202817946	0.446449136276392
LC_k1_0.16_k2_0.04	260	0.858324030737824	0.83968333623506	0.925430997065921	0.16	0.04	0.429866715024028	0.520949202817946	0.446449136276392
LC_k1_0.16_k2_0.04	270	0.854919515737908	0.83436626931325	0.925430997065921	0.16	0.04	0.429866715024028	0.520949202817946	0.446449136276392
LC_k1_0.16_k2_0.04	280	0.85781032192466	0.83864571887761	0.925430997065921	0.16	0.04	0.429866715024028	0.520949202817946	0.446449136276392
LC_k1_0.16_k2_0.04	290	0.847692313369588	0.83428988249071	0.925430997065921	0.16	0.04	0.429866715024028	0.520949202817946	0.446449136276392
LC_k1_0.16_k2_0.04	300	0.844931165901843	0.831348348314981	0.925430997065921	0.16	0.04	0.429866715024028	0.520949202817946	0.446449136276392
LC_k1_0.16_k2_0.12	10	0.624242424242424	0.381818181818182	0.612121212121212	0.16	0.12	0.425967902801705	0.517426770485725	0.445681381957774
LC_k1_0.16_k2_0.12	20	0.765413533834587	0.757894736842105	0.839097744360902	0.16	0.12	0.425967902801705	0.517426770485725	0.445681381957774
LC_k1_0.16_k2_0.12	30	0.881646273637375	0.855394883203559	0.802892102335929	0.16	0.12	0.425967902801705	0.517426770485725	0.445681381957774
LC_k1_0.16_k2_0.12	40	0.895497185741089	0.876923076923077	0.838461538461539	0.16	0.12	0.425967902801705	0.517426770485725	0.445681381957774
LC_k1_0.16_k2_0.12	50	0.915294117647059	0.908955582232893	0.782665066026411	0.16	0.12	0.425967902801705	0.517426770485725	0.445681381957774
LC_k1_0.16_k2_0.12	60	0.914754098360656	0.907140872464574	0.823562100583496	0.16	0.12	0.425967902801705	0.517426770485725	0.445681381957774
LC_k1_0.16_k2_0.12	70	0.907759601084769	0.901425946986265	0.863563992651562	0.16	0.12	0.425967902801705	0.517426770485725	0.445681381957774
LC_k1_0.16_k2_0.12	80	0.917463666197843	0.910665729020159	0.888513830285982	0.16	0.12	0.425967902801705	0.517426770485725	0.445681381957774
LC_k1_0.16_k2_0.12	90	0.897616989751821	0.899938263983208	0.884117380746594	0.16	0.12	0.425967902801705	0.517426770485725	0.445681381957774
LC_k1_0.16_k2_0.12	100	0.911179117911791	0.913315331533153	0.905826582658266	0.16	0.12	0.425967902801705	0.517426770485725	0.445681381957774
LC_k1_0.16_k2_0.12	110	0.918616865405856	0.919617699434213	0.920230822983116	0.16	0.12	0.425967902801705	0.517426770485725	0.445681381957774
LC_k1_0.16_k2_0.12	120	0.92206403222446	0.923043266893534	0.933016181679283	0.16	0.12	0.425967902801705	0.517426770485725	0.445681381957774
LC_k1_0.16_k2_0.12	130	0.912182332136176	0.910325144410001	0.934523208018681	0.16	0.12	0.425967902801705	0.517426770485725	0.445681381957774
LC_k1_0.16_k2_0.12	140	0.918296122980036	0.916984102687455	0.936515711443004	0.16	0.12	0.425967902801705	0.517426770485725	0.445681381957774
LC_k1_0.16_k2_0.12	150	0.920600915596249	0.917777679007956	0.936338503933508	0.16	0.12	0.425967902801705	0.517426770485725	0.445681381957774
LC_k1_0.16_k2_0.12	160	0.925629907418258	0.919512480956287	0.93235087308098	0.16	0.12	0.425967902801705	0.517426770485725	0.445681381957774
LC_k1_0.16_k2_0.12	170	0.917618969107419	0.910889650160905	0.929414207289892	0.16	0.12	0.425967902801705	0.517426770485725	0.445681381957774
LC_k1_0.16_k2_0.12	180	0.918727944278116	0.910404642118584	0.924835128656234	0.16	0.12	0.425967902801705	0.517426770485725	0.445681381957774
LC_k1_0.16_k2_0.12	190	0.915562028981704	0.90631202788822	0.925553849720287	0.16	0.12	0.425967902801705	0.517426770485725	0.445681381957774
LC_k1_0.16_k2_0.12	200	0.908298207455186	0.899795994899873	0.921995049876247	0.16	0.12	0.425967902801705	0.517426770485725	0.445681381957774
LC_k1_0.16_k2_0.12	210	0.904145542658888	0.892108988542014	0.919676831026295	0.16	0.12	0.425967902801705	0.517426770485725	0.445681381957774
LC_k1_0.16_k2_0.12	220	0.900736491550351	0.886562269318111	0.918605004986955	0.16	0.12	0.425967902801705	0.517426770485725	0.445681381957774
LC_k1_0.16_k2_0.12	230	0.880878491168979	0.866331655813334	0.919685175276594	0.16	0.12	0.425967902801705	0.517426770485725	0.445681381957774
LC_k1_0.16_k2_0.12	240	0.87484244518134	0.862529731418948	0.928114203371586	0.16	0.12	0.425967902801705	0.517426770485725	0.445681381957774
LC_k1_0.16_k2_0.12	240	0.87484244518134	0.862529731418948	0.928114203371586	0.16	0.12	0.425967902801705	0.517426770485725	0.445681381957774
LC_k1_0.16_k2_0.12	250	0.867368117889886	0.854224355589689	0.928114203371586	0.16	0.12	0.425967902801705	0.517426770485725	0.445681381957774
LC_k1_0.16_k2_0.12	260	0.858159485745692	0.842567311532829	0.928114203371586	0.16	0.12	0.425967902801705	0.517426770485725	0.445681381957774
LC_k1_0.16_k2_0.12	270	0.854494574685524	0.83834925338101	0.928114203371586	0.16	0.12	0.425967902801705	0.517426770485725	0.445681381957774
LC_k1_0.16_k2_0.12	280	0.851771979598865	0.838217688636699	0.928114203371586	0.16	0.12	0.425967902801705	0.517426770485725	0.445681381957774
LC_k1_0.16_k2_0.12	290	0.844357327632335	0.833858863383918	0.928114203371586	0.16	0.12	0.425967902801705	0.517426770485725	0.445681381957774
LC_k1_0.16_k2_0.12	300	0.847516527961422	0.83445016055734	0.928114203371586	0.16	0.12	0.425967902801705	0.517426770485725	0.445681381957774
LC_k1_0.16_k2_0.2	10	0.781818181818182	0.636363636363636	0.878787878787879	0.16	0.2	0.419439659080606	0.512421208750464	0.442482405630198
LC_k1_0.16_k2_0.2	20	0.828571428571429	0.792481203007519	0.908270676691729	0.16	0.2	0.419439659080606	0.512421208750464	0.442482405630198
LC_k1_0.16_k2_0.2	30	0.903448275862069	0.890100111234705	0.854949944382647	0.16	0.2	0.419439659080606	0.512421208750464	0.442482405630198
LC_k1_0.16_k2_0.2	40	0.884803001876173	0.863414634146342	0.839024390243903	0.16	0.2	0.419439659080606	0.512421208750464	0.442482405630198
LC_k1_0.16_k2_0.2	50	0.906842737094838	0.897911164465786	0.789291716686675	0.16	0.2	0.419439659080606	0.512421208750464	0.442482405630198
LC_k1_0.16_k2_0.2	60	0.910252848013337	0.90302861906085	0.823117532647958	0.16	0.2	0.419439659080606	0.512421208750464	0.442482405630198
LC_k1_0.16_k2_0.2	70	0.910314058262619	0.903175575190272	0.857370308809378	0.16	0.2	0.419439659080606	0.512421208750464	0.442482405630198
LC_k1_0.16_k2_0.2	80	0.91319737458978	0.908110642287857	0.886872948898265	0.16	0.2	0.419439659080606	0.512421208750464	0.442482405630198
LC_k1_0.16_k2_0.2	90	0.904086924311643	0.904547886570358	0.88117051487838	0.16	0.2	0.419439659080606	0.512421208750464	0.442482405630198
LC_k1_0.16_k2_0.2	100	0.917275727572757	0.918091809180918	0.903018301830183	0.16	0.2	0.419439659080606	0.512421208750464	0.442482405630198
LC_k1_0.16_k2_0.2	110	0.925685819263801	0.926614521109934	0.917859477492505	0.16	0.2	0.419439659080606	0.512421208750464	0.442482405630198
LC_k1_0.16_k2_0.2	120	0.925911521633446	0.925251753593999	0.932196680325023	0.16	0.2	0.419439659080606	0.512421208750464	0.442482405630198
LC_k1_0.16_k2_0.2	130	0.916787065233719	0.913744554752898	0.942093979161261	0.16	0.2	0.419439659080606	0.512421208750464	0.442482405630198
LC_k1_0.16_k2_0.2	140	0.916774179440642	0.915554000568542	0.930082438608384	0.16	0.2	0.419439659080606	0.512421208750464	0.442482405630198
LC_k1_0.16_k2_0.2	150	0.920245344237522	0.916216720743144	0.933454820214232	0.16	0.2	0.419439659080606	0.512421208750464	0.442482405630198
LC_k1_0.16_k2_0.2	160	0.92412984882222	0.918264385327552	0.932131137935075	0.16	0.2	0.419439659080606	0.512421208750464	0.442482405630198
LC_k1_0.16_k2_0.2	170	0.92676888880747	0.922340483998022	0.923862213836017	0.16	0.2	0.419439659080606	0.512421208750464	0.442482405630198
LC_k1_0.16_k2_0.2	180	0.923754848400671	0.915906869553587	0.924719898762307	0.16	0.2	0.419439659080606	0.512421208750464	0.442482405630198
LC_k1_0.16_k2_0.2	190	0.92275453030482	0.91400490755685	0.912297322713416	0.16	0.2	0.419439659080606	0.512421208750464	0.442482405630198
LC_k1_0.16_k2_0.2	200	0.909907747693692	0.897758943973599	0.914806870171754	0.16	0.2	0.419439659080606	0.512421208750464	0.442482405630198
LC_k1_0.16_k2_0.2	210	0.901824790325663	0.886829957271464	0.920997236736823	0.16	0.2	0.419439659080606	0.512421208750464	0.442482405630198
LC_k1_0.16_k2_0.2	220	0.891816322275629	0.875565047361985	0.914248040436598	0.16	0.2	0.419439659080606	0.512421208750464	0.442482405630198
LC_k1_0.16_k2_0.2	230	0.884972593383453	0.870748275836561	0.917402893290495	0.16	0.2	0.419439659080606	0.512421208750464	0.442482405630198
LC_k1_0.16_k2_0.2	240	0.868546328929322	0.858655532214101	0.923628882445876	0.16	0.2	0.419439659080606	0.512421208750464	0.442482405630198
LC_k1_0.16_k2_0.2	240	0.868546328929322	0.858655532214101	0.923628882445876	0.16	0.2	0.419439659080606	0.512421208750464	0.442482405630198
LC_k1_0.16_k2_0.2	250	0.867155378486056	0.859998271972352	0.923628882445876	0.16	0.2	0.419439659080606	0.512421208750464	0.442482405630198
LC_k1_0.16_k2_0.2	260	0.863283594318077	0.849827773965705	0.923628882445876	0.16	0.2	0.419439659080606	0.512421208750464	0.442482405630198
LC_k1_0.16_k2_0.2	270	0.849992150479126	0.840139248976133	0.923628882445876	0.16	0.2	0.419439659080606	0.512421208750464	0.442482405630198
LC_k1_0.16_k2_0.2	280	0.842173825103454	0.829947903854459	0.923628882445876	0.16	0.2	0.419439659080606	0.512421208750464	0.442482405630198
LC_k1_0.16_k2_0.2	290	0.844933003836611	0.831829235740636	0.923628882445876	0.16	0.2	0.419439659080606	0.512421208750464	0.442482405630198
LC_k1_0.16_k2_0.2	300	0.834809275658619	0.82299136657074	0.923628882445876	0.16	0.2	0.419439659080606	0.512421208750464	0.442482405630198
LC_k1_0.16_k2_0.28	10	0.527272727272727	0.684848484848485	0.721212121212121	0.16	0.28	0.402665699519449	0.493696700037078	0.428278950735765
LC_k1_0.16_k2_0.28	20	0.869172932330827	0.914285714285714	0.795488721804511	0.16	0.28	0.402665699519449	0.493696700037078	0.428278950735765
LC_k1_0.16_k2_0.28	30	0.907452725250278	0.868298109010011	0.796218020022247	0.16	0.28	0.402665699519449	0.493696700037078	0.428278950735765
LC_k1_0.16_k2_0.28	40	0.934896810506567	0.911069418386492	0.76829268292683	0.16	0.28	0.402665699519449	0.493696700037078	0.428278950735765
LC_k1_0.16_k2_0.28	50	0.946026410564226	0.927202881152461	0.767683073229292	0.16	0.28	0.402665699519449	0.493696700037078	0.428278950735765
LC_k1_0.16_k2_0.28	60	0.877632675743262	0.866963045290359	0.811225340372326	0.16	0.28	0.402665699519449	0.493696700037078	0.428278950735765
LC_k1_0.16_k2_0.28	70	0.890263319044703	0.879240661359461	0.856740442655936	0.16	0.28	0.402665699519449	0.493696700037078	0.428278950735765
LC_k1_0.16_k2_0.28	80	0.884458509142053	0.876300984528833	0.869081106422879	0.16	0.28	0.402665699519449	0.493696700037078	0.428278950735765
LC_k1_0.16_k2_0.28	90	0.896662139358769	0.891920813269128	0.876215170597193	0.16	0.28	0.402665699519449	0.493696700037078	0.428278950735765
LC_k1_0.16_k2_0.28	100	0.911803180318032	0.91050705070507	0.898997899789979	0.16	0.28	0.402665699519449	0.493696700037078	0.428278950735765
LC_k1_0.16_k2_0.28	110	0.917859477492505	0.916570114735252	0.915731578116899	0.16	0.28	0.402665699519449	0.493696700037078	0.428278950735765
LC_k1_0.16_k2_0.28	120	0.916341412598097	0.914889922911313	0.928043614139871	0.16	0.28	0.402665699519449	0.493696700037078	0.428278950735765
LC_k1_0.16_k2_0.28	130	0.920184626309249	0.917202201313687	0.93380764451242	0.16	0.28	0.402665699519449	0.493696700037078	0.428278950735765
LC_k1_0.16_k2_0.28	140	0.920915790164221	0.917285867354749	0.931573768340951	0.16	0.28	0.402665699519449	0.493696700037078	0.428278950735765
LC_k1_0.16_k2_0.28	150	0.908756833637051	0.906410062669452	0.926933641495178	0.16	0.28	0.402665699519449	0.493696700037078	0.428278950735765
LC_k1_0.16_k2_0.28	160	0.916735028712059	0.911350052736435	0.927238368686277	0.16	0.28	0.402665699519449	0.493696700037078	0.428278950735765
LC_k1_0.16_k2_0.28	170	0.920545184750948	0.91254816470344	0.923515366906651	0.16	0.28	0.402665699519449	0.493696700037078	0.428278950735765
LC_k1_0.16_k2_0.28	180	0.917649721699229	0.907281088922498	0.91768675987942	0.16	0.28	0.402665699519449	0.493696700037078	0.428278950735765
LC_k1_0.16_k2_0.28	190	0.90901861984805	0.895917804983664	0.913124871515613	0.16	0.28	0.402665699519449	0.493696700037078	0.428278950735765
LC_k1_0.16_k2_0.28	200	0.897785944648616	0.884965124128103	0.906108152703818	0.16	0.28	0.402665699519449	0.493696700037078	0.428278950735765
LC_k1_0.16_k2_0.28	210	0.893281674673543	0.876917196049149	0.907039032307179	0.16	0.28	0.402665699519449	0.493696700037078	0.428278950735765
LC_k1_0.16_k2_0.28	220	0.890440260786756	0.871925978936454	0.90672872655145	0.16	0.28	0.402665699519449	0.493696700037078	0.428278950735765
LC_k1_0.16_k2_0.28	230	0.880107210048353	0.864003018056559	0.913589884579063	0.16	0.28	0.402665699519449	0.493696700037078	0.428278950735765
LC_k1_0.16_k2_0.28	240	0.864052327297349	0.852603343808052	0.917752912376951	0.16	0.28	0.402665699519449	0.493696700037078	0.428278950735765
LC_k1_0.16_k2_0.28	240	0.864052327297349	0.852603343808052	0.917752912376951	0.16	0.28	0.402665699519449	0.493696700037078	0.428278950735765
LC_k1_0.16_k2_0.28	250	0.863586425382806	0.848546440743052	0.917752912376951	0.16	0.28	0.402665699519449	0.493696700037078	0.428278950735765
LC_k1_0.16_k2_0.28	260	0.859574845781742	0.845786521648591	0.917752912376951	0.16	0.28	0.402665699519449	0.493696700037078	0.428278950735765
LC_k1_0.16_k2_0.28	270	0.850788991161287	0.835947147575565	0.917752912376951	0.16	0.28	0.402665699519449	0.493696700037078	0.428278950735765
LC_k1_0.16_k2_0.28	280	0.847817483094719	0.833355746155654	0.917752912376951	0.16	0.28	0.402665699519449	0.493696700037078	0.428278950735765
LC_k1_0.16_k2_0.28	290	0.836454818643544	0.82265679488583	0.917752912376951	0.16	0.28	0.402665699519449	0.493696700037078	0.428278950735765
LC_k1_0.16_k2_0.28	300	0.839987999866665	0.824867387415416	0.917752912376951	0.16	0.28	0.402665699519449	0.493696700037078	0.428278950735765
LC_k1_0.16_k2_0.36	10	0.563636363636364	0.915151515151515	0.684848484848485	0.16	0.36	0.381811587632605	0.469410456062292	0.405502239283429
LC_k1_0.16_k2_0.36	20	0.864661654135338	0.894736842105263	0.765413533834587	0.16	0.36	0.381811587632605	0.469410456062292	0.405502239283429
LC_k1_0.16_k2_0.36	30	0.894104560622914	0.855839822024472	0.818464961067853	0.16	0.36	0.381811587632605	0.469410456062292	0.405502239283429
LC_k1_0.16_k2_0.36	40	0.933020637898687	0.901313320825516	0.771857410881801	0.16	0.36	0.381811587632605	0.469410456062292	0.405502239283429
LC_k1_0.16_k2_0.36	50	0.933733493397359	0.923265306122449	0.772581032412965	0.16	0.36	0.381811587632605	0.469410456062292	0.405502239283429
LC_k1_0.16_k2_0.36	60	0.92342317310364	0.907474298416227	0.8171158655182	0.16	0.36	0.381811587632605	0.469410456062292	0.405502239283429
LC_k1_0.16_k2_0.36	70	0.879660572128423	0.861849357011635	0.85779021957834	0.16	0.36	0.381811587632605	0.469410456062292	0.405502239283429
LC_k1_0.16_k2_0.36	80	0.881669010782935	0.868729488982654	0.869221753398969	0.16	0.36	0.381811587632605	0.469410456062292	0.405502239283429
LC_k1_0.16_k2_0.36	90	0.894011606371157	0.885187471704326	0.876297485286249	0.16	0.36	0.381811587632605	0.469410456062292	0.405502239283429
LC_k1_0.16_k2_0.36	100	0.911371137113711	0.906690669066907	0.898325832583258	0.16	0.36	0.381811587632605	0.469410456062292	0.405502239283429
LC_k1_0.16_k2_0.36	110	0.917237337420824	0.914415165791312	0.916741428668034	0.16	0.36	0.381811587632605	0.469410456062292	0.405502239283429
LC_k1_0.16_k2_0.36	120	0.913403708590874	0.910153482880755	0.930342384887839	0.16	0.36	0.381811587632605	0.469410456062292	0.405502239283429
LC_k1_0.16_k2_0.36	130	0.918360212484125	0.914345409605484	0.931453385953652	0.16	0.36	0.381811587632605	0.469410456062292	0.405502239283429
LC_k1_0.16_k2_0.36	140	0.913690931753078	0.908709628042247	0.935199317749448	0.16	0.36	0.381811587632605	0.469410456062292	0.405502239283429
LC_k1_0.16_k2_0.36	150	0.914445975376684	0.911039601760078	0.931058269256411	0.16	0.36	0.381811587632605	0.469410456062292	0.405502239283429
LC_k1_0.16_k2_0.36	160	0.91957400679714	0.912800304699402	0.931571545763506	0.16	0.36	0.381811587632605	0.469410456062292	0.405502239283429
LC_k1_0.16_k2_0.36	170	0.915359578898517	0.907057235849806	0.928764479943332	0.16	0.36	0.381811587632605	0.469410456062292	0.405502239283429
LC_k1_0.16_k2_0.36	180	0.917810220480056	0.906420980071401	0.920937889029497	0.16	0.36	0.381811587632605	0.469410456062292	0.405502239283429
LC_k1_0.16_k2_0.36	190	0.920147664099166	0.904840635620465	0.918562549480158	0.16	0.36	0.381811587632605	0.469410456062292	0.405502239283429
LC_k1_0.16_k2_0.36	200	0.911272781819546	0.894260856521413	0.914508362709068	0.16	0.36	0.381811587632605	0.469410456062292	0.405502239283429
LC_k1_0.16_k2_0.36	210	0.906655479716093	0.888780114871409	0.911706452689242	0.16	0.36	0.381811587632605	0.469410456062292	0.405502239283429
LC_k1_0.16_k2_0.36	220	0.892543234364346	0.877498971616619	0.912319751159396	0.16	0.36	0.381811587632605	0.469410456062292	0.405502239283429
LC_k1_0.16_k2_0.36	230	0.877547779731186	0.863488173114146	0.914880942107067	0.16	0.36	0.381811587632605	0.469410456062292	0.405502239283429
LC_k1_0.16_k2_0.36	240	0.867245091060609	0.852385458080869	0.922291185610861	0.16	0.36	0.381811587632605	0.469410456062292	0.405502239283429
LC_k1_0.16_k2_0.36	240	0.867245091060609	0.852385458080869	0.922291185610861	0.16	0.36	0.381811587632605	0.469410456062292	0.405502239283429
LC_k1_0.16_k2_0.36	250	0.862588777420439	0.85246944751116	0.922291185610861	0.16	0.36	0.381811587632605	0.469410456062292	0.405502239283429
LC_k1_0.16_k2_0.36	260	0.859174066070618	0.849120435327332	0.922291185610861	0.16	0.36	0.381811587632605	0.469410456062292	0.405502239283429
LC_k1_0.16_k2_0.36	270	0.84783818098404	0.837151248835908	0.922291185610861	0.16	0.36	0.381811587632605	0.469410456062292	0.405502239283429
LC_k1_0.16_k2_0.36	280	0.848049811130973	0.835088093324806	0.922291185610861	0.16	0.36	0.381811587632605	0.469410456062292	0.405502239283429
LC_k1_0.16_k2_0.36	290	0.837696704745761	0.824561446669381	0.922291185610861	0.16	0.36	0.381811587632605	0.469410456062292	0.405502239283429
LC_k1_0.16_k2_0.36	300	0.838870209668996	0.827686974299714	0.922291185610861	0.16	0.36	0.381811587632605	0.469410456062292	0.405502239283429
LC_k1_0.16_k2_0.44	10	0.478787878787879	0.709090909090909	0.624242424242424	0.16	0.44	0.347719648200199	0.433073785687801	0.373000639795266
LC_k1_0.16_k2_0.44	20	0.793984962406015	0.784962406015038	0.821052631578947	0.16	0.44	0.347719648200199	0.433073785687801	0.373000639795266
LC_k1_0.16_k2_0.44	30	0.919911012235817	0.893659621802002	0.852280311457175	0.16	0.44	0.347719648200199	0.433073785687801	0.373000639795266
LC_k1_0.16_k2_0.44	40	0.939212007504691	0.927016885553471	0.810506566604128	0.16	0.44	0.347719648200199	0.433073785687801	0.373000639795266
LC_k1_0.16_k2_0.44	50	0.897334933973589	0.892052821128451	0.816182472989196	0.16	0.44	0.347719648200199	0.433073785687801	0.373000639795266
LC_k1_0.16_k2_0.44	60	0.885968324534593	0.878799666574049	0.797999444290081	0.16	0.44	0.347719648200199	0.433073785687801	0.373000639795266
LC_k1_0.16_k2_0.44	70	0.875496457002887	0.880955296999388	0.834555157029131	0.16	0.44	0.347719648200199	0.433073785687801	0.373000639795266
LC_k1_0.16_k2_0.44	80	0.877285513361463	0.880590717299578	0.84690576652602	0.16	0.44	0.347719648200199	0.433073785687801	0.373000639795266
LC_k1_0.16_k2_0.44	90	0.888957484463102	0.8977322303165	0.87130921512944	0.16	0.44	0.347719648200199	0.433073785687801	0.373000639795266
LC_k1_0.16_k2_0.44	100	0.905898589858986	0.909342934293429	0.88969696969697	0.16	0.44	0.347719648200199	0.433073785687801	0.373000639795266
LC_k1_0.16_k2_0.44	110	0.912711042986272	0.915001239771882	0.910060185289543	0.16	0.44	0.347719648200199	0.433073785687801	0.373000639795266
LC_k1_0.16_k2_0.44	120	0.924418362386277	0.924210014584346	0.921730675741371	0.16	0.44	0.347719648200199	0.433073785687801	0.373000639795266
LC_k1_0.16_k2_0.44	130	0.925641480834096	0.92494230427836	0.930765134031599	0.16	0.44	0.347719648200199	0.433073785687801	0.373000639795266
LC_k1_0.16_k2_0.44	140	0.921659268330017	0.92016793859745	0.92520609652096	0.16	0.44	0.347719648200199	0.433073785687801	0.373000639795266
LC_k1_0.16_k2_0.44	150	0.909880439130628	0.906221609849327	0.931026267834126	0.16	0.44	0.347719648200199	0.433073785687801	0.373000639795266
LC_k1_0.16_k2_0.44	160	0.897125864291574	0.891773116137349	0.932136997538966	0.16	0.44	0.347719648200199	0.433073785687801	0.373000639795266
LC_k1_0.16_k2_0.44	170	0.905186216498434	0.89683257918552	0.923117225713082	0.16	0.44	0.347719648200199	0.433073785687801	0.373000639795266
LC_k1_0.16_k2_0.44	180	0.90573783141455	0.897089416340011	0.9180777184481	0.16	0.44	0.347719648200199	0.433073785687801	0.373000639795266
LC_k1_0.16_k2_0.44	190	0.903862623399686	0.888917756870361	0.908869906004103	0.16	0.44	0.347719648200199	0.433073785687801	0.373000639795266
LC_k1_0.16_k2_0.44	200	0.896315907897698	0.883145578639466	0.899524488112203	0.16	0.44	0.347719648200199	0.433073785687801	0.373000639795266
LC_k1_0.16_k2_0.44	210	0.889034088884426	0.872051520442641	0.90110951657472	0.16	0.44	0.347719648200199	0.433073785687801	0.373000639795266
LC_k1_0.16_k2_0.44	220	0.878194327831717	0.861243188721029	0.898228926593149	0.16	0.44	0.347719648200199	0.433073785687801	0.373000639795266
LC_k1_0.16_k2_0.44	230	0.881454486276966	0.863070971178053	0.906513232353369	0.16	0.44	0.347719648200199	0.433073785687801	0.373000639795266
LC_k1_0.16_k2_0.44	240	0.866411743259432	0.85210246705672	0.914222469140089	0.16	0.44	0.347719648200199	0.433073785687801	0.373000639795266
LC_k1_0.16_k2_0.44	240	0.866411743259432	0.85210246705672	0.914222469140089	0.16	0.44	0.347719648200199	0.433073785687801	0.373000639795266
LC_k1_0.16_k2_0.44	250	0.86087611001776	0.846665578649258	0.914222469140089	0.16	0.44	0.347719648200199	0.433073785687801	0.373000639795266
LC_k1_0.16_k2_0.44	260	0.853823964168792	0.842668359909739	0.914222469140089	0.16	0.44	0.347719648200199	0.433073785687801	0.373000639795266
LC_k1_0.16_k2_0.44	270	0.848158258534258	0.839231448076563	0.914222469140089	0.16	0.44	0.347719648200199	0.433073785687801	0.373000639795266
LC_k1_0.16_k2_0.44	280	0.836942891035418	0.831584586538094	0.914222469140089	0.16	0.44	0.347719648200199	0.433073785687801	0.373000639795266
LC_k1_0.16_k2_0.44	290	0.83710626761317	0.831093157448672	0.914222469140089	0.16	0.44	0.347719648200199	0.433073785687801	0.373000639795266
LC_k1_0.16_k2_0.44	300	0.830740786008733	0.823634929276992	0.914222469140089	0.16	0.44	0.347719648200199	0.433073785687801	0.373000639795266
LC_k1_0.16_k2_0.52	10	0.76969696969697	0.745454545454545	0.709090909090909	0.16	0.52	0.309728896545471	0.388765294771969	0.338067818298145
LC_k1_0.16_k2_0.52	20	0.756390977443609	0.780451127819549	0.867669172932331	0.16	0.52	0.309728896545471	0.388765294771969	0.338067818298145
LC_k1_0.16_k2_0.52	30	0.839822024471635	0.83047830923248	0.837152391546163	0.16	0.52	0.309728896545471	0.388765294771969	0.338067818298145
LC_k1_0.16_k2_0.52	40	0.838461538461539	0.832457786116323	0.780300187617261	0.16	0.52	0.309728896545471	0.388765294771969	0.338067818298145
LC_k1_0.16_k2_0.52	50	0.885042016806723	0.878607442977191	0.779207683073229	0.16	0.52	0.309728896545471	0.388765294771969	0.338067818298145
LC_k1_0.16_k2_0.52	60	0.854126146151709	0.842400666851903	0.80805779383162	0.16	0.52	0.309728896545471	0.388765294771969	0.338067818298145
LC_k1_0.16_k2_0.52	70	0.856425509579214	0.845787770098854	0.831055900621118	0.16	0.52	0.309728896545471	0.388765294771969	0.338067818298145
LC_k1_0.16_k2_0.52	80	0.872644163150492	0.86741678387248	0.874706985466479	0.16	0.52	0.309728896545471	0.388765294771969	0.338067818298145
LC_k1_0.16_k2_0.52	90	0.85619623821871	0.855340165452525	0.88958307609993	0.16	0.52	0.309728896545471	0.388765294771969	0.338067818298145
LC_k1_0.16_k2_0.52	100	0.880888088808881	0.882484248424843	0.903594359435944	0.16	0.52	0.309728896545471	0.388765294771969	0.338067818298145
LC_k1_0.16_k2_0.52	110	0.886193449496202	0.885237698081735	0.925352207921015	0.16	0.52	0.309728896545471	0.388765294771969	0.338067818298145
LC_k1_0.16_k2_0.52	120	0.90258351274394	0.900111118827696	0.929418709632613	0.16	0.52	0.309728896545471	0.388765294771969	0.338067818298145
LC_k1_0.16_k2_0.52	130	0.914077756080241	0.910314219776318	0.931163883161043	0.16	0.52	0.309728896545471	0.388765294771969	0.338067818298145
LC_k1_0.16_k2_0.52	140	0.915938859854366	0.91184972994249	0.933266274518379	0.16	0.52	0.309728896545471	0.388765294771969	0.338067818298145
LC_k1_0.16_k2_0.52	150	0.912892128539046	0.908358593715276	0.929170185341571	0.16	0.52	0.309728896545471	0.388765294771969	0.338067818298145
LC_k1_0.16_k2_0.52	160	0.901892652056721	0.894260517988984	0.92447263564983	0.16	0.52	0.309728896545471	0.388765294771969	0.338067818298145
LC_k1_0.16_k2_0.52	170	0.894964002418158	0.886224436831725	0.919533954970964	0.16	0.52	0.309728896545471	0.388765294771969	0.338067818298145
LC_k1_0.16_k2_0.52	180	0.895739580439726	0.884352397707748	0.920610718437812	0.16	0.52	0.309728896545471	0.388765294771969	0.338067818298145
LC_k1_0.16_k2_0.52	190	0.88521740651804	0.871133330708972	0.91408713756468	0.16	0.52	0.309728896545471	0.388765294771969	0.338067818298145
LC_k1_0.16_k2_0.52	200	0.859123978099453	0.844257106427661	0.905431635790895	0.16	0.52	0.309728896545471	0.388765294771969	0.338067818298145
LC_k1_0.16_k2_0.52	210	0.859560145516743	0.840168711308646	0.898209547997525	0.16	0.52	0.309728896545471	0.388765294771969	0.338067818298145
LC_k1_0.16_k2_0.52	220	0.842278108676175	0.82844198508985	0.895728123608865	0.16	0.52	0.309728896545471	0.388765294771969	0.338067818298145
LC_k1_0.16_k2_0.52	230	0.843915188665521	0.828674003042714	0.903850241271923	0.16	0.52	0.309728896545471	0.388765294771969	0.338067818298145
LC_k1_0.16_k2_0.52	240	0.826699248250838	0.816638309692877	0.907565235507561	0.16	0.52	0.309728896545471	0.388765294771969	0.338067818298145
LC_k1_0.16_k2_0.52	240	0.826699248250838	0.816638309692877	0.907565235507561	0.16	0.52	0.309728896545471	0.388765294771969	0.338067818298145
LC_k1_0.16_k2_0.52	250	0.819865789852638	0.815030384486152	0.907565235507561	0.16	0.52	0.309728896545471	0.388765294771969	0.338067818298145
LC_k1_0.16_k2_0.52	260	0.817213727558555	0.810029734167665	0.907565235507561	0.16	0.52	0.309728896545471	0.388765294771969	0.338067818298145
LC_k1_0.16_k2_0.52	270	0.819839625905553	0.80884237095159	0.907565235507561	0.16	0.52	0.309728896545471	0.388765294771969	0.338067818298145
LC_k1_0.16_k2_0.52	280	0.808242452072093	0.796497586521694	0.907565235507561	0.16	0.52	0.309728896545471	0.388765294771969	0.338067818298145
LC_k1_0.16_k2_0.52	290	0.805995643065993	0.79597100461648	0.907565235507561	0.16	0.52	0.309728896545471	0.388765294771969	0.338067818298145
LC_k1_0.16_k2_0.52	300	0.79779775330837	0.782784253158368	0.907565235507561	0.16	0.52	0.309728896545471	0.388765294771969	0.338067818298145
LC_k1_0.16_k2_0.6	10	0.236363636363636	0.442424242424242	0.0666666666666667	0.16	0.6	0.267204642306646	0.335928809788654	0.29149072296865
LC_k1_0.16_k2_0.6	20	0.601503759398496	0.578947368421053	0.724812030075188	0.16	0.6	0.267204642306646	0.335928809788654	0.29149072296865
LC_k1_0.16_k2_0.6	30	0.832703003337041	0.834927697441602	0.80734149054505	0.16	0.6	0.267204642306646	0.335928809788654	0.29149072296865
LC_k1_0.16_k2_0.6	40	0.841838649155723	0.830956848030019	0.789681050656661	0.16	0.6	0.267204642306646	0.335928809788654	0.29149072296865
LC_k1_0.16_k2_0.6	50	0.86093637454982	0.858343337334934	0.736278511404562	0.16	0.6	0.267204642306646	0.335928809788654	0.29149072296865
LC_k1_0.16_k2_0.6	60	0.852236732425674	0.846068352320089	0.80705751597666	0.16	0.6	0.267204642306646	0.335928809788654	0.29149072296865
LC_k1_0.16_k2_0.6	70	0.860029743679468	0.851141632403114	0.803236812177412	0.16	0.6	0.267204642306646	0.335928809788654	0.29149072296865
LC_k1_0.16_k2_0.6	80	0.851640881387717	0.846413502109705	0.840342240975152	0.16	0.6	0.267204642306646	0.335928809788654	0.29149072296865
LC_k1_0.16_k2_0.6	90	0.880972959624645	0.873844507552373	0.847964769313084	0.16	0.6	0.267204642306646	0.335928809788654	0.29149072296865
LC_k1_0.16_k2_0.6	100	0.881272127212722	0.871575157515752	0.876147614761476	0.16	0.6	0.267204642306646	0.335928809788654	0.29149072296865
LC_k1_0.16_k2_0.6	110	0.895228005319748	0.88736559745734	0.889448414219056	0.16	0.6	0.267204642306646	0.335928809788654	0.29149072296865
LC_k1_0.16_k2_0.6	120	0.907889436766442	0.901618167928328	0.908563094659351	0.16	0.6	0.267204642306646	0.335928809788654	0.29149072296865
LC_k1_0.16_k2_0.6	130	0.913624383782381	0.905381747668273	0.919032077455653	0.16	0.6	0.267204642306646	0.335928809788654	0.29149072296865
LC_k1_0.16_k2_0.6	140	0.905683234567361	0.899731035840021	0.917893770090311	0.16	0.6	0.267204642306646	0.335928809788654	0.29149072296865
LC_k1_0.16_k2_0.6	150	0.913510822703231	0.906971865416241	0.916582959242633	0.16	0.6	0.267204642306646	0.335928809788654	0.29149072296865
LC_k1_0.16_k2_0.6	160	0.902370209773819	0.892898160084378	0.91553966951834	0.16	0.6	0.267204642306646	0.335928809788654	0.29149072296865
LC_k1_0.16_k2_0.6	170	0.903918515397439	0.893281062035528	0.916583313487339	0.16	0.6	0.267204642306646	0.335928809788654	0.29149072296865
LC_k1_0.16_k2_0.6	180	0.90208339763573	0.891227095486486	0.917376050701153	0.16	0.6	0.267204642306646	0.335928809788654	0.29149072296865
LC_k1_0.16_k2_0.6	190	0.883452085711662	0.869826398456875	0.917365840430046	0.16	0.6	0.267204642306646	0.335928809788654	0.29149072296865
LC_k1_0.16_k2_0.6	200	0.876177904447611	0.862281557038926	0.907473186829671	0.16	0.6	0.267204642306646	0.335928809788654	0.29149072296865
LC_k1_0.16_k2_0.6	210	0.860805395651991	0.85347383970482	0.902954715526429	0.16	0.6	0.267204642306646	0.335928809788654	0.29149072296865
LC_k1_0.16_k2_0.6	220	0.854500374725999	0.845447219983884	0.899342398133696	0.16	0.6	0.267204642306646	0.335928809788654	0.29149072296865
LC_k1_0.16_k2_0.6	230	0.845350244970522	0.832210849716071	0.902397431693046	0.16	0.6	0.267204642306646	0.335928809788654	0.29149072296865
LC_k1_0.16_k2_0.6	240	0.832594315873539	0.819436101321203	0.895043316724248	0.16	0.6	0.267204642306646	0.335928809788654	0.29149072296865
LC_k1_0.16_k2_0.6	240	0.832594315873539	0.819436101321203	0.895043316724248	0.16	0.6	0.267204642306646	0.335928809788654	0.29149072296865
LC_k1_0.16_k2_0.6	250	0.830258532136514	0.821017808284933	0.895043316724248	0.16	0.6	0.267204642306646	0.335928809788654	0.29149072296865
LC_k1_0.16_k2_0.6	260	0.829883009193354	0.821861952896436	0.895043316724248	0.16	0.6	0.267204642306646	0.335928809788654	0.29149072296865
LC_k1_0.16_k2_0.6	270	0.821259550885472	0.81324968640021	0.895043316724248	0.16	0.6	0.267204642306646	0.335928809788654	0.29149072296865
LC_k1_0.16_k2_0.6	280	0.810890445031187	0.801930782644823	0.895043316724248	0.16	0.6	0.267204642306646	0.335928809788654	0.29149072296865
LC_k1_0.16_k2_0.6	290	0.804352259713614	0.793480836009777	0.895043316724248	0.16	0.6	0.267204642306646	0.335928809788654	0.29149072296865
LC_k1_0.16_k2_0.6	300	0.809248102756697	0.798436871520795	0.895043316724248	0.16	0.6	0.267204642306646	0.335928809788654	0.29149072296865
LC_k1_0.16_k2_0.68	10	-0.236363636363636	-0.115151515151515	-0.103030303030303	0.16	0.68	0.223411007344274	0.279940674823878	0.248624440179143
LC_k1_0.16_k2_0.68	20	0.651127819548872	0.691729323308271	0.57593984962406	0.16	0.68	0.223411007344274	0.279940674823878	0.248624440179143
LC_k1_0.16_k2_0.68	30	0.751279199110122	0.78420467185762	0.712569521690767	0.16	0.68	0.223411007344274	0.279940674823878	0.248624440179143
LC_k1_0.16_k2_0.68	40	0.744652908067543	0.763039399624766	0.669230769230769	0.16	0.68	0.223411007344274	0.279940674823878	0.248624440179143
LC_k1_0.16_k2_0.68	50	0.755294117647059	0.765186074429772	0.706698679471789	0.16	0.68	0.223411007344274	0.279940674823878	0.248624440179143
LC_k1_0.16_k2_0.68	60	0.775993331480967	0.780494581828286	0.700138927479856	0.16	0.68	0.223411007344274	0.279940674823878	0.248624440179143
LC_k1_0.16_k2_0.68	70	0.802292012947249	0.797078120899309	0.73160703350538	0.16	0.68	0.223411007344274	0.279940674823878	0.248624440179143
LC_k1_0.16_k2_0.68	80	0.825785278949836	0.824261603375527	0.783333333333333	0.16	0.68	0.223411007344274	0.279940674823878	0.248624440179143
LC_k1_0.16_k2_0.68	90	0.854138370992304	0.856443182285879	0.817788204305058	0.16	0.68	0.223411007344274	0.279940674823878	0.248624440179143
LC_k1_0.16_k2_0.68	100	0.859177917791779	0.86016201620162	0.846084608460846	0.16	0.68	0.223411007344274	0.279940674823878	0.248624440179143
LC_k1_0.16_k2_0.68	110	0.882442576020558	0.883623740504474	0.876022811802628	0.16	0.68	0.223411007344274	0.279940674823878	0.248624440179143
LC_k1_0.16_k2_0.68	120	0.897979026321272	0.896965067018543	0.888902007083825	0.16	0.68	0.223411007344274	0.279940674823878	0.248624440179143
LC_k1_0.16_k2_0.68	130	0.906763713829221	0.902617815346379	0.892599926258723	0.16	0.68	0.223411007344274	0.279940674823878	0.248624440179143
LC_k1_0.16_k2_0.68	140	0.918904025715598	0.913887734796965	0.898502110165971	0.16	0.68	0.223411007344274	0.279940674823878	0.248624440179143
LC_k1_0.16_k2_0.68	150	0.915278012356105	0.909873327703454	0.903569047513223	0.16	0.68	0.223411007344274	0.279940674823878	0.248624440179143
LC_k1_0.16_k2_0.68	160	0.905657447556545	0.899958982772765	0.913878471815305	0.16	0.68	0.223411007344274	0.279940674823878	0.248624440179143
LC_k1_0.16_k2_0.68	170	0.902098790310269	0.892379748535977	0.912120712501756	0.16	0.68	0.223411007344274	0.279940674823878	0.248624440179143
LC_k1_0.16_k2_0.68	180	0.877792524460632	0.868020617920306	0.910814119777359	0.16	0.68	0.223411007344274	0.279940674823878	0.248624440179143
LC_k1_0.16_k2_0.68	190	0.865818122968853	0.857703595813268	0.908073849545329	0.16	0.68	0.223411007344274	0.279940674823878	0.248624440179143
LC_k1_0.16_k2_0.68	200	0.856404410110253	0.849417235430886	0.90643216080402	0.16	0.68	0.223411007344274	0.279940674823878	0.248624440179143
LC_k1_0.16_k2_0.68	210	0.846547864707007	0.839935469868122	0.90916671255908	0.16	0.68	0.223411007344274	0.279940674823878	0.248624440179143
LC_k1_0.16_k2_0.68	220	0.832323357544953	0.825679719152725	0.899171094819765	0.16	0.68	0.223411007344274	0.279940674823878	0.248624440179143
LC_k1_0.16_k2_0.68	230	0.825625371400955	0.817829711583272	0.891126075367579	0.16	0.68	0.223411007344274	0.279940674823878	0.248624440179143
LC_k1_0.16_k2_0.68	240	0.81759665966423	0.809572214795396	0.889382628170628	0.16	0.68	0.223411007344274	0.279940674823878	0.248624440179143
LC_k1_0.16_k2_0.68	240	0.81759665966423	0.809572214795396	0.889382628170628	0.16	0.68	0.223411007344274	0.279940674823878	0.248624440179143
LC_k1_0.16_k2_0.68	250	0.803801276820429	0.797866077857246	0.889382628170628	0.16	0.68	0.223411007344274	0.279940674823878	0.248624440179143
LC_k1_0.16_k2_0.68	260	0.809228857504719	0.797189762707004	0.889382628170628	0.16	0.68	0.223411007344274	0.279940674823878	0.248624440179143
LC_k1_0.16_k2_0.68	270	0.807631563304481	0.798435887704602	0.889382628170628	0.16	0.68	0.223411007344274	0.279940674823878	0.248624440179143
LC_k1_0.16_k2_0.68	280	0.796129688243108	0.788811628428205	0.889382628170628	0.16	0.68	0.223411007344274	0.279940674823878	0.248624440179143
LC_k1_0.16_k2_0.68	290	0.801405486391039	0.796619993431387	0.889382628170628	0.16	0.68	0.223411007344274	0.279940674823878	0.248624440179143
LC_k1_0.16_k2_0.68	300	0.796484405382282	0.792438138201536	0.889382628170628	0.16	0.68	0.223411007344274	0.279940674823878	0.248624440179143
LC_k1_0.16_k2_0.76	10	0.442424242424242	0.466666666666667	0.36969696969697	0.16	0.76	0.171547737782211	0.21449758991472	0.19488163787588
LC_k1_0.16_k2_0.76	20	0.46015037593985	0.613533834586466	0.372932330827068	0.16	0.76	0.171547737782211	0.21449758991472	0.19488163787588
LC_k1_0.16_k2_0.76	30	0.700111234705228	0.760177975528365	0.633815350389321	0.16	0.76	0.171547737782211	0.21449758991472	0.19488163787588
LC_k1_0.16_k2_0.76	40	0.76172607879925	0.784990619136961	0.666041275797373	0.16	0.76	0.171547737782211	0.21449758991472	0.19488163787588
LC_k1_0.16_k2_0.76	50	0.76921968787515	0.766530612244898	0.746650660264106	0.16	0.76	0.171547737782211	0.21449758991472	0.19488163787588
LC_k1_0.16_k2_0.76	60	0.787996665740484	0.790997499305363	0.778883023061962	0.16	0.76	0.171547737782211	0.21449758991472	0.19488163787588
LC_k1_0.16_k2_0.76	70	0.810340302685679	0.805056425509579	0.801732131921967	0.16	0.76	0.171547737782211	0.21449758991472	0.19488163787588
LC_k1_0.16_k2_0.76	80	0.823511486169714	0.823558368495077	0.828856071261135	0.16	0.76	0.171547737782211	0.21449758991472	0.19488163787588
LC_k1_0.16_k2_0.76	90	0.850269580606659	0.853018891221139	0.84817878750463	0.16	0.76	0.171547737782211	0.21449758991472	0.19488163787588
LC_k1_0.16_k2_0.76	100	0.875907590759076	0.875391539153915	0.876843684368437	0.16	0.76	0.171547737782211	0.21449758991472	0.19488163787588
LC_k1_0.16_k2_0.76	110	0.888808241101819	0.888943488943489	0.890809909158533	0.16	0.76	0.171547737782211	0.21449758991472	0.19488163787588
LC_k1_0.16_k2_0.76	120	0.907444961455657	0.907000486144871	0.900506979651365	0.16	0.76	0.171547737782211	0.21449758991472	0.19488163787588
LC_k1_0.16_k2_0.76	130	0.914012208278141	0.913034453563479	0.913629846099223	0.16	0.76	0.171547737782211	0.21449758991472	0.19488163787588
LC_k1_0.16_k2_0.76	140	0.922227810456802	0.919315125407273	0.919183923378015	0.16	0.76	0.171547737782211	0.21449758991472	0.19488163787588
LC_k1_0.16_k2_0.76	150	0.908042135206009	0.905969154184631	0.906466954086848	0.16	0.76	0.171547737782211	0.21449758991472	0.19488163787588
LC_k1_0.16_k2_0.76	160	0.910321692253603	0.904623227469823	0.914971287940935	0.16	0.76	0.171547737782211	0.21449758991472	0.19488163787588
LC_k1_0.16_k2_0.76	170	0.898942971769836	0.894414421015993	0.920779672815872	0.16	0.76	0.171547737782211	0.21449758991472	0.19488163787588
LC_k1_0.16_k2_0.76	180	0.895572908628867	0.886340113377985	0.913705155508915	0.16	0.76	0.171547737782211	0.21449758991472	0.19488163787588
LC_k1_0.16_k2_0.76	190	0.887864512940292	0.879043157632301	0.906437997261916	0.16	0.76	0.171547737782211	0.21449758991472	0.19488163787588
LC_k1_0.16_k2_0.76	200	0.87945548638716	0.871818795469887	0.903754593864847	0.16	0.76	0.171547737782211	0.21449758991472	0.19488163787588
LC_k1_0.16_k2_0.76	210	0.869180059152621	0.863549869935502	0.9038695402876	0.16	0.76	0.171547737782211	0.21449758991472	0.19488163787588
LC_k1_0.16_k2_0.76	220	0.85890918106873	0.854340341366933	0.904294416300863	0.16	0.76	0.171547737782211	0.21449758991472	0.19488163787588
LC_k1_0.16_k2_0.76	230	0.854728905042176	0.851716766241163	0.897070463237162	0.16	0.76	0.171547737782211	0.21449758991472	0.19488163787588
LC_k1_0.16_k2_0.76	240	0.845407038316637	0.835984999739579	0.894060660775361	0.16	0.76	0.171547737782211	0.21449758991472	0.19488163787588
LC_k1_0.16_k2_0.76	240	0.845407038316637	0.835984999739579	0.894060660775361	0.16	0.76	0.171547737782211	0.21449758991472	0.19488163787588
LC_k1_0.16_k2_0.76	250	0.83715067441079	0.826563625018	0.894060660775361	0.16	0.76	0.171547737782211	0.21449758991472	0.19488163787588
LC_k1_0.16_k2_0.76	260	0.822564512219685	0.815955402162299	0.894060660775361	0.16	0.76	0.171547737782211	0.21449758991472	0.19488163787588
LC_k1_0.16_k2_0.76	270	0.804041817369846	0.797026936812119	0.894060660775361	0.16	0.76	0.171547737782211	0.21449758991472	0.19488163787588
LC_k1_0.16_k2_0.76	280	0.814812688937359	0.807047465984442	0.894060660775361	0.16	0.76	0.171547737782211	0.21449758991472	0.19488163787588
LC_k1_0.16_k2_0.76	290	0.813481893876306	0.805505088214998	0.894060660775361	0.16	0.76	0.171547737782211	0.21449758991472	0.19488163787588
LC_k1_0.16_k2_0.76	300	0.800391559906221	0.791157679529773	0.894060660775361	0.16	0.76	0.171547737782211	0.21449758991472	0.19488163787588
LC_k1_0.24_k2_0.04	10	-0.406060606060606	-0.236363636363636	-0.0303030303030303	0.24	0.04	0.24109166742225	0.305339265850946	0.263083813179783
LC_k1_0.24_k2_0.04	20	0.4	0.47218045112782	0.463157894736842	0.24	0.04	0.24109166742225	0.305339265850946	0.263083813179783
LC_k1_0.24_k2_0.04	30	0.687652947719689	0.696996662958843	0.706340378197998	0.24	0.04	0.24109166742225	0.305339265850946	0.263083813179783
LC_k1_0.24_k2_0.04	40	0.8093808630394	0.819699812382739	0.690994371482177	0.24	0.04	0.24109166742225	0.305339265850946	0.263083813179783
LC_k1_0.24_k2_0.04	50	0.796686674669868	0.789675870348139	0.719183673469388	0.24	0.04	0.24109166742225	0.305339265850946	0.263083813179783
LC_k1_0.24_k2_0.04	60	0.844178938594054	0.826340650180606	0.778160600166713	0.24	0.04	0.24109166742225	0.305339265850946	0.263083813179783
LC_k1_0.24_k2_0.04	70	0.854535911118887	0.841413699588837	0.791794243723209	0.24	0.04	0.24109166742225	0.305339265850946	0.263083813179783
LC_k1_0.24_k2_0.04	80	0.881270511017346	0.870675105485232	0.785864978902954	0.24	0.04	0.24109166742225	0.305339265850946	0.263083813179783
LC_k1_0.24_k2_0.04	90	0.873218915915545	0.870090957731407	0.804831872247603	0.24	0.04	0.24109166742225	0.305339265850946	0.263083813179783
LC_k1_0.24_k2_0.04	100	0.887728772877288	0.882424242424242	0.840444044404441	0.24	0.04	0.24109166742225	0.305339265850946	0.263083813179783
LC_k1_0.24_k2_0.04	110	0.898690350066497	0.89387552690305	0.863336564253995	0.24	0.04	0.24109166742225	0.305339265850946	0.263083813179783
LC_k1_0.24_k2_0.04	120	0.909653448156122	0.905222584901729	0.876588651989721	0.24	0.04	0.24109166742225	0.305339265850946	0.263083813179783
LC_k1_0.24_k2_0.04	130	0.900350953857078	0.894331480697538	0.895636974422702	0.24	0.04	0.24109166742225	0.305339265850946	0.263083813179783
LC_k1_0.24_k2_0.04	140	0.910743259495747	0.903137915199755	0.906299884104874	0.24	0.04	0.24109166742225	0.305339265850946	0.263083813179783
LC_k1_0.24_k2_0.04	150	0.917318991955198	0.908333703720165	0.911526734521534	0.24	0.04	0.24109166742225	0.305339265850946	0.263083813179783
LC_k1_0.24_k2_0.04	160	0.920242001640689	0.910245517403023	0.913644087659674	0.24	0.04	0.24109166742225	0.305339265850946	0.263083813179783
LC_k1_0.24_k2_0.04	170	0.922567644310917	0.910616080751828	0.911837372756639	0.24	0.04	0.24109166742225	0.305339265850946	0.263083813179783
LC_k1_0.24_k2_0.04	180	0.915155817566386	0.901780919164172	0.903490848482978	0.24	0.04	0.24109166742225	0.305339265850946	0.263083813179783
LC_k1_0.24_k2_0.04	190	0.913443294099122	0.900185017517616	0.897767105372506	0.24	0.04	0.24109166742225	0.305339265850946	0.263083813179783
LC_k1_0.24_k2_0.04	200	0.908875721893047	0.893059326483162	0.891614790369759	0.24	0.04	0.24109166742225	0.305339265850946	0.263083813179783
LC_k1_0.24_k2_0.04	210	0.898017771701982	0.88579721600425	0.890406326026181	0.24	0.04	0.24109166742225	0.305339265850946	0.263083813179783
LC_k1_0.24_k2_0.04	220	0.889267058485431	0.875472633732102	0.890664532888546	0.24	0.04	0.24109166742225	0.305339265850946	0.263083813179783
LC_k1_0.24_k2_0.04	230	0.867807150131054	0.855147093271263	0.89803801666342	0.24	0.04	0.24109166742225	0.305339265850946	0.263083813179783
LC_k1_0.24_k2_0.04	240	0.858931578673241	0.844688275838122	0.908093890518932	0.24	0.04	0.24109166742225	0.305339265850946	0.263083813179783
LC_k1_0.24_k2_0.04	240	0.858931578673241	0.844688275838122	0.908093890518932	0.24	0.04	0.24109166742225	0.305339265850946	0.263083813179783
LC_k1_0.24_k2_0.04	250	0.850838189411031	0.833084049344789	0.908093890518932	0.24	0.04	0.24109166742225	0.305339265850946	0.263083813179783
LC_k1_0.24_k2_0.04	260	0.840844709810227	0.82084737257151	0.908093890518932	0.24	0.04	0.24109166742225	0.305339265850946	0.263083813179783
LC_k1_0.24_k2_0.04	270	0.828746317202949	0.809733710720007	0.908093890518932	0.24	0.04	0.24109166742225	0.305339265850946	0.263083813179783
LC_k1_0.24_k2_0.04	280	0.819582246858105	0.801247464891134	0.908093890518932	0.24	0.04	0.24109166742225	0.305339265850946	0.263083813179783
LC_k1_0.24_k2_0.04	290	0.811650554703385	0.792818562359387	0.908093890518932	0.24	0.04	0.24109166742225	0.305339265850946	0.263083813179783
LC_k1_0.24_k2_0.04	300	0.80709118990211	0.789414549050545	0.908093890518932	0.24	0.04	0.24109166742225	0.305339265850946	0.263083813179783
LC_k1_0.24_k2_0.12	10	-0.0787878787878788	0.163636363636364	0.139393939393939	0.24	0.12	0.235560794269653	0.299592139414164	0.260396673064619
LC_k1_0.24_k2_0.12	20	0.451127819548872	0.535338345864662	0.521804511278195	0.24	0.12	0.235560794269653	0.299592139414164	0.260396673064619
LC_k1_0.24_k2_0.12	30	0.726362625139043	0.734371523915462	0.686318131256952	0.24	0.12	0.235560794269653	0.299592139414164	0.260396673064619
LC_k1_0.24_k2_0.12	40	0.831144465290807	0.834709193245779	0.724953095684803	0.24	0.12	0.235560794269653	0.299592139414164	0.260396673064619
LC_k1_0.24_k2_0.12	50	0.796110444177671	0.767106842737095	0.745210084033614	0.24	0.12	0.235560794269653	0.299592139414164	0.260396673064619
LC_k1_0.24_k2_0.12	60	0.818560711308697	0.795443178660739	0.790608502361767	0.24	0.12	0.235560794269653	0.299592139414164	0.260396673064619
LC_k1_0.24_k2_0.12	70	0.853101215991602	0.835849881900096	0.807645875251509	0.24	0.12	0.235560794269653	0.299592139414164	0.260396673064619
LC_k1_0.24_k2_0.12	80	0.863736521331458	0.85309423347398	0.818706047819972	0.24	0.12	0.235560794269653	0.299592139414164	0.260396673064619
LC_k1_0.24_k2_0.12	90	0.87354817467177	0.867358110054739	0.801259414742561	0.24	0.12	0.235560794269653	0.299592139414164	0.260396673064619
LC_k1_0.24_k2_0.12	100	0.881368136813681	0.873807380738074	0.837503750375038	0.24	0.12	0.235560794269653	0.299592139414164	0.260396673064619
LC_k1_0.24_k2_0.12	110	0.893659130356378	0.887338547889006	0.871027658183621	0.24	0.12	0.235560794269653	0.299592139414164	0.260396673064619
LC_k1_0.24_k2_0.12	120	0.902930759080492	0.896833113410654	0.874220431974443	0.24	0.12	0.235560794269653	0.299592139414164	0.260396673064619
LC_k1_0.24_k2_0.12	130	0.899766485955018	0.893938193884936	0.894462576301738	0.24	0.12	0.235560794269653	0.299592139414164	0.260396673064619
LC_k1_0.24_k2_0.12	140	0.908394743172028	0.900728171262382	0.906623515777044	0.24	0.12	0.235560794269653	0.299592139414164	0.260396673064619
LC_k1_0.24_k2_0.12	150	0.912799679985777	0.905080225787813	0.905194008622605	0.24	0.12	0.235560794269653	0.299592139414164	0.260396673064619
LC_k1_0.24_k2_0.12	160	0.918829837103012	0.909677135825618	0.912779796085785	0.24	0.12	0.235560794269653	0.299592139414164	0.260396673064619
LC_k1_0.24_k2_0.12	170	0.915848095700442	0.90514957773829	0.90670550375242	0.24	0.12	0.235560794269653	0.299592139414164	0.260396673064619
LC_k1_0.24_k2_0.12	180	0.91949957303209	0.905484737183246	0.904215150673375	0.24	0.12	0.235560794269653	0.299592139414164	0.260396673064619
LC_k1_0.24_k2_0.12	190	0.916484054814173	0.902700905842267	0.893209463449199	0.24	0.12	0.235560794269653	0.299592139414164	0.260396673064619
LC_k1_0.24_k2_0.12	200	0.913269331733293	0.898385959648991	0.89324833120828	0.24	0.12	0.235560794269653	0.299592139414164	0.260396673064619
LC_k1_0.24_k2_0.12	210	0.903920075933047	0.88839008335142	0.892763360361265	0.24	0.12	0.235560794269653	0.299592139414164	0.260396673064619
LC_k1_0.24_k2_0.12	220	0.882784580447755	0.869020584572559	0.891166045879986	0.24	0.12	0.235560794269653	0.299592139414164	0.260396673064619
LC_k1_0.24_k2_0.12	230	0.868218434309188	0.852690237425381	0.899654550879157	0.24	0.12	0.235560794269653	0.299592139414164	0.260396673064619
LC_k1_0.24_k2_0.12	240	0.855824753901977	0.839911283182	0.90706175454435	0.24	0.12	0.235560794269653	0.299592139414164	0.260396673064619
LC_k1_0.24_k2_0.12	240	0.855824753901977	0.839911283182	0.90706175454435	0.24	0.12	0.235560794269653	0.299592139414164	0.260396673064619
LC_k1_0.24_k2_0.12	250	0.845181778908463	0.829753948063169	0.90706175454435	0.24	0.12	0.235560794269653	0.299592139414164	0.260396673064619
LC_k1_0.24_k2_0.12	260	0.832844136292412	0.815555305210478	0.90706175454435	0.24	0.12	0.235560794269653	0.299592139414164	0.260396673064619
LC_k1_0.24_k2_0.12	270	0.825356543528261	0.810922570192245	0.90706175454435	0.24	0.12	0.235560794269653	0.299592139414164	0.260396673064619
LC_k1_0.24_k2_0.12	280	0.816384866425046	0.799767125309543	0.90706175454435	0.24	0.12	0.235560794269653	0.299592139414164	0.260396673064619
LC_k1_0.24_k2_0.12	290	0.810689126239149	0.789835378746969	0.90706175454435	0.24	0.12	0.235560794269653	0.299592139414164	0.260396673064619
LC_k1_0.24_k2_0.12	300	0.813063256258403	0.794745274947499	0.90706175454435	0.24	0.12	0.235560794269653	0.299592139414164	0.260396673064619
LC_k1_0.24_k2_0.2	10	-0.115151515151515	0.0424242424242424	0.381818181818182	0.24	0.2	0.225224408377913	0.28698553948832	0.252079334612924
LC_k1_0.24_k2_0.2	20	0.606015037593985	0.682706766917293	0.631578947368421	0.24	0.2	0.225224408377913	0.28698553948832	0.252079334612924
LC_k1_0.24_k2_0.2	30	0.74238042269188	0.777530589543938	0.735706340378198	0.24	0.2	0.225224408377913	0.28698553948832	0.252079334612924
LC_k1_0.24_k2_0.2	40	0.781238273921201	0.793245778611633	0.719512195121951	0.24	0.2	0.225224408377913	0.28698553948832	0.252079334612924
LC_k1_0.24_k2_0.2	50	0.775750300120048	0.767394957983193	0.694789915966387	0.24	0.2	0.225224408377913	0.28698553948832	0.252079334612924
LC_k1_0.24_k2_0.2	60	0.831286468463462	0.824840233398166	0.756876910252848	0.24	0.2	0.225224408377913	0.28698553948832	0.252079334612924
LC_k1_0.24_k2_0.2	70	0.817163852681305	0.806666083457265	0.783640976292538	0.24	0.2	0.225224408377913	0.28698553948832	0.252079334612924
LC_k1_0.24_k2_0.2	80	0.818026254102204	0.810571964369433	0.807149554617909	0.24	0.2	0.225224408377913	0.28698553948832	0.252079334612924
LC_k1_0.24_k2_0.2	90	0.843322220850311	0.839486356340289	0.828373873317694	0.24	0.2	0.225224408377913	0.28698553948832	0.252079334612924
LC_k1_0.24_k2_0.2	100	0.861902190219022	0.858517851785179	0.851893189318932	0.24	0.2	0.225224408377913	0.28698553948832	0.252079334612924
LC_k1_0.24_k2_0.2	110	0.877276108468769	0.874904762978158	0.8762392083493	0.24	0.2	0.225224408377913	0.28698553948832	0.252079334612924
LC_k1_0.24_k2_0.2	120	0.89049239530523	0.887408847836655	0.88275574692687	0.24	0.2	0.225224408377913	0.28698553948832	0.252079334612924
LC_k1_0.24_k2_0.2	130	0.894249545944913	0.888770842152699	0.90038919007497	0.24	0.2	0.225224408377913	0.28698553948832	0.252079334612924
LC_k1_0.24_k2_0.2	140	0.901764667293521	0.894163696398504	0.910157223765061	0.24	0.2	0.225224408377913	0.28698553948832	0.252079334612924
LC_k1_0.24_k2_0.2	150	0.904216187386106	0.895373127694564	0.909222632116983	0.24	0.2	0.225224408377913	0.28698553948832	0.252079334612924
LC_k1_0.24_k2_0.2	160	0.904271651236376	0.896015469354271	0.913069846478378	0.24	0.2	0.225224408377913	0.28698553948832	0.252079334612924
LC_k1_0.24_k2_0.2	170	0.909182283938178	0.900528208792082	0.91235031539866	0.24	0.2	0.225224408377913	0.28698553948832	0.252079334612924
LC_k1_0.24_k2_0.2	180	0.906639093799191	0.895114046729838	0.909036287128204	0.24	0.2	0.225224408377913	0.28698553948832	0.252079334612924
LC_k1_0.24_k2_0.2	190	0.908189321471218	0.894322192916847	0.901287249537456	0.24	0.2	0.225224408377913	0.28698553948832	0.252079334612924
LC_k1_0.24_k2_0.2	200	0.897608940223506	0.885182629565739	0.890099752493813	0.24	0.2	0.225224408377913	0.28698553948832	0.252079334612924
LC_k1_0.24_k2_0.2	210	0.885316479479613	0.87193878707972	0.88896800380961	0.24	0.2	0.225224408377913	0.28698553948832	0.252079334612924
LC_k1_0.24_k2_0.2	220	0.866812800414735	0.853154742115258	0.889635586009478	0.24	0.2	0.225224408377913	0.28698553948832	0.252079334612924
LC_k1_0.24_k2_0.2	230	0.840964200030082	0.826141202636361	0.89815144035763	0.24	0.2	0.225224408377913	0.28698553948832	0.252079334612924
LC_k1_0.24_k2_0.2	240	0.828457091268946	0.811871733884269	0.905487942499002	0.24	0.2	0.225224408377913	0.28698553948832	0.252079334612924
LC_k1_0.24_k2_0.2	240	0.828457091268946	0.811871733884269	0.905487942499002	0.24	0.2	0.225224408377913	0.28698553948832	0.252079334612924
LC_k1_0.24_k2_0.2	250	0.818224547592761	0.797997407958527	0.905487942499002	0.24	0.2	0.225224408377913	0.28698553948832	0.252079334612924
LC_k1_0.24_k2_0.2	260	0.807470069539035	0.785539840712255	0.905487942499002	0.24	0.2	0.225224408377913	0.28698553948832	0.252079334612924
LC_k1_0.24_k2_0.2	270	0.800475848624657	0.78453354793771	0.905487942499002	0.24	0.2	0.225224408377913	0.28698553948832	0.252079334612924
LC_k1_0.24_k2_0.2	280	0.791269385724672	0.774915678589195	0.905487942499002	0.24	0.2	0.225224408377913	0.28698553948832	0.252079334612924
LC_k1_0.24_k2_0.2	290	0.79130409111429	0.779770885791007	0.905487942499002	0.24	0.2	0.225224408377913	0.28698553948832	0.252079334612924
LC_k1_0.24_k2_0.2	300	0.794171935243725	0.779401548906099	0.905487942499002	0.24	0.2	0.225224408377913	0.28698553948832	0.252079334612924
LC_k1_0.24_k2_0.28	10	0.575757575757576	0.587878787878788	0.6	0.24	0.28	0.210354519902076	0.271227289581016	0.237747920665387
LC_k1_0.24_k2_0.28	20	0.440601503759399	0.43609022556391	0.398496240601504	0.24	0.28	0.210354519902076	0.271227289581016	0.237747920665387
LC_k1_0.24_k2_0.28	30	0.71523915461624	0.747274749721913	0.653837597330367	0.24	0.28	0.210354519902076	0.271227289581016	0.237747920665387
LC_k1_0.24_k2_0.28	40	0.807129455909944	0.811069418386492	0.660037523452158	0.24	0.28	0.210354519902076	0.271227289581016	0.237747920665387
LC_k1_0.24_k2_0.28	50	0.825114045618247	0.825210084033614	0.729939975990396	0.24	0.28	0.210354519902076	0.271227289581016	0.237747920665387
LC_k1_0.24_k2_0.28	60	0.848680188941373	0.843734370658516	0.773270352875799	0.24	0.28	0.210354519902076	0.271227289581016	0.237747920665387
LC_k1_0.24_k2_0.28	70	0.869127810340303	0.866923278803254	0.797183098591549	0.24	0.28	0.210354519902076	0.271227289581016	0.237747920665387
LC_k1_0.24_k2_0.28	80	0.8514064697609	0.859399906235349	0.827121425222691	0.24	0.28	0.210354519902076	0.271227289581016	0.237747920665387
LC_k1_0.24_k2_0.28	90	0.883244845042598	0.885664896900852	0.841593612380129	0.24	0.28	0.210354519902076	0.271227289581016	0.237747920665387
LC_k1_0.24_k2_0.28	100	0.903582358235824	0.905466546654665	0.872187218721872	0.24	0.28	0.210354519902076	0.271227289581016	0.237747920665387
LC_k1_0.24_k2_0.28	110	0.914550413632982	0.916002073800239	0.891251718774655	0.24	0.28	0.210354519902076	0.271227289581016	0.237747920665387
LC_k1_0.24_k2_0.28	120	0.921154246822696	0.919834710743802	0.894742690464616	0.24	0.28	0.210354519902076	0.271227289581016	0.237747920665387
LC_k1_0.24_k2_0.28	130	0.927635226481312	0.926395280558249	0.909981018448975	0.24	0.28	0.210354519902076	0.271227289581016	0.237747920665387
LC_k1_0.24_k2_0.28	140	0.931149548446349	0.928577988672892	0.919896787736984	0.24	0.28	0.210354519902076	0.271227289581016	0.237747920665387
LC_k1_0.24_k2_0.28	150	0.932907240321792	0.926130050224455	0.920529801324503	0.24	0.28	0.210354519902076	0.271227289581016	0.237747920665387
LC_k1_0.24_k2_0.28	160	0.933716160787531	0.926842845423649	0.926631899683581	0.24	0.28	0.210354519902076	0.271227289581016	0.237747920665387
LC_k1_0.24_k2_0.28	170	0.928986755088208	0.919717148771686	0.924607201958952	0.24	0.28	0.210354519902076	0.271227289581016	0.237747920665387
LC_k1_0.24_k2_0.28	180	0.924279555953373	0.915419200181075	0.918828770435302	0.24	0.28	0.210354519902076	0.271227289581016	0.237747920665387
LC_k1_0.24_k2_0.28	190	0.915801720706653	0.905962112961286	0.913487033464989	0.24	0.28	0.210354519902076	0.271227289581016	0.237747920665387
LC_k1_0.24_k2_0.28	200	0.91025575639391	0.898777469436736	0.900117002925073	0.24	0.28	0.210354519902076	0.271227289581016	0.237747920665387
LC_k1_0.24_k2_0.28	210	0.900168776097936	0.888029854904387	0.900324270391619	0.24	0.28	0.210354519902076	0.271227289581016	0.237747920665387
LC_k1_0.24_k2_0.28	220	0.888620163076247	0.879787899449463	0.900369091021791	0.24	0.28	0.210354519902076	0.271227289581016	0.237747920665387
LC_k1_0.24_k2_0.28	230	0.879233354456442	0.865085967763014	0.902374746954204	0.24	0.28	0.210354519902076	0.271227289581016	0.237747920665387
LC_k1_0.24_k2_0.28	240	0.876666261567041	0.864244170905745	0.906358617337106	0.24	0.28	0.210354519902076	0.271227289581016	0.237747920665387
LC_k1_0.24_k2_0.28	240	0.876666261567041	0.864244170905745	0.906358617337106	0.24	0.28	0.210354519902076	0.271227289581016	0.237747920665387
LC_k1_0.24_k2_0.28	250	0.861771612345797	0.845271636346181	0.906358617337106	0.24	0.28	0.210354519902076	0.271227289581016	0.237747920665387
LC_k1_0.24_k2_0.28	260	0.851252009872699	0.837371513233582	0.906358617337106	0.24	0.28	0.210354519902076	0.271227289581016	0.237747920665387
LC_k1_0.24_k2_0.28	270	0.838215735317204	0.826928886389236	0.906358617337106	0.24	0.28	0.210354519902076	0.271227289581016	0.237747920665387
LC_k1_0.24_k2_0.28	280	0.837231524454576	0.828400872460108	0.906358617337106	0.24	0.28	0.210354519902076	0.271227289581016	0.237747920665387
LC_k1_0.24_k2_0.28	290	0.834728774092603	0.820878103023899	0.906358617337106	0.24	0.28	0.210354519902076	0.271227289581016	0.237747920665387
LC_k1_0.24_k2_0.28	300	0.829088767652974	0.813740597117746	0.906358617337106	0.24	0.28	0.210354519902076	0.271227289581016	0.237747920665387
LC_k1_0.24_k2_0.36	10	0.175757575757576	0.236363636363636	-0.139393939393939	0.24	0.36	0.188684377550095	0.241008527994068	0.216378758797185
LC_k1_0.24_k2_0.36	20	0.335338345864662	0.437593984962406	0.374436090225564	0.24	0.36	0.188684377550095	0.241008527994068	0.216378758797185
LC_k1_0.24_k2_0.36	30	0.650723025583982	0.718353726362625	0.632035595105673	0.24	0.36	0.188684377550095	0.241008527994068	0.216378758797185
LC_k1_0.24_k2_0.36	40	0.763414634146342	0.79812382739212	0.650656660412758	0.24	0.36	0.188684377550095	0.241008527994068	0.216378758797185
LC_k1_0.24_k2_0.36	50	0.844033613445378	0.864489795918367	0.728979591836735	0.24	0.36	0.188684377550095	0.241008527994068	0.216378758797185
LC_k1_0.24_k2_0.36	60	0.863184217838289	0.875131981105863	0.766657404834677	0.24	0.36	0.188684377550095	0.241008527994068	0.216378758797185
LC_k1_0.24_k2_0.36	70	0.856740442655936	0.862829148805879	0.795048552182661	0.24	0.36	0.188684377550095	0.241008527994068	0.216378758797185
LC_k1_0.24_k2_0.36	80	0.866526019690577	0.873206751054852	0.819362400375059	0.24	0.36	0.188684377550095	0.241008527994068	0.216378758797185
LC_k1_0.24_k2_0.36	90	0.886092933283945	0.892562867843767	0.849429970778285	0.24	0.36	0.188684377550095	0.241008527994068	0.216378758797185
LC_k1_0.24_k2_0.36	100	0.89957395739574	0.901674167416742	0.863054305430543	0.24	0.36	0.188684377550095	0.241008527994068	0.216378758797185
LC_k1_0.24_k2_0.36	110	0.916155354687465	0.917002907828596	0.88557130942452	0.24	0.36	0.188684377550095	0.241008527994068	0.216378758797185
LC_k1_0.24_k2_0.36	120	0.921737620668102	0.92308493645392	0.898117924855893	0.24	0.36	0.188684377550095	0.241008527994068	0.216378758797185
LC_k1_0.24_k2_0.36	130	0.924505318931025	0.924396072594191	0.902142593781152	0.24	0.36	0.188684377550095	0.241008527994068	0.216378758797185
LC_k1_0.24_k2_0.36	140	0.925494740985327	0.92375412739717	0.913699678555028	0.24	0.36	0.188684377550095	0.241008527994068	0.216378758797185
LC_k1_0.24_k2_0.36	150	0.930471576514512	0.925870483132584	0.916888750611138	0.24	0.36	0.188684377550095	0.241008527994068	0.216378758797185
LC_k1_0.24_k2_0.36	160	0.929397632720028	0.92251552795031	0.924370092581741	0.24	0.36	0.188684377550095	0.241008527994068	0.216378758797185
LC_k1_0.24_k2_0.36	170	0.91787299784442	0.911695702884081	0.925786970035601	0.24	0.36	0.188684377550095	0.241008527994068	0.216378758797185
LC_k1_0.24_k2_0.36	180	0.909258516209348	0.903046390320689	0.922322705433295	0.24	0.36	0.188684377550095	0.241008527994068	0.216378758797185
LC_k1_0.24_k2_0.36	190	0.909998381643463	0.901645912337563	0.916289852029725	0.24	0.36	0.188684377550095	0.241008527994068	0.216378758797185
LC_k1_0.24_k2_0.36	200	0.904269106727668	0.895352883822096	0.910875271881797	0.24	0.36	0.188684377550095	0.241008527994068	0.216378758797185
LC_k1_0.24_k2_0.36	210	0.886410122678519	0.877565088939497	0.905945389108273	0.24	0.36	0.188684377550095	0.241008527994068	0.216378758797185
LC_k1_0.24_k2_0.36	220	0.885368781098032	0.877343446239498	0.895077847213222	0.24	0.36	0.188684377550095	0.241008527994068	0.216378758797185
LC_k1_0.24_k2_0.36	230	0.877772654533619	0.869150481187694	0.893304796589399	0.24	0.36	0.188684377550095	0.241008527994068	0.216378758797185
LC_k1_0.24_k2_0.36	240	0.865562770186982	0.855645931352975	0.892061494123162	0.24	0.36	0.188684377550095	0.241008527994068	0.216378758797185
LC_k1_0.24_k2_0.36	240	0.865562770186982	0.855645931352975	0.892061494123162	0.24	0.36	0.188684377550095	0.241008527994068	0.216378758797185
LC_k1_0.24_k2_0.36	250	0.861533528536457	0.849726107617722	0.892061494123162	0.24	0.36	0.188684377550095	0.241008527994068	0.216378758797185
LC_k1_0.24_k2_0.36	260	0.852183293562604	0.843302643302643	0.892061494123162	0.24	0.36	0.188684377550095	0.241008527994068	0.216378758797185
LC_k1_0.24_k2_0.36	270	0.840883657907211	0.837195754857177	0.892061494123162	0.24	0.36	0.188684377550095	0.241008527994068	0.216378758797185
LC_k1_0.24_k2_0.36	280	0.836336651524345	0.82773996752874	0.892061494123162	0.24	0.36	0.188684377550095	0.241008527994068	0.216378758797185
LC_k1_0.24_k2_0.36	290	0.833566597003286	0.822327134153467	0.892061494123162	0.24	0.36	0.188684377550095	0.241008527994068	0.216378758797185
LC_k1_0.24_k2_0.36	300	0.831499905554506	0.820327781419794	0.892061494123162	0.24	0.36	0.188684377550095	0.241008527994068	0.216378758797185
LC_k1_0.24_k2_0.44	10	-0.00606060606060606	-0.0787878787878788	-0.321212121212121	0.24	0.44	0.167920935714933	0.21542454579162	0.193985924504159
LC_k1_0.24_k2_0.44	20	0.0571428571428571	0.160902255639098	-0.0917293233082707	0.24	0.44	0.167920935714933	0.21542454579162	0.193985924504159
LC_k1_0.24_k2_0.44	30	0.566184649610679	0.636929922135706	0.486095661846496	0.24	0.44	0.167920935714933	0.21542454579162	0.193985924504159
LC_k1_0.24_k2_0.44	40	0.733771106941839	0.771482176360225	0.54577861163227	0.24	0.44	0.167920935714933	0.21542454579162	0.193985924504159
LC_k1_0.24_k2_0.44	50	0.830492196878751	0.849123649459784	0.675390156062425	0.24	0.44	0.167920935714933	0.21542454579162	0.193985924504159
LC_k1_0.24_k2_0.44	60	0.842400666851903	0.856237843845513	0.718921922756321	0.24	0.44	0.167920935714933	0.21542454579162	0.193985924504159
LC_k1_0.24_k2_0.44	70	0.866258420085732	0.868043040853819	0.766074709124311	0.24	0.44	0.167920935714933	0.21542454579162	0.193985924504159
LC_k1_0.24_k2_0.44	80	0.871378340365682	0.877941865916549	0.808743553680263	0.24	0.44	0.167920935714933	0.21542454579162	0.193985924504159
LC_k1_0.24_k2_0.44	90	0.891509239823847	0.898571840144874	0.826628801909701	0.24	0.44	0.167920935714933	0.21542454579162	0.193985924504159
LC_k1_0.24_k2_0.44	100	0.905514551455146	0.909294929492949	0.853465346534654	0.24	0.44	0.167920935714933	0.21542454579162	0.193985924504159
LC_k1_0.24_k2_0.44	110	0.918355386245294	0.921466086603701	0.884119649257264	0.24	0.44	0.167920935714933	0.21542454579162	0.193985924504159
LC_k1_0.24_k2_0.44	120	0.927140773664838	0.929515938606847	0.887339398569345	0.24	0.44	0.167920935714933	0.21542454579162	0.193985924504159
LC_k1_0.24_k2_0.44	130	0.932392904450423	0.933201327342993	0.90061314506548	0.24	0.44	0.167920935714933	0.21542454579162	0.193985924504159
LC_k1_0.24_k2_0.44	140	0.930725328551748	0.929478909273797	0.912002798976624	0.24	0.44	0.167920935714933	0.21542454579162	0.193985924504159
LC_k1_0.24_k2_0.44	150	0.925774478865728	0.92386861638295	0.9178772389884	0.24	0.44	0.167920935714933	0.21542454579162	0.193985924504159
LC_k1_0.24_k2_0.44	160	0.917227235438884	0.912867690144146	0.919486112738779	0.24	0.44	0.167920935714933	0.21542454579162	0.193985924504159
LC_k1_0.24_k2_0.44	170	0.91235031539866	0.908175939326213	0.923134323801149	0.24	0.44	0.167920935714933	0.21542454579162	0.193985924504159
LC_k1_0.24_k2_0.44	180	0.901939360268321	0.893169542269823	0.921069580336842	0.24	0.44	0.167920935714933	0.21542454579162	0.193985924504159
LC_k1_0.24_k2_0.44	190	0.906609455576113	0.897908820917915	0.914765972522931	0.24	0.44	0.167920935714933	0.21542454579162	0.193985924504159
LC_k1_0.24_k2_0.44	200	0.902713567839196	0.893203330083252	0.912468311707793	0.24	0.44	0.167920935714933	0.21542454579162	0.193985924504159
LC_k1_0.24_k2_0.44	210	0.896420067834386	0.887972840330037	0.909225022919211	0.24	0.44	0.167920935714933	0.21542454579162	0.193985924504159
LC_k1_0.24_k2_0.44	220	0.883248902588145	0.878491854640122	0.906458247634718	0.24	0.44	0.167920935714933	0.21542454579162	0.193985924504159
LC_k1_0.24_k2_0.44	230	0.875132348191015	0.866842555583775	0.898226398625108	0.24	0.44	0.167920935714933	0.21542454579162	0.193985924504159
LC_k1_0.24_k2_0.44	240	0.867241618778104	0.860108682442404	0.898005173700932	0.24	0.44	0.167920935714933	0.21542454579162	0.193985924504159
LC_k1_0.24_k2_0.44	240	0.867241618778104	0.860108682442404	0.898005173700932	0.24	0.44	0.167920935714933	0.21542454579162	0.193985924504159
LC_k1_0.24_k2_0.44	250	0.85994374309989	0.849883550136802	0.898005173700932	0.24	0.44	0.167920935714933	0.21542454579162	0.193985924504159
LC_k1_0.24_k2_0.44	260	0.843689085068395	0.838971901040866	0.898005173700932	0.24	0.44	0.167920935714933	0.21542454579162	0.193985924504159
LC_k1_0.24_k2_0.44	270	0.836068472208886	0.829686430693303	0.898005173700932	0.24	0.44	0.167920935714933	0.21542454579162	0.193985924504159
LC_k1_0.24_k2_0.44	280	0.833972372096583	0.827588544314523	0.898005173700932	0.24	0.44	0.167920935714933	0.21542454579162	0.193985924504159
LC_k1_0.24_k2_0.44	290	0.832784759833546	0.827276473417413	0.898005173700932	0.24	0.44	0.167920935714933	0.21542454579162	0.193985924504159
LC_k1_0.24_k2_0.44	300	0.827900754452827	0.819496661074012	0.898005173700932	0.24	0.44	0.167920935714933	0.21542454579162	0.193985924504159
LC_k1_0.24_k2_0.52	10	-0.139393939393939	-0.212121212121212	-0.309090909090909	0.24	0.52	0.138815849125034	0.17723396366333	0.161868202175304
LC_k1_0.24_k2_0.52	20	0.123308270676692	0.213533834586466	0.169924812030075	0.24	0.52	0.138815849125034	0.17723396366333	0.161868202175304
LC_k1_0.24_k2_0.52	30	0.628031145717464	0.680978865406007	0.465183537263626	0.24	0.52	0.138815849125034	0.17723396366333	0.161868202175304
LC_k1_0.24_k2_0.52	40	0.697560975609756	0.724202626641651	0.581425891181989	0.24	0.52	0.138815849125034	0.17723396366333	0.161868202175304
LC_k1_0.24_k2_0.52	50	0.799087635054022	0.815990396158463	0.691812725090036	0.24	0.52	0.138815849125034	0.17723396366333	0.161868202175304
LC_k1_0.24_k2_0.52	60	0.831619894415115	0.84962489580439	0.7390386218394	0.24	0.52	0.138815849125034	0.17723396366333	0.161868202175304
LC_k1_0.24_k2_0.52	70	0.848342227276704	0.85527075496457	0.767054500918555	0.24	0.52	0.138815849125034	0.17723396366333	0.161868202175304
LC_k1_0.24_k2_0.52	80	0.858907641819034	0.863642756680731	0.803305203938115	0.24	0.52	0.138815849125034	0.17723396366333	0.161868202175304
LC_k1_0.24_k2_0.52	90	0.883837510803803	0.892282997900976	0.834629789685969	0.24	0.52	0.138815849125034	0.17723396366333	0.161868202175304
LC_k1_0.24_k2_0.52	100	0.901758175817582	0.906090609060906	0.86022202220222	0.24	0.52	0.138815849125034	0.17723396366333	0.161868202175304
LC_k1_0.24_k2_0.52	110	0.918986542839754	0.923071027658183	0.88620246601898	0.24	0.52	0.138815849125034	0.17723396366333	0.161868202175304
LC_k1_0.24_k2_0.52	120	0.92620320855615	0.928418640183346	0.907597749843739	0.24	0.52	0.138815849125034	0.17723396366333	0.161868202175304
LC_k1_0.24_k2_0.52	130	0.92012454082399	0.919731254011389	0.91553073236013	0.24	0.52	0.138815849125034	0.17723396366333	0.161868202175304
LC_k1_0.24_k2_0.52	140	0.926907349500339	0.926085150116988	0.918081826332247	0.24	0.52	0.138815849125034	0.17723396366333	0.161868202175304
LC_k1_0.24_k2_0.52	150	0.934656651406729	0.932903684608205	0.919352860127117	0.24	0.52	0.138815849125034	0.17723396366333	0.161868202175304
LC_k1_0.24_k2_0.52	160	0.925005859603891	0.924633774756826	0.912038556193601	0.24	0.52	0.138815849125034	0.17723396366333	0.161868202175304
LC_k1_0.24_k2_0.52	170	0.925188536953243	0.921742050915664	0.910984910937281	0.24	0.52	0.138815849125034	0.17723396366333	0.161868202175304
LC_k1_0.24_k2_0.52	180	0.905326296079097	0.899498955729086	0.914320400835417	0.24	0.52	0.138815849125034	0.17723396366333	0.161868202175304
LC_k1_0.24_k2_0.52	190	0.899364467013957	0.892226202504516	0.912433789534919	0.24	0.52	0.138815849125034	0.17723396366333	0.161868202175304
LC_k1_0.24_k2_0.52	200	0.89460736518413	0.887995199879997	0.904228605715143	0.24	0.52	0.138815849125034	0.17723396366333	0.161868202175304
LC_k1_0.24_k2_0.52	210	0.883648803179858	0.872836766625742	0.902462316929765	0.24	0.52	0.138815849125034	0.17723396366333	0.161868202175304
LC_k1_0.24_k2_0.52	220	0.865322912381736	0.858847196316979	0.901559198255411	0.24	0.52	0.138815849125034	0.17723396366333	0.161868202175304
LC_k1_0.24_k2_0.52	230	0.84652886509731	0.841433675494811	0.90225047403707	0.24	0.52	0.138815849125034	0.17723396366333	0.161868202175304
LC_k1_0.24_k2_0.52	240	0.830945849754336	0.820248615427351	0.896210871716523	0.24	0.52	0.138815849125034	0.17723396366333	0.161868202175304
LC_k1_0.24_k2_0.52	240	0.830945849754336	0.820248615427351	0.896210871716523	0.24	0.52	0.138815849125034	0.17723396366333	0.161868202175304
LC_k1_0.24_k2_0.52	250	0.821109201747228	0.807231987711803	0.896210871716523	0.24	0.52	0.138815849125034	0.17723396366333	0.161868202175304
LC_k1_0.24_k2_0.52	260	0.810476941511424	0.798682957303647	0.896210871716523	0.24	0.52	0.138815849125034	0.17723396366333	0.161868202175304
LC_k1_0.24_k2_0.52	270	0.803999750034675	0.794457171337513	0.896210871716523	0.24	0.52	0.138815849125034	0.17723396366333	0.161868202175304
LC_k1_0.24_k2_0.52	280	0.795122751201273	0.788074738562627	0.896210871716523	0.24	0.52	0.138815849125034	0.17723396366333	0.161868202175304
LC_k1_0.24_k2_0.52	290	0.796287872544304	0.793242201002021	0.896210871716523	0.24	0.52	0.138815849125034	0.17723396366333	0.161868202175304
LC_k1_0.24_k2_0.52	300	0.795507505638952	0.790119001322237	0.896210871716523	0.24	0.52	0.138815849125034	0.17723396366333	0.161868202175304
LC_k1_0.28_k2_0.04	10	0.2	0.527272727272727	0.0909090909090909	0.28	0.04	0.177894641399946	0.231182795698925	0.199232245681382
LC_k1_0.28_k2_0.04	20	0.691729323308271	0.687218045112782	0.664661654135338	0.28	0.04	0.177894641399946	0.231182795698925	0.199232245681382
LC_k1_0.28_k2_0.04	30	0.768631813125695	0.743715239154616	0.714349276974416	0.28	0.04	0.177894641399946	0.231182795698925	0.199232245681382
LC_k1_0.28_k2_0.04	40	0.830393996247655	0.81313320825516	0.770731707317073	0.28	0.04	0.177894641399946	0.231182795698925	0.199232245681382
LC_k1_0.28_k2_0.04	50	0.791116446578632	0.768067226890756	0.764033613445378	0.28	0.04	0.177894641399946	0.231182795698925	0.199232245681382
LC_k1_0.28_k2_0.04	60	0.790719644345652	0.769880522367324	0.801111419838844	0.28	0.04	0.177894641399946	0.231182795698925	0.199232245681382
LC_k1_0.28_k2_0.04	70	0.800192459102441	0.790289563467763	0.809640451404077	0.28	0.04	0.177894641399946	0.231182795698925	0.199232245681382
LC_k1_0.28_k2_0.04	80	0.791373652133146	0.778129395218003	0.843366150961088	0.28	0.04	0.177894641399946	0.231182795698925	0.199232245681382
LC_k1_0.28_k2_0.04	90	0.830234185290365	0.824735564061407	0.843602090793102	0.28	0.04	0.177894641399946	0.231182795698925	0.199232245681382
LC_k1_0.28_k2_0.04	100	0.847980798079808	0.843972397239724	0.85956195619562	0.28	0.04	0.177894641399946	0.231182795698925	0.199232245681382
LC_k1_0.28_k2_0.04	110	0.869467799743029	0.867375966458535	0.875698216982621	0.28	0.04	0.177894641399946	0.231182795698925	0.199232245681382
LC_k1_0.28_k2_0.04	120	0.875380234738523	0.871782762691854	0.888568650600736	0.28	0.04	0.177894641399946	0.231182795698925	0.199232245681382
LC_k1_0.28_k2_0.04	130	0.883166505073127	0.878157560529299	0.906162858976635	0.28	0.04	0.177894641399946	0.231182795698925	0.199232245681382
LC_k1_0.28_k2_0.04	140	0.890446305569526	0.884634055673395	0.90198771074326	0.28	0.04	0.177894641399946	0.231182795698925	0.199232245681382
LC_k1_0.28_k2_0.04	150	0.903323703275701	0.894491310724921	0.9029610204898	0.28	0.04	0.177894641399946	0.231182795698925	0.199232245681382
LC_k1_0.28_k2_0.04	160	0.909363647017462	0.901523497011602	0.907705379116372	0.28	0.04	0.177894641399946	0.231182795698925	0.199232245681382
LC_k1_0.28_k2_0.04	170	0.90319551053059	0.896180409254951	0.910552573567577	0.28	0.04	0.177894641399946	0.231182795698925	0.199232245681382
LC_k1_0.28_k2_0.04	180	0.902581355391627	0.893996728294083	0.905350988199224	0.28	0.04	0.177894641399946	0.231182795698925	0.199232245681382
LC_k1_0.28_k2_0.04	190	0.892539376364122	0.885294387801966	0.887836519746137	0.28	0.04	0.177894641399946	0.231182795698925	0.199232245681382
LC_k1_0.28_k2_0.04	200	0.87972849321233	0.870438760969024	0.882533563339084	0.28	0.04	0.177894641399946	0.231182795698925	0.199232245681382
LC_k1_0.28_k2_0.04	210	0.866219188643733	0.856469696429786	0.881657180434931	0.28	0.04	0.177894641399946	0.231182795698925	0.199232245681382
LC_k1_0.28_k2_0.04	220	0.852950755932223	0.842850622383257	0.881388233040127	0.28	0.04	0.177894641399946	0.231182795698925	0.199232245681382
LC_k1_0.28_k2_0.04	230	0.8441765563087	0.829064575067993	0.886479649076953	0.28	0.04	0.177894641399946	0.231182795698925	0.199232245681382
LC_k1_0.28_k2_0.04	240	0.83699456587788	0.820730394624907	0.897894060660775	0.28	0.04	0.177894641399946	0.231182795698925	0.199232245681382
LC_k1_0.28_k2_0.04	240	0.83699456587788	0.820730394624907	0.897894060660775	0.28	0.04	0.177894641399946	0.231182795698925	0.199232245681382
LC_k1_0.28_k2_0.04	250	0.823188211011376	0.804675274804397	0.897894060660775	0.28	0.04	0.177894641399946	0.231182795698925	0.199232245681382
LC_k1_0.28_k2_0.04	260	0.807799842282601	0.787638642811057	0.897894060660775	0.28	0.04	0.177894641399946	0.231182795698925	0.199232245681382
LC_k1_0.28_k2_0.04	270	0.792303811513952	0.774594073078277	0.897894060660775	0.28	0.04	0.177894641399946	0.231182795698925	0.199232245681382
LC_k1_0.28_k2_0.04	280	0.787620468919975	0.771965385855869	0.897894060660775	0.28	0.04	0.177894641399946	0.231182795698925	0.199232245681382
LC_k1_0.28_k2_0.04	290	0.787562687817437	0.773752855317071	0.897894060660775	0.28	0.04	0.177894641399946	0.231182795698925	0.199232245681382
LC_k1_0.28_k2_0.04	300	0.773746819409105	0.762412471249681	0.897894060660775	0.28	0.04	0.177894641399946	0.231182795698925	0.199232245681382
LC_k1_0.28_k2_0.12	10	0.224242424242424	0.236363636363636	0.187878787878788	0.28	0.12	0.173089128660803	0.225064886911383	0.197312859884837
LC_k1_0.28_k2_0.12	20	0.231578947368421	0.312781954887218	0.336842105263158	0.28	0.12	0.173089128660803	0.225064886911383	0.197312859884837
LC_k1_0.28_k2_0.12	30	0.611123470522803	0.675639599555061	0.612903225806452	0.28	0.12	0.173089128660803	0.225064886911383	0.197312859884837
LC_k1_0.28_k2_0.12	40	0.737335834896811	0.772795497185741	0.605253283302064	0.28	0.12	0.173089128660803	0.225064886911383	0.197312859884837
LC_k1_0.28_k2_0.12	50	0.823385354141657	0.85469387755102	0.64686674669868	0.28	0.12	0.173089128660803	0.225064886911383	0.197312859884837
LC_k1_0.28_k2_0.12	60	0.854681856071131	0.874965268130036	0.741650458460684	0.28	0.12	0.173089128660803	0.225064886911383	0.197312859884837
LC_k1_0.28_k2_0.12	70	0.861149505730032	0.873571865978479	0.772128422710174	0.28	0.12	0.173089128660803	0.225064886911383	0.197312859884837
LC_k1_0.28_k2_0.12	80	0.860220346929208	0.874894514767932	0.80239099859353	0.28	0.12	0.173089128660803	0.225064886911383	0.197312859884837
LC_k1_0.28_k2_0.12	90	0.895180474955756	0.904646664197226	0.826250154340042	0.28	0.12	0.173089128660803	0.225064886911383	0.197312859884837
LC_k1_0.28_k2_0.12	100	0.908622862286229	0.912943294329433	0.860834083408341	0.28	0.12	0.173089128660803	0.225064886911383	0.197312859884837
LC_k1_0.28_k2_0.12	110	0.91886932804364	0.922016094493159	0.876230191826522	0.28	0.12	0.173089128660803	0.225064886911383	0.197312859884837
LC_k1_0.28_k2_0.12	120	0.923411348010278	0.92362664073894	0.899965275366345	0.28	0.12	0.173089128660803	0.225064886911383	0.197312859884837
LC_k1_0.28_k2_0.12	130	0.927766322085512	0.927569678679212	0.903562796159991	0.28	0.12	0.173089128660803	0.225064886911383	0.197312859884837
LC_k1_0.28_k2_0.12	140	0.9340053792832	0.931932387220922	0.914648706566662	0.28	0.12	0.173089128660803	0.225064886911383	0.197312859884837
LC_k1_0.28_k2_0.12	150	0.938397262100538	0.935940264011734	0.919157295879817	0.28	0.12	0.173089128660803	0.225064886911383	0.197312859884837
LC_k1_0.28_k2_0.12	160	0.94102894644322	0.936180124223602	0.920069143325911	0.28	0.12	0.173089128660803	0.225064886911383	0.197312859884837
LC_k1_0.28_k2_0.12	170	0.932460109549893	0.928495795702274	0.923828017659882	0.28	0.12	0.173089128660803	0.225064886911383	0.197312859884837
LC_k1_0.28_k2_0.12	180	0.92563556488369	0.920380258649958	0.917275224543967	0.28	0.12	0.173089128660803	0.225064886911383	0.197312859884837
LC_k1_0.28_k2_0.12	190	0.923442113136244	0.915418563861661	0.90623329702966	0.28	0.12	0.173089128660803	0.225064886911383	0.197312859884837
LC_k1_0.28_k2_0.12	200	0.91233630840771	0.905266631665792	0.905002625065627	0.28	0.12	0.173089128660803	0.225064886911383	0.197312859884837
LC_k1_0.28_k2_0.12	210	0.909548969364385	0.901620056172314	0.901889579614698	0.28	0.12	0.173089128660803	0.225064886911383	0.197312859884837
LC_k1_0.28_k2_0.12	220	0.906205800645768	0.896577878205598	0.894772431436412	0.28	0.12	0.173089128660803	0.225064886911383	0.197312859884837
LC_k1_0.28_k2_0.12	230	0.88689487842706	0.875636343910504	0.899221568255174	0.28	0.12	0.173089128660803	0.225064886911383	0.197312859884837
LC_k1_0.28_k2_0.12	240	0.869226028229657	0.859380371187	0.906496640566676	0.28	0.12	0.173089128660803	0.225064886911383	0.197312859884837
LC_k1_0.28_k2_0.12	240	0.869226028229657	0.859380371187	0.906496640566676	0.28	0.12	0.173089128660803	0.225064886911383	0.197312859884837
LC_k1_0.28_k2_0.12	250	0.858161954591274	0.8492330437287	0.906496640566676	0.28	0.12	0.173089128660803	0.225064886911383	0.197312859884837
LC_k1_0.28_k2_0.12	260	0.846927412444654	0.834881490053904	0.906496640566676	0.28	0.12	0.173089128660803	0.225064886911383	0.197312859884837
LC_k1_0.28_k2_0.12	270	0.843016898570473	0.830067475395943	0.906496640566676	0.28	0.12	0.173089128660803	0.225064886911383	0.197312859884837
LC_k1_0.28_k2_0.12	280	0.839032750053299	0.823946734014464	0.906496640566676	0.28	0.12	0.173089128660803	0.225064886911383	0.197312859884837
LC_k1_0.28_k2_0.12	290	0.837387217282095	0.82622155907385	0.906496640566676	0.28	0.12	0.173089128660803	0.225064886911383	0.197312859884837
LC_k1_0.28_k2_0.12	300	0.830231447016078	0.815811731241458	0.906496640566676	0.28	0.12	0.173089128660803	0.225064886911383	0.197312859884837
LC_k1_0.28_k2_0.2	10	-0.0909090909090909	-0.0545454545454545	-0.0787878787878788	0.28	0.2	0.163659443285883	0.2137560252132	0.189123480486244
LC_k1_0.28_k2_0.2	20	0.075187969924812	0.246616541353383	0.150375939849624	0.28	0.2	0.163659443285883	0.2137560252132	0.189123480486244
LC_k1_0.28_k2_0.2	30	0.594660734149055	0.69432703003337	0.510122358175751	0.28	0.2	0.163659443285883	0.2137560252132	0.189123480486244
LC_k1_0.28_k2_0.2	40	0.737148217636023	0.794183864915572	0.601688555347092	0.28	0.2	0.163659443285883	0.2137560252132	0.189123480486244
LC_k1_0.28_k2_0.2	50	0.82530612244898	0.862953181272509	0.655030012004802	0.28	0.2	0.163659443285883	0.2137560252132	0.189123480486244
LC_k1_0.28_k2_0.2	60	0.840400111141984	0.859238677410392	0.752653514865241	0.28	0.2	0.163659443285883	0.2137560252132	0.189123480486244
LC_k1_0.28_k2_0.2	70	0.872557081620156	0.88669407750853	0.777587262706675	0.28	0.2	0.163659443285883	0.2137560252132	0.189123480486244
LC_k1_0.28_k2_0.2	80	0.865494608532583	0.878129395218003	0.814580403187998	0.28	0.2	0.163659443285883	0.2137560252132	0.189123480486244
LC_k1_0.28_k2_0.2	90	0.883738733176936	0.896497509980656	0.839716837469647	0.28	0.2	0.163659443285883	0.2137560252132	0.189123480486244
LC_k1_0.28_k2_0.2	100	0.899393939393939	0.906966696669667	0.87044704470447	0.28	0.2	0.163659443285883	0.2137560252132	0.189123480486244
LC_k1_0.28_k2_0.2	110	0.917363568739715	0.921592317922593	0.892568131100241	0.28	0.2	0.163659443285883	0.2137560252132	0.189123480486244
LC_k1_0.28_k2_0.2	120	0.926619904160011	0.928863115494131	0.909215917772067	0.28	0.2	0.163659443285883	0.2137560252132	0.189123480486244
LC_k1_0.28_k2_0.2	130	0.92956888664327	0.929164675196985	0.923598574335304	0.28	0.2	0.163659443285883	0.2137560252132	0.189123480486244
LC_k1_0.28_k2_0.2	140	0.921851697972929	0.921007631584702	0.927440904419322	0.28	0.2	0.163659443285883	0.2137560252132	0.189123480486244
LC_k1_0.28_k2_0.2	150	0.922823236588293	0.920423129916885	0.926208275923375	0.28	0.2	0.163659443285883	0.2137560252132	0.189123480486244
LC_k1_0.28_k2_0.2	160	0.923233329426931	0.919805461150826	0.92545118949959	0.28	0.2	0.163659443285883	0.2137560252132	0.189123480486244
LC_k1_0.28_k2_0.2	170	0.916175401957731	0.91170547322012	0.93086021702359	0.28	0.2	0.163659443285883	0.2137560252132	0.189123480486244
LC_k1_0.28_k2_0.2	180	0.915024126259041	0.909281150652798	0.920534584400753	0.28	0.2	0.163659443285883	0.2137560252132	0.189123480486244
LC_k1_0.28_k2_0.2	190	0.911203838566749	0.90360543592839	0.918842481421704	0.28	0.2	0.163659443285883	0.2137560252132	0.189123480486244
LC_k1_0.28_k2_0.2	200	0.901038025950649	0.890179254481362	0.917125928148204	0.28	0.2	0.163659443285883	0.2137560252132	0.189123480486244
LC_k1_0.28_k2_0.2	210	0.890537200390032	0.879889728630063	0.91703731539102	0.28	0.2	0.163659443285883	0.2137560252132	0.189123480486244
LC_k1_0.28_k2_0.2	220	0.884379279060988	0.873160038994044	0.911648061849512	0.28	0.2	0.163659443285883	0.2137560252132	0.189123480486244
LC_k1_0.28_k2_0.2	230	0.879271819883174	0.870765042817445	0.90525866766611	0.28	0.2	0.163659443285883	0.2137560252132	0.189123480486244
LC_k1_0.28_k2_0.2	240	0.873349363704231	0.866510703310821	0.915212937724613	0.28	0.2	0.163659443285883	0.2137560252132	0.189123480486244
LC_k1_0.28_k2_0.2	240	0.873349363704231	0.866510703310821	0.915212937724613	0.28	0.2	0.163659443285883	0.2137560252132	0.189123480486244
LC_k1_0.28_k2_0.2	250	0.862870637930207	0.856211971391542	0.915212937724613	0.28	0.2	0.163659443285883	0.2137560252132	0.189123480486244
LC_k1_0.28_k2_0.2	260	0.860245998177033	0.854060198887785	0.915212937724613	0.28	0.2	0.163659443285883	0.2137560252132	0.189123480486244
LC_k1_0.28_k2_0.2	270	0.857578293255051	0.850816426379877	0.915212937724613	0.28	0.2	0.163659443285883	0.2137560252132	0.189123480486244
LC_k1_0.28_k2_0.2	280	0.857016580021976	0.84906440133165	0.915212937724613	0.28	0.2	0.163659443285883	0.2137560252132	0.189123480486244
LC_k1_0.28_k2_0.2	290	0.853900267787841	0.84438881761274	0.915212937724613	0.28	0.2	0.163659443285883	0.2137560252132	0.189123480486244
LC_k1_0.28_k2_0.2	300	0.851572573028589	0.841125790286559	0.915212937724613	0.28	0.2	0.163659443285883	0.2137560252132	0.189123480486244
LC_k1_0.28_k2_0.28	10	0.260606060606061	0.296969696969697	0.381818181818182	0.28	0.28	0.15132831625714	0.196700037078235	0.176327575175944
LC_k1_0.28_k2_0.28	20	0.193984962406015	0.254135338345865	0.160902255639098	0.28	0.28	0.15132831625714	0.196700037078235	0.176327575175944
LC_k1_0.28_k2_0.28	30	0.636040044493882	0.684983314794216	0.60622914349277	0.28	0.28	0.15132831625714	0.196700037078235	0.176327575175944
LC_k1_0.28_k2_0.28	40	0.754409005628518	0.774484052532833	0.601125703564728	0.28	0.28	0.15132831625714	0.196700037078235	0.176327575175944
LC_k1_0.28_k2_0.28	50	0.816470588235294	0.825498199279712	0.685186074429772	0.28	0.28	0.15132831625714	0.196700037078235	0.176327575175944
LC_k1_0.28_k2_0.28	60	0.84912475687691	0.853737149208114	0.745873853848291	0.28	0.28	0.15132831625714	0.196700037078235	0.176327575175944
LC_k1_0.28_k2_0.28	70	0.860274691628029	0.86058962470475	0.793998775260257	0.28	0.28	0.15132831625714	0.196700037078235	0.176327575175944
LC_k1_0.28_k2_0.28	80	0.863220815752461	0.862939521800281	0.820487576183779	0.28	0.28	0.15132831625714	0.196700037078235	0.176327575175944
LC_k1_0.28_k2_0.28	90	0.885747211589908	0.890554389430794	0.853381075852986	0.28	0.28	0.15132831625714	0.196700037078235	0.176327575175944
LC_k1_0.28_k2_0.28	100	0.900834083408341	0.902430243024302	0.873363336333634	0.28	0.28	0.15132831625714	0.196700037078235	0.176327575175944
LC_k1_0.28_k2_0.28	110	0.916497982553028	0.918021774902509	0.899060027500394	0.28	0.28	0.15132831625714	0.196700037078235	0.176327575175944
LC_k1_0.28_k2_0.28	120	0.921751510521564	0.923439127717202	0.901951524411417	0.28	0.28	0.15132831625714	0.196700037078235	0.176327575175944
LC_k1_0.28_k2_0.28	130	0.927651613431837	0.925985606795122	0.915847546736948	0.28	0.28	0.15132831625714	0.196700037078235	0.176327575175944
LC_k1_0.28_k2_0.28	140	0.930200520434716	0.928188755986093	0.924257068509326	0.28	0.28	0.15132831625714	0.196700037078235	0.176327575175944
LC_k1_0.28_k2_0.28	150	0.929717765234011	0.926364727321214	0.923957509222632	0.28	0.28	0.15132831625714	0.196700037078235	0.176327575175944
LC_k1_0.28_k2_0.28	160	0.919553498183523	0.917646197117075	0.926752021563342	0.28	0.28	0.15132831625714	0.196700037078235	0.176327575175944
LC_k1_0.28_k2_0.28	170	0.915909160300682	0.913288267658356	0.918278466790017	0.28	0.28	0.15132831625714	0.196700037078235	0.176327575175944
LC_k1_0.28_k2_0.28	180	0.917530376451948	0.911978764776691	0.922989392676729	0.28	0.28	0.15132831625714	0.196700037078235	0.176327575175944
LC_k1_0.28_k2_0.28	190	0.919719018313673	0.912671731685234	0.920686533086644	0.28	0.28	0.15132831625714	0.196700037078235	0.176327575175944
LC_k1_0.28_k2_0.28	200	0.908421210530263	0.899689492237306	0.918514962874072	0.28	0.28	0.15132831625714	0.196700037078235	0.176327575175944
LC_k1_0.28_k2_0.28	210	0.904876365839199	0.893696326123365	0.919679422597856	0.28	0.28	0.15132831625714	0.196700037078235	0.176327575175944
LC_k1_0.28_k2_0.28	220	0.895353961107386	0.886201630762469	0.906772679375419	0.28	0.28	0.15132831625714	0.196700037078235	0.176327575175944
LC_k1_0.28_k2_0.28	230	0.887433394401308	0.880123977029236	0.903753584558597	0.28	0.28	0.15132831625714	0.196700037078235	0.176327575175944
LC_k1_0.28_k2_0.28	240	0.872631469296342	0.86205316064515	0.900904529592528	0.28	0.28	0.15132831625714	0.196700037078235	0.176327575175944
LC_k1_0.28_k2_0.28	240	0.872631469296342	0.86205316064515	0.900904529592528	0.28	0.28	0.15132831625714	0.196700037078235	0.176327575175944
LC_k1_0.28_k2_0.28	250	0.855513848221571	0.84367109873758	0.900904529592528	0.28	0.28	0.15132831625714	0.196700037078235	0.176327575175944
LC_k1_0.28_k2_0.28	260	0.854622109794524	0.837499871982631	0.900904529592528	0.28	0.28	0.15132831625714	0.196700037078235	0.176327575175944
LC_k1_0.28_k2_0.28	270	0.847399217486599	0.83255493521478	0.900904529592528	0.28	0.28	0.15132831625714	0.196700037078235	0.176327575175944
LC_k1_0.28_k2_0.28	280	0.835055840726831	0.823426319213255	0.900904529592528	0.28	0.28	0.15132831625714	0.196700037078235	0.176327575175944
LC_k1_0.28_k2_0.28	290	0.83067493114642	0.818504545750882	0.900904529592528	0.28	0.28	0.15132831625714	0.196700037078235	0.176327575175944
LC_k1_0.28_k2_0.28	300	0.82208202313359	0.81326814742386	0.900904529592528	0.28	0.28	0.15132831625714	0.196700037078235	0.176327575175944
LC_k1_0.28_k2_0.36	10	-0.272727272727273	-0.260606060606061	-0.272727272727273	0.28	0.36	0.131924925197207	0.169447534297367	0.155982085732566
LC_k1_0.28_k2_0.36	20	0.0330827067669173	0.154887218045113	-0.0721804511278195	0.28	0.36	0.131924925197207	0.169447534297367	0.155982085732566
LC_k1_0.28_k2_0.36	30	0.515016685205784	0.574193548387097	0.443381535038932	0.28	0.36	0.131924925197207	0.169447534297367	0.155982085732566
LC_k1_0.28_k2_0.36	40	0.694183864915573	0.71500938086304	0.594183864915572	0.28	0.36	0.131924925197207	0.169447534297367	0.155982085732566
LC_k1_0.28_k2_0.36	50	0.803505402160864	0.820600240096038	0.689123649459784	0.28	0.36	0.131924925197207	0.169447534297367	0.155982085732566
LC_k1_0.28_k2_0.36	60	0.834454015004168	0.848513475965546	0.737260350097249	0.28	0.36	0.131924925197207	0.169447534297367	0.155982085732566
LC_k1_0.28_k2_0.36	70	0.853451141632403	0.861534423934914	0.785670545009186	0.28	0.36	0.131924925197207	0.169447534297367	0.155982085732566
LC_k1_0.28_k2_0.36	80	0.865518049695265	0.87177684013127	0.820534458509142	0.28	0.36	0.131924925197207	0.169447534297367	0.155982085732566
LC_k1_0.28_k2_0.36	90	0.889369057908384	0.898687080709552	0.844524015310532	0.28	0.36	0.131924925197207	0.169447534297367	0.155982085732566
LC_k1_0.28_k2_0.36	100	0.906426642664266	0.911467146714671	0.866690669066907	0.28	0.36	0.131924925197207	0.169447534297367	0.155982085732566
LC_k1_0.28_k2_0.36	110	0.916101255550797	0.920248856028672	0.891927957983004	0.28	0.36	0.131924925197207	0.169447534297367	0.155982085732566
LC_k1_0.28_k2_0.36	120	0.92423779429127	0.925300368081117	0.905423987776929	0.28	0.36	0.131924925197207	0.169447534297367	0.155982085732566
LC_k1_0.28_k2_0.36	130	0.933326960630351	0.933556377937702	0.919900585833481	0.28	0.36	0.131924925197207	0.169447534297367	0.155982085732566
LC_k1_0.28_k2_0.36	140	0.937237322603923	0.936887450525902	0.916909754870875	0.28	0.36	0.131924925197207	0.169447534297367	0.155982085732566
LC_k1_0.28_k2_0.36	150	0.935168674163296	0.933533045913152	0.91829325747811	0.28	0.36	0.131924925197207	0.169447534297367	0.155982085732566
LC_k1_0.28_k2_0.36	160	0.929977733505215	0.927616313137232	0.920930505097855	0.28	0.36	0.131924925197207	0.169447534297367	0.155982085732566
LC_k1_0.28_k2_0.36	170	0.922340483998022	0.919739132027772	0.914338578782494	0.28	0.36	0.131924925197207	0.169447534297367	0.155982085732566
LC_k1_0.28_k2_0.36	180	0.923215737111228	0.917532434128625	0.912997314731936	0.28	0.36	0.131924925197207	0.169447534297367	0.155982085732566
LC_k1_0.28_k2_0.36	190	0.921853499367966	0.916228616917512	0.911100613663303	0.28	0.36	0.131924925197207	0.169447534297367	0.155982085732566
LC_k1_0.28_k2_0.36	200	0.915381384534614	0.905668641716043	0.915127878196955	0.28	0.36	0.131924925197207	0.169447534297367	0.155982085732566
LC_k1_0.28_k2_0.36	210	0.904566673037613	0.897516302604853	0.905629217377783	0.28	0.36	0.131924925197207	0.169447534297367	0.155982085732566
LC_k1_0.28_k2_0.36	220	0.897265345452292	0.887483024630486	0.906130291948181	0.28	0.36	0.131924925197207	0.169447534297367	0.155982085732566
LC_k1_0.28_k2_0.36	230	0.891100431749758	0.881262159143306	0.911421026287174	0.28	0.36	0.131924925197207	0.169447534297367	0.155982085732566
LC_k1_0.28_k2_0.36	240	0.868502057327384	0.860779701036476	0.904447993888783	0.28	0.36	0.131924925197207	0.169447534297367	0.155982085732566
LC_k1_0.28_k2_0.36	240	0.868502057327384	0.860779701036476	0.904447993888783	0.28	0.36	0.131924925197207	0.169447534297367	0.155982085732566
LC_k1_0.28_k2_0.36	250	0.846154082465319	0.83962521000336	0.904447993888783	0.28	0.36	0.131924925197207	0.169447534297367	0.155982085732566
LC_k1_0.28_k2_0.36	260	0.841722738274462	0.833125433125433	0.904447993888783	0.28	0.36	0.131924925197207	0.169447534297367	0.155982085732566
LC_k1_0.28_k2_0.36	270	0.842318824675236	0.834154713294345	0.904447993888783	0.28	0.36	0.131924925197207	0.169447534297367	0.155982085732566
LC_k1_0.28_k2_0.36	280	0.835517763528325	0.825700947351734	0.904447993888783	0.28	0.36	0.131924925197207	0.169447534297367	0.155982085732566
LC_k1_0.28_k2_0.36	290	0.824210136575489	0.813902580333277	0.904447993888783	0.28	0.36	0.131924925197207	0.169447534297367	0.155982085732566
LC_k1_0.28_k2_0.36	300	0.821176235291503	0.811456127290303	0.904447993888783	0.28	0.36	0.131924925197207	0.169447534297367	0.155982085732566
LC_k1_0.2_k2_0.04	10	0.818181818181818	0.939393939393939	0.721212121212121	0.2	0.04	0.327862906881857	0.409343715239155	0.349712092130518
LC_k1_0.2_k2_0.04	20	0.703759398496241	0.64812030075188	0.768421052631579	0.2	0.04	0.327862906881857	0.409343715239155	0.349712092130518
LC_k1_0.2_k2_0.04	30	0.873637374860957	0.825139043381535	0.822914349276974	0.2	0.04	0.327862906881857	0.409343715239155	0.349712092130518
LC_k1_0.2_k2_0.04	40	0.914446529080676	0.881238273921201	0.788930581613509	0.2	0.04	0.327862906881857	0.409343715239155	0.349712092130518
LC_k1_0.2_k2_0.04	50	0.919519807923169	0.904345738295318	0.800720288115246	0.2	0.04	0.327862906881857	0.409343715239155	0.349712092130518
LC_k1_0.2_k2_0.04	60	0.883023061961656	0.860850236176716	0.816449013614893	0.2	0.04	0.327862906881857	0.409343715239155	0.349712092130518
LC_k1_0.2_k2_0.04	70	0.883369783920917	0.86853293675094	0.853976030093605	0.2	0.04	0.327862906881857	0.409343715239155	0.349712092130518
LC_k1_0.2_k2_0.04	80	0.883591186122832	0.874120956399437	0.882114392873887	0.2	0.04	0.327862906881857	0.409343715239155	0.349712092130518
LC_k1_0.2_k2_0.04	90	0.88077540437091	0.867572128246286	0.878091945507676	0.2	0.04	0.327862906881857	0.409343715239155	0.349712092130518
LC_k1_0.2_k2_0.04	100	0.902406240624062	0.893633363336334	0.886204620462046	0.2	0.04	0.327862906881857	0.409343715239155	0.349712092130518
LC_k1_0.2_k2_0.04	110	0.910997903658454	0.903622388026058	0.904415842030521	0.2	0.04	0.327862906881857	0.409343715239155	0.349712092130518
LC_k1_0.2_k2_0.04	120	0.917758177651226	0.910702132092506	0.920633377317869	0.2	0.04	0.327862906881857	0.409343715239155	0.349712092130518
LC_k1_0.2_k2_0.04	130	0.913220172336096	0.905873356184025	0.922954020947985	0.2	0.04	0.327862906881857	0.409343715239155	0.349712092130518
LC_k1_0.2_k2_0.04	140	0.911915330957119	0.90492663619864	0.926662439045724	0.2	0.04	0.327862906881857	0.409343715239155	0.349712092130518
LC_k1_0.2_k2_0.04	150	0.907412773901062	0.89892172985466	0.929390639583982	0.2	0.04	0.327862906881857	0.409343715239155	0.349712092130518
LC_k1_0.2_k2_0.04	160	0.907699519512481	0.901708074534161	0.926845775225595	0.2	0.04	0.327862906881857	0.409343715239155	0.349712092130518
LC_k1_0.2_k2_0.04	170	0.917022978609071	0.906698176000391	0.916505150799031	0.2	0.04	0.327862906881857	0.409343715239155	0.349712092130518
LC_k1_0.2_k2_0.04	180	0.912713355350474	0.90070681193864	0.915762832186178	0.2	0.04	0.327862906881857	0.409343715239155	0.349712092130518
LC_k1_0.2_k2_0.04	190	0.904966604994161	0.894371181006618	0.912397048467592	0.2	0.04	0.327862906881857	0.409343715239155	0.349712092130518
LC_k1_0.2_k2_0.04	200	0.901453536338409	0.888628215705393	0.911773794344859	0.2	0.04	0.327862906881857	0.409343715239155	0.349712092130518
LC_k1_0.2_k2_0.04	210	0.897013537721944	0.882972403002336	0.911146673231981	0.2	0.04	0.327862906881857	0.409343715239155	0.349712092130518
LC_k1_0.2_k2_0.04	220	0.888590861193601	0.875220186743152	0.909301657246863	0.2	0.04	0.327862906881857	0.409343715239155	0.349712092130518
LC_k1_0.2_k2_0.04	230	0.878192815348692	0.866401682615846	0.91281958975143	0.2	0.04	0.327862906881857	0.409343715239155	0.349712092130518
LC_k1_0.2_k2_0.04	240	0.873630618587128	0.859992360978489	0.920118404833417	0.2	0.04	0.327862906881857	0.409343715239155	0.349712092130518
LC_k1_0.2_k2_0.04	240	0.873630618587128	0.859992360978489	0.920118404833417	0.2	0.04	0.327862906881857	0.409343715239155	0.349712092130518
LC_k1_0.2_k2_0.04	250	0.86127240435847	0.852239811836989	0.920118404833417	0.2	0.04	0.327862906881857	0.409343715239155	0.349712092130518
LC_k1_0.2_k2_0.04	260	0.847273571411502	0.838035838035838	0.920118404833417	0.2	0.04	0.327862906881857	0.409343715239155	0.349712092130518
LC_k1_0.2_k2_0.04	270	0.844272212238851	0.830140026307326	0.920118404833417	0.2	0.04	0.327862906881857	0.409343715239155	0.349712092130518
LC_k1_0.2_k2_0.04	280	0.844632675708327	0.831055425269637	0.920118404833417	0.2	0.04	0.327862906881857	0.409343715239155	0.349712092130518
LC_k1_0.2_k2_0.04	290	0.85263722435504	0.838993698313687	0.920118404833417	0.2	0.04	0.327862906881857	0.409343715239155	0.349712092130518
LC_k1_0.2_k2_0.04	300	0.843847153857265	0.832517250191669	0.920118404833417	0.2	0.04	0.327862906881857	0.409343715239155	0.349712092130518
LC_k1_0.2_k2_0.12	10	0.612121212121212	0.793939393939394	0.381818181818182	0.2	0.12	0.324326774866262	0.404523544679273	0.348048624440179
LC_k1_0.2_k2_0.12	20	0.77593984962406	0.804511278195489	0.840601503759399	0.2	0.12	0.324326774866262	0.404523544679273	0.348048624440179
LC_k1_0.2_k2_0.12	30	0.802892102335929	0.760622914349277	0.803337041156841	0.2	0.12	0.324326774866262	0.404523544679273	0.348048624440179
LC_k1_0.2_k2_0.12	40	0.836960600375235	0.797936210131332	0.678424015009381	0.2	0.12	0.324326774866262	0.404523544679273	0.348048624440179
LC_k1_0.2_k2_0.12	50	0.888499399759904	0.861896758703481	0.796494597839136	0.2	0.12	0.324326774866262	0.404523544679273	0.348048624440179
LC_k1_0.2_k2_0.12	60	0.87429841622673	0.861239233120311	0.76976938038344	0.2	0.12	0.324326774866262	0.404523544679273	0.348048624440179
LC_k1_0.2_k2_0.12	70	0.870737468287989	0.859049951885224	0.822587700113726	0.2	0.12	0.324326774866262	0.404523544679273	0.348048624440179
LC_k1_0.2_k2_0.12	80	0.871378340365682	0.868166901078294	0.854688232536334	0.2	0.12	0.324326774866262	0.404523544679273	0.348048624440179
LC_k1_0.2_k2_0.12	90	0.882635716343581	0.868955015022431	0.857463884430177	0.2	0.12	0.324326774866262	0.404523544679273	0.348048624440179
LC_k1_0.2_k2_0.12	100	0.905370537053705	0.896357635763576	0.868586858685869	0.2	0.12	0.324326774866262	0.404523544679273	0.348048624440179
LC_k1_0.2_k2_0.12	110	0.912242183801817	0.904965849919978	0.892027139733562	0.2	0.12	0.324326774866262	0.404523544679273	0.348048624440179
LC_k1_0.2_k2_0.12	120	0.917015070491006	0.910486839363845	0.907049100631988	0.2	0.12	0.324326774866262	0.404523544679273	0.348048624440179
LC_k1_0.2_k2_0.12	130	0.90621201982821	0.898521077715113	0.916601346461101	0.2	0.12	0.324326774866262	0.404523544679273	0.348048624440179
LC_k1_0.2_k2_0.12	140	0.917657606437646	0.908871443878332	0.926824254881809	0.2	0.12	0.324326774866262	0.404523544679273	0.348048624440179
LC_k1_0.2_k2_0.12	150	0.918161696075381	0.909940886261612	0.929013733943731	0.2	0.12	0.324326774866262	0.404523544679273	0.348048624440179
LC_k1_0.2_k2_0.12	160	0.912791515293566	0.907429977733505	0.922635649830071	0.2	0.12	0.324326774866262	0.404523544679273	0.348048624440179
LC_k1_0.2_k2_0.12	170	0.914551083591331	0.906033793149773	0.91871568932774	0.2	0.12	0.324326774866262	0.404523544679273	0.348048624440179
LC_k1_0.2_k2_0.12	180	0.909721493461732	0.899321995534842	0.908252312314166	0.2	0.12	0.324326774866262	0.404523544679273	0.348048624440179
LC_k1_0.2_k2_0.12	190	0.909072856661724	0.897083021690352	0.906138819999388	0.2	0.12	0.324326774866262	0.404523544679273	0.348048624440179
LC_k1_0.2_k2_0.12	200	0.907936698417461	0.892421810545264	0.901624540613516	0.2	0.12	0.324326774866262	0.404523544679273	0.348048624440179
LC_k1_0.2_k2_0.12	210	0.905486680941907	0.8889485670229	0.90047458154218	0.2	0.12	0.324326774866262	0.404523544679273	0.348048624440179
LC_k1_0.2_k2_0.12	220	0.900008452466148	0.885107318145191	0.900990065534788	0.2	0.12	0.324326774866262	0.404523544679273	0.348048624440179
LC_k1_0.2_k2_0.12	230	0.883027623601005	0.872556150892965	0.906593122085812	0.2	0.12	0.324326774866262	0.404523544679273	0.348048624440179
LC_k1_0.2_k2_0.12	240	0.879548256046112	0.870965641764614	0.913439469435233	0.2	0.12	0.324326774866262	0.404523544679273	0.348048624440179
LC_k1_0.2_k2_0.12	240	0.879548256046112	0.870965641764614	0.913439469435233	0.2	0.12	0.324326774866262	0.404523544679273	0.348048624440179
LC_k1_0.2_k2_0.12	250	0.865930398886382	0.856117505880094	0.913439469435233	0.2	0.12	0.324326774866262	0.404523544679273	0.348048624440179
LC_k1_0.2_k2_0.12	260	0.854349006073144	0.847953599677738	0.913439469435233	0.2	0.12	0.324326774866262	0.404523544679273	0.348048624440179
LC_k1_0.2_k2_0.12	270	0.84286204200332	0.829835800216738	0.913439469435233	0.2	0.12	0.324326774866262	0.404523544679273	0.348048624440179
LC_k1_0.2_k2_0.12	280	0.84649129999836	0.833948865965856	0.913439469435233	0.2	0.12	0.324326774866262	0.404523544679273	0.348048624440179
LC_k1_0.2_k2_0.12	290	0.84060411559283	0.829394174599641	0.913439469435233	0.2	0.12	0.324326774866262	0.404523544679273	0.348048624440179
LC_k1_0.2_k2_0.12	300	0.842716474627496	0.831151901687796	0.913439469435233	0.2	0.12	0.324326774866262	0.404523544679273	0.348048624440179
LC_k1_0.2_k2_0.2	10	0.575757575757576	0.745454545454545	0.515151515151515	0.2	0.2	0.315894460059842	0.39432703003337	0.342290467050544
LC_k1_0.2_k2_0.2	20	0.77593984962406	0.790977443609023	0.809022556390977	0.2	0.2	0.315894460059842	0.39432703003337	0.342290467050544
LC_k1_0.2_k2_0.2	30	0.831813125695217	0.781979977753059	0.874972191323693	0.2	0.2	0.315894460059842	0.39432703003337	0.342290467050544
LC_k1_0.2_k2_0.2	40	0.833020637898687	0.787054409005629	0.745590994371482	0.2	0.2	0.315894460059842	0.39432703003337	0.342290467050544
LC_k1_0.2_k2_0.2	50	0.876494597839136	0.85171668667467	0.753949579831933	0.2	0.2	0.315894460059842	0.39432703003337	0.342290467050544
LC_k1_0.2_k2_0.2	60	0.844345651569881	0.821672686857461	0.791997777160322	0.2	0.2	0.315894460059842	0.39432703003337	0.342290467050544
LC_k1_0.2_k2_0.2	70	0.84459802292013	0.827766599597586	0.833715335491208	0.2	0.2	0.315894460059842	0.39432703003337	0.342290467050544
LC_k1_0.2_k2_0.2	80	0.853539615564932	0.840201593999062	0.861954992967651	0.2	0.2	0.315894460059842	0.39432703003337	0.342290467050544
LC_k1_0.2_k2_0.2	90	0.874042062806108	0.856558422850558	0.874947524385727	0.2	0.2	0.315894460059842	0.39432703003337	0.342290467050544
LC_k1_0.2_k2_0.2	100	0.887944794479448	0.878523852385239	0.883516351635164	0.2	0.2	0.315894460059842	0.39432703003337	0.342290467050544
LC_k1_0.2_k2_0.2	110	0.898717399634831	0.891513197935216	0.903901900232175	0.2	0.2	0.315894460059842	0.39432703003337	0.342290467050544
LC_k1_0.2_k2_0.2	120	0.910681297312313	0.904298909646503	0.919945829571498	0.2	0.2	0.315894460059842	0.39432703003337	0.342290467050544
LC_k1_0.2_k2_0.2	130	0.913307569405563	0.906386813967144	0.92419942918789	0.2	0.2	0.315894460059842	0.39432703003337	0.342290467050544
LC_k1_0.2_k2_0.2	140	0.910069755745556	0.90223699459885	0.931928013819947	0.2	0.2	0.315894460059842	0.39432703003337	0.342290467050544
LC_k1_0.2_k2_0.2	150	0.91287434997111	0.907345215342904	0.931591626294502	0.2	0.2	0.315894460059842	0.39432703003337	0.342290467050544
LC_k1_0.2_k2_0.2	160	0.910667408883159	0.904617367865932	0.933763037618657	0.2	0.2	0.315894460059842	0.39432703003337	0.342290467050544
LC_k1_0.2_k2_0.2	170	0.906729929592516	0.896378258559731	0.923691232955344	0.2	0.2	0.315894460059842	0.39432703003337	0.342290467050544
LC_k1_0.2_k2_0.2	180	0.907921026369127	0.895930944370711	0.917871950780374	0.2	0.2	0.315894460059842	0.39432703003337	0.342290467050544
LC_k1_0.2_k2_0.2	190	0.906098579782791	0.890515118511812	0.906733675375175	0.2	0.2	0.315894460059842	0.39432703003337	0.342290467050544
LC_k1_0.2_k2_0.2	200	0.901555538888472	0.886552163804095	0.904321608040201	0.2	0.2	0.315894460059842	0.39432703003337	0.342290467050544
LC_k1_0.2_k2_0.2	210	0.896284010327413	0.882403553044611	0.902238145989705	0.2	0.2	0.315894460059842	0.39432703003337	0.342290467050544
LC_k1_0.2_k2_0.2	220	0.88674033460496	0.876057544389535	0.9014690386165	0.2	0.2	0.315894460059842	0.39432703003337	0.342290467050544
LC_k1_0.2_k2_0.2	230	0.86582272862888	0.859076484555885	0.907505443104456	0.2	0.2	0.315894460059842	0.39432703003337	0.342290467050544
LC_k1_0.2_k2_0.2	240	0.864826646295942	0.854368999461796	0.915274570739075	0.2	0.2	0.315894460059842	0.39432703003337	0.342290467050544
LC_k1_0.2_k2_0.2	240	0.864826646295942	0.854368999461796	0.915274570739075	0.2	0.2	0.315894460059842	0.39432703003337	0.342290467050544
LC_k1_0.2_k2_0.2	250	0.863769980319685	0.857207315317045	0.915274570739075	0.2	0.2	0.315894460059842	0.39432703003337	0.342290467050544
LC_k1_0.2_k2_0.2	260	0.854197433507778	0.850328236535133	0.915274570739075	0.2	0.2	0.315894460059842	0.39432703003337	0.342290467050544
LC_k1_0.2_k2_0.2	270	0.848999605237688	0.842511480876891	0.915274570739075	0.2	0.2	0.315894460059842	0.39432703003337	0.342290467050544
LC_k1_0.2_k2_0.2	280	0.845694278170458	0.837686887405634	0.915274570739075	0.2	0.2	0.315894460059842	0.39432703003337	0.342290467050544
LC_k1_0.2_k2_0.2	290	0.839330739510208	0.829944265194838	0.915274570739075	0.2	0.2	0.315894460059842	0.39432703003337	0.342290467050544
LC_k1_0.2_k2_0.2	300	0.841673351926132	0.830130112556806	0.915274570739075	0.2	0.2	0.315894460059842	0.39432703003337	0.342290467050544
LC_k1_0.2_k2_0.28	10	0.781818181818182	0.854545454545454	0.575757575757576	0.2	0.28	0.300027201015505	0.377456433073786	0.329110684580934
LC_k1_0.2_k2_0.28	20	0.718796992481203	0.78796992481203	0.696240601503759	0.2	0.28	0.300027201015505	0.377456433073786	0.329110684580934
LC_k1_0.2_k2_0.28	30	0.897219132369299	0.903003337041157	0.83047830923248	0.2	0.28	0.300027201015505	0.377456433073786	0.329110684580934
LC_k1_0.2_k2_0.28	40	0.919136960600375	0.911819887429644	0.79718574108818	0.2	0.28	0.300027201015505	0.377456433073786	0.329110684580934
LC_k1_0.2_k2_0.28	50	0.873997599039616	0.870252100840336	0.804081632653061	0.2	0.28	0.300027201015505	0.377456433073786	0.329110684580934
LC_k1_0.2_k2_0.28	60	0.850514031675466	0.850903028619061	0.807335370936371	0.2	0.28	0.300027201015505	0.377456433073786	0.329110684580934
LC_k1_0.2_k2_0.28	70	0.85789519727058	0.85782521214242	0.842638439331642	0.2	0.28	0.300027201015505	0.377456433073786	0.329110684580934
LC_k1_0.2_k2_0.28	80	0.874191279887483	0.875269573370839	0.870721987810595	0.2	0.28	0.300027201015505	0.377456433073786	0.329110684580934
LC_k1_0.2_k2_0.28	90	0.880281516236572	0.880791867308721	0.889517224348685	0.2	0.28	0.300027201015505	0.377456433073786	0.329110684580934
LC_k1_0.2_k2_0.28	100	0.89026102610261	0.894533453345335	0.887344734473447	0.2	0.28	0.300027201015505	0.377456433073786	0.329110684580934
LC_k1_0.2_k2_0.28	110	0.898888713567613	0.901620719969344	0.909951987016207	0.2	0.28	0.300027201015505	0.377456433073786	0.329110684580934
LC_k1_0.2_k2_0.28	120	0.912924508646434	0.912549482602958	0.920272241127856	0.2	0.28	0.300027201015505	0.377456433073786	0.329110684580934
LC_k1_0.2_k2_0.28	130	0.913181936118204	0.911789045323574	0.931016400606317	0.2	0.28	0.300027201015505	0.377456433073786	0.329110684580934
LC_k1_0.2_k2_0.28	140	0.910542083050885	0.907546303382826	0.930887144387833	0.2	0.28	0.300027201015505	0.377456433073786	0.329110684580934
LC_k1_0.2_k2_0.28	150	0.902463220587582	0.897118983065914	0.928035912707232	0.2	0.28	0.300027201015505	0.377456433073786	0.329110684580934
LC_k1_0.2_k2_0.28	160	0.904438649947263	0.900459978905426	0.929778506972928	0.2	0.28	0.300027201015505	0.377456433073786	0.329110684580934
LC_k1_0.2_k2_0.28	170	0.902433424319588	0.896795940425376	0.92455590769475	0.2	0.28	0.300027201015505	0.377456433073786	0.329110684580934
LC_k1_0.2_k2_0.28	180	0.90619669331358	0.898511270924	0.917857547043633	0.2	0.28	0.300027201015505	0.377456433073786	0.329110684580934
LC_k1_0.2_k2_0.28	190	0.900253250928368	0.886697546658969	0.912808198506738	0.2	0.28	0.300027201015505	0.377456433073786	0.329110684580934
LC_k1_0.2_k2_0.28	200	0.897272931823296	0.885352133803345	0.904662116552914	0.2	0.28	0.300027201015505	0.377456433073786	0.329110684580934
LC_k1_0.2_k2_0.28	210	0.887896388968976	0.874025002186638	0.906325054342016	0.2	0.28	0.300027201015505	0.377456433073786	0.329110684580934
LC_k1_0.2_k2_0.28	220	0.881907777959349	0.866321430382671	0.906936093720945	0.2	0.28	0.300027201015505	0.377456433073786	0.329110684580934
LC_k1_0.2_k2_0.28	230	0.871304545084686	0.860187050466147	0.908488777218605	0.2	0.28	0.300027201015505	0.377456433073786	0.329110684580934
LC_k1_0.2_k2_0.28	240	0.857450650184899	0.848736089168215	0.916441257660723	0.2	0.28	0.300027201015505	0.377456433073786	0.329110684580934
LC_k1_0.2_k2_0.28	240	0.857450650184899	0.848736089168215	0.916441257660723	0.2	0.28	0.300027201015505	0.377456433073786	0.329110684580934
LC_k1_0.2_k2_0.28	250	0.847686266980272	0.837112273796381	0.916441257660723	0.2	0.28	0.300027201015505	0.377456433073786	0.329110684580934
LC_k1_0.2_k2_0.28	260	0.841520641520642	0.83570831157038	0.916441257660723	0.2	0.28	0.300027201015505	0.377456433073786	0.329110684580934
LC_k1_0.2_k2_0.28	270	0.846249986663435	0.84267731153148	0.916441257660723	0.2	0.28	0.300027201015505	0.377456433073786	0.329110684580934
LC_k1_0.2_k2_0.28	280	0.830568356374808	0.82281953304798	0.916441257660723	0.2	0.28	0.300027201015505	0.377456433073786	0.329110684580934
LC_k1_0.2_k2_0.28	290	0.826699813151249	0.812496355895822	0.916441257660723	0.2	0.28	0.300027201015505	0.377456433073786	0.329110684580934
LC_k1_0.2_k2_0.28	300	0.820331781464238	0.809963666262959	0.916441257660723	0.2	0.28	0.300027201015505	0.377456433073786	0.329110684580934
LC_k1_0.2_k2_0.36	10	-0.103030303030303	-0.115151515151515	0.115151515151515	0.2	0.36	0.276543657629885	0.351872450871339	0.303007037747921
LC_k1_0.2_k2_0.36	20	0.172932330827068	0.306766917293233	0.290225563909774	0.2	0.36	0.276543657629885	0.351872450871339	0.303007037747921
LC_k1_0.2_k2_0.36	30	0.594660734149055	0.664516129032258	0.437152391546162	0.2	0.36	0.276543657629885	0.351872450871339	0.303007037747921
LC_k1_0.2_k2_0.36	40	0.672983114446529	0.706191369606004	0.550093808630394	0.2	0.36	0.276543657629885	0.351872450871339	0.303007037747921
LC_k1_0.2_k2_0.36	50	0.785834333733494	0.794861944777911	0.654261704681873	0.2	0.36	0.276543657629885	0.351872450871339	0.303007037747921
LC_k1_0.2_k2_0.36	60	0.801555987774382	0.807835509863851	0.738205056960267	0.2	0.36	0.276543657629885	0.351872450871339	0.303007037747921
LC_k1_0.2_k2_0.36	70	0.813769573965532	0.807295949610708	0.783466013472137	0.2	0.36	0.276543657629885	0.351872450871339	0.303007037747921
LC_k1_0.2_k2_0.36	80	0.82920768870136	0.824706985466479	0.808157524613221	0.2	0.36	0.276543657629885	0.351872450871339	0.303007037747921
LC_k1_0.2_k2_0.36	90	0.785850104951229	0.77574186113512	0.823665473103675	0.2	0.36	0.276543657629885	0.351872450871339	0.303007037747921
LC_k1_0.2_k2_0.36	100	0.808772877287729	0.802136213621362	0.84028802880288	0.2	0.36	0.276543657629885	0.351872450871339	0.303007037747921
LC_k1_0.2_k2_0.36	110	0.84173297567793	0.836647656831143	0.873083425377003	0.2	0.36	0.276543657629885	0.351872450871339	0.303007037747921
LC_k1_0.2_k2_0.36	120	0.860427807486631	0.85546912980068	0.897791513299535	0.2	0.36	0.276543657629885	0.351872450871339	0.303007037747921
LC_k1_0.2_k2_0.36	130	0.879796255581805	0.875169673216895	0.905933441669284	0.2	0.36	0.276543657629885	0.351872450871339	0.303007037747921
LC_k1_0.2_k2_0.36	140	0.88626533423717	0.880973519057095	0.909728630469485	0.2	0.36	0.276543657629885	0.351872450871339	0.303007037747921
LC_k1_0.2_k2_0.36	150	0.878309258189253	0.870508022578781	0.916078047913241	0.2	0.36	0.276543657629885	0.351872450871339	0.303007037747921
LC_k1_0.2_k2_0.36	160	0.884609750380874	0.87646783077464	0.912510254306809	0.2	0.36	0.276543657629885	0.351872450871339	0.303007037747921
LC_k1_0.2_k2_0.36	170	0.880074010295492	0.871324674373019	0.917106026465398	0.2	0.36	0.276543657629885	0.351872450871339	0.303007037747921
LC_k1_0.2_k2_0.36	180	0.878599133718119	0.864956737347861	0.913962365093573	0.2	0.36	0.276543657629885	0.351872450871339	0.303007037747921
LC_k1_0.2_k2_0.36	190	0.878229605427181	0.865636167206848	0.902207525795291	0.2	0.36	0.276543657629885	0.351872450871339	0.303007037747921
LC_k1_0.2_k2_0.36	200	0.876866421660542	0.86062401560039	0.900178504462612	0.2	0.36	0.276543657629885	0.351872450871339	0.303007037747921
LC_k1_0.2_k2_0.36	210	0.864232749041928	0.852102898348845	0.90014026881076	0.2	0.36	0.276543657629885	0.351872450871339	0.303007037747921
LC_k1_0.2_k2_0.36	220	0.851856443314945	0.841153367180765	0.899308588269104	0.2	0.36	0.276543657629885	0.351872450871339	0.303007037747921
LC_k1_0.2_k2_0.36	230	0.841751261838598	0.833656755243997	0.8997344406116	0.2	0.36	0.276543657629885	0.351872450871339	0.303007037747921
LC_k1_0.2_k2_0.36	240	0.836777548221323	0.827093352315144	0.909749301203146	0.2	0.36	0.276543657629885	0.351872450871339	0.303007037747921
LC_k1_0.2_k2_0.36	240	0.836777548221323	0.827093352315144	0.909749301203146	0.2	0.36	0.276543657629885	0.351872450871339	0.303007037747921
LC_k1_0.2_k2_0.36	250	0.82966409062545	0.819583161330581	0.909749301203146	0.2	0.36	0.276543657629885	0.351872450871339	0.303007037747921
LC_k1_0.2_k2_0.36	260	0.828310614517511	0.821947297809367	0.909749301203146	0.2	0.36	0.276543657629885	0.351872450871339	0.303007037747921
LC_k1_0.2_k2_0.36	270	0.824070136612147	0.81586761592523	0.909749301203146	0.2	0.36	0.276543657629885	0.351872450871339	0.303007037747921
LC_k1_0.2_k2_0.36	280	0.81755087983994	0.806906429200081	0.909749301203146	0.2	0.36	0.276543657629885	0.351872450871339	0.303007037747921
LC_k1_0.2_k2_0.36	290	0.813252607456483	0.801236227746363	0.909749301203146	0.2	0.36	0.276543657629885	0.351872450871339	0.303007037747921
LC_k1_0.2_k2_0.36	300	0.81003122256914	0.799097767752975	0.909749301203146	0.2	0.36	0.276543657629885	0.351872450871339	0.303007037747921
LC_k1_0.2_k2_0.44	10	0.6	0.563636363636364	0.660606060606061	0.2	0.44	0.243811768972708	0.310159436410827	0.27191298784389
LC_k1_0.2_k2_0.44	20	0.506766917293233	0.571428571428571	0.590977443609023	0.2	0.44	0.243811768972708	0.310159436410827	0.27191298784389
LC_k1_0.2_k2_0.44	30	0.754393770856507	0.768631813125695	0.753948832035595	0.2	0.44	0.243811768972708	0.310159436410827	0.27191298784389
LC_k1_0.2_k2_0.44	40	0.795872420262664	0.808818011257036	0.75891181988743	0.2	0.44	0.243811768972708	0.310159436410827	0.27191298784389
LC_k1_0.2_k2_0.44	50	0.838175270108043	0.851428571428571	0.752509003601441	0.2	0.44	0.243811768972708	0.310159436410827	0.27191298784389
LC_k1_0.2_k2_0.44	60	0.829341483745485	0.840844679077522	0.754931925534871	0.2	0.44	0.243811768972708	0.310159436410827	0.27191298784389
LC_k1_0.2_k2_0.44	70	0.861499431370834	0.866888286239174	0.792319132184411	0.2	0.44	0.243811768972708	0.310159436410827	0.27191298784389
LC_k1_0.2_k2_0.44	80	0.869338959212377	0.878574777308955	0.831669010782935	0.2	0.44	0.243811768972708	0.310159436410827	0.27191298784389
LC_k1_0.2_k2_0.44	90	0.894587809194551	0.898324896077705	0.848080009877763	0.2	0.44	0.243811768972708	0.310159436410827	0.27191298784389
LC_k1_0.2_k2_0.44	100	0.902550255025503	0.905766576657666	0.877575757575758	0.2	0.44	0.243811768972708	0.310159436410827	0.27191298784389
LC_k1_0.2_k2_0.44	110	0.915713545071343	0.917597998331943	0.87776300069878	0.2	0.44	0.243811768972708	0.310159436410827	0.27191298784389
LC_k1_0.2_k2_0.44	120	0.919390235433016	0.919265226751858	0.893478713799569	0.2	0.44	0.243811768972708	0.310159436410827	0.27191298784389
LC_k1_0.2_k2_0.44	130	0.9224187138975	0.921927105381748	0.91077305439102	0.2	0.44	0.243811768972708	0.310159436410827	0.27191298784389
LC_k1_0.2_k2_0.44	140	0.920334127834511	0.916380573352868	0.914950471233955	0.2	0.44	0.243811768972708	0.310159436410827	0.27191298784389
LC_k1_0.2_k2_0.44	150	0.926183385928264	0.922318325258901	0.916849637761678	0.2	0.44	0.243811768972708	0.310159436410827	0.27191298784389
LC_k1_0.2_k2_0.44	160	0.923778272588773	0.918929450369155	0.923429626157272	0.2	0.44	0.243811768972708	0.310159436410827	0.27191298784389
LC_k1_0.2_k2_0.44	170	0.924995572816483	0.914504674495148	0.922501694542657	0.2	0.44	0.243811768972708	0.310159436410827	0.27191298784389
LC_k1_0.2_k2_0.44	180	0.914091998724241	0.905943599082276	0.921495519409035	0.2	0.44	0.243811768972708	0.310159436410827	0.27191298784389
LC_k1_0.2_k2_0.44	190	0.904112812572443	0.892588364453892	0.909576734156508	0.2	0.44	0.243811768972708	0.310159436410827	0.27191298784389
LC_k1_0.2_k2_0.44	200	0.894664366609165	0.884101102527563	0.901204530113253	0.2	0.44	0.243811768972708	0.310159436410827	0.27191298784389
LC_k1_0.2_k2_0.44	210	0.882077015027875	0.871127625181005	0.893167645524842	0.2	0.44	0.243811768972708	0.310159436410827	0.27191298784389
LC_k1_0.2_k2_0.44	220	0.867828223347966	0.85845725587869	0.894784828386762	0.2	0.44	0.243811768972708	0.310159436410827	0.27191298784389
LC_k1_0.2_k2_0.44	230	0.858372271358791	0.845660927263358	0.897466953020399	0.2	0.44	0.243811768972708	0.310159436410827	0.27191298784389
LC_k1_0.2_k2_0.44	240	0.852528689734197	0.840156079098595	0.905402871577631	0.2	0.44	0.243811768972708	0.310159436410827	0.27191298784389
LC_k1_0.2_k2_0.44	240	0.852528689734197	0.840156079098595	0.905402871577631	0.2	0.44	0.243811768972708	0.310159436410827	0.27191298784389
LC_k1_0.2_k2_0.44	250	0.842888494215907	0.832426630826093	0.905402871577631	0.2	0.44	0.243811768972708	0.310159436410827	0.27191298784389
LC_k1_0.2_k2_0.44	260	0.835974587698726	0.825334466713777	0.905402871577631	0.2	0.44	0.243811768972708	0.310159436410827	0.27191298784389
LC_k1_0.2_k2_0.44	270	0.83167030183313	0.818152055126499	0.905402871577631	0.2	0.44	0.243811768972708	0.310159436410827	0.27191298784389
LC_k1_0.2_k2_0.44	280	0.811844356615336	0.802340773297036	0.905402871577631	0.2	0.44	0.243811768972708	0.310159436410827	0.27191298784389
LC_k1_0.2_k2_0.44	290	0.825453006739594	0.813062683512166	0.905402871577631	0.2	0.44	0.243811768972708	0.310159436410827	0.27191298784389
LC_k1_0.2_k2_0.44	300	0.815916621295792	0.800971121901354	0.905402871577631	0.2	0.44	0.243811768972708	0.310159436410827	0.27191298784389
LC_k1_0.2_k2_0.52	10	0.248484848484848	0.309090909090909	0.0181818181818182	0.2	0.52	0.213709311814308	0.272895810159436	0.238643634037108
LC_k1_0.2_k2_0.52	20	0.308270676691729	0.410526315789474	0.195488721804511	0.2	0.52	0.213709311814308	0.272895810159436	0.238643634037108
LC_k1_0.2_k2_0.52	30	0.672969966629588	0.721023359288098	0.646273637374861	0.2	0.52	0.213709311814308	0.272895810159436	0.238643634037108
LC_k1_0.2_k2_0.52	40	0.75609756097561	0.798499061913696	0.645590994371482	0.2	0.52	0.213709311814308	0.272895810159436	0.238643634037108
LC_k1_0.2_k2_0.52	50	0.811572629051621	0.844033613445378	0.706602641056423	0.2	0.52	0.213709311814308	0.272895810159436	0.238643634037108
LC_k1_0.2_k2_0.52	60	0.830619616560156	0.85212559044179	0.757377049180328	0.2	0.52	0.213709311814308	0.272895810159436	0.238643634037108
LC_k1_0.2_k2_0.52	70	0.851036654710874	0.867028256495495	0.795643425772023	0.2	0.52	0.213709311814308	0.272895810159436	0.238643634037108
LC_k1_0.2_k2_0.52	80	0.862119081106423	0.873886544772621	0.83314580403188	0.2	0.52	0.213709311814308	0.272895810159436	0.238643634037108
LC_k1_0.2_k2_0.52	90	0.884858212948101	0.896859694612504	0.844030127176195	0.2	0.52	0.213709311814308	0.272895810159436	0.238643634037108
LC_k1_0.2_k2_0.52	100	0.903462346234624	0.91050705070507	0.873771377137714	0.2	0.52	0.213709311814308	0.272895810159436	0.238643634037108
LC_k1_0.2_k2_0.52	110	0.917480783535829	0.922124292766494	0.88790658882402	0.2	0.52	0.213709311814308	0.272895810159436	0.238643634037108
LC_k1_0.2_k2_0.52	120	0.923161330647962	0.924786443503021	0.903514132925898	0.2	0.52	0.213709311814308	0.272895810159436	0.238643634037108
LC_k1_0.2_k2_0.52	130	0.926286034221415	0.926679321034017	0.920343033497658	0.2	0.52	0.213709311814308	0.272895810159436	0.238643634037108
LC_k1_0.2_k2_0.52	140	0.928005073145131	0.926972950514968	0.923741007194245	0.2	0.52	0.213709311814308	0.272895810159436	0.238643634037108
LC_k1_0.2_k2_0.52	150	0.92902795679808	0.926634961553847	0.927267878572381	0.2	0.52	0.213709311814308	0.272895810159436	0.238643634037108
LC_k1_0.2_k2_0.52	160	0.929277510840267	0.924868158912457	0.928905425993203	0.2	0.52	0.213709311814308	0.272895810159436	0.238643634037108
LC_k1_0.2_k2_0.52	170	0.925584235562802	0.917394251378533	0.930965248136003	0.2	0.52	0.213709311814308	0.272895810159436	0.238643634037108
LC_k1_0.2_k2_0.52	180	0.918555099437225	0.911645421154974	0.926608845952036	0.2	0.52	0.213709311814308	0.272895810159436	0.238643634037108
LC_k1_0.2_k2_0.52	190	0.909179580714439	0.901619668718043	0.923552336338228	0.2	0.52	0.213709311814308	0.272895810159436	0.238643634037108
LC_k1_0.2_k2_0.52	200	0.904345608640216	0.895946898672467	0.916306907672692	0.2	0.52	0.213709311814308	0.272895810159436	0.238643634037108
LC_k1_0.2_k2_0.52	210	0.897564246678739	0.8906266096089	0.913105901332392	0.2	0.52	0.213709311814308	0.272895810159436	0.238643634037108
LC_k1_0.2_k2_0.52	220	0.891451175738041	0.882577213278261	0.91341857175862	0.2	0.52	0.213709311814308	0.272895810159436	0.238643634037108
LC_k1_0.2_k2_0.52	230	0.883873862989109	0.875485441082555	0.906021072149798	0.2	0.52	0.213709311814308	0.272895810159436	0.238643634037108
LC_k1_0.2_k2_0.52	240	0.875955311724162	0.869999479157624	0.90614159968055	0.2	0.52	0.213709311814308	0.272895810159436	0.238643634037108
LC_k1_0.2_k2_0.52	240	0.875955311724162	0.869999479157624	0.90614159968055	0.2	0.52	0.213709311814308	0.272895810159436	0.238643634037108
LC_k1_0.2_k2_0.52	250	0.861213267412279	0.854495463927423	0.90614159968055	0.2	0.52	0.213709311814308	0.272895810159436	0.238643634037108
LC_k1_0.2_k2_0.52	260	0.842248462938118	0.839761853554957	0.90614159968055	0.2	0.52	0.213709311814308	0.272895810159436	0.238643634037108
LC_k1_0.2_k2_0.52	270	0.843132736160075	0.836626321653551	0.90614159968055	0.2	0.52	0.213709311814308	0.272895810159436	0.238643634037108
LC_k1_0.2_k2_0.52	280	0.846453034204154	0.84038899913082	0.90614159968055	0.2	0.52	0.213709311814308	0.272895810159436	0.238643634037108
LC_k1_0.2_k2_0.52	290	0.844344042796852	0.835673965535693	0.90614159968055	0.2	0.52	0.213709311814308	0.272895810159436	0.238643634037108
LC_k1_0.2_k2_0.52	300	0.835286614295714	0.826064734052601	0.90614159968055	0.2	0.52	0.213709311814308	0.272895810159436	0.238643634037108
LC_k1_0.2_k2_0.6	10	0.345454545454545	0.36969696969697	0.103030303030303	0.2	0.6	0.178166651554991	0.224879495736003	0.204606525911708
LC_k1_0.2_k2_0.6	20	0.303759398496241	0.368421052631579	0.305263157894737	0.2	0.6	0.178166651554991	0.224879495736003	0.204606525911708
LC_k1_0.2_k2_0.6	30	0.675639599555061	0.725472747497219	0.595550611790879	0.2	0.6	0.178166651554991	0.224879495736003	0.204606525911708
LC_k1_0.2_k2_0.6	40	0.769418386491557	0.795872420262664	0.626829268292683	0.2	0.6	0.178166651554991	0.224879495736003	0.204606525911708
LC_k1_0.2_k2_0.6	50	0.833661464585834	0.860072028811525	0.6984393757503	0.2	0.6	0.178166651554991	0.224879495736003	0.204606525911708
LC_k1_0.2_k2_0.6	60	0.848958043901084	0.861016949152543	0.740983606557377	0.2	0.6	0.178166651554991	0.224879495736003	0.204606525911708
LC_k1_0.2_k2_0.6	70	0.86307409675444	0.871892222902633	0.774122998862742	0.2	0.6	0.178166651554991	0.224879495736003	0.204606525911708
LC_k1_0.2_k2_0.6	80	0.873323956868261	0.883169245194562	0.804664791373652	0.2	0.6	0.178166651554991	0.224879495736003	0.204606525911708
LC_k1_0.2_k2_0.6	90	0.887854467629749	0.895196937893567	0.836226694653661	0.2	0.6	0.178166651554991	0.224879495736003	0.204606525911708
LC_k1_0.2_k2_0.6	100	0.908202820282028	0.913915391539154	0.858337833783378	0.2	0.6	0.178166651554991	0.224879495736003	0.204606525911708
LC_k1_0.2_k2_0.6	110	0.919482451592543	0.923855465139869	0.887807407073462	0.2	0.6	0.178166651554991	0.224879495736003	0.204606525911708
LC_k1_0.2_k2_0.6	120	0.930293770400722	0.933314813528717	0.900847281061185	0.2	0.6	0.178166651554991	0.224879495736003	0.204606525911708
LC_k1_0.2_k2_0.6	130	0.932360130549372	0.933534528670335	0.914875254339128	0.2	0.6	0.178166651554991	0.224879495736003	0.204606525911708
LC_k1_0.2_k2_0.6	140	0.930690341343946	0.92856049506899	0.922232183857777	0.2	0.6	0.178166651554991	0.224879495736003	0.204606525911708
LC_k1_0.2_k2_0.6	150	0.931865416240722	0.927683897062092	0.911580070225343	0.2	0.6	0.178166651554991	0.224879495736003	0.204606525911708
LC_k1_0.2_k2_0.6	160	0.934469119887495	0.928410289464432	0.912202625102543	0.2	0.6	0.178166651554991	0.224879495736003	0.204606525911708
LC_k1_0.2_k2_0.6	170	0.915892062212615	0.912301463718468	0.912338102478612	0.2	0.6	0.178166651554991	0.224879495736003	0.204606525911708
LC_k1_0.2_k2_0.6	180	0.909548648620842	0.904200746936634	0.911563114087883	0.2	0.6	0.178166651554991	0.224879495736003	0.204606525911708
LC_k1_0.2_k2_0.6	190	0.900935585035888	0.894369431431983	0.908290796800028	0.2	0.6	0.178166651554991	0.224879495736003	0.204606525911708
LC_k1_0.2_k2_0.6	200	0.891637290932273	0.885950648766219	0.904488112202805	0.2	0.6	0.178166651554991	0.224879495736003	0.204606525911708
LC_k1_0.2_k2_0.6	210	0.884891461743545	0.878811634860525	0.903733482780627	0.2	0.6	0.178166651554991	0.224879495736003	0.204606525911708
LC_k1_0.2_k2_0.6	220	0.865336436327573	0.86015563807667	0.898506167482799	0.2	0.6	0.178166651554991	0.224879495736003	0.204606525911708
LC_k1_0.2_k2_0.6	230	0.866247820908918	0.860641731535979	0.895229054218992	0.2	0.6	0.178166651554991	0.224879495736003	0.204606525911708
LC_k1_0.2_k2_0.6	240	0.847280334728033	0.839046684838278	0.897500824667095	0.2	0.6	0.178166651554991	0.224879495736003	0.204606525911708
LC_k1_0.2_k2_0.6	240	0.847280334728033	0.839046684838278	0.897500824667095	0.2	0.6	0.178166651554991	0.224879495736003	0.204606525911708
LC_k1_0.2_k2_0.6	250	0.844379206067297	0.834142370277925	0.897500824667095	0.2	0.6	0.178166651554991	0.224879495736003	0.204606525911708
LC_k1_0.2_k2_0.6	260	0.831912169843204	0.829646774474361	0.897500824667095	0.2	0.6	0.178166651554991	0.224879495736003	0.204606525911708
LC_k1_0.2_k2_0.6	270	0.829405372120636	0.821594870223795	0.897500824667095	0.2	0.6	0.178166651554991	0.224879495736003	0.204606525911708
LC_k1_0.2_k2_0.6	280	0.820725847450678	0.811836156802292	0.897500824667095	0.2	0.6	0.178166651554991	0.224879495736003	0.204606525911708
LC_k1_0.2_k2_0.6	290	0.823471106097862	0.81703435729073	0.897500824667095	0.2	0.6	0.178166651554991	0.224879495736003	0.204606525911708
LC_k1_0.2_k2_0.6	300	0.818237980422005	0.812263691818798	0.897500824667095	0.2	0.6	0.178166651554991	0.224879495736003	0.204606525911708
LC_k1_0.2_k2_0.68	10	0.43030303030303	0.587878787878788	0.418181818181818	0.2	0.68	0.137999818659897	0.173526140155729	0.159309021113244
LC_k1_0.2_k2_0.68	20	0.654135338345865	0.727819548872181	0.593984962406015	0.2	0.68	0.137999818659897	0.173526140155729	0.159309021113244
LC_k1_0.2_k2_0.68	30	0.693437152391546	0.700111234705228	0.62091212458287	0.2	0.68	0.137999818659897	0.173526140155729	0.159309021113244
LC_k1_0.2_k2_0.68	40	0.8093808630394	0.812382739212008	0.718386491557224	0.2	0.68	0.137999818659897	0.173526140155729	0.159309021113244
LC_k1_0.2_k2_0.68	50	0.785258103241297	0.768067226890756	0.690276110444178	0.2	0.68	0.137999818659897	0.173526140155729	0.159309021113244
LC_k1_0.2_k2_0.68	60	0.788719088635732	0.777716032231175	0.693414837454849	0.2	0.68	0.137999818659897	0.173526140155729	0.159309021113244
LC_k1_0.2_k2_0.68	70	0.780561630653486	0.764325080920304	0.713795818388593	0.2	0.68	0.137999818659897	0.173526140155729	0.159309021113244
LC_k1_0.2_k2_0.68	80	0.798851383028598	0.793694327238631	0.760571964369433	0.2	0.68	0.137999818659897	0.173526140155729	0.159309021113244
LC_k1_0.2_k2_0.68	90	0.838943079392518	0.835041363131251	0.797225994978804	0.2	0.68	0.137999818659897	0.173526140155729	0.159309021113244
LC_k1_0.2_k2_0.68	100	0.828946894689469	0.822142214221422	0.818937893789379	0.2	0.68	0.137999818659897	0.173526140155729	0.159309021113244
LC_k1_0.2_k2_0.68	110	0.854013479701553	0.850650316705363	0.861235714446724	0.2	0.68	0.137999818659897	0.173526140155729	0.159309021113244
LC_k1_0.2_k2_0.68	120	0.872400861170915	0.870900756997014	0.876699770817418	0.2	0.68	0.137999818659897	0.173526140155729	0.159309021113244
LC_k1_0.2_k2_0.68	130	0.895194526758525	0.891993609089295	0.893665078042852	0.2	0.68	0.137999818659897	0.173526140155729	0.159309021113244
LC_k1_0.2_k2_0.68	140	0.903229756620236	0.898991931075201	0.903597122302159	0.2	0.68	0.137999818659897	0.173526140155729	0.159309021113244
LC_k1_0.2_k2_0.68	150	0.902918351926752	0.897104760211565	0.909983554824659	0.2	0.68	0.137999818659897	0.173526140155729	0.159309021113244
LC_k1_0.2_k2_0.68	160	0.891998710887144	0.886150826204149	0.903407359662487	0.2	0.68	0.137999818659897	0.173526140155729	0.159309021113244
LC_k1_0.2_k2_0.68	170	0.888349484920097	0.878481445521217	0.916295088574203	0.2	0.68	0.137999818659897	0.173526140155729	0.159309021113244
LC_k1_0.2_k2_0.68	180	0.889210572342768	0.87789129294114	0.917725855736288	0.2	0.68	0.137999818659897	0.173526140155729	0.159309021113244
LC_k1_0.2_k2_0.68	190	0.893162224934063	0.883711022757592	0.905269281405958	0.2	0.68	0.137999818659897	0.173526140155729	0.159309021113244
LC_k1_0.2_k2_0.68	200	0.890362259056477	0.876183904597615	0.909634740868522	0.2	0.68	0.137999818659897	0.173526140155729	0.159309021113244
LC_k1_0.2_k2_0.68	210	0.884243568853197	0.869334257660524	0.904254388664466	0.2	0.68	0.137999818659897	0.173526140155729	0.159309021113244
LC_k1_0.2_k2_0.68	220	0.871818914365248	0.859570727419237	0.894738621571821	0.2	0.68	0.137999818659897	0.173526140155729	0.159309021113244
LC_k1_0.2_k2_0.68	230	0.861839091229636	0.855679691487552	0.888327962146075	0.2	0.68	0.137999818659897	0.173526140155729	0.159309021113244
LC_k1_0.2_k2_0.68	240	0.849736106529627	0.841766350110245	0.876340735082206	0.2	0.68	0.137999818659897	0.173526140155729	0.159309021113244
LC_k1_0.2_k2_0.68	240	0.849736106529627	0.841766350110245	0.876340735082206	0.2	0.68	0.137999818659897	0.173526140155729	0.159309021113244
LC_k1_0.2_k2_0.68	250	0.825698843181491	0.816398982383718	0.876340735082206	0.2	0.68	0.137999818659897	0.173526140155729	0.159309021113244
LC_k1_0.2_k2_0.68	260	0.818013921462197	0.807477579891373	0.876340735082206	0.2	0.68	0.137999818659897	0.173526140155729	0.159309021113244
LC_k1_0.2_k2_0.68	270	0.818538586872858	0.810792710157585	0.876340735082206	0.2	0.68	0.137999818659897	0.173526140155729	0.159309021113244
LC_k1_0.2_k2_0.68	280	0.814772783180544	0.806006636382024	0.876340735082206	0.2	0.68	0.137999818659897	0.173526140155729	0.159309021113244
LC_k1_0.2_k2_0.68	290	0.808181244518468	0.804167748109679	0.876340735082206	0.2	0.68	0.137999818659897	0.173526140155729	0.159309021113244
LC_k1_0.2_k2_0.68	300	0.795682174246381	0.795268391871021	0.876340735082206	0.2	0.68	0.137999818659897	0.173526140155729	0.159309021113244
LC_k1_0.32_k2_0.04	10	-0.127272727272727	-0.115151515151515	0.00606060606060606	0.32	0.04	0.132740955662345	0.175936225435669	0.151247600767754
LC_k1_0.32_k2_0.04	20	0.100751879699248	0.213533834586466	0.195488721804511	0.32	0.04	0.132740955662345	0.175936225435669	0.151247600767754
LC_k1_0.32_k2_0.04	30	0.598665183537264	0.687652947719689	0.523025583982203	0.32	0.04	0.132740955662345	0.175936225435669	0.151247600767754
LC_k1_0.32_k2_0.04	40	0.737148217636023	0.775797373358349	0.657786116322702	0.32	0.04	0.132740955662345	0.175936225435669	0.151247600767754
LC_k1_0.32_k2_0.04	50	0.804465786314526	0.82953181272509	0.665594237695078	0.32	0.04	0.132740955662345	0.175936225435669	0.151247600767754
LC_k1_0.32_k2_0.04	60	0.833287024173382	0.84584606835232	0.757599333148097	0.32	0.04	0.132740955662345	0.175936225435669	0.151247600767754
LC_k1_0.32_k2_0.04	70	0.843373283177325	0.852296387017759	0.802082057562768	0.32	0.04	0.132740955662345	0.175936225435669	0.151247600767754
LC_k1_0.32_k2_0.04	80	0.84479606188467	0.854289732770745	0.840623534927332	0.32	0.04	0.132740955662345	0.175936225435669	0.151247600767754
LC_k1_0.32_k2_0.04	90	0.862452154586986	0.872461620776228	0.85198172613903	0.32	0.04	0.132740955662345	0.175936225435669	0.151247600767754
LC_k1_0.32_k2_0.04	100	0.88982898289829	0.898157815781578	0.886912691269127	0.32	0.04	0.132740955662345	0.175936225435669	0.151247600767754
LC_k1_0.32_k2_0.04	110	0.908788855577846	0.914261884904086	0.900376439825981	0.32	0.04	0.132740955662345	0.175936225435669	0.151247600767754
LC_k1_0.32_k2_0.04	120	0.919765261476491	0.923168275574693	0.91174387110216	0.32	0.04	0.132740955662345	0.175936225435669	0.151247600767754
LC_k1_0.32_k2_0.04	130	0.919463600486146	0.918687951494626	0.919550997555613	0.32	0.04	0.132740955662345	0.175936225435669	0.151247600767754
LC_k1_0.32_k2_0.04	140	0.919048347947782	0.916231877719709	0.928459906846559	0.32	0.04	0.132740955662345	0.175936225435669	0.151247600767754
LC_k1_0.32_k2_0.04	150	0.918609715987377	0.915875372238766	0.930076892306325	0.32	0.04	0.132740955662345	0.175936225435669	0.151247600767754
LC_k1_0.32_k2_0.04	160	0.911851048869096	0.908464197820227	0.934050158209305	0.32	0.04	0.132740955662345	0.175936225435669	0.151247600767754
LC_k1_0.32_k2_0.04	170	0.900200902534792	0.895611287180709	0.927657989386973	0.32	0.04	0.132740955662345	0.175936225435669	0.151247600767754
LC_k1_0.32_k2_0.04	180	0.89960183956295	0.896918629175798	0.927927816702162	0.32	0.04	0.132740955662345	0.175936225435669	0.151247600767754
LC_k1_0.32_k2_0.04	190	0.906838649853255	0.902819876917425	0.922710790938953	0.32	0.04	0.132740955662345	0.175936225435669	0.151247600767754
LC_k1_0.32_k2_0.04	200	0.899959498987475	0.894928373209331	0.919527488187205	0.32	0.04	0.132740955662345	0.175936225435669	0.151247600767754
LC_k1_0.32_k2_0.04	210	0.893855707774391	0.889447444548467	0.917527122416122	0.32	0.04	0.132740955662345	0.175936225435669	0.151247600767754
LC_k1_0.32_k2_0.04	220	0.886165566906904	0.881443455818959	0.911474504544609	0.32	0.04	0.132740955662345	0.175936225435669	0.151247600767754
LC_k1_0.32_k2_0.04	230	0.890104275826699	0.882664667779534	0.908809322441371	0.32	0.04	0.132740955662345	0.175936225435669	0.151247600767754
LC_k1_0.32_k2_0.04	240	0.885634299206583	0.880716679109012	0.910468931752287	0.32	0.04	0.132740955662345	0.175936225435669	0.151247600767754
LC_k1_0.32_k2_0.04	240	0.885634299206583	0.880716679109012	0.910468931752287	0.32	0.04	0.132740955662345	0.175936225435669	0.151247600767754
LC_k1_0.32_k2_0.04	250	0.873451543224692	0.868136130178083	0.910468931752287	0.32	0.04	0.132740955662345	0.175936225435669	0.151247600767754
LC_k1_0.32_k2_0.04	260	0.872061147923217	0.867704460807909	0.910468931752287	0.32	0.04	0.132740955662345	0.175936225435669	0.151247600767754
LC_k1_0.32_k2_0.04	270	0.864341989144798	0.861097317292875	0.910468931752287	0.32	0.04	0.132740955662345	0.175936225435669	0.151247600767754
LC_k1_0.32_k2_0.04	280	0.85902553421782	0.85376617413123	0.910468931752287	0.32	0.04	0.132740955662345	0.175936225435669	0.151247600767754
LC_k1_0.32_k2_0.04	290	0.861589727377955	0.856044538641035	0.910468931752287	0.32	0.04	0.132740955662345	0.175936225435669	0.151247600767754
LC_k1_0.32_k2_0.04	300	0.86090467671863	0.857347748308315	0.910468931752287	0.32	0.04	0.132740955662345	0.175936225435669	0.151247600767754
LC_k1_0.32_k2_0.12	10	0.0909090909090909	0.0666666666666667	0.00606060606060606	0.32	0.12	0.127210082509747	0.168149796069707	0.147792706333973
LC_k1_0.32_k2_0.12	20	0.240601503759399	0.37593984962406	0.341353383458647	0.32	0.12	0.127210082509747	0.168149796069707	0.147792706333973
LC_k1_0.32_k2_0.12	30	0.66273637374861	0.740155728587319	0.586206896551724	0.32	0.12	0.127210082509747	0.168149796069707	0.147792706333973
LC_k1_0.32_k2_0.12	40	0.743714821763602	0.767542213883678	0.676172607879925	0.32	0.12	0.127210082509747	0.168149796069707	0.147792706333973
LC_k1_0.32_k2_0.12	50	0.772388955582233	0.793517406962785	0.74453781512605	0.32	0.12	0.127210082509747	0.168149796069707	0.147792706333973
LC_k1_0.32_k2_0.12	60	0.813225896082245	0.819783273131426	0.771158655181995	0.32	0.12	0.127210082509747	0.168149796069707	0.147792706333973
LC_k1_0.32_k2_0.12	70	0.821537923191322	0.826821800367422	0.808975592686554	0.32	0.12	0.127210082509747	0.168149796069707	0.147792706333973
LC_k1_0.32_k2_0.12	80	0.851758087201125	0.855391467416784	0.843459915611814	0.32	0.12	0.127210082509747	0.168149796069707	0.147792706333973
LC_k1_0.32_k2_0.12	90	0.857447421492365	0.865086224636786	0.872807342470264	0.32	0.12	0.127210082509747	0.168149796069707	0.147792706333973
LC_k1_0.32_k2_0.12	100	0.871947194719472	0.880420042004201	0.890945094509451	0.32	0.12	0.127210082509747	0.168149796069707	0.147792706333973
LC_k1_0.32_k2_0.12	110	0.890990239614093	0.897842796925366	0.903622388026058	0.32	0.12	0.127210082509747	0.168149796069707	0.147792706333973
LC_k1_0.32_k2_0.12	120	0.907514410722967	0.911223001597333	0.913174526008751	0.32	0.12	0.127210082509747	0.168149796069707	0.147792706333973
LC_k1_0.32_k2_0.12	130	0.910652883420503	0.910177661855276	0.923030493383769	0.32	0.12	0.127210082509747	0.168149796069707	0.147792706333973
LC_k1_0.32_k2_0.12	140	0.913997069821347	0.912790011152173	0.930804049769303	0.32	0.12	0.127210082509747	0.168149796069707	0.147792706333973
LC_k1_0.32_k2_0.12	150	0.91232677007867	0.910947153206809	0.931147162096093	0.32	0.12	0.127210082509747	0.168149796069707	0.147792706333973
LC_k1_0.32_k2_0.12	160	0.907122348529239	0.902481542247744	0.931369389429274	0.32	0.12	0.127210082509747	0.168149796069707	0.147792706333973
LC_k1_0.32_k2_0.12	170	0.892108621710908	0.886585939265149	0.925095718760877	0.32	0.12	0.127210082509747	0.168149796069707	0.147792706333973
LC_k1_0.32_k2_0.12	180	0.885130199491754	0.880060084158976	0.928466927991605	0.32	0.12	0.127210082509747	0.168149796069707	0.147792706333973
LC_k1_0.32_k2_0.12	190	0.889369147126105	0.883592051682435	0.919698023418057	0.32	0.12	0.127210082509747	0.168149796069707	0.147792706333973
LC_k1_0.32_k2_0.12	200	0.879612990324758	0.871994299857497	0.915673891847296	0.32	0.12	0.127210082509747	0.168149796069707	0.147792706333973
LC_k1_0.32_k2_0.12	210	0.88016313942979	0.871329767762794	0.918798288266984	0.32	0.12	0.127210082509747	0.168149796069707	0.147792706333973
LC_k1_0.32_k2_0.12	220	0.873329088317001	0.864321013394341	0.904853406062109	0.32	0.12	0.127210082509747	0.168149796069707	0.147792706333973
LC_k1_0.32_k2_0.12	230	0.864064168222133	0.855172736889084	0.907366375792425	0.32	0.12	0.127210082509747	0.168149796069707	0.147792706333973
LC_k1_0.32_k2_0.12	240	0.85926057744058	0.852921925727877	0.906230142884425	0.32	0.12	0.127210082509747	0.168149796069707	0.147792706333973
LC_k1_0.32_k2_0.12	240	0.85926057744058	0.852921925727877	0.906230142884425	0.32	0.12	0.127210082509747	0.168149796069707	0.147792706333973
LC_k1_0.32_k2_0.12	250	0.850500264004224	0.846045024720396	0.906230142884425	0.32	0.12	0.127210082509747	0.168149796069707	0.147792706333973
LC_k1_0.32_k2_0.12	260	0.847644992472579	0.847443578478061	0.906230142884425	0.32	0.12	0.127210082509747	0.168149796069707	0.147792706333973
LC_k1_0.32_k2_0.12	270	0.849751330227057	0.848307018386169	0.906230142884425	0.32	0.12	0.127210082509747	0.168149796069707	0.147792706333973
LC_k1_0.32_k2_0.12	280	0.839913956628456	0.836537273616828	0.906230142884425	0.32	0.12	0.127210082509747	0.168149796069707	0.147792706333973
LC_k1_0.32_k2_0.12	290	0.838474113637007	0.838328472477634	0.906230142884425	0.32	0.12	0.127210082509747	0.168149796069707	0.147792706333973
LC_k1_0.32_k2_0.12	300	0.842077356415071	0.833911487905421	0.906230142884425	0.32	0.12	0.127210082509747	0.168149796069707	0.147792706333973
LC_k1_0.32_k2_0.2	10	-0.175757575757576	-0.175757575757576	-0.151515151515152	0.32	0.2	0.116692356514643	0.152762328513163	0.137811900191939
LC_k1_0.32_k2_0.2	20	-0.0120300751879699	0.0390977443609023	0.0300751879699248	0.32	0.2	0.116692356514643	0.152762328513163	0.137811900191939
LC_k1_0.32_k2_0.2	30	0.556395995550612	0.613348164627364	0.494104560622914	0.32	0.2	0.116692356514643	0.152762328513163	0.137811900191939
LC_k1_0.32_k2_0.2	40	0.732457786116323	0.768480300187617	0.6140712945591	0.32	0.2	0.116692356514643	0.152762328513163	0.137811900191939
LC_k1_0.32_k2_0.2	50	0.805522208883554	0.820120048019208	0.649267707082833	0.32	0.2	0.116692356514643	0.152762328513163	0.137811900191939
LC_k1_0.32_k2_0.2	60	0.83400944706863	0.839010836343429	0.734592942484024	0.32	0.2	0.116692356514643	0.152762328513163	0.137811900191939
LC_k1_0.32_k2_0.2	70	0.845052926253171	0.851071647274954	0.792564080132972	0.32	0.2	0.116692356514643	0.152762328513163	0.137811900191939
LC_k1_0.32_k2_0.2	80	0.863127051101735	0.869362400375059	0.830661040787623	0.32	0.2	0.116692356514643	0.152762328513163	0.137811900191939
LC_k1_0.32_k2_0.2	90	0.872659176029963	0.877416965057414	0.847405029427501	0.32	0.2	0.116692356514643	0.152762328513163	0.137811900191939
LC_k1_0.32_k2_0.2	100	0.888160816081608	0.895541554155416	0.884800480048005	0.32	0.2	0.116692356514643	0.152762328513163	0.137811900191939
LC_k1_0.32_k2_0.2	110	0.905236345603318	0.910078218335099	0.899294457092622	0.32	0.2	0.116692356514643	0.152762328513163	0.137811900191939
LC_k1_0.32_k2_0.2	120	0.912167511632752	0.915056601152857	0.914535731648031	0.32	0.2	0.116692356514643	0.152762328513163	0.137811900191939
LC_k1_0.32_k2_0.2	130	0.911275587540455	0.911630638135165	0.927356648322386	0.32	0.2	0.116692356514643	0.152762328513163	0.137811900191939
LC_k1_0.32_k2_0.2	140	0.923719140189368	0.921838577770003	0.925201723119984	0.32	0.2	0.116692356514643	0.152762328513163	0.137811900191939
LC_k1_0.32_k2_0.2	150	0.920362682785902	0.917425663362816	0.931186274945553	0.32	0.2	0.116692356514643	0.152762328513163	0.137811900191939
LC_k1_0.32_k2_0.2	160	0.918144263447791	0.914373608344076	0.925588890191023	0.32	0.2	0.116692356514643	0.152762328513163	0.137811900191939
LC_k1_0.32_k2_0.2	170	0.91572840908397	0.912760669512277	0.928290618645465	0.32	0.2	0.116692356514643	0.152762328513163	0.137811900191939
LC_k1_0.32_k2_0.2	180	0.912888257868041	0.909600090537774	0.924925666430034	0.32	0.2	0.116692356514643	0.152762328513163	0.137811900191939
LC_k1_0.32_k2_0.2	190	0.90297558905991	0.8976708787676	0.927040988159754	0.32	0.2	0.116692356514643	0.152762328513163	0.137811900191939
LC_k1_0.32_k2_0.2	200	0.901633540838521	0.893401335033376	0.921560039000975	0.32	0.2	0.116692356514643	0.152762328513163	0.137811900191939
LC_k1_0.32_k2_0.2	210	0.895282367918936	0.885920315653416	0.914673802127032	0.32	0.2	0.116692356514643	0.152762328513163	0.137811900191939
LC_k1_0.32_k2_0.2	220	0.887543882386751	0.877660131971172	0.916118852943994	0.32	0.2	0.116692356514643	0.152762328513163	0.137811900191939
LC_k1_0.32_k2_0.2	230	0.877843667629124	0.866880034717513	0.918047928908001	0.32	0.2	0.116692356514643	0.152762328513163	0.137811900191939
LC_k1_0.32_k2_0.2	240	0.86532405076477	0.859880379867706	0.916036736748902	0.32	0.2	0.116692356514643	0.152762328513163	0.137811900191939
LC_k1_0.32_k2_0.2	240	0.86532405076477	0.859880379867706	0.916036736748902	0.32	0.2	0.116692356514643	0.152762328513163	0.137811900191939
LC_k1_0.32_k2_0.2	250	0.860975183602938	0.85737551000816	0.916036736748902	0.32	0.2	0.116692356514643	0.152762328513163	0.137811900191939
LC_k1_0.32_k2_0.2	260	0.857361340119961	0.854525840732737	0.916036736748902	0.32	0.2	0.116692356514643	0.152762328513163	0.137811900191939
LC_k1_0.32_k2_0.2	270	0.860809552333441	0.855907183607152	0.916036736748902	0.32	0.2	0.116692356514643	0.152762328513163	0.137811900191939
LC_k1_0.32_k2_0.2	280	0.866581388611006	0.858304497324128	0.916036736748902	0.32	0.2	0.116692356514643	0.152762328513163	0.137811900191939
LC_k1_0.32_k2_0.2	290	0.864688046231228	0.856861310007786	0.916036736748902	0.32	0.2	0.116692356514643	0.152762328513163	0.137811900191939
LC_k1_0.32_k2_0.2	300	0.855769508550095	0.847301414460161	0.916036736748902	0.32	0.2	0.116692356514643	0.152762328513163	0.137811900191939
