domainDef	Ntopdommks	LFF_Xenium_loose	LFF_Xenium_strict	Xenium_All_srtNMFpred_LCcells	LFF_Visium	k1	k2	looseInDom	strictInDom	nmfpredInDom
LC_k1_0.04_k2_0.04	10	0.636363636363636	0.187878787878788	-0.321212121212121	0.587878787878788	0.04	0.04	0.931675369501726	0.994982078853047	0.999875404933965
LC_k1_0.04_k2_0.04	20	0.724812030075188	0.681203007518797	0.186466165413534	0.736842105263158	0.04	0.04	0.931675369501726	0.994982078853047	0.999875404933965
LC_k1_0.04_k2_0.04	30	0.795328142380423	0.783314794215795	0.381979977753059	0.817575083426029	0.04	0.04	0.931675369501726	0.994982078853047	0.999875404933965
LC_k1_0.04_k2_0.04	40	0.841275797373359	0.827579737335835	0.634146341463415	0.819136960600375	0.04	0.04	0.931675369501726	0.994982078853047	0.999875404933965
LC_k1_0.04_k2_0.04	50	0.794285714285714	0.788331332533013	0.702761104441777	0.797358943577431	0.04	0.04	0.931675369501726	0.994982078853047	0.999875404933965
LC_k1_0.04_k2_0.04	60	0.766824117810503	0.765657126979717	0.711808835787719	0.818616282300639	0.04	0.04	0.931675369501726	0.994982078853047	0.999875404933965
LC_k1_0.04_k2_0.04	70	0.810095354737118	0.807085994226227	0.765514828099029	0.843513253433645	0.04	0.04	0.931675369501726	0.994982078853047	0.999875404933965
LC_k1_0.04_k2_0.04	80	0.817463666197843	0.819034224097515	0.787552742616034	0.857993436474449	0.04	0.04	0.931675369501726	0.994982078853047	0.999875404933965
LC_k1_0.04_k2_0.04	90	0.845989216775734	0.8472568629872	0.827155615919661	0.889237354405894	0.04	0.04	0.931675369501726	0.994982078853047	0.999875404933965
LC_k1_0.04_k2_0.04	100	0.828310831083108	0.831887188718872	0.825454545454545	0.875319531953195	0.04	0.04	0.931675369501726	0.994982078853047	0.999875404933965
LC_k1_0.04_k2_0.04	110	0.805585735860965	0.80875053535604	0.820444965399094	0.888700042828483	0.04	0.04	0.931675369501726	0.994982078853047	0.999875404933965
LC_k1_0.04_k2_0.04	120	0.786679630529898	0.797715119105493	0.810667407458851	0.895187165775401	0.04	0.04	0.931675369501726	0.994982078853047	0.999875404933965
LC_k1_0.04_k2_0.04	130	0.797293422004943	0.810605088148138	0.830094634639282	0.89285119283344	0.04	0.04	0.931675369501726	0.994982078853047	0.999875404933965
LC_k1_0.04_k2_0.04	140	0.809442172705605	0.820401915549627	0.843633421530253	0.882889068684263	0.04	0.04	0.931675369501726	0.994982078853047	0.999875404933965
LC_k1_0.04_k2_0.04	150	0.819135072669897	0.827743455264679	0.85434374861105	0.880702253433486	0.04	0.04	0.931675369501726	0.994982078853047	0.999875404933965
LC_k1_0.04_k2_0.04	160	0.826655338099144	0.830396695183406	0.859486698699168	0.877502050861362	0.04	0.04	0.931675369501726	0.994982078853047	0.999875404933965
LC_k1_0.04_k2_0.04	170	0.815206306751913	0.81457612007743	0.845596936999652	0.865633453630596	0.04	0.04	0.931675369501726	0.994982078853047	0.999875404933965
LC_k1_0.04_k2_0.04	180	0.801973311933496	0.802043272940523	0.835400269555645	0.862886714610533	0.04	0.04	0.931675369501726	0.994982078853047	0.999875404933965
LC_k1_0.04_k2_0.04	190	0.787846579800286	0.786020023881694	0.822698106522852	0.862320723274154	0.04	0.04	0.931675369501726	0.994982078853047	0.999875404933965
LC_k1_0.04_k2_0.04	200	0.786037650941274	0.781254031350784	0.821756543913598	0.852178804470112	0.04	0.04	0.931675369501726	0.994982078853047	0.999875404933965
LC_k1_0.04_k2_0.04	210	0.786651462780173	0.780712876547249	0.822995662357099	0.85423835331543	0.04	0.04	0.931675369501726	0.994982078853047	0.999875404933965
LC_k1_0.04_k2_0.04	220	0.786663135414143	0.777136642567747	0.82000078889684	0.86101553563278	0.04	0.04	0.931675369501726	0.994982078853047	0.999875404933965
LC_k1_0.04_k2_0.04	230	0.780334797156517	0.767995285519493	0.812598413547721	0.864733861164467	0.04	0.04	0.931675369501726	0.994982078853047	0.999875404933965
LC_k1_0.04_k2_0.04	240	0.764121772947447	0.749574645393149	0.798077223562909	0.876284310491501	0.04	0.04	0.931675369501726	0.994982078853047	0.999875404933965
LC_k1_0.04_k2_0.04	250	0.757384918158691	0.742309604953679	0.798406758508136		0.04	0.04	0.931675369501726	0.994982078853047	0.999875404933965
LC_k1_0.04_k2_0.04	260	0.752615138822035	0.734718651960031	0.796610782817679		0.04	0.04	0.931675369501726	0.994982078853047	0.999875404933965
LC_k1_0.04_k2_0.04	270	0.748361126733944	0.727979198007593	0.790847915914103		0.04	0.04	0.931675369501726	0.994982078853047	0.999875404933965
LC_k1_0.04_k2_0.04	280	0.748562572773341	0.726415424394991	0.789097528576348		0.04	0.04	0.931675369501726	0.994982078853047	0.999875404933965
LC_k1_0.04_k2_0.04	290	0.757342639278584	0.734083352502039	0.798412954190689		0.04	0.04	0.931675369501726	0.994982078853047	0.999875404933965
LC_k1_0.04_k2_0.04	300	0.744550050556117	0.719260880676452	0.784156712852365		0.04	0.04	0.931675369501726	0.994982078853047	0.999875404933965
LC_k1_0.04_k2_0.04	365	0.743126377328039	0.718747948660367	0.796383226026163		0.04	0.04	0.931675369501726	0.994982078853047	0.999875404933965
LC_k1_0.04_k2_0.12	10	0.636363636363636	0.187878787878788	-0.321212121212121	0.587878787878788	0.04	0.12	0.916983803876449	0.990501792114695	0.999501619735858
LC_k1_0.04_k2_0.12	20	0.643609022556391	0.64812030075188	0.0406015037593985	0.726315789473684	0.04	0.12	0.916983803876449	0.990501792114695	0.999501619735858
LC_k1_0.04_k2_0.12	30	0.798442714126808	0.799332591768632	0.38642936596218	0.81979977753059	0.04	0.12	0.916983803876449	0.990501792114695	0.999501619735858
LC_k1_0.04_k2_0.12	40	0.809756097560976	0.816322701688556	0.618386491557224	0.776735459662289	0.04	0.12	0.916983803876449	0.990501792114695	0.999501619735858
LC_k1_0.04_k2_0.12	50	0.787947178871549	0.77795918367347	0.689411764705882	0.800912364945978	0.04	0.12	0.916983803876449	0.990501792114695	0.999501619735858
LC_k1_0.04_k2_0.12	60	0.785607113086969	0.7707696582384	0.726368435676577	0.80200055570992	0.04	0.12	0.916983803876449	0.990501792114695	0.999501619735858
LC_k1_0.04_k2_0.12	70	0.797707987052751	0.790184585775523	0.753407400927303	0.83955909369259	0.04	0.12	0.916983803876449	0.990501792114695	0.999501619735858
LC_k1_0.04_k2_0.12	80	0.830965775902485	0.826558837318331	0.803141115799344	0.860759493670886	0.04	0.12	0.916983803876449	0.990501792114695	0.999501619735858
LC_k1_0.04_k2_0.12	90	0.828653743260485	0.825641025641026	0.811532287936782	0.878898629460427	0.04	0.12	0.916983803876449	0.990501792114695	0.999501619735858
LC_k1_0.04_k2_0.12	100	0.817005700570057	0.822058205820582	0.822658265826583	0.878295829582958	0.04	0.12	0.916983803876449	0.990501792114695	0.999501619735858
LC_k1_0.04_k2_0.12	110	0.81830804950071	0.820120370579086	0.82984018213376	0.894677997430291	0.04	0.12	0.916983803876449	0.990501792114695	0.999501619735858
LC_k1_0.04_k2_0.12	120	0.801923744704493	0.809132578651295	0.82532120286131	0.89748593652337	0.04	0.12	0.916983803876449	0.990501792114695	0.999501619735858
LC_k1_0.04_k2_0.12	130	0.819344795094839	0.826888254653211	0.846934957462208	0.898226112605662	0.04	0.12	0.916983803876449	0.990501792114695	0.999501619735858
LC_k1_0.04_k2_0.12	140	0.807382300846253	0.821014191686165	0.843712142747808	0.896118606634449	0.04	0.12	0.916983803876449	0.990501792114695	0.999501619735858
LC_k1_0.04_k2_0.12	150	0.812009422641006	0.81683808169252	0.848270589803991	0.88889106182497	0.04	0.12	0.916983803876449	0.990501792114695	0.999501619735858
LC_k1_0.04_k2_0.12	160	0.809469119887496	0.810397867104184	0.842444040782843	0.885415445915856	0.04	0.12	0.916983803876449	0.990501792114695	0.999501619735858
LC_k1_0.04_k2_0.12	170	0.812990883055184	0.810064667411655	0.846759606988233	0.87872081875416	0.04	0.12	0.916983803876449	0.990501792114695	0.999501619735858
LC_k1_0.04_k2_0.12	180	0.805448727841394	0.800386843215326	0.843303805673015	0.868572075269813	0.04	0.12	0.916983803876449	0.990501792114695	0.999501619735858
LC_k1_0.04_k2_0.12	190	0.812498086402744	0.804934675257078	0.851455864792872	0.871369523284652	0.04	0.12	0.916983803876449	0.990501792114695	0.999501619735858
LC_k1_0.04_k2_0.12	200	0.808322208055202	0.799129978249456	0.841668041701043	0.863661591539789	0.04	0.12	0.916983803876449	0.990501792114695	0.999501619735858
LC_k1_0.04_k2_0.12	210	0.796962030237161	0.790475326619003	0.832508025773179	0.86632414729197	0.04	0.12	0.916983803876449	0.990501792114695	0.999501619735858
LC_k1_0.04_k2_0.12	220	0.797499197015716	0.788921634368854	0.83197849692612	0.870558933411472	0.04	0.12	0.916983803876449	0.990501792114695	0.999501619735858
LC_k1_0.04_k2_0.12	230	0.791056788284812	0.781522293920243	0.826659006457753	0.871208874664352	0.04	0.12	0.916983803876449	0.990501792114695	0.999501619735858
LC_k1_0.04_k2_0.12	240	0.776520425701835	0.769374468306741	0.81546207399434	0.881763572284241	0.04	0.12	0.916983803876449	0.990501792114695	0.999501619735858
LC_k1_0.04_k2_0.12	250	0.768114049824797	0.754675370805933	0.808229635674171		0.04	0.12	0.916983803876449	0.990501792114695	0.999501619735858
LC_k1_0.04_k2_0.12	260	0.762104127621369	0.745752042303766	0.798045260114226		0.04	0.12	0.916983803876449	0.990501792114695	0.999501619735858
LC_k1_0.04_k2_0.12	270	0.757168441572892	0.738038778157298	0.798651101752653		0.04	0.12	0.916983803876449	0.990501792114695	0.999501619735858
LC_k1_0.04_k2_0.12	280	0.754828869901766	0.734528866075187	0.798293345578388		0.04	0.12	0.916983803876449	0.990501792114695	0.999501619735858
LC_k1_0.04_k2_0.12	290	0.753261242599547	0.733054515798499	0.795070095958335		0.04	0.12	0.916983803876449	0.990501792114695	0.999501619735858
LC_k1_0.04_k2_0.12	300	0.749072323025811	0.72607740086001	0.793004811164568		0.04	0.12	0.916983803876449	0.990501792114695	0.999501619735858
LC_k1_0.04_k2_0.12	365	0.753679085343132	0.729949435249233	0.806828092186278		0.04	0.12	0.916983803876449	0.990501792114695	0.999501619735858
LC_k1_0.04_k2_0.2	10	0.612121212121212	0.103030303030303	-0.551515151515151	0.575757575757576	0.04	0.2	0.904150809806178	0.984229390681003	0.997881883877398
LC_k1_0.04_k2_0.2	20	0.784962406015038	0.720300751879699	0.357894736842105	0.75187969924812	0.04	0.2	0.904150809806178	0.984229390681003	0.997881883877398
LC_k1_0.04_k2_0.2	30	0.739265850945495	0.735706340378198	0.34860956618465	0.793548387096774	0.04	0.2	0.904150809806178	0.984229390681003	0.997881883877398
LC_k1_0.04_k2_0.2	40	0.760225140712946	0.755534709193246	0.588367729831145	0.75609756097561	0.04	0.2	0.904150809806178	0.984229390681003	0.997881883877398
LC_k1_0.04_k2_0.2	50	0.793997599039616	0.778535414165666	0.691620648259304	0.805714285714286	0.04	0.2	0.904150809806178	0.984229390681003	0.997881883877398
LC_k1_0.04_k2_0.2	60	0.796387885523757	0.778382884134482	0.724756876910253	0.798499583217561	0.04	0.2	0.904150809806178	0.984229390681003	0.997881883877398
LC_k1_0.04_k2_0.2	70	0.816778934476424	0.807470912431108	0.776012597323069	0.829446242673432	0.04	0.2	0.904150809806178	0.984229390681003	0.997881883877398
LC_k1_0.04_k2_0.2	80	0.834950773558369	0.834435067979372	0.811744022503516	0.856071261134552	0.04	0.2	0.904150809806178	0.984229390681003	0.997881883877398
LC_k1_0.04_k2_0.2	90	0.81951681277524	0.823138659093715	0.822974029715603	0.875441412520064	0.04	0.2	0.904150809806178	0.984229390681003	0.997881883877398
LC_k1_0.04_k2_0.2	100	0.815397539753976	0.824866486648665	0.834539453945395	0.879399939994	0.04	0.2	0.904150809806178	0.984229390681003	0.997881883877398
LC_k1_0.04_k2_0.2	110	0.813258796745035	0.828893447242071	0.8418682235196	0.889935306449068	0.04	0.2	0.904150809806178	0.984229390681003	0.997881883877398
LC_k1_0.04_k2_0.2	120	0.813924578095701	0.830196541426488	0.843968331134106	0.904743384957288	0.04	0.2	0.904150809806178	0.984229390681003	0.997881883877398
LC_k1_0.04_k2_0.2	130	0.823348673339797	0.833907331794781	0.850818664736648	0.904092640893635	0.04	0.2	0.904150809806178	0.984229390681003	0.997881883877398
LC_k1_0.04_k2_0.2	140	0.840655135466095	0.84831296057379	0.866921781723558	0.90077627867311	0.04	0.2	0.904150809806178	0.984229390681003	0.997881883877398
LC_k1_0.04_k2_0.2	150	0.84926263389484	0.851822747677675	0.879500422240989	0.893403262367216	0.04	0.2	0.904150809806178	0.984229390681003	0.997881883877398
LC_k1_0.04_k2_0.2	160	0.852144615024024	0.850345716629556	0.880874252900504	0.892552443454822	0.04	0.2	0.904150809806178	0.984229390681003	0.997881883877398
LC_k1_0.04_k2_0.2	170	0.841947716489274	0.840787489084703	0.875337839900831	0.879802883470424	0.04	0.2	0.904150809806178	0.984229390681003	0.997881883877398
LC_k1_0.04_k2_0.2	180	0.841964258156116	0.837853020154943	0.872555737316995	0.87737275841847	0.04	0.2	0.904150809806178	0.984229390681003	0.997881883877398
LC_k1_0.04_k2_0.2	190	0.833911130356432	0.825871834910138	0.8680663263744	0.874716459560769	0.04	0.2	0.904150809806178	0.984229390681003	0.997881883877398
LC_k1_0.04_k2_0.2	200	0.823774094352359	0.81652741318533	0.859971499287482	0.868781219530488	0.04	0.2	0.904150809806178	0.984229390681003	0.997881883877398
LC_k1_0.04_k2_0.2	210	0.817373247854665	0.811741762851765	0.854016773946931	0.870825707094103	0.04	0.2	0.904150809806178	0.984229390681003	0.997881883877398
LC_k1_0.04_k2_0.2	220	0.819271622817151	0.809527619841883	0.849495387770972	0.872462428787973	0.04	0.2	0.904150809806178	0.984229390681003	0.997881883877398
LC_k1_0.04_k2_0.2	230	0.805928114035196	0.796213128052885	0.842217778424348	0.881364733614591	0.04	0.2	0.904150809806178	0.984229390681003	0.997881883877398
LC_k1_0.04_k2_0.2	240	0.798891473810309	0.791827983124707	0.834117779822566	0.893532873834615	0.04	0.2	0.904150809806178	0.984229390681003	0.997881883877398
LC_k1_0.04_k2_0.2	250	0.778450727211635	0.771757500120002	0.817649306388902		0.04	0.2	0.904150809806178	0.984229390681003	0.997881883877398
LC_k1_0.04_k2_0.2	260	0.780761208347415	0.771778144191937	0.818084245670452		0.04	0.2	0.904150809806178	0.984229390681003	0.997881883877398
LC_k1_0.04_k2_0.2	270	0.771517060895516	0.760836835134151	0.812635137503791		0.04	0.2	0.904150809806178	0.984229390681003	0.997881883877398
LC_k1_0.04_k2_0.2	280	0.767172321804396	0.747737671581088	0.804044694447633		0.04	0.2	0.904150809806178	0.984229390681003	0.997881883877398
LC_k1_0.04_k2_0.2	290	0.761310868840541	0.737530521294484	0.797415607467554		0.04	0.2	0.904150809806178	0.984229390681003	0.997881883877398
LC_k1_0.04_k2_0.2	300	0.767468971877465	0.743055811731241	0.802464471827465		0.04	0.2	0.904150809806178	0.984229390681003	0.997881883877398
LC_k1_0.04_k2_0.2	365	0.773801092238101	0.749487812883277	0.822559923795046		0.04	0.2	0.904150809806178	0.984229390681003	0.997881883877398
LC_k1_0.04_k2_0.28	10	0.684848484848485	0.163636363636364	-0.248484848484848	0.539393939393939	0.04	0.28	0.88786618284804	0.976523297491039	0.985920757538002
LC_k1_0.04_k2_0.28	20	0.639097744360902	0.622556390977444	0.186466165413534	0.730827067669173	0.04	0.28	0.88786618284804	0.976523297491039	0.985920757538002
LC_k1_0.04_k2_0.28	30	0.749499443826474	0.747719688542825	0.365962180200222	0.827808676307008	0.04	0.28	0.88786618284804	0.976523297491039	0.985920757538002
LC_k1_0.04_k2_0.28	40	0.8046904315197	0.811069418386492	0.615196998123828	0.769230769230769	0.04	0.28	0.88786618284804	0.976523297491039	0.985920757538002
LC_k1_0.04_k2_0.28	50	0.840864345738295	0.832220888355342	0.736854741896759	0.803985594237695	0.04	0.28	0.88786618284804	0.976523297491039	0.985920757538002
LC_k1_0.04_k2_0.28	60	0.823562100583496	0.807502083912198	0.752597943873298	0.820450125034732	0.04	0.28	0.88786618284804	0.976523297491039	0.985920757538002
LC_k1_0.04_k2_0.28	70	0.85002187035255	0.843443268305485	0.803376782433733	0.853836059837285	0.04	0.28	0.88786618284804	0.976523297491039	0.985920757538002
LC_k1_0.04_k2_0.28	80	0.849413970932958	0.84943741209564	0.822831692451946	0.865002344116268	0.04	0.28	0.88786618284804	0.976523297491039	0.985920757538002
LC_k1_0.04_k2_0.28	90	0.849215952586739	0.85303535415895	0.846318475531959	0.89076840762234	0.04	0.28	0.88786618284804	0.976523297491039	0.985920757538002
LC_k1_0.04_k2_0.28	100	0.829066906690669	0.839411941194119	0.846696669666967	0.896129612961296	0.04	0.28	0.88786618284804	0.976523297491039	0.985920757538002
LC_k1_0.04_k2_0.28	110	0.850596217568695	0.857466807925523	0.866429231566846	0.905768320447219	0.04	0.28	0.88786618284804	0.976523297491039	0.985920757538002
LC_k1_0.04_k2_0.28	120	0.829224251684145	0.845912910618793	0.857677616501146	0.917876241405653	0.04	0.28	0.88786618284804	0.976523297491039	0.985920757538002
LC_k1_0.04_k2_0.28	130	0.837381365306095	0.847503038413743	0.863726119433558	0.91158147728359	0.04	0.28	0.88786618284804	0.976523297491039	0.985920757538002
LC_k1_0.04_k2_0.28	140	0.855940171874659	0.863086309068247	0.881406485753646	0.911486737661543	0.04	0.28	0.88786618284804	0.976523297491039	0.985920757538002
LC_k1_0.04_k2_0.28	150	0.862543224143295	0.863325481132495	0.885929152406774	0.904649984443753	0.04	0.28	0.88786618284804	0.976523297491039	0.985920757538002
LC_k1_0.04_k2_0.28	160	0.864285714285714	0.861771944216571	0.890237899917965	0.896484237665534	0.04	0.28	0.88786618284804	0.976523297491039	0.985920757538002
LC_k1_0.04_k2_0.28	170	0.855929067360361	0.851207552469758	0.887965999230586	0.892384633703996	0.04	0.28	0.88786618284804	0.976523297491039	0.985920757538002
LC_k1_0.04_k2_0.28	180	0.849476835704806	0.845663960821836	0.884582857495602	0.87863617189831	0.04	0.28	0.88786618284804	0.976523297491039	0.985920757538002
LC_k1_0.04_k2_0.28	190	0.850211917227624	0.842492793939474	0.884353116648515	0.873591483070679	0.04	0.28	0.88786618284804	0.976523297491039	0.985920757538002
LC_k1_0.04_k2_0.28	200	0.829090227255682	0.822190054751369	0.864956123903098	0.881132528313208	0.04	0.28	0.88786618284804	0.976523297491039	0.985920757538002
LC_k1_0.04_k2_0.28	210	0.822533066833391	0.812596981467024	0.853485501776846	0.871502107271626	0.04	0.28	0.88786618284804	0.976523297491039	0.985920757538002
LC_k1_0.04_k2_0.28	220	0.819924153203766	0.808522339868029	0.853611175287243	0.87480319841319	0.04	0.28	0.88786618284804	0.976523297491039	0.985920757538002
LC_k1_0.04_k2_0.28	230	0.813658678515333	0.805848224302753	0.851396221018397	0.884485364644848	0.04	0.28	0.88786618284804	0.976523297491039	0.985920757538002
LC_k1_0.04_k2_0.28	240	0.784834806159829	0.778653275230473	0.823536866959496	0.896368860570496	0.04	0.28	0.88786618284804	0.976523297491039	0.985920757538002
LC_k1_0.04_k2_0.28	250	0.786097825565209	0.77900676810829	0.824179714875438		0.04	0.28	0.88786618284804	0.976523297491039	0.985920757538002
LC_k1_0.04_k2_0.28	260	0.781540919471954	0.772671876120152	0.817443817443817		0.04	0.28	0.88786618284804	0.976523297491039	0.985920757538002
LC_k1_0.04_k2_0.28	270	0.772380965445342	0.762548183102649	0.807936399066593		0.04	0.28	0.88786618284804	0.976523297491039	0.985920757538002
LC_k1_0.04_k2_0.28	280	0.771382652475524	0.754592168631889	0.806229671296828		0.04	0.28	0.88786618284804	0.976523297491039	0.985920757538002
LC_k1_0.04_k2_0.28	290	0.77274320782034	0.753766558378857	0.811387810179382		0.04	0.28	0.88786618284804	0.976523297491039	0.985920757538002
LC_k1_0.04_k2_0.28	300	0.766711185679841	0.743612706807853	0.80234669274103		0.04	0.28	0.88786618284804	0.976523297491039	0.985920757538002
LC_k1_0.04_k2_0.28	365	0.775115183491559	0.752445443619933	0.825461042438361		0.04	0.28	0.88786618284804	0.976523297491039	0.985920757538002
LC_k1_0.04_k2_0.36	10	0.612121212121212	0.260606060606061	-0.454545454545455	0.636363636363636	0.04	0.36	0.85945658907868	0.957347670250896	0.943060054821829
LC_k1_0.04_k2_0.36	20	0.78796992481203	0.762406015037594	0.345864661654135	0.706766917293233	0.04	0.36	0.85945658907868	0.957347670250896	0.943060054821829
LC_k1_0.04_k2_0.36	30	0.843826473859844	0.835372636262514	0.474527252502781	0.81979977753059	0.04	0.36	0.85945658907868	0.957347670250896	0.943060054821829
LC_k1_0.04_k2_0.36	40	0.878611632270169	0.844652908067543	0.660037523452158	0.763789868667918	0.04	0.36	0.85945658907868	0.957347670250896	0.943060054821829
LC_k1_0.04_k2_0.36	50	0.883793517406963	0.854789915966387	0.768931572629052	0.799951980792317	0.04	0.36	0.85945658907868	0.957347670250896	0.943060054821829
LC_k1_0.04_k2_0.36	60	0.870464017782718	0.847568769102529	0.783328702417338	0.773659349819394	0.04	0.36	0.85945658907868	0.957347670250896	0.943060054821829
LC_k1_0.04_k2_0.36	70	0.867903070597498	0.863878925728283	0.825737030880938	0.82881637651999	0.04	0.36	0.85945658907868	0.957347670250896	0.943060054821829
LC_k1_0.04_k2_0.36	80	0.8671354899203	0.869503047351149	0.83652133145804	0.85323488045007	0.04	0.36	0.85945658907868	0.957347670250896	0.943060054821829
LC_k1_0.04_k2_0.36	90	0.855356628390336	0.86592583446516	0.857546199119233	0.874618265629502	0.04	0.36	0.85945658907868	0.957347670250896	0.943060054821829
LC_k1_0.04_k2_0.36	100	0.876627662766277	0.884248424842484	0.88051605160516	0.876135613561356	0.04	0.36	0.85945658907868	0.957347670250896	0.943060054821829
LC_k1_0.04_k2_0.36	110	0.873209656695895	0.884336045803936	0.885273764172847	0.899646101480964	0.04	0.36	0.85945658907868	0.957347670250896	0.943060054821829
LC_k1_0.04_k2_0.36	120	0.886061532050837	0.892166122647406	0.897138690186818	0.909125633724564	0.04	0.36	0.85945658907868	0.957347670250896	0.943060054821829
LC_k1_0.04_k2_0.36	130	0.892315885782955	0.895959251116361	0.90161821136435	0.905589315708258	0.04	0.36	0.85945658907868	0.957347670250896	0.943060054821829
LC_k1_0.04_k2_0.36	140	0.885075769171897	0.887616715138528	0.895208939231594	0.905884411012224	0.04	0.36	0.85945658907868	0.957347670250896	0.943060054821829
LC_k1_0.04_k2_0.36	150	0.889083070358683	0.887991466287391	0.900528912396107	0.902993021912085	0.04	0.36	0.85945658907868	0.957347670250896	0.943060054821829
LC_k1_0.04_k2_0.36	160	0.878237431149654	0.875937536622524	0.892918668697996	0.899408180007031	0.04	0.36	0.85945658907868	0.957347670250896	0.943060054821829
LC_k1_0.04_k2_0.36	170	0.869238707628801	0.867641257686507	0.889399796044235	0.883877113598476	0.04	0.36	0.85945658907868	0.957347670250896	0.943060054821829
LC_k1_0.04_k2_0.36	180	0.872277950965565	0.865098717038592	0.893432924884513	0.874689548031318	0.04	0.36	0.85945658907868	0.957347670250896	0.943060054821829
LC_k1_0.04_k2_0.36	190	0.869000599229313	0.861722368749098	0.890618343415257	0.871575973091542	0.04	0.36	0.85945658907868	0.957347670250896	0.943060054821829
LC_k1_0.04_k2_0.36	200	0.858742968574214	0.84995124878122	0.879827495687392	0.872613815345384	0.04	0.36	0.85945658907868	0.957347670250896	0.943060054821829
LC_k1_0.04_k2_0.36	210	0.844790779188385	0.835395036492567	0.867091252474141	0.877637652943215	0.04	0.36	0.85945658907868	0.957347670250896	0.943060054821829
LC_k1_0.04_k2_0.36	220	0.838379831288776	0.828857846424325	0.86163876413675	0.880013298546739	0.04	0.36	0.85945658907868	0.957347670250896	0.943060054821829
LC_k1_0.04_k2_0.36	230	0.839119832132933	0.829898978940179	0.863080834107984	0.887848623751415	0.04	0.36	0.85945658907868	0.957347670250896	0.943060054821829
LC_k1_0.04_k2_0.36	240	0.824752165836212	0.815387419920485	0.851995694369694	0.899169256410701	0.04	0.36	0.85945658907868	0.957347670250896	0.943060054821829
LC_k1_0.04_k2_0.36	250	0.810059040944655	0.799997311956991	0.832634762156194		0.04	0.36	0.85945658907868	0.957347670250896	0.943060054821829
LC_k1_0.04_k2_0.36	260	0.810423686285755	0.795301933232968	0.834503241399793		0.04	0.36	0.85945658907868	0.957347670250896	0.943060054821829
LC_k1_0.04_k2_0.36	270	0.799329666159115	0.779837248186608	0.821833861461291		0.04	0.36	0.85945658907868	0.957347670250896	0.943060054821829
LC_k1_0.04_k2_0.36	280	0.780617281925972	0.763780879129289	0.803178794190159		0.04	0.36	0.85945658907868	0.957347670250896	0.943060054821829
LC_k1_0.04_k2_0.36	290	0.788569383128505	0.769022961854071	0.813407105172844		0.04	0.36	0.85945658907868	0.957347670250896	0.943060054821829
LC_k1_0.04_k2_0.36	300	0.77936154846165	0.76218624651385	0.806531628129202		0.04	0.36	0.85945658907868	0.957347670250896	0.943060054821829
LC_k1_0.04_k2_0.36	365	0.78818971282479	0.767542069428438	0.829580749365164		0.04	0.36	0.85945658907868	0.957347670250896	0.943060054821829
LC_k1_0.04_k2_0.44	10	0.527272727272727	0.393939393939394	-0.224242424242424	0.76969696969697	0.04	0.44	0.820780600053102	0.925806451612903	0.885870919511587
LC_k1_0.04_k2_0.44	20	0.771428571428571	0.768421052631579	0.381954887218045	0.720300751879699	0.04	0.44	0.820780600053102	0.925806451612903	0.885870919511587
LC_k1_0.04_k2_0.44	30	0.843381535038932	0.831813125695217	0.506562847608454	0.808231368186874	0.04	0.44	0.820780600053102	0.925806451612903	0.885870919511587
LC_k1_0.04_k2_0.44	40	0.885178236397749	0.846341463414635	0.689681050656661	0.798311444652908	0.04	0.44	0.820780600053102	0.925806451612903	0.885870919511587
LC_k1_0.04_k2_0.44	50	0.89781512605042	0.860264105642257	0.799855942376951	0.786986794717887	0.04	0.44	0.820780600053102	0.925806451612903	0.885870919511587
LC_k1_0.04_k2_0.44	60	0.868407891080856	0.849069185884968	0.793776048902473	0.801389274798556	0.04	0.44	0.820780600053102	0.925806451612903	0.885870919511587
LC_k1_0.04_k2_0.44	70	0.862374245472837	0.859644825474587	0.82881637651999	0.83959408625667	0.04	0.44	0.820780600053102	0.925806451612903	0.885870919511587
LC_k1_0.04_k2_0.44	80	0.858485700890764	0.858626347866854	0.835982184716362	0.862400375058603	0.04	0.44	0.820780600053102	0.925806451612903	0.885870919511587
LC_k1_0.04_k2_0.44	90	0.869662921348315	0.871720788574721	0.865053298761164	0.878355352512656	0.04	0.44	0.820780600053102	0.925806451612903	0.885870919511587
LC_k1_0.04_k2_0.44	100	0.874515451545155	0.883996399639964	0.881524152415242	0.886960696069607	0.04	0.44	0.820780600053102	0.925806451612903	0.885870919511587
LC_k1_0.04_k2_0.44	110	0.877240042377657	0.886977886977887	0.889773009039064	0.907400311070036	0.04	0.44	0.820780600053102	0.925806451612903	0.885870919511587
LC_k1_0.04_k2_0.44	120	0.881922355719147	0.888895062157094	0.894937148413084	0.914320438919369	0.04	0.44	0.820780600053102	0.925806451612903	0.885870919511587
LC_k1_0.04_k2_0.44	130	0.892567152357673	0.898826967458247	0.906386813967144	0.914542053011785	0.04	0.44	0.820780600053102	0.925806451612903	0.885870919511587
LC_k1_0.04_k2_0.44	140	0.883881830705649	0.886812009359078	0.897238197284118	0.913397913887735	0.04	0.44	0.820780600053102	0.925806451612903	0.885870919511587
LC_k1_0.04_k2_0.44	150	0.885381572514334	0.885370905373572	0.900998266589626	0.909379083514823	0.04	0.44	0.820780600053102	0.925806451612903	0.885870919511587
LC_k1_0.04_k2_0.44	160	0.880021680534396	0.878609515996718	0.895904136880347	0.903600726590882	0.04	0.44	0.820780600053102	0.925806451612903	0.885870919511587
LC_k1_0.04_k2_0.44	170	0.871290478196885	0.869399918173436	0.89216480114313	0.895117885210765	0.04	0.44	0.820780600053102	0.925806451612903	0.885870919511587
LC_k1_0.04_k2_0.44	180	0.870496002963055	0.863905264565779	0.892790929761207	0.879751432657386	0.04	0.44	0.820780600053102	0.925806451612903	0.885870919511587
LC_k1_0.04_k2_0.44	190	0.863087036964138	0.85598726309666	0.885086188420441	0.875040130868183	0.04	0.44	0.820780600053102	0.925806451612903	0.885870919511587
LC_k1_0.04_k2_0.44	200	0.855714392859822	0.846577664441611	0.875370884272107	0.879977499437486	0.04	0.44	0.820780600053102	0.925806451612903	0.885870919511587
LC_k1_0.04_k2_0.44	210	0.852464422581659	0.843126990245973	0.866876152034546	0.885408480270042	0.04	0.44	0.820780600053102	0.925806451612903	0.885870919511587
LC_k1_0.04_k2_0.44	220	0.852816643469343	0.841388909237419	0.869868085178319	0.883620811098652	0.04	0.44	0.820780600053102	0.925806451612903	0.885870919511587
LC_k1_0.04_k2_0.44	230	0.843229715035297	0.834044368390296	0.860964249344732	0.891333196896136	0.04	0.44	0.820780600053102	0.925806451612903	0.885870919511587
LC_k1_0.04_k2_0.44	240	0.837842670879703	0.827630688032778	0.858306567822358	0.902310804007014	0.04	0.44	0.820780600053102	0.925806451612903	0.885870919511587
LC_k1_0.04_k2_0.44	250	0.81996255940095	0.803411894590314	0.838292708683339		0.04	0.44	0.820780600053102	0.925806451612903	0.885870919511587
LC_k1_0.04_k2_0.44	260	0.80923295406054	0.790489162902956	0.82668906117182		0.04	0.44	0.820780600053102	0.925806451612903	0.885870919511587
LC_k1_0.04_k2_0.44	270	0.802945627969291	0.782344217494219	0.821007146874443		0.04	0.44	0.820780600053102	0.925806451612903	0.885870919511587
LC_k1_0.04_k2_0.44	280	0.798400489802166	0.777288704484204	0.815459927513653		0.04	0.44	0.820780600053102	0.925806451612903	0.885870919511587
LC_k1_0.04_k2_0.44	290	0.787568100157819	0.768935872377014	0.807697086069743		0.04	0.44	0.820780600053102	0.925806451612903	0.885870919511587
LC_k1_0.04_k2_0.44	300	0.7838127090301	0.763981822020245	0.805045833842598		0.04	0.44	0.820780600053102	0.925806451612903	0.885870919511587
LC_k1_0.04_k2_0.44	365	0.795184133180989	0.774947868210837	0.832695330719135		0.04	0.44	0.820780600053102	0.925806451612903	0.885870919511587
LC_k1_0.04_k2_0.52	10	0.272727272727273	0.187878787878788	-0.0303030303030303	0.478787878787879	0.04	0.52	0.781308080361094	0.894444444444445	0.831298280588089
LC_k1_0.04_k2_0.52	20	0.610526315789474	0.703759398496241	0.263157894736842	0.654135338345865	0.04	0.52	0.781308080361094	0.894444444444445	0.831298280588089
LC_k1_0.04_k2_0.52	30	0.801557285873192	0.830923248053393	0.514571746384872	0.775305895439377	0.04	0.52	0.781308080361094	0.894444444444445	0.831298280588089
LC_k1_0.04_k2_0.52	40	0.823452157598499	0.839024390243903	0.672983114446529	0.791369606003753	0.04	0.52	0.781308080361094	0.894444444444445	0.831298280588089
LC_k1_0.04_k2_0.52	50	0.849987995198079	0.846530612244898	0.773349339735894	0.778343337334934	0.04	0.52	0.781308080361094	0.894444444444445	0.831298280588089
LC_k1_0.04_k2_0.52	60	0.845734926368436	0.827007502083912	0.786496248958044	0.829063628785774	0.04	0.52	0.781308080361094	0.894444444444445	0.831298280588089
LC_k1_0.04_k2_0.52	70	0.861604409063074	0.861884349575715	0.829831160878313	0.862899133934039	0.04	0.52	0.781308080361094	0.894444444444445	0.831298280588089
LC_k1_0.04_k2_0.52	80	0.863994374120956	0.866408813877168	0.854313173933427	0.880450070323488	0.04	0.52	0.781308080361094	0.894444444444445	0.831298280588089
LC_k1_0.04_k2_0.52	90	0.861958266452648	0.86959706959707	0.864954521134296	0.891097666378565	0.04	0.52	0.781308080361094	0.894444444444445	0.831298280588089
LC_k1_0.04_k2_0.52	100	0.853489348934894	0.863918391839184	0.870471047104711	0.914791479147915	0.04	0.52	0.781308080361094	0.894444444444445	0.831298280588089
LC_k1_0.04_k2_0.52	110	0.847215021526948	0.865329215787931	0.87485066384149	0.922214457994274	0.04	0.52	0.781308080361094	0.894444444444445	0.831298280588089
LC_k1_0.04_k2_0.52	120	0.858823529411765	0.874796860893117	0.88642266824085	0.925550385443433	0.04	0.52	0.781308080361094	0.894444444444445	0.831298280588089
LC_k1_0.04_k2_0.52	130	0.866752242963853	0.87770965054828	0.891802427999836	0.930677736962132	0.04	0.52	0.781308080361094	0.894444444444445	0.831298280588089
LC_k1_0.04_k2_0.52	140	0.879530296735256	0.886449017078131	0.900662570247753	0.919590649668715	0.04	0.52	0.781308080361094	0.894444444444445	0.831298280588089
LC_k1_0.04_k2_0.52	150	0.880040890706254	0.883642828570159	0.901862304991333	0.912415662918352	0.04	0.52	0.781308080361094	0.894444444444445	0.831298280588089
LC_k1_0.04_k2_0.52	160	0.876986405718973	0.874323215750615	0.898488222196179	0.909179069494902	0.04	0.52	0.781308080361094	0.894444444444445	0.831298280588089
LC_k1_0.04_k2_0.52	170	0.878151696679918	0.873227447316516	0.8993655388035	0.90300254639383	0.04	0.52	0.781308080361094	0.894444444444445	0.831298280588089
LC_k1_0.04_k2_0.52	180	0.866448552938877	0.860775538339661	0.889823759992592	0.89443501342634	0.04	0.52	0.781308080361094	0.894444444444445	0.831298280588089
LC_k1_0.04_k2_0.52	190	0.867663924208427	0.857572377715668	0.888065714023278	0.885345125466371	0.04	0.52	0.781308080361094	0.894444444444445	0.831298280588089
LC_k1_0.04_k2_0.52	200	0.843897097427436	0.834344858621466	0.867582689567239	0.887141678541964	0.04	0.52	0.781308080361094	0.894444444444445	0.831298280588089
LC_k1_0.04_k2_0.52	210	0.822310191679112	0.813344649862485	0.84935194513643	0.888289012060526	0.04	0.52	0.781308080361094	0.894444444444445	0.831298280588089
LC_k1_0.04_k2_0.52	220	0.819270495821664	0.809515222891532	0.841788992635085	0.893581197207305	0.04	0.52	0.781308080361094	0.894444444444445	0.831298280588089
LC_k1_0.04_k2_0.52	230	0.80995909349811	0.799713481885496	0.83019585313111	0.897226297530076	0.04	0.52	0.781308080361094	0.894444444444445	0.831298280588089
LC_k1_0.04_k2_0.52	240	0.801789961631278	0.791644820222573	0.825569020295491	0.90780221878852	0.04	0.52	0.781308080361094	0.894444444444445	0.831298280588089
LC_k1_0.04_k2_0.52	250	0.805659866557865	0.791440887054193	0.825779484471751		0.04	0.52	0.781308080361094	0.894444444444445	0.831298280588089
LC_k1_0.04_k2_0.52	260	0.801192097743822	0.783089417572176	0.818535549570032		0.04	0.52	0.781308080361094	0.894444444444445	0.831298280588089
LC_k1_0.04_k2_0.52	270	0.796317888829446	0.777541834897903	0.814639737475441		0.04	0.52	0.781308080361094	0.894444444444445	0.831298280588089
LC_k1_0.04_k2_0.52	280	0.788906199605316	0.768794791478754	0.813369521841569		0.04	0.52	0.781308080361094	0.894444444444445	0.831298280588089
LC_k1_0.04_k2_0.52	290	0.785528139864716	0.764206470944958	0.808259477438536		0.04	0.52	0.781308080361094	0.894444444444445	0.831298280588089
LC_k1_0.04_k2_0.52	300	0.784236269291881	0.762141801575573	0.804526272514139		0.04	0.52	0.781308080361094	0.894444444444445	0.831298280588089
LC_k1_0.04_k2_0.52	365	0.796877768537324	0.777540267951227	0.835586578254443		0.04	0.52	0.781308080361094	0.894444444444445	0.831298280588089
LC_k1_0.04_k2_0.6	10	0.466666666666667	0.0666666666666667	-0.418181818181818	0.478787878787879	0.04	0.6	0.734312771041685	0.847849462365591	0.776102666334413
LC_k1_0.04_k2_0.6	20	0.676691729323308	0.703759398496241	0.193984962406015	0.670676691729323	0.04	0.6	0.734312771041685	0.847849462365591	0.776102666334413
LC_k1_0.04_k2_0.6	30	0.818464961067853	0.817575083426029	0.499888765294772	0.802892102335929	0.04	0.6	0.734312771041685	0.847849462365591	0.776102666334413
LC_k1_0.04_k2_0.6	40	0.857223264540338	0.845028142589118	0.670919324577861	0.777298311444653	0.04	0.6	0.734312771041685	0.847849462365591	0.776102666334413
LC_k1_0.04_k2_0.6	50	0.873325330132053	0.85171668667467	0.772773109243698	0.789483793517407	0.04	0.6	0.734312771041685	0.847849462365591	0.776102666334413
LC_k1_0.04_k2_0.6	60	0.865129202556266	0.847791053070298	0.798444012225618	0.809724923589886	0.04	0.6	0.734312771041685	0.847849462365591	0.776102666334413
LC_k1_0.04_k2_0.6	70	0.868882862391742	0.868987840083982	0.844318082407488	0.850511766249672	0.04	0.6	0.734312771041685	0.847849462365591	0.776102666334413
LC_k1_0.04_k2_0.6	80	0.865752461322082	0.86769807782466	0.852906704172527	0.865494608532583	0.04	0.6	0.734312771041685	0.847849462365591	0.776102666334413
LC_k1_0.04_k2_0.6	90	0.862172284644195	0.875441412520064	0.874848746758859	0.884726509445611	0.04	0.6	0.734312771041685	0.847849462365591	0.776102666334413
LC_k1_0.04_k2_0.6	100	0.883660366036604	0.893801380138014	0.895625562556256	0.895109510951095	0.04	0.6	0.734312771041685	0.847849462365591	0.776102666334413
LC_k1_0.04_k2_0.6	110	0.882875369113901	0.89539931925253	0.89916822577373	0.909032301692852	0.04	0.6	0.734312771041685	0.847849462365591	0.776102666334413
LC_k1_0.04_k2_0.6	120	0.890860476421974	0.897402597402597	0.907576915063546	0.914855198277658	0.04	0.6	0.734312771041685	0.847849462365591	0.776102666334413
LC_k1_0.04_k2_0.6	130	0.885515301315053	0.89026205465048	0.901186688333857	0.917950538720998	0.04	0.6	0.734312771041685	0.847849462365591	0.776102666334413
LC_k1_0.04_k2_0.6	140	0.895488836894011	0.898156611488925	0.910489602239181	0.922114102031445	0.04	0.6	0.734312771041685	0.847849462365591	0.776102666334413
LC_k1_0.04_k2_0.6	150	0.896258500377795	0.895924263300591	0.913756166940753	0.919263967287435	0.04	0.6	0.734312771041685	0.847849462365591	0.776102666334413
LC_k1_0.04_k2_0.6	160	0.884155631079339	0.884680065627564	0.905297081917262	0.91263623579046	0.04	0.6	0.734312771041685	0.847849462365591	0.776102666334413
LC_k1_0.04_k2_0.6	170	0.883745214061957	0.881634821477641	0.904824714065009	0.904993252361674	0.04	0.6	0.734312771041685	0.847849462365591	0.776102666334413
LC_k1_0.04_k2_0.6	180	0.884992335154377	0.879827566694445	0.90819675504388	0.889132380629032	0.04	0.6	0.734312771041685	0.847849462365591	0.776102666334413
LC_k1_0.04_k2_0.6	190	0.879956435591597	0.8737944337283	0.904642933686748	0.883761760421998	0.04	0.6	0.734312771041685	0.847849462365591	0.776102666334413
LC_k1_0.04_k2_0.6	200	0.873233330833271	0.863019575489387	0.898256956423911	0.889294232355809	0.04	0.6	0.734312771041685	0.847849462365591	0.776102666334413
LC_k1_0.04_k2_0.6	210	0.871931012365036	0.859689724094813	0.891407968434658	0.891245995212072	0.04	0.6	0.734312771041685	0.847849462365591	0.776102666334413
LC_k1_0.04_k2_0.6	220	0.86378230955185	0.848641125192294	0.882831914258184	0.890971075660842	0.04	0.6	0.734312771041685	0.847849462365591	0.776102666334413
LC_k1_0.04_k2_0.6	230	0.856978639359501	0.838143402069736	0.873486225185485	0.898946392510091	0.04	0.6	0.734312771041685	0.847849462365591	0.776102666334413
LC_k1_0.04_k2_0.6	240	0.85276480494453	0.834808764041042	0.868455181513568	0.908983662910814	0.04	0.6	0.734312771041685	0.847849462365591	0.776102666334413
LC_k1_0.04_k2_0.6	250	0.833098641578265	0.817805212883406	0.847647098353574		0.04	0.6	0.734312771041685	0.847849462365591	0.776102666334413
LC_k1_0.04_k2_0.6	260	0.820413137654517	0.798269205165757	0.837112064698271		0.04	0.6	0.734312771041685	0.847849462365591	0.776102666334413
LC_k1_0.04_k2_0.6	270	0.820296269877197	0.79949488714218	0.828831061544816		0.04	0.6	0.734312771041685	0.847849462365591	0.776102666334413
LC_k1_0.04_k2_0.6	280	0.80786963390568	0.784838545681159	0.817300512214988		0.04	0.6	0.734312771041685	0.847849462365591	0.776102666334413
LC_k1_0.04_k2_0.6	290	0.799474264936522	0.779299520146822	0.811521642596103		0.04	0.6	0.734312771041685	0.847849462365591	0.776102666334413
LC_k1_0.04_k2_0.6	300	0.801430238113757	0.778977099745553	0.812089467660752		0.04	0.6	0.734312771041685	0.847849462365591	0.776102666334413
LC_k1_0.04_k2_0.6	365	0.812151087179158	0.791039748484168	0.840008341086266		0.04	0.6	0.734312771041685	0.847849462365591	0.776102666334413
LC_k1_0.04_k2_0.68	10	0.260606060606061	0.345454545454545	0.284848484848485	0.636363636363636	0.04	0.68	0.67784759713249	0.790860215053764	0.71355594318465
LC_k1_0.04_k2_0.68	20	0.742857142857143	0.772932330827068	0.517293233082707	0.702255639097744	0.04	0.68	0.67784759713249	0.790860215053764	0.71355594318465
LC_k1_0.04_k2_0.68	30	0.879421579532814	0.877641824249166	0.654282536151279	0.810011123470523	0.04	0.68	0.67784759713249	0.790860215053764	0.71355594318465
LC_k1_0.04_k2_0.68	40	0.872420262664165	0.835272045028143	0.71031894934334	0.80562851782364	0.04	0.68	0.67784759713249	0.790860215053764	0.71355594318465
LC_k1_0.04_k2_0.68	50	0.88436974789916	0.85546218487395	0.801968787515006	0.792845138055222	0.04	0.68	0.67784759713249	0.790860215053764	0.71355594318465
LC_k1_0.04_k2_0.68	60	0.883023061961656	0.857460405668241	0.808724645734927	0.83273131425396	0.04	0.68	0.67784759713249	0.790860215053764	0.71355594318465
LC_k1_0.04_k2_0.68	70	0.884944449304523	0.880185460589625	0.849811914968069	0.826156941649899	0.04	0.68	0.67784759713249	0.790860215053764	0.71355594318465
LC_k1_0.04_k2_0.68	80	0.878691983122363	0.880661040787623	0.864650726676043	0.863994374120956	0.04	0.68	0.67784759713249	0.790860215053764	0.71355594318465
LC_k1_0.04_k2_0.68	90	0.891179981067621	0.896974935177182	0.885483804584928	0.868543441577149	0.04	0.68	0.67784759713249	0.790860215053764	0.71355594318465
LC_k1_0.04_k2_0.68	100	0.907770777077708	0.911191119111911	0.906558655865586	0.881944194419442	0.04	0.68	0.67784759713249	0.790860215053764	0.71355594318465
LC_k1_0.04_k2_0.68	110	0.90679620404391	0.913883190947411	0.911160201068458	0.900719067691545	0.04	0.68	0.67784759713249	0.790860215053764	0.71355594318465
LC_k1_0.04_k2_0.68	120	0.909313146746302	0.912792555038544	0.916063615528856	0.912868949232586	0.04	0.68	0.67784759713249	0.790860215053764	0.71355594318465
LC_k1_0.04_k2_0.68	130	0.910314219776318	0.91326387087083	0.920403118982917	0.910117576370017	0.04	0.68	0.67784759713249	0.790860215053764	0.71355594318465
LC_k1_0.04_k2_0.68	140	0.90557389954298	0.906142441669765	0.917045330301109	0.916577376396755	0.04	0.68	0.67784759713249	0.790860215053764	0.71355594318465
LC_k1_0.04_k2_0.68	150	0.91004755766923	0.907274101071159	0.920874705542469	0.91224854437975	0.04	0.68	0.67784759713249	0.790860215053764	0.71355594318465
LC_k1_0.04_k2_0.68	160	0.90625805695535	0.903656392827845	0.920283018867924	0.909217156920192	0.04	0.68	0.67784759713249	0.790860215053764	0.71355594318465
LC_k1_0.04_k2_0.68	170	0.903127118178321	0.899580486196347	0.919678067427532	0.899959086717839	0.04	0.68	0.67784759713249	0.790860215053764	0.71355594318465
LC_k1_0.04_k2_0.68	180	0.896128481331728	0.893019331872383	0.916978919102441	0.885008796567795	0.04	0.68	0.67784759713249	0.790860215053764	0.71355594318465
LC_k1_0.04_k2_0.68	190	0.886800771562414	0.879513793209026	0.907190314354823	0.877867443477805	0.04	0.68	0.67784759713249	0.790860215053764	0.71355594318465
LC_k1_0.04_k2_0.68	200	0.879854496362409	0.871442286057152	0.90168004200105	0.881939548488712	0.04	0.68	0.67784759713249	0.790860215053764	0.71355594318465
LC_k1_0.04_k2_0.68	210	0.871439909554153	0.861597120763995	0.89419002050581	0.883296349447509	0.04	0.68	0.67784759713249	0.790860215053764	0.71355594318465
LC_k1_0.04_k2_0.68	220	0.872391428072331	0.855745704738453	0.888932340825975	0.885382305043869	0.04	0.68	0.67784759713249	0.790860215053764	0.71355594318465
LC_k1_0.04_k2_0.68	230	0.875564344522006	0.853899432634956	0.890697037915568	0.890842022985558	0.04	0.68	0.67784759713249	0.790860215053764	0.71355594318465
LC_k1_0.04_k2_0.68	240	0.861835274917967	0.840471188735915	0.877543012899529	0.900989600513898	0.04	0.68	0.67784759713249	0.790860215053764	0.71355594318465
LC_k1_0.04_k2_0.68	250	0.844579657274517	0.823296500744012	0.859396150338406		0.04	0.68	0.67784759713249	0.790860215053764	0.71355594318465
LC_k1_0.04_k2_0.68	260	0.828112614319511	0.807470069539035	0.847342530101151		0.04	0.68	0.67784759713249	0.790860215053764	0.71355594318465
LC_k1_0.04_k2_0.68	270	0.81307653968733	0.786171125651777	0.831303889247071		0.04	0.68	0.67784759713249	0.790860215053764	0.71355594318465
LC_k1_0.04_k2_0.68	280	0.808274704670067	0.782109647900028	0.829453181800788		0.04	0.68	0.67784759713249	0.790860215053764	0.71355594318465
LC_k1_0.04_k2_0.68	290	0.793019310984468	0.770895631626273	0.807676420770102		0.04	0.68	0.67784759713249	0.790860215053764	0.71355594318465
LC_k1_0.04_k2_0.68	300	0.78295136612629	0.760446227180302	0.799436882632029		0.04	0.68	0.67784759713249	0.790860215053764	0.71355594318465
LC_k1_0.04_k2_0.68	365	0.810557643569096	0.795251750270839	0.835966369135019		0.04	0.68	0.67784759713249	0.790860215053764	0.71355594318465
LC_k1_0.04_k2_0.76	10	0.490909090909091	0.0666666666666667	-0.36969696969697	0.503030303030303	0.04	0.76	0.616868749446854	0.725985663082437	0.651632195365064
LC_k1_0.04_k2_0.76	20	0.700751879699248	0.700751879699248	0.273684210526316	0.708270676691729	0.04	0.76	0.616868749446854	0.725985663082437	0.651632195365064
LC_k1_0.04_k2_0.76	30	0.871857619577308	0.862068965517241	0.6	0.810011123470523	0.04	0.76	0.616868749446854	0.725985663082437	0.651632195365064
LC_k1_0.04_k2_0.76	40	0.870544090056285	0.850093808630394	0.723452157598499	0.830393996247655	0.04	0.76	0.616868749446854	0.725985663082437	0.651632195365064
LC_k1_0.04_k2_0.76	50	0.859879951980792	0.844513805522209	0.757599039615846	0.801008403361345	0.04	0.76	0.616868749446854	0.725985663082437	0.651632195365064
LC_k1_0.04_k2_0.76	60	0.860350097249236	0.847791053070298	0.799555432064462	0.829285912753543	0.04	0.76	0.616868749446854	0.725985663082437	0.651632195365064
LC_k1_0.04_k2_0.76	70	0.862654185985478	0.86590849444493	0.835185023182574	0.85782521214242	0.04	0.76	0.616868749446854	0.725985663082437	0.651632195365064
LC_k1_0.04_k2_0.76	80	0.874496015002344	0.879137365213315	0.858720112517581	0.886568213783404	0.04	0.76	0.616868749446854	0.725985663082437	0.651632195365064
LC_k1_0.04_k2_0.76	90	0.868345886323415	0.876560892291229	0.874503025064823	0.902490019343952	0.04	0.76	0.616868749446854	0.725985663082437	0.651632195365064
LC_k1_0.04_k2_0.76	100	0.870735073507351	0.885952595259526	0.886816681668167	0.905382538253825	0.04	0.76	0.616868749446854	0.725985663082437	0.651632195365064
LC_k1_0.04_k2_0.76	110	0.871054707751955	0.888095935802358	0.893298469445258	0.917841444446949	0.04	0.76	0.616868749446854	0.725985663082437	0.651632195365064
LC_k1_0.04_k2_0.76	120	0.886860198624904	0.898722133481492	0.906069865962914	0.930022918258212	0.04	0.76	0.616868749446854	0.725985663082437	0.651632195365064
LC_k1_0.04_k2_0.76	130	0.892408745169264	0.89954799328135	0.91038522989526	0.932671482609349	0.04	0.76	0.616868749446854	0.725985663082437	0.651632195365064
LC_k1_0.04_k2_0.76	140	0.903032953576349	0.907445715160394	0.920907043362271	0.933961645273447	0.04	0.76	0.616868749446854	0.725985663082437	0.651632195365064
LC_k1_0.04_k2_0.76	150	0.907562113871728	0.909976443397485	0.924842881905863	0.914559758211476	0.04	0.76	0.616868749446854	0.725985663082437	0.651632195365064
LC_k1_0.04_k2_0.76	160	0.903791163717333	0.903732567678425	0.919708777686628	0.916412750498066	0.04	0.76	0.616868749446854	0.725985663082437	0.651632195365064
LC_k1_0.04_k2_0.76	170	0.903960039325603	0.901673780692595	0.922247665805656	0.906820305200872	0.04	0.76	0.616868749446854	0.725985663082437	0.651632195365064
LC_k1_0.04_k2_0.76	180	0.894163400104942	0.89245758613949	0.914075537310822	0.900229430949515	0.04	0.76	0.616868749446854	0.725985663082437	0.651632195365064
LC_k1_0.04_k2_0.76	190	0.884608554545176	0.877039894675607	0.909352788603271	0.890233436995631	0.04	0.76	0.616868749446854	0.725985663082437	0.651632195365064
LC_k1_0.04_k2_0.76	200	0.882539563489087	0.867753693842346	0.901411535288382	0.896714917872947	0.04	0.76	0.616868749446854	0.725985663082437	0.651632195365064
LC_k1_0.04_k2_0.76	210	0.874056101045375	0.858663461756502	0.894603376169852	0.898607354232198	0.04	0.76	0.616868749446854	0.725985663082437	0.651632195365064
LC_k1_0.04_k2_0.76	220	0.845765032711044	0.832256864811257	0.867572395372557	0.898492643536963	0.04	0.76	0.616868749446854	0.725985663082437	0.651632195365064
LC_k1_0.04_k2_0.76	230	0.835034606555396	0.821079546995628	0.85834662774097	0.902072941298307	0.04	0.76	0.616868749446854	0.725985663082437	0.651632195365064
LC_k1_0.04_k2_0.76	240	0.834482369485581	0.819210402958385	0.856567822358027	0.911976770430042	0.04	0.76	0.616868749446854	0.725985663082437	0.651632195365064
LC_k1_0.04_k2_0.76	250	0.818564009024144	0.79907800124802	0.836683722939567		0.04	0.76	0.616868749446854	0.725985663082437	0.651632195365064
LC_k1_0.04_k2_0.76	260	0.80732259352949	0.781944430220292	0.824112327560603		0.04	0.76	0.616868749446854	0.725985663082437	0.651632195365064
LC_k1_0.04_k2_0.76	270	0.799369904479714	0.776034117218496	0.817275957146189		0.04	0.76	0.616868749446854	0.725985663082437	0.651632195365064
LC_k1_0.04_k2_0.76	280	0.806480585575982	0.778500636852146	0.824712596552799		0.04	0.76	0.616868749446854	0.725985663082437	0.651632195365064
LC_k1_0.04_k2_0.76	290	0.795291017852113	0.770838556036789	0.820431338926905		0.04	0.76	0.616868749446854	0.725985663082437	0.651632195365064
LC_k1_0.04_k2_0.76	300	0.794015044611607	0.778727763641818	0.820066000733342		0.04	0.76	0.616868749446854	0.725985663082437	0.651632195365064
LC_k1_0.04_k2_0.76	365	0.816743866957206	0.805052773411184	0.846829029941539		0.04	0.76	0.616868749446854	0.725985663082437	0.651632195365064
LC_k1_0.08_k2_0.04	10	0.636363636363636	0.175757575757576	-0.527272727272727	0.539393939393939	0.08	0.04	0.860872643596779	0.956451612903226	0.897582855718914
LC_k1_0.08_k2_0.04	20	0.744360902255639	0.682706766917293	0.320300751879699	0.793984962406015	0.08	0.04	0.860872643596779	0.956451612903226	0.897582855718914
LC_k1_0.08_k2_0.04	30	0.787319243604004	0.757508342602892	0.386874304783092	0.75706340378198	0.08	0.04	0.860872643596779	0.956451612903226	0.897582855718914
LC_k1_0.08_k2_0.04	40	0.829268292682927	0.789868667917449	0.631332082551595	0.80187617260788	0.08	0.04	0.860872643596779	0.956451612903226	0.897582855718914
LC_k1_0.08_k2_0.04	50	0.862280912364946	0.826362545018007	0.758175270108043	0.797070828331333	0.08	0.04	0.860872643596779	0.956451612903226	0.897582855718914
LC_k1_0.08_k2_0.04	60	0.823061961656016	0.80477910530703	0.753820505696027	0.813003612114476	0.08	0.04	0.860872643596779	0.956451612903226	0.897582855718914
LC_k1_0.08_k2_0.04	70	0.852191409325518	0.840713848307235	0.803026856792931	0.841868602921879	0.08	0.04	0.860872643596779	0.956451612903226	0.897582855718914
LC_k1_0.08_k2_0.04	80	0.829723394280356	0.835419596812002	0.810478199718706	0.865330520393812	0.08	0.04	0.860872643596779	0.956451612903226	0.897582855718914
LC_k1_0.08_k2_0.04	90	0.840589373173643	0.840935094867679	0.832703625962053	0.888447133390954	0.08	0.04	0.860872643596779	0.956451612903226	0.897582855718914
LC_k1_0.08_k2_0.04	100	0.843300330033003	0.847440744074407	0.850477047704771	0.895637563756376	0.08	0.04	0.860872643596779	0.956451612903226	0.897582855718914
LC_k1_0.08_k2_0.04	110	0.840786240786241	0.851615084642608	0.857475824448301	0.901160877307666	0.08	0.04	0.860872643596779	0.956451612903226	0.897582855718914
LC_k1_0.08_k2_0.04	120	0.848281130634072	0.85865685117022	0.869504826724078	0.909917355371901	0.08	0.04	0.860872643596779	0.956451612903226	0.897582855718914
LC_k1_0.08_k2_0.04	130	0.8513102732524	0.859361728277049	0.873268786955988	0.913220172336096	0.08	0.04	0.860872643596779	0.956451612903226	0.897582855718914
LC_k1_0.08_k2_0.04	140	0.859508867070477	0.864966871487613	0.879858301808401	0.902971725962695	0.08	0.04	0.860872643596779	0.956451612903226	0.897582855718914
LC_k1_0.08_k2_0.04	150	0.856057602560114	0.85584070403129	0.878533268145251	0.896276278945731	0.08	0.04	0.860872643596779	0.956451612903226	0.897582855718914
LC_k1_0.08_k2_0.04	160	0.852795031055901	0.849452127036212	0.877563576702215	0.886042423532169	0.08	0.04	0.860872643596779	0.956451612903226	0.897582855718914
LC_k1_0.08_k2_0.04	170	0.840391790475144	0.833760174889015	0.867392114117525	0.874788258498666	0.08	0.04	0.860872643596779	0.956451612903226	0.897582855718914
LC_k1_0.08_k2_0.04	180	0.830118213525109	0.822580943856292	0.855353560295071	0.865606963177876	0.08	0.04	0.860872643596779	0.956451612903226	0.897582855718914
LC_k1_0.08_k2_0.04	190	0.835991374597051	0.825492177214415	0.85939893363426	0.856274193336745	0.08	0.04	0.860872643596779	0.956451612903226	0.897582855718914
LC_k1_0.08_k2_0.04	200	0.826934673366834	0.817796444911123	0.847089177229431	0.863421585539639	0.08	0.04	0.860872643596779	0.956451612903226	0.897582855718914
LC_k1_0.08_k2_0.04	210	0.816727946535879	0.807312767053351	0.837294658447066	0.861301681605997	0.08	0.04	0.860872643596779	0.956451612903226	0.897582855718914
LC_k1_0.08_k2_0.04	220	0.800336971650429	0.789835627708311	0.821765663828517	0.866414971008041	0.08	0.04	0.860872643596779	0.956451612903226	0.897582855718914
LC_k1_0.08_k2_0.04	230	0.791698865023338	0.780024114863682	0.808994498950831	0.875632398738531	0.08	0.04	0.860872643596779	0.956451612903226	0.897582855718914
LC_k1_0.08_k2_0.04	240	0.791846212607858	0.780451049497387	0.814152155419365	0.888266289345301	0.08	0.04	0.860872643596779	0.956451612903226	0.897582855718914
LC_k1_0.08_k2_0.04	250	0.770901934430951	0.76173340373446	0.798412902606442		0.08	0.04	0.860872643596779	0.956451612903226	0.897582855718914
LC_k1_0.08_k2_0.04	260	0.767329967329967	0.754852541059437	0.795727292279016		0.08	0.04	0.860872643596779	0.956451612903226	0.897582855718914
LC_k1_0.08_k2_0.04	270	0.767646866059739	0.748081287504325	0.788970127619492		0.08	0.04	0.860872643596779	0.956451612903226	0.897582855718914
LC_k1_0.08_k2_0.04	280	0.756970114414725	0.739970262011359	0.777590457604233		0.08	0.04	0.860872643596779	0.956451612903226	0.897582855718914
LC_k1_0.08_k2_0.04	290	0.75139300110584	0.733326608910434	0.772349091034335		0.08	0.04	0.860872643596779	0.956451612903226	0.897582855718914
LC_k1_0.08_k2_0.04	300	0.760523116923521	0.736565517394638	0.777891754352826		0.08	0.04	0.860872643596779	0.956451612903226	0.897582855718914
LC_k1_0.08_k2_0.04	365	0.762807886028187	0.743368219474215	0.80278463956883		0.08	0.04	0.860872643596779	0.956451612903226	0.897582855718914
LC_k1_0.08_k2_0.12	10	0.36969696969697	0.00606060606060606	-0.260606060606061	0.345454545454545	0.08	0.12	0.831224002124082	0.935663082437276	0.875404933964615
LC_k1_0.08_k2_0.12	20	0.640601503759399	0.673684210526316	0.314285714285714	0.619548872180451	0.08	0.12	0.831224002124082	0.935663082437276	0.875404933964615
LC_k1_0.08_k2_0.12	30	0.76952169076752	0.761067853170189	0.44293659621802	0.779310344827586	0.08	0.12	0.831224002124082	0.935663082437276	0.875404933964615
LC_k1_0.08_k2_0.12	40	0.825891181988743	0.828517823639775	0.65703564727955	0.76829268292683	0.08	0.12	0.831224002124082	0.935663082437276	0.875404933964615
LC_k1_0.08_k2_0.12	50	0.843265306122449	0.83078031212485	0.743769507803121	0.782280912364946	0.08	0.12	0.831224002124082	0.935663082437276	0.875404933964615
LC_k1_0.08_k2_0.12	60	0.830897471519867	0.823339816615727	0.775215337593776	0.810113920533482	0.08	0.12	0.831224002124082	0.935663082437276	0.875404933964615
LC_k1_0.08_k2_0.12	70	0.859329892397865	0.85779021957834	0.822692677805966	0.840573878050914	0.08	0.12	0.831224002124082	0.935663082437276	0.875404933964615
LC_k1_0.08_k2_0.12	80	0.839334270979841	0.849413970932958	0.831809657759025	0.860712611345523	0.08	0.12	0.831224002124082	0.935663082437276	0.875404933964615
LC_k1_0.08_k2_0.12	90	0.859883936288431	0.860904638432728	0.858731530641643	0.890044038358645	0.08	0.12	0.831224002124082	0.935663082437276	0.875404933964615
LC_k1_0.08_k2_0.12	100	0.846900690069007	0.854773477347735	0.862550255025503	0.895421542154215	0.08	0.12	0.831224002124082	0.935663082437276	0.875404933964615
LC_k1_0.08_k2_0.12	110	0.847169938913058	0.86111849965061	0.872298987895318	0.907715889367265	0.08	0.12	0.831224002124082	0.935663082437276	0.875404933964615
LC_k1_0.08_k2_0.12	120	0.846253212028613	0.860177790124314	0.874366275435794	0.916306687964442	0.08	0.12	0.831224002124082	0.935663082437276	0.875404933964615
LC_k1_0.08_k2_0.12	130	0.860000819347526	0.868915320433162	0.884362752461457	0.917661035928389	0.08	0.12	0.831224002124082	0.935663082437276	0.875404933964615
LC_k1_0.08_k2_0.12	140	0.871369530515405	0.876000962148215	0.895904309986661	0.913362926679933	0.08	0.12	0.831224002124082	0.935663082437276	0.875404933964615
LC_k1_0.08_k2_0.12	150	0.86708387039424	0.868943508600382	0.891191608515934	0.906840304013512	0.08	0.12	0.831224002124082	0.935663082437276	0.875404933964615
LC_k1_0.08_k2_0.12	160	0.851983475917028	0.851406304933786	0.874540021094574	0.89339915621704	0.08	0.12	0.831224002124082	0.935663082437276	0.875404933964615
LC_k1_0.08_k2_0.12	170	0.853554875703006	0.847980898993045	0.879834637062549	0.887699757573537	0.08	0.12	0.831224002124082	0.935663082437276	0.875404933964615
LC_k1_0.08_k2_0.12	180	0.849575604185314	0.836982622920461	0.875786289700299	0.879823451341091	0.08	0.12	0.831224002124082	0.935663082437276	0.875404933964615
LC_k1_0.08_k2_0.12	190	0.844315850708797	0.831753904831888	0.869677684612929	0.872637964894785	0.08	0.12	0.831224002124082	0.935663082437276	0.875404933964615
LC_k1_0.08_k2_0.12	200	0.829822245556139	0.820451511287782	0.84923123078077	0.877074926873172	0.08	0.12	0.831224002124082	0.935663082437276	0.875404933964615
LC_k1_0.08_k2_0.12	210	0.828724331293551	0.821202294836618	0.848970984116906	0.873807310175482	0.08	0.12	0.831224002124082	0.935663082437276	0.875404933964615
LC_k1_0.08_k2_0.12	220	0.809479159035968	0.79990645937463	0.826557648636617	0.877771704524323	0.08	0.12	0.831224002124082	0.935663082437276	0.875404933964615
LC_k1_0.08_k2_0.12	230	0.806638244990248	0.796294990371315	0.832762187499229	0.884627390835859	0.08	0.12	0.831224002124082	0.935663082437276	0.875404933964615
LC_k1_0.08_k2_0.12	240	0.797447872358895	0.789992013750239	0.823746071980416	0.896525113283217	0.08	0.12	0.831224002124082	0.935663082437276	0.875404933964615
LC_k1_0.08_k2_0.12	250	0.789035472567561	0.77732866125858	0.813464407430519		0.08	0.12	0.831224002124082	0.935663082437276	0.875404933964615
LC_k1_0.08_k2_0.12	260	0.777519467174639	0.762291886429817	0.80391767288319		0.08	0.12	0.831224002124082	0.935663082437276	0.875404933964615
LC_k1_0.08_k2_0.12	270	0.782963643762832	0.770472083902995	0.805703172273358		0.08	0.12	0.831224002124082	0.935663082437276	0.875404933964615
LC_k1_0.08_k2_0.12	280	0.781434529959384	0.759478710552066	0.80388671138298		0.08	0.12	0.831224002124082	0.935663082437276	0.875404933964615
LC_k1_0.08_k2_0.12	290	0.772572965113776	0.751476154335346	0.796239653511809		0.08	0.12	0.831224002124082	0.935663082437276	0.875404933964615
LC_k1_0.08_k2_0.12	300	0.766723185813176	0.746534517050189	0.78954521716908		0.08	0.12	0.831224002124082	0.935663082437276	0.875404933964615
LC_k1_0.08_k2_0.12	365	0.783379275115184	0.761187790426506	0.822516984475215		0.08	0.12	0.831224002124082	0.935663082437276	0.875404933964615
LC_k1_0.08_k2_0.2	10	0.272727272727273	0.0181818181818182	-0.175757575757576	0.36969696969697	0.08	0.2	0.803522435613771	0.912903225806452	0.849987540493397
LC_k1_0.08_k2_0.2	20	0.64812030075188	0.697744360902256	0.338345864661654	0.654135338345865	0.08	0.2	0.803522435613771	0.912903225806452	0.849987540493397
LC_k1_0.08_k2_0.2	30	0.810456062291435	0.808231368186874	0.489655172413793	0.764627363737486	0.08	0.2	0.803522435613771	0.912903225806452	0.849987540493397
LC_k1_0.08_k2_0.2	40	0.85609756097561	0.841275797373359	0.695497185741088	0.759474671669794	0.08	0.2	0.803522435613771	0.912903225806452	0.849987540493397
LC_k1_0.08_k2_0.2	50	0.847106842737095	0.833373349339736	0.75750300120048	0.795534213685474	0.08	0.2	0.803522435613771	0.912903225806452	0.849987540493397
LC_k1_0.08_k2_0.2	60	0.867463184217839	0.849069185884968	0.806835232008891	0.818838566268408	0.08	0.2	0.803522435613771	0.912903225806452	0.849987540493397
LC_k1_0.08_k2_0.2	70	0.863878925728283	0.86324905957484	0.841588662409238	0.841483684716998	0.08	0.2	0.803522435613771	0.912903225806452	0.849987540493397
LC_k1_0.08_k2_0.2	80	0.860032817627754	0.863783403656821	0.850234411626817	0.861837787154243	0.08	0.2	0.803522435613771	0.912903225806452	0.849987540493397
LC_k1_0.08_k2_0.2	90	0.853002428283327	0.865744742149237	0.866699592542289	0.879277277030086	0.08	0.2	0.803522435613771	0.912903225806452	0.849987540493397
LC_k1_0.08_k2_0.2	100	0.875499549954996	0.883900390039004	0.886480648064807	0.882424242424242	0.08	0.2	0.803522435613771	0.912903225806452	0.849987540493397
LC_k1_0.08_k2_0.2	110	0.872858012307554	0.883578657890584	0.889511529878502	0.903856817618285	0.08	0.2	0.803522435613771	0.912903225806452	0.849987540493397
LC_k1_0.08_k2_0.2	120	0.878567956108063	0.885464268351969	0.895471907771373	0.910966039308285	0.08	0.2	0.803522435613771	0.912903225806452	0.849987540493397
LC_k1_0.08_k2_0.2	130	0.886367422742356	0.890922994988324	0.900301793005503	0.906752789195537	0.08	0.2	0.803522435613771	0.912903225806452	0.849987540493397
LC_k1_0.08_k2_0.2	140	0.88651461809276	0.888946229035009	0.902468784850539	0.90949246681682	0.08	0.2	0.803522435613771	0.912903225806452	0.849987540493397
LC_k1_0.08_k2_0.2	150	0.880378683497045	0.883486377172319	0.900447130983599	0.904838437263878	0.08	0.2	0.803522435613771	0.912903225806452	0.849987540493397
LC_k1_0.08_k2_0.2	160	0.871528184694714	0.871613148951131	0.896674674791984	0.89909176139693	0.08	0.2	0.803522435613771	0.912903225806452	0.849987540493397
LC_k1_0.08_k2_0.2	170	0.878090632079677	0.872785339610774	0.901544323740085	0.889612300853073	0.08	0.2	0.803522435613771	0.912903225806452	0.849987540493397
LC_k1_0.08_k2_0.2	180	0.87327386647736	0.866950626048129	0.895249853390537	0.872039260471002	0.08	0.2	0.803522435613771	0.912903225806452	0.849987540493397
LC_k1_0.08_k2_0.2	190	0.868047081053419	0.860432932243348	0.893366925166319	0.870157068062827	0.08	0.2	0.803522435613771	0.912903225806452	0.849987540493397
LC_k1_0.08_k2_0.2	200	0.865332633315833	0.854497862446561	0.886759168979225	0.869837245931148	0.08	0.2	0.803522435613771	0.912903225806452	0.849987540493397
LC_k1_0.08_k2_0.2	210	0.857541311270421	0.845669321947696	0.877922725814968	0.876051611147645	0.08	0.2	0.803522435613771	0.912903225806452	0.849987540493397
LC_k1_0.08_k2_0.2	220	0.854857632295183	0.842226266883801	0.871359100206804	0.880955466773356	0.08	0.2	0.803522435613771	0.912903225806452	0.849987540493397
LC_k1_0.08_k2_0.2	230	0.847096969861352	0.833914177715203	0.864881805113436	0.88806166303793	0.08	0.2	0.803522435613771	0.912903225806452	0.849987540493397
LC_k1_0.08_k2_0.2	240	0.823960485425094	0.814889147381031	0.843684786194205	0.898609350856786	0.08	0.2	0.803522435613771	0.912903225806452	0.849987540493397
LC_k1_0.08_k2_0.2	250	0.815974271588345	0.804845773532376	0.840198915182643		0.08	0.2	0.803522435613771	0.912903225806452	0.849987540493397
LC_k1_0.08_k2_0.2	260	0.804151859324273	0.7866377176722	0.82021786849373		0.08	0.2	0.803522435613771	0.912903225806452	0.849987540493397
LC_k1_0.08_k2_0.2	270	0.796858057799909	0.775907305541457	0.813409420339557		0.08	0.2	0.803522435613771	0.912903225806452	0.849987540493397
LC_k1_0.08_k2_0.2	280	0.781549873996206	0.763324422869825	0.796706955081424		0.08	0.2	0.803522435613771	0.912903225806452	0.849987540493397
LC_k1_0.08_k2_0.2	290	0.781774927825211	0.764315701814487	0.796032508484459		0.08	0.2	0.803522435613771	0.912903225806452	0.849987540493397
LC_k1_0.08_k2_0.2	300	0.785258502872254	0.766160512894588	0.79970488560984		0.08	0.2	0.803522435613771	0.912903225806452	0.849987540493397
LC_k1_0.08_k2_0.2	365	0.794500065396091	0.773512609106591	0.827347904733937		0.08	0.2	0.803522435613771	0.912903225806452	0.849987540493397
LC_k1_0.08_k2_0.28	10	0.2	0.284848484848485	0.163636363636364	0.587878787878788	0.08	0.28	0.771395698734401	0.882258064516129	0.817468228258161
LC_k1_0.08_k2_0.28	20	0.727819548872181	0.768421052631579	0.506766917293233	0.717293233082707	0.08	0.28	0.771395698734401	0.882258064516129	0.817468228258161
LC_k1_0.08_k2_0.28	30	0.863403781979978	0.87007786429366	0.589321468298109	0.797107897664071	0.08	0.28	0.771395698734401	0.882258064516129	0.817468228258161
LC_k1_0.08_k2_0.28	40	0.877673545966229	0.851219512195122	0.729080675422139	0.790056285178237	0.08	0.28	0.771395698734401	0.882258064516129	0.817468228258161
LC_k1_0.08_k2_0.28	50	0.891476590636255	0.858631452581033	0.814261704681873	0.797935174069628	0.08	0.28	0.771395698734401	0.882258064516129	0.817468228258161
LC_k1_0.08_k2_0.28	60	0.890636287857739	0.870575159766602	0.83123089747152	0.822895248680189	0.08	0.28	0.771395698734401	0.882258064516129	0.817468228258161
LC_k1_0.08_k2_0.28	70	0.880360423410025	0.875391479310646	0.85002187035255	0.863738955471962	0.08	0.28	0.771395698734401	0.882258064516129	0.817468228258161
LC_k1_0.08_k2_0.28	80	0.880661040787623	0.883052039381153	0.862400375058603	0.875574308485701	0.08	0.28	0.771395698734401	0.882258064516129	0.817468228258161
LC_k1_0.08_k2_0.28	90	0.875243857266329	0.885022842326213	0.877993167880808	0.888480059266576	0.08	0.28	0.771395698734401	0.882258064516129	0.817468228258161
LC_k1_0.08_k2_0.28	100	0.892565256525653	0.89945394539454	0.895781578157816	0.894365436543654	0.08	0.28	0.771395698734401	0.882258064516129	0.817468228258161
LC_k1_0.08_k2_0.28	110	0.897130491625904	0.904073214164957	0.906381443996123	0.91115118454568	0.08	0.28	0.771395698734401	0.882258064516129	0.817468228258161
LC_k1_0.08_k2_0.28	120	0.89701368150566	0.902541843183554	0.90747274116258	0.920056948399194	0.08	0.28	0.771395698734401	0.882258064516129	0.817468228258161
LC_k1_0.08_k2_0.28	130	0.896412623414221	0.899984978628685	0.90698766881973	0.913334880989772	0.08	0.28	0.771395698734401	0.882258064516129	0.817468228258161
LC_k1_0.08_k2_0.28	140	0.904016968795784	0.906015613041482	0.915221622094422	0.918361723994665	0.08	0.28	0.771395698734401	0.882258064516129	0.817468228258161
LC_k1_0.08_k2_0.28	150	0.902210764922886	0.90190497355438	0.917294101960087	0.916344726432286	0.08	0.28	0.771395698734401	0.882258064516129	0.817468228258161
LC_k1_0.08_k2_0.28	160	0.894828899566389	0.894034923239189	0.91195652173913	0.912020977381929	0.08	0.28	0.771395698734401	0.882258064516129	0.817468228258161
LC_k1_0.08_k2_0.28	170	0.884482874432863	0.882887867074578	0.906212101782476	0.905103168642107	0.08	0.28	0.771395698734401	0.882258064516129	0.817468228258161
LC_k1_0.08_k2_0.28	180	0.882356451330803	0.878757574822268	0.904733685196045	0.888033581283373	0.08	0.28	0.771395698734401	0.882258064516129	0.817468228258161
LC_k1_0.08_k2_0.28	190	0.873063111531009	0.866764642846208	0.894908300419461	0.883067179292035	0.08	0.28	0.771395698734401	0.882258064516129	0.817468228258161
LC_k1_0.08_k2_0.28	200	0.870774769369234	0.863205580139504	0.894001350033751	0.88305557638941	0.08	0.28	0.771395698734401	0.882258064516129	0.817468228258161
LC_k1_0.08_k2_0.28	210	0.868875549494158	0.854125619952509	0.890887062550819	0.886207980096731	0.08	0.28	0.771395698734401	0.882258064516129	0.817468228258161
LC_k1_0.08_k2_0.28	220	0.860303274485386	0.84914714616568	0.880521573511098	0.889724618652902	0.08	0.28	0.771395698734401	0.882258064516129	0.817468228258161
LC_k1_0.08_k2_0.28	230	0.856822805066587	0.846475605275681	0.872949681797223	0.897614896969368	0.08	0.28	0.771395698734401	0.882258064516129	0.817468228258161
LC_k1_0.08_k2_0.28	240	0.851469643570201	0.841134394694352	0.866116599246515	0.907921144464313	0.08	0.28	0.771395698734401	0.882258064516129	0.817468228258161
LC_k1_0.08_k2_0.28	250	0.835646138338213	0.822831085297365	0.849789852637642		0.08	0.28	0.771395698734401	0.882258064516129	0.817468228258161
LC_k1_0.08_k2_0.28	260	0.827250289319255	0.807870849250159	0.841875676358435		0.08	0.28	0.771395698734401	0.882258064516129	0.817468228258161
LC_k1_0.08_k2_0.28	270	0.806618898902744	0.784386617100372	0.824361559600726		0.08	0.28	0.771395698734401	0.882258064516129	0.817468228258161
LC_k1_0.08_k2_0.28	280	0.801623016328561	0.78055387003843	0.813406147673167		0.08	0.28	0.771395698734401	0.882258064516129	0.817468228258161
LC_k1_0.08_k2_0.28	290	0.805924790610082	0.78518913054442	0.814904847365851		0.08	0.28	0.771395698734401	0.882258064516129	0.817468228258161
LC_k1_0.08_k2_0.28	300	0.798976433071479	0.779624218046867	0.811779686440961		0.08	0.28	0.771395698734401	0.882258064516129	0.817468228258161
LC_k1_0.08_k2_0.28	365	0.807771523334066	0.787135725267322	0.839371901397502		0.08	0.28	0.771395698734401	0.882258064516129	0.817468228258161
LC_k1_0.08_k2_0.36	10	0.43030303030303	0.466666666666667	0.0424242424242424	0.793939393939394	0.08	0.36	0.727143995043809	0.842831541218638	0.769997508098679
LC_k1_0.08_k2_0.36	20	0.745864661654135	0.76390977443609	0.482706766917293	0.739849624060151	0.08	0.36	0.727143995043809	0.842831541218638	0.769997508098679
LC_k1_0.08_k2_0.36	30	0.854505005561735	0.841601779755284	0.574193548387097	0.801557285873192	0.08	0.36	0.727143995043809	0.842831541218638	0.769997508098679
LC_k1_0.08_k2_0.36	40	0.868667917448405	0.840900562851783	0.719324577861164	0.794746716697936	0.08	0.36	0.727143995043809	0.842831541218638	0.769997508098679
LC_k1_0.08_k2_0.36	50	0.890612244897959	0.861320528211284	0.806002400960384	0.805138055222089	0.08	0.36	0.727143995043809	0.842831541218638	0.769997508098679
LC_k1_0.08_k2_0.36	60	0.890358432898028	0.865184773548208	0.829786051681023	0.824117810502918	0.08	0.36	0.727143995043809	0.842831541218638	0.769997508098679
LC_k1_0.08_k2_0.36	70	0.882844895459715	0.87896072084682	0.85534074009273	0.853906044965445	0.08	0.36	0.727143995043809	0.842831541218638	0.769997508098679
LC_k1_0.08_k2_0.36	80	0.877566807313643	0.881973745897797	0.868073136427567	0.875503984997656	0.08	0.36	0.727143995043809	0.842831541218638	0.769997508098679
LC_k1_0.08_k2_0.36	90	0.885302712269004	0.893451866485574	0.88760752356258	0.8886611515825	0.08	0.36	0.727143995043809	0.842831541218638	0.769997508098679
LC_k1_0.08_k2_0.36	100	0.904734473447345	0.91015901590159	0.908118811881188	0.896813681368137	0.08	0.36	0.727143995043809	0.842831541218638	0.769997508098679
LC_k1_0.08_k2_0.36	110	0.904361742893853	0.913378265671844	0.914406149268535	0.909654441764533	0.08	0.36	0.727143995043809	0.842831541218638	0.769997508098679
LC_k1_0.08_k2_0.36	120	0.906319883325231	0.911306340718105	0.917119244391971	0.915452461976526	0.08	0.36	0.727143995043809	0.842831541218638	0.769997508098679
LC_k1_0.08_k2_0.36	130	0.902443021207445	0.905917054718759	0.914148766199183	0.921200617241803	0.08	0.36	0.727143995043809	0.842831541218638	0.769997508098679
LC_k1_0.08_k2_0.36	140	0.913113642824342	0.915991340666069	0.925118628501454	0.924851851041963	0.08	0.36	0.727143995043809	0.842831541218638	0.769997508098679
LC_k1_0.08_k2_0.36	150	0.905812702786791	0.907249211076048	0.920170674252189	0.919768878616827	0.08	0.36	0.727143995043809	0.842831541218638	0.769997508098679
LC_k1_0.08_k2_0.36	160	0.904128090941052	0.904459158560881	0.920707840150006	0.913465369741006	0.08	0.36	0.727143995043809	0.842831541218638	0.769997508098679
LC_k1_0.08_k2_0.36	170	0.90442901545545	0.900762696857005	0.922301402653868	0.910098252941787	0.08	0.36	0.727143995043809	0.842831541218638	0.769997508098679
LC_k1_0.08_k2_0.36	180	0.899791145817258	0.895426813584781	0.921742440610307	0.896404210006482	0.08	0.36	0.727143995043809	0.842831541218638	0.769997508098679
LC_k1_0.08_k2_0.36	190	0.899107279542661	0.893235707068719	0.918908965257822	0.888826778989358	0.08	0.36	0.727143995043809	0.842831541218638	0.769997508098679
LC_k1_0.08_k2_0.36	200	0.891809795244881	0.881752043801095	0.910603765094127	0.889307732693318	0.08	0.36	0.727143995043809	0.842831541218638	0.769997508098679
LC_k1_0.08_k2_0.36	210	0.88348423838571	0.87266701868847	0.90234051306638	0.88844580213999	0.08	0.36	0.727143995043809	0.842831541218638	0.769997508098679
LC_k1_0.08_k2_0.36	220	0.869960498808202	0.858619543228729	0.889623189059128	0.891427508832827	0.08	0.36	0.727143995043809	0.842831541218638	0.769997508098679
LC_k1_0.08_k2_0.36	230	0.873223871249313	0.857055570212965	0.894043530041252	0.899571702267734	0.08	0.36	0.727143995043809	0.842831541218638	0.769997508098679
LC_k1_0.08_k2_0.36	240	0.847566798034688	0.833621243424365	0.866926509140784	0.909531415475963	0.08	0.36	0.727143995043809	0.842831541218638	0.769997508098679
LC_k1_0.08_k2_0.36	250	0.853782748523976	0.83758536936591	0.872632074113186		0.08	0.36	0.727143995043809	0.842831541218638	0.769997508098679
LC_k1_0.08_k2_0.36	260	0.844393009910251	0.822993967821554	0.862675938538007		0.08	0.36	0.727143995043809	0.842831541218638	0.769997508098679
LC_k1_0.08_k2_0.36	270	0.820036549807877	0.797058639731379	0.839851484016699		0.08	0.36	0.727143995043809	0.842831541218638	0.769997508098679
LC_k1_0.08_k2_0.36	280	0.818216158004931	0.794017416402906	0.83323821550202		0.08	0.36	0.727143995043809	0.842831541218638	0.769997508098679
LC_k1_0.08_k2_0.36	290	0.806106350028353	0.782148871342519	0.821659448162695		0.08	0.36	0.727143995043809	0.842831541218638	0.769997508098679
LC_k1_0.08_k2_0.36	300	0.801831131457016	0.779732663696263	0.81563395148835		0.08	0.36	0.727143995043809	0.842831541218638	0.769997508098679
LC_k1_0.08_k2_0.36	365	0.81580241003102	0.800323278787236	0.845018668733019		0.08	0.36	0.727143995043809	0.842831541218638	0.769997508098679
LC_k1_0.08_k2_0.44	10	0.6	0.539393939393939	0.0181818181818182	0.781818181818182	0.08	0.44	0.67935215505797	0.795698924731183	0.718165960627959
LC_k1_0.08_k2_0.44	20	0.795488721804511	0.821052631578947	0.389473684210526	0.753383458646617	0.08	0.44	0.67935215505797	0.795698924731183	0.718165960627959
LC_k1_0.08_k2_0.44	30	0.903003337041157	0.87853170189099	0.606674082313682	0.808231368186874	0.08	0.44	0.67935215505797	0.795698924731183	0.718165960627959
LC_k1_0.08_k2_0.44	40	0.886116322701689	0.868855534709194	0.728705440900563	0.839212007504691	0.08	0.44	0.67935215505797	0.795698924731183	0.718165960627959
LC_k1_0.08_k2_0.44	50	0.903481392557023	0.878319327731093	0.815414165666267	0.814933973589436	0.08	0.44	0.67935215505797	0.795698924731183	0.718165960627959
LC_k1_0.08_k2_0.44	60	0.882689636010003	0.862406223951098	0.821116976938039	0.83223117532648	0.08	0.44	0.67935215505797	0.795698924731183	0.718165960627959
LC_k1_0.08_k2_0.44	70	0.87885574315458	0.875811390079608	0.855445717784971	0.856285539322894	0.08	0.44	0.67935215505797	0.795698924731183	0.718165960627959
LC_k1_0.08_k2_0.44	80	0.886474449132677	0.884388185654009	0.87037037037037	0.876980778246601	0.08	0.44	0.67935215505797	0.795698924731183	0.718165960627959
LC_k1_0.08_k2_0.44	90	0.883096678602297	0.888743466271556	0.888562373955632	0.902160760587727	0.08	0.44	0.67935215505797	0.795698924731183	0.718165960627959
LC_k1_0.08_k2_0.44	100	0.882376237623762	0.894977497749775	0.896945694569457	0.91031503150315	0.08	0.44	0.67935215505797	0.795698924731183	0.718165960627959
LC_k1_0.08_k2_0.44	110	0.883939318801704	0.898203457836485	0.903739602822171	0.923098077226518	0.08	0.44	0.67935215505797	0.795698924731183	0.718165960627959
LC_k1_0.08_k2_0.44	120	0.892284186401833	0.902395999722203	0.910924369747899	0.932009167303285	0.08	0.44	0.67935215505797	0.795698924731183	0.718165960627959
LC_k1_0.08_k2_0.44	130	0.904163651012577	0.911057094866788	0.922254844392249	0.930628576110557	0.08	0.44	0.67935215505797	0.795698924731183	0.718165960627959
LC_k1_0.08_k2_0.44	140	0.911438630250815	0.915007325446634	0.927690188274912	0.930449804290306	0.08	0.44	0.67935215505797	0.795698924731183	0.718165960627959
LC_k1_0.08_k2_0.44	150	0.908116805191342	0.908177252322325	0.922844570869817	0.925191341837415	0.08	0.44	0.67935215505797	0.795698924731183	0.718165960627959
LC_k1_0.08_k2_0.44	160	0.897896402203211	0.89800480487519	0.916869799601547	0.923344661900855	0.08	0.44	0.67935215505797	0.795698924731183	0.718165960627959
LC_k1_0.08_k2_0.44	170	0.899297146451231	0.897768088861206	0.916317071830289	0.908376231215003	0.08	0.44	0.67935215505797	0.795698924731183	0.718165960627959
LC_k1_0.08_k2_0.44	180	0.884910028087287	0.881337901375557	0.903760404127699	0.903126639711102	0.08	0.44	0.67935215505797	0.795698924731183	0.718165960627959
LC_k1_0.08_k2_0.44	190	0.879289847655789	0.873511002637484	0.896790842726362	0.897758357499333	0.08	0.44	0.67935215505797	0.795698924731183	0.718165960627959
LC_k1_0.08_k2_0.44	200	0.871415285382135	0.863451586289657	0.892679816995425	0.900181504537614	0.08	0.44	0.67935215505797	0.795698924731183	0.718165960627959
LC_k1_0.08_k2_0.44	210	0.859179184497219	0.850207163751689	0.882240284036243	0.900735034484099	0.08	0.44	0.67935215505797	0.795698924731183	0.718165960627959
LC_k1_0.08_k2_0.44	220	0.850675352045215	0.83726297876177	0.873746076646963	0.902751559480004	0.08	0.44	0.67935215505797	0.795698924731183	0.718165960627959
LC_k1_0.08_k2_0.44	230	0.846885903160823	0.833908259957244	0.871735555122683	0.908271792760116	0.08	0.44	0.67935215505797	0.795698924731183	0.718165960627959
LC_k1_0.08_k2_0.44	240	0.847764718137468	0.829141130922412	0.872170523793816	0.91652025208771	0.08	0.44	0.67935215505797	0.795698924731183	0.718165960627959
LC_k1_0.08_k2_0.44	250	0.827647290356646	0.805027024432391	0.848732299716795		0.08	0.44	0.67935215505797	0.795698924731183	0.718165960627959
LC_k1_0.08_k2_0.44	260	0.81523713937507	0.791437515575446	0.835709677088987		0.08	0.44	0.67935215505797	0.795698924731183	0.718165960627959
LC_k1_0.08_k2_0.44	270	0.815708491657407	0.788039159202001	0.83628124757084		0.08	0.44	0.67935215505797	0.795698924731183	0.718165960627959
LC_k1_0.08_k2_0.44	280	0.810564092472025	0.784176547441385	0.832382701674402		0.08	0.44	0.67935215505797	0.795698924731183	0.718165960627959
LC_k1_0.08_k2_0.44	290	0.812143569709099	0.789791587992969	0.829395158661528		0.08	0.44	0.67935215505797	0.795698924731183	0.718165960627959
LC_k1_0.08_k2_0.44	300	0.808453871709686	0.790354115045723	0.828046533850376		0.08	0.44	0.67935215505797	0.795698924731183	0.718165960627959
LC_k1_0.08_k2_0.44	365	0.823975440683278	0.808853396771654	0.854881633076109		0.08	0.44	0.67935215505797	0.795698924731183	0.718165960627959
LC_k1_0.08_k2_0.52	10	0.636363636363636	0.575757575757576	0.357575757575758	0.83030303030303	0.08	0.52	0.629701743517125	0.742114695340502	0.664714677298779
LC_k1_0.08_k2_0.52	20	0.750375939849624	0.792481203007519	0.32781954887218	0.717293233082707	0.08	0.52	0.629701743517125	0.742114695340502	0.664714677298779
LC_k1_0.08_k2_0.52	30	0.873637374860957	0.894994438264739	0.582202447163515	0.797552836484983	0.08	0.52	0.629701743517125	0.742114695340502	0.664714677298779
LC_k1_0.08_k2_0.52	40	0.888180112570357	0.886866791744841	0.740712945590995	0.823452157598499	0.08	0.52	0.629701743517125	0.742114695340502	0.664714677298779
LC_k1_0.08_k2_0.52	50	0.919519807923169	0.906650660264106	0.832509003601441	0.809555822328932	0.08	0.52	0.629701743517125	0.742114695340502	0.664714677298779
LC_k1_0.08_k2_0.52	60	0.90225062517366	0.897360377882745	0.843123089747152	0.847735482078355	0.08	0.52	0.629701743517125	0.742114695340502	0.664714677298779
LC_k1_0.08_k2_0.52	70	0.894987315195521	0.899291400577377	0.864893710086607	0.858805003936663	0.08	0.52	0.629701743517125	0.742114695340502	0.664714677298779
LC_k1_0.08_k2_0.52	80	0.897233942803563	0.908485700890764	0.878246601031411	0.889990623534927	0.08	0.52	0.629701743517125	0.742114695340502	0.664714677298779
LC_k1_0.08_k2_0.52	90	0.877976704942997	0.89707371280405	0.890126353047702	0.901354076634975	0.08	0.52	0.629701743517125	0.742114695340502	0.664714677298779
LC_k1_0.08_k2_0.52	100	0.897533753375338	0.911047104710471	0.907962796279628	0.904806480648065	0.08	0.52	0.629701743517125	0.742114695340502	0.664714677298779
LC_k1_0.08_k2_0.52	110	0.895588666230868	0.911033969749566	0.912152018574037	0.920041476004779	0.08	0.52	0.629701743517125	0.742114695340502	0.664714677298779
LC_k1_0.08_k2_0.52	120	0.900423640530592	0.911736926175429	0.916459476352524	0.926967150496562	0.08	0.52	0.629701743517125	0.742114695340502	0.664714677298779
LC_k1_0.08_k2_0.52	130	0.909238143358506	0.916748829015827	0.925483073645687	0.932818965164074	0.08	0.52	0.629701743517125	0.742114695340502	0.664714677298779
LC_k1_0.08_k2_0.52	140	0.917631366031795	0.920810828540815	0.932347860313573	0.924825610636111	0.08	0.52	0.629701743517125	0.742114695340502	0.664714677298779
LC_k1_0.08_k2_0.52	150	0.914989999555536	0.917560780479132	0.929742655229121	0.921240944041958	0.08	0.52	0.629701743517125	0.742114695340502	0.664714677298779
LC_k1_0.08_k2_0.52	160	0.909920309387085	0.909964256416266	0.924267549513653	0.91847533106762	0.08	0.52	0.629701743517125	0.742114695340502	0.664714677298779
LC_k1_0.08_k2_0.52	170	0.911746997148283	0.910940944425107	0.9265734820867	0.915103107577506	0.08	0.52	0.629701743517125	0.742114695340502	0.664714677298779
LC_k1_0.08_k2_0.52	180	0.906824284700145	0.905241931335329	0.923703406483739	0.900309680339928	0.08	0.52	0.629701743517125	0.742114695340502	0.664714677298779
LC_k1_0.08_k2_0.52	190	0.890999750685615	0.887861013791022	0.911244078783346	0.892082737384474	0.08	0.52	0.629701743517125	0.742114695340502	0.664714677298779
LC_k1_0.08_k2_0.52	200	0.877770944273607	0.869459236480912	0.899437485937149	0.894179854496363	0.08	0.52	0.629701743517125	0.742114695340502	0.664714677298779
LC_k1_0.08_k2_0.52	210	0.860662859216114	0.851417427670858	0.885654679568374	0.897727515687107	0.08	0.52	0.629701743517125	0.742114695340502	0.664714677298779
LC_k1_0.08_k2_0.52	220	0.850437555997588	0.839156331178894	0.872861385190152	0.901076844187239	0.08	0.52	0.629701743517125	0.742114695340502	0.664714677298779
LC_k1_0.08_k2_0.52	230	0.835509013485091	0.825720055528296	0.858188820862069	0.901376618445158	0.08	0.52	0.629701743517125	0.742114695340502	0.664714677298779
LC_k1_0.08_k2_0.52	240	0.84162485459817	0.829551728328617	0.859636452021736	0.911962013229396	0.08	0.52	0.629701743517125	0.742114695340502	0.664714677298779
LC_k1_0.08_k2_0.52	250	0.834139298228772	0.820103105649691	0.852980175682811		0.08	0.52	0.629701743517125	0.742114695340502	0.664714677298779
LC_k1_0.08_k2_0.52	260	0.829534801948595	0.804153907602183	0.848495027805373		0.08	0.52	0.629701743517125	0.742114695340502	0.664714677298779
LC_k1_0.08_k2_0.52	270	0.827122761933939	0.80081543566365	0.84379727812148		0.08	0.52	0.629701743517125	0.742114695340502	0.664714677298779
LC_k1_0.08_k2_0.52	280	0.822688882693475	0.797084693135663	0.840951506305656		0.08	0.52	0.629701743517125	0.742114695340502	0.664714677298779
LC_k1_0.08_k2_0.52	290	0.812500292143373	0.785858784658967	0.831516304060362		0.08	0.52	0.629701743517125	0.742114695340502	0.664714677298779
LC_k1_0.08_k2_0.52	300	0.810416560184002	0.791540350448338	0.83226080289781		0.08	0.52	0.629701743517125	0.742114695340502	0.664714677298779
LC_k1_0.08_k2_0.52	365	0.819683236144049	0.806023596883691	0.849199082974066		0.08	0.52	0.629701743517125	0.742114695340502	0.664714677298779
LC_k1_0.08_k2_0.6	10	0.527272727272727	0.806060606060606	0.321212121212121	0.745454545454545	0.08	0.6	0.571820515089831	0.678136200716846	0.610889608771493
LC_k1_0.08_k2_0.6	20	0.783458646616541	0.816541353383459	0.557894736842105	0.837593984962406	0.08	0.6	0.571820515089831	0.678136200716846	0.610889608771493
LC_k1_0.08_k2_0.6	30	0.908787541713014	0.89944382647386	0.682758620689655	0.810456062291435	0.08	0.6	0.571820515089831	0.678136200716846	0.610889608771493
LC_k1_0.08_k2_0.6	40	0.920075046904315	0.908255159474672	0.802626641651032	0.777298311444653	0.08	0.6	0.571820515089831	0.678136200716846	0.610889608771493
LC_k1_0.08_k2_0.6	50	0.914045618247299	0.903865546218487	0.850948379351741	0.813493397358944	0.08	0.6	0.571820515089831	0.678136200716846	0.610889608771493
LC_k1_0.08_k2_0.6	60	0.915143095304251	0.914142817449292	0.875465407057516	0.805168102250625	0.08	0.6	0.571820515089831	0.678136200716846	0.610889608771493
LC_k1_0.08_k2_0.6	70	0.917592511591287	0.919412124923454	0.885644300586126	0.838929227539148	0.08	0.6	0.571820515089831	0.678136200716846	0.610889608771493
LC_k1_0.08_k2_0.6	80	0.910642287857478	0.925621190811064	0.905766526019691	0.866901078293483	0.08	0.6	0.571820515089831	0.678136200716846	0.610889608771493
LC_k1_0.08_k2_0.6	90	0.909684323167469	0.918607235461168	0.901765650080257	0.876248096472816	0.08	0.6	0.571820515089831	0.678136200716846	0.610889608771493
LC_k1_0.08_k2_0.6	100	0.921344134413441	0.92992499249925	0.918691869186919	0.886312631263126	0.08	0.6	0.571820515089831	0.678136200716846	0.610889608771493
LC_k1_0.08_k2_0.6	110	0.927146495953835	0.935865473480152	0.929517841444447	0.899970696300971	0.08	0.6	0.571820515089831	0.678136200716846	0.610889608771493
LC_k1_0.08_k2_0.6	120	0.92912702270991	0.935898326272657	0.933543996110841	0.918223487742204	0.08	0.6	0.571820515089831	0.678136200716846	0.610889608771493
LC_k1_0.08_k2_0.6	130	0.9162736074506	0.920998511518661	0.927771784402354	0.917349683868413	0.08	0.6	0.571820515089831	0.678136200716846	0.610889608771493
LC_k1_0.08_k2_0.6	140	0.919000240537054	0.920618398897903	0.929553257090376	0.925157989110232	0.08	0.6	0.571820515089831	0.678136200716846	0.610889608771493
LC_k1_0.08_k2_0.6	150	0.920906706964754	0.921294279745766	0.932615671807636	0.917397217654118	0.08	0.6	0.571820515089831	0.678136200716846	0.610889608771493
LC_k1_0.08_k2_0.6	160	0.91780147662018	0.915416617836634	0.931577405367397	0.913972225477558	0.08	0.6	0.571820515089831	0.678136200716846	0.610889608771493
LC_k1_0.08_k2_0.6	170	0.907770470380616	0.905816403172917	0.924455761750356	0.911358626290753	0.08	0.6	0.571820515089831	0.678136200716846	0.610889608771493
LC_k1_0.08_k2_0.6	180	0.911707151455292	0.905851003631799	0.92654505797504	0.893764210829552	0.08	0.6	0.571820515089831	0.678136200716846	0.610889608771493
LC_k1_0.08_k2_0.6	190	0.906877140495217	0.898951567400176	0.922630310505759	0.891074982394905	0.08	0.6	0.571820515089831	0.678136200716846	0.610889608771493
LC_k1_0.08_k2_0.6	200	0.895256881422036	0.885827645691142	0.914484362109053	0.887048676216906	0.08	0.6	0.571820515089831	0.678136200716846	0.610889608771493
LC_k1_0.08_k2_0.6	210	0.893657452549945	0.882945191500941	0.912754743385823	0.884859067099027	0.08	0.6	0.571820515089831	0.678136200716846	0.610889608771493
LC_k1_0.08_k2_0.6	220	0.888549162360605	0.876885886072026	0.906644201889971	0.892822729244969	0.08	0.6	0.571820515089831	0.678136200716846	0.610889608771493
LC_k1_0.08_k2_0.6	230	0.878842782431163	0.861610271255231	0.895419408766665	0.895541709097813	0.08	0.6	0.571820515089831	0.678136200716846	0.610889608771493
LC_k1_0.08_k2_0.6	240	0.868832792235976	0.846653587735898	0.884133405093838	0.903942776784319	0.08	0.6	0.571820515089831	0.678136200716846	0.610889608771493
LC_k1_0.08_k2_0.6	250	0.85269524312389	0.829853789660634	0.866026400422407		0.08	0.6	0.571820515089831	0.678136200716846	0.610889608771493
LC_k1_0.08_k2_0.6	260	0.849822994650581	0.824849707608328	0.869084317360179		0.08	0.6	0.571820515089831	0.678136200716846	0.610889608771493
LC_k1_0.08_k2_0.6	270	0.833882190123016	0.809483745395075	0.851943709028168		0.08	0.6	0.571820515089831	0.678136200716846	0.610889608771493
LC_k1_0.08_k2_0.6	280	0.814354046061083	0.790668066101426	0.830517517533934		0.08	0.6	0.571820515089831	0.678136200716846	0.610889608771493
LC_k1_0.08_k2_0.6	290	0.80227884131633	0.775774118434308	0.81795002687719		0.08	0.6	0.571820515089831	0.678136200716846	0.610889608771493
LC_k1_0.08_k2_0.6	300	0.798919987999867	0.774480160890677	0.819473105256725		0.08	0.6	0.571820515089831	0.678136200716846	0.610889608771493
LC_k1_0.08_k2_0.6	365	0.821781833706379	0.807758690893656	0.845241508996281		0.08	0.6	0.571820515089831	0.678136200716846	0.610889608771493
LC_k1_0.08_k2_0.68	10	0.636363636363636	0.624242424242424	0.0666666666666667	0.503030303030303	0.08	0.68	0.513496769625631	0.612903225806452	0.546473959631199
LC_k1_0.08_k2_0.68	20	0.63609022556391	0.657142857142857	0.431578947368421	0.795488721804511	0.08	0.68	0.513496769625631	0.612903225806452	0.546473959631199
LC_k1_0.08_k2_0.68	30	0.839822024471635	0.838487208008899	0.622246941045606	0.821134593993326	0.08	0.68	0.513496769625631	0.612903225806452	0.546473959631199
LC_k1_0.08_k2_0.68	40	0.877298311444653	0.886116322701689	0.770731707317073	0.781050656660413	0.08	0.68	0.513496769625631	0.612903225806452	0.546473959631199
LC_k1_0.08_k2_0.68	50	0.87438175270108	0.876014405762305	0.839519807923169	0.76921968787515	0.08	0.68	0.513496769625631	0.612903225806452	0.546473959631199
LC_k1_0.08_k2_0.68	60	0.883967768824674	0.882467352042234	0.858849680466797	0.810336204501251	0.08	0.68	0.513496769625631	0.612903225806452	0.546473959631199
LC_k1_0.08_k2_0.68	70	0.887533899046453	0.893062724171114	0.880850319307147	0.85250634240224	0.08	0.68	0.513496769625631	0.612903225806452	0.546473959631199
LC_k1_0.08_k2_0.68	80	0.893319268635725	0.902180028129395	0.89395218002813	0.872269104547586	0.08	0.68	0.513496769625631	0.612903225806452	0.546473959631199
LC_k1_0.08_k2_0.68	90	0.887097172490431	0.900547392682224	0.905041774704696	0.890735481746718	0.08	0.68	0.513496769625631	0.612903225806452	0.546473959631199
LC_k1_0.08_k2_0.68	100	0.897569756975698	0.912067206720672	0.912691269126913	0.895829582958296	0.08	0.68	0.513496769625631	0.612903225806452	0.546473959631199
LC_k1_0.08_k2_0.68	110	0.909077384306742	0.919725897707549	0.923855465139869	0.908969186033406	0.08	0.68	0.513496769625631	0.612903225806452	0.546473959631199
LC_k1_0.08_k2_0.68	120	0.913084241961247	0.921279255503854	0.927738037363706	0.924397527606084	0.08	0.68	0.513496769625631	0.612903225806452	0.546473959631199
LC_k1_0.08_k2_0.68	130	0.909074273853255	0.914514741427576	0.927187316500294	0.930715973180024	0.08	0.68	0.513496769625631	0.612903225806452	0.546473959631199
LC_k1_0.08_k2_0.68	140	0.907305766329186	0.910393387417726	0.926080776716013	0.924571953379546	0.08	0.68	0.513496769625631	0.612903225806452	0.546473959631199
LC_k1_0.08_k2_0.68	150	0.9106982532557	0.910744477532335	0.93038268367483	0.920512022756567	0.08	0.68	0.513496769625631	0.612903225806452	0.546473959631199
LC_k1_0.08_k2_0.68	160	0.90987929215985	0.905007031524669	0.927906363529825	0.922295792804406	0.08	0.68	0.513496769625631	0.612903225806452	0.546473959631199
LC_k1_0.08_k2_0.68	170	0.909580425131747	0.902147641990462	0.927355108969779	0.911998583301274	0.08	0.68	0.513496769625631	0.612903225806452	0.546473959631199
LC_k1_0.08_k2_0.68	180	0.910334681111557	0.902593701451691	0.928985462514275	0.910503410599093	0.08	0.68	0.513496769625631	0.612903225806452	0.546473959631199
LC_k1_0.08_k2_0.68	190	0.895809331356314	0.888630826630276	0.916204122872627	0.897898323470107	0.08	0.68	0.513496769625631	0.612903225806452	0.546473959631199
LC_k1_0.08_k2_0.68	200	0.885740643516088	0.877691442286057	0.903813095327383	0.893012825320633	0.08	0.68	0.513496769625631	0.612903225806452	0.546473959631199
LC_k1_0.08_k2_0.68	210	0.878101544252704	0.867316719199982	0.895950993381774	0.896917649574172	0.08	0.68	0.513496769625631	0.612903225806452	0.546473959631199
LC_k1_0.08_k2_0.68	220	0.869838783295673	0.858039140553242	0.88765320094893	0.897030930391124	0.08	0.68	0.513496769625631	0.612903225806452	0.546473959631199
LC_k1_0.08_k2_0.68	230	0.868529116602023	0.856429274162329	0.885384863854581	0.897097093147976	0.08	0.68	0.513496769625631	0.612903225806452	0.546473959631199
LC_k1_0.08_k2_0.68	240	0.863286689005017	0.84995399225681	0.876102015659994	0.896198718727756	0.08	0.68	0.513496769625631	0.612903225806452	0.546473959631199
LC_k1_0.08_k2_0.68	250	0.854460903374454	0.83561772188355	0.87027504440071		0.08	0.68	0.513496769625631	0.612903225806452	0.546473959631199
LC_k1_0.08_k2_0.68	260	0.842818566956498	0.822051077223491	0.859065507341369		0.08	0.68	0.513496769625631	0.612903225806452	0.546473959631199
LC_k1_0.08_k2_0.68	270	0.833199358015885	0.809414852512837	0.850928605940334		0.08	0.68	0.513496769625631	0.612903225806452	0.546473959631199
LC_k1_0.08_k2_0.68	280	0.81612083244502	0.792129272785914	0.838048772487987		0.08	0.68	0.513496769625631	0.612903225806452	0.546473959631199
LC_k1_0.08_k2_0.68	290	0.820222717806723	0.796483208829003	0.840109132463341		0.08	0.68	0.513496769625631	0.612903225806452	0.546473959631199
LC_k1_0.08_k2_0.68	300	0.813531261458461	0.78574695274392	0.832519916887966		0.08	0.68	0.513496769625631	0.612903225806452	0.546473959631199
LC_k1_0.08_k2_0.68	365	0.820050441361917	0.810927563341666	0.839925670556706		0.08	0.68	0.513496769625631	0.612903225806452	0.546473959631199
LC_k1_0.08_k2_0.76	10	0.721212121212121	0.660606060606061	0.00606060606060606	0.721212121212121	0.08	0.76	0.445703159571644	0.534587813620072	0.478694243707949
LC_k1_0.08_k2_0.76	20	0.690225563909774	0.676691729323308	0.434586466165414	0.8	0.08	0.76	0.445703159571644	0.534587813620072	0.478694243707949
LC_k1_0.08_k2_0.76	30	0.858954393770856	0.826473859844271	0.611568409343715	0.775305895439377	0.08	0.76	0.445703159571644	0.534587813620072	0.478694243707949
LC_k1_0.08_k2_0.76	40	0.902251407129456	0.893996247654784	0.781801125703565	0.771482176360225	0.08	0.76	0.445703159571644	0.534587813620072	0.478694243707949
LC_k1_0.08_k2_0.76	50	0.879951980792317	0.882737094837935	0.835678271308523	0.764897959183673	0.08	0.76	0.445703159571644	0.534587813620072	0.478694243707949
LC_k1_0.08_k2_0.76	60	0.884745762711865	0.889469297026952	0.853514865240345	0.799833287024173	0.08	0.76	0.445703159571644	0.534587813620072	0.478694243707949
LC_k1_0.08_k2_0.76	70	0.895162278015922	0.911083894672382	0.890753214941825	0.842953372408363	0.08	0.76	0.445703159571644	0.534587813620072	0.478694243707949
LC_k1_0.08_k2_0.76	80	0.871870604781997	0.899601500234412	0.896272855133615	0.868518518518519	0.08	0.76	0.445703159571644	0.534587813620072	0.478694243707949
LC_k1_0.08_k2_0.76	90	0.897370045684652	0.915232333209861	0.913536650615302	0.880232127423139	0.08	0.76	0.445703159571644	0.534587813620072	0.478694243707949
LC_k1_0.08_k2_0.76	100	0.911911191119112	0.927584758475848	0.927776777677768	0.892781278127813	0.08	0.76	0.445703159571644	0.534587813620072	0.478694243707949
LC_k1_0.08_k2_0.76	110	0.92084394653202	0.931826071275612	0.931267046863377	0.908824921668958	0.08	0.76	0.445703159571644	0.534587813620072	0.478694243707949
LC_k1_0.08_k2_0.76	120	0.926599069379818	0.934919091603583	0.937197027571359	0.922779359677755	0.08	0.76	0.445703159571644	0.534587813620072	0.478694243707949
LC_k1_0.08_k2_0.76	130	0.920523289953434	0.926187712518265	0.934484971800789	0.93345259391771	0.08	0.76	0.445703159571644	0.534587813620072	0.478694243707949
LC_k1_0.08_k2_0.76	140	0.913686558352103	0.915414051737334	0.931272003673657	0.921668015131968	0.08	0.76	0.445703159571644	0.534587813620072	0.478694243707949
LC_k1_0.08_k2_0.76	150	0.91012578336815	0.911718743055247	0.928999511089382	0.923079247966576	0.08	0.76	0.445703159571644	0.534587813620072	0.478694243707949
LC_k1_0.08_k2_0.76	160	0.911739716395172	0.90912340325794	0.930223836868628	0.922342669635533	0.08	0.76	0.445703159571644	0.534587813620072	0.478694243707949
LC_k1_0.08_k2_0.76	170	0.912958518817057	0.909018630809534	0.928771807695361	0.912890126464787	0.08	0.76	0.445703159571644	0.534587813620072	0.478694243707949
LC_k1_0.08_k2_0.76	180	0.907130878525057	0.902441433377573	0.9234173894256	0.914139325287817	0.08	0.76	0.445703159571644	0.534587813620072	0.478694243707949
LC_k1_0.08_k2_0.76	190	0.891426646896474	0.887449863751875	0.91051450616069	0.90533751481671	0.08	0.76	0.445703159571644	0.534587813620072	0.478694243707949
LC_k1_0.08_k2_0.76	200	0.887182179554489	0.878343958598965	0.902790069751744	0.897836945923648	0.08	0.76	0.445703159571644	0.534587813620072	0.478694243707949
LC_k1_0.08_k2_0.76	210	0.880702186314558	0.868955888212561	0.896775113138296	0.901252053010596	0.08	0.76	0.445703159571644	0.534587813620072	0.478694243707949
LC_k1_0.08_k2_0.76	220	0.87281855936167	0.860758580661885	0.888827530245741	0.896007618489488	0.08	0.76	0.445703159571644	0.534587813620072	0.478694243707949
LC_k1_0.08_k2_0.76	230	0.86977973611731	0.85572012950027	0.880533288621384	0.896123621963759	0.08	0.76	0.445703159571644	0.534587813620072	0.478694243707949
LC_k1_0.08_k2_0.76	240	0.867083629924131	0.849686626503932	0.871912706817827	0.897924443132693	0.08	0.76	0.445703159571644	0.534587813620072	0.478694243707949
LC_k1_0.08_k2_0.76	250	0.857241107857726	0.843908414534633	0.862023520376326		0.08	0.76	0.445703159571644	0.534587813620072	0.478694243707949
LC_k1_0.08_k2_0.76	260	0.850806168047547	0.830360940705768	0.856410256410256		0.08	0.76	0.445703159571644	0.534587813620072	0.478694243707949
LC_k1_0.08_k2_0.76	270	0.839249128550765	0.821356488657823	0.854898786906085		0.08	0.76	0.445703159571644	0.534587813620072	0.478694243707949
LC_k1_0.08_k2_0.76	280	0.824867846346437	0.806727673275716	0.839654842536257		0.08	0.76	0.445703159571644	0.534587813620072	0.478694243707949
LC_k1_0.08_k2_0.76	290	0.825859916330138	0.802868786417978	0.840291183912556		0.08	0.76	0.445703159571644	0.534587813620072	0.478694243707949
LC_k1_0.08_k2_0.76	300	0.817107745641618	0.791002566695186	0.830032778141979		0.08	0.76	0.445703159571644	0.534587813620072	0.478694243707949
LC_k1_0.08_k2_0.76	365	0.831434296671216	0.816045486065697	0.843698654814756		0.08	0.76	0.445703159571644	0.534587813620072	0.478694243707949
LC_k1_0.12_k2_0.04	10	0.539393939393939	0.187878787878788	-0.442424242424242	0.624242424242424	0.12	0.04	0.795999645986371	0.904301075268817	0.826812858210815
LC_k1_0.12_k2_0.04	20	0.715789473684211	0.717293233082707	0.336842105263158	0.729323308270677	0.12	0.04	0.795999645986371	0.904301075268817	0.826812858210815
LC_k1_0.12_k2_0.04	30	0.816240266963293	0.816240266963293	0.469187986651835	0.775750834260289	0.12	0.04	0.795999645986371	0.904301075268817	0.826812858210815
LC_k1_0.12_k2_0.04	40	0.824765478424015	0.826454033771107	0.660975609756098	0.800375234521576	0.12	0.04	0.795999645986371	0.904301075268817	0.826812858210815
LC_k1_0.12_k2_0.04	50	0.832989195678271	0.820408163265306	0.743961584633854	0.803985594237695	0.12	0.04	0.795999645986371	0.904301075268817	0.826812858210815
LC_k1_0.12_k2_0.04	60	0.839844401222562	0.835565434843012	0.78160600166713	0.822283967768825	0.12	0.04	0.795999645986371	0.904301075268817	0.826812858210815
LC_k1_0.12_k2_0.04	70	0.858700026244423	0.856425509579214	0.823357536523489	0.838999212667308	0.12	0.04	0.795999645986371	0.904301075268817	0.826812858210815
LC_k1_0.12_k2_0.04	80	0.840060947022972	0.847655883731833	0.835443037974683	0.86502578527895	0.12	0.04	0.795999645986371	0.904301075268817	0.826812858210815
LC_k1_0.12_k2_0.04	90	0.851652467382804	0.856755978104293	0.856476108161501	0.895690826027905	0.12	0.04	0.795999645986371	0.904301075268817	0.826812858210815
LC_k1_0.12_k2_0.04	100	0.854461446144615	0.861674167416742	0.867206720672067	0.903414341434143	0.12	0.04	0.795999645986371	0.904301075268817	0.826812858210815
LC_k1_0.12_k2_0.04	110	0.846529765795821	0.862543110249532	0.871117823411401	0.913252034352952	0.12	0.04	0.795999645986371	0.904301075268817	0.826812858210815
LC_k1_0.12_k2_0.04	120	0.856538648517258	0.870136815056601	0.882123758594347	0.916758108201958	0.12	0.04	0.795999645986371	0.904301075268817	0.826812858210815
LC_k1_0.12_k2_0.04	130	0.869898537464666	0.879086154392386	0.892638162476614	0.921555667836513	0.12	0.04	0.795999645986371	0.904301075268817	0.826812858210815
LC_k1_0.12_k2_0.04	140	0.880011370842536	0.884699656688024	0.902280728608603	0.915505893157814	0.12	0.04	0.795999645986371	0.904301075268817	0.826812858210815
LC_k1_0.12_k2_0.04	150	0.877171429841326	0.877246099826659	0.897894128627939	0.906470509800436	0.12	0.04	0.795999645986371	0.904301075268817	0.826812858210815
LC_k1_0.12_k2_0.04	160	0.865548458924177	0.865375600609399	0.890237899917965	0.897424704090003	0.12	0.04	0.795999645986371	0.904301075268817	0.826812858210815
LC_k1_0.12_k2_0.04	170	0.860357472169809	0.856251488449631	0.884673395985613	0.892824298825728	0.12	0.04	0.795999645986371	0.904301075268817	0.826812858210815
LC_k1_0.12_k2_0.04	180	0.849567373478605	0.843589822731154	0.876070249081762	0.878975688550058	0.12	0.04	0.795999645986371	0.904301075268817	0.826812858210815
LC_k1_0.12_k2_0.04	190	0.843302846995325	0.833935624401318	0.869425745865537	0.868995350505409	0.12	0.04	0.795999645986371	0.904301075268817	0.826812858210815
LC_k1_0.12_k2_0.04	200	0.84110402760069	0.82761569039226	0.865929648241206	0.874220355508888	0.12	0.04	0.795999645986371	0.904301075268817	0.826812858210815
LC_k1_0.12_k2_0.04	210	0.830705587752233	0.817130935913675	0.852904989747095	0.877356467428805	0.12	0.04	0.795999645986371	0.904301075268817	0.826812858210815
LC_k1_0.12_k2_0.04	220	0.817005234894034	0.802206657162338	0.839867465330802	0.880175585896779	0.12	0.04	0.795999645986371	0.904301075268817	0.826812858210815
LC_k1_0.12_k2_0.04	230	0.813831279789131	0.800354572331029	0.838777588464317	0.886720304567276	0.12	0.04	0.795999645986371	0.904301075268817	0.826812858210815
LC_k1_0.12_k2_0.04	240	0.808466292817584	0.793155263112207	0.83206739700342	0.89822653171062	0.12	0.04	0.795999645986371	0.904301075268817	0.826812858210815
LC_k1_0.12_k2_0.04	250	0.800014208227332	0.781324629194067	0.819778236451783		0.12	0.04	0.795999645986371	0.904301075268817	0.826812858210815
LC_k1_0.12_k2_0.04	260	0.795934168347961	0.778172185068737	0.821196945334876		0.12	0.04	0.795999645986371	0.904301075268817	0.826812858210815
LC_k1_0.12_k2_0.04	270	0.78354648973999	0.765491677221605	0.80688532535883		0.12	0.04	0.795999645986371	0.904301075268817	0.826812858210815
LC_k1_0.12_k2_0.04	280	0.777784519846281	0.754505797267822	0.792978773417299		0.12	0.04	0.795999645986371	0.904301075268817	0.826812858210815
LC_k1_0.12_k2_0.04	290	0.779741363934378	0.758143173624189	0.792094292810075		0.12	0.04	0.795999645986371	0.904301075268817	0.826812858210815
LC_k1_0.12_k2_0.04	300	0.781574461938466	0.759359103990044	0.790447004966722		0.12	0.04	0.795999645986371	0.904301075268817	0.826812858210815
LC_k1_0.12_k2_0.04	365	0.780777744599887	0.761664071387853	0.812684127011547		0.12	0.04	0.795999645986371	0.904301075268817	0.826812858210815
LC_k1_0.12_k2_0.12	10	0.454545454545455	0.36969696969697	-0.0424242424242424	0.806060606060606	0.12	0.12	0.752721479776971	0.865412186379928	0.784575130824819
LC_k1_0.12_k2_0.12	20	0.771428571428571	0.765413533834587	0.428571428571429	0.726315789473684	0.12	0.12	0.752721479776971	0.865412186379928	0.784575130824819
LC_k1_0.12_k2_0.12	30	0.876751946607342	0.852280311457175	0.543937708565072	0.795328142380423	0.12	0.12	0.752721479776971	0.865412186379928	0.784575130824819
LC_k1_0.12_k2_0.12	40	0.884615384615385	0.842026266416511	0.71313320825516	0.786866791744841	0.12	0.12	0.752721479776971	0.865412186379928	0.784575130824819
LC_k1_0.12_k2_0.12	50	0.899255702280913	0.85968787515006	0.803505402160864	0.792268907563025	0.12	0.12	0.752721479776971	0.865412186379928	0.784575130824819
LC_k1_0.12_k2_0.12	60	0.890914142817449	0.864406779661017	0.819560989163657	0.811447624340095	0.12	0.12	0.752721479776971	0.865412186379928	0.784575130824819
LC_k1_0.12_k2_0.12	70	0.889108564430059	0.881900096229551	0.855900621118012	0.850756714198233	0.12	0.12	0.752721479776971	0.865412186379928	0.784575130824819
LC_k1_0.12_k2_0.12	80	0.872456633849039	0.878105954055321	0.861837787154243	0.875480543834974	0.12	0.12	0.752721479776971	0.865412186379928	0.784575130824819
LC_k1_0.12_k2_0.12	90	0.880577849117175	0.88958307609993	0.881466847758983	0.88209243939581	0.12	0.12	0.752721479776971	0.865412186379928	0.784575130824819
LC_k1_0.12_k2_0.12	100	0.896237623762376	0.905370537053705	0.89965796579658	0.891461146114611	0.12	0.12	0.752721479776971	0.865412186379928	0.784575130824819
LC_k1_0.12_k2_0.12	110	0.901521538218786	0.908265897256723	0.909771656560647	0.909843788742871	0.12	0.12	0.752721479776971	0.865412186379928	0.784575130824819
LC_k1_0.12_k2_0.12	120	0.899965275366345	0.904771164664213	0.908938120702826	0.911195221890409	0.12	0.12	0.752721479776971	0.865412186379928	0.784575130824819
LC_k1_0.12_k2_0.12	130	0.907468352701798	0.911974764096191	0.917661035928389	0.916645044995835	0.12	0.12	0.752721479776971	0.865412186379928	0.784575130824819
LC_k1_0.12_k2_0.12	140	0.902285102009578	0.90451990990794	0.915072926461263	0.916721698628939	0.12	0.12	0.752721479776971	0.865412186379928	0.784575130824819
LC_k1_0.12_k2_0.12	150	0.899892439663985	0.900233788168363	0.915046890972932	0.913222809902662	0.12	0.12	0.752721479776971	0.865412186379928	0.784575130824819
LC_k1_0.12_k2_0.12	160	0.898338802296965	0.895825032227821	0.914581624282198	0.910181061760225	0.12	0.12	0.752721479776971	0.865412186379928	0.784575130824819
LC_k1_0.12_k2_0.12	170	0.886651889033409	0.88430700838417	0.907792453636702	0.896930282545906	0.12	0.12	0.752721479776971	0.865412186379928	0.784575130824819
LC_k1_0.12_k2_0.12	180	0.884432647098162	0.880368735660566	0.905258392748747	0.883648672284124	0.12	0.12	0.752721479776971	0.865412186379928	0.784575130824819
LC_k1_0.12_k2_0.12	190	0.878278593516951	0.871778923749164	0.900827111408539	0.880533795221037	0.12	0.12	0.752721479776971	0.865412186379928	0.784575130824819
LC_k1_0.12_k2_0.12	200	0.867456686417161	0.85831995799895	0.890138753468837	0.881746043651091	0.12	0.12	0.752721479776971	0.865412186379928	0.784575130824819
LC_k1_0.12_k2_0.12	210	0.872935246345074	0.858312303809934	0.888421182210157	0.884686727590195	0.12	0.12	0.752721479776971	0.865412186379928	0.784575130824819
LC_k1_0.12_k2_0.12	220	0.858063934453943	0.841990724827147	0.873256960605873	0.884942776804179	0.12	0.12	0.752721479776971	0.865412186379928	0.784575130824819
LC_k1_0.12_k2_0.12	230	0.861087535968873	0.847595047822882	0.878856590533067	0.893370878219938	0.12	0.12	0.752721479776971	0.865412186379928	0.784575130824819
LC_k1_0.12_k2_0.12	240	0.840176044722999	0.828401534748867	0.856579107276168	0.903659785760169	0.12	0.12	0.752721479776971	0.865412186379928	0.784575130824819
LC_k1_0.12_k2_0.12	250	0.825938463015408	0.811797052752844	0.842974511592186		0.12	0.12	0.752721479776971	0.865412186379928	0.784575130824819
LC_k1_0.12_k2_0.12	260	0.816838892700962	0.793598448770863	0.830987713746334		0.12	0.12	0.752721479776971	0.865412186379928	0.784575130824819
LC_k1_0.12_k2_0.12	270	0.799024220725479	0.778422200578883	0.814765939480956		0.12	0.12	0.752721479776971	0.865412186379928	0.784575130824819
LC_k1_0.12_k2_0.12	280	0.799539717161115	0.778637300402884	0.813294083561561		0.12	0.12	0.752721479776971	0.865412186379928	0.784575130824819
LC_k1_0.12_k2_0.12	290	0.795862265777895	0.772499652503146	0.80718488185722		0.12	0.12	0.752721479776971	0.865412186379928	0.784575130824819
LC_k1_0.12_k2_0.12	300	0.792423915821287	0.773493483260925	0.798252869476328		0.12	0.12	0.752721479776971	0.865412186379928	0.784575130824819
LC_k1_0.12_k2_0.12	365	0.80008291730726	0.781441576613371	0.828115630159196		0.12	0.12	0.752721479776971	0.865412186379928	0.784575130824819
LC_k1_0.12_k2_0.2	10	0.503030303030303	0.0666666666666667	-0.515151515151515	0.539393939393939	0.12	0.2	0.70926630675281	0.82258064516129	0.746947420882133
LC_k1_0.12_k2_0.2	20	0.736842105263158	0.726315789473684	0.41203007518797	0.723308270676692	0.12	0.2	0.70926630675281	0.82258064516129	0.746947420882133
LC_k1_0.12_k2_0.2	30	0.839377085650723	0.845606229143493	0.544382647385984	0.81579532814238	0.12	0.2	0.70926630675281	0.82258064516129	0.746947420882133
LC_k1_0.12_k2_0.2	40	0.884427767354597	0.869793621013134	0.718386491557224	0.812570356472796	0.12	0.2	0.70926630675281	0.82258064516129	0.746947420882133
LC_k1_0.12_k2_0.2	50	0.874669867947179	0.848739495798319	0.795246098439376	0.789003601440576	0.12	0.2	0.70926630675281	0.82258064516129	0.746947420882133
LC_k1_0.12_k2_0.2	60	0.862572936926924	0.836621283689914	0.805334815226452	0.836732425673798	0.12	0.2	0.70926630675281	0.82258064516129	0.746947420882133
LC_k1_0.12_k2_0.2	70	0.872802029568717	0.8684279590587	0.851526550607996	0.875846382643688	0.12	0.2	0.70926630675281	0.82258064516129	0.746947420882133
LC_k1_0.12_k2_0.2	80	0.857337083919363	0.863220815752461	0.856047819971871	0.881106422878575	0.12	0.2	0.70926630675281	0.82258064516129	0.746947420882133
LC_k1_0.12_k2_0.2	90	0.867983701691567	0.876330411161872	0.879162036465407	0.896711528172202	0.12	0.2	0.70926630675281	0.82258064516129	0.746947420882133
LC_k1_0.12_k2_0.2	100	0.885628562856286	0.891509150915092	0.895625562556256	0.904494449444945	0.12	0.2	0.70926630675281	0.82258064516129	0.746947420882133
LC_k1_0.12_k2_0.2	110	0.88813200189347	0.898221490882041	0.904524040303857	0.919509501160877	0.12	0.2	0.70926630675281	0.82258064516129	0.746947420882133
LC_k1_0.12_k2_0.2	120	0.890513230085422	0.895902493228696	0.905680950065977	0.923390513230085	0.12	0.2	0.70926630675281	0.82258064516129	0.746947420882133
LC_k1_0.12_k2_0.2	130	0.892610850892406	0.895926477215311	0.906605306640812	0.921615753321771	0.12	0.2	0.70926630675281	0.82258064516129	0.746947420882133
LC_k1_0.12_k2_0.2	140	0.896778990181715	0.898965690669349	0.912982440795084	0.923343027705495	0.12	0.2	0.70926630675281	0.82258064516129	0.746947420882133
LC_k1_0.12_k2_0.2	150	0.897186541624072	0.897182985910485	0.916764300635584	0.917695897595449	0.12	0.2	0.70926630675281	0.82258064516129	0.746947420882133
LC_k1_0.12_k2_0.2	160	0.894181413336458	0.892212586429157	0.913682175084964	0.918536856908473	0.12	0.2	0.70926630675281	0.82258064516129	0.746947420882133
LC_k1_0.12_k2_0.2	170	0.890047080806786	0.887751051837739	0.91111925305781	0.905271706938771	0.12	0.2	0.70926630675281	0.82258064516129	0.746947420882133
LC_k1_0.12_k2_0.2	180	0.889358725063531	0.882317355473934	0.91328744714343	0.889391647890367	0.12	0.2	0.70926630675281	0.82258064516129	0.746947420882133
LC_k1_0.12_k2_0.2	190	0.882460076893806	0.874069116945943	0.903225778232667	0.88779278038027	0.12	0.2	0.70926630675281	0.82258064516129	0.746947420882133
LC_k1_0.12_k2_0.2	200	0.879981999549989	0.872072301807545	0.903787594689867	0.887302182554564	0.12	0.2	0.70926630675281	0.82258064516129	0.746947420882133
LC_k1_0.12_k2_0.2	210	0.869404230092681	0.860554013210536	0.888212560699465	0.889411162546608	0.12	0.2	0.70926630675281	0.82258064516129	0.746947420882133
LC_k1_0.12_k2_0.2	220	0.867068628390143	0.855772752630126	0.885794785391884	0.891475969638742	0.12	0.2	0.70926630675281	0.82258064516129	0.746947420882133
LC_k1_0.12_k2_0.2	230	0.863540446642782	0.845645146575467	0.880985010812237	0.896145320409607	0.12	0.2	0.70926630675281	0.82258064516129	0.746947420882133
LC_k1_0.12_k2_0.2	240	0.841765482039619	0.826172329380718	0.860227608118196	0.906918522891022	0.12	0.2	0.70926630675281	0.82258064516129	0.746947420882133
LC_k1_0.12_k2_0.2	250	0.823834877358038	0.809483031728508	0.843082033312533		0.12	0.2	0.70926630675281	0.82258064516129	0.746947420882133
LC_k1_0.12_k2_0.2	260	0.821022158953193	0.800777662846628	0.840856999477689		0.12	0.2	0.70926630675281	0.82258064516129	0.746947420882133
LC_k1_0.12_k2_0.2	270	0.814573283279301	0.790297382527728	0.826196670888642		0.12	0.2	0.70926630675281	0.82258064516129	0.746947420882133
LC_k1_0.12_k2_0.2	280	0.805842093466936	0.781342692053288	0.821200889953042		0.12	0.2	0.70926630675281	0.82258064516129	0.746947420882133
LC_k1_0.12_k2_0.2	290	0.800785035370874	0.772938052074095	0.811741580427993		0.12	0.2	0.70926630675281	0.82258064516129	0.746947420882133
LC_k1_0.12_k2_0.2	300	0.793997266636296	0.771860131779242	0.803903154479494		0.12	0.2	0.70926630675281	0.82258064516129	0.746947420882133
LC_k1_0.12_k2_0.2	365	0.811013195203629	0.792340760519516	0.836209198391997		0.12	0.2	0.70926630675281	0.82258064516129	0.746947420882133
LC_k1_0.12_k2_0.28	10	0.563636363636364	0.503030303030303	-0.0424242424242424	0.890909090909091	0.12	0.28	0.657491813434817	0.771863799283154	0.699352105656616
LC_k1_0.12_k2_0.28	20	0.739849624060151	0.765413533834587	0.37593984962406	0.789473684210526	0.12	0.28	0.657491813434817	0.771863799283154	0.699352105656616
LC_k1_0.12_k2_0.28	30	0.87007786429366	0.862958843159066	0.596440489432703	0.830033370411569	0.12	0.28	0.657491813434817	0.771863799283154	0.699352105656616
LC_k1_0.12_k2_0.28	40	0.904502814258912	0.885741088180113	0.742401500938087	0.820262664165103	0.12	0.28	0.657491813434817	0.771863799283154	0.699352105656616
LC_k1_0.12_k2_0.28	50	0.892148859543818	0.861608643457383	0.808211284513806	0.808787515006003	0.12	0.28	0.657491813434817	0.771863799283154	0.699352105656616
LC_k1_0.12_k2_0.28	60	0.880800222283968	0.853514865240345	0.821894970825229	0.850291747707697	0.12	0.28	0.657491813434817	0.771863799283154	0.699352105656616
LC_k1_0.12_k2_0.28	70	0.88434957571516	0.877910943924416	0.858315108039542	0.869442743417024	0.12	0.28	0.657491813434817	0.771863799283154	0.699352105656616
LC_k1_0.12_k2_0.28	80	0.890131270511017	0.88806844819503	0.873136427566807	0.89620253164557	0.12	0.28	0.657491813434817	0.771863799283154	0.699352105656616
LC_k1_0.12_k2_0.28	90	0.880495534428119	0.881730254763963	0.886981931925752	0.904630201259415	0.12	0.28	0.657491813434817	0.771863799283154	0.699352105656616
LC_k1_0.12_k2_0.28	100	0.878943894389439	0.891353135313531	0.895457545754575	0.911371137113711	0.12	0.28	0.657491813434817	0.771863799283154	0.699352105656616
LC_k1_0.12_k2_0.28	110	0.88741068007123	0.898383788292045	0.906029799607781	0.9228185650204	0.12	0.28	0.657491813434817	0.771863799283154	0.699352105656616
LC_k1_0.12_k2_0.28	120	0.899569414542676	0.906972706437947	0.916765053128689	0.932641155635808	0.12	0.28	0.657491813434817	0.771863799283154	0.699352105656616
LC_k1_0.12_k2_0.28	130	0.90498299853883	0.910712968905761	0.922314929877507	0.938909448442557	0.12	0.28	0.657491813434817	0.771863799283154	0.699352105656616
LC_k1_0.12_k2_0.28	140	0.90622990968927	0.910502722442107	0.924672541601977	0.927886991318799	0.12	0.28	0.657491813434817	0.771863799283154	0.699352105656616
LC_k1_0.12_k2_0.28	150	0.902527223432153	0.902182319214187	0.919150184452642	0.919448864393973	0.12	0.28	0.657491813434817	0.771863799283154	0.699352105656616
LC_k1_0.12_k2_0.28	160	0.901593812258291	0.899730458221024	0.915287706551037	0.921589710535568	0.12	0.28	0.657491813434817	0.771863799283154	0.699352105656616
LC_k1_0.12_k2_0.28	170	0.901957120437711	0.89670556481702	0.915335153058421	0.912193990022045	0.12	0.28	0.657491813434817	0.771863799283154	0.699352105656616
LC_k1_0.12_k2_0.28	180	0.893083119849378	0.887202279905758	0.908550675432369	0.897537989855654	0.12	0.28	0.657491813434817	0.771863799283154	0.699352105656616
LC_k1_0.12_k2_0.28	190	0.884279634513859	0.876714473793559	0.906074085737905	0.89223145122842	0.12	0.28	0.657491813434817	0.771863799283154	0.699352105656616
LC_k1_0.12_k2_0.28	200	0.875280882022051	0.86504012600315	0.894628365709143	0.894817370434261	0.12	0.28	0.657491813434817	0.771863799283154	0.699352105656616
LC_k1_0.12_k2_0.28	210	0.857612579488359	0.848833630824152	0.878437152769904	0.89766013482651	0.12	0.28	0.657491813434817	0.771863799283154	0.699352105656616
LC_k1_0.12_k2_0.28	220	0.839735606858895	0.826767269797085	0.864191408913407	0.899561035258054	0.12	0.28	0.657491813434817	0.771863799283154	0.699352105656616
LC_k1_0.12_k2_0.28	230	0.843372727519301	0.831641758659036	0.868330871710405	0.903189424966528	0.12	0.28	0.657491813434817	0.771863799283154	0.699352105656616
LC_k1_0.12_k2_0.28	240	0.835679438879147	0.817563672980434	0.857664195558951	0.912988940780222	0.12	0.28	0.657491813434817	0.771863799283154	0.699352105656616
LC_k1_0.12_k2_0.28	250	0.835351221619546	0.810887726203619	0.858375462007392		0.12	0.28	0.657491813434817	0.771863799283154	0.699352105656616
LC_k1_0.12_k2_0.28	260	0.819997337238716	0.794387718525649	0.839931860621516		0.12	0.28	0.657491813434817	0.771863799283154	0.699352105656616
LC_k1_0.12_k2_0.28	270	0.80157447671131	0.779589721547773	0.819108020076483		0.12	0.28	0.657491813434817	0.771863799283154	0.699352105656616
LC_k1_0.12_k2_0.28	280	0.813008730067621	0.789410214780436	0.822724961870869		0.12	0.28	0.657491813434817	0.771863799283154	0.699352105656616
LC_k1_0.12_k2_0.28	290	0.80229557036842	0.778384342591306	0.820572551807783		0.12	0.28	0.657491813434817	0.771863799283154	0.699352105656616
LC_k1_0.12_k2_0.28	300	0.799964444049378	0.776444182713141	0.808501427793642		0.12	0.28	0.657491813434817	0.771863799283154	0.699352105656616
LC_k1_0.12_k2_0.28	365	0.8164610597128	0.802072192348411	0.845130952586601		0.12	0.28	0.657491813434817	0.771863799283154	0.699352105656616
LC_k1_0.12_k2_0.36	10	0.793939393939394	0.757575757575757	0.163636363636364	0.806060606060606	0.12	0.36	0.603062217895389	0.711827956989247	0.646523797657613
LC_k1_0.12_k2_0.36	20	0.792481203007519	0.846616541353384	0.418045112781955	0.869172932330827	0.12	0.36	0.603062217895389	0.711827956989247	0.646523797657613
LC_k1_0.12_k2_0.36	30	0.889210233592881	0.903448275862069	0.60845383759733	0.799777530589544	0.12	0.36	0.603062217895389	0.711827956989247	0.646523797657613
LC_k1_0.12_k2_0.36	40	0.91031894934334	0.91594746716698	0.769418386491557	0.81313320825516	0.12	0.36	0.603062217895389	0.711827956989247	0.646523797657613
LC_k1_0.12_k2_0.36	50	0.931812725090036	0.918943577430972	0.862665066026411	0.794189675870348	0.12	0.36	0.603062217895389	0.711827956989247	0.646523797657613
LC_k1_0.12_k2_0.36	60	0.888580161155877	0.86724090025007	0.840400111141984	0.841844956932481	0.12	0.36	0.603062217895389	0.711827956989247	0.646523797657613
LC_k1_0.12_k2_0.36	70	0.903910419035955	0.896352025194646	0.881935088793631	0.849671944711749	0.12	0.36	0.603062217895389	0.711827956989247	0.646523797657613
LC_k1_0.12_k2_0.36	80	0.88356774496015	0.89746835443038	0.889334270979841	0.886497890295359	0.12	0.36	0.603062217895389	0.711827956989247	0.646523797657613
LC_k1_0.12_k2_0.36	90	0.904350331316623	0.909190435033132	0.909931267234638	0.890126353047702	0.12	0.36	0.603062217895389	0.711827956989247	0.646523797657613
LC_k1_0.12_k2_0.36	100	0.915607560756076	0.921440144014401	0.922712271227123	0.894833483348335	0.12	0.36	0.603062217895389	0.711827956989247	0.646523797657613
LC_k1_0.12_k2_0.36	110	0.917453733967495	0.923945630367649	0.927687487320515	0.908049500710051	0.12	0.36	0.603062217895389	0.711827956989247	0.646523797657613
LC_k1_0.12_k2_0.36	120	0.925828182512674	0.929133967636641	0.935703868324189	0.917897076185846	0.12	0.36	0.603062217895389	0.711827956989247	0.646523797657613
LC_k1_0.12_k2_0.36	130	0.918059785057832	0.919682093159814	0.930956315121059	0.920796405795518	0.12	0.36	0.603062217895389	0.711827956989247	0.646523797657613
LC_k1_0.12_k2_0.36	140	0.915492772954888	0.914823642605672	0.930773435962476	0.925262950733638	0.12	0.36	0.603062217895389	0.711827956989247	0.646523797657613
LC_k1_0.12_k2_0.36	150	0.911722298768834	0.910058224809992	0.929024401084493	0.927811902751234	0.12	0.36	0.603062217895389	0.711827956989247	0.646523797657613
LC_k1_0.12_k2_0.36	160	0.910708426110395	0.909964256416266	0.929350755888902	0.914786710418376	0.12	0.36	0.603062217895389	0.711827956989247	0.646523797657613
LC_k1_0.12_k2_0.36	170	0.909629276811939	0.907237987066518	0.929470386722113	0.911058188457569	0.12	0.36	0.603062217895389	0.711827956989247	0.646523797657613
LC_k1_0.12_k2_0.36	180	0.908923114910954	0.90415136269638	0.930870294350649	0.89853390536745	0.12	0.36	0.603062217895389	0.711827956989247	0.646523797657613
LC_k1_0.12_k2_0.36	190	0.908768430675292	0.90022000901031	0.926783800688458	0.892835054477381	0.12	0.36	0.603062217895389	0.711827956989247	0.646523797657613
LC_k1_0.12_k2_0.36	200	0.898867471686792	0.887896197404935	0.919159978999475	0.894434860871522	0.12	0.36	0.603062217895389	0.711827956989247	0.646523797657613
LC_k1_0.12_k2_0.36	210	0.890762667115872	0.879140764448821	0.908654877175705	0.893513620328287	0.12	0.36	0.603062217895389	0.711827956989247	0.646523797657613
LC_k1_0.12_k2_0.36	220	0.883078726269701	0.870428201935051	0.898656057882488	0.896663529862563	0.12	0.36	0.603062217895389	0.711827956989247	0.646523797657613
LC_k1_0.12_k2_0.36	230	0.871466297135559	0.859028156199221	0.888683027623601	0.902838304660974	0.12	0.36	0.603062217895389	0.711827956989247	0.646523797657613
LC_k1_0.12_k2_0.36	240	0.857698918384	0.841712529731419	0.876988315769371	0.909923783399017	0.12	0.36	0.603062217895389	0.711827956989247	0.646523797657613
LC_k1_0.12_k2_0.36	250	0.838171362741804	0.820775116401862	0.858165026640426		0.12	0.36	0.603062217895389	0.711827956989247	0.646523797657613
LC_k1_0.12_k2_0.36	260	0.836178732730457	0.813674986088779	0.851088147639872		0.12	0.36	0.603062217895389	0.711827956989247	0.646523797657613
LC_k1_0.12_k2_0.36	270	0.82289590925649	0.799658888782196	0.840912922140374		0.12	0.36	0.603062217895389	0.711827956989247	0.646523797657613
LC_k1_0.12_k2_0.36	280	0.816899268030022	0.789065822632577	0.834898950970585		0.12	0.36	0.603062217895389	0.711827956989247	0.646523797657613
LC_k1_0.12_k2_0.36	290	0.806786828823665	0.778337107620698	0.827509204053843		0.12	0.36	0.603062217895389	0.711827956989247	0.646523797657613
LC_k1_0.12_k2_0.36	300	0.79382793142146	0.769169435215947	0.811559239547106		0.12	0.36	0.603062217895389	0.711827956989247	0.646523797657613
LC_k1_0.12_k2_0.36	365	0.822549312353938	0.81154944314612	0.84958800462955		0.12	0.36	0.603062217895389	0.711827956989247	0.646523797657613
LC_k1_0.12_k2_0.44	10	0.696969696969697	0.636363636363636	-0.115151515151515	0.612121212121212	0.12	0.44	0.547570581467387	0.651433691756273	0.590082232743583
LC_k1_0.12_k2_0.44	20	0.747368421052632	0.753383458646617	0.475187969924812	0.729323308270677	0.12	0.44	0.547570581467387	0.651433691756273	0.590082232743583
LC_k1_0.12_k2_0.44	30	0.877641824249166	0.877196885428254	0.640489432703003	0.794438264738599	0.12	0.44	0.547570581467387	0.651433691756273	0.590082232743583
LC_k1_0.12_k2_0.44	40	0.900750469043152	0.904502814258912	0.784990619136961	0.823452157598499	0.12	0.44	0.547570581467387	0.651433691756273	0.590082232743583
LC_k1_0.12_k2_0.44	50	0.884081632653061	0.867851140456182	0.836158463385354	0.803409363745498	0.12	0.44	0.547570581467387	0.651433691756273	0.590082232743583
LC_k1_0.12_k2_0.44	60	0.892859127535427	0.875909974993054	0.846790775215338	0.835287579883301	0.12	0.44	0.547570581467387	0.651433691756273	0.590082232743583
LC_k1_0.12_k2_0.44	70	0.906394891085644	0.901915842883387	0.889248534686379	0.850231825737031	0.12	0.44	0.547570581467387	0.651433691756273	0.590082232743583
LC_k1_0.12_k2_0.44	80	0.881059540553211	0.899343647444913	0.893178621659634	0.878059071729958	0.12	0.44	0.547570581467387	0.651433691756273	0.590082232743583
LC_k1_0.12_k2_0.44	90	0.902687574597687	0.910820265876446	0.914211631065564	0.883837510803803	0.12	0.44	0.547570581467387	0.651433691756273	0.590082232743583
LC_k1_0.12_k2_0.44	100	0.908778877887789	0.918571857185719	0.919111911191119	0.889252925292529	0.12	0.44	0.547570581467387	0.651433691756273	0.590082232743583
LC_k1_0.12_k2_0.44	110	0.919635732479769	0.926785835042716	0.930527691995582	0.90320762797827	0.12	0.44	0.547570581467387	0.651433691756273	0.590082232743583
LC_k1_0.12_k2_0.44	120	0.920133342593235	0.925112855059379	0.931523022432113	0.917813737065074	0.12	0.44	0.547570581467387	0.651433691756273	0.590082232743583
LC_k1_0.12_k2_0.44	130	0.915219380300154	0.918321976266233	0.929585273593795	0.919239645495637	0.12	0.44	0.547570581467387	0.651433691756273	0.590082232743583
LC_k1_0.12_k2_0.44	140	0.907371367343815	0.908057991296932	0.921519319498808	0.923316787299644	0.12	0.44	0.547570581467387	0.651433691756273	0.590082232743583
LC_k1_0.12_k2_0.44	150	0.911768523045469	0.909677763456154	0.92887150540024	0.926151384505978	0.12	0.44	0.547570581467387	0.651433691756273	0.590082232743583
LC_k1_0.12_k2_0.44	160	0.901001992265323	0.898951130903551	0.922480370326966	0.918038790577757	0.12	0.44	0.547570581467387	0.651433691756273	0.590082232743583
LC_k1_0.12_k2_0.44	170	0.903378704331312	0.89988825178156	0.924636512967068	0.910962927681194	0.12	0.44	0.547570581467387	0.651433691756273	0.590082232743583
LC_k1_0.12_k2_0.44	180	0.898830210808976	0.894638723417389	0.91899544224616	0.894290976058932	0.12	0.44	0.547570581467387	0.651433691756273	0.590082232743583
LC_k1_0.12_k2_0.44	190	0.89751341705048	0.890319166152729	0.918828484824627	0.88910846050554	0.12	0.44	0.547570581467387	0.651433691756273	0.590082232743583
LC_k1_0.12_k2_0.44	200	0.890332258306458	0.880670516762919	0.910693767344184	0.891641791044776	0.12	0.44	0.547570581467387	0.651433691756273	0.590082232743583
LC_k1_0.12_k2_0.44	210	0.887711091602336	0.876106034150434	0.908805188326266	0.891174726994133	0.12	0.44	0.547570581467387	0.651433691756273	0.590082232743583
LC_k1_0.12_k2_0.44	220	0.875876098116227	0.865497596682125	0.897994511531982	0.898189481751126	0.12	0.44	0.547570581467387	0.651433691756273	0.590082232743583
LC_k1_0.12_k2_0.44	230	0.869908940499409	0.851135839668211	0.886382992363627	0.899594387006576	0.12	0.44	0.547570581467387	0.651433691756273	0.590082232743583
LC_k1_0.12_k2_0.44	240	0.870899668397021	0.852057327384156	0.887937290577961	0.903678883313946	0.12	0.44	0.547570581467387	0.651433691756273	0.590082232743583
LC_k1_0.12_k2_0.44	250	0.853075409206547	0.833183890942255	0.868414918638698		0.12	0.44	0.547570581467387	0.651433691756273	0.590082232743583
LC_k1_0.12_k2_0.44	260	0.827742558777042	0.80840544978476	0.84212215246698		0.12	0.44	0.547570581467387	0.651433691756273	0.590082232743583
LC_k1_0.12_k2_0.44	270	0.823986001941804	0.798422474931069	0.839072933480264		0.12	0.44	0.547570581467387	0.651433691756273	0.590082232743583
LC_k1_0.12_k2_0.44	280	0.810772367723349	0.786431496028557	0.827126074858827		0.12	0.44	0.547570581467387	0.651433691756273	0.590082232743583
LC_k1_0.12_k2_0.44	290	0.807125346113017	0.785002158785766	0.824301162300097		0.12	0.44	0.547570581467387	0.651433691756273	0.590082232743583
LC_k1_0.12_k2_0.44	300	0.800000888898765	0.777315747952755	0.814825942510472		0.12	0.44	0.547570581467387	0.651433691756273	0.590082232743583
LC_k1_0.12_k2_0.44	365	0.822371632409809	0.808031627030055	0.845213623116161		0.12	0.44	0.547570581467387	0.651433691756273	0.590082232743583
LC_k1_0.12_k2_0.52	10	0.672727272727273	0.636363636363636	0.115151515151515	0.793939393939394	0.12	0.52	0.492255951854146	0.587634408602151	0.534139048093696
LC_k1_0.12_k2_0.52	20	0.783458646616541	0.784962406015038	0.545864661654135	0.837593984962406	0.12	0.52	0.492255951854146	0.587634408602151	0.534139048093696
LC_k1_0.12_k2_0.52	30	0.882981090100111	0.891879866518354	0.693437152391546	0.805116796440489	0.12	0.52	0.492255951854146	0.587634408602151	0.534139048093696
LC_k1_0.12_k2_0.52	40	0.915384615384616	0.923827392120075	0.812570356472796	0.789681050656661	0.12	0.52	0.492255951854146	0.587634408602151	0.534139048093696
LC_k1_0.12_k2_0.52	50	0.915966386554622	0.932100840336135	0.863625450180072	0.790924369747899	0.12	0.52	0.492255951854146	0.587634408602151	0.534139048093696
LC_k1_0.12_k2_0.52	60	0.872853570436232	0.872353431508753	0.828341205890525	0.8256737982773	0.12	0.52	0.492255951854146	0.587634408602151	0.534139048093696
LC_k1_0.12_k2_0.52	70	0.888373720584376	0.896457002886887	0.872207155979355	0.85268130522264	0.12	0.52	0.492255951854146	0.587634408602151	0.534139048093696
LC_k1_0.12_k2_0.52	80	0.876511954992968	0.895030473511486	0.880825128926395	0.88187998124707	0.12	0.52	0.492255951854146	0.587634408602151	0.534139048093696
LC_k1_0.12_k2_0.52	90	0.88931966909495	0.906490513232086	0.903082685105157	0.885862452154587	0.12	0.52	0.492255951854146	0.587634408602151	0.534139048093696
LC_k1_0.12_k2_0.52	100	0.906774677467747	0.921260126012601	0.9198799879988	0.906906690669067	0.12	0.52	0.492255951854146	0.587634408602151	0.534139048093696
LC_k1_0.12_k2_0.52	110	0.911232333250682	0.923963663413205	0.921853797083155	0.921421003989811	0.12	0.52	0.492255951854146	0.587634408602151	0.534139048093696
LC_k1_0.12_k2_0.52	120	0.91839711091048	0.927203278005417	0.928842280713938	0.928099173553719	0.12	0.52	0.492255951854146	0.587634408602151	0.534139048093696
LC_k1_0.12_k2_0.52	130	0.919135861475645	0.925974682161439	0.932567698589357	0.934457660216581	0.12	0.52	0.492255951854146	0.587634408602151	0.534139048093696
LC_k1_0.12_k2_0.52	140	0.923308040497693	0.927795149898319	0.939887603594936	0.929894382366447	0.12	0.52	0.492255951854146	0.587634408602151	0.534139048093696
LC_k1_0.12_k2_0.52	150	0.90447219876439	0.906722965465132	0.921688963953954	0.928565714031735	0.12	0.52	0.492255951854146	0.587634408602151	0.534139048093696
LC_k1_0.12_k2_0.52	160	0.901757881167233	0.901256885034572	0.920625805695535	0.925700222664948	0.12	0.52	0.492255951854146	0.587634408602151	0.534139048093696
LC_k1_0.12_k2_0.52	170	0.903110020090254	0.898139361630669	0.921004390544758	0.91384273422854	0.12	0.52	0.492255951854146	0.587634408602151	0.534139048093696
LC_k1_0.12_k2_0.52	180	0.896297210819264	0.891945224646851	0.915223720896735	0.91097873391154	0.12	0.52	0.492255951854146	0.587634408602151	0.534139048093696
LC_k1_0.12_k2_0.52	190	0.901065053558854	0.891235943261295	0.919342859767219	0.906642697494172	0.12	0.52	0.492255951854146	0.587634408602151	0.534139048093696
LC_k1_0.12_k2_0.52	200	0.889861246531164	0.88054301357534	0.906036150903773	0.901486537163429	0.12	0.52	0.492255951854146	0.587634408602151	0.534139048093696
LC_k1_0.12_k2_0.52	210	0.883327448306246	0.872063182514667	0.89728565273589	0.905047409562251	0.12	0.52	0.492255951854146	0.587634408602151	0.534139048093696
LC_k1_0.12_k2_0.52	220	0.878627094098488	0.868366927190457	0.894509841488085	0.908075486157678	0.12	0.52	0.492255951854146	0.587634408602151	0.534139048093696
LC_k1_0.12_k2_0.52	230	0.872263221874006	0.861879529242354	0.887056630477933	0.901210921222313	0.12	0.52	0.492255951854146	0.587634408602151	0.534139048093696
LC_k1_0.12_k2_0.52	240	0.865746801159742	0.851125887602215	0.876822514279762	0.906079098595461	0.12	0.52	0.492255951854146	0.587634408602151	0.534139048093696
LC_k1_0.12_k2_0.52	250	0.855505400086401	0.835470263524216	0.866620073921183		0.12	0.52	0.492255951854146	0.587634408602151	0.534139048093696
LC_k1_0.12_k2_0.52	260	0.852848301124163	0.8314560866285	0.870196532265498		0.12	0.52	0.492255951854146	0.587634408602151	0.534139048093696
LC_k1_0.12_k2_0.52	270	0.841679888917848	0.818287402204877	0.85937194687932		0.12	0.52	0.492255951854146	0.587634408602151	0.534139048093696
LC_k1_0.12_k2_0.52	280	0.83169883726651	0.812980304049068	0.846725814651426		0.12	0.52	0.492255951854146	0.587634408602151	0.534139048093696
LC_k1_0.12_k2_0.52	290	0.837296683588431	0.818249181691036	0.856593645174345		0.12	0.52	0.492255951854146	0.587634408602151	0.534139048093696
LC_k1_0.12_k2_0.52	300	0.842506694518828	0.822092689918777	0.858400648896099		0.12	0.52	0.492255951854146	0.587634408602151	0.534139048093696
LC_k1_0.12_k2_0.52	365	0.832619076409779	0.817868679714626	0.849205745971971		0.12	0.52	0.492255951854146	0.587634408602151	0.534139048093696
LC_k1_0.12_k2_0.6	10	0.454545454545455	0.612121212121212	0.478787878787879	0.563636363636364	0.12	0.6	0.438268873351624	0.523655913978495	0.477822078245701
LC_k1_0.12_k2_0.6	20	0.607518796992481	0.618045112781955	0.46015037593985	0.784962406015038	0.12	0.6	0.438268873351624	0.523655913978495	0.477822078245701
LC_k1_0.12_k2_0.6	30	0.850055617352614	0.83670745272525	0.648053392658509	0.82825361512792	0.12	0.6	0.438268873351624	0.523655913978495	0.477822078245701
LC_k1_0.12_k2_0.6	40	0.888742964352721	0.889493433395873	0.790806754221389	0.817260787992496	0.12	0.6	0.438268873351624	0.523655913978495	0.477822078245701
LC_k1_0.12_k2_0.6	50	0.874189675870348	0.870540216086435	0.842785114045618	0.754813925570228	0.12	0.6	0.438268873351624	0.523655913978495	0.477822078245701
LC_k1_0.12_k2_0.6	60	0.872409002500695	0.870908585718255	0.84456793553765	0.788330091692137	0.12	0.6	0.438268873351624	0.523655913978495	0.477822078245701
LC_k1_0.12_k2_0.6	70	0.876861167002012	0.88672907007261	0.874901583413525	0.845262881637652	0.12	0.6	0.438268873351624	0.523655913978495	0.477822078245701
LC_k1_0.12_k2_0.6	80	0.864767932489452	0.890717299578059	0.890248476324426	0.86052508204407	0.12	0.6	0.438268873351624	0.523655913978495	0.477822078245701
LC_k1_0.12_k2_0.6	90	0.883903362555048	0.89865415483393	0.900530929744413	0.853397538790797	0.12	0.6	0.438268873351624	0.523655913978495	0.477822078245701
LC_k1_0.12_k2_0.6	100	0.90000600060006	0.913195319531953	0.915739573957396	0.874227422742274	0.12	0.6	0.438268873351624	0.523655913978495	0.477822078245701
LC_k1_0.12_k2_0.6	110	0.913197935216284	0.921619367490927	0.927516173387733	0.893415684241372	0.12	0.6	0.438268873351624	0.523655913978495	0.477822078245701
LC_k1_0.12_k2_0.6	120	0.922501562608514	0.928633932912008	0.936870616015001	0.908195013542607	0.12	0.6	0.438268873351624	0.523655913978495	0.477822078245701
LC_k1_0.12_k2_0.6	130	0.916333692935859	0.918261890780975	0.930448319654782	0.919714867060864	0.12	0.6	0.438268873351624	0.523655913978495	0.477822078245701
LC_k1_0.12_k2_0.6	140	0.911596072685924	0.913257965056526	0.931451313113643	0.914989831842733	0.12	0.6	0.438268873351624	0.523655913978495	0.477822078245701
LC_k1_0.12_k2_0.6	150	0.900731588070581	0.90182674785546	0.92143295257567	0.925024223298813	0.12	0.6	0.438268873351624	0.523655913978495	0.477822078245701
LC_k1_0.12_k2_0.6	160	0.902027422946209	0.898971639517169	0.923192312199695	0.915384390015235	0.12	0.6	0.438268873351624	0.523655913978495	0.477822078245701
LC_k1_0.12_k2_0.6	170	0.901842318989259	0.895134983298832	0.920283828261918	0.913889143324723	0.12	0.6	0.438268873351624	0.523655913978495	0.477822078245701
LC_k1_0.12_k2_0.6	180	0.902387933783965	0.894029651120919	0.922143687562373	0.907993045052831	0.12	0.6	0.438268873351624	0.523655913978495	0.477822078245701
LC_k1_0.12_k2_0.6	190	0.901196271656454	0.892479890826543	0.921262143141449	0.897013038704965	0.12	0.6	0.438268873351624	0.523655913978495	0.477822078245701
LC_k1_0.12_k2_0.6	200	0.898258456461412	0.8841596039901	0.913549838745969	0.896741918547964	0.12	0.6	0.438268873351624	0.523655913978495	0.477822078245701
LC_k1_0.12_k2_0.6	210	0.880338070510183	0.868205628245539	0.89676474685205	0.893815538415189	0.12	0.6	0.438268873351624	0.523655913978495	0.477822078245701
LC_k1_0.12_k2_0.6	220	0.873437279883694	0.859967429830444	0.888786958408232	0.899657956869883	0.12	0.6	0.438268873351624	0.523655913978495	0.477822078245701
LC_k1_0.12_k2_0.6	230	0.870248225289046	0.857364279919814	0.886893892134067	0.903855172736889	0.12	0.6	0.438268873351624	0.523655913978495	0.477822078245701
LC_k1_0.12_k2_0.6	240	0.856434139481588	0.843413948158822	0.869661799684022	0.909731071719995	0.12	0.6	0.438268873351624	0.523655913978495	0.477822078245701
LC_k1_0.12_k2_0.6	250	0.847315317045073	0.832233091729468	0.86069716315461		0.12	0.6	0.438268873351624	0.523655913978495	0.477822078245701
LC_k1_0.12_k2_0.6	260	0.84206275240758	0.822630057112816	0.85936455591628		0.12	0.6	0.438268873351624	0.523655913978495	0.477822078245701
LC_k1_0.12_k2_0.6	270	0.833243864037153	0.812904002645974	0.853644692580755		0.12	0.6	0.438268873351624	0.523655913978495	0.477822078245701
LC_k1_0.12_k2_0.6	280	0.823669580333568	0.803283751797126	0.8414041359857		0.12	0.6	0.438268873351624	0.523655913978495	0.477822078245701
LC_k1_0.12_k2_0.6	290	0.811724851375903	0.790081886249826	0.828575435109114		0.12	0.6	0.438268873351624	0.523655913978495	0.477822078245701
LC_k1_0.12_k2_0.6	300	0.80763164035156	0.781203791153235	0.826107845642729		0.12	0.6	0.438268873351624	0.523655913978495	0.477822078245701
LC_k1_0.12_k2_0.6	365	0.842246121271497	0.830986148367689	0.859563499603922		0.12	0.6	0.438268873351624	0.523655913978495	0.477822078245701
LC_k1_0.12_k2_0.68	10	0.587878787878788	0.818181818181818	0.490909090909091	0.806060606060606	0.12	0.68	0.375077440481459	0.452150537634409	0.411537503114877
LC_k1_0.12_k2_0.68	20	0.482706766917293	0.58796992481203	0.356390977443609	0.550375939849624	0.12	0.68	0.375077440481459	0.452150537634409	0.411537503114877
LC_k1_0.12_k2_0.68	30	0.700111234705228	0.74238042269188	0.591991101223582	0.678754171301446	0.12	0.68	0.375077440481459	0.452150537634409	0.411537503114877
LC_k1_0.12_k2_0.68	40	0.753095684803002	0.777485928705441	0.70281425891182	0.65515947467167	0.12	0.68	0.375077440481459	0.452150537634409	0.411537503114877
LC_k1_0.12_k2_0.68	50	0.827515006002401	0.835198079231693	0.788715486194478	0.662424969987995	0.12	0.68	0.375077440481459	0.452150537634409	0.411537503114877
LC_k1_0.12_k2_0.68	60	0.805890525145874	0.82517365934982	0.781217004723535	0.719811058627397	0.12	0.68	0.375077440481459	0.452150537634409	0.411537503114877
LC_k1_0.12_k2_0.68	70	0.822377744729245	0.82356749190797	0.804671507304698	0.789099816289038	0.12	0.68	0.375077440481459	0.452150537634409	0.411537503114877
LC_k1_0.12_k2_0.68	80	0.804805438349742	0.829231129864041	0.825621190811064	0.819362400375059	0.12	0.68	0.375077440481459	0.452150537634409	0.411537503114877
LC_k1_0.12_k2_0.68	90	0.77771741367247	0.782145943943697	0.804436761740133	0.800699674856978	0.12	0.68	0.375077440481459	0.452150537634409	0.411537503114877
LC_k1_0.12_k2_0.68	100	0.8001200120012	0.805256525652565	0.824182418241824	0.826330633063306	0.12	0.68	0.375077440481459	0.452150537634409	0.411537503114877
LC_k1_0.12_k2_0.68	110	0.827423754029259	0.831823817144918	0.849378986993666	0.863309514685661	0.12	0.68	0.375077440481459	0.452150537634409	0.411537503114877
LC_k1_0.12_k2_0.68	120	0.852496701159803	0.854753802347385	0.875366344885061	0.883394680186124	0.12	0.68	0.375077440481459	0.452150537634409	0.411537503114877
LC_k1_0.12_k2_0.68	130	0.873694847669639	0.873530978164388	0.895145365906949	0.898433680645646	0.12	0.68	0.375077440481459	0.452150537634409	0.411537503114877
LC_k1_0.12_k2_0.68	140	0.881826332247272	0.878913647197743	0.90207955216374	0.904445562091361	0.12	0.68	0.375077440481459	0.452150537634409	0.411537503114877
LC_k1_0.12_k2_0.68	150	0.879102182319214	0.872623672163207	0.897883461487177	0.909286634961554	0.12	0.68	0.375077440481459	0.452150537634409	0.411537503114877
LC_k1_0.12_k2_0.68	160	0.88228055783429	0.872720614086488	0.900023438415563	0.898775342786827	0.12	0.68	0.375077440481459	0.452150537634409	0.411537503114877
LC_k1_0.12_k2_0.68	170	0.887902492046336	0.876732555370326	0.90346175218764	0.902338163543213	0.12	0.68	0.375077440481459	0.452150537634409	0.411537503114877
LC_k1_0.12_k2_0.68	180	0.884628126382502	0.873829439180222	0.903404426062533	0.90175211169069	0.12	0.68	0.375077440481459	0.452150537634409	0.411537503114877
LC_k1_0.12_k2_0.68	190	0.868969106885889	0.856552375703657	0.889036727945518	0.895191731510277	0.12	0.68	0.375077440481459	0.452150537634409	0.411537503114877
LC_k1_0.12_k2_0.68	200	0.857005925148129	0.844117602940074	0.873957848946224	0.895915397884947	0.12	0.68	0.375077440481459	0.452150537634409	0.411537503114877
LC_k1_0.12_k2_0.68	210	0.846875698509523	0.836058478812283	0.865569999967605	0.892447188630776	0.12	0.68	0.375077440481459	0.452150537634409	0.411537503114877
LC_k1_0.12_k2_0.68	220	0.842036931642089	0.828813893600356	0.861804432473248	0.892690870773063	0.12	0.68	0.375077440481459	0.452150537634409	0.411537503114877
LC_k1_0.12_k2_0.68	230	0.827129468215475	0.816640242233559	0.846665959823355	0.897822018497925	0.12	0.68	0.375077440481459	0.452150537634409	0.411537503114877
LC_k1_0.12_k2_0.68	240	0.824457889893922	0.81122502126773	0.837083109081755	0.902618969079324	0.12	0.68	0.375077440481459	0.452150537634409	0.411537503114877
LC_k1_0.12_k2_0.68	250	0.823612921806749	0.810959151346421	0.835199923198771		0.12	0.68	0.375077440481459	0.452150537634409	0.411537503114877
LC_k1_0.12_k2_0.68	260	0.800763324901256	0.789125692573968	0.815540967265105		0.12	0.68	0.375077440481459	0.452150537634409	0.411537503114877
LC_k1_0.12_k2_0.68	270	0.801767742584489	0.78924265079082	0.815420117026449		0.12	0.68	0.375077440481459	0.452150537634409	0.411537503114877
LC_k1_0.12_k2_0.68	280	0.79641340177444	0.782551891150215	0.806257550661178		0.12	0.68	0.375077440481459	0.452150537634409	0.411537503114877
LC_k1_0.12_k2_0.68	290	0.793832146103669	0.781878746354358	0.805719121675562		0.12	0.68	0.375077440481459	0.452150537634409	0.411537503114877
LC_k1_0.12_k2_0.68	300	0.79866220735786	0.787633640373782	0.806669407437861		0.12	0.68	0.375077440481459	0.452150537634409	0.411537503114877
LC_k1_0.12_k2_0.68	365	0.830140441189172	0.823704972323881	0.846230100463202		0.12	0.68	0.375077440481459	0.452150537634409	0.411537503114877
LC_k1_0.12_k2_0.76	10	0.333333333333333	0.345454545454545	0.587878787878788	0.236363636363636	0.12	0.76	0.306664306575803	0.371146953405018	0.33341639671069
LC_k1_0.12_k2_0.76	20	0.604511278195489	0.699248120300752	0.688721804511278	0.717293233082707	0.12	0.76	0.306664306575803	0.371146953405018	0.33341639671069
LC_k1_0.12_k2_0.76	30	0.786874304783092	0.84916573971079	0.779755283648498	0.728587319243604	0.12	0.76	0.306664306575803	0.371146953405018	0.33341639671069
LC_k1_0.12_k2_0.76	40	0.878236397748593	0.916510318949344	0.859287054409006	0.748217636022514	0.12	0.76	0.306664306575803	0.371146953405018	0.33341639671069
LC_k1_0.12_k2_0.76	50	0.905690276110444	0.933925570228091	0.901848739495798	0.754621848739496	0.12	0.76	0.306664306575803	0.371146953405018	0.33341639671069
LC_k1_0.12_k2_0.76	60	0.899861072520145	0.900305640455682	0.888802445123646	0.794831897749375	0.12	0.76	0.306664306575803	0.371146953405018	0.33341639671069
LC_k1_0.12_k2_0.76	70	0.914863091593036	0.917067623130085	0.909754177237337	0.830496019595836	0.12	0.76	0.306664306575803	0.371146953405018	0.33341639671069
LC_k1_0.12_k2_0.76	80	0.891912798874824	0.900398499765588	0.901664322550399	0.849249882794187	0.12	0.76	0.306664306575803	0.371146953405018	0.33341639671069
LC_k1_0.12_k2_0.76	90	0.915314647898917	0.922755895789604	0.920796806190065	0.860015639790921	0.12	0.76	0.306664306575803	0.371146953405018	0.33341639671069
LC_k1_0.12_k2_0.76	100	0.927236723672367	0.935097509750975	0.933993399339934	0.892205220522052	0.12	0.76	0.306664306575803	0.371146953405018	0.33341639671069
LC_k1_0.12_k2_0.76	110	0.93219574870951	0.937677794558528	0.941022924509163	0.901133827739332	0.12	0.76	0.306664306575803	0.371146953405018	0.33341639671069
LC_k1_0.12_k2_0.76	120	0.937967914438503	0.940718105423988	0.944273907910272	0.901354260712549	0.12	0.76	0.306664306575803	0.371146953405018	0.33341639671069
LC_k1_0.12_k2_0.76	130	0.929039041909626	0.928913408622267	0.937401848994251	0.912952518810854	0.12	0.76	0.306664306575803	0.371146953405018	0.33341639671069
LC_k1_0.12_k2_0.76	140	0.932837681222803	0.930362336270801	0.943023332094203	0.919699984693097	0.12	0.76	0.306664306575803	0.371146953405018	0.33341639671069
LC_k1_0.12_k2_0.76	150	0.924974443308592	0.921450731143607	0.935837148317703	0.923605493577492	0.12	0.76	0.306664306575803	0.371146953405018	0.33341639671069
LC_k1_0.12_k2_0.76	160	0.924446267432321	0.919925583030587	0.935515059181999	0.924827141685222	0.12	0.76	0.306664306575803	0.371146953405018	0.33341639671069
LC_k1_0.12_k2_0.76	170	0.923622840603074	0.917452873394765	0.935786908971001	0.916612624495454	0.12	0.76	0.306664306575803	0.371146953405018	0.33341639671069
LC_k1_0.12_k2_0.76	180	0.918509830550325	0.911561056411206	0.928178853256788	0.911822381349219	0.12	0.76	0.306664306575803	0.371146953405018	0.33341639671069
LC_k1_0.12_k2_0.76	190	0.912839690850162	0.903983344049478	0.923554085912863	0.904683173903345	0.12	0.76	0.306664306575803	0.371146953405018	0.33341639671069
LC_k1_0.12_k2_0.76	200	0.902709067726693	0.893404335108378	0.913045826145654	0.897691442286057	0.12	0.76	0.306664306575803	0.371146953405018	0.33341639671069
LC_k1_0.12_k2_0.76	210	0.892930516726975	0.88012556164215	0.897968531842316	0.899931647300068	0.12	0.76	0.306664306575803	0.371146953405018	0.33341639671069
LC_k1_0.12_k2_0.76	220	0.87872626970129	0.865597899280413	0.887702788750331	0.896971199630345	0.12	0.76	0.306664306575803	0.371146953405018	0.33341639671069
LC_k1_0.12_k2_0.76	230	0.885904640261959	0.871764157619483	0.892970443264728	0.898808311491053	0.12	0.76	0.306664306575803	0.371146953405018	0.33341639671069
LC_k1_0.12_k2_0.76	240	0.872170523793816	0.858724977864199	0.877710550530391	0.906312609593916	0.12	0.76	0.306664306575803	0.371146953405018	0.33341639671069
LC_k1_0.12_k2_0.76	250	0.863017328277253	0.851548600777612	0.867728315653051		0.12	0.76	0.306664306575803	0.371146953405018	0.33341639671069
LC_k1_0.12_k2_0.76	260	0.845970183901218	0.836251105216622	0.854352419869661		0.12	0.76	0.306664306575803	0.371146953405018	0.33341639671069
LC_k1_0.12_k2_0.76	270	0.842127387816629	0.824298153762207	0.849893993363726		0.12	0.76	0.306664306575803	0.371146953405018	0.33341639671069
LC_k1_0.12_k2_0.76	280	0.830832937009036	0.814085092193231	0.838810261792698		0.12	0.76	0.306664306575803	0.371146953405018	0.33341639671069
LC_k1_0.12_k2_0.76	290	0.81876532215111	0.794859014683433	0.827737014380834		0.12	0.76	0.306664306575803	0.371146953405018	0.33341639671069
LC_k1_0.12_k2_0.76	300	0.824411826798076	0.800201335570395	0.8347452749475		0.12	0.76	0.306664306575803	0.371146953405018	0.33341639671069
LC_k1_0.12_k2_0.76	365	0.840364688085326	0.830029884779492	0.847771720756226		0.12	0.76	0.306664306575803	0.371146953405018	0.33341639671069
LC_k1_0.16_k2_0.04	10	0.515151515151515	0.284848484848485	-0.321212121212121	0.76969696969697	0.16	0.04	0.722276307637844	0.833154121863799	0.748317966608522
LC_k1_0.16_k2_0.04	20	0.730827067669173	0.733834586466166	0.383458646616541	0.772932330827068	0.16	0.04	0.722276307637844	0.833154121863799	0.748317966608522
LC_k1_0.16_k2_0.04	30	0.831813125695217	0.821579532814238	0.503893214682981	0.804671857619577	0.16	0.04	0.722276307637844	0.833154121863799	0.748317966608522
LC_k1_0.16_k2_0.04	40	0.859662288930582	0.839774859287055	0.701500938086304	0.824765478424015	0.16	0.04	0.722276307637844	0.833154121863799	0.748317966608522
LC_k1_0.16_k2_0.04	50	0.881488595438175	0.856134453781513	0.791884753901561	0.814453781512605	0.16	0.04	0.722276307637844	0.833154121863799	0.748317966608522
LC_k1_0.16_k2_0.04	60	0.871186440677966	0.850236176715755	0.815282022784107	0.822450680744652	0.16	0.04	0.722276307637844	0.833154121863799	0.748317966608522
LC_k1_0.16_k2_0.04	70	0.872067185723034	0.871507304697752	0.851946461376957	0.852891260607121	0.16	0.04	0.722276307637844	0.833154121863799	0.748317966608522
LC_k1_0.16_k2_0.04	80	0.866244725738397	0.869690576652602	0.856821378340366	0.871448663853727	0.16	0.04	0.722276307637844	0.833154121863799	0.748317966608522
LC_k1_0.16_k2_0.04	90	0.860575379676503	0.87288965715932	0.874404247437956	0.887459357122279	0.16	0.04	0.722276307637844	0.833154121863799	0.748317966608522
LC_k1_0.16_k2_0.04	100	0.881824182418242	0.89012901290129	0.890765076507651	0.892937293729373	0.16	0.04	0.722276307637844	0.833154121863799	0.748317966608522
LC_k1_0.16_k2_0.04	110	0.881081081081081	0.892396817167459	0.896039492369767	0.910249532267881	0.16	0.04	0.722276307637844	0.833154121863799	0.748317966608522
LC_k1_0.16_k2_0.04	120	0.889061740398639	0.896562261268143	0.90366692131398	0.914882977984582	0.16	0.04	0.722276307637844	0.833154121863799	0.748317966608522
LC_k1_0.16_k2_0.04	130	0.889579265045269	0.894986958718541	0.907435578800748	0.916808914501086	0.16	0.04	0.722276307637844	0.833154121863799	0.748317966608522
LC_k1_0.16_k2_0.04	140	0.886177866217664	0.889379195731561	0.902219500994949	0.916266864927511	0.16	0.04	0.722276307637844	0.833154121863799	0.748317966608522
LC_k1_0.16_k2_0.04	150	0.884126405618028	0.884329081292502	0.902683674829993	0.914701986754967	0.16	0.04	0.722276307637844	0.833154121863799	0.748317966608522
LC_k1_0.16_k2_0.04	160	0.882435837337396	0.881000234384155	0.902581155513887	0.898819289816008	0.16	0.04	0.722276307637844	0.833154121863799	0.748317966608522
LC_k1_0.16_k2_0.04	170	0.884763771593969	0.880586952937513	0.90553550601181	0.894724629185215	0.16	0.04	0.722276307637844	0.833154121863799	0.748317966608522
LC_k1_0.16_k2_0.04	180	0.877498276695783	0.872463141866519	0.901208885047892	0.88172680226756	0.16	0.04	0.722276307637844	0.833154121863799	0.748317966608522
LC_k1_0.16_k2_0.04	190	0.872553985312321	0.86557318252	0.896143500111536	0.876417046105666	0.16	0.04	0.722276307637844	0.833154121863799	0.748317966608522
LC_k1_0.16_k2_0.04	200	0.865197629940749	0.855808895222381	0.886435160879022	0.87542338558464	0.16	0.04	0.722276307637844	0.833154121863799	0.748317966608522
LC_k1_0.16_k2_0.04	210	0.86246400145128	0.848671657601565	0.879674628190467	0.880161843644009	0.16	0.04	0.722276307637844	0.833154121863799	0.748317966608522
LC_k1_0.16_k2_0.04	220	0.850653939130974	0.836625099316477	0.866715878802905	0.877254413596074	0.16	0.04	0.722276307637844	0.833154121863799	0.748317966608522
LC_k1_0.16_k2_0.04	230	0.844296884053862	0.826141202636361	0.860806442465831	0.887219368821799	0.16	0.04	0.722276307637844	0.833154121863799	0.748317966608522
LC_k1_0.16_k2_0.04	240	0.843685654264831	0.823813781489262	0.864395215194708	0.897776003055608	0.16	0.04	0.722276307637844	0.833154121863799	0.748317966608522
LC_k1_0.16_k2_0.04	250	0.835087793404694	0.813247059952959	0.850557096913551		0.16	0.04	0.722276307637844	0.833154121863799	0.748317966608522
LC_k1_0.16_k2_0.04	260	0.815683663959526	0.79017714190128	0.832113583837722		0.16	0.04	0.722276307637844	0.833154121863799	0.748317966608522
LC_k1_0.16_k2_0.04	270	0.800271608664042	0.772921744087329	0.818350198371872		0.16	0.04	0.722276307637844	0.833154121863799	0.748317966608522
LC_k1_0.16_k2_0.04	280	0.796438001213572	0.771268401747107	0.812194761959427		0.16	0.04	0.722276307637844	0.833154121863799	0.748317966608522
LC_k1_0.16_k2_0.04	290	0.792156780739941	0.766847693051416	0.804420159983861		0.16	0.04	0.722276307637844	0.833154121863799	0.748317966608522
LC_k1_0.16_k2_0.04	300	0.775567284080934	0.754083489816554	0.788558539539328		0.16	0.04	0.722276307637844	0.833154121863799	0.748317966608522
LC_k1_0.16_k2_0.04	365	0.782799841075161	0.768309794853698	0.807893678295655		0.16	0.04	0.722276307637844	0.833154121863799	0.748317966608522
LC_k1_0.16_k2_0.12	10	0.551515151515151	0.587878787878788	-0.0909090909090909	0.866666666666667	0.16	0.12	0.652801132843615	0.762007168458781	0.690132070769998
LC_k1_0.16_k2_0.12	20	0.783458646616541	0.801503759398496	0.466165413533835	0.807518796992481	0.16	0.12	0.652801132843615	0.762007168458781	0.690132070769998
LC_k1_0.16_k2_0.12	30	0.853170189098999	0.866073414905451	0.551946607341491	0.822469410456062	0.16	0.12	0.652801132843615	0.762007168458781	0.690132070769998
LC_k1_0.16_k2_0.12	40	0.89624765478424	0.90187617260788	0.75422138836773	0.809756097560976	0.16	0.12	0.652801132843615	0.762007168458781	0.690132070769998
LC_k1_0.16_k2_0.12	50	0.874189675870348	0.856806722689076	0.813877551020408	0.806482593037215	0.16	0.12	0.652801132843615	0.762007168458781	0.690132070769998
LC_k1_0.16_k2_0.12	60	0.863073075854404	0.847735482078355	0.821061405946096	0.847235343150875	0.16	0.12	0.652801132843615	0.762007168458781	0.690132070769998
LC_k1_0.16_k2_0.12	70	0.877945936488496	0.874551657772723	0.84998687778847	0.876616219053451	0.16	0.12	0.652801132843615	0.762007168458781	0.690132070769998
LC_k1_0.16_k2_0.12	80	0.88202062822316	0.880168776371308	0.875293014533521	0.889826535396156	0.16	0.12	0.652801132843615	0.762007168458781	0.690132070769998
LC_k1_0.16_k2_0.12	90	0.872807342470264	0.877647446186772	0.877285261554924	0.900794336749393	0.16	0.12	0.652801132843615	0.762007168458781	0.690132070769998
LC_k1_0.16_k2_0.12	100	0.869138913891389	0.876255625562556	0.881800180018002	0.921896189618962	0.16	0.12	0.652801132843615	0.762007168458781	0.690132070769998
LC_k1_0.16_k2_0.12	110	0.86443658003291	0.879800734846606	0.888763158487929	0.927137479431057	0.16	0.12	0.652801132843615	0.762007168458781	0.690132070769998
LC_k1_0.16_k2_0.12	120	0.873310646572679	0.8871727203278	0.898222098756858	0.935287172720328	0.16	0.12	0.652801132843615	0.762007168458781	0.690132070769998
LC_k1_0.16_k2_0.12	130	0.885362356443486	0.895085280421691	0.908052820603859	0.937642190935285	0.16	0.12	0.652801132843615	0.762007168458781	0.690132070769998
LC_k1_0.16_k2_0.12	140	0.888032188231178	0.890625615009512	0.908525945201286	0.932159804071636	0.16	0.12	0.652801132843615	0.762007168458781	0.690132070769998
LC_k1_0.16_k2_0.12	150	0.901037379439086	0.902729899106627	0.920035557135873	0.925930930263567	0.16	0.12	0.652801132843615	0.762007168458781	0.690132070769998
LC_k1_0.16_k2_0.12	160	0.884395874838861	0.885348060471112	0.904910348060471	0.909659557013946	0.16	0.12	0.652801132843615	0.762007168458781	0.690132070769998
LC_k1_0.16_k2_0.12	170	0.876849799402788	0.876539591233566	0.898232179823035	0.899482782835962	0.16	0.12	0.652801132843615	0.762007168458781	0.690132070769998
LC_k1_0.16_k2_0.12	180	0.867668755208494	0.867226354722882	0.891914359496692	0.887634392007984	0.16	0.12	0.652801132843615	0.762007168458781	0.690132070769998
LC_k1_0.16_k2_0.12	190	0.858802328683839	0.851137442209363	0.883985705975235	0.883032187799342	0.16	0.12	0.652801132843615	0.762007168458781	0.690132070769998
LC_k1_0.16_k2_0.12	200	0.851331283282082	0.839885997149929	0.875933398334959	0.885974649366234	0.16	0.12	0.652801132843615	0.762007168458781	0.690132070769998
LC_k1_0.16_k2_0.12	210	0.832869550005993	0.822390530397515	0.8568312206626	0.886870126630665	0.16	0.12	0.652801132843615	0.762007168458781	0.690132070769998
LC_k1_0.16_k2_0.12	220	0.835295244642545	0.824276609772178	0.860352862286787	0.887790694398269	0.16	0.12	0.652801132843615	0.762007168458781	0.690132070769998
LC_k1_0.16_k2_0.12	230	0.819570518716142	0.805602637347464	0.846421359161059	0.895139301556617	0.16	0.12	0.652801132843615	0.762007168458781	0.690132070769998
LC_k1_0.16_k2_0.12	240	0.80311897776003	0.78741992048473	0.828951023455268	0.906062605253563	0.16	0.12	0.652801132843615	0.762007168458781	0.690132070769998
LC_k1_0.16_k2_0.12	250	0.794502952047233	0.776293380694091	0.818535592569481		0.16	0.12	0.652801132843615	0.762007168458781	0.690132070769998
LC_k1_0.16_k2_0.12	260	0.799610144437731	0.77549645135852	0.825049073324935		0.16	0.12	0.652801132843615	0.762007168458781	0.690132070769998
LC_k1_0.16_k2_0.12	270	0.787353278737248	0.765151480511088	0.81062322147385		0.16	0.12	0.652801132843615	0.762007168458781	0.690132070769998
LC_k1_0.16_k2_0.12	280	0.778151324816461	0.755513280963861	0.800688237641515		0.16	0.12	0.652801132843615	0.762007168458781	0.690132070769998
LC_k1_0.16_k2_0.12	290	0.778260842824405	0.751605558473572	0.795809126435962		0.16	0.12	0.652801132843615	0.762007168458781	0.690132070769998
LC_k1_0.16_k2_0.12	300	0.773553483927599	0.74845942732697	0.791833242591584		0.16	0.12	0.652801132843615	0.762007168458781	0.690132070769998
LC_k1_0.16_k2_0.12	365	0.796669734936072	0.782285309570286	0.826732687927388		0.16	0.12	0.652801132843615	0.762007168458781	0.690132070769998
LC_k1_0.16_k2_0.2	10	0.575757575757576	0.527272727272727	0.684848484848485	0.357575757575758	0.16	0.2	0.592353305602266	0.699820788530466	0.637802143035136
LC_k1_0.16_k2_0.2	20	0.314285714285714	0.374436090225564	0.439097744360902	0.204511278195489	0.16	0.2	0.592353305602266	0.699820788530466	0.637802143035136
LC_k1_0.16_k2_0.2	30	0.311234705228031	0.394438264738598	0.557730812013348	0.256952169076752	0.16	0.2	0.592353305602266	0.699820788530466	0.637802143035136
LC_k1_0.16_k2_0.2	40	0.686303939962477	0.726829268292683	0.794746716697936	0.514258911819888	0.16	0.2	0.592353305602266	0.699820788530466	0.637802143035136
LC_k1_0.16_k2_0.2	50	0.750588235294118	0.782761104441777	0.789003601440576	0.610372148859544	0.16	0.2	0.592353305602266	0.699820788530466	0.637802143035136
LC_k1_0.16_k2_0.2	60	0.822895248680189	0.837510419560989	0.844623506529592	0.728091136426785	0.16	0.2	0.592353305602266	0.699820788530466	0.637802143035136
LC_k1_0.16_k2_0.2	70	0.853241186247922	0.873466888286239	0.870177587262707	0.784060887061499	0.16	0.2	0.592353305602266	0.699820788530466	0.637802143035136
LC_k1_0.16_k2_0.2	80	0.852977027660572	0.881153305203938	0.874261603375527	0.836451007969995	0.16	0.2	0.592353305602266	0.699820788530466	0.637802143035136
LC_k1_0.16_k2_0.2	90	0.876791373420587	0.894110383998024	0.892908589537803	0.849133637897683	0.16	0.2	0.592353305602266	0.699820788530466	0.637802143035136
LC_k1_0.16_k2_0.2	100	0.865586558655866	0.875415541554155	0.884680468046805	0.861398139813982	0.16	0.2	0.592353305602266	0.699820788530466	0.637802143035136
LC_k1_0.16_k2_0.2	110	0.886220499064536	0.892306651939679	0.90334287581994	0.88211798120055	0.16	0.2	0.592353305602266	0.699820788530466	0.637802143035136
LC_k1_0.16_k2_0.2	120	0.89382596013612	0.900034724633655	0.909764566983818	0.895499687478297	0.16	0.2	0.592353305602266	0.699820788530466	0.637802143035136
LC_k1_0.16_k2_0.2	130	0.891480151306176	0.893512133171285	0.911275587540455	0.906976744186047	0.16	0.2	0.592353305602266	0.699820788530466	0.637802143035136
LC_k1_0.16_k2_0.2	140	0.89571188034375	0.897312545100698	0.91421573987011	0.916957862281603	0.16	0.2	0.592353305602266	0.699820788530466	0.637802143035136
LC_k1_0.16_k2_0.2	150	0.895863816169608	0.896859415974043	0.915569580870261	0.918915507355883	0.16	0.2	0.592353305602266	0.699820788530466	0.637802143035136
LC_k1_0.16_k2_0.2	160	0.897527247158092	0.897588772998945	0.919084729872261	0.911291456697527	0.16	0.2	0.592353305602266	0.699820788530466	0.637802143035136
LC_k1_0.16_k2_0.2	170	0.900032364238128	0.896346504967605	0.921925244716386	0.906422164007304	0.16	0.2	0.592353305602266	0.699820788530466	0.637802143035136
LC_k1_0.16_k2_0.2	180	0.900079220552075	0.893819768099839	0.921909112421165	0.900571005277941	0.16	0.2	0.592353305602266	0.699820788530466	0.637802143035136
LC_k1_0.16_k2_0.2	190	0.899032047833371	0.890957760894383	0.919213391244254	0.888870518355225	0.16	0.2	0.592353305602266	0.699820788530466	0.637802143035136
LC_k1_0.16_k2_0.2	200	0.89625590639766	0.8862401560039	0.913405835145879	0.892970824270607	0.16	0.2	0.592353305602266	0.699820788530466	0.637802143035136
LC_k1_0.16_k2_0.2	210	0.884331682286284	0.871575967061125	0.903129646606823	0.887383257799821	0.16	0.2	0.592353305602266	0.699820788530466	0.637802143035136
LC_k1_0.16_k2_0.2	220	0.87512439212681	0.862822109397452	0.893076303229406	0.894175123828629	0.16	0.2	0.592353305602266	0.699820788530466	0.637802143035136
LC_k1_0.16_k2_0.2	230	0.860228474771858	0.844733811849817	0.875898697846676	0.900557995260862	0.16	0.2	0.592353305602266	0.699820788530466	0.637802143035136
LC_k1_0.16_k2_0.2	240	0.846591954721436	0.830187156027014	0.862078334693311	0.907591277626348	0.16	0.2	0.592353305602266	0.699820788530466	0.637802143035136
LC_k1_0.16_k2_0.2	250	0.836140738251812	0.814804588873422	0.851749051984832		0.16	0.2	0.592353305602266	0.699820788530466	0.637802143035136
LC_k1_0.16_k2_0.2	260	0.826844730293006	0.807883138917622	0.844063919925989		0.16	0.2	0.592353305602266	0.699820788530466	0.637802143035136
LC_k1_0.16_k2_0.2	270	0.810876844827928	0.786981379107471	0.830445471740963		0.16	0.2	0.592353305602266	0.699820788530466	0.637802143035136
LC_k1_0.16_k2_0.2	280	0.807396231365925	0.780454925627696	0.825213331802702		0.16	0.2	0.592353305602266	0.699820788530466	0.637802143035136
LC_k1_0.16_k2_0.2	290	0.801157010764407	0.776283862492112	0.817384683322734		0.16	0.2	0.592353305602266	0.699820788530466	0.637802143035136
LC_k1_0.16_k2_0.2	300	0.793038144868276	0.771869909665663	0.805610284558717		0.16	0.2	0.592353305602266	0.699820788530466	0.637802143035136
LC_k1_0.16_k2_0.2	365	0.815604247537775	0.802494428993418	0.839641382646098		0.16	0.2	0.592353305602266	0.699820788530466	0.637802143035136
LC_k1_0.16_k2_0.28	10	0.672727272727273	0.781818181818182	0.151515151515152	0.793939393939394	0.16	0.28	0.544738472431189	0.64336917562724	0.589459257413406
LC_k1_0.16_k2_0.28	20	0.732330827067669	0.784962406015038	0.497744360902256	0.857142857142857	0.16	0.28	0.544738472431189	0.64336917562724	0.589459257413406
LC_k1_0.16_k2_0.28	30	0.870522803114572	0.89321468298109	0.671635150166852	0.812235817575084	0.16	0.28	0.544738472431189	0.64336917562724	0.589459257413406
LC_k1_0.16_k2_0.28	40	0.882363977485929	0.893245778611633	0.76547842401501	0.812382739212008	0.16	0.28	0.544738472431189	0.64336917562724	0.589459257413406
LC_k1_0.16_k2_0.28	50	0.890324129651861	0.892148859543818	0.82280912364946	0.775174069627851	0.16	0.28	0.544738472431189	0.64336917562724	0.589459257413406
LC_k1_0.16_k2_0.28	60	0.861739372047791	0.848291191997777	0.816060016671298	0.802389552653515	0.16	0.28	0.544738472431189	0.64336917562724	0.589459257413406
LC_k1_0.16_k2_0.28	70	0.880255445717785	0.879345639051702	0.86576852418861	0.839209168051789	0.16	0.28	0.544738472431189	0.64336917562724	0.589459257413406
LC_k1_0.16_k2_0.28	80	0.886685419596812	0.890998593530239	0.883192686357243	0.866033755274262	0.16	0.28	0.544738472431189	0.64336917562724	0.589459257413406
LC_k1_0.16_k2_0.28	90	0.882849734535128	0.895789603654772	0.89825904432646	0.887294727744166	0.16	0.28	0.544738472431189	0.64336917562724	0.589459257413406
LC_k1_0.16_k2_0.28	100	0.894953495349535	0.909162916291629	0.907242724272427	0.894965496549655	0.16	0.28	0.544738472431189	0.64336917562724	0.589459257413406
LC_k1_0.16_k2_0.28	110	0.907265063228366	0.916912742600816	0.921159524829249	0.907760971981155	0.16	0.28	0.544738472431189	0.64336917562724	0.589459257413406
LC_k1_0.16_k2_0.28	120	0.911736926175429	0.917973470379887	0.925571220223626	0.92281408431141	0.16	0.28	0.544738472431189	0.64336917562724	0.589459257413406
LC_k1_0.16_k2_0.28	130	0.911947452511983	0.915825697469582	0.927580603312895	0.923145202037444	0.16	0.28	0.544738472431189	0.64336917562724	0.589459257413406
LC_k1_0.16_k2_0.28	140	0.907712492619886	0.910117863156284	0.924729395814655	0.925070521090726	0.16	0.28	0.544738472431189	0.64336917562724	0.589459257413406
LC_k1_0.16_k2_0.28	150	0.912390772923241	0.912803235699364	0.930638695053114	0.927189652873461	0.16	0.28	0.544738472431189	0.64336917562724	0.589459257413406
LC_k1_0.16_k2_0.28	160	0.907652642681355	0.90557834290402	0.925263682175085	0.925594749794914	0.16	0.28	0.544738472431189	0.64336917562724	0.589459257413406
LC_k1_0.16_k2_0.28	170	0.90222336209476	0.900320589151263	0.923627725771093	0.908591178607849	0.16	0.28	0.544738472431189	0.64336917562724	0.589459257413406
LC_k1_0.16_k2_0.28	180	0.904457956521292	0.900614216488163	0.92568083377059	0.8993981295719	0.16	0.28	0.544738472431189	0.64336917562724	0.589459257413406
LC_k1_0.16_k2_0.28	190	0.90334299973319	0.894904801270191	0.922967978410249	0.897299968945051	0.16	0.28	0.544738472431189	0.64336917562724	0.589459257413406
LC_k1_0.16_k2_0.28	200	0.895781894547364	0.886748668716718	0.917674941873547	0.896420910522763	0.16	0.28	0.544738472431189	0.64336917562724	0.589459257413406
LC_k1_0.16_k2_0.28	210	0.884607684657573	0.874072946260524	0.899873336939937	0.897060186010049	0.16	0.28	0.544738472431189	0.64336917562724	0.589459257413406
LC_k1_0.16_k2_0.28	220	0.881242850622383	0.870058547415518	0.897929145793771	0.898920901821788	0.16	0.28	0.544738472431189	0.64336917562724	0.589459257413406
LC_k1_0.16_k2_0.28	230	0.876251790738216	0.860128859179552	0.891914123469088	0.905289242748897	0.16	0.28	0.544738472431189	0.64336917562724	0.589459257413406
LC_k1_0.16_k2_0.28	240	0.870917029809545	0.85486032743624	0.88734873869338	0.912235455476657	0.16	0.28	0.544738472431189	0.64336917562724	0.589459257413406
LC_k1_0.16_k2_0.28	250	0.85722651562425	0.838358757740124	0.870724331589305		0.16	0.28	0.544738472431189	0.64336917562724	0.589459257413406
LC_k1_0.16_k2_0.28	260	0.840809206326447	0.822744760675795	0.858095306371168		0.16	0.28	0.544738472431189	0.64336917562724	0.589459257413406
LC_k1_0.16_k2_0.28	270	0.826141800451462	0.801683607914146	0.836570841544847		0.16	0.28	0.544738472431189	0.64336917562724	0.589459257413406
LC_k1_0.16_k2_0.28	280	0.817035384926557	0.793645144890697	0.834411335421552		0.16	0.28	0.544738472431189	0.64336917562724	0.589459257413406
LC_k1_0.16_k2_0.28	290	0.813969988572581	0.789242481459659	0.832748841574647		0.16	0.28	0.544738472431189	0.64336917562724	0.589459257413406
LC_k1_0.16_k2_0.28	300	0.809899221102457	0.789790108778986	0.828585650951677		0.16	0.28	0.544738472431189	0.64336917562724	0.589459257413406
LC_k1_0.16_k2_0.28	365	0.831925137516873	0.819675586035343	0.855998055391723		0.16	0.28	0.544738472431189	0.64336917562724	0.589459257413406
LC_k1_0.16_k2_0.36	10	0.539393939393939	0.818181818181818	0.454545454545455	0.733333333333333	0.16	0.36	0.487388264448181	0.579569892473118	0.529529030650386
LC_k1_0.16_k2_0.36	20	0.736842105263158	0.842105263157895	0.53984962406015	0.712781954887218	0.16	0.36	0.487388264448181	0.579569892473118	0.529529030650386
LC_k1_0.16_k2_0.36	30	0.871857619577308	0.924805339265851	0.694771968854283	0.838932146829811	0.16	0.36	0.487388264448181	0.579569892473118	0.529529030650386
LC_k1_0.16_k2_0.36	40	0.896998123827392	0.927579737335835	0.800750469043152	0.790243902439025	0.16	0.36	0.487388264448181	0.579569892473118	0.529529030650386
LC_k1_0.16_k2_0.36	50	0.873805522208884	0.88734693877551	0.826074429771909	0.810804321728691	0.16	0.36	0.487388264448181	0.579569892473118	0.529529030650386
LC_k1_0.16_k2_0.36	60	0.893414837454849	0.895415393164768	0.857515976660184	0.838566268407891	0.16	0.36	0.487388264448181	0.579569892473118	0.529529030650386
LC_k1_0.16_k2_0.36	70	0.894182486221678	0.903035604933951	0.878785758026419	0.861569416498994	0.16	0.36	0.487388264448181	0.579569892473118	0.529529030650386
LC_k1_0.16_k2_0.36	80	0.89606188466948	0.908438818565401	0.891772151898734	0.888654477262072	0.16	0.36	0.487388264448181	0.579569892473118	0.529529030650386
LC_k1_0.16_k2_0.36	90	0.896991398114994	0.904547886570358	0.903839980244475	0.899510227600115	0.16	0.36	0.487388264448181	0.579569892473118	0.529529030650386
LC_k1_0.16_k2_0.36	100	0.890693069306931	0.907446744674468	0.908178817881788	0.90979897989799	0.16	0.36	0.487388264448181	0.579569892473118	0.529529030650386
LC_k1_0.16_k2_0.36	110	0.901954331312129	0.91492009106688	0.919239005477537	0.924198093005432	0.16	0.36	0.487388264448181	0.579569892473118	0.529529030650386
LC_k1_0.16_k2_0.36	120	0.910084033613445	0.918390165983749	0.929043683589138	0.936016390027085	0.16	0.36	0.487388264448181	0.579569892473118	0.529529030650386
LC_k1_0.16_k2_0.36	130	0.912914282592962	0.919720329377706	0.932294582747272	0.93678460719114	0.16	0.36	0.487388264448181	0.579569892473118	0.529529030650386
LC_k1_0.16_k2_0.36	140	0.916188143709956	0.920176685399401	0.934814458463624	0.92772954888369	0.16	0.36	0.487388264448181	0.579569892473118	0.529529030650386
LC_k1_0.16_k2_0.36	150	0.916234499311081	0.917777679007956	0.935634472643229	0.920355571358727	0.16	0.36	0.487388264448181	0.579569892473118	0.529529030650386
LC_k1_0.16_k2_0.36	160	0.924393530997305	0.921009609750381	0.940604125161139	0.922035040431267	0.16	0.36	0.487388264448181	0.579569892473118	0.529529030650386
LC_k1_0.16_k2_0.36	170	0.910076269685701	0.905237510762636	0.927008262040413	0.904959056185539	0.16	0.36	0.487388264448181	0.579569892473118	0.529529030650386
LC_k1_0.16_k2_0.36	180	0.895924771340679	0.887315452123008	0.912425280615657	0.907244050742307	0.16	0.36	0.487388264448181	0.579569892473118	0.529529030650386
LC_k1_0.16_k2_0.36	190	0.891865790129775	0.880460313086381	0.907534980557852	0.895002777449733	0.16	0.36	0.487388264448181	0.579569892473118	0.529529030650386
LC_k1_0.16_k2_0.36	200	0.877932948323708	0.866363159078977	0.894227855696393	0.893950348758719	0.16	0.36	0.487388264448181	0.579569892473118	0.529529030650386
LC_k1_0.16_k2_0.36	210	0.861137116811849	0.848807715108538	0.880839539607312	0.900950134923694	0.16	0.36	0.487388264448181	0.579569892473118	0.529529030650386
LC_k1_0.16_k2_0.36	220	0.860116193234646	0.843628249268862	0.87949600761849	0.906155085848881	0.16	0.36	0.487388264448181	0.579569892473118	0.529529030650386
LC_k1_0.16_k2_0.36	230	0.851133867082225	0.835792079574119	0.871057971836404	0.903020768864703	0.16	0.36	0.487388264448181	0.579569892473118	0.529529030650386
LC_k1_0.16_k2_0.36	240	0.836733276619386	0.823282522266011	0.859072206114689	0.910566155662424	0.16	0.36	0.487388264448181	0.579569892473118	0.529529030650386
LC_k1_0.16_k2_0.36	250	0.830680170882734	0.820110785772572	0.855927038832621		0.16	0.36	0.487388264448181	0.579569892473118	0.529529030650386
LC_k1_0.16_k2_0.36	260	0.822070194483987	0.806648710096986	0.84300905680216		0.16	0.36	0.487388264448181	0.579569892473118	0.529529030650386
LC_k1_0.16_k2_0.36	270	0.815338421042203	0.798003630593927	0.839271686397161		0.16	0.36	0.487388264448181	0.579569892473118	0.529529030650386
LC_k1_0.16_k2_0.36	280	0.801840038047132	0.784806839737387	0.829893238434164		0.16	0.36	0.487388264448181	0.579569892473118	0.529529030650386
LC_k1_0.16_k2_0.36	290	0.807641978604034	0.786820705154147	0.836099080271158		0.16	0.36	0.487388264448181	0.579569892473118	0.529529030650386
LC_k1_0.16_k2_0.36	300	0.810549006100068	0.790320336892632	0.828526094734386		0.16	0.36	0.487388264448181	0.579569892473118	0.529529030650386
LC_k1_0.16_k2_0.36	365	0.82023281008235	0.811686157992019	0.846888750144982		0.16	0.36	0.487388264448181	0.579569892473118	0.529529030650386
LC_k1_0.16_k2_0.44	10	0.503030303030303	0.854545454545454	0.563636363636364	0.76969696969697	0.16	0.44	0.433666696167802	0.518996415770609	0.474208821330675
LC_k1_0.16_k2_0.44	20	0.67218045112782	0.717293233082707	0.434586466165414	0.825563909774436	0.16	0.44	0.433666696167802	0.518996415770609	0.474208821330675
LC_k1_0.16_k2_0.44	30	0.874972191323693	0.876307007786429	0.688542825361513	0.791768631813126	0.16	0.44	0.433666696167802	0.518996415770609	0.474208821330675
LC_k1_0.16_k2_0.44	40	0.909193245778612	0.91125703564728	0.800187617260788	0.785365853658537	0.16	0.44	0.433666696167802	0.518996415770609	0.474208821330675
LC_k1_0.16_k2_0.44	50	0.867274909963986	0.870636254501801	0.820696278511405	0.792268907563025	0.16	0.44	0.433666696167802	0.518996415770609	0.474208821330675
LC_k1_0.16_k2_0.44	60	0.877854959711031	0.877354820783551	0.845790497360378	0.830675187552098	0.16	0.44	0.433666696167802	0.518996415770609	0.474208821330675
LC_k1_0.16_k2_0.44	70	0.872382118799755	0.876616219053451	0.859049951885224	0.853171201119762	0.16	0.44	0.433666696167802	0.518996415770609	0.474208821330675
LC_k1_0.16_k2_0.44	80	0.880684481950305	0.892264416315049	0.874402250351617	0.88159868729489	0.16	0.44	0.433666696167802	0.518996415770609	0.474208821330675
LC_k1_0.16_k2_0.44	90	0.870222661233897	0.892365312590032	0.891739720953204	0.890751944684529	0.16	0.44	0.433666696167802	0.518996415770609	0.474208821330675
LC_k1_0.16_k2_0.44	100	0.884620462046205	0.89951395139514	0.902262226222622	0.907962796279628	0.16	0.44	0.433666696167802	0.518996415770609	0.474208821330675
LC_k1_0.16_k2_0.44	110	0.89517390618308	0.909140499966188	0.914117620539639	0.923584969456529	0.16	0.44	0.433666696167802	0.518996415770609	0.474208821330675
LC_k1_0.16_k2_0.44	120	0.905173970414612	0.915605250364609	0.924161400097229	0.934995485797625	0.16	0.44	0.433666696167802	0.518996415770609	0.474208821330675
LC_k1_0.16_k2_0.44	130	0.907462890384957	0.912734026137186	0.927269251252919	0.936096355269087	0.16	0.44	0.433666696167802	0.518996415770609	0.474208821330675
LC_k1_0.16_k2_0.44	140	0.90940937219829	0.912685049528766	0.929881262163522	0.927760162690516	0.16	0.44	0.433666696167802	0.518996415770609	0.474208821330675
LC_k1_0.16_k2_0.44	150	0.912778345704254	0.913173029912441	0.931175607804791	0.93046090937375	0.16	0.44	0.433666696167802	0.518996415770609	0.474208821330675
LC_k1_0.16_k2_0.44	160	0.911763154810735	0.908326497128794	0.930680885972108	0.91632778624165	0.16	0.44	0.433666696167802	0.518996415770609	0.474208821330675
LC_k1_0.16_k2_0.44	170	0.907711848364385	0.902577536776156	0.926749348135393	0.913241858562173	0.16	0.44	0.433666696167802	0.518996415770609	0.474208821330675
LC_k1_0.16_k2_0.44	180	0.895665504079344	0.888087080876982	0.912628990606706	0.913594040968343	0.16	0.44	0.433666696167802	0.518996415770609	0.474208821330675
LC_k1_0.16_k2_0.44	190	0.883655036369283	0.876233340769026	0.902979088209179	0.897324462989936	0.16	0.44	0.433666696167802	0.518996415770609	0.474208821330675
LC_k1_0.16_k2_0.44	200	0.866270156753919	0.856474911872797	0.884534613365334	0.895523888097203	0.16	0.44	0.433666696167802	0.518996415770609	0.474208821330675
LC_k1_0.16_k2_0.44	210	0.854527313544525	0.846175974187947	0.872197944235859	0.896249024111334	0.16	0.44	0.433666696167802	0.518996415770609	0.474208821330675
LC_k1_0.16_k2_0.44	220	0.846024241672912	0.837048849619357	0.865255292652553	0.900353313084981	0.16	0.44	0.433666696167802	0.518996415770609	0.474208821330675
LC_k1_0.16_k2_0.44	230	0.849340786420718	0.838634575980314	0.868686923480924	0.904646179717378	0.16	0.44	0.433666696167802	0.518996415770609	0.474208821330675
LC_k1_0.16_k2_0.44	240	0.839025851143249	0.82824441396552	0.85804614663449	0.912939460754527	0.16	0.44	0.433666696167802	0.518996415770609	0.474208821330675
LC_k1_0.16_k2_0.44	250	0.821554648874382	0.81201593625498	0.841525272404358		0.16	0.44	0.433666696167802	0.518996415770609	0.474208821330675
LC_k1_0.16_k2_0.44	260	0.819903799214144	0.806085433671641	0.836164394785084		0.16	0.44	0.433666696167802	0.518996415770609	0.474208821330675
LC_k1_0.16_k2_0.44	270	0.813055810855506	0.796756242655363	0.832441536311274		0.16	0.44	0.433666696167802	0.518996415770609	0.474208821330675
LC_k1_0.16_k2_0.44	280	0.811362754262536	0.795739377142201	0.82842711186185		0.16	0.44	0.433666696167802	0.518996415770609	0.474208821330675
LC_k1_0.16_k2_0.44	290	0.819977194365754	0.798487250863207	0.833350595418946		0.16	0.44	0.433666696167802	0.518996415770609	0.474208821330675
LC_k1_0.16_k2_0.44	300	0.80615917954644	0.786243402704475	0.821756686185402		0.16	0.44	0.433666696167802	0.518996415770609	0.474208821330675
LC_k1_0.16_k2_0.44	365	0.830688287683572	0.817551323592195	0.854113660873149		0.16	0.44	0.433666696167802	0.518996415770609	0.474208821330675
LC_k1_0.16_k2_0.52	10	0.357575757575758	0.539393939393939	0.587878787878788	0.551515151515151	0.16	0.52	0.377467032480751	0.455197132616488	0.413655619237478
LC_k1_0.16_k2_0.52	20	0.663157894736842	0.774436090225564	0.544360902255639	0.77593984962406	0.16	0.52	0.377467032480751	0.455197132616488	0.413655619237478
LC_k1_0.16_k2_0.52	30	0.814905450500556	0.867853170189099	0.704115684093437	0.812235817575084	0.16	0.52	0.377467032480751	0.455197132616488	0.413655619237478
LC_k1_0.16_k2_0.52	40	0.868105065666042	0.903377110694184	0.800375234521576	0.772232645403377	0.16	0.52	0.377467032480751	0.455197132616488	0.413655619237478
LC_k1_0.16_k2_0.52	50	0.891188475390156	0.919135654261705	0.863049219687875	0.741656662665066	0.16	0.52	0.377467032480751	0.455197132616488	0.413655619237478
LC_k1_0.16_k2_0.52	60	0.865184773548208	0.881744929146986	0.853570436232287	0.806057238121701	0.16	0.52	0.377467032480751	0.455197132616488	0.413655619237478
LC_k1_0.16_k2_0.52	70	0.877665995975855	0.896352025194646	0.882984865716035	0.857720234450179	0.16	0.52	0.377467032480751	0.455197132616488	0.413655619237478
LC_k1_0.16_k2_0.52	80	0.890084388185654	0.908556024378809	0.893999062353493	0.874214721050164	0.16	0.52	0.377467032480751	0.455197132616488	0.413655619237478
LC_k1_0.16_k2_0.52	90	0.897024323990616	0.909289212659999	0.909091657406264	0.888331892826275	0.16	0.52	0.377467032480751	0.455197132616488	0.413655619237478
LC_k1_0.16_k2_0.52	100	0.882700270027003	0.904206420642064	0.911251125112511	0.907314731473148	0.16	0.52	0.377467032480751	0.455197132616488	0.413655619237478
LC_k1_0.16_k2_0.52	110	0.889024637648491	0.909933953970651	0.916912742600816	0.925271059216013	0.16	0.52	0.377467032480751	0.455197132616488	0.413655619237478
LC_k1_0.16_k2_0.52	120	0.903944718383221	0.919084658656851	0.929988193624557	0.936224737829016	0.16	0.52	0.377467032480751	0.455197132616488	0.413655619237478
LC_k1_0.16_k2_0.52	130	0.913509675128706	0.923888077127914	0.938423302243647	0.939046006363599	0.16	0.52	0.377467032480751	0.455197132616488	0.413655619237478
LC_k1_0.16_k2_0.52	140	0.921134460212985	0.927790776497343	0.942782795040563	0.929220878616256	0.16	0.52	0.377467032480751	0.455197132616488	0.413655619237478
LC_k1_0.16_k2_0.52	150	0.925226898973288	0.92682697008756	0.943439263967288	0.930514245077559	0.16	0.52	0.377467032480751	0.455197132616488	0.413655619237478
LC_k1_0.16_k2_0.52	160	0.916503574358373	0.91655631079339	0.933760107816711	0.915076760810969	0.16	0.52	0.377467032480751	0.455197132616488	0.413655619237478
LC_k1_0.16_k2_0.52	170	0.90235526163128	0.899624452708521	0.917682476291669	0.911009336777377	0.16	0.52	0.377467032480751	0.455197132616488	0.413655619237478
LC_k1_0.16_k2_0.52	180	0.901616305029991	0.8973980678416	0.914976799695464	0.898494809510582	0.16	0.52	0.377467032480751	0.455197132616488	0.413655619237478
LC_k1_0.16_k2_0.52	190	0.894948540636058	0.88926592222266	0.905024340957105	0.893461402196591	0.16	0.52	0.377467032480751	0.455197132616488	0.413655619237478
LC_k1_0.16_k2_0.52	200	0.871299782494562	0.865580139503488	0.886040651016276	0.899414985374635	0.16	0.52	0.377467032480751	0.455197132616488	0.413655619237478
LC_k1_0.16_k2_0.52	210	0.846584146708866	0.837978833339273	0.861992335427107	0.896065022530475	0.16	0.52	0.377467032480751	0.455197132616488	0.413655619237478
LC_k1_0.16_k2_0.52	220	0.829166643187594	0.823734524943228	0.847421716076027	0.90033190017074	0.16	0.52	0.377467032480751	0.455197132616488	0.413655619237478
LC_k1_0.16_k2_0.52	230	0.812294635305837	0.811063741650413	0.83078861521998	0.903258465476047	0.16	0.52	0.377467032480751	0.455197132616488	0.413655619237478
LC_k1_0.16_k2_0.52	240	0.800047743884442	0.800839424295561	0.819347558117328	0.910613031476241	0.16	0.52	0.377467032480751	0.455197132616488	0.413655619237478
LC_k1_0.16_k2_0.52	250	0.804183746939951	0.801396630346086	0.819547064753036		0.16	0.52	0.377467032480751	0.455197132616488	0.413655619237478
LC_k1_0.16_k2_0.52	260	0.791957778164675	0.789965486517211	0.805472315817143		0.16	0.52	0.377467032480751	0.455197132616488	0.413655619237478
LC_k1_0.16_k2_0.52	270	0.782380797785673	0.774008178743497	0.79163256316578		0.16	0.52	0.377467032480751	0.455197132616488	0.413655619237478
LC_k1_0.16_k2_0.52	280	0.785009648446682	0.775545424230994	0.79011485204804		0.16	0.52	0.377467032480751	0.455197132616488	0.413655619237478
LC_k1_0.16_k2_0.52	290	0.778540808431442	0.766455052358243	0.785965555373777		0.16	0.52	0.377467032480751	0.455197132616488	0.413655619237478
LC_k1_0.16_k2_0.52	300	0.773745486060956	0.760903565595173	0.783592262136246		0.16	0.52	0.377467032480751	0.455197132616488	0.413655619237478
LC_k1_0.16_k2_0.52	365	0.823833790283375	0.82146719213865	0.841716536326911		0.16	0.52	0.377467032480751	0.455197132616488	0.413655619237478
LC_k1_0.16_k2_0.6	10	0.139393939393939	0.333333333333333	0.915151515151515	-0.0181818181818182	0.16	0.6	0.321001858571555	0.390322580645161	0.353725392474458
LC_k1_0.16_k2_0.6	20	0.487218045112782	0.639097744360902	0.750375939849624	0.598496240601504	0.16	0.6	0.321001858571555	0.390322580645161	0.353725392474458
LC_k1_0.16_k2_0.6	30	0.741490545050056	0.819354838709677	0.834037819799778	0.699666295884316	0.16	0.6	0.321001858571555	0.390322580645161	0.353725392474458
LC_k1_0.16_k2_0.6	40	0.856660412757974	0.899812382739212	0.887429643527205	0.722326454033771	0.16	0.6	0.321001858571555	0.390322580645161	0.353725392474458
LC_k1_0.16_k2_0.6	50	0.891668667466987	0.922593037214886	0.903577430972389	0.711500600240096	0.16	0.6	0.321001858571555	0.390322580645161	0.353725392474458
LC_k1_0.16_k2_0.6	60	0.879966657404835	0.902861906085024	0.872964712420117	0.767490969713809	0.16	0.6	0.321001858571555	0.390322580645161	0.353725392474458
LC_k1_0.16_k2_0.6	70	0.892362872889511	0.909929140057738	0.887743854430933	0.808590674481673	0.16	0.6	0.321001858571555	0.390322580645161	0.353725392474458
LC_k1_0.16_k2_0.6	80	0.875058602906704	0.905133614627286	0.884903891233005	0.840834505391467	0.16	0.6	0.321001858571555	0.390322580645161	0.353725392474458
LC_k1_0.16_k2_0.6	90	0.898538914269251	0.917734699757172	0.906869160801745	0.859999176853109	0.16	0.6	0.321001858571555	0.390322580645161	0.353725392474458
LC_k1_0.16_k2_0.6	100	0.912343234323432	0.929192919291929	0.921236123612361	0.867974797479748	0.16	0.6	0.321001858571555	0.390322580645161	0.353725392474458
LC_k1_0.16_k2_0.6	110	0.925974347992696	0.937479431057413	0.934819556837905	0.894849311363073	0.16	0.6	0.321001858571555	0.390322580645161	0.353725392474458
LC_k1_0.16_k2_0.6	120	0.928349190916036	0.93768317244253	0.940231960552816	0.90747274116258	0.16	0.6	0.321001858571555	0.390322580645161	0.353725392474458
LC_k1_0.16_k2_0.6	130	0.93092900353685	0.936740908656407	0.942825929618048	0.920490516052384	0.16	0.6	0.321001858571555	0.390322580645161	0.353725392474458
LC_k1_0.16_k2_0.6	140	0.928910367147012	0.930139292821062	0.941518882158711	0.919822439920404	0.16	0.6	0.321001858571555	0.390322580645161	0.353725392474458
LC_k1_0.16_k2_0.6	150	0.915320680919152	0.915893150806703	0.928935508244811	0.928398595493133	0.16	0.6	0.321001858571555	0.390322580645161	0.353725392474458
LC_k1_0.16_k2_0.6	160	0.913066916676432	0.91202683698582	0.927683698581976	0.930557834290402	0.16	0.6	0.321001858571555	0.390322580645161	0.353725392474458
LC_k1_0.16_k2_0.6	170	0.914744047728092	0.912919437472903	0.927467467834222	0.908466606823359	0.16	0.6	0.321001858571555	0.390322580645161	0.353725392474458
LC_k1_0.16_k2_0.6	180	0.910034260316676	0.905894214842022	0.922929720053088	0.903048447997366	0.16	0.6	0.321001858571555	0.390322580645161	0.353725392474458
LC_k1_0.16_k2_0.6	190	0.908443009793244	0.899296233603205	0.922537583050121	0.899306731051014	0.16	0.6	0.321001858571555	0.390322580645161	0.353725392474458
LC_k1_0.16_k2_0.6	200	0.892402310057751	0.884056101402535	0.907891697292433	0.891248781219531	0.16	0.6	0.321001858571555	0.390322580645161	0.353725392474458
LC_k1_0.16_k2_0.6	210	0.889908744286395	0.880864159537145	0.90381511728481	0.891985888892848	0.16	0.6	0.321001858571555	0.390322580645161	0.353725392474458
LC_k1_0.16_k2_0.6	220	0.889743777576171	0.880584685258336	0.901884899950976	0.900740999532297	0.16	0.6	0.321001858571555	0.390322580645161	0.353725392474458
LC_k1_0.16_k2_0.6	230	0.888875354757261	0.881378541716495	0.90034298338836	0.904646179717378	0.16	0.6	0.321001858571555	0.390322580645161	0.353725392474458
LC_k1_0.16_k2_0.6	240	0.876067292834945	0.868993385301828	0.885691591867914	0.90787600479175	0.16	0.6	0.321001858571555	0.390322580645161	0.353725392474458
LC_k1_0.16_k2_0.6	250	0.864385926174819	0.85630643690299	0.879379830077281		0.16	0.6	0.321001858571555	0.390322580645161	0.353725392474458
LC_k1_0.16_k2_0.6	260	0.844110347558623	0.835725380552967	0.85720089168365		0.16	0.6	0.321001858571555	0.390322580645161	0.353725392474458
LC_k1_0.16_k2_0.6	270	0.835003376056065	0.820434665313196	0.844381343441687		0.16	0.6	0.321001858571555	0.390322580645161	0.353725392474458
LC_k1_0.16_k2_0.6	280	0.83382914869541	0.811851463119974	0.84271391945597		0.16	0.6	0.321001858571555	0.390322580645161	0.353725392474458
LC_k1_0.16_k2_0.6	290	0.820985857800597	0.796058094093537	0.837305048114476		0.16	0.6	0.321001858571555	0.390322580645161	0.353725392474458
LC_k1_0.16_k2_0.6	300	0.832043467149635	0.806069845220502	0.845285836509295		0.16	0.6	0.321001858571555	0.390322580645161	0.353725392474458
LC_k1_0.16_k2_0.6	365	0.84823097405626	0.835534754937405	0.862214138881554		0.16	0.6	0.321001858571555	0.390322580645161	0.353725392474458
LC_k1_0.16_k2_0.68	10	0.466666666666667	0.587878787878788	0.660606060606061	0.345454545454545	0.16	0.68	0.258783963182583	0.316308243727599	0.285073511088961
LC_k1_0.16_k2_0.68	20	0.288721804511278	0.455639097744361	0.783458646616541	0.415037593984962	0.16	0.68	0.258783963182583	0.316308243727599	0.285073511088961
LC_k1_0.16_k2_0.68	30	0.6440489432703	0.759288097886541	0.812680756395996	0.634260289210234	0.16	0.68	0.258783963182583	0.316308243727599	0.285073511088961
LC_k1_0.16_k2_0.68	40	0.810694183864916	0.874484052532833	0.875609756097561	0.685553470919325	0.16	0.68	0.258783963182583	0.316308243727599	0.285073511088961
LC_k1_0.16_k2_0.68	50	0.866890756302521	0.912412965186074	0.899255702280913	0.709099639855942	0.16	0.68	0.258783963182583	0.316308243727599	0.285073511088961
LC_k1_0.16_k2_0.68	60	0.874631842178383	0.901361489302584	0.875965545984996	0.768380105584885	0.16	0.68	0.258783963182583	0.316308243727599	0.285073511088961
LC_k1_0.16_k2_0.68	70	0.877526025719535	0.906849794418686	0.886449129559968	0.81590412037442	0.16	0.68	0.258783963182583	0.316308243727599	0.285073511088961
LC_k1_0.16_k2_0.68	80	0.873652133145804	0.904031879981247	0.88441162681669	0.850093764650727	0.16	0.68	0.258783963182583	0.316308243727599	0.285073511088961
LC_k1_0.16_k2_0.68	90	0.882915586286373	0.911363542824217	0.903049759229534	0.870486068238877	0.16	0.68	0.258783963182583	0.316308243727599	0.285073511088961
LC_k1_0.16_k2_0.68	100	0.902706270627063	0.926444644464446	0.921140114011401	0.878007800780078	0.16	0.68	0.258783963182583	0.316308243727599	0.285073511088961
LC_k1_0.16_k2_0.68	110	0.916948808691928	0.934413813312896	0.932574442666186	0.901287108626558	0.16	0.68	0.258783963182583	0.316308243727599	0.285073511088961
LC_k1_0.16_k2_0.68	120	0.926251823043267	0.940030557677616	0.943864157233141	0.916452531425793	0.16	0.68	0.258783963182583	0.316308243727599	0.285073511088961
LC_k1_0.16_k2_0.68	130	0.926772180420325	0.936609813052206	0.943366698985374	0.915170219448579	0.16	0.68	0.258783963182583	0.316308243727599	0.285073511088961
LC_k1_0.16_k2_0.68	140	0.919748092103825	0.92439264393956	0.935466095208939	0.924934945660493	0.16	0.68	0.258783963182583	0.316308243727599	0.285073511088961
LC_k1_0.16_k2_0.68	150	0.917461220498689	0.920632917018534	0.93418729721321	0.928291924085515	0.16	0.68	0.258783963182583	0.316308243727599	0.285073511088961
LC_k1_0.16_k2_0.68	160	0.918208719090589	0.919184343138404	0.935151763740771	0.92548927692488	0.16	0.68	0.258783963182583	0.316308243727599	0.285073511088961
LC_k1_0.16_k2_0.68	170	0.91235031539866	0.91215979384591	0.929321389097526	0.923439646802352	0.16	0.68	0.258783963182583	0.316308243727599	0.285073511088961
LC_k1_0.16_k2_0.68	180	0.909567167710938	0.906180231900161	0.925236375608301	0.915713447945924	0.16	0.68	0.258783963182583	0.316308243727599	0.285073511088961
LC_k1_0.16_k2_0.68	190	0.891514125628207	0.885990718506563	0.903668420615238	0.915799971132019	0.16	0.68	0.258783963182583	0.316308243727599	0.285073511088961
LC_k1_0.16_k2_0.68	200	0.893080327008175	0.885514137853446	0.904953123828096	0.900538513462837	0.16	0.68	0.258783963182583	0.316308243727599	0.285073511088961
LC_k1_0.16_k2_0.68	210	0.890953147625634	0.880227928718824	0.9012585319395	0.904328248453966	0.16	0.68	0.258783963182583	0.316308243727599	0.285073511088961
LC_k1_0.16_k2_0.68	220	0.888323763263328	0.875109741185487	0.896662402867077	0.905588207119231	0.16	0.68	0.258783963182583	0.316308243727599	0.285073511088961
LC_k1_0.16_k2_0.68	230	0.884966675625495	0.873550334230038	0.891653742118903	0.904584043258811	0.16	0.68	0.258783963182583	0.316308243727599	0.285073511088961
LC_k1_0.16_k2_0.68	240	0.87296307227556	0.863855275265195	0.88160731957152	0.91388652580774	0.16	0.68	0.258783963182583	0.316308243727599	0.285073511088961
LC_k1_0.16_k2_0.68	250	0.853225171602746	0.842562088993424	0.85910046560745		0.16	0.68	0.258783963182583	0.316308243727599	0.285073511088961
LC_k1_0.16_k2_0.68	260	0.838932301001267	0.826501985122675	0.84877359360118		0.16	0.68	0.258783963182583	0.316308243727599	0.285073511088961
LC_k1_0.16_k2_0.68	270	0.83450039704858	0.826357014499513	0.848358230794204		0.16	0.68	0.258783963182583	0.316308243727599	0.285073511088961
LC_k1_0.16_k2_0.68	280	0.840956426193483	0.828101852611094	0.851867097430178		0.16	0.68	0.258783963182583	0.316308243727599	0.285073511088961
LC_k1_0.16_k2_0.68	290	0.846423857596404	0.831824315431198	0.856015016784406		0.16	0.68	0.258783963182583	0.316308243727599	0.285073511088961
LC_k1_0.16_k2_0.68	300	0.838592428804765	0.822024689163213	0.849596995522172		0.16	0.68	0.258783963182583	0.316308243727599	0.285073511088961
LC_k1_0.16_k2_0.68	365	0.859424810536421	0.849349617371176	0.868885280450517		0.16	0.68	0.258783963182583	0.316308243727599	0.285073511088961
LC_k1_0.16_k2_0.76	10	0.442424242424242	0.36969696969697	0.357575757575758	0.236363636363636	0.16	0.76	0.193999468979556	0.23673835125448	0.215674059307251
LC_k1_0.16_k2_0.76	20	0.0511278195488722	0.206015037593985	0.42406015037594	0.180451127819549	0.16	0.76	0.193999468979556	0.23673835125448	0.215674059307251
LC_k1_0.16_k2_0.76	30	0.536818687430478	0.659621802002225	0.670300333704116	0.491879866518354	0.16	0.76	0.193999468979556	0.23673835125448	0.215674059307251
LC_k1_0.16_k2_0.76	40	0.754784240150094	0.830581613508443	0.804502814258912	0.554596622889306	0.16	0.76	0.193999468979556	0.23673835125448	0.215674059307251
LC_k1_0.16_k2_0.76	50	0.824249699879952	0.87515006002401	0.851140456182473	0.645330132052821	0.16	0.76	0.193999468979556	0.23673835125448	0.215674059307251
LC_k1_0.16_k2_0.76	60	0.833120311197555	0.874242845234788	0.848791330925257	0.758710752986941	0.16	0.76	0.193999468979556	0.23673835125448	0.215674059307251
LC_k1_0.16_k2_0.76	70	0.86839296649462	0.890823200069985	0.879345639051702	0.803551745254134	0.16	0.76	0.193999468979556	0.23673835125448	0.215674059307251
LC_k1_0.16_k2_0.76	80	0.877684013127051	0.90379746835443	0.894069385841538	0.84831223628692	0.16	0.76	0.193999468979556	0.23673835125448	0.215674059307251
LC_k1_0.16_k2_0.76	90	0.872955508910565	0.902012594147426	0.900415689179734	0.833148125282957	0.16	0.76	0.193999468979556	0.23673835125448	0.215674059307251
LC_k1_0.16_k2_0.76	100	0.892397239723972	0.914959495949595	0.916927692769277	0.865178517851785	0.16	0.76	0.193999468979556	0.23673835125448	0.215674059307251
LC_k1_0.16_k2_0.76	110	0.911629060252914	0.928967833554989	0.93435069765345	0.894641931339179	0.16	0.76	0.193999468979556	0.23673835125448	0.215674059307251
LC_k1_0.16_k2_0.76	120	0.9250503507188	0.936467810264601	0.944773942634905	0.904187790818807	0.16	0.76	0.193999468979556	0.23673835125448	0.215674059307251
LC_k1_0.16_k2_0.76	130	0.932272733479905	0.939898127790902	0.950445861612203	0.908691911674337	0.16	0.76	0.193999468979556	0.23673835125448	0.215674059307251
LC_k1_0.16_k2_0.76	140	0.933213793706676	0.938566836500405	0.950869213443835	0.91861538125123	0.16	0.76	0.193999468979556	0.23673835125448	0.215674059307251
LC_k1_0.16_k2_0.76	150	0.92382950353349	0.928135472687675	0.941174274412196	0.927872349882217	0.16	0.76	0.193999468979556	0.23673835125448	0.215674059307251
LC_k1_0.16_k2_0.76	160	0.907087190905895	0.90757939763272	0.923898394468534	0.918990976210008	0.16	0.76	0.193999468979556	0.23673835125448	0.215674059307251
LC_k1_0.16_k2_0.76	170	0.898256605663131	0.896344062383596	0.916204712965847	0.92105324222495	0.16	0.76	0.193999468979556	0.23673835125448	0.215674059307251
LC_k1_0.16_k2_0.76	180	0.900229430949515	0.896677881004558	0.919279401627622	0.919441958085126	0.16	0.76	0.193999468979556	0.23673835125448	0.215674059307251
LC_k1_0.16_k2_0.76	190	0.881237124224173	0.879419316178754	0.895146242569775	0.909405275842311	0.16	0.76	0.193999468979556	0.23673835125448	0.215674059307251
LC_k1_0.16_k2_0.76	200	0.878880972024301	0.873345833645841	0.892658816470412	0.910363759093977	0.16	0.76	0.193999468979556	0.23673835125448	0.215674059307251
LC_k1_0.16_k2_0.76	210	0.87665674310723	0.870792016663805	0.885613214423391	0.912800095888148	0.16	0.76	0.193999468979556	0.23673835125448	0.215674059307251
LC_k1_0.16_k2_0.76	220	0.867986002716059	0.860252559688499	0.87630210241008	0.919100883000964	0.16	0.76	0.193999468979556	0.23673835125448	0.215674059307251
LC_k1_0.16_k2_0.76	230	0.870587510078682	0.859707712071487	0.879690994405253	0.917746123252104	0.16	0.76	0.193999468979556	0.23673835125448	0.215674059307251
LC_k1_0.16_k2_0.76	240	0.862668622719144	0.856294380110766	0.876845084116044	0.919393565860518	0.16	0.76	0.193999468979556	0.23673835125448	0.215674059307251
LC_k1_0.16_k2_0.76	250	0.845187923006768	0.843847741563865	0.860105793692699		0.16	0.76	0.193999468979556	0.23673835125448	0.215674059307251
LC_k1_0.16_k2_0.76	260	0.834701924357097	0.829852285024699	0.847616316581834		0.16	0.76	0.193999468979556	0.23673835125448	0.215674059307251
LC_k1_0.16_k2_0.76	270	0.827059965766944	0.821216264207252	0.840847687287282		0.16	0.76	0.193999468979556	0.23673835125448	0.215674059307251
LC_k1_0.16_k2_0.76	280	0.824262153489567	0.820383641919631	0.839685455171622		0.16	0.76	0.193999468979556	0.23673835125448	0.215674059307251
LC_k1_0.16_k2_0.76	290	0.829038928258198	0.823568036193796	0.841840589354665		0.16	0.76	0.193999468979556	0.23673835125448	0.215674059307251
LC_k1_0.16_k2_0.76	300	0.831735019277992	0.825103390037667	0.838019533550373		0.16	0.76	0.193999468979556	0.23673835125448	0.215674059307251
LC_k1_0.16_k2_0.76	365	0.857773620944517	0.855771266685257	0.87208524688875		0.16	0.76	0.193999468979556	0.23673835125448	0.215674059307251
LC_k1_0.24_k2_0.04	10	0.624242424242424	0.757575757575757	0.175757575757576	0.745454545454545	0.24	0.04	0.55978405168599	0.657347670250896	0.594443060054822
LC_k1_0.24_k2_0.04	20	0.699248120300752	0.730827067669173	0.487218045112782	0.792481203007519	0.24	0.04	0.55978405168599	0.657347670250896	0.594443060054822
LC_k1_0.24_k2_0.04	30	0.856284760845384	0.862958843159066	0.659621802002225	0.838487208008899	0.24	0.04	0.55978405168599	0.657347670250896	0.594443060054822
LC_k1_0.24_k2_0.04	40	0.867166979362102	0.873733583489681	0.755722326454034	0.799812382739212	0.24	0.04	0.55978405168599	0.657347670250896	0.594443060054822
LC_k1_0.24_k2_0.04	50	0.865258103241296	0.851812725090036	0.826170468187275	0.781032412965186	0.24	0.04	0.55978405168599	0.657347670250896	0.594443060054822
LC_k1_0.24_k2_0.04	60	0.869408168935816	0.850569602667408	0.83450958599611	0.826173937204779	0.24	0.04	0.55978405168599	0.657347670250896	0.594443060054822
LC_k1_0.24_k2_0.04	70	0.895967106989765	0.888128772635815	0.877106114950573	0.841448692152918	0.24	0.04	0.55978405168599	0.657347670250896	0.594443060054822
LC_k1_0.24_k2_0.04	80	0.864088138771683	0.869573370839194	0.875644631973746	0.883356774496015	0.24	0.04	0.55978405168599	0.657347670250896	0.594443060054822
LC_k1_0.24_k2_0.04	90	0.877021854549945	0.889039799152159	0.899427912911059	0.889648927851175	0.24	0.04	0.55978405168599	0.657347670250896	0.594443060054822
LC_k1_0.24_k2_0.04	100	0.893981398139814	0.905538553855386	0.910867086708671	0.894425442544254	0.24	0.04	0.55978405168599	0.657347670250896	0.594443060054822
LC_k1_0.24_k2_0.04	110	0.899961679778193	0.910258548790659	0.918355386245294	0.908392128575615	0.24	0.04	0.55978405168599	0.657347670250896	0.594443060054822
LC_k1_0.24_k2_0.04	120	0.907236613653726	0.914098201263976	0.923723869713174	0.924057226196263	0.24	0.04	0.55978405168599	0.657347670250896	0.594443060054822
LC_k1_0.24_k2_0.04	130	0.900897185541247	0.905660325827199	0.920064455338732	0.919288806347212	0.24	0.04	0.55978405168599	0.657347670250896	0.594443060054822
LC_k1_0.24_k2_0.04	140	0.9006013426341	0.903015459972448	0.918020598718594	0.921042618792504	0.24	0.04	0.55978405168599	0.657347670250896	0.594443060054822
LC_k1_0.24_k2_0.04	150	0.903025023334371	0.90337703897951	0.921226721187609	0.916735854926886	0.24	0.04	0.55978405168599	0.657347670250896	0.594443060054822
LC_k1_0.24_k2_0.04	160	0.905484589241767	0.900864291573889	0.924416969412868	0.910556076409235	0.24	0.04	0.55978405168599	0.657347670250896	0.594443060054822
LC_k1_0.24_k2_0.04	170	0.895069033530572	0.892120834630956	0.919340990834204	0.90404552976594	0.24	0.04	0.55978405168599	0.657347670250896	0.594443060054822
LC_k1_0.24_k2_0.04	180	0.893531693365022	0.888375155611799	0.91729580131074	0.890447236025803	0.24	0.04	0.55978405168599	0.657347670250896	0.594443060054822
LC_k1_0.24_k2_0.04	190	0.890030486338009	0.878644254615597	0.910591487444615	0.88874104983226	0.24	0.04	0.55978405168599	0.657347670250896	0.594443060054822
LC_k1_0.24_k2_0.04	200	0.885752643816096	0.871500787519688	0.904362109052726	0.889175729393235	0.24	0.04	0.55978405168599	0.657347670250896	0.594443060054822
LC_k1_0.24_k2_0.04	210	0.872120197089017	0.858967971414966	0.892618232353827	0.892062340253909	0.24	0.04	0.55978405168599	0.657347670250896	0.594443060054822
LC_k1_0.24_k2_0.04	220	0.862818728410993	0.848827079447547	0.882475783684486	0.890567611276717	0.24	0.04	0.55978405168599	0.657347670250896	0.594443060054822
LC_k1_0.24_k2_0.04	230	0.85535125592084	0.839797415419212	0.870267951148908	0.895702474855693	0.24	0.04	0.55978405168599	0.657347670250896	0.594443060054822
LC_k1_0.24_k2_0.04	240	0.843624889320995	0.82621573291203	0.856727547353253	0.904404590357471	0.24	0.04	0.55978405168599	0.657347670250896	0.594443060054822
LC_k1_0.24_k2_0.04	250	0.833440407046513	0.811036720587529	0.848540296644746		0.24	0.04	0.55978405168599	0.657347670250896	0.594443060054822
LC_k1_0.24_k2_0.04	260	0.821343055825814	0.797908025494232	0.833780882056744		0.24	0.04	0.55978405168599	0.657347670250896	0.594443060054822
LC_k1_0.24_k2_0.04	270	0.809920270206419	0.788600057004287	0.827979960096999		0.24	0.04	0.55978405168599	0.657347670250896	0.594443060054822
LC_k1_0.24_k2_0.04	280	0.794714400511668	0.7728602587861	0.818821304207597		0.24	0.04	0.55978405168599	0.657347670250896	0.594443060054822
LC_k1_0.24_k2_0.04	290	0.798226966493923	0.773473873771922	0.818229500453284		0.24	0.04	0.55978405168599	0.657347670250896	0.594443060054822
LC_k1_0.24_k2_0.04	300	0.796274625273614	0.770050778341982	0.81203302258914		0.24	0.04	0.55978405168599	0.657347670250896	0.594443060054822
LC_k1_0.24_k2_0.04	365	0.811129427500413	0.797798002581295	0.831813347218692		0.24	0.04	0.55978405168599	0.657347670250896	0.594443060054822
LC_k1_0.24_k2_0.12	10	0.612121212121212	0.672727272727273	0.175757575757576	0.721212121212121	0.24	0.12	0.473493229489335	0.565949820788531	0.510715175679043
LC_k1_0.24_k2_0.12	20	0.663157894736842	0.717293233082707	0.463157894736842	0.736842105263158	0.24	0.12	0.473493229489335	0.565949820788531	0.510715175679043
LC_k1_0.24_k2_0.12	30	0.855394883203559	0.861179087875417	0.626696329254728	0.847830923248053	0.24	0.12	0.473493229489335	0.565949820788531	0.510715175679043
LC_k1_0.24_k2_0.12	40	0.845215759849906	0.86923076923077	0.742213883677299	0.812757973733584	0.24	0.12	0.473493229489335	0.565949820788531	0.510715175679043
LC_k1_0.24_k2_0.12	50	0.821944777911164	0.826458583433373	0.778535414165666	0.775174069627851	0.24	0.12	0.473493229489335	0.565949820788531	0.510715175679043
LC_k1_0.24_k2_0.12	60	0.845901639344262	0.841678243956655	0.816060016671298	0.815004167824396	0.24	0.12	0.473493229489335	0.565949820788531	0.510715175679043
LC_k1_0.24_k2_0.12	70	0.855620680605371	0.863913918292363	0.853486134196483	0.842778409587963	0.24	0.12	0.473493229489335	0.565949820788531	0.510715175679043
LC_k1_0.24_k2_0.12	80	0.857383966244726	0.864955461790905	0.863267698077825	0.864908579465542	0.24	0.12	0.473493229489335	0.565949820788531	0.510715175679043
LC_k1_0.24_k2_0.12	90	0.855340165452525	0.871868955015023	0.877416965057414	0.884710046507799	0.24	0.12	0.473493229489335	0.565949820788531	0.510715175679043
LC_k1_0.24_k2_0.12	100	0.874563456345635	0.88994899489949	0.892961296129613	0.893321332133214	0.24	0.12	0.473493229489335	0.565949820788531	0.510715175679043
LC_k1_0.24_k2_0.12	110	0.886220499064536	0.899934630209859	0.906543741406127	0.908428194666727	0.24	0.12	0.473493229489335	0.565949820788531	0.510715175679043
LC_k1_0.24_k2_0.12	120	0.8955899715258	0.905021182026529	0.916549760400028	0.921800125008681	0.24	0.12	0.473493229489335	0.565949820788531	0.510715175679043
LC_k1_0.24_k2_0.12	130	0.896297914760546	0.902415709623236	0.916918160837919	0.92953611274222	0.24	0.12	0.473493229489335	0.565949820788531	0.510715175679043
LC_k1_0.24_k2_0.12	140	0.894579169491155	0.89660842754368	0.911998425575649	0.925083641293652	0.24	0.12	0.473493229489335	0.565949820788531	0.510715175679043
LC_k1_0.24_k2_0.12	150	0.89819280856927	0.898765278456821	0.916778523489933	0.919118183030357	0.24	0.12	0.473493229489335	0.565949820788531	0.510715175679043
LC_k1_0.24_k2_0.12	160	0.892520215633423	0.892054377124106	0.91323391538732	0.917728231571546	0.24	0.12	0.473493229489335	0.565949820788531	0.510715175679043
LC_k1_0.24_k2_0.12	170	0.896932725129915	0.893603483124798	0.919284811401982	0.910039630925556	0.24	0.12	0.473493229489335	0.565949820788531	0.510715175679043
LC_k1_0.24_k2_0.12	180	0.895735465086371	0.890222949267982	0.917050937786146	0.8975338745023	0.24	0.12	0.473493229489335	0.565949820788531	0.510715175679043
LC_k1_0.24_k2_0.12	190	0.887675558879747	0.878654752063405	0.9106159814895	0.892250696549402	0.24	0.12	0.473493229489335	0.565949820788531	0.510715175679043
LC_k1_0.24_k2_0.12	200	0.878094952373809	0.865685142128553	0.900808520213005	0.888958223955599	0.24	0.12	0.473493229489335	0.565949820788531	0.510715175679043
LC_k1_0.24_k2_0.12	210	0.866794517530362	0.854342016177886	0.885670228997742	0.891292643500177	0.24	0.12	0.473493229489335	0.565949820788531	0.510715175679043
LC_k1_0.24_k2_0.12	220	0.862642917115117	0.84761105131774	0.878942652834675	0.894485047587384	0.24	0.12	0.473493229489335	0.565949820788531	0.510715175679043
LC_k1_0.24_k2_0.12	230	0.854939971742706	0.839695827240919	0.871143779326806	0.897863442803637	0.24	0.12	0.473493229489335	0.565949820788531	0.510715175679043
LC_k1_0.24_k2_0.12	240	0.853433219326724	0.83508307435893	0.867567145262938	0.904554766575808	0.24	0.12	0.473493229489335	0.565949820788531	0.510715175679043
LC_k1_0.24_k2_0.12	250	0.845534296548745	0.828415302644842	0.862446695147122		0.24	0.12	0.473493229489335	0.565949820788531	0.510715175679043
LC_k1_0.24_k2_0.12	260	0.837118892291306	0.814300393610738	0.852627769869149		0.24	0.12	0.473493229489335	0.565949820788531	0.510715175679043
LC_k1_0.24_k2_0.12	270	0.820430397612526	0.79379872609135	0.840136810290036		0.24	0.12	0.473493229489335	0.565949820788531	0.510715175679043
LC_k1_0.24_k2_0.12	280	0.811979926857668	0.787377754453865	0.836386943711017		0.24	0.12	0.473493229489335	0.565949820788531	0.510715175679043
LC_k1_0.24_k2_0.12	290	0.802044142556125	0.777260051884663	0.82606460120277		0.24	0.12	0.473493229489335	0.565949820788531	0.510715175679043
LC_k1_0.24_k2_0.12	300	0.798035978177535	0.774739719330215	0.817229080323115		0.24	0.12	0.473493229489335	0.565949820788531	0.510715175679043
LC_k1_0.24_k2_0.12	365	0.824082542205156	0.810704476300704	0.843660404271228		0.24	0.12	0.473493229489335	0.565949820788531	0.510715175679043
LC_k1_0.24_k2_0.2	10	0.672727272727273	0.781818181818182	0.2	0.76969696969697	0.24	0.2	0.406761660323923	0.487634408602151	0.442935459755794
LC_k1_0.24_k2_0.2	20	0.699248120300752	0.727819548872181	0.494736842105263	0.724812030075188	0.24	0.2	0.406761660323923	0.487634408602151	0.442935459755794
LC_k1_0.24_k2_0.2	30	0.880756395995551	0.862958843159066	0.6440489432703	0.823359288097887	0.24	0.2	0.406761660323923	0.487634408602151	0.442935459755794
LC_k1_0.24_k2_0.2	40	0.916510318949344	0.912945590994372	0.792120075046905	0.794371482176361	0.24	0.2	0.406761660323923	0.487634408602151	0.442935459755794
LC_k1_0.24_k2_0.2	50	0.903289315726291	0.908091236494598	0.838943577430973	0.804753901560624	0.24	0.2	0.406761660323923	0.487634408602151	0.442935459755794
LC_k1_0.24_k2_0.2	60	0.874576271186441	0.864184495693248	0.841455959988886	0.837232564601278	0.24	0.2	0.406761660323923	0.487634408602151	0.442935459755794
LC_k1_0.24_k2_0.2	70	0.870177587262707	0.872662059312396	0.86044965444843	0.854920829323769	0.24	0.2	0.406761660323923	0.487634408602151	0.442935459755794
LC_k1_0.24_k2_0.2	80	0.877801218940459	0.884716361931552	0.875269573370839	0.880520393811533	0.24	0.2	0.406761660323923	0.487634408602151	0.442935459755794
LC_k1_0.24_k2_0.2	90	0.880232127423139	0.882964975099807	0.891920813269128	0.895970695970696	0.24	0.2	0.406761660323923	0.487634408602151	0.442935459755794
LC_k1_0.24_k2_0.2	100	0.88	0.894449444944494	0.901386138613861	0.906186618661866	0.24	0.2	0.406761660323923	0.487634408602151	0.442935459755794
LC_k1_0.24_k2_0.2	110	0.891125487455763	0.90374861934495	0.913188918693506	0.923107093749296	0.24	0.2	0.406761660323923	0.487634408602151	0.442935459755794
LC_k1_0.24_k2_0.2	120	0.905208695048267	0.913737065073963	0.926710188207514	0.933273143968331	0.24	0.2	0.406761660323923	0.487634408602151	0.442935459755794
LC_k1_0.24_k2_0.2	130	0.913373117207664	0.91918502232722	0.935894249545945	0.931098335358942	0.24	0.2	0.406761660323923	0.487634408602151	0.442935459755794
LC_k1_0.24_k2_0.2	140	0.90925192976318	0.914285714285714	0.929767553738165	0.9295313900855	0.24	0.2	0.406761660323923	0.487634408602151	0.442935459755794
LC_k1_0.24_k2_0.2	150	0.905051780079115	0.905247344326415	0.923399262189431	0.929507978132362	0.24	0.2	0.406761660323923	0.487634408602151	0.442935459755794
LC_k1_0.24_k2_0.2	160	0.908859721082855	0.904585140044533	0.924622055549045	0.917836634243525	0.24	0.2	0.406761660323923	0.487634408602151	0.442935459755794
LC_k1_0.24_k2_0.2	170	0.907968319685395	0.89897961052998	0.925950623164246	0.913425052362895	0.24	0.2	0.406761660323923	0.487634408602151	0.442935459755794
LC_k1_0.24_k2_0.2	180	0.905723427677809	0.893661326995689	0.922182783419241	0.908890192084118	0.24	0.2	0.406761660323923	0.487634408602151	0.442935459755794
LC_k1_0.24_k2_0.2	190	0.88038508137709	0.869686432486102	0.89764463514808	0.891291929649604	0.24	0.2	0.406761660323923	0.487634408602151	0.442935459755794
LC_k1_0.24_k2_0.2	200	0.865281632040801	0.853362334058352	0.882305557638941	0.894148353708843	0.24	0.2	0.406761660323923	0.487634408602151	0.442935459755794
LC_k1_0.24_k2_0.2	210	0.847746466554149	0.835617911646846	0.867251929910947	0.897859685836738	0.24	0.2	0.406761660323923	0.487634408602151	0.442935459755794
LC_k1_0.24_k2_0.2	220	0.840649600198351	0.827176369158642	0.858158602074799	0.898828488191905	0.24	0.2	0.406761660323923	0.487634408602151	0.442935459755794
LC_k1_0.24_k2_0.2	230	0.841089459240209	0.827281357336417	0.857896878136103	0.903835446877027	0.24	0.2	0.406761660323923	0.487634408602151	0.442935459755794
LC_k1_0.24_k2_0.2	240	0.825773016892654	0.814848348061598	0.844861021892741	0.913252834250594	0.24	0.2	0.406761660323923	0.487634408602151	0.442935459755794
LC_k1_0.24_k2_0.2	250	0.81183698939183	0.801762204195267	0.833334421350742		0.24	0.2	0.406761660323923	0.487634408602151	0.442935459755794
LC_k1_0.24_k2_0.2	260	0.807974628664284	0.790536273294894	0.825535197948991		0.24	0.2	0.406761660323923	0.487634408602151	0.442935459755794
LC_k1_0.24_k2_0.2	270	0.8020146595518	0.788047084931816	0.822750807433725		0.24	0.2	0.406761660323923	0.487634408602151	0.442935459755794
LC_k1_0.24_k2_0.2	280	0.805662790888368	0.786664917373217	0.828635387113174		0.24	0.2	0.406761660323923	0.487634408602151	0.442935459755794
LC_k1_0.24_k2_0.2	290	0.802253747738195	0.783430611951186	0.816696332032322		0.24	0.2	0.406761660323923	0.487634408602151	0.442935459755794
LC_k1_0.24_k2_0.2	300	0.801536017066856	0.784282047578306	0.812384582050912		0.24	0.2	0.406761660323923	0.487634408602151	0.442935459755794
LC_k1_0.24_k2_0.2	365	0.823843167835982	0.81619947535061	0.849838977550633		0.24	0.2	0.406761660323923	0.487634408602151	0.442935459755794
LC_k1_0.24_k2_0.28	10	0.345454545454545	0.83030303030303	0.466666666666667	0.454545454545455	0.24	0.28	0.33480839012302	0.406093189964158	0.370047346125093
LC_k1_0.24_k2_0.28	20	0.708270676691729	0.833082706766917	0.596992481203008	0.711278195488722	0.24	0.28	0.33480839012302	0.406093189964158	0.370047346125093
LC_k1_0.24_k2_0.28	30	0.840266963292547	0.918131256952169	0.753503893214683	0.780645161290323	0.24	0.28	0.33480839012302	0.406093189964158	0.370047346125093
LC_k1_0.24_k2_0.28	40	0.882176360225141	0.923452157598499	0.817260787992496	0.751782363977486	0.24	0.28	0.33480839012302	0.406093189964158	0.370047346125093
LC_k1_0.24_k2_0.28	50	0.879087635054022	0.906458583433373	0.848163265306123	0.755102040816327	0.24	0.28	0.33480839012302	0.406093189964158	0.370047346125093
LC_k1_0.24_k2_0.28	60	0.877910530702973	0.904862461794943	0.854570714087247	0.806001667129758	0.24	0.28	0.33480839012302	0.406093189964158	0.370047346125093
LC_k1_0.24_k2_0.28	70	0.874866590849445	0.895197270580002	0.871787245210393	0.826016971393579	0.24	0.28	0.33480839012302	0.406093189964158	0.370047346125093
LC_k1_0.24_k2_0.28	80	0.869221753398969	0.895030473511486	0.877941865916549	0.862658227848101	0.24	0.28	0.33480839012302	0.406093189964158	0.370047346125093
LC_k1_0.24_k2_0.28	90	0.892595793719389	0.905930773346504	0.904531423632547	0.882043050582377	0.24	0.28	0.33480839012302	0.406093189964158	0.370047346125093
LC_k1_0.24_k2_0.28	100	0.891593159315932	0.915007500750075	0.914611461146115	0.896981698169817	0.24	0.28	0.33480839012302	0.406093189964158	0.370047346125093
LC_k1_0.24_k2_0.28	110	0.903559272366612	0.922133309289272	0.925938281901585	0.917372585262493	0.24	0.28	0.33480839012302	0.406093189964158	0.370047346125093
LC_k1_0.24_k2_0.28	120	0.917056740051392	0.930585457323425	0.937294256545593	0.928092228626988	0.24	0.28	0.33480839012302	0.406093189964158	0.370047346125093
LC_k1_0.24_k2_0.28	130	0.925270043288861	0.934168157423971	0.942776768766472	0.929295770801185	0.24	0.28	0.33480839012302	0.406093189964158	0.370047346125093
LC_k1_0.24_k2_0.28	140	0.924655047998076	0.929793794144016	0.940399291509042	0.929299599833811	0.24	0.28	0.33480839012302	0.406093189964158	0.370047346125093
LC_k1_0.24_k2_0.28	150	0.919527090092893	0.922250766700742	0.934215742921908	0.924661540512912	0.24	0.28	0.33480839012302	0.406093189964158	0.370047346125093
LC_k1_0.24_k2_0.28	160	0.909217156920192	0.90987929215985	0.925615258408532	0.925325208015938	0.24	0.28	0.33480839012302	0.406093189964158	0.370047346125093
LC_k1_0.24_k2_0.28	170	0.908740176232437	0.905232625594617	0.924692692399289	0.920645330695343	0.24	0.28	0.33480839012302	0.406093189964158	0.370047346125093
LC_k1_0.24_k2_0.28	180	0.894846548761793	0.888751710443738	0.914441803759375	0.910980791588218	0.24	0.28	0.33480839012302	0.406093189964158	0.370047346125093
LC_k1_0.24_k2_0.28	190	0.887757788887577	0.878079142008599	0.903601936779121	0.908072099970695	0.24	0.28	0.33480839012302	0.406093189964158	0.370047346125093
LC_k1_0.24_k2_0.28	200	0.88158403960099	0.873120828020701	0.89588839720993	0.903466586664667	0.24	0.28	0.33480839012302	0.406093189964158	0.370047346125093
LC_k1_0.24_k2_0.28	210	0.876463671025906	0.864644808920189	0.888517070357928	0.902818658019456	0.24	0.28	0.33480839012302	0.406093189964158	0.370047346125093
LC_k1_0.24_k2_0.28	220	0.868581056332869	0.857117258245381	0.878955049785026	0.908602920045305	0.24	0.28	0.33480839012302	0.406093189964158	0.370047346125093
LC_k1_0.24_k2_0.28	230	0.863755458515284	0.850568721197162	0.871802623046215	0.911393410083366	0.24	0.28	0.33480839012302	0.406093189964158	0.370047346125093
LC_k1_0.24_k2_0.28	240	0.84511189430372	0.835577874615879	0.854755290890467	0.914817097519054	0.24	0.28	0.33480839012302	0.406093189964158	0.370047346125093
LC_k1_0.24_k2_0.28	250	0.834306724907598	0.825411606585705	0.844292420678731		0.24	0.28	0.33480839012302	0.406093189964158	0.370047346125093
LC_k1_0.24_k2_0.28	260	0.83298819850544	0.820619330964158	0.838059734611459		0.24	0.28	0.33480839012302	0.406093189964158	0.370047346125093
LC_k1_0.24_k2_0.28	270	0.833307269875673	0.822227099594416	0.837793232950917		0.24	0.28	0.33480839012302	0.406093189964158	0.370047346125093
LC_k1_0.24_k2_0.28	280	0.832275557450623	0.814823622021418	0.837192165351963		0.24	0.28	0.33480839012302	0.406093189964158	0.370047346125093
LC_k1_0.24_k2_0.28	290	0.82826889983111	0.809432479208617	0.834984138152449		0.24	0.28	0.33480839012302	0.406093189964158	0.370047346125093
LC_k1_0.24_k2_0.28	300	0.821250458338426	0.803004033378149	0.832418582428694		0.24	0.28	0.33480839012302	0.406093189964158	0.370047346125093
LC_k1_0.24_k2_0.28	365	0.84179698585717	0.835859514390842	0.861335116713513		0.24	0.28	0.33480839012302	0.406093189964158	0.370047346125093
LC_k1_0.24_k2_0.36	10	0.527272727272727	0.551515151515151	0.684848484848485	0.309090909090909	0.24	0.36	0.276838658288344	0.339426523297491	0.310366309494144
LC_k1_0.24_k2_0.36	20	0.377443609022556	0.500751879699248	0.784962406015038	0.452631578947368	0.24	0.36	0.276838658288344	0.339426523297491	0.310366309494144
LC_k1_0.24_k2_0.36	30	0.678754171301446	0.789098998887653	0.797107897664071	0.620467185761958	0.24	0.36	0.276838658288344	0.339426523297491	0.310366309494144
LC_k1_0.24_k2_0.36	40	0.786866791744841	0.851031894934334	0.821575984990619	0.622326454033771	0.24	0.36	0.276838658288344	0.339426523297491	0.310366309494144
LC_k1_0.24_k2_0.36	50	0.83702280912365	0.884465786314526	0.85671068427371	0.642641056422569	0.24	0.36	0.276838658288344	0.339426523297491	0.310366309494144
LC_k1_0.24_k2_0.36	60	0.848235621005835	0.887413170325091	0.843178660739094	0.723089747151987	0.24	0.36	0.276838658288344	0.339426523297491	0.310366309494144
LC_k1_0.24_k2_0.36	70	0.869512728545184	0.89215291750503	0.867623130084857	0.788819875776397	0.24	0.36	0.276838658288344	0.339426523297491	0.310366309494144
LC_k1_0.24_k2_0.36	80	0.852601969057665	0.894772620721988	0.878035630567276	0.82934833567745	0.24	0.36	0.276838658288344	0.339426523297491	0.310366309494144
LC_k1_0.24_k2_0.36	90	0.880083960982837	0.907955714697288	0.901617483639956	0.854072519241059	0.24	0.36	0.276838658288344	0.339426523297491	0.310366309494144
LC_k1_0.24_k2_0.36	100	0.900774077407741	0.923060306030603	0.919207920792079	0.868334833483348	0.24	0.36	0.276838658288344	0.339426523297491	0.310366309494144
LC_k1_0.24_k2_0.36	110	0.919518517683655	0.936740076189617	0.934891689020129	0.890638595225751	0.24	0.36	0.276838658288344	0.339426523297491	0.310366309494144
LC_k1_0.24_k2_0.36	120	0.926133759288839	0.939690256267796	0.94270435446906	0.908785332314744	0.24	0.36	0.276838658288344	0.339426523297491	0.310366309494144
LC_k1_0.24_k2_0.36	130	0.924057408950006	0.935025741168116	0.940559068128747	0.914749621051769	0.24	0.36	0.276838658288344	0.339426523297491	0.310366309494144
LC_k1_0.24_k2_0.36	140	0.921235048435416	0.928341825020227	0.937714023310227	0.920460956462794	0.24	0.36	0.276838658288344	0.339426523297491	0.310366309494144
LC_k1_0.24_k2_0.36	150	0.913429041290724	0.918197253211254	0.92806435841593	0.928665274012178	0.24	0.36	0.276838658288344	0.339426523297491	0.310366309494144
LC_k1_0.24_k2_0.36	160	0.917397163951717	0.918941169576937	0.929784366576819	0.928395640454705	0.24	0.36	0.276838658288344	0.339426523297491	0.310366309494144
LC_k1_0.24_k2_0.36	170	0.915523232027162	0.915064026233352	0.928429845934014	0.926678513199113	0.24	0.36	0.276838658288344	0.339426523297491	0.310366309494144
LC_k1_0.24_k2_0.36	180	0.917316378077513	0.914236036091649	0.929862032778789	0.923483235079272	0.24	0.36	0.276838658288344	0.339426523297491	0.310366309494144
LC_k1_0.24_k2_0.36	190	0.913088130448285	0.908850660683122	0.925721808885215	0.913906931377309	0.24	0.36	0.276838658288344	0.339426523297491	0.310366309494144
LC_k1_0.24_k2_0.36	200	0.910690767269182	0.902788569714243	0.924965124128103	0.903483087077177	0.24	0.36	0.276838658288344	0.339426523297491	0.310366309494144
LC_k1_0.24_k2_0.36	210	0.91101320729657	0.901673183389322	0.921875779496134	0.903839737214644	0.24	0.36	0.276838658288344	0.339426523297491	0.310366309494144
LC_k1_0.24_k2_0.36	220	0.901417196824127	0.89182871922598	0.911171342758772	0.906432326738532	0.24	0.36	0.276838658288344	0.339426523297491	0.310366309494144
LC_k1_0.24_k2_0.36	230	0.892094615086831	0.883998135906243	0.8980695780392	0.91430494699908	0.24	0.36	0.276838658288344	0.339426523297491	0.310366309494144
LC_k1_0.24_k2_0.36	240	0.876571641868782	0.867282418097536	0.885889511970694	0.916535877358982	0.24	0.36	0.276838658288344	0.339426523297491	0.310366309494144
LC_k1_0.24_k2_0.36	250	0.863565689051025	0.856924686794989	0.873948447175155		0.24	0.36	0.276838658288344	0.339426523297491	0.310366309494144
LC_k1_0.24_k2_0.36	260	0.857756657756658	0.850257229567574	0.867621846932192		0.24	0.36	0.276838658288344	0.339426523297491	0.310366309494144
LC_k1_0.24_k2_0.36	270	0.857372224279864	0.848914251224297	0.867119652609165		0.24	0.36	0.276838658288344	0.339426523297491	0.310366309494144
LC_k1_0.24_k2_0.36	280	0.854480104520284	0.839936369450776	0.865613810671783		0.24	0.36	0.276838658288344	0.339426523297491	0.310366309494144
LC_k1_0.24_k2_0.36	290	0.856832772213044	0.839169845391577	0.867531001024655		0.24	0.36	0.276838658288344	0.339426523297491	0.310366309494144
LC_k1_0.24_k2_0.36	300	0.84637740419338	0.828787430971455	0.860626451405016		0.24	0.36	0.276838658288344	0.339426523297491	0.310366309494144
LC_k1_0.24_k2_0.36	365	0.864537304151048	0.853110509521918	0.880264200205813		0.24	0.36	0.276838658288344	0.339426523297491	0.310366309494144
LC_k1_0.24_k2_0.44	10	0.551515151515151	0.43030303030303	0.539393939393939	0.393939393939394	0.24	0.44	0.220196477564386	0.273655913978495	0.249688512334912
LC_k1_0.24_k2_0.44	20	0.145864661654135	0.255639097744361	0.669172932330827	0.227067669172932	0.24	0.44	0.220196477564386	0.273655913978495	0.249688512334912
LC_k1_0.24_k2_0.44	30	0.608898776418243	0.689432703003337	0.850500556173526	0.526140155728587	0.24	0.44	0.220196477564386	0.273655913978495	0.249688512334912
LC_k1_0.24_k2_0.44	40	0.774671669793621	0.82063789868668	0.867917448405254	0.602439024390244	0.24	0.44	0.220196477564386	0.273655913978495	0.249688512334912
LC_k1_0.24_k2_0.44	50	0.850660264105642	0.879759903961585	0.886770708283313	0.639471788715486	0.24	0.44	0.220196477564386	0.273655913978495	0.249688512334912
LC_k1_0.24_k2_0.44	60	0.840400111141984	0.876799110864129	0.86146151708808	0.744540150041678	0.24	0.44	0.220196477564386	0.273655913978495	0.249688512334912
LC_k1_0.24_k2_0.44	70	0.876511241361211	0.9001312221153	0.886589099816289	0.782311258857493	0.24	0.44	0.220196477564386	0.273655913978495	0.249688512334912
LC_k1_0.24_k2_0.44	80	0.868752930145335	0.901781528363807	0.890693858415377	0.816197843413033	0.24	0.44	0.220196477564386	0.273655913978495	0.249688512334912
LC_k1_0.24_k2_0.44	90	0.894670123883607	0.91403053874964	0.909848952545582	0.849347656089229	0.24	0.44	0.220196477564386	0.273655913978495	0.249688512334912
LC_k1_0.24_k2_0.44	100	0.914851485148515	0.930729072907291	0.929288928892889	0.86035403540354	0.24	0.44	0.220196477564386	0.273655913978495	0.249688512334912
LC_k1_0.24_k2_0.44	110	0.927660437752181	0.93973356175191	0.939706512183576	0.886761490431215	0.24	0.44	0.220196477564386	0.273655913978495	0.249688512334912
LC_k1_0.24_k2_0.44	120	0.930981318147093	0.940245850406278	0.943440516702549	0.897173414820473	0.24	0.44	0.220196477564386	0.273655913978495	0.249688512334912
LC_k1_0.24_k2_0.44	130	0.927859181471821	0.933436206967185	0.942547351459121	0.906572532739762	0.24	0.44	0.220196477564386	0.273655913978495	0.249688512334912
LC_k1_0.24_k2_0.44	140	0.933100085281319	0.937154227985393	0.945507423848156	0.91429008768669	0.24	0.44	0.220196477564386	0.273655913978495	0.249688512334912
LC_k1_0.24_k2_0.44	150	0.931730299124406	0.932021867638562	0.943912173874395	0.918631050268901	0.24	0.44	0.220196477564386	0.273655913978495	0.249688512334912
LC_k1_0.24_k2_0.44	160	0.929749208953475	0.929113441931325	0.940706668229228	0.92345599437478	0.24	0.44	0.220196477564386	0.273655913978495	0.249688512334912
LC_k1_0.24_k2_0.44	170	0.928840200047631	0.925906656652072	0.938082937940047	0.916219368469904	0.24	0.44	0.220196477564386	0.273655913978495	0.249688512334912
LC_k1_0.24_k2_0.44	180	0.927503935306645	0.921244482854409	0.938319083922343	0.918201179048736	0.24	0.44	0.220196477564386	0.273655913978495	0.249688512334912
LC_k1_0.24_k2_0.44	190	0.912071627585543	0.90570492548999	0.922707291789684	0.914356572058418	0.24	0.44	0.220196477564386	0.273655913978495	0.249688512334912
LC_k1_0.24_k2_0.44	200	0.901900547513688	0.8927998199955	0.915417385434636	0.902986574664367	0.24	0.44	0.220196477564386	0.273655913978495	0.249688512334912
LC_k1_0.24_k2_0.44	210	0.895023210762797	0.886705561836517	0.907118075239801	0.906142348546938	0.24	0.44	0.220196477564386	0.273655913978495	0.249688512334912
LC_k1_0.24_k2_0.44	220	0.885836484224881	0.877287096465179	0.895661630875168	0.901940122729808	0.24	0.44	0.220196477564386	0.273655913978495	0.249688512334912
LC_k1_0.24_k2_0.44	230	0.874994267171978	0.863316558133342	0.881522540493492	0.902068996126334	0.24	0.44	0.220196477564386	0.273655913978495	0.249688512334912
LC_k1_0.24_k2_0.44	240	0.864560148613691	0.854142433028351	0.868100140627441	0.899111963749371	0.24	0.44	0.220196477564386	0.273655913978495	0.249688512334912
LC_k1_0.24_k2_0.44	250	0.853769692315077	0.842241827869246	0.859292468679499		0.24	0.44	0.220196477564386	0.273655913978495	0.249688512334912
LC_k1_0.24_k2_0.44	260	0.844218223528568	0.834212385936524	0.852358079944287		0.24	0.44	0.220196477564386	0.273655913978495	0.249688512334912
LC_k1_0.24_k2_0.44	270	0.838283408856393	0.822738004331716	0.845749446342047		0.24	0.44	0.220196477564386	0.273655913978495	0.249688512334912
LC_k1_0.24_k2_0.44	280	0.841083249968567	0.824419589900017	0.848688303240019		0.24	0.44	0.220196477564386	0.273655913978495	0.249688512334912
LC_k1_0.24_k2_0.44	290	0.846896699333421	0.831224529710674	0.856227082121195		0.24	0.44	0.220196477564386	0.273655913978495	0.249688512334912
LC_k1_0.24_k2_0.44	300	0.842266691852132	0.825074056378404	0.850294781053123		0.24	0.44	0.220196477564386	0.273655913978495	0.249688512334912
LC_k1_0.24_k2_0.44	365	0.851655261423957	0.843828953440451	0.851054604501719		0.24	0.44	0.220196477564386	0.273655913978495	0.249688512334912
LC_k1_0.24_k2_0.52	10	0.0666666666666667	0.0787878787878788	0.406060606060606	-0.0666666666666667	0.24	0.52	0.172050623949022	0.215591397849462	0.198355345128333
LC_k1_0.24_k2_0.52	20	0.0691729323308271	0.168421052631579	0.607518796992481	0.138345864661654	0.24	0.52	0.172050623949022	0.215591397849462	0.198355345128333
LC_k1_0.24_k2_0.52	30	0.453615127919911	0.52880978865406	0.840711902113459	0.36329254727475	0.24	0.52	0.172050623949022	0.215591397849462	0.198355345128333
LC_k1_0.24_k2_0.52	40	0.707692307692308	0.742589118198875	0.86735459662289	0.519324577861163	0.24	0.52	0.172050623949022	0.215591397849462	0.198355345128333
LC_k1_0.24_k2_0.52	50	0.817142857142857	0.846050420168067	0.89656662665066	0.599327731092437	0.24	0.52	0.172050623949022	0.215591397849462	0.198355345128333
LC_k1_0.24_k2_0.52	60	0.839844401222562	0.868130036121145	0.880300083356488	0.696749096971381	0.24	0.52	0.172050623949022	0.215591397849462	0.198355345128333
LC_k1_0.24_k2_0.52	70	0.841518677281078	0.877910943924416	0.877456040591374	0.7421397952935	0.24	0.52	0.172050623949022	0.215591397849462	0.198355345128333
LC_k1_0.24_k2_0.52	80	0.861884669479606	0.897679324894515	0.893999062353493	0.787693389592124	0.24	0.52	0.172050623949022	0.215591397849462	0.198355345128333
LC_k1_0.24_k2_0.52	90	0.89024159361238	0.917372515125324	0.916055480100424	0.818743054698111	0.24	0.52	0.172050623949022	0.215591397849462	0.198355345128333
LC_k1_0.24_k2_0.52	100	0.91019501950195	0.925784578457846	0.92954095409541	0.851281128112811	0.24	0.52	0.172050623949022	0.215591397849462	0.198355345128333
LC_k1_0.24_k2_0.52	110	0.927966999526632	0.939787660888578	0.944097558776458	0.879665487004937	0.24	0.52	0.172050623949022	0.215591397849462	0.198355345128333
LC_k1_0.24_k2_0.52	120	0.932599486075422	0.941093131467463	0.946947704701715	0.895284394749635	0.24	0.52	0.172050623949022	0.215591397849462	0.198355345128333
LC_k1_0.24_k2_0.52	130	0.928312553769681	0.934506821068156	0.945977686435702	0.900793401521255	0.24	0.52	0.172050623949022	0.215591397849462	0.198355345128333
LC_k1_0.24_k2_0.52	140	0.931963001027749	0.936139598959131	0.947790339157246	0.906610395574118	0.24	0.52	0.172050623949022	0.215591397849462	0.198355345128333
LC_k1_0.24_k2_0.52	150	0.919811547179875	0.920056891417396	0.934585537134984	0.916309169296413	0.24	0.52	0.172050623949022	0.215591397849462	0.198355345128333
LC_k1_0.24_k2_0.52	160	0.924912105941638	0.923989218328841	0.938002461033634	0.921369975389664	0.24	0.52	0.172050623949022	0.215591397849462	0.198355345128333
LC_k1_0.24_k2_0.52	170	0.924042965052729	0.918346859142287	0.937237803872717	0.925584235562802	0.24	0.52	0.172050623949022	0.215591397849462	0.198355345128333
LC_k1_0.24_k2_0.52	180	0.922423531590481	0.915168163626449	0.935605008385032	0.918446042573331	0.24	0.52	0.172050623949022	0.215591397849462	0.198355345128333
LC_k1_0.24_k2_0.52	190	0.918823236100723	0.910654472131463	0.933999046481824	0.915462303227528	0.24	0.52	0.172050623949022	0.215591397849462	0.198355345128333
LC_k1_0.24_k2_0.52	200	0.915625890647266	0.904488112202805	0.925847146178655	0.898633465836646	0.24	0.52	0.172050623949022	0.215591397849462	0.198355345128333
LC_k1_0.24_k2_0.52	210	0.906449449776963	0.895472848428698	0.91707618896444	0.901316842299631	0.24	0.52	0.172050623949022	0.215591397849462	0.198355345128333
LC_k1_0.24_k2_0.52	220	0.891066870277185	0.883051678378028	0.900268788423503	0.904407115849501	0.24	0.52	0.172050623949022	0.215591397849462	0.198355345128333
LC_k1_0.24_k2_0.52	230	0.881753333053884	0.871808540804174	0.889221543597849	0.907093172633328	0.24	0.52	0.172050623949022	0.215591397849462	0.198355345128333
LC_k1_0.24_k2_0.52	240	0.873617597527735	0.864333582180246	0.880877272174864	0.893615340544107	0.24	0.52	0.172050623949022	0.215591397849462	0.198355345128333
LC_k1_0.24_k2_0.52	250	0.861670234723755	0.850359717755484	0.869463255412087		0.24	0.52	0.172050623949022	0.215591397849462	0.198355345128333
LC_k1_0.24_k2_0.52	260	0.862775621396311	0.845301079783838	0.868729965281689		0.24	0.52	0.172050623949022	0.215591397849462	0.198355345128333
LC_k1_0.24_k2_0.52	270	0.848422855975772	0.830631421555851	0.850148226389327		0.24	0.52	0.172050623949022	0.215591397849462	0.198355345128333
LC_k1_0.24_k2_0.52	280	0.846522459287928	0.826426357479049	0.847962346458501		0.24	0.52	0.172050623949022	0.215591397849462	0.198355345128333
LC_k1_0.24_k2_0.52	290	0.844707161633395	0.822788167147832	0.847119589350974		0.24	0.52	0.172050623949022	0.215591397849462	0.198355345128333
LC_k1_0.24_k2_0.52	300	0.831101678907544	0.813141479349771	0.838862654029489		0.24	0.52	0.172050623949022	0.215591397849462	0.198355345128333
LC_k1_0.24_k2_0.52	365	0.847218445152422	0.838276208408703	0.84731197390079		0.24	0.52	0.172050623949022	0.215591397849462	0.198355345128333
LC_k1_0.28_k2_0.04	10	0.527272727272727	0.454545454545455	0.0909090909090909	0.515151515151515	0.28	0.04	0.487476767855562	0.579569892473118	0.521181161226016
LC_k1_0.28_k2_0.04	20	0.67218045112782	0.720300751879699	0.476691729323308	0.673684210526316	0.28	0.04	0.487476767855562	0.579569892473118	0.521181161226016
LC_k1_0.28_k2_0.04	30	0.841601779755284	0.87007786429366	0.65027808676307	0.806451612903226	0.28	0.04	0.487476767855562	0.579569892473118	0.521181161226016
LC_k1_0.28_k2_0.04	40	0.837148217636023	0.850844277673546	0.743714821763602	0.773170731707317	0.28	0.04	0.487476767855562	0.579569892473118	0.521181161226016
LC_k1_0.28_k2_0.04	50	0.866506602641056	0.872268907563025	0.815510204081633	0.779975990396159	0.28	0.04	0.487476767855562	0.579569892473118	0.521181161226016
LC_k1_0.28_k2_0.04	60	0.876687968880245	0.873409280355654	0.840900250069464	0.819783273131426	0.28	0.04	0.487476767855562	0.579569892473118	0.521181161226016
LC_k1_0.28_k2_0.04	70	0.876476248797131	0.892607820838072	0.875391479310646	0.831405826261919	0.28	0.04	0.487476767855562	0.579569892473118	0.521181161226016
LC_k1_0.28_k2_0.04	80	0.880520393811533	0.889381153305204	0.888865447726207	0.868495077355837	0.28	0.04	0.487476767855562	0.579569892473118	0.521181161226016
LC_k1_0.28_k2_0.04	90	0.888710540395934	0.89799563732148	0.902094908836482	0.873828044614561	0.28	0.04	0.487476767855562	0.579569892473118	0.521181161226016
LC_k1_0.28_k2_0.04	100	0.89940594059406	0.91050705070507	0.912799279927993	0.886636663666367	0.28	0.04	0.487476767855562	0.579569892473118	0.521181161226016
LC_k1_0.28_k2_0.04	110	0.909365913035638	0.918310303631404	0.924134977345986	0.902621553997701	0.28	0.04	0.487476767855562	0.579569892473118	0.521181161226016
LC_k1_0.28_k2_0.04	120	0.914202375164942	0.919445794846864	0.929175637197027	0.916508090839641	0.28	0.04	0.487476767855562	0.579569892473118	0.521181161226016
LC_k1_0.28_k2_0.04	130	0.90155266356225	0.905097707192506	0.917032869491595	0.91802154883994	0.28	0.04	0.487476767855562	0.579569892473118	0.521181161226016
LC_k1_0.28_k2_0.04	140	0.910327786403096	0.911114998578645	0.92683300168376	0.918947759725351	0.28	0.04	0.487476767855562	0.579569892473118	0.521181161226016
LC_k1_0.28_k2_0.04	150	0.90903062358327	0.909062625005556	0.927836792746344	0.926012711676075	0.28	0.04	0.487476767855562	0.579569892473118	0.521181161226016
LC_k1_0.28_k2_0.04	160	0.900632837220204	0.899613266143209	0.92190612914567	0.918633540372671	0.28	0.04	0.487476767855562	0.579569892473118	0.521181161226016
LC_k1_0.28_k2_0.04	170	0.903886761805314	0.899778335501127	0.927061998888625	0.90481982889699	0.28	0.04	0.487476767855562	0.579569892473118	0.521181161226016
LC_k1_0.28_k2_0.04	180	0.903190427688097	0.891157134479459	0.923077872773851	0.896840437462062	0.28	0.04	0.487476767855562	0.579569892473118	0.521181161226016
LC_k1_0.28_k2_0.04	190	0.90250320390855	0.890529115108889	0.920499328600734	0.895354441951301	0.28	0.04	0.487476767855562	0.579569892473118	0.521181161226016
LC_k1_0.28_k2_0.04	200	0.89387234680867	0.880951023775595	0.914310357758944	0.892757818945474	0.28	0.04	0.487476767855562	0.579569892473118	0.521181161226016
LC_k1_0.28_k2_0.04	210	0.887222580363014	0.87432692027354	0.905160142925171	0.891282277213931	0.28	0.04	0.487476767855562	0.579569892473118	0.521181161226016
LC_k1_0.28_k2_0.04	220	0.880115855136	0.865047925483058	0.898911885857897	0.895592884150499	0.28	0.04	0.487476767855562	0.579569892473118	0.521181161226016
LC_k1_0.28_k2_0.04	230	0.86687904842452	0.853824474367478	0.882037385435904	0.901628123158406	0.28	0.04	0.487476767855562	0.579569892473118	0.521181161226016
LC_k1_0.28_k2_0.04	240	0.860264067084498	0.845809823087206	0.874838104828209	0.909385579610757	0.28	0.04	0.487476767855562	0.579569892473118	0.521181161226016
LC_k1_0.28_k2_0.04	250	0.854732011712187	0.839185906974512	0.869467863485816		0.28	0.04	0.487476767855562	0.579569892473118	0.521181161226016
LC_k1_0.28_k2_0.04	260	0.830030485202899	0.814583055962366	0.851432941088113		0.28	0.04	0.487476767855562	0.579569892473118	0.521181161226016
LC_k1_0.28_k2_0.04	270	0.829198083802399	0.805825106578203	0.847802820035635		0.28	0.04	0.487476767855562	0.579569892473118	0.521181161226016
LC_k1_0.28_k2_0.04	280	0.817274272813247	0.792228217196648	0.840734484587085		0.28	0.04	0.487476767855562	0.579569892473118	0.521181161226016
LC_k1_0.28_k2_0.04	290	0.815138070033224	0.79038842152783	0.838167086328059		0.28	0.04	0.487476767855562	0.579569892473118	0.521181161226016
LC_k1_0.28_k2_0.04	300	0.80087734308159	0.778424204713386	0.824960277336415		0.28	0.04	0.487476767855562	0.579569892473118	0.521181161226016
LC_k1_0.28_k2_0.04	365	0.825024739464443	0.812741872993389	0.84591200400767		0.28	0.04	0.487476767855562	0.579569892473118	0.521181161226016
LC_k1_0.28_k2_0.12	10	0.551515151515151	0.733333333333333	0.587878787878788	0.527272727272727	0.28	0.12	0.376139481370033	0.453763440860215	0.412160478445054
LC_k1_0.28_k2_0.12	20	0.777443609022556	0.834586466165414	0.633082706766917	0.631578947368421	0.28	0.12	0.376139481370033	0.453763440860215	0.412160478445054
LC_k1_0.28_k2_0.12	30	0.841156840934372	0.817575083426029	0.724137931034483	0.826918798665184	0.28	0.12	0.376139481370033	0.453763440860215	0.412160478445054
LC_k1_0.28_k2_0.12	40	0.891557223264541	0.895309568480301	0.824953095684803	0.79624765478424	0.28	0.12	0.376139481370033	0.453763440860215	0.412160478445054
LC_k1_0.28_k2_0.12	50	0.90953181272509	0.918079231692677	0.880816326530612	0.76249699879952	0.28	0.12	0.376139481370033	0.453763440860215	0.412160478445054
LC_k1_0.28_k2_0.12	60	0.855459849958322	0.854070575159767	0.844290080577938	0.794831897749375	0.28	0.12	0.376139481370033	0.453763440860215	0.412160478445054
LC_k1_0.28_k2_0.12	70	0.849287026506867	0.85782521214242	0.851386580351675	0.832035692415362	0.28	0.12	0.376139481370033	0.453763440860215	0.412160478445054
LC_k1_0.28_k2_0.12	80	0.847702766057197	0.853820909517112	0.857337083919363	0.873253633380216	0.28	0.12	0.376139481370033	0.453763440860215	0.412160478445054
LC_k1_0.28_k2_0.12	90	0.872939045972754	0.885450878709306	0.886965468987941	0.880067498045026	0.28	0.12	0.376139481370033	0.453763440860215	0.412160478445054
LC_k1_0.28_k2_0.12	100	0.892289228922892	0.904434443444344	0.906906690669067	0.895061506150615	0.28	0.12	0.376139481370033	0.453763440860215	0.412160478445054
LC_k1_0.28_k2_0.12	110	0.906390460518901	0.917273403511935	0.920474269098122	0.901837116516015	0.28	0.12	0.376139481370033	0.453763440860215	0.412160478445054
LC_k1_0.28_k2_0.12	120	0.913167581082019	0.920508368636711	0.926626849086742	0.914827418570734	0.28	0.12	0.376139481370033	0.453763440860215	0.412160478445054
LC_k1_0.28_k2_0.12	130	0.911532316432015	0.917360608502096	0.931475235221019	0.916415627688484	0.28	0.12	0.376139481370033	0.453763440860215	0.412160478445054
LC_k1_0.28_k2_0.12	140	0.906990881458967	0.909951673919223	0.925630316415561	0.924956812665369	0.28	0.12	0.376139481370033	0.453763440860215	0.412160478445054
LC_k1_0.28_k2_0.12	150	0.904223298813281	0.905834037068314	0.922421440952931	0.926805635806036	0.28	0.12	0.376139481370033	0.453763440860215	0.412160478445054
LC_k1_0.28_k2_0.12	160	0.893841556310793	0.892939177311614	0.912809094105238	0.917983124340794	0.28	0.12	0.376139481370033	0.453763440860215	0.412160478445054
LC_k1_0.28_k2_0.12	170	0.898044100854294	0.891300126403723	0.914533985503264	0.91209140149364	0.28	0.12	0.376139481370033	0.453763440860215	0.412160478445054
LC_k1_0.28_k2_0.12	180	0.892218895644927	0.884755702336492	0.906581478852228	0.906754323693118	0.28	0.12	0.376139481370033	0.453763440860215	0.412160478445054
LC_k1_0.28_k2_0.12	190	0.888170688501358	0.879337086170925	0.903442725487366	0.889579096082265	0.28	0.12	0.376139481370033	0.453763440860215	0.412160478445054
LC_k1_0.28_k2_0.12	200	0.8870396759919	0.87483237080927	0.904348608715218	0.891899797494938	0.28	0.12	0.376139481370033	0.453763440860215	0.412160478445054
LC_k1_0.28_k2_0.12	210	0.875919440998014	0.86363927915437	0.892861840080598	0.888633691078191	0.28	0.12	0.376139481370033	0.453763440860215	0.412160478445054
LC_k1_0.28_k2_0.12	220	0.87204882144447	0.857457610882269	0.884470565695385	0.894041011365749	0.28	0.12	0.376139481370033	0.453763440860215	0.412160478445054
LC_k1_0.28_k2_0.12	230	0.857767673754004	0.843982256589054	0.872618287351532	0.89621534721212	0.28	0.12	0.376139481370033	0.453763440860215	0.412160478445054
LC_k1_0.28_k2_0.12	240	0.851867219917012	0.834856507925485	0.862319658327401	0.906341255924582	0.28	0.12	0.376139481370033	0.453763440860215	0.412160478445054
LC_k1_0.28_k2_0.12	250	0.841949983199731	0.828543560696971	0.852732107713723		0.28	0.12	0.376139481370033	0.453763440860215	0.412160478445054
LC_k1_0.28_k2_0.12	260	0.838823742272018	0.819115894977964	0.848044406665096		0.28	0.12	0.376139481370033	0.453763440860215	0.412160478445054
LC_k1_0.28_k2_0.12	270	0.825941218519992	0.803341914460037	0.837312811789828		0.28	0.12	0.376139481370033	0.453763440860215	0.412160478445054
LC_k1_0.28_k2_0.12	280	0.824877139467887	0.803048690489857	0.83983141184381		0.28	0.12	0.376139481370033	0.453763440860215	0.412160478445054
LC_k1_0.28_k2_0.12	290	0.813877486755142	0.786933380240283	0.829868492429489		0.28	0.12	0.376139481370033	0.453763440860215	0.412160478445054
LC_k1_0.28_k2_0.12	300	0.801051567239636	0.771915243502706	0.814348159423994		0.28	0.12	0.376139481370033	0.453763440860215	0.412160478445054
LC_k1_0.28_k2_0.12	365	0.830963444819273	0.817534295930883	0.849830093553426		0.28	0.12	0.376139481370033	0.453763440860215	0.412160478445054
LC_k1_0.28_k2_0.2	10	0.6	0.684848484848485	0.83030303030303	0.442424242424242	0.28	0.2	0.305956279316754	0.372939068100358	0.339147769748318
LC_k1_0.28_k2_0.2	20	0.449624060150376	0.58796992481203	0.819548872180451	0.478195488721805	0.28	0.2	0.305956279316754	0.372939068100358	0.339147769748318
LC_k1_0.28_k2_0.2	30	0.739710789766407	0.821579532814238	0.855839822024472	0.669855394883204	0.28	0.2	0.305956279316754	0.372939068100358	0.339147769748318
LC_k1_0.28_k2_0.2	40	0.813883677298312	0.873733583489681	0.849906191369606	0.66078799249531	0.28	0.2	0.305956279316754	0.372939068100358	0.339147769748318
LC_k1_0.28_k2_0.2	50	0.867466986794718	0.910108043217287	0.881488595438175	0.661752701080432	0.28	0.2	0.305956279316754	0.372939068100358	0.339147769748318
LC_k1_0.28_k2_0.2	60	0.880300083356488	0.912420116699083	0.878910808557933	0.736537927202001	0.28	0.2	0.305956279316754	0.372939068100358	0.339147769748318
LC_k1_0.28_k2_0.2	70	0.877561018283615	0.89999125185898	0.87101740880063	0.801802117050127	0.28	0.2	0.305956279316754	0.372939068100358	0.339147769748318
LC_k1_0.28_k2_0.2	80	0.859071729957806	0.89563994374121	0.872386310360994	0.837482419127989	0.28	0.2	0.305956279316754	0.372939068100358	0.339147769748318
LC_k1_0.28_k2_0.2	90	0.884265547186896	0.908367288142569	0.896481047042845	0.868823311519941	0.28	0.2	0.305956279316754	0.372939068100358	0.339147769748318
LC_k1_0.28_k2_0.2	100	0.903138313831383	0.923588358835884	0.915931593159316	0.87962796279628	0.28	0.2	0.305956279316754	0.372939068100358	0.339147769748318
LC_k1_0.28_k2_0.2	110	0.920609516939792	0.936172035254604	0.931961319117282	0.891738611004666	0.28	0.2	0.305956279316754	0.372939068100358	0.339147769748318
LC_k1_0.28_k2_0.2	120	0.927606083755816	0.938919369400653	0.939301340370859	0.909722897423432	0.28	0.2	0.305956279316754	0.372939068100358	0.339147769748318
LC_k1_0.28_k2_0.2	130	0.927810020620246	0.935888787229103	0.940400660940338	0.917557251908397	0.28	0.2	0.305956279316754	0.372939068100358	0.339147769748318
LC_k1_0.28_k2_0.2	140	0.929273359427959	0.93351555837397	0.940403664910017	0.915558373969518	0.28	0.2	0.305956279316754	0.372939068100358	0.339147769748318
LC_k1_0.28_k2_0.2	150	0.92178496822081	0.925735366016267	0.935837148317703	0.917425663362816	0.28	0.2	0.305956279316754	0.372939068100358	0.339147769748318
LC_k1_0.28_k2_0.2	160	0.91591468416735	0.917997773350521	0.928609515996719	0.919245868979257	0.28	0.2	0.305956279316754	0.372939068100358	0.339147769748318
LC_k1_0.28_k2_0.2	170	0.900657665744591	0.899453471827847	0.912184219686006	0.917819260996208	0.28	0.2	0.305956279316754	0.372939068100358	0.339147769748318
LC_k1_0.28_k2_0.2	180	0.901439344835746	0.896216961428851	0.908863442287313	0.916532403263475	0.28	0.2	0.305956279316754	0.372939068100358	0.339147769748318
LC_k1_0.28_k2_0.2	190	0.894710598485743	0.89013196166682	0.903327253561478	0.904495969417436	0.28	0.2	0.305956279316754	0.372939068100358	0.339147769748318
LC_k1_0.28_k2_0.2	200	0.885017625440636	0.873747843696093	0.893236330908273	0.896276906922673	0.28	0.2	0.305956279316754	0.372939068100358	0.339147769748318
LC_k1_0.28_k2_0.2	210	0.878276475333098	0.868729125700939	0.885223182903402	0.898343013932937	0.28	0.2	0.305956279316754	0.372939068100358	0.339147769748318
LC_k1_0.28_k2_0.2	220	0.876438468863932	0.86638116114345	0.882215447727132	0.904205383657438	0.28	0.2	0.305956279316754	0.372939068100358	0.339147769748318
LC_k1_0.28_k2_0.2	230	0.864938023814044	0.85596275757658	0.87234311160645	0.907556730340098	0.28	0.2	0.305956279316754	0.372939068100358	0.339147769748318
LC_k1_0.28_k2_0.2	240	0.854900258685047	0.84372037708988	0.860310942898314	0.909328286949426	0.28	0.2	0.305956279316754	0.372939068100358	0.339147769748318
LC_k1_0.28_k2_0.2	250	0.839010800172803	0.826746411942591	0.843247155954495		0.28	0.2	0.305956279316754	0.372939068100358	0.339147769748318
LC_k1_0.28_k2_0.2	260	0.828372062854821	0.820720379341069	0.837062906028423		0.28	0.2	0.305956279316754	0.372939068100358	0.339147769748318
LC_k1_0.28_k2_0.2	270	0.828584144577505	0.815706662642834	0.832753078460153		0.28	0.2	0.305956279316754	0.372939068100358	0.339147769748318
LC_k1_0.28_k2_0.2	280	0.82510564092472	0.805388917132689	0.830096047143458		0.28	0.2	0.305956279316754	0.372939068100358	0.339147769748318
LC_k1_0.28_k2_0.2	290	0.826992571562826	0.80712190189641	0.833040615924336		0.28	0.2	0.305956279316754	0.372939068100358	0.339147769748318
LC_k1_0.28_k2_0.2	300	0.818697985533173	0.807933865931844	0.824153601706686		0.28	0.2	0.305956279316754	0.372939068100358	0.339147769748318
LC_k1_0.28_k2_0.2	365	0.842320154581551	0.83027468825807	0.8582985171128		0.28	0.2	0.305956279316754	0.372939068100358	0.339147769748318
LC_k1_0.28_k2_0.28	10	0.36969696969697	0.648484848484848	0.76969696969697	0.321212121212121	0.28	0.28	0.246216479334454	0.30663082437276	0.279591328183404
LC_k1_0.28_k2_0.28	20	0.466165413533835	0.606015037593985	0.739849624060151	0.517293233082707	0.28	0.28	0.246216479334454	0.30663082437276	0.279591328183404
LC_k1_0.28_k2_0.28	30	0.73615127919911	0.824249165739711	0.791768631813126	0.623581757508343	0.28	0.28	0.246216479334454	0.30663082437276	0.279591328183404
LC_k1_0.28_k2_0.28	40	0.761163227016886	0.855722326454034	0.772795497185741	0.65984990619137	0.28	0.28	0.246216479334454	0.30663082437276	0.279591328183404
LC_k1_0.28_k2_0.28	50	0.822424969987995	0.875246098439376	0.819159663865546	0.654069627851141	0.28	0.28	0.246216479334454	0.30663082437276	0.279591328183404
LC_k1_0.28_k2_0.28	60	0.822617393720478	0.865629341483746	0.816449013614893	0.75087524312309	0.28	0.28	0.246216479334454	0.30663082437276	0.279591328183404
LC_k1_0.28_k2_0.28	70	0.849217041378707	0.876826174437932	0.83948910856443	0.803271804741492	0.28	0.28	0.246216479334454	0.30663082437276	0.279591328183404
LC_k1_0.28_k2_0.28	80	0.857712142522269	0.881856540084388	0.852133145804032	0.844022503516175	0.28	0.28	0.246216479334454	0.30663082437276	0.279591328183404
LC_k1_0.28_k2_0.28	90	0.855504794830637	0.88892455858748	0.875935300654402	0.863966744865621	0.28	0.28	0.246216479334454	0.30663082437276	0.279591328183404
LC_k1_0.28_k2_0.28	100	0.879387938793879	0.905886588658866	0.900498049804981	0.875535553555356	0.28	0.28	0.246216479334454	0.30663082437276	0.279591328183404
LC_k1_0.28_k2_0.28	110	0.901755967811014	0.920852963054798	0.918454567995852	0.901656786060456	0.28	0.28	0.246216479334454	0.30663082437276	0.279591328183404
LC_k1_0.28_k2_0.28	120	0.913737065073963	0.928626987985277	0.929064518369331	0.915688589485381	0.28	0.28	0.246216479334454	0.30663082437276	0.279591328183404
LC_k1_0.28_k2_0.28	130	0.917366070818938	0.928236081333898	0.932720643460924	0.922861161561676	0.28	0.28	0.246216479334454	0.30663082437276	0.279591328183404
LC_k1_0.28_k2_0.28	140	0.924143360083969	0.931700596969233	0.939437143294483	0.913717172158929	0.28	0.28	0.246216479334454	0.30663082437276	0.279591328183404
LC_k1_0.28_k2_0.28	150	0.921112938352816	0.925660696030935	0.935140228454598	0.916604293524157	0.28	0.28	0.246216479334454	0.30663082437276	0.279591328183404
LC_k1_0.28_k2_0.28	160	0.91583850931677	0.916623696238134	0.926488339388257	0.919544708777686	0.28	0.28	0.246216479334454	0.30663082437276	0.279591328183404
LC_k1_0.28_k2_0.28	170	0.915296071714267	0.914292169686311	0.92670293903921	0.922301402653868	0.28	0.28	0.246216479334454	0.30663082437276	0.279591328183404
LC_k1_0.28_k2_0.28	180	0.909081556015103	0.903768634834409	0.91855921479058	0.918229986522218	0.28	0.28	0.246216479334454	0.30663082437276	0.279591328183404
LC_k1_0.28_k2_0.28	190	0.906250792776006	0.900405463921584	0.916982683585054	0.912208094407047	0.28	0.28	0.246216479334454	0.30663082437276	0.279591328183404
LC_k1_0.28_k2_0.28	200	0.887710192754819	0.879246981174529	0.897293932348309	0.911700292507313	0.28	0.28	0.246216479334454	0.30663082437276	0.279591328183404
LC_k1_0.28_k2_0.28	210	0.888336956134412	0.877484750221093	0.896272348255387	0.915335948660967	0.28	0.28	0.246216479334454	0.30663082437276	0.279591328183404
LC_k1_0.28_k2_0.28	220	0.871265559581434	0.858768306632932	0.876863346162299	0.909454928633011	0.28	0.28	0.246216479334454	0.30663082437276	0.279591328183404
LC_k1_0.28_k2_0.28	230	0.867215374335177	0.8513814266235	0.871208874664352	0.908893157345787	0.28	0.28	0.246216479334454	0.30663082437276	0.279591328183404
LC_k1_0.28_k2_0.28	240	0.852080765291064	0.837471136651678	0.859551381100366	0.909834372124516	0.28	0.28	0.246216479334454	0.30663082437276	0.279591328183404
LC_k1_0.28_k2_0.28	250	0.849501848029568	0.838017760284165	0.858621225939615		0.28	0.28	0.246216479334454	0.30663082437276	0.279591328183404
LC_k1_0.28_k2_0.28	260	0.838593652386756	0.827668820772269	0.847777447777448		0.28	0.28	0.246216479334454	0.30663082437276	0.279591328183404
LC_k1_0.28_k2_0.28	270	0.837312811789828	0.827489174519998	0.847360198509048		0.28	0.28	0.246216479334454	0.30663082437276	0.279591328183404
LC_k1_0.28_k2_0.28	280	0.842510017438269	0.829576178996452	0.851885137018876		0.28	0.28	0.246216479334454	0.30663082437276	0.279591328183404
LC_k1_0.28_k2_0.28	290	0.831816442936096	0.817353193342329	0.846491757866652		0.28	0.28	0.246216479334454	0.30663082437276	0.279591328183404
LC_k1_0.28_k2_0.28	300	0.831340792675474	0.822467805197836	0.845935177057523		0.28	0.28	0.246216479334454	0.30663082437276	0.279591328183404
LC_k1_0.28_k2_0.28	365	0.852344017985159	0.844496240341738	0.860295442262656		0.28	0.28	0.246216479334454	0.30663082437276	0.279591328183404
LC_k1_0.28_k2_0.36	10	0.2	0.309090909090909	0.6	0.139393939393939	0.28	0.36	0.19355695194265	0.243906810035842	0.223025168203339
LC_k1_0.28_k2_0.36	20	0.279699248120301	0.37593984962406	0.66015037593985	0.341353383458647	0.28	0.36	0.19355695194265	0.243906810035842	0.223025168203339
LC_k1_0.28_k2_0.36	30	0.669410456062292	0.763737486095662	0.781535038932147	0.543047830923248	0.28	0.36	0.19355695194265	0.243906810035842	0.223025168203339
LC_k1_0.28_k2_0.36	40	0.8	0.84953095684803	0.842964352720451	0.609943714821764	0.28	0.36	0.19355695194265	0.243906810035842	0.223025168203339
LC_k1_0.28_k2_0.36	50	0.807154861944778	0.852388955582233	0.815702280912365	0.684513805522209	0.28	0.36	0.19355695194265	0.243906810035842	0.223025168203339
LC_k1_0.28_k2_0.36	60	0.837899416504585	0.864629063628786	0.833842734092804	0.764934704084468	0.28	0.36	0.19355695194265	0.243906810035842	0.223025168203339
LC_k1_0.28_k2_0.36	70	0.864228851369084	0.877316070335054	0.856705450091855	0.772968244248097	0.28	0.36	0.19355695194265	0.243906810035842	0.223025168203339
LC_k1_0.28_k2_0.36	80	0.862564463197375	0.879160806375996	0.865002344116268	0.829699953117675	0.28	0.36	0.19355695194265	0.243906810035842	0.223025168203339
LC_k1_0.28_k2_0.36	90	0.868181256945302	0.894028069308968	0.88747582006009	0.846285549656336	0.28	0.36	0.19355695194265	0.243906810035842	0.223025168203339
LC_k1_0.28_k2_0.36	100	0.884968496849685	0.900846084608461	0.903930393039304	0.881068106810681	0.28	0.36	0.19355695194265	0.243906810035842	0.223025168203339
LC_k1_0.28_k2_0.36	110	0.905732254356107	0.917489800058607	0.921511169217591	0.908608525122287	0.28	0.36	0.19355695194265	0.243906810035842	0.223025168203339
LC_k1_0.28_k2_0.36	120	0.916598374887145	0.923786374053754	0.935210778526286	0.910146537954024	0.28	0.36	0.19355695194265	0.243906810035842	0.223025168203339
LC_k1_0.28_k2_0.36	130	0.925565008398312	0.930382771852681	0.941973808190744	0.917928689453632	0.28	0.36	0.19355695194265	0.243906810035842	0.223025168203339
LC_k1_0.28_k2_0.36	140	0.931425072707791	0.933852310249065	0.946994380179747	0.910480855437231	0.28	0.36	0.19355695194265	0.243906810035842	0.223025168203339
LC_k1_0.28_k2_0.36	150	0.919434641539624	0.919171518734166	0.933266367394106	0.912771234277079	0.28	0.36	0.19355695194265	0.243906810035842	0.223025168203339
LC_k1_0.28_k2_0.36	160	0.905106644790812	0.90211531700457	0.917162779796086	0.920816242821985	0.28	0.36	0.19355695194265	0.243906810035842	0.223025168203339
LC_k1_0.28_k2_0.36	170	0.903723108676669	0.898894120089643	0.909919944309085	0.922528562966763	0.28	0.36	0.19355695194265	0.243906810035842	0.223025168203339
LC_k1_0.28_k2_0.36	180	0.898042120641584	0.893900017490252	0.907980698992767	0.914581725773429	0.28	0.36	0.19355695194265	0.243906810035842	0.223025168203339
LC_k1_0.28_k2_0.36	190	0.879330087872386	0.873615977115564	0.889610588425689	0.916170880954568	0.28	0.36	0.19355695194265	0.243906810035842	0.223025168203339
LC_k1_0.28_k2_0.36	200	0.865911647791195	0.859290482262057	0.875036375909398	0.908071701792545	0.28	0.36	0.19355695194265	0.243906810035842	0.223025168203339
LC_k1_0.28_k2_0.36	210	0.854879767276874	0.849386931352509	0.860535872209606	0.902922320881912	0.28	0.36	0.19355695194265	0.243906810035842	0.223025168203339
LC_k1_0.28_k2_0.36	220	0.852610403295335	0.84285287637423	0.858300603506083	0.901608786056812	0.28	0.36	0.19355695194265	0.243906810035842	0.223025168203339
LC_k1_0.28_k2_0.36	230	0.842320352895633	0.829023150762281	0.846527878804317	0.897122736765797	0.28	0.36	0.19355695194265	0.243906810035842	0.223025168203339
LC_k1_0.28_k2_0.36	240	0.832780082987552	0.820307644229935	0.837293182173302	0.898840257643362	0.28	0.36	0.19355695194265	0.243906810035842	0.223025168203339
LC_k1_0.28_k2_0.36	250	0.821225939615034	0.811359285748572	0.83250036000576		0.28	0.36	0.19355695194265	0.243906810035842	0.223025168203339
LC_k1_0.28_k2_0.36	260	0.825772115427288	0.810640803744252	0.833190295259261		0.28	0.36	0.19355695194265	0.243906810035842	0.223025168203339
LC_k1_0.28_k2_0.36	270	0.824339611425854	0.808691172413583	0.832597002549951		0.28	0.36	0.19355695194265	0.243906810035842	0.223025168203339
LC_k1_0.28_k2_0.36	280	0.833984398489048	0.814032613389748	0.838639705681377		0.28	0.36	0.19355695194265	0.243906810035842	0.223025168203339
LC_k1_0.28_k2_0.36	290	0.830851570255253	0.816883303790976	0.836690009434694		0.28	0.36	0.19355695194265	0.243906810035842	0.223025168203339
LC_k1_0.28_k2_0.36	300	0.821566461849576	0.807979644218269	0.832561695129946		0.28	0.36	0.19355695194265	0.243906810035842	0.223025168203339
LC_k1_0.28_k2_0.36	365	0.844741784153417	0.833916880335026	0.847382058767641		0.28	0.36	0.19355695194265	0.243906810035842	0.223025168203339
LC_k1_0.2_k2_0.04	10	0.672727272727273	0.648484848484848	0.272727272727273	0.721212121212121	0.2	0.04	0.642092220550491	0.749283154121864	0.675554448043858
LC_k1_0.2_k2_0.04	20	0.726315789473684	0.806015037593985	0.442105263157895	0.830075187969925	0.2	0.04	0.642092220550491	0.749283154121864	0.675554448043858
LC_k1_0.2_k2_0.04	30	0.865183537263626	0.900333704115684	0.665406006674082	0.806451612903226	0.2	0.04	0.642092220550491	0.749283154121864	0.675554448043858
LC_k1_0.2_k2_0.04	40	0.887429643527205	0.887804878048781	0.769606003752346	0.758348968105066	0.2	0.04	0.642092220550491	0.749283154121864	0.675554448043858
LC_k1_0.2_k2_0.04	50	0.859399759903962	0.855366146458584	0.807058823529412	0.771332533013205	0.2	0.04	0.642092220550491	0.749283154121864	0.675554448043858
LC_k1_0.2_k2_0.04	60	0.853737149208114	0.837232564601278	0.821617115865518	0.816449013614893	0.2	0.04	0.642092220550491	0.749283154121864	0.675554448043858
LC_k1_0.2_k2_0.04	70	0.870597498031668	0.869862654185986	0.862199282652436	0.845787770098854	0.2	0.04	0.642092220550491	0.749283154121864	0.675554448043858
LC_k1_0.2_k2_0.04	80	0.868284106891702	0.871987810595406	0.86896390060947	0.869362400375059	0.2	0.04	0.642092220550491	0.749283154121864	0.675554448043858
LC_k1_0.2_k2_0.04	90	0.854731036753509	0.86972877309956	0.875556653084743	0.887920319380994	0.2	0.04	0.642092220550491	0.749283154121864	0.675554448043858
LC_k1_0.2_k2_0.04	100	0.878691869186919	0.888592859285929	0.895217521752175	0.896573657365737	0.2	0.04	0.642092220550491	0.749283154121864	0.675554448043858
LC_k1_0.2_k2_0.04	110	0.88238847688389	0.895480467957532	0.902919099249374	0.914478281450758	0.2	0.04	0.642092220550491	0.749283154121864	0.675554448043858
LC_k1_0.2_k2_0.04	120	0.89314535731648	0.902139037433155	0.912799499965275	0.920938954094034	0.2	0.04	0.642092220550491	0.749283154121864	0.675554448043858
LC_k1_0.2_k2_0.04	130	0.896456321948955	0.902645126930588	0.915503420775922	0.923199825205861	0.2	0.04	0.642092220550491	0.749283154121864	0.675554448043858
LC_k1_0.2_k2_0.04	140	0.890319476941244	0.893463952242461	0.909859832498743	0.919800572915528	0.2	0.04	0.642092220550491	0.749283154121864	0.675554448043858
LC_k1_0.2_k2_0.04	150	0.891237832792569	0.891628961287168	0.911914307302547	0.917649673318814	0.2	0.04	0.642092220550491	0.749283154121864	0.675554448043858
LC_k1_0.2_k2_0.04	160	0.891166647134654	0.888298371030118	0.912457517871792	0.907049103480604	0.2	0.04	0.642092220550491	0.749283154121864	0.675554448043858
LC_k1_0.2_k2_0.04	170	0.894651351664927	0.888417877272367	0.914086992629503	0.898168672638785	0.2	0.04	0.642092220550491	0.749283154121864	0.675554448043858
LC_k1_0.2_k2_0.04	180	0.87725958620122	0.871057748695947	0.902560778624855	0.881189748654794	0.2	0.04	0.642092220550491	0.749283154121864	0.675554448043858
LC_k1_0.2_k2_0.04	190	0.873015873015873	0.867845879970432	0.899366216588592	0.884510578365635	0.2	0.04	0.642092220550491	0.749283154121864	0.675554448043858
LC_k1_0.2_k2_0.04	200	0.863747093677342	0.859504987624691	0.888025200630016	0.881068026700668	0.2	0.04	0.642092220550491	0.749283154121864	0.675554448043858
LC_k1_0.2_k2_0.04	210	0.865076305585161	0.856468400644006	0.887024325138568	0.884426274648275	0.2	0.04	0.642092220550491	0.749283154121864	0.675554448043858
LC_k1_0.2_k2_0.04	220	0.853648366138294	0.840566202532359	0.872171663952486	0.885711387725892	0.2	0.04	0.642092220550491	0.749283154121864	0.675554448043858
LC_k1_0.2_k2_0.04	230	0.836517004924068	0.823432842077232	0.854109513042492	0.890004660234393	0.2	0.04	0.642092220550491	0.749283154121864	0.675554448043858
LC_k1_0.2_k2_0.04	240	0.829483150749145	0.81220507300474	0.847597180506606	0.900678831229709	0.2	0.04	0.642092220550491	0.749283154121864	0.675554448043858
LC_k1_0.2_k2_0.04	250	0.819404214467431	0.798784620553929	0.837311956991312		0.2	0.04	0.642092220550491	0.749283154121864	0.675554448043858
LC_k1_0.2_k2_0.04	260	0.813971986385779	0.788376705618085	0.828393911152532		0.2	0.04	0.642092220550491	0.749283154121864	0.675554448043858
LC_k1_0.2_k2_0.04	270	0.797420174945244	0.769247863482352	0.810476290636512		0.2	0.04	0.642092220550491	0.749283154121864	0.675554448043858
LC_k1_0.2_k2_0.04	280	0.788557980878036	0.762708890237303	0.804506617249127		0.2	0.04	0.642092220550491	0.749283154121864	0.675554448043858
LC_k1_0.2_k2_0.04	290	0.781917124767977	0.757297864462696	0.79485212625022		0.2	0.04	0.642092220550491	0.749283154121864	0.675554448043858
LC_k1_0.2_k2_0.04	300	0.781410015666841	0.7571159679552	0.797339081545351		0.2	0.04	0.642092220550491	0.749283154121864	0.675554448043858
LC_k1_0.2_k2_0.04	365	0.793877445258537	0.779815311569185	0.816015132408575		0.2	0.04	0.642092220550491	0.749283154121864	0.675554448043858
LC_k1_0.2_k2_0.12	10	0.575757575757576	0.648484848484848	0.115151515151515	0.806060606060606	0.2	0.12	0.562439153907425	0.665591397849462	0.600299028158485
LC_k1_0.2_k2_0.12	20	0.754887218045113	0.798496240601504	0.530827067669173	0.783458646616541	0.2	0.12	0.562439153907425	0.665591397849462	0.600299028158485
LC_k1_0.2_k2_0.12	30	0.869187986651835	0.906117908787542	0.691212458286986	0.855839822024472	0.2	0.12	0.562439153907425	0.665591397849462	0.600299028158485
LC_k1_0.2_k2_0.12	40	0.903939962476548	0.9140712945591	0.789493433395873	0.817260787992496	0.2	0.12	0.562439153907425	0.665591397849462	0.600299028158485
LC_k1_0.2_k2_0.12	50	0.895030012004802	0.885138055222089	0.835870348139256	0.798607442977191	0.2	0.12	0.562439153907425	0.665591397849462	0.600299028158485
LC_k1_0.2_k2_0.12	60	0.890358432898028	0.8780772436788	0.851347596554599	0.833564879133093	0.2	0.12	0.562439153907425	0.665591397849462	0.600299028158485
LC_k1_0.2_k2_0.12	70	0.880675356486746	0.881130259819788	0.867378182136296	0.856530487271455	0.2	0.12	0.562439153907425	0.665591397849462	0.600299028158485
LC_k1_0.2_k2_0.12	80	0.888818565400844	0.893295827473043	0.880801687763713	0.877144866385373	0.2	0.12	0.562439153907425	0.665591397849462	0.600299028158485
LC_k1_0.2_k2_0.12	90	0.894275013376137	0.89602008478413	0.897419434498086	0.900349837428489	0.2	0.12	0.562439153907425	0.665591397849462	0.600299028158485
LC_k1_0.2_k2_0.12	100	0.893393339333933	0.898169816981698	0.902610261026103	0.909018901890189	0.2	0.12	0.562439153907425	0.665591397849462	0.600299028158485
LC_k1_0.2_k2_0.12	110	0.881784369857764	0.894560782634177	0.903883867186619	0.92120460744314	0.2	0.12	0.562439153907425	0.665591397849462	0.600299028158485
LC_k1_0.2_k2_0.12	120	0.886117091464685	0.897166469893742	0.906264323911383	0.932398083200222	0.2	0.12	0.562439153907425	0.665591397849462	0.600299028158485
LC_k1_0.2_k2_0.12	130	0.903191358614756	0.91045077769736	0.921653989539663	0.937740512638435	0.2	0.12	0.562439153907425	0.665591397849462	0.600299028158485
LC_k1_0.2_k2_0.12	140	0.906689116791673	0.91087008812403	0.926710546456452	0.933065098073517	0.2	0.12	0.562439153907425	0.665591397849462	0.600299028158485
LC_k1_0.2_k2_0.12	150	0.90535757144762	0.90694697542113	0.923815280679141	0.920913818391929	0.2	0.12	0.562439153907425	0.665591397849462	0.600299028158485
LC_k1_0.2_k2_0.12	160	0.904957224891597	0.90328430798078	0.92416793624751	0.909354857611625	0.2	0.12	0.562439153907425	0.665591397849462	0.600299028158485
LC_k1_0.2_k2_0.12	170	0.900420735095658	0.896197507343018	0.91689840682458	0.905034776289837	0.2	0.12	0.562439153907425	0.665591397849462	0.600299028158485
LC_k1_0.2_k2_0.12	180	0.895025566632715	0.885681656841261	0.91261870222332	0.887687891601593	0.2	0.12	0.562439153907425	0.665591397849462	0.600299028158485
LC_k1_0.2_k2_0.12	190	0.884351367073881	0.872198821661484	0.89956041937304	0.889584344806169	0.2	0.12	0.562439153907425	0.665591397849462	0.600299028158485
LC_k1_0.2_k2_0.12	200	0.866225155628891	0.854356858921473	0.886067651691293	0.890801770044251	0.2	0.12	0.562439153907425	0.665591397849462	0.600299028158485
LC_k1_0.2_k2_0.12	210	0.85599155147671	0.842888565662325	0.875963497714558	0.893384041750218	0.2	0.12	0.562439153907425	0.665591397849462	0.600299028158485
LC_k1_0.2_k2_0.12	220	0.842187949037264	0.827531372736852	0.862410756044922	0.88785267915002	0.2	0.12	0.562439153907425	0.665591397849462	0.600299028158485
LC_k1_0.2_k2_0.12	230	0.833044267295264	0.814567054362004	0.851728601757081	0.896096992052944	0.2	0.12	0.562439153907425	0.665591397849462	0.600299028158485
LC_k1_0.2_k2_0.12	240	0.833101269119256	0.81236827028247	0.851032135974583	0.906416778069064	0.2	0.12	0.562439153907425	0.665591397849462	0.600299028158485
LC_k1_0.2_k2_0.12	250	0.809295636730188	0.786713003408055	0.832147842365478		0.2	0.12	0.562439153907425	0.665591397849462	0.600299028158485
LC_k1_0.2_k2_0.12	260	0.801602436085195	0.779068648034165	0.827077551215482		0.2	0.12	0.562439153907425	0.665591397849462	0.600299028158485
LC_k1_0.2_k2_0.12	270	0.799099210322958	0.773241211966023	0.823032475677917		0.2	0.12	0.562439153907425	0.665591397849462	0.600299028158485
LC_k1_0.2_k2_0.12	280	0.796044956841651	0.770990701412008	0.815596044410188		0.2	0.12	0.562439153907425	0.665591397849462	0.600299028158485
LC_k1_0.2_k2_0.12	290	0.787236963332624	0.765948260486102	0.806138332039702		0.2	0.12	0.562439153907425	0.665591397849462	0.600299028158485
LC_k1_0.2_k2_0.12	300	0.793782597584418	0.772415249058323	0.812020133557039		0.2	0.12	0.562439153907425	0.665591397849462	0.600299028158485
LC_k1_0.2_k2_0.12	365	0.805195164144187	0.792357047847728	0.833242436880434		0.2	0.12	0.562439153907425	0.665591397849462	0.600299028158485
LC_k1_0.2_k2_0.2	10	0.6	0.757575757575757	0.2	0.76969696969697	0.2	0.2	0.501548809629171	0.593548387096774	0.543857463244456
LC_k1_0.2_k2_0.2	20	0.67218045112782	0.738345864661654	0.461654135338346	0.730827067669173	0.2	0.2	0.501548809629171	0.593548387096774	0.543857463244456
LC_k1_0.2_k2_0.2	30	0.867408231368187	0.868743047830923	0.638709677419355	0.840711902113459	0.2	0.2	0.501548809629171	0.593548387096774	0.543857463244456
LC_k1_0.2_k2_0.2	40	0.850656660412758	0.871857410881801	0.74296435272045	0.796998123827392	0.2	0.2	0.501548809629171	0.593548387096774	0.543857463244456
LC_k1_0.2_k2_0.2	50	0.860264105642257	0.865738295318127	0.797743097238896	0.776422569027611	0.2	0.2	0.501548809629171	0.593548387096774	0.543857463244456
LC_k1_0.2_k2_0.2	60	0.846290636287858	0.835954431786608	0.808335648791331	0.813670464017783	0.2	0.2	0.501548809629171	0.593548387096774	0.543857463244456
LC_k1_0.2_k2_0.2	70	0.871577289825912	0.874586650336804	0.865138658035168	0.826751815239262	0.2	0.2	0.501548809629171	0.593548387096774	0.543857463244456
LC_k1_0.2_k2_0.2	80	0.863455227379278	0.872315986872949	0.876582278481013	0.858954524144398	0.2	0.2	0.501548809629171	0.593548387096774	0.543857463244456
LC_k1_0.2_k2_0.2	90	0.875359097831008	0.887722764127259	0.897567600938388	0.881499773634605	0.2	0.2	0.501548809629171	0.593548387096774	0.543857463244456
LC_k1_0.2_k2_0.2	100	0.886588658865887	0.900378037803781	0.904206420642064	0.890441044104411	0.2	0.2	0.501548809629171	0.593548387096774	0.543857463244456
LC_k1_0.2_k2_0.2	110	0.899700200617632	0.909663458287311	0.918364402768072	0.905957667425557	0.2	0.2	0.501548809629171	0.593548387096774	0.543857463244456
LC_k1_0.2_k2_0.2	120	0.908715883047434	0.916070560455587	0.924911452184179	0.920536148343635	0.2	0.2	0.501548809629171	0.593548387096774	0.543857463244456
LC_k1_0.2_k2_0.2	130	0.901055592729656	0.905152330360923	0.919977058269265	0.918988378920919	0.2	0.2	0.501548809629171	0.593548387096774	0.543857463244456
LC_k1_0.2_k2_0.2	140	0.902018324550087	0.903894513568477	0.9209726443769	0.923640418971813	0.2	0.2	0.501548809629171	0.593548387096774	0.543857463244456
LC_k1_0.2_k2_0.2	150	0.906623405484688	0.906317614116183	0.927637672785457	0.922666785190453	0.2	0.2	0.501548809629171	0.593548387096774	0.543857463244456
LC_k1_0.2_k2_0.2	160	0.897925700222665	0.89770010547287	0.920833821633657	0.924100550802765	0.2	0.2	0.501548809629171	0.593548387096774	0.543857463244456
LC_k1_0.2_k2_0.2	170	0.891588351316858	0.888845329474051	0.914863734344563	0.91124626742631	0.2	0.2	0.501548809629171	0.593548387096774	0.543857463244456
LC_k1_0.2_k2_0.2	180	0.896149058098501	0.889784664135724	0.918981038509419	0.901457863925841	0.2	0.2	0.501548809629171	0.593548387096774	0.543857463244456
LC_k1_0.2_k2_0.2	190	0.895601131974789	0.887409623535278	0.917477813206664	0.894549637619354	0.2	0.2	0.501548809629171	0.593548387096774	0.543857463244456
LC_k1_0.2_k2_0.2	200	0.890918772969324	0.879681992049801	0.911401785044626	0.891754293857347	0.2	0.2	0.501548809629171	0.593548387096774	0.543857463244456
LC_k1_0.2_k2_0.2	210	0.880332887367061	0.867810413582427	0.89726751173496	0.897574612964985	0.2	0.2	0.501548809629171	0.593548387096774	0.543857463244456
LC_k1_0.2_k2_0.2	220	0.88044944579997	0.867544220485397	0.895530899398748	0.90359117111736	0.2	0.2	0.501548809629171	0.593548387096774	0.543857463244456
LC_k1_0.2_k2_0.2	230	0.877486629565612	0.861955473802825	0.892869841379429	0.90080949997411	0.2	0.2	0.501548809629171	0.593548387096774	0.543857463244456
LC_k1_0.2_k2_0.2	240	0.870548967864025	0.85690984218476	0.888934703727495	0.910405562596573	0.2	0.2	0.501548809629171	0.593548387096774	0.543857463244456
LC_k1_0.2_k2_0.2	250	0.866988719819517	0.848440455047281	0.883446455143282		0.2	0.2	0.501548809629171	0.593548387096774	0.543857463244456
LC_k1_0.2_k2_0.2	260	0.851985293364604	0.834729917488538	0.868946399980883		0.2	0.2	0.501548809629171	0.593548387096774	0.543857463244456
LC_k1_0.2_k2_0.2	270	0.831356320998154	0.810232422026822	0.853500200429514		0.2	0.2	0.501548809629171	0.593548387096774	0.543857463244456
LC_k1_0.2_k2_0.2	280	0.826934745887794	0.801946088962505	0.847033034313484		0.2	0.2	0.501548809629171	0.593548387096774	0.543857463244456
LC_k1_0.2_k2_0.2	290	0.813718560760286	0.78370762537256	0.837266669700857		0.2	0.2	0.501548809629171	0.593548387096774	0.543857463244456
LC_k1_0.2_k2_0.2	300	0.817236191513239	0.787558972877477	0.840737341526017		0.2	0.2	0.501548809629171	0.593548387096774	0.543857463244456
LC_k1_0.2_k2_0.2	365	0.830069369211521	0.820338677715727	0.854483087090318		0.2	0.2	0.501548809629171	0.593548387096774	0.543857463244456
LC_k1_0.2_k2_0.28	10	0.624242424242424	0.612121212121212	0.187878787878788	0.793939393939394	0.2	0.28	0.440392955128772	0.526881720430108	0.48056316969848
LC_k1_0.2_k2_0.28	20	0.760902255639098	0.789473684210526	0.583458646616541	0.744360902255639	0.2	0.28	0.440392955128772	0.526881720430108	0.48056316969848
LC_k1_0.2_k2_0.28	30	0.894104560622914	0.891434927697442	0.675639599555061	0.866073414905451	0.2	0.28	0.440392955128772	0.526881720430108	0.48056316969848
LC_k1_0.2_k2_0.28	40	0.927392120075047	0.932833020637899	0.815759849906192	0.794559099437148	0.2	0.28	0.440392955128772	0.526881720430108	0.48056316969848
LC_k1_0.2_k2_0.28	50	0.890036014405762	0.885810324129652	0.846914765906363	0.815510204081633	0.2	0.28	0.440392955128772	0.526881720430108	0.48056316969848
LC_k1_0.2_k2_0.28	60	0.893525979438733	0.883801055848847	0.85440400111142	0.834176160044457	0.2	0.28	0.440392955128772	0.526881720430108	0.48056316969848
LC_k1_0.2_k2_0.28	70	0.893202694427434	0.894462426734319	0.878225877001137	0.861079520601872	0.2	0.28	0.440392955128772	0.526881720430108	0.48056316969848
LC_k1_0.2_k2_0.28	80	0.881340834505392	0.894069385841538	0.884200656352555	0.892920768870136	0.2	0.28	0.440392955128772	0.526881720430108	0.48056316969848
LC_k1_0.2_k2_0.28	90	0.889550150224308	0.902753426348932	0.903313166234515	0.896563361731901	0.2	0.28	0.440392955128772	0.526881720430108	0.48056316969848
LC_k1_0.2_k2_0.28	100	0.904158415841584	0.915595559555956	0.916615661566157	0.903198319831983	0.2	0.28	0.440392955128772	0.526881720430108	0.48056316969848
LC_k1_0.2_k2_0.28	110	0.910069201812321	0.920456236052566	0.924757117417668	0.916209453824133	0.2	0.28	0.440392955128772	0.526881720430108	0.48056316969848
LC_k1_0.2_k2_0.28	120	0.91351482741857	0.921925133689839	0.929377040072227	0.92817556774776	0.2	0.28	0.440392955128772	0.526881720430108	0.48056316969848
LC_k1_0.2_k2_0.28	130	0.906119160441901	0.910729355856286	0.921648527222821	0.925810812656188	0.2	0.28	0.440392955128772	0.526881720430108	0.48056316969848
LC_k1_0.2_k2_0.28	140	0.913131136428244	0.915750803612429	0.930357962869826	0.926951083510092	0.2	0.28	0.440392955128772	0.526881720430108	0.48056316969848
LC_k1_0.2_k2_0.28	150	0.904024178852394	0.905990488466154	0.923239255078004	0.928498155473577	0.2	0.28	0.440392955128772	0.526881720430108	0.48056316969848
LC_k1_0.2_k2_0.28	160	0.905581272705965	0.903671041837572	0.926675846712762	0.927162193835697	0.2	0.28	0.440392955128772	0.526881720430108	0.48056316969848
LC_k1_0.2_k2_0.28	170	0.907992745525492	0.901996201781865	0.92813185068484	0.915645361227643	0.2	0.28	0.440392955128772	0.526881720430108	0.48056316969848
LC_k1_0.2_k2_0.28	180	0.894624319680649	0.887710526045043	0.916293712768913	0.910779139273846	0.2	0.28	0.440392955128772	0.526881720430108	0.48056316969848
LC_k1_0.2_k2_0.28	190	0.894633617201818	0.884755518814488	0.918235379023475	0.899325976371995	0.2	0.28	0.440392955128772	0.526881720430108	0.48056316969848
LC_k1_0.2_k2_0.28	200	0.890746268656717	0.879150978774469	0.908542713567839	0.889175729393235	0.2	0.28	0.440392955128772	0.526881720430108	0.48056316969848
LC_k1_0.2_k2_0.28	210	0.882432060331786	0.868129176884477	0.90038258075175	0.890405030240401	0.2	0.28	0.440392955128772	0.526881720430108	0.48056316969848
LC_k1_0.2_k2_0.28	220	0.874026698523072	0.858159729070285	0.891731797614151	0.894178504815088	0.2	0.28	0.440392955128772	0.526881720430108	0.48056316969848
LC_k1_0.2_k2_0.28	230	0.869226425748165	0.85596275757658	0.888076457432827	0.900830212126966	0.2	0.28	0.440392955128772	0.526881720430108	0.48056316969848
LC_k1_0.2_k2_0.28	240	0.867701696210003	0.853397628431049	0.887626521293772	0.910741505928922	0.2	0.28	0.440392955128772	0.526881720430108	0.48056316969848
LC_k1_0.2_k2_0.28	250	0.852508616137858	0.840340229443671	0.874395430326885		0.2	0.28	0.440392955128772	0.526881720430108	0.48056316969848
LC_k1_0.2_k2_0.28	260	0.853015577153508	0.84026914371742	0.873978336047301		0.2	0.28	0.440392955128772	0.526881720430108	0.48056316969848
LC_k1_0.2_k2_0.28	270	0.831813574641323	0.817763084694044	0.855343237447244		0.2	0.28	0.440392955128772	0.526881720430108	0.48056316969848
LC_k1_0.2_k2_0.28	280	0.827796272911644	0.80406437399894	0.851448906964921		0.2	0.28	0.440392955128772	0.526881720430108	0.48056316969848
LC_k1_0.2_k2_0.28	290	0.823689075805977	0.800186725743182	0.843704894600822		0.2	0.28	0.440392955128772	0.526881720430108	0.48056316969848
LC_k1_0.2_k2_0.28	300	0.815411726796964	0.796571961910688	0.841375126390293		0.2	0.28	0.440392955128772	0.526881720430108	0.48056316969848
LC_k1_0.2_k2_0.28	365	0.83156385496381	0.819085787331914	0.856526653225508		0.2	0.28	0.440392955128772	0.526881720430108	0.48056316969848
LC_k1_0.2_k2_0.36	10	0.793939393939394	0.757575757575757	0.296969696969697	0.721212121212121	0.2	0.36	0.382777236923622	0.460215053763441	0.421878893595814
LC_k1_0.2_k2_0.36	20	0.723308270676692	0.76390977443609	0.649624060150376	0.774436090225564	0.2	0.36	0.382777236923622	0.460215053763441	0.421878893595814
LC_k1_0.2_k2_0.36	30	0.855839822024472	0.895439377085651	0.773971078976641	0.789988876529477	0.2	0.36	0.382777236923622	0.460215053763441	0.421878893595814
LC_k1_0.2_k2_0.36	40	0.906191369606004	0.926266416510319	0.848405253283302	0.778236397748593	0.2	0.36	0.382777236923622	0.460215053763441	0.421878893595814
LC_k1_0.2_k2_0.36	50	0.904729891956783	0.911260504201681	0.87937575030012	0.783721488595438	0.2	0.36	0.382777236923622	0.460215053763441	0.421878893595814
LC_k1_0.2_k2_0.36	60	0.899805501528203	0.908530147263129	0.881800500138928	0.821450402889692	0.2	0.36	0.382777236923622	0.460215053763441	0.421878893595814
LC_k1_0.2_k2_0.36	70	0.896526988015047	0.908074534161491	0.893097716735194	0.856635464963695	0.2	0.36	0.382777236923622	0.460215053763441	0.421878893595814
LC_k1_0.2_k2_0.36	80	0.882489451476793	0.904031879981247	0.895850914205345	0.878176277543366	0.2	0.36	0.382777236923622	0.460215053763441	0.421878893595814
LC_k1_0.2_k2_0.36	90	0.909108120344075	0.922657118162736	0.921208379635346	0.895345104333868	0.2	0.36	0.382777236923622	0.460215053763441	0.421878893595814
LC_k1_0.2_k2_0.36	100	0.898853885388539	0.919231923192319	0.91979597959796	0.907458745874587	0.2	0.36	0.382777236923622	0.460215053763441	0.421878893595814
LC_k1_0.2_k2_0.36	110	0.908942136465072	0.92474810089489	0.9308072042017	0.925433356626017	0.2	0.36	0.382777236923622	0.460215053763441	0.421878893595814
LC_k1_0.2_k2_0.36	120	0.92125147579693	0.932939787485242	0.940516702548788	0.933953746787971	0.2	0.36	0.382777236923622	0.460215053763441	0.421878893595814
LC_k1_0.2_k2_0.36	130	0.929787379316937	0.937308989607942	0.94720124540824	0.935380791762826	0.2	0.36	0.382777236923622	0.460215053763441	0.421878893595814
LC_k1_0.2_k2_0.36	140	0.926889855896438	0.93100085281319	0.943430058384903	0.929111543591874	0.2	0.36	0.382777236923622	0.460215053763441	0.421878893595814
LC_k1_0.2_k2_0.36	150	0.912493888617272	0.915171340948487	0.932601448953287	0.931712520556469	0.2	0.36	0.382777236923622	0.460215053763441	0.421878893595814
LC_k1_0.2_k2_0.36	160	0.91655631079339	0.914209539435134	0.933836282667292	0.917912809094105	0.2	0.36	0.382777236923622	0.460215053763441	0.421878893595814
LC_k1_0.2_k2_0.36	170	0.909116334169918	0.900853072465361	0.924018539212633	0.915044485561275	0.2	0.36	0.382777236923622	0.460215053763441	0.421878893595814
LC_k1_0.2_k2_0.36	180	0.908320215644516	0.899408417955287	0.925433912569318	0.914952107575337	0.2	0.36	0.382777236923622	0.460215053763441	0.421878893595814
LC_k1_0.2_k2_0.36	190	0.893953032668933	0.882923714171992	0.911751455427399	0.900442204988912	0.2	0.36	0.382777236923622	0.460215053763441	0.421878893595814
LC_k1_0.2_k2_0.36	200	0.871241281032026	0.862238055951399	0.889997749943749	0.897277431935799	0.2	0.36	0.382777236923622	0.460215053763441	0.421878893595814
LC_k1_0.2_k2_0.36	210	0.860332433842037	0.847567648116413	0.87425176469826	0.898109772492412	0.2	0.36	0.382777236923622	0.460215053763441	0.421878893595814
LC_k1_0.2_k2_0.36	220	0.852706197911677	0.841301003589481	0.86405053447761	0.903728664566698	0.2	0.36	0.382777236923622	0.460215053763441	0.421878893595814
LC_k1_0.2_k2_0.36	230	0.854585892558173	0.844593758244793	0.868050764500356	0.909135785422096	0.2	0.36	0.382777236923622	0.460215053763441	0.421878893595814
LC_k1_0.2_k2_0.36	240	0.843560652094654	0.835578742686505	0.857871664438619	0.916910883869512	0.2	0.36	0.382777236923622	0.460215053763441	0.421878893595814
LC_k1_0.2_k2_0.36	250	0.838418662698603	0.829005904094465	0.852042432678923		0.2	0.36	0.382777236923622	0.460215053763441	0.421878893595814
LC_k1_0.2_k2_0.36	260	0.823075898937968	0.817275175895865	0.838569073051832		0.2	0.36	0.382777236923622	0.460215053763441	0.421878893595814
LC_k1_0.2_k2_0.36	270	0.808671053253283	0.801961008457668	0.822910541373072		0.2	0.36	0.382777236923622	0.460215053763441	0.421878893595814
LC_k1_0.2_k2_0.36	280	0.812885732871957	0.799371894320809	0.822355423629675		0.2	0.36	0.382777236923622	0.460215053763441	0.421878893595814
LC_k1_0.2_k2_0.36	290	0.816565451801264	0.796804013004378	0.820954859851136		0.2	0.36	0.382777236923622	0.460215053763441	0.421878893595814
LC_k1_0.2_k2_0.36	300	0.816427293636596	0.798371537461527	0.824269602995589		0.2	0.36	0.382777236923622	0.460215053763441	0.421878893595814
LC_k1_0.2_k2_0.36	365	0.831628510721257	0.823253369132552	0.853691424228141		0.2	0.36	0.382777236923622	0.460215053763441	0.421878893595814
LC_k1_0.2_k2_0.44	10	0.539393939393939	0.515151515151515	0.309090909090909	0.551515151515151	0.2	0.44	0.323745464200372	0.392114695340502	0.357837029653626
LC_k1_0.2_k2_0.44	20	0.649624060150376	0.750375939849624	0.621052631578947	0.654135338345865	0.2	0.44	0.323745464200372	0.392114695340502	0.357837029653626
LC_k1_0.2_k2_0.44	30	0.76551724137931	0.809566184649611	0.688097886540601	0.745494994438265	0.2	0.44	0.323745464200372	0.392114695340502	0.357837029653626
LC_k1_0.2_k2_0.44	40	0.870919324577861	0.884990619136961	0.835647279549719	0.724953095684803	0.2	0.44	0.323745464200372	0.392114695340502	0.357837029653626
LC_k1_0.2_k2_0.44	50	0.858823529411765	0.859975990396159	0.851908763505402	0.804849939975991	0.2	0.44	0.323745464200372	0.392114695340502	0.357837029653626
LC_k1_0.2_k2_0.44	60	0.860739094192832	0.868463462072798	0.85590441789386	0.78866351764379	0.2	0.44	0.323745464200372	0.392114695340502	0.357837029653626
LC_k1_0.2_k2_0.44	70	0.86310908931852	0.879240661359461	0.87385180649112	0.831125885749278	0.2	0.44	0.323745464200372	0.392114695340502	0.357837029653626
LC_k1_0.2_k2_0.44	80	0.8772386310361	0.899976558837319	0.898992030004688	0.860126582278481	0.2	0.44	0.323745464200372	0.392114695340502	0.357837029653626
LC_k1_0.2_k2_0.44	90	0.8795900728485	0.909766637856526	0.905453348149977	0.850434209984772	0.2	0.44	0.323745464200372	0.392114695340502	0.357837029653626
LC_k1_0.2_k2_0.44	100	0.894809480948095	0.915835583558356	0.916375637563756	0.854305430543054	0.2	0.44	0.323745464200372	0.392114695340502	0.357837029653626
LC_k1_0.2_k2_0.44	110	0.88817708450736	0.905173229943872	0.90531749430832	0.873380970628677	0.2	0.44	0.323745464200372	0.392114695340502	0.357837029653626
LC_k1_0.2_k2_0.44	120	0.902118202652962	0.911313285644836	0.916834502396	0.886075421904299	0.2	0.44	0.323745464200372	0.392114695340502	0.357837029653626
LC_k1_0.2_k2_0.44	130	0.907681383058624	0.915858471370632	0.921834245995439	0.897816438842535	0.2	0.44	0.323745464200372	0.392114695340502	0.357837029653626
LC_k1_0.2_k2_0.44	140	0.907353873739914	0.913008681200936	0.923946557040082	0.907747479827688	0.2	0.44	0.323745464200372	0.392114695340502	0.357837029653626
LC_k1_0.2_k2_0.44	150	0.907018089692875	0.909439530645807	0.920803591270723	0.917343881950309	0.2	0.44	0.323745464200372	0.392114695340502	0.357837029653626
LC_k1_0.2_k2_0.44	160	0.904037267080745	0.904919137466307	0.919562287589359	0.916128559709364	0.2	0.44	0.323745464200372	0.392114695340502	0.357837029653626
LC_k1_0.2_k2_0.44	170	0.894067574086627	0.893400748651999	0.908852535096879	0.906803207112805	0.2	0.44	0.323745464200372	0.392114695340502	0.357837029653626
LC_k1_0.2_k2_0.44	180	0.897887794890789	0.892496681996358	0.913065218062286	0.903050505674043	0.2	0.44	0.323745464200372	0.392114695340502	0.357837029653626
LC_k1_0.2_k2_0.44	190	0.899742375135046	0.89091927025242	0.914220105236914	0.897730364305178	0.2	0.44	0.323745464200372	0.392114695340502	0.357837029653626
LC_k1_0.2_k2_0.44	200	0.889367734193355	0.878646966174155	0.902062551563789	0.895109877746944	0.2	0.44	0.323745464200372	0.392114695340502	0.357837029653626
LC_k1_0.2_k2_0.44	210	0.885992879657135	0.873321390507721	0.897784530261457	0.896294376613658	0.2	0.44	0.323745464200372	0.392114695340502	0.357837029653626
LC_k1_0.2_k2_0.44	220	0.871486450696765	0.86062897618095	0.883940877816784	0.893217177665204	0.2	0.44	0.323745464200372	0.392114695340502	0.357837029653626
LC_k1_0.2_k2_0.44	230	0.868138544576745	0.855042546213991	0.877601039552815	0.898943433631112	0.2	0.44	0.323745464200372	0.392114695340502	0.357837029653626
LC_k1_0.2_k2_0.44	240	0.857138144759458	0.844639663883053	0.866569732113405	0.904235316585357	0.2	0.44	0.323745464200372	0.392114695340502	0.357837029653626
LC_k1_0.2_k2_0.44	250	0.845398358373734	0.833272980367686	0.858743339893438		0.2	0.44	0.323745464200372	0.392114695340502	0.357837029653626
LC_k1_0.2_k2_0.44	260	0.829384594901836	0.812904150835185	0.839924350269178		0.2	0.44	0.323745464200372	0.392114695340502	0.357837029653626
LC_k1_0.2_k2_0.44	270	0.810622611802326	0.793266482850702	0.824110374932746		0.2	0.44	0.323745464200372	0.392114695340502	0.357837029653626
LC_k1_0.2_k2_0.44	280	0.809577381635699	0.786574172775527	0.816131765529079		0.2	0.44	0.323745464200372	0.392114695340502	0.357837029653626
LC_k1_0.2_k2_0.44	290	0.811039452271153	0.787180379774084	0.816025201824943		0.2	0.44	0.323745464200372	0.392114695340502	0.357837029653626
LC_k1_0.2_k2_0.44	300	0.813171257458416	0.791344348270536	0.821882909810109		0.2	0.44	0.323745464200372	0.392114695340502	0.357837029653626
LC_k1_0.2_k2_0.44	365	0.832472737233573	0.823338754216814	0.847804295412649		0.2	0.44	0.323745464200372	0.392114695340502	0.357837029653626
LC_k1_0.2_k2_0.52	10	0.490909090909091	0.636363636363636	0.721212121212121	0.442424242424242	0.2	0.52	0.268961855031419	0.329749103942652	0.298903563418889
LC_k1_0.2_k2_0.52	20	0.181954887218045	0.341353383458647	0.541353383458647	0.288721804511278	0.2	0.52	0.268961855031419	0.329749103942652	0.298903563418889
LC_k1_0.2_k2_0.52	30	0.592880978865406	0.713904338153504	0.696996662958843	0.547497219132369	0.2	0.52	0.268961855031419	0.329749103942652	0.298903563418889
LC_k1_0.2_k2_0.52	40	0.779174484052533	0.852908067542214	0.814258911819888	0.630956848030019	0.2	0.52	0.268961855031419	0.329749103942652	0.298903563418889
LC_k1_0.2_k2_0.52	50	0.856902761104442	0.89906362545018	0.869195678271309	0.662521008403361	0.2	0.52	0.268961855031419	0.329749103942652	0.298903563418889
LC_k1_0.2_k2_0.52	60	0.860294526257294	0.888802445123646	0.856515698805224	0.742095026396221	0.2	0.52	0.268961855031419	0.329749103942652	0.298903563418889
LC_k1_0.2_k2_0.52	70	0.864998687778847	0.888478698276616	0.871297349313271	0.803201819613332	0.2	0.52	0.268961855031419	0.329749103942652	0.298903563418889
LC_k1_0.2_k2_0.52	80	0.860454758556024	0.888021565869667	0.874988279418659	0.842287857477731	0.2	0.52	0.268961855031419	0.329749103942652	0.298903563418889
LC_k1_0.2_k2_0.52	90	0.870304975922954	0.900399226241923	0.89878585833642	0.866534963164177	0.2	0.52	0.268961855031419	0.329749103942652	0.298903563418889
LC_k1_0.2_k2_0.52	100	0.892973297329733	0.918235823582358	0.918115811581158	0.877287728772877	0.2	0.52	0.268961855031419	0.329749103942652	0.298903563418889
LC_k1_0.2_k2_0.52	110	0.911547911547911	0.930257196312242	0.933241665351757	0.900502671144873	0.2	0.52	0.268961855031419	0.329749103942652	0.298903563418889
LC_k1_0.2_k2_0.52	120	0.922314049586777	0.935426071254948	0.941919577748455	0.913493992638377	0.2	0.52	0.268961855031419	0.329749103942652	0.298903563418889
LC_k1_0.2_k2_0.52	130	0.929650821395895	0.938690955768889	0.947026451269306	0.923139739720602	0.2	0.52	0.268961855031419	0.329749103942652	0.298903563418889
LC_k1_0.2_k2_0.52	140	0.929308346635761	0.935584177035271	0.947457960683125	0.923815355010824	0.2	0.52	0.268961855031419	0.329749103942652	0.298903563418889
LC_k1_0.2_k2_0.52	150	0.913702831236944	0.918030134672652	0.933821058713721	0.921575181119161	0.2	0.52	0.268961855031419	0.329749103942652	0.298903563418889
LC_k1_0.2_k2_0.52	160	0.899449197234267	0.901919020274229	0.919486112738779	0.920262510254307	0.2	0.52	0.268961855031419	0.329749103942652	0.298903563418889
LC_k1_0.2_k2_0.52	170	0.897311325651407	0.900156936022619	0.916280433070145	0.921038586720892	0.2	0.52	0.268961855031419	0.329749103942652	0.298903563418889
LC_k1_0.2_k2_0.52	180	0.901951706328385	0.901488729076	0.917507742008498	0.919310266777781	0.2	0.52	0.268961855031419	0.329749103942652	0.298903563418889
LC_k1_0.2_k2_0.52	190	0.903246773128283	0.896432179926256	0.918119907097587	0.909086853258801	0.2	0.52	0.268961855031419	0.329749103942652	0.298903563418889
LC_k1_0.2_k2_0.52	200	0.901102527563189	0.891373284332108	0.914853371334283	0.906972174304358	0.2	0.52	0.268961855031419	0.329749103942652	0.298903563418889
LC_k1_0.2_k2_0.52	210	0.88984525078314	0.879152426520848	0.900554920260582	0.910007677530751	0.2	0.52	0.268961855031419	0.329749103942652	0.298903563418889
LC_k1_0.2_k2_0.52	220	0.885544592393907	0.87354772544136	0.895775457419293	0.907448876667249	0.2	0.52	0.268961855031419	0.329749103942652	0.298903563418889
LC_k1_0.2_k2_0.52	230	0.874027700038712	0.864742737801405	0.881095475627467	0.908787623995522	0.2	0.52	0.268961855031419	0.329749103942652	0.298903563418889
LC_k1_0.2_k2_0.52	240	0.86424069862324	0.85563551450546	0.8715047136235	0.917246827201861	0.2	0.52	0.268961855031419	0.329749103942652	0.298903563418889
LC_k1_0.2_k2_0.52	250	0.857036048576777	0.850563241011856	0.868037824605194		0.2	0.52	0.268961855031419	0.329749103942652	0.298903563418889
LC_k1_0.2_k2_0.52	260	0.847000467690123	0.841013351358179	0.85737499530603		0.2	0.52	0.268961855031419	0.329749103942652	0.298903563418889
LC_k1_0.2_k2_0.52	270	0.843518048563385	0.837946870175021	0.855324947301518		0.2	0.52	0.268961855031419	0.329749103942652	0.298903563418889
LC_k1_0.2_k2_0.52	280	0.84550568247044	0.836886585652514	0.857829454821763		0.2	0.52	0.268961855031419	0.329749103942652	0.298903563418889
LC_k1_0.2_k2_0.52	290	0.856883943431202	0.845378291840774	0.864899127506129		0.2	0.52	0.268961855031419	0.329749103942652	0.298903563418889
LC_k1_0.2_k2_0.52	300	0.847758308425649	0.837082189802109	0.85326014733497		0.2	0.52	0.268961855031419	0.329749103942652	0.298903563418889
LC_k1_0.2_k2_0.52	365	0.865659649131466	0.856120210353312	0.876818689955901		0.2	0.52	0.268961855031419	0.329749103942652	0.298903563418889
LC_k1_0.2_k2_0.6	10	0.139393939393939	0.321212121212121	0.442424242424242	0.0303030303030303	0.2	0.6	0.209576068678644	0.256989247311828	0.238101171193621
LC_k1_0.2_k2_0.6	20	0.0496240601503759	0.154887218045113	0.33984962406015	0.124812030075188	0.2	0.6	0.209576068678644	0.256989247311828	0.238101171193621
LC_k1_0.2_k2_0.6	30	0.523915461624027	0.604894327030034	0.699666295884316	0.429143492769744	0.2	0.6	0.209576068678644	0.256989247311828	0.238101171193621
LC_k1_0.2_k2_0.6	40	0.737898686679175	0.81031894934334	0.803564727954972	0.619699812382739	0.2	0.6	0.209576068678644	0.256989247311828	0.238101171193621
LC_k1_0.2_k2_0.6	50	0.828571428571429	0.873709483793517	0.866122448979592	0.645906362545018	0.2	0.6	0.209576068678644	0.256989247311828	0.238101171193621
LC_k1_0.2_k2_0.6	60	0.875076410113921	0.898360655737705	0.87907752153376	0.747652125590442	0.2	0.6	0.209576068678644	0.256989247311828	0.238101171193621
LC_k1_0.2_k2_0.6	70	0.876161315720409	0.892817776222553	0.881865103665471	0.796728195258508	0.2	0.6	0.209576068678644	0.256989247311828	0.238101171193621
LC_k1_0.2_k2_0.6	80	0.873417721518987	0.905180496952649	0.896741678387248	0.849203000468823	0.2	0.6	0.209576068678644	0.256989247311828	0.238101171193621
LC_k1_0.2_k2_0.6	90	0.886076470346133	0.90759353006544	0.907445363625139	0.837016915668601	0.2	0.6	0.209576068678644	0.256989247311828	0.238101171193621
LC_k1_0.2_k2_0.6	100	0.907242724272427	0.925448544854486	0.926528652865287	0.866630663066307	0.2	0.6	0.209576068678644	0.256989247311828	0.238101171193621
LC_k1_0.2_k2_0.6	110	0.923134143317629	0.936965489259067	0.940013073958028	0.891973040596894	0.2	0.6	0.209576068678644	0.256989247311828	0.238101171193621
LC_k1_0.2_k2_0.6	120	0.935071879991666	0.944815612195291	0.949322869643725	0.908535314952427	0.2	0.6	0.209576068678644	0.256989247311828	0.238101171193621
LC_k1_0.2_k2_0.6	130	0.938991383195182	0.944491936254762	0.953799724152999	0.918791735514619	0.2	0.6	0.209576068678644	0.256989247311828	0.238101171193621
LC_k1_0.2_k2_0.6	140	0.920360368240362	0.922787605781636	0.93638013601277	0.921409984474426	0.2	0.6	0.209576068678644	0.256989247311828	0.238101171193621
LC_k1_0.2_k2_0.6	150	0.913709942664118	0.916134939330637	0.930596026490066	0.92263122805458	0.2	0.6	0.209576068678644	0.256989247311828	0.238101171193621
LC_k1_0.2_k2_0.6	160	0.917130551974686	0.917819055431853	0.930847884682995	0.9237929215985	0.2	0.6	0.209576068678644	0.256989247311828	0.238101171193621
LC_k1_0.2_k2_0.6	170	0.918043978725093	0.917755753811958	0.929919822179884	0.923703445875392	0.2	0.6	0.209576068678644	0.256989247311828	0.238101171193621
LC_k1_0.2_k2_0.6	180	0.910163893947344	0.905914791608794	0.920876158729179	0.922983219646697	0.2	0.6	0.209576068678644	0.256989247311828	0.238101171193621
LC_k1_0.2_k2_0.6	190	0.892065241638127	0.88787151123883	0.903309757815131	0.904754906463366	0.2	0.6	0.209576068678644	0.256989247311828	0.238101171193621
LC_k1_0.2_k2_0.6	200	0.896434410860272	0.88785569639241	0.910548263706593	0.906985674641866	0.2	0.6	0.209576068678644	0.256989247311828	0.238101171193621
LC_k1_0.2_k2_0.6	210	0.889078145600969	0.880513001590577	0.899602517711772	0.908696342320687	0.2	0.6	0.209576068678644	0.256989247311828	0.238101171193621
LC_k1_0.2_k2_0.6	220	0.884929252858342	0.874742340656926	0.890514642488857	0.909179941734333	0.2	0.6	0.209576068678644	0.256989247311828	0.238101171193621
LC_k1_0.2_k2_0.6	230	0.8662073828962	0.853697242571364	0.87186081433281	0.910632978185665	0.2	0.6	0.209576068678644	0.256989247311828	0.238101171193621
LC_k1_0.2_k2_0.6	240	0.851998298581572	0.844485147311585	0.860448966127884	0.914639143040677	0.2	0.6	0.209576068678644	0.256989247311828	0.238101171193621
LC_k1_0.2_k2_0.6	250	0.848204675274804	0.83615840253444	0.856203523256372		0.2	0.6	0.209576068678644	0.256989247311828	0.238101171193621
LC_k1_0.2_k2_0.6	260	0.836665540113816	0.826726612933509	0.847150674736881		0.2	0.6	0.209576068678644	0.256989247311828	0.238101171193621
LC_k1_0.2_k2_0.6	270	0.828687788736623	0.818645889061121	0.840759284916269		0.2	0.6	0.209576068678644	0.256989247311828	0.238101171193621
LC_k1_0.2_k2_0.6	280	0.836703456494525	0.822107789275738	0.845712317759155		0.2	0.6	0.209576068678644	0.256989247311828	0.238101171193621
LC_k1_0.2_k2_0.6	290	0.844753412542115	0.832099360728796	0.84553082143336		0.2	0.6	0.209576068678644	0.256989247311828	0.238101171193621
LC_k1_0.2_k2_0.6	300	0.836711519016878	0.826270958566206	0.842039133768153		0.2	0.6	0.209576068678644	0.256989247311828	0.238101171193621
LC_k1_0.2_k2_0.6	365	0.860545181295237	0.854010014239073	0.86908023483366		0.2	0.6	0.209576068678644	0.256989247311828	0.238101171193621
LC_k1_0.2_k2_0.68	10	-0.0424242424242424	-0.0181818181818182	0.260606060606061	-0.103030303030303	0.2	0.68	0.160633684396849	0.2	0.183777722402193
LC_k1_0.2_k2_0.68	20	0.0977443609022556	0.207518796992481	0.541353383458647	0.0526315789473684	0.2	0.68	0.160633684396849	0.2	0.183777722402193
LC_k1_0.2_k2_0.68	30	0.48476084538376	0.63559510567297	0.836262513904338	0.413125695216908	0.2	0.68	0.160633684396849	0.2	0.183777722402193
LC_k1_0.2_k2_0.68	40	0.721575984990619	0.805253283302064	0.863227016885554	0.534521575984991	0.2	0.68	0.160633684396849	0.2	0.183777722402193
LC_k1_0.2_k2_0.68	50	0.803889555822329	0.863529411764706	0.88187274909964	0.626698679471789	0.2	0.68	0.160633684396849	0.2	0.183777722402193
LC_k1_0.2_k2_0.68	60	0.842622950819672	0.876799110864129	0.884912475687691	0.74809669352598	0.2	0.68	0.160633684396849	0.2	0.183777722402193
LC_k1_0.2_k2_0.68	70	0.855900621118012	0.888583675968857	0.874726620593124	0.776117575015309	0.2	0.68	0.160633684396849	0.2	0.183777722402193
LC_k1_0.2_k2_0.68	80	0.872456633849039	0.901007969995312	0.890318799812471	0.818002812939522	0.2	0.68	0.160633684396849	0.2	0.183777722402193
LC_k1_0.2_k2_0.68	90	0.880018109231592	0.910968432316747	0.910046507799317	0.835963287648681	0.2	0.68	0.160633684396849	0.2	0.183777722402193
LC_k1_0.2_k2_0.68	100	0.898097809780978	0.919351935193519	0.921164116411641	0.874011401140114	0.2	0.68	0.160633684396849	0.2	0.183777722402193
LC_k1_0.2_k2_0.68	110	0.918625881928634	0.933981020219552	0.93950814868246	0.892135338006898	0.2	0.68	0.160633684396849	0.2	0.183777722402193
LC_k1_0.2_k2_0.68	120	0.927599138829085	0.938162372386971	0.947176887283839	0.906222654350996	0.2	0.68	0.160633684396849	0.2	0.183777722402193
LC_k1_0.2_k2_0.68	130	0.929334007019077	0.937156044736375	0.947818487211351	0.914853405071761	0.2	0.68	0.160633684396849	0.2	0.183777722402193
LC_k1_0.2_k2_0.68	140	0.93693555793663	0.941982462662089	0.952404277186154	0.919192670179966	0.2	0.68	0.160633684396849	0.2	0.183777722402193
LC_k1_0.2_k2_0.68	150	0.931474287746122	0.935751811191609	0.945163785057114	0.921681852526779	0.2	0.68	0.160633684396849	0.2	0.183777722402193
LC_k1_0.2_k2_0.68	160	0.915255478729638	0.916026016641275	0.927091878589007	0.921698113207547	0.2	0.68	0.160633684396849	0.2	0.183777722402193
LC_k1_0.2_k2_0.68	170	0.915821227276336	0.915457282258902	0.926348764357814	0.920442596222544	0.2	0.68	0.160633684396849	0.2	0.183777722402193
LC_k1_0.2_k2_0.68	180	0.905132874471434	0.899815837937385	0.913995287920409	0.921814459294011	0.2	0.68	0.160633684396849	0.2	0.183777722402193
LC_k1_0.2_k2_0.68	190	0.890376902115673	0.884650544336408	0.901196271656454	0.914797464866355	0.2	0.68	0.160633684396849	0.2	0.183777722402193
LC_k1_0.2_k2_0.68	200	0.887138678466962	0.881147528688217	0.897314932873322	0.91481587039676	0.2	0.68	0.160633684396849	0.2	0.183777722402193
LC_k1_0.2_k2_0.68	210	0.88206664874163	0.877278720281963	0.893656156764164	0.908073069360173	0.2	0.68	0.160633684396849	0.2	0.183777722402193
LC_k1_0.2_k2_0.68	220	0.874062762378637	0.865815409409285	0.887752376551732	0.906954125648727	0.2	0.68	0.160633684396849	0.2	0.183777722402193
LC_k1_0.2_k2_0.68	230	0.867780520220239	0.857464881805113	0.875805986305322	0.902091680865176	0.2	0.68	0.160633684396849	0.2	0.183777722402193
LC_k1_0.2_k2_0.68	240	0.861294466917828	0.849716140905224	0.867226861577458	0.909133839129151	0.2	0.68	0.160633684396849	0.2	0.183777722402193
LC_k1_0.2_k2_0.68	250	0.864643210291365	0.849977247635962	0.867322805164883		0.2	0.68	0.160633684396849	0.2	0.183777722402193
LC_k1_0.2_k2_0.68	260	0.853502384536867	0.841250951595779	0.85903000385759		0.2	0.68	0.160633684396849	0.2	0.183777722402193
LC_k1_0.2_k2_0.68	270	0.850393924013589	0.841738417384174	0.857014347095144		0.2	0.68	0.160633684396849	0.2	0.183777722402193
LC_k1_0.2_k2_0.68	280	0.848140555728663	0.837766698919265	0.855518200851687		0.2	0.68	0.160633684396849	0.2	0.183777722402193
LC_k1_0.2_k2_0.68	290	0.838631563539031	0.827270077015144	0.844494112234719		0.2	0.68	0.160633684396849	0.2	0.183777722402193
LC_k1_0.2_k2_0.68	300	0.843200480005333	0.830555006166735	0.847456527294748		0.2	0.68	0.160633684396849	0.2	0.183777722402193
LC_k1_0.2_k2_0.68	365	0.847706571443378	0.844475017459522	0.857213435565109		0.2	0.68	0.160633684396849	0.2	0.183777722402193
LC_k1_0.32_k2_0.04	10	0.539393939393939	0.636363636363636	0.272727272727273	0.757575757575757	0.32	0.04	0.391893087883884	0.473476702508961	0.425741340642911
LC_k1_0.32_k2_0.04	20	0.766917293233083	0.795488721804511	0.580451127819549	0.846616541353384	0.32	0.04	0.391893087883884	0.473476702508961	0.425741340642911
LC_k1_0.32_k2_0.04	30	0.86384872080089	0.903893214682981	0.723692992213571	0.810901001112347	0.32	0.04	0.391893087883884	0.473476702508961	0.425741340642911
LC_k1_0.32_k2_0.04	40	0.859662288930582	0.873733583489681	0.769606003752346	0.768667917448406	0.32	0.04	0.391893087883884	0.473476702508961	0.425741340642911
LC_k1_0.32_k2_0.04	50	0.88062424969988	0.891380552220888	0.825594237695078	0.75577430972389	0.32	0.04	0.391893087883884	0.473476702508961	0.425741340642911
LC_k1_0.32_k2_0.04	60	0.863517643789942	0.875854404001112	0.823117532647958	0.798277299249792	0.32	0.04	0.391893087883884	0.473476702508961	0.425741340642911
LC_k1_0.32_k2_0.04	70	0.852891260607121	0.865453591111889	0.830531012159916	0.831405826261919	0.32	0.04	0.391893087883884	0.473476702508961	0.425741340642911
LC_k1_0.32_k2_0.04	80	0.872902015939991	0.878105954055321	0.859774964838256	0.874472573839663	0.32	0.04	0.391893087883884	0.473476702508961	0.425741340642911
LC_k1_0.32_k2_0.04	90	0.869909865415484	0.881269292505247	0.872511009589661	0.880726015557476	0.32	0.04	0.391893087883884	0.473476702508961	0.425741340642911
LC_k1_0.32_k2_0.04	100	0.87035103510351	0.891305130513051	0.885952595259526	0.897773777377738	0.32	0.04	0.391893087883884	0.473476702508961	0.425741340642911
LC_k1_0.32_k2_0.04	110	0.883037666523905	0.900854315533214	0.899537903207628	0.916416833848026	0.32	0.04	0.391893087883884	0.473476702508961	0.425741340642911
LC_k1_0.32_k2_0.04	120	0.902159872213348	0.91527883880825	0.918084589207584	0.927376901173692	0.32	0.04	0.391893087883884	0.473476702508961	0.425741340642911
LC_k1_0.32_k2_0.04	130	0.912646629067719	0.921522893935463	0.927170929549768	0.927220090401344	0.32	0.04	0.391893087883884	0.473476702508961	0.425741340642911
LC_k1_0.32_k2_0.04	140	0.917045330301109	0.921882311779756	0.930239881043494	0.92186919157683	0.32	0.04	0.391893087883884	0.473476702508961	0.425741340642911
LC_k1_0.32_k2_0.04	150	0.918499488866172	0.919708431485844	0.92996666518512	0.918499488866172	0.32	0.04	0.391893087883884	0.473476702508961	0.425741340642911
LC_k1_0.32_k2_0.04	160	0.908528653463026	0.904145669752725	0.921469588655807	0.906120356263916	0.32	0.04	0.391893087883884	0.473476702508961	0.425741340642911
LC_k1_0.32_k2_0.04	170	0.912824176696527	0.902907285617455	0.921419629826394	0.898176000390814	0.32	0.04	0.391893087883884	0.473476702508961	0.425741340642911
LC_k1_0.32_k2_0.04	180	0.891120096299268	0.881062172700804	0.899498955729086	0.892887640565038	0.32	0.04	0.391893087883884	0.473476702508961	0.425741340642911
LC_k1_0.32_k2_0.04	190	0.877076635742935	0.864906594584192	0.886205916186627	0.88976455099354	0.32	0.04	0.391893087883884	0.473476702508961	0.425741340642911
LC_k1_0.32_k2_0.04	200	0.842586064651616	0.832132303307583	0.851686792169805	0.885973149328734	0.32	0.04	0.391893087883884	0.473476702508961	0.425741340642911
LC_k1_0.32_k2_0.04	210	0.835017962830385	0.821890357086167	0.842296391560547	0.886622631546553	0.32	0.04	0.391893087883884	0.473476702508961	0.425741340642911
LC_k1_0.32_k2_0.04	220	0.813876695423835	0.801008660960313	0.822515115826961	0.896364876058672	0.32	0.04	0.391893087883884	0.473476702508961	0.425741340642911
LC_k1_0.32_k2_0.04	230	0.818041764576794	0.804353990418164	0.824516778076679	0.901099470114089	0.32	0.04	0.391893087883884	0.473476702508961	0.425741340642911
LC_k1_0.32_k2_0.04	240	0.817298043368808	0.803554749214396	0.825221792045001	0.905499227417143	0.32	0.04	0.391893087883884	0.473476702508961	0.425741340642911
LC_k1_0.32_k2_0.04	250	0.801676186818989	0.786017184274948	0.810221859549753		0.32	0.04	0.391893087883884	0.473476702508961	0.425741340642911
LC_k1_0.32_k2_0.04	260	0.798302660371626	0.778047240116206	0.805148687907309		0.32	0.04	0.391893087883884	0.473476702508961	0.425741340642911
LC_k1_0.32_k2_0.04	270	0.7977890262174	0.770982378968771	0.801273298978343		0.32	0.04	0.391893087883884	0.473476702508961	0.425741340642911
LC_k1_0.32_k2_0.04	280	0.791027764566968	0.765402255495241	0.801309236816067		0.32	0.04	0.391893087883884	0.473476702508961	0.425741340642911
LC_k1_0.32_k2_0.04	290	0.791762171922992	0.767432225812681	0.800379601873162		0.32	0.04	0.391893087883884	0.473476702508961	0.425741340642911
LC_k1_0.32_k2_0.04	300	0.780274447493861	0.756803964488494	0.790491449904999		0.32	0.04	0.391893087883884	0.473476702508961	0.425741340642911
LC_k1_0.32_k2_0.04	365	0.811859642715246	0.798975132211153	0.830815871754565		0.32	0.04	0.391893087883884	0.473476702508961	0.425741340642911
LC_k1_0.32_k2_0.12	10	0.696969696969697	0.696969696969697	0.36969696969697	0.587878787878788	0.32	0.12	0.290910700061952	0.356451612903226	0.321704460503364
LC_k1_0.32_k2_0.12	20	0.603007518796992	0.667669172932331	0.694736842105263	0.55187969924812	0.32	0.12	0.290910700061952	0.356451612903226	0.321704460503364
LC_k1_0.32_k2_0.12	30	0.810011123470523	0.833147942157953	0.765962180200222	0.757953281423804	0.32	0.12	0.290910700061952	0.356451612903226	0.321704460503364
LC_k1_0.32_k2_0.12	40	0.861913696060038	0.885928705440901	0.825328330206379	0.751219512195122	0.32	0.12	0.290910700061952	0.356451612903226	0.321704460503364
LC_k1_0.32_k2_0.12	50	0.85421368547419	0.871788715486195	0.847779111644658	0.726770708283313	0.32	0.12	0.290910700061952	0.356451612903226	0.321704460503364
LC_k1_0.32_k2_0.12	60	0.854792998055016	0.861906085023618	0.825062517365935	0.798388441233676	0.32	0.12	0.290910700061952	0.356451612903226	0.321704460503364
LC_k1_0.32_k2_0.12	70	0.864543784445805	0.874621642900884	0.860134721371709	0.825457090368297	0.32	0.12	0.290910700061952	0.356451612903226	0.321704460503364
LC_k1_0.32_k2_0.12	80	0.857126113455227	0.872175339896859	0.863830285982185	0.874425691514299	0.32	0.12	0.290910700061952	0.356451612903226	0.321704460503364
LC_k1_0.32_k2_0.12	90	0.871111659875705	0.88918796559246	0.891904350331317	0.875210931390707	0.32	0.12	0.290910700061952	0.356451612903226	0.321704460503364
LC_k1_0.32_k2_0.12	100	0.891449144914492	0.908598859885989	0.911467146714671	0.892193219321932	0.32	0.12	0.290910700061952	0.356451612903226	0.321704460503364
LC_k1_0.32_k2_0.12	110	0.902080562631021	0.917047990442486	0.922539052814282	0.911665126344025	0.32	0.12	0.290910700061952	0.356451612903226	0.321704460503364
LC_k1_0.32_k2_0.12	120	0.918411000763942	0.928654767692201	0.936335856656712	0.922258490172928	0.32	0.12	0.290910700061952	0.356451612903226	0.321704460503364
LC_k1_0.32_k2_0.12	130	0.926701170301383	0.931731964112578	0.941220008466591	0.923795217741605	0.32	0.12	0.290910700061952	0.356451612903226	0.321704460503364
LC_k1_0.32_k2_0.12	140	0.923443615927926	0.928092541164637	0.938212591021408	0.928153768778291	0.32	0.12	0.290910700061952	0.356451612903226	0.321704460503364
LC_k1_0.32_k2_0.12	150	0.917560780479132	0.918385706031379	0.931534734877106	0.920206231388062	0.32	0.12	0.290910700061952	0.356451612903226	0.321704460503364
LC_k1_0.32_k2_0.12	160	0.91576233446619	0.914036681120356	0.93005683815774	0.917499707019805	0.32	0.12	0.290910700061952	0.356451612903226	0.321704460503364
LC_k1_0.32_k2_0.12	170	0.898901447841672	0.894165277447011	0.91573085166798	0.910767520960424	0.32	0.12	0.290910700061952	0.356451612903226	0.321704460503364
LC_k1_0.32_k2_0.12	180	0.885665195427843	0.880111526075908	0.901091597477288	0.91461876395362	0.32	0.12	0.290910700061952	0.356451612903226	0.321704460503364
LC_k1_0.32_k2_0.12	190	0.885780769550403	0.876863187637506	0.898031291142341	0.903992091922651	0.32	0.12	0.290910700061952	0.356451612903226	0.321704460503364
LC_k1_0.32_k2_0.12	200	0.868638715967899	0.860937523438086	0.883865596639916	0.895613890347259	0.32	0.12	0.290910700061952	0.356451612903226	0.321704460503364
LC_k1_0.32_k2_0.12	210	0.858307120666811	0.851044241366017	0.871294781546715	0.899215077763344	0.32	0.12	0.290910700061952	0.356451612903226	0.321704460503364
LC_k1_0.32_k2_0.12	220	0.862267627618152	0.853660763088644	0.870931968917465	0.902698590692144	0.32	0.12	0.290910700061952	0.356451612903226	0.321704460503364
LC_k1_0.32_k2_0.12	230	0.859686013625638	0.850208724254671	0.868916729748323	0.907123747716115	0.32	0.12	0.290910700061952	0.356451612903226	0.321704460503364
LC_k1_0.32_k2_0.12	240	0.846321116686054	0.834866924772999	0.85660862167746	0.909755377697529	0.32	0.12	0.290910700061952	0.356451612903226	0.321704460503364
LC_k1_0.32_k2_0.12	250	0.841419286708587	0.826676522824365	0.845603417654682		0.32	0.12	0.290910700061952	0.356451612903226	0.321704460503364
LC_k1_0.32_k2_0.12	260	0.83227949434846	0.813151309703034	0.839147370181853		0.32	0.12	0.290910700061952	0.356451612903226	0.321704460503364
LC_k1_0.32_k2_0.12	270	0.825125478020579	0.805409310598682	0.833764523518841		0.32	0.12	0.290910700061952	0.356451612903226	0.321704460503364
LC_k1_0.32_k2_0.12	280	0.828591654776938	0.80451099048275	0.836859252942366		0.32	0.12	0.290910700061952	0.356451612903226	0.321704460503364
LC_k1_0.32_k2_0.12	290	0.819882232393595	0.800805700670515	0.828303341997178		0.32	0.12	0.290910700061952	0.356451612903226	0.321704460503364
LC_k1_0.32_k2_0.12	300	0.812025911399016	0.797393304370049	0.82486960966233		0.32	0.12	0.290910700061952	0.356451612903226	0.321704460503364
LC_k1_0.32_k2_0.12	365	0.839995015090456	0.829661198895423	0.856139952569326		0.32	0.12	0.290910700061952	0.356451612903226	0.321704460503364
LC_k1_0.32_k2_0.2	10	0.333333333333333	0.490909090909091	0.648484848484848	0.224242424242424	0.32	0.2	0.22347110363749	0.278853046594982	0.252803388985796
LC_k1_0.32_k2_0.2	20	0.282706766917293	0.476691729323308	0.76390977443609	0.389473684210526	0.32	0.2	0.22347110363749	0.278853046594982	0.252803388985796
LC_k1_0.32_k2_0.2	30	0.678309232480534	0.780645161290323	0.802892102335929	0.556840934371524	0.32	0.2	0.22347110363749	0.278853046594982	0.252803388985796
LC_k1_0.32_k2_0.2	40	0.736397748592871	0.830393996247655	0.782551594746717	0.621200750469043	0.32	0.2	0.22347110363749	0.278853046594982	0.252803388985796
LC_k1_0.32_k2_0.2	50	0.817623049219688	0.872557022809124	0.829627851140456	0.654645858343337	0.32	0.2	0.22347110363749	0.278853046594982	0.252803388985796
LC_k1_0.32_k2_0.2	60	0.834398444012226	0.864795776604612	0.829674909697138	0.704695748819117	0.32	0.2	0.22347110363749	0.278853046594982	0.252803388985796
LC_k1_0.32_k2_0.2	70	0.847607383431021	0.874236724696002	0.842498469075322	0.789204793981279	0.32	0.2	0.22347110363749	0.278853046594982	0.252803388985796
LC_k1_0.32_k2_0.2	80	0.849085794655415	0.875738396624473	0.845147679324895	0.831387716830755	0.32	0.2	0.22347110363749	0.278853046594982	0.252803388985796
LC_k1_0.32_k2_0.2	90	0.845577643330452	0.872148824957814	0.866403259661687	0.842778943902539	0.32	0.2	0.22347110363749	0.278853046594982	0.252803388985796
LC_k1_0.32_k2_0.2	100	0.873075307530753	0.896429642964297	0.892361236123612	0.882268226822682	0.32	0.2	0.22347110363749	0.278853046594982	0.252803388985796
LC_k1_0.32_k2_0.2	110	0.894840294840295	0.913793025719631	0.911006920181232	0.895345220115862	0.32	0.2	0.22347110363749	0.278853046594982	0.252803388985796
LC_k1_0.32_k2_0.2	120	0.912396694214876	0.92450864643378	0.926987985276755	0.915077435933051	0.32	0.2	0.22347110363749	0.278853046594982	0.252803388985796
LC_k1_0.32_k2_0.2	130	0.914154228516025	0.924292288574199	0.928514659492824	0.920332108863975	0.32	0.2	0.22347110363749	0.278853046594982	0.252803388985796
LC_k1_0.32_k2_0.2	140	0.915265356104175	0.92154555990466	0.929273359427959	0.912164614812709	0.32	0.2	0.22347110363749	0.278853046594982	0.252803388985796
LC_k1_0.32_k2_0.2	150	0.911615627361216	0.914627316769634	0.923079247966576	0.907010978265701	0.32	0.2	0.22347110363749	0.278853046594982	0.252803388985796
LC_k1_0.32_k2_0.2	160	0.911889136294386	0.912677253017696	0.921469588655807	0.911443806398687	0.32	0.2	0.22347110363749	0.278853046594982	0.252803388985796
LC_k1_0.32_k2_0.2	170	0.906414836255275	0.904573127912018	0.916431873278742	0.910787061632501	0.32	0.2	0.22347110363749	0.278853046594982	0.252803388985796
LC_k1_0.32_k2_0.2	180	0.897838410650534	0.895974155580934	0.909974587693036	0.904490879348128	0.32	0.2	0.22347110363749	0.278853046594982	0.252803388985796
LC_k1_0.32_k2_0.2	190	0.881961448122925	0.876065381604098	0.890641087885508	0.908474502136668	0.32	0.2	0.22347110363749	0.278853046594982	0.252803388985796
LC_k1_0.32_k2_0.2	200	0.872721818045451	0.861825545638641	0.878963474086852	0.912232805820146	0.32	0.2	0.22347110363749	0.278853046594982	0.252803388985796
LC_k1_0.32_k2_0.2	210	0.860279306625029	0.848654812386416	0.865087967657187	0.915050875789215	0.32	0.2	0.22347110363749	0.278853046594982	0.252803388985796
LC_k1_0.32_k2_0.2	220	0.85530730349425	0.842558730552284	0.860032795568654	0.913636081887492	0.32	0.2	0.22347110363749	0.278853046594982	0.252803388985796
LC_k1_0.32_k2_0.2	230	0.832713859142566	0.82211120946644	0.839956208591105	0.908641652632539	0.32	0.2	0.22347110363749	0.278853046594982	0.252803388985796
LC_k1_0.32_k2_0.2	240	0.819966492473828	0.811399503463602	0.822375388461605	0.905901144117085	0.32	0.2	0.22347110363749	0.278853046594982	0.252803388985796
LC_k1_0.32_k2_0.2	250	0.810167330677291	0.802072481159699	0.816021120337925		0.32	0.2	0.22347110363749	0.278853046594982	0.252803388985796
LC_k1_0.32_k2_0.2	260	0.816962472134886	0.802709871675389	0.819037377658067		0.32	0.2	0.22347110363749	0.278853046594982	0.252803388985796
LC_k1_0.32_k2_0.2	270	0.818663569535324	0.804102784522269	0.826269831471549		0.32	0.2	0.22347110363749	0.278853046594982	0.252803388985796
LC_k1_0.32_k2_0.2	280	0.812954611301529	0.7954983026387	0.821300927672182		0.32	0.2	0.22347110363749	0.278853046594982	0.252803388985796
LC_k1_0.32_k2_0.2	290	0.809878751274668	0.793624509045374	0.822270058563983		0.32	0.2	0.22347110363749	0.278853046594982	0.252803388985796
LC_k1_0.32_k2_0.2	300	0.819788664318492	0.805011166790742	0.830111890132113		0.32	0.2	0.22347110363749	0.278853046594982	0.252803388985796
LC_k1_0.32_k2_0.2	365	0.840147030153767	0.834352689753543	0.846783129289305		0.32	0.2	0.22347110363749	0.278853046594982	0.252803388985796
LC_k1_0.32_k2_0.28	10	0.175757575757576	0.212121212121212	0.503030303030303	0.224242424242424	0.32	0.28	0.171431100097354	0.215591397849462	0.198604535260404
LC_k1_0.32_k2_0.28	20	0.109774436090226	0.210526315789474	0.527819548872181	0.0766917293233083	0.32	0.28	0.171431100097354	0.215591397849462	0.198604535260404
LC_k1_0.32_k2_0.28	30	0.490989988876529	0.619577308120134	0.746829810901001	0.322358175750834	0.32	0.28	0.171431100097354	0.215591397849462	0.198604535260404
LC_k1_0.32_k2_0.28	40	0.717073170731708	0.809005628517824	0.812570356472796	0.549343339587242	0.32	0.28	0.171431100097354	0.215591397849462	0.198604535260404
LC_k1_0.32_k2_0.28	50	0.797743097238896	0.860072028811525	0.842112845138055	0.638703481392557	0.32	0.28	0.171431100097354	0.215591397849462	0.198604535260404
LC_k1_0.32_k2_0.28	60	0.833842734092804	0.875632120033343	0.850402889691581	0.712197832731314	0.32	0.28	0.171431100097354	0.215591397849462	0.198604535260404
LC_k1_0.32_k2_0.28	70	0.872941999825037	0.898626541859855	0.884034642638439	0.762925378357099	0.32	0.28	0.171431100097354	0.215591397849462	0.198604535260404
LC_k1_0.32_k2_0.28	80	0.859892170651664	0.899249882794187	0.888865447726207	0.807196436943272	0.32	0.28	0.171431100097354	0.215591397849462	0.198604535260404
LC_k1_0.32_k2_0.28	90	0.886570358480471	0.912071449150101	0.911330616948594	0.837428489113882	0.32	0.28	0.171431100097354	0.215591397849462	0.198604535260404
LC_k1_0.32_k2_0.28	100	0.906090609060906	0.925592559255926	0.928760876087609	0.856213621362136	0.32	0.28	0.171431100097354	0.215591397849462	0.198604535260404
LC_k1_0.32_k2_0.28	110	0.921889863174267	0.93582940738904	0.940626197506931	0.881766336812208	0.32	0.28	0.171431100097354	0.215591397849462	0.198604535260404
LC_k1_0.32_k2_0.28	120	0.92898812417529	0.940162511285506	0.949552052225849	0.898680463921106	0.32	0.28	0.171431100097354	0.215591397849462	0.198604535260404
LC_k1_0.32_k2_0.28	130	0.928716765215966	0.936500566715372	0.946420134099878	0.909904546013192	0.32	0.28	0.171431100097354	0.215591397849462	0.198604535260404
LC_k1_0.32_k2_0.28	140	0.925923334280904	0.931604382147777	0.943797424066826	0.91820865496053	0.32	0.28	0.171431100097354	0.215591397849462	0.198604535260404
LC_k1_0.32_k2_0.28	150	0.920451575625583	0.922094315302902	0.935936708298147	0.923641050713365	0.32	0.28	0.171431100097354	0.215591397849462	0.198604535260404
LC_k1_0.32_k2_0.28	160	0.9128969881636	0.91316360014063	0.924730458221024	0.92221082854799	0.32	0.28	0.171431100097354	0.215591397849462	0.198604535260404
LC_k1_0.32_k2_0.28	170	0.914436282142879	0.913525198307289	0.927015589792442	0.924042965052729	0.32	0.28	0.171431100097354	0.215591397849462	0.198604535260404
LC_k1_0.32_k2_0.28	180	0.914524110826466	0.911715382162001	0.925312509645359	0.92121361770425	0.32	0.28	0.171431100097354	0.215591397849462	0.198604535260404
LC_k1_0.32_k2_0.28	190	0.915861206244232	0.911691969889821	0.924409627909215	0.919453082969203	0.32	0.28	0.171431100097354	0.215591397849462	0.198604535260404
LC_k1_0.32_k2_0.28	200	0.912201305032626	0.904038100952524	0.919555988899723	0.916866421660542	0.32	0.28	0.171431100097354	0.215591397849462	0.198604535260404
LC_k1_0.32_k2_0.28	210	0.901469745021753	0.892169890473707	0.911111687015902	0.91800785894076	0.32	0.28	0.171431100097354	0.215591397849462	0.198604535260404
LC_k1_0.32_k2_0.28	220	0.887874092064261	0.87713720606549	0.894616906059291	0.907989834500713	0.32	0.28	0.171431100097354	0.215591397849462	0.198604535260404
LC_k1_0.32_k2_0.28	230	0.878578455909005	0.866679817239908	0.886369184261723	0.912887643967955	0.32	0.28	0.171431100097354	0.215591397849462	0.198604535260404
LC_k1_0.32_k2_0.28	240	0.869666140037153	0.857492317574958	0.873729578638518	0.911836142988593	0.32	0.28	0.171431100097354	0.215591397849462	0.198604535260404
LC_k1_0.32_k2_0.28	250	0.864579465271444	0.853333461335381	0.872691979071665		0.32	0.28	0.171431100097354	0.215591397849462	0.198604535260404
LC_k1_0.32_k2_0.28	260	0.852537645641094	0.839888846785398	0.859251900631211		0.32	0.28	0.171431100097354	0.215591397849462	0.198604535260404
LC_k1_0.32_k2_0.28	270	0.859315247427567	0.843217480501943	0.861210716196381		0.32	0.28	0.171431100097354	0.215591397849462	0.198604535260404
LC_k1_0.32_k2_0.28	280	0.854624967884066	0.835425378968026	0.861590435738065		0.32	0.28	0.171431100097354	0.215591397849462	0.198604535260404
LC_k1_0.32_k2_0.28	290	0.853943566510898	0.833293027798518	0.858429904656704		0.32	0.28	0.171431100097354	0.215591397849462	0.198604535260404
LC_k1_0.32_k2_0.28	300	0.849988110979011	0.831631907021189	0.842800031111457		0.32	0.28	0.171431100097354	0.215591397849462	0.198604535260404
LC_k1_0.32_k2_0.28	365	0.869431893056416	0.860484720758693	0.869138721148602		0.32	0.28	0.171431100097354	0.215591397849462	0.198604535260404
LC_k1_0.36_k2_0.04	10	0.248484848484848	0.43030303030303	0.684848484848485	0.163636363636364	0.36	0.04	0.312682538277724	0.379928315412186	0.342761026663344
LC_k1_0.36_k2_0.04	20	0.553383458646617	0.642105263157895	0.750375939849624	0.545864661654135	0.36	0.04	0.312682538277724	0.379928315412186	0.342761026663344
LC_k1_0.36_k2_0.04	30	0.78420467185762	0.824694104560623	0.773971078976641	0.712569521690767	0.36	0.04	0.312682538277724	0.379928315412186	0.342761026663344
LC_k1_0.36_k2_0.04	40	0.857410881801126	0.891557223264541	0.843902439024391	0.735272045028143	0.36	0.04	0.312682538277724	0.379928315412186	0.342761026663344
LC_k1_0.36_k2_0.04	50	0.842016806722689	0.860744297719088	0.851236494597839	0.714285714285714	0.36	0.04	0.312682538277724	0.379928315412186	0.342761026663344
LC_k1_0.36_k2_0.04	60	0.841122534037233	0.853459294248403	0.824729091414282	0.790775215337594	0.36	0.04	0.312682538277724	0.379928315412186	0.342761026663344
LC_k1_0.36_k2_0.04	70	0.86055463214067	0.870527512903508	0.854780859067448	0.822972618318607	0.36	0.04	0.312682538277724	0.379928315412186	0.342761026663344
LC_k1_0.36_k2_0.04	80	0.855696202531646	0.871073605250821	0.858462259728083	0.861533052039381	0.36	0.04	0.312682538277724	0.379928315412186	0.342761026663344
LC_k1_0.36_k2_0.04	90	0.872955508910565	0.891229369881055	0.889764168415854	0.883244845042598	0.36	0.04	0.312682538277724	0.379928315412186	0.342761026663344
LC_k1_0.36_k2_0.04	100	0.893237323732373	0.90987098709871	0.910675067506751	0.890765076507651	0.36	0.04	0.312682538277724	0.379928315412186	0.342761026663344
LC_k1_0.36_k2_0.04	110	0.9030723801366	0.917850460969727	0.919446385501431	0.90895115298785	0.36	0.04	0.312682538277724	0.379928315412186	0.342761026663344
LC_k1_0.36_k2_0.04	120	0.91799430516008	0.928481144523925	0.932821723730815	0.914473227307452	0.36	0.04	0.312682538277724	0.379928315412186	0.342761026663344
LC_k1_0.36_k2_0.04	130	0.927400346857119	0.934769012276557	0.94021494216772	0.9204140436166	0.36	0.04	0.312682538277724	0.379928315412186	0.342761026663344
LC_k1_0.36_k2_0.04	140	0.924353283330782	0.928298091010474	0.939445890096433	0.925883973672126	0.36	0.04	0.312682538277724	0.379928315412186	0.342761026663344
LC_k1_0.36_k2_0.04	150	0.916412284990444	0.916917196319837	0.931214720654251	0.920675585581582	0.36	0.04	0.312682538277724	0.379928315412186	0.342761026663344
LC_k1_0.36_k2_0.04	160	0.903474745107231	0.899513652877065	0.917367865932263	0.914956638931208	0.36	0.04	0.312682538277724	0.379928315412186	0.342761026663344
LC_k1_0.36_k2_0.04	170	0.88930209268385	0.886617692857274	0.904597553752114	0.917521265747034	0.36	0.04	0.312682538277724	0.379928315412186	0.342761026663344
LC_k1_0.36_k2_0.04	180	0.888737306706997	0.882765928989578	0.901472267662582	0.908161774540366	0.36	0.04	0.312682538277724	0.379928315412186	0.342761026663344
LC_k1_0.36_k2_0.04	190	0.876754714010156	0.869882384845185	0.892793064686148	0.899355719140784	0.36	0.04	0.312682538277724	0.379928315412186	0.342761026663344
LC_k1_0.36_k2_0.04	200	0.867933698342459	0.861101027525688	0.883982599564989	0.893179329483237	0.36	0.04	0.312682538277724	0.379928315412186	0.342761026663344
LC_k1_0.36_k2_0.04	210	0.869555837029022	0.86009530504417	0.88286874013988	0.891024415843573	0.36	0.04	0.312682538277724	0.379928315412186	0.342761026663344
LC_k1_0.36_k2_0.04	220	0.861475349791224	0.851521725655489	0.872198711844159	0.898417134839375	0.36	0.04	0.312682538277724	0.379928315412186	0.342761026663344
LC_k1_0.36_k2_0.04	230	0.857721317983327	0.843715957480909	0.863378694591909	0.902208063438365	0.36	0.04	0.312682538277724	0.379928315412186	0.342761026663344
LC_k1_0.36_k2_0.04	240	0.849278633309606	0.835530998802062	0.855062587892151	0.906973211340474	0.36	0.04	0.312682538277724	0.379928315412186	0.342761026663344
LC_k1_0.36_k2_0.04	250	0.833414294628714	0.817906590505448	0.838934766956271		0.36	0.04	0.312682538277724	0.379928315412186	0.342761026663344
LC_k1_0.36_k2_0.04	260	0.832876225979674	0.814502490364559	0.843289670875878		0.36	0.04	0.312682538277724	0.379928315412186	0.342761026663344
LC_k1_0.36_k2_0.04	270	0.827427597696051	0.809651405064236	0.837065894822517		0.36	0.04	0.312682538277724	0.379928315412186	0.342761026663344
LC_k1_0.36_k2_0.04	280	0.826174896545692	0.802195909933254	0.835385473211211		0.36	0.04	0.312682538277724	0.379928315412186	0.342761026663344
LC_k1_0.36_k2_0.04	290	0.818414996119106	0.795150789033122	0.827627291480361		0.36	0.04	0.312682538277724	0.379928315412186	0.342761026663344
LC_k1_0.36_k2_0.04	300	0.800126223624707	0.780858009533439	0.815234835942622		0.36	0.04	0.312682538277724	0.379928315412186	0.342761026663344
LC_k1_0.36_k2_0.04	365	0.830284806143778	0.817369201649462	0.848928614614669		0.36	0.04	0.312682538277724	0.379928315412186	0.342761026663344
LC_k1_0.36_k2_0.12	10	0.454545454545455	0.406060606060606	0.684848484848485	0.406060606060606	0.36	0.12	0.215328790158421	0.266845878136201	0.242960378769001
LC_k1_0.36_k2_0.12	20	0.291729323308271	0.38796992481203	0.798496240601504	0.347368421052632	0.36	0.12	0.215328790158421	0.266845878136201	0.242960378769001
LC_k1_0.36_k2_0.12	30	0.580867630700779	0.700111234705228	0.855839822024472	0.487875417130145	0.36	0.12	0.215328790158421	0.266845878136201	0.242960378769001
LC_k1_0.36_k2_0.12	40	0.760412757973734	0.827016885553471	0.86360225140713	0.574859287054409	0.36	0.12	0.215328790158421	0.266845878136201	0.242960378769001
LC_k1_0.36_k2_0.12	50	0.844609843937575	0.890804321728691	0.902136854741897	0.629195678271309	0.36	0.12	0.215328790158421	0.266845878136201	0.242960378769001
LC_k1_0.36_k2_0.12	60	0.859849958321756	0.898527368713532	0.883078632953598	0.716032231175327	0.36	0.12	0.215328790158421	0.266845878136201	0.242960378769001
LC_k1_0.36_k2_0.12	70	0.881760125973231	0.903420523138833	0.883474761613157	0.764115125535824	0.36	0.12	0.215328790158421	0.266845878136201	0.242960378769001
LC_k1_0.36_k2_0.12	80	0.86812001875293	0.903187998124707	0.887060478199719	0.813572433192686	0.36	0.12	0.215328790158421	0.266845878136201	0.242960378769001
LC_k1_0.36_k2_0.12	90	0.894982919702021	0.91679631230193	0.911281228135161	0.83871259826316	0.36	0.12	0.215328790158421	0.266845878136201	0.242960378769001
LC_k1_0.36_k2_0.12	100	0.911779177917792	0.928820882088209	0.927308730873087	0.867566756675668	0.36	0.12	0.215328790158421	0.266845878136201	0.242960378769001
LC_k1_0.36_k2_0.12	110	0.925514505331019	0.938083538083538	0.939877826116358	0.891594346640218	0.36	0.12	0.215328790158421	0.266845878136201	0.242960378769001
LC_k1_0.36_k2_0.12	120	0.9311618862421	0.940127786651851	0.945586499062435	0.889367317174804	0.36	0.12	0.215328790158421	0.266845878136201	0.242960378769001
LC_k1_0.36_k2_0.12	130	0.936516953665897	0.943262914965383	0.950068961750126	0.904546013191495	0.36	0.12	0.215328790158421	0.266845878136201	0.242960378769001
LC_k1_0.36_k2_0.12	140	0.930253001246419	0.933821696442238	0.942983971485426	0.916791673044543	0.36	0.12	0.215328790158421	0.266845878136201	0.242960378769001
LC_k1_0.36_k2_0.12	150	0.920675585581582	0.921994755322459	0.932210320458687	0.911373838837282	0.36	0.12	0.215328790158421	0.266845878136201	0.242960378769001
LC_k1_0.36_k2_0.12	160	0.915935192780968	0.914681237548342	0.92963787647955	0.920048634712293	0.36	0.12	0.215328790158421	0.266845878136201	0.242960378769001
LC_k1_0.36_k2_0.12	170	0.915848095700442	0.913632672003713	0.926825068239691	0.922015620324742	0.36	0.12	0.215328790158421	0.266845878136201	0.242960378769001
LC_k1_0.36_k2_0.12	180	0.913242178256531	0.907538298507156	0.923993538895233	0.913030237558772	0.36	0.12	0.215328790158421	0.266845878136201	0.242960378769001
LC_k1_0.36_k2_0.12	190	0.911796944367901	0.905169555651782	0.922101938966089	0.913481784741085	0.36	0.12	0.215328790158421	0.266845878136201	0.242960378769001
LC_k1_0.36_k2_0.12	200	0.903384084602115	0.895879396984925	0.915244881122028	0.915085877146929	0.36	0.12	0.215328790158421	0.266845878136201	0.242960378769001
LC_k1_0.36_k2_0.12	210	0.896808803568594	0.885751863501926	0.904907464697936	0.914086811168378	0.36	0.12	0.215328790158421	0.266845878136201	0.242960378769001
LC_k1_0.36_k2_0.12	220	0.888946991767298	0.879861154156078	0.895411437877191	0.902458540653545	0.36	0.12	0.215328790158421	0.266845878136201	0.242960378769001
LC_k1_0.36_k2_0.12	230	0.877153262533935	0.864358083534085	0.881717826506131	0.900157560305652	0.36	0.12	0.215328790158421	0.266845878136201	0.242960378769001
LC_k1_0.36_k2_0.12	240	0.872290317540235	0.86042466015035	0.876815569714752	0.897566798034688	0.36	0.12	0.215328790158421	0.266845878136201	0.242960378769001
LC_k1_0.36_k2_0.12	250	0.858147362357798	0.847137906206499	0.862568809100946		0.36	0.12	0.215328790158421	0.266845878136201	0.242960378769001
LC_k1_0.36_k2_0.12	260	0.860942412666551	0.845074403695093	0.86296542848267		0.36	0.12	0.215328790158421	0.266845878136201	0.242960378769001
LC_k1_0.36_k2_0.12	270	0.852423520517733	0.836528164538151	0.853380704810765		0.36	0.12	0.215328790158421	0.266845878136201	0.242960378769001
LC_k1_0.36_k2_0.12	280	0.840541515653443	0.821180663747533	0.845221422284905		0.36	0.12	0.215328790158421	0.266845878136201	0.242960378769001
LC_k1_0.36_k2_0.12	290	0.842932898049958	0.822080134619666	0.849677658227926		0.36	0.12	0.215328790158421	0.266845878136201	0.242960378769001
LC_k1_0.36_k2_0.12	300	0.836358626206958	0.814716607962311	0.846039178213091		0.36	0.12	0.215328790158421	0.266845878136201	0.242960378769001
LC_k1_0.36_k2_0.12	365	0.845474220367551	0.833883318567801	0.847629576800922		0.36	0.12	0.215328790158421	0.266845878136201	0.242960378769001
LC_k1_0.36_k2_0.2	10	0.163636363636364	0.248484848484848	0.466666666666667	0.187878787878788	0.36	0.2	0.157536065138508	0.200537634408602	0.181784201345627
LC_k1_0.36_k2_0.2	20	0.136842105263158	0.300751879699248	0.703759398496241	0.0796992481203007	0.36	0.2	0.157536065138508	0.200537634408602	0.181784201345627
LC_k1_0.36_k2_0.2	30	0.605784204671858	0.718798665183537	0.815350389321468	0.459399332591769	0.36	0.2	0.157536065138508	0.200537634408602	0.181784201345627
LC_k1_0.36_k2_0.2	40	0.766228893058162	0.840525328330207	0.85797373358349	0.56266416510319	0.36	0.2	0.157536065138508	0.200537634408602	0.181784201345627
LC_k1_0.36_k2_0.2	50	0.803889555822329	0.869291716686675	0.837887154861945	0.616326530612245	0.36	0.2	0.157536065138508	0.200537634408602	0.181784201345627
LC_k1_0.36_k2_0.2	60	0.838010558488469	0.877354820783551	0.847179772158933	0.713198110586274	0.36	0.2	0.157536065138508	0.200537634408602	0.181784201345627
LC_k1_0.36_k2_0.2	70	0.844108127023008	0.883404776484997	0.863808940600123	0.777482285014435	0.36	0.2	0.157536065138508	0.200537634408602	0.181784201345627
LC_k1_0.36_k2_0.2	80	0.85239099859353	0.889498359118612	0.877121425222691	0.814955461790905	0.36	0.2	0.157536065138508	0.200537634408602	0.181784201345627
LC_k1_0.36_k2_0.2	90	0.857035848047084	0.896892620488126	0.893171996542783	0.843947812487138	0.36	0.2	0.157536065138508	0.200537634408602	0.181784201345627
LC_k1_0.36_k2_0.2	100	0.883300330033003	0.912559255925593	0.914419441944194	0.882484248424843	0.36	0.2	0.157536065138508	0.200537634408602	0.181784201345627
LC_k1_0.36_k2_0.2	110	0.904659288145526	0.92622681063048	0.931988368685616	0.893370601627482	0.36	0.2	0.157536065138508	0.200537634408602	0.181784201345627
LC_k1_0.36_k2_0.2	120	0.920251406347663	0.9355719147163	0.942259879158275	0.912174456559483	0.36	0.2	0.157536065138508	0.200537634408602	0.181784201345627
LC_k1_0.36_k2_0.2	130	0.920261098745033	0.932136175558863	0.941061601278182	0.914323560338117	0.36	0.2	0.157536065138508	0.200537634408602	0.181784201345627
LC_k1_0.36_k2_0.2	140	0.916275611729462	0.924541339572719	0.934757604250946	0.921602414117338	0.36	0.2	0.157536065138508	0.200537634408602	0.181784201345627
LC_k1_0.36_k2_0.2	150	0.913002355660252	0.918670163118361	0.929561313836171	0.922624116627406	0.36	0.2	0.157536065138508	0.200537634408602	0.181784201345627
LC_k1_0.36_k2_0.2	160	0.917921598499941	0.919790812141099	0.929570491034806	0.924721668815188	0.36	0.2	0.157536065138508	0.200537634408602	0.181784201345627
LC_k1_0.36_k2_0.2	170	0.912699604912037	0.912814406360489	0.92475375699953	0.927946214300108	0.36	0.2	0.157536065138508	0.200537634408602	0.181784201345627
LC_k1_0.36_k2_0.2	180	0.896422729096577	0.895406236818009	0.912075475580522	0.933216045762729	0.36	0.2	0.157536065138508	0.200537634408602	0.181784201345627
LC_k1_0.36_k2_0.2	190	0.883494075502894	0.880640519273752	0.897354205758725	0.934299973318987	0.36	0.2	0.157536065138508	0.200537634408602	0.181784201345627
LC_k1_0.36_k2_0.2	200	0.886046651166279	0.877323933098328	0.896818420460512	0.924900622515563	0.36	0.2	0.157536065138508	0.200537634408602	0.181784201345627
LC_k1_0.36_k2_0.2	210	0.877886443813109	0.869434033165637	0.88641271425008	0.923275228139284	0.36	0.2	0.157536065138508	0.200537634408602	0.181784201345627
LC_k1_0.36_k2_0.2	220	0.859458027870599	0.853353093320861	0.870320010368359	0.908342584087951	0.36	0.2	0.157536065138508	0.200537634408602	0.181784201345627
LC_k1_0.36_k2_0.2	230	0.846638343619547	0.840363547597267	0.85594401800971	0.897599116281478	0.36	0.2	0.157536065138508	0.200537634408602	0.181784201345627
LC_k1_0.36_k2_0.2	240	0.850849841143075	0.839577075990903	0.859191131790482	0.893931318252053	0.36	0.2	0.157536065138508	0.200537634408602	0.181784201345627
LC_k1_0.36_k2_0.2	250	0.843992895886334	0.834715307444919	0.853912542600682		0.36	0.2	0.157536065138508	0.200537634408602	0.181784201345627
LC_k1_0.36_k2_0.2	260	0.844317906386872	0.834459544804372	0.852952763297591		0.36	0.2	0.157536065138508	0.200537634408602	0.181784201345627
LC_k1_0.36_k2_0.2	270	0.836672656689392	0.828495132534968	0.840485542401892		0.36	0.2	0.157536065138508	0.200537634408602	0.181784201345627
LC_k1_0.36_k2_0.2	280	0.836445435710732	0.829389769913246	0.843887586029705		0.36	0.2	0.157536065138508	0.200537634408602	0.181784201345627
LC_k1_0.36_k2_0.2	290	0.838190703813363	0.824624426630191	0.844360771848942		0.36	0.2	0.157536065138508	0.200537634408602	0.181784201345627
LC_k1_0.36_k2_0.2	300	0.833374148601651	0.819766441849354	0.844539161546239		0.36	0.2	0.157536065138508	0.200537634408602	0.181784201345627
LC_k1_0.36_k2_0.2	365	0.859381130883489	0.849844406660037	0.857142610365157		0.36	0.2	0.157536065138508	0.200537634408602	0.181784201345627
