domainDef	Ntopdommks	LFF_Xenium_loose	LFF_Xenium_strict	Xenium_All_NMFpred_LCcells	LFF_Visium	k1	k2	looseInDom	strictInDom	nmfpredInDom
LC_k1_0.08_k2_0.279	10	0.2	0.284848484848485	0.163636363636364	0.587878787878788	0.08	0.279	0.771395698734401	0.882258064516129	0.817468228258161
LC_k1_0.08_k2_0.279	20	0.727819548872181	0.768421052631579	0.506766917293233	0.717293233082707	0.08	0.279	0.771395698734401	0.882258064516129	0.817468228258161
LC_k1_0.08_k2_0.279	30	0.863403781979978	0.87007786429366	0.589321468298109	0.797107897664071	0.08	0.279	0.771395698734401	0.882258064516129	0.817468228258161
LC_k1_0.08_k2_0.279	40	0.877673545966229	0.851219512195122	0.729080675422139	0.790056285178237	0.08	0.279	0.771395698734401	0.882258064516129	0.817468228258161
LC_k1_0.08_k2_0.279	50	0.891476590636255	0.858631452581033	0.814261704681873	0.797935174069628	0.08	0.279	0.771395698734401	0.882258064516129	0.817468228258161
LC_k1_0.08_k2_0.279	60	0.890636287857739	0.870575159766602	0.83123089747152	0.822895248680189	0.08	0.279	0.771395698734401	0.882258064516129	0.817468228258161
LC_k1_0.08_k2_0.279	70	0.880360423410025	0.875391479310646	0.85002187035255	0.863738955471962	0.08	0.279	0.771395698734401	0.882258064516129	0.817468228258161
LC_k1_0.08_k2_0.279	80	0.880661040787623	0.883052039381153	0.862400375058603	0.875574308485701	0.08	0.279	0.771395698734401	0.882258064516129	0.817468228258161
LC_k1_0.08_k2_0.279	90	0.875243857266329	0.885022842326213	0.877993167880808	0.888480059266576	0.08	0.279	0.771395698734401	0.882258064516129	0.817468228258161
LC_k1_0.08_k2_0.279	100	0.892565256525653	0.89945394539454	0.895781578157816	0.894365436543654	0.08	0.279	0.771395698734401	0.882258064516129	0.817468228258161
LC_k1_0.08_k2_0.279	110	0.897130491625904	0.904073214164957	0.906381443996123	0.91115118454568	0.08	0.279	0.771395698734401	0.882258064516129	0.817468228258161
LC_k1_0.08_k2_0.279	120	0.89701368150566	0.902541843183554	0.90747274116258	0.920056948399194	0.08	0.279	0.771395698734401	0.882258064516129	0.817468228258161
LC_k1_0.08_k2_0.279	130	0.896412623414221	0.899984978628685	0.90698766881973	0.913334880989772	0.08	0.279	0.771395698734401	0.882258064516129	0.817468228258161
LC_k1_0.08_k2_0.279	140	0.904016968795784	0.906015613041482	0.915221622094422	0.918361723994665	0.08	0.279	0.771395698734401	0.882258064516129	0.817468228258161
LC_k1_0.08_k2_0.279	150	0.902210764922886	0.90190497355438	0.917294101960087	0.916344726432286	0.08	0.279	0.771395698734401	0.882258064516129	0.817468228258161
LC_k1_0.08_k2_0.279	160	0.894828899566389	0.894034923239189	0.91195652173913	0.912020977381929	0.08	0.279	0.771395698734401	0.882258064516129	0.817468228258161
LC_k1_0.08_k2_0.279	170	0.884482874432863	0.882887867074578	0.906212101782476	0.905103168642107	0.08	0.279	0.771395698734401	0.882258064516129	0.817468228258161
LC_k1_0.08_k2_0.279	180	0.882356451330803	0.878757574822268	0.904733685196045	0.888033581283373	0.08	0.279	0.771395698734401	0.882258064516129	0.817468228258161
LC_k1_0.08_k2_0.279	190	0.873063111531009	0.866764642846208	0.894908300419461	0.883067179292035	0.08	0.279	0.771395698734401	0.882258064516129	0.817468228258161
LC_k1_0.08_k2_0.279	200	0.870774769369234	0.863205580139504	0.894001350033751	0.88305557638941	0.08	0.279	0.771395698734401	0.882258064516129	0.817468228258161
LC_k1_0.08_k2_0.279	210	0.868875549494158	0.854125619952509	0.890887062550819	0.886207980096731	0.08	0.279	0.771395698734401	0.882258064516129	0.817468228258161
LC_k1_0.08_k2_0.279	220	0.860303274485386	0.84914714616568	0.880521573511098	0.889724618652902	0.08	0.279	0.771395698734401	0.882258064516129	0.817468228258161
LC_k1_0.08_k2_0.279	230	0.856822805066587	0.846475605275681	0.872949681797223	0.897614896969368	0.08	0.279	0.771395698734401	0.882258064516129	0.817468228258161
LC_k1_0.08_k2_0.279	240	0.851469643570201	0.841134394694352	0.866116599246515	0.907921144464313	0.08	0.279	0.771395698734401	0.882258064516129	0.817468228258161
LC_k1_0.08_k2_0.279	250	0.835646138338213	0.822831085297365	0.849789852637642		0.08	0.279	0.771395698734401	0.882258064516129	0.817468228258161
LC_k1_0.08_k2_0.279	260	0.827250289319255	0.807870849250159	0.841875676358435		0.08	0.279	0.771395698734401	0.882258064516129	0.817468228258161
LC_k1_0.08_k2_0.279	270	0.806618898902744	0.784386617100372	0.824361559600726		0.08	0.279	0.771395698734401	0.882258064516129	0.817468228258161
LC_k1_0.08_k2_0.279	280	0.801623016328561	0.78055387003843	0.813406147673167		0.08	0.279	0.771395698734401	0.882258064516129	0.817468228258161
LC_k1_0.08_k2_0.279	290	0.805924790610082	0.78518913054442	0.814904847365851		0.08	0.279	0.771395698734401	0.882258064516129	0.817468228258161
LC_k1_0.08_k2_0.279	300	0.798976433071479	0.779624218046867	0.811779686440961		0.08	0.279	0.771395698734401	0.882258064516129	0.817468228258161
LC_k1_0.08_k2_0.279	365	0.807771523334066	0.787135725267322	0.839371901397502		0.08	0.279	0.771395698734401	0.882258064516129	0.817468228258161
LC_k1_0.08_k2_0.292	10	0.515151515151515	0.503030303030303	-0.0424242424242424	0.83030303030303	0.08	0.292	0.76458093636605	0.876344086021505	0.810241714428109
LC_k1_0.08_k2_0.292	20	0.804511278195489	0.819548872180451	0.470676691729323	0.769924812030075	0.08	0.292	0.76458093636605	0.876344086021505	0.810241714428109
LC_k1_0.08_k2_0.292	30	0.872747497219132	0.868298109010011	0.562180200222469	0.802002224694105	0.08	0.292	0.76458093636605	0.876344086021505	0.810241714428109
LC_k1_0.08_k2_0.292	40	0.866041275797374	0.844090056285179	0.705816135084428	0.823452157598499	0.08	0.292	0.76458093636605	0.876344086021505	0.810241714428109
LC_k1_0.08_k2_0.292	50	0.877839135654262	0.847010804321729	0.787563025210084	0.799951980792317	0.08	0.292	0.76458093636605	0.876344086021505	0.810241714428109
LC_k1_0.08_k2_0.292	60	0.868407891080856	0.851736593498194	0.809113642678522	0.830953042511809	0.08	0.292	0.76458093636605	0.876344086021505	0.810241714428109
LC_k1_0.08_k2_0.292	70	0.880045490333304	0.874796605721284	0.837249584463302	0.869057825212142	0.08	0.292	0.76458093636605	0.876344086021505	0.810241714428109
LC_k1_0.08_k2_0.292	80	0.858321612751993	0.864908579465542	0.845124238162213	0.876629160806376	0.08	0.292	0.76458093636605	0.876344086021505	0.810241714428109
LC_k1_0.08_k2_0.292	90	0.869119644400543	0.873597563485204	0.868131868131868	0.894209161624892	0.08	0.292	0.76458093636605	0.876344086021505	0.810241714428109
LC_k1_0.08_k2_0.292	100	0.873831383138314	0.884716471647165	0.881680168016802	0.900894089408941	0.08	0.292	0.76458093636605	0.876344086021505	0.810241714428109
LC_k1_0.08_k2_0.292	110	0.879990081824944	0.89181074318689	0.894623898293623	0.917868494015283	0.08	0.292	0.76458093636605	0.876344086021505	0.810241714428109
LC_k1_0.08_k2_0.292	120	0.886999097159525	0.896430307660254	0.900451420237516	0.922119591638308	0.08	0.292	0.76458093636605	0.876344086021505	0.810241714428109
LC_k1_0.08_k2_0.292	130	0.896964317415232	0.904447691488345	0.911149954253096	0.924920455010993	0.08	0.292	0.76458093636605	0.876344086021505	0.810241714428109
LC_k1_0.08_k2_0.292	140	0.893144693971267	0.896109859832499	0.905552032538104	0.916179396908006	0.08	0.292	0.76458093636605	0.876344086021505	0.810241714428109
LC_k1_0.08_k2_0.292	150	0.894032623672163	0.894075292235211	0.908721276501178	0.913308147028757	0.08	0.292	0.76458093636605	0.876344086021505	0.810241714428109
LC_k1_0.08_k2_0.292	160	0.884513066916676	0.883780616430329	0.903304816594398	0.911549279268721	0.08	0.292	0.76458093636605	0.876344086021505	0.810241714428109
LC_k1_0.08_k2_0.292	170	0.882919620666704	0.880064239959453	0.903410457923437	0.905420704563358	0.08	0.292	0.76458093636605	0.876344086021505	0.810241714428109
LC_k1_0.08_k2_0.292	180	0.876090825848534	0.871679167052481	0.896445363540027	0.888309309958126	0.08	0.292	0.76458093636605	0.876344086021505	0.810241714428109
LC_k1_0.08_k2_0.292	190	0.861157256142101	0.858044762867028	0.885584817191321	0.882775000328046	0.08	0.292	0.76458093636605	0.876344086021505	0.810241714428109
LC_k1_0.08_k2_0.292	200	0.851884797119928	0.845517137928449	0.880577514437861	0.886729168229206	0.08	0.292	0.76458093636605	0.876344086021505	0.810241714428109
LC_k1_0.08_k2_0.292	210	0.855315151299187	0.840944886991283	0.877140071203429	0.887524498449916	0.08	0.292	0.76458093636605	0.876344086021505	0.810241714428109
LC_k1_0.08_k2_0.292	220	0.850487143798989	0.839906910172825	0.872732907704705	0.890103289136327	0.08	0.292	0.76458093636605	0.876344086021505	0.810241714428109
LC_k1_0.08_k2_0.292	230	0.84094151529124	0.829855582048481	0.861965336732757	0.897138517453687	0.08	0.292	0.76458093636605	0.876344086021505	0.810241714428109
LC_k1_0.08_k2_0.292	240	0.841751592909599	0.83039983333044	0.859798781228841	0.907535721106269	0.08	0.292	0.76458093636605	0.876344086021505	0.810241714428109
LC_k1_0.08_k2_0.292	250	0.829377622041953	0.817685402966447	0.845253204051265		0.08	0.292	0.76458093636605	0.876344086021505	0.810241714428109
LC_k1_0.08_k2_0.292	260	0.819281805488702	0.80058990403818	0.835131379958966		0.08	0.292	0.76458093636605	0.876344086021505	0.810241714428109
LC_k1_0.08_k2_0.292	270	0.811648079306072	0.788269615038158	0.830393649661404		0.08	0.292	0.76458093636605	0.876344086021505	0.810241714428109
LC_k1_0.08_k2_0.292	280	0.797645013693688	0.778025594349782	0.810225166866195		0.08	0.292	0.76458093636605	0.876344086021505	0.810241714428109
LC_k1_0.08_k2_0.292	290	0.803236333533016	0.781350797151633	0.812951976549805		0.08	0.292	0.76458093636605	0.876344086021505	0.810241714428109
LC_k1_0.08_k2_0.292	300	0.797819086878743	0.776003288925433	0.807821864687385		0.08	0.292	0.76458093636605	0.876344086021505	0.810241714428109
LC_k1_0.08_k2_0.292	365	0.804628562544574	0.785125474121657	0.8364875636378		0.08	0.292	0.76458093636605	0.876344086021505	0.810241714428109
LC_k1_0.08_k2_0.306	10	0.551515151515151	0.575757575757576	0.0424242424242424	0.806060606060606	0.08	0.306	0.757500663775555	0.869713261648746	0.802392225267879
LC_k1_0.08_k2_0.306	20	0.809022556390977	0.830075187969925	0.488721804511278	0.766917293233083	0.08	0.306	0.757500663775555	0.869713261648746	0.802392225267879
LC_k1_0.08_k2_0.306	30	0.879421579532814	0.880311457174638	0.586206896551724	0.803781979977753	0.08	0.306	0.757500663775555	0.869713261648746	0.802392225267879
LC_k1_0.08_k2_0.306	40	0.877298311444653	0.858536585365854	0.726641651031895	0.823264540337711	0.08	0.306	0.757500663775555	0.869713261648746	0.802392225267879
LC_k1_0.08_k2_0.306	50	0.890036014405762	0.861224489795918	0.815606242496999	0.800720288115246	0.08	0.306	0.757500663775555	0.869713261648746	0.802392225267879
LC_k1_0.08_k2_0.306	60	0.880466796332315	0.865129202556266	0.825006946373993	0.828507918866352	0.08	0.306	0.757500663775555	0.869713261648746	0.802392225267879
LC_k1_0.08_k2_0.306	70	0.872277141107515	0.873186947773598	0.848132271892223	0.867623130084857	0.08	0.306	0.757500663775555	0.869713261648746	0.802392225267879
LC_k1_0.08_k2_0.306	80	0.867604313173933	0.874425691514299	0.855719643694327	0.874402250351617	0.08	0.306	0.757500663775555	0.869713261648746	0.802392225267879
LC_k1_0.08_k2_0.306	90	0.861299748940198	0.876198707659382	0.871226900440384	0.892068979709429	0.08	0.306	0.757500663775555	0.869713261648746	0.802392225267879
LC_k1_0.08_k2_0.306	100	0.87995199519952	0.890441044104411	0.887896789678968	0.89953795379538	0.08	0.306	0.757500663775555	0.869713261648746	0.802392225267879
LC_k1_0.08_k2_0.306	110	0.87839415729324	0.892667312850799	0.894407501746951	0.916822577373036	0.08	0.306	0.757500663775555	0.869713261648746	0.802392225267879
LC_k1_0.08_k2_0.306	120	0.892513368983957	0.90163205778179	0.905674005139246	0.923279394402389	0.08	0.306	0.757500663775555	0.869713261648746	0.802392225267879
LC_k1_0.08_k2_0.306	130	0.901137527482281	0.908391484248044	0.915137445547529	0.922680905105901	0.08	0.306	0.757500663775555	0.869713261648746	0.802392225267879
LC_k1_0.08_k2_0.306	140	0.901598478056461	0.904786687367431	0.913861494391113	0.918715969473661	0.08	0.306	0.757500663775555	0.869713261648746	0.802392225267879
LC_k1_0.08_k2_0.306	150	0.894615760700476	0.894800657807014	0.909848437708343	0.914261078270146	0.08	0.306	0.757500663775555	0.869713261648746	0.802392225267879
LC_k1_0.08_k2_0.306	160	0.894336692839564	0.891128559709364	0.912319817180359	0.912562990741826	0.08	0.306	0.757500663775555	0.869713261648746	0.802392225267879
LC_k1_0.08_k2_0.306	170	0.885586922405213	0.881720311917978	0.90391118764541	0.904741666208682	0.08	0.306	0.757500663775555	0.869713261648746	0.802392225267879
LC_k1_0.08_k2_0.306	180	0.874148379065198	0.870543329526632	0.894735434221221	0.889315513853308	0.08	0.306	0.757500663775555	0.869713261648746	0.802392225267879
LC_k1_0.08_k2_0.306	190	0.86315527037489	0.858646616541354	0.88739912608747	0.881597536598915	0.08	0.306	0.757500663775555	0.869713261648746	0.802392225267879
LC_k1_0.08_k2_0.306	200	0.858829970749269	0.850257256431411	0.886532663316583	0.886412660316508	0.08	0.306	0.757500663775555	0.869713261648746	0.802392225267879
LC_k1_0.08_k2_0.306	210	0.852594001159728	0.841752161532656	0.874917798589537	0.887120213286339	0.08	0.306	0.757500663775555	0.869713261648746	0.802392225267879
LC_k1_0.08_k2_0.306	220	0.855761482675262	0.842994877805514	0.876637947065022	0.888298969362628	0.08	0.306	0.757500663775555	0.869713261648746	0.802392225267879
LC_k1_0.08_k2_0.306	230	0.842563967264936	0.831007572264455	0.863215956248043	0.896542796485838	0.08	0.306	0.757500663775555	0.869713261648746	0.802392225267879
LC_k1_0.08_k2_0.306	240	0.837759336099585	0.827179291307141	0.853942776784319	0.906805673709613	0.08	0.306	0.757500663775555	0.869713261648746	0.802392225267879
LC_k1_0.08_k2_0.306	250	0.828075841213459	0.816511112177795	0.845528152450439		0.08	0.306	0.757500663775555	0.869713261648746	0.802392225267879
LC_k1_0.08_k2_0.306	260	0.822881312536485	0.803388534423017	0.839135763273694		0.08	0.306	0.757500663775555	0.869713261648746	0.802392225267879
LC_k1_0.08_k2_0.306	270	0.808059552714486	0.784600611805375	0.827265425070607		0.08	0.306	0.757500663775555	0.869713261648746	0.802392225267879
LC_k1_0.08_k2_0.306	280	0.797143185135379	0.777311663960728	0.810101076362126		0.08	0.306	0.757500663775555	0.869713261648746	0.802392225267879
LC_k1_0.08_k2_0.306	290	0.802382167814534	0.780864178548189	0.812704484985061		0.08	0.306	0.757500663775555	0.869713261648746	0.802392225267879
LC_k1_0.08_k2_0.306	300	0.794101712241247	0.768416982410916	0.802351137234858		0.08	0.306	0.757500663775555	0.869713261648746	0.802392225267879
LC_k1_0.08_k2_0.306	365	0.803151351231298	0.784248919730617	0.83474605340763		0.08	0.306	0.757500663775555	0.869713261648746	0.802392225267879
LC_k1_0.08_k2_0.319	10	0.551515151515151	0.575757575757576	0.0424242424242424	0.806060606060606	0.08	0.319	0.749977874148155	0.863978494623656	0.794418141041615
LC_k1_0.08_k2_0.319	20	0.809022556390977	0.830075187969925	0.488721804511278	0.766917293233083	0.08	0.319	0.749977874148155	0.863978494623656	0.794418141041615
LC_k1_0.08_k2_0.319	30	0.880756395995551	0.853615127919911	0.544382647385984	0.789988876529477	0.08	0.319	0.749977874148155	0.863978494623656	0.794418141041615
LC_k1_0.08_k2_0.319	40	0.883114446529081	0.857598499061914	0.727767354596623	0.826078799249531	0.08	0.319	0.749977874148155	0.863978494623656	0.794418141041615
LC_k1_0.08_k2_0.319	50	0.894933973589436	0.861896758703481	0.808883553421369	0.80561824729892	0.08	0.319	0.749977874148155	0.863978494623656	0.794418141041615
LC_k1_0.08_k2_0.319	60	0.880300083356488	0.85818282856349	0.815448735759934	0.831286468463462	0.08	0.319	0.749977874148155	0.863978494623656	0.794418141041615
LC_k1_0.08_k2_0.319	70	0.884909456740443	0.881410200332429	0.855795643425772	0.870702475723909	0.08	0.319	0.749977874148155	0.863978494623656	0.794418141041615
LC_k1_0.08_k2_0.319	80	0.87991092358181	0.882606657290202	0.863666197843413	0.880215658696671	0.08	0.319	0.749977874148155	0.863978494623656	0.794418141041615
LC_k1_0.08_k2_0.319	90	0.873910359303618	0.884644194756554	0.879046795900728	0.892645182532823	0.08	0.319	0.749977874148155	0.863978494623656	0.794418141041615
LC_k1_0.08_k2_0.319	100	0.891521152115212	0.898865886588659	0.896009600960096	0.90017401740174	0.08	0.319	0.749977874148155	0.863978494623656	0.794418141041615
LC_k1_0.08_k2_0.319	110	0.888528728895701	0.900241191984311	0.901485472127674	0.915938958140793	0.08	0.319	0.749977874148155	0.863978494623656	0.794418141041615
LC_k1_0.08_k2_0.319	120	0.899777762344607	0.906153205083686	0.911334120425029	0.924453087019932	0.08	0.319	0.749977874148155	0.863978494623656	0.794418141041615
LC_k1_0.08_k2_0.319	130	0.898712258804572	0.904535088557812	0.911051632549946	0.920370345081867	0.08	0.319	0.749977874148155	0.863978494623656	0.794418141041615
LC_k1_0.08_k2_0.319	140	0.900330191773633	0.903492160678752	0.912195228619536	0.92186919157683	0.08	0.319	0.749977874148155	0.863978494623656	0.794418141041615
LC_k1_0.08_k2_0.319	150	0.901314725098893	0.901439175074448	0.916849637761678	0.916437174985555	0.08	0.319	0.749977874148155	0.863978494623656	0.794418141041615
LC_k1_0.08_k2_0.319	160	0.892886440876597	0.890527950310559	0.911473104418141	0.914156803000117	0.08	0.319	0.749977874148155	0.863978494623656	0.794418141041615
LC_k1_0.08_k2_0.319	170	0.886024144942935	0.882868326402501	0.906295149638803	0.907049908097777	0.08	0.319	0.749977874148155	0.863978494623656	0.794418141041615
LC_k1_0.08_k2_0.319	180	0.877317201148184	0.875051699126516	0.899597724209595	0.892819737234688	0.08	0.319	0.749977874148155	0.863978494623656	0.794418141041615
LC_k1_0.08_k2_0.319	190	0.87752452684941	0.870506982989761	0.898187003284827	0.884230646424088	0.08	0.319	0.749977874148155	0.863978494623656	0.794418141041615
LC_k1_0.08_k2_0.319	200	0.872496812420311	0.86246306157654	0.895747393684842	0.888950723768094	0.08	0.319	0.749977874148155	0.863978494623656	0.794418141041615
LC_k1_0.08_k2_0.319	210	0.866751756599599	0.855677971317782	0.887749965175757	0.889383951045213	0.08	0.319	0.749977874148155	0.863978494623656	0.794418141041615
LC_k1_0.08_k2_0.319	220	0.866653894051155	0.852930470013468	0.888070189278892	0.89129903134738	0.08	0.319	0.749977874148155	0.863978494623656	0.794418141041615
LC_k1_0.08_k2_0.319	230	0.851787779336669	0.837089054860082	0.872776094230433	0.898323055338434	0.08	0.319	0.749977874148155	0.863978494623656	0.794418141041615
LC_k1_0.08_k2_0.319	240	0.844106668518551	0.83212034931162	0.860165975103734	0.908387298390597	0.08	0.319	0.749977874148155	0.863978494623656	0.794418141041615
LC_k1_0.08_k2_0.319	250	0.841195027120434	0.823481591705467	0.857861661786589		0.08	0.319	0.749977874148155	0.863978494623656	0.794418141041615
LC_k1_0.08_k2_0.319	260	0.826250046939702	0.806724496379669	0.844674306743272		0.08	0.319	0.749977874148155	0.863978494623656	0.794418141041615
LC_k1_0.08_k2_0.319	270	0.813043617425022	0.788595789303618	0.831406923734665		0.08	0.319	0.749977874148155	0.863978494623656	0.794418141041615
LC_k1_0.08_k2_0.319	280	0.80891811666694	0.786858432961062	0.818316742378274		0.08	0.319	0.749977874148155	0.863978494623656	0.794418141041615
LC_k1_0.08_k2_0.319	290	0.79577419223895	0.776662726318858	0.807103696751489		0.08	0.319	0.749977874148155	0.863978494623656	0.794418141041615
LC_k1_0.08_k2_0.319	300	0.796221735797064	0.774610829009211	0.806841409348993		0.08	0.319	0.749977874148155	0.863978494623656	0.794418141041615
LC_k1_0.08_k2_0.319	365	0.807754742450453	0.789087983653445	0.838561236652411		0.08	0.319	0.749977874148155	0.863978494623656	0.794418141041615
LC_k1_0.08_k2_0.332	10	0.515151515151515	0.503030303030303	-0.0424242424242424	0.83030303030303	0.08	0.332	0.742543587928135	0.859139784946237	0.785821081485173
LC_k1_0.08_k2_0.332	20	0.8	0.815037593984962	0.46015037593985	0.771428571428571	0.08	0.332	0.742543587928135	0.859139784946237	0.785821081485173
LC_k1_0.08_k2_0.332	30	0.866963292547275	0.861624026696329	0.557730812013348	0.795773081201335	0.08	0.332	0.742543587928135	0.859139784946237	0.785821081485173
LC_k1_0.08_k2_0.332	40	0.876360225140713	0.847842401500938	0.712945590994372	0.832082551594747	0.08	0.332	0.742543587928135	0.859139784946237	0.785821081485173
LC_k1_0.08_k2_0.332	50	0.88360144057623	0.852677070828331	0.79390156062425	0.808979591836735	0.08	0.332	0.742543587928135	0.859139784946237	0.785821081485173
LC_k1_0.08_k2_0.332	60	0.864573492636844	0.842622950819672	0.79722145040289	0.831731036399	0.08	0.332	0.742543587928135	0.859139784946237	0.785821081485173
LC_k1_0.08_k2_0.332	70	0.873466888286239	0.872907007260957	0.843793193946286	0.862374245472837	0.08	0.332	0.742543587928135	0.859139784946237	0.785821081485173
LC_k1_0.08_k2_0.332	80	0.874003750586029	0.878387248007501	0.858438818565401	0.879301453352086	0.08	0.332	0.742543587928135	0.859139784946237	0.785821081485173
LC_k1_0.08_k2_0.332	90	0.867736757624398	0.880347367987817	0.874107914557353	0.896530435856279	0.08	0.332	0.742543587928135	0.859139784946237	0.785821081485173
LC_k1_0.08_k2_0.332	100	0.887044704470447	0.895745574557456	0.892685268526853	0.904374437443744	0.08	0.332	0.742543587928135	0.859139784946237	0.785821081485173
LC_k1_0.08_k2_0.332	110	0.886752473908437	0.899069044023172	0.900692018123211	0.919716881184771	0.08	0.332	0.742543587928135	0.859139784946237	0.785821081485173
LC_k1_0.08_k2_0.332	120	0.897784568372803	0.904680880616709	0.91038961038961	0.928057503993333	0.08	0.332	0.742543587928135	0.859139784946237	0.785821081485173
LC_k1_0.08_k2_0.332	130	0.897029865217332	0.902874544237939	0.910494476232094	0.923970011880539	0.08	0.332	0.742543587928135	0.859139784946237	0.785821081485173
LC_k1_0.08_k2_0.332	140	0.898598324987427	0.902455664647613	0.911696660908355	0.9254466335746	0.08	0.332	0.742543587928135	0.859139784946237	0.785821081485173
LC_k1_0.08_k2_0.332	150	0.906783412596115	0.905642028534602	0.920615138450598	0.919431085826037	0.08	0.332	0.742543587928135	0.859139784946237	0.785821081485173
LC_k1_0.08_k2_0.332	160	0.892101253955233	0.890536739716395	0.911024844720497	0.919055431852807	0.08	0.332	0.742543587928135	0.859139784946237	0.785821081485173
LC_k1_0.08_k2_0.332	170	0.888466728952559	0.886036357862984	0.909341051898804	0.910674702768058	0.08	0.332	0.742543587928135	0.859139784946237	0.785821081485173
LC_k1_0.08_k2_0.332	180	0.884179552866858	0.881732975297591	0.903591674640164	0.898523616984063	0.08	0.332	0.742543587928135	0.859139784946237	0.785821081485173
LC_k1_0.08_k2_0.332	190	0.879015164438146	0.873792684153665	0.902924851395505	0.885026702882862	0.08	0.332	0.742543587928135	0.859139784946237	0.785821081485173
LC_k1_0.08_k2_0.332	200	0.8758403960099	0.866406660166504	0.896552913822846	0.888835220880522	0.08	0.332	0.742543587928135	0.859139784946237	0.785821081485173
LC_k1_0.08_k2_0.332	210	0.867111985046632	0.855407152089617	0.887668330671573	0.889181808463425	0.08	0.332	0.742543587928135	0.859139784946237	0.785821081485173
LC_k1_0.08_k2_0.332	220	0.867245566681505	0.854978220812226	0.887991299594845	0.891379048026913	0.08	0.332	0.742543587928135	0.859139784946237	0.785821081485173
LC_k1_0.08_k2_0.332	230	0.852655717170621	0.838624713050382	0.873135104879931	0.899491812535291	0.08	0.332	0.742543587928135	0.859139784946237	0.785821081485173
LC_k1_0.08_k2_0.332	240	0.846180489244605	0.82860553134603	0.865899581589958	0.909432455424573	0.08	0.332	0.742543587928135	0.859139784946237	0.785821081485173
LC_k1_0.08_k2_0.332	250	0.843894590313445	0.827774012384198	0.862488167810685		0.08	0.332	0.742543587928135	0.859139784946237	0.785821081485173
LC_k1_0.08_k2_0.332	260	0.832495929047653	0.811862942897425	0.851603630913976		0.08	0.332	0.742543587928135	0.859139784946237	0.785821081485173
LC_k1_0.08_k2_0.332	270	0.810062323671564	0.786457061596638	0.830304637618867		0.08	0.332	0.742543587928135	0.859139784946237	0.785821081485173
LC_k1_0.08_k2_0.332	280	0.806769765649343	0.783670892303655	0.82498155042065		0.08	0.332	0.742543587928135	0.859139784946237	0.785821081485173
LC_k1_0.08_k2_0.332	290	0.790808123922914	0.775057229349154	0.800698929955705		0.08	0.332	0.742543587928135	0.859139784946237	0.785821081485173
LC_k1_0.08_k2_0.332	300	0.795404837831532	0.773407260080668	0.805496505516728		0.08	0.332	0.742543587928135	0.859139784946237	0.785821081485173
LC_k1_0.08_k2_0.332	365	0.80814736577144	0.790692532260015	0.837886546420119		0.08	0.332	0.742543587928135	0.859139784946237	0.785821081485173
LC_k1_0.08_k2_0.346	10	0.466666666666667	0.539393939393939	0.127272727272727	0.76969696969697	0.08	0.346	0.734047260819542	0.850716845878136	0.777722402192873
LC_k1_0.08_k2_0.346	20	0.759398496240602	0.78796992481203	0.506766917293233	0.784962406015038	0.08	0.346	0.734047260819542	0.850716845878136	0.777722402192873
LC_k1_0.08_k2_0.346	30	0.864738598442714	0.839822024471635	0.553281423804227	0.804226918798665	0.08	0.346	0.734047260819542	0.850716845878136	0.777722402192873
LC_k1_0.08_k2_0.346	40	0.874108818011257	0.84953095684803	0.724202626641651	0.811069418386492	0.08	0.346	0.734047260819542	0.850716845878136	0.777722402192873
LC_k1_0.08_k2_0.346	50	0.893397358943578	0.865066026410564	0.809171668667467	0.812436974789916	0.08	0.346	0.734047260819542	0.850716845878136	0.777722402192873
LC_k1_0.08_k2_0.346	60	0.891414281744929	0.866796332314532	0.83123089747152	0.831342039455404	0.08	0.346	0.734047260819542	0.850716845878136	0.777722402192873
LC_k1_0.08_k2_0.346	70	0.882634940075234	0.879065698539061	0.855795643425772	0.868882862391742	0.08	0.346	0.734047260819542	0.850716845878136	0.777722402192873
LC_k1_0.08_k2_0.346	80	0.875621190811064	0.880309423347398	0.866104078762307	0.876652601969058	0.08	0.346	0.734047260819542	0.850716845878136	0.777722402192873
LC_k1_0.08_k2_0.346	90	0.884084454870972	0.892233609087542	0.885780137465531	0.88931966909495	0.08	0.346	0.734047260819542	0.850716845878136	0.777722402192873
LC_k1_0.08_k2_0.346	100	0.902370237023703	0.908046804680468	0.905538553855386	0.896609660966097	0.08	0.346	0.734047260819542	0.850716845878136	0.777722402192873
LC_k1_0.08_k2_0.346	110	0.900881365101549	0.910294614881771	0.910934787999008	0.911917588981809	0.08	0.346	0.734047260819542	0.850716845878136	0.777722402192873
LC_k1_0.08_k2_0.346	120	0.90536148343635	0.910563233557886	0.914792693937079	0.920265296201125	0.08	0.346	0.734047260819542	0.850716845878136	0.777722402192873
LC_k1_0.08_k2_0.346	130	0.908975952150104	0.913471438910814	0.919479987436671	0.919665706209289	0.08	0.346	0.734047260819542	0.850716845878136	0.777722402192873
LC_k1_0.08_k2_0.346	140	0.908862697076381	0.91111937197962	0.920465329863769	0.923539830749382	0.08	0.346	0.734047260819542	0.850716845878136	0.777722402192873
LC_k1_0.08_k2_0.346	150	0.91422907684786	0.912746344281968	0.927929241299613	0.918517267434108	0.08	0.346	0.734047260819542	0.850716845878136	0.777722402192873
LC_k1_0.08_k2_0.346	160	0.898007734677136	0.896847533106762	0.914839446853393	0.91425055666237	0.08	0.346	0.734047260819542	0.850716845878136	0.777722402192873
LC_k1_0.08_k2_0.346	170	0.897106148594599	0.893645007052962	0.915447511922863	0.910816372640617	0.08	0.346	0.734047260819542	0.850716845878136	0.777722402192873
LC_k1_0.08_k2_0.346	180	0.891967859090301	0.887877197855901	0.909781166085373	0.896980359476116	0.08	0.346	0.734047260819542	0.850716845878136	0.777722402192873
LC_k1_0.08_k2_0.346	190	0.888356143412633	0.882136405586392	0.908630214279153	0.888350894688729	0.08	0.346	0.734047260819542	0.850716845878136	0.777722402192873
LC_k1_0.08_k2_0.346	200	0.881998049951249	0.871385284632116	0.90308707717693	0.88902422560564	0.08	0.346	0.734047260819542	0.850716845878136	0.777722402192873
LC_k1_0.08_k2_0.346	210	0.880309563223008	0.869167101294814	0.89693190321776	0.889888011713904	0.08	0.346	0.734047260819542	0.850716845878136	0.777722402192873
LC_k1_0.08_k2_0.346	220	0.874117985157469	0.861478730777683	0.892776522430028	0.892267120470183	0.08	0.346	0.734047260819542	0.850716845878136	0.777722402192873
LC_k1_0.08_k2_0.346	230	0.867120690207837	0.852012654139102	0.887355477254851	0.899148582573682	0.08	0.346	0.734047260819542	0.850716845878136	0.777722402192873
LC_k1_0.08_k2_0.346	240	0.849863712911682	0.831985798364555	0.867232938071841	0.909157277036059	0.08	0.346	0.734047260819542	0.850716845878136	0.777722402192873
LC_k1_0.08_k2_0.346	250	0.851040176642826	0.834875822013152	0.869550808812941		0.08	0.346	0.734047260819542	0.850716845878136	0.777722402192873
LC_k1_0.08_k2_0.346	260	0.840891820202165	0.817282686248204	0.857498574739954		0.08	0.346	0.734047260819542	0.850716845878136	0.777722402192873
LC_k1_0.08_k2_0.346	270	0.814410500982333	0.791013746568692	0.832824410028487		0.08	0.346	0.734047260819542	0.850716845878136	0.777722402192873
LC_k1_0.08_k2_0.346	280	0.812224281286387	0.790440111298796	0.827455160689003		0.08	0.346	0.734047260819542	0.850716845878136	0.777722402192873
LC_k1_0.08_k2_0.346	290	0.796885198110109	0.77770337176505	0.812461421698811		0.08	0.346	0.734047260819542	0.850716845878136	0.777722402192873
LC_k1_0.08_k2_0.346	300	0.801479127545862	0.781354015044612	0.809446327181413		0.08	0.346	0.734047260819542	0.850716845878136	0.777722402192873
LC_k1_0.08_k2_0.346	365	0.810510262250662	0.793383149525076	0.839301816530651		0.08	0.346	0.734047260819542	0.850716845878136	0.777722402192873
LC_k1_0.08_k2_0.359	10	0.43030303030303	0.466666666666667	0.0424242424242424	0.793939393939394	0.08	0.359	0.727143995043809	0.842831541218638	0.769997508098679
LC_k1_0.08_k2_0.359	20	0.745864661654135	0.76390977443609	0.482706766917293	0.739849624060151	0.08	0.359	0.727143995043809	0.842831541218638	0.769997508098679
LC_k1_0.08_k2_0.359	30	0.854505005561735	0.841601779755284	0.574193548387097	0.801557285873192	0.08	0.359	0.727143995043809	0.842831541218638	0.769997508098679
LC_k1_0.08_k2_0.359	40	0.868667917448405	0.840900562851783	0.719324577861164	0.794746716697936	0.08	0.359	0.727143995043809	0.842831541218638	0.769997508098679
LC_k1_0.08_k2_0.359	50	0.890612244897959	0.861320528211284	0.806002400960384	0.805138055222089	0.08	0.359	0.727143995043809	0.842831541218638	0.769997508098679
LC_k1_0.08_k2_0.359	60	0.890358432898028	0.865184773548208	0.829786051681023	0.824117810502918	0.08	0.359	0.727143995043809	0.842831541218638	0.769997508098679
LC_k1_0.08_k2_0.359	70	0.882844895459715	0.87896072084682	0.85534074009273	0.853906044965445	0.08	0.359	0.727143995043809	0.842831541218638	0.769997508098679
LC_k1_0.08_k2_0.359	80	0.877566807313643	0.881973745897797	0.868073136427567	0.875503984997656	0.08	0.359	0.727143995043809	0.842831541218638	0.769997508098679
LC_k1_0.08_k2_0.359	90	0.885302712269004	0.893451866485574	0.88760752356258	0.8886611515825	0.08	0.359	0.727143995043809	0.842831541218638	0.769997508098679
LC_k1_0.08_k2_0.359	100	0.904734473447345	0.91015901590159	0.908118811881188	0.896813681368137	0.08	0.359	0.727143995043809	0.842831541218638	0.769997508098679
LC_k1_0.08_k2_0.359	110	0.904361742893853	0.913378265671844	0.914406149268535	0.909654441764533	0.08	0.359	0.727143995043809	0.842831541218638	0.769997508098679
LC_k1_0.08_k2_0.359	120	0.906319883325231	0.911306340718105	0.917119244391971	0.915452461976526	0.08	0.359	0.727143995043809	0.842831541218638	0.769997508098679
LC_k1_0.08_k2_0.359	130	0.902443021207445	0.905917054718759	0.914148766199183	0.921200617241803	0.08	0.359	0.727143995043809	0.842831541218638	0.769997508098679
LC_k1_0.08_k2_0.359	140	0.913113642824342	0.915991340666069	0.925118628501454	0.924851851041963	0.08	0.359	0.727143995043809	0.842831541218638	0.769997508098679
LC_k1_0.08_k2_0.359	150	0.905812702786791	0.907249211076048	0.920170674252189	0.919768878616827	0.08	0.359	0.727143995043809	0.842831541218638	0.769997508098679
LC_k1_0.08_k2_0.359	160	0.904128090941052	0.904459158560881	0.920707840150006	0.913465369741006	0.08	0.359	0.727143995043809	0.842831541218638	0.769997508098679
LC_k1_0.08_k2_0.359	170	0.90442901545545	0.900762696857005	0.922301402653868	0.910098252941787	0.08	0.359	0.727143995043809	0.842831541218638	0.769997508098679
LC_k1_0.08_k2_0.359	180	0.899791145817258	0.895426813584781	0.921742440610307	0.896404210006482	0.08	0.359	0.727143995043809	0.842831541218638	0.769997508098679
LC_k1_0.08_k2_0.359	190	0.899107279542661	0.893235707068719	0.918908965257822	0.888826778989358	0.08	0.359	0.727143995043809	0.842831541218638	0.769997508098679
LC_k1_0.08_k2_0.359	200	0.891809795244881	0.881752043801095	0.910603765094127	0.889307732693318	0.08	0.359	0.727143995043809	0.842831541218638	0.769997508098679
LC_k1_0.08_k2_0.359	210	0.88348423838571	0.87266701868847	0.90234051306638	0.88844580213999	0.08	0.359	0.727143995043809	0.842831541218638	0.769997508098679
LC_k1_0.08_k2_0.359	220	0.869960498808202	0.858619543228729	0.889623189059128	0.891427508832827	0.08	0.359	0.727143995043809	0.842831541218638	0.769997508098679
LC_k1_0.08_k2_0.359	230	0.873223871249313	0.857055570212965	0.894043530041252	0.899571702267734	0.08	0.359	0.727143995043809	0.842831541218638	0.769997508098679
LC_k1_0.08_k2_0.359	240	0.847566798034688	0.833621243424365	0.866926509140784	0.909531415475963	0.08	0.359	0.727143995043809	0.842831541218638	0.769997508098679
LC_k1_0.08_k2_0.359	250	0.853782748523976	0.83758536936591	0.872632074113186		0.08	0.359	0.727143995043809	0.842831541218638	0.769997508098679
LC_k1_0.08_k2_0.359	260	0.844393009910251	0.822993967821554	0.862675938538007		0.08	0.359	0.727143995043809	0.842831541218638	0.769997508098679
LC_k1_0.08_k2_0.359	270	0.820036549807877	0.797058639731379	0.839851484016699		0.08	0.359	0.727143995043809	0.842831541218638	0.769997508098679
LC_k1_0.08_k2_0.359	280	0.818216158004931	0.794017416402906	0.83323821550202		0.08	0.359	0.727143995043809	0.842831541218638	0.769997508098679
LC_k1_0.08_k2_0.359	290	0.806106350028353	0.782148871342519	0.821659448162695		0.08	0.359	0.727143995043809	0.842831541218638	0.769997508098679
LC_k1_0.08_k2_0.359	300	0.801831131457016	0.779732663696263	0.81563395148835		0.08	0.359	0.727143995043809	0.842831541218638	0.769997508098679
LC_k1_0.08_k2_0.359	365	0.81580241003102	0.800323278787236	0.845018668733019		0.08	0.359	0.727143995043809	0.842831541218638	0.769997508098679
LC_k1_0.08_k2_0.372	10	0.418181818181818	0.248484848484848	-0.0909090909090909	0.539393939393939	0.08	0.372	0.720594742897602	0.834767025089606	0.762895589334662
LC_k1_0.08_k2_0.372	20	0.726315789473684	0.756390977443609	0.458646616541353	0.702255639097744	0.08	0.372	0.720594742897602	0.834767025089606	0.762895589334662
LC_k1_0.08_k2_0.372	30	0.84293659621802	0.861624026696329	0.588431590656285	0.790433815350389	0.08	0.372	0.720594742897602	0.834767025089606	0.762895589334662
LC_k1_0.08_k2_0.372	40	0.84859287054409	0.838086303939963	0.706941838649156	0.807129455909944	0.08	0.372	0.720594742897602	0.834767025089606	0.762895589334662
LC_k1_0.08_k2_0.372	50	0.859015606242497	0.840576230492197	0.783145258103241	0.80811524609844	0.08	0.372	0.720594742897602	0.834767025089606	0.762895589334662
LC_k1_0.08_k2_0.372	60	0.879577660461239	0.859238677410392	0.827785495971103	0.827729924979161	0.08	0.372	0.720594742897602	0.834767025089606	0.762895589334662
LC_k1_0.08_k2_0.372	70	0.882075059049952	0.879835534948823	0.863598985215642	0.865488583675969	0.08	0.372	0.720594742897602	0.834767025089606	0.762895589334662
LC_k1_0.08_k2_0.372	80	0.869737458977965	0.877988748241913	0.872808251289264	0.87920768870136	0.08	0.372	0.720594742897602	0.834767025089606	0.762895589334662
LC_k1_0.08_k2_0.372	90	0.877400502119603	0.887492282997901	0.892480553154711	0.897090175741861	0.08	0.372	0.720594742897602	0.834767025089606	0.762895589334662
LC_k1_0.08_k2_0.372	100	0.891881188118812	0.902538253825383	0.905922592259226	0.905466546654665	0.08	0.372	0.720594742897602	0.834767025089606	0.762895589334662
LC_k1_0.08_k2_0.372	110	0.896950161170345	0.907210964091698	0.915298785023556	0.916606180826364	0.08	0.372	0.720594742897602	0.834767025089606	0.762895589334662
LC_k1_0.08_k2_0.372	120	0.902764080838947	0.908576984512813	0.918820751441072	0.92423779429127	0.08	0.372	0.720594742897602	0.834767025089606	0.762895589334662
LC_k1_0.08_k2_0.372	130	0.899405973043466	0.903808600417867	0.915170219448579	0.925543159130945	0.08	0.372	0.720594742897602	0.834767025089606	0.762895589334662
LC_k1_0.08_k2_0.372	140	0.909540574227548	0.91169228750738	0.924764383022458	0.928140648575365	0.08	0.372	0.720594742897602	0.834767025089606	0.762895589334662
LC_k1_0.08_k2_0.372	150	0.91314813991733	0.91465931819192	0.930475132228099	0.924476643406374	0.08	0.372	0.720594742897602	0.834767025089606	0.762895589334662
LC_k1_0.08_k2_0.372	160	0.900571311379351	0.901400445329896	0.920684401734443	0.919688269073011	0.08	0.372	0.720594742897602	0.834767025089606	0.762895589334662
LC_k1_0.08_k2_0.372	170	0.898779318641191	0.896202392511038	0.920127502885303	0.914490018991091	0.08	0.372	0.720594742897602	0.834767025089606	0.762895589334662
LC_k1_0.08_k2_0.372	180	0.895091412286387	0.890753829850716	0.915851312283301	0.900036009341852	0.08	0.372	0.720594742897602	0.834767025089606	0.762895589334662
LC_k1_0.08_k2_0.372	190	0.894199722692421	0.88566704719915	0.916319594798515	0.891599854785305	0.08	0.372	0.720594742897602	0.834767025089606	0.762895589334662
LC_k1_0.08_k2_0.372	200	0.89118427960699	0.879482487062177	0.909613740343509	0.89310282757069	0.08	0.372	0.720594742897602	0.834767025089606	0.762895589334662
LC_k1_0.08_k2_0.372	210	0.883552915032087	0.871787180143379	0.902669642654676	0.890569595034549	0.08	0.372	0.720594742897602	0.834767025089606	0.762895589334662
LC_k1_0.08_k2_0.372	220	0.872681065912331	0.860805914472313	0.894114266072364	0.895559074285908	0.08	0.372	0.720594742897602	0.834767025089606	0.762895589334662
LC_k1_0.08_k2_0.372	230	0.86266954992985	0.846914505657623	0.885113633281471	0.900752294980508	0.08	0.372	0.720594742897602	0.834767025089606	0.762895589334662
LC_k1_0.08_k2_0.372	240	0.853509609541832	0.838404312574871	0.875290369624473	0.911526241775031	0.08	0.372	0.720594742897602	0.834767025089606	0.762895589334662
LC_k1_0.08_k2_0.372	250	0.85044650314405	0.828521288340614	0.869221331541305		0.08	0.372	0.720594742897602	0.834767025089606	0.762895589334662
LC_k1_0.08_k2_0.372	260	0.841348586176172	0.820204896066965	0.860932171276999		0.08	0.372	0.720594742897602	0.834767025089606	0.762895589334662
LC_k1_0.08_k2_0.372	270	0.827588550978446	0.804227767184735	0.84795218955907		0.08	0.372	0.720594742897602	0.834767025089606	0.762895589334662
LC_k1_0.08_k2_0.372	280	0.812390464164084	0.788493475682088	0.828394859263875		0.08	0.372	0.720594742897602	0.834767025089606	0.762895589334662
LC_k1_0.08_k2_0.372	290	0.810369306125662	0.784365470744455	0.822763565600641		0.08	0.372	0.720594742897602	0.834767025089606	0.762895589334662
LC_k1_0.08_k2_0.372	300	0.802520916899077	0.779317547972755	0.816314403493372		0.08	0.372	0.720594742897602	0.834767025089606	0.762895589334662
LC_k1_0.08_k2_0.372	365	0.818354831783981	0.80289470242311	0.846829770274639		0.08	0.372	0.720594742897602	0.834767025089606	0.762895589334662
LC_k1_0.08_k2_0.386	10	0.527272727272727	0.6	0.151515151515152	0.818181818181818	0.08	0.386	0.712540932825914	0.82652329749104	0.752927984051832
LC_k1_0.08_k2_0.386	20	0.77593984962406	0.804511278195489	0.505263157894737	0.730827067669173	0.08	0.386	0.712540932825914	0.82652329749104	0.752927984051832
LC_k1_0.08_k2_0.386	30	0.871857619577308	0.867408231368187	0.594660734149055	0.794883203559511	0.08	0.386	0.712540932825914	0.82652329749104	0.752927984051832
LC_k1_0.08_k2_0.386	40	0.880487804878049	0.856285178236398	0.730956848030019	0.809568480300188	0.08	0.386	0.712540932825914	0.82652329749104	0.752927984051832
LC_k1_0.08_k2_0.386	50	0.892052821128451	0.865354141656663	0.799087635054022	0.799183673469388	0.08	0.386	0.712540932825914	0.82652329749104	0.752927984051832
LC_k1_0.08_k2_0.386	60	0.895804390108364	0.871686579605446	0.837232564601278	0.826340650180606	0.08	0.386	0.712540932825914	0.82652329749104	0.752927984051832
LC_k1_0.08_k2_0.386	70	0.890088356224302	0.885434345201645	0.861219490858193	0.844318082407488	0.08	0.386	0.712540932825914	0.82652329749104	0.752927984051832
LC_k1_0.08_k2_0.386	80	0.884622597280825	0.888185654008439	0.873230192217534	0.879043600562588	0.08	0.386	0.712540932825914	0.82652329749104	0.752927984051832
LC_k1_0.08_k2_0.386	90	0.892134831460674	0.899526690537926	0.892036053833807	0.881516236572416	0.08	0.386	0.712540932825914	0.82652329749104	0.752927984051832
LC_k1_0.08_k2_0.386	100	0.910615061506151	0.915163516351635	0.912379237923792	0.892109210921092	0.08	0.386	0.712540932825914	0.82652329749104	0.752927984051832
LC_k1_0.08_k2_0.386	110	0.910384780109551	0.918580799314744	0.91886932804364	0.906724071861687	0.08	0.386	0.712540932825914	0.82652329749104	0.752927984051832
LC_k1_0.08_k2_0.386	120	0.911278561011181	0.915674699631919	0.920848670046531	0.911521633446767	0.08	0.386	0.712540932825914	0.82652329749104	0.752927984051832
LC_k1_0.08_k2_0.386	130	0.909172595556405	0.91167979898674	0.920080842289257	0.918524081989376	0.08	0.386	0.712540932825914	0.82652329749104	0.752927984051832
LC_k1_0.08_k2_0.386	140	0.911093131573768	0.912440139074151	0.922573309133848	0.922477094312392	0.08	0.386	0.712540932825914	0.82652329749104	0.752927984051832
LC_k1_0.08_k2_0.386	150	0.909880439130628	0.910132894795324	0.923623272145429	0.9198044357527	0.08	0.386	0.712540932825914	0.82652329749104	0.752927984051832
LC_k1_0.08_k2_0.386	160	0.909179069494902	0.909126333059885	0.924780264854096	0.910942810266026	0.08	0.386	0.712540932825914	0.82652329749104	0.752927984051832
LC_k1_0.08_k2_0.386	170	0.911998583301274	0.909343494482813	0.927518762098424	0.909416772003102	0.08	0.386	0.712540932825914	0.82652329749104	0.752927984051832
LC_k1_0.08_k2_0.386	180	0.90521106618517	0.900359064580183	0.9233721205387	0.895408294494686	0.08	0.386	0.712540932825914	0.82652329749104	0.752927984051832
LC_k1_0.08_k2_0.386	190	0.898316471807792	0.89323220791945	0.918191639657608	0.886260153000302	0.08	0.386	0.712540932825914	0.82652329749104	0.752927984051832
LC_k1_0.08_k2_0.386	200	0.898270456761419	0.885137628440711	0.914929873246831	0.88675166879172	0.08	0.386	0.712540932825914	0.82652329749104	0.752927984051832
LC_k1_0.08_k2_0.386	210	0.886033049016337	0.875684903771709	0.903246267327086	0.886346629175265	0.08	0.386	0.712540932825914	0.82652329749104	0.752927984051832
LC_k1_0.08_k2_0.386	220	0.875615762158873	0.86088480415636	0.894700303725284	0.889693062779284	0.08	0.386	0.712540932825914	0.82652329749104	0.752927984051832
LC_k1_0.08_k2_0.386	230	0.871321312065569	0.854309730520097	0.891051117100101	0.89784864840874	0.08	0.386	0.712540932825914	0.82652329749104	0.752927984051832
LC_k1_0.08_k2_0.386	240	0.850851577284328	0.83621243424365	0.870311984583065	0.907981909408149	0.08	0.386	0.712540932825914	0.82652329749104	0.752927984051832
LC_k1_0.08_k2_0.386	250	0.859537464599434	0.840559112945807	0.878589545432727		0.08	0.386	0.712540932825914	0.82652329749104	0.752927984051832
LC_k1_0.08_k2_0.386	260	0.84511741753121	0.82476299717679	0.867956398990882		0.08	0.386	0.712540932825914	0.82652329749104	0.752927984051832
LC_k1_0.08_k2_0.386	270	0.83101795330221	0.805622695632161	0.851172474550024		0.08	0.386	0.712540932825914	0.82652329749104	0.752927984051832
LC_k1_0.08_k2_0.386	280	0.817322925037309	0.793697077039977	0.832875783765464		0.08	0.386	0.712540932825914	0.82652329749104	0.752927984051832
LC_k1_0.08_k2_0.386	290	0.804850195028765	0.782716675051694	0.817965771867393		0.08	0.386	0.712540932825914	0.82652329749104	0.752927984051832
LC_k1_0.08_k2_0.386	300	0.794880832009245	0.772878809764553	0.807211191235458		0.08	0.386	0.712540932825914	0.82652329749104	0.752927984051832
LC_k1_0.08_k2_0.386	365	0.817874849157131	0.801808140209218	0.845012499290514		0.08	0.386	0.712540932825914	0.82652329749104	0.752927984051832
LC_k1_0.08_k2_0.399	10	0.6	0.418181818181818	-0.139393939393939	0.745454545454545	0.08	0.399	0.70475263297637	0.819713261648746	0.745078494891602
LC_k1_0.08_k2_0.399	20	0.756390977443609	0.781954887218045	0.433082706766917	0.76390977443609	0.08	0.399	0.70475263297637	0.819713261648746	0.745078494891602
LC_k1_0.08_k2_0.399	30	0.835372636262514	0.846941045606229	0.536373748609566	0.802892102335929	0.08	0.399	0.70475263297637	0.819713261648746	0.745078494891602
LC_k1_0.08_k2_0.399	40	0.849718574108818	0.843339587242027	0.702063789868668	0.816510318949344	0.08	0.399	0.70475263297637	0.819713261648746	0.745078494891602
LC_k1_0.08_k2_0.399	50	0.863145258103241	0.845954381752701	0.795246098439376	0.813781512605042	0.08	0.399	0.70475263297637	0.819713261648746	0.745078494891602
LC_k1_0.08_k2_0.399	60	0.879577660461239	0.862128368991387	0.823728813559322	0.84156710197277	0.08	0.399	0.70475263297637	0.819713261648746	0.745078494891602
LC_k1_0.08_k2_0.399	70	0.87896072084682	0.876966144694253	0.859364884961946	0.858874989064824	0.08	0.399	0.70475263297637	0.819713261648746	0.745078494891602
LC_k1_0.08_k2_0.399	80	0.873019221753399	0.882466010314112	0.873370839193624	0.876629160806376	0.08	0.399	0.70475263297637	0.819713261648746	0.745078494891602
LC_k1_0.08_k2_0.399	90	0.881763180639585	0.892645182532823	0.894126846935836	0.894719512697041	0.08	0.399	0.70475263297637	0.819713261648746	0.745078494891602
LC_k1_0.08_k2_0.399	100	0.894365436543654	0.905442544254426	0.905994599459946	0.903810381038104	0.08	0.399	0.70475263297637	0.819713261648746	0.745078494891602
LC_k1_0.08_k2_0.399	110	0.899880531073191	0.910393796632329	0.915488132001893	0.915848792913013	0.08	0.399	0.70475263297637	0.819713261648746	0.745078494891602
LC_k1_0.08_k2_0.399	120	0.901708451975832	0.908445030904924	0.91792485589277	0.919424960066671	0.08	0.399	0.70475263297637	0.819713261648746	0.745078494891602
LC_k1_0.08_k2_0.399	130	0.900864411640197	0.904901063786205	0.916027803192724	0.924308675524724	0.08	0.399	0.70475263297637	0.819713261648746	0.745078494891602
LC_k1_0.08_k2_0.399	140	0.909763617677287	0.912527607093656	0.92423520150445	0.927567733047604	0.08	0.399	0.70475263297637	0.819713261648746	0.745078494891602
LC_k1_0.08_k2_0.399	150	0.909830659140406	0.910257344770879	0.928295479799102	0.923882839237299	0.08	0.399	0.70475263297637	0.819713261648746	0.745078494891602
LC_k1_0.08_k2_0.399	160	0.909340208601898	0.906961209422243	0.927428805812727	0.917652056720966	0.08	0.399	0.70475263297637	0.819713261648746	0.745078494891602
LC_k1_0.08_k2_0.399	170	0.898923431097759	0.894509681792368	0.918962390312712	0.912535951783392	0.08	0.399	0.70475263297637	0.819713261648746	0.745078494891602
LC_k1_0.08_k2_0.399	180	0.89696184038602	0.89343498256119	0.917297858987417	0.899373437451773	0.08	0.399	0.70475263297637	0.819713261648746	0.745078494891602
LC_k1_0.08_k2_0.399	190	0.898662887585456	0.89078805215482	0.914582267186291	0.892672344036356	0.08	0.399	0.70475263297637	0.819713261648746	0.745078494891602
LC_k1_0.08_k2_0.399	200	0.891899797494938	0.881618540463512	0.913147828695718	0.892627315682892	0.08	0.399	0.70475263297637	0.819713261648746	0.745078494891602
LC_k1_0.08_k2_0.399	210	0.885506959989375	0.874013340114612	0.906084038186807	0.897240300233565	0.08	0.399	0.70475263297637	0.819713261648746	0.745078494891602
LC_k1_0.08_k2_0.399	220	0.875061280379572	0.861140632131768	0.895001211520148	0.89478257439579	0.08	0.399	0.70475263297637	0.819713261648746	0.745078494891602
LC_k1_0.08_k2_0.399	230	0.866222177291097	0.850603241451922	0.888278647496419	0.900893334878526	0.08	0.399	0.70475263297637	0.819713261648746	0.745078494891602
LC_k1_0.08_k2_0.399	240	0.855158075661036	0.839888713345718	0.876704456674595	0.911073976978767	0.08	0.399	0.70475263297637	0.819713261648746	0.745078494891602
LC_k1_0.08_k2_0.399	250	0.846508904142466	0.824670474727596	0.866474151586425		0.08	0.399	0.70475263297637	0.819713261648746	0.745078494891602
LC_k1_0.08_k2_0.399	260	0.840663778594813	0.817004120452396	0.860865260865261		0.08	0.399	0.70475263297637	0.819713261648746	0.745078494891602
LC_k1_0.08_k2_0.399	270	0.81815937118479	0.79515097753208	0.84093547998677		0.08	0.399	0.70475263297637	0.819713261648746	0.745078494891602
LC_k1_0.08_k2_0.399	280	0.809732084775134	0.781936358517693	0.829595858547758		0.08	0.399	0.70475263297637	0.819713261648746	0.745078494891602
LC_k1_0.08_k2_0.399	290	0.804855607369148	0.776778845621601	0.820577964148165		0.08	0.399	0.70475263297637	0.819713261648746	0.745078494891602
LC_k1_0.08_k2_0.399	300	0.806523183590929	0.78377093078812	0.820740230447005		0.08	0.399	0.70475263297637	0.819713261648746	0.745078494891602
LC_k1_0.08_k2_0.399	365	0.82166017230019	0.806435468865291	0.849608240400965		0.08	0.399	0.70475263297637	0.819713261648746	0.745078494891602
LC_k1_0.08_k2_0.412	10	0.539393939393939	0.406060606060606	-0.127272727272727	0.793939393939394	0.08	0.412	0.695902292238251	0.811469534050179	0.734861699476701
LC_k1_0.08_k2_0.412	20	0.760902255639098	0.792481203007519	0.440601503759399	0.768421052631579	0.08	0.412	0.695902292238251	0.811469534050179	0.734861699476701
LC_k1_0.08_k2_0.412	30	0.846941045606229	0.850500556173526	0.548387096774194	0.800222469410456	0.08	0.412	0.695902292238251	0.811469534050179	0.734861699476701
LC_k1_0.08_k2_0.412	40	0.859662288930582	0.850281425891182	0.712007504690432	0.831894934333959	0.08	0.412	0.695902292238251	0.811469534050179	0.734861699476701
LC_k1_0.08_k2_0.412	50	0.866698679471789	0.852004801920768	0.790828331332533	0.8153181272509	0.08	0.412	0.695902292238251	0.811469534050179	0.734861699476701
LC_k1_0.08_k2_0.412	60	0.885190330647402	0.868241178105029	0.831897749374826	0.834120589052515	0.08	0.412	0.695902292238251	0.811469534050179	0.734861699476701
LC_k1_0.08_k2_0.412	70	0.872557081620156	0.877456040591374	0.858455078295862	0.857090368296737	0.08	0.412	0.695902292238251	0.811469534050179	0.734861699476701
LC_k1_0.08_k2_0.412	80	0.884857008907642	0.889967182372246	0.880872011251758	0.870698546647914	0.08	0.412	0.695902292238251	0.811469534050179	0.734861699476701
LC_k1_0.08_k2_0.412	90	0.881713791826151	0.893830514055233	0.89496645676421	0.88984648310491	0.08	0.412	0.695902292238251	0.811469534050179	0.734861699476701
LC_k1_0.08_k2_0.412	100	0.900378037803781	0.908622862286229	0.910675067506751	0.900810081008101	0.08	0.412	0.695902292238251	0.811469534050179	0.734861699476701
LC_k1_0.08_k2_0.412	110	0.900196109370421	0.911214300205126	0.916002073800239	0.914144670107973	0.08	0.412	0.695902292238251	0.811469534050179	0.734861699476701
LC_k1_0.08_k2_0.412	120	0.904833669004792	0.911368845058684	0.920244461420932	0.917022015417737	0.08	0.412	0.695902292238251	0.811469534050179	0.734861699476701
LC_k1_0.08_k2_0.412	130	0.905004847806197	0.910423466113152	0.921506506984938	0.922298542926982	0.08	0.412	0.695902292238251	0.811469534050179	0.734861699476701
LC_k1_0.08_k2_0.412	140	0.909488093415845	0.912217095624413	0.924383897137609	0.926023922503335	0.08	0.412	0.695902292238251	0.811469534050179	0.734861699476701
LC_k1_0.08_k2_0.412	150	0.907544335303791	0.908063469487533	0.926716742966354	0.924864216187386	0.08	0.412	0.695902292238251	0.811469534050179	0.734861699476701
LC_k1_0.08_k2_0.412	160	0.900005859603891	0.899499003867338	0.919995898277276	0.916157857728818	0.08	0.412	0.695902292238251	0.811469534050179	0.734861699476701
LC_k1_0.08_k2_0.412	170	0.89651260068026	0.893290832371566	0.916268220150097	0.911458772235148	0.08	0.412	0.695902292238251	0.811469534050179	0.734861699476701
LC_k1_0.08_k2_0.412	180	0.898809634042203	0.895291006924082	0.919662129489593	0.898575058900995	0.08	0.412	0.695902292238251	0.811469534050179	0.734861699476701
LC_k1_0.08_k2_0.412	190	0.892194710161092	0.886099192133913	0.912914922559453	0.89000074356922	0.08	0.412	0.695902292238251	0.811469534050179	0.734861699476701
LC_k1_0.08_k2_0.412	200	0.889070726768169	0.880693017325433	0.909202730068252	0.892300307507688	0.08	0.412	0.695902292238251	0.811469534050179	0.734861699476701
LC_k1_0.08_k2_0.412	210	0.878396983410703	0.86850754633244	0.897886897338132	0.89527070584691	0.08	0.412	0.695902292238251	0.811469534050179	0.734861699476701
LC_k1_0.08_k2_0.412	220	0.872766717569296	0.860306655471845	0.891159283907068	0.893994804550808	0.08	0.412	0.695902292238251	0.811469534050179	0.734861699476701
LC_k1_0.08_k2_0.412	230	0.863650911458012	0.847716361861036	0.884153970199157	0.901729711336698	0.08	0.412	0.695902292238251	0.811469534050179	0.734861699476701
LC_k1_0.08_k2_0.412	240	0.859217173909269	0.841204708415076	0.878503967082762	0.911327453601625	0.08	0.412	0.695902292238251	0.811469534050179	0.734861699476701
LC_k1_0.08_k2_0.412	250	0.847541880670091	0.826353957663323	0.866130082081313		0.08	0.412	0.695902292238251	0.811469534050179	0.734861699476701
LC_k1_0.08_k2_0.412	260	0.845751700924115	0.822890871166733	0.862646579887959		0.08	0.412	0.695902292238251	0.811469534050179	0.734861699476701
LC_k1_0.08_k2_0.412	270	0.826094246072572	0.802357294948414	0.848036324229413		0.08	0.412	0.695902292238251	0.811469534050179	0.734861699476701
LC_k1_0.08_k2_0.412	280	0.808226599100207	0.77959613187486	0.828165264498636		0.08	0.412	0.695902292238251	0.811469534050179	0.734861699476701
LC_k1_0.08_k2_0.412	290	0.805492787441402	0.779715286294355	0.821579247118851		0.08	0.412	0.695902292238251	0.811469534050179	0.734861699476701
LC_k1_0.08_k2_0.412	300	0.806235624840276	0.78314381270903	0.821853131701463		0.08	0.412	0.695902292238251	0.811469534050179	0.734861699476701
LC_k1_0.08_k2_0.412	365	0.820704649045094	0.805297823667462	0.848653951034369		0.08	0.412	0.695902292238251	0.811469534050179	0.734861699476701
LC_k1_0.08_k2_0.426	10	0.587878787878788	0.563636363636364	0.0424242424242424	0.83030303030303	0.08	0.426	0.68687494468537	0.803225806451613	0.725890854722153
LC_k1_0.08_k2_0.426	20	0.783458646616541	0.82406015037594	0.374436090225564	0.757894736842105	0.08	0.426	0.68687494468537	0.803225806451613	0.725890854722153
LC_k1_0.08_k2_0.426	30	0.898109010011124	0.878086763070078	0.601779755283649	0.80734149054505	0.08	0.426	0.68687494468537	0.803225806451613	0.725890854722153
LC_k1_0.08_k2_0.426	40	0.889493433395873	0.868855534709194	0.730956848030019	0.829831144465291	0.08	0.426	0.68687494468537	0.803225806451613	0.725890854722153
LC_k1_0.08_k2_0.426	50	0.891476590636255	0.863721488595438	0.806386554621849	0.802256902761105	0.08	0.426	0.68687494468537	0.803225806451613	0.725890854722153
LC_k1_0.08_k2_0.426	60	0.8780772436788	0.860072242289525	0.821950541817172	0.828619060850236	0.08	0.426	0.68687494468537	0.803225806451613	0.725890854722153
LC_k1_0.08_k2_0.426	70	0.868917854955822	0.866678330854693	0.845647799842534	0.865488583675969	0.08	0.426	0.68687494468537	0.803225806451613	0.725890854722153
LC_k1_0.08_k2_0.426	80	0.879746835443038	0.881340834505392	0.866479137365213	0.875668073136428	0.08	0.426	0.68687494468537	0.803225806451613	0.725890854722153
LC_k1_0.08_k2_0.426	90	0.87565543071161	0.881993661768943	0.881121126064946	0.900876651438449	0.08	0.426	0.68687494468537	0.803225806451613	0.725890854722153
LC_k1_0.08_k2_0.426	100	0.876375637563756	0.88972097209721	0.891233123312331	0.909066906690669	0.08	0.426	0.68687494468537	0.803225806451613	0.725890854722153
LC_k1_0.08_k2_0.426	110	0.881252395013863	0.896364087189775	0.901359240808782	0.921168541352028	0.08	0.426	0.68687494468537	0.803225806451613	0.725890854722153
LC_k1_0.08_k2_0.426	120	0.889610389610389	0.900958399888881	0.908160288908952	0.928571428571428	0.08	0.426	0.68687494468537	0.803225806451613	0.725890854722153
LC_k1_0.08_k2_0.426	130	0.898805118190881	0.905490994005107	0.916852613035819	0.930169741495856	0.08	0.426	0.68687494468537	0.803225806451613	0.725890854722153
LC_k1_0.08_k2_0.426	140	0.905788196190768	0.910336533205047	0.922258424263629	0.929505149679649	0.08	0.426	0.68687494468537	0.803225806451613	0.725890854722153
LC_k1_0.08_k2_0.426	150	0.905446464287302	0.906754966887417	0.921351171163163	0.924423307702565	0.08	0.426	0.68687494468537	0.803225806451613	0.725890854722153
LC_k1_0.08_k2_0.426	160	0.894301535216219	0.894735145904137	0.913090355091996	0.921642446970585	0.08	0.426	0.68687494468537	0.803225806451613	0.725890854722153
LC_k1_0.08_k2_0.426	170	0.894517009544397	0.893537533356538	0.912755784344258	0.906605357808025	0.08	0.426	0.68687494468537	0.803225806451613	0.725890854722153
LC_k1_0.08_k2_0.426	180	0.885661080074488	0.880872866446495	0.904890068623517	0.902904410629958	0.08	0.426	0.68687494468537	0.803225806451613	0.725890854722153
LC_k1_0.08_k2_0.426	190	0.884825501799875	0.877011901481452	0.901497198493616	0.897441684490458	0.08	0.426	0.68687494468537	0.803225806451613	0.725890854722153
LC_k1_0.08_k2_0.426	200	0.867618690467262	0.861993549838746	0.888785719642991	0.898825470636766	0.08	0.426	0.68687494468537	0.803225806451613	0.725890854722153
LC_k1_0.08_k2_0.426	210	0.857288633043185	0.84905391440687	0.881442079995335	0.900210241242918	0.08	0.426	0.68687494468537	0.803225806451613	0.725890854722153
LC_k1_0.08_k2_0.426	220	0.848068611485211	0.832836140491257	0.872735161695677	0.902224125592377	0.08	0.426	0.68687494468537	0.803225806451613	0.725890854722153
LC_k1_0.08_k2_0.426	230	0.844803838652329	0.830350701131031	0.869662367251128	0.906287371257943	0.08	0.426	0.68687494468537	0.803225806451613	0.725890854722153
LC_k1_0.08_k2_0.426	240	0.840388722026424	0.819946526849424	0.864376117640931	0.916311915137415	0.08	0.426	0.68687494468537	0.803225806451613	0.725890854722153
LC_k1_0.08_k2_0.426	250	0.826850093601498	0.807269620313925	0.849690779052465		0.08	0.426	0.68687494468537	0.803225806451613	0.725890854722153
LC_k1_0.08_k2_0.426	260	0.812149701804874	0.788874437150299	0.836526939975216		0.08	0.426	0.68687494468537	0.803225806451613	0.725890854722153
LC_k1_0.08_k2_0.426	270	0.812853399909464	0.788667120871952	0.832957928092292		0.08	0.426	0.68687494468537	0.803225806451613	0.725890854722153
LC_k1_0.08_k2_0.426	280	0.80819379984803	0.782425067375131	0.830299949161159		0.08	0.426	0.68687494468537	0.803225806451613	0.725890854722153
LC_k1_0.08_k2_0.426	290	0.803850880181855	0.782900694624685	0.825621773353326		0.08	0.426	0.68687494468537	0.803225806451613	0.725890854722153
LC_k1_0.08_k2_0.426	300	0.808311647907199	0.789538994877721	0.828349203880043		0.08	0.426	0.68687494468537	0.803225806451613	0.725890854722153
LC_k1_0.08_k2_0.426	365	0.822763021842294	0.808030886696954	0.853827892296341		0.08	0.426	0.68687494468537	0.803225806451613	0.725890854722153
LC_k1_0.08_k2_0.439	10	0.6	0.539393939393939	0.0181818181818182	0.781818181818182	0.08	0.439	0.67935215505797	0.795698924731183	0.718165960627959
LC_k1_0.08_k2_0.439	20	0.795488721804511	0.821052631578947	0.389473684210526	0.753383458646617	0.08	0.439	0.67935215505797	0.795698924731183	0.718165960627959
LC_k1_0.08_k2_0.439	30	0.903003337041157	0.87853170189099	0.606674082313682	0.808231368186874	0.08	0.439	0.67935215505797	0.795698924731183	0.718165960627959
LC_k1_0.08_k2_0.439	40	0.886116322701689	0.868855534709194	0.728705440900563	0.839212007504691	0.08	0.439	0.67935215505797	0.795698924731183	0.718165960627959
LC_k1_0.08_k2_0.439	50	0.903481392557023	0.878319327731093	0.815414165666267	0.814933973589436	0.08	0.439	0.67935215505797	0.795698924731183	0.718165960627959
LC_k1_0.08_k2_0.439	60	0.882689636010003	0.862406223951098	0.821116976938039	0.83223117532648	0.08	0.439	0.67935215505797	0.795698924731183	0.718165960627959
LC_k1_0.08_k2_0.439	70	0.87885574315458	0.875811390079608	0.855445717784971	0.856285539322894	0.08	0.439	0.67935215505797	0.795698924731183	0.718165960627959
LC_k1_0.08_k2_0.439	80	0.886474449132677	0.884388185654009	0.87037037037037	0.876980778246601	0.08	0.439	0.67935215505797	0.795698924731183	0.718165960627959
LC_k1_0.08_k2_0.439	90	0.883096678602297	0.888743466271556	0.888562373955632	0.902160760587727	0.08	0.439	0.67935215505797	0.795698924731183	0.718165960627959
LC_k1_0.08_k2_0.439	100	0.882376237623762	0.894977497749775	0.896945694569457	0.91031503150315	0.08	0.439	0.67935215505797	0.795698924731183	0.718165960627959
LC_k1_0.08_k2_0.439	110	0.883939318801704	0.898203457836485	0.903739602822171	0.923098077226518	0.08	0.439	0.67935215505797	0.795698924731183	0.718165960627959
LC_k1_0.08_k2_0.439	120	0.892284186401833	0.902395999722203	0.910924369747899	0.932009167303285	0.08	0.439	0.67935215505797	0.795698924731183	0.718165960627959
LC_k1_0.08_k2_0.439	130	0.904163651012577	0.911057094866788	0.922254844392249	0.930628576110557	0.08	0.439	0.67935215505797	0.795698924731183	0.718165960627959
LC_k1_0.08_k2_0.439	140	0.911438630250815	0.915007325446634	0.927690188274912	0.930449804290306	0.08	0.439	0.67935215505797	0.795698924731183	0.718165960627959
LC_k1_0.08_k2_0.439	150	0.908116805191342	0.908177252322325	0.922844570869817	0.925191341837415	0.08	0.439	0.67935215505797	0.795698924731183	0.718165960627959
LC_k1_0.08_k2_0.439	160	0.897896402203211	0.89800480487519	0.916869799601547	0.923344661900855	0.08	0.439	0.67935215505797	0.795698924731183	0.718165960627959
LC_k1_0.08_k2_0.439	170	0.899297146451231	0.897768088861206	0.916317071830289	0.908376231215003	0.08	0.439	0.67935215505797	0.795698924731183	0.718165960627959
LC_k1_0.08_k2_0.439	180	0.884910028087287	0.881337901375557	0.903760404127699	0.903126639711102	0.08	0.439	0.67935215505797	0.795698924731183	0.718165960627959
LC_k1_0.08_k2_0.439	190	0.879289847655789	0.873511002637484	0.896790842726362	0.897758357499333	0.08	0.439	0.67935215505797	0.795698924731183	0.718165960627959
LC_k1_0.08_k2_0.439	200	0.871415285382135	0.863451586289657	0.892679816995425	0.900181504537614	0.08	0.439	0.67935215505797	0.795698924731183	0.718165960627959
LC_k1_0.08_k2_0.439	210	0.859179184497219	0.850207163751689	0.882240284036243	0.900735034484099	0.08	0.439	0.67935215505797	0.795698924731183	0.718165960627959
LC_k1_0.08_k2_0.439	220	0.850675352045215	0.83726297876177	0.873746076646963	0.902751559480004	0.08	0.439	0.67935215505797	0.795698924731183	0.718165960627959
LC_k1_0.08_k2_0.439	230	0.846885903160823	0.833908259957244	0.871735555122683	0.908271792760116	0.08	0.439	0.67935215505797	0.795698924731183	0.718165960627959
LC_k1_0.08_k2_0.439	240	0.847764718137468	0.829141130922412	0.872170523793816	0.91652025208771	0.08	0.439	0.67935215505797	0.795698924731183	0.718165960627959
LC_k1_0.08_k2_0.439	250	0.827647290356646	0.805027024432391	0.848732299716795		0.08	0.439	0.67935215505797	0.795698924731183	0.718165960627959
LC_k1_0.08_k2_0.439	260	0.81523713937507	0.791437515575446	0.835709677088987		0.08	0.439	0.67935215505797	0.795698924731183	0.718165960627959
LC_k1_0.08_k2_0.439	270	0.815708491657407	0.788039159202001	0.83628124757084		0.08	0.439	0.67935215505797	0.795698924731183	0.718165960627959
LC_k1_0.08_k2_0.439	280	0.810564092472025	0.784176547441385	0.832382701674402		0.08	0.439	0.67935215505797	0.795698924731183	0.718165960627959
LC_k1_0.08_k2_0.439	290	0.812143569709099	0.789791587992969	0.829395158661528		0.08	0.439	0.67935215505797	0.795698924731183	0.718165960627959
LC_k1_0.08_k2_0.439	300	0.808453871709686	0.790354115045723	0.828046533850376		0.08	0.439	0.67935215505797	0.795698924731183	0.718165960627959
LC_k1_0.08_k2_0.439	365	0.823975440683278	0.808853396771654	0.854881633076109		0.08	0.439	0.67935215505797	0.795698924731183	0.718165960627959
LC_k1_0.08_k2_0.452	10	0.503030303030303	0.454545454545455	0.0545454545454545	0.721212121212121	0.08	0.452	0.669793787060802	0.785663082437276	0.709693496137553
LC_k1_0.08_k2_0.452	20	0.753383458646617	0.780451127819549	0.381954887218045	0.727819548872181	0.08	0.452	0.669793787060802	0.785663082437276	0.709693496137553
LC_k1_0.08_k2_0.452	30	0.875862068965517	0.876751946607342	0.599555061179088	0.800667408231368	0.08	0.452	0.669793787060802	0.785663082437276	0.709693496137553
LC_k1_0.08_k2_0.452	40	0.874859287054409	0.854409005628518	0.722138836772983	0.836022514071295	0.08	0.452	0.669793787060802	0.785663082437276	0.709693496137553
LC_k1_0.08_k2_0.452	50	0.895510204081633	0.869867947178872	0.809171668667467	0.819639855942377	0.08	0.452	0.669793787060802	0.785663082437276	0.709693496137553
LC_k1_0.08_k2_0.452	60	0.884356765768269	0.865295915532092	0.827007502083912	0.830286190608503	0.08	0.452	0.669793787060802	0.785663082437276	0.709693496137553
LC_k1_0.08_k2_0.452	70	0.876966144694253	0.873361910593999	0.851386580351675	0.854430933426647	0.08	0.452	0.669793787060802	0.785663082437276	0.709693496137553
LC_k1_0.08_k2_0.452	80	0.886966713548992	0.884364744491327	0.869127988748242	0.88117674636662	0.08	0.452	0.669793787060802	0.785663082437276	0.709693496137553
LC_k1_0.08_k2_0.452	90	0.885105157015269	0.889862946042721	0.889006873276536	0.901123595505618	0.08	0.452	0.669793787060802	0.785663082437276	0.709693496137553
LC_k1_0.08_k2_0.452	100	0.886156615661566	0.897581758175818	0.899081908190819	0.90981098109811	0.08	0.452	0.669793787060802	0.785663082437276	0.709693496137553
LC_k1_0.08_k2_0.452	110	0.888510695850145	0.901710885197124	0.906642923156685	0.923206275499853	0.08	0.452	0.669793787060802	0.785663082437276	0.709693496137553
LC_k1_0.08_k2_0.452	120	0.893242586290714	0.901798736023335	0.911160497256754	0.932023057156747	0.08	0.452	0.669793787060802	0.785663082437276	0.709693496137553
LC_k1_0.08_k2_0.452	130	0.904240123448361	0.91080582829207	0.920632536290267	0.931748351063103	0.08	0.452	0.669793787060802	0.785663082437276	0.709693496137553
LC_k1_0.08_k2_0.452	140	0.907454461962345	0.910944435940609	0.922083488224618	0.927213487568608	0.08	0.452	0.669793787060802	0.785663082437276	0.709693496137553
LC_k1_0.08_k2_0.452	150	0.907864349526646	0.90826258944842	0.921820525356683	0.925077559002622	0.08	0.452	0.669793787060802	0.785663082437276	0.709693496137553
LC_k1_0.08_k2_0.452	160	0.905560764092347	0.905335169342552	0.921238134302121	0.924622055549045	0.08	0.452	0.669793787060802	0.785663082437276	0.709693496137553
LC_k1_0.08_k2_0.452	170	0.904157888630382	0.904067513022026	0.918991701320827	0.910936059257088	0.08	0.452	0.669793787060802	0.785663082437276	0.709693496137553
LC_k1_0.08_k2_0.452	180	0.893692192145848	0.890648888340175	0.912470549502557	0.903885922405012	0.08	0.452	0.669793787060802	0.785663082437276	0.709693496137553
LC_k1_0.08_k2_0.452	190	0.88818643467307	0.881366592747139	0.904653431134555	0.898708376525957	0.08	0.452	0.669793787060802	0.785663082437276	0.709693496137553
LC_k1_0.08_k2_0.452	200	0.875498387459687	0.867902197554939	0.896795919897998	0.901353033825846	0.08	0.452	0.669793787060802	0.785663082437276	0.709693496137553
LC_k1_0.08_k2_0.452	210	0.86444137055262	0.855839944540369	0.887600949810977	0.900855542561704	0.08	0.452	0.669793787060802	0.785663082437276	0.709693496137553
LC_k1_0.08_k2_0.452	220	0.851706552915256	0.842610572344658	0.876277308509379	0.903169674805452	0.08	0.452	0.669793787060802	0.785663082437276	0.709693496137553
LC_k1_0.08_k2_0.452	230	0.852069859132703	0.841027322781642	0.876916552215584	0.909106196632302	0.08	0.452	0.669793787060802	0.785663082437276	0.709693496137553
LC_k1_0.08_k2_0.452	240	0.851745690029341	0.836845257730169	0.877277383287904	0.91673640167364	0.08	0.452	0.669793787060802	0.785663082437276	0.709693496137553
LC_k1_0.08_k2_0.452	250	0.833202323237172	0.81385148562377	0.85701377622042		0.08	0.452	0.669793787060802	0.785663082437276	0.709693496137553
LC_k1_0.08_k2_0.452	260	0.817867810971259	0.795468526503009	0.838061782889369		0.08	0.452	0.669793787060802	0.785663082437276	0.709693496137553
LC_k1_0.08_k2_0.452	270	0.82119431603238	0.794966856731764	0.839071714137216		0.08	0.452	0.669793787060802	0.785663082437276	0.709693496137553
LC_k1_0.08_k2_0.452	280	0.817308712028032	0.793144956294996	0.836606698700603		0.08	0.452	0.669793787060802	0.785663082437276	0.709693496137553
LC_k1_0.08_k2_0.452	290	0.813644756118712	0.791642608403643	0.830977530176873		0.08	0.452	0.669793787060802	0.785663082437276	0.709693496137553
LC_k1_0.08_k2_0.452	300	0.807063189590996	0.787480749786109	0.826928299203325		0.08	0.452	0.669793787060802	0.785663082437276	0.709693496137553
LC_k1_0.08_k2_0.452	365	0.826470610009797	0.811391258640304	0.857419988500159		0.08	0.452	0.669793787060802	0.785663082437276	0.709693496137553
LC_k1_0.08_k2_0.466	10	0.733333333333333	0.345454545454545	-0.224242424242424	0.684848484848485	0.08	0.466	0.661474466766971	0.777598566308244	0.700224271118864
LC_k1_0.08_k2_0.466	20	0.819548872180451	0.809022556390977	0.455639097744361	0.754887218045113	0.08	0.466	0.661474466766971	0.777598566308244	0.700224271118864
LC_k1_0.08_k2_0.466	30	0.871857619577308	0.853615127919911	0.538153503893215	0.79888765294772	0.08	0.466	0.661474466766971	0.777598566308244	0.700224271118864
LC_k1_0.08_k2_0.466	40	0.90093808630394	0.887804878048781	0.726454033771107	0.820262664165103	0.08	0.466	0.661474466766971	0.777598566308244	0.700224271118864
LC_k1_0.08_k2_0.466	50	0.889267707082833	0.865546218487395	0.798031212484994	0.833949579831933	0.08	0.466	0.661474466766971	0.777598566308244	0.700224271118864
LC_k1_0.08_k2_0.466	60	0.89647124201167	0.869908307863296	0.82645179216449	0.845457071408725	0.08	0.466	0.661474466766971	0.777598566308244	0.700224271118864
LC_k1_0.08_k2_0.466	70	0.891872976992389	0.890858192634065	0.863703962907882	0.864158866240924	0.08	0.466	0.661474466766971	0.777598566308244	0.700224271118864
LC_k1_0.08_k2_0.466	80	0.895733708391936	0.898921706516643	0.883895921237694	0.873863103609939	0.08	0.466	0.661474466766971	0.777598566308244	0.700224271118864
LC_k1_0.08_k2_0.466	90	0.89746882331152	0.903922294933531	0.899855949294152	0.890998888751698	0.08	0.466	0.661474466766971	0.777598566308244	0.700224271118864
LC_k1_0.08_k2_0.466	100	0.908646864686469	0.916015601560156	0.914203420342034	0.898865886588659	0.08	0.466	0.661474466766971	0.777598566308244	0.700224271118864
LC_k1_0.08_k2_0.466	110	0.911214300205126	0.918355386245294	0.92223249103983	0.914541397110204	0.08	0.466	0.661474466766971	0.777598566308244	0.700224271118864
LC_k1_0.08_k2_0.466	120	0.91479963886381	0.919042989096465	0.925994860754219	0.922036252517536	0.08	0.466	0.661474466766971	0.777598566308244	0.700224271118864
LC_k1_0.08_k2_0.466	130	0.912919744909803	0.915274003468571	0.924669188436275	0.924450695762608	0.08	0.466	0.661474466766971	0.777598566308244	0.700224271118864
LC_k1_0.08_k2_0.466	140	0.914692440576414	0.915637095187072	0.927506505433951	0.926295073363802	0.08	0.466	0.661474466766971	0.777598566308244	0.700224271118864
LC_k1_0.08_k2_0.466	150	0.911868083025912	0.912294768656385	0.928523045468688	0.928448375483355	0.08	0.466	0.661474466766971	0.777598566308244	0.700224271118864
LC_k1_0.08_k2_0.466	160	0.911977030352748	0.911906715106059	0.927710066799484	0.919749794913864	0.08	0.466	0.661474466766971	0.777598566308244	0.700224271118864
LC_k1_0.08_k2_0.466	170	0.910789504216511	0.906947319569373	0.928410305261937	0.914695196047899	0.08	0.466	0.661474466766971	0.777598566308244	0.700224271118864
LC_k1_0.08_k2_0.466	180	0.907976583639413	0.903931191291912	0.923960616068397	0.902935275780117	0.08	0.466	0.661474466766971	0.777598566308244	0.700224271118864
LC_k1_0.08_k2_0.466	190	0.905213295017649	0.897700621536389	0.923256658224969	0.897284222773338	0.08	0.466	0.661474466766971	0.777598566308244	0.700224271118864
LC_k1_0.08_k2_0.466	200	0.896768919222981	0.888788719717993	0.914739368484212	0.898904972624316	0.08	0.466	0.661474466766971	0.777598566308244	0.700224271118864
LC_k1_0.08_k2_0.466	210	0.889289358683223	0.882469638119426	0.907410922826238	0.899999028160664	0.08	0.466	0.661474466766971	0.777598566308244	0.700224271118864
LC_k1_0.08_k2_0.466	220	0.886067518299589	0.876491437651792	0.902753813470977	0.896772848424742	0.08	0.466	0.661474466766971	0.777598566308244	0.700224271118864
LC_k1_0.08_k2_0.466	230	0.868668183914054	0.856123523334459	0.888329934732061	0.903525750877184	0.08	0.466	0.661474466766971	0.777598566308244	0.700224271118864
LC_k1_0.08_k2_0.466	240	0.864271081095158	0.84936978072536	0.882620357992326	0.913670376221809	0.08	0.466	0.661474466766971	0.777598566308244	0.700224271118864
LC_k1_0.08_k2_0.466	250	0.849588633418135	0.832769932318917	0.866888110209763		0.08	0.466	0.661474466766971	0.777598566308244	0.700224271118864
LC_k1_0.08_k2_0.466	260	0.843734147182423	0.825199963130998	0.861629951285124		0.08	0.466	0.661474466766971	0.777598566308244	0.700224271118864
LC_k1_0.08_k2_0.466	270	0.832189132300245	0.808199777165058	0.850276867080938		0.08	0.466	0.661474466766971	0.777598566308244	0.700224271118864
LC_k1_0.08_k2_0.466	280	0.829440062099918	0.804029388129951	0.841145568547704		0.08	0.466	0.661474466766971	0.777598566308244	0.700224271118864
LC_k1_0.08_k2_0.466	290	0.808492208074966	0.780827276227402	0.825451038615818		0.08	0.466	0.661474466766971	0.777598566308244	0.700224271118864
LC_k1_0.08_k2_0.466	300	0.808196979966444	0.78905765619618	0.824211824575829		0.08	0.466	0.661474466766971	0.777598566308244	0.700224271118864
LC_k1_0.08_k2_0.466	365	0.828618563112163	0.814605044629747	0.854377959790041		0.08	0.466	0.661474466766971	0.777598566308244	0.700224271118864
LC_k1_0.08_k2_0.479	10	0.36969696969697	0.345454545454545	0.0666666666666667	0.818181818181818	0.08	0.479	0.654659704398619	0.76989247311828	0.692000996760528
LC_k1_0.08_k2_0.479	20	0.750375939849624	0.801503759398496	0.366917293233083	0.726315789473684	0.08	0.479	0.654659704398619	0.76989247311828	0.692000996760528
LC_k1_0.08_k2_0.479	30	0.871412680756396	0.873192436040045	0.574638487208009	0.79888765294772	0.08	0.479	0.654659704398619	0.76989247311828	0.692000996760528
LC_k1_0.08_k2_0.479	40	0.883302063789869	0.87016885553471	0.732082551594747	0.818011257035647	0.08	0.479	0.654659704398619	0.76989247311828	0.692000996760528
LC_k1_0.08_k2_0.479	50	0.917406962785114	0.893493397358944	0.824825930372149	0.819255702280912	0.08	0.479	0.654659704398619	0.76989247311828	0.692000996760528
LC_k1_0.08_k2_0.479	60	0.891858849680467	0.873909419283135	0.822283967768825	0.838343984440122	0.08	0.479	0.654659704398619	0.76989247311828	0.692000996760528
LC_k1_0.08_k2_0.479	70	0.896946898784008	0.895057300323681	0.866188434957572	0.860904557781471	0.08	0.479	0.654659704398619	0.76989247311828	0.692000996760528
LC_k1_0.08_k2_0.479	80	0.907055789967182	0.909423347398031	0.883802156586967	0.885513361462729	0.08	0.479	0.654659704398619	0.76989247311828	0.692000996760528
LC_k1_0.08_k2_0.479	90	0.896991398114994	0.902325389965839	0.898456599580195	0.905305181709676	0.08	0.479	0.654659704398619	0.76989247311828	0.692000996760528
LC_k1_0.08_k2_0.479	100	0.894953495349535	0.906918691869187	0.906186618661866	0.912487248724872	0.08	0.479	0.654659704398619	0.76989247311828	0.692000996760528
LC_k1_0.08_k2_0.479	110	0.894533733065843	0.908338029438947	0.911638076775691	0.925911232333251	0.08	0.479	0.654659704398619	0.76989247311828	0.692000996760528
LC_k1_0.08_k2_0.479	120	0.899444405861518	0.909417320647267	0.915806653239808	0.932078616570595	0.08	0.479	0.654659704398619	0.76989247311828	0.692000996760528
LC_k1_0.08_k2_0.479	130	0.906741864561854	0.912799573939286	0.923511177265837	0.937789673490011	0.08	0.479	0.654659704398619	0.76989247311828	0.692000996760528
LC_k1_0.08_k2_0.479	140	0.916717325227964	0.91942883383263	0.932076709453106	0.932745839802322	0.08	0.479	0.654659704398619	0.76989247311828	0.692000996760528
LC_k1_0.08_k2_0.479	150	0.920238232810347	0.920416018489711	0.934155295790924	0.919118183030357	0.08	0.479	0.654659704398619	0.76989247311828	0.692000996760528
LC_k1_0.08_k2_0.479	160	0.903761865697879	0.904702332122348	0.918903082151646	0.920792804406422	0.08	0.479	0.654659704398619	0.76989247311828	0.692000996760528
LC_k1_0.08_k2_0.479	170	0.907675209604241	0.906527195119717	0.923214929073467	0.911786078492437	0.08	0.479	0.654659704398619	0.76989247311828	0.692000996760528
LC_k1_0.08_k2_0.479	180	0.897540047532331	0.894338302622509	0.915608506435384	0.901536055639577	0.08	0.479	0.654659704398619	0.76989247311828	0.692000996760528
LC_k1_0.08_k2_0.479	190	0.894283702274885	0.88858008896587	0.909162084968092	0.894143736304111	0.08	0.479	0.654659704398619	0.76989247311828	0.692000996760528
LC_k1_0.08_k2_0.479	200	0.878085952148804	0.871101777544439	0.899459986499663	0.897889447236181	0.08	0.479	0.654659704398619	0.76989247311828	0.692000996760528
LC_k1_0.08_k2_0.479	210	0.87067021280042	0.860968664660358	0.894050075641495	0.903146491821972	0.08	0.479	0.654659704398619	0.76989247311828	0.692000996760528
LC_k1_0.08_k2_0.479	220	0.84275933574886	0.833829023514761	0.864230853755431	0.89945622467782	0.08	0.479	0.654659704398619	0.76989247311828	0.692000996760528
LC_k1_0.08_k2_0.479	230	0.836239856592999	0.828037844062146	0.858621803486053	0.90433155225257	0.08	0.479	0.654659704398619	0.76989247311828	0.692000996760528
LC_k1_0.08_k2_0.479	240	0.841363565339676	0.826406708449799	0.863120019444782	0.914146946995607	0.08	0.479	0.654659704398619	0.76989247311828	0.692000996760528
LC_k1_0.08_k2_0.479	250	0.831907454519272	0.815324533192531	0.85556991311861		0.08	0.479	0.654659704398619	0.76989247311828	0.692000996760528
LC_k1_0.08_k2_0.479	260	0.814694345728828	0.798923971337764	0.835283635283635		0.08	0.479	0.654659704398619	0.76989247311828	0.692000996760528
LC_k1_0.08_k2_0.479	270	0.817038185251741	0.789850493300472	0.834295547416441		0.08	0.479	0.654659704398619	0.76989247311828	0.692000996760528
LC_k1_0.08_k2_0.479	280	0.818452312620606	0.795218962340992	0.835783984125162		0.08	0.479	0.654659704398619	0.76989247311828	0.692000996760528
LC_k1_0.08_k2_0.479	290	0.813423834224934	0.790295919710391	0.834494075332398		0.08	0.479	0.654659704398619	0.76989247311828	0.692000996760528
LC_k1_0.08_k2_0.479	300	0.803479149768331	0.785274058600651	0.82504605606729		0.08	0.479	0.654659704398619	0.76989247311828	0.692000996760528
LC_k1_0.08_k2_0.479	365	0.82526707516602	0.808919286417602	0.855913657418261		0.08	0.479	0.654659704398619	0.76989247311828	0.692000996760528
LC_k1_0.08_k2_0.492	10	0.563636363636364	0.527272727272727	0.212121212121212	0.890909090909091	0.08	0.492	0.645366846623595	0.7584229390681	0.682157986543733
LC_k1_0.08_k2_0.492	20	0.772932330827068	0.790977443609023	0.33984962406015	0.744360902255639	0.08	0.492	0.645366846623595	0.7584229390681	0.682157986543733
LC_k1_0.08_k2_0.492	30	0.881201334816463	0.872747497219132	0.579977753058954	0.753503893214683	0.08	0.492	0.645366846623595	0.7584229390681	0.682157986543733
LC_k1_0.08_k2_0.492	40	0.853846153846154	0.845966228893058	0.6953095684803	0.835084427767355	0.08	0.492	0.645366846623595	0.7584229390681	0.682157986543733
LC_k1_0.08_k2_0.492	50	0.88561824729892	0.86765906362545	0.799183673469388	0.815606242496999	0.08	0.492	0.645366846623595	0.7584229390681	0.682157986543733
LC_k1_0.08_k2_0.492	60	0.869908307863296	0.861350375104196	0.808280077799389	0.839455404278967	0.08	0.492	0.645366846623595	0.7584229390681	0.682157986543733
LC_k1_0.08_k2_0.492	70	0.866678330854693	0.870212579826787	0.839664071384831	0.862899133934039	0.08	0.492	0.645366846623595	0.7584229390681	0.682157986543733
LC_k1_0.08_k2_0.492	80	0.894022503516174	0.892522269104548	0.872503516174402	0.882419127988748	0.08	0.492	0.645366846623595	0.7584229390681	0.682157986543733
LC_k1_0.08_k2_0.492	90	0.887887393505371	0.893320162983084	0.882388772276413	0.897814545005556	0.08	0.492	0.645366846623595	0.7584229390681	0.682157986543733
LC_k1_0.08_k2_0.492	100	0.869378937893789	0.886240624062406	0.884632463246325	0.913243324332433	0.08	0.492	0.645366846623595	0.7584229390681	0.682157986543733
LC_k1_0.08_k2_0.492	110	0.873020309717557	0.890629578702973	0.893749295584158	0.92618172801659	0.08	0.492	0.645366846623595	0.7584229390681	0.682157986543733
LC_k1_0.08_k2_0.492	120	0.881345926800472	0.894145426765748	0.900791721647337	0.930641016737273	0.08	0.492	0.645366846623595	0.7584229390681	0.682157986543733
LC_k1_0.08_k2_0.492	130	0.891884362752461	0.90106651736334	0.912286116156168	0.931944994469404	0.08	0.492	0.645366846623595	0.7584229390681	0.682157986543733
LC_k1_0.08_k2_0.492	140	0.906649756182896	0.910257811987492	0.923211825676237	0.929352080645514	0.08	0.492	0.645366846623595	0.7584229390681	0.682157986543733
LC_k1_0.08_k2_0.492	150	0.896198053246811	0.898256811413841	0.913233477043424	0.926578070136451	0.08	0.492	0.645366846623595	0.7584229390681	0.682157986543733
LC_k1_0.08_k2_0.492	160	0.902083089183171	0.902967889370678	0.916239892183288	0.926617250673854	0.08	0.492	0.645366846623595	0.7584229390681	0.682157986543733
LC_k1_0.08_k2_0.492	170	0.902362589383309	0.902821795177118	0.920313139270034	0.912347872814651	0.08	0.492	0.645366846623595	0.7584229390681	0.682157986543733
LC_k1_0.08_k2_0.492	180	0.90085702233608	0.899719127133553	0.918746463368211	0.908167947570398	0.08	0.492	0.645366846623595	0.7584229390681	0.682157986543733
LC_k1_0.08_k2_0.492	190	0.882540557327	0.879407069156312	0.90350046145031	0.901567181479003	0.08	0.492	0.645366846623595	0.7584229390681	0.682157986543733
LC_k1_0.08_k2_0.492	200	0.881021525538139	0.872561314032851	0.902854571364284	0.904084602115053	0.08	0.492	0.645366846623595	0.7584229390681	0.682157986543733
LC_k1_0.08_k2_0.492	210	0.865853777053578	0.856826037519477	0.889720855348194	0.90899955619337	0.08	0.492	0.645366846623595	0.7584229390681	0.682157986543733
LC_k1_0.08_k2_0.492	220	0.840934730056406	0.832947713044409	0.863473512788581	0.905319982193472	0.08	0.492	0.645366846623595	0.7584229390681	0.682157986543733
LC_k1_0.08_k2_0.492	230	0.837792281764182	0.830755081258214	0.860650608172917	0.912030555356927	0.08	0.492	0.645366846623595	0.7584229390681	0.682157986543733
LC_k1_0.08_k2_0.492	240	0.839248945294189	0.827964027153249	0.860581780933697	0.919262487195958	0.08	0.492	0.645366846623595	0.7584229390681	0.682157986543733
LC_k1_0.08_k2_0.492	250	0.83467229875678	0.817977247635962	0.856394758316133		0.08	0.492	0.645366846623595	0.7584229390681	0.682157986543733
LC_k1_0.08_k2_0.492	260	0.823648051234258	0.802704409600961	0.842789891065753		0.08	0.492	0.645366846623595	0.7584229390681	0.682157986543733
LC_k1_0.08_k2_0.492	270	0.821251015484132	0.794666898341846	0.840013656642143		0.08	0.492	0.645366846623595	0.7584229390681	0.682157986543733
LC_k1_0.08_k2_0.492	280	0.81942754371867	0.792384013644489	0.838827208072989		0.08	0.492	0.645366846623595	0.7584229390681	0.682157986543733
LC_k1_0.08_k2_0.492	290	0.820822503527247	0.795669881678859	0.840215411147207		0.08	0.492	0.645366846623595	0.7584229390681	0.682157986543733
LC_k1_0.08_k2_0.492	300	0.811713019033545	0.792179468660763	0.830796786630963		0.08	0.492	0.645366846623595	0.7584229390681	0.682157986543733
LC_k1_0.08_k2_0.492	365	0.830944689714059	0.814914257088072	0.860340109026388		0.08	0.492	0.645366846623595	0.7584229390681	0.682157986543733
LC_k1_0.08_k2_0.506	10	0.636363636363636	0.624242424242424	0.151515151515152	0.866666666666667	0.08	0.506	0.637047526329764	0.750358422939068	0.674059307251433
LC_k1_0.08_k2_0.506	20	0.801503759398496	0.851127819548872	0.404511278195489	0.738345864661654	0.08	0.506	0.637047526329764	0.750358422939068	0.674059307251433
LC_k1_0.08_k2_0.506	30	0.881201334816463	0.907452725250278	0.608898776418243	0.802002224694105	0.08	0.506	0.637047526329764	0.750358422939068	0.674059307251433
LC_k1_0.08_k2_0.506	40	0.899812382739212	0.89906191369606	0.76078799249531	0.838649155722327	0.08	0.506	0.637047526329764	0.750358422939068	0.674059307251433
LC_k1_0.08_k2_0.506	50	0.911836734693878	0.901176470588235	0.825978391356543	0.784969987995198	0.08	0.506	0.637047526329764	0.750358422939068	0.674059307251433
LC_k1_0.08_k2_0.506	60	0.899583217560434	0.893859405390387	0.842845234787441	0.847179772158933	0.08	0.506	0.637047526329764	0.750358422939068	0.674059307251433
LC_k1_0.08_k2_0.506	70	0.892887761350713	0.896596973143207	0.864578777009885	0.859084944449304	0.08	0.506	0.637047526329764	0.750358422939068	0.674059307251433
LC_k1_0.08_k2_0.506	80	0.902320675105485	0.909142053445851	0.881903422409751	0.882114392873887	0.08	0.506	0.637047526329764	0.750358422939068	0.674059307251433
LC_k1_0.08_k2_0.506	90	0.891048277565132	0.899790097542907	0.894521957443306	0.893550644112442	0.08	0.506	0.637047526329764	0.750358422939068	0.674059307251433
LC_k1_0.08_k2_0.506	100	0.891581158115812	0.905850585058506	0.904746474647465	0.911347134713471	0.08	0.506	0.637047526329764	0.750358422939068	0.674059307251433
LC_k1_0.08_k2_0.506	110	0.89199107364245	0.907769988503933	0.910781507111782	0.926055496697698	0.08	0.506	0.637047526329764	0.750358422939068	0.674059307251433
LC_k1_0.08_k2_0.506	120	0.895888603375234	0.90767414403778	0.914028751996666	0.932023057156747	0.08	0.506	0.637047526329764	0.750358422939068	0.674059307251433
LC_k1_0.08_k2_0.506	130	0.905589315708258	0.913498750495022	0.923827991642655	0.937046798399541	0.08	0.506	0.637047526329764	0.750358422939068	0.674059307251433
LC_k1_0.08_k2_0.506	140	0.917307734359625	0.920447836259868	0.932898908836457	0.922280291268505	0.08	0.506	0.637047526329764	0.750358422939068	0.674059307251433
LC_k1_0.08_k2_0.506	150	0.914634428196809	0.917013200586693	0.930396906529179	0.922154762433886	0.08	0.506	0.637047526329764	0.750358422939068	0.674059307251433
LC_k1_0.08_k2_0.506	160	0.908388022969647	0.908496425641627	0.922398335872495	0.921205906480722	0.08	0.506	0.637047526329764	0.750358422939068	0.674059307251433
LC_k1_0.08_k2_0.506	170	0.909157858098082	0.909868650044883	0.925757659027486	0.913354217426616	0.08	0.506	0.637047526329764	0.750358422939068	0.674059307251433
LC_k1_0.08_k2_0.506	180	0.903838595841435	0.902206858236365	0.920143625832073	0.907239935388952	0.08	0.506	0.637047526329764	0.750358422939068	0.674059307251433
LC_k1_0.08_k2_0.506	190	0.896736605912688	0.892705585954415	0.915523538339741	0.894722845508186	0.08	0.506	0.637047526329764	0.750358422939068	0.674059307251433
LC_k1_0.08_k2_0.506	200	0.881461036525913	0.873644341108528	0.903328583214581	0.898315457886447	0.08	0.506	0.637047526329764	0.750358422939068	0.674059307251433
LC_k1_0.08_k2_0.506	210	0.857008743314555	0.849998542240997	0.883139559368045	0.900461623684373	0.08	0.506	0.637047526329764	0.750358422939068	0.674059307251433
LC_k1_0.08_k2_0.506	220	0.848914985095485	0.840541408631658	0.871802009432952	0.899671480815719	0.08	0.506	0.637047526329764	0.750358422939068	0.674059307251433
LC_k1_0.08_k2_0.506	230	0.841485949023447	0.832944651702958	0.862692234668692	0.905351379207464	0.08	0.506	0.637047526329764	0.750358422939068	0.674059307251433
LC_k1_0.08_k2_0.506	240	0.840367888331395	0.8283364294519	0.860040104862931	0.914561884754944	0.08	0.506	0.637047526329764	0.750358422939068	0.674059307251433
LC_k1_0.08_k2_0.506	250	0.833949599193587	0.819164594633514	0.854366437863006		0.08	0.506	0.637047526329764	0.750358422939068	0.674059307251433
LC_k1_0.08_k2_0.506	260	0.826054777778916	0.805085874051391	0.844875037978486		0.08	0.506	0.637047526329764	0.750358422939068	0.674059307251433
LC_k1_0.08_k2_0.506	270	0.822892860898869	0.79631849850097	0.839064398078925		0.08	0.506	0.637047526329764	0.750358422939068	0.674059307251433
LC_k1_0.08_k2_0.506	280	0.820740607114158	0.795908839945116	0.838272900711197		0.08	0.506	0.637047526329764	0.750358422939068	0.674059307251433
LC_k1_0.08_k2_0.506	290	0.8191884687628	0.797326057835777	0.838015540797361		0.08	0.506	0.637047526329764	0.750358422939068	0.674059307251433
LC_k1_0.08_k2_0.506	300	0.80788675429727	0.789964332937033	0.830505227835865		0.08	0.506	0.637047526329764	0.750358422939068	0.674059307251433
LC_k1_0.08_k2_0.506	365	0.823574673698186	0.807493651643663	0.853650952685312		0.08	0.506	0.637047526329764	0.750358422939068	0.674059307251433
LC_k1_0.08_k2_0.519	10	0.636363636363636	0.575757575757576	0.357575757575758	0.83030303030303	0.08	0.519	0.629701743517125	0.742114695340502	0.664714677298779
LC_k1_0.08_k2_0.519	20	0.750375939849624	0.792481203007519	0.32781954887218	0.717293233082707	0.08	0.519	0.629701743517125	0.742114695340502	0.664714677298779
LC_k1_0.08_k2_0.519	30	0.873637374860957	0.894994438264739	0.582202447163515	0.797552836484983	0.08	0.519	0.629701743517125	0.742114695340502	0.664714677298779
LC_k1_0.08_k2_0.519	40	0.888180112570357	0.886866791744841	0.740712945590995	0.823452157598499	0.08	0.519	0.629701743517125	0.742114695340502	0.664714677298779
LC_k1_0.08_k2_0.519	50	0.919519807923169	0.906650660264106	0.832509003601441	0.809555822328932	0.08	0.519	0.629701743517125	0.742114695340502	0.664714677298779
LC_k1_0.08_k2_0.519	60	0.90225062517366	0.897360377882745	0.843123089747152	0.847735482078355	0.08	0.519	0.629701743517125	0.742114695340502	0.664714677298779
LC_k1_0.08_k2_0.519	70	0.894987315195521	0.899291400577377	0.864893710086607	0.858805003936663	0.08	0.519	0.629701743517125	0.742114695340502	0.664714677298779
LC_k1_0.08_k2_0.519	80	0.897233942803563	0.908485700890764	0.878246601031411	0.889990623534927	0.08	0.519	0.629701743517125	0.742114695340502	0.664714677298779
LC_k1_0.08_k2_0.519	90	0.877976704942997	0.89707371280405	0.890126353047702	0.901354076634975	0.08	0.519	0.629701743517125	0.742114695340502	0.664714677298779
LC_k1_0.08_k2_0.519	100	0.897533753375338	0.911047104710471	0.907962796279628	0.904806480648065	0.08	0.519	0.629701743517125	0.742114695340502	0.664714677298779
LC_k1_0.08_k2_0.519	110	0.895588666230868	0.911033969749566	0.912152018574037	0.920041476004779	0.08	0.519	0.629701743517125	0.742114695340502	0.664714677298779
LC_k1_0.08_k2_0.519	120	0.900423640530592	0.911736926175429	0.916459476352524	0.926967150496562	0.08	0.519	0.629701743517125	0.742114695340502	0.664714677298779
LC_k1_0.08_k2_0.519	130	0.909238143358506	0.916748829015827	0.925483073645687	0.932818965164074	0.08	0.519	0.629701743517125	0.742114695340502	0.664714677298779
LC_k1_0.08_k2_0.519	140	0.917631366031795	0.920810828540815	0.932347860313573	0.924825610636111	0.08	0.519	0.629701743517125	0.742114695340502	0.664714677298779
LC_k1_0.08_k2_0.519	150	0.914989999555536	0.917560780479132	0.929742655229121	0.921240944041958	0.08	0.519	0.629701743517125	0.742114695340502	0.664714677298779
LC_k1_0.08_k2_0.519	160	0.909920309387085	0.909964256416266	0.924267549513653	0.91847533106762	0.08	0.519	0.629701743517125	0.742114695340502	0.664714677298779
LC_k1_0.08_k2_0.519	170	0.911746997148283	0.910940944425107	0.9265734820867	0.915103107577506	0.08	0.519	0.629701743517125	0.742114695340502	0.664714677298779
LC_k1_0.08_k2_0.519	180	0.906824284700145	0.905241931335329	0.923703406483739	0.900309680339928	0.08	0.519	0.629701743517125	0.742114695340502	0.664714677298779
LC_k1_0.08_k2_0.519	190	0.890999750685615	0.887861013791022	0.911244078783346	0.892082737384474	0.08	0.519	0.629701743517125	0.742114695340502	0.664714677298779
LC_k1_0.08_k2_0.519	200	0.877770944273607	0.869459236480912	0.899437485937149	0.894179854496363	0.08	0.519	0.629701743517125	0.742114695340502	0.664714677298779
LC_k1_0.08_k2_0.519	210	0.860662859216114	0.851417427670858	0.885654679568374	0.897727515687107	0.08	0.519	0.629701743517125	0.742114695340502	0.664714677298779
LC_k1_0.08_k2_0.519	220	0.850437555997588	0.839156331178894	0.872861385190152	0.901076844187239	0.08	0.519	0.629701743517125	0.742114695340502	0.664714677298779
LC_k1_0.08_k2_0.519	230	0.835509013485091	0.825720055528296	0.858188820862069	0.901376618445158	0.08	0.519	0.629701743517125	0.742114695340502	0.664714677298779
LC_k1_0.08_k2_0.519	240	0.84162485459817	0.829551728328617	0.859636452021736	0.911962013229396	0.08	0.519	0.629701743517125	0.742114695340502	0.664714677298779
LC_k1_0.08_k2_0.519	250	0.834139298228772	0.820103105649691	0.852980175682811		0.08	0.519	0.629701743517125	0.742114695340502	0.664714677298779
LC_k1_0.08_k2_0.519	260	0.829534801948595	0.804153907602183	0.848495027805373		0.08	0.519	0.629701743517125	0.742114695340502	0.664714677298779
LC_k1_0.08_k2_0.519	270	0.827122761933939	0.80081543566365	0.84379727812148		0.08	0.519	0.629701743517125	0.742114695340502	0.664714677298779
LC_k1_0.08_k2_0.519	280	0.822688882693475	0.797084693135663	0.840951506305656		0.08	0.519	0.629701743517125	0.742114695340502	0.664714677298779
LC_k1_0.08_k2_0.519	290	0.812500292143373	0.785858784658967	0.831516304060362		0.08	0.519	0.629701743517125	0.742114695340502	0.664714677298779
LC_k1_0.08_k2_0.519	300	0.810416560184002	0.791540350448338	0.83226080289781		0.08	0.519	0.629701743517125	0.742114695340502	0.664714677298779
LC_k1_0.08_k2_0.519	365	0.819683236144049	0.806023596883691	0.849199082974066		0.08	0.519	0.629701743517125	0.742114695340502	0.664714677298779
LC_k1_0.12_k2_0.199	10	0.503030303030303	0.0666666666666667	-0.515151515151515	0.539393939393939	0.12	0.199	0.70926630675281	0.82258064516129	0.746947420882133
LC_k1_0.12_k2_0.199	20	0.736842105263158	0.726315789473684	0.41203007518797	0.723308270676692	0.12	0.199	0.70926630675281	0.82258064516129	0.746947420882133
LC_k1_0.12_k2_0.199	30	0.839377085650723	0.845606229143493	0.544382647385984	0.81579532814238	0.12	0.199	0.70926630675281	0.82258064516129	0.746947420882133
LC_k1_0.12_k2_0.199	40	0.884427767354597	0.869793621013134	0.718386491557224	0.812570356472796	0.12	0.199	0.70926630675281	0.82258064516129	0.746947420882133
LC_k1_0.12_k2_0.199	50	0.874669867947179	0.848739495798319	0.795246098439376	0.789003601440576	0.12	0.199	0.70926630675281	0.82258064516129	0.746947420882133
LC_k1_0.12_k2_0.199	60	0.862572936926924	0.836621283689914	0.805334815226452	0.836732425673798	0.12	0.199	0.70926630675281	0.82258064516129	0.746947420882133
LC_k1_0.12_k2_0.199	70	0.872802029568717	0.8684279590587	0.851526550607996	0.875846382643688	0.12	0.199	0.70926630675281	0.82258064516129	0.746947420882133
LC_k1_0.12_k2_0.199	80	0.857337083919363	0.863220815752461	0.856047819971871	0.881106422878575	0.12	0.199	0.70926630675281	0.82258064516129	0.746947420882133
LC_k1_0.12_k2_0.199	90	0.867983701691567	0.876330411161872	0.879162036465407	0.896711528172202	0.12	0.199	0.70926630675281	0.82258064516129	0.746947420882133
LC_k1_0.12_k2_0.199	100	0.885628562856286	0.891509150915092	0.895625562556256	0.904494449444945	0.12	0.199	0.70926630675281	0.82258064516129	0.746947420882133
LC_k1_0.12_k2_0.199	110	0.88813200189347	0.898221490882041	0.904524040303857	0.919509501160877	0.12	0.199	0.70926630675281	0.82258064516129	0.746947420882133
LC_k1_0.12_k2_0.199	120	0.890513230085422	0.895902493228696	0.905680950065977	0.923390513230085	0.12	0.199	0.70926630675281	0.82258064516129	0.746947420882133
LC_k1_0.12_k2_0.199	130	0.892610850892406	0.895926477215311	0.906605306640812	0.921615753321771	0.12	0.199	0.70926630675281	0.82258064516129	0.746947420882133
LC_k1_0.12_k2_0.199	140	0.896778990181715	0.898965690669349	0.912982440795084	0.923343027705495	0.12	0.199	0.70926630675281	0.82258064516129	0.746947420882133
LC_k1_0.12_k2_0.199	150	0.897186541624072	0.897182985910485	0.916764300635584	0.917695897595449	0.12	0.199	0.70926630675281	0.82258064516129	0.746947420882133
LC_k1_0.12_k2_0.199	160	0.894181413336458	0.892212586429157	0.913682175084964	0.918536856908473	0.12	0.199	0.70926630675281	0.82258064516129	0.746947420882133
LC_k1_0.12_k2_0.199	170	0.890047080806786	0.887751051837739	0.91111925305781	0.905271706938771	0.12	0.199	0.70926630675281	0.82258064516129	0.746947420882133
LC_k1_0.12_k2_0.199	180	0.889358725063531	0.882317355473934	0.91328744714343	0.889391647890367	0.12	0.199	0.70926630675281	0.82258064516129	0.746947420882133
LC_k1_0.12_k2_0.199	190	0.882460076893806	0.874069116945943	0.903225778232667	0.88779278038027	0.12	0.199	0.70926630675281	0.82258064516129	0.746947420882133
LC_k1_0.12_k2_0.199	200	0.879981999549989	0.872072301807545	0.903787594689867	0.887302182554564	0.12	0.199	0.70926630675281	0.82258064516129	0.746947420882133
LC_k1_0.12_k2_0.199	210	0.869404230092681	0.860554013210536	0.888212560699465	0.889411162546608	0.12	0.199	0.70926630675281	0.82258064516129	0.746947420882133
LC_k1_0.12_k2_0.199	220	0.867068628390143	0.855772752630126	0.885794785391884	0.891475969638742	0.12	0.199	0.70926630675281	0.82258064516129	0.746947420882133
LC_k1_0.12_k2_0.199	230	0.863540446642782	0.845645146575467	0.880985010812237	0.896145320409607	0.12	0.199	0.70926630675281	0.82258064516129	0.746947420882133
LC_k1_0.12_k2_0.199	240	0.841765482039619	0.826172329380718	0.860227608118196	0.906918522891022	0.12	0.199	0.70926630675281	0.82258064516129	0.746947420882133
LC_k1_0.12_k2_0.199	250	0.823834877358038	0.809483031728508	0.843082033312533		0.12	0.199	0.70926630675281	0.82258064516129	0.746947420882133
LC_k1_0.12_k2_0.199	260	0.821022158953193	0.800777662846628	0.840856999477689		0.12	0.199	0.70926630675281	0.82258064516129	0.746947420882133
LC_k1_0.12_k2_0.199	270	0.814573283279301	0.790297382527728	0.826196670888642		0.12	0.199	0.70926630675281	0.82258064516129	0.746947420882133
LC_k1_0.12_k2_0.199	280	0.805842093466936	0.781342692053288	0.821200889953042		0.12	0.199	0.70926630675281	0.82258064516129	0.746947420882133
LC_k1_0.12_k2_0.199	290	0.800785035370874	0.772938052074095	0.811741580427993		0.12	0.199	0.70926630675281	0.82258064516129	0.746947420882133
LC_k1_0.12_k2_0.199	300	0.793997266636296	0.771860131779242	0.803903154479494		0.12	0.199	0.70926630675281	0.82258064516129	0.746947420882133
LC_k1_0.12_k2_0.199	365	0.811013195203629	0.792340760519516	0.836209198391997		0.12	0.199	0.70926630675281	0.82258064516129	0.746947420882133
LC_k1_0.12_k2_0.212	10	0.539393939393939	0.345454545454545	-0.321212121212121	0.806060606060606	0.12	0.212	0.702274537569697	0.815770609318996	0.741340642910541
LC_k1_0.12_k2_0.212	20	0.768421052631579	0.790977443609023	0.368421052631579	0.739849624060151	0.12	0.212	0.702274537569697	0.815770609318996	0.741340642910541
LC_k1_0.12_k2_0.212	30	0.862958843159066	0.861179087875417	0.559955506117909	0.81579532814238	0.12	0.212	0.702274537569697	0.815770609318996	0.741340642910541
LC_k1_0.12_k2_0.212	40	0.901688555347092	0.895497185741089	0.740712945590995	0.843714821763603	0.12	0.212	0.702274537569697	0.815770609318996	0.741340642910541
LC_k1_0.12_k2_0.212	50	0.881200480192077	0.854885954381753	0.79563025210084	0.80609843937575	0.12	0.212	0.702274537569697	0.815770609318996	0.741340642910541
LC_k1_0.12_k2_0.212	60	0.876243400944707	0.846901917199222	0.810614059460962	0.852347874409558	0.12	0.212	0.702274537569697	0.815770609318996	0.741340642910541
LC_k1_0.12_k2_0.212	70	0.865243635727408	0.864753739830286	0.841133759076196	0.874971568541685	0.12	0.212	0.702274537569697	0.815770609318996	0.741340642910541
LC_k1_0.12_k2_0.212	80	0.887107360525082	0.878668541959681	0.869690576652602	0.892194092827004	0.12	0.212	0.702274537569697	0.815770609318996	0.741340642910541
LC_k1_0.12_k2_0.212	90	0.881615014199284	0.88419969543565	0.880149812734082	0.903576573239495	0.12	0.212	0.702274537569697	0.815770609318996	0.741340642910541
LC_k1_0.12_k2_0.212	100	0.865442544254426	0.880372037203721	0.883684368436844	0.917983798379838	0.12	0.212	0.702274537569697	0.815770609318996	0.741340642910541
LC_k1_0.12_k2_0.212	110	0.865951355859613	0.882280278610554	0.888979555034601	0.930753105065032	0.12	0.212	0.702274537569697	0.815770609318996	0.741340642910541
LC_k1_0.12_k2_0.212	120	0.883790541009792	0.895714980206959	0.903875269115911	0.939731925828182	0.12	0.212	0.702274537569697	0.815770609318996	0.741340642910541
LC_k1_0.12_k2_0.212	130	0.883805596143604	0.891562086058802	0.903093036911606	0.93474716300919	0.12	0.212	0.702274537569697	0.815770609318996	0.741340642910541
LC_k1_0.12_k2_0.212	140	0.896118606634449	0.901646585467189	0.9156852025978	0.932343486912598	0.12	0.212	0.702274537569697	0.815770609318996	0.741340642910541
LC_k1_0.12_k2_0.212	150	0.906171829859105	0.906669629761323	0.924889106182497	0.920416018489711	0.12	0.212	0.702274537569697	0.815770609318996	0.741340642910541
LC_k1_0.12_k2_0.212	160	0.894298605414274	0.892842493847416	0.913641157857729	0.909870502754014	0.12	0.212	0.702274537569697	0.815770609318996	0.741340642910541
LC_k1_0.12_k2_0.212	170	0.891273257979617	0.88703293213891	0.909741635676382	0.904585340832066	0.12	0.212	0.702274537569697	0.815770609318996	0.741340642910541
LC_k1_0.12_k2_0.212	180	0.881142422091217	0.876393304320092	0.898161465888865	0.884648703149274	0.12	0.212	0.702274537569697	0.815770609318996	0.741340642910541
LC_k1_0.12_k2_0.212	190	0.878038901792002	0.869458987783595	0.897214239787952	0.885737030184537	0.12	0.212	0.702274537569697	0.815770609318996	0.741340642910541
LC_k1_0.12_k2_0.212	200	0.855889897247431	0.84676816920423	0.876792919822996	0.888268206705168	0.12	0.212	0.702274537569697	0.815770609318996	0.741340642910541
LC_k1_0.12_k2_0.212	210	0.85284020045806	0.839608931851386	0.873929114038867	0.890252127518279	0.12	0.212	0.702274537569697	0.815770609318996	0.741340642910541
LC_k1_0.12_k2_0.212	220	0.84038813724551	0.830380417326429	0.863834151344224	0.890909090909091	0.12	0.212	0.702274537569697	0.815770609318996	0.741340642910541
LC_k1_0.12_k2_0.212	230	0.825884766458148	0.812028336197693	0.847594061529888	0.89568570787481	0.12	0.212	0.702274537569697	0.815770609318996	0.741340642910541
LC_k1_0.12_k2_0.212	240	0.802072952655428	0.788764561884755	0.826773034254067	0.906779631590826	0.12	0.212	0.702274537569697	0.815770609318996	0.741340642910541
LC_k1_0.12_k2_0.212	250	0.79892055872894	0.783081073297173	0.820032448519176		0.12	0.212	0.702274537569697	0.815770609318996	0.741340642910541
LC_k1_0.12_k2_0.212	260	0.804592239074998	0.782418947936189	0.82401469298021		0.12	0.212	0.702274537569697	0.815770609318996	0.741340642910541
LC_k1_0.12_k2_0.212	270	0.802424358816079	0.779617766437887	0.816815045473875		0.12	0.212	0.702274537569697	0.815770609318996	0.741340642910541
LC_k1_0.12_k2_0.212	280	0.781642258556505	0.762571680032362	0.803865391869065		0.12	0.212	0.702274537569697	0.815770609318996	0.741340642910541
LC_k1_0.12_k2_0.212	290	0.782785067352886	0.759124283326178	0.793028659572401		0.12	0.212	0.702274537569697	0.815770609318996	0.741340642910541
LC_k1_0.12_k2_0.212	300	0.787388304314492	0.762319581328681	0.797635973733042		0.12	0.212	0.702274537569697	0.815770609318996	0.741340642910541
LC_k1_0.12_k2_0.212	365	0.803482773682639	0.784296547826752	0.833412960271258		0.12	0.212	0.702274537569697	0.815770609318996	0.741340642910541
LC_k1_0.12_k2_0.226	10	0.636363636363636	0.478787878787879	-0.2	0.842424242424242	0.12	0.226	0.694840251349677	0.808960573476703	0.733989534014453
LC_k1_0.12_k2_0.226	20	0.772932330827068	0.784962406015038	0.341353383458647	0.766917293233083	0.12	0.226	0.694840251349677	0.808960573476703	0.733989534014453
LC_k1_0.12_k2_0.226	30	0.892769744160178	0.866073414905451	0.594660734149055	0.809566184649611	0.12	0.226	0.694840251349677	0.808960573476703	0.733989534014453
LC_k1_0.12_k2_0.226	40	0.904502814258912	0.894183864915572	0.742213883677299	0.812945590994372	0.12	0.226	0.694840251349677	0.808960573476703	0.733989534014453
LC_k1_0.12_k2_0.226	50	0.877551020408163	0.849315726290516	0.793709483793517	0.81109243697479	0.12	0.226	0.694840251349677	0.808960573476703	0.733989534014453
LC_k1_0.12_k2_0.226	60	0.861239233120311	0.83878855237566	0.803723256460128	0.851403167546541	0.12	0.226	0.694840251349677	0.808960573476703	0.733989534014453
LC_k1_0.12_k2_0.226	70	0.864368821625405	0.861779371883475	0.840433907794594	0.874131747003762	0.12	0.226	0.694840251349677	0.808960573476703	0.733989534014453
LC_k1_0.12_k2_0.226	80	0.874566338490389	0.875246132208158	0.860853258321613	0.889381153305204	0.12	0.226	0.694840251349677	0.808960573476703	0.733989534014453
LC_k1_0.12_k2_0.226	90	0.866765444293534	0.872066510268757	0.874453636251389	0.902819278100177	0.12	0.226	0.694840251349677	0.808960573476703	0.733989534014453
LC_k1_0.12_k2_0.226	100	0.868682868286829	0.882040204020402	0.885868586858686	0.916279627962796	0.12	0.226	0.694840251349677	0.808960573476703	0.733989534014453
LC_k1_0.12_k2_0.226	110	0.869206320582467	0.884263913621712	0.891206636160765	0.930590807655028	0.12	0.226	0.694840251349677	0.808960573476703	0.733989534014453
LC_k1_0.12_k2_0.226	120	0.886957427599139	0.897951246614348	0.906160150010417	0.935703868324189	0.12	0.226	0.694840251349677	0.808960573476703	0.733989534014453
LC_k1_0.12_k2_0.226	130	0.888077127913805	0.895735296125852	0.906496060303978	0.936260224774338	0.12	0.226	0.694840251349677	0.808960573476703	0.733989534014453
LC_k1_0.12_k2_0.226	140	0.897002033631454	0.901524130239881	0.915798911023157	0.928341825020227	0.12	0.226	0.694840251349677	0.808960573476703	0.733989534014453
LC_k1_0.12_k2_0.226	150	0.900987599448864	0.900976932308103	0.918279034623761	0.924316636294946	0.12	0.226	0.694840251349677	0.808960573476703	0.733989534014453
LC_k1_0.12_k2_0.226	160	0.898095628735497	0.896979374194304	0.916026016641275	0.914317942107113	0.12	0.226	0.694840251349677	0.808960573476703	0.733989534014453
LC_k1_0.12_k2_0.226	170	0.892863380169882	0.889859001838045	0.909587752883776	0.908972221713351	0.12	0.226	0.694840251349677	0.808960573476703	0.733989534014453
LC_k1_0.12_k2_0.226	180	0.885270121505808	0.880020988302108	0.904719281459304	0.894035824150951	0.12	0.226	0.694840251349677	0.808960573476703	0.733989534014453
LC_k1_0.12_k2_0.226	190	0.873001876418796	0.864715890949013	0.893163974508698	0.887210172026926	0.12	0.226	0.694840251349677	0.808960573476703	0.733989534014453
LC_k1_0.12_k2_0.226	200	0.858214955373884	0.849982749568739	0.882164554113853	0.890492762319058	0.12	0.226	0.694840251349677	0.808960573476703	0.733989534014453
LC_k1_0.12_k2_0.226	210	0.849082421694046	0.837847958975422	0.87126757004532	0.892070114968593	0.12	0.226	0.694840251349677	0.808960573476703	0.733989534014453
LC_k1_0.12_k2_0.226	220	0.847121935276649	0.835270450741845	0.867715523799327	0.894258521494622	0.12	0.226	0.694840251349677	0.808960573476703	0.733989534014453
LC_k1_0.12_k2_0.226	230	0.831418856442589	0.818593102359953	0.854975478290458	0.89859921737651	0.12	0.226	0.694840251349677	0.808960573476703	0.733989534014453
LC_k1_0.12_k2_0.226	240	0.809704161530582	0.796635358252747	0.83618031563048	0.908864737235021	0.12	0.226	0.694840251349677	0.808960573476703	0.733989534014453
LC_k1_0.12_k2_0.226	250	0.802971055536889	0.787787452599242	0.824534536552585		0.12	0.226	0.694840251349677	0.808960573476703	0.733989534014453
LC_k1_0.12_k2_0.226	260	0.803284755008893	0.783617873273046	0.823773678946093		0.12	0.226	0.694840251349677	0.808960573476703	0.733989534014453
LC_k1_0.12_k2_0.226	270	0.808142468041781	0.786465596997977	0.823277563630655		0.12	0.226	0.694840251349677	0.808960573476703	0.733989534014453
LC_k1_0.12_k2_0.226	280	0.79194887689894	0.768361841350017	0.812915798853119		0.12	0.226	0.694840251349677	0.808960573476703	0.733989534014453
LC_k1_0.12_k2_0.226	290	0.790156674953288	0.767592627900369	0.803713603548527		0.12	0.226	0.694840251349677	0.808960573476703	0.733989534014453
LC_k1_0.12_k2_0.226	300	0.783682485360948	0.760398226646963	0.794791053233925		0.12	0.226	0.694840251349677	0.808960573476703	0.733989534014453
LC_k1_0.12_k2_0.226	365	0.808088879456497	0.789575369611301	0.837867050981805		0.12	0.226	0.694840251349677	0.808960573476703	0.733989534014453
LC_k1_0.12_k2_0.239	10	0.478787878787879	0.442424242424242	-0.139393939393939	0.842424242424242	0.12	0.239	0.685635896982034	0.799641577060932	0.726140044854224
LC_k1_0.12_k2_0.239	20	0.798496240601504	0.81203007518797	0.527819548872181	0.727819548872181	0.12	0.239	0.685635896982034	0.799641577060932	0.726140044854224
LC_k1_0.12_k2_0.239	30	0.882981090100111	0.881646273637375	0.60622914349277	0.79888765294772	0.12	0.239	0.685635896982034	0.799641577060932	0.726140044854224
LC_k1_0.12_k2_0.239	40	0.913508442776736	0.886491557223265	0.749906191369606	0.760975609756098	0.12	0.239	0.685635896982034	0.799641577060932	0.726140044854224
LC_k1_0.12_k2_0.239	50	0.872268907563025	0.850276110444178	0.797454981992797	0.780360144057623	0.12	0.239	0.685635896982034	0.799641577060932	0.726140044854224
LC_k1_0.12_k2_0.239	60	0.877910530702973	0.858127257571548	0.828118921922756	0.82367324256738	0.12	0.239	0.685635896982034	0.799641577060932	0.726140044854224
LC_k1_0.12_k2_0.239	70	0.887218965969731	0.881095267255708	0.854815851631528	0.840258944974193	0.12	0.239	0.685635896982034	0.799641577060932	0.726140044854224
LC_k1_0.12_k2_0.239	80	0.868049695264885	0.881762775433662	0.864721050164088	0.874074074074074	0.12	0.239	0.685635896982034	0.799641577060932	0.726140044854224
LC_k1_0.12_k2_0.239	90	0.89063670411985	0.89562497427666	0.885730748652097	0.876988928674322	0.12	0.239	0.685635896982034	0.799641577060932	0.726140044854224
LC_k1_0.12_k2_0.239	100	0.906438643864387	0.912667266726673	0.906762676267627	0.888544854485449	0.12	0.239	0.685635896982034	0.799641577060932	0.726140044854224
LC_k1_0.12_k2_0.239	110	0.911214300205126	0.916957825214706	0.916119288596353	0.903279760160494	0.12	0.239	0.685635896982034	0.799641577060932	0.726140044854224
LC_k1_0.12_k2_0.239	120	0.912111952218904	0.914952427251892	0.918480450031252	0.915299673588443	0.12	0.239	0.685635896982034	0.799641577060932	0.726140044854224
LC_k1_0.12_k2_0.239	130	0.912351663958268	0.914831555804394	0.92090018981551	0.916896311570553	0.12	0.239	0.685635896982034	0.799641577060932	0.726140044854224
LC_k1_0.12_k2_0.239	140	0.910104742953358	0.911303054820581	0.922490214515318	0.921943539393409	0.12	0.239	0.685635896982034	0.799641577060932	0.726140044854224
LC_k1_0.12_k2_0.239	150	0.915274456642518	0.913400595582026	0.926873194364194	0.916515400684475	0.12	0.239	0.685635896982034	0.799641577060932	0.726140044854224
LC_k1_0.12_k2_0.239	160	0.910104886909645	0.909202507910465	0.923666940114848	0.911528770655104	0.12	0.239	0.685635896982034	0.799641577060932	0.726140044854224
LC_k1_0.12_k2_0.239	170	0.908109989557954	0.904614651840182	0.925200749873291	0.899223868930942	0.12	0.239	0.685635896982034	0.799641577060932	0.726140044854224
LC_k1_0.12_k2_0.239	180	0.903678097060609	0.898363118203237	0.921526384559194	0.886052038643168	0.12	0.239	0.685635896982034	0.799641577060932	0.726140044854224
LC_k1_0.12_k2_0.239	190	0.896955302742021	0.889059472415769	0.917014175928478	0.88272426266364	0.12	0.239	0.685635896982034	0.799641577060932	0.726140044854224
LC_k1_0.12_k2_0.239	200	0.892252306307658	0.883145578639466	0.911779794494862	0.885730143253582	0.12	0.239	0.685635896982034	0.799641577060932	0.726140044854224
LC_k1_0.12_k2_0.239	210	0.885675412140865	0.87288989384275	0.900658583123038	0.883282095803922	0.12	0.239	0.685635896982034	0.799641577060932	0.726140044854224
LC_k1_0.12_k2_0.239	220	0.873994015653967	0.858823529411765	0.888658480922784	0.888142316990021	0.12	0.239	0.685635896982034	0.799641577060932	0.726140044854224
LC_k1_0.12_k2_0.239	230	0.865603771584406	0.84844917755493	0.88188155114299	0.896558577173728	0.12	0.239	0.685635896982034	0.799641577060932	0.726140044854224
LC_k1_0.12_k2_0.239	240	0.855694543308043	0.839913019323252	0.871257313495026	0.904065174742617	0.12	0.239	0.685635896982034	0.799641577060932	0.726140044854224
LC_k1_0.12_k2_0.239	250	0.836153794460712	0.81731829309269	0.851135410166563		0.12	0.239	0.685635896982034	0.799641577060932	0.726140044854224
LC_k1_0.12_k2_0.239	260	0.825557729006005	0.80149456011525	0.840238419548764		0.12	0.239	0.685635896982034	0.799641577060932	0.726140044854224
LC_k1_0.12_k2_0.239	270	0.811498100111112	0.789902925051555	0.830021750031627		0.12	0.239	0.685635896982034	0.799641577060932	0.726140044854224
LC_k1_0.12_k2_0.239	280	0.808857438050412	0.782611476458337	0.824743209188164		0.12	0.239	0.685635896982034	0.799641577060932	0.726140044854224
LC_k1_0.12_k2_0.239	290	0.797287187391215	0.77403183686222	0.813925705787637		0.12	0.239	0.685635896982034	0.799641577060932	0.726140044854224
LC_k1_0.12_k2_0.239	300	0.785954066156291	0.76366981855354	0.799042211580129		0.12	0.239	0.685635896982034	0.799641577060932	0.726140044854224
LC_k1_0.12_k2_0.239	365	0.810322957976225	0.792751892168016	0.835168290052638		0.12	0.239	0.685635896982034	0.799641577060932	0.726140044854224
LC_k1_0.12_k2_0.252	10	0.612121212121212	0.321212121212121	-0.309090909090909	0.76969696969697	0.12	0.252	0.676785556243915	0.791039426523298	0.718539745826065
LC_k1_0.12_k2_0.252	20	0.76390977443609	0.76390977443609	0.463157894736842	0.795488721804511	0.12	0.252	0.676785556243915	0.791039426523298	0.718539745826065
LC_k1_0.12_k2_0.252	30	0.850055617352614	0.855839822024472	0.583537263626251	0.830033370411569	0.12	0.252	0.676785556243915	0.791039426523298	0.718539745826065
LC_k1_0.12_k2_0.252	40	0.86641651031895	0.859474671669794	0.707692307692308	0.79249530956848	0.12	0.252	0.676785556243915	0.791039426523298	0.718539745826065
LC_k1_0.12_k2_0.252	50	0.853445378151261	0.833949579831933	0.7846818727491	0.806002400960384	0.12	0.252	0.676785556243915	0.791039426523298	0.718539745826065
LC_k1_0.12_k2_0.252	60	0.865073631564324	0.838232842456238	0.810669630452904	0.845290358432898	0.12	0.252	0.676785556243915	0.791039426523298	0.718539745826065
LC_k1_0.12_k2_0.252	70	0.867343189572216	0.859749803166827	0.846277665995976	0.87626629341265	0.12	0.252	0.676785556243915	0.791039426523298	0.718539745826065
LC_k1_0.12_k2_0.252	80	0.862728551336146	0.867791842475387	0.860759493670886	0.894608532583216	0.12	0.252	0.676785556243915	0.791039426523298	0.718539745826065
LC_k1_0.12_k2_0.252	90	0.875161542577273	0.881779643577396	0.885286249331193	0.895295715520435	0.12	0.252	0.676785556243915	0.791039426523298	0.718539745826065
LC_k1_0.12_k2_0.252	100	0.888832883288329	0.896945694569457	0.89992199219922	0.903210321032103	0.12	0.252	0.676785556243915	0.791039426523298	0.718539745826065
LC_k1_0.12_k2_0.252	110	0.894001758221942	0.902504339201587	0.909997069630097	0.914478281450758	0.12	0.252	0.676785556243915	0.791039426523298	0.718539745826065
LC_k1_0.12_k2_0.252	120	0.897138690186818	0.90312521702896	0.911750816028891	0.925133689839572	0.12	0.252	0.676785556243915	0.791039426523298	0.718539745826065
LC_k1_0.12_k2_0.252	130	0.896707588523672	0.899466058528725	0.910751205123653	0.926881426757159	0.12	0.252	0.676785556243915	0.791039426523298	0.718539745826065
LC_k1_0.12_k2_0.252	140	0.903859526360674	0.905770702586867	0.919297631803372	0.928774791716779	0.12	0.252	0.676785556243915	0.791039426523298	0.718539745826065
LC_k1_0.12_k2_0.252	150	0.9046926530068	0.904333525934486	0.922577892350771	0.92186319391973	0.12	0.252	0.676785556243915	0.791039426523298	0.718539745826065
LC_k1_0.12_k2_0.252	160	0.90196296730341	0.901541075823274	0.919805461150826	0.913025899449197	0.12	0.252	0.676785556243915	0.791039426523298	0.718539745826065
LC_k1_0.12_k2_0.252	170	0.900950775825746	0.895743186717228	0.919536397554974	0.908889173857023	0.12	0.252	0.676785556243915	0.791039426523298	0.718539745826065
LC_k1_0.12_k2_0.252	180	0.896428902126609	0.89041225552229	0.91679167052481	0.895801310740043	0.12	0.252	0.676785556243915	0.791039426523298	0.718539745826065
LC_k1_0.12_k2_0.252	190	0.893249703665797	0.884526324537347	0.915016161695688	0.887605575894361	0.12	0.252	0.676785556243915	0.791039426523298	0.718539745826065
LC_k1_0.12_k2_0.252	200	0.889315232880822	0.8796804920123	0.909033225830646	0.88982374559364	0.12	0.252	0.676785556243915	0.791039426523298	0.718539745826065
LC_k1_0.12_k2_0.252	210	0.880655538026453	0.869906994975591	0.897797488119264	0.890480185815681	0.12	0.252	0.676785556243915	0.791039426523298	0.718539745826065
LC_k1_0.12_k2_0.252	220	0.873238928678091	0.860434005961806	0.891472588652282	0.894105250108473	0.12	0.252	0.676785556243915	0.791039426523298	0.718539745826065
LC_k1_0.12_k2_0.252	230	0.859417741931507	0.844972494754154	0.878442347475953	0.898896091567442	0.12	0.252	0.676785556243915	0.791039426523298	0.718539745826065
LC_k1_0.12_k2_0.252	240	0.848411430754006	0.82639976388479	0.86772773832879	0.909396864528898	0.12	0.252	0.676785556243915	0.791039426523298	0.718539745826065
LC_k1_0.12_k2_0.252	250	0.839473143570297	0.819428022848366	0.859151922430759		0.12	0.252	0.676785556243915	0.791039426523298	0.718539745826065
LC_k1_0.12_k2_0.252	260	0.835701483977346	0.812278060553923	0.851423382457865		0.12	0.252	0.676785556243915	0.791039426523298	0.718539745826065
LC_k1_0.12_k2_0.252	270	0.822732517287998	0.799517444988576	0.839554573984401		0.12	0.252	0.676785556243915	0.791039426523298	0.718539745826065
LC_k1_0.12_k2_0.252	280	0.810421962379258	0.785769497788784	0.826289147274109		0.12	0.252	0.676785556243915	0.791039426523298	0.718539745826065
LC_k1_0.12_k2_0.252	290	0.800509498042332	0.77561617650134	0.815761473239052		0.12	0.252	0.676785556243915	0.791039426523298	0.718539745826065
LC_k1_0.12_k2_0.252	300	0.793715485727619	0.769071211902354	0.805800064445161		0.12	0.252	0.676785556243915	0.791039426523298	0.718539745826065
LC_k1_0.12_k2_0.252	365	0.815817957026131	0.79947880549722	0.841270609022686		0.12	0.252	0.676785556243915	0.791039426523298	0.718539745826065
LC_k1_0.12_k2_0.266	10	0.636363636363636	0.636363636363636	-0.248484848484848	0.854545454545454	0.12	0.266	0.666076643950792	0.781362007168459	0.706703214552704
LC_k1_0.12_k2_0.266	20	0.8	0.774436090225564	0.484210526315789	0.796992481203008	0.12	0.266	0.666076643950792	0.781362007168459	0.706703214552704
LC_k1_0.12_k2_0.266	30	0.87230255839822	0.866963292547275	0.602669632925473	0.833147942157953	0.12	0.266	0.666076643950792	0.781362007168459	0.706703214552704
LC_k1_0.12_k2_0.266	40	0.886303939962477	0.86923076923077	0.729080675422139	0.81031894934334	0.12	0.266	0.666076643950792	0.781362007168459	0.706703214552704
LC_k1_0.12_k2_0.266	50	0.865642256902761	0.842304921968788	0.798991596638655	0.797839135654262	0.12	0.266	0.666076643950792	0.781362007168459	0.706703214552704
LC_k1_0.12_k2_0.266	60	0.876243400944707	0.846790775215338	0.823228674631842	0.851514309530425	0.12	0.266	0.666076643950792	0.781362007168459	0.706703214552704
LC_k1_0.12_k2_0.266	70	0.878050914180737	0.868008048289739	0.855935613682093	0.870737468287989	0.12	0.266	0.666076643950792	0.781362007168459	0.706703214552704
LC_k1_0.12_k2_0.266	80	0.855977496483826	0.87022972339428	0.863994374120956	0.891443975621191	0.12	0.266	0.666076643950792	0.781362007168459	0.706703214552704
LC_k1_0.12_k2_0.266	90	0.881285755443059	0.885862452154587	0.88984648310491	0.891476313948224	0.12	0.266	0.666076643950792	0.781362007168459	0.706703214552704
LC_k1_0.12_k2_0.266	100	0.896621662166217	0.902814281428143	0.905838583858386	0.902874287428743	0.12	0.266	0.666076643950792	0.781362007168459	0.706703214552704
LC_k1_0.12_k2_0.266	110	0.900809232919324	0.907860153731713	0.913946306606857	0.914748777134098	0.12	0.266	0.666076643950792	0.781362007168459	0.706703214552704
LC_k1_0.12_k2_0.266	120	0.903298840197236	0.908535314952427	0.918015139940274	0.925439266615737	0.12	0.266	0.666076643950792	0.781362007168459	0.706703214552704
LC_k1_0.12_k2_0.266	130	0.900957271026506	0.902874544237939	0.914126916931817	0.927373035272911	0.12	0.266	0.666076643950792	0.781362007168459	0.706703214552704
LC_k1_0.12_k2_0.266	140	0.907918042465724	0.909199448951477	0.922638910148477	0.927943845531478	0.12	0.266	0.666076643950792	0.781362007168459	0.706703214552704
LC_k1_0.12_k2_0.266	150	0.908113249477755	0.90722076536735	0.925298013245033	0.923200142228544	0.12	0.266	0.666076643950792	0.781362007168459	0.706703214552704
LC_k1_0.12_k2_0.266	160	0.905405484589242	0.904919137466307	0.923901324270479	0.914171452009844	0.12	0.266	0.666076643950792	0.781362007168459	0.706703214552704
LC_k1_0.12_k2_0.266	170	0.906346443903005	0.901434407459652	0.923720543963459	0.910103138109806	0.12	0.266	0.666076643950792	0.781362007168459	0.706703214552704
LC_k1_0.12_k2_0.266	180	0.899326110888196	0.893620173462144	0.919725917466588	0.899626531683077	0.12	0.266	0.666076643950792	0.781362007168459	0.706703214552704
LC_k1_0.12_k2_0.266	190	0.898463436077104	0.889734808224751	0.918034177940488	0.886862006674627	0.12	0.266	0.666076643950792	0.781362007168459	0.706703214552704
LC_k1_0.12_k2_0.266	200	0.890077251931298	0.88092702317558	0.909220730518263	0.889139728493212	0.12	0.266	0.666076643950792	0.781362007168459	0.706703214552704
LC_k1_0.12_k2_0.266	210	0.880487085874963	0.869277243086173	0.899395191986861	0.889225865179968	0.12	0.266	0.666076643950792	0.781362007168459	0.706703214552704
LC_k1_0.12_k2_0.266	220	0.872519905557778	0.861648907096127	0.89153570039952	0.895087990172599	0.12	0.266	0.666076643950792	0.781362007168459	0.706703214552704
LC_k1_0.12_k2_0.266	230	0.862231635840901	0.848102002421349	0.882560120722262	0.898786613045204	0.12	0.266	0.666076643950792	0.781362007168459	0.706703214552704
LC_k1_0.12_k2_0.266	240	0.853804753554749	0.832267053247452	0.873201791697772	0.909333495373184	0.12	0.266	0.666076643950792	0.781362007168459	0.706703214552704
LC_k1_0.12_k2_0.266	250	0.840848653578457	0.821018576297221	0.859641914270628		0.12	0.266	0.666076643950792	0.781362007168459	0.706703214552704
LC_k1_0.12_k2_0.266	260	0.837444568479051	0.817395341533272	0.851832355280631		0.12	0.266	0.666076643950792	0.781362007168459	0.706703214552704
LC_k1_0.12_k2_0.266	270	0.822153939011509	0.799035194812915	0.839306437674042		0.12	0.266	0.666076643950792	0.781362007168459	0.706703214552704
LC_k1_0.12_k2_0.266	280	0.813429653803893	0.789463786892326	0.828250542554296		0.12	0.266	0.666076643950792	0.781362007168459	0.706703214552704
LC_k1_0.12_k2_0.266	290	0.799488533833893	0.774062342780738	0.813627535035678		0.12	0.266	0.666076643950792	0.781362007168459	0.706703214552704
LC_k1_0.12_k2_0.266	300	0.791072789697663	0.766045844953833	0.80714096823298		0.12	0.266	0.666076643950792	0.781362007168459	0.706703214552704
LC_k1_0.12_k2_0.266	365	0.81547320857898	0.799315438659701	0.840785690841833		0.12	0.266	0.666076643950792	0.781362007168459	0.706703214552704
LC_k1_0.12_k2_0.279	10	0.563636363636364	0.503030303030303	-0.0424242424242424	0.890909090909091	0.12	0.279	0.657491813434817	0.771863799283154	0.699352105656616
LC_k1_0.12_k2_0.279	20	0.739849624060151	0.765413533834587	0.37593984962406	0.789473684210526	0.12	0.279	0.657491813434817	0.771863799283154	0.699352105656616
LC_k1_0.12_k2_0.279	30	0.87007786429366	0.862958843159066	0.596440489432703	0.830033370411569	0.12	0.279	0.657491813434817	0.771863799283154	0.699352105656616
LC_k1_0.12_k2_0.279	40	0.904502814258912	0.885741088180113	0.742401500938087	0.820262664165103	0.12	0.279	0.657491813434817	0.771863799283154	0.699352105656616
LC_k1_0.12_k2_0.279	50	0.892148859543818	0.861608643457383	0.808211284513806	0.808787515006003	0.12	0.279	0.657491813434817	0.771863799283154	0.699352105656616
LC_k1_0.12_k2_0.279	60	0.880800222283968	0.853514865240345	0.821894970825229	0.850291747707697	0.12	0.279	0.657491813434817	0.771863799283154	0.699352105656616
LC_k1_0.12_k2_0.279	70	0.88434957571516	0.877910943924416	0.858315108039542	0.869442743417024	0.12	0.279	0.657491813434817	0.771863799283154	0.699352105656616
LC_k1_0.12_k2_0.279	80	0.890131270511017	0.88806844819503	0.873136427566807	0.89620253164557	0.12	0.279	0.657491813434817	0.771863799283154	0.699352105656616
LC_k1_0.12_k2_0.279	90	0.880495534428119	0.881730254763963	0.886981931925752	0.904630201259415	0.12	0.279	0.657491813434817	0.771863799283154	0.699352105656616
LC_k1_0.12_k2_0.279	100	0.878943894389439	0.891353135313531	0.895457545754575	0.911371137113711	0.12	0.279	0.657491813434817	0.771863799283154	0.699352105656616
LC_k1_0.12_k2_0.279	110	0.88741068007123	0.898383788292045	0.906029799607781	0.9228185650204	0.12	0.279	0.657491813434817	0.771863799283154	0.699352105656616
LC_k1_0.12_k2_0.279	120	0.899569414542676	0.906972706437947	0.916765053128689	0.932641155635808	0.12	0.279	0.657491813434817	0.771863799283154	0.699352105656616
LC_k1_0.12_k2_0.279	130	0.90498299853883	0.910712968905761	0.922314929877507	0.938909448442557	0.12	0.279	0.657491813434817	0.771863799283154	0.699352105656616
LC_k1_0.12_k2_0.279	140	0.90622990968927	0.910502722442107	0.924672541601977	0.927886991318799	0.12	0.279	0.657491813434817	0.771863799283154	0.699352105656616
LC_k1_0.12_k2_0.279	150	0.902527223432153	0.902182319214187	0.919150184452642	0.919448864393973	0.12	0.279	0.657491813434817	0.771863799283154	0.699352105656616
LC_k1_0.12_k2_0.279	160	0.901593812258291	0.899730458221024	0.915287706551037	0.921589710535568	0.12	0.279	0.657491813434817	0.771863799283154	0.699352105656616
LC_k1_0.12_k2_0.279	170	0.901957120437711	0.89670556481702	0.915335153058421	0.912193990022045	0.12	0.279	0.657491813434817	0.771863799283154	0.699352105656616
LC_k1_0.12_k2_0.279	180	0.893083119849378	0.887202279905758	0.908550675432369	0.897537989855654	0.12	0.279	0.657491813434817	0.771863799283154	0.699352105656616
LC_k1_0.12_k2_0.279	190	0.884279634513859	0.876714473793559	0.906074085737905	0.89223145122842	0.12	0.279	0.657491813434817	0.771863799283154	0.699352105656616
LC_k1_0.12_k2_0.279	200	0.875280882022051	0.86504012600315	0.894628365709143	0.894817370434261	0.12	0.279	0.657491813434817	0.771863799283154	0.699352105656616
LC_k1_0.12_k2_0.279	210	0.857612579488359	0.848833630824152	0.878437152769904	0.89766013482651	0.12	0.279	0.657491813434817	0.771863799283154	0.699352105656616
LC_k1_0.12_k2_0.279	220	0.839735606858895	0.826767269797085	0.864191408913407	0.899561035258054	0.12	0.279	0.657491813434817	0.771863799283154	0.699352105656616
LC_k1_0.12_k2_0.279	230	0.843372727519301	0.831641758659036	0.868330871710405	0.903189424966528	0.12	0.279	0.657491813434817	0.771863799283154	0.699352105656616
LC_k1_0.12_k2_0.279	240	0.835679438879147	0.817563672980434	0.857664195558951	0.912988940780222	0.12	0.279	0.657491813434817	0.771863799283154	0.699352105656616
LC_k1_0.12_k2_0.279	250	0.835351221619546	0.810887726203619	0.858375462007392		0.12	0.279	0.657491813434817	0.771863799283154	0.699352105656616
LC_k1_0.12_k2_0.279	260	0.819997337238716	0.794387718525649	0.839931860621516		0.12	0.279	0.657491813434817	0.771863799283154	0.699352105656616
LC_k1_0.12_k2_0.279	270	0.80157447671131	0.779589721547773	0.819108020076483		0.12	0.279	0.657491813434817	0.771863799283154	0.699352105656616
LC_k1_0.12_k2_0.279	280	0.813008730067621	0.789410214780436	0.822724961870869		0.12	0.279	0.657491813434817	0.771863799283154	0.699352105656616
LC_k1_0.12_k2_0.279	290	0.80229557036842	0.778384342591306	0.820572551807783		0.12	0.279	0.657491813434817	0.771863799283154	0.699352105656616
LC_k1_0.12_k2_0.279	300	0.799964444049378	0.776444182713141	0.808501427793642		0.12	0.279	0.657491813434817	0.771863799283154	0.699352105656616
LC_k1_0.12_k2_0.279	365	0.8164610597128	0.802072192348411	0.845130952586601		0.12	0.279	0.657491813434817	0.771863799283154	0.699352105656616
LC_k1_0.16_k2_0.039	10	0.515151515151515	0.284848484848485	-0.321212121212121	0.76969696969697	0.16	0.039	0.722276307637844	0.833154121863799	0.748317966608522
LC_k1_0.16_k2_0.039	20	0.730827067669173	0.733834586466166	0.383458646616541	0.772932330827068	0.16	0.039	0.722276307637844	0.833154121863799	0.748317966608522
LC_k1_0.16_k2_0.039	30	0.831813125695217	0.821579532814238	0.503893214682981	0.804671857619577	0.16	0.039	0.722276307637844	0.833154121863799	0.748317966608522
LC_k1_0.16_k2_0.039	40	0.859662288930582	0.839774859287055	0.701500938086304	0.824765478424015	0.16	0.039	0.722276307637844	0.833154121863799	0.748317966608522
LC_k1_0.16_k2_0.039	50	0.881488595438175	0.856134453781513	0.791884753901561	0.814453781512605	0.16	0.039	0.722276307637844	0.833154121863799	0.748317966608522
LC_k1_0.16_k2_0.039	60	0.871186440677966	0.850236176715755	0.815282022784107	0.822450680744652	0.16	0.039	0.722276307637844	0.833154121863799	0.748317966608522
LC_k1_0.16_k2_0.039	70	0.872067185723034	0.871507304697752	0.851946461376957	0.852891260607121	0.16	0.039	0.722276307637844	0.833154121863799	0.748317966608522
LC_k1_0.16_k2_0.039	80	0.866244725738397	0.869690576652602	0.856821378340366	0.871448663853727	0.16	0.039	0.722276307637844	0.833154121863799	0.748317966608522
LC_k1_0.16_k2_0.039	90	0.860575379676503	0.87288965715932	0.874404247437956	0.887459357122279	0.16	0.039	0.722276307637844	0.833154121863799	0.748317966608522
LC_k1_0.16_k2_0.039	100	0.881824182418242	0.89012901290129	0.890765076507651	0.892937293729373	0.16	0.039	0.722276307637844	0.833154121863799	0.748317966608522
LC_k1_0.16_k2_0.039	110	0.881081081081081	0.892396817167459	0.896039492369767	0.910249532267881	0.16	0.039	0.722276307637844	0.833154121863799	0.748317966608522
LC_k1_0.16_k2_0.039	120	0.889061740398639	0.896562261268143	0.90366692131398	0.914882977984582	0.16	0.039	0.722276307637844	0.833154121863799	0.748317966608522
LC_k1_0.16_k2_0.039	130	0.889579265045269	0.894986958718541	0.907435578800748	0.916808914501086	0.16	0.039	0.722276307637844	0.833154121863799	0.748317966608522
LC_k1_0.16_k2_0.039	140	0.886177866217664	0.889379195731561	0.902219500994949	0.916266864927511	0.16	0.039	0.722276307637844	0.833154121863799	0.748317966608522
LC_k1_0.16_k2_0.039	150	0.884126405618028	0.884329081292502	0.902683674829993	0.914701986754967	0.16	0.039	0.722276307637844	0.833154121863799	0.748317966608522
LC_k1_0.16_k2_0.039	160	0.882435837337396	0.881000234384155	0.902581155513887	0.898819289816008	0.16	0.039	0.722276307637844	0.833154121863799	0.748317966608522
LC_k1_0.16_k2_0.039	170	0.884763771593969	0.880586952937513	0.90553550601181	0.894724629185215	0.16	0.039	0.722276307637844	0.833154121863799	0.748317966608522
LC_k1_0.16_k2_0.039	180	0.877498276695783	0.872463141866519	0.901208885047892	0.88172680226756	0.16	0.039	0.722276307637844	0.833154121863799	0.748317966608522
LC_k1_0.16_k2_0.039	190	0.872553985312321	0.86557318252	0.896143500111536	0.876417046105666	0.16	0.039	0.722276307637844	0.833154121863799	0.748317966608522
LC_k1_0.16_k2_0.039	200	0.865197629940749	0.855808895222381	0.886435160879022	0.87542338558464	0.16	0.039	0.722276307637844	0.833154121863799	0.748317966608522
LC_k1_0.16_k2_0.039	210	0.86246400145128	0.848671657601565	0.879674628190467	0.880161843644009	0.16	0.039	0.722276307637844	0.833154121863799	0.748317966608522
LC_k1_0.16_k2_0.039	220	0.850653939130974	0.836625099316477	0.866715878802905	0.877254413596074	0.16	0.039	0.722276307637844	0.833154121863799	0.748317966608522
LC_k1_0.16_k2_0.039	230	0.844296884053862	0.826141202636361	0.860806442465831	0.887219368821799	0.16	0.039	0.722276307637844	0.833154121863799	0.748317966608522
LC_k1_0.16_k2_0.039	240	0.843685654264831	0.823813781489262	0.864395215194708	0.897776003055608	0.16	0.039	0.722276307637844	0.833154121863799	0.748317966608522
LC_k1_0.16_k2_0.039	250	0.835087793404694	0.813247059952959	0.850557096913551		0.16	0.039	0.722276307637844	0.833154121863799	0.748317966608522
LC_k1_0.16_k2_0.039	260	0.815683663959526	0.79017714190128	0.832113583837722		0.16	0.039	0.722276307637844	0.833154121863799	0.748317966608522
LC_k1_0.16_k2_0.039	270	0.800271608664042	0.772921744087329	0.818350198371872		0.16	0.039	0.722276307637844	0.833154121863799	0.748317966608522
LC_k1_0.16_k2_0.039	280	0.796438001213572	0.771268401747107	0.812194761959427		0.16	0.039	0.722276307637844	0.833154121863799	0.748317966608522
LC_k1_0.16_k2_0.039	290	0.792156780739941	0.766847693051416	0.804420159983861		0.16	0.039	0.722276307637844	0.833154121863799	0.748317966608522
LC_k1_0.16_k2_0.039	300	0.775567284080934	0.754083489816554	0.788558539539328		0.16	0.039	0.722276307637844	0.833154121863799	0.748317966608522
LC_k1_0.16_k2_0.039	365	0.782799841075161	0.768309794853698	0.807893678295655		0.16	0.039	0.722276307637844	0.833154121863799	0.748317966608522
LC_k1_0.16_k2_0.052	10	0.503030303030303	0.406060606060606	-0.321212121212121	0.83030303030303	0.16	0.052	0.711301885122577	0.821863799283154	0.738225766259656
LC_k1_0.16_k2_0.052	20	0.806015037593985	0.806015037593985	0.457142857142857	0.769924812030075	0.16	0.052	0.711301885122577	0.821863799283154	0.738225766259656
LC_k1_0.16_k2_0.052	30	0.865628476084538	0.847385984427141	0.531479421579533	0.793103448275862	0.16	0.052	0.711301885122577	0.821863799283154	0.738225766259656
LC_k1_0.16_k2_0.052	40	0.881988742964353	0.857410881801126	0.729455909943715	0.848780487804878	0.16	0.052	0.711301885122577	0.821863799283154	0.738225766259656
LC_k1_0.16_k2_0.052	50	0.901368547418967	0.873421368547419	0.821464585834334	0.818199279711885	0.16	0.052	0.711301885122577	0.821863799283154	0.738225766259656
LC_k1_0.16_k2_0.052	60	0.874742984162267	0.853514865240345	0.81233676021117	0.827563212003334	0.16	0.052	0.711301885122577	0.821863799283154	0.738225766259656
LC_k1_0.16_k2_0.052	70	0.878190884437057	0.873081970081358	0.850966669582714	0.858350100603622	0.16	0.052	0.711301885122577	0.821863799283154	0.738225766259656
LC_k1_0.16_k2_0.052	80	0.874074074074074	0.878481012658228	0.855672761368964	0.877496483825598	0.16	0.052	0.711301885122577	0.821863799283154	0.738225766259656
LC_k1_0.16_k2_0.052	90	0.87866814833107	0.880972959624645	0.878256574885788	0.901107132567807	0.16	0.052	0.711301885122577	0.821863799283154	0.738225766259656
LC_k1_0.16_k2_0.052	100	0.878811881188119	0.888652865286529	0.886060606060606	0.902886288628863	0.16	0.052	0.711301885122577	0.821863799283154	0.738225766259656
LC_k1_0.16_k2_0.052	110	0.884895070216171	0.895255054888082	0.89791492910759	0.919121790681423	0.16	0.052	0.711301885122577	0.821863799283154	0.738225766259656
LC_k1_0.16_k2_0.052	120	0.887068546426835	0.894721855684422	0.900868115841378	0.924341968192235	0.16	0.052	0.711301885122577	0.821863799283154	0.738225766259656
LC_k1_0.16_k2_0.052	130	0.898985374646656	0.905114094143031	0.91238990017616	0.92497507817941	0.16	0.052	0.711301885122577	0.821863799283154	0.738225766259656
LC_k1_0.16_k2_0.052	140	0.891517788808467	0.895410115676456	0.905888784413199	0.923832848614725	0.16	0.052	0.711301885122577	0.821863799283154	0.738225766259656
LC_k1_0.16_k2_0.052	150	0.887376327836793	0.887895462020534	0.905243788612827	0.911907195875372	0.16	0.052	0.711301885122577	0.821863799283154	0.738225766259656
LC_k1_0.16_k2_0.052	160	0.889939060119536	0.888354037267081	0.909656627212	0.904450369155045	0.16	0.052	0.711301885122577	0.821863799283154	0.738225766259656
LC_k1_0.16_k2_0.052	170	0.886666544537466	0.883271352764089	0.9064465898474	0.895318177099554	0.16	0.052	0.711301885122577	0.821863799283154	0.738225766259656
LC_k1_0.16_k2_0.052	180	0.882737121516096	0.874946757615976	0.904114324516189	0.888634422873134	0.16	0.052	0.711301885122577	0.821863799283154	0.738225766259656
LC_k1_0.16_k2_0.052	190	0.872279302094678	0.862142266661418	0.893141230038447	0.880367585630744	0.16	0.052	0.711301885122577	0.821863799283154	0.738225766259656
LC_k1_0.16_k2_0.052	200	0.858700967524188	0.847741693542339	0.877518937973449	0.885889147228681	0.16	0.052	0.711301885122577	0.821863799283154	0.738225766259656
LC_k1_0.16_k2_0.052	210	0.856169074128665	0.843748967420706	0.875196392532387	0.883358547164983	0.16	0.052	0.711301885122577	0.821863799283154	0.738225766259656
LC_k1_0.16_k2_0.052	220	0.845637682221083	0.83274823484332	0.865837949319013	0.884775981472194	0.16	0.052	0.711301885122577	0.821863799283154	0.738225766259656
LC_k1_0.16_k2_0.052	230	0.831409979805651	0.817272456042154	0.850871513146053	0.892926060080038	0.16	0.052	0.711301885122577	0.821863799283154	0.738225766259656
LC_k1_0.16_k2_0.052	240	0.826891091859234	0.809236271463046	0.84448167502908	0.902897619750343	0.16	0.052	0.711301885122577	0.821863799283154	0.738225766259656
LC_k1_0.16_k2_0.052	250	0.814660202563241	0.794443815101042	0.832004992079873		0.16	0.052	0.711301885122577	0.821863799283154	0.738225766259656
LC_k1_0.16_k2_0.052	260	0.814578959406546	0.792652827135586	0.832356646149749		0.16	0.052	0.711301885122577	0.821863799283154	0.738225766259656
LC_k1_0.16_k2_0.052	270	0.803265095847984	0.777755829602906	0.825661379290373		0.16	0.052	0.711301885122577	0.821863799283154	0.738225766259656
LC_k1_0.16_k2_0.052	280	0.802695005220548	0.774394717133783	0.819576780316075		0.16	0.052	0.711301885122577	0.821863799283154	0.738225766259656
LC_k1_0.16_k2_0.052	290	0.790292967524728	0.766802426204584	0.80260801001775		0.16	0.052	0.711301885122577	0.821863799283154	0.738225766259656
LC_k1_0.16_k2_0.052	300	0.789331437015967	0.766099178879765	0.803311592351026		0.16	0.052	0.711301885122577	0.821863799283154	0.738225766259656
LC_k1_0.16_k2_0.052	365	0.789623984818236	0.774267255313741	0.816964732998867		0.16	0.052	0.711301885122577	0.821863799283154	0.738225766259656
LC_k1_0.16_k2_0.066	10	0.527272727272727	0.515151515151515	-0.151515151515152	0.83030303030303	0.16	0.066	0.702628551199221	0.813440860215054	0.732369798155993
LC_k1_0.16_k2_0.066	20	0.774436090225564	0.784962406015038	0.437593984962406	0.801503759398496	0.16	0.066	0.702628551199221	0.813440860215054	0.732369798155993
LC_k1_0.16_k2_0.066	30	0.85761957730812	0.851835372636263	0.562180200222469	0.826918798665184	0.16	0.066	0.702628551199221	0.813440860215054	0.732369798155993
LC_k1_0.16_k2_0.066	40	0.858348968105066	0.848968105065666	0.710131332082552	0.842401500938087	0.16	0.066	0.702628551199221	0.813440860215054	0.732369798155993
LC_k1_0.16_k2_0.066	50	0.887731092436975	0.866122448979592	0.805906362545018	0.807827130852341	0.16	0.066	0.702628551199221	0.813440860215054	0.732369798155993
LC_k1_0.16_k2_0.066	60	0.876910252848013	0.853125868296749	0.806557377049181	0.840844679077522	0.16	0.066	0.702628551199221	0.813440860215054	0.732369798155993
LC_k1_0.16_k2_0.066	70	0.882110051614032	0.879590587000262	0.842463476511241	0.871577289825912	0.16	0.066	0.702628551199221	0.813440860215054	0.732369798155993
LC_k1_0.16_k2_0.066	80	0.882044069385842	0.880872011251758	0.867065166432255	0.8828645100797	0.16	0.066	0.702628551199221	0.813440860215054	0.732369798155993
LC_k1_0.16_k2_0.066	90	0.873136601226489	0.877828538502696	0.871029345186649	0.896382269415977	0.16	0.066	0.702628551199221	0.813440860215054	0.732369798155993
LC_k1_0.16_k2_0.066	100	0.868142814281428	0.875091509150915	0.876183618361836	0.918259825982598	0.16	0.066	0.702628551199221	0.813440860215054	0.732369798155993
LC_k1_0.16_k2_0.066	110	0.865680860176273	0.881604039402204	0.886103284268422	0.924234159096544	0.16	0.066	0.702628551199221	0.813440860215054	0.732369798155993
LC_k1_0.16_k2_0.066	120	0.8707410236822	0.884832280019446	0.893034238488784	0.935189943746093	0.16	0.066	0.702628551199221	0.813440860215054	0.732369798155993
LC_k1_0.16_k2_0.066	130	0.879801717898647	0.889950702590504	0.900569446530746	0.930044108208497	0.16	0.066	0.702628551199221	0.813440860215054	0.732369798155993
LC_k1_0.16_k2_0.066	140	0.88667206052787	0.891753952461132	0.905035971223022	0.927213487568608	0.16	0.066	0.702628551199221	0.813440860215054	0.732369798155993
LC_k1_0.16_k2_0.066	150	0.888642161873861	0.890583581492511	0.90791057380328	0.923111249388862	0.16	0.066	0.702628551199221	0.813440860215054	0.732369798155993
LC_k1_0.16_k2_0.066	160	0.8834817766319	0.88242704793156	0.905505097855385	0.908654634946677	0.16	0.066	0.702628551199221	0.813440860215054	0.732369798155993
LC_k1_0.16_k2_0.066	170	0.878408168000928	0.87222843045658	0.8987817612252	0.895486715396218	0.16	0.066	0.702628551199221	0.813440860215054	0.732369798155993
LC_k1_0.16_k2_0.066	180	0.866705762523535	0.861150035494923	0.887591180797761	0.89080321409097	0.16	0.066	0.702628551199221	0.813440860215054	0.732369798155993
LC_k1_0.16_k2_0.066	190	0.851996483354985	0.845962200440018	0.875150354070167	0.883450336137027	0.16	0.066	0.702628551199221	0.813440860215054	0.732369798155993
LC_k1_0.16_k2_0.066	200	0.84747168679217	0.839603990099753	0.872214805370134	0.886846171154279	0.16	0.066	0.702628551199221	0.813440860215054	0.732369798155993
LC_k1_0.16_k2_0.066	210	0.84323324467999	0.833986517348952	0.867175478549886	0.888736058154866	0.16	0.066	0.702628551199221	0.813440860215054	0.732369798155993
LC_k1_0.16_k2_0.066	220	0.837274248716634	0.826842778494672	0.859421964015034	0.891532319413061	0.16	0.066	0.702628551199221	0.813440860215054	0.732369798155993
LC_k1_0.16_k2_0.066	230	0.82564904243279	0.812519510108271	0.848335753860721	0.896347510473199	0.16	0.066	0.702628551199221	0.813440860215054	0.732369798155993
LC_k1_0.16_k2_0.066	240	0.80078213163423	0.783051789093561	0.82425823364989	0.906659837844407	0.16	0.066	0.702628551199221	0.813440860215054	0.732369798155993
LC_k1_0.16_k2_0.066	250	0.796227907646522	0.776995343925503	0.819239091825469		0.16	0.066	0.702628551199221	0.813440860215054	0.732369798155993
LC_k1_0.16_k2_0.066	260	0.794080476839097	0.770005701040184	0.815626312178036		0.16	0.066	0.702628551199221	0.813440860215054	0.732369798155993
LC_k1_0.16_k2_0.066	270	0.796377026967296	0.77047574193214	0.822675817836245		0.16	0.066	0.702628551199221	0.813440860215054	0.732369798155993
LC_k1_0.16_k2_0.066	280	0.794402807615986	0.767012698777135	0.810821019947412		0.16	0.066	0.702628551199221	0.813440860215054	0.732369798155993
LC_k1_0.16_k2_0.066	290	0.792395415747696	0.770063115269319	0.808037571482871		0.16	0.066	0.702628551199221	0.813440860215054	0.732369798155993
LC_k1_0.16_k2_0.066	300	0.78321759130657	0.763407593417705	0.801589350992789		0.16	0.066	0.702628551199221	0.813440860215054	0.732369798155993
LC_k1_0.16_k2_0.066	365	0.790940297070995	0.775551733243177	0.820913176201746		0.16	0.066	0.702628551199221	0.813440860215054	0.732369798155993
LC_k1_0.16_k2_0.079	10	0.454545454545455	0.490909090909091	-0.103030303030303	0.818181818181818	0.16	0.079	0.689884060536331	0.801254480286738	0.720408671816596
LC_k1_0.16_k2_0.079	20	0.765413533834587	0.778947368421053	0.445112781954887	0.796992481203008	0.16	0.079	0.689884060536331	0.801254480286738	0.720408671816596
LC_k1_0.16_k2_0.079	30	0.849610678531702	0.848275862068966	0.546162402669633	0.82825361512792	0.16	0.079	0.689884060536331	0.801254480286738	0.720408671816596
LC_k1_0.16_k2_0.079	40	0.86266416510319	0.842776735459663	0.704315196998124	0.823076923076923	0.16	0.079	0.689884060536331	0.801254480286738	0.720408671816596
LC_k1_0.16_k2_0.079	50	0.884753901560624	0.850660264105642	0.804081632653061	0.816950780312125	0.16	0.079	0.689884060536331	0.801254480286738	0.720408671816596
LC_k1_0.16_k2_0.079	60	0.866407335370937	0.841178105029175	0.796332314531815	0.821505973881634	0.16	0.079	0.689884060536331	0.801254480286738	0.720408671816596
LC_k1_0.16_k2_0.079	70	0.875076546233925	0.869337765724784	0.843863179074447	0.853626104452804	0.16	0.079	0.689884060536331	0.801254480286738	0.720408671816596
LC_k1_0.16_k2_0.079	80	0.875808720112518	0.879090482887951	0.860548523206751	0.873323956868261	0.16	0.079	0.689884060536331	0.801254480286738	0.720408671816596
LC_k1_0.16_k2_0.079	90	0.866074000905462	0.87814133432111	0.87394328517924	0.892167757336297	0.16	0.079	0.689884060536331	0.801254480286738	0.720408671816596
LC_k1_0.16_k2_0.079	100	0.884080408040804	0.892661266126613	0.888856885688569	0.908142814281428	0.16	0.079	0.689884060536331	0.801254480286738	0.720408671816596
LC_k1_0.16_k2_0.079	110	0.89158533011744	0.901178910353222	0.902621553997701	0.915163537181886	0.16	0.079	0.689884060536331	0.801254480286738	0.720408671816596
LC_k1_0.16_k2_0.079	120	0.896749774289881	0.904625321202861	0.908264462809917	0.923744704493367	0.16	0.079	0.689884060536331	0.801254480286738	0.720408671816596
LC_k1_0.16_k2_0.079	130	0.89835174589302	0.904322058200986	0.909877234428983	0.924680113069959	0.16	0.079	0.689884060536331	0.801254480286738	0.720408671816596
LC_k1_0.16_k2_0.079	140	0.896433491504669	0.899289322341519	0.90972425706851	0.918650368459032	0.16	0.079	0.689884060536331	0.801254480286738	0.720408671816596
LC_k1_0.16_k2_0.079	150	0.896151828970177	0.89687719454198	0.913525045557581	0.912259211520512	0.16	0.079	0.689884060536331	0.801254480286738	0.720408671816596
LC_k1_0.16_k2_0.079	160	0.89713465369741	0.896167819055432	0.913755420133599	0.91029825383804	0.16	0.079	0.689884060536331	0.801254480286738	0.720408671816596
LC_k1_0.16_k2_0.079	170	0.884805295522133	0.88262162541753	0.903835467541112	0.894880954561831	0.16	0.079	0.689884060536331	0.801254480286738	0.720408671816596
LC_k1_0.16_k2_0.079	180	0.878755517145591	0.872473430249905	0.902536086504728	0.887899832299351	0.16	0.079	0.689884060536331	0.801254480286738	0.720408671816596
LC_k1_0.16_k2_0.079	190	0.874781193822252	0.866316751739733	0.898139764769691	0.879300345103597	0.16	0.079	0.689884060536331	0.801254480286738	0.720408671816596
LC_k1_0.16_k2_0.079	200	0.861194029850746	0.854103352583815	0.883652591314783	0.882913072826821	0.16	0.079	0.689884060536331	0.801254480286738	0.720408671816596
LC_k1_0.16_k2_0.079	210	0.856981531813161	0.846729274716304	0.878330898335887	0.881173852338731	0.16	0.079	0.689884060536331	0.801254480286738	0.720408671816596
LC_k1_0.16_k2_0.079	220	0.847453271949646	0.831742954869466	0.867754968641351	0.884529169460676	0.16	0.079	0.689884060536331	0.801254480286738	0.720408671816596
LC_k1_0.16_k2_0.079	230	0.845946952231365	0.831650635295974	0.86648157234829	0.891719823749442	0.16	0.079	0.689884060536331	0.801254480286738	0.720408671816596
LC_k1_0.16_k2_0.079	240	0.843194326290387	0.82630774839841	0.864717269397038	0.901808191114429	0.16	0.079	0.689884060536331	0.801254480286738	0.720408671816596
LC_k1_0.16_k2_0.079	250	0.827582009312149	0.806111457783324	0.848790668650698		0.16	0.079	0.689884060536331	0.801254480286738	0.720408671816596
LC_k1_0.16_k2_0.079	260	0.808070214966767	0.784932184932185	0.830601271980582		0.16	0.079	0.689884060536331	0.801254480286738	0.720408671816596
LC_k1_0.16_k2_0.079	270	0.798052404315865	0.774403855562719	0.820799858556206		0.16	0.079	0.689884060536331	0.801254480286738	0.720408671816596
LC_k1_0.16_k2_0.079	280	0.79074295772723	0.763585176924633	0.811133159497297		0.16	0.079	0.689884060536331	0.801254480286738	0.720408671816596
LC_k1_0.16_k2_0.079	290	0.780516804701848	0.756582943501317	0.795785508950658		0.16	0.079	0.689884060536331	0.801254480286738	0.720408671816596
LC_k1_0.16_k2_0.079	300	0.785873176368626	0.763848931654796	0.802322692474361		0.16	0.079	0.689884060536331	0.801254480286738	0.720408671816596
LC_k1_0.16_k2_0.079	365	0.789924560057055	0.775318034761107	0.818066842207871		0.16	0.079	0.689884060536331	0.801254480286738	0.720408671816596
LC_k1_0.16_k2_0.092	10	0.466666666666667	0.551515151515151	-0.00606060606060606	0.83030303030303	0.16	0.092	0.675280998318435	0.787275985663082	0.707699975080987
LC_k1_0.16_k2_0.092	20	0.762406015037594	0.771428571428571	0.487218045112782	0.76390977443609	0.16	0.092	0.675280998318435	0.787275985663082	0.707699975080987
LC_k1_0.16_k2_0.092	30	0.868298109010011	0.862958843159066	0.605339265850946	0.832703003337041	0.16	0.092	0.675280998318435	0.787275985663082	0.707699975080987
LC_k1_0.16_k2_0.092	40	0.902626641651032	0.890243902439025	0.750656660412758	0.772607879924953	0.16	0.092	0.675280998318435	0.787275985663082	0.707699975080987
LC_k1_0.16_k2_0.092	50	0.865258103241296	0.848259303721489	0.802160864345738	0.794573829531813	0.16	0.092	0.675280998318435	0.787275985663082	0.707699975080987
LC_k1_0.16_k2_0.092	60	0.877632675743262	0.855682133926091	0.820616838010559	0.813892747985552	0.16	0.092	0.675280998318435	0.787275985663082	0.707699975080987
LC_k1_0.16_k2_0.092	70	0.883509754177237	0.878260869565217	0.858140145219141	0.848377219840784	0.16	0.092	0.675280998318435	0.787275985663082	0.707699975080987
LC_k1_0.16_k2_0.092	80	0.867909048288795	0.876371308016878	0.863970932958275	0.877965307079231	0.16	0.092	0.675280998318435	0.787275985663082	0.707699975080987
LC_k1_0.16_k2_0.092	90	0.879507758159443	0.88958307609993	0.884166769560028	0.885171008766514	0.16	0.092	0.675280998318435	0.787275985663082	0.707699975080987
LC_k1_0.16_k2_0.092	100	0.893801380138014	0.903546354635464	0.89994599459946	0.894509450945095	0.16	0.092	0.675280998318435	0.787275985663082	0.707699975080987
LC_k1_0.16_k2_0.092	110	0.899898564118748	0.907445393683926	0.911295448910128	0.907418344115592	0.16	0.092	0.675280998318435	0.787275985663082	0.707699975080987
LC_k1_0.16_k2_0.092	120	0.905535106604625	0.912000833391208	0.916410861865407	0.922480727828321	0.16	0.092	0.675280998318435	0.787275985663082	0.707699975080987
LC_k1_0.16_k2_0.092	130	0.906872960166054	0.911805432274099	0.918201805295716	0.920463204468175	0.16	0.092	0.675280998318435	0.787275985663082	0.707699975080987
LC_k1_0.16_k2_0.092	140	0.903155408803656	0.905075331831799	0.917250880146946	0.920858935951543	0.16	0.092	0.675280998318435	0.787275985663082	0.707699975080987
LC_k1_0.16_k2_0.092	150	0.903405484688209	0.903348593270812	0.919534201520068	0.916035379350193	0.16	0.092	0.675280998318435	0.787275985663082	0.707699975080987
LC_k1_0.16_k2_0.092	160	0.897465721317239	0.896296730341029	0.915343372787999	0.912568850345717	0.16	0.092	0.675280998318435	0.787275985663082	0.707699975080987
LC_k1_0.16_k2_0.092	170	0.892594695928823	0.889509712324669	0.911878896684803	0.900513553288024	0.16	0.092	0.675280998318435	0.787275985663082	0.707699975080987
LC_k1_0.16_k2_0.092	180	0.89302138954906	0.886418305091721	0.913939730650123	0.890628311573403	0.16	0.092	0.675280998318435	0.787275985663082	0.707699975080987
LC_k1_0.16_k2_0.092	190	0.880999182073859	0.87586767967038	0.904851133068273	0.883072428015939	0.16	0.092	0.675280998318435	0.787275985663082	0.707699975080987
LC_k1_0.16_k2_0.092	200	0.876276906922673	0.869177229430736	0.895424885622141	0.885025125628141	0.16	0.092	0.675280998318435	0.787275985663082	0.707699975080987
LC_k1_0.16_k2_0.092	210	0.865437829817975	0.856537077290382	0.886826069914122	0.883549027674745	0.16	0.092	0.675280998318435	0.787275985663082	0.707699975080987
LC_k1_0.16_k2_0.092	220	0.852780579613779	0.842295013608471	0.87287152814953	0.884067101311259	0.16	0.092	0.675280998318435	0.787275985663082	0.707699975080987
LC_k1_0.16_k2_0.092	230	0.850065711770667	0.837676885483986	0.872631109160443	0.892784033889027	0.16	0.092	0.675280998318435	0.787275985663082	0.707699975080987
LC_k1_0.16_k2_0.092	240	0.842618795465199	0.819881421552457	0.861590479001371	0.902942759422906	0.16	0.092	0.675280998318435	0.787275985663082	0.707699975080987
LC_k1_0.16_k2_0.092	250	0.835386550184803	0.814968943503096	0.855678202851246		0.16	0.092	0.675280998318435	0.787275985663082	0.707699975080987
LC_k1_0.16_k2_0.092	260	0.814992028785132	0.792890427373186	0.836746788470926		0.16	0.092	0.675280998318435	0.787275985663082	0.707699975080987
LC_k1_0.16_k2_0.092	270	0.798042039899953	0.776102400429209	0.81880013595675		0.16	0.092	0.675280998318435	0.787275985663082	0.707699975080987
LC_k1_0.16_k2_0.092	280	0.791669536601232	0.770265291284692	0.814571614433858		0.16	0.092	0.675280998318435	0.787275985663082	0.707699975080987
LC_k1_0.16_k2_0.092	290	0.786969298499183	0.763345416793262	0.801227371189374		0.16	0.092	0.675280998318435	0.787275985663082	0.707699975080987
LC_k1_0.16_k2_0.092	300	0.794548383870932	0.770159223991378	0.808553872820809		0.16	0.092	0.675280998318435	0.787275985663082	0.707699975080987
LC_k1_0.16_k2_0.092	365	0.795137492195655	0.780716790507943	0.821828721469413		0.16	0.092	0.675280998318435	0.787275985663082	0.707699975080987
LC_k1_0.16_k2_0.106	10	0.478787878787879	0.563636363636364	-0.0424242424242424	0.854545454545454	0.16	0.106	0.663952562173644	0.774014336917563	0.698729130326439
LC_k1_0.16_k2_0.106	20	0.754887218045113	0.760902255639098	0.475187969924812	0.766917293233083	0.16	0.106	0.663952562173644	0.774014336917563	0.698729130326439
LC_k1_0.16_k2_0.106	30	0.864738598442714	0.84916573971079	0.577753058954394	0.820244716351502	0.16	0.106	0.663952562173644	0.774014336917563	0.698729130326439
LC_k1_0.16_k2_0.106	40	0.910506566604128	0.905440900562852	0.770544090056285	0.763039399624766	0.16	0.106	0.663952562173644	0.774014336917563	0.698729130326439
LC_k1_0.16_k2_0.106	50	0.864585834333733	0.849603841536615	0.808019207683073	0.784393757503001	0.16	0.106	0.663952562173644	0.774014336917563	0.698729130326439
LC_k1_0.16_k2_0.106	60	0.872353431508753	0.852903584328981	0.821728257849403	0.808891358710753	0.16	0.106	0.663952562173644	0.774014336917563	0.698729130326439
LC_k1_0.16_k2_0.106	70	0.88148018546059	0.882250021870352	0.864053888548683	0.843373283177325	0.16	0.106	0.663952562173644	0.774014336917563	0.698729130326439
LC_k1_0.16_k2_0.106	80	0.871683075480544	0.881434599156118	0.867440225035162	0.872597280825129	0.16	0.106	0.663952562173644	0.774014336917563	0.698729130326439
LC_k1_0.16_k2_0.106	90	0.88288266041075	0.893748199366177	0.890093427172079	0.880314442112195	0.16	0.106	0.663952562173644	0.774014336917563	0.698729130326439
LC_k1_0.16_k2_0.106	100	0.898181818181818	0.908454845484549	0.903438343834383	0.89033303330333	0.16	0.106	0.663952562173644	0.774014336917563	0.698729130326439
LC_k1_0.16_k2_0.106	110	0.900259225029867	0.910357730541217	0.909654441764533	0.904046164596623	0.16	0.106	0.663952562173644	0.774014336917563	0.698729130326439
LC_k1_0.16_k2_0.106	120	0.903333564830891	0.910403500243072	0.914139870824363	0.919674977428988	0.16	0.106	0.663952562173644	0.774014336917563	0.698729130326439
LC_k1_0.16_k2_0.106	130	0.909374701279548	0.914323560338117	0.920321184230291	0.918786273197777	0.16	0.106	0.663952562173644	0.774014336917563	0.698729130326439
LC_k1_0.16_k2_0.106	140	0.904777940565481	0.906059347051235	0.918506046226848	0.921361877063699	0.16	0.106	0.663952562173644	0.774014336917563	0.698729130326439
LC_k1_0.16_k2_0.106	150	0.900443575270012	0.900866705186897	0.91725143339704	0.918812391661852	0.16	0.106	0.663952562173644	0.774014336917563	0.698729130326439
LC_k1_0.16_k2_0.106	160	0.894330833235673	0.894556427985468	0.912070784015001	0.911355912340326	0.16	0.106	0.663952562173644	0.774014336917563	0.698729130326439
LC_k1_0.16_k2_0.106	170	0.900960546161785	0.896920512209867	0.919746459779801	0.896366045639682	0.16	0.106	0.663952562173644	0.774014336917563	0.698729130326439
LC_k1_0.16_k2_0.106	180	0.895671677109376	0.889928701503133	0.915906869553587	0.885451197053407	0.16	0.106	0.663952562173644	0.774014336917563	0.698729130326439
LC_k1_0.16_k2_0.106	190	0.888020225082777	0.881384088493485	0.910824180871026	0.881389337217389	0.16	0.106	0.663952562173644	0.774014336917563	0.698729130326439
LC_k1_0.16_k2_0.106	200	0.883657091427286	0.874194854871372	0.90312007800195	0.88654316357909	0.16	0.106	0.663952562173644	0.774014336917563	0.698729130326439
LC_k1_0.16_k2_0.106	210	0.87238712895984	0.862289070370886	0.891936649033182	0.883425928025579	0.16	0.106	0.663952562173644	0.774014336917563	0.698729130326439
LC_k1_0.16_k2_0.106	220	0.855765990657208	0.843373548288939	0.875562793371013	0.884257563548458	0.16	0.106	0.663952562173644	0.774014336917563	0.698729130326439
LC_k1_0.16_k2_0.106	230	0.85176608089082	0.839445308820665	0.87315680332578	0.891289800004438	0.16	0.106	0.663952562173644	0.774014336917563	0.698729130326439
LC_k1_0.16_k2_0.106	240	0.845498185732391	0.827356377714891	0.866714699907984	0.902394138787131	0.16	0.106	0.663952562173644	0.774014336917563	0.698729130326439
LC_k1_0.16_k2_0.106	250	0.834641578265252	0.814497383958143	0.852615369845917		0.16	0.106	0.663952562173644	0.774014336917563	0.698729130326439
LC_k1_0.16_k2_0.106	260	0.814578276647242	0.793792352413042	0.837500554741934		0.16	0.106	0.663952562173644	0.774014336917563	0.698729130326439
LC_k1_0.16_k2_0.106	270	0.808107107093376	0.782235086291383	0.827679392035556		0.16	0.106	0.663952562173644	0.774014336917563	0.698729130326439
LC_k1_0.16_k2_0.106	280	0.789872684236133	0.767549513204432	0.812241227566678		0.16	0.106	0.663952562173644	0.774014336917563	0.698729130326439
LC_k1_0.16_k2_0.106	290	0.788419313690638	0.765504940605715	0.802848121118337		0.16	0.106	0.663952562173644	0.774014336917563	0.698729130326439
LC_k1_0.16_k2_0.106	300	0.797382637584862	0.773116145734953	0.811702352248358		0.16	0.106	0.663952562173644	0.774014336917563	0.698729130326439
LC_k1_0.16_k2_0.106	365	0.796468364332725	0.782531840492766	0.822528583027123		0.16	0.106	0.663952562173644	0.774014336917563	0.698729130326439
LC_k1_0.16_k2_0.119	10	0.551515151515151	0.587878787878788	-0.0909090909090909	0.866666666666667	0.16	0.119	0.652801132843615	0.762007168458781	0.690132070769998
LC_k1_0.16_k2_0.119	20	0.783458646616541	0.801503759398496	0.466165413533835	0.807518796992481	0.16	0.119	0.652801132843615	0.762007168458781	0.690132070769998
LC_k1_0.16_k2_0.119	30	0.853170189098999	0.866073414905451	0.551946607341491	0.822469410456062	0.16	0.119	0.652801132843615	0.762007168458781	0.690132070769998
LC_k1_0.16_k2_0.119	40	0.89624765478424	0.90187617260788	0.75422138836773	0.809756097560976	0.16	0.119	0.652801132843615	0.762007168458781	0.690132070769998
LC_k1_0.16_k2_0.119	50	0.874189675870348	0.856806722689076	0.813877551020408	0.806482593037215	0.16	0.119	0.652801132843615	0.762007168458781	0.690132070769998
LC_k1_0.16_k2_0.119	60	0.863073075854404	0.847735482078355	0.821061405946096	0.847235343150875	0.16	0.119	0.652801132843615	0.762007168458781	0.690132070769998
LC_k1_0.16_k2_0.119	70	0.877945936488496	0.874551657772723	0.84998687778847	0.876616219053451	0.16	0.119	0.652801132843615	0.762007168458781	0.690132070769998
LC_k1_0.16_k2_0.119	80	0.88202062822316	0.880168776371308	0.875293014533521	0.889826535396156	0.16	0.119	0.652801132843615	0.762007168458781	0.690132070769998
LC_k1_0.16_k2_0.119	90	0.872807342470264	0.877647446186772	0.877285261554924	0.900794336749393	0.16	0.119	0.652801132843615	0.762007168458781	0.690132070769998
LC_k1_0.16_k2_0.119	100	0.869138913891389	0.876255625562556	0.881800180018002	0.921896189618962	0.16	0.119	0.652801132843615	0.762007168458781	0.690132070769998
LC_k1_0.16_k2_0.119	110	0.86443658003291	0.879800734846606	0.888763158487929	0.927137479431057	0.16	0.119	0.652801132843615	0.762007168458781	0.690132070769998
LC_k1_0.16_k2_0.119	120	0.873310646572679	0.8871727203278	0.898222098756858	0.935287172720328	0.16	0.119	0.652801132843615	0.762007168458781	0.690132070769998
LC_k1_0.16_k2_0.119	130	0.885362356443486	0.895085280421691	0.908052820603859	0.937642190935285	0.16	0.119	0.652801132843615	0.762007168458781	0.690132070769998
LC_k1_0.16_k2_0.119	140	0.888032188231178	0.890625615009512	0.908525945201286	0.932159804071636	0.16	0.119	0.652801132843615	0.762007168458781	0.690132070769998
LC_k1_0.16_k2_0.119	150	0.901037379439086	0.902729899106627	0.920035557135873	0.925930930263567	0.16	0.119	0.652801132843615	0.762007168458781	0.690132070769998
LC_k1_0.16_k2_0.119	160	0.884395874838861	0.885348060471112	0.904910348060471	0.909659557013946	0.16	0.119	0.652801132843615	0.762007168458781	0.690132070769998
LC_k1_0.16_k2_0.119	170	0.876849799402788	0.876539591233566	0.898232179823035	0.899482782835962	0.16	0.119	0.652801132843615	0.762007168458781	0.690132070769998
LC_k1_0.16_k2_0.119	180	0.867668755208494	0.867226354722882	0.891914359496692	0.887634392007984	0.16	0.119	0.652801132843615	0.762007168458781	0.690132070769998
LC_k1_0.16_k2_0.119	190	0.858802328683839	0.851137442209363	0.883985705975235	0.883032187799342	0.16	0.119	0.652801132843615	0.762007168458781	0.690132070769998
LC_k1_0.16_k2_0.119	200	0.851331283282082	0.839885997149929	0.875933398334959	0.885974649366234	0.16	0.119	0.652801132843615	0.762007168458781	0.690132070769998
LC_k1_0.16_k2_0.119	210	0.832869550005993	0.822390530397515	0.8568312206626	0.886870126630665	0.16	0.119	0.652801132843615	0.762007168458781	0.690132070769998
LC_k1_0.16_k2_0.119	220	0.835295244642545	0.824276609772178	0.860352862286787	0.887790694398269	0.16	0.119	0.652801132843615	0.762007168458781	0.690132070769998
LC_k1_0.16_k2_0.119	230	0.819570518716142	0.805602637347464	0.846421359161059	0.895139301556617	0.16	0.119	0.652801132843615	0.762007168458781	0.690132070769998
LC_k1_0.16_k2_0.119	240	0.80311897776003	0.78741992048473	0.828951023455268	0.906062605253563	0.16	0.119	0.652801132843615	0.762007168458781	0.690132070769998
LC_k1_0.16_k2_0.119	250	0.794502952047233	0.776293380694091	0.818535592569481		0.16	0.119	0.652801132843615	0.762007168458781	0.690132070769998
LC_k1_0.16_k2_0.119	260	0.799610144437731	0.77549645135852	0.825049073324935		0.16	0.119	0.652801132843615	0.762007168458781	0.690132070769998
LC_k1_0.16_k2_0.119	270	0.787353278737248	0.765151480511088	0.81062322147385		0.16	0.119	0.652801132843615	0.762007168458781	0.690132070769998
LC_k1_0.16_k2_0.119	280	0.778151324816461	0.755513280963861	0.800688237641515		0.16	0.119	0.652801132843615	0.762007168458781	0.690132070769998
LC_k1_0.16_k2_0.119	290	0.778260842824405	0.751605558473572	0.795809126435962		0.16	0.119	0.652801132843615	0.762007168458781	0.690132070769998
LC_k1_0.16_k2_0.119	300	0.773553483927599	0.74845942732697	0.791833242591584		0.16	0.119	0.652801132843615	0.762007168458781	0.690132070769998
LC_k1_0.16_k2_0.119	365	0.796669734936072	0.782285309570286	0.826732687927388		0.16	0.119	0.652801132843615	0.762007168458781	0.690132070769998
LC_k1_0.16_k2_0.132	10	0.478787878787879	0.551515151515151	0.163636363636364	0.83030303030303	0.16	0.132	0.642269227365254	0.751612903225806	0.680662845751308
LC_k1_0.16_k2_0.132	20	0.762406015037594	0.754887218045113	0.455639097744361	0.804511278195489	0.16	0.132	0.642269227365254	0.751612903225806	0.680662845751308
LC_k1_0.16_k2_0.132	30	0.867853170189099	0.840266963292547	0.556395995550612	0.841156840934372	0.16	0.132	0.642269227365254	0.751612903225806	0.680662845751308
LC_k1_0.16_k2_0.132	40	0.912382739212008	0.902439024390244	0.760600375234522	0.783489681050657	0.16	0.132	0.642269227365254	0.751612903225806	0.680662845751308
LC_k1_0.16_k2_0.132	50	0.906938775510204	0.901080432172869	0.827995198079232	0.794573829531813	0.16	0.132	0.642269227365254	0.751612903225806	0.680662845751308
LC_k1_0.16_k2_0.132	60	0.871297582661851	0.851347596554599	0.817560433453737	0.819005279244235	0.16	0.132	0.642269227365254	0.751612903225806	0.680662845751308
LC_k1_0.16_k2_0.132	70	0.875006561105765	0.875916367771849	0.854395940862567	0.849531974455428	0.16	0.132	0.642269227365254	0.751612903225806	0.680662845751308
LC_k1_0.16_k2_0.132	80	0.869971870604782	0.87822315986873	0.863877168307548	0.878035630567276	0.16	0.132	0.642269227365254	0.751612903225806	0.680662845751308
LC_k1_0.16_k2_0.132	90	0.882652179281393	0.892480553154711	0.885368564020249	0.88406799193316	0.16	0.132	0.642269227365254	0.751612903225806	0.680662845751308
LC_k1_0.16_k2_0.132	100	0.896501650165017	0.906294629462946	0.901410141014101	0.892805280528053	0.16	0.132	0.642269227365254	0.751612903225806	0.680662845751308
LC_k1_0.16_k2_0.132	110	0.902378107882695	0.912683993417938	0.911602010684579	0.907012600590582	0.16	0.132	0.642269227365254	0.751612903225806	0.680662845751308
LC_k1_0.16_k2_0.132	120	0.906618515174665	0.913368983957219	0.917049795124661	0.918077644280853	0.16	0.132	0.642269227365254	0.751612903225806	0.680662845751308
LC_k1_0.16_k2_0.132	130	0.90355733384315	0.906818336997637	0.915066435428587	0.920943888350244	0.16	0.132	0.642269227365254	0.751612903225806	0.680662845751308
LC_k1_0.16_k2_0.132	140	0.897448120530931	0.900295204565831	0.912781264350222	0.922687017559205	0.16	0.132	0.642269227365254	0.751612903225806	0.680662845751308
LC_k1_0.16_k2_0.132	150	0.906040268456376	0.905457131428064	0.920529801324503	0.923779723543269	0.16	0.132	0.642269227365254	0.751612903225806	0.680662845751308
LC_k1_0.16_k2_0.132	160	0.901382866518223	0.899970701980546	0.917962615727177	0.909231805929919	0.16	0.132	0.642269227365254	0.751612903225806	0.680662845751308
LC_k1_0.16_k2_0.132	170	0.905525735675772	0.902174510414568	0.923210043905448	0.90021555803885	0.16	0.132	0.642269227365254	0.751612903225806	0.680662845751308
LC_k1_0.16_k2_0.132	180	0.900122431762297	0.894620204327294	0.919396689198226	0.88611788429684	0.16	0.132	0.642269227365254	0.751612903225806	0.680662845751308
LC_k1_0.16_k2_0.132	190	0.891963766309316	0.884494832193923	0.913159863008306	0.882816990119278	0.16	0.132	0.642269227365254	0.751612903225806	0.680662845751308
LC_k1_0.16_k2_0.132	200	0.886676666916673	0.879749493737344	0.903852096302408	0.883657091427286	0.16	0.132	0.642269227365254	0.751612903225806	0.680662845751308
LC_k1_0.16_k2_0.132	210	0.883490717314614	0.871630390063915	0.900026239662059	0.88402458105626	0.16	0.132	0.642269227365254	0.751612903225806	0.680662845751308
LC_k1_0.16_k2_0.132	220	0.872282109510151	0.857574818412852	0.890103289136327	0.887417658892276	0.16	0.132	0.642269227365254	0.751612903225806	0.680662845751308
LC_k1_0.16_k2_0.132	230	0.856565382595381	0.842454488742698	0.877371233285416	0.893139099366553	0.16	0.132	0.642269227365254	0.751612903225806	0.680662845751308
LC_k1_0.16_k2_0.132	240	0.852723137554471	0.8377697529471	0.873687043177833	0.904116390909564	0.16	0.132	0.642269227365254	0.751612903225806	0.680662845751308
LC_k1_0.16_k2_0.132	250	0.838265828253252	0.818451879230068	0.858005280084481		0.16	0.132	0.642269227365254	0.751612903225806	0.680662845751308
LC_k1_0.16_k2_0.132	260	0.827044778768917	0.804986191193088	0.843637878120637		0.16	0.132	0.642269227365254	0.751612903225806	0.680662845751308
LC_k1_0.16_k2_0.132	270	0.809465455249348	0.783752558715178	0.8285487836291		0.16	0.132	0.642269227365254	0.751612903225806	0.680662845751308
LC_k1_0.16_k2_0.132	280	0.799268576676452	0.775359561801991	0.819519381624766		0.16	0.132	0.642269227365254	0.751612903225806	0.680662845751308
LC_k1_0.16_k2_0.132	290	0.789728116001215	0.764206962975902	0.801859138921247		0.16	0.132	0.642269227365254	0.751612903225806	0.680662845751308
LC_k1_0.16_k2_0.132	300	0.790964344048267	0.767834753719486	0.805978733097034		0.16	0.132	0.642269227365254	0.751612903225806	0.680662845751308
LC_k1_0.16_k2_0.132	365	0.804049128504552	0.789358452012842	0.828956155006009		0.16	0.132	0.642269227365254	0.751612903225806	0.680662845751308
LC_k1_0.16_k2_0.146	10	0.551515151515151	0.587878787878788	-0.0909090909090909	0.866666666666667	0.16	0.146	0.633418886627135	0.74336917562724	0.672937951657114
LC_k1_0.16_k2_0.146	20	0.745864661654135	0.765413533834587	0.37593984962406	0.818045112781955	0.16	0.146	0.633418886627135	0.74336917562724	0.672937951657114
LC_k1_0.16_k2_0.146	30	0.866073414905451	0.87230255839822	0.574193548387097	0.833592880978865	0.16	0.146	0.633418886627135	0.74336917562724	0.672937951657114
LC_k1_0.16_k2_0.146	40	0.904502814258912	0.910694183864916	0.766979362101314	0.812945590994372	0.16	0.146	0.633418886627135	0.74336917562724	0.672937951657114
LC_k1_0.16_k2_0.146	50	0.905498199279712	0.895030012004802	0.835678271308523	0.804273709483794	0.16	0.146	0.633418886627135	0.74336917562724	0.672937951657114
LC_k1_0.16_k2_0.146	60	0.850847457627119	0.837732703528758	0.80955821061406	0.851069741594888	0.16	0.146	0.633418886627135	0.74336917562724	0.672937951657114
LC_k1_0.16_k2_0.146	70	0.854430933426647	0.859294899833785	0.844423060099729	0.874061761875602	0.16	0.146	0.633418886627135	0.74336917562724	0.672937951657114
LC_k1_0.16_k2_0.146	80	0.883614627285513	0.882770745428973	0.876699484294421	0.892217533989686	0.16	0.146	0.633418886627135	0.74336917562724	0.672937951657114
LC_k1_0.16_k2_0.146	90	0.876972465736511	0.881845495328641	0.882306457587356	0.902407704654896	0.16	0.146	0.633418886627135	0.74336917562724	0.672937951657114
LC_k1_0.16_k2_0.146	100	0.875487548754876	0.882352235223523	0.888376837683768	0.922952295229523	0.16	0.146	0.633418886627135	0.74336917562724	0.672937951657114
LC_k1_0.16_k2_0.146	110	0.871532583459189	0.886166399927868	0.895633748844758	0.924279241710434	0.16	0.146	0.633418886627135	0.74336917562724	0.672937951657114
LC_k1_0.16_k2_0.146	120	0.876540037502604	0.889971525800403	0.900937565108688	0.935564969789569	0.16	0.146	0.633418886627135	0.74336917562724	0.672937951657114
LC_k1_0.16_k2_0.146	130	0.890895683404116	0.899739174370809	0.911330210708872	0.938576247115214	0.16	0.146	0.633418886627135	0.74336917562724	0.672937951657114
LC_k1_0.16_k2_0.146	140	0.894316765432639	0.899232468128841	0.915794537622182	0.93124138986683	0.16	0.146	0.633418886627135	0.74336917562724	0.672937951657114
LC_k1_0.16_k2_0.146	150	0.898011467176319	0.897599004400196	0.918392817458554	0.915448686608294	0.16	0.146	0.633418886627135	0.74336917562724	0.672937951657114
LC_k1_0.16_k2_0.146	160	0.887067854213055	0.888175319348412	0.908637056135005	0.912340325793976	0.16	0.146	0.633418886627135	0.74336917562724	0.672937951657114
LC_k1_0.16_k2_0.146	170	0.882597199577433	0.882015864583143	0.901436850043661	0.904389934111297	0.16	0.146	0.633418886627135	0.74336917562724	0.672937951657114
LC_k1_0.16_k2_0.146	180	0.871111248289556	0.869565933104931	0.890642715310144	0.88559934977417	0.16	0.146	0.633418886627135	0.74336917562724	0.672937951657114
LC_k1_0.16_k2_0.146	190	0.864196267282517	0.858905553587284	0.884480835596846	0.884816753926702	0.16	0.146	0.633418886627135	0.74336917562724	0.672937951657114
LC_k1_0.16_k2_0.146	200	0.861219530488262	0.851974799369984	0.884108602715068	0.888077701942549	0.16	0.146	0.633418886627135	0.74336917562724	0.672937951657114
LC_k1_0.16_k2_0.146	210	0.847359026605722	0.833159806020869	0.87033460428322	0.889019835240838	0.16	0.146	0.633418886627135	0.74336917562724	0.672937951657114
LC_k1_0.16_k2_0.146	220	0.843061370539211	0.829120436372652	0.868980012735049	0.890039050393603	0.16	0.146	0.633418886627135	0.74336917562724	0.672937951657114
LC_k1_0.16_k2_0.146	230	0.826145147808334	0.814853079330011	0.854691425908438	0.897839771771801	0.16	0.146	0.633418886627135	0.74336917562724	0.672937951657114
LC_k1_0.16_k2_0.146	240	0.809607805691071	0.796146634490182	0.834943314988107	0.908389034531849	0.16	0.146	0.633418886627135	0.74336917562724	0.672937951657114
LC_k1_0.16_k2_0.146	250	0.806566889070225	0.788191427062833	0.8303115249844		0.16	0.146	0.633418886627135	0.74336917562724	0.672937951657114
LC_k1_0.16_k2_0.146	260	0.809480112928389	0.785588316622799	0.832762205175998		0.16	0.146	0.633418886627135	0.74336917562724	0.672937951657114
LC_k1_0.16_k2_0.146	270	0.799959456843639	0.77505925245126	0.818832448547534		0.16	0.146	0.633418886627135	0.74336917562724	0.672937951657114
LC_k1_0.16_k2_0.146	280	0.792097566842143	0.767344517878326	0.805328785170365		0.16	0.146	0.633418886627135	0.74336917562724	0.672937951657114
LC_k1_0.16_k2_0.146	290	0.790669371196755	0.768538803405346	0.808470558713437		0.16	0.146	0.633418886627135	0.74336917562724	0.672937951657114
LC_k1_0.16_k2_0.146	300	0.787462527361415	0.761581795353282	0.797990644340493		0.16	0.146	0.633418886627135	0.74336917562724	0.672937951657114
LC_k1_0.16_k2_0.146	365	0.804152281583227	0.789606216823823	0.834236210679058		0.16	0.146	0.633418886627135	0.74336917562724	0.672937951657114
LC_k1_0.16_k2_0.159	10	0.684848484848485	0.381818181818182	-0.418181818181818	0.793939393939394	0.16	0.159	0.624126028852111	0.733512544802867	0.66521305756292
LC_k1_0.16_k2_0.159	20	0.774436090225564	0.757894736842105	0.458646616541353	0.777443609022556	0.16	0.159	0.624126028852111	0.733512544802867	0.66521305756292
LC_k1_0.16_k2_0.159	30	0.85139043381535	0.845161290322581	0.563959955506118	0.820689655172414	0.16	0.159	0.624126028852111	0.733512544802867	0.66521305756292
LC_k1_0.16_k2_0.159	40	0.90375234521576	0.908818011257036	0.769043151969981	0.804502814258912	0.16	0.159	0.624126028852111	0.733512544802867	0.66521305756292
LC_k1_0.16_k2_0.159	50	0.91452581032413	0.92499399759904	0.844609843937575	0.789387755102041	0.16	0.159	0.624126028852111	0.733512544802867	0.66521305756292
LC_k1_0.16_k2_0.159	60	0.865407057515977	0.85590441789386	0.824617949430398	0.836787996665741	0.16	0.159	0.624126028852111	0.733512544802867	0.66521305756292
LC_k1_0.16_k2_0.159	70	0.873361910593999	0.879555594436182	0.861394453678593	0.869652698801505	0.16	0.159	0.624126028852111	0.733512544802867	0.66521305756292
LC_k1_0.16_k2_0.159	80	0.86643225503985	0.882934833567745	0.870604781997187	0.894397562119081	0.16	0.159	0.624126028852111	0.733512544802867	0.66521305756292
LC_k1_0.16_k2_0.159	90	0.876890151047454	0.892546404905955	0.89116351812981	0.891970202082562	0.16	0.159	0.624126028852111	0.733512544802867	0.66521305756292
LC_k1_0.16_k2_0.159	100	0.892313231323132	0.906714671467147	0.905682568256826	0.905274527452745	0.16	0.159	0.624126028852111	0.733512544802867	0.66521305756292
LC_k1_0.16_k2_0.159	110	0.904190428961071	0.915181570227442	0.91855374974641	0.910366747063995	0.16	0.159	0.624126028852111	0.733512544802867	0.66521305756292
LC_k1_0.16_k2_0.159	120	0.904694770470171	0.914341273699562	0.919876380304187	0.919834710743802	0.16	0.159	0.624126028852111	0.733512544802867	0.66521305756292
LC_k1_0.16_k2_0.159	130	0.902705212415846	0.908238539376476	0.918141719810457	0.922959483264827	0.16	0.159	0.624126028852111	0.733512544802867	0.66521305756292
LC_k1_0.16_k2_0.159	140	0.901528503640856	0.905788196190768	0.919061468150707	0.923859089020577	0.16	0.159	0.624126028852111	0.733512544802867	0.66521305756292
LC_k1_0.16_k2_0.159	150	0.905645584248189	0.906093604160185	0.922908573714387	0.919473754389084	0.16	0.159	0.624126028852111	0.733512544802867	0.66521305756292
LC_k1_0.16_k2_0.159	160	0.900325208015938	0.899203093870854	0.918706785421305	0.913623579046056	0.16	0.159	0.624126028852111	0.733512544802867	0.66521305756292
LC_k1_0.16_k2_0.159	170	0.90495172843351	0.902594634864223	0.925151898193099	0.907433393787288	0.16	0.159	0.624126028852111	0.733512544802867	0.66521305756292
LC_k1_0.16_k2_0.159	180	0.898056524378325	0.894424725042954	0.919371997078099	0.891624227085198	0.16	0.159	0.624126028852111	0.733512544802867	0.66521305756292
LC_k1_0.16_k2_0.159	190	0.893099240247215	0.884811505202798	0.915590022175859	0.885388864832238	0.16	0.159	0.624126028852111	0.733512544802867	0.66521305756292
LC_k1_0.16_k2_0.159	200	0.884534613365334	0.876152403810096	0.907639690992275	0.88836870921773	0.16	0.159	0.624126028852111	0.733512544802867	0.66521305756292
LC_k1_0.16_k2_0.159	210	0.879224990524566	0.864953205935995	0.896081867745624	0.885456424343927	0.16	0.159	0.624126028852111	0.733512544802867	0.66521305756292
LC_k1_0.16_k2_0.159	220	0.871177653933496	0.857533119579856	0.888448859762317	0.891861402095085	0.16	0.159	0.624126028852111	0.733512544802867	0.66521305756292
LC_k1_0.16_k2_0.159	230	0.856399685372535	0.846181689963729	0.87732191863576	0.898737298395548	0.16	0.159	0.624126028852111	0.733512544802867	0.66521305756292
LC_k1_0.16_k2_0.159	240	0.84462664282366	0.828086425111547	0.865069706071286	0.906628587301863	0.16	0.159	0.624126028852111	0.733512544802867	0.66521305756292
LC_k1_0.16_k2_0.159	250	0.84309201747228	0.82556290500648	0.862285412566601		0.16	0.159	0.624126028852111	0.733512544802867	0.66521305756292
LC_k1_0.16_k2_0.159	260	0.831403514162135	0.812768964493102	0.848192565433945		0.16	0.159	0.624126028852111	0.733512544802867	0.66521305756292
LC_k1_0.16_k2_0.159	270	0.815084797688126	0.793118332670316	0.831711149825253		0.16	0.159	0.624126028852111	0.733512544802867	0.66521305756292
LC_k1_0.16_k2_0.159	280	0.802485090006614	0.779048384363503	0.819080418299796		0.16	0.159	0.624126028852111	0.733512544802867	0.66521305756292
LC_k1_0.16_k2_0.159	290	0.788284005181086	0.767030236531576	0.803843499717697		0.16	0.159	0.624126028852111	0.733512544802867	0.66521305756292
LC_k1_0.16_k2_0.159	300	0.793119923554706	0.770088112090134	0.806210735674841		0.16	0.159	0.624126028852111	0.733512544802867	0.66521305756292
LC_k1_0.16_k2_0.159	365	0.810385392734371	0.795188081624192	0.834859571149713		0.16	0.159	0.624126028852111	0.733512544802867	0.66521305756292
LC_k1_0.16_k2_0.172	10	0.551515151515151	0.490909090909091	0.745454545454545	0.260606060606061	0.16	0.172	0.613682626781131	0.722043010752688	0.655370047346125
LC_k1_0.16_k2_0.172	20	0.276691729323308	0.353383458646617	0.547368421052632	0.136842105263158	0.16	0.172	0.613682626781131	0.722043010752688	0.655370047346125
LC_k1_0.16_k2_0.172	30	0.40734149054505	0.454060066740823	0.539043381535039	0.379310344827586	0.16	0.172	0.613682626781131	0.722043010752688	0.655370047346125
LC_k1_0.16_k2_0.172	40	0.678048780487805	0.714446529080676	0.727392120075047	0.56454033771107	0.16	0.172	0.613682626781131	0.722043010752688	0.655370047346125
LC_k1_0.16_k2_0.172	50	0.818391356542617	0.834237695078031	0.835294117647059	0.695750300120048	0.16	0.172	0.613682626781131	0.722043010752688	0.655370047346125
LC_k1_0.16_k2_0.172	60	0.851292025562657	0.860794665184774	0.850569602667408	0.759266462906363	0.16	0.172	0.613682626781131	0.722043010752688	0.655370047346125
LC_k1_0.16_k2_0.172	70	0.873536873414399	0.88676406263669	0.878155891872977	0.814469425247135	0.16	0.172	0.613682626781131	0.722043010752688	0.655370047346125
LC_k1_0.16_k2_0.172	80	0.867932489451477	0.887834036568214	0.883778715424285	0.854571026722926	0.16	0.172	0.613682626781131	0.722043010752688	0.655370047346125
LC_k1_0.16_k2_0.172	90	0.874124377495164	0.894735975634852	0.893781125241799	0.867934312878133	0.16	0.172	0.613682626781131	0.722043010752688	0.655370047346125
LC_k1_0.16_k2_0.172	100	0.862166216621662	0.873219321932193	0.883456345634564	0.87973597359736	0.16	0.172	0.613682626781131	0.722043010752688	0.655370047346125
LC_k1_0.16_k2_0.172	110	0.881910601176656	0.890187769086852	0.900719067691545	0.890133669950184	0.16	0.172	0.613682626781131	0.722043010752688	0.655370047346125
LC_k1_0.16_k2_0.172	120	0.885332314744079	0.892228626987985	0.901597333148135	0.905451767483853	0.16	0.172	0.613682626781131	0.722043010752688	0.655370047346125
LC_k1_0.16_k2_0.172	130	0.885356894126644	0.889819606986303	0.905392672301957	0.911302899124664	0.16	0.172	0.613682626781131	0.722043010752688	0.655370047346125
LC_k1_0.16_k2_0.172	140	0.891194157136297	0.893573287266843	0.911145612385472	0.916004460868995	0.16	0.172	0.613682626781131	0.722043010752688	0.655370047346125
LC_k1_0.16_k2_0.172	150	0.89160051557847	0.892087648339926	0.910513356149162	0.914677096759856	0.16	0.172	0.613682626781131	0.722043010752688	0.655370047346125
LC_k1_0.16_k2_0.172	160	0.893692136411579	0.894201921950076	0.915258408531583	0.907860658619477	0.16	0.172	0.613682626781131	0.722043010752688	0.655370047346125
LC_k1_0.16_k2_0.172	170	0.895738301549209	0.893158932835046	0.917487069570899	0.903232149290735	0.16	0.172	0.613682626781131	0.722043010752688	0.655370047346125
LC_k1_0.16_k2_0.172	180	0.888986285584946	0.885331851806126	0.910511641305802	0.891465785981049	0.16	0.172	0.613682626781131	0.722043010752688	0.655370047346125
LC_k1_0.16_k2_0.172	190	0.885387115257603	0.877835951134381	0.908672204070385	0.884578811776387	0.16	0.172	0.613682626781131	0.722043010752688	0.655370047346125
LC_k1_0.16_k2_0.172	200	0.882866571664292	0.874119852996325	0.901848046201155	0.887117677941949	0.16	0.172	0.613682626781131	0.722043010752688	0.655370047346125
LC_k1_0.16_k2_0.172	210	0.877092127129543	0.863885478452702	0.89590564087945	0.883660465251884	0.16	0.172	0.613682626781131	0.722043010752688	0.655370047346125
LC_k1_0.16_k2_0.172	220	0.863764277624068	0.850052123541245	0.882606515160907	0.890005240529012	0.16	0.172	0.613682626781131	0.722043010752688	0.655370047346125
LC_k1_0.16_k2_0.172	230	0.852499882877707	0.838995559215799	0.872875709822739	0.898228371211094	0.16	0.172	0.613682626781131	0.722043010752688	0.655370047346125
LC_k1_0.16_k2_0.172	240	0.846229101199674	0.825687945971284	0.865569714751992	0.906132918974287	0.16	0.172	0.613682626781131	0.722043010752688	0.655370047346125
LC_k1_0.16_k2_0.172	250	0.830957423318773	0.812705611289781	0.8502806124898		0.16	0.172	0.613682626781131	0.722043010752688	0.655370047346125
LC_k1_0.16_k2_0.172	260	0.821189434982538	0.805481874447392	0.839981702050667		0.16	0.172	0.613682626781131	0.722043010752688	0.655370047346125
LC_k1_0.16_k2_0.172	270	0.816592515367533	0.79804021088538	0.833659660016674		0.16	0.172	0.613682626781131	0.722043010752688	0.655370047346125
LC_k1_0.16_k2_0.172	280	0.804461791604485	0.779635490977472	0.821483510175968		0.16	0.172	0.613682626781131	0.722043010752688	0.655370047346125
LC_k1_0.16_k2_0.172	290	0.787803290948968	0.76540013801468	0.80371261948664		0.16	0.172	0.613682626781131	0.722043010752688	0.655370047346125
LC_k1_0.16_k2_0.172	300	0.786501627795864	0.762076467516306	0.798070645229391		0.16	0.172	0.613682626781131	0.722043010752688	0.655370047346125
LC_k1_0.16_k2_0.172	365	0.810570969564906	0.796826932331087	0.836636123813308		0.16	0.172	0.613682626781131	0.722043010752688	0.655370047346125
LC_k1_0.16_k2_0.186	10	0.587878787878788	0.587878787878788	0.721212121212121	0.309090909090909	0.16	0.186	0.60164616337729	0.709139784946237	0.644031896336905
LC_k1_0.16_k2_0.186	20	0.299248120300752	0.378947368421053	0.571428571428571	0.213533834586466	0.16	0.186	0.60164616337729	0.709139784946237	0.644031896336905
LC_k1_0.16_k2_0.186	30	0.422469410456062	0.52880978865406	0.578642936596218	0.429588431590656	0.16	0.186	0.60164616337729	0.709139784946237	0.644031896336905
LC_k1_0.16_k2_0.186	40	0.694371482176361	0.755909943714822	0.75046904315197	0.603939962476548	0.16	0.186	0.60164616337729	0.709139784946237	0.644031896336905
LC_k1_0.16_k2_0.186	50	0.818391356542617	0.854597839135654	0.843361344537815	0.679711884753902	0.16	0.186	0.60164616337729	0.709139784946237	0.644031896336905
LC_k1_0.16_k2_0.186	60	0.865129202556266	0.881022506251737	0.867185329258128	0.77126979716588	0.16	0.186	0.60164616337729	0.709139784946237	0.644031896336905
LC_k1_0.16_k2_0.186	70	0.888758638789257	0.903315545446593	0.891767999300149	0.823007610882687	0.16	0.186	0.60164616337729	0.709139784946237	0.644031896336905
LC_k1_0.16_k2_0.186	80	0.862962962962963	0.884669479606188	0.877473042662916	0.860970464135021	0.16	0.186	0.60164616337729	0.709139784946237	0.644031896336905
LC_k1_0.16_k2_0.186	90	0.835765732394946	0.848771453265835	0.859077252335679	0.872774416594641	0.16	0.186	0.60164616337729	0.709139784946237	0.644031896336905
LC_k1_0.16_k2_0.186	100	0.863294329432943	0.876603660366037	0.883828382838284	0.883924392439244	0.16	0.186	0.60164616337729	0.709139784946237	0.644031896336905
LC_k1_0.16_k2_0.186	110	0.882974550864459	0.892757478078579	0.901837116516015	0.889177918535717	0.16	0.186	0.60164616337729	0.709139784946237	0.644031896336905
LC_k1_0.16_k2_0.186	120	0.88798527675533	0.896735884436419	0.906236544204459	0.907292173067574	0.16	0.186	0.60164616337729	0.709139784946237	0.644031896336905
LC_k1_0.16_k2_0.186	130	0.896401698780538	0.90148711576015	0.91329664477188	0.911466768629914	0.16	0.186	0.60164616337729	0.709139784946237	0.644031896336905
LC_k1_0.16_k2_0.186	140	0.896446611707595	0.901252979379415	0.913988323019396	0.911959064966872	0.16	0.186	0.60164616337729	0.709139784946237	0.644031896336905
LC_k1_0.16_k2_0.186	150	0.905087337214987	0.906317614116183	0.922289879550202	0.91558380372461	0.16	0.186	0.60164616337729	0.709139784946237	0.644031896336905
LC_k1_0.16_k2_0.186	160	0.896806515879526	0.896044767373726	0.915322864174382	0.907843079807805	0.16	0.186	0.60164616337729	0.709139784946237	0.644031896336905
LC_k1_0.16_k2_0.186	170	0.888405664352318	0.887817001605999	0.907203790890383	0.904069955606036	0.16	0.186	0.60164616337729	0.709139784946237	0.644031896336905
LC_k1_0.16_k2_0.186	180	0.875761597580172	0.872343796619237	0.895243680360505	0.896505036163668	0.16	0.186	0.60164616337729	0.709139784946237	0.644031896336905
LC_k1_0.16_k2_0.186	190	0.874938655539372	0.866430474090987	0.89488555594921	0.889110210080174	0.16	0.186	0.60164616337729	0.709139784946237	0.644031896336905
LC_k1_0.16_k2_0.186	200	0.864077101927548	0.856311407785195	0.885865146628666	0.890086252156304	0.16	0.186	0.60164616337729	0.709139784946237	0.644031896336905
LC_k1_0.16_k2_0.186	210	0.852584930659264	0.841908951612119	0.875568283051446	0.88883712944576	0.16	0.186	0.60164616337729	0.709139784946237	0.644031896336905
LC_k1_0.16_k2_0.186	220	0.856038723564912	0.845391997205051	0.878497489617554	0.895340437161549	0.16	0.186	0.60164616337729	0.709139784946237	0.644031896336905
LC_k1_0.16_k2_0.186	230	0.848178933274813	0.831424774200548	0.864902517266292	0.900606323617526	0.16	0.186	0.60164616337729	0.709139784946237	0.644031896336905
LC_k1_0.16_k2_0.186	240	0.833110817896144	0.816263303182347	0.853150228302575	0.908620809389052	0.16	0.186	0.60164616337729	0.709139784946237	0.644031896336905
LC_k1_0.16_k2_0.186	250	0.827253300052801	0.808056832909327	0.850190755052081		0.16	0.186	0.60164616337729	0.709139784946237	0.644031896336905
LC_k1_0.16_k2_0.186	260	0.819039425935978	0.796741189844638	0.838326010739804		0.16	0.186	0.60164616337729	0.709139784946237	0.644031896336905
LC_k1_0.16_k2_0.186	270	0.815868225596754	0.793838964411949	0.830659466445965		0.16	0.186	0.60164616337729	0.709139784946237	0.644031896336905
LC_k1_0.16_k2_0.186	280	0.814469936752109	0.786893965484254	0.826376065292378		0.16	0.186	0.60164616337729	0.709139784946237	0.644031896336905
LC_k1_0.16_k2_0.186	290	0.795506527405509	0.769633080224415	0.810551849605822		0.16	0.186	0.60164616337729	0.709139784946237	0.644031896336905
LC_k1_0.16_k2_0.186	300	0.778650873898599	0.755004833387038	0.797084412049023		0.16	0.186	0.60164616337729	0.709139784946237	0.644031896336905
LC_k1_0.16_k2_0.186	365	0.814191938759646	0.802232597853528	0.843794651340126		0.16	0.186	0.60164616337729	0.709139784946237	0.644031896336905
LC_k1_0.16_k2_0.199	10	0.575757575757576	0.527272727272727	0.684848484848485	0.357575757575758	0.16	0.199	0.592353305602266	0.699820788530466	0.637802143035136
LC_k1_0.16_k2_0.199	20	0.314285714285714	0.374436090225564	0.439097744360902	0.204511278195489	0.16	0.199	0.592353305602266	0.699820788530466	0.637802143035136
LC_k1_0.16_k2_0.199	30	0.311234705228031	0.394438264738598	0.557730812013348	0.256952169076752	0.16	0.199	0.592353305602266	0.699820788530466	0.637802143035136
LC_k1_0.16_k2_0.199	40	0.686303939962477	0.726829268292683	0.794746716697936	0.514258911819888	0.16	0.199	0.592353305602266	0.699820788530466	0.637802143035136
LC_k1_0.16_k2_0.199	50	0.750588235294118	0.782761104441777	0.789003601440576	0.610372148859544	0.16	0.199	0.592353305602266	0.699820788530466	0.637802143035136
LC_k1_0.16_k2_0.199	60	0.822895248680189	0.837510419560989	0.844623506529592	0.728091136426785	0.16	0.199	0.592353305602266	0.699820788530466	0.637802143035136
LC_k1_0.16_k2_0.199	70	0.853241186247922	0.873466888286239	0.870177587262707	0.784060887061499	0.16	0.199	0.592353305602266	0.699820788530466	0.637802143035136
LC_k1_0.16_k2_0.199	80	0.852977027660572	0.881153305203938	0.874261603375527	0.836451007969995	0.16	0.199	0.592353305602266	0.699820788530466	0.637802143035136
LC_k1_0.16_k2_0.199	90	0.876791373420587	0.894110383998024	0.892908589537803	0.849133637897683	0.16	0.199	0.592353305602266	0.699820788530466	0.637802143035136
LC_k1_0.16_k2_0.199	100	0.865586558655866	0.875415541554155	0.884680468046805	0.861398139813982	0.16	0.199	0.592353305602266	0.699820788530466	0.637802143035136
LC_k1_0.16_k2_0.199	110	0.886220499064536	0.892306651939679	0.90334287581994	0.88211798120055	0.16	0.199	0.592353305602266	0.699820788530466	0.637802143035136
LC_k1_0.16_k2_0.199	120	0.89382596013612	0.900034724633655	0.909764566983818	0.895499687478297	0.16	0.199	0.592353305602266	0.699820788530466	0.637802143035136
LC_k1_0.16_k2_0.199	130	0.891480151306176	0.893512133171285	0.911275587540455	0.906976744186047	0.16	0.199	0.592353305602266	0.699820788530466	0.637802143035136
LC_k1_0.16_k2_0.199	140	0.89571188034375	0.897312545100698	0.91421573987011	0.916957862281603	0.16	0.199	0.592353305602266	0.699820788530466	0.637802143035136
LC_k1_0.16_k2_0.199	150	0.895863816169608	0.896859415974043	0.915569580870261	0.918915507355883	0.16	0.199	0.592353305602266	0.699820788530466	0.637802143035136
LC_k1_0.16_k2_0.199	160	0.897527247158092	0.897588772998945	0.919084729872261	0.911291456697527	0.16	0.199	0.592353305602266	0.699820788530466	0.637802143035136
LC_k1_0.16_k2_0.199	170	0.900032364238128	0.896346504967605	0.921925244716386	0.906422164007304	0.16	0.199	0.592353305602266	0.699820788530466	0.637802143035136
LC_k1_0.16_k2_0.199	180	0.900079220552075	0.893819768099839	0.921909112421165	0.900571005277941	0.16	0.199	0.592353305602266	0.699820788530466	0.637802143035136
LC_k1_0.16_k2_0.199	190	0.899032047833371	0.890957760894383	0.919213391244254	0.888870518355225	0.16	0.199	0.592353305602266	0.699820788530466	0.637802143035136
LC_k1_0.16_k2_0.199	200	0.89625590639766	0.8862401560039	0.913405835145879	0.892970824270607	0.16	0.199	0.592353305602266	0.699820788530466	0.637802143035136
LC_k1_0.16_k2_0.199	210	0.884331682286284	0.871575967061125	0.903129646606823	0.887383257799821	0.16	0.199	0.592353305602266	0.699820788530466	0.637802143035136
LC_k1_0.16_k2_0.199	220	0.87512439212681	0.862822109397452	0.893076303229406	0.894175123828629	0.16	0.199	0.592353305602266	0.699820788530466	0.637802143035136
LC_k1_0.16_k2_0.199	230	0.860228474771858	0.844733811849817	0.875898697846676	0.900557995260862	0.16	0.199	0.592353305602266	0.699820788530466	0.637802143035136
LC_k1_0.16_k2_0.199	240	0.846591954721436	0.830187156027014	0.862078334693311	0.907591277626348	0.16	0.199	0.592353305602266	0.699820788530466	0.637802143035136
LC_k1_0.16_k2_0.199	250	0.836140738251812	0.814804588873422	0.851749051984832		0.16	0.199	0.592353305602266	0.699820788530466	0.637802143035136
LC_k1_0.16_k2_0.199	260	0.826844730293006	0.807883138917622	0.844063919925989		0.16	0.199	0.592353305602266	0.699820788530466	0.637802143035136
LC_k1_0.16_k2_0.199	270	0.810876844827928	0.786981379107471	0.830445471740963		0.16	0.199	0.592353305602266	0.699820788530466	0.637802143035136
LC_k1_0.16_k2_0.199	280	0.807396231365925	0.780454925627696	0.825213331802702		0.16	0.199	0.592353305602266	0.699820788530466	0.637802143035136
LC_k1_0.16_k2_0.199	290	0.801157010764407	0.776283862492112	0.817384683322734		0.16	0.199	0.592353305602266	0.699820788530466	0.637802143035136
LC_k1_0.16_k2_0.199	300	0.793038144868276	0.771869909665663	0.805610284558717		0.16	0.199	0.592353305602266	0.699820788530466	0.637802143035136
LC_k1_0.16_k2_0.199	365	0.815604247537775	0.802494428993418	0.839641382646098		0.16	0.199	0.592353305602266	0.699820788530466	0.637802143035136
LC_k1_0.16_k2_0.212	10	0.503030303030303	0.418181818181818	0.672727272727273	0.527272727272727	0.16	0.212	0.584830515974865	0.6915770609319	0.630824819337154
LC_k1_0.16_k2_0.212	20	0.377443609022556	0.443609022556391	0.554887218045113	0.258646616541353	0.16	0.212	0.584830515974865	0.6915770609319	0.630824819337154
LC_k1_0.16_k2_0.212	30	0.353058954393771	0.447830923248053	0.600889877641824	0.289432703003337	0.16	0.212	0.584830515974865	0.6915770609319	0.630824819337154
LC_k1_0.16_k2_0.212	40	0.706378986866792	0.750093808630394	0.811632270168856	0.510506566604128	0.16	0.212	0.584830515974865	0.6915770609319	0.630824819337154
LC_k1_0.16_k2_0.212	50	0.764705882352941	0.794285714285714	0.816950780312125	0.657719087635054	0.16	0.212	0.584830515974865	0.6915770609319	0.630824819337154
LC_k1_0.16_k2_0.212	60	0.823339816615727	0.840622395109753	0.841344818005002	0.76499027507641	0.16	0.212	0.584830515974865	0.6915770609319	0.630824819337154
LC_k1_0.16_k2_0.212	70	0.854046015221765	0.871997200594874	0.86576852418861	0.813524626016971	0.16	0.212	0.584830515974865	0.6915770609319	0.630824819337154
LC_k1_0.16_k2_0.212	80	0.863783403656821	0.883638068448195	0.877801218940459	0.848265353961556	0.16	0.212	0.584830515974865	0.6915770609319	0.630824819337154
LC_k1_0.16_k2_0.212	90	0.83831748775569	0.847553195867803	0.863143597975059	0.859834547474997	0.16	0.212	0.584830515974865	0.6915770609319	0.630824819337154
LC_k1_0.16_k2_0.212	100	0.85002100210021	0.868442844284429	0.879003900390039	0.886852685268527	0.16	0.212	0.584830515974865	0.6915770609319	0.630824819337154
LC_k1_0.16_k2_0.212	110	0.867339900367423	0.880269594031062	0.895678831458648	0.904289610711629	0.16	0.212	0.584830515974865	0.6915770609319	0.630824819337154
LC_k1_0.16_k2_0.212	120	0.884825335092715	0.895749704840614	0.908583929439544	0.919244391971664	0.16	0.212	0.584830515974865	0.6915770609319	0.630824819337154
LC_k1_0.16_k2_0.212	130	0.89786559969411	0.905523767906157	0.920239249477666	0.92368050908793	0.16	0.212	0.584830515974865	0.6915770609319	0.630824819337154
LC_k1_0.16_k2_0.212	140	0.895725000546675	0.901471649428178	0.915470905950012	0.917644486234721	0.16	0.212	0.584830515974865	0.6915770609319	0.630824819337154
LC_k1_0.16_k2_0.212	150	0.895501133383706	0.894836214942887	0.915260233788169	0.922969020845371	0.16	0.212	0.584830515974865	0.6915770609319	0.630824819337154
LC_k1_0.16_k2_0.212	160	0.891166647134654	0.891579749208953	0.910538497597562	0.917631548107348	0.16	0.212	0.584830515974865	0.6915770609319	0.630824819337154
LC_k1_0.16_k2_0.212	170	0.893842856357741	0.890919083298222	0.911392822466888	0.909609736139863	0.16	0.212	0.584830515974865	0.6915770609319	0.630824819337154
LC_k1_0.16_k2_0.212	180	0.880753521199214	0.877475642252333	0.898221138512506	0.898871364342521	0.16	0.212	0.584830515974865	0.6915770609319	0.630824819337154
LC_k1_0.16_k2_0.212	190	0.879344084469464	0.875899172013804	0.901072051857392	0.894476155484698	0.16	0.212	0.584830515974865	0.6915770609319	0.630824819337154
LC_k1_0.16_k2_0.212	200	0.864573614340359	0.854823370584265	0.887006675166879	0.895934898372459	0.16	0.212	0.584830515974865	0.6915770609319	0.630824819337154
LC_k1_0.16_k2_0.212	210	0.851815233905531	0.83989530050892	0.876738377611413	0.898681214021698	0.16	0.212	0.584830515974865	0.6915770609319	0.630824819337154
LC_k1_0.16_k2_0.212	220	0.847135459222486	0.831241441878025	0.868889853096138	0.903354502065219	0.16	0.212	0.584830515974865	0.6915770609319	0.630824819337154
LC_k1_0.16_k2_0.212	230	0.837182752694429	0.826075121005822	0.863929046082074	0.902950742062191	0.16	0.212	0.584830515974865	0.6915770609319	0.630824819337154
LC_k1_0.16_k2_0.212	240	0.830074306845605	0.819609715446449	0.8562657337801	0.911310960259726	0.16	0.212	0.584830515974865	0.6915770609319	0.630824819337154
LC_k1_0.16_k2_0.212	250	0.826833197331157	0.810867757884126	0.852072385158163		0.16	0.212	0.584830515974865	0.6915770609319	0.630824819337154
LC_k1_0.16_k2_0.212	260	0.820536717088441	0.796485155105845	0.846529363770743		0.16	0.212	0.584830515974865	0.6915770609319	0.630824819337154
LC_k1_0.16_k2_0.212	270	0.812105942620764	0.789103036011773	0.839567986757934		0.16	0.212	0.584830515974865	0.6915770609319	0.630824819337154
LC_k1_0.16_k2_0.212	280	0.800186955737409	0.779191061110473	0.822768147552903		0.16	0.212	0.584830515974865	0.6915770609319	0.630824819337154
LC_k1_0.16_k2_0.212	290	0.796482224767116	0.776299607482315	0.817573623205163		0.16	0.212	0.584830515974865	0.6915770609319	0.630824819337154
LC_k1_0.16_k2_0.212	300	0.800853787264303	0.782578473094146	0.822200246669407		0.16	0.212	0.584830515974865	0.6915770609319	0.630824819337154
LC_k1_0.16_k2_0.212	365	0.819475449320498	0.808159457878748	0.849743227802963		0.16	0.212	0.584830515974865	0.6915770609319	0.630824819337154
LC_k1_0.16_k2_0.226	10	0.345454545454545	0.333333333333333	0.575757575757576	0.563636363636364	0.16	0.226	0.576068678644128	0.680824372759857	0.620981809120359
LC_k1_0.16_k2_0.226	20	0.538345864661654	0.544360902255639	0.508270676691729	0.380451127819549	0.16	0.226	0.576068678644128	0.680824372759857	0.620981809120359
LC_k1_0.16_k2_0.226	30	0.416240266963293	0.458954393770857	0.592880978865406	0.379755283648498	0.16	0.226	0.576068678644128	0.680824372759857	0.620981809120359
LC_k1_0.16_k2_0.226	40	0.660225140712946	0.699812382739212	0.788180112570357	0.49812382739212	0.16	0.226	0.576068678644128	0.680824372759857	0.620981809120359
LC_k1_0.16_k2_0.226	50	0.733973589435774	0.760672268907563	0.776518607442977	0.615558223289316	0.16	0.226	0.576068678644128	0.680824372759857	0.620981809120359
LC_k1_0.16_k2_0.226	60	0.807668796888025	0.826840789108086	0.841122534037233	0.728980272297861	0.16	0.226	0.576068678644128	0.680824372759857	0.620981809120359
LC_k1_0.16_k2_0.226	70	0.852891260607121	0.873431895722159	0.868882862391742	0.787175225264631	0.16	0.226	0.576068678644128	0.680824372759857	0.620981809120359
LC_k1_0.16_k2_0.226	80	0.840248476324426	0.879231129864041	0.86657290201594	0.80309423347398	0.16	0.226	0.576068678644128	0.680824372759857	0.620981809120359
LC_k1_0.16_k2_0.226	90	0.869745236037371	0.894373791003005	0.890883648187019	0.82346791784994	0.16	0.226	0.576068678644128	0.680824372759857	0.620981809120359
LC_k1_0.16_k2_0.226	100	0.85962196219622	0.874635463546355	0.880744074407441	0.841500150015001	0.16	0.226	0.576068678644128	0.680824372759857	0.620981809120359
LC_k1_0.16_k2_0.226	110	0.876004778757072	0.888763158487929	0.895002592250299	0.868187453508554	0.16	0.226	0.576068678644128	0.680824372759857	0.620981809120359
LC_k1_0.16_k2_0.226	120	0.894194041252865	0.902896034446836	0.909320091673033	0.885165636502535	0.16	0.226	0.576068678644128	0.680824372759857	0.620981809120359
LC_k1_0.16_k2_0.226	130	0.888978410192683	0.894730229826981	0.909429324447965	0.898936213795081	0.16	0.226	0.576068678644128	0.680824372759857	0.620981809120359
LC_k1_0.16_k2_0.226	140	0.88937044892961	0.893958146552667	0.908333515558374	0.911521724869345	0.16	0.226	0.576068678644128	0.680824372759857	0.620981809120359
LC_k1_0.16_k2_0.226	150	0.89613405040224	0.900059558202587	0.917048757722566	0.912387217209654	0.16	0.226	0.576068678644128	0.680824372759857	0.620981809120359
LC_k1_0.16_k2_0.226	160	0.902809680065628	0.902686628383921	0.922122934489628	0.906029532403609	0.16	0.226	0.576068678644128	0.680824372759857	0.620981809120359
LC_k1_0.16_k2_0.226	170	0.904067513022026	0.902565323856108	0.927252520441375	0.904245821654729	0.16	0.226	0.576068678644128	0.680824372759857	0.620981809120359
LC_k1_0.16_k2_0.226	180	0.908404580388284	0.903875634021626	0.92865829192259	0.899245861497783	0.16	0.226	0.576068678644128	0.680824372759857	0.620981809120359
LC_k1_0.16_k2_0.226	190	0.90767669610326	0.900604915429936	0.926549357687412	0.884386358566574	0.16	0.226	0.576068678644128	0.680824372759857	0.620981809120359
LC_k1_0.16_k2_0.226	200	0.904582614565364	0.891875796894922	0.920582014550364	0.890131253281332	0.16	0.226	0.576068678644128	0.680824372759857	0.620981809120359
LC_k1_0.16_k2_0.226	210	0.892742627788774	0.882008338381499	0.909552856721727	0.88762427395503	0.16	0.226	0.576068678644128	0.680824372759857	0.620981809120359
LC_k1_0.16_k2_0.226	220	0.876775440514361	0.862082800358385	0.891784766402011	0.893717563661158	0.16	0.226	0.576068678644128	0.680824372759857	0.620981809120359
LC_k1_0.16_k2_0.226	230	0.873137077465917	0.858278573524444	0.890004660234393	0.901004785986749	0.16	0.226	0.576068678644128	0.680824372759857	0.620981809120359
LC_k1_0.16_k2_0.226	240	0.850310769284189	0.837726349415788	0.867762461153839	0.908093022448306	0.16	0.226	0.576068678644128	0.680824372759857	0.620981809120359
LC_k1_0.16_k2_0.226	250	0.843868477895646	0.825310996975951	0.859675706811309		0.16	0.226	0.576068678644128	0.680824372759857	0.620981809120359
LC_k1_0.16_k2_0.226	260	0.831945625049073	0.814767400974297	0.852616845720294		0.16	0.226	0.576068678644128	0.680824372759857	0.620981809120359
LC_k1_0.16_k2_0.226	270	0.812616847358065	0.791218596200832	0.834451623326642		0.16	0.226	0.576068678644128	0.680824372759857	0.620981809120359
LC_k1_0.16_k2_0.226	280	0.808123828110052	0.785086180035095	0.830229430768979		0.16	0.226	0.576068678644128	0.680824372759857	0.620981809120359
LC_k1_0.16_k2_0.226	290	0.804277963041096	0.780664413984996	0.825197150648804		0.16	0.226	0.576068678644128	0.680824372759857	0.620981809120359
LC_k1_0.16_k2_0.226	300	0.79882265358504	0.778178868654096	0.808357426193624		0.16	0.226	0.576068678644128	0.680824372759857	0.620981809120359
LC_k1_0.16_k2_0.226	365	0.819689405586554	0.808479281778181	0.844860731004903		0.16	0.226	0.576068678644128	0.680824372759857	0.620981809120359
LC_k1_0.16_k2_0.239	10	0.575757575757576	0.345454545454545	0.684848484848485	0.575757575757576	0.16	0.239	0.56801486857244	0.670967741935484	0.611263393969599
LC_k1_0.16_k2_0.239	20	0.571428571428571	0.535338345864662	0.566917293233083	0.390977443609023	0.16	0.239	0.56801486857244	0.670967741935484	0.611263393969599
LC_k1_0.16_k2_0.239	30	0.481646273637375	0.492324805339266	0.560845383759733	0.389098998887653	0.16	0.239	0.56801486857244	0.670967741935484	0.611263393969599
LC_k1_0.16_k2_0.239	40	0.586303939962477	0.624577861163227	0.75046904315197	0.367917448405253	0.16	0.239	0.56801486857244	0.670967741935484	0.611263393969599
LC_k1_0.16_k2_0.239	50	0.679423769507803	0.711500600240096	0.748763505402161	0.592989195678271	0.16	0.239	0.56801486857244	0.670967741935484	0.611263393969599
LC_k1_0.16_k2_0.239	60	0.781717143651014	0.807502083912198	0.827896637954988	0.704695748819117	0.16	0.239	0.56801486857244	0.670967741935484	0.611263393969599
LC_k1_0.16_k2_0.239	70	0.845052926253171	0.862479223165077	0.855445717784971	0.738430583501006	0.16	0.239	0.56801486857244	0.670967741935484	0.611263393969599
LC_k1_0.16_k2_0.239	80	0.837857477730896	0.871518987341772	0.861720581340835	0.798476324425692	0.16	0.239	0.56801486857244	0.670967741935484	0.611263393969599
LC_k1_0.16_k2_0.239	90	0.816619335720459	0.839469893402478	0.84752026999218	0.822990492653414	0.16	0.239	0.56801486857244	0.670967741935484	0.611263393969599
LC_k1_0.16_k2_0.239	100	0.852673267326733	0.872067206720672	0.876927692769277	0.852685268526853	0.16	0.239	0.56801486857244	0.670967741935484	0.611263393969599
LC_k1_0.16_k2_0.239	110	0.87408425940536	0.887744291414016	0.897157541194238	0.878376124247684	0.16	0.239	0.56801486857244	0.670967741935484	0.611263393969599
LC_k1_0.16_k2_0.239	120	0.884429474269046	0.896506701854295	0.906472671713313	0.89938884644767	0.16	0.239	0.56801486857244	0.670967741935484	0.611263393969599
LC_k1_0.16_k2_0.239	130	0.895986562700569	0.903999781507326	0.915312239686463	0.904458616122028	0.16	0.239	0.56801486857244	0.670967741935484	0.611263393969599
LC_k1_0.16_k2_0.239	140	0.896433491504669	0.901983337342284	0.915440292143185	0.91022282477969	0.16	0.239	0.56801486857244	0.670967741935484	0.611263393969599
LC_k1_0.16_k2_0.239	150	0.907213653940175	0.910147117649673	0.924672207653674	0.914232632561447	0.16	0.239	0.56801486857244	0.670967741935484	0.611263393969599
LC_k1_0.16_k2_0.239	160	0.899343724364233	0.900500996132661	0.921223485292394	0.913591351224657	0.16	0.239	0.56801486857244	0.670967741935484	0.611263393969599
LC_k1_0.16_k2_0.239	170	0.889707561629448	0.88976129847766	0.910789504216511	0.904976154273606	0.16	0.239	0.56801486857244	0.670967741935484	0.611263393969599
LC_k1_0.16_k2_0.239	180	0.894130477278105	0.890733253083943	0.913855365906355	0.89226210685515	0.16	0.239	0.56801486857244	0.670967741935484	0.611263393969599
LC_k1_0.16_k2_0.239	190	0.893186718978949	0.886835763055107	0.913186106627826	0.886289895769091	0.16	0.239	0.56801486857244	0.670967741935484	0.611263393969599
LC_k1_0.16_k2_0.239	200	0.884725118127953	0.875798394959874	0.906538663466587	0.892670816770419	0.16	0.239	0.56801486857244	0.670967741935484	0.611263393969599
LC_k1_0.16_k2_0.239	210	0.869431441594076	0.860420547275125	0.890798949117732	0.892278736479285	0.16	0.239	0.56801486857244	0.670967741935484	0.611263393969599
LC_k1_0.16_k2_0.239	220	0.859501980694567	0.847649369164277	0.882239114632346	0.896819055239684	0.16	0.239	0.56801486857244	0.670967741935484	0.611263393969599
LC_k1_0.16_k2_0.239	230	0.857767673754004	0.844394527060181	0.878902946303744	0.901475247744471	0.16	0.239	0.56801486857244	0.670967741935484	0.611263393969599
LC_k1_0.16_k2_0.239	240	0.850956613830101	0.841554540877446	0.873694855813469	0.908073924894529	0.16	0.239	0.56801486857244	0.670967741935484	0.611263393969599
LC_k1_0.16_k2_0.239	250	0.836525512408199	0.824424710795373	0.857622809964959		0.16	0.239	0.56801486857244	0.670967741935484	0.611263393969599
LC_k1_0.16_k2_0.239	260	0.827150606460951	0.811049776567018	0.850534429844774		0.16	0.239	0.56801486857244	0.670967741935484	0.611263393969599
LC_k1_0.16_k2_0.239	270	0.820712675528242	0.800032007755022	0.841602460634272		0.16	0.239	0.56801486857244	0.670967741935484	0.611263393969599
LC_k1_0.16_k2_0.239	280	0.809000661451586	0.783589440827416	0.8304371593661		0.16	0.239	0.56801486857244	0.670967741935484	0.611263393969599
LC_k1_0.16_k2_0.239	290	0.799530356464118	0.775731311742196	0.816111307240112		0.16	0.239	0.56801486857244	0.670967741935484	0.611263393969599
LC_k1_0.16_k2_0.239	300	0.804336937077079	0.783309592328804	0.815405948954988		0.16	0.239	0.56801486857244	0.670967741935484	0.611263393969599
LC_k1_0.16_k2_0.239	365	0.819969991831658	0.808870177655266	0.849879449093462		0.16	0.239	0.56801486857244	0.670967741935484	0.611263393969599
LC_k1_0.16_k2_0.252	10	0.636363636363636	0.503030303030303	0.866666666666667	0.624242424242424	0.16	0.252	0.561465616426232	0.662365591397849	0.605905806130077
LC_k1_0.16_k2_0.252	20	0.478195488721805	0.446616541353384	0.572932330827068	0.446616541353384	0.16	0.252	0.561465616426232	0.662365591397849	0.605905806130077
LC_k1_0.16_k2_0.252	30	0.557285873192436	0.582202447163515	0.624916573971079	0.480756395995551	0.16	0.252	0.561465616426232	0.662365591397849	0.605905806130077
LC_k1_0.16_k2_0.252	40	0.594746716697936	0.644465290806754	0.765290806754222	0.397373358348968	0.16	0.252	0.561465616426232	0.662365591397849	0.605905806130077
LC_k1_0.16_k2_0.252	50	0.693061224489796	0.726674669867947	0.768643457382953	0.618055222088836	0.16	0.252	0.561465616426232	0.662365591397849	0.605905806130077
LC_k1_0.16_k2_0.252	60	0.798277299249792	0.819227563212004	0.831508752431231	0.723812170047236	0.16	0.252	0.561465616426232	0.662365591397849	0.605905806130077
LC_k1_0.16_k2_0.252	70	0.831790744466801	0.861639401627154	0.854885836759689	0.754072259644826	0.16	0.252	0.561465616426232	0.662365591397849	0.605905806130077
LC_k1_0.16_k2_0.252	80	0.856235349273324	0.883825597749648	0.873839662447258	0.810056258790436	0.16	0.252	0.561465616426232	0.662365591397849	0.605905806130077
LC_k1_0.16_k2_0.252	90	0.815384615384615	0.840013170350249	0.850911635181298	0.831534757377454	0.16	0.252	0.561465616426232	0.662365591397849	0.605905806130077
LC_k1_0.16_k2_0.252	100	0.851593159315932	0.872343234323432	0.879411941194119	0.860930093009301	0.16	0.252	0.561465616426232	0.662365591397849	0.605905806130077
LC_k1_0.16_k2_0.252	110	0.873435069765345	0.888095935802358	0.899375605797624	0.883858170096702	0.16	0.252	0.561465616426232	0.662365591397849	0.605905806130077
LC_k1_0.16_k2_0.252	120	0.886165705951802	0.898861032016112	0.907903326619904	0.904757274810751	0.16	0.252	0.561465616426232	0.662365591397849	0.605905806130077
LC_k1_0.16_k2_0.252	130	0.89158939764301	0.90077701457073	0.913373117207664	0.910226822706851	0.16	0.252	0.561465616426232	0.662365591397849	0.605905806130077
LC_k1_0.16_k2_0.252	140	0.899433644573703	0.904432441888435	0.919275764798496	0.915204128490521	0.16	0.252	0.561465616426232	0.662365591397849	0.605905806130077
LC_k1_0.16_k2_0.252	150	0.901780523578826	0.904603760167119	0.922560113782835	0.920526245610916	0.16	0.252	0.561465616426232	0.662365591397849	0.605905806130077
LC_k1_0.16_k2_0.252	160	0.899036095159967	0.901148482362592	0.919442165709598	0.914549396460799	0.16	0.252	0.561465616426232	0.662365591397849	0.605905806130077
LC_k1_0.16_k2_0.252	170	0.895425650795977	0.89566990919694	0.91546705259494	0.905025005953799	0.16	0.252	0.561465616426232	0.662365591397849	0.605905806130077
LC_k1_0.16_k2_0.252	180	0.895719003672953	0.892011070300524	0.914380073459057	0.895889790837166	0.16	0.252	0.561465616426232	0.662365591397849	0.605905806130077
LC_k1_0.16_k2_0.252	190	0.892224452929882	0.885031951606766	0.913654992629917	0.889099712632367	0.16	0.252	0.561465616426232	0.662365591397849	0.605905806130077
LC_k1_0.16_k2_0.252	200	0.880244506112653	0.87272031800795	0.903288082202055	0.896992424810621	0.16	0.252	0.561465616426232	0.662365591397849	0.605905806130077
LC_k1_0.16_k2_0.252	210	0.866522402516416	0.857414324263913	0.888865636732935	0.895835668447292	0.16	0.252	0.561465616426232	0.662365591397849	0.605905806130077
LC_k1_0.16_k2_0.252	220	0.863231208759009	0.850963862889729	0.886802319356711	0.898037337360464	0.16	0.252	0.561465616426232	0.662365591397849	0.605905806130077
LC_k1_0.16_k2_0.252	230	0.862871739993441	0.850201820203719	0.884917360975838	0.904564317398948	0.16	0.252	0.561465616426232	0.662365591397849	0.605905806130077
LC_k1_0.16_k2_0.252	240	0.848021667042831	0.839070990815813	0.872865848365423	0.910796194378374	0.16	0.252	0.561465616426232	0.662365591397849	0.605905806130077
LC_k1_0.16_k2_0.252	250	0.844191043056689	0.832988815821053	0.86569692315077		0.16	0.252	0.561465616426232	0.662365591397849	0.605905806130077
LC_k1_0.16_k2_0.252	260	0.827527489596455	0.811645825438929	0.852625038831935		0.16	0.252	0.561465616426232	0.662365591397849	0.605905806130077
LC_k1_0.16_k2_0.252	270	0.827253231640123	0.804403962255236	0.849236157789087		0.16	0.252	0.561465616426232	0.662365591397849	0.605905806130077
LC_k1_0.16_k2_0.252	280	0.812450596126408	0.787938621666093	0.83601139227359		0.16	0.252	0.561465616426232	0.662365591397849	0.605905806130077
LC_k1_0.16_k2_0.252	290	0.805974485735408	0.782458850837129	0.820002779974833		0.16	0.252	0.561465616426232	0.662365591397849	0.605905806130077
LC_k1_0.16_k2_0.252	300	0.809733441482683	0.789178546428294	0.821666907410083		0.16	0.252	0.561465616426232	0.662365591397849	0.605905806130077
LC_k1_0.16_k2_0.252	365	0.825174286750752	0.813985385824596	0.854913714177132		0.16	0.252	0.561465616426232	0.662365591397849	0.605905806130077
LC_k1_0.16_k2_0.266	10	0.624242424242424	0.757575757575757	0.175757575757576	0.745454545454545	0.16	0.266	0.552792282502876	0.651792114695341	0.597557936705706
LC_k1_0.16_k2_0.266	20	0.706766917293233	0.756390977443609	0.500751879699248	0.879699248120301	0.16	0.266	0.552792282502876	0.651792114695341	0.597557936705706
LC_k1_0.16_k2_0.266	30	0.861624026696329	0.878086763070078	0.669855394883204	0.824249165739711	0.16	0.266	0.552792282502876	0.651792114695341	0.597557936705706
LC_k1_0.16_k2_0.266	40	0.881425891181989	0.888367729831145	0.768855534709194	0.793808630393997	0.16	0.266	0.552792282502876	0.651792114695341	0.597557936705706
LC_k1_0.16_k2_0.266	50	0.889939975990396	0.881008403361345	0.827130852340936	0.78765906362545	0.16	0.266	0.552792282502876	0.651792114695341	0.597557936705706
LC_k1_0.16_k2_0.266	60	0.856126701861628	0.834287302028341	0.813170325090303	0.825062517365935	0.16	0.266	0.552792282502876	0.651792114695341	0.597557936705706
LC_k1_0.16_k2_0.266	70	0.874481672644563	0.867903070597498	0.86317907444668	0.840573878050914	0.16	0.266	0.552792282502876	0.651792114695341	0.597557936705706
LC_k1_0.16_k2_0.266	80	0.880004688232536	0.880661040787623	0.879934364744491	0.878879512423816	0.16	0.266	0.552792282502876	0.651792114695341	0.597557936705706
LC_k1_0.16_k2_0.266	90	0.87906325883854	0.88879285508499	0.896645676420958	0.886619747293905	0.16	0.266	0.552792282502876	0.651792114695341	0.597557936705706
LC_k1_0.16_k2_0.266	100	0.894425442544254	0.902850285028503	0.906750675067507	0.894569456945695	0.16	0.266	0.552792282502876	0.651792114695341	0.597557936705706
LC_k1_0.16_k2_0.266	110	0.900836282487658	0.908888037328404	0.916263552960801	0.909970020061763	0.16	0.266	0.552792282502876	0.651792114695341	0.597557936705706
LC_k1_0.16_k2_0.266	120	0.906236544204459	0.911153552330023	0.921272310577123	0.920862559899993	0.16	0.266	0.552792282502876	0.651792114695341	0.597557936705706
LC_k1_0.16_k2_0.266	130	0.905742260579825	0.90947848529954	0.921593904054405	0.925472149012003	0.16	0.266	0.552792282502876	0.651792114695341	0.597557936705706
LC_k1_0.16_k2_0.266	140	0.905652620760535	0.907248912116508	0.922411493297763	0.922000393606088	0.16	0.266	0.552792282502876	0.651792114695341	0.597557936705706
LC_k1_0.16_k2_0.266	150	0.904191297390995	0.903917507444775	0.923836614960665	0.922577892350771	0.16	0.266	0.552792282502876	0.651792114695341	0.597557936705706
LC_k1_0.16_k2_0.266	160	0.900667994843549	0.898110277745224	0.920406070549631	0.920382632134068	0.16	0.266	0.552792282502876	0.651792114695341	0.597557936705706
LC_k1_0.16_k2_0.266	170	0.903075823914119	0.898881907169595	0.922269649061742	0.905132479650222	0.16	0.266	0.552792282502876	0.651792114695341	0.597557936705706
LC_k1_0.16_k2_0.266	180	0.895959751844193	0.891128327005978	0.920291778552836	0.89778902641028	0.16	0.266	0.552792282502876	0.651792114695341	0.597557936705706
LC_k1_0.16_k2_0.266	190	0.896598389516549	0.889314910312431	0.916874209957704	0.893078245351599	0.16	0.266	0.552792282502876	0.651792114695341	0.597557936705706
LC_k1_0.16_k2_0.266	200	0.888493212330308	0.879092477311933	0.9087992199805	0.896357908947724	0.16	0.266	0.552792282502876	0.651792114695341	0.597557936705706
LC_k1_0.16_k2_0.266	210	0.876928858121175	0.865312138597247	0.895124282053691	0.896341024901763	0.16	0.266	0.552792282502876	0.651792114695341	0.597557936705706
LC_k1_0.16_k2_0.266	220	0.875916669953737	0.861269109617216	0.891181823816796	0.898903996889493	0.16	0.266	0.552792282502876	0.651792114695341	0.597557936705706
LC_k1_0.16_k2_0.266	230	0.86627346452674	0.852191173170858	0.884577089893209	0.906364302111407	0.16	0.266	0.552792282502876	0.651792114695341	0.597557936705706
LC_k1_0.16_k2_0.266	240	0.863593986006701	0.847307244917446	0.881841698640601	0.912706817826698	0.16	0.266	0.552792282502876	0.651792114695341	0.597557936705706
LC_k1_0.16_k2_0.266	250	0.844667978687659	0.827831613305813	0.86169404310469		0.16	0.266	0.552792282502876	0.651792114695341	0.597557936705706
LC_k1_0.16_k2_0.266	260	0.838050858740514	0.817111996422341	0.855759586794069		0.16	0.266	0.552792282502876	0.651792114695341	0.597557936705706
LC_k1_0.16_k2_0.266	270	0.818700149826777	0.796584315285532	0.833654782644481		0.16	0.266	0.552792282502876	0.651792114695341	0.597557936705706
LC_k1_0.16_k2_0.266	280	0.811688560167495	0.78437006302923	0.828535896048237		0.16	0.266	0.552792282502876	0.651792114695341	0.597557936705706
LC_k1_0.16_k2_0.266	290	0.813159121577156	0.786676048056662	0.827815739331847		0.16	0.266	0.552792282502876	0.651792114695341	0.597557936705706
LC_k1_0.16_k2_0.266	300	0.806608073423038	0.783127812531251	0.824130934788164		0.16	0.266	0.552792282502876	0.651792114695341	0.597557936705706
LC_k1_0.16_k2_0.266	365	0.82833995108866	0.816372960073836	0.855306831053519		0.16	0.266	0.552792282502876	0.651792114695341	0.597557936705706
LC_k1_0.16_k2_0.279	10	0.672727272727273	0.781818181818182	0.151515151515152	0.793939393939394	0.16	0.279	0.544738472431189	0.64336917562724	0.589459257413406
LC_k1_0.16_k2_0.279	20	0.732330827067669	0.784962406015038	0.497744360902256	0.857142857142857	0.16	0.279	0.544738472431189	0.64336917562724	0.589459257413406
LC_k1_0.16_k2_0.279	30	0.870522803114572	0.89321468298109	0.671635150166852	0.812235817575084	0.16	0.279	0.544738472431189	0.64336917562724	0.589459257413406
LC_k1_0.16_k2_0.279	40	0.882363977485929	0.893245778611633	0.76547842401501	0.812382739212008	0.16	0.279	0.544738472431189	0.64336917562724	0.589459257413406
LC_k1_0.16_k2_0.279	50	0.890324129651861	0.892148859543818	0.82280912364946	0.775174069627851	0.16	0.279	0.544738472431189	0.64336917562724	0.589459257413406
LC_k1_0.16_k2_0.279	60	0.861739372047791	0.848291191997777	0.816060016671298	0.802389552653515	0.16	0.279	0.544738472431189	0.64336917562724	0.589459257413406
LC_k1_0.16_k2_0.279	70	0.880255445717785	0.879345639051702	0.86576852418861	0.839209168051789	0.16	0.279	0.544738472431189	0.64336917562724	0.589459257413406
LC_k1_0.16_k2_0.279	80	0.886685419596812	0.890998593530239	0.883192686357243	0.866033755274262	0.16	0.279	0.544738472431189	0.64336917562724	0.589459257413406
LC_k1_0.16_k2_0.279	90	0.882849734535128	0.895789603654772	0.89825904432646	0.887294727744166	0.16	0.279	0.544738472431189	0.64336917562724	0.589459257413406
LC_k1_0.16_k2_0.279	100	0.894953495349535	0.909162916291629	0.907242724272427	0.894965496549655	0.16	0.279	0.544738472431189	0.64336917562724	0.589459257413406
LC_k1_0.16_k2_0.279	110	0.907265063228366	0.916912742600816	0.921159524829249	0.907760971981155	0.16	0.279	0.544738472431189	0.64336917562724	0.589459257413406
LC_k1_0.16_k2_0.279	120	0.911736926175429	0.917973470379887	0.925571220223626	0.92281408431141	0.16	0.279	0.544738472431189	0.64336917562724	0.589459257413406
LC_k1_0.16_k2_0.279	130	0.911947452511983	0.915825697469582	0.927580603312895	0.923145202037444	0.16	0.279	0.544738472431189	0.64336917562724	0.589459257413406
LC_k1_0.16_k2_0.279	140	0.907712492619886	0.910117863156284	0.924729395814655	0.925070521090726	0.16	0.279	0.544738472431189	0.64336917562724	0.589459257413406
LC_k1_0.16_k2_0.279	150	0.912390772923241	0.912803235699364	0.930638695053114	0.927189652873461	0.16	0.279	0.544738472431189	0.64336917562724	0.589459257413406
LC_k1_0.16_k2_0.279	160	0.907652642681355	0.90557834290402	0.925263682175085	0.925594749794914	0.16	0.279	0.544738472431189	0.64336917562724	0.589459257413406
LC_k1_0.16_k2_0.279	170	0.90222336209476	0.900320589151263	0.923627725771093	0.908591178607849	0.16	0.279	0.544738472431189	0.64336917562724	0.589459257413406
LC_k1_0.16_k2_0.279	180	0.904457956521292	0.900614216488163	0.92568083377059	0.8993981295719	0.16	0.279	0.544738472431189	0.64336917562724	0.589459257413406
LC_k1_0.16_k2_0.279	190	0.90334299973319	0.894904801270191	0.922967978410249	0.897299968945051	0.16	0.279	0.544738472431189	0.64336917562724	0.589459257413406
LC_k1_0.16_k2_0.279	200	0.895781894547364	0.886748668716718	0.917674941873547	0.896420910522763	0.16	0.279	0.544738472431189	0.64336917562724	0.589459257413406
LC_k1_0.16_k2_0.279	210	0.884607684657573	0.874072946260524	0.899873336939937	0.897060186010049	0.16	0.279	0.544738472431189	0.64336917562724	0.589459257413406
LC_k1_0.16_k2_0.279	220	0.881242850622383	0.870058547415518	0.897929145793771	0.898920901821788	0.16	0.279	0.544738472431189	0.64336917562724	0.589459257413406
LC_k1_0.16_k2_0.279	230	0.876251790738216	0.860128859179552	0.891914123469088	0.905289242748897	0.16	0.279	0.544738472431189	0.64336917562724	0.589459257413406
LC_k1_0.16_k2_0.279	240	0.870917029809545	0.85486032743624	0.88734873869338	0.912235455476657	0.16	0.279	0.544738472431189	0.64336917562724	0.589459257413406
LC_k1_0.16_k2_0.279	250	0.85722651562425	0.838358757740124	0.870724331589305		0.16	0.279	0.544738472431189	0.64336917562724	0.589459257413406
LC_k1_0.16_k2_0.279	260	0.840809206326447	0.822744760675795	0.858095306371168		0.16	0.279	0.544738472431189	0.64336917562724	0.589459257413406
LC_k1_0.16_k2_0.279	270	0.826141800451462	0.801683607914146	0.836570841544847		0.16	0.279	0.544738472431189	0.64336917562724	0.589459257413406
LC_k1_0.16_k2_0.279	280	0.817035384926557	0.793645144890697	0.834411335421552		0.16	0.279	0.544738472431189	0.64336917562724	0.589459257413406
LC_k1_0.16_k2_0.279	290	0.813969988572581	0.789242481459659	0.832748841574647		0.16	0.279	0.544738472431189	0.64336917562724	0.589459257413406
LC_k1_0.16_k2_0.279	300	0.809899221102457	0.789790108778986	0.828585650951677		0.16	0.279	0.544738472431189	0.64336917562724	0.589459257413406
LC_k1_0.16_k2_0.279	365	0.831925137516873	0.819675586035343	0.855998055391723		0.16	0.279	0.544738472431189	0.64336917562724	0.589459257413406
LC_k1_0.2_k2_0.039	10	0.672727272727273	0.648484848484848	0.272727272727273	0.721212121212121	0.2	0.039	0.642092220550491	0.749283154121864	0.675554448043858
LC_k1_0.2_k2_0.039	20	0.726315789473684	0.806015037593985	0.442105263157895	0.830075187969925	0.2	0.039	0.642092220550491	0.749283154121864	0.675554448043858
LC_k1_0.2_k2_0.039	30	0.865183537263626	0.900333704115684	0.665406006674082	0.806451612903226	0.2	0.039	0.642092220550491	0.749283154121864	0.675554448043858
LC_k1_0.2_k2_0.039	40	0.887429643527205	0.887804878048781	0.769606003752346	0.758348968105066	0.2	0.039	0.642092220550491	0.749283154121864	0.675554448043858
LC_k1_0.2_k2_0.039	50	0.859399759903962	0.855366146458584	0.807058823529412	0.771332533013205	0.2	0.039	0.642092220550491	0.749283154121864	0.675554448043858
LC_k1_0.2_k2_0.039	60	0.853737149208114	0.837232564601278	0.821617115865518	0.816449013614893	0.2	0.039	0.642092220550491	0.749283154121864	0.675554448043858
LC_k1_0.2_k2_0.039	70	0.870597498031668	0.869862654185986	0.862199282652436	0.845787770098854	0.2	0.039	0.642092220550491	0.749283154121864	0.675554448043858
LC_k1_0.2_k2_0.039	80	0.868284106891702	0.871987810595406	0.86896390060947	0.869362400375059	0.2	0.039	0.642092220550491	0.749283154121864	0.675554448043858
LC_k1_0.2_k2_0.039	90	0.854731036753509	0.86972877309956	0.875556653084743	0.887920319380994	0.2	0.039	0.642092220550491	0.749283154121864	0.675554448043858
LC_k1_0.2_k2_0.039	100	0.878691869186919	0.888592859285929	0.895217521752175	0.896573657365737	0.2	0.039	0.642092220550491	0.749283154121864	0.675554448043858
LC_k1_0.2_k2_0.039	110	0.88238847688389	0.895480467957532	0.902919099249374	0.914478281450758	0.2	0.039	0.642092220550491	0.749283154121864	0.675554448043858
LC_k1_0.2_k2_0.039	120	0.89314535731648	0.902139037433155	0.912799499965275	0.920938954094034	0.2	0.039	0.642092220550491	0.749283154121864	0.675554448043858
LC_k1_0.2_k2_0.039	130	0.896456321948955	0.902645126930588	0.915503420775922	0.923199825205861	0.2	0.039	0.642092220550491	0.749283154121864	0.675554448043858
LC_k1_0.2_k2_0.039	140	0.890319476941244	0.893463952242461	0.909859832498743	0.919800572915528	0.2	0.039	0.642092220550491	0.749283154121864	0.675554448043858
LC_k1_0.2_k2_0.039	150	0.891237832792569	0.891628961287168	0.911914307302547	0.917649673318814	0.2	0.039	0.642092220550491	0.749283154121864	0.675554448043858
LC_k1_0.2_k2_0.039	160	0.891166647134654	0.888298371030118	0.912457517871792	0.907049103480604	0.2	0.039	0.642092220550491	0.749283154121864	0.675554448043858
LC_k1_0.2_k2_0.039	170	0.894651351664927	0.888417877272367	0.914086992629503	0.898168672638785	0.2	0.039	0.642092220550491	0.749283154121864	0.675554448043858
LC_k1_0.2_k2_0.039	180	0.87725958620122	0.871057748695947	0.902560778624855	0.881189748654794	0.2	0.039	0.642092220550491	0.749283154121864	0.675554448043858
LC_k1_0.2_k2_0.039	190	0.873015873015873	0.867845879970432	0.899366216588592	0.884510578365635	0.2	0.039	0.642092220550491	0.749283154121864	0.675554448043858
LC_k1_0.2_k2_0.039	200	0.863747093677342	0.859504987624691	0.888025200630016	0.881068026700668	0.2	0.039	0.642092220550491	0.749283154121864	0.675554448043858
LC_k1_0.2_k2_0.039	210	0.865076305585161	0.856468400644006	0.887024325138568	0.884426274648275	0.2	0.039	0.642092220550491	0.749283154121864	0.675554448043858
LC_k1_0.2_k2_0.039	220	0.853648366138294	0.840566202532359	0.872171663952486	0.885711387725892	0.2	0.039	0.642092220550491	0.749283154121864	0.675554448043858
LC_k1_0.2_k2_0.039	230	0.836517004924068	0.823432842077232	0.854109513042492	0.890004660234393	0.2	0.039	0.642092220550491	0.749283154121864	0.675554448043858
LC_k1_0.2_k2_0.039	240	0.829483150749145	0.81220507300474	0.847597180506606	0.900678831229709	0.2	0.039	0.642092220550491	0.749283154121864	0.675554448043858
LC_k1_0.2_k2_0.039	250	0.819404214467431	0.798784620553929	0.837311956991312		0.2	0.039	0.642092220550491	0.749283154121864	0.675554448043858
LC_k1_0.2_k2_0.039	260	0.813971986385779	0.788376705618085	0.828393911152532		0.2	0.039	0.642092220550491	0.749283154121864	0.675554448043858
LC_k1_0.2_k2_0.039	270	0.797420174945244	0.769247863482352	0.810476290636512		0.2	0.039	0.642092220550491	0.749283154121864	0.675554448043858
LC_k1_0.2_k2_0.039	280	0.788557980878036	0.762708890237303	0.804506617249127		0.2	0.039	0.642092220550491	0.749283154121864	0.675554448043858
LC_k1_0.2_k2_0.039	290	0.781917124767977	0.757297864462696	0.79485212625022		0.2	0.039	0.642092220550491	0.749283154121864	0.675554448043858
LC_k1_0.2_k2_0.039	300	0.781410015666841	0.7571159679552	0.797339081545351		0.2	0.039	0.642092220550491	0.749283154121864	0.675554448043858
LC_k1_0.2_k2_0.039	365	0.793877445258537	0.779815311569185	0.816015132408575		0.2	0.039	0.642092220550491	0.749283154121864	0.675554448043858
LC_k1_0.2_k2_0.052	10	0.612121212121212	0.733333333333333	0.345454545454545	0.83030303030303	0.2	0.052	0.62554208337021	0.732616487455197	0.659980064789434
LC_k1_0.2_k2_0.052	20	0.753383458646617	0.822556390977444	0.532330827067669	0.768421052631579	0.2	0.052	0.62554208337021	0.732616487455197	0.659980064789434
LC_k1_0.2_k2_0.052	30	0.850055617352614	0.871412680756396	0.609788654060067	0.806451612903226	0.2	0.052	0.62554208337021	0.732616487455197	0.659980064789434
LC_k1_0.2_k2_0.052	40	0.893058161350845	0.906941838649156	0.777298311444653	0.797936210131332	0.2	0.052	0.62554208337021	0.732616487455197	0.659980064789434
LC_k1_0.2_k2_0.052	50	0.875246098439376	0.869291716686675	0.831836734693878	0.786794717887155	0.2	0.052	0.62554208337021	0.732616487455197	0.659980064789434
LC_k1_0.2_k2_0.052	60	0.85440400111142	0.84834676298972	0.824006668519033	0.824617949430398	0.2	0.052	0.62554208337021	0.732616487455197	0.659980064789434
LC_k1_0.2_k2_0.052	70	0.865978479573091	0.871402327005511	0.861814364447555	0.861009535473712	0.2	0.052	0.62554208337021	0.732616487455197	0.659980064789434
LC_k1_0.2_k2_0.052	80	0.866666666666667	0.877051101734646	0.868518518518519	0.879981247069855	0.2	0.052	0.62554208337021	0.732616487455197	0.659980064789434
LC_k1_0.2_k2_0.052	90	0.876132855908137	0.883162530353542	0.885121619953081	0.900728484998148	0.2	0.052	0.62554208337021	0.732616487455197	0.659980064789434
LC_k1_0.2_k2_0.052	100	0.859057905790579	0.876675667566757	0.884056405640564	0.908502850285029	0.2	0.052	0.62554208337021	0.732616487455197	0.659980064789434
LC_k1_0.2_k2_0.052	110	0.870838311205284	0.887176250479003	0.897662466469806	0.918021774902509	0.2	0.052	0.62554208337021	0.732616487455197	0.659980064789434
LC_k1_0.2_k2_0.052	120	0.877512327244947	0.891568858948538	0.903173831516077	0.931210500729217	0.2	0.052	0.62554208337021	0.732616487455197	0.659980064789434
LC_k1_0.2_k2_0.052	130	0.886951890644417	0.896024798918461	0.909325540427972	0.935151374455475	0.2	0.052	0.62554208337021	0.732616487455197	0.659980064789434
LC_k1_0.2_k2_0.052	140	0.886777022151276	0.890962366884608	0.907559423585752	0.930209267236667	0.2	0.052	0.62554208337021	0.732616487455197	0.659980064789434
LC_k1_0.2_k2_0.052	150	0.898000800035557	0.897552780123561	0.917254989110627	0.916721632072537	0.2	0.052	0.62554208337021	0.732616487455197	0.659980064789434
LC_k1_0.2_k2_0.052	160	0.903550919957811	0.898874956052971	0.92334173209891	0.905856674088831	0.2	0.052	0.62554208337021	0.732616487455197	0.659980064789434
LC_k1_0.2_k2_0.052	170	0.885462350620722	0.881300187468323	0.905193544250463	0.900442718351745	0.2	0.052	0.62554208337021	0.732616487455197	0.659980064789434
LC_k1_0.2_k2_0.052	180	0.882014877002377	0.87554554152906	0.901558690083027	0.88161363005031	0.2	0.052	0.62554208337021	0.732616487455197	0.659980064789434
LC_k1_0.2_k2_0.052	190	0.87129779072463	0.862238493266325	0.892154469944495	0.883912223840579	0.2	0.052	0.62554208337021	0.732616487455197	0.659980064789434
LC_k1_0.2_k2_0.052	200	0.858916972924323	0.848020700517513	0.880360009000225	0.884804620115503	0.2	0.052	0.62554208337021	0.732616487455197	0.659980064789434
LC_k1_0.2_k2_0.052	210	0.846812205006268	0.838822389882505	0.866937053966238	0.887972840330037	0.2	0.052	0.62554208337021	0.732616487455197	0.659980064789434
LC_k1_0.2_k2_0.052	220	0.838182607078659	0.824284498740582	0.856291170553862	0.883980322658808	0.2	0.052	0.62554208337021	0.732616487455197	0.659980064789434
LC_k1_0.2_k2_0.052	230	0.813360818031408	0.802107214979818	0.835461671421421	0.893072031443021	0.2	0.052	0.62554208337021	0.732616487455197	0.659980064789434
LC_k1_0.2_k2_0.052	240	0.793321932672442	0.778202746575461	0.813752842931301	0.90348009514054	0.2	0.052	0.62554208337021	0.732616487455197	0.659980064789434
LC_k1_0.2_k2_0.052	250	0.799911294580713	0.775554552872846	0.816759180146882		0.2	0.052	0.62554208337021	0.732616487455197	0.659980064789434
LC_k1_0.2_k2_0.052	260	0.792398157915399	0.768679099713582	0.812332681298198		0.2	0.052	0.62554208337021	0.732616487455197	0.659980064789434
LC_k1_0.2_k2_0.052	270	0.789309714658485	0.760436280942735	0.808857612739696		0.2	0.052	0.62554208337021	0.732616487455197	0.659980064789434
LC_k1_0.2_k2_0.052	280	0.777379995736097	0.753271998731762	0.796363109587768		0.2	0.052	0.62554208337021	0.732616487455197	0.659980064789434
LC_k1_0.2_k2_0.052	290	0.77233679026074	0.74831436349032	0.791843357028724		0.2	0.052	0.62554208337021	0.732616487455197	0.659980064789434
LC_k1_0.2_k2_0.052	300	0.771079234213714	0.74706074511939	0.787597195524395		0.2	0.052	0.62554208337021	0.732616487455197	0.659980064789434
LC_k1_0.2_k2_0.052	365	0.792890334457817	0.779274374850391	0.817427441186705		0.2	0.052	0.62554208337021	0.732616487455197	0.659980064789434
LC_k1_0.2_k2_0.066	10	0.575757575757576	0.612121212121212	0.296969696969697	0.721212121212121	0.2	0.066	0.61058500752279	0.714874551971326	0.645651632195365
LC_k1_0.2_k2_0.066	20	0.696240601503759	0.769924812030075	0.463157894736842	0.739849624060151	0.2	0.066	0.61058500752279	0.714874551971326	0.645651632195365
LC_k1_0.2_k2_0.066	30	0.855839822024472	0.897219132369299	0.667630700778643	0.823359288097887	0.2	0.066	0.61058500752279	0.714874551971326	0.645651632195365
LC_k1_0.2_k2_0.066	40	0.878986866791745	0.881425891181989	0.77016885553471	0.816510318949344	0.2	0.066	0.61058500752279	0.714874551971326	0.645651632195365
LC_k1_0.2_k2_0.066	50	0.886386554621849	0.881008403361345	0.838367346938776	0.792749099639856	0.2	0.066	0.61058500752279	0.714874551971326	0.645651632195365
LC_k1_0.2_k2_0.066	60	0.884078910808558	0.867296471242012	0.840733537093637	0.827563212003334	0.2	0.066	0.61058500752279	0.714874551971326	0.645651632195365
LC_k1_0.2_k2_0.066	70	0.893272679555594	0.893657597760476	0.879345639051702	0.841833610357799	0.2	0.066	0.61058500752279	0.714874551971326	0.645651632195365
LC_k1_0.2_k2_0.066	80	0.891912798874824	0.892592592592593	0.886638537271449	0.869432723863104	0.2	0.066	0.61058500752279	0.714874551971326	0.645651632195365
LC_k1_0.2_k2_0.066	90	0.882405235214224	0.895131086142322	0.899246820595135	0.88971477960242	0.2	0.066	0.61058500752279	0.714874551971326	0.645651632195365
LC_k1_0.2_k2_0.066	100	0.897005700570057	0.908766876687669	0.911203120312031	0.89964596459646	0.2	0.066	0.61058500752279	0.714874551971326	0.645651632195365
LC_k1_0.2_k2_0.066	110	0.901764984333792	0.912873340396276	0.919239005477537	0.917534882672497	0.2	0.066	0.61058500752279	0.714874551971326	0.645651632195365
LC_k1_0.2_k2_0.066	120	0.910646572678658	0.917681783457184	0.927731092436975	0.923494687131051	0.2	0.066	0.61058500752279	0.714874551971326	0.645651632195365
LC_k1_0.2_k2_0.066	130	0.912777724671919	0.917644648977864	0.927673462699204	0.918218192246241	0.2	0.066	0.61058500752279	0.714874551971326	0.645651632195365
LC_k1_0.2_k2_0.066	140	0.905022851020096	0.906925280444338	0.921252542039317	0.922813846187488	0.2	0.066	0.61058500752279	0.714874551971326	0.645651632195365
LC_k1_0.2_k2_0.066	150	0.904390417351882	0.904689097293213	0.921809858215921	0.923729943553047	0.2	0.066	0.61058500752279	0.714874551971326	0.645651632195365
LC_k1_0.2_k2_0.066	160	0.907429977733505	0.903615375600609	0.926423883745459	0.90958045236142	0.2	0.066	0.61058500752279	0.714874551971326	0.645651632195365
LC_k1_0.2_k2_0.066	170	0.895985002534181	0.891028999578655	0.918337088806248	0.905259494018722	0.2	0.066	0.61058500752279	0.714874551971326	0.645651632195365
LC_k1_0.2_k2_0.066	180	0.893504943568217	0.886741360330051	0.915345123820694	0.891004866405342	0.2	0.066	0.61058500752279	0.714874551971326	0.645651632195365
LC_k1_0.2_k2_0.066	190	0.882913216724184	0.875418038989271	0.903853875526513	0.891130968783215	0.2	0.066	0.61058500752279	0.714874551971326	0.645651632195365
LC_k1_0.2_k2_0.066	200	0.879225980649516	0.868593714842871	0.897293932348309	0.888163204080102	0.2	0.066	0.61058500752279	0.714874551971326	0.645651632195365
LC_k1_0.2_k2_0.066	210	0.873842296391561	0.862322760801184	0.891926282746936	0.889356739543819	0.2	0.066	0.61058500752279	0.714874551971326	0.645651632195365
LC_k1_0.2_k2_0.066	220	0.868493150684932	0.853431983004908	0.882506212562619	0.893139414976643	0.2	0.066	0.61058500752279	0.714874551971326	0.645651632195365
LC_k1_0.2_k2_0.066	230	0.849991739796183	0.837301107853605	0.866679817239908	0.89515902741648	0.2	0.066	0.61058500752279	0.714874551971326	0.645651632195365
LC_k1_0.2_k2_0.066	240	0.83977325995243	0.824215698189205	0.856844736887793	0.905748363686869	0.2	0.066	0.61058500752279	0.714874551971326	0.645651632195365
LC_k1_0.2_k2_0.066	250	0.821464023424375	0.804288196611146	0.837205971295541		0.2	0.066	0.61058500752279	0.714874551971326	0.645651632195365
LC_k1_0.2_k2_0.066	260	0.819406750441233	0.792973724008207	0.835523966558449		0.2	0.066	0.61058500752279	0.714874551971326	0.645651632195365
LC_k1_0.2_k2_0.066	270	0.809851377324182	0.785085300667133	0.827606841124173		0.2	0.066	0.61058500752279	0.714874551971326	0.645651632195365
LC_k1_0.2_k2_0.066	280	0.800682771099486	0.77510372763501	0.818256610415949		0.2	0.066	0.61058500752279	0.714874551971326	0.645651632195365
LC_k1_0.2_k2_0.066	290	0.800205422919047	0.774709363471869	0.811802100234084		0.2	0.066	0.61058500752279	0.714874551971326	0.645651632195365
LC_k1_0.2_k2_0.066	300	0.788714096823298	0.764165824064712	0.804550272780809		0.2	0.066	0.61058500752279	0.714874551971326	0.645651632195365
LC_k1_0.2_k2_0.066	365	0.804391409174701	0.790637007277474	0.825132334541721		0.2	0.066	0.61058500752279	0.714874551971326	0.645651632195365
LC_k1_0.2_k2_0.079	10	0.36969696969697	0.527272727272727	0.357575757575758	0.793939393939394	0.2	0.079	0.597663510045137	0.700358422939068	0.632942935459756
LC_k1_0.2_k2_0.079	20	0.739849624060151	0.792481203007519	0.541353383458647	0.757894736842105	0.2	0.079	0.597663510045137	0.700358422939068	0.632942935459756
LC_k1_0.2_k2_0.079	30	0.864738598442714	0.898553948832036	0.665406006674082	0.826473859844271	0.2	0.079	0.597663510045137	0.700358422939068	0.632942935459756
LC_k1_0.2_k2_0.079	40	0.887804878048781	0.889681050656661	0.785365853658537	0.840525328330207	0.2	0.079	0.597663510045137	0.700358422939068	0.632942935459756
LC_k1_0.2_k2_0.079	50	0.900504201680672	0.891572629051621	0.842304921968788	0.798511404561825	0.2	0.079	0.597663510045137	0.700358422939068	0.632942935459756
LC_k1_0.2_k2_0.079	60	0.883467629897194	0.873687135315366	0.849069185884968	0.840122256182273	0.2	0.079	0.597663510045137	0.700358422939068	0.632942935459756
LC_k1_0.2_k2_0.079	70	0.878470824949698	0.882180036742192	0.867938063161578	0.86303910419036	0.2	0.079	0.597663510045137	0.700358422939068	0.632942935459756
LC_k1_0.2_k2_0.079	80	0.898265353961557	0.896366619784341	0.891397093295827	0.888865447726207	0.2	0.079	0.597663510045137	0.700358422939068	0.632942935459756
LC_k1_0.2_k2_0.079	90	0.886669136107338	0.8899781866074	0.89142692513479	0.905700292217146	0.2	0.079	0.597663510045137	0.700358422939068	0.632942935459756
LC_k1_0.2_k2_0.079	100	0.868154815481548	0.884176417641764	0.890825082508251	0.913327332733273	0.2	0.079	0.597663510045137	0.700358422939068	0.632942935459756
LC_k1_0.2_k2_0.079	110	0.8785744877488	0.892775511124135	0.901891215652683	0.92600139756103	0.2	0.079	0.597663510045137	0.700358422939068	0.632942935459756
LC_k1_0.2_k2_0.079	120	0.88350579901382	0.896124730884089	0.907417181748732	0.933217584554483	0.2	0.079	0.597663510045137	0.700358422939068	0.632942935459756
LC_k1_0.2_k2_0.079	130	0.895948326482678	0.903863223586284	0.916650507312677	0.93849977467943	0.2	0.079	0.597663510045137	0.700358422939068	0.632942935459756
LC_k1_0.2_k2_0.079	140	0.902958605759769	0.906741597603376	0.924090879272266	0.927283461984212	0.2	0.079	0.597663510045137	0.700358422939068	0.632942935459756
LC_k1_0.2_k2_0.079	150	0.904415307346993	0.902950353349038	0.924256189163963	0.924074847771012	0.2	0.079	0.597663510045137	0.700358422939068	0.632942935459756
LC_k1_0.2_k2_0.079	160	0.896613148951131	0.893812258291339	0.91609926168991	0.916945974452127	0.2	0.079	0.597663510045137	0.700358422939068	0.632942935459756
LC_k1_0.2_k2_0.079	170	0.887504350852767	0.883542479589158	0.90858873602384	0.897411471595801	0.2	0.079	0.597663510045137	0.700358422939068	0.632942935459756
LC_k1_0.2_k2_0.079	180	0.882407893247734	0.87589123121084	0.905320123049065	0.891235326193195	0.2	0.079	0.597663510045137	0.700358422939068	0.632942935459756
LC_k1_0.2_k2_0.079	190	0.877197356392727	0.86436247687281	0.893492894540015	0.892054744190319	0.2	0.079	0.597663510045137	0.700358422939068	0.632942935459756
LC_k1_0.2_k2_0.079	200	0.857275931898298	0.845251631290782	0.873854346358659	0.891284782119553	0.2	0.079	0.597663510045137	0.700358422939068	0.632942935459756
LC_k1_0.2_k2_0.079	210	0.849738089299077	0.83431953429459	0.868300220607529	0.893551198115928	0.2	0.079	0.597663510045137	0.700358422939068	0.632942935459756
LC_k1_0.2_k2_0.079	220	0.831901861233046	0.818327200599562	0.852507846706074	0.890445895764188	0.2	0.079	0.597663510045137	0.700358422939068	0.632942935459756
LC_k1_0.2_k2_0.079	230	0.814093633725303	0.802670388278894	0.836006105153628	0.896869259466564	0.2	0.079	0.597663510045137	0.700358422939068	0.632942935459756
LC_k1_0.2_k2_0.079	240	0.815642632684595	0.802514800604177	0.837805343842775	0.907562631295682	0.2	0.079	0.597663510045137	0.700358422939068	0.632942935459756
LC_k1_0.2_k2_0.079	250	0.810279460471368	0.791790332645322	0.833813661018576		0.2	0.079	0.597663510045137	0.700358422939068	0.632942935459756
LC_k1_0.2_k2_0.079	260	0.794425953046643	0.768726892864824	0.819337791751585		0.2	0.079	0.597663510045137	0.700358422939068	0.632942935459756
LC_k1_0.2_k2_0.079	270	0.792167854764049	0.764653378875796	0.81336369497524		0.2	0.079	0.597663510045137	0.700358422939068	0.632942935459756
LC_k1_0.2_k2_0.079	280	0.800727050089925	0.773758411641548	0.819159683159224		0.2	0.079	0.597663510045137	0.700358422939068	0.632942935459756
LC_k1_0.2_k2_0.079	290	0.795296430192495	0.770951231122925	0.815427876259138		0.2	0.079	0.597663510045137	0.700358422939068	0.632942935459756
LC_k1_0.2_k2_0.079	300	0.786958521761353	0.765427171413016	0.80579517550195		0.2	0.079	0.597663510045137	0.700358422939068	0.632942935459756
LC_k1_0.2_k2_0.079	365	0.801682530359827	0.788561360041261	0.828074418283266		0.2	0.079	0.597663510045137	0.700358422939068	0.632942935459756
LC_k1_0.2_k2_0.092	10	0.575757575757576	0.648484848484848	0.115151515151515	0.806060606060606	0.2	0.092	0.583325958049385	0.685663082437276	0.618988288063793
LC_k1_0.2_k2_0.092	20	0.762406015037594	0.795488721804511	0.53984962406015	0.777443609022556	0.2	0.092	0.583325958049385	0.685663082437276	0.618988288063793
LC_k1_0.2_k2_0.092	30	0.868298109010011	0.912347052280312	0.697441601779755	0.859399332591769	0.2	0.092	0.583325958049385	0.685663082437276	0.618988288063793
LC_k1_0.2_k2_0.092	40	0.879549718574109	0.882551594746717	0.777298311444653	0.824390243902439	0.2	0.092	0.583325958049385	0.685663082437276	0.618988288063793
LC_k1_0.2_k2_0.092	50	0.91078031212485	0.902424969987995	0.85469387755102	0.794189675870348	0.2	0.092	0.583325958049385	0.685663082437276	0.618988288063793
LC_k1_0.2_k2_0.092	60	0.894303973325924	0.884856904695749	0.856737982772993	0.831897749374826	0.2	0.092	0.583325958049385	0.685663082437276	0.618988288063793
LC_k1_0.2_k2_0.092	70	0.882215029306272	0.884384568279241	0.871507304697752	0.855060799580089	0.2	0.092	0.583325958049385	0.685663082437276	0.618988288063793
LC_k1_0.2_k2_0.092	80	0.904430379746836	0.902742616033755	0.895241443975621	0.878340365682138	0.2	0.092	0.583325958049385	0.685663082437276	0.618988288063793
LC_k1_0.2_k2_0.092	90	0.89195373914475	0.894637198007984	0.896662139358769	0.901403465448409	0.2	0.092	0.583325958049385	0.685663082437276	0.618988288063793
LC_k1_0.2_k2_0.092	100	0.888892889288929	0.894653465346535	0.89964596459646	0.91005100510051	0.2	0.092	0.583325958049385	0.685663082437276	0.618988288063793
LC_k1_0.2_k2_0.092	110	0.87641953880486	0.889953339494624	0.900286274598201	0.924107927777652	0.2	0.092	0.583325958049385	0.685663082437276	0.618988288063793
LC_k1_0.2_k2_0.092	120	0.884082227932495	0.895638586012917	0.906229599277727	0.929502048753385	0.2	0.092	0.583325958049385	0.685663082437276	0.618988288063793
LC_k1_0.2_k2_0.092	130	0.898417293695121	0.905944366302967	0.917355146185254	0.935462726515451	0.2	0.092	0.583325958049385	0.685663082437276	0.618988288063793
LC_k1_0.2_k2_0.092	140	0.902009577748136	0.905687607968337	0.921637401325141	0.930650980735169	0.2	0.092	0.583325958049385	0.685663082437276	0.618988288063793
LC_k1_0.2_k2_0.092	150	0.901872972132095	0.901272056535846	0.922115649584426	0.919146628739055	0.2	0.092	0.583325958049385	0.685663082437276	0.618988288063793
LC_k1_0.2_k2_0.092	160	0.893815188093285	0.890665651001992	0.910702566506504	0.90908531583265	0.2	0.092	0.583325958049385	0.685663082437276	0.618988288063793
LC_k1_0.2_k2_0.092	170	0.886800886657996	0.882457972288885	0.903796386196958	0.898627878432594	0.2	0.092	0.583325958049385	0.685663082437276	0.618988288063793
LC_k1_0.2_k2_0.092	180	0.885465600790148	0.876714301881745	0.905869522721895	0.887788717758779	0.2	0.092	0.583325958049385	0.685663082437276	0.618988288063793
LC_k1_0.2_k2_0.092	190	0.883145910150595	0.870940877499158	0.900930336311984	0.889510862671513	0.2	0.092	0.583325958049385	0.685663082437276	0.618988288063793
LC_k1_0.2_k2_0.092	200	0.866394659866497	0.854476861921548	0.88372759318983	0.889837245931149	0.2	0.092	0.583325958049385	0.685663082437276	0.618988288063793
LC_k1_0.2_k2_0.092	210	0.852152138208511	0.840390290677145	0.873550744590904	0.890390776596813	0.2	0.092	0.583325958049385	0.685663082437276	0.618988288063793
LC_k1_0.2_k2_0.092	220	0.833985675887368	0.819098065512248	0.855124730225456	0.892787792384892	0.2	0.092	0.583325958049385	0.685663082437276	0.618988288063793
LC_k1_0.2_k2_0.092	230	0.821819266740474	0.806684600760925	0.84432154137869	0.894407472155716	0.2	0.092	0.583325958049385	0.685663082437276	0.618988288063793
LC_k1_0.2_k2_0.092	240	0.817556728415424	0.801577284327853	0.841737703779579	0.905941075365891	0.2	0.092	0.583325958049385	0.685663082437276	0.618988288063793
LC_k1_0.2_k2_0.092	250	0.805664474631594	0.785833629338069	0.831068017088273		0.2	0.092	0.583325958049385	0.685663082437276	0.618988288063793
LC_k1_0.2_k2_0.092	260	0.783590562900908	0.763975570872123	0.810378624171728		0.2	0.092	0.583325958049385	0.685663082437276	0.618988288063793
LC_k1_0.2_k2_0.092	270	0.791917279767593	0.76746518394552	0.81562801501621		0.2	0.092	0.583325958049385	0.685663082437276	0.618988288063793
LC_k1_0.2_k2_0.092	280	0.794143693523788	0.769193849046908	0.814081812268014		0.2	0.092	0.583325958049385	0.685663082437276	0.618988288063793
LC_k1_0.2_k2_0.092	290	0.792099213119513	0.76656526728966	0.813225053723629		0.2	0.092	0.583325958049385	0.685663082437276	0.618988288063793
LC_k1_0.2_k2_0.092	300	0.783645596062179	0.761663129590329	0.801028011422349		0.2	0.092	0.583325958049385	0.685663082437276	0.618988288063793
LC_k1_0.2_k2_0.092	365	0.796071052235436	0.781973135779559	0.823777278190034		0.2	0.092	0.583325958049385	0.685663082437276	0.618988288063793
LC_k1_0.2_k2_0.106	10	0.587878787878788	0.612121212121212	0.151515151515152	0.818181818181818	0.2	0.106	0.573325073015311	0.675268817204301	0.610640418639422
LC_k1_0.2_k2_0.106	20	0.756390977443609	0.793984962406015	0.535338345864662	0.78796992481203	0.2	0.106	0.573325073015311	0.675268817204301	0.610640418639422
LC_k1_0.2_k2_0.106	30	0.873192436040045	0.914571746384872	0.701001112347052	0.863403781979978	0.2	0.106	0.573325073015311	0.675268817204301	0.610640418639422
LC_k1_0.2_k2_0.106	40	0.869418386491557	0.872232645403377	0.770919324577861	0.829643527204503	0.2	0.106	0.573325073015311	0.675268817204301	0.610640418639422
LC_k1_0.2_k2_0.106	50	0.900696278511405	0.895030012004802	0.843841536614646	0.797647058823529	0.2	0.106	0.573325073015311	0.675268817204301	0.610640418639422
LC_k1_0.2_k2_0.106	60	0.891414281744929	0.883356487913309	0.855126424006669	0.834843011947763	0.2	0.106	0.573325073015311	0.675268817204301	0.610640418639422
LC_k1_0.2_k2_0.106	70	0.880290438281865	0.883614731869478	0.870352550083107	0.857335316245298	0.2	0.106	0.573325073015311	0.675268817204301	0.610640418639422
LC_k1_0.2_k2_0.106	80	0.887248007501172	0.893530239099859	0.881551804969526	0.880239099859353	0.2	0.106	0.573325073015311	0.675268817204301	0.610640418639422
LC_k1_0.2_k2_0.106	90	0.892167757336297	0.895345104333868	0.897024323990616	0.903000370416101	0.2	0.106	0.573325073015311	0.675268817204301	0.610640418639422
LC_k1_0.2_k2_0.106	100	0.890681068106811	0.896621662166217	0.901662166216622	0.910579057905791	0.2	0.106	0.573325073015311	0.675268817204301	0.610640418639422
LC_k1_0.2_k2_0.106	110	0.878412190338796	0.892000090165228	0.902278926132137	0.925117778328787	0.2	0.106	0.573325073015311	0.675268817204301	0.610640418639422
LC_k1_0.2_k2_0.106	120	0.885735120494479	0.897604000277797	0.908028335301062	0.931939718035975	0.2	0.106	0.573325073015311	0.675268817204301	0.610640418639422
LC_k1_0.2_k2_0.106	130	0.898805118190881	0.906736402245012	0.919163173059853	0.935730380040694	0.2	0.106	0.573325073015311	0.675268817204301	0.610640418639422
LC_k1_0.2_k2_0.106	140	0.911149985786447	0.915387811331482	0.929408934858193	0.930296735256172	0.2	0.106	0.573325073015311	0.675268817204301	0.610640418639422
LC_k1_0.2_k2_0.106	150	0.898420374238855	0.900073781056936	0.919171518734166	0.918858615938486	0.2	0.106	0.573325073015311	0.675268817204301	0.610640418639422
LC_k1_0.2_k2_0.106	160	0.899958982772765	0.897641509433962	0.91658853861479	0.908625336927224	0.2	0.106	0.573325073015311	0.675268817204301	0.610640418639422
LC_k1_0.2_k2_0.106	170	0.894998198594293	0.893320143379682	0.914086992629503	0.894272751143435	0.2	0.106	0.573325073015311	0.675268817204301	0.610640418639422
LC_k1_0.2_k2_0.106	180	0.883123964731422	0.874329454612797	0.902745969525808	0.88719404919905	0.2	0.106	0.573325073015311	0.675268817204301	0.610640418639422
LC_k1_0.2_k2_0.106	190	0.876257834813911	0.866591434957376	0.890506370638639	0.886765780069721	0.2	0.106	0.573325073015311	0.675268817204301	0.610640418639422
LC_k1_0.2_k2_0.106	200	0.866571664291607	0.853123828095703	0.883202580064502	0.888794719867997	0.2	0.106	0.573325073015311	0.675268817204301	0.610640418639422
LC_k1_0.2_k2_0.106	210	0.847451027396151	0.834913004182149	0.866838574246905	0.888546873430884	0.2	0.106	0.573325073015311	0.675268817204301	0.610640418639422
LC_k1_0.2_k2_0.106	220	0.836478589903248	0.821281055769372	0.855667942049892	0.887336515217257	0.2	0.106	0.573325073015311	0.675268817204301	0.610640418639422
LC_k1_0.2_k2_0.106	230	0.821047985619848	0.807840536148871	0.843346097608486	0.894390705174833	0.2	0.106	0.573325073015311	0.675268817204301	0.610640418639422
LC_k1_0.2_k2_0.106	240	0.817253771766871	0.798438340943419	0.838666469903991	0.905435858261428	0.2	0.106	0.573325073015311	0.675268817204301	0.610640418639422
LC_k1_0.2_k2_0.106	250	0.799100273604378	0.779269428310853	0.822595305524889		0.2	0.106	0.573325073015311	0.675268817204301	0.610640418639422
LC_k1_0.2_k2_0.106	260	0.790861266723336	0.769387121111259	0.816246940384871		0.2	0.106	0.573325073015311	0.675268817204301	0.610640418639422
LC_k1_0.2_k2_0.106	270	0.78123156696251	0.755791193599668	0.806610973172929		0.2	0.106	0.573325073015311	0.675268817204301	0.610640418639422
LC_k1_0.2_k2_0.106	280	0.791378169911059	0.766659013507825	0.80926633539422		0.2	0.106	0.573325073015311	0.675268817204301	0.610640418639422
LC_k1_0.2_k2_0.106	290	0.792416573078281	0.766682862685234	0.80896209762632		0.2	0.106	0.573325073015311	0.675268817204301	0.610640418639422
LC_k1_0.2_k2_0.106	300	0.786261180679785	0.76222313581262	0.802638251536128		0.2	0.106	0.573325073015311	0.675268817204301	0.610640418639422
LC_k1_0.2_k2_0.106	365	0.79913578449397	0.784591693956167	0.826800798572638		0.2	0.106	0.573325073015311	0.675268817204301	0.610640418639422
LC_k1_0.2_k2_0.119	10	0.575757575757576	0.648484848484848	0.115151515151515	0.806060606060606	0.2	0.119	0.562439153907425	0.665591397849462	0.600299028158485
LC_k1_0.2_k2_0.119	20	0.754887218045113	0.798496240601504	0.530827067669173	0.783458646616541	0.2	0.119	0.562439153907425	0.665591397849462	0.600299028158485
LC_k1_0.2_k2_0.119	30	0.869187986651835	0.906117908787542	0.691212458286986	0.855839822024472	0.2	0.119	0.562439153907425	0.665591397849462	0.600299028158485
LC_k1_0.2_k2_0.119	40	0.903939962476548	0.9140712945591	0.789493433395873	0.817260787992496	0.2	0.119	0.562439153907425	0.665591397849462	0.600299028158485
LC_k1_0.2_k2_0.119	50	0.895030012004802	0.885138055222089	0.835870348139256	0.798607442977191	0.2	0.119	0.562439153907425	0.665591397849462	0.600299028158485
LC_k1_0.2_k2_0.119	60	0.890358432898028	0.8780772436788	0.851347596554599	0.833564879133093	0.2	0.119	0.562439153907425	0.665591397849462	0.600299028158485
LC_k1_0.2_k2_0.119	70	0.880675356486746	0.881130259819788	0.867378182136296	0.856530487271455	0.2	0.119	0.562439153907425	0.665591397849462	0.600299028158485
LC_k1_0.2_k2_0.119	80	0.888818565400844	0.893295827473043	0.880801687763713	0.877144866385373	0.2	0.119	0.562439153907425	0.665591397849462	0.600299028158485
LC_k1_0.2_k2_0.119	90	0.894275013376137	0.89602008478413	0.897419434498086	0.900349837428489	0.2	0.119	0.562439153907425	0.665591397849462	0.600299028158485
LC_k1_0.2_k2_0.119	100	0.893393339333933	0.898169816981698	0.902610261026103	0.909018901890189	0.2	0.119	0.562439153907425	0.665591397849462	0.600299028158485
LC_k1_0.2_k2_0.119	110	0.881784369857764	0.894560782634177	0.903883867186619	0.92120460744314	0.2	0.119	0.562439153907425	0.665591397849462	0.600299028158485
LC_k1_0.2_k2_0.119	120	0.886117091464685	0.897166469893742	0.906264323911383	0.932398083200222	0.2	0.119	0.562439153907425	0.665591397849462	0.600299028158485
LC_k1_0.2_k2_0.119	130	0.903191358614756	0.91045077769736	0.921653989539663	0.937740512638435	0.2	0.119	0.562439153907425	0.665591397849462	0.600299028158485
LC_k1_0.2_k2_0.119	140	0.906689116791673	0.91087008812403	0.926710546456452	0.933065098073517	0.2	0.119	0.562439153907425	0.665591397849462	0.600299028158485
LC_k1_0.2_k2_0.119	150	0.90535757144762	0.90694697542113	0.923815280679141	0.920913818391929	0.2	0.119	0.562439153907425	0.665591397849462	0.600299028158485
LC_k1_0.2_k2_0.119	160	0.904957224891597	0.90328430798078	0.92416793624751	0.909354857611625	0.2	0.119	0.562439153907425	0.665591397849462	0.600299028158485
LC_k1_0.2_k2_0.119	170	0.900420735095658	0.896197507343018	0.91689840682458	0.905034776289837	0.2	0.119	0.562439153907425	0.665591397849462	0.600299028158485
LC_k1_0.2_k2_0.119	180	0.895025566632715	0.885681656841261	0.91261870222332	0.887687891601593	0.2	0.119	0.562439153907425	0.665591397849462	0.600299028158485
LC_k1_0.2_k2_0.119	190	0.884351367073881	0.872198821661484	0.89956041937304	0.889584344806169	0.2	0.119	0.562439153907425	0.665591397849462	0.600299028158485
LC_k1_0.2_k2_0.119	200	0.866225155628891	0.854356858921473	0.886067651691293	0.890801770044251	0.2	0.119	0.562439153907425	0.665591397849462	0.600299028158485
LC_k1_0.2_k2_0.119	210	0.85599155147671	0.842888565662325	0.875963497714558	0.893384041750218	0.2	0.119	0.562439153907425	0.665591397849462	0.600299028158485
LC_k1_0.2_k2_0.119	220	0.842187949037264	0.827531372736852	0.862410756044922	0.88785267915002	0.2	0.119	0.562439153907425	0.665591397849462	0.600299028158485
LC_k1_0.2_k2_0.119	230	0.833044267295264	0.814567054362004	0.851728601757081	0.896096992052944	0.2	0.119	0.562439153907425	0.665591397849462	0.600299028158485
LC_k1_0.2_k2_0.119	240	0.833101269119256	0.81236827028247	0.851032135974583	0.906416778069064	0.2	0.119	0.562439153907425	0.665591397849462	0.600299028158485
LC_k1_0.2_k2_0.119	250	0.809295636730188	0.786713003408055	0.832147842365478		0.2	0.119	0.562439153907425	0.665591397849462	0.600299028158485
LC_k1_0.2_k2_0.119	260	0.801602436085195	0.779068648034165	0.827077551215482		0.2	0.119	0.562439153907425	0.665591397849462	0.600299028158485
LC_k1_0.2_k2_0.119	270	0.799099210322958	0.773241211966023	0.823032475677917		0.2	0.119	0.562439153907425	0.665591397849462	0.600299028158485
LC_k1_0.2_k2_0.119	280	0.796044956841651	0.770990701412008	0.815596044410188		0.2	0.119	0.562439153907425	0.665591397849462	0.600299028158485
LC_k1_0.2_k2_0.119	290	0.787236963332624	0.765948260486102	0.806138332039702		0.2	0.119	0.562439153907425	0.665591397849462	0.600299028158485
LC_k1_0.2_k2_0.119	300	0.793782597584418	0.772415249058323	0.812020133557039		0.2	0.119	0.562439153907425	0.665591397849462	0.600299028158485
LC_k1_0.2_k2_0.119	365	0.805195164144187	0.792357047847728	0.833242436880434		0.2	0.119	0.562439153907425	0.665591397849462	0.600299028158485
LC_k1_0.2_k2_0.132	10	0.733333333333333	0.878787878787879	0.163636363636364	0.806060606060606	0.2	0.132	0.554119833613594	0.655913978494624	0.592200348866185
LC_k1_0.2_k2_0.132	20	0.759398496240602	0.795488721804511	0.520300751879699	0.885714285714286	0.2	0.132	0.554119833613594	0.655913978494624	0.592200348866185
LC_k1_0.2_k2_0.132	30	0.876307007786429	0.896329254727475	0.686763070077864	0.823804226918799	0.2	0.132	0.554119833613594	0.655913978494624	0.592200348866185
LC_k1_0.2_k2_0.132	40	0.880675422138837	0.882739212007505	0.760225140712946	0.776360225140713	0.2	0.132	0.554119833613594	0.655913978494624	0.592200348866185
LC_k1_0.2_k2_0.132	50	0.854789915966387	0.843361344537815	0.809075630252101	0.793517406962785	0.2	0.132	0.554119833613594	0.655913978494624	0.592200348866185
LC_k1_0.2_k2_0.132	60	0.861072520144485	0.842456237843846	0.819227563212004	0.836621283689914	0.2	0.132	0.554119833613594	0.655913978494624	0.592200348866185
LC_k1_0.2_k2_0.132	70	0.872732044440556	0.87119237162103	0.864823724958446	0.854325955734406	0.2	0.132	0.554119833613594	0.655913978494624	0.592200348866185
LC_k1_0.2_k2_0.132	80	0.877988748241913	0.881669010782935	0.880590717299578	0.884247538677919	0.2	0.132	0.554119833613594	0.655913978494624	0.592200348866185
LC_k1_0.2_k2_0.132	90	0.873630489360826	0.886339877351113	0.894077458122402	0.890060501296456	0.2	0.132	0.554119833613594	0.655913978494624	0.592200348866185
LC_k1_0.2_k2_0.132	100	0.890969096909691	0.902790279027903	0.905742574257426	0.89998199819982	0.2	0.132	0.554119833613594	0.655913978494624	0.592200348866185
LC_k1_0.2_k2_0.132	110	0.89737393774091	0.908356062484503	0.914820909316322	0.914352050131867	0.2	0.132	0.554119833613594	0.655913978494624	0.592200348866185
LC_k1_0.2_k2_0.132	120	0.908840891728592	0.915674699631919	0.924883672477255	0.925022571011876	0.2	0.132	0.554119833613594	0.655913978494624	0.592200348866185
LC_k1_0.2_k2_0.132	130	0.90449685233992	0.909063349219572	0.920599762389217	0.923675046771088	0.2	0.132	0.554119833613594	0.655913978494624	0.592200348866185
LC_k1_0.2_k2_0.132	140	0.904152544226018	0.907646891605257	0.920942030570073	0.92390282303033	0.2	0.132	0.554119833613594	0.655913978494624	0.592200348866185
LC_k1_0.2_k2_0.132	150	0.91163696164274	0.911903640161785	0.928661718298591	0.926574514422864	0.2	0.132	0.554119833613594	0.655913978494624	0.592200348866185
LC_k1_0.2_k2_0.132	160	0.9084495488105	0.906363529825384	0.927162193835697	0.920461736786593	0.2	0.132	0.554119833613594	0.655913978494624	0.592200348866185
LC_k1_0.2_k2_0.132	170	0.897137902186723	0.894470600448214	0.915633148307595	0.909602408387834	0.2	0.132	0.554119833613594	0.655913978494624	0.592200348866185
LC_k1_0.2_k2_0.132	180	0.886564400135807	0.881080691790899	0.90948280296717	0.903081370824202	0.2	0.132	0.554119833613594	0.655913978494624	0.592200348866185
LC_k1_0.2_k2_0.132	190	0.89202500142153	0.8814908125462	0.913917428825117	0.896514409934085	0.2	0.132	0.554119833613594	0.655913978494624	0.592200348866185
LC_k1_0.2_k2_0.132	200	0.882080552013801	0.871073276831921	0.902596564914123	0.898909472736819	0.2	0.132	0.554119833613594	0.655913978494624	0.592200348866185
LC_k1_0.2_k2_0.132	210	0.872587975755848	0.861385907681742	0.888978370095856	0.899601221925991	0.2	0.132	0.554119833613594	0.655913978494624	0.592200348866185
LC_k1_0.2_k2_0.132	220	0.870634442109059	0.855179953004288	0.881548266399193	0.896187937767309	0.2	0.132	0.554119833613594	0.655913978494624	0.592200348866185
LC_k1_0.2_k2_0.132	230	0.865112597673828	0.848203590599642	0.880349838124663	0.899822220687989	0.2	0.132	0.554119833613594	0.655913978494624	0.592200348866185
LC_k1_0.2_k2_0.132	240	0.857921144464313	0.842441709057449	0.873133214118301	0.909723259084359	0.2	0.132	0.554119833613594	0.655913978494624	0.592200348866185
LC_k1_0.2_k2_0.132	250	0.844207939327029	0.82403840061441	0.861467479479672		0.2	0.132	0.554119833613594	0.655913978494624	0.592200348866185
LC_k1_0.2_k2_0.132	260	0.841503572538055	0.81663474766923	0.859171335033404		0.2	0.132	0.554119833613594	0.655913978494624	0.592200348866185
LC_k1_0.2_k2_0.132	270	0.824028069276975	0.796137426058275	0.839742352813863		0.2	0.132	0.554119833613594	0.655913978494624	0.592200348866185
LC_k1_0.2_k2_0.132	280	0.815912010539493	0.786601505485675	0.835721665546026		0.2	0.132	0.554119833613594	0.655913978494624	0.592200348866185
LC_k1_0.2_k2_0.132	290	0.805865746896822	0.780091197935438	0.82431051088803		0.2	0.132	0.554119833613594	0.655913978494624	0.592200348866185
LC_k1_0.2_k2_0.132	300	0.791951021678019	0.767608084534273	0.808297869976333		0.2	0.132	0.554119833613594	0.655913978494624	0.592200348866185
LC_k1_0.2_k2_0.132	365	0.823596143358101	0.811884814040664	0.846041315522564		0.2	0.132	0.554119833613594	0.655913978494624	0.592200348866185
LC_k1_0.2_k2_0.146	10	0.733333333333333	0.854545454545454	0.0909090909090909	0.806060606060606	0.2	0.146	0.54482697583857	0.643906810035842	0.58397707450785
LC_k1_0.2_k2_0.146	20	0.78796992481203	0.839097744360902	0.493233082706767	0.816541353383459	0.2	0.146	0.54482697583857	0.643906810035842	0.58397707450785
LC_k1_0.2_k2_0.146	30	0.856729699666296	0.877641824249166	0.660511679644049	0.876751946607342	0.2	0.146	0.54482697583857	0.643906810035842	0.58397707450785
LC_k1_0.2_k2_0.146	40	0.872983114446529	0.885178236397749	0.759099437148218	0.80281425891182	0.2	0.146	0.54482697583857	0.643906810035842	0.58397707450785
LC_k1_0.2_k2_0.146	50	0.85046818727491	0.838271308523409	0.799567827130852	0.78218487394958	0.2	0.146	0.54482697583857	0.643906810035842	0.58397707450785
LC_k1_0.2_k2_0.146	60	0.863851069741595	0.846012781328147	0.825284801333704	0.827674353987219	0.2	0.146	0.54482697583857	0.643906810035842	0.58397707450785
LC_k1_0.2_k2_0.146	70	0.879695564692503	0.883054850844196	0.873081970081358	0.847642375995101	0.2	0.146	0.54482697583857	0.643906810035842	0.58397707450785
LC_k1_0.2_k2_0.146	80	0.861040787623066	0.866947960618847	0.874894514767932	0.877473042662916	0.2	0.146	0.54482697583857	0.643906810035842	0.58397707450785
LC_k1_0.2_k2_0.146	90	0.875737745400667	0.888595299831255	0.898802321274232	0.889879408980533	0.2	0.146	0.54482697583857	0.643906810035842	0.58397707450785
LC_k1_0.2_k2_0.146	100	0.889168916891689	0.903954395439544	0.912559255925593	0.900606060606061	0.2	0.146	0.54482697583857	0.643906810035842	0.58397707450785
LC_k1_0.2_k2_0.146	110	0.902783851407704	0.912368415120709	0.92286364763429	0.911944638550143	0.2	0.146	0.54482697583857	0.643906810035842	0.58397707450785
LC_k1_0.2_k2_0.146	120	0.911091047989444	0.917598444336412	0.924362802972428	0.926501840405584	0.2	0.146	0.54482697583857	0.643906810035842	0.58397707450785
LC_k1_0.2_k2_0.146	130	0.907129689057614	0.912193256769859	0.922107361837523	0.922402326946975	0.2	0.146	0.54482697583857	0.643906810035842	0.58397707450785
LC_k1_0.2_k2_0.146	140	0.91217336161466	0.914307581290591	0.930458551092257	0.923093743849905	0.2	0.146	0.54482697583857	0.643906810035842	0.58397707450785
LC_k1_0.2_k2_0.146	150	0.909012845015334	0.909841326281168	0.92763411707187	0.924153073469932	0.2	0.146	0.54482697583857	0.643906810035842	0.58397707450785
LC_k1_0.2_k2_0.146	160	0.890290636352983	0.890568967537794	0.913468299542951	0.925524434548224	0.2	0.146	0.54482697583857	0.643906810035842	0.58397707450785
LC_k1_0.2_k2_0.146	170	0.890887329706096	0.887946458558509	0.913190564297971	0.909404559083054	0.2	0.146	0.54482697583857	0.643906810035842	0.58397707450785
LC_k1_0.2_k2_0.146	180	0.887842217352387	0.883294751895635	0.910297642931366	0.900813811125858	0.2	0.146	0.54482697583857	0.643906810035842	0.58397707450785
LC_k1_0.2_k2_0.146	190	0.888760295153241	0.881167141238787	0.906763418143964	0.896876571883461	0.2	0.146	0.54482697583857	0.643906810035842	0.58397707450785
LC_k1_0.2_k2_0.146	200	0.888806720168004	0.878267456686417	0.907156678916973	0.89684692117303	0.2	0.146	0.54482697583857	0.643906810035842	0.58397707450785
LC_k1_0.2_k2_0.146	210	0.879821051983686	0.867042012614475	0.897867460551422	0.895322537278137	0.2	0.146	0.54482697583857	0.643906810035842	0.58397707450785
LC_k1_0.2_k2_0.146	220	0.87500267661428	0.85792756800009	0.892147658948626	0.901252655483115	0.2	0.146	0.54482697583857	0.643906810035842	0.58397707450785
LC_k1_0.2_k2_0.146	230	0.869589381569636	0.852236542648542	0.888764889942031	0.904677741093158	0.2	0.146	0.54482697583857	0.643906810035842	0.58397707450785
LC_k1_0.2_k2_0.146	240	0.867008975850275	0.849432281810448	0.886415562770187	0.908699803816038	0.2	0.146	0.54482697583857	0.643906810035842	0.58397707450785
LC_k1_0.2_k2_0.146	250	0.860623433974944	0.83959986559785	0.879389814237028		0.2	0.146	0.54482697583857	0.643906810035842	0.58397707450785
LC_k1_0.2_k2_0.146	260	0.851264982299465	0.826801033697585	0.870148056354953		0.2	0.146	0.54482697583857	0.643906810035842	0.58397707450785
LC_k1_0.2_k2_0.146	270	0.826460048987107	0.803165719389536	0.842424297848926		0.2	0.146	0.54482697583857	0.643906810035842	0.58397707450785
LC_k1_0.2_k2_0.146	280	0.81721195423411	0.789322750107964	0.835015934970016		0.2	0.146	0.54482697583857	0.643906810035842	0.58397707450785
LC_k1_0.2_k2_0.146	290	0.798658477631658	0.769091354155263	0.819145662070688		0.2	0.146	0.54482697583857	0.643906810035842	0.58397707450785
LC_k1_0.2_k2_0.146	300	0.800347114967944	0.771115234613718	0.822790475449727		0.2	0.146	0.54482697583857	0.643906810035842	0.58397707450785
LC_k1_0.2_k2_0.146	365	0.827543846227879	0.817350446544248	0.850152878785261		0.2	0.146	0.54482697583857	0.643906810035842	0.58397707450785
LC_k1_0.2_k2_0.159	10	0.660606060606061	0.684848484848485	0.309090909090909	0.793939393939394	0.2	0.159	0.533056022656872	0.630465949820789	0.574258659357089
LC_k1_0.2_k2_0.159	20	0.702255639097744	0.780451127819549	0.469172932330827	0.744360902255639	0.2	0.159	0.533056022656872	0.630465949820789	0.574258659357089
LC_k1_0.2_k2_0.159	30	0.866518353726363	0.876307007786429	0.628476084538376	0.84293659621802	0.2	0.159	0.533056022656872	0.630465949820789	0.574258659357089
LC_k1_0.2_k2_0.159	40	0.863227016885554	0.883489681050657	0.75140712945591	0.786491557223265	0.2	0.159	0.533056022656872	0.630465949820789	0.574258659357089
LC_k1_0.2_k2_0.159	50	0.825594237695078	0.831260504201681	0.780264105642257	0.769123649459784	0.2	0.159	0.533056022656872	0.630465949820789	0.574258659357089
LC_k1_0.2_k2_0.159	60	0.834843011947763	0.828118921922756	0.795665462628508	0.817004723534315	0.2	0.159	0.533056022656872	0.630465949820789	0.574258659357089
LC_k1_0.2_k2_0.159	70	0.878715772898259	0.880185460589625	0.857020383168577	0.839139182923629	0.2	0.159	0.533056022656872	0.630465949820789	0.574258659357089
LC_k1_0.2_k2_0.159	80	0.861017346460385	0.869737458977965	0.865846225972808	0.86375996249414	0.2	0.159	0.533056022656872	0.630465949820789	0.574258659357089
LC_k1_0.2_k2_0.159	90	0.856410256410256	0.872511009589661	0.881516236572416	0.885187471704326	0.2	0.159	0.533056022656872	0.630465949820789	0.574258659357089
LC_k1_0.2_k2_0.159	100	0.874755475547555	0.88952895289529	0.893237323732373	0.890729072907291	0.2	0.159	0.533056022656872	0.630465949820789	0.574258659357089
LC_k1_0.2_k2_0.159	110	0.885129499808399	0.897815747357032	0.905146180375538	0.907481459775038	0.2	0.159	0.533056022656872	0.630465949820789	0.574258659357089
LC_k1_0.2_k2_0.159	120	0.894923258559622	0.903354399611084	0.91405653170359	0.921480658379054	0.2	0.159	0.533056022656872	0.630465949820789	0.574258659357089
LC_k1_0.2_k2_0.159	130	0.892294036515588	0.898859741359298	0.912734026137186	0.92322713679007	0.2	0.159	0.533056022656872	0.630465949820789	0.574258659357089
LC_k1_0.2_k2_0.159	140	0.899179987317137	0.900736918064333	0.916236251120684	0.912151494609783	0.2	0.159	0.533056022656872	0.630465949820789	0.574258659357089
LC_k1_0.2_k2_0.159	150	0.897737677230099	0.897342993021912	0.917208764833993	0.920010667140762	0.2	0.159	0.533056022656872	0.630465949820789	0.574258659357089
LC_k1_0.2_k2_0.159	160	0.889259346068206	0.888028829251143	0.911473104418141	0.917898160084378	0.2	0.159	0.533056022656872	0.630465949820789	0.574258659357089
LC_k1_0.2_k2_0.159	170	0.886221994247715	0.882795048882213	0.911019107113415	0.914184695989888	0.2	0.159	0.533056022656872	0.630465949820789	0.574258659357089
LC_k1_0.2_k2_0.159	180	0.880986038663745	0.874948815292653	0.905544409806887	0.897968044281202	0.2	0.159	0.533056022656872	0.630465949820789	0.574258659357089
LC_k1_0.2_k2_0.159	190	0.879471803417794	0.871451753292481	0.901526941262406	0.890572854474756	0.2	0.159	0.533056022656872	0.630465949820789	0.574258659357089
LC_k1_0.2_k2_0.159	200	0.873524338108453	0.86315157878947	0.894877371934298	0.889577739443486	0.2	0.159	0.533056022656872	0.630465949820789	0.574258659357089
LC_k1_0.2_k2_0.159	210	0.867818188297111	0.8549652891384	0.88818405341229	0.892537893635424	0.2	0.159	0.533056022656872	0.630465949820789	0.574258659357089
LC_k1_0.2_k2_0.159	220	0.85925178769659	0.844260493736723	0.877635338070471	0.893964375672675	0.2	0.159	0.533056022656872	0.630465949820789	0.574258659357089
LC_k1_0.2_k2_0.159	230	0.847145298218015	0.830650534200942	0.867575371277669	0.904526838265209	0.2	0.159	0.533056022656872	0.630465949820789	0.574258659357089
LC_k1_0.2_k2_0.159	240	0.851480928488342	0.836068334519696	0.871686140384382	0.903600756957586	0.2	0.159	0.533056022656872	0.630465949820789	0.574258659357089
LC_k1_0.2_k2_0.159	250	0.844270148322373	0.827078193251092	0.862230883694139		0.2	0.159	0.533056022656872	0.630465949820789	0.574258659357089
LC_k1_0.2_k2_0.159	260	0.833830723485896	0.81527264285885	0.854382461279013		0.2	0.159	0.533056022656872	0.630465949820789	0.574258659357089
LC_k1_0.2_k2_0.159	270	0.824949282950079	0.801992711376928	0.846012214768988		0.2	0.159	0.533056022656872	0.630465949820789	0.574258659357089
LC_k1_0.2_k2_0.159	280	0.819699230857536	0.788982731193729	0.841361496957869		0.2	0.159	0.533056022656872	0.630465949820789	0.574258659357089
LC_k1_0.2_k2_0.159	290	0.813057271171784	0.784052047033238	0.836632441814266		0.2	0.159	0.533056022656872	0.630465949820789	0.574258659357089
LC_k1_0.2_k2_0.159	300	0.803024033600373	0.777232635918177	0.824922499138879		0.2	0.159	0.533056022656872	0.630465949820789	0.574258659357089
LC_k1_0.2_k2_0.159	365	0.817944687246282	0.804202377456364	0.841762930534545		0.2	0.159	0.533056022656872	0.630465949820789	0.574258659357089
LC_k1_0.2_k2_0.172	10	0.660606060606061	0.818181818181818	0.175757575757576	0.781818181818182	0.2	0.172	0.521816089919462	0.617204301075269	0.564041863942188
LC_k1_0.2_k2_0.172	20	0.703759398496241	0.77593984962406	0.473684210526316	0.748872180451128	0.2	0.172	0.521816089919462	0.617204301075269	0.564041863942188
LC_k1_0.2_k2_0.172	30	0.869187986651835	0.871412680756396	0.628921023359288	0.841601779755284	0.2	0.172	0.521816089919462	0.617204301075269	0.564041863942188
LC_k1_0.2_k2_0.172	40	0.854596622889306	0.876547842401501	0.745028142589118	0.790431519699813	0.2	0.172	0.521816089919462	0.617204301075269	0.564041863942188
LC_k1_0.2_k2_0.172	50	0.836062424969988	0.836926770708283	0.783337334933974	0.76921968787515	0.2	0.172	0.521816089919462	0.617204301075269	0.564041863942188
LC_k1_0.2_k2_0.172	60	0.856960266740762	0.847791053070298	0.815726590719645	0.810169491525424	0.2	0.172	0.521816089919462	0.617204301075269	0.564041863942188
LC_k1_0.2_k2_0.172	70	0.897786720321932	0.89481235237512	0.873151955209518	0.834625142157292	0.2	0.172	0.521816089919462	0.617204301075269	0.564041863942188
LC_k1_0.2_k2_0.172	80	0.879817158931083	0.884505391467417	0.880801687763713	0.857641819034224	0.2	0.172	0.521816089919462	0.617204301075269	0.564041863942188
LC_k1_0.2_k2_0.172	90	0.871375066880685	0.885022842326213	0.893682347614932	0.879079721776351	0.2	0.172	0.521816089919462	0.617204301075269	0.564041863942188
LC_k1_0.2_k2_0.172	100	0.885904590459046	0.898445844584458	0.902130213021302	0.887584758475848	0.2	0.172	0.521816089919462	0.617204301075269	0.564041863942188
LC_k1_0.2_k2_0.172	110	0.894975542681965	0.905894551766111	0.913026621283502	0.905768320447219	0.2	0.172	0.521816089919462	0.617204301075269	0.564041863942188
LC_k1_0.2_k2_0.172	120	0.90502812695326	0.912500868115841	0.922251545246198	0.919765261476491	0.2	0.172	0.521816089919462	0.617204301075269	0.564041863942188
LC_k1_0.2_k2_0.172	130	0.898941676111923	0.902732524000055	0.917961463354682	0.922036351718581	0.2	0.172	0.521816089919462	0.617204301075269	0.564041863942188
LC_k1_0.2_k2_0.172	140	0.903024206774398	0.904533030110866	0.92039972884914	0.914854256412499	0.2	0.172	0.521816089919462	0.617204301075269	0.564041863942188
LC_k1_0.2_k2_0.172	150	0.901791190719588	0.901385839370639	0.919943108582604	0.92100271123161	0.2	0.172	0.521816089919462	0.617204301075269	0.564041863942188
LC_k1_0.2_k2_0.172	160	0.894849408180007	0.892745810383218	0.916582679010899	0.914690026954178	0.2	0.172	0.521816089919462	0.617204301075269	0.564041863942188
LC_k1_0.2_k2_0.172	170	0.894260538223387	0.889255683587668	0.917443103058726	0.912606786719671	0.2	0.172	0.521816089919462	0.617204301075269	0.564041863942188
LC_k1_0.2_k2_0.172	180	0.888085023200305	0.881360535819007	0.910960214821445	0.895062604812906	0.2	0.172	0.521816089919462	0.617204301075269	0.564041863942188
LC_k1_0.2_k2_0.172	190	0.881803986405805	0.872048358242902	0.90473391156775	0.889113709229444	0.2	0.172	0.521816089919462	0.617204301075269	0.564041863942188
LC_k1_0.2_k2_0.172	200	0.874502362559064	0.863187579689492	0.898766969174229	0.887294682367059	0.2	0.172	0.521816089919462	0.617204301075269	0.564041863942188
LC_k1_0.2_k2_0.172	210	0.867441114634929	0.854624497478077	0.887534864736162	0.887472667018689	0.2	0.172	0.521816089919462	0.617204301075269	0.564041863942188
LC_k1_0.2_k2_0.172	220	0.858203681894254	0.844745101795867	0.875896384034982	0.893278035421468	0.2	0.172	0.521816089919462	0.617204301075269	0.564041863942188
LC_k1_0.2_k2_0.172	230	0.854816685118565	0.837702529101808	0.872894449389608	0.899152527745655	0.2	0.172	0.521816089919462	0.617204301075269	0.564041863942188
LC_k1_0.2_k2_0.172	240	0.848360214587059	0.833530964079237	0.866877029115089	0.903297800309033	0.2	0.172	0.521816089919462	0.617204301075269	0.564041863942188
LC_k1_0.2_k2_0.172	250	0.848491143858302	0.828808524936399	0.863928958863342		0.2	0.172	0.521816089919462	0.617204301075269	0.564041863942188
LC_k1_0.2_k2_0.172	260	0.839257977189012	0.820575634368738	0.855128717197683		0.2	0.172	0.521816089919462	0.617204301075269	0.564041863942188
LC_k1_0.2_k2_0.172	270	0.830394869004452	0.807421226628623	0.850726194994292		0.2	0.172	0.521816089919462	0.617204301075269	0.564041863942188
LC_k1_0.2_k2_0.172	280	0.817404923167752	0.787981260693923	0.837271976865594		0.2	0.172	0.521816089919462	0.617204301075269	0.564041863942188
LC_k1_0.2_k2_0.172	290	0.800523274908759	0.771857060090509	0.824866997885497		0.2	0.172	0.521816089919462	0.617204301075269	0.564041863942188
LC_k1_0.2_k2_0.172	300	0.800129779219769	0.774420160224003	0.821965577395304		0.2	0.172	0.521816089919462	0.617204301075269	0.564041863942188
LC_k1_0.2_k2_0.172	365	0.819343176473201	0.806525295948157	0.842505978189787		0.2	0.172	0.521816089919462	0.617204301075269	0.564041863942188
LC_k1_0.2_k2_0.186	10	0.672727272727273	0.781818181818182	0.151515151515152	0.793939393939394	0.2	0.186	0.51119568103372	0.605555555555556	0.553700473461251
LC_k1_0.2_k2_0.186	20	0.709774436090226	0.756390977443609	0.475187969924812	0.736842105263158	0.2	0.186	0.51119568103372	0.605555555555556	0.553700473461251
LC_k1_0.2_k2_0.186	30	0.871412680756396	0.866518353726363	0.631590656284761	0.838042269187987	0.2	0.186	0.51119568103372	0.605555555555556	0.553700473461251
LC_k1_0.2_k2_0.186	40	0.855347091932458	0.869981238273921	0.74577861163227	0.797560975609756	0.2	0.186	0.51119568103372	0.605555555555556	0.553700473461251
LC_k1_0.2_k2_0.186	50	0.863241296518608	0.863241296518608	0.799279711884754	0.779591836734694	0.2	0.186	0.51119568103372	0.605555555555556	0.553700473461251
LC_k1_0.2_k2_0.186	60	0.848068908030009	0.833676021116977	0.808780216726869	0.815448735759934	0.2	0.186	0.51119568103372	0.605555555555556	0.553700473461251
LC_k1_0.2_k2_0.186	70	0.891663021607908	0.885294374945324	0.868113025981979	0.837704487796343	0.2	0.186	0.51119568103372	0.605555555555556	0.553700473461251
LC_k1_0.2_k2_0.186	80	0.858673230192218	0.866127519924988	0.87177684013127	0.857899671823722	0.2	0.186	0.51119568103372	0.605555555555556	0.553700473461251
LC_k1_0.2_k2_0.186	90	0.871506770383175	0.883129604477919	0.893583569988065	0.878421204263901	0.2	0.186	0.51119568103372	0.605555555555556	0.553700473461251
LC_k1_0.2_k2_0.186	100	0.881440144014402	0.894953495349535	0.899081908190819	0.887356735673567	0.2	0.186	0.51119568103372	0.605555555555556	0.553700473461251
LC_k1_0.2_k2_0.186	110	0.894443567838063	0.904190428961071	0.912305299461263	0.903992065459955	0.2	0.186	0.51119568103372	0.605555555555556	0.553700473461251
LC_k1_0.2_k2_0.186	120	0.904340579206889	0.910959094381554	0.920591707757483	0.917528995069102	0.2	0.186	0.51119568103372	0.605555555555556	0.553700473461251
LC_k1_0.2_k2_0.186	130	0.897237433257316	0.901629135998034	0.916639582678993	0.921752311242814	0.2	0.186	0.51119568103372	0.605555555555556	0.553700473461251
LC_k1_0.2_k2_0.186	140	0.898554590977674	0.898878222649844	0.915860138636811	0.91755264481424	0.2	0.186	0.51119568103372	0.605555555555556	0.553700473461251
LC_k1_0.2_k2_0.186	150	0.897243433041469	0.896080714698431	0.917710120449798	0.919111071603182	0.2	0.186	0.51119568103372	0.605555555555556	0.553700473461251
LC_k1_0.2_k2_0.186	160	0.894960740653932	0.892241884448611	0.916453767725302	0.919289816008438	0.2	0.186	0.51119568103372	0.605555555555556	0.553700473461251
LC_k1_0.2_k2_0.186	170	0.888889295986224	0.884666068233585	0.912912109720874	0.914897930520698	0.2	0.186	0.51119568103372	0.605555555555556	0.553700473461251
LC_k1_0.2_k2_0.186	180	0.884626068705824	0.8798316820478	0.910085702233608	0.89104396226221	0.2	0.186	0.51119568103372	0.605555555555556	0.553700473461251
LC_k1_0.2_k2_0.186	190	0.884326873028995	0.87544778175806	0.908191071045852	0.890200195077572	0.2	0.186	0.51119568103372	0.605555555555556	0.553700473461251
LC_k1_0.2_k2_0.186	200	0.881612540313508	0.869465236630916	0.90364809120228	0.888502212555314	0.2	0.186	0.51119568103372	0.605555555555556	0.553700473461251
LC_k1_0.2_k2_0.186	210	0.868780957132167	0.857790102140314	0.8886868182952	0.891678787662823	0.2	0.186	0.51119568103372	0.605555555555556	0.553700473461251
LC_k1_0.2_k2_0.186	220	0.866426240962905	0.851934206003505	0.883252283574604	0.894226965621003	0.2	0.186	0.51119568103372	0.605555555555556	0.553700473461251
LC_k1_0.2_k2_0.186	230	0.862829329394737	0.845272327824065	0.879708747679129	0.895373052995988	0.2	0.186	0.51119568103372	0.605555555555556	0.553700473461251
LC_k1_0.2_k2_0.186	240	0.856454973176617	0.840756783971944	0.875569888366117	0.90453827323391	0.2	0.186	0.51119568103372	0.605555555555556	0.553700473461251
LC_k1_0.2_k2_0.186	250	0.853225171602746	0.83313473815581	0.87050928814861		0.2	0.186	0.51119568103372	0.605555555555556	0.553700473461251
LC_k1_0.2_k2_0.186	260	0.841651731306904	0.823107305865926	0.858698865595417		0.2	0.186	0.51119568103372	0.605555555555556	0.553700473461251
LC_k1_0.2_k2_0.186	270	0.839228399718941	0.812936924908282	0.859594476985662		0.2	0.186	0.51119568103372	0.605555555555556	0.553700473461251
LC_k1_0.2_k2_0.186	280	0.825225358195166	0.793796568104914	0.843924758515506		0.2	0.186	0.51119568103372	0.605555555555556	0.553700473461251
LC_k1_0.2_k2_0.186	290	0.804249917277298	0.772575917299439	0.829262802337639		0.2	0.186	0.51119568103372	0.605555555555556	0.553700473461251
LC_k1_0.2_k2_0.186	300	0.802380470894121	0.775522394693274	0.824634940388227		0.2	0.186	0.51119568103372	0.605555555555556	0.553700473461251
LC_k1_0.2_k2_0.186	365	0.821709034284826	0.809817063690857	0.845711620515124		0.2	0.186	0.51119568103372	0.605555555555556	0.553700473461251
LC_k1_0.2_k2_0.199	10	0.6	0.757575757575757	0.2	0.76969696969697	0.2	0.199	0.501548809629171	0.593548387096774	0.543857463244456
LC_k1_0.2_k2_0.199	20	0.67218045112782	0.738345864661654	0.461654135338346	0.730827067669173	0.2	0.199	0.501548809629171	0.593548387096774	0.543857463244456
LC_k1_0.2_k2_0.199	30	0.867408231368187	0.868743047830923	0.638709677419355	0.840711902113459	0.2	0.199	0.501548809629171	0.593548387096774	0.543857463244456
LC_k1_0.2_k2_0.199	40	0.850656660412758	0.871857410881801	0.74296435272045	0.796998123827392	0.2	0.199	0.501548809629171	0.593548387096774	0.543857463244456
LC_k1_0.2_k2_0.199	50	0.860264105642257	0.865738295318127	0.797743097238896	0.776422569027611	0.2	0.199	0.501548809629171	0.593548387096774	0.543857463244456
LC_k1_0.2_k2_0.199	60	0.846290636287858	0.835954431786608	0.808335648791331	0.813670464017783	0.2	0.199	0.501548809629171	0.593548387096774	0.543857463244456
LC_k1_0.2_k2_0.199	70	0.871577289825912	0.874586650336804	0.865138658035168	0.826751815239262	0.2	0.199	0.501548809629171	0.593548387096774	0.543857463244456
LC_k1_0.2_k2_0.199	80	0.863455227379278	0.872315986872949	0.876582278481013	0.858954524144398	0.2	0.199	0.501548809629171	0.593548387096774	0.543857463244456
LC_k1_0.2_k2_0.199	90	0.875359097831008	0.887722764127259	0.897567600938388	0.881499773634605	0.2	0.199	0.501548809629171	0.593548387096774	0.543857463244456
LC_k1_0.2_k2_0.199	100	0.886588658865887	0.900378037803781	0.904206420642064	0.890441044104411	0.2	0.199	0.501548809629171	0.593548387096774	0.543857463244456
LC_k1_0.2_k2_0.199	110	0.899700200617632	0.909663458287311	0.918364402768072	0.905957667425557	0.2	0.199	0.501548809629171	0.593548387096774	0.543857463244456
LC_k1_0.2_k2_0.199	120	0.908715883047434	0.916070560455587	0.924911452184179	0.920536148343635	0.2	0.199	0.501548809629171	0.593548387096774	0.543857463244456
LC_k1_0.2_k2_0.199	130	0.901055592729656	0.905152330360923	0.919977058269265	0.918988378920919	0.2	0.199	0.501548809629171	0.593548387096774	0.543857463244456
LC_k1_0.2_k2_0.199	140	0.902018324550087	0.903894513568477	0.9209726443769	0.923640418971813	0.2	0.199	0.501548809629171	0.593548387096774	0.543857463244456
LC_k1_0.2_k2_0.199	150	0.906623405484688	0.906317614116183	0.927637672785457	0.922666785190453	0.2	0.199	0.501548809629171	0.593548387096774	0.543857463244456
LC_k1_0.2_k2_0.199	160	0.897925700222665	0.89770010547287	0.920833821633657	0.924100550802765	0.2	0.199	0.501548809629171	0.593548387096774	0.543857463244456
LC_k1_0.2_k2_0.199	170	0.891588351316858	0.888845329474051	0.914863734344563	0.91124626742631	0.2	0.199	0.501548809629171	0.593548387096774	0.543857463244456
LC_k1_0.2_k2_0.199	180	0.896149058098501	0.889784664135724	0.918981038509419	0.901457863925841	0.2	0.199	0.501548809629171	0.593548387096774	0.543857463244456
LC_k1_0.2_k2_0.199	190	0.895601131974789	0.887409623535278	0.917477813206664	0.894549637619354	0.2	0.199	0.501548809629171	0.593548387096774	0.543857463244456
LC_k1_0.2_k2_0.199	200	0.890918772969324	0.879681992049801	0.911401785044626	0.891754293857347	0.2	0.199	0.501548809629171	0.593548387096774	0.543857463244456
LC_k1_0.2_k2_0.199	210	0.880332887367061	0.867810413582427	0.89726751173496	0.897574612964985	0.2	0.199	0.501548809629171	0.593548387096774	0.543857463244456
LC_k1_0.2_k2_0.199	220	0.88044944579997	0.867544220485397	0.895530899398748	0.90359117111736	0.2	0.199	0.501548809629171	0.593548387096774	0.543857463244456
LC_k1_0.2_k2_0.199	230	0.877486629565612	0.861955473802825	0.892869841379429	0.90080949997411	0.2	0.199	0.501548809629171	0.593548387096774	0.543857463244456
LC_k1_0.2_k2_0.199	240	0.870548967864025	0.85690984218476	0.888934703727495	0.910405562596573	0.2	0.199	0.501548809629171	0.593548387096774	0.543857463244456
LC_k1_0.2_k2_0.199	250	0.866988719819517	0.848440455047281	0.883446455143282		0.2	0.199	0.501548809629171	0.593548387096774	0.543857463244456
LC_k1_0.2_k2_0.199	260	0.851985293364604	0.834729917488538	0.868946399980883		0.2	0.199	0.501548809629171	0.593548387096774	0.543857463244456
LC_k1_0.2_k2_0.199	270	0.831356320998154	0.810232422026822	0.853500200429514		0.2	0.199	0.501548809629171	0.593548387096774	0.543857463244456
LC_k1_0.2_k2_0.199	280	0.826934745887794	0.801946088962505	0.847033034313484		0.2	0.199	0.501548809629171	0.593548387096774	0.543857463244456
LC_k1_0.2_k2_0.199	290	0.813718560760286	0.78370762537256	0.837266669700857		0.2	0.199	0.501548809629171	0.593548387096774	0.543857463244456
LC_k1_0.2_k2_0.199	300	0.817236191513239	0.787558972877477	0.840737341526017		0.2	0.199	0.501548809629171	0.593548387096774	0.543857463244456
LC_k1_0.2_k2_0.199	365	0.830069369211521	0.820338677715727	0.854483087090318		0.2	0.199	0.501548809629171	0.593548387096774	0.543857463244456
